ISO-10303-21;
HEADER;
/* Generated by software containing ST-Developer
 * from STEP Tools, Inc. (www.steptools.com) 
 */
/* OPTION: using custom schema-name function */

FILE_DESCRIPTION(
/* description */ (''),
/* implementation_level */ '2;1');

FILE_NAME(
/* name */ 'O_L_J7~4',
/* time_stamp */ '2026-05-24T20:53:42+08:00',
/* author */ (''),
/* organization */ (''),
/* preprocessor_version */ 'ST-DEVELOPER v16.5',
/* originating_system */ '',
/* authorisation */ '');

FILE_SCHEMA (('CONFIG_CONTROL_DESIGN'));
ENDSEC;

DATA;
#10=SHAPE_REPRESENTATION_RELATIONSHIP('','',#3675,#12);
#11=MANIFOLD_SOLID_BREP('Body1',#13);
#12=ADVANCED_BREP_SHAPE_REPRESENTATION('brep_rep_0',(#11,#3677),#3674);
#13=CLOSED_SHELL('',(#14,#15,#16,#17,#18,#19,#20,#21,#22,#23,#24,#25,#26,
#27,#28,#29,#30,#31,#32,#33,#34,#35,#36,#37,#38,#39,#40,#41,#42,#43,#44,
#45,#46,#47,#48,#49,#50,#51,#52,#53,#54,#55,#56,#57,#58,#59,#60,#61,#62,
#63,#64,#65,#66,#67,#68,#69,#70,#71,#72,#73,#74,#75,#76,#77,#78,#79,#80,
#81,#82,#83,#84,#85,#86,#87,#88,#89,#90,#91,#92,#93,#94,#95,#96,#97,#98,
#99,#100,#101,#102,#103,#104,#105,#106,#107,#108,#109,#110,#111,#112,#113,
#114,#115,#116,#117,#118,#119,#120,#121,#122,#123,#124));
#14=ADVANCED_FACE('',(#137,#125,#126,#127,#128,#129),#3570,.T.);
#15=ADVANCED_FACE('',(#138),#3571,.T.);
#16=ADVANCED_FACE('',(#139),#3478,.T.);
#17=ADVANCED_FACE('',(#140),#3572,.T.);
#18=ADVANCED_FACE('',(#141),#3479,.T.);
#19=ADVANCED_FACE('',(#142),#3480,.T.);
#20=ADVANCED_FACE('',(#143),#3573,.T.);
#21=ADVANCED_FACE('',(#144),#3481,.T.);
#22=ADVANCED_FACE('',(#145),#3574,.T.);
#23=ADVANCED_FACE('',(#146),#3575,.T.);
#24=ADVANCED_FACE('',(#147),#3576,.T.);
#25=ADVANCED_FACE('',(#148),#3577,.T.);
#26=ADVANCED_FACE('',(#149),#3578,.T.);
#27=ADVANCED_FACE('',(#150),#3579,.T.);
#28=ADVANCED_FACE('',(#151),#3580,.T.);
#29=ADVANCED_FACE('',(#152),#3482,.T.);
#30=ADVANCED_FACE('',(#153),#3483,.T.);
#31=ADVANCED_FACE('',(#154),#3484,.T.);
#32=ADVANCED_FACE('',(#155),#3485,.T.);
#33=ADVANCED_FACE('',(#156),#3486,.T.);
#34=ADVANCED_FACE('',(#157),#3487,.T.);
#35=ADVANCED_FACE('',(#158),#3488,.T.);
#36=ADVANCED_FACE('',(#159),#3489,.T.);
#37=ADVANCED_FACE('',(#160),#3490,.T.);
#38=ADVANCED_FACE('',(#161),#3491,.T.);
#39=ADVANCED_FACE('',(#162),#3492,.T.);
#40=ADVANCED_FACE('',(#163),#3493,.T.);
#41=ADVANCED_FACE('',(#164),#3494,.T.);
#42=ADVANCED_FACE('',(#165),#3495,.T.);
#43=ADVANCED_FACE('',(#166),#3496,.T.);
#44=ADVANCED_FACE('',(#167),#3497,.T.);
#45=ADVANCED_FACE('',(#168),#3498,.T.);
#46=ADVANCED_FACE('',(#169),#3499,.T.);
#47=ADVANCED_FACE('',(#170),#3500,.T.);
#48=ADVANCED_FACE('',(#171),#3501,.T.);
#49=ADVANCED_FACE('',(#172),#3502,.T.);
#50=ADVANCED_FACE('',(#173),#3503,.T.);
#51=ADVANCED_FACE('',(#174),#3504,.T.);
#52=ADVANCED_FACE('',(#175),#3505,.T.);
#53=ADVANCED_FACE('',(#176),#3506,.T.);
#54=ADVANCED_FACE('',(#177),#3507,.T.);
#55=ADVANCED_FACE('',(#178),#3508,.T.);
#56=ADVANCED_FACE('',(#179),#3509,.T.);
#57=ADVANCED_FACE('',(#180),#3510,.T.);
#58=ADVANCED_FACE('',(#181),#3511,.T.);
#59=ADVANCED_FACE('',(#182),#3512,.T.);
#60=ADVANCED_FACE('',(#183),#3513,.T.);
#61=ADVANCED_FACE('',(#184),#3514,.T.);
#62=ADVANCED_FACE('',(#185),#3515,.T.);
#63=ADVANCED_FACE('',(#186),#3516,.T.);
#64=ADVANCED_FACE('',(#187),#3517,.T.);
#65=ADVANCED_FACE('',(#188),#3518,.T.);
#66=ADVANCED_FACE('',(#189),#3519,.T.);
#67=ADVANCED_FACE('',(#190),#3520,.T.);
#68=ADVANCED_FACE('',(#191),#3521,.T.);
#69=ADVANCED_FACE('',(#192),#3522,.T.);
#70=ADVANCED_FACE('',(#193),#3523,.T.);
#71=ADVANCED_FACE('',(#194),#3524,.T.);
#72=ADVANCED_FACE('',(#195),#3525,.T.);
#73=ADVANCED_FACE('',(#196),#3526,.T.);
#74=ADVANCED_FACE('',(#197),#3527,.T.);
#75=ADVANCED_FACE('',(#198),#3528,.T.);
#76=ADVANCED_FACE('',(#199),#3529,.T.);
#77=ADVANCED_FACE('',(#200),#3530,.T.);
#78=ADVANCED_FACE('',(#201),#3531,.T.);
#79=ADVANCED_FACE('',(#202),#3532,.T.);
#80=ADVANCED_FACE('',(#203),#3533,.T.);
#81=ADVANCED_FACE('',(#204,#130,#131,#132),#3581,.T.);
#82=ADVANCED_FACE('',(#205),#3534,.T.);
#83=ADVANCED_FACE('',(#206),#3535,.T.);
#84=ADVANCED_FACE('',(#207),#3536,.T.);
#85=ADVANCED_FACE('',(#208),#3537,.T.);
#86=ADVANCED_FACE('',(#209),#3538,.T.);
#87=ADVANCED_FACE('',(#210),#3539,.T.);
#88=ADVANCED_FACE('',(#211),#3540,.T.);
#89=ADVANCED_FACE('',(#212),#3541,.T.);
#90=ADVANCED_FACE('',(#213),#3542,.T.);
#91=ADVANCED_FACE('',(#214),#3543,.T.);
#92=ADVANCED_FACE('',(#215),#3544,.T.);
#93=ADVANCED_FACE('',(#216),#3545,.T.);
#94=ADVANCED_FACE('',(#217),#3546,.T.);
#95=ADVANCED_FACE('',(#218),#3547,.T.);
#96=ADVANCED_FACE('',(#219),#3548,.T.);
#97=ADVANCED_FACE('',(#220),#3549,.T.);
#98=ADVANCED_FACE('',(#221),#3582,.T.);
#99=ADVANCED_FACE('',(#222),#3550,.T.);
#100=ADVANCED_FACE('',(#223),#3583,.T.);
#101=ADVANCED_FACE('',(#224),#3551,.T.);
#102=ADVANCED_FACE('',(#225),#3584,.T.);
#103=ADVANCED_FACE('',(#226),#3552,.T.);
#104=ADVANCED_FACE('',(#227),#3553,.T.);
#105=ADVANCED_FACE('',(#228),#3554,.T.);
#106=ADVANCED_FACE('',(#229),#3555,.T.);
#107=ADVANCED_FACE('',(#230),#3556,.T.);
#108=ADVANCED_FACE('',(#231),#3557,.T.);
#109=ADVANCED_FACE('',(#232),#3558,.T.);
#110=ADVANCED_FACE('',(#233),#3559,.T.);
#111=ADVANCED_FACE('',(#234),#3560,.T.);
#112=ADVANCED_FACE('',(#235),#3561,.T.);
#113=ADVANCED_FACE('',(#236),#3562,.T.);
#114=ADVANCED_FACE('',(#237,#133),#3585,.T.);
#115=ADVANCED_FACE('',(#238),#3563,.T.);
#116=ADVANCED_FACE('',(#239,#134),#3586,.T.);
#117=ADVANCED_FACE('',(#240),#3564,.T.);
#118=ADVANCED_FACE('',(#241,#135),#3587,.T.);
#119=ADVANCED_FACE('',(#242),#3565,.T.);
#120=ADVANCED_FACE('',(#243,#136),#3588,.T.);
#121=ADVANCED_FACE('',(#244),#3566,.T.);
#122=ADVANCED_FACE('',(#245),#3567,.T.);
#123=ADVANCED_FACE('',(#246),#3568,.T.);
#124=ADVANCED_FACE('',(#247),#3569,.T.);
#125=FACE_BOUND('',#249,.T.);
#126=FACE_BOUND('',#250,.T.);
#127=FACE_BOUND('',#251,.T.);
#128=FACE_BOUND('',#252,.T.);
#129=FACE_BOUND('',#253,.T.);
#130=FACE_BOUND('',#321,.T.);
#131=FACE_BOUND('',#322,.T.);
#132=FACE_BOUND('',#323,.T.);
#133=FACE_BOUND('',#357,.T.);
#134=FACE_BOUND('',#360,.T.);
#135=FACE_BOUND('',#363,.T.);
#136=FACE_BOUND('',#366,.T.);
#137=FACE_OUTER_BOUND('',#248,.T.);
#138=FACE_OUTER_BOUND('',#254,.T.);
#139=FACE_OUTER_BOUND('',#255,.T.);
#140=FACE_OUTER_BOUND('',#256,.T.);
#141=FACE_OUTER_BOUND('',#257,.T.);
#142=FACE_OUTER_BOUND('',#258,.T.);
#143=FACE_OUTER_BOUND('',#259,.T.);
#144=FACE_OUTER_BOUND('',#260,.T.);
#145=FACE_OUTER_BOUND('',#261,.T.);
#146=FACE_OUTER_BOUND('',#262,.T.);
#147=FACE_OUTER_BOUND('',#263,.T.);
#148=FACE_OUTER_BOUND('',#264,.T.);
#149=FACE_OUTER_BOUND('',#265,.T.);
#150=FACE_OUTER_BOUND('',#266,.T.);
#151=FACE_OUTER_BOUND('',#267,.T.);
#152=FACE_OUTER_BOUND('',#268,.T.);
#153=FACE_OUTER_BOUND('',#269,.T.);
#154=FACE_OUTER_BOUND('',#270,.T.);
#155=FACE_OUTER_BOUND('',#271,.T.);
#156=FACE_OUTER_BOUND('',#272,.T.);
#157=FACE_OUTER_BOUND('',#273,.T.);
#158=FACE_OUTER_BOUND('',#274,.T.);
#159=FACE_OUTER_BOUND('',#275,.T.);
#160=FACE_OUTER_BOUND('',#276,.T.);
#161=FACE_OUTER_BOUND('',#277,.T.);
#162=FACE_OUTER_BOUND('',#278,.T.);
#163=FACE_OUTER_BOUND('',#279,.T.);
#164=FACE_OUTER_BOUND('',#280,.T.);
#165=FACE_OUTER_BOUND('',#281,.T.);
#166=FACE_OUTER_BOUND('',#282,.T.);
#167=FACE_OUTER_BOUND('',#283,.T.);
#168=FACE_OUTER_BOUND('',#284,.T.);
#169=FACE_OUTER_BOUND('',#285,.T.);
#170=FACE_OUTER_BOUND('',#286,.T.);
#171=FACE_OUTER_BOUND('',#287,.T.);
#172=FACE_OUTER_BOUND('',#288,.T.);
#173=FACE_OUTER_BOUND('',#289,.T.);
#174=FACE_OUTER_BOUND('',#290,.T.);
#175=FACE_OUTER_BOUND('',#291,.T.);
#176=FACE_OUTER_BOUND('',#292,.T.);
#177=FACE_OUTER_BOUND('',#293,.T.);
#178=FACE_OUTER_BOUND('',#294,.T.);
#179=FACE_OUTER_BOUND('',#295,.T.);
#180=FACE_OUTER_BOUND('',#296,.T.);
#181=FACE_OUTER_BOUND('',#297,.T.);
#182=FACE_OUTER_BOUND('',#298,.T.);
#183=FACE_OUTER_BOUND('',#299,.T.);
#184=FACE_OUTER_BOUND('',#300,.T.);
#185=FACE_OUTER_BOUND('',#301,.T.);
#186=FACE_OUTER_BOUND('',#302,.T.);
#187=FACE_OUTER_BOUND('',#303,.T.);
#188=FACE_OUTER_BOUND('',#304,.T.);
#189=FACE_OUTER_BOUND('',#305,.T.);
#190=FACE_OUTER_BOUND('',#306,.T.);
#191=FACE_OUTER_BOUND('',#307,.T.);
#192=FACE_OUTER_BOUND('',#308,.T.);
#193=FACE_OUTER_BOUND('',#309,.T.);
#194=FACE_OUTER_BOUND('',#310,.T.);
#195=FACE_OUTER_BOUND('',#311,.T.);
#196=FACE_OUTER_BOUND('',#312,.T.);
#197=FACE_OUTER_BOUND('',#313,.T.);
#198=FACE_OUTER_BOUND('',#314,.T.);
#199=FACE_OUTER_BOUND('',#315,.T.);
#200=FACE_OUTER_BOUND('',#316,.T.);
#201=FACE_OUTER_BOUND('',#317,.T.);
#202=FACE_OUTER_BOUND('',#318,.T.);
#203=FACE_OUTER_BOUND('',#319,.T.);
#204=FACE_OUTER_BOUND('',#320,.T.);
#205=FACE_OUTER_BOUND('',#324,.T.);
#206=FACE_OUTER_BOUND('',#325,.T.);
#207=FACE_OUTER_BOUND('',#326,.T.);
#208=FACE_OUTER_BOUND('',#327,.T.);
#209=FACE_OUTER_BOUND('',#328,.T.);
#210=FACE_OUTER_BOUND('',#329,.T.);
#211=FACE_OUTER_BOUND('',#330,.T.);
#212=FACE_OUTER_BOUND('',#331,.T.);
#213=FACE_OUTER_BOUND('',#332,.T.);
#214=FACE_OUTER_BOUND('',#333,.T.);
#215=FACE_OUTER_BOUND('',#334,.T.);
#216=FACE_OUTER_BOUND('',#335,.T.);
#217=FACE_OUTER_BOUND('',#336,.T.);
#218=FACE_OUTER_BOUND('',#337,.T.);
#219=FACE_OUTER_BOUND('',#338,.T.);
#220=FACE_OUTER_BOUND('',#339,.T.);
#221=FACE_OUTER_BOUND('',#340,.T.);
#222=FACE_OUTER_BOUND('',#341,.T.);
#223=FACE_OUTER_BOUND('',#342,.T.);
#224=FACE_OUTER_BOUND('',#343,.T.);
#225=FACE_OUTER_BOUND('',#344,.T.);
#226=FACE_OUTER_BOUND('',#345,.T.);
#227=FACE_OUTER_BOUND('',#346,.T.);
#228=FACE_OUTER_BOUND('',#347,.T.);
#229=FACE_OUTER_BOUND('',#348,.T.);
#230=FACE_OUTER_BOUND('',#349,.T.);
#231=FACE_OUTER_BOUND('',#350,.T.);
#232=FACE_OUTER_BOUND('',#351,.T.);
#233=FACE_OUTER_BOUND('',#352,.T.);
#234=FACE_OUTER_BOUND('',#353,.T.);
#235=FACE_OUTER_BOUND('',#354,.T.);
#236=FACE_OUTER_BOUND('',#355,.T.);
#237=FACE_OUTER_BOUND('',#356,.T.);
#238=FACE_OUTER_BOUND('',#358,.T.);
#239=FACE_OUTER_BOUND('',#359,.T.);
#240=FACE_OUTER_BOUND('',#361,.T.);
#241=FACE_OUTER_BOUND('',#362,.T.);
#242=FACE_OUTER_BOUND('',#364,.T.);
#243=FACE_OUTER_BOUND('',#365,.T.);
#244=FACE_OUTER_BOUND('',#367,.T.);
#245=FACE_OUTER_BOUND('',#368,.T.);
#246=FACE_OUTER_BOUND('',#369,.T.);
#247=FACE_OUTER_BOUND('',#370,.T.);
#248=EDGE_LOOP('',(#371,#372,#373,#374,#375,#376,#377,#378,#379,#380,#381));
#249=EDGE_LOOP('',(#382,#383));
#250=EDGE_LOOP('',(#384,#385));
#251=EDGE_LOOP('',(#386,#387));
#252=EDGE_LOOP('',(#388,#389));
#253=EDGE_LOOP('',(#390,#391));
#254=EDGE_LOOP('',(#392,#393,#394,#395,#396,#397,#398,#399,#400,#401));
#255=EDGE_LOOP('',(#402,#403,#404,#405));
#256=EDGE_LOOP('',(#406,#407,#408,#409,#410,#411,#412,#413,#414));
#257=EDGE_LOOP('',(#415,#416,#417,#418,#419,#420));
#258=EDGE_LOOP('',(#421,#422,#423,#424,#425,#426));
#259=EDGE_LOOP('',(#427,#428,#429,#430,#431,#432,#433));
#260=EDGE_LOOP('',(#434,#435,#436,#437,#438,#439,#440,#441,#442,#443,#444,
#445,#446));
#261=EDGE_LOOP('',(#447,#448,#449,#450));
#262=EDGE_LOOP('',(#451,#452,#453,#454));
#263=EDGE_LOOP('',(#455,#456,#457,#458));
#264=EDGE_LOOP('',(#459,#460,#461,#462,#463,#464,#465,#466,#467,#468,#469,
#470));
#265=EDGE_LOOP('',(#471,#472,#473,#474,#475));
#266=EDGE_LOOP('',(#476,#477,#478,#479));
#267=EDGE_LOOP('',(#480,#481,#482,#483,#484,#485,#486,#487,#488,#489,#490,
#491));
#268=EDGE_LOOP('',(#492,#493,#494,#495));
#269=EDGE_LOOP('',(#496,#497,#498,#499));
#270=EDGE_LOOP('',(#500,#501,#502,#503,#504));
#271=EDGE_LOOP('',(#505,#506,#507,#508));
#272=EDGE_LOOP('',(#509,#510,#511,#512,#513,#514));
#273=EDGE_LOOP('',(#515,#516,#517,#518));
#274=EDGE_LOOP('',(#519,#520,#521,#522));
#275=EDGE_LOOP('',(#523,#524,#525,#526));
#276=EDGE_LOOP('',(#527,#528,#529,#530));
#277=EDGE_LOOP('',(#531,#532,#533,#534,#535));
#278=EDGE_LOOP('',(#536,#537,#538,#539));
#279=EDGE_LOOP('',(#540,#541,#542,#543));
#280=EDGE_LOOP('',(#544,#545,#546,#547,#548));
#281=EDGE_LOOP('',(#549,#550,#551,#552));
#282=EDGE_LOOP('',(#553,#554,#555,#556,#557,#558));
#283=EDGE_LOOP('',(#559,#560,#561,#562));
#284=EDGE_LOOP('',(#563,#564,#565));
#285=EDGE_LOOP('',(#566,#567,#568,#569));
#286=EDGE_LOOP('',(#570,#571,#572,#573));
#287=EDGE_LOOP('',(#574,#575,#576));
#288=EDGE_LOOP('',(#577,#578,#579,#580));
#289=EDGE_LOOP('',(#581,#582,#583,#584));
#290=EDGE_LOOP('',(#585,#586,#587,#588));
#291=EDGE_LOOP('',(#589,#590,#591,#592));
#292=EDGE_LOOP('',(#593,#594,#595,#596));
#293=EDGE_LOOP('',(#597,#598,#599,#600));
#294=EDGE_LOOP('',(#601,#602,#603,#604));
#295=EDGE_LOOP('',(#605,#606,#607,#608));
#296=EDGE_LOOP('',(#609,#610,#611,#612));
#297=EDGE_LOOP('',(#613,#614,#615));
#298=EDGE_LOOP('',(#616,#617,#618));
#299=EDGE_LOOP('',(#619,#620,#621,#622));
#300=EDGE_LOOP('',(#623,#624,#625));
#301=EDGE_LOOP('',(#626,#627,#628,#629));
#302=EDGE_LOOP('',(#630,#631,#632,#633));
#303=EDGE_LOOP('',(#634,#635,#636,#637));
#304=EDGE_LOOP('',(#638,#639,#640,#641));
#305=EDGE_LOOP('',(#642,#643,#644,#645));
#306=EDGE_LOOP('',(#646,#647,#648,#649));
#307=EDGE_LOOP('',(#650,#651,#652));
#308=EDGE_LOOP('',(#653,#654,#655));
#309=EDGE_LOOP('',(#656,#657,#658,#659));
#310=EDGE_LOOP('',(#660,#661,#662));
#311=EDGE_LOOP('',(#663,#664,#665));
#312=EDGE_LOOP('',(#666,#667,#668,#669));
#313=EDGE_LOOP('',(#670,#671,#672,#673));
#314=EDGE_LOOP('',(#674,#675,#676,#677));
#315=EDGE_LOOP('',(#678,#679,#680,#681));
#316=EDGE_LOOP('',(#682,#683,#684));
#317=EDGE_LOOP('',(#685,#686,#687,#688,#689));
#318=EDGE_LOOP('',(#690,#691,#692,#693));
#319=EDGE_LOOP('',(#694,#695,#696,#697));
#320=EDGE_LOOP('',(#698,#699,#700,#701,#702,#703,#704,#705,#706,#707,#708,
#709,#710,#711));
#321=EDGE_LOOP('',(#712,#713));
#322=EDGE_LOOP('',(#714,#715));
#323=EDGE_LOOP('',(#716,#717));
#324=EDGE_LOOP('',(#718,#719,#720,#721));
#325=EDGE_LOOP('',(#722,#723,#724,#725));
#326=EDGE_LOOP('',(#726,#727,#728,#729));
#327=EDGE_LOOP('',(#730,#731,#732,#733));
#328=EDGE_LOOP('',(#734,#735,#736,#737,#738,#739));
#329=EDGE_LOOP('',(#740,#741,#742,#743,#744,#745));
#330=EDGE_LOOP('',(#746,#747,#748,#749,#750));
#331=EDGE_LOOP('',(#751,#752,#753));
#332=EDGE_LOOP('',(#754,#755,#756));
#333=EDGE_LOOP('',(#757,#758,#759,#760));
#334=EDGE_LOOP('',(#761,#762,#763));
#335=EDGE_LOOP('',(#764,#765,#766));
#336=EDGE_LOOP('',(#767,#768,#769,#770));
#337=EDGE_LOOP('',(#771,#772,#773));
#338=EDGE_LOOP('',(#774,#775,#776,#777));
#339=EDGE_LOOP('',(#778,#779,#780,#781));
#340=EDGE_LOOP('',(#782,#783,#784,#785));
#341=EDGE_LOOP('',(#786,#787,#788,#789,#790,#791,#792,#793,#794,#795,#796,
#797,#798));
#342=EDGE_LOOP('',(#799,#800,#801,#802));
#343=EDGE_LOOP('',(#803,#804,#805,#806,#807));
#344=EDGE_LOOP('',(#808,#809,#810,#811));
#345=EDGE_LOOP('',(#812,#813,#814,#815,#816));
#346=EDGE_LOOP('',(#817,#818,#819,#820));
#347=EDGE_LOOP('',(#821,#822,#823,#824));
#348=EDGE_LOOP('',(#825,#826,#827,#828));
#349=EDGE_LOOP('',(#829,#830,#831,#832));
#350=EDGE_LOOP('',(#833,#834,#835,#836));
#351=EDGE_LOOP('',(#837,#838,#839,#840));
#352=EDGE_LOOP('',(#841,#842,#843,#844));
#353=EDGE_LOOP('',(#845,#846,#847,#848));
#354=EDGE_LOOP('',(#849,#850,#851,#852));
#355=EDGE_LOOP('',(#853,#854,#855,#856));
#356=EDGE_LOOP('',(#857,#858));
#357=EDGE_LOOP('',(#859,#860));
#358=EDGE_LOOP('',(#861,#862,#863,#864));
#359=EDGE_LOOP('',(#865,#866));
#360=EDGE_LOOP('',(#867,#868));
#361=EDGE_LOOP('',(#869,#870,#871,#872,#873,#874));
#362=EDGE_LOOP('',(#875,#876));
#363=EDGE_LOOP('',(#877,#878));
#364=EDGE_LOOP('',(#879,#880,#881,#882));
#365=EDGE_LOOP('',(#883,#884));
#366=EDGE_LOOP('',(#885,#886));
#367=EDGE_LOOP('',(#887,#888,#889,#890));
#368=EDGE_LOOP('',(#891,#892,#893,#894,#895,#896,#897));
#369=EDGE_LOOP('',(#898,#899,#900,#901,#902));
#370=EDGE_LOOP('',(#903,#904,#905,#906));
#371=ORIENTED_EDGE('',*,*,#2490,.T.);
#372=ORIENTED_EDGE('',*,*,#2491,.T.);
#373=ORIENTED_EDGE('',*,*,#2492,.T.);
#374=ORIENTED_EDGE('',*,*,#2493,.T.);
#375=ORIENTED_EDGE('',*,*,#2494,.T.);
#376=ORIENTED_EDGE('',*,*,#2495,.T.);
#377=ORIENTED_EDGE('',*,*,#2496,.T.);
#378=ORIENTED_EDGE('',*,*,#2497,.T.);
#379=ORIENTED_EDGE('',*,*,#2498,.T.);
#380=ORIENTED_EDGE('',*,*,#2499,.T.);
#381=ORIENTED_EDGE('',*,*,#2500,.T.);
#382=ORIENTED_EDGE('',*,*,#2501,.T.);
#383=ORIENTED_EDGE('',*,*,#2502,.T.);
#384=ORIENTED_EDGE('',*,*,#2503,.T.);
#385=ORIENTED_EDGE('',*,*,#2504,.T.);
#386=ORIENTED_EDGE('',*,*,#2505,.T.);
#387=ORIENTED_EDGE('',*,*,#2506,.T.);
#388=ORIENTED_EDGE('',*,*,#2507,.T.);
#389=ORIENTED_EDGE('',*,*,#2508,.T.);
#390=ORIENTED_EDGE('',*,*,#2509,.T.);
#391=ORIENTED_EDGE('',*,*,#2510,.T.);
#392=ORIENTED_EDGE('',*,*,#2511,.T.);
#393=ORIENTED_EDGE('',*,*,#2512,.T.);
#394=ORIENTED_EDGE('',*,*,#2513,.T.);
#395=ORIENTED_EDGE('',*,*,#2514,.T.);
#396=ORIENTED_EDGE('',*,*,#2494,.F.);
#397=ORIENTED_EDGE('',*,*,#2515,.T.);
#398=ORIENTED_EDGE('',*,*,#2516,.T.);
#399=ORIENTED_EDGE('',*,*,#2517,.T.);
#400=ORIENTED_EDGE('',*,*,#2518,.T.);
#401=ORIENTED_EDGE('',*,*,#2519,.T.);
#402=ORIENTED_EDGE('',*,*,#2520,.T.);
#403=ORIENTED_EDGE('',*,*,#2521,.T.);
#404=ORIENTED_EDGE('',*,*,#2515,.F.);
#405=ORIENTED_EDGE('',*,*,#2493,.F.);
#406=ORIENTED_EDGE('',*,*,#2522,.T.);
#407=ORIENTED_EDGE('',*,*,#2523,.T.);
#408=ORIENTED_EDGE('',*,*,#2524,.T.);
#409=ORIENTED_EDGE('',*,*,#2525,.T.);
#410=ORIENTED_EDGE('',*,*,#2526,.T.);
#411=ORIENTED_EDGE('',*,*,#2527,.T.);
#412=ORIENTED_EDGE('',*,*,#2528,.T.);
#413=ORIENTED_EDGE('',*,*,#2520,.F.);
#414=ORIENTED_EDGE('',*,*,#2492,.F.);
#415=ORIENTED_EDGE('',*,*,#2525,.F.);
#416=ORIENTED_EDGE('',*,*,#2529,.T.);
#417=ORIENTED_EDGE('',*,*,#2530,.T.);
#418=ORIENTED_EDGE('',*,*,#2519,.F.);
#419=ORIENTED_EDGE('',*,*,#2531,.T.);
#420=ORIENTED_EDGE('',*,*,#2532,.T.);
#421=ORIENTED_EDGE('',*,*,#2533,.T.);
#422=ORIENTED_EDGE('',*,*,#2534,.T.);
#423=ORIENTED_EDGE('',*,*,#2535,.T.);
#424=ORIENTED_EDGE('',*,*,#2536,.T.);
#425=ORIENTED_EDGE('',*,*,#2537,.T.);
#426=ORIENTED_EDGE('',*,*,#2538,.T.);
#427=ORIENTED_EDGE('',*,*,#2539,.T.);
#428=ORIENTED_EDGE('',*,*,#2540,.T.);
#429=ORIENTED_EDGE('',*,*,#2541,.T.);
#430=ORIENTED_EDGE('',*,*,#2542,.T.);
#431=ORIENTED_EDGE('',*,*,#2543,.T.);
#432=ORIENTED_EDGE('',*,*,#2544,.T.);
#433=ORIENTED_EDGE('',*,*,#2534,.F.);
#434=ORIENTED_EDGE('',*,*,#2545,.T.);
#435=ORIENTED_EDGE('',*,*,#2546,.T.);
#436=ORIENTED_EDGE('',*,*,#2547,.T.);
#437=ORIENTED_EDGE('',*,*,#2548,.T.);
#438=ORIENTED_EDGE('',*,*,#2549,.T.);
#439=ORIENTED_EDGE('',*,*,#2498,.F.);
#440=ORIENTED_EDGE('',*,*,#2550,.T.);
#441=ORIENTED_EDGE('',*,*,#2551,.T.);
#442=ORIENTED_EDGE('',*,*,#2552,.T.);
#443=ORIENTED_EDGE('',*,*,#2543,.F.);
#444=ORIENTED_EDGE('',*,*,#2553,.T.);
#445=ORIENTED_EDGE('',*,*,#2554,.T.);
#446=ORIENTED_EDGE('',*,*,#2555,.T.);
#447=ORIENTED_EDGE('',*,*,#2537,.F.);
#448=ORIENTED_EDGE('',*,*,#2556,.T.);
#449=ORIENTED_EDGE('',*,*,#2546,.F.);
#450=ORIENTED_EDGE('',*,*,#2557,.T.);
#451=ORIENTED_EDGE('',*,*,#2558,.T.);
#452=ORIENTED_EDGE('',*,*,#2559,.T.);
#453=ORIENTED_EDGE('',*,*,#2560,.T.);
#454=ORIENTED_EDGE('',*,*,#2561,.T.);
#455=ORIENTED_EDGE('',*,*,#2562,.T.);
#456=ORIENTED_EDGE('',*,*,#2563,.T.);
#457=ORIENTED_EDGE('',*,*,#2564,.T.);
#458=ORIENTED_EDGE('',*,*,#2565,.T.);
#459=ORIENTED_EDGE('',*,*,#2566,.T.);
#460=ORIENTED_EDGE('',*,*,#2567,.T.);
#461=ORIENTED_EDGE('',*,*,#2568,.T.);
#462=ORIENTED_EDGE('',*,*,#2569,.T.);
#463=ORIENTED_EDGE('',*,*,#2570,.T.);
#464=ORIENTED_EDGE('',*,*,#2571,.T.);
#465=ORIENTED_EDGE('',*,*,#2572,.T.);
#466=ORIENTED_EDGE('',*,*,#2573,.T.);
#467=ORIENTED_EDGE('',*,*,#2574,.T.);
#468=ORIENTED_EDGE('',*,*,#2575,.T.);
#469=ORIENTED_EDGE('',*,*,#2576,.T.);
#470=ORIENTED_EDGE('',*,*,#2577,.T.);
#471=ORIENTED_EDGE('',*,*,#2578,.T.);
#472=ORIENTED_EDGE('',*,*,#2579,.T.);
#473=ORIENTED_EDGE('',*,*,#2580,.T.);
#474=ORIENTED_EDGE('',*,*,#2581,.T.);
#475=ORIENTED_EDGE('',*,*,#2582,.T.);
#476=ORIENTED_EDGE('',*,*,#2583,.T.);
#477=ORIENTED_EDGE('',*,*,#2584,.T.);
#478=ORIENTED_EDGE('',*,*,#2585,.T.);
#479=ORIENTED_EDGE('',*,*,#2586,.T.);
#480=ORIENTED_EDGE('',*,*,#2587,.T.);
#481=ORIENTED_EDGE('',*,*,#2588,.T.);
#482=ORIENTED_EDGE('',*,*,#2589,.T.);
#483=ORIENTED_EDGE('',*,*,#2590,.T.);
#484=ORIENTED_EDGE('',*,*,#2591,.T.);
#485=ORIENTED_EDGE('',*,*,#2592,.T.);
#486=ORIENTED_EDGE('',*,*,#2593,.T.);
#487=ORIENTED_EDGE('',*,*,#2594,.T.);
#488=ORIENTED_EDGE('',*,*,#2595,.T.);
#489=ORIENTED_EDGE('',*,*,#2596,.T.);
#490=ORIENTED_EDGE('',*,*,#2597,.T.);
#491=ORIENTED_EDGE('',*,*,#2598,.T.);
#492=ORIENTED_EDGE('',*,*,#2554,.F.);
#493=ORIENTED_EDGE('',*,*,#2599,.T.);
#494=ORIENTED_EDGE('',*,*,#2582,.F.);
#495=ORIENTED_EDGE('',*,*,#2600,.T.);
#496=ORIENTED_EDGE('',*,*,#2584,.F.);
#497=ORIENTED_EDGE('',*,*,#2601,.T.);
#498=ORIENTED_EDGE('',*,*,#2541,.F.);
#499=ORIENTED_EDGE('',*,*,#2602,.T.);
#500=ORIENTED_EDGE('',*,*,#2559,.F.);
#501=ORIENTED_EDGE('',*,*,#2603,.T.);
#502=ORIENTED_EDGE('',*,*,#2604,.T.);
#503=ORIENTED_EDGE('',*,*,#2523,.F.);
#504=ORIENTED_EDGE('',*,*,#2605,.T.);
#505=ORIENTED_EDGE('',*,*,#2524,.F.);
#506=ORIENTED_EDGE('',*,*,#2606,.T.);
#507=ORIENTED_EDGE('',*,*,#2571,.F.);
#508=ORIENTED_EDGE('',*,*,#2607,.T.);
#509=ORIENTED_EDGE('',*,*,#2512,.F.);
#510=ORIENTED_EDGE('',*,*,#2608,.T.);
#511=ORIENTED_EDGE('',*,*,#2609,.T.);
#512=ORIENTED_EDGE('',*,*,#2565,.F.);
#513=ORIENTED_EDGE('',*,*,#2610,.T.);
#514=ORIENTED_EDGE('',*,*,#2611,.T.);
#515=ORIENTED_EDGE('',*,*,#2612,.T.);
#516=ORIENTED_EDGE('',*,*,#2530,.F.);
#517=ORIENTED_EDGE('',*,*,#2613,.T.);
#518=ORIENTED_EDGE('',*,*,#2569,.F.);
#519=ORIENTED_EDGE('',*,*,#2607,.F.);
#520=ORIENTED_EDGE('',*,*,#2570,.F.);
#521=ORIENTED_EDGE('',*,*,#2613,.F.);
#522=ORIENTED_EDGE('',*,*,#2529,.F.);
#523=ORIENTED_EDGE('',*,*,#2568,.F.);
#524=ORIENTED_EDGE('',*,*,#2614,.T.);
#525=ORIENTED_EDGE('',*,*,#2511,.F.);
#526=ORIENTED_EDGE('',*,*,#2612,.F.);
#527=ORIENTED_EDGE('',*,*,#2579,.F.);
#528=ORIENTED_EDGE('',*,*,#2615,.T.);
#529=ORIENTED_EDGE('',*,*,#2527,.F.);
#530=ORIENTED_EDGE('',*,*,#2616,.T.);
#531=ORIENTED_EDGE('',*,*,#2617,.T.);
#532=ORIENTED_EDGE('',*,*,#2618,.T.);
#533=ORIENTED_EDGE('',*,*,#2526,.F.);
#534=ORIENTED_EDGE('',*,*,#2619,.T.);
#535=ORIENTED_EDGE('',*,*,#2595,.F.);
#536=ORIENTED_EDGE('',*,*,#2597,.F.);
#537=ORIENTED_EDGE('',*,*,#2620,.T.);
#538=ORIENTED_EDGE('',*,*,#2531,.F.);
#539=ORIENTED_EDGE('',*,*,#2621,.T.);
#540=ORIENTED_EDGE('',*,*,#2619,.F.);
#541=ORIENTED_EDGE('',*,*,#2532,.F.);
#542=ORIENTED_EDGE('',*,*,#2620,.F.);
#543=ORIENTED_EDGE('',*,*,#2596,.F.);
#544=ORIENTED_EDGE('',*,*,#2517,.F.);
#545=ORIENTED_EDGE('',*,*,#2622,.T.);
#546=ORIENTED_EDGE('',*,*,#2586,.F.);
#547=ORIENTED_EDGE('',*,*,#2623,.T.);
#548=ORIENTED_EDGE('',*,*,#2624,.T.);
#549=ORIENTED_EDGE('',*,*,#2518,.F.);
#550=ORIENTED_EDGE('',*,*,#2625,.T.);
#551=ORIENTED_EDGE('',*,*,#2598,.F.);
#552=ORIENTED_EDGE('',*,*,#2621,.F.);
#553=ORIENTED_EDGE('',*,*,#2548,.F.);
#554=ORIENTED_EDGE('',*,*,#2626,.T.);
#555=ORIENTED_EDGE('',*,*,#2627,.T.);
#556=ORIENTED_EDGE('',*,*,#2561,.F.);
#557=ORIENTED_EDGE('',*,*,#2628,.T.);
#558=ORIENTED_EDGE('',*,*,#2629,.T.);
#559=ORIENTED_EDGE('',*,*,#2563,.F.);
#560=ORIENTED_EDGE('',*,*,#2630,.T.);
#561=ORIENTED_EDGE('',*,*,#2551,.F.);
#562=ORIENTED_EDGE('',*,*,#2631,.T.);
#563=ORIENTED_EDGE('',*,*,#2632,.T.);
#564=ORIENTED_EDGE('',*,*,#2616,.F.);
#565=ORIENTED_EDGE('',*,*,#2618,.F.);
#566=ORIENTED_EDGE('',*,*,#2617,.F.);
#567=ORIENTED_EDGE('',*,*,#2633,.T.);
#568=ORIENTED_EDGE('',*,*,#2580,.F.);
#569=ORIENTED_EDGE('',*,*,#2632,.F.);
#570=ORIENTED_EDGE('',*,*,#2634,.T.);
#571=ORIENTED_EDGE('',*,*,#2581,.F.);
#572=ORIENTED_EDGE('',*,*,#2633,.F.);
#573=ORIENTED_EDGE('',*,*,#2594,.F.);
#574=ORIENTED_EDGE('',*,*,#2635,.T.);
#575=ORIENTED_EDGE('',*,*,#2625,.F.);
#576=ORIENTED_EDGE('',*,*,#2624,.F.);
#577=ORIENTED_EDGE('',*,*,#2600,.F.);
#578=ORIENTED_EDGE('',*,*,#2634,.F.);
#579=ORIENTED_EDGE('',*,*,#2636,.T.);
#580=ORIENTED_EDGE('',*,*,#2555,.F.);
#581=ORIENTED_EDGE('',*,*,#2623,.F.);
#582=ORIENTED_EDGE('',*,*,#2637,.T.);
#583=ORIENTED_EDGE('',*,*,#2587,.F.);
#584=ORIENTED_EDGE('',*,*,#2635,.F.);
#585=ORIENTED_EDGE('',*,*,#2636,.F.);
#586=ORIENTED_EDGE('',*,*,#2593,.F.);
#587=ORIENTED_EDGE('',*,*,#2638,.T.);
#588=ORIENTED_EDGE('',*,*,#2545,.F.);
#589=ORIENTED_EDGE('',*,*,#2639,.T.);
#590=ORIENTED_EDGE('',*,*,#2588,.F.);
#591=ORIENTED_EDGE('',*,*,#2637,.F.);
#592=ORIENTED_EDGE('',*,*,#2585,.F.);
#593=ORIENTED_EDGE('',*,*,#2638,.F.);
#594=ORIENTED_EDGE('',*,*,#2592,.F.);
#595=ORIENTED_EDGE('',*,*,#2640,.T.);
#596=ORIENTED_EDGE('',*,*,#2557,.F.);
#597=ORIENTED_EDGE('',*,*,#2602,.F.);
#598=ORIENTED_EDGE('',*,*,#2540,.F.);
#599=ORIENTED_EDGE('',*,*,#2641,.T.);
#600=ORIENTED_EDGE('',*,*,#2639,.F.);
#601=ORIENTED_EDGE('',*,*,#2533,.F.);
#602=ORIENTED_EDGE('',*,*,#2642,.T.);
#603=ORIENTED_EDGE('',*,*,#2590,.F.);
#604=ORIENTED_EDGE('',*,*,#2643,.T.);
#605=ORIENTED_EDGE('',*,*,#2640,.F.);
#606=ORIENTED_EDGE('',*,*,#2591,.F.);
#607=ORIENTED_EDGE('',*,*,#2642,.F.);
#608=ORIENTED_EDGE('',*,*,#2538,.F.);
#609=ORIENTED_EDGE('',*,*,#2641,.F.);
#610=ORIENTED_EDGE('',*,*,#2539,.F.);
#611=ORIENTED_EDGE('',*,*,#2643,.F.);
#612=ORIENTED_EDGE('',*,*,#2589,.F.);
#613=ORIENTED_EDGE('',*,*,#2614,.F.);
#614=ORIENTED_EDGE('',*,*,#2644,.T.);
#615=ORIENTED_EDGE('',*,*,#2608,.F.);
#616=ORIENTED_EDGE('',*,*,#2645,.T.);
#617=ORIENTED_EDGE('',*,*,#2609,.F.);
#618=ORIENTED_EDGE('',*,*,#2644,.F.);
#619=ORIENTED_EDGE('',*,*,#2646,.T.);
#620=ORIENTED_EDGE('',*,*,#2562,.F.);
#621=ORIENTED_EDGE('',*,*,#2645,.F.);
#622=ORIENTED_EDGE('',*,*,#2567,.F.);
#623=ORIENTED_EDGE('',*,*,#2630,.F.);
#624=ORIENTED_EDGE('',*,*,#2646,.F.);
#625=ORIENTED_EDGE('',*,*,#2647,.T.);
#626=ORIENTED_EDGE('',*,*,#2647,.F.);
#627=ORIENTED_EDGE('',*,*,#2566,.F.);
#628=ORIENTED_EDGE('',*,*,#2648,.T.);
#629=ORIENTED_EDGE('',*,*,#2552,.F.);
#630=ORIENTED_EDGE('',*,*,#2648,.F.);
#631=ORIENTED_EDGE('',*,*,#2577,.F.);
#632=ORIENTED_EDGE('',*,*,#2649,.T.);
#633=ORIENTED_EDGE('',*,*,#2544,.F.);
#634=ORIENTED_EDGE('',*,*,#2536,.F.);
#635=ORIENTED_EDGE('',*,*,#2650,.T.);
#636=ORIENTED_EDGE('',*,*,#2575,.F.);
#637=ORIENTED_EDGE('',*,*,#2651,.T.);
#638=ORIENTED_EDGE('',*,*,#2649,.F.);
#639=ORIENTED_EDGE('',*,*,#2576,.F.);
#640=ORIENTED_EDGE('',*,*,#2650,.F.);
#641=ORIENTED_EDGE('',*,*,#2535,.F.);
#642=ORIENTED_EDGE('',*,*,#2651,.F.);
#643=ORIENTED_EDGE('',*,*,#2574,.F.);
#644=ORIENTED_EDGE('',*,*,#2652,.T.);
#645=ORIENTED_EDGE('',*,*,#2556,.F.);
#646=ORIENTED_EDGE('',*,*,#2653,.T.);
#647=ORIENTED_EDGE('',*,*,#2547,.F.);
#648=ORIENTED_EDGE('',*,*,#2652,.F.);
#649=ORIENTED_EDGE('',*,*,#2573,.F.);
#650=ORIENTED_EDGE('',*,*,#2653,.F.);
#651=ORIENTED_EDGE('',*,*,#2654,.T.);
#652=ORIENTED_EDGE('',*,*,#2626,.F.);
#653=ORIENTED_EDGE('',*,*,#2627,.F.);
#654=ORIENTED_EDGE('',*,*,#2654,.F.);
#655=ORIENTED_EDGE('',*,*,#2655,.T.);
#656=ORIENTED_EDGE('',*,*,#2656,.T.);
#657=ORIENTED_EDGE('',*,*,#2558,.F.);
#658=ORIENTED_EDGE('',*,*,#2655,.F.);
#659=ORIENTED_EDGE('',*,*,#2572,.F.);
#660=ORIENTED_EDGE('',*,*,#2656,.F.);
#661=ORIENTED_EDGE('',*,*,#2657,.T.);
#662=ORIENTED_EDGE('',*,*,#2603,.F.);
#663=ORIENTED_EDGE('',*,*,#2606,.F.);
#664=ORIENTED_EDGE('',*,*,#2604,.F.);
#665=ORIENTED_EDGE('',*,*,#2657,.F.);
#666=ORIENTED_EDGE('',*,*,#2628,.F.);
#667=ORIENTED_EDGE('',*,*,#2658,.T.);
#668=ORIENTED_EDGE('',*,*,#2500,.F.);
#669=ORIENTED_EDGE('',*,*,#2659,.T.);
#670=ORIENTED_EDGE('',*,*,#2629,.F.);
#671=ORIENTED_EDGE('',*,*,#2659,.F.);
#672=ORIENTED_EDGE('',*,*,#2499,.F.);
#673=ORIENTED_EDGE('',*,*,#2549,.F.);
#674=ORIENTED_EDGE('',*,*,#2660,.T.);
#675=ORIENTED_EDGE('',*,*,#2490,.F.);
#676=ORIENTED_EDGE('',*,*,#2658,.F.);
#677=ORIENTED_EDGE('',*,*,#2560,.F.);
#678=ORIENTED_EDGE('',*,*,#2605,.F.);
#679=ORIENTED_EDGE('',*,*,#2522,.F.);
#680=ORIENTED_EDGE('',*,*,#2491,.F.);
#681=ORIENTED_EDGE('',*,*,#2660,.F.);
#682=ORIENTED_EDGE('',*,*,#2513,.F.);
#683=ORIENTED_EDGE('',*,*,#2611,.F.);
#684=ORIENTED_EDGE('',*,*,#2661,.T.);
#685=ORIENTED_EDGE('',*,*,#2610,.F.);
#686=ORIENTED_EDGE('',*,*,#2662,.T.);
#687=ORIENTED_EDGE('',*,*,#2495,.F.);
#688=ORIENTED_EDGE('',*,*,#2514,.F.);
#689=ORIENTED_EDGE('',*,*,#2661,.F.);
#690=ORIENTED_EDGE('',*,*,#2663,.T.);
#691=ORIENTED_EDGE('',*,*,#2496,.F.);
#692=ORIENTED_EDGE('',*,*,#2662,.F.);
#693=ORIENTED_EDGE('',*,*,#2564,.F.);
#694=ORIENTED_EDGE('',*,*,#2631,.F.);
#695=ORIENTED_EDGE('',*,*,#2550,.F.);
#696=ORIENTED_EDGE('',*,*,#2497,.F.);
#697=ORIENTED_EDGE('',*,*,#2663,.F.);
#698=ORIENTED_EDGE('',*,*,#2664,.T.);
#699=ORIENTED_EDGE('',*,*,#2665,.T.);
#700=ORIENTED_EDGE('',*,*,#2666,.T.);
#701=ORIENTED_EDGE('',*,*,#2667,.T.);
#702=ORIENTED_EDGE('',*,*,#2668,.T.);
#703=ORIENTED_EDGE('',*,*,#2669,.T.);
#704=ORIENTED_EDGE('',*,*,#2670,.T.);
#705=ORIENTED_EDGE('',*,*,#2671,.T.);
#706=ORIENTED_EDGE('',*,*,#2672,.T.);
#707=ORIENTED_EDGE('',*,*,#2673,.T.);
#708=ORIENTED_EDGE('',*,*,#2674,.T.);
#709=ORIENTED_EDGE('',*,*,#2675,.T.);
#710=ORIENTED_EDGE('',*,*,#2676,.T.);
#711=ORIENTED_EDGE('',*,*,#2677,.T.);
#712=ORIENTED_EDGE('',*,*,#2678,.T.);
#713=ORIENTED_EDGE('',*,*,#2679,.T.);
#714=ORIENTED_EDGE('',*,*,#2680,.T.);
#715=ORIENTED_EDGE('',*,*,#2681,.T.);
#716=ORIENTED_EDGE('',*,*,#2682,.T.);
#717=ORIENTED_EDGE('',*,*,#2683,.T.);
#718=ORIENTED_EDGE('',*,*,#2684,.T.);
#719=ORIENTED_EDGE('',*,*,#2685,.T.);
#720=ORIENTED_EDGE('',*,*,#2671,.F.);
#721=ORIENTED_EDGE('',*,*,#2686,.T.);
#722=ORIENTED_EDGE('',*,*,#2672,.F.);
#723=ORIENTED_EDGE('',*,*,#2685,.F.);
#724=ORIENTED_EDGE('',*,*,#2687,.T.);
#725=ORIENTED_EDGE('',*,*,#2688,.T.);
#726=ORIENTED_EDGE('',*,*,#2689,.T.);
#727=ORIENTED_EDGE('',*,*,#2690,.T.);
#728=ORIENTED_EDGE('',*,*,#2673,.F.);
#729=ORIENTED_EDGE('',*,*,#2688,.F.);
#730=ORIENTED_EDGE('',*,*,#2691,.T.);
#731=ORIENTED_EDGE('',*,*,#2692,.T.);
#732=ORIENTED_EDGE('',*,*,#2669,.F.);
#733=ORIENTED_EDGE('',*,*,#2693,.T.);
#734=ORIENTED_EDGE('',*,*,#2694,.T.);
#735=ORIENTED_EDGE('',*,*,#2695,.T.);
#736=ORIENTED_EDGE('',*,*,#2696,.T.);
#737=ORIENTED_EDGE('',*,*,#2697,.T.);
#738=ORIENTED_EDGE('',*,*,#2693,.F.);
#739=ORIENTED_EDGE('',*,*,#2668,.F.);
#740=ORIENTED_EDGE('',*,*,#2698,.T.);
#741=ORIENTED_EDGE('',*,*,#2699,.T.);
#742=ORIENTED_EDGE('',*,*,#2700,.T.);
#743=ORIENTED_EDGE('',*,*,#2696,.F.);
#744=ORIENTED_EDGE('',*,*,#2701,.T.);
#745=ORIENTED_EDGE('',*,*,#2665,.F.);
#746=ORIENTED_EDGE('',*,*,#2702,.T.);
#747=ORIENTED_EDGE('',*,*,#2675,.F.);
#748=ORIENTED_EDGE('',*,*,#2703,.T.);
#749=ORIENTED_EDGE('',*,*,#2704,.T.);
#750=ORIENTED_EDGE('',*,*,#2699,.F.);
#751=ORIENTED_EDGE('',*,*,#2705,.T.);
#752=ORIENTED_EDGE('',*,*,#2706,.T.);
#753=ORIENTED_EDGE('',*,*,#2690,.F.);
#754=ORIENTED_EDGE('',*,*,#2707,.T.);
#755=ORIENTED_EDGE('',*,*,#2706,.F.);
#756=ORIENTED_EDGE('',*,*,#2708,.T.);
#757=ORIENTED_EDGE('',*,*,#2709,.T.);
#758=ORIENTED_EDGE('',*,*,#2674,.F.);
#759=ORIENTED_EDGE('',*,*,#2707,.F.);
#760=ORIENTED_EDGE('',*,*,#2710,.T.);
#761=ORIENTED_EDGE('',*,*,#2711,.T.);
#762=ORIENTED_EDGE('',*,*,#2703,.F.);
#763=ORIENTED_EDGE('',*,*,#2709,.F.);
#764=ORIENTED_EDGE('',*,*,#2712,.T.);
#765=ORIENTED_EDGE('',*,*,#2692,.F.);
#766=ORIENTED_EDGE('',*,*,#2713,.T.);
#767=ORIENTED_EDGE('',*,*,#2714,.T.);
#768=ORIENTED_EDGE('',*,*,#2670,.F.);
#769=ORIENTED_EDGE('',*,*,#2712,.F.);
#770=ORIENTED_EDGE('',*,*,#2715,.T.);
#771=ORIENTED_EDGE('',*,*,#2714,.F.);
#772=ORIENTED_EDGE('',*,*,#2716,.T.);
#773=ORIENTED_EDGE('',*,*,#2686,.F.);
#774=ORIENTED_EDGE('',*,*,#2717,.T.);
#775=ORIENTED_EDGE('',*,*,#2510,.F.);
#776=ORIENTED_EDGE('',*,*,#2718,.T.);
#777=ORIENTED_EDGE('',*,*,#2678,.F.);
#778=ORIENTED_EDGE('',*,*,#2716,.F.);
#779=ORIENTED_EDGE('',*,*,#2719,.T.);
#780=ORIENTED_EDGE('',*,*,#2599,.F.);
#781=ORIENTED_EDGE('',*,*,#2720,.T.);
#782=ORIENTED_EDGE('',*,*,#2715,.F.);
#783=ORIENTED_EDGE('',*,*,#2721,.T.);
#784=ORIENTED_EDGE('',*,*,#2578,.F.);
#785=ORIENTED_EDGE('',*,*,#2719,.F.);
#786=ORIENTED_EDGE('',*,*,#2713,.F.);
#787=ORIENTED_EDGE('',*,*,#2691,.F.);
#788=ORIENTED_EDGE('',*,*,#2697,.F.);
#789=ORIENTED_EDGE('',*,*,#2700,.F.);
#790=ORIENTED_EDGE('',*,*,#2704,.F.);
#791=ORIENTED_EDGE('',*,*,#2711,.F.);
#792=ORIENTED_EDGE('',*,*,#2722,.T.);
#793=ORIENTED_EDGE('',*,*,#2622,.F.);
#794=ORIENTED_EDGE('',*,*,#2516,.F.);
#795=ORIENTED_EDGE('',*,*,#2521,.F.);
#796=ORIENTED_EDGE('',*,*,#2528,.F.);
#797=ORIENTED_EDGE('',*,*,#2615,.F.);
#798=ORIENTED_EDGE('',*,*,#2721,.F.);
#799=ORIENTED_EDGE('',*,*,#2710,.F.);
#800=ORIENTED_EDGE('',*,*,#2723,.T.);
#801=ORIENTED_EDGE('',*,*,#2583,.F.);
#802=ORIENTED_EDGE('',*,*,#2722,.F.);
#803=ORIENTED_EDGE('',*,*,#2708,.F.);
#804=ORIENTED_EDGE('',*,*,#2705,.F.);
#805=ORIENTED_EDGE('',*,*,#2724,.T.);
#806=ORIENTED_EDGE('',*,*,#2601,.F.);
#807=ORIENTED_EDGE('',*,*,#2723,.F.);
#808=ORIENTED_EDGE('',*,*,#2689,.F.);
#809=ORIENTED_EDGE('',*,*,#2725,.T.);
#810=ORIENTED_EDGE('',*,*,#2542,.F.);
#811=ORIENTED_EDGE('',*,*,#2724,.F.);
#812=ORIENTED_EDGE('',*,*,#2684,.F.);
#813=ORIENTED_EDGE('',*,*,#2720,.F.);
#814=ORIENTED_EDGE('',*,*,#2553,.F.);
#815=ORIENTED_EDGE('',*,*,#2725,.F.);
#816=ORIENTED_EDGE('',*,*,#2687,.F.);
#817=ORIENTED_EDGE('',*,*,#2509,.F.);
#818=ORIENTED_EDGE('',*,*,#2717,.F.);
#819=ORIENTED_EDGE('',*,*,#2679,.F.);
#820=ORIENTED_EDGE('',*,*,#2718,.F.);
#821=ORIENTED_EDGE('',*,*,#2726,.T.);
#822=ORIENTED_EDGE('',*,*,#2506,.F.);
#823=ORIENTED_EDGE('',*,*,#2727,.T.);
#824=ORIENTED_EDGE('',*,*,#2728,.T.);
#825=ORIENTED_EDGE('',*,*,#2729,.T.);
#826=ORIENTED_EDGE('',*,*,#2504,.F.);
#827=ORIENTED_EDGE('',*,*,#2730,.T.);
#828=ORIENTED_EDGE('',*,*,#2731,.T.);
#829=ORIENTED_EDGE('',*,*,#2732,.T.);
#830=ORIENTED_EDGE('',*,*,#2508,.F.);
#831=ORIENTED_EDGE('',*,*,#2733,.T.);
#832=ORIENTED_EDGE('',*,*,#2734,.T.);
#833=ORIENTED_EDGE('',*,*,#2735,.T.);
#834=ORIENTED_EDGE('',*,*,#2502,.F.);
#835=ORIENTED_EDGE('',*,*,#2736,.T.);
#836=ORIENTED_EDGE('',*,*,#2737,.T.);
#837=ORIENTED_EDGE('',*,*,#2727,.F.);
#838=ORIENTED_EDGE('',*,*,#2505,.F.);
#839=ORIENTED_EDGE('',*,*,#2726,.F.);
#840=ORIENTED_EDGE('',*,*,#2738,.T.);
#841=ORIENTED_EDGE('',*,*,#2730,.F.);
#842=ORIENTED_EDGE('',*,*,#2503,.F.);
#843=ORIENTED_EDGE('',*,*,#2729,.F.);
#844=ORIENTED_EDGE('',*,*,#2739,.T.);
#845=ORIENTED_EDGE('',*,*,#2733,.F.);
#846=ORIENTED_EDGE('',*,*,#2507,.F.);
#847=ORIENTED_EDGE('',*,*,#2732,.F.);
#848=ORIENTED_EDGE('',*,*,#2740,.T.);
#849=ORIENTED_EDGE('',*,*,#2736,.F.);
#850=ORIENTED_EDGE('',*,*,#2501,.F.);
#851=ORIENTED_EDGE('',*,*,#2735,.F.);
#852=ORIENTED_EDGE('',*,*,#2741,.T.);
#853=ORIENTED_EDGE('',*,*,#2742,.T.);
#854=ORIENTED_EDGE('',*,*,#2743,.T.);
#855=ORIENTED_EDGE('',*,*,#2683,.F.);
#856=ORIENTED_EDGE('',*,*,#2744,.T.);
#857=ORIENTED_EDGE('',*,*,#2742,.F.);
#858=ORIENTED_EDGE('',*,*,#2745,.T.);
#859=ORIENTED_EDGE('',*,*,#2737,.F.);
#860=ORIENTED_EDGE('',*,*,#2741,.F.);
#861=ORIENTED_EDGE('',*,*,#2746,.T.);
#862=ORIENTED_EDGE('',*,*,#2747,.T.);
#863=ORIENTED_EDGE('',*,*,#2677,.F.);
#864=ORIENTED_EDGE('',*,*,#2748,.T.);
#865=ORIENTED_EDGE('',*,*,#2746,.F.);
#866=ORIENTED_EDGE('',*,*,#2749,.T.);
#867=ORIENTED_EDGE('',*,*,#2740,.F.);
#868=ORIENTED_EDGE('',*,*,#2734,.F.);
#869=ORIENTED_EDGE('',*,*,#2750,.T.);
#870=ORIENTED_EDGE('',*,*,#2751,.T.);
#871=ORIENTED_EDGE('',*,*,#2666,.F.);
#872=ORIENTED_EDGE('',*,*,#2701,.F.);
#873=ORIENTED_EDGE('',*,*,#2695,.F.);
#874=ORIENTED_EDGE('',*,*,#2752,.T.);
#875=ORIENTED_EDGE('',*,*,#2750,.F.);
#876=ORIENTED_EDGE('',*,*,#2753,.T.);
#877=ORIENTED_EDGE('',*,*,#2738,.F.);
#878=ORIENTED_EDGE('',*,*,#2728,.F.);
#879=ORIENTED_EDGE('',*,*,#2754,.T.);
#880=ORIENTED_EDGE('',*,*,#2755,.T.);
#881=ORIENTED_EDGE('',*,*,#2681,.F.);
#882=ORIENTED_EDGE('',*,*,#2756,.T.);
#883=ORIENTED_EDGE('',*,*,#2754,.F.);
#884=ORIENTED_EDGE('',*,*,#2757,.T.);
#885=ORIENTED_EDGE('',*,*,#2731,.F.);
#886=ORIENTED_EDGE('',*,*,#2739,.F.);
#887=ORIENTED_EDGE('',*,*,#2744,.F.);
#888=ORIENTED_EDGE('',*,*,#2682,.F.);
#889=ORIENTED_EDGE('',*,*,#2743,.F.);
#890=ORIENTED_EDGE('',*,*,#2745,.F.);
#891=ORIENTED_EDGE('',*,*,#2748,.F.);
#892=ORIENTED_EDGE('',*,*,#2676,.F.);
#893=ORIENTED_EDGE('',*,*,#2702,.F.);
#894=ORIENTED_EDGE('',*,*,#2698,.F.);
#895=ORIENTED_EDGE('',*,*,#2664,.F.);
#896=ORIENTED_EDGE('',*,*,#2747,.F.);
#897=ORIENTED_EDGE('',*,*,#2749,.F.);
#898=ORIENTED_EDGE('',*,*,#2752,.F.);
#899=ORIENTED_EDGE('',*,*,#2694,.F.);
#900=ORIENTED_EDGE('',*,*,#2667,.F.);
#901=ORIENTED_EDGE('',*,*,#2751,.F.);
#902=ORIENTED_EDGE('',*,*,#2753,.F.);
#903=ORIENTED_EDGE('',*,*,#2756,.F.);
#904=ORIENTED_EDGE('',*,*,#2680,.F.);
#905=ORIENTED_EDGE('',*,*,#2755,.F.);
#906=ORIENTED_EDGE('',*,*,#2757,.F.);
#907=(
BOUNDED_CURVE()
B_SPLINE_CURVE(2,(#7825,#7826,#7827),.UNSPECIFIED.,.F.,.F.)
B_SPLINE_CURVE_WITH_KNOTS((3,3),(-4.017117033436,0.),.UNSPECIFIED.)
CURVE()
GEOMETRIC_REPRESENTATION_ITEM()
RATIONAL_B_SPLINE_CURVE((1.,0.893661041642452,1.))
REPRESENTATION_ITEM('')
);
#908=(
BOUNDED_CURVE()
B_SPLINE_CURVE(2,(#7828,#7829,#7830),.UNSPECIFIED.,.F.,.F.)
B_SPLINE_CURVE_WITH_KNOTS((3,3),(-4.017117033436,0.),.UNSPECIFIED.)
CURVE()
GEOMETRIC_REPRESENTATION_ITEM()
RATIONAL_B_SPLINE_CURVE((1.,0.893661041642452,1.))
REPRESENTATION_ITEM('')
);
#909=(
BOUNDED_CURVE()
B_SPLINE_CURVE(2,(#7839,#7840,#7841,#7842,#7843),.UNSPECIFIED.,.F.,.F.)
B_SPLINE_CURVE_WITH_KNOTS((3,2,3),(-19.5405234999187,-9.77026174995936,
0.),.UNSPECIFIED.)
CURVE()
GEOMETRIC_REPRESENTATION_ITEM()
RATIONAL_B_SPLINE_CURVE((1.,0.898517554938289,1.,0.898517554938289,1.))
REPRESENTATION_ITEM('')
);
#910=(
BOUNDED_CURVE()
B_SPLINE_CURVE(2,(#7844,#7845,#7846,#7847,#7848),.UNSPECIFIED.,.F.,.F.)
B_SPLINE_CURVE_WITH_KNOTS((3,2,3),(-19.5405234999187,-9.77026174995936,
0.),.UNSPECIFIED.)
CURVE()
GEOMETRIC_REPRESENTATION_ITEM()
RATIONAL_B_SPLINE_CURVE((1.,0.898517554938289,1.,0.898517554938289,1.))
REPRESENTATION_ITEM('')
);
#911=(
BOUNDED_CURVE()
B_SPLINE_CURVE(2,(#7857,#7858,#7859),.UNSPECIFIED.,.F.,.F.)
B_SPLINE_CURVE_WITH_KNOTS((3,3),(-1.4619581753591,0.),.UNSPECIFIED.)
CURVE()
GEOMETRIC_REPRESENTATION_ITEM()
RATIONAL_B_SPLINE_CURVE((1.,0.983709091328695,1.))
REPRESENTATION_ITEM('')
);
#912=(
BOUNDED_CURVE()
B_SPLINE_CURVE(2,(#7860,#7861,#7862),.UNSPECIFIED.,.F.,.F.)
B_SPLINE_CURVE_WITH_KNOTS((3,3),(-1.4619581753591,0.),.UNSPECIFIED.)
CURVE()
GEOMETRIC_REPRESENTATION_ITEM()
RATIONAL_B_SPLINE_CURVE((1.,0.983709091328695,1.))
REPRESENTATION_ITEM('')
);
#913=(
BOUNDED_CURVE()
B_SPLINE_CURVE(2,(#7867,#7868,#7869),.UNSPECIFIED.,.F.,.F.)
B_SPLINE_CURVE_WITH_KNOTS((3,3),(-5.43300233331372,0.),.UNSPECIFIED.)
CURVE()
GEOMETRIC_REPRESENTATION_ITEM()
RATIONAL_B_SPLINE_CURVE((1.,0.827262826476684,1.))
REPRESENTATION_ITEM('')
);
#914=(
BOUNDED_CURVE()
B_SPLINE_CURVE(2,(#7870,#7871,#7872),.UNSPECIFIED.,.F.,.F.)
B_SPLINE_CURVE_WITH_KNOTS((3,3),(-5.43300233331372,0.),.UNSPECIFIED.)
CURVE()
GEOMETRIC_REPRESENTATION_ITEM()
RATIONAL_B_SPLINE_CURVE((1.,0.827262826476684,1.))
REPRESENTATION_ITEM('')
);
#915=(
BOUNDED_CURVE()
B_SPLINE_CURVE(2,(#7873,#7874,#7875),.UNSPECIFIED.,.F.,.F.)
B_SPLINE_CURVE_WITH_KNOTS((3,3),(-8.83084876887035,0.),.UNSPECIFIED.)
CURVE()
GEOMETRIC_REPRESENTATION_ITEM()
RATIONAL_B_SPLINE_CURVE((1.,0.875502162827116,1.))
REPRESENTATION_ITEM('')
);
#916=(
BOUNDED_CURVE()
B_SPLINE_CURVE(2,(#7876,#7877,#7878),.UNSPECIFIED.,.F.,.F.)
B_SPLINE_CURVE_WITH_KNOTS((3,3),(-8.83084876887035,0.),.UNSPECIFIED.)
CURVE()
GEOMETRIC_REPRESENTATION_ITEM()
RATIONAL_B_SPLINE_CURVE((1.,0.875502162827116,1.))
REPRESENTATION_ITEM('')
);
#917=(
BOUNDED_CURVE()
B_SPLINE_CURVE(2,(#7879,#7880,#7881),.UNSPECIFIED.,.F.,.F.)
B_SPLINE_CURVE_WITH_KNOTS((3,3),(-0.756346559021107,0.),.UNSPECIFIED.)
CURVE()
GEOMETRIC_REPRESENTATION_ITEM()
RATIONAL_B_SPLINE_CURVE((1.,0.995560519781783,1.))
REPRESENTATION_ITEM('')
);
#918=(
BOUNDED_CURVE()
B_SPLINE_CURVE(2,(#7882,#7883,#7884),.UNSPECIFIED.,.F.,.F.)
B_SPLINE_CURVE_WITH_KNOTS((3,3),(-0.756346559021107,0.),.UNSPECIFIED.)
CURVE()
GEOMETRIC_REPRESENTATION_ITEM()
RATIONAL_B_SPLINE_CURVE((1.,0.995560519781783,1.))
REPRESENTATION_ITEM('')
);
#919=(
BOUNDED_CURVE()
B_SPLINE_CURVE(2,(#7885,#7886,#7887),.UNSPECIFIED.,.F.,.F.)
B_SPLINE_CURVE_WITH_KNOTS((3,3),(-4.64305051809389,0.),.UNSPECIFIED.)
CURVE()
GEOMETRIC_REPRESENTATION_ITEM()
RATIONAL_B_SPLINE_CURVE((1.,0.864888022625259,1.))
REPRESENTATION_ITEM('')
);
#920=(
BOUNDED_CURVE()
B_SPLINE_CURVE(2,(#7888,#7889,#7890),.UNSPECIFIED.,.F.,.F.)
B_SPLINE_CURVE_WITH_KNOTS((3,3),(-4.64305051809389,0.),.UNSPECIFIED.)
CURVE()
GEOMETRIC_REPRESENTATION_ITEM()
RATIONAL_B_SPLINE_CURVE((1.,0.864888022625259,1.))
REPRESENTATION_ITEM('')
);
#921=(
BOUNDED_CURVE()
B_SPLINE_CURVE(2,(#7891,#7892,#7893,#7894,#7895),.UNSPECIFIED.,.F.,.F.)
B_SPLINE_CURVE_WITH_KNOTS((3,2,3),(-6.4,-3.2,0.),.UNSPECIFIED.)
CURVE()
GEOMETRIC_REPRESENTATION_ITEM()
RATIONAL_B_SPLINE_CURVE((1.,0.707106781186548,1.,0.707106781186548,1.))
REPRESENTATION_ITEM('')
);
#922=(
BOUNDED_CURVE()
B_SPLINE_CURVE(2,(#7896,#7897,#7898,#7899,#7900),.UNSPECIFIED.,.F.,.F.)
B_SPLINE_CURVE_WITH_KNOTS((3,2,3),(-6.4,-3.2,0.),.UNSPECIFIED.)
CURVE()
GEOMETRIC_REPRESENTATION_ITEM()
RATIONAL_B_SPLINE_CURVE((1.,0.707106781186548,1.,0.707106781186548,1.))
REPRESENTATION_ITEM('')
);
#923=(
BOUNDED_CURVE()
B_SPLINE_CURVE(2,(#7901,#7902,#7903,#7904,#7905),.UNSPECIFIED.,.F.,.F.)
B_SPLINE_CURVE_WITH_KNOTS((3,2,3),(-6.4,-3.2,0.),.UNSPECIFIED.)
CURVE()
GEOMETRIC_REPRESENTATION_ITEM()
RATIONAL_B_SPLINE_CURVE((1.,0.707106781186548,1.,0.707106781186548,1.))
REPRESENTATION_ITEM('')
);
#924=(
BOUNDED_CURVE()
B_SPLINE_CURVE(2,(#7906,#7907,#7908,#7909,#7910),.UNSPECIFIED.,.F.,.F.)
B_SPLINE_CURVE_WITH_KNOTS((3,2,3),(-6.4,-3.2,0.),.UNSPECIFIED.)
CURVE()
GEOMETRIC_REPRESENTATION_ITEM()
RATIONAL_B_SPLINE_CURVE((1.,0.707106781186548,1.,0.707106781186548,1.))
REPRESENTATION_ITEM('')
);
#925=(
BOUNDED_CURVE()
B_SPLINE_CURVE(2,(#7911,#7912,#7913,#7914,#7915),.UNSPECIFIED.,.F.,.F.)
B_SPLINE_CURVE_WITH_KNOTS((3,2,3),(-6.4,-3.2,0.),.UNSPECIFIED.)
CURVE()
GEOMETRIC_REPRESENTATION_ITEM()
RATIONAL_B_SPLINE_CURVE((1.,0.707106781186548,1.,0.707106781186548,1.))
REPRESENTATION_ITEM('')
);
#926=(
BOUNDED_CURVE()
B_SPLINE_CURVE(2,(#7916,#7917,#7918,#7919,#7920),.UNSPECIFIED.,.F.,.F.)
B_SPLINE_CURVE_WITH_KNOTS((3,2,3),(-6.4,-3.2,0.),.UNSPECIFIED.)
CURVE()
GEOMETRIC_REPRESENTATION_ITEM()
RATIONAL_B_SPLINE_CURVE((1.,0.707106781186548,1.,0.707106781186548,1.))
REPRESENTATION_ITEM('')
);
#927=(
BOUNDED_CURVE()
B_SPLINE_CURVE(2,(#7921,#7922,#7923,#7924,#7925),.UNSPECIFIED.,.F.,.F.)
B_SPLINE_CURVE_WITH_KNOTS((3,2,3),(-6.40000000000001,-3.2,0.),
 .UNSPECIFIED.)
CURVE()
GEOMETRIC_REPRESENTATION_ITEM()
RATIONAL_B_SPLINE_CURVE((1.,0.707106781186547,1.,0.707106781186547,1.))
REPRESENTATION_ITEM('')
);
#928=(
BOUNDED_CURVE()
B_SPLINE_CURVE(2,(#7926,#7927,#7928,#7929,#7930),.UNSPECIFIED.,.F.,.F.)
B_SPLINE_CURVE_WITH_KNOTS((3,2,3),(-6.40000000000001,-3.2,0.),
 .UNSPECIFIED.)
CURVE()
GEOMETRIC_REPRESENTATION_ITEM()
RATIONAL_B_SPLINE_CURVE((1.,0.707106781186547,1.,0.707106781186547,1.))
REPRESENTATION_ITEM('')
);
#929=(
BOUNDED_CURVE()
B_SPLINE_CURVE(2,(#7931,#7932,#7933,#7934,#7935),.UNSPECIFIED.,.F.,.F.)
B_SPLINE_CURVE_WITH_KNOTS((3,2,3),(-6.4,-3.2,0.),.UNSPECIFIED.)
CURVE()
GEOMETRIC_REPRESENTATION_ITEM()
RATIONAL_B_SPLINE_CURVE((1.,0.707106781186548,1.,0.707106781186548,1.))
REPRESENTATION_ITEM('')
);
#930=(
BOUNDED_CURVE()
B_SPLINE_CURVE(2,(#7936,#7937,#7938,#7939,#7940),.UNSPECIFIED.,.F.,.F.)
B_SPLINE_CURVE_WITH_KNOTS((3,2,3),(-6.4,-3.2,0.),.UNSPECIFIED.)
CURVE()
GEOMETRIC_REPRESENTATION_ITEM()
RATIONAL_B_SPLINE_CURVE((1.,0.707106781186548,1.,0.707106781186548,1.))
REPRESENTATION_ITEM('')
);
#931=(
BOUNDED_CURVE()
B_SPLINE_CURVE(2,(#7941,#7942,#7943,#7944,#7945),.UNSPECIFIED.,.F.,.F.)
B_SPLINE_CURVE_WITH_KNOTS((3,2,3),(-6.4,-3.2,0.),.UNSPECIFIED.)
CURVE()
GEOMETRIC_REPRESENTATION_ITEM()
RATIONAL_B_SPLINE_CURVE((1.,0.707106781186548,1.,0.707106781186548,1.))
REPRESENTATION_ITEM('')
);
#932=(
BOUNDED_CURVE()
B_SPLINE_CURVE(2,(#7946,#7947,#7948,#7949,#7950),.UNSPECIFIED.,.F.,.F.)
B_SPLINE_CURVE_WITH_KNOTS((3,2,3),(-6.4,-3.2,0.),.UNSPECIFIED.)
CURVE()
GEOMETRIC_REPRESENTATION_ITEM()
RATIONAL_B_SPLINE_CURVE((1.,0.707106781186548,1.,0.707106781186548,1.))
REPRESENTATION_ITEM('')
);
#933=(
BOUNDED_CURVE()
B_SPLINE_CURVE(2,(#7951,#7952,#7953,#7954,#7955),.UNSPECIFIED.,.F.,.F.)
B_SPLINE_CURVE_WITH_KNOTS((3,2,3),(-6.40000000000001,-3.2,0.),
 .UNSPECIFIED.)
CURVE()
GEOMETRIC_REPRESENTATION_ITEM()
RATIONAL_B_SPLINE_CURVE((1.,0.707106781186547,1.,0.707106781186547,1.))
REPRESENTATION_ITEM('')
);
#934=(
BOUNDED_CURVE()
B_SPLINE_CURVE(2,(#7956,#7957,#7958,#7959,#7960),.UNSPECIFIED.,.F.,.F.)
B_SPLINE_CURVE_WITH_KNOTS((3,2,3),(-6.40000000000001,-3.2,0.),
 .UNSPECIFIED.)
CURVE()
GEOMETRIC_REPRESENTATION_ITEM()
RATIONAL_B_SPLINE_CURVE((1.,0.707106781186547,1.,0.707106781186547,1.))
REPRESENTATION_ITEM('')
);
#935=(
BOUNDED_CURVE()
B_SPLINE_CURVE(2,(#7961,#7962,#7963,#7964,#7965),.UNSPECIFIED.,.F.,.F.)
B_SPLINE_CURVE_WITH_KNOTS((3,2,3),(-6.39999999999999,-3.2,0.),
 .UNSPECIFIED.)
CURVE()
GEOMETRIC_REPRESENTATION_ITEM()
RATIONAL_B_SPLINE_CURVE((1.,0.707106781186548,1.,0.707106781186548,1.))
REPRESENTATION_ITEM('')
);
#936=(
BOUNDED_CURVE()
B_SPLINE_CURVE(2,(#7966,#7967,#7968,#7969,#7970),.UNSPECIFIED.,.F.,.F.)
B_SPLINE_CURVE_WITH_KNOTS((3,2,3),(-6.39999999999999,-3.2,0.),
 .UNSPECIFIED.)
CURVE()
GEOMETRIC_REPRESENTATION_ITEM()
RATIONAL_B_SPLINE_CURVE((1.,0.707106781186548,1.,0.707106781186548,1.))
REPRESENTATION_ITEM('')
);
#937=(
BOUNDED_CURVE()
B_SPLINE_CURVE(2,(#7971,#7972,#7973,#7974,#7975),.UNSPECIFIED.,.F.,.F.)
B_SPLINE_CURVE_WITH_KNOTS((3,2,3),(-10.4,-5.2,0.),.UNSPECIFIED.)
CURVE()
GEOMETRIC_REPRESENTATION_ITEM()
RATIONAL_B_SPLINE_CURVE((1.,0.707106781186548,1.,0.707106781186548,1.))
REPRESENTATION_ITEM('')
);
#938=(
BOUNDED_CURVE()
B_SPLINE_CURVE(2,(#7976,#7977,#7978,#7979,#7980),.UNSPECIFIED.,.F.,.F.)
B_SPLINE_CURVE_WITH_KNOTS((3,2,3),(-10.4,-5.2,0.),.UNSPECIFIED.)
CURVE()
GEOMETRIC_REPRESENTATION_ITEM()
RATIONAL_B_SPLINE_CURVE((1.,0.707106781186548,1.,0.707106781186548,1.))
REPRESENTATION_ITEM('')
);
#939=(
BOUNDED_CURVE()
B_SPLINE_CURVE(2,(#7981,#7982,#7983,#7984,#7985),.UNSPECIFIED.,.F.,.F.)
B_SPLINE_CURVE_WITH_KNOTS((3,2,3),(-10.4,-5.2,0.),.UNSPECIFIED.)
CURVE()
GEOMETRIC_REPRESENTATION_ITEM()
RATIONAL_B_SPLINE_CURVE((1.,0.707106781186548,1.,0.707106781186548,1.))
REPRESENTATION_ITEM('')
);
#940=(
BOUNDED_CURVE()
B_SPLINE_CURVE(2,(#7986,#7987,#7988,#7989,#7990),.UNSPECIFIED.,.F.,.F.)
B_SPLINE_CURVE_WITH_KNOTS((3,2,3),(-10.4,-5.2,0.),.UNSPECIFIED.)
CURVE()
GEOMETRIC_REPRESENTATION_ITEM()
RATIONAL_B_SPLINE_CURVE((1.,0.707106781186548,1.,0.707106781186548,1.))
REPRESENTATION_ITEM('')
);
#941=(
BOUNDED_CURVE()
B_SPLINE_CURVE(3,(#8033,#8034,#8035,#8036,#8037,#8038,#8039,#8040,#8041,
#8042,#8043,#8044,#8045,#8046,#8047,#8048,#8049,#8050,#8051,#8052,#8053,
#8054,#8055,#8056,#8057,#8058,#8059,#8060,#8061,#8062,#8063,#8064,#8065,
#8066,#8067,#8068,#8069,#8070,#8071,#8072),.UNSPECIFIED.,.F.,.F.)
B_SPLINE_CURVE_WITH_KNOTS((4,3,3,3,3,3,3,3,3,3,3,3,3,4),(-58.6298530192713,
-54.4317743140713,-50.9552780665794,-50.387502660101,-47.1041284220298,
-43.6436917406963,-43.2411602895142,-42.6481948162323,-39.0729158643302,
-35.7773890228182,-35.4978073642855,-32.3336429721761,-28.9072883106446,
-27.7560808252992),.UNSPECIFIED.)
CURVE()
GEOMETRIC_REPRESENTATION_ITEM()
RATIONAL_B_SPLINE_CURVE((1.,1.,1.,1.,1.,1.,1.,1.,1.,1.,1.,1.,1.,1.,1.,1.,
1.,1.,1.,1.,1.,1.,1.,1.,1.,1.,1.,1.,1.,1.,1.,1.,1.,1.,1.,1.,1.,1.,1.,1.))
REPRESENTATION_ITEM('')
);
#942=(
BOUNDED_CURVE()
B_SPLINE_CURVE(2,(#8094,#8095,#8096,#8097,#8098),.UNSPECIFIED.,.F.,.F.)
B_SPLINE_CURVE_WITH_KNOTS((3,2,3),(0.,9.77026174995936,19.5405234999187),
 .UNSPECIFIED.)
CURVE()
GEOMETRIC_REPRESENTATION_ITEM()
RATIONAL_B_SPLINE_CURVE((1.,0.89851755493829,1.,0.89851755493829,1.))
REPRESENTATION_ITEM('')
);
#943=(
BOUNDED_CURVE()
B_SPLINE_CURVE(3,(#8152,#8153,#8154,#8155,#8156,#8157,#8158,#8159,#8160,
#8161,#8162,#8163,#8164,#8165,#8166,#8167,#8168,#8169,#8170,#8171,#8172,
#8173,#8174,#8175,#8176,#8177,#8178,#8179,#8180,#8181,#8182,#8183,#8184,
#8185,#8186,#8187,#8188,#8189,#8190,#8191,#8192,#8193,#8194,#8195,#8196,
#8197,#8198,#8199,#8200,#8201,#8202,#8203,#8204,#8205,#8206,#8207,#8208,
#8209,#8210,#8211,#8212,#8213,#8214,#8215,#8216,#8217,#8218,#8219,#8220,
#8221,#8222,#8223,#8224,#8225,#8226,#8227,#8228,#8229,#8230,#8231,#8232,
#8233,#8234,#8235,#8236,#8237,#8238,#8239,#8240,#8241,#8242,#8243,#8244,
#8245,#8246,#8247,#8248,#8249,#8250,#8251,#8252,#8253,#8254,#8255,#8256,
#8257,#8258,#8259,#8260,#8261,#8262,#8263,#8264,#8265,#8266,#8267,#8268,
#8269,#8270,#8271,#8272,#8273,#8274,#8275,#8276,#8277,#8278,#8279,#8280,
#8281,#8282,#8283,#8284,#8285,#8286,#8287,#8288,#8289,#8290,#8291,#8292,
#8293,#8294,#8295,#8296,#8297,#8298,#8299,#8300,#8301,#8302,#8303,#8304,
#8305,#8306,#8307,#8308,#8309,#8310,#8311,#8312,#8313,#8314,#8315,#8316,
#8317,#8318,#8319,#8320,#8321,#8322,#8323,#8324,#8325,#8326,#8327,#8328,
#8329,#8330,#8331,#8332,#8333,#8334,#8335,#8336,#8337,#8338),
 .UNSPECIFIED.,.F.,.F.)
B_SPLINE_CURVE_WITH_KNOTS((4,3,3,3,3,3,3,3,3,3,3,3,3,3,3,3,3,3,3,3,3,3,
3,3,3,3,3,3,3,3,3,3,3,3,3,3,3,3,3,3,3,3,3,3,3,3,3,3,3,3,3,3,3,3,3,3,3,3,
3,3,3,3,4),(-105.495971428738,-104.415008111606,-103.335726692597,-102.396115705508,
-101.485886383372,-100.930286294661,-99.987535411403,-99.045965168606,-98.2403527234451,
-97.4598821724164,-97.0380490874976,-96.2131974895284,-95.3892511248582,
-94.5655392209028,-93.9001871274404,-93.421283583701,-93.0664669417099,
-92.3455774975016,-91.6252382331011,-91.2071514501709,-90.5552509579548,
-89.9040306109146,-89.3406870675146,-88.7492599813606,-88.1586715749373,
-87.5737199879448,-87.2689937421377,-86.7509486156254,-86.2339956326985,
-85.7185274208508,-85.3822678260139,-85.1057854622359,-84.5595376581674,
-84.321714130336,-83.908110632674,-83.5718585891345,-83.3173852519056,-82.7897752912088,
-82.4298305404226,-82.1948129104602,-81.7630144155268,-81.4949047633854,
-81.304786946022,-80.9900444552128,-80.6712409549958,-80.4357746882161,
-80.2594668759195,-79.7127854382301,-79.3065427928365,-78.7893669848981,
-78.4395737257463,-78.1889934204447,-77.7571441109148,-77.4115395315362,
-77.1960930528477,-76.6924835285133,-76.1824820775183,-75.6575234396738,
-75.2133641963572,-74.7872334730591,-74.2108246095842,-73.6089981662373,
-73.1711625433509),.UNSPECIFIED.)
CURVE()
GEOMETRIC_REPRESENTATION_ITEM()
RATIONAL_B_SPLINE_CURVE((1.,1.,1.,1.,1.,1.,1.,1.,1.,1.,1.,1.,1.,1.,1.,1.,
1.,1.,1.,1.,1.,1.,1.,1.,1.,1.,1.,1.,1.,1.,1.,1.,1.,1.,1.,1.,1.,1.,1.,1.,
1.,1.,1.,1.,1.,1.,1.,1.,1.,1.,1.,1.,1.,1.,1.,1.,1.,1.,1.,1.,1.,1.,1.,1.,
1.,1.,1.,1.,1.,1.,1.,1.,1.,1.,1.,1.,1.,1.,1.,1.,1.,1.,1.,1.,1.,1.,1.,1.,
1.,1.,1.,1.,1.,1.,1.,1.,1.,1.,1.,1.,1.,1.,1.,1.,1.,1.,1.,1.,1.,1.,1.,1.,
1.,1.,1.,1.,1.,1.,1.,1.,1.,1.,1.,1.,1.,1.,1.,1.,1.,1.,1.,1.,1.,1.,1.,1.,
1.,1.,1.,1.,1.,1.,1.,1.,1.,1.,1.,1.,1.,1.,1.,1.,1.,1.,1.,1.,1.,1.,1.,1.,
1.,1.,1.,1.,1.,1.,1.,1.,1.,1.,1.,1.,1.,1.,1.,1.,1.,1.,1.,1.,1.,1.,1.,1.,
1.,1.,1.))
REPRESENTATION_ITEM('')
);
#944=(
BOUNDED_CURVE()
B_SPLINE_CURVE(2,(#8347,#8348,#8349),.UNSPECIFIED.,.F.,.F.)
B_SPLINE_CURVE_WITH_KNOTS((3,3),(0.,6.72878689739758),.UNSPECIFIED.)
CURVE()
GEOMETRIC_REPRESENTATION_ITEM()
RATIONAL_B_SPLINE_CURVE((1.,0.972318016213919,1.))
REPRESENTATION_ITEM('')
);
#945=(
BOUNDED_CURVE()
B_SPLINE_CURVE(2,(#8352,#8353,#8354,#8355,#8356),.UNSPECIFIED.,.F.,.F.)
B_SPLINE_CURVE_WITH_KNOTS((3,2,3),(0.,22.098909384634,44.197818769268),
 .UNSPECIFIED.)
CURVE()
GEOMETRIC_REPRESENTATION_ITEM()
RATIONAL_B_SPLINE_CURVE((1.,0.784969388926281,1.,0.784969388926281,1.))
REPRESENTATION_ITEM('')
);
#946=(
BOUNDED_CURVE()
B_SPLINE_CURVE(2,(#8361,#8362,#8363,#8364,#8365),.UNSPECIFIED.,.F.,.F.)
B_SPLINE_CURVE_WITH_KNOTS((3,2,3),(0.,22.098909384634,44.1978187692681),
 .UNSPECIFIED.)
CURVE()
GEOMETRIC_REPRESENTATION_ITEM()
RATIONAL_B_SPLINE_CURVE((1.,0.78496938892628,1.,0.78496938892628,1.))
REPRESENTATION_ITEM('')
);
#947=(
BOUNDED_CURVE()
B_SPLINE_CURVE(2,(#8368,#8369,#8370),.UNSPECIFIED.,.F.,.F.)
B_SPLINE_CURVE_WITH_KNOTS((3,3),(0.,6.72878689739757),.UNSPECIFIED.)
CURVE()
GEOMETRIC_REPRESENTATION_ITEM()
RATIONAL_B_SPLINE_CURVE((1.,0.972318016213919,1.))
REPRESENTATION_ITEM('')
);
#948=(
BOUNDED_CURVE()
B_SPLINE_CURVE(2,(#8373,#8374,#8375,#8376,#8377),.UNSPECIFIED.,.F.,.F.)
B_SPLINE_CURVE_WITH_KNOTS((3,2,3),(0.,12.7335534468539,25.4671068937077),
 .UNSPECIFIED.)
CURVE()
GEOMETRIC_REPRESENTATION_ITEM()
RATIONAL_B_SPLINE_CURVE((1.,0.782451393180846,1.,0.782451393180846,1.))
REPRESENTATION_ITEM('')
);
#949=(
BOUNDED_CURVE()
B_SPLINE_CURVE(2,(#8384,#8385,#8386,#8387,#8388),.UNSPECIFIED.,.F.,.F.)
B_SPLINE_CURVE_WITH_KNOTS((3,2,3),(0.,12.7335534468538,25.4671068937077),
 .UNSPECIFIED.)
CURVE()
GEOMETRIC_REPRESENTATION_ITEM()
RATIONAL_B_SPLINE_CURVE((1.,0.782451393180847,1.,0.782451393180847,1.))
REPRESENTATION_ITEM('')
);
#950=(
BOUNDED_CURVE()
B_SPLINE_CURVE(2,(#8391,#8392,#8393),.UNSPECIFIED.,.F.,.F.)
B_SPLINE_CURVE_WITH_KNOTS((3,3),(0.,3.68540553145066),.UNSPECIFIED.)
CURVE()
GEOMETRIC_REPRESENTATION_ITEM()
RATIONAL_B_SPLINE_CURVE((1.,0.97448321913356,1.))
REPRESENTATION_ITEM('')
);
#951=(
BOUNDED_CURVE()
B_SPLINE_CURVE(2,(#8400,#8401,#8402),.UNSPECIFIED.,.F.,.F.)
B_SPLINE_CURVE_WITH_KNOTS((3,3),(0.,3.68540553145067),.UNSPECIFIED.)
CURVE()
GEOMETRIC_REPRESENTATION_ITEM()
RATIONAL_B_SPLINE_CURVE((1.,0.974483219133558,1.))
REPRESENTATION_ITEM('')
);
#952=(
BOUNDED_CURVE()
B_SPLINE_CURVE(2,(#8409,#8410,#8411),.UNSPECIFIED.,.F.,.F.)
B_SPLINE_CURVE_WITH_KNOTS((3,3),(0.,8.01579157831843),.UNSPECIFIED.)
CURVE()
GEOMETRIC_REPRESENTATION_ITEM()
RATIONAL_B_SPLINE_CURVE((1.,0.707106781186547,1.))
REPRESENTATION_ITEM('')
);
#953=(
BOUNDED_CURVE()
B_SPLINE_CURVE(2,(#8412,#8413,#8414),.UNSPECIFIED.,.F.,.F.)
B_SPLINE_CURVE_WITH_KNOTS((3,3),(0.,8.01579157831843),.UNSPECIFIED.)
CURVE()
GEOMETRIC_REPRESENTATION_ITEM()
RATIONAL_B_SPLINE_CURVE((1.,0.707106781186547,1.))
REPRESENTATION_ITEM('')
);
#954=(
BOUNDED_CURVE()
B_SPLINE_CURVE(2,(#8433,#8434,#8435),.UNSPECIFIED.,.F.,.F.)
B_SPLINE_CURVE_WITH_KNOTS((3,3),(0.,2.67737743641094),.UNSPECIFIED.)
CURVE()
GEOMETRIC_REPRESENTATION_ITEM()
RATIONAL_B_SPLINE_CURVE((1.,0.986286648203425,1.))
REPRESENTATION_ITEM('')
);
#955=(
BOUNDED_CURVE()
B_SPLINE_CURVE(2,(#8442,#8443,#8444),.UNSPECIFIED.,.F.,.F.)
B_SPLINE_CURVE_WITH_KNOTS((3,3),(0.,8.29489661066029),.UNSPECIFIED.)
CURVE()
GEOMETRIC_REPRESENTATION_ITEM()
RATIONAL_B_SPLINE_CURVE((1.,0.887786266568441,1.))
REPRESENTATION_ITEM('')
);
#956=(
BOUNDED_CURVE()
B_SPLINE_CURVE(2,(#8542,#8543,#8544),.UNSPECIFIED.,.F.,.F.)
B_SPLINE_CURVE_WITH_KNOTS((3,3),(0.,3.21721392478637),.UNSPECIFIED.)
CURVE()
GEOMETRIC_REPRESENTATION_ITEM()
RATIONAL_B_SPLINE_CURVE((1.,0.980377312976794,1.))
REPRESENTATION_ITEM('')
);
#957=(
BOUNDED_CURVE()
B_SPLINE_CURVE(2,(#8549,#8550,#8551,#8552,#8553),.UNSPECIFIED.,.F.,.F.)
B_SPLINE_CURVE_WITH_KNOTS((3,2,3),(0.,10.9742790797951,21.9485581595902),
 .UNSPECIFIED.)
CURVE()
GEOMETRIC_REPRESENTATION_ITEM()
RATIONAL_B_SPLINE_CURVE((1.,0.824660321743892,1.,0.824660321743892,1.))
REPRESENTATION_ITEM('')
);
#958=(
BOUNDED_CURVE()
B_SPLINE_CURVE(2,(#8765,#8766,#8767),.UNSPECIFIED.,.F.,.F.)
B_SPLINE_CURVE_WITH_KNOTS((3,3),(-4.021517405983,0.),.UNSPECIFIED.)
CURVE()
GEOMETRIC_REPRESENTATION_ITEM()
RATIONAL_B_SPLINE_CURVE((1.,0.980377312976796,1.))
REPRESENTATION_ITEM('')
);
#959=(
BOUNDED_CURVE()
B_SPLINE_CURVE(2,(#8768,#8769,#8770),.UNSPECIFIED.,.F.,.F.)
B_SPLINE_CURVE_WITH_KNOTS((3,3),(-4.021517405983,0.),.UNSPECIFIED.)
CURVE()
GEOMETRIC_REPRESENTATION_ITEM()
RATIONAL_B_SPLINE_CURVE((1.,0.980377312976796,1.))
REPRESENTATION_ITEM('')
);
#960=(
BOUNDED_CURVE()
B_SPLINE_CURVE(2,(#8807,#8808,#8809,#8810,#8811),.UNSPECIFIED.,.F.,.F.)
B_SPLINE_CURVE_WITH_KNOTS((3,2,3),(-37.8838446593723,-18.9419223296862,
0.),.UNSPECIFIED.)
CURVE()
GEOMETRIC_REPRESENTATION_ITEM()
RATIONAL_B_SPLINE_CURVE((1.,0.784969388926284,1.,0.784969388926284,1.))
REPRESENTATION_ITEM('')
);
#961=(
BOUNDED_CURVE()
B_SPLINE_CURVE(2,(#8812,#8813,#8814,#8815,#8816),.UNSPECIFIED.,.F.,.F.)
B_SPLINE_CURVE_WITH_KNOTS((3,2,3),(-37.8838446593723,-18.9419223296862,
0.),.UNSPECIFIED.)
CURVE()
GEOMETRIC_REPRESENTATION_ITEM()
RATIONAL_B_SPLINE_CURVE((1.,0.784969388926284,1.,0.784969388926284,1.))
REPRESENTATION_ITEM('')
);
#962=(
BOUNDED_CURVE()
B_SPLINE_CURVE(2,(#8817,#8818,#8819),.UNSPECIFIED.,.F.,.F.)
B_SPLINE_CURVE_WITH_KNOTS((3,3),(-5.76753162634073,0.),.UNSPECIFIED.)
CURVE()
GEOMETRIC_REPRESENTATION_ITEM()
RATIONAL_B_SPLINE_CURVE((1.,0.972318016213922,1.))
REPRESENTATION_ITEM('')
);
#963=(
BOUNDED_CURVE()
B_SPLINE_CURVE(2,(#8820,#8821,#8822),.UNSPECIFIED.,.F.,.F.)
B_SPLINE_CURVE_WITH_KNOTS((3,3),(-5.76753162634073,0.),.UNSPECIFIED.)
CURVE()
GEOMETRIC_REPRESENTATION_ITEM()
RATIONAL_B_SPLINE_CURVE((1.,0.972318016213922,1.))
REPRESENTATION_ITEM('')
);
#964=(
BOUNDED_CURVE()
B_SPLINE_CURVE(2,(#8847,#8848,#8849),.UNSPECIFIED.,.F.,.F.)
B_SPLINE_CURVE_WITH_KNOTS((3,3),(-10.3686207633254,0.),.UNSPECIFIED.)
CURVE()
GEOMETRIC_REPRESENTATION_ITEM()
RATIONAL_B_SPLINE_CURVE((1.,0.887786266568436,1.))
REPRESENTATION_ITEM('')
);
#965=(
BOUNDED_CURVE()
B_SPLINE_CURVE(2,(#8850,#8851,#8852),.UNSPECIFIED.,.F.,.F.)
B_SPLINE_CURVE_WITH_KNOTS((3,3),(-10.3686207633254,0.),.UNSPECIFIED.)
CURVE()
GEOMETRIC_REPRESENTATION_ITEM()
RATIONAL_B_SPLINE_CURVE((1.,0.887786266568436,1.))
REPRESENTATION_ITEM('')
);
#966=(
BOUNDED_CURVE()
B_SPLINE_CURVE(2,(#8857,#8858,#8859),.UNSPECIFIED.,.F.,.F.)
B_SPLINE_CURVE_WITH_KNOTS((3,3),(-4.60675691431337,0.),.UNSPECIFIED.)
CURVE()
GEOMETRIC_REPRESENTATION_ITEM()
RATIONAL_B_SPLINE_CURVE((1.,0.974483219133553,1.))
REPRESENTATION_ITEM('')
);
#967=(
BOUNDED_CURVE()
B_SPLINE_CURVE(2,(#8860,#8861,#8862),.UNSPECIFIED.,.F.,.F.)
B_SPLINE_CURVE_WITH_KNOTS((3,3),(-4.60675691431337,0.),.UNSPECIFIED.)
CURVE()
GEOMETRIC_REPRESENTATION_ITEM()
RATIONAL_B_SPLINE_CURVE((1.,0.974483219133553,1.))
REPRESENTATION_ITEM('')
);
#968=(
BOUNDED_CURVE()
B_SPLINE_CURVE(2,(#8863,#8864,#8865,#8866,#8867),.UNSPECIFIED.,.F.,.F.)
B_SPLINE_CURVE_WITH_KNOTS((3,2,3),(-31.8338836171347,-15.9169418085674,
0.),.UNSPECIFIED.)
CURVE()
GEOMETRIC_REPRESENTATION_ITEM()
RATIONAL_B_SPLINE_CURVE((1.,0.782451393180845,1.,0.782451393180845,1.))
REPRESENTATION_ITEM('')
);
#969=(
BOUNDED_CURVE()
B_SPLINE_CURVE(2,(#8868,#8869,#8870,#8871,#8872),.UNSPECIFIED.,.F.,.F.)
B_SPLINE_CURVE_WITH_KNOTS((3,2,3),(-31.8338836171347,-15.9169418085674,
0.),.UNSPECIFIED.)
CURVE()
GEOMETRIC_REPRESENTATION_ITEM()
RATIONAL_B_SPLINE_CURVE((1.,0.782451393180845,1.,0.782451393180845,1.))
REPRESENTATION_ITEM('')
);
#970=(
BOUNDED_CURVE()
B_SPLINE_CURVE(3,(#8885,#8886,#8887,#8888),.UNSPECIFIED.,.F.,.F.)
B_SPLINE_CURVE_WITH_KNOTS((4,4),(-1.80436059444773,0.),.UNSPECIFIED.)
CURVE()
GEOMETRIC_REPRESENTATION_ITEM()
RATIONAL_B_SPLINE_CURVE((1.,1.,1.,1.))
REPRESENTATION_ITEM('')
);
#971=(
BOUNDED_CURVE()
B_SPLINE_CURVE(3,(#8889,#8890,#8891,#8892),.UNSPECIFIED.,.F.,.F.)
B_SPLINE_CURVE_WITH_KNOTS((4,4),(-1.80436059444773,0.),.UNSPECIFIED.)
CURVE()
GEOMETRIC_REPRESENTATION_ITEM()
RATIONAL_B_SPLINE_CURVE((1.,1.,1.,1.))
REPRESENTATION_ITEM('')
);
#972=(
BOUNDED_CURVE()
B_SPLINE_CURVE(2,(#8917,#8918,#8919),.UNSPECIFIED.,.F.,.F.)
B_SPLINE_CURVE_WITH_KNOTS((3,3),(0.,0.445466467676791),.UNSPECIFIED.)
CURVE()
GEOMETRIC_REPRESENTATION_ITEM()
RATIONAL_B_SPLINE_CURVE((1.,0.998453283677058,1.))
REPRESENTATION_ITEM('')
);
#973=(
BOUNDED_CURVE()
B_SPLINE_CURVE(2,(#8920,#8921,#8922),.UNSPECIFIED.,.F.,.F.)
B_SPLINE_CURVE_WITH_KNOTS((3,3),(0.,0.445466467676791),.UNSPECIFIED.)
CURVE()
GEOMETRIC_REPRESENTATION_ITEM()
RATIONAL_B_SPLINE_CURVE((1.,0.998453283677058,1.))
REPRESENTATION_ITEM('')
);
#974=(
BOUNDED_CURVE()
B_SPLINE_CURVE(2,(#8931,#8932,#8933,#8934,#8935),.UNSPECIFIED.,.F.,.F.)
B_SPLINE_CURVE_WITH_KNOTS((3,2,3),(-31.8338836171348,-15.9169418085674,
0.),.UNSPECIFIED.)
CURVE()
GEOMETRIC_REPRESENTATION_ITEM()
RATIONAL_B_SPLINE_CURVE((1.,0.782451393180846,1.,0.782451393180846,1.))
REPRESENTATION_ITEM('')
);
#975=(
BOUNDED_CURVE()
B_SPLINE_CURVE(2,(#8936,#8937,#8938,#8939,#8940),.UNSPECIFIED.,.F.,.F.)
B_SPLINE_CURVE_WITH_KNOTS((3,2,3),(-31.8338836171348,-15.9169418085674,
0.),.UNSPECIFIED.)
CURVE()
GEOMETRIC_REPRESENTATION_ITEM()
RATIONAL_B_SPLINE_CURVE((1.,0.782451393180846,1.,0.782451393180846,1.))
REPRESENTATION_ITEM('')
);
#976=(
BOUNDED_CURVE()
B_SPLINE_CURVE(2,(#8941,#8942,#8943),.UNSPECIFIED.,.F.,.F.)
B_SPLINE_CURVE_WITH_KNOTS((3,3),(-4.60675691431337,0.),.UNSPECIFIED.)
CURVE()
GEOMETRIC_REPRESENTATION_ITEM()
RATIONAL_B_SPLINE_CURVE((1.,0.974483219133552,1.))
REPRESENTATION_ITEM('')
);
#977=(
BOUNDED_CURVE()
B_SPLINE_CURVE(2,(#8944,#8945,#8946),.UNSPECIFIED.,.F.,.F.)
B_SPLINE_CURVE_WITH_KNOTS((3,3),(-4.60675691431337,0.),.UNSPECIFIED.)
CURVE()
GEOMETRIC_REPRESENTATION_ITEM()
RATIONAL_B_SPLINE_CURVE((1.,0.974483219133552,1.))
REPRESENTATION_ITEM('')
);
#978=(
BOUNDED_CURVE()
B_SPLINE_CURVE(2,(#8951,#8952,#8953),.UNSPECIFIED.,.F.,.F.)
B_SPLINE_CURVE_WITH_KNOTS((3,3),(-3.34672179551365,0.),.UNSPECIFIED.)
CURVE()
GEOMETRIC_REPRESENTATION_ITEM()
RATIONAL_B_SPLINE_CURVE((1.,0.986286648203426,1.))
REPRESENTATION_ITEM('')
);
#979=(
BOUNDED_CURVE()
B_SPLINE_CURVE(2,(#8954,#8955,#8956),.UNSPECIFIED.,.F.,.F.)
B_SPLINE_CURVE_WITH_KNOTS((3,3),(-3.34672179551365,0.),.UNSPECIFIED.)
CURVE()
GEOMETRIC_REPRESENTATION_ITEM()
RATIONAL_B_SPLINE_CURVE((1.,0.986286648203426,1.))
REPRESENTATION_ITEM('')
);
#980=(
BOUNDED_CURVE()
B_SPLINE_CURVE(2,(#8981,#8982,#8983),.UNSPECIFIED.,.F.,.F.)
B_SPLINE_CURVE_WITH_KNOTS((3,3),(-5.76753162634075,0.),.UNSPECIFIED.)
CURVE()
GEOMETRIC_REPRESENTATION_ITEM()
RATIONAL_B_SPLINE_CURVE((1.,0.972318016213918,1.))
REPRESENTATION_ITEM('')
);
#981=(
BOUNDED_CURVE()
B_SPLINE_CURVE(2,(#8984,#8985,#8986),.UNSPECIFIED.,.F.,.F.)
B_SPLINE_CURVE_WITH_KNOTS((3,3),(-5.76753162634075,0.),.UNSPECIFIED.)
CURVE()
GEOMETRIC_REPRESENTATION_ITEM()
RATIONAL_B_SPLINE_CURVE((1.,0.972318016213918,1.))
REPRESENTATION_ITEM('')
);
#982=(
BOUNDED_CURVE()
B_SPLINE_CURVE(2,(#8987,#8988,#8989,#8990,#8991),.UNSPECIFIED.,.F.,.F.)
B_SPLINE_CURVE_WITH_KNOTS((3,2,3),(-37.8838446593726,-18.9419223296863,
0.),.UNSPECIFIED.)
CURVE()
GEOMETRIC_REPRESENTATION_ITEM()
RATIONAL_B_SPLINE_CURVE((1.,0.784969388926281,1.,0.784969388926281,1.))
REPRESENTATION_ITEM('')
);
#983=(
BOUNDED_CURVE()
B_SPLINE_CURVE(2,(#8992,#8993,#8994,#8995,#8996),.UNSPECIFIED.,.F.,.F.)
B_SPLINE_CURVE_WITH_KNOTS((3,2,3),(-37.8838446593726,-18.9419223296863,
0.),.UNSPECIFIED.)
CURVE()
GEOMETRIC_REPRESENTATION_ITEM()
RATIONAL_B_SPLINE_CURVE((1.,0.784969388926281,1.,0.784969388926281,1.))
REPRESENTATION_ITEM('')
);
#984=(
BOUNDED_CURVE()
B_SPLINE_CURVE(2,(#9013,#9014,#9015),.UNSPECIFIED.,.F.,.F.)
B_SPLINE_CURVE_WITH_KNOTS((3,3),(0.,2.9099404146848),.UNSPECIFIED.)
CURVE()
GEOMETRIC_REPRESENTATION_ITEM()
RATIONAL_B_SPLINE_CURVE((1.,0.808654384387394,1.))
REPRESENTATION_ITEM('')
);
#985=(
BOUNDED_CURVE()
B_SPLINE_CURVE(2,(#9020,#9021,#9022),.UNSPECIFIED.,.F.,.F.)
B_SPLINE_CURVE_WITH_KNOTS((3,3),(0.,2.9099404146848),.UNSPECIFIED.)
CURVE()
GEOMETRIC_REPRESENTATION_ITEM()
RATIONAL_B_SPLINE_CURVE((1.,0.808654384387392,1.))
REPRESENTATION_ITEM('')
);
#986=(
BOUNDED_CURVE()
B_SPLINE_CURVE(2,(#9027,#9028,#9029),.UNSPECIFIED.,.F.,.F.)
B_SPLINE_CURVE_WITH_KNOTS((3,3),(0.,3.660007935506),.UNSPECIFIED.)
CURVE()
GEOMETRIC_REPRESENTATION_ITEM()
RATIONAL_B_SPLINE_CURVE((1.,0.737765593692366,1.))
REPRESENTATION_ITEM('')
);
#987=(
BOUNDED_CURVE()
B_SPLINE_CURVE(2,(#9034,#9035,#9036),.UNSPECIFIED.,.F.,.F.)
B_SPLINE_CURVE_WITH_KNOTS((3,3),(0.,3.6600079355061),.UNSPECIFIED.)
CURVE()
GEOMETRIC_REPRESENTATION_ITEM()
RATIONAL_B_SPLINE_CURVE((1.,0.737765593692344,1.))
REPRESENTATION_ITEM('')
);
#988=(
BOUNDED_CURVE()
B_SPLINE_CURVE(2,(#9041,#9042,#9043),.UNSPECIFIED.,.F.,.F.)
B_SPLINE_CURVE_WITH_KNOTS((3,3),(0.,1.87498132407179),.UNSPECIFIED.)
CURVE()
GEOMETRIC_REPRESENTATION_ITEM()
RATIONAL_B_SPLINE_CURVE((1.,0.905460560642353,1.))
REPRESENTATION_ITEM('')
);
#989=(
BOUNDED_CURVE()
B_SPLINE_CURVE(2,(#9046,#9047,#9048),.UNSPECIFIED.,.F.,.F.)
B_SPLINE_CURVE_WITH_KNOTS((3,3),(0.,2.46312946121656),.UNSPECIFIED.)
CURVE()
GEOMETRIC_REPRESENTATION_ITEM()
RATIONAL_B_SPLINE_CURVE((1.,0.851507107730601,1.))
REPRESENTATION_ITEM('')
);
#990=(
BOUNDED_CURVE()
B_SPLINE_CURVE(2,(#9053,#9054,#9055,#9056,#9057),.UNSPECIFIED.,.F.,.F.)
B_SPLINE_CURVE_WITH_KNOTS((3,2,3),(0.,2.16002488417384,4.32004976834768),
 .UNSPECIFIED.)
CURVE()
GEOMETRIC_REPRESENTATION_ITEM()
RATIONAL_B_SPLINE_CURVE((1.,0.879903109079036,1.,0.879903109079036,1.))
REPRESENTATION_ITEM('')
);
#991=(
BOUNDED_CURVE()
B_SPLINE_CURVE(2,(#9062,#9063,#9064),.UNSPECIFIED.,.F.,.F.)
B_SPLINE_CURVE_WITH_KNOTS((3,3),(0.,3.99999999999981),.UNSPECIFIED.)
CURVE()
GEOMETRIC_REPRESENTATION_ITEM()
RATIONAL_B_SPLINE_CURVE((1.,0.707106781186563,1.))
REPRESENTATION_ITEM('')
);
#992=(
BOUNDED_CURVE()
B_SPLINE_CURVE(2,(#9069,#9070,#9071),.UNSPECIFIED.,.F.,.F.)
B_SPLINE_CURVE_WITH_KNOTS((3,3),(-3.99999999999998,0.),.UNSPECIFIED.)
CURVE()
GEOMETRIC_REPRESENTATION_ITEM()
RATIONAL_B_SPLINE_CURVE((1.,0.707106781186552,1.))
REPRESENTATION_ITEM('')
);
#993=(
BOUNDED_CURVE()
B_SPLINE_CURVE(2,(#9076,#9077,#9078),.UNSPECIFIED.,.F.,.F.)
B_SPLINE_CURVE_WITH_KNOTS((3,3),(0.,0.794916521510797),.UNSPECIFIED.)
CURVE()
GEOMETRIC_REPRESENTATION_ITEM()
RATIONAL_B_SPLINE_CURVE((1.,0.980819653568884,1.))
REPRESENTATION_ITEM('')
);
#994=(
BOUNDED_CURVE()
B_SPLINE_CURVE(2,(#9081,#9082,#9083),.UNSPECIFIED.,.F.,.F.)
B_SPLINE_CURVE_WITH_KNOTS((3,3),(0.,2.26193257916877),.UNSPECIFIED.)
CURVE()
GEOMETRIC_REPRESENTATION_ITEM()
RATIONAL_B_SPLINE_CURVE((1.,0.87046372750977,1.))
REPRESENTATION_ITEM('')
);
#995=(
BOUNDED_CURVE()
B_SPLINE_CURVE(2,(#9088,#9089,#9090),.UNSPECIFIED.,.F.,.F.)
B_SPLINE_CURVE_WITH_KNOTS((3,3),(0.,1.48469977075135),.UNSPECIFIED.)
CURVE()
GEOMETRIC_REPRESENTATION_ITEM()
RATIONAL_B_SPLINE_CURVE((1.,0.937502859080751,1.))
REPRESENTATION_ITEM('')
);
#996=(
BOUNDED_CURVE()
B_SPLINE_CURVE(2,(#9093,#9094,#9095),.UNSPECIFIED.,.F.,.F.)
B_SPLINE_CURVE_WITH_KNOTS((3,3),(0.,1.48469977075152),.UNSPECIFIED.)
CURVE()
GEOMETRIC_REPRESENTATION_ITEM()
RATIONAL_B_SPLINE_CURVE((1.,0.937502859080734,1.))
REPRESENTATION_ITEM('')
);
#997=(
BOUNDED_CURVE()
B_SPLINE_CURVE(2,(#9098,#9099,#9100),.UNSPECIFIED.,.F.,.F.)
B_SPLINE_CURVE_WITH_KNOTS((3,3),(0.,3.99999999999998),.UNSPECIFIED.)
CURVE()
GEOMETRIC_REPRESENTATION_ITEM()
RATIONAL_B_SPLINE_CURVE((1.,0.707106781186554,1.))
REPRESENTATION_ITEM('')
);
#998=(
BOUNDED_CURVE()
B_SPLINE_CURVE(2,(#9105,#9106,#9107),.UNSPECIFIED.,.F.,.F.)
B_SPLINE_CURVE_WITH_KNOTS((3,3),(0.,3.14159265358979),.UNSPECIFIED.)
CURVE()
GEOMETRIC_REPRESENTATION_ITEM()
RATIONAL_B_SPLINE_CURVE((1.,0.707106781186543,1.))
REPRESENTATION_ITEM('')
);
#999=(
BOUNDED_CURVE()
B_SPLINE_CURVE(2,(#9122,#9123,#9124),.UNSPECIFIED.,.F.,.F.)
B_SPLINE_CURVE_WITH_KNOTS((3,3),(-3.99999999999999,0.),.UNSPECIFIED.)
CURVE()
GEOMETRIC_REPRESENTATION_ITEM()
RATIONAL_B_SPLINE_CURVE((1.,0.707106781186551,1.))
REPRESENTATION_ITEM('')
);
#1000=(
BOUNDED_CURVE()
B_SPLINE_CURVE(2,(#9133,#9134,#9135),.UNSPECIFIED.,.F.,.F.)
B_SPLINE_CURVE_WITH_KNOTS((3,3),(0.,2.61815153951868),.UNSPECIFIED.)
CURVE()
GEOMETRIC_REPRESENTATION_ITEM()
RATIONAL_B_SPLINE_CURVE((1.,0.836704419098195,1.))
REPRESENTATION_ITEM('')
);
#1001=(
BOUNDED_CURVE()
B_SPLINE_CURVE(2,(#9328,#9329,#9330),.UNSPECIFIED.,.F.,.F.)
B_SPLINE_CURVE_WITH_KNOTS((3,3),(0.,4.),.UNSPECIFIED.)
CURVE()
GEOMETRIC_REPRESENTATION_ITEM()
RATIONAL_B_SPLINE_CURVE((1.,0.707106781186549,1.))
REPRESENTATION_ITEM('')
);
#1002=(
BOUNDED_CURVE()
B_SPLINE_CURVE(2,(#9337,#9338,#9339),.UNSPECIFIED.,.F.,.F.)
B_SPLINE_CURVE_WITH_KNOTS((3,3),(9.42477796076938,12.5663706143592),
 .UNSPECIFIED.)
CURVE()
GEOMETRIC_REPRESENTATION_ITEM()
RATIONAL_B_SPLINE_CURVE((1.,0.707106781186548,1.))
REPRESENTATION_ITEM('')
);
#1003=(
BOUNDED_CURVE()
B_SPLINE_CURVE(2,(#9344,#9345,#9346),.UNSPECIFIED.,.F.,.F.)
B_SPLINE_CURVE_WITH_KNOTS((3,3),(0.,4.),.UNSPECIFIED.)
CURVE()
GEOMETRIC_REPRESENTATION_ITEM()
RATIONAL_B_SPLINE_CURVE((1.,0.70710678118655,1.))
REPRESENTATION_ITEM('')
);
#1004=(
BOUNDED_CURVE()
B_SPLINE_CURVE(2,(#9359,#9360,#9361,#9362,#9363),.UNSPECIFIED.,.F.,.F.)
B_SPLINE_CURVE_WITH_KNOTS((3,2,3),(-27.7560808252992,-26.0630071441844,
-24.3699334630697),.UNSPECIFIED.)
CURVE()
GEOMETRIC_REPRESENTATION_ITEM()
RATIONAL_B_SPLINE_CURVE((1.,0.911751333087091,1.,0.911751333087091,1.))
REPRESENTATION_ITEM('')
);
#1005=(
BOUNDED_CURVE()
B_SPLINE_CURVE(2,(#9368,#9369,#9370),.UNSPECIFIED.,.F.,.F.)
B_SPLINE_CURVE_WITH_KNOTS((3,3),(0.,0.222729424906895),.UNSPECIFIED.)
CURVE()
GEOMETRIC_REPRESENTATION_ITEM()
RATIONAL_B_SPLINE_CURVE((1.,0.998453333283532,1.))
REPRESENTATION_ITEM('')
);
#1006=(
BOUNDED_CURVE()
B_SPLINE_CURVE(2,(#9610,#9611,#9612),.UNSPECIFIED.,.F.,.F.)
B_SPLINE_CURVE_WITH_KNOTS((3,3),(0.,3.40123113100399),.UNSPECIFIED.)
CURVE()
GEOMETRIC_REPRESENTATION_ITEM()
RATIONAL_B_SPLINE_CURVE((1.,0.761823598929874,1.))
REPRESENTATION_ITEM('')
);
#1007=(
BOUNDED_CURVE()
B_SPLINE_CURVE(2,(#9615,#9616,#9617),.UNSPECIFIED.,.F.,.F.)
B_SPLINE_CURVE_WITH_KNOTS((3,3),(0.,1.44682582545158),.UNSPECIFIED.)
CURVE()
GEOMETRIC_REPRESENTATION_ITEM()
RATIONAL_B_SPLINE_CURVE((1.,0.940374923736945,1.))
REPRESENTATION_ITEM('')
);
#1008=(
BOUNDED_CURVE()
B_SPLINE_CURVE(2,(#9622,#9623,#9624),.UNSPECIFIED.,.F.,.F.)
B_SPLINE_CURVE_WITH_KNOTS((3,3),(0.,2.32152525904693),.UNSPECIFIED.)
CURVE()
GEOMETRIC_REPRESENTATION_ITEM()
RATIONAL_B_SPLINE_CURVE((1.,0.864888022625259,1.))
REPRESENTATION_ITEM('')
);
#1009=(
BOUNDED_CURVE()
B_SPLINE_CURVE(2,(#9627,#9628,#9629),.UNSPECIFIED.,.F.,.F.)
B_SPLINE_CURVE_WITH_KNOTS((3,3),(0.,2.32152525904693),.UNSPECIFIED.)
CURVE()
GEOMETRIC_REPRESENTATION_ITEM()
RATIONAL_B_SPLINE_CURVE((1.,0.864888022625247,1.))
REPRESENTATION_ITEM('')
);
#1010=(
BOUNDED_CURVE()
B_SPLINE_CURVE(2,(#9634,#9635,#9636,#9637,#9638),.UNSPECIFIED.,.F.,.F.)
B_SPLINE_CURVE_WITH_KNOTS((3,2,3),(0.,2.25897413877235,4.5179482775447),
 .UNSPECIFIED.)
CURVE()
GEOMETRIC_REPRESENTATION_ITEM()
RATIONAL_B_SPLINE_CURVE((1.,0.870739529118661,1.,0.870739529118661,1.))
REPRESENTATION_ITEM('')
);
#1011=(
BOUNDED_CURVE()
B_SPLINE_CURVE(2,(#9643,#9644,#9645,#9646,#9647),.UNSPECIFIED.,.F.,.F.)
B_SPLINE_CURVE_WITH_KNOTS((3,2,3),(0.,2.25897413877236,4.51794827754471),
 .UNSPECIFIED.)
CURVE()
GEOMETRIC_REPRESENTATION_ITEM()
RATIONAL_B_SPLINE_CURVE((1.,0.87073952911866,1.,0.87073952911866,1.))
REPRESENTATION_ITEM('')
);
#1012=(
BOUNDED_CURVE()
B_SPLINE_CURVE(2,(#9650,#9651,#9652),.UNSPECIFIED.,.F.,.F.)
B_SPLINE_CURVE_WITH_KNOTS((3,3),(-3.40086598169424,0.),.UNSPECIFIED.)
CURVE()
GEOMETRIC_REPRESENTATION_ITEM()
RATIONAL_B_SPLINE_CURVE((1.,0.761828270293906,1.))
REPRESENTATION_ITEM('')
);
#1013=(
BOUNDED_CURVE()
B_SPLINE_CURVE(2,(#9661,#9662,#9663,#9664,#9665),.UNSPECIFIED.,.F.,.F.)
B_SPLINE_CURVE_WITH_KNOTS((3,2,3),(-3.31395072557265,-1.65697536278632,
0.),.UNSPECIFIED.)
CURVE()
GEOMETRIC_REPRESENTATION_ITEM()
RATIONAL_B_SPLINE_CURVE((1.,0.923869642897512,1.,0.923869642897512,1.))
REPRESENTATION_ITEM('')
);
#1014=(
BOUNDED_CURVE()
B_SPLINE_CURVE(2,(#9779,#9780,#9781),.UNSPECIFIED.,.F.,.F.)
B_SPLINE_CURVE_WITH_KNOTS((3,3),(-4.00000005082704,0.),.UNSPECIFIED.)
CURVE()
GEOMETRIC_REPRESENTATION_ITEM()
RATIONAL_B_SPLINE_CURVE((1.,0.707106776694667,1.))
REPRESENTATION_ITEM('')
);
#1015=(
BOUNDED_CURVE()
B_SPLINE_CURVE(2,(#9792,#9793,#9794),.UNSPECIFIED.,.F.,.F.)
B_SPLINE_CURVE_WITH_KNOTS((3,3),(0.,3.99999999999998),.UNSPECIFIED.)
CURVE()
GEOMETRIC_REPRESENTATION_ITEM()
RATIONAL_B_SPLINE_CURVE((1.,0.70710678118656,1.))
REPRESENTATION_ITEM('')
);
#1016=(
BOUNDED_CURVE()
B_SPLINE_CURVE(2,(#9801,#9802,#9803),.UNSPECIFIED.,.F.,.F.)
B_SPLINE_CURVE_WITH_KNOTS((3,3),(0.,4.),.UNSPECIFIED.)
CURVE()
GEOMETRIC_REPRESENTATION_ITEM()
RATIONAL_B_SPLINE_CURVE((1.,0.707106781186545,1.))
REPRESENTATION_ITEM('')
);
#1017=(
BOUNDED_CURVE()
B_SPLINE_CURVE(2,(#9814,#9815,#9816),.UNSPECIFIED.,.F.,.F.)
B_SPLINE_CURVE_WITH_KNOTS((3,3),(0.,3.99999999999996),.UNSPECIFIED.)
CURVE()
GEOMETRIC_REPRESENTATION_ITEM()
RATIONAL_B_SPLINE_CURVE((1.,0.707106781186554,1.))
REPRESENTATION_ITEM('')
);
#1018=(
BOUNDED_CURVE()
B_SPLINE_CURVE(2,(#9821,#9822,#9823),.UNSPECIFIED.,.F.,.F.)
B_SPLINE_CURVE_WITH_KNOTS((3,3),(-4.03139902542379,0.),.UNSPECIFIED.)
CURVE()
GEOMETRIC_REPRESENTATION_ITEM()
RATIONAL_B_SPLINE_CURVE((1.,0.707106781186548,1.))
REPRESENTATION_ITEM('')
);
#1019=(
BOUNDED_CURVE()
B_SPLINE_CURVE(2,(#9838,#9839,#9840),.UNSPECIFIED.,.F.,.F.)
B_SPLINE_CURVE_WITH_KNOTS((3,3),(-4.,0.),.UNSPECIFIED.)
CURVE()
GEOMETRIC_REPRESENTATION_ITEM()
RATIONAL_B_SPLINE_CURVE((1.,0.707106781186548,1.))
REPRESENTATION_ITEM('')
);
#1020=(
BOUNDED_CURVE()
B_SPLINE_CURVE(2,(#9849,#9850,#9851),.UNSPECIFIED.,.F.,.F.)
B_SPLINE_CURVE_WITH_KNOTS((3,3),(0.,4.00000000000001),.UNSPECIFIED.)
CURVE()
GEOMETRIC_REPRESENTATION_ITEM()
RATIONAL_B_SPLINE_CURVE((1.,0.707106781186544,1.))
REPRESENTATION_ITEM('')
);
#1021=(
BOUNDED_CURVE()
B_SPLINE_CURVE(2,(#9858,#9859,#9860),.UNSPECIFIED.,.F.,.F.)
B_SPLINE_CURVE_WITH_KNOTS((3,3),(6.28318530717959,9.42477796076949),
 .UNSPECIFIED.)
CURVE()
GEOMETRIC_REPRESENTATION_ITEM()
RATIONAL_B_SPLINE_CURVE((1.,0.707106781186527,1.))
REPRESENTATION_ITEM('')
);
#1022=(
BOUNDED_CURVE()
B_SPLINE_CURVE(2,(#9865,#9866,#9867),.UNSPECIFIED.,.F.,.F.)
B_SPLINE_CURVE_WITH_KNOTS((3,3),(0.,3.99999999999998),.UNSPECIFIED.)
CURVE()
GEOMETRIC_REPRESENTATION_ITEM()
RATIONAL_B_SPLINE_CURVE((1.,0.707106781186554,1.))
REPRESENTATION_ITEM('')
);
#1023=(
BOUNDED_CURVE()
B_SPLINE_CURVE(2,(#9888,#9889,#9890),.UNSPECIFIED.,.F.,.F.)
B_SPLINE_CURVE_WITH_KNOTS((3,3),(-1.5707963267949,-5.55111512312578E-16),
 .UNSPECIFIED.)
CURVE()
GEOMETRIC_REPRESENTATION_ITEM()
RATIONAL_B_SPLINE_CURVE((1.,0.707106781186548,1.))
REPRESENTATION_ITEM('')
);
#1024=(
BOUNDED_CURVE()
B_SPLINE_CURVE(2,(#9895,#9896,#9897),.UNSPECIFIED.,.F.,.F.)
B_SPLINE_CURVE_WITH_KNOTS((3,3),(0.,4.00000000000001),.UNSPECIFIED.)
CURVE()
GEOMETRIC_REPRESENTATION_ITEM()
RATIONAL_B_SPLINE_CURVE((1.,0.707106781186536,1.))
REPRESENTATION_ITEM('')
);
#1025=(
BOUNDED_CURVE()
B_SPLINE_CURVE(2,(#9904,#9905,#9906),.UNSPECIFIED.,.F.,.F.)
B_SPLINE_CURVE_WITH_KNOTS((3,3),(0.,3.99999999999998),.UNSPECIFIED.)
CURVE()
GEOMETRIC_REPRESENTATION_ITEM()
RATIONAL_B_SPLINE_CURVE((1.,0.707106781186557,1.))
REPRESENTATION_ITEM('')
);
#1026=(
BOUNDED_CURVE()
B_SPLINE_CURVE(2,(#9919,#9920,#9921),.UNSPECIFIED.,.F.,.F.)
B_SPLINE_CURVE_WITH_KNOTS((3,3),(-4.,0.),.UNSPECIFIED.)
CURVE()
GEOMETRIC_REPRESENTATION_ITEM()
RATIONAL_B_SPLINE_CURVE((1.,0.707106781186548,1.))
REPRESENTATION_ITEM('')
);
#1027=(
BOUNDED_CURVE()
B_SPLINE_CURVE(2,(#9928,#9929,#9930),.UNSPECIFIED.,.F.,.F.)
B_SPLINE_CURVE_WITH_KNOTS((3,3),(0.,3.99999999999999),.UNSPECIFIED.)
CURVE()
GEOMETRIC_REPRESENTATION_ITEM()
RATIONAL_B_SPLINE_CURVE((1.,0.707106781186547,1.))
REPRESENTATION_ITEM('')
);
#1028=(
BOUNDED_CURVE()
B_SPLINE_CURVE(2,(#9939,#9940,#9941),.UNSPECIFIED.,.F.,.F.)
B_SPLINE_CURVE_WITH_KNOTS((3,3),(0.,3.99999999999997),.UNSPECIFIED.)
CURVE()
GEOMETRIC_REPRESENTATION_ITEM()
RATIONAL_B_SPLINE_CURVE((1.,0.707106781186556,1.))
REPRESENTATION_ITEM('')
);
#1029=(
BOUNDED_CURVE()
B_SPLINE_CURVE(2,(#9948,#9949,#9950),.UNSPECIFIED.,.F.,.F.)
B_SPLINE_CURVE_WITH_KNOTS((3,3),(-6.28318530717959,-3.14159265358979),
 .UNSPECIFIED.)
CURVE()
GEOMETRIC_REPRESENTATION_ITEM()
RATIONAL_B_SPLINE_CURVE((1.,0.70710678118655,1.))
REPRESENTATION_ITEM('')
);
#1030=(
BOUNDED_CURVE()
B_SPLINE_CURVE(2,(#9955,#9956,#9957),.UNSPECIFIED.,.F.,.F.)
B_SPLINE_CURVE_WITH_KNOTS((3,3),(0.,3.99999999999984),.UNSPECIFIED.)
CURVE()
GEOMETRIC_REPRESENTATION_ITEM()
RATIONAL_B_SPLINE_CURVE((1.,0.707106781186562,1.))
REPRESENTATION_ITEM('')
);
#1031=(
BOUNDED_CURVE()
B_SPLINE_CURVE(2,(#9972,#9973,#9974),.UNSPECIFIED.,.F.,.F.)
B_SPLINE_CURVE_WITH_KNOTS((3,3),(-3.99999999999998,0.),.UNSPECIFIED.)
CURVE()
GEOMETRIC_REPRESENTATION_ITEM()
RATIONAL_B_SPLINE_CURVE((1.,0.70710678118655,1.))
REPRESENTATION_ITEM('')
);
#1032=(
BOUNDED_CURVE()
B_SPLINE_CURVE(2,(#9979,#9980,#9981),.UNSPECIFIED.,.F.,.F.)
B_SPLINE_CURVE_WITH_KNOTS((3,3),(0.,4.00000000000003),.UNSPECIFIED.)
CURVE()
GEOMETRIC_REPRESENTATION_ITEM()
RATIONAL_B_SPLINE_CURVE((1.,0.707106781186541,1.))
REPRESENTATION_ITEM('')
);
#1033=(
BOUNDED_CURVE()
B_SPLINE_CURVE(2,(#9992,#9993,#9994),.UNSPECIFIED.,.F.,.F.)
B_SPLINE_CURVE_WITH_KNOTS((3,3),(-1.5707963267949,0.),.UNSPECIFIED.)
CURVE()
GEOMETRIC_REPRESENTATION_ITEM()
RATIONAL_B_SPLINE_CURVE((1.,0.707106781186547,1.))
REPRESENTATION_ITEM('')
);
#1034=(
BOUNDED_CURVE()
B_SPLINE_CURVE(2,(#10003,#10004,#10005),.UNSPECIFIED.,.F.,.F.)
B_SPLINE_CURVE_WITH_KNOTS((3,3),(0.,3.99999999999999),.UNSPECIFIED.)
CURVE()
GEOMETRIC_REPRESENTATION_ITEM()
RATIONAL_B_SPLINE_CURVE((1.,0.707106781186542,1.))
REPRESENTATION_ITEM('')
);
#1035=(
BOUNDED_CURVE()
B_SPLINE_CURVE(2,(#10008,#10009,#10010),.UNSPECIFIED.,.F.,.F.)
B_SPLINE_CURVE_WITH_KNOTS((3,3),(0.,3.999999999979),.UNSPECIFIED.)
CURVE()
GEOMETRIC_REPRESENTATION_ITEM()
RATIONAL_B_SPLINE_CURVE((1.,0.707106781188395,1.))
REPRESENTATION_ITEM('')
);
#1036=(
BOUNDED_CURVE()
B_SPLINE_CURVE(2,(#10021,#10022,#10023),.UNSPECIFIED.,.F.,.F.)
B_SPLINE_CURVE_WITH_KNOTS((3,3),(-1.5707963267949,3.33066907387547E-15),
 .UNSPECIFIED.)
CURVE()
GEOMETRIC_REPRESENTATION_ITEM()
RATIONAL_B_SPLINE_CURVE((1.,0.707106781188214,1.))
REPRESENTATION_ITEM('')
);
#1037=(
BOUNDED_CURVE()
B_SPLINE_CURVE(2,(#10036,#10037,#10038),.UNSPECIFIED.,.F.,.F.)
B_SPLINE_CURVE_WITH_KNOTS((3,3),(0.,3.99999999999992),.UNSPECIFIED.)
CURVE()
GEOMETRIC_REPRESENTATION_ITEM()
RATIONAL_B_SPLINE_CURVE((1.,0.707106781186553,1.))
REPRESENTATION_ITEM('')
);
#1038=(
BOUNDED_CURVE()
B_SPLINE_CURVE(2,(#10043,#10044,#10045),.UNSPECIFIED.,.F.,.F.)
B_SPLINE_CURVE_WITH_KNOTS((3,3),(-9.42477796076948,-6.28318530717959),
 .UNSPECIFIED.)
CURVE()
GEOMETRIC_REPRESENTATION_ITEM()
RATIONAL_B_SPLINE_CURVE((1.,0.707106781186533,1.))
REPRESENTATION_ITEM('')
);
#1039=(
BOUNDED_CURVE()
B_SPLINE_CURVE(2,(#10064,#10065,#10066),.UNSPECIFIED.,.F.,.F.)
B_SPLINE_CURVE_WITH_KNOTS((3,3),(0.,3.99999999999995),.UNSPECIFIED.)
CURVE()
GEOMETRIC_REPRESENTATION_ITEM()
RATIONAL_B_SPLINE_CURVE((1.,0.707106781186551,1.))
REPRESENTATION_ITEM('')
);
#1040=(
BOUNDED_CURVE()
B_SPLINE_CURVE(2,(#10100,#10101,#10102),.UNSPECIFIED.,.F.,.F.)
B_SPLINE_CURVE_WITH_KNOTS((3,3),(6.28318530717959,7.90591170882217),
 .UNSPECIFIED.)
CURVE()
GEOMETRIC_REPRESENTATION_ITEM()
RATIONAL_B_SPLINE_CURVE((1.,0.91855302996615,1.))
REPRESENTATION_ITEM('')
);
#1041=(
BOUNDED_CURVE()
B_SPLINE_CURVE(2,(#10107,#10108,#10109),.UNSPECIFIED.,.F.,.F.)
B_SPLINE_CURVE_WITH_KNOTS((3,3),(0.,4.00000000000005),.UNSPECIFIED.)
CURVE()
GEOMETRIC_REPRESENTATION_ITEM()
RATIONAL_B_SPLINE_CURVE((1.,0.707106781186543,1.))
REPRESENTATION_ITEM('')
);
#1042=(
BOUNDED_CURVE()
B_SPLINE_CURVE(2,(#10120,#10121,#10122),.UNSPECIFIED.,.F.,.F.)
B_SPLINE_CURVE_WITH_KNOTS((3,3),(0.,4.00000000000004),.UNSPECIFIED.)
CURVE()
GEOMETRIC_REPRESENTATION_ITEM()
RATIONAL_B_SPLINE_CURVE((1.,0.70710678118653,1.))
REPRESENTATION_ITEM('')
);
#1043=(
BOUNDED_CURVE()
B_SPLINE_CURVE(2,(#10147,#10148,#10149),.UNSPECIFIED.,.F.,.F.)
B_SPLINE_CURVE_WITH_KNOTS((3,3),(-2.30153570172588,0.),.UNSPECIFIED.)
CURVE()
GEOMETRIC_REPRESENTATION_ITEM()
RATIONAL_B_SPLINE_CURVE((1.,0.937763808836028,1.))
REPRESENTATION_ITEM('')
);
#1044=(
BOUNDED_CURVE()
B_SPLINE_CURVE(2,(#10150,#10151,#10152),.UNSPECIFIED.,.F.,.F.)
B_SPLINE_CURVE_WITH_KNOTS((3,3),(-2.30153570172588,0.),.UNSPECIFIED.)
CURVE()
GEOMETRIC_REPRESENTATION_ITEM()
RATIONAL_B_SPLINE_CURVE((1.,0.937763808836028,1.))
REPRESENTATION_ITEM('')
);
#1045=(
BOUNDED_CURVE()
B_SPLINE_CURVE(2,(#10153,#10154,#10155),.UNSPECIFIED.,.F.,.F.)
B_SPLINE_CURVE_WITH_KNOTS((3,3),(-7.1375247114559,0.),.UNSPECIFIED.)
CURVE()
GEOMETRIC_REPRESENTATION_ITEM()
RATIONAL_B_SPLINE_CURVE((1.,0.913251144643015,1.))
REPRESENTATION_ITEM('')
);
#1046=(
BOUNDED_CURVE()
B_SPLINE_CURVE(2,(#10156,#10157,#10158),.UNSPECIFIED.,.F.,.F.)
B_SPLINE_CURVE_WITH_KNOTS((3,3),(-7.1375247114559,0.),.UNSPECIFIED.)
CURVE()
GEOMETRIC_REPRESENTATION_ITEM()
RATIONAL_B_SPLINE_CURVE((1.,0.913251144643015,1.))
REPRESENTATION_ITEM('')
);
#1047=(
BOUNDED_CURVE()
B_SPLINE_CURVE(2,(#10159,#10160,#10161,#10162,#10163),.UNSPECIFIED.,.F.,
 .F.)
B_SPLINE_CURVE_WITH_KNOTS((3,2,3),(-3.91519218429954,0.,5.13419445557431),
 .UNSPECIFIED.)
CURVE()
GEOMETRIC_REPRESENTATION_ITEM()
RATIONAL_B_SPLINE_CURVE((1.,0.828835938456144,1.,0.707106781186545,1.))
REPRESENTATION_ITEM('')
);
#1048=(
BOUNDED_CURVE()
B_SPLINE_CURVE(2,(#10164,#10165,#10166,#10167,#10168,#10169,#10170),
 .UNSPECIFIED.,.F.,.F.)
B_SPLINE_CURVE_WITH_KNOTS((3,2,2,3),(-3.91519218429954,1.77635683940025E-15,
3.71786507865017,5.13419445557431),.UNSPECIFIED.)
CURVE()
GEOMETRIC_REPRESENTATION_ITEM()
RATIONAL_B_SPLINE_CURVE((1.,0.828835938456144,1.,0.841884654737294,1.,0.976897833192981,
1.))
REPRESENTATION_ITEM('')
);
#1049=(
BOUNDED_CURVE()
B_SPLINE_CURVE(2,(#10171,#10172,#10173),.UNSPECIFIED.,.F.,.F.)
B_SPLINE_CURVE_WITH_KNOTS((3,3),(-2.30153570172602,0.),.UNSPECIFIED.)
CURVE()
GEOMETRIC_REPRESENTATION_ITEM()
RATIONAL_B_SPLINE_CURVE((1.,0.937763808836021,1.))
REPRESENTATION_ITEM('')
);
#1050=(
BOUNDED_CURVE()
B_SPLINE_CURVE(2,(#10174,#10175,#10176),.UNSPECIFIED.,.F.,.F.)
B_SPLINE_CURVE_WITH_KNOTS((3,3),(-2.30153570172602,0.),.UNSPECIFIED.)
CURVE()
GEOMETRIC_REPRESENTATION_ITEM()
RATIONAL_B_SPLINE_CURVE((1.,0.937763808836021,1.))
REPRESENTATION_ITEM('')
);
#1051=(
BOUNDED_CURVE()
B_SPLINE_CURVE(2,(#10177,#10178,#10179),.UNSPECIFIED.,.F.,.F.)
B_SPLINE_CURVE_WITH_KNOTS((3,3),(-1.44786815176164,0.),.UNSPECIFIED.)
CURVE()
GEOMETRIC_REPRESENTATION_ITEM()
RATIONAL_B_SPLINE_CURVE((1.,0.995930596270703,1.))
REPRESENTATION_ITEM('')
);
#1052=(
BOUNDED_CURVE()
B_SPLINE_CURVE(2,(#10180,#10181,#10182),.UNSPECIFIED.,.F.,.F.)
B_SPLINE_CURVE_WITH_KNOTS((3,3),(-1.44786815176164,0.),.UNSPECIFIED.)
CURVE()
GEOMETRIC_REPRESENTATION_ITEM()
RATIONAL_B_SPLINE_CURVE((1.,0.995930596270703,1.))
REPRESENTATION_ITEM('')
);
#1053=(
BOUNDED_CURVE()
B_SPLINE_CURVE(2,(#10417,#10418,#10419),.UNSPECIFIED.,.F.,.F.)
B_SPLINE_CURVE_WITH_KNOTS((3,3),(-13.717848849744,0.),.UNSPECIFIED.)
CURVE()
GEOMETRIC_REPRESENTATION_ITEM()
RATIONAL_B_SPLINE_CURVE((1.,0.824660321743891,1.))
REPRESENTATION_ITEM('')
);
#1054=(
BOUNDED_CURVE()
B_SPLINE_CURVE(2,(#10420,#10421,#10422),.UNSPECIFIED.,.F.,.F.)
B_SPLINE_CURVE_WITH_KNOTS((3,3),(-13.717848849744,0.),.UNSPECIFIED.)
CURVE()
GEOMETRIC_REPRESENTATION_ITEM()
RATIONAL_B_SPLINE_CURVE((1.,0.824660321743891,1.))
REPRESENTATION_ITEM('')
);
#1055=(
BOUNDED_CURVE()
B_SPLINE_CURVE(2,(#10423,#10424,#10425),.UNSPECIFIED.,.F.,.F.)
B_SPLINE_CURVE_WITH_KNOTS((3,3),(-13.7178488497438,0.),.UNSPECIFIED.)
CURVE()
GEOMETRIC_REPRESENTATION_ITEM()
RATIONAL_B_SPLINE_CURVE((1.,0.824660321743895,1.))
REPRESENTATION_ITEM('')
);
#1056=(
BOUNDED_CURVE()
B_SPLINE_CURVE(2,(#10426,#10427,#10428),.UNSPECIFIED.,.F.,.F.)
B_SPLINE_CURVE_WITH_KNOTS((3,3),(-13.7178488497438,0.),.UNSPECIFIED.)
CURVE()
GEOMETRIC_REPRESENTATION_ITEM()
RATIONAL_B_SPLINE_CURVE((1.,0.824660321743895,1.))
REPRESENTATION_ITEM('')
);
#1057=(
BOUNDED_CURVE()
B_SPLINE_CURVE(2,(#10499,#10500,#10501),.UNSPECIFIED.,.F.,.F.)
B_SPLINE_CURVE_WITH_KNOTS((3,3),(-5.54804171400075,-4.87487198411923),
 .UNSPECIFIED.)
CURVE()
GEOMETRIC_REPRESENTATION_ITEM()
RATIONAL_B_SPLINE_CURVE((1.,0.994297693939787,1.))
REPRESENTATION_ITEM('')
);
#1058=(
BOUNDED_CURVE()
B_SPLINE_CURVE(2,(#10502,#10503,#10504),.UNSPECIFIED.,.F.,.F.)
B_SPLINE_CURVE_WITH_KNOTS((3,3),(-5.54804171400075,-4.87487198411923),
 .UNSPECIFIED.)
CURVE()
GEOMETRIC_REPRESENTATION_ITEM()
RATIONAL_B_SPLINE_CURVE((1.,0.994297693939787,1.))
REPRESENTATION_ITEM('')
);
#1059=(
BOUNDED_CURVE()
B_SPLINE_CURVE(2,(#10505,#10506,#10507,#10508,#10509,#10510,#10511),
 .UNSPECIFIED.,.F.,.F.)
B_SPLINE_CURVE_WITH_KNOTS((3,2,2,3),(-4.87487198411923,-2.77402085700037,
0.,5.13419445557427),.UNSPECIFIED.)
CURVE()
GEOMETRIC_REPRESENTATION_ITEM()
RATIONAL_B_SPLINE_CURVE((1.,0.942995368411319,1.,0.902127694430101,1.,0.707106781186548,
1.))
REPRESENTATION_ITEM('')
);
#1060=(
BOUNDED_CURVE()
B_SPLINE_CURVE(2,(#10512,#10513,#10514,#10515,#10516,#10517,#10518,#10519,
#10520),.UNSPECIFIED.,.F.,.F.)
B_SPLINE_CURVE_WITH_KNOTS((3,2,2,2,3),(-4.87487198411923,-2.77402085700037,
2.66453525910038E-15,3.71786507865008,5.13419445557427),.UNSPECIFIED.)
CURVE()
GEOMETRIC_REPRESENTATION_ITEM()
RATIONAL_B_SPLINE_CURVE((1.,0.942995368411319,1.,0.902127694430101,1.,0.8418846547373,
1.,0.976897833192979,1.))
REPRESENTATION_ITEM('')
);
#1061=(
BOUNDED_CURVE()
B_SPLINE_CURVE(2,(#10521,#10522,#10523,#10524,#10525),.UNSPECIFIED.,.F.,
 .F.)
B_SPLINE_CURVE_WITH_KNOTS((3,2,3),(-10.4,-5.2,0.),.UNSPECIFIED.)
CURVE()
GEOMETRIC_REPRESENTATION_ITEM()
RATIONAL_B_SPLINE_CURVE((1.,0.707106781186548,1.,0.707106781186548,1.))
REPRESENTATION_ITEM('')
);
#1062=(
BOUNDED_CURVE()
B_SPLINE_CURVE(2,(#10526,#10527,#10528,#10529,#10530),.UNSPECIFIED.,.F.,
 .F.)
B_SPLINE_CURVE_WITH_KNOTS((3,2,3),(-10.4,-5.2,0.),.UNSPECIFIED.)
CURVE()
GEOMETRIC_REPRESENTATION_ITEM()
RATIONAL_B_SPLINE_CURVE((1.,0.707106781186548,1.,0.707106781186548,1.))
REPRESENTATION_ITEM('')
);
#1063=(
BOUNDED_CURVE()
B_SPLINE_CURVE(2,(#10531,#10532,#10533,#10534,#10535),.UNSPECIFIED.,.F.,
 .F.)
B_SPLINE_CURVE_WITH_KNOTS((3,2,3),(-10.4,-5.2,0.),.UNSPECIFIED.)
CURVE()
GEOMETRIC_REPRESENTATION_ITEM()
RATIONAL_B_SPLINE_CURVE((1.,0.707106781186548,1.,0.707106781186548,1.))
REPRESENTATION_ITEM('')
);
#1064=(
BOUNDED_CURVE()
B_SPLINE_CURVE(2,(#10536,#10537,#10538,#10539,#10540),.UNSPECIFIED.,.F.,
 .F.)
B_SPLINE_CURVE_WITH_KNOTS((3,2,3),(-10.4,-5.2,0.),.UNSPECIFIED.)
CURVE()
GEOMETRIC_REPRESENTATION_ITEM()
RATIONAL_B_SPLINE_CURVE((1.,0.707106781186548,1.,0.707106781186548,1.))
REPRESENTATION_ITEM('')
);
#1065=(
BOUNDED_CURVE()
B_SPLINE_CURVE(2,(#10541,#10542,#10543,#10544,#10545),.UNSPECIFIED.,.F.,
 .F.)
B_SPLINE_CURVE_WITH_KNOTS((3,2,3),(-5.8,0.,5.8),.UNSPECIFIED.)
CURVE()
GEOMETRIC_REPRESENTATION_ITEM()
RATIONAL_B_SPLINE_CURVE((1.,0.707106781186547,1.,0.707106781186547,1.))
REPRESENTATION_ITEM('')
);
#1066=(
BOUNDED_CURVE()
B_SPLINE_CURVE(2,(#10546,#10547,#10548,#10549,#10550),.UNSPECIFIED.,.F.,
 .F.)
B_SPLINE_CURVE_WITH_KNOTS((3,2,3),(-5.8,8.88178419700125E-16,5.8),
 .UNSPECIFIED.)
CURVE()
GEOMETRIC_REPRESENTATION_ITEM()
RATIONAL_B_SPLINE_CURVE((1.,0.707106781186547,1.,0.707106781186547,1.))
REPRESENTATION_ITEM('')
);
#1067=(
BOUNDED_CURVE()
B_SPLINE_CURVE(2,(#10551,#10552,#10553,#10554,#10555),.UNSPECIFIED.,.F.,
 .F.)
B_SPLINE_CURVE_WITH_KNOTS((3,2,3),(5.8,11.6,17.4),.UNSPECIFIED.)
CURVE()
GEOMETRIC_REPRESENTATION_ITEM()
RATIONAL_B_SPLINE_CURVE((1.,0.707106781186548,1.,0.707106781186547,1.))
REPRESENTATION_ITEM('')
);
#1068=(
BOUNDED_CURVE()
B_SPLINE_CURVE(2,(#10556,#10557,#10558,#10559,#10560),.UNSPECIFIED.,.F.,
 .F.)
B_SPLINE_CURVE_WITH_KNOTS((3,2,3),(5.8,11.6,17.4),.UNSPECIFIED.)
CURVE()
GEOMETRIC_REPRESENTATION_ITEM()
RATIONAL_B_SPLINE_CURVE((1.,0.707106781186548,1.,0.707106781186547,1.))
REPRESENTATION_ITEM('')
);
#1069=(
BOUNDED_CURVE()
B_SPLINE_CURVE(2,(#10561,#10562,#10563,#10564,#10565),.UNSPECIFIED.,.F.,
 .F.)
B_SPLINE_CURVE_WITH_KNOTS((3,2,3),(-5.8,0.,5.80000000000001),
 .UNSPECIFIED.)
CURVE()
GEOMETRIC_REPRESENTATION_ITEM()
RATIONAL_B_SPLINE_CURVE((1.,0.707106781186547,1.,0.707106781186547,1.))
REPRESENTATION_ITEM('')
);
#1070=(
BOUNDED_CURVE()
B_SPLINE_CURVE(2,(#10566,#10567,#10568,#10569,#10570),.UNSPECIFIED.,.F.,
 .F.)
B_SPLINE_CURVE_WITH_KNOTS((3,2,3),(-5.8,0.,5.80000000000001),
 .UNSPECIFIED.)
CURVE()
GEOMETRIC_REPRESENTATION_ITEM()
RATIONAL_B_SPLINE_CURVE((1.,0.707106781186547,1.,0.707106781186547,1.))
REPRESENTATION_ITEM('')
);
#1071=(
BOUNDED_CURVE()
B_SPLINE_CURVE(2,(#10571,#10572,#10573,#10574,#10575),.UNSPECIFIED.,.F.,
 .F.)
B_SPLINE_CURVE_WITH_KNOTS((3,2,3),(5.80000000000001,11.6,17.4),
 .UNSPECIFIED.)
CURVE()
GEOMETRIC_REPRESENTATION_ITEM()
RATIONAL_B_SPLINE_CURVE((1.,0.707106781186548,1.,0.707106781186547,1.))
REPRESENTATION_ITEM('')
);
#1072=(
BOUNDED_CURVE()
B_SPLINE_CURVE(2,(#10576,#10577,#10578,#10579,#10580),.UNSPECIFIED.,.F.,
 .F.)
B_SPLINE_CURVE_WITH_KNOTS((3,2,3),(5.80000000000001,11.6,17.4),
 .UNSPECIFIED.)
CURVE()
GEOMETRIC_REPRESENTATION_ITEM()
RATIONAL_B_SPLINE_CURVE((1.,0.707106781186548,1.,0.707106781186547,1.))
REPRESENTATION_ITEM('')
);
#1073=(
BOUNDED_CURVE()
B_SPLINE_CURVE(2,(#10581,#10582,#10583),.UNSPECIFIED.,.F.,.F.)
B_SPLINE_CURVE_WITH_KNOTS((3,3),(0.,10.974279079795),.UNSPECIFIED.)
CURVE()
GEOMETRIC_REPRESENTATION_ITEM()
RATIONAL_B_SPLINE_CURVE((1.,0.824660321743895,1.))
REPRESENTATION_ITEM('')
);
#1074=(
BOUNDED_CURVE()
B_SPLINE_CURVE(2,(#10586,#10587,#10588),.UNSPECIFIED.,.F.,.F.)
B_SPLINE_CURVE_WITH_KNOTS((3,3),(6.28318530717959,9.42477796076947),
 .UNSPECIFIED.)
CURVE()
GEOMETRIC_REPRESENTATION_ITEM()
RATIONAL_B_SPLINE_CURVE((1.,0.707106781186548,1.))
REPRESENTATION_ITEM('')
);
#1075=(
BOUNDED_CURVE()
B_SPLINE_CURVE(2,(#10593,#10594,#10595),.UNSPECIFIED.,.F.,.F.)
B_SPLINE_CURVE_WITH_KNOTS((3,3),(0.,4.),.UNSPECIFIED.)
CURVE()
GEOMETRIC_REPRESENTATION_ITEM()
RATIONAL_B_SPLINE_CURVE((1.,0.707106781186553,1.))
REPRESENTATION_ITEM('')
);
#1076=(
BOUNDED_CURVE()
B_SPLINE_CURVE(2,(#10602,#10603,#10604),.UNSPECIFIED.,.F.,.F.)
B_SPLINE_CURVE_WITH_KNOTS((3,3),(0.,10.974279079795),.UNSPECIFIED.)
CURVE()
GEOMETRIC_REPRESENTATION_ITEM()
RATIONAL_B_SPLINE_CURVE((1.,0.824660321743898,1.))
REPRESENTATION_ITEM('')
);
#1077=(
BOUNDED_CURVE()
B_SPLINE_CURVE(2,(#10607,#10608,#10609),.UNSPECIFIED.,.F.,.F.)
B_SPLINE_CURVE_WITH_KNOTS((3,3),(0.,3.99999999999996),.UNSPECIFIED.)
CURVE()
GEOMETRIC_REPRESENTATION_ITEM()
RATIONAL_B_SPLINE_CURVE((1.,0.707106781186554,1.))
REPRESENTATION_ITEM('')
);
#1078=(
BOUNDED_CURVE()
B_SPLINE_CURVE(2,(#10616,#10617,#10618),.UNSPECIFIED.,.F.,.F.)
B_SPLINE_CURVE_WITH_KNOTS((3,3),(0.,4.),.UNSPECIFIED.)
CURVE()
GEOMETRIC_REPRESENTATION_ITEM()
RATIONAL_B_SPLINE_CURVE((1.,0.707106781186554,1.))
REPRESENTATION_ITEM('')
);
#1079=(
BOUNDED_CURVE()
B_SPLINE_CURVE(3,(#10625,#10626,#10627,#10628,#10629,#10630,#10631,#10632,
#10633,#10634,#10635,#10636,#10637,#10638,#10639,#10640,#10641,#10642,#10643,
#10644,#10645,#10646,#10647,#10648,#10649,#10650,#10651,#10652,#10653,#10654,
#10655,#10656,#10657,#10658,#10659,#10660,#10661,#10662,#10663,#10664,#10665,
#10666,#10667,#10668,#10669,#10670,#10671,#10672,#10673,#10674,#10675,#10676,
#10677,#10678,#10679,#10680,#10681,#10682,#10683,#10684,#10685,#10686,#10687,
#10688,#10689,#10690,#10691,#10692,#10693,#10694,#10695,#10696,#10697,#10698,
#10699,#10700,#10701,#10702,#10703,#10704,#10705,#10706,#10707,#10708,#10709,
#10710,#10711,#10712,#10713,#10714,#10715,#10716,#10717,#10718,#10719,#10720,
#10721,#10722,#10723,#10724,#10725,#10726,#10727,#10728,#10729,#10730,#10731,
#10732,#10733,#10734,#10735,#10736,#10737,#10738,#10739,#10740,#10741,#10742,
#10743,#10744,#10745,#10746,#10747,#10748,#10749,#10750,#10751,#10752,#10753,
#10754,#10755,#10756,#10757,#10758,#10759,#10760,#10761,#10762,#10763,#10764,
#10765,#10766,#10767,#10768,#10769,#10770,#10771,#10772,#10773,#10774,#10775,
#10776,#10777,#10778,#10779,#10780,#10781,#10782,#10783,#10784,#10785,#10786,
#10787,#10788,#10789,#10790,#10791,#10792,#10793,#10794,#10795,#10796,#10797,
#10798,#10799,#10800,#10801,#10802,#10803,#10804,#10805,#10806,#10807,#10808,
#10809,#10810,#10811),.UNSPECIFIED.,.F.,.F.)
B_SPLINE_CURVE_WITH_KNOTS((4,3,3,3,3,3,3,3,3,3,3,3,3,3,3,3,3,3,3,3,3,3,
3,3,3,3,3,3,3,3,3,3,3,3,3,3,3,3,3,3,3,3,3,3,3,3,3,3,3,3,3,3,3,3,3,3,3,3,
3,3,3,3,4),(73.1711625433509,73.6089981662373,74.2108246095842,74.7872334730591,
75.2133641963572,75.6575234396738,76.1824820775183,76.6924835285133,77.1960930528477,
77.4115395315363,77.7571441109148,78.1889934204447,78.4395737257463,78.7893669848981,
79.3065427928365,79.7127854382301,80.2594668759195,80.4357746882161,80.6712409549958,
80.9900444552128,81.304786946022,81.4949047633854,81.7630144155268,82.1948129104602,
82.4298305404226,82.7897752912088,83.3173852519056,83.5718585891345,83.908110632674,
84.321714130336,84.5595376581674,85.1057854622359,85.382267826014,85.7185274208508,
86.2339956326985,86.7509486156254,87.2689937421377,87.5737199879448,88.1586715749373,
88.7492599813606,89.3406870675146,89.9040306109146,90.5552509579548,91.2071514501709,
91.6252382331011,92.3455774975016,93.0664669417099,93.421283583701,93.9001871274404,
94.5655392209028,95.3892511248582,96.2131974895284,97.0380490874976,97.4598821724164,
98.2403527234451,99.045965168606,99.987535411403,100.930286294661,101.485886383372,
102.396115705508,103.335726692597,104.415008111606,105.495971428738),
 .UNSPECIFIED.)
CURVE()
GEOMETRIC_REPRESENTATION_ITEM()
RATIONAL_B_SPLINE_CURVE((1.,1.,1.,1.,1.,1.,1.,1.,1.,1.,1.,1.,1.,1.,1.,1.,
1.,1.,1.,1.,1.,1.,1.,1.,1.,1.,1.,1.,1.,1.,1.,1.,1.,1.,1.,1.,1.,1.,1.,1.,
1.,1.,1.,1.,1.,1.,1.,1.,1.,1.,1.,1.,1.,1.,1.,1.,1.,1.,1.,1.,1.,1.,1.,1.,
1.,1.,1.,1.,1.,1.,1.,1.,1.,1.,1.,1.,1.,1.,1.,1.,1.,1.,1.,1.,1.,1.,1.,1.,
1.,1.,1.,1.,1.,1.,1.,1.,1.,1.,1.,1.,1.,1.,1.,1.,1.,1.,1.,1.,1.,1.,1.,1.,
1.,1.,1.,1.,1.,1.,1.,1.,1.,1.,1.,1.,1.,1.,1.,1.,1.,1.,1.,1.,1.,1.,1.,1.,
1.,1.,1.,1.,1.,1.,1.,1.,1.,1.,1.,1.,1.,1.,1.,1.,1.,1.,1.,1.,1.,1.,1.,1.,
1.,1.,1.,1.,1.,1.,1.,1.,1.,1.,1.,1.,1.,1.,1.,1.,1.,1.,1.,1.,1.,1.,1.,1.,
1.,1.,1.))
REPRESENTATION_ITEM('')
);
#1080=(
BOUNDED_CURVE()
B_SPLINE_CURVE(2,(#10814,#10815,#10816),.UNSPECIFIED.,.F.,.F.)
B_SPLINE_CURVE_WITH_KNOTS((3,3),(0.,3.99999999999979),.UNSPECIFIED.)
CURVE()
GEOMETRIC_REPRESENTATION_ITEM()
RATIONAL_B_SPLINE_CURVE((1.,0.707106781186591,1.))
REPRESENTATION_ITEM('')
);
#1081=(
BOUNDED_CURVE()
B_SPLINE_CURVE(2,(#10821,#10822,#10823),.UNSPECIFIED.,.F.,.F.)
B_SPLINE_CURVE_WITH_KNOTS((3,3),(0.,4.),.UNSPECIFIED.)
CURVE()
GEOMETRIC_REPRESENTATION_ITEM()
RATIONAL_B_SPLINE_CURVE((1.,0.707106781186548,1.))
REPRESENTATION_ITEM('')
);
#1082=(
BOUNDED_CURVE()
B_SPLINE_CURVE(2,(#10877,#10878,#10879),.UNSPECIFIED.,.F.,.F.)
B_SPLINE_CURVE_WITH_KNOTS((3,3),(9.47334693823923,12.5663706143592),
 .UNSPECIFIED.)
CURVE()
GEOMETRIC_REPRESENTATION_ITEM()
RATIONAL_B_SPLINE_CURVE((1.,0.714828834441055,1.))
REPRESENTATION_ITEM('')
);
#1083=(
BOUNDED_CURVE()
B_SPLINE_CURVE(2,(#10882,#10883,#10884),.UNSPECIFIED.,.F.,.F.)
B_SPLINE_CURVE_WITH_KNOTS((3,3),(-50.2654824574367,-43.0449269628617),
 .UNSPECIFIED.)
CURVE()
GEOMETRIC_REPRESENTATION_ITEM()
RATIONAL_B_SPLINE_CURVE((1.,0.89851755493829,1.))
REPRESENTATION_ITEM('')
);
#1084=(
BOUNDED_CURVE()
B_SPLINE_CURVE(2,(#10902,#10903,#10904),.UNSPECIFIED.,.F.,.F.)
B_SPLINE_CURVE_WITH_KNOTS((3,3),(0.,2.73624636933219),.UNSPECIFIED.)
CURVE()
GEOMETRIC_REPRESENTATION_ITEM()
RATIONAL_B_SPLINE_CURVE((1.,0.825364544611612,1.))
REPRESENTATION_ITEM('')
);
#1085=(
BOUNDED_CURVE()
B_SPLINE_CURVE(2,(#10907,#10908,#10909),.UNSPECIFIED.,.F.,.F.)
B_SPLINE_CURVE_WITH_KNOTS((3,3),(-7.22055549457503,0.),.UNSPECIFIED.)
CURVE()
GEOMETRIC_REPRESENTATION_ITEM()
RATIONAL_B_SPLINE_CURVE((1.,0.898517554938289,1.))
REPRESENTATION_ITEM('')
);
#1086=(
BOUNDED_CURVE()
B_SPLINE_CURVE(2,(#10951,#10952,#10953),.UNSPECIFIED.,.F.,.F.)
B_SPLINE_CURVE_WITH_KNOTS((3,3),(0.,4.00000000000003),.UNSPECIFIED.)
CURVE()
GEOMETRIC_REPRESENTATION_ITEM()
RATIONAL_B_SPLINE_CURVE((1.,0.70710678118654,1.))
REPRESENTATION_ITEM('')
);
#1087=(
BOUNDED_CURVE()
B_SPLINE_CURVE(3,(#10956,#10957,#10958,#10959,#10960,#10961,#10962,#10963,
#10964,#10965,#10966,#10967,#10968,#10969,#10970,#10971,#10972,#10973,#10974,
#10975,#10976,#10977,#10978,#10979,#10980,#10981,#10982,#10983,#10984,#10985,
#10986,#10987,#10988,#10989,#10990,#10991,#10992,#10993,#10994,#10995),
 .UNSPECIFIED.,.F.,.F.)
B_SPLINE_CURVE_WITH_KNOTS((4,3,3,3,3,3,3,3,3,3,3,3,3,4),(27.7560808252992,
28.9072883106446,32.3336429721761,35.4978073642856,35.7773890228182,39.0729158643302,
42.6481948162323,43.2411602895142,43.6436917406964,47.1041284220298,50.387502660101,
50.9552780665794,54.4317743140713,58.6298530192713),.UNSPECIFIED.)
CURVE()
GEOMETRIC_REPRESENTATION_ITEM()
RATIONAL_B_SPLINE_CURVE((1.,1.,1.,1.,1.,1.,1.,1.,1.,1.,1.,1.,1.,1.,1.,1.,
1.,1.,1.,1.,1.,1.,1.,1.,1.,1.,1.,1.,1.,1.,1.,1.,1.,1.,1.,1.,1.,1.,1.,1.))
REPRESENTATION_ITEM('')
);
#1088=(
BOUNDED_CURVE()
B_SPLINE_CURVE(2,(#11000,#11001,#11002),.UNSPECIFIED.,.F.,.F.)
B_SPLINE_CURVE_WITH_KNOTS((3,3),(0.,1.55385049471489),.UNSPECIFIED.)
CURVE()
GEOMETRIC_REPRESENTATION_ITEM()
RATIONAL_B_SPLINE_CURVE((1.,0.932138829169864,1.))
REPRESENTATION_ITEM('')
);
#1089=(
BOUNDED_CURVE()
B_SPLINE_CURVE(2,(#11005,#11006,#11007),.UNSPECIFIED.,.F.,.F.)
B_SPLINE_CURVE_WITH_KNOTS((3,3),(0.,1.5707963267949),.UNSPECIFIED.)
CURVE()
GEOMETRIC_REPRESENTATION_ITEM()
RATIONAL_B_SPLINE_CURVE((1.,0.707106781186547,1.))
REPRESENTATION_ITEM('')
);
#1090=(
BOUNDED_CURVE()
B_SPLINE_CURVE(2,(#11012,#11013,#11014),.UNSPECIFIED.,.F.,.F.)
B_SPLINE_CURVE_WITH_KNOTS((3,3),(0.,3.99999999999998),.UNSPECIFIED.)
CURVE()
GEOMETRIC_REPRESENTATION_ITEM()
RATIONAL_B_SPLINE_CURVE((1.,0.707106781186548,1.))
REPRESENTATION_ITEM('')
);
#1091=(
BOUNDED_CURVE()
B_SPLINE_CURVE(2,(#11019,#11020,#11021),.UNSPECIFIED.,.F.,.F.)
B_SPLINE_CURVE_WITH_KNOTS((3,3),(0.,1.55385049471488),.UNSPECIFIED.)
CURVE()
GEOMETRIC_REPRESENTATION_ITEM()
RATIONAL_B_SPLINE_CURVE((1.,0.932138829169861,1.))
REPRESENTATION_ITEM('')
);
#1092=(
BOUNDED_CURVE()
B_SPLINE_CURVE(2,(#11024,#11025,#11026),.UNSPECIFIED.,.F.,.F.)
B_SPLINE_CURVE_WITH_KNOTS((3,3),(0.,3.99999999999994),.UNSPECIFIED.)
CURVE()
GEOMETRIC_REPRESENTATION_ITEM()
RATIONAL_B_SPLINE_CURVE((1.,0.707106781186554,1.))
REPRESENTATION_ITEM('')
);
#1093=(
BOUNDED_CURVE()
B_SPLINE_CURVE(2,(#11037,#11038,#11039,#11040,#11041),.UNSPECIFIED.,.F.,
 .F.)
B_SPLINE_CURVE_WITH_KNOTS((3,2,3),(0.,1.8019940888974,3.6039881777948),
 .UNSPECIFIED.)
CURVE()
GEOMETRIC_REPRESENTATION_ITEM()
RATIONAL_B_SPLINE_CURVE((1.,0.91175133308709,1.,0.91175133308709,1.))
REPRESENTATION_ITEM('')
);
#1094=(
BOUNDED_CURVE()
B_SPLINE_CURVE(2,(#11048,#11049,#11050),.UNSPECIFIED.,.F.,.F.)
B_SPLINE_CURVE_WITH_KNOTS((3,3),(0.,4.00000000000317),.UNSPECIFIED.)
CURVE()
GEOMETRIC_REPRESENTATION_ITEM()
RATIONAL_B_SPLINE_CURVE((1.,0.707106781186003,1.))
REPRESENTATION_ITEM('')
);
#1095=(
BOUNDED_CURVE()
B_SPLINE_CURVE(2,(#11055,#11056,#11057),.UNSPECIFIED.,.F.,.F.)
B_SPLINE_CURVE_WITH_KNOTS((3,3),(0.,2.61815153951858),.UNSPECIFIED.)
CURVE()
GEOMETRIC_REPRESENTATION_ITEM()
RATIONAL_B_SPLINE_CURVE((1.,0.836704419098229,1.))
REPRESENTATION_ITEM('')
);
#1096=(
BOUNDED_CURVE()
B_SPLINE_CURVE(2,(#11060,#11061,#11062),.UNSPECIFIED.,.F.,.F.)
B_SPLINE_CURVE_WITH_KNOTS((3,3),(0.,4.00000000000004),.UNSPECIFIED.)
CURVE()
GEOMETRIC_REPRESENTATION_ITEM()
RATIONAL_B_SPLINE_CURVE((1.,0.707106781186532,1.))
REPRESENTATION_ITEM('')
);
#1097=(
BOUNDED_CURVE()
B_SPLINE_CURVE(2,(#11075,#11076,#11077),.UNSPECIFIED.,.F.,.F.)
B_SPLINE_CURVE_WITH_KNOTS((3,3),(0.,2.9099404146848),.UNSPECIFIED.)
CURVE()
GEOMETRIC_REPRESENTATION_ITEM()
RATIONAL_B_SPLINE_CURVE((1.,0.808654384387392,1.))
REPRESENTATION_ITEM('')
);
#1098=(
BOUNDED_CURVE()
B_SPLINE_CURVE(1,(#11088,#11089),.UNSPECIFIED.,.F.,.F.)
B_SPLINE_CURVE_WITH_KNOTS((2,2),(0.,9.5),.UNSPECIFIED.)
CURVE()
GEOMETRIC_REPRESENTATION_ITEM()
RATIONAL_B_SPLINE_CURVE((1.,1.))
REPRESENTATION_ITEM('')
);
#1099=(
BOUNDED_CURVE()
B_SPLINE_CURVE(1,(#11096,#11097),.UNSPECIFIED.,.F.,.F.)
B_SPLINE_CURVE_WITH_KNOTS((2,2),(0.,3.5),.UNSPECIFIED.)
CURVE()
GEOMETRIC_REPRESENTATION_ITEM()
RATIONAL_B_SPLINE_CURVE((1.,1.))
REPRESENTATION_ITEM('')
);
#1100=(
BOUNDED_CURVE()
B_SPLINE_CURVE(1,(#11102,#11103),.UNSPECIFIED.,.F.,.F.)
B_SPLINE_CURVE_WITH_KNOTS((2,2),(0.,3.5),.UNSPECIFIED.)
CURVE()
GEOMETRIC_REPRESENTATION_ITEM()
RATIONAL_B_SPLINE_CURVE((1.,1.))
REPRESENTATION_ITEM('')
);
#1101=(
BOUNDED_CURVE()
B_SPLINE_CURVE(1,(#11114,#11115),.UNSPECIFIED.,.F.,.F.)
B_SPLINE_CURVE_WITH_KNOTS((2,2),(0.,3.5),.UNSPECIFIED.)
CURVE()
GEOMETRIC_REPRESENTATION_ITEM()
RATIONAL_B_SPLINE_CURVE((1.,1.))
REPRESENTATION_ITEM('')
);
#1102=(
BOUNDED_CURVE()
B_SPLINE_CURVE(1,(#11128,#11129),.UNSPECIFIED.,.F.,.F.)
B_SPLINE_CURVE_WITH_KNOTS((2,2),(0.,3.5),.UNSPECIFIED.)
CURVE()
GEOMETRIC_REPRESENTATION_ITEM()
RATIONAL_B_SPLINE_CURVE((1.,1.))
REPRESENTATION_ITEM('')
);
#1103=(
BOUNDED_CURVE()
B_SPLINE_CURVE(1,(#11152,#11153),.UNSPECIFIED.,.F.,.F.)
B_SPLINE_CURVE_WITH_KNOTS((2,2),(0.,3.5),.UNSPECIFIED.)
CURVE()
GEOMETRIC_REPRESENTATION_ITEM()
RATIONAL_B_SPLINE_CURVE((1.,1.))
REPRESENTATION_ITEM('')
);
#1104=(
BOUNDED_CURVE()
B_SPLINE_CURVE(1,(#11158,#11159),.UNSPECIFIED.,.F.,.F.)
B_SPLINE_CURVE_WITH_KNOTS((2,2),(0.,3.5),.UNSPECIFIED.)
CURVE()
GEOMETRIC_REPRESENTATION_ITEM()
RATIONAL_B_SPLINE_CURVE((1.,1.))
REPRESENTATION_ITEM('')
);
#1105=(
BOUNDED_CURVE()
B_SPLINE_CURVE(1,(#11174,#11175),.UNSPECIFIED.,.F.,.F.)
B_SPLINE_CURVE_WITH_KNOTS((2,2),(0.,3.5),.UNSPECIFIED.)
CURVE()
GEOMETRIC_REPRESENTATION_ITEM()
RATIONAL_B_SPLINE_CURVE((1.,1.))
REPRESENTATION_ITEM('')
);
#1106=(
BOUNDED_CURVE()
B_SPLINE_CURVE(1,(#11200,#11201),.UNSPECIFIED.,.F.,.F.)
B_SPLINE_CURVE_WITH_KNOTS((2,2),(0.,2.86159649856364),.UNSPECIFIED.)
CURVE()
GEOMETRIC_REPRESENTATION_ITEM()
RATIONAL_B_SPLINE_CURVE((1.,1.))
REPRESENTATION_ITEM('')
);
#1107=(
BOUNDED_CURVE()
B_SPLINE_CURVE(2,(#11204,#11205,#11206,#11207,#11208),.UNSPECIFIED.,.F.,
 .F.)
B_SPLINE_CURVE_WITH_KNOTS((3,2,3),(-4.71238898038469,-3.14159265358979,
-1.5707963267949),.UNSPECIFIED.)
CURVE()
GEOMETRIC_REPRESENTATION_ITEM()
RATIONAL_B_SPLINE_CURVE((1.,0.707106781186548,1.,0.707106781186548,1.))
REPRESENTATION_ITEM('')
);
#1108=(
BOUNDED_CURVE()
B_SPLINE_CURVE(1,(#11217,#11218),.UNSPECIFIED.,.F.,.F.)
B_SPLINE_CURVE_WITH_KNOTS((2,2),(0.,2.86159649856364),.UNSPECIFIED.)
CURVE()
GEOMETRIC_REPRESENTATION_ITEM()
RATIONAL_B_SPLINE_CURVE((1.,1.))
REPRESENTATION_ITEM('')
);
#1109=(
BOUNDED_CURVE()
B_SPLINE_CURVE(2,(#11221,#11222,#11223,#11224,#11225),.UNSPECIFIED.,.F.,
 .F.)
B_SPLINE_CURVE_WITH_KNOTS((3,2,3),(-4.71238898038469,-3.14159265358979,
-1.5707963267949),.UNSPECIFIED.)
CURVE()
GEOMETRIC_REPRESENTATION_ITEM()
RATIONAL_B_SPLINE_CURVE((1.,0.707106781186547,1.,0.707106781186547,1.))
REPRESENTATION_ITEM('')
);
#1110=(
BOUNDED_CURVE()
B_SPLINE_CURVE(1,(#11234,#11235),.UNSPECIFIED.,.F.,.F.)
B_SPLINE_CURVE_WITH_KNOTS((2,2),(0.,2.86159649856364),.UNSPECIFIED.)
CURVE()
GEOMETRIC_REPRESENTATION_ITEM()
RATIONAL_B_SPLINE_CURVE((1.,1.))
REPRESENTATION_ITEM('')
);
#1111=(
BOUNDED_CURVE()
B_SPLINE_CURVE(2,(#11238,#11239,#11240,#11241,#11242),.UNSPECIFIED.,.F.,
 .F.)
B_SPLINE_CURVE_WITH_KNOTS((3,2,3),(-4.71238898038469,-3.14159265358979,
-1.5707963267949),.UNSPECIFIED.)
CURVE()
GEOMETRIC_REPRESENTATION_ITEM()
RATIONAL_B_SPLINE_CURVE((1.,0.707106781186548,1.,0.707106781186548,1.))
REPRESENTATION_ITEM('')
);
#1112=(
BOUNDED_CURVE()
B_SPLINE_CURVE(1,(#11251,#11252),.UNSPECIFIED.,.F.,.F.)
B_SPLINE_CURVE_WITH_KNOTS((2,2),(0.,2.86159649856364),.UNSPECIFIED.)
CURVE()
GEOMETRIC_REPRESENTATION_ITEM()
RATIONAL_B_SPLINE_CURVE((1.,1.))
REPRESENTATION_ITEM('')
);
#1113=(
BOUNDED_CURVE()
B_SPLINE_CURVE(2,(#11255,#11256,#11257,#11258,#11259),.UNSPECIFIED.,.F.,
 .F.)
B_SPLINE_CURVE_WITH_KNOTS((3,2,3),(-4.71238898038469,-3.14159265358979,
-1.5707963267949),.UNSPECIFIED.)
CURVE()
GEOMETRIC_REPRESENTATION_ITEM()
RATIONAL_B_SPLINE_CURVE((1.,0.707106781186548,1.,0.707106781186548,1.))
REPRESENTATION_ITEM('')
);
#1114=(
BOUNDED_CURVE()
B_SPLINE_CURVE(2,(#11268,#11269,#11270,#11271,#11272),.UNSPECIFIED.,.F.,
 .F.)
B_SPLINE_CURVE_WITH_KNOTS((3,2,3),(-4.71238898038469,-3.14159265358979,
-1.5707963267949),.UNSPECIFIED.)
CURVE()
GEOMETRIC_REPRESENTATION_ITEM()
RATIONAL_B_SPLINE_CURVE((1.,0.707106781186548,1.,0.707106781186548,1.))
REPRESENTATION_ITEM('')
);
#1115=(
BOUNDED_CURVE()
B_SPLINE_CURVE(2,(#11281,#11282,#11283,#11284,#11285),.UNSPECIFIED.,.F.,
 .F.)
B_SPLINE_CURVE_WITH_KNOTS((3,2,3),(-4.71238898038469,-3.14159265358979,
-1.5707963267949),.UNSPECIFIED.)
CURVE()
GEOMETRIC_REPRESENTATION_ITEM()
RATIONAL_B_SPLINE_CURVE((1.,0.707106781186548,1.,0.707106781186548,1.))
REPRESENTATION_ITEM('')
);
#1116=(
BOUNDED_CURVE()
B_SPLINE_CURVE(2,(#11294,#11295,#11296,#11297,#11298),.UNSPECIFIED.,.F.,
 .F.)
B_SPLINE_CURVE_WITH_KNOTS((3,2,3),(-4.71238898038469,-3.1415926535898,-1.5707963267949),
 .UNSPECIFIED.)
CURVE()
GEOMETRIC_REPRESENTATION_ITEM()
RATIONAL_B_SPLINE_CURVE((1.,0.707106781186548,1.,0.707106781186548,1.))
REPRESENTATION_ITEM('')
);
#1117=(
BOUNDED_CURVE()
B_SPLINE_CURVE(2,(#11307,#11308,#11309,#11310,#11311),.UNSPECIFIED.,.F.,
 .F.)
B_SPLINE_CURVE_WITH_KNOTS((3,2,3),(-4.71238898038469,-3.14159265358979,
-1.5707963267949),.UNSPECIFIED.)
CURVE()
GEOMETRIC_REPRESENTATION_ITEM()
RATIONAL_B_SPLINE_CURVE((1.,0.707106781186548,1.,0.707106781186548,1.))
REPRESENTATION_ITEM('')
);
#1118=(
BOUNDED_CURVE()
B_SPLINE_CURVE(2,(#11314,#11315,#11316,#11317,#11318),.UNSPECIFIED.,.F.,
 .F.)
B_SPLINE_CURVE_WITH_KNOTS((3,2,3),(-8.95353906273091,-4.47676953136546,
0.),.UNSPECIFIED.)
CURVE()
GEOMETRIC_REPRESENTATION_ITEM()
RATIONAL_B_SPLINE_CURVE((1.,0.707106781186548,1.,0.707106781186548,1.))
REPRESENTATION_ITEM('')
);
#1119=(
BOUNDED_CURVE()
B_SPLINE_CURVE(1,(#11321,#11322),.UNSPECIFIED.,.F.,.F.)
B_SPLINE_CURVE_WITH_KNOTS((2,2),(0.,6.63840350143636),.UNSPECIFIED.)
CURVE()
GEOMETRIC_REPRESENTATION_ITEM()
RATIONAL_B_SPLINE_CURVE((1.,1.))
REPRESENTATION_ITEM('')
);
#1120=(
BOUNDED_CURVE()
B_SPLINE_CURVE(1,(#11328,#11329),.UNSPECIFIED.,.F.,.F.)
B_SPLINE_CURVE_WITH_KNOTS((2,2),(-6.63840350143636,0.),.UNSPECIFIED.)
CURVE()
GEOMETRIC_REPRESENTATION_ITEM()
RATIONAL_B_SPLINE_CURVE((1.,1.))
REPRESENTATION_ITEM('')
);
#1121=(
BOUNDED_CURVE()
B_SPLINE_CURVE(2,(#11332,#11333,#11334,#11335,#11336),.UNSPECIFIED.,.F.,
 .F.)
B_SPLINE_CURVE_WITH_KNOTS((3,2,3),(-8.95353906273091,-4.47676953136546,
0.),.UNSPECIFIED.)
CURVE()
GEOMETRIC_REPRESENTATION_ITEM()
RATIONAL_B_SPLINE_CURVE((1.,0.707106781186548,1.,0.707106781186548,1.))
REPRESENTATION_ITEM('')
);
#1122=(
BOUNDED_CURVE()
B_SPLINE_CURVE(2,(#11337,#11338,#11339,#11340,#11341),.UNSPECIFIED.,.F.,
 .F.)
B_SPLINE_CURVE_WITH_KNOTS((3,2,3),(8.95353906273091,13.4303085940964,17.9070781254618),
 .UNSPECIFIED.)
CURVE()
GEOMETRIC_REPRESENTATION_ITEM()
RATIONAL_B_SPLINE_CURVE((1.,0.707106781186548,1.,0.707106781186548,1.))
REPRESENTATION_ITEM('')
);
#1123=(
BOUNDED_CURVE()
B_SPLINE_CURVE(2,(#11342,#11343,#11344,#11345,#11346),.UNSPECIFIED.,.F.,
 .F.)
B_SPLINE_CURVE_WITH_KNOTS((3,2,3),(8.95353906273091,13.4303085940964,17.9070781254618),
 .UNSPECIFIED.)
CURVE()
GEOMETRIC_REPRESENTATION_ITEM()
RATIONAL_B_SPLINE_CURVE((1.,0.707106781186548,1.,0.707106781186548,1.))
REPRESENTATION_ITEM('')
);
#1124=(
BOUNDED_CURVE()
B_SPLINE_CURVE(2,(#11347,#11348,#11349,#11350,#11351),.UNSPECIFIED.,.F.,
 .F.)
B_SPLINE_CURVE_WITH_KNOTS((3,2,3),(-4.71238898038469,-3.14159265358979,
-1.5707963267949),.UNSPECIFIED.)
CURVE()
GEOMETRIC_REPRESENTATION_ITEM()
RATIONAL_B_SPLINE_CURVE((1.,0.707106781186548,1.,0.707106781186548,1.))
REPRESENTATION_ITEM('')
);
#1125=(
BOUNDED_CURVE()
B_SPLINE_CURVE(2,(#11352,#11353,#11354,#11355,#11356),.UNSPECIFIED.,.F.,
 .F.)
B_SPLINE_CURVE_WITH_KNOTS((3,2,3),(-4.71238898038469,-3.14159265358979,
-1.5707963267949),.UNSPECIFIED.)
CURVE()
GEOMETRIC_REPRESENTATION_ITEM()
RATIONAL_B_SPLINE_CURVE((1.,0.707106781186548,1.,0.707106781186548,1.))
REPRESENTATION_ITEM('')
);
#1126=(
BOUNDED_CURVE()
B_SPLINE_CURVE(2,(#11357,#11358,#11359,#11360,#11361),.UNSPECIFIED.,.F.,
 .F.)
B_SPLINE_CURVE_WITH_KNOTS((3,2,3),(-8.95353906273091,-4.47676953136546,
0.),.UNSPECIFIED.)
CURVE()
GEOMETRIC_REPRESENTATION_ITEM()
RATIONAL_B_SPLINE_CURVE((1.,0.707106781186548,1.,0.707106781186548,1.))
REPRESENTATION_ITEM('')
);
#1127=(
BOUNDED_CURVE()
B_SPLINE_CURVE(1,(#11364,#11365),.UNSPECIFIED.,.F.,.F.)
B_SPLINE_CURVE_WITH_KNOTS((2,2),(0.,6.63840350143636),.UNSPECIFIED.)
CURVE()
GEOMETRIC_REPRESENTATION_ITEM()
RATIONAL_B_SPLINE_CURVE((1.,1.))
REPRESENTATION_ITEM('')
);
#1128=(
BOUNDED_CURVE()
B_SPLINE_CURVE(1,(#11371,#11372),.UNSPECIFIED.,.F.,.F.)
B_SPLINE_CURVE_WITH_KNOTS((2,2),(-6.63840350142218,0.),.UNSPECIFIED.)
CURVE()
GEOMETRIC_REPRESENTATION_ITEM()
RATIONAL_B_SPLINE_CURVE((1.,1.))
REPRESENTATION_ITEM('')
);
#1129=(
BOUNDED_CURVE()
B_SPLINE_CURVE(2,(#11375,#11376,#11377,#11378,#11379),.UNSPECIFIED.,.F.,
 .F.)
B_SPLINE_CURVE_WITH_KNOTS((3,2,3),(-8.95353906273091,-4.47676953136546,
0.),.UNSPECIFIED.)
CURVE()
GEOMETRIC_REPRESENTATION_ITEM()
RATIONAL_B_SPLINE_CURVE((1.,0.707106781186548,1.,0.707106781186548,1.))
REPRESENTATION_ITEM('')
);
#1130=(
BOUNDED_CURVE()
B_SPLINE_CURVE(2,(#11380,#11381,#11382,#11383,#11384),.UNSPECIFIED.,.F.,
 .F.)
B_SPLINE_CURVE_WITH_KNOTS((3,2,3),(8.95353906273091,13.4303085940964,17.9070781254618),
 .UNSPECIFIED.)
CURVE()
GEOMETRIC_REPRESENTATION_ITEM()
RATIONAL_B_SPLINE_CURVE((1.,0.707106781186548,1.,0.707106781186548,1.))
REPRESENTATION_ITEM('')
);
#1131=(
BOUNDED_CURVE()
B_SPLINE_CURVE(2,(#11385,#11386,#11387,#11388,#11389),.UNSPECIFIED.,.F.,
 .F.)
B_SPLINE_CURVE_WITH_KNOTS((3,2,3),(8.95353906273091,13.4303085940964,17.9070781254618),
 .UNSPECIFIED.)
CURVE()
GEOMETRIC_REPRESENTATION_ITEM()
RATIONAL_B_SPLINE_CURVE((1.,0.707106781186548,1.,0.707106781186548,1.))
REPRESENTATION_ITEM('')
);
#1132=(
BOUNDED_CURVE()
B_SPLINE_CURVE(2,(#11390,#11391,#11392,#11393,#11394),.UNSPECIFIED.,.F.,
 .F.)
B_SPLINE_CURVE_WITH_KNOTS((3,2,3),(-4.71238898038469,-3.1415926535898,-1.5707963267949),
 .UNSPECIFIED.)
CURVE()
GEOMETRIC_REPRESENTATION_ITEM()
RATIONAL_B_SPLINE_CURVE((1.,0.707106781186548,1.,0.707106781186548,1.))
REPRESENTATION_ITEM('')
);
#1133=(
BOUNDED_CURVE()
B_SPLINE_CURVE(2,(#11395,#11396,#11397,#11398,#11399),.UNSPECIFIED.,.F.,
 .F.)
B_SPLINE_CURVE_WITH_KNOTS((3,2,3),(-4.71238898038469,-3.14159265358979,
-1.5707963267949),.UNSPECIFIED.)
CURVE()
GEOMETRIC_REPRESENTATION_ITEM()
RATIONAL_B_SPLINE_CURVE((1.,0.707106781186548,1.,0.707106781186548,1.))
REPRESENTATION_ITEM('')
);
#1134=(
BOUNDED_CURVE()
B_SPLINE_CURVE(2,(#11400,#11401,#11402,#11403,#11404),.UNSPECIFIED.,.F.,
 .F.)
B_SPLINE_CURVE_WITH_KNOTS((3,2,3),(-8.95353906273091,-4.47676953136546,
0.),.UNSPECIFIED.)
CURVE()
GEOMETRIC_REPRESENTATION_ITEM()
RATIONAL_B_SPLINE_CURVE((1.,0.707106781186548,1.,0.707106781186548,1.))
REPRESENTATION_ITEM('')
);
#1135=(
BOUNDED_CURVE()
B_SPLINE_CURVE(1,(#11407,#11408),.UNSPECIFIED.,.F.,.F.)
B_SPLINE_CURVE_WITH_KNOTS((2,2),(0.,6.63840350143636),.UNSPECIFIED.)
CURVE()
GEOMETRIC_REPRESENTATION_ITEM()
RATIONAL_B_SPLINE_CURVE((1.,1.))
REPRESENTATION_ITEM('')
);
#1136=(
BOUNDED_CURVE()
B_SPLINE_CURVE(1,(#11420,#11421),.UNSPECIFIED.,.F.,.F.)
B_SPLINE_CURVE_WITH_KNOTS((2,2),(-6.44398396950929,0.),.UNSPECIFIED.)
CURVE()
GEOMETRIC_REPRESENTATION_ITEM()
RATIONAL_B_SPLINE_CURVE((1.,1.))
REPRESENTATION_ITEM('')
);
#1137=(
BOUNDED_CURVE()
B_SPLINE_CURVE(2,(#11424,#11425,#11426,#11427,#11428),.UNSPECIFIED.,.F.,
 .F.)
B_SPLINE_CURVE_WITH_KNOTS((3,2,3),(-8.95353906273091,-4.47676953136546,
0.),.UNSPECIFIED.)
CURVE()
GEOMETRIC_REPRESENTATION_ITEM()
RATIONAL_B_SPLINE_CURVE((1.,0.707106781186548,1.,0.707106781186548,1.))
REPRESENTATION_ITEM('')
);
#1138=(
BOUNDED_CURVE()
B_SPLINE_CURVE(2,(#11429,#11430,#11431,#11432,#11433),.UNSPECIFIED.,.F.,
 .F.)
B_SPLINE_CURVE_WITH_KNOTS((3,2,3),(8.95353906273091,13.4303085940964,17.9070781254618),
 .UNSPECIFIED.)
CURVE()
GEOMETRIC_REPRESENTATION_ITEM()
RATIONAL_B_SPLINE_CURVE((1.,0.707106781186548,1.,0.707106781186548,1.))
REPRESENTATION_ITEM('')
);
#1139=(
BOUNDED_CURVE()
B_SPLINE_CURVE(2,(#11434,#11435,#11436,#11437,#11438),.UNSPECIFIED.,.F.,
 .F.)
B_SPLINE_CURVE_WITH_KNOTS((3,2,3),(8.95353906273091,13.4303085940964,17.9070781254618),
 .UNSPECIFIED.)
CURVE()
GEOMETRIC_REPRESENTATION_ITEM()
RATIONAL_B_SPLINE_CURVE((1.,0.707106781186548,1.,0.707106781186548,1.))
REPRESENTATION_ITEM('')
);
#1140=(
BOUNDED_CURVE()
B_SPLINE_CURVE(2,(#11439,#11440,#11441,#11442,#11443),.UNSPECIFIED.,.F.,
 .F.)
B_SPLINE_CURVE_WITH_KNOTS((3,2,3),(-4.71238898038469,-3.14159265358979,
-1.5707963267949),.UNSPECIFIED.)
CURVE()
GEOMETRIC_REPRESENTATION_ITEM()
RATIONAL_B_SPLINE_CURVE((1.,0.707106781186548,1.,0.707106781186548,1.))
REPRESENTATION_ITEM('')
);
#1141=(
BOUNDED_CURVE()
B_SPLINE_CURVE(2,(#11444,#11445,#11446,#11447,#11448),.UNSPECIFIED.,.F.,
 .F.)
B_SPLINE_CURVE_WITH_KNOTS((3,2,3),(-4.71238898038469,-3.14159265358979,
-1.5707963267949),.UNSPECIFIED.)
CURVE()
GEOMETRIC_REPRESENTATION_ITEM()
RATIONAL_B_SPLINE_CURVE((1.,0.707106781186548,1.,0.707106781186548,1.))
REPRESENTATION_ITEM('')
);
#1142=(
BOUNDED_CURVE()
B_SPLINE_CURVE(2,(#11449,#11450,#11451,#11452,#11453),.UNSPECIFIED.,.F.,
 .F.)
B_SPLINE_CURVE_WITH_KNOTS((3,2,3),(-8.95353906273091,-4.47676953136546,
0.),.UNSPECIFIED.)
CURVE()
GEOMETRIC_REPRESENTATION_ITEM()
RATIONAL_B_SPLINE_CURVE((1.,0.707106781186548,1.,0.707106781186548,1.))
REPRESENTATION_ITEM('')
);
#1143=(
BOUNDED_CURVE()
B_SPLINE_CURVE(1,(#11456,#11457),.UNSPECIFIED.,.F.,.F.)
B_SPLINE_CURVE_WITH_KNOTS((2,2),(0.,6.63840350143636),.UNSPECIFIED.)
CURVE()
GEOMETRIC_REPRESENTATION_ITEM()
RATIONAL_B_SPLINE_CURVE((1.,1.))
REPRESENTATION_ITEM('')
);
#1144=(
BOUNDED_CURVE()
B_SPLINE_CURVE(1,(#11463,#11464),.UNSPECIFIED.,.F.,.F.)
B_SPLINE_CURVE_WITH_KNOTS((2,2),(-6.63840350143636,0.),.UNSPECIFIED.)
CURVE()
GEOMETRIC_REPRESENTATION_ITEM()
RATIONAL_B_SPLINE_CURVE((1.,1.))
REPRESENTATION_ITEM('')
);
#1145=(
BOUNDED_CURVE()
B_SPLINE_CURVE(2,(#11467,#11468,#11469,#11470,#11471),.UNSPECIFIED.,.F.,
 .F.)
B_SPLINE_CURVE_WITH_KNOTS((3,2,3),(-8.95353906273091,-4.47676953136546,
0.),.UNSPECIFIED.)
CURVE()
GEOMETRIC_REPRESENTATION_ITEM()
RATIONAL_B_SPLINE_CURVE((1.,0.707106781186548,1.,0.707106781186548,1.))
REPRESENTATION_ITEM('')
);
#1146=(
BOUNDED_CURVE()
B_SPLINE_CURVE(2,(#11472,#11473,#11474,#11475,#11476),.UNSPECIFIED.,.F.,
 .F.)
B_SPLINE_CURVE_WITH_KNOTS((3,2,3),(8.95353906273091,13.4303085940964,17.9070781254618),
 .UNSPECIFIED.)
CURVE()
GEOMETRIC_REPRESENTATION_ITEM()
RATIONAL_B_SPLINE_CURVE((1.,0.707106781186548,1.,0.707106781186548,1.))
REPRESENTATION_ITEM('')
);
#1147=(
BOUNDED_CURVE()
B_SPLINE_CURVE(2,(#11477,#11478,#11479,#11480,#11481),.UNSPECIFIED.,.F.,
 .F.)
B_SPLINE_CURVE_WITH_KNOTS((3,2,3),(8.95353906273091,13.4303085940964,17.9070781254618),
 .UNSPECIFIED.)
CURVE()
GEOMETRIC_REPRESENTATION_ITEM()
RATIONAL_B_SPLINE_CURVE((1.,0.707106781186548,1.,0.707106781186548,1.))
REPRESENTATION_ITEM('')
);
#1148=(
BOUNDED_CURVE()
B_SPLINE_CURVE(2,(#11482,#11483,#11484,#11485,#11486),.UNSPECIFIED.,.F.,
 .F.)
B_SPLINE_CURVE_WITH_KNOTS((3,2,3),(-4.71238898038469,-3.14159265358979,
-1.5707963267949),.UNSPECIFIED.)
CURVE()
GEOMETRIC_REPRESENTATION_ITEM()
RATIONAL_B_SPLINE_CURVE((1.,0.707106781186547,1.,0.707106781186547,1.))
REPRESENTATION_ITEM('')
);
#1149=(
BOUNDED_CURVE()
B_SPLINE_CURVE(2,(#11487,#11488,#11489,#11490,#11491),.UNSPECIFIED.,.F.,
 .F.)
B_SPLINE_CURVE_WITH_KNOTS((3,2,3),(-4.71238898038469,-3.14159265358979,
-1.5707963267949),.UNSPECIFIED.)
CURVE()
GEOMETRIC_REPRESENTATION_ITEM()
RATIONAL_B_SPLINE_CURVE((1.,0.707106781186548,1.,0.707106781186548,1.))
REPRESENTATION_ITEM('')
);
#1150=PCURVE('',#3570,#1686);
#1151=PCURVE('',#3570,#1687);
#1152=PCURVE('',#3570,#1688);
#1153=PCURVE('',#3570,#1689);
#1154=PCURVE('',#3570,#1690);
#1155=PCURVE('',#3570,#1691);
#1156=PCURVE('',#3570,#1692);
#1157=PCURVE('',#3570,#1693);
#1158=PCURVE('',#3570,#1694);
#1159=PCURVE('',#3570,#1695);
#1160=PCURVE('',#3570,#1696);
#1161=PCURVE('',#3570,#1697);
#1162=PCURVE('',#3570,#1698);
#1163=PCURVE('',#3570,#1699);
#1164=PCURVE('',#3570,#1700);
#1165=PCURVE('',#3570,#1701);
#1166=PCURVE('',#3570,#1702);
#1167=PCURVE('',#3570,#1703);
#1168=PCURVE('',#3570,#1704);
#1169=PCURVE('',#3570,#1705);
#1170=PCURVE('',#3570,#1706);
#1171=PCURVE('',#3571,#1707);
#1172=PCURVE('',#3571,#1708);
#1173=PCURVE('',#3571,#1709);
#1174=PCURVE('',#3571,#1710);
#1175=PCURVE('',#3571,#1711);
#1176=PCURVE('',#3571,#1712);
#1177=PCURVE('',#3571,#1713);
#1178=PCURVE('',#3571,#1714);
#1179=PCURVE('',#3571,#1715);
#1180=PCURVE('',#3571,#1716);
#1181=PCURVE('',#3478,#1717);
#1182=PCURVE('',#3478,#1718);
#1183=PCURVE('',#3478,#1719);
#1184=PCURVE('',#3478,#1720);
#1185=PCURVE('',#3572,#1721);
#1186=PCURVE('',#3572,#1722);
#1187=PCURVE('',#3572,#1723);
#1188=PCURVE('',#3572,#1724);
#1189=PCURVE('',#3572,#1725);
#1190=PCURVE('',#3572,#1726);
#1191=PCURVE('',#3572,#1727);
#1192=PCURVE('',#3572,#1728);
#1193=PCURVE('',#3572,#1729);
#1194=PCURVE('',#3479,#1730);
#1195=PCURVE('',#3479,#1731);
#1196=PCURVE('',#3479,#1732);
#1197=PCURVE('',#3479,#1733);
#1198=PCURVE('',#3479,#1734);
#1199=PCURVE('',#3479,#1735);
#1200=PCURVE('',#3480,#1736);
#1201=PCURVE('',#3480,#1737);
#1202=PCURVE('',#3480,#1738);
#1203=PCURVE('',#3480,#1739);
#1204=PCURVE('',#3480,#1740);
#1205=PCURVE('',#3480,#1741);
#1206=PCURVE('',#3573,#1742);
#1207=PCURVE('',#3573,#1743);
#1208=PCURVE('',#3573,#1744);
#1209=PCURVE('',#3573,#1745);
#1210=PCURVE('',#3573,#1746);
#1211=PCURVE('',#3573,#1747);
#1212=PCURVE('',#3573,#1748);
#1213=PCURVE('',#3481,#1749);
#1214=PCURVE('',#3481,#1750);
#1215=PCURVE('',#3481,#1751);
#1216=PCURVE('',#3481,#1752);
#1217=PCURVE('',#3481,#1753);
#1218=PCURVE('',#3481,#1754);
#1219=PCURVE('',#3481,#1755);
#1220=PCURVE('',#3481,#1756);
#1221=PCURVE('',#3481,#1757);
#1222=PCURVE('',#3481,#1758);
#1223=PCURVE('',#3481,#1759);
#1224=PCURVE('',#3481,#1760);
#1225=PCURVE('',#3481,#1761);
#1226=PCURVE('',#3574,#1762);
#1227=PCURVE('',#3574,#1763);
#1228=PCURVE('',#3574,#1764);
#1229=PCURVE('',#3574,#1765);
#1230=PCURVE('',#3575,#1766);
#1231=PCURVE('',#3575,#1767);
#1232=PCURVE('',#3575,#1768);
#1233=PCURVE('',#3575,#1769);
#1234=PCURVE('',#3576,#1770);
#1235=PCURVE('',#3576,#1771);
#1236=PCURVE('',#3576,#1772);
#1237=PCURVE('',#3576,#1773);
#1238=PCURVE('',#3577,#1774);
#1239=PCURVE('',#3577,#1775);
#1240=PCURVE('',#3577,#1776);
#1241=PCURVE('',#3577,#1777);
#1242=PCURVE('',#3577,#1778);
#1243=PCURVE('',#3577,#1779);
#1244=PCURVE('',#3577,#1780);
#1245=PCURVE('',#3577,#1781);
#1246=PCURVE('',#3577,#1782);
#1247=PCURVE('',#3577,#1783);
#1248=PCURVE('',#3577,#1784);
#1249=PCURVE('',#3577,#1785);
#1250=PCURVE('',#3578,#1786);
#1251=PCURVE('',#3578,#1787);
#1252=PCURVE('',#3578,#1788);
#1253=PCURVE('',#3578,#1789);
#1254=PCURVE('',#3578,#1790);
#1255=PCURVE('',#3579,#1791);
#1256=PCURVE('',#3579,#1792);
#1257=PCURVE('',#3579,#1793);
#1258=PCURVE('',#3579,#1794);
#1259=PCURVE('',#3580,#1795);
#1260=PCURVE('',#3580,#1796);
#1261=PCURVE('',#3580,#1797);
#1262=PCURVE('',#3580,#1798);
#1263=PCURVE('',#3580,#1799);
#1264=PCURVE('',#3580,#1800);
#1265=PCURVE('',#3580,#1801);
#1266=PCURVE('',#3580,#1802);
#1267=PCURVE('',#3580,#1803);
#1268=PCURVE('',#3580,#1804);
#1269=PCURVE('',#3580,#1805);
#1270=PCURVE('',#3580,#1806);
#1271=PCURVE('',#3482,#1807);
#1272=PCURVE('',#3482,#1808);
#1273=PCURVE('',#3482,#1809);
#1274=PCURVE('',#3482,#1810);
#1275=PCURVE('',#3483,#1811);
#1276=PCURVE('',#3483,#1812);
#1277=PCURVE('',#3483,#1813);
#1278=PCURVE('',#3483,#1814);
#1279=PCURVE('',#3484,#1815);
#1280=PCURVE('',#3484,#1816);
#1281=PCURVE('',#3484,#1817);
#1282=PCURVE('',#3484,#1818);
#1283=PCURVE('',#3484,#1819);
#1284=PCURVE('',#3485,#1820);
#1285=PCURVE('',#3485,#1821);
#1286=PCURVE('',#3485,#1822);
#1287=PCURVE('',#3485,#1823);
#1288=PCURVE('',#3486,#1824);
#1289=PCURVE('',#3486,#1825);
#1290=PCURVE('',#3486,#1826);
#1291=PCURVE('',#3486,#1827);
#1292=PCURVE('',#3486,#1828);
#1293=PCURVE('',#3486,#1829);
#1294=PCURVE('',#3487,#1830);
#1295=PCURVE('',#3487,#1831);
#1296=PCURVE('',#3487,#1832);
#1297=PCURVE('',#3487,#1833);
#1298=PCURVE('',#3488,#1834);
#1299=PCURVE('',#3488,#1835);
#1300=PCURVE('',#3488,#1836);
#1301=PCURVE('',#3488,#1837);
#1302=PCURVE('',#3489,#1838);
#1303=PCURVE('',#3489,#1839);
#1304=PCURVE('',#3489,#1840);
#1305=PCURVE('',#3489,#1841);
#1306=PCURVE('',#3490,#1842);
#1307=PCURVE('',#3490,#1843);
#1308=PCURVE('',#3490,#1844);
#1309=PCURVE('',#3490,#1845);
#1310=PCURVE('',#3491,#1846);
#1311=PCURVE('',#3491,#1847);
#1312=PCURVE('',#3491,#1848);
#1313=PCURVE('',#3491,#1849);
#1314=PCURVE('',#3491,#1850);
#1315=PCURVE('',#3492,#1851);
#1316=PCURVE('',#3492,#1852);
#1317=PCURVE('',#3492,#1853);
#1318=PCURVE('',#3492,#1854);
#1319=PCURVE('',#3493,#1855);
#1320=PCURVE('',#3493,#1856);
#1321=PCURVE('',#3493,#1857);
#1322=PCURVE('',#3493,#1858);
#1323=PCURVE('',#3494,#1859);
#1324=PCURVE('',#3494,#1860);
#1325=PCURVE('',#3494,#1861);
#1326=PCURVE('',#3494,#1862);
#1327=PCURVE('',#3494,#1863);
#1328=PCURVE('',#3495,#1864);
#1329=PCURVE('',#3495,#1865);
#1330=PCURVE('',#3495,#1866);
#1331=PCURVE('',#3495,#1867);
#1332=PCURVE('',#3496,#1868);
#1333=PCURVE('',#3496,#1869);
#1334=PCURVE('',#3496,#1870);
#1335=PCURVE('',#3496,#1871);
#1336=PCURVE('',#3496,#1872);
#1337=PCURVE('',#3496,#1873);
#1338=PCURVE('',#3497,#1874);
#1339=PCURVE('',#3497,#1875);
#1340=PCURVE('',#3497,#1876);
#1341=PCURVE('',#3497,#1877);
#1342=PCURVE('',#3498,#1878);
#1343=PCURVE('',#3498,#1879);
#1344=PCURVE('',#3498,#1880);
#1345=PCURVE('',#3499,#1881);
#1346=PCURVE('',#3499,#1882);
#1347=PCURVE('',#3499,#1883);
#1348=PCURVE('',#3499,#1884);
#1349=PCURVE('',#3500,#1885);
#1350=PCURVE('',#3500,#1886);
#1351=PCURVE('',#3500,#1887);
#1352=PCURVE('',#3500,#1888);
#1353=PCURVE('',#3501,#1889);
#1354=PCURVE('',#3501,#1890);
#1355=PCURVE('',#3501,#1891);
#1356=PCURVE('',#3502,#1892);
#1357=PCURVE('',#3502,#1893);
#1358=PCURVE('',#3502,#1894);
#1359=PCURVE('',#3502,#1895);
#1360=PCURVE('',#3503,#1896);
#1361=PCURVE('',#3503,#1897);
#1362=PCURVE('',#3503,#1898);
#1363=PCURVE('',#3503,#1899);
#1364=PCURVE('',#3504,#1900);
#1365=PCURVE('',#3504,#1901);
#1366=PCURVE('',#3504,#1902);
#1367=PCURVE('',#3504,#1903);
#1368=PCURVE('',#3505,#1904);
#1369=PCURVE('',#3505,#1905);
#1370=PCURVE('',#3505,#1906);
#1371=PCURVE('',#3505,#1907);
#1372=PCURVE('',#3506,#1908);
#1373=PCURVE('',#3506,#1909);
#1374=PCURVE('',#3506,#1910);
#1375=PCURVE('',#3506,#1911);
#1376=PCURVE('',#3507,#1912);
#1377=PCURVE('',#3507,#1913);
#1378=PCURVE('',#3507,#1914);
#1379=PCURVE('',#3507,#1915);
#1380=PCURVE('',#3508,#1916);
#1381=PCURVE('',#3508,#1917);
#1382=PCURVE('',#3508,#1918);
#1383=PCURVE('',#3508,#1919);
#1384=PCURVE('',#3509,#1920);
#1385=PCURVE('',#3509,#1921);
#1386=PCURVE('',#3509,#1922);
#1387=PCURVE('',#3509,#1923);
#1388=PCURVE('',#3510,#1924);
#1389=PCURVE('',#3510,#1925);
#1390=PCURVE('',#3510,#1926);
#1391=PCURVE('',#3510,#1927);
#1392=PCURVE('',#3511,#1928);
#1393=PCURVE('',#3511,#1929);
#1394=PCURVE('',#3511,#1930);
#1395=PCURVE('',#3512,#1931);
#1396=PCURVE('',#3512,#1932);
#1397=PCURVE('',#3512,#1933);
#1398=PCURVE('',#3513,#1934);
#1399=PCURVE('',#3513,#1935);
#1400=PCURVE('',#3513,#1936);
#1401=PCURVE('',#3513,#1937);
#1402=PCURVE('',#3514,#1938);
#1403=PCURVE('',#3514,#1939);
#1404=PCURVE('',#3514,#1940);
#1405=PCURVE('',#3515,#1941);
#1406=PCURVE('',#3515,#1942);
#1407=PCURVE('',#3515,#1943);
#1408=PCURVE('',#3515,#1944);
#1409=PCURVE('',#3516,#1945);
#1410=PCURVE('',#3516,#1946);
#1411=PCURVE('',#3516,#1947);
#1412=PCURVE('',#3516,#1948);
#1413=PCURVE('',#3517,#1949);
#1414=PCURVE('',#3517,#1950);
#1415=PCURVE('',#3517,#1951);
#1416=PCURVE('',#3517,#1952);
#1417=PCURVE('',#3518,#1953);
#1418=PCURVE('',#3518,#1954);
#1419=PCURVE('',#3518,#1955);
#1420=PCURVE('',#3518,#1956);
#1421=PCURVE('',#3519,#1957);
#1422=PCURVE('',#3519,#1958);
#1423=PCURVE('',#3519,#1959);
#1424=PCURVE('',#3519,#1960);
#1425=PCURVE('',#3520,#1961);
#1426=PCURVE('',#3520,#1962);
#1427=PCURVE('',#3520,#1963);
#1428=PCURVE('',#3520,#1964);
#1429=PCURVE('',#3521,#1965);
#1430=PCURVE('',#3521,#1966);
#1431=PCURVE('',#3521,#1967);
#1432=PCURVE('',#3522,#1968);
#1433=PCURVE('',#3522,#1969);
#1434=PCURVE('',#3522,#1970);
#1435=PCURVE('',#3523,#1971);
#1436=PCURVE('',#3523,#1972);
#1437=PCURVE('',#3523,#1973);
#1438=PCURVE('',#3523,#1974);
#1439=PCURVE('',#3524,#1975);
#1440=PCURVE('',#3524,#1976);
#1441=PCURVE('',#3524,#1977);
#1442=PCURVE('',#3525,#1978);
#1443=PCURVE('',#3525,#1979);
#1444=PCURVE('',#3525,#1980);
#1445=PCURVE('',#3526,#1981);
#1446=PCURVE('',#3526,#1982);
#1447=PCURVE('',#3526,#1983);
#1448=PCURVE('',#3526,#1984);
#1449=PCURVE('',#3527,#1985);
#1450=PCURVE('',#3527,#1986);
#1451=PCURVE('',#3527,#1987);
#1452=PCURVE('',#3527,#1988);
#1453=PCURVE('',#3528,#1989);
#1454=PCURVE('',#3528,#1990);
#1455=PCURVE('',#3528,#1991);
#1456=PCURVE('',#3528,#1992);
#1457=PCURVE('',#3529,#1993);
#1458=PCURVE('',#3529,#1994);
#1459=PCURVE('',#3529,#1995);
#1460=PCURVE('',#3529,#1996);
#1461=PCURVE('',#3530,#1997);
#1462=PCURVE('',#3530,#1998);
#1463=PCURVE('',#3530,#1999);
#1464=PCURVE('',#3531,#2000);
#1465=PCURVE('',#3531,#2001);
#1466=PCURVE('',#3531,#2002);
#1467=PCURVE('',#3531,#2003);
#1468=PCURVE('',#3531,#2004);
#1469=PCURVE('',#3532,#2005);
#1470=PCURVE('',#3532,#2006);
#1471=PCURVE('',#3532,#2007);
#1472=PCURVE('',#3532,#2008);
#1473=PCURVE('',#3533,#2009);
#1474=PCURVE('',#3533,#2010);
#1475=PCURVE('',#3533,#2011);
#1476=PCURVE('',#3533,#2012);
#1477=PCURVE('',#3581,#2013);
#1478=PCURVE('',#3581,#2014);
#1479=PCURVE('',#3581,#2015);
#1480=PCURVE('',#3581,#2016);
#1481=PCURVE('',#3581,#2017);
#1482=PCURVE('',#3581,#2018);
#1483=PCURVE('',#3581,#2019);
#1484=PCURVE('',#3581,#2020);
#1485=PCURVE('',#3581,#2021);
#1486=PCURVE('',#3581,#2022);
#1487=PCURVE('',#3581,#2023);
#1488=PCURVE('',#3581,#2024);
#1489=PCURVE('',#3581,#2025);
#1490=PCURVE('',#3581,#2026);
#1491=PCURVE('',#3581,#2027);
#1492=PCURVE('',#3581,#2028);
#1493=PCURVE('',#3581,#2029);
#1494=PCURVE('',#3581,#2030);
#1495=PCURVE('',#3581,#2031);
#1496=PCURVE('',#3581,#2032);
#1497=PCURVE('',#3534,#2033);
#1498=PCURVE('',#3534,#2034);
#1499=PCURVE('',#3534,#2035);
#1500=PCURVE('',#3534,#2036);
#1501=PCURVE('',#3535,#2037);
#1502=PCURVE('',#3535,#2038);
#1503=PCURVE('',#3535,#2039);
#1504=PCURVE('',#3535,#2040);
#1505=PCURVE('',#3536,#2041);
#1506=PCURVE('',#3536,#2042);
#1507=PCURVE('',#3536,#2043);
#1508=PCURVE('',#3536,#2044);
#1509=PCURVE('',#3537,#2045);
#1510=PCURVE('',#3537,#2046);
#1511=PCURVE('',#3537,#2047);
#1512=PCURVE('',#3537,#2048);
#1513=PCURVE('',#3538,#2049);
#1514=PCURVE('',#3538,#2050);
#1515=PCURVE('',#3538,#2051);
#1516=PCURVE('',#3538,#2052);
#1517=PCURVE('',#3538,#2053);
#1518=PCURVE('',#3538,#2054);
#1519=PCURVE('',#3539,#2055);
#1520=PCURVE('',#3539,#2056);
#1521=PCURVE('',#3539,#2057);
#1522=PCURVE('',#3539,#2058);
#1523=PCURVE('',#3539,#2059);
#1524=PCURVE('',#3539,#2060);
#1525=PCURVE('',#3540,#2061);
#1526=PCURVE('',#3540,#2062);
#1527=PCURVE('',#3540,#2063);
#1528=PCURVE('',#3540,#2064);
#1529=PCURVE('',#3540,#2065);
#1530=PCURVE('',#3541,#2066);
#1531=PCURVE('',#3541,#2067);
#1532=PCURVE('',#3541,#2068);
#1533=PCURVE('',#3542,#2069);
#1534=PCURVE('',#3542,#2070);
#1535=PCURVE('',#3542,#2071);
#1536=PCURVE('',#3543,#2072);
#1537=PCURVE('',#3543,#2073);
#1538=PCURVE('',#3543,#2074);
#1539=PCURVE('',#3543,#2075);
#1540=PCURVE('',#3544,#2076);
#1541=PCURVE('',#3544,#2077);
#1542=PCURVE('',#3544,#2078);
#1543=PCURVE('',#3545,#2079);
#1544=PCURVE('',#3545,#2080);
#1545=PCURVE('',#3545,#2081);
#1546=PCURVE('',#3546,#2082);
#1547=PCURVE('',#3546,#2083);
#1548=PCURVE('',#3546,#2084);
#1549=PCURVE('',#3546,#2085);
#1550=PCURVE('',#3547,#2086);
#1551=PCURVE('',#3547,#2087);
#1552=PCURVE('',#3547,#2088);
#1553=PCURVE('',#3548,#2089);
#1554=PCURVE('',#3548,#2090);
#1555=PCURVE('',#3548,#2091);
#1556=PCURVE('',#3548,#2092);
#1557=PCURVE('',#3549,#2093);
#1558=PCURVE('',#3549,#2094);
#1559=PCURVE('',#3549,#2095);
#1560=PCURVE('',#3549,#2096);
#1561=PCURVE('',#3582,#2097);
#1562=PCURVE('',#3582,#2098);
#1563=PCURVE('',#3582,#2099);
#1564=PCURVE('',#3582,#2100);
#1565=PCURVE('',#3550,#2101);
#1566=PCURVE('',#3550,#2102);
#1567=PCURVE('',#3550,#2103);
#1568=PCURVE('',#3550,#2104);
#1569=PCURVE('',#3550,#2105);
#1570=PCURVE('',#3550,#2106);
#1571=PCURVE('',#3550,#2107);
#1572=PCURVE('',#3550,#2108);
#1573=PCURVE('',#3550,#2109);
#1574=PCURVE('',#3550,#2110);
#1575=PCURVE('',#3550,#2111);
#1576=PCURVE('',#3550,#2112);
#1577=PCURVE('',#3550,#2113);
#1578=PCURVE('',#3583,#2114);
#1579=PCURVE('',#3583,#2115);
#1580=PCURVE('',#3583,#2116);
#1581=PCURVE('',#3583,#2117);
#1582=PCURVE('',#3551,#2118);
#1583=PCURVE('',#3551,#2119);
#1584=PCURVE('',#3551,#2120);
#1585=PCURVE('',#3551,#2121);
#1586=PCURVE('',#3551,#2122);
#1587=PCURVE('',#3584,#2123);
#1588=PCURVE('',#3584,#2124);
#1589=PCURVE('',#3584,#2125);
#1590=PCURVE('',#3584,#2126);
#1591=PCURVE('',#3552,#2127);
#1592=PCURVE('',#3552,#2128);
#1593=PCURVE('',#3552,#2129);
#1594=PCURVE('',#3552,#2130);
#1595=PCURVE('',#3552,#2131);
#1596=PCURVE('',#3553,#2132);
#1597=PCURVE('',#3553,#2133);
#1598=PCURVE('',#3553,#2134);
#1599=PCURVE('',#3553,#2135);
#1600=PCURVE('',#3554,#2136);
#1601=PCURVE('',#3554,#2137);
#1602=PCURVE('',#3554,#2138);
#1603=PCURVE('',#3554,#2139);
#1604=PCURVE('',#3555,#2140);
#1605=PCURVE('',#3555,#2141);
#1606=PCURVE('',#3555,#2142);
#1607=PCURVE('',#3555,#2143);
#1608=PCURVE('',#3556,#2144);
#1609=PCURVE('',#3556,#2145);
#1610=PCURVE('',#3556,#2146);
#1611=PCURVE('',#3556,#2147);
#1612=PCURVE('',#3557,#2148);
#1613=PCURVE('',#3557,#2149);
#1614=PCURVE('',#3557,#2150);
#1615=PCURVE('',#3557,#2151);
#1616=PCURVE('',#3558,#2152);
#1617=PCURVE('',#3558,#2153);
#1618=PCURVE('',#3558,#2154);
#1619=PCURVE('',#3558,#2155);
#1620=PCURVE('',#3559,#2156);
#1621=PCURVE('',#3559,#2157);
#1622=PCURVE('',#3559,#2158);
#1623=PCURVE('',#3559,#2159);
#1624=PCURVE('',#3560,#2160);
#1625=PCURVE('',#3560,#2161);
#1626=PCURVE('',#3560,#2162);
#1627=PCURVE('',#3560,#2163);
#1628=PCURVE('',#3561,#2164);
#1629=PCURVE('',#3561,#2165);
#1630=PCURVE('',#3561,#2166);
#1631=PCURVE('',#3561,#2167);
#1632=PCURVE('',#3562,#2168);
#1633=PCURVE('',#3562,#2169);
#1634=PCURVE('',#3562,#2170);
#1635=PCURVE('',#3562,#2171);
#1636=PCURVE('',#3585,#2172);
#1637=PCURVE('',#3585,#2173);
#1638=PCURVE('',#3585,#2174);
#1639=PCURVE('',#3585,#2175);
#1640=PCURVE('',#3563,#2176);
#1641=PCURVE('',#3563,#2177);
#1642=PCURVE('',#3563,#2178);
#1643=PCURVE('',#3563,#2179);
#1644=PCURVE('',#3586,#2180);
#1645=PCURVE('',#3586,#2181);
#1646=PCURVE('',#3586,#2182);
#1647=PCURVE('',#3586,#2183);
#1648=PCURVE('',#3564,#2184);
#1649=PCURVE('',#3564,#2185);
#1650=PCURVE('',#3564,#2186);
#1651=PCURVE('',#3564,#2187);
#1652=PCURVE('',#3564,#2188);
#1653=PCURVE('',#3564,#2189);
#1654=PCURVE('',#3587,#2190);
#1655=PCURVE('',#3587,#2191);
#1656=PCURVE('',#3587,#2192);
#1657=PCURVE('',#3587,#2193);
#1658=PCURVE('',#3565,#2194);
#1659=PCURVE('',#3565,#2195);
#1660=PCURVE('',#3565,#2196);
#1661=PCURVE('',#3565,#2197);
#1662=PCURVE('',#3588,#2198);
#1663=PCURVE('',#3588,#2199);
#1664=PCURVE('',#3588,#2200);
#1665=PCURVE('',#3588,#2201);
#1666=PCURVE('',#3566,#2202);
#1667=PCURVE('',#3566,#2203);
#1668=PCURVE('',#3566,#2204);
#1669=PCURVE('',#3566,#2205);
#1670=PCURVE('',#3567,#2206);
#1671=PCURVE('',#3567,#2207);
#1672=PCURVE('',#3567,#2208);
#1673=PCURVE('',#3567,#2209);
#1674=PCURVE('',#3567,#2210);
#1675=PCURVE('',#3567,#2211);
#1676=PCURVE('',#3567,#2212);
#1677=PCURVE('',#3568,#2213);
#1678=PCURVE('',#3568,#2214);
#1679=PCURVE('',#3568,#2215);
#1680=PCURVE('',#3568,#2216);
#1681=PCURVE('',#3568,#2217);
#1682=PCURVE('',#3569,#2218);
#1683=PCURVE('',#3569,#2219);
#1684=PCURVE('',#3569,#2220);
#1685=PCURVE('',#3569,#2221);
#1686=DEFINITIONAL_REPRESENTATION('',(#2759),#11565);
#1687=DEFINITIONAL_REPRESENTATION('',(#908),#11565);
#1688=DEFINITIONAL_REPRESENTATION('',(#2761),#11565);
#1689=DEFINITIONAL_REPRESENTATION('',(#910),#11565);
#1690=DEFINITIONAL_REPRESENTATION('',(#2763),#11565);
#1691=DEFINITIONAL_REPRESENTATION('',(#912),#11565);
#1692=DEFINITIONAL_REPRESENTATION('',(#2765),#11565);
#1693=DEFINITIONAL_REPRESENTATION('',(#914),#11565);
#1694=DEFINITIONAL_REPRESENTATION('',(#916),#11565);
#1695=DEFINITIONAL_REPRESENTATION('',(#918),#11565);
#1696=DEFINITIONAL_REPRESENTATION('',(#920),#11565);
#1697=DEFINITIONAL_REPRESENTATION('',(#922),#11565);
#1698=DEFINITIONAL_REPRESENTATION('',(#924),#11565);
#1699=DEFINITIONAL_REPRESENTATION('',(#926),#11565);
#1700=DEFINITIONAL_REPRESENTATION('',(#928),#11565);
#1701=DEFINITIONAL_REPRESENTATION('',(#930),#11565);
#1702=DEFINITIONAL_REPRESENTATION('',(#932),#11565);
#1703=DEFINITIONAL_REPRESENTATION('',(#934),#11565);
#1704=DEFINITIONAL_REPRESENTATION('',(#936),#11565);
#1705=DEFINITIONAL_REPRESENTATION('',(#938),#11565);
#1706=DEFINITIONAL_REPRESENTATION('',(#940),#11565);
#1707=DEFINITIONAL_REPRESENTATION('',(#2767),#11565);
#1708=DEFINITIONAL_REPRESENTATION('',(#2769),#11565);
#1709=DEFINITIONAL_REPRESENTATION('',(#2771),#11565);
#1710=DEFINITIONAL_REPRESENTATION('',(#2773),#11565);
#1711=DEFINITIONAL_REPRESENTATION('',(#2774),#11565);
#1712=DEFINITIONAL_REPRESENTATION('',(#2776),#11565);
#1713=DEFINITIONAL_REPRESENTATION('',(#2777),#11565);
#1714=DEFINITIONAL_REPRESENTATION('',(#2779),#11565);
#1715=DEFINITIONAL_REPRESENTATION('',(#2781),#11565);
#1716=DEFINITIONAL_REPRESENTATION('',(#2783),#11565);
#1717=DEFINITIONAL_REPRESENTATION('',(#2785),#11565);
#1718=DEFINITIONAL_REPRESENTATION('',(#2786),#11565);
#1719=DEFINITIONAL_REPRESENTATION('',(#2787),#11565);
#1720=DEFINITIONAL_REPRESENTATION('',(#2788),#11565);
#1721=DEFINITIONAL_REPRESENTATION('',(#2790),#11565);
#1722=DEFINITIONAL_REPRESENTATION('',(#2792),#11565);
#1723=DEFINITIONAL_REPRESENTATION('',(#2794),#11565);
#1724=DEFINITIONAL_REPRESENTATION('',(#2796),#11565);
#1725=DEFINITIONAL_REPRESENTATION('',(#2798),#11565);
#1726=DEFINITIONAL_REPRESENTATION('',(#2800),#11565);
#1727=DEFINITIONAL_REPRESENTATION('',(#2801),#11565);
#1728=DEFINITIONAL_REPRESENTATION('',(#2802),#11565);
#1729=DEFINITIONAL_REPRESENTATION('',(#2803),#11565);
#1730=DEFINITIONAL_REPRESENTATION('',(#2804),#11565);
#1731=DEFINITIONAL_REPRESENTATION('',(#2805),#11565);
#1732=DEFINITIONAL_REPRESENTATION('',(#2806),#11565);
#1733=DEFINITIONAL_REPRESENTATION('',(#2807),#11565);
#1734=DEFINITIONAL_REPRESENTATION('',(#2808),#11565);
#1735=DEFINITIONAL_REPRESENTATION('',(#2809),#11565);
#1736=DEFINITIONAL_REPRESENTATION('',(#2810),#11565);
#1737=DEFINITIONAL_REPRESENTATION('',(#2812),#11565);
#1738=DEFINITIONAL_REPRESENTATION('',(#2813),#11565);
#1739=DEFINITIONAL_REPRESENTATION('',(#2814),#11565);
#1740=DEFINITIONAL_REPRESENTATION('',(#2816),#11565);
#1741=DEFINITIONAL_REPRESENTATION('',(#2817),#11565);
#1742=DEFINITIONAL_REPRESENTATION('',(#2819),#11565);
#1743=DEFINITIONAL_REPRESENTATION('',(#953),#11565);
#1744=DEFINITIONAL_REPRESENTATION('',(#2821),#11565);
#1745=DEFINITIONAL_REPRESENTATION('',(#2823),#11565);
#1746=DEFINITIONAL_REPRESENTATION('',(#2825),#11565);
#1747=DEFINITIONAL_REPRESENTATION('',(#2827),#11565);
#1748=DEFINITIONAL_REPRESENTATION('',(#2828),#11565);
#1749=DEFINITIONAL_REPRESENTATION('',(#2829),#11565);
#1750=DEFINITIONAL_REPRESENTATION('',(#2831),#11565);
#1751=DEFINITIONAL_REPRESENTATION('',(#2832),#11565);
#1752=DEFINITIONAL_REPRESENTATION('',(#2834),#11565);
#1753=DEFINITIONAL_REPRESENTATION('',(#2836),#11565);
#1754=DEFINITIONAL_REPRESENTATION('',(#2837),#11565);
#1755=DEFINITIONAL_REPRESENTATION('',(#2839),#11565);
#1756=DEFINITIONAL_REPRESENTATION('',(#2841),#11565);
#1757=DEFINITIONAL_REPRESENTATION('',(#2842),#11565);
#1758=DEFINITIONAL_REPRESENTATION('',(#2843),#11565);
#1759=DEFINITIONAL_REPRESENTATION('',(#2844),#11565);
#1760=DEFINITIONAL_REPRESENTATION('',(#2846),#11565);
#1761=DEFINITIONAL_REPRESENTATION('',(#2848),#11565);
#1762=DEFINITIONAL_REPRESENTATION('',(#2849),#11565);
#1763=DEFINITIONAL_REPRESENTATION('',(#2851),#11565);
#1764=DEFINITIONAL_REPRESENTATION('',(#2852),#11565);
#1765=DEFINITIONAL_REPRESENTATION('',(#2854),#11565);
#1766=DEFINITIONAL_REPRESENTATION('',(#2856),#11565);
#1767=DEFINITIONAL_REPRESENTATION('',(#2858),#11565);
#1768=DEFINITIONAL_REPRESENTATION('',(#2860),#11565);
#1769=DEFINITIONAL_REPRESENTATION('',(#2862),#11565);
#1770=DEFINITIONAL_REPRESENTATION('',(#2864),#11565);
#1771=DEFINITIONAL_REPRESENTATION('',(#2866),#11565);
#1772=DEFINITIONAL_REPRESENTATION('',(#2868),#11565);
#1773=DEFINITIONAL_REPRESENTATION('',(#2870),#11565);
#1774=DEFINITIONAL_REPRESENTATION('',(#959),#11565);
#1775=DEFINITIONAL_REPRESENTATION('',(#2872),#11565);
#1776=DEFINITIONAL_REPRESENTATION('',(#2874),#11565);
#1777=DEFINITIONAL_REPRESENTATION('',(#961),#11565);
#1778=DEFINITIONAL_REPRESENTATION('',(#963),#11565);
#1779=DEFINITIONAL_REPRESENTATION('',(#2876),#11565);
#1780=DEFINITIONAL_REPRESENTATION('',(#2878),#11565);
#1781=DEFINITIONAL_REPRESENTATION('',(#965),#11565);
#1782=DEFINITIONAL_REPRESENTATION('',(#2880),#11565);
#1783=DEFINITIONAL_REPRESENTATION('',(#967),#11565);
#1784=DEFINITIONAL_REPRESENTATION('',(#969),#11565);
#1785=DEFINITIONAL_REPRESENTATION('',(#2882),#11565);
#1786=DEFINITIONAL_REPRESENTATION('',(#2884),#11565);
#1787=DEFINITIONAL_REPRESENTATION('',(#2886),#11565);
#1788=DEFINITIONAL_REPRESENTATION('',(#971),#11565);
#1789=DEFINITIONAL_REPRESENTATION('',(#2888),#11565);
#1790=DEFINITIONAL_REPRESENTATION('',(#2890),#11565);
#1791=DEFINITIONAL_REPRESENTATION('',(#2892),#11565);
#1792=DEFINITIONAL_REPRESENTATION('',(#2894),#11565);
#1793=DEFINITIONAL_REPRESENTATION('',(#2896),#11565);
#1794=DEFINITIONAL_REPRESENTATION('',(#2898),#11565);
#1795=DEFINITIONAL_REPRESENTATION('',(#973),#11565);
#1796=DEFINITIONAL_REPRESENTATION('',(#2900),#11565);
#1797=DEFINITIONAL_REPRESENTATION('',(#2902),#11565);
#1798=DEFINITIONAL_REPRESENTATION('',(#975),#11565);
#1799=DEFINITIONAL_REPRESENTATION('',(#977),#11565);
#1800=DEFINITIONAL_REPRESENTATION('',(#2904),#11565);
#1801=DEFINITIONAL_REPRESENTATION('',(#979),#11565);
#1802=DEFINITIONAL_REPRESENTATION('',(#2906),#11565);
#1803=DEFINITIONAL_REPRESENTATION('',(#2908),#11565);
#1804=DEFINITIONAL_REPRESENTATION('',(#981),#11565);
#1805=DEFINITIONAL_REPRESENTATION('',(#983),#11565);
#1806=DEFINITIONAL_REPRESENTATION('',(#2910),#11565);
#1807=DEFINITIONAL_REPRESENTATION('',(#2911),#11565);
#1808=DEFINITIONAL_REPRESENTATION('',(#2912),#11565);
#1809=DEFINITIONAL_REPRESENTATION('',(#2913),#11565);
#1810=DEFINITIONAL_REPRESENTATION('',(#2914),#11565);
#1811=DEFINITIONAL_REPRESENTATION('',(#2915),#11565);
#1812=DEFINITIONAL_REPRESENTATION('',(#2916),#11565);
#1813=DEFINITIONAL_REPRESENTATION('',(#2917),#11565);
#1814=DEFINITIONAL_REPRESENTATION('',(#2918),#11565);
#1815=DEFINITIONAL_REPRESENTATION('',(#2919),#11565);
#1816=DEFINITIONAL_REPRESENTATION('',(#2920),#11565);
#1817=DEFINITIONAL_REPRESENTATION('',(#2921),#11565);
#1818=DEFINITIONAL_REPRESENTATION('',(#2922),#11565);
#1819=DEFINITIONAL_REPRESENTATION('',(#2923),#11565);
#1820=DEFINITIONAL_REPRESENTATION('',(#2924),#11565);
#1821=DEFINITIONAL_REPRESENTATION('',(#2925),#11565);
#1822=DEFINITIONAL_REPRESENTATION('',(#2926),#11565);
#1823=DEFINITIONAL_REPRESENTATION('',(#2927),#11565);
#1824=DEFINITIONAL_REPRESENTATION('',(#2928),#11565);
#1825=DEFINITIONAL_REPRESENTATION('',(#2929),#11565);
#1826=DEFINITIONAL_REPRESENTATION('',(#2930),#11565);
#1827=DEFINITIONAL_REPRESENTATION('',(#2931),#11565);
#1828=DEFINITIONAL_REPRESENTATION('',(#2932),#11565);
#1829=DEFINITIONAL_REPRESENTATION('',(#2933),#11565);
#1830=DEFINITIONAL_REPRESENTATION('',(#2934),#11565);
#1831=DEFINITIONAL_REPRESENTATION('',(#2935),#11565);
#1832=DEFINITIONAL_REPRESENTATION('',(#2936),#11565);
#1833=DEFINITIONAL_REPRESENTATION('',(#2937),#11565);
#1834=DEFINITIONAL_REPRESENTATION('',(#2938),#11565);
#1835=DEFINITIONAL_REPRESENTATION('',(#2939),#11565);
#1836=DEFINITIONAL_REPRESENTATION('',(#2940),#11565);
#1837=DEFINITIONAL_REPRESENTATION('',(#2941),#11565);
#1838=DEFINITIONAL_REPRESENTATION('',(#2942),#11565);
#1839=DEFINITIONAL_REPRESENTATION('',(#2943),#11565);
#1840=DEFINITIONAL_REPRESENTATION('',(#2944),#11565);
#1841=DEFINITIONAL_REPRESENTATION('',(#2945),#11565);
#1842=DEFINITIONAL_REPRESENTATION('',(#2946),#11565);
#1843=DEFINITIONAL_REPRESENTATION('',(#2947),#11565);
#1844=DEFINITIONAL_REPRESENTATION('',(#2948),#11565);
#1845=DEFINITIONAL_REPRESENTATION('',(#2950),#11565);
#1846=DEFINITIONAL_REPRESENTATION('',(#2952),#11565);
#1847=DEFINITIONAL_REPRESENTATION('',(#2954),#11565);
#1848=DEFINITIONAL_REPRESENTATION('',(#2955),#11565);
#1849=DEFINITIONAL_REPRESENTATION('',(#2956),#11565);
#1850=DEFINITIONAL_REPRESENTATION('',(#2957),#11565);
#1851=DEFINITIONAL_REPRESENTATION('',(#2958),#11565);
#1852=DEFINITIONAL_REPRESENTATION('',(#2959),#11565);
#1853=DEFINITIONAL_REPRESENTATION('',(#2960),#11565);
#1854=DEFINITIONAL_REPRESENTATION('',(#2961),#11565);
#1855=DEFINITIONAL_REPRESENTATION('',(#2962),#11565);
#1856=DEFINITIONAL_REPRESENTATION('',(#2963),#11565);
#1857=DEFINITIONAL_REPRESENTATION('',(#2964),#11565);
#1858=DEFINITIONAL_REPRESENTATION('',(#2965),#11565);
#1859=DEFINITIONAL_REPRESENTATION('',(#2966),#11565);
#1860=DEFINITIONAL_REPRESENTATION('',(#2967),#11565);
#1861=DEFINITIONAL_REPRESENTATION('',(#2968),#11565);
#1862=DEFINITIONAL_REPRESENTATION('',(#2969),#11565);
#1863=DEFINITIONAL_REPRESENTATION('',(#2971),#11565);
#1864=DEFINITIONAL_REPRESENTATION('',(#2972),#11565);
#1865=DEFINITIONAL_REPRESENTATION('',(#2974),#11565);
#1866=DEFINITIONAL_REPRESENTATION('',(#2975),#11565);
#1867=DEFINITIONAL_REPRESENTATION('',(#2976),#11565);
#1868=DEFINITIONAL_REPRESENTATION('',(#2977),#11565);
#1869=DEFINITIONAL_REPRESENTATION('',(#2978),#11565);
#1870=DEFINITIONAL_REPRESENTATION('',(#2979),#11565);
#1871=DEFINITIONAL_REPRESENTATION('',(#2980),#11565);
#1872=DEFINITIONAL_REPRESENTATION('',(#2981),#11565);
#1873=DEFINITIONAL_REPRESENTATION('',(#2982),#11565);
#1874=DEFINITIONAL_REPRESENTATION('',(#2983),#11565);
#1875=DEFINITIONAL_REPRESENTATION('',(#2984),#11565);
#1876=DEFINITIONAL_REPRESENTATION('',(#2985),#11565);
#1877=DEFINITIONAL_REPRESENTATION('',(#2986),#11565);
#1878=DEFINITIONAL_REPRESENTATION('',(#2987),#11565);
#1879=DEFINITIONAL_REPRESENTATION('',(#2988),#11565);
#1880=DEFINITIONAL_REPRESENTATION('',(#2989),#11565);
#1881=DEFINITIONAL_REPRESENTATION('',(#2990),#11565);
#1882=DEFINITIONAL_REPRESENTATION('',(#2991),#11565);
#1883=DEFINITIONAL_REPRESENTATION('',(#2992),#11565);
#1884=DEFINITIONAL_REPRESENTATION('',(#2993),#11565);
#1885=DEFINITIONAL_REPRESENTATION('',(#2995),#11565);
#1886=DEFINITIONAL_REPRESENTATION('',(#2996),#11565);
#1887=DEFINITIONAL_REPRESENTATION('',(#2997),#11565);
#1888=DEFINITIONAL_REPRESENTATION('',(#2998),#11565);
#1889=DEFINITIONAL_REPRESENTATION('',(#2999),#11565);
#1890=DEFINITIONAL_REPRESENTATION('',(#3000),#11565);
#1891=DEFINITIONAL_REPRESENTATION('',(#3001),#11565);
#1892=DEFINITIONAL_REPRESENTATION('',(#3002),#11565);
#1893=DEFINITIONAL_REPRESENTATION('',(#3003),#11565);
#1894=DEFINITIONAL_REPRESENTATION('',(#3004),#11565);
#1895=DEFINITIONAL_REPRESENTATION('',(#3005),#11565);
#1896=DEFINITIONAL_REPRESENTATION('',(#3006),#11565);
#1897=DEFINITIONAL_REPRESENTATION('',(#3007),#11565);
#1898=DEFINITIONAL_REPRESENTATION('',(#3008),#11565);
#1899=DEFINITIONAL_REPRESENTATION('',(#3009),#11565);
#1900=DEFINITIONAL_REPRESENTATION('',(#3010),#11565);
#1901=DEFINITIONAL_REPRESENTATION('',(#3011),#11565);
#1902=DEFINITIONAL_REPRESENTATION('',(#3012),#11565);
#1903=DEFINITIONAL_REPRESENTATION('',(#3013),#11565);
#1904=DEFINITIONAL_REPRESENTATION('',(#3014),#11565);
#1905=DEFINITIONAL_REPRESENTATION('',(#3015),#11565);
#1906=DEFINITIONAL_REPRESENTATION('',(#3016),#11565);
#1907=DEFINITIONAL_REPRESENTATION('',(#3017),#11565);
#1908=DEFINITIONAL_REPRESENTATION('',(#3018),#11565);
#1909=DEFINITIONAL_REPRESENTATION('',(#3019),#11565);
#1910=DEFINITIONAL_REPRESENTATION('',(#3020),#11565);
#1911=DEFINITIONAL_REPRESENTATION('',(#3021),#11565);
#1912=DEFINITIONAL_REPRESENTATION('',(#3022),#11565);
#1913=DEFINITIONAL_REPRESENTATION('',(#3023),#11565);
#1914=DEFINITIONAL_REPRESENTATION('',(#3024),#11565);
#1915=DEFINITIONAL_REPRESENTATION('',(#3025),#11565);
#1916=DEFINITIONAL_REPRESENTATION('',(#3026),#11565);
#1917=DEFINITIONAL_REPRESENTATION('',(#3027),#11565);
#1918=DEFINITIONAL_REPRESENTATION('',(#3028),#11565);
#1919=DEFINITIONAL_REPRESENTATION('',(#3029),#11565);
#1920=DEFINITIONAL_REPRESENTATION('',(#3030),#11565);
#1921=DEFINITIONAL_REPRESENTATION('',(#3031),#11565);
#1922=DEFINITIONAL_REPRESENTATION('',(#3032),#11565);
#1923=DEFINITIONAL_REPRESENTATION('',(#3033),#11565);
#1924=DEFINITIONAL_REPRESENTATION('',(#3034),#11565);
#1925=DEFINITIONAL_REPRESENTATION('',(#3035),#11565);
#1926=DEFINITIONAL_REPRESENTATION('',(#3036),#11565);
#1927=DEFINITIONAL_REPRESENTATION('',(#3037),#11565);
#1928=DEFINITIONAL_REPRESENTATION('',(#3038),#11565);
#1929=DEFINITIONAL_REPRESENTATION('',(#3039),#11565);
#1930=DEFINITIONAL_REPRESENTATION('',(#3040),#11565);
#1931=DEFINITIONAL_REPRESENTATION('',(#3041),#11565);
#1932=DEFINITIONAL_REPRESENTATION('',(#3042),#11565);
#1933=DEFINITIONAL_REPRESENTATION('',(#3043),#11565);
#1934=DEFINITIONAL_REPRESENTATION('',(#3044),#11565);
#1935=DEFINITIONAL_REPRESENTATION('',(#3045),#11565);
#1936=DEFINITIONAL_REPRESENTATION('',(#3046),#11565);
#1937=DEFINITIONAL_REPRESENTATION('',(#3047),#11565);
#1938=DEFINITIONAL_REPRESENTATION('',(#3048),#11565);
#1939=DEFINITIONAL_REPRESENTATION('',(#3049),#11565);
#1940=DEFINITIONAL_REPRESENTATION('',(#3050),#11565);
#1941=DEFINITIONAL_REPRESENTATION('',(#3051),#11565);
#1942=DEFINITIONAL_REPRESENTATION('',(#3052),#11565);
#1943=DEFINITIONAL_REPRESENTATION('',(#3053),#11565);
#1944=DEFINITIONAL_REPRESENTATION('',(#3054),#11565);
#1945=DEFINITIONAL_REPRESENTATION('',(#3055),#11565);
#1946=DEFINITIONAL_REPRESENTATION('',(#3056),#11565);
#1947=DEFINITIONAL_REPRESENTATION('',(#3057),#11565);
#1948=DEFINITIONAL_REPRESENTATION('',(#3058),#11565);
#1949=DEFINITIONAL_REPRESENTATION('',(#3059),#11565);
#1950=DEFINITIONAL_REPRESENTATION('',(#3060),#11565);
#1951=DEFINITIONAL_REPRESENTATION('',(#3061),#11565);
#1952=DEFINITIONAL_REPRESENTATION('',(#3062),#11565);
#1953=DEFINITIONAL_REPRESENTATION('',(#3063),#11565);
#1954=DEFINITIONAL_REPRESENTATION('',(#3064),#11565);
#1955=DEFINITIONAL_REPRESENTATION('',(#3065),#11565);
#1956=DEFINITIONAL_REPRESENTATION('',(#3066),#11565);
#1957=DEFINITIONAL_REPRESENTATION('',(#3067),#11565);
#1958=DEFINITIONAL_REPRESENTATION('',(#3068),#11565);
#1959=DEFINITIONAL_REPRESENTATION('',(#3069),#11565);
#1960=DEFINITIONAL_REPRESENTATION('',(#3070),#11565);
#1961=DEFINITIONAL_REPRESENTATION('',(#3071),#11565);
#1962=DEFINITIONAL_REPRESENTATION('',(#3072),#11565);
#1963=DEFINITIONAL_REPRESENTATION('',(#3073),#11565);
#1964=DEFINITIONAL_REPRESENTATION('',(#3074),#11565);
#1965=DEFINITIONAL_REPRESENTATION('',(#3075),#11565);
#1966=DEFINITIONAL_REPRESENTATION('',(#3076),#11565);
#1967=DEFINITIONAL_REPRESENTATION('',(#3077),#11565);
#1968=DEFINITIONAL_REPRESENTATION('',(#3078),#11565);
#1969=DEFINITIONAL_REPRESENTATION('',(#3079),#11565);
#1970=DEFINITIONAL_REPRESENTATION('',(#3080),#11565);
#1971=DEFINITIONAL_REPRESENTATION('',(#3081),#11565);
#1972=DEFINITIONAL_REPRESENTATION('',(#3082),#11565);
#1973=DEFINITIONAL_REPRESENTATION('',(#3083),#11565);
#1974=DEFINITIONAL_REPRESENTATION('',(#3084),#11565);
#1975=DEFINITIONAL_REPRESENTATION('',(#3085),#11565);
#1976=DEFINITIONAL_REPRESENTATION('',(#3086),#11565);
#1977=DEFINITIONAL_REPRESENTATION('',(#3087),#11565);
#1978=DEFINITIONAL_REPRESENTATION('',(#3088),#11565);
#1979=DEFINITIONAL_REPRESENTATION('',(#3089),#11565);
#1980=DEFINITIONAL_REPRESENTATION('',(#3090),#11565);
#1981=DEFINITIONAL_REPRESENTATION('',(#3091),#11565);
#1982=DEFINITIONAL_REPRESENTATION('',(#3092),#11565);
#1983=DEFINITIONAL_REPRESENTATION('',(#3093),#11565);
#1984=DEFINITIONAL_REPRESENTATION('',(#3094),#11565);
#1985=DEFINITIONAL_REPRESENTATION('',(#3095),#11565);
#1986=DEFINITIONAL_REPRESENTATION('',(#3096),#11565);
#1987=DEFINITIONAL_REPRESENTATION('',(#3097),#11565);
#1988=DEFINITIONAL_REPRESENTATION('',(#3098),#11565);
#1989=DEFINITIONAL_REPRESENTATION('',(#3099),#11565);
#1990=DEFINITIONAL_REPRESENTATION('',(#3100),#11565);
#1991=DEFINITIONAL_REPRESENTATION('',(#3101),#11565);
#1992=DEFINITIONAL_REPRESENTATION('',(#3102),#11565);
#1993=DEFINITIONAL_REPRESENTATION('',(#3103),#11565);
#1994=DEFINITIONAL_REPRESENTATION('',(#3104),#11565);
#1995=DEFINITIONAL_REPRESENTATION('',(#3105),#11565);
#1996=DEFINITIONAL_REPRESENTATION('',(#3106),#11565);
#1997=DEFINITIONAL_REPRESENTATION('',(#3107),#11565);
#1998=DEFINITIONAL_REPRESENTATION('',(#3108),#11565);
#1999=DEFINITIONAL_REPRESENTATION('',(#3109),#11565);
#2000=DEFINITIONAL_REPRESENTATION('',(#3110),#11565);
#2001=DEFINITIONAL_REPRESENTATION('',(#3111),#11565);
#2002=DEFINITIONAL_REPRESENTATION('',(#3112),#11565);
#2003=DEFINITIONAL_REPRESENTATION('',(#3113),#11565);
#2004=DEFINITIONAL_REPRESENTATION('',(#3114),#11565);
#2005=DEFINITIONAL_REPRESENTATION('',(#3115),#11565);
#2006=DEFINITIONAL_REPRESENTATION('',(#3116),#11565);
#2007=DEFINITIONAL_REPRESENTATION('',(#3117),#11565);
#2008=DEFINITIONAL_REPRESENTATION('',(#3118),#11565);
#2009=DEFINITIONAL_REPRESENTATION('',(#3119),#11565);
#2010=DEFINITIONAL_REPRESENTATION('',(#3120),#11565);
#2011=DEFINITIONAL_REPRESENTATION('',(#3121),#11565);
#2012=DEFINITIONAL_REPRESENTATION('',(#3122),#11565);
#2013=DEFINITIONAL_REPRESENTATION('',(#1044),#11565);
#2014=DEFINITIONAL_REPRESENTATION('',(#1046),#11565);
#2015=DEFINITIONAL_REPRESENTATION('',(#1048),#11565);
#2016=DEFINITIONAL_REPRESENTATION('',(#1050),#11565);
#2017=DEFINITIONAL_REPRESENTATION('',(#1052),#11565);
#2018=DEFINITIONAL_REPRESENTATION('',(#3124),#11565);
#2019=DEFINITIONAL_REPRESENTATION('',(#3126),#11565);
#2020=DEFINITIONAL_REPRESENTATION('',(#1054),#11565);
#2021=DEFINITIONAL_REPRESENTATION('',(#1056),#11565);
#2022=DEFINITIONAL_REPRESENTATION('',(#3128),#11565);
#2023=DEFINITIONAL_REPRESENTATION('',(#3130),#11565);
#2024=DEFINITIONAL_REPRESENTATION('',(#3132),#11565);
#2025=DEFINITIONAL_REPRESENTATION('',(#1058),#11565);
#2026=DEFINITIONAL_REPRESENTATION('',(#1060),#11565);
#2027=DEFINITIONAL_REPRESENTATION('',(#1062),#11565);
#2028=DEFINITIONAL_REPRESENTATION('',(#1064),#11565);
#2029=DEFINITIONAL_REPRESENTATION('',(#1066),#11565);
#2030=DEFINITIONAL_REPRESENTATION('',(#1068),#11565);
#2031=DEFINITIONAL_REPRESENTATION('',(#1070),#11565);
#2032=DEFINITIONAL_REPRESENTATION('',(#1072),#11565);
#2033=DEFINITIONAL_REPRESENTATION('',(#3133),#11565);
#2034=DEFINITIONAL_REPRESENTATION('',(#3134),#11565);
#2035=DEFINITIONAL_REPRESENTATION('',(#3135),#11565);
#2036=DEFINITIONAL_REPRESENTATION('',(#3136),#11565);
#2037=DEFINITIONAL_REPRESENTATION('',(#3137),#11565);
#2038=DEFINITIONAL_REPRESENTATION('',(#3138),#11565);
#2039=DEFINITIONAL_REPRESENTATION('',(#3139),#11565);
#2040=DEFINITIONAL_REPRESENTATION('',(#3140),#11565);
#2041=DEFINITIONAL_REPRESENTATION('',(#3142),#11565);
#2042=DEFINITIONAL_REPRESENTATION('',(#3143),#11565);
#2043=DEFINITIONAL_REPRESENTATION('',(#3144),#11565);
#2044=DEFINITIONAL_REPRESENTATION('',(#3145),#11565);
#2045=DEFINITIONAL_REPRESENTATION('',(#3146),#11565);
#2046=DEFINITIONAL_REPRESENTATION('',(#3147),#11565);
#2047=DEFINITIONAL_REPRESENTATION('',(#3148),#11565);
#2048=DEFINITIONAL_REPRESENTATION('',(#3149),#11565);
#2049=DEFINITIONAL_REPRESENTATION('',(#3151),#11565);
#2050=DEFINITIONAL_REPRESENTATION('',(#3153),#11565);
#2051=DEFINITIONAL_REPRESENTATION('',(#3154),#11565);
#2052=DEFINITIONAL_REPRESENTATION('',(#3155),#11565);
#2053=DEFINITIONAL_REPRESENTATION('',(#3156),#11565);
#2054=DEFINITIONAL_REPRESENTATION('',(#3157),#11565);
#2055=DEFINITIONAL_REPRESENTATION('',(#3159),#11565);
#2056=DEFINITIONAL_REPRESENTATION('',(#3160),#11565);
#2057=DEFINITIONAL_REPRESENTATION('',(#3161),#11565);
#2058=DEFINITIONAL_REPRESENTATION('',(#3162),#11565);
#2059=DEFINITIONAL_REPRESENTATION('',(#3164),#11565);
#2060=DEFINITIONAL_REPRESENTATION('',(#3165),#11565);
#2061=DEFINITIONAL_REPRESENTATION('',(#3167),#11565);
#2062=DEFINITIONAL_REPRESENTATION('',(#3168),#11565);
#2063=DEFINITIONAL_REPRESENTATION('',(#3169),#11565);
#2064=DEFINITIONAL_REPRESENTATION('',(#3170),#11565);
#2065=DEFINITIONAL_REPRESENTATION('',(#3171),#11565);
#2066=DEFINITIONAL_REPRESENTATION('',(#3172),#11565);
#2067=DEFINITIONAL_REPRESENTATION('',(#3173),#11565);
#2068=DEFINITIONAL_REPRESENTATION('',(#3174),#11565);
#2069=DEFINITIONAL_REPRESENTATION('',(#3175),#11565);
#2070=DEFINITIONAL_REPRESENTATION('',(#3176),#11565);
#2071=DEFINITIONAL_REPRESENTATION('',(#3177),#11565);
#2072=DEFINITIONAL_REPRESENTATION('',(#3178),#11565);
#2073=DEFINITIONAL_REPRESENTATION('',(#3179),#11565);
#2074=DEFINITIONAL_REPRESENTATION('',(#3180),#11565);
#2075=DEFINITIONAL_REPRESENTATION('',(#3182),#11565);
#2076=DEFINITIONAL_REPRESENTATION('',(#3183),#11565);
#2077=DEFINITIONAL_REPRESENTATION('',(#3184),#11565);
#2078=DEFINITIONAL_REPRESENTATION('',(#3185),#11565);
#2079=DEFINITIONAL_REPRESENTATION('',(#3186),#11565);
#2080=DEFINITIONAL_REPRESENTATION('',(#3187),#11565);
#2081=DEFINITIONAL_REPRESENTATION('',(#3188),#11565);
#2082=DEFINITIONAL_REPRESENTATION('',(#3189),#11565);
#2083=DEFINITIONAL_REPRESENTATION('',(#3190),#11565);
#2084=DEFINITIONAL_REPRESENTATION('',(#3191),#11565);
#2085=DEFINITIONAL_REPRESENTATION('',(#3193),#11565);
#2086=DEFINITIONAL_REPRESENTATION('',(#3194),#11565);
#2087=DEFINITIONAL_REPRESENTATION('',(#3195),#11565);
#2088=DEFINITIONAL_REPRESENTATION('',(#3196),#11565);
#2089=DEFINITIONAL_REPRESENTATION('',(#3198),#11565);
#2090=DEFINITIONAL_REPRESENTATION('',(#3199),#11565);
#2091=DEFINITIONAL_REPRESENTATION('',(#3200),#11565);
#2092=DEFINITIONAL_REPRESENTATION('',(#3201),#11565);
#2093=DEFINITIONAL_REPRESENTATION('',(#3202),#11565);
#2094=DEFINITIONAL_REPRESENTATION('',(#3203),#11565);
#2095=DEFINITIONAL_REPRESENTATION('',(#3204),#11565);
#2096=DEFINITIONAL_REPRESENTATION('',(#3205),#11565);
#2097=DEFINITIONAL_REPRESENTATION('',(#3206),#11565);
#2098=DEFINITIONAL_REPRESENTATION('',(#3208),#11565);
#2099=DEFINITIONAL_REPRESENTATION('',(#3209),#11565);
#2100=DEFINITIONAL_REPRESENTATION('',(#1101),#11565);
#2101=DEFINITIONAL_REPRESENTATION('',(#3210),#11565);
#2102=DEFINITIONAL_REPRESENTATION('',(#3211),#11565);
#2103=DEFINITIONAL_REPRESENTATION('',(#3212),#11565);
#2104=DEFINITIONAL_REPRESENTATION('',(#3213),#11565);
#2105=DEFINITIONAL_REPRESENTATION('',(#3214),#11565);
#2106=DEFINITIONAL_REPRESENTATION('',(#3215),#11565);
#2107=DEFINITIONAL_REPRESENTATION('',(#3216),#11565);
#2108=DEFINITIONAL_REPRESENTATION('',(#3217),#11565);
#2109=DEFINITIONAL_REPRESENTATION('',(#3218),#11565);
#2110=DEFINITIONAL_REPRESENTATION('',(#3219),#11565);
#2111=DEFINITIONAL_REPRESENTATION('',(#3220),#11565);
#2112=DEFINITIONAL_REPRESENTATION('',(#3221),#11565);
#2113=DEFINITIONAL_REPRESENTATION('',(#3222),#11565);
#2114=DEFINITIONAL_REPRESENTATION('',(#3223),#11565);
#2115=DEFINITIONAL_REPRESENTATION('',(#3225),#11565);
#2116=DEFINITIONAL_REPRESENTATION('',(#3226),#11565);
#2117=DEFINITIONAL_REPRESENTATION('',(#1103),#11565);
#2118=DEFINITIONAL_REPRESENTATION('',(#3227),#11565);
#2119=DEFINITIONAL_REPRESENTATION('',(#3228),#11565);
#2120=DEFINITIONAL_REPRESENTATION('',(#3229),#11565);
#2121=DEFINITIONAL_REPRESENTATION('',(#3230),#11565);
#2122=DEFINITIONAL_REPRESENTATION('',(#3231),#11565);
#2123=DEFINITIONAL_REPRESENTATION('',(#3232),#11565);
#2124=DEFINITIONAL_REPRESENTATION('',(#3234),#11565);
#2125=DEFINITIONAL_REPRESENTATION('',(#3235),#11565);
#2126=DEFINITIONAL_REPRESENTATION('',(#1105),#11565);
#2127=DEFINITIONAL_REPRESENTATION('',(#3236),#11565);
#2128=DEFINITIONAL_REPRESENTATION('',(#3237),#11565);
#2129=DEFINITIONAL_REPRESENTATION('',(#3238),#11565);
#2130=DEFINITIONAL_REPRESENTATION('',(#3239),#11565);
#2131=DEFINITIONAL_REPRESENTATION('',(#3240),#11565);
#2132=DEFINITIONAL_REPRESENTATION('',(#3241),#11565);
#2133=DEFINITIONAL_REPRESENTATION('',(#3242),#11565);
#2134=DEFINITIONAL_REPRESENTATION('',(#3243),#11565);
#2135=DEFINITIONAL_REPRESENTATION('',(#3244),#11565);
#2136=DEFINITIONAL_REPRESENTATION('',(#3246),#11565);
#2137=DEFINITIONAL_REPRESENTATION('',(#3247),#11565);
#2138=DEFINITIONAL_REPRESENTATION('',(#3248),#11565);
#2139=DEFINITIONAL_REPRESENTATION('',(#3249),#11565);
#2140=DEFINITIONAL_REPRESENTATION('',(#3251),#11565);
#2141=DEFINITIONAL_REPRESENTATION('',(#3252),#11565);
#2142=DEFINITIONAL_REPRESENTATION('',(#3253),#11565);
#2143=DEFINITIONAL_REPRESENTATION('',(#3254),#11565);
#2144=DEFINITIONAL_REPRESENTATION('',(#3256),#11565);
#2145=DEFINITIONAL_REPRESENTATION('',(#3257),#11565);
#2146=DEFINITIONAL_REPRESENTATION('',(#3258),#11565);
#2147=DEFINITIONAL_REPRESENTATION('',(#3259),#11565);
#2148=DEFINITIONAL_REPRESENTATION('',(#3261),#11565);
#2149=DEFINITIONAL_REPRESENTATION('',(#3262),#11565);
#2150=DEFINITIONAL_REPRESENTATION('',(#3263),#11565);
#2151=DEFINITIONAL_REPRESENTATION('',(#3264),#11565);
#2152=DEFINITIONAL_REPRESENTATION('',(#3265),#11565);
#2153=DEFINITIONAL_REPRESENTATION('',(#3266),#11565);
#2154=DEFINITIONAL_REPRESENTATION('',(#3267),#11565);
#2155=DEFINITIONAL_REPRESENTATION('',(#3268),#11565);
#2156=DEFINITIONAL_REPRESENTATION('',(#3269),#11565);
#2157=DEFINITIONAL_REPRESENTATION('',(#3270),#11565);
#2158=DEFINITIONAL_REPRESENTATION('',(#3271),#11565);
#2159=DEFINITIONAL_REPRESENTATION('',(#3272),#11565);
#2160=DEFINITIONAL_REPRESENTATION('',(#3273),#11565);
#2161=DEFINITIONAL_REPRESENTATION('',(#3274),#11565);
#2162=DEFINITIONAL_REPRESENTATION('',(#3275),#11565);
#2163=DEFINITIONAL_REPRESENTATION('',(#3276),#11565);
#2164=DEFINITIONAL_REPRESENTATION('',(#3277),#11565);
#2165=DEFINITIONAL_REPRESENTATION('',(#3278),#11565);
#2166=DEFINITIONAL_REPRESENTATION('',(#3279),#11565);
#2167=DEFINITIONAL_REPRESENTATION('',(#3280),#11565);
#2168=DEFINITIONAL_REPRESENTATION('',(#3281),#11565);
#2169=DEFINITIONAL_REPRESENTATION('',(#3282),#11565);
#2170=DEFINITIONAL_REPRESENTATION('',(#3283),#11565);
#2171=DEFINITIONAL_REPRESENTATION('',(#3284),#11565);
#2172=DEFINITIONAL_REPRESENTATION('',(#1121),#11565);
#2173=DEFINITIONAL_REPRESENTATION('',(#1123),#11565);
#2174=DEFINITIONAL_REPRESENTATION('',(#1124),#11565);
#2175=DEFINITIONAL_REPRESENTATION('',(#1125),#11565);
#2176=DEFINITIONAL_REPRESENTATION('',(#3285),#11565);
#2177=DEFINITIONAL_REPRESENTATION('',(#3286),#11565);
#2178=DEFINITIONAL_REPRESENTATION('',(#3287),#11565);
#2179=DEFINITIONAL_REPRESENTATION('',(#3288),#11565);
#2180=DEFINITIONAL_REPRESENTATION('',(#1129),#11565);
#2181=DEFINITIONAL_REPRESENTATION('',(#1131),#11565);
#2182=DEFINITIONAL_REPRESENTATION('',(#1132),#11565);
#2183=DEFINITIONAL_REPRESENTATION('',(#1133),#11565);
#2184=DEFINITIONAL_REPRESENTATION('',(#3289),#11565);
#2185=DEFINITIONAL_REPRESENTATION('',(#3290),#11565);
#2186=DEFINITIONAL_REPRESENTATION('',(#3291),#11565);
#2187=DEFINITIONAL_REPRESENTATION('',(#3292),#11565);
#2188=DEFINITIONAL_REPRESENTATION('',(#3293),#11565);
#2189=DEFINITIONAL_REPRESENTATION('',(#3294),#11565);
#2190=DEFINITIONAL_REPRESENTATION('',(#1137),#11565);
#2191=DEFINITIONAL_REPRESENTATION('',(#1139),#11565);
#2192=DEFINITIONAL_REPRESENTATION('',(#1140),#11565);
#2193=DEFINITIONAL_REPRESENTATION('',(#1141),#11565);
#2194=DEFINITIONAL_REPRESENTATION('',(#3295),#11565);
#2195=DEFINITIONAL_REPRESENTATION('',(#3296),#11565);
#2196=DEFINITIONAL_REPRESENTATION('',(#3297),#11565);
#2197=DEFINITIONAL_REPRESENTATION('',(#3298),#11565);
#2198=DEFINITIONAL_REPRESENTATION('',(#1145),#11565);
#2199=DEFINITIONAL_REPRESENTATION('',(#1147),#11565);
#2200=DEFINITIONAL_REPRESENTATION('',(#1148),#11565);
#2201=DEFINITIONAL_REPRESENTATION('',(#1149),#11565);
#2202=DEFINITIONAL_REPRESENTATION('',(#3299),#11565);
#2203=DEFINITIONAL_REPRESENTATION('',(#3300),#11565);
#2204=DEFINITIONAL_REPRESENTATION('',(#3301),#11565);
#2205=DEFINITIONAL_REPRESENTATION('',(#3302),#11565);
#2206=DEFINITIONAL_REPRESENTATION('',(#3303),#11565);
#2207=DEFINITIONAL_REPRESENTATION('',(#3304),#11565);
#2208=DEFINITIONAL_REPRESENTATION('',(#3305),#11565);
#2209=DEFINITIONAL_REPRESENTATION('',(#3306),#11565);
#2210=DEFINITIONAL_REPRESENTATION('',(#3307),#11565);
#2211=DEFINITIONAL_REPRESENTATION('',(#3308),#11565);
#2212=DEFINITIONAL_REPRESENTATION('',(#3309),#11565);
#2213=DEFINITIONAL_REPRESENTATION('',(#3310),#11565);
#2214=DEFINITIONAL_REPRESENTATION('',(#3311),#11565);
#2215=DEFINITIONAL_REPRESENTATION('',(#3312),#11565);
#2216=DEFINITIONAL_REPRESENTATION('',(#3313),#11565);
#2217=DEFINITIONAL_REPRESENTATION('',(#3314),#11565);
#2218=DEFINITIONAL_REPRESENTATION('',(#3315),#11565);
#2219=DEFINITIONAL_REPRESENTATION('',(#3316),#11565);
#2220=DEFINITIONAL_REPRESENTATION('',(#3317),#11565);
#2221=DEFINITIONAL_REPRESENTATION('',(#3318),#11565);
#2222=SURFACE_CURVE('',#2758,(#1150,#1454),.PCURVE_S1.);
#2223=SURFACE_CURVE('',#907,(#1151,#1459),.PCURVE_S1.);
#2224=SURFACE_CURVE('',#2760,(#1152,#1193),.PCURVE_S1.);
#2225=SURFACE_CURVE('',#909,(#1153,#1184),.PCURVE_S1.);
#2226=SURFACE_CURVE('',#2762,(#1154,#1175),.PCURVE_S1.);
#2227=SURFACE_CURVE('',#911,(#1155,#1466),.PCURVE_S1.);
#2228=SURFACE_CURVE('',#2764,(#1156,#1470),.PCURVE_S1.);
#2229=SURFACE_CURVE('',#913,(#1157,#1475),.PCURVE_S1.);
#2230=SURFACE_CURVE('',#915,(#1158,#1218),.PCURVE_S1.);
#2231=SURFACE_CURVE('',#917,(#1159,#1451),.PCURVE_S1.);
#2232=SURFACE_CURVE('',#919,(#1160,#1447),.PCURVE_S1.);
#2233=SURFACE_CURVE('',#921,(#1161,#1629),.PCURVE_S1.);
#2234=SURFACE_CURVE('',#923,(#1162,#1613),.PCURVE_S1.);
#2235=SURFACE_CURVE('',#925,(#1163,#1621),.PCURVE_S1.);
#2236=SURFACE_CURVE('',#927,(#1164,#1605),.PCURVE_S1.);
#2237=SURFACE_CURVE('',#929,(#1165,#1617),.PCURVE_S1.);
#2238=SURFACE_CURVE('',#931,(#1166,#1601),.PCURVE_S1.);
#2239=SURFACE_CURVE('',#933,(#1167,#1625),.PCURVE_S1.);
#2240=SURFACE_CURVE('',#935,(#1168,#1609),.PCURVE_S1.);
#2241=SURFACE_CURVE('',#937,(#1169,#1596),.PCURVE_S1.);
#2242=SURFACE_CURVE('',#939,(#1170,#1554),.PCURVE_S1.);
#2243=SURFACE_CURVE('',#2766,(#1171,#1304),.PCURVE_S1.);
#2244=SURFACE_CURVE('',#2768,(#1172,#1288),.PCURVE_S1.);
#2245=SURFACE_CURVE('',#2770,(#1173,#1461),.PCURVE_S1.);
#2246=SURFACE_CURVE('',#2772,(#1174,#1467),.PCURVE_S1.);
#2247=SURFACE_CURVE('',#2775,(#1176,#1183),.PCURVE_S1.);
#2248=SURFACE_CURVE('',#941,(#1177,#1573),.PCURVE_S1.);
#2249=SURFACE_CURVE('',#2778,(#1178,#1323),.PCURVE_S1.);
#2250=SURFACE_CURVE('',#2780,(#1179,#1328),.PCURVE_S1.);
#2251=SURFACE_CURVE('',#2782,(#1180,#1197),.PCURVE_S1.);
#2252=SURFACE_CURVE('',#2784,(#1181,#1192),.PCURVE_S1.);
#2253=SURFACE_CURVE('',#942,(#1182,#1574),.PCURVE_S1.);
#2254=SURFACE_CURVE('',#2789,(#1185,#1458),.PCURVE_S1.);
#2255=SURFACE_CURVE('',#2791,(#1186,#1282),.PCURVE_S1.);
#2256=SURFACE_CURVE('',#2793,(#1187,#1284),.PCURVE_S1.);
#2257=SURFACE_CURVE('',#2795,(#1188,#1194),.PCURVE_S1.);
#2258=SURFACE_CURVE('',#2797,(#1189,#1312),.PCURVE_S1.);
#2259=SURFACE_CURVE('',#2799,(#1190,#1308),.PCURVE_S1.);
#2260=SURFACE_CURVE('',#943,(#1191,#1575),.PCURVE_S1.);
#2261=SURFACE_CURVE('',#944,(#1195,#1301),.PCURVE_S1.);
#2262=SURFACE_CURVE('',#945,(#1196,#1295),.PCURVE_S1.);
#2263=SURFACE_CURVE('',#946,(#1198,#1317),.PCURVE_S1.);
#2264=SURFACE_CURVE('',#947,(#1199,#1320),.PCURVE_S1.);
#2265=SURFACE_CURVE('',#948,(#1200,#1380),.PCURVE_S1.);
#2266=SURFACE_CURVE('',#2811,(#1201,#1212),.PCURVE_S1.);
#2267=SURFACE_CURVE('',#949,(#1202,#1420),.PCURVE_S1.);
#2268=SURFACE_CURVE('',#950,(#1203,#1413),.PCURVE_S1.);
#2269=SURFACE_CURVE('',#2815,(#1204,#1226),.PCURVE_S1.);
#2270=SURFACE_CURVE('',#951,(#1205,#1387),.PCURVE_S1.);
#2271=SURFACE_CURVE('',#2818,(#1206,#1389),.PCURVE_S1.);
#2272=SURFACE_CURVE('',#952,(#1207,#1377),.PCURVE_S1.);
#2273=SURFACE_CURVE('',#2820,(#1208,#1277),.PCURVE_S1.);
#2274=SURFACE_CURVE('',#2822,(#1209,#1589),.PCURVE_S1.);
#2275=SURFACE_CURVE('',#2824,(#1210,#1222),.PCURVE_S1.);
#2276=SURFACE_CURVE('',#2826,(#1211,#1412),.PCURVE_S1.);
#2277=SURFACE_CURVE('',#954,(#1213,#1367),.PCURVE_S1.);
#2278=SURFACE_CURVE('',#2830,(#1214,#1228),.PCURVE_S1.);
#2279=SURFACE_CURVE('',#955,(#1215,#1426),.PCURVE_S1.);
#2280=SURFACE_CURVE('',#2833,(#1216,#1332),.PCURVE_S1.);
#2281=SURFACE_CURVE('',#2835,(#1217,#1452),.PCURVE_S1.);
#2282=SURFACE_CURVE('',#2838,(#1219,#1474),.PCURVE_S1.);
#2283=SURFACE_CURVE('',#2840,(#1220,#1340),.PCURVE_S1.);
#2284=SURFACE_CURVE('',#956,(#1221,#1408),.PCURVE_S1.);
#2285=SURFACE_CURVE('',#957,(#1223,#1593),.PCURVE_S1.);
#2286=SURFACE_CURVE('',#2845,(#1224,#1271),.PCURVE_S1.);
#2287=SURFACE_CURVE('',#2847,(#1225,#1359),.PCURVE_S1.);
#2288=SURFACE_CURVE('',#2850,(#1227,#1424),.PCURVE_S1.);
#2289=SURFACE_CURVE('',#2853,(#1229,#1375),.PCURVE_S1.);
#2290=SURFACE_CURVE('',#2855,(#1230,#1436),.PCURVE_S1.);
#2291=SURFACE_CURVE('',#2857,(#1231,#1279),.PCURVE_S1.);
#2292=SURFACE_CURVE('',#2859,(#1232,#1456),.PCURVE_S1.);
#2293=SURFACE_CURVE('',#2861,(#1233,#1335),.PCURVE_S1.);
#2294=SURFACE_CURVE('',#2863,(#1234,#1399),.PCURVE_S1.);
#2295=SURFACE_CURVE('',#2865,(#1235,#1338),.PCURVE_S1.);
#2296=SURFACE_CURVE('',#2867,(#1236,#1472),.PCURVE_S1.);
#2297=SURFACE_CURVE('',#2869,(#1237,#1291),.PCURVE_S1.);
#2298=SURFACE_CURVE('',#958,(#1238,#1406),.PCURVE_S1.);
#2299=SURFACE_CURVE('',#2871,(#1239,#1401),.PCURVE_S1.);
#2300=SURFACE_CURVE('',#2873,(#1240,#1302),.PCURVE_S1.);
#2301=SURFACE_CURVE('',#960,(#1241,#1297),.PCURVE_S1.);
#2302=SURFACE_CURVE('',#962,(#1242,#1299),.PCURVE_S1.);
#2303=SURFACE_CURVE('',#2875,(#1243,#1286),.PCURVE_S1.);
#2304=SURFACE_CURVE('',#2877,(#1244,#1438),.PCURVE_S1.);
#2305=SURFACE_CURVE('',#964,(#1245,#1428),.PCURVE_S1.);
#2306=SURFACE_CURVE('',#2879,(#1246,#1422),.PCURVE_S1.);
#2307=SURFACE_CURVE('',#966,(#1247,#1415),.PCURVE_S1.);
#2308=SURFACE_CURVE('',#968,(#1248,#1418),.PCURVE_S1.);
#2309=SURFACE_CURVE('',#2881,(#1249,#1410),.PCURVE_S1.);
#2310=SURFACE_CURVE('',#2883,(#1250,#1563),.PCURVE_S1.);
#2311=SURFACE_CURVE('',#2885,(#1251,#1306),.PCURVE_S1.);
#2312=SURFACE_CURVE('',#970,(#1252,#1347),.PCURVE_S1.);
#2313=SURFACE_CURVE('',#2887,(#1253,#1350),.PCURVE_S1.);
#2314=SURFACE_CURVE('',#2889,(#1254,#1273),.PCURVE_S1.);
#2315=SURFACE_CURVE('',#2891,(#1255,#1580),.PCURVE_S1.);
#2316=SURFACE_CURVE('',#2893,(#1256,#1275),.PCURVE_S1.);
#2317=SURFACE_CURVE('',#2895,(#1257,#1371),.PCURVE_S1.);
#2318=SURFACE_CURVE('',#2897,(#1258,#1325),.PCURVE_S1.);
#2319=SURFACE_CURVE('',#972,(#1259,#1362),.PCURVE_S1.);
#2320=SURFACE_CURVE('',#2899,(#1260,#1369),.PCURVE_S1.);
#2321=SURFACE_CURVE('',#2901,(#1261,#1391),.PCURVE_S1.);
#2322=SURFACE_CURVE('',#974,(#1262,#1382),.PCURVE_S1.);
#2323=SURFACE_CURVE('',#976,(#1263,#1385),.PCURVE_S1.);
#2324=SURFACE_CURVE('',#2903,(#1264,#1373),.PCURVE_S1.);
#2325=SURFACE_CURVE('',#978,(#1265,#1365),.PCURVE_S1.);
#2326=SURFACE_CURVE('',#2905,(#1266,#1352),.PCURVE_S1.);
#2327=SURFACE_CURVE('',#2907,(#1267,#1314),.PCURVE_S1.);
#2328=SURFACE_CURVE('',#980,(#1268,#1322),.PCURVE_S1.);
#2329=SURFACE_CURVE('',#982,(#1269,#1315),.PCURVE_S1.);
#2330=SURFACE_CURVE('',#2909,(#1270,#1330),.PCURVE_S1.);
#2331=SURFACE_CURVE('',#984,(#1272,#1559),.PCURVE_S1.);
#2332=SURFACE_CURVE('',#985,(#1274,#1356),.PCURVE_S1.);
#2333=SURFACE_CURVE('',#986,(#1276,#1585),.PCURVE_S1.);
#2334=SURFACE_CURVE('',#987,(#1278,#1376),.PCURVE_S1.);
#2335=SURFACE_CURVE('',#988,(#1280,#1441),.PCURVE_S1.);
#2336=SURFACE_CURVE('',#989,(#1281,#1443),.PCURVE_S1.);
#2337=SURFACE_CURVE('',#990,(#1283,#1457),.PCURVE_S1.);
#2338=SURFACE_CURVE('',#991,(#1285,#1442),.PCURVE_S1.);
#2339=SURFACE_CURVE('',#992,(#1287,#1298),.PCURVE_S1.);
#2340=SURFACE_CURVE('',#993,(#1289,#1394),.PCURVE_S1.);
#2341=SURFACE_CURVE('',#994,(#1290,#1396),.PCURVE_S1.);
#2342=SURFACE_CURVE('',#995,(#1292,#1464),.PCURVE_S1.);
#2343=SURFACE_CURVE('',#996,(#1293,#1462),.PCURVE_S1.);
#2344=SURFACE_CURVE('',#997,(#1294,#1305),.PCURVE_S1.);
#2345=SURFACE_CURVE('',#998,(#1296,#1300),.PCURVE_S1.);
#2346=SURFACE_CURVE('',#999,(#1303,#1392),.PCURVE_S1.);
#2347=SURFACE_CURVE('',#1000,(#1307,#1576),.PCURVE_S1.);
#2348=SURFACE_CURVE('',#2949,(#1309,#1343),.PCURVE_S1.);
#2349=SURFACE_CURVE('',#2951,(#1310,#1345),.PCURVE_S1.);
#2350=SURFACE_CURVE('',#2953,(#1311,#1344),.PCURVE_S1.);
#2351=SURFACE_CURVE('',#1001,(#1313,#1319),.PCURVE_S1.);
#2352=SURFACE_CURVE('',#1002,(#1316,#1321),.PCURVE_S1.);
#2353=SURFACE_CURVE('',#1003,(#1318,#1331),.PCURVE_S1.);
#2354=SURFACE_CURVE('',#1004,(#1324,#1572),.PCURVE_S1.);
#2355=SURFACE_CURVE('',#1005,(#1326,#1360),.PCURVE_S1.);
#2356=SURFACE_CURVE('',#2970,(#1327,#1355),.PCURVE_S1.);
#2357=SURFACE_CURVE('',#2973,(#1329,#1354),.PCURVE_S1.);
#2358=SURFACE_CURVE('',#1006,(#1333,#1431),.PCURVE_S1.);
#2359=SURFACE_CURVE('',#1007,(#1334,#1432),.PCURVE_S1.);
#2360=SURFACE_CURVE('',#1008,(#1336,#1445),.PCURVE_S1.);
#2361=SURFACE_CURVE('',#1009,(#1337,#1449),.PCURVE_S1.);
#2362=SURFACE_CURVE('',#1010,(#1339,#1402),.PCURVE_S1.);
#2363=SURFACE_CURVE('',#1011,(#1341,#1473),.PCURVE_S1.);
#2364=SURFACE_CURVE('',#1012,(#1342,#1348),.PCURVE_S1.);
#2365=SURFACE_CURVE('',#1013,(#1346,#1351),.PCURVE_S1.);
#2366=SURFACE_CURVE('',#2994,(#1349,#1357),.PCURVE_S1.);
#2367=SURFACE_CURVE('',#1014,(#1353,#1363),.PCURVE_S1.);
#2368=SURFACE_CURVE('',#1015,(#1358,#1364),.PCURVE_S1.);
#2369=SURFACE_CURVE('',#1016,(#1361,#1370),.PCURVE_S1.);
#2370=SURFACE_CURVE('',#1017,(#1366,#1372),.PCURVE_S1.);
#2371=SURFACE_CURVE('',#1018,(#1368,#1379),.PCURVE_S1.);
#2372=SURFACE_CURVE('',#1019,(#1374,#1384),.PCURVE_S1.);
#2373=SURFACE_CURVE('',#1020,(#1378,#1388),.PCURVE_S1.);
#2374=SURFACE_CURVE('',#1021,(#1381,#1386),.PCURVE_S1.);
#2375=SURFACE_CURVE('',#1022,(#1383,#1390),.PCURVE_S1.);
#2376=SURFACE_CURVE('',#1023,(#1393,#1397),.PCURVE_S1.);
#2377=SURFACE_CURVE('',#1024,(#1395,#1400),.PCURVE_S1.);
#2378=SURFACE_CURVE('',#1025,(#1398,#1403),.PCURVE_S1.);
#2379=SURFACE_CURVE('',#1026,(#1404,#1405),.PCURVE_S1.);
#2380=SURFACE_CURVE('',#1027,(#1407,#1409),.PCURVE_S1.);
#2381=SURFACE_CURVE('',#1028,(#1411,#1417),.PCURVE_S1.);
#2382=SURFACE_CURVE('',#1029,(#1414,#1419),.PCURVE_S1.);
#2383=SURFACE_CURVE('',#1030,(#1416,#1421),.PCURVE_S1.);
#2384=SURFACE_CURVE('',#1031,(#1423,#1427),.PCURVE_S1.);
#2385=SURFACE_CURVE('',#1032,(#1425,#1429),.PCURVE_S1.);
#2386=SURFACE_CURVE('',#1033,(#1430,#1433),.PCURVE_S1.);
#2387=SURFACE_CURVE('',#1034,(#1434,#1437),.PCURVE_S1.);
#2388=SURFACE_CURVE('',#1035,(#1435,#1439),.PCURVE_S1.);
#2389=SURFACE_CURVE('',#1036,(#1440,#1444),.PCURVE_S1.);
#2390=SURFACE_CURVE('',#1037,(#1446,#1455),.PCURVE_S1.);
#2391=SURFACE_CURVE('',#1038,(#1448,#1450),.PCURVE_S1.);
#2392=SURFACE_CURVE('',#1039,(#1453,#1460),.PCURVE_S1.);
#2393=SURFACE_CURVE('',#1040,(#1463,#1468),.PCURVE_S1.);
#2394=SURFACE_CURVE('',#1041,(#1465,#1471),.PCURVE_S1.);
#2395=SURFACE_CURVE('',#1042,(#1469,#1476),.PCURVE_S1.);
#2396=SURFACE_CURVE('',#1043,(#1477,#1674),.PCURVE_S1.);
#2397=SURFACE_CURVE('',#1045,(#1478,#1524),.PCURVE_S1.);
#2398=SURFACE_CURVE('',#1047,(#1479,#1650),.PCURVE_S1.);
#2399=SURFACE_CURVE('',#1049,(#1480,#1679),.PCURVE_S1.);
#2400=SURFACE_CURVE('',#1051,(#1481,#1518),.PCURVE_S1.);
#2401=SURFACE_CURVE('',#3123,(#1482,#1511),.PCURVE_S1.);
#2402=SURFACE_CURVE('',#3125,(#1483,#1547),.PCURVE_S1.);
#2403=SURFACE_CURVE('',#1053,(#1484,#1499),.PCURVE_S1.);
#2404=SURFACE_CURVE('',#1055,(#1485,#1501),.PCURVE_S1.);
#2405=SURFACE_CURVE('',#3127,(#1486,#1507),.PCURVE_S1.);
#2406=SURFACE_CURVE('',#3129,(#1487,#1537),.PCURVE_S1.);
#2407=SURFACE_CURVE('',#3131,(#1488,#1526),.PCURVE_S1.);
#2408=SURFACE_CURVE('',#1057,(#1489,#1671),.PCURVE_S1.);
#2409=SURFACE_CURVE('',#1059,(#1490,#1642),.PCURVE_S1.);
#2410=SURFACE_CURVE('',#1061,(#1491,#1556),.PCURVE_S1.);
#2411=SURFACE_CURVE('',#1063,(#1492,#1598),.PCURVE_S1.);
#2412=SURFACE_CURVE('',#1065,(#1493,#1683),.PCURVE_S1.);
#2413=SURFACE_CURVE('',#1067,(#1494,#1660),.PCURVE_S1.);
#2414=SURFACE_CURVE('',#1069,(#1495,#1667),.PCURVE_S1.);
#2415=SURFACE_CURVE('',#1071,(#1496,#1634),.PCURVE_S1.);
#2416=SURFACE_CURVE('',#1073,(#1497,#1591),.PCURVE_S1.);
#2417=SURFACE_CURVE('',#1074,(#1498,#1502),.PCURVE_S1.);
#2418=SURFACE_CURVE('',#1075,(#1500,#1552),.PCURVE_S1.);
#2419=SURFACE_CURVE('',#1076,(#1503,#1595),.PCURVE_S1.);
#2420=SURFACE_CURVE('',#1077,(#1504,#1508),.PCURVE_S1.);
#2421=SURFACE_CURVE('',#3141,(#1505,#1587),.PCURVE_S1.);
#2422=SURFACE_CURVE('',#1078,(#1506,#1532),.PCURVE_S1.);
#2423=SURFACE_CURVE('',#1079,(#1509,#1566),.PCURVE_S1.);
#2424=SURFACE_CURVE('',#1080,(#1510,#1544),.PCURVE_S1.);
#2425=SURFACE_CURVE('',#1081,(#1512,#1517),.PCURVE_S1.);
#2426=SURFACE_CURVE('',#3150,(#1513,#1678),.PCURVE_S1.);
#2427=SURFACE_CURVE('',#3152,(#1514,#1652),.PCURVE_S1.);
#2428=SURFACE_CURVE('',#1082,(#1515,#1522),.PCURVE_S1.);
#2429=SURFACE_CURVE('',#1083,(#1516,#1567),.PCURVE_S1.);
#2430=SURFACE_CURVE('',#3158,(#1519,#1673),.PCURVE_S1.);
#2431=SURFACE_CURVE('',#1084,(#1520,#1529),.PCURVE_S1.);
#2432=SURFACE_CURVE('',#1085,(#1521,#1568),.PCURVE_S1.);
#2433=SURFACE_CURVE('',#3163,(#1523,#1651),.PCURVE_S1.);
#2434=SURFACE_CURVE('',#3166,(#1525,#1672),.PCURVE_S1.);
#2435=SURFACE_CURVE('',#1086,(#1527,#1541),.PCURVE_S1.);
#2436=SURFACE_CURVE('',#1087,(#1528,#1569),.PCURVE_S1.);
#2437=SURFACE_CURVE('',#1088,(#1530,#1583),.PCURVE_S1.);
#2438=SURFACE_CURVE('',#1089,(#1531,#1534),.PCURVE_S1.);
#2439=SURFACE_CURVE('',#1090,(#1533,#1538),.PCURVE_S1.);
#2440=SURFACE_CURVE('',#1091,(#1535,#1582),.PCURVE_S1.);
#2441=SURFACE_CURVE('',#1092,(#1536,#1542),.PCURVE_S1.);
#2442=SURFACE_CURVE('',#3181,(#1539,#1578),.PCURVE_S1.);
#2443=SURFACE_CURVE('',#1093,(#1540,#1570),.PCURVE_S1.);
#2444=SURFACE_CURVE('',#1094,(#1543,#1548),.PCURVE_S1.);
#2445=SURFACE_CURVE('',#1095,(#1545,#1565),.PCURVE_S1.);
#2446=SURFACE_CURVE('',#1096,(#1546,#1550),.PCURVE_S1.);
#2447=SURFACE_CURVE('',#3192,(#1549,#1561),.PCURVE_S1.);
#2448=SURFACE_CURVE('',#1097,(#1551,#1557),.PCURVE_S1.);
#2449=SURFACE_CURVE('',#3197,(#1553,#1597),.PCURVE_S1.);
#2450=SURFACE_CURVE('',#1098,(#1555,#1599),.PCURVE_S1.);
#2451=SURFACE_CURVE('',#1099,(#1558,#1564),.PCURVE_S1.);
#2452=SURFACE_CURVE('',#1100,(#1560,#1592),.PCURVE_S1.);
#2453=SURFACE_CURVE('',#3207,(#1562,#1577),.PCURVE_S1.);
#2454=SURFACE_CURVE('',#1102,(#1571,#1581),.PCURVE_S1.);
#2455=SURFACE_CURVE('',#3224,(#1579,#1586),.PCURVE_S1.);
#2456=SURFACE_CURVE('',#1104,(#1584,#1590),.PCURVE_S1.);
#2457=SURFACE_CURVE('',#3233,(#1588,#1594),.PCURVE_S1.);
#2458=SURFACE_CURVE('',#3245,(#1600,#1618),.PCURVE_S1.);
#2459=SURFACE_CURVE('',#1106,(#1602,#1616),.PCURVE_S1.);
#2460=SURFACE_CURVE('',#1107,(#1603,#1657),.PCURVE_S1.);
#2461=SURFACE_CURVE('',#3250,(#1604,#1622),.PCURVE_S1.);
#2462=SURFACE_CURVE('',#1108,(#1606,#1620),.PCURVE_S1.);
#2463=SURFACE_CURVE('',#1109,(#1607,#1664),.PCURVE_S1.);
#2464=SURFACE_CURVE('',#3255,(#1608,#1626),.PCURVE_S1.);
#2465=SURFACE_CURVE('',#1110,(#1610,#1624),.PCURVE_S1.);
#2466=SURFACE_CURVE('',#1111,(#1611,#1647),.PCURVE_S1.);
#2467=SURFACE_CURVE('',#3260,(#1612,#1630),.PCURVE_S1.);
#2468=SURFACE_CURVE('',#1112,(#1614,#1628),.PCURVE_S1.);
#2469=SURFACE_CURVE('',#1113,(#1615,#1638),.PCURVE_S1.);
#2470=SURFACE_CURVE('',#1114,(#1619,#1656),.PCURVE_S1.);
#2471=SURFACE_CURVE('',#1115,(#1623,#1665),.PCURVE_S1.);
#2472=SURFACE_CURVE('',#1116,(#1627,#1646),.PCURVE_S1.);
#2473=SURFACE_CURVE('',#1117,(#1631,#1639),.PCURVE_S1.);
#2474=SURFACE_CURVE('',#1118,(#1632,#1636),.PCURVE_S1.);
#2475=SURFACE_CURVE('',#1119,(#1633,#1668),.PCURVE_S1.);
#2476=SURFACE_CURVE('',#1120,(#1635,#1666),.PCURVE_S1.);
#2477=SURFACE_CURVE('',#1122,(#1637,#1669),.PCURVE_S1.);
#2478=SURFACE_CURVE('',#1126,(#1640,#1644),.PCURVE_S1.);
#2479=SURFACE_CURVE('',#1127,(#1641,#1675),.PCURVE_S1.);
#2480=SURFACE_CURVE('',#1128,(#1643,#1670),.PCURVE_S1.);
#2481=SURFACE_CURVE('',#1130,(#1645,#1676),.PCURVE_S1.);
#2482=SURFACE_CURVE('',#1134,(#1648,#1654),.PCURVE_S1.);
#2483=SURFACE_CURVE('',#1135,(#1649,#1680),.PCURVE_S1.);
#2484=SURFACE_CURVE('',#1136,(#1653,#1677),.PCURVE_S1.);
#2485=SURFACE_CURVE('',#1138,(#1655,#1681),.PCURVE_S1.);
#2486=SURFACE_CURVE('',#1142,(#1658,#1662),.PCURVE_S1.);
#2487=SURFACE_CURVE('',#1143,(#1659,#1684),.PCURVE_S1.);
#2488=SURFACE_CURVE('',#1144,(#1661,#1682),.PCURVE_S1.);
#2489=SURFACE_CURVE('',#1146,(#1663,#1685),.PCURVE_S1.);
#2490=EDGE_CURVE('',#3319,#3320,#2222,.T.);
#2491=EDGE_CURVE('',#3320,#3321,#2223,.T.);
#2492=EDGE_CURVE('',#3321,#3322,#2224,.T.);
#2493=EDGE_CURVE('',#3322,#3323,#2225,.T.);
#2494=EDGE_CURVE('',#3323,#3324,#2226,.T.);
#2495=EDGE_CURVE('',#3324,#3325,#2227,.T.);
#2496=EDGE_CURVE('',#3325,#3326,#2228,.T.);
#2497=EDGE_CURVE('',#3326,#3327,#2229,.T.);
#2498=EDGE_CURVE('',#3327,#3328,#2230,.T.);
#2499=EDGE_CURVE('',#3328,#3329,#2231,.T.);
#2500=EDGE_CURVE('',#3329,#3319,#2232,.T.);
#2501=EDGE_CURVE('',#3331,#3330,#2233,.T.);
#2502=EDGE_CURVE('',#3330,#3331,#2234,.T.);
#2503=EDGE_CURVE('',#3333,#3332,#2235,.T.);
#2504=EDGE_CURVE('',#3332,#3333,#2236,.T.);
#2505=EDGE_CURVE('',#3335,#3334,#2237,.T.);
#2506=EDGE_CURVE('',#3334,#3335,#2238,.T.);
#2507=EDGE_CURVE('',#3337,#3336,#2239,.T.);
#2508=EDGE_CURVE('',#3336,#3337,#2240,.T.);
#2509=EDGE_CURVE('',#3339,#3338,#2241,.T.);
#2510=EDGE_CURVE('',#3338,#3339,#2242,.T.);
#2511=EDGE_CURVE('',#3340,#3341,#2243,.T.);
#2512=EDGE_CURVE('',#3341,#3342,#2244,.T.);
#2513=EDGE_CURVE('',#3342,#3343,#2245,.T.);
#2514=EDGE_CURVE('',#3343,#3324,#2246,.T.);
#2515=EDGE_CURVE('',#3323,#3344,#2247,.T.);
#2516=EDGE_CURVE('',#3344,#3345,#2248,.T.);
#2517=EDGE_CURVE('',#3345,#3346,#2249,.T.);
#2518=EDGE_CURVE('',#3346,#3347,#2250,.T.);
#2519=EDGE_CURVE('',#3347,#3340,#2251,.T.);
#2520=EDGE_CURVE('',#3322,#3348,#2252,.T.);
#2521=EDGE_CURVE('',#3348,#3344,#2253,.T.);
#2522=EDGE_CURVE('',#3321,#3349,#2254,.T.);
#2523=EDGE_CURVE('',#3349,#3350,#2255,.T.);
#2524=EDGE_CURVE('',#3350,#3351,#2256,.T.);
#2525=EDGE_CURVE('',#3351,#3352,#2257,.T.);
#2526=EDGE_CURVE('',#3352,#3353,#2258,.T.);
#2527=EDGE_CURVE('',#3353,#3354,#2259,.T.);
#2528=EDGE_CURVE('',#3354,#3348,#2260,.T.);
#2529=EDGE_CURVE('',#3351,#3355,#2261,.T.);
#2530=EDGE_CURVE('',#3355,#3340,#2262,.T.);
#2531=EDGE_CURVE('',#3347,#3356,#2263,.T.);
#2532=EDGE_CURVE('',#3356,#3352,#2264,.T.);
#2533=EDGE_CURVE('',#3357,#3358,#2265,.T.);
#2534=EDGE_CURVE('',#3358,#3359,#2266,.T.);
#2535=EDGE_CURVE('',#3359,#3360,#2267,.T.);
#2536=EDGE_CURVE('',#3360,#3361,#2268,.T.);
#2537=EDGE_CURVE('',#3361,#3362,#2269,.T.);
#2538=EDGE_CURVE('',#3362,#3357,#2270,.T.);
#2539=EDGE_CURVE('',#3358,#3363,#2271,.T.);
#2540=EDGE_CURVE('',#3363,#3364,#2272,.T.);
#2541=EDGE_CURVE('',#3364,#3365,#2273,.T.);
#2542=EDGE_CURVE('',#3365,#3366,#2274,.T.);
#2543=EDGE_CURVE('',#3366,#3367,#2275,.T.);
#2544=EDGE_CURVE('',#3367,#3359,#2276,.T.);
#2545=EDGE_CURVE('',#3368,#3369,#2277,.T.);
#2546=EDGE_CURVE('',#3369,#3370,#2278,.T.);
#2547=EDGE_CURVE('',#3370,#3371,#2279,.T.);
#2548=EDGE_CURVE('',#3371,#3372,#2280,.T.);
#2549=EDGE_CURVE('',#3372,#3328,#2281,.T.);
#2550=EDGE_CURVE('',#3327,#3373,#2282,.T.);
#2551=EDGE_CURVE('',#3373,#3374,#2283,.T.);
#2552=EDGE_CURVE('',#3374,#3367,#2284,.T.);
#2553=EDGE_CURVE('',#3366,#3375,#2285,.T.);
#2554=EDGE_CURVE('',#3375,#3376,#2286,.T.);
#2555=EDGE_CURVE('',#3376,#3368,#2287,.T.);
#2556=EDGE_CURVE('',#3361,#3370,#2288,.T.);
#2557=EDGE_CURVE('',#3369,#3362,#2289,.T.);
#2558=EDGE_CURVE('',#3377,#3378,#2290,.T.);
#2559=EDGE_CURVE('',#3378,#3379,#2291,.T.);
#2560=EDGE_CURVE('',#3379,#3380,#2292,.T.);
#2561=EDGE_CURVE('',#3380,#3377,#2293,.T.);
#2562=EDGE_CURVE('',#3381,#3382,#2294,.T.);
#2563=EDGE_CURVE('',#3382,#3383,#2295,.T.);
#2564=EDGE_CURVE('',#3383,#3384,#2296,.T.);
#2565=EDGE_CURVE('',#3384,#3381,#2297,.T.);
#2566=EDGE_CURVE('',#3385,#3386,#2298,.T.);
#2567=EDGE_CURVE('',#3386,#3387,#2299,.T.);
#2568=EDGE_CURVE('',#3387,#3388,#2300,.T.);
#2569=EDGE_CURVE('',#3388,#3389,#2301,.T.);
#2570=EDGE_CURVE('',#3389,#3390,#2302,.T.);
#2571=EDGE_CURVE('',#3390,#3391,#2303,.T.);
#2572=EDGE_CURVE('',#3391,#3392,#2304,.T.);
#2573=EDGE_CURVE('',#3392,#3393,#2305,.T.);
#2574=EDGE_CURVE('',#3393,#3394,#2306,.T.);
#2575=EDGE_CURVE('',#3394,#3395,#2307,.T.);
#2576=EDGE_CURVE('',#3395,#3396,#2308,.T.);
#2577=EDGE_CURVE('',#3396,#3385,#2309,.T.);
#2578=EDGE_CURVE('',#3397,#3398,#2310,.T.);
#2579=EDGE_CURVE('',#3398,#3399,#2311,.T.);
#2580=EDGE_CURVE('',#3399,#3400,#2312,.T.);
#2581=EDGE_CURVE('',#3400,#3401,#2313,.T.);
#2582=EDGE_CURVE('',#3401,#3397,#2314,.T.);
#2583=EDGE_CURVE('',#3402,#3403,#2315,.T.);
#2584=EDGE_CURVE('',#3403,#3404,#2316,.T.);
#2585=EDGE_CURVE('',#3404,#3405,#2317,.T.);
#2586=EDGE_CURVE('',#3405,#3402,#2318,.T.);
#2587=EDGE_CURVE('',#3406,#3407,#2319,.T.);
#2588=EDGE_CURVE('',#3407,#3408,#2320,.T.);
#2589=EDGE_CURVE('',#3408,#3409,#2321,.T.);
#2590=EDGE_CURVE('',#3409,#3410,#2322,.T.);
#2591=EDGE_CURVE('',#3410,#3411,#2323,.T.);
#2592=EDGE_CURVE('',#3411,#3412,#2324,.T.);
#2593=EDGE_CURVE('',#3412,#3413,#2325,.T.);
#2594=EDGE_CURVE('',#3413,#3414,#2326,.T.);
#2595=EDGE_CURVE('',#3414,#3415,#2327,.T.);
#2596=EDGE_CURVE('',#3415,#3416,#2328,.T.);
#2597=EDGE_CURVE('',#3416,#3417,#2329,.T.);
#2598=EDGE_CURVE('',#3417,#3406,#2330,.T.);
#2599=EDGE_CURVE('',#3375,#3397,#2331,.T.);
#2600=EDGE_CURVE('',#3401,#3376,#2332,.T.);
#2601=EDGE_CURVE('',#3403,#3365,#2333,.T.);
#2602=EDGE_CURVE('',#3364,#3404,#2334,.T.);
#2603=EDGE_CURVE('',#3378,#3418,#2335,.T.);
#2604=EDGE_CURVE('',#3418,#3350,#2336,.T.);
#2605=EDGE_CURVE('',#3349,#3379,#2337,.T.);
#2606=EDGE_CURVE('',#3350,#3391,#2338,.T.);
#2607=EDGE_CURVE('',#3390,#3351,#2339,.T.);
#2608=EDGE_CURVE('',#3341,#3419,#2340,.T.);
#2609=EDGE_CURVE('',#3419,#3381,#2341,.T.);
#2610=EDGE_CURVE('',#3384,#3420,#2342,.T.);
#2611=EDGE_CURVE('',#3420,#3342,#2343,.T.);
#2612=EDGE_CURVE('',#3388,#3340,#2344,.T.);
#2613=EDGE_CURVE('',#3355,#3389,#2345,.T.);
#2614=EDGE_CURVE('',#3387,#3341,#2346,.T.);
#2615=EDGE_CURVE('',#3398,#3354,#2347,.T.);
#2616=EDGE_CURVE('',#3353,#3399,#2348,.T.);
#2617=EDGE_CURVE('',#3414,#3421,#2349,.T.);
#2618=EDGE_CURVE('',#3421,#3353,#2350,.T.);
#2619=EDGE_CURVE('',#3352,#3415,#2351,.T.);
#2620=EDGE_CURVE('',#3416,#3356,#2352,.T.);
#2621=EDGE_CURVE('',#3347,#3417,#2353,.T.);
#2622=EDGE_CURVE('',#3345,#3402,#2354,.T.);
#2623=EDGE_CURVE('',#3405,#3422,#2355,.T.);
#2624=EDGE_CURVE('',#3422,#3346,#2356,.T.);
#2625=EDGE_CURVE('',#3346,#3406,#2357,.T.);
#2626=EDGE_CURVE('',#3371,#3423,#2358,.T.);
#2627=EDGE_CURVE('',#3423,#3377,#2359,.T.);
#2628=EDGE_CURVE('',#3380,#3424,#2360,.T.);
#2629=EDGE_CURVE('',#3424,#3372,#2361,.T.);
#2630=EDGE_CURVE('',#3382,#3374,#2362,.T.);
#2631=EDGE_CURVE('',#3373,#3383,#2363,.T.);
#2632=EDGE_CURVE('',#3421,#3399,#2364,.T.);
#2633=EDGE_CURVE('',#3414,#3400,#2365,.T.);
#2634=EDGE_CURVE('',#3413,#3401,#2366,.T.);
#2635=EDGE_CURVE('',#3422,#3406,#2367,.T.);
#2636=EDGE_CURVE('',#3413,#3368,#2368,.T.);
#2637=EDGE_CURVE('',#3405,#3407,#2369,.T.);
#2638=EDGE_CURVE('',#3412,#3369,#2370,.T.);
#2639=EDGE_CURVE('',#3404,#3408,#2371,.T.);
#2640=EDGE_CURVE('',#3411,#3362,#2372,.T.);
#2641=EDGE_CURVE('',#3363,#3408,#2373,.T.);
#2642=EDGE_CURVE('',#3357,#3410,#2374,.T.);
#2643=EDGE_CURVE('',#3409,#3358,#2375,.T.);
#2644=EDGE_CURVE('',#3387,#3419,#2376,.T.);
#2645=EDGE_CURVE('',#3387,#3381,#2377,.T.);
#2646=EDGE_CURVE('',#3386,#3382,#2378,.T.);
#2647=EDGE_CURVE('',#3386,#3374,#2379,.T.);
#2648=EDGE_CURVE('',#3385,#3367,#2380,.T.);
#2649=EDGE_CURVE('',#3396,#3359,#2381,.T.);
#2650=EDGE_CURVE('',#3360,#3395,#2382,.T.);
#2651=EDGE_CURVE('',#3394,#3361,#2383,.T.);
#2652=EDGE_CURVE('',#3393,#3370,#2384,.T.);
#2653=EDGE_CURVE('',#3392,#3371,#2385,.T.);
#2654=EDGE_CURVE('',#3392,#3423,#2386,.T.);
#2655=EDGE_CURVE('',#3392,#3377,#2387,.T.);
#2656=EDGE_CURVE('',#3391,#3378,#2388,.T.);
#2657=EDGE_CURVE('',#3391,#3418,#2389,.T.);
#2658=EDGE_CURVE('',#3380,#3319,#2390,.T.);
#2659=EDGE_CURVE('',#3329,#3424,#2391,.T.);
#2660=EDGE_CURVE('',#3379,#3320,#2392,.T.);
#2661=EDGE_CURVE('',#3420,#3343,#2393,.T.);
#2662=EDGE_CURVE('',#3384,#3325,#2394,.T.);
#2663=EDGE_CURVE('',#3383,#3326,#2395,.T.);
#2664=EDGE_CURVE('',#3455,#3425,#2396,.T.);
#2665=EDGE_CURVE('',#3425,#3426,#2397,.T.);
#2666=EDGE_CURVE('',#3426,#3456,#2398,.T.);
#2667=EDGE_CURVE('',#3456,#3427,#2399,.T.);
#2668=EDGE_CURVE('',#3427,#3428,#2400,.T.);
#2669=EDGE_CURVE('',#3428,#3429,#2401,.T.);
#2670=EDGE_CURVE('',#3429,#3430,#2402,.T.);
#2671=EDGE_CURVE('',#3430,#3431,#2403,.T.);
#2672=EDGE_CURVE('',#3431,#3432,#2404,.T.);
#2673=EDGE_CURVE('',#3432,#3433,#2405,.T.);
#2674=EDGE_CURVE('',#3433,#3434,#2406,.T.);
#2675=EDGE_CURVE('',#3434,#3435,#2407,.T.);
#2676=EDGE_CURVE('',#3435,#3473,#2408,.T.);
#2677=EDGE_CURVE('',#3473,#3455,#2409,.T.);
#2678=EDGE_CURVE('',#3437,#3436,#2410,.T.);
#2679=EDGE_CURVE('',#3436,#3437,#2411,.T.);
#2680=EDGE_CURVE('',#3457,#3477,#2412,.T.);
#2681=EDGE_CURVE('',#3477,#3457,#2413,.T.);
#2682=EDGE_CURVE('',#3454,#3471,#2414,.T.);
#2683=EDGE_CURVE('',#3471,#3454,#2415,.T.);
#2684=EDGE_CURVE('',#3438,#3439,#2416,.T.);
#2685=EDGE_CURVE('',#3439,#3431,#2417,.T.);
#2686=EDGE_CURVE('',#3430,#3438,#2418,.T.);
#2687=EDGE_CURVE('',#3439,#3440,#2419,.T.);
#2688=EDGE_CURVE('',#3440,#3432,#2420,.T.);
#2689=EDGE_CURVE('',#3440,#3441,#2421,.T.);
#2690=EDGE_CURVE('',#3441,#3433,#2422,.T.);
#2691=EDGE_CURVE('',#3442,#3443,#2423,.T.);
#2692=EDGE_CURVE('',#3443,#3429,#2424,.T.);
#2693=EDGE_CURVE('',#3428,#3442,#2425,.T.);
#2694=EDGE_CURVE('',#3427,#3475,#2426,.T.);
#2695=EDGE_CURVE('',#3475,#3445,#2427,.T.);
#2696=EDGE_CURVE('',#3445,#3444,#2428,.T.);
#2697=EDGE_CURVE('',#3444,#3442,#2429,.T.);
#2698=EDGE_CURVE('',#3425,#3446,#2430,.T.);
#2699=EDGE_CURVE('',#3446,#3447,#2431,.T.);
#2700=EDGE_CURVE('',#3447,#3444,#2432,.T.);
#2701=EDGE_CURVE('',#3445,#3426,#2433,.T.);
#2702=EDGE_CURVE('',#3446,#3435,#2434,.T.);
#2703=EDGE_CURVE('',#3434,#3448,#2435,.T.);
#2704=EDGE_CURVE('',#3448,#3447,#2436,.T.);
#2705=EDGE_CURVE('',#3441,#3449,#2437,.T.);
#2706=EDGE_CURVE('',#3449,#3433,#2438,.T.);
#2707=EDGE_CURVE('',#3450,#3433,#2439,.T.);
#2708=EDGE_CURVE('',#3449,#3450,#2440,.T.);
#2709=EDGE_CURVE('',#3451,#3434,#2441,.T.);
#2710=EDGE_CURVE('',#3450,#3451,#2442,.T.);
#2711=EDGE_CURVE('',#3451,#3448,#2443,.T.);
#2712=EDGE_CURVE('',#3452,#3429,#2444,.T.);
#2713=EDGE_CURVE('',#3443,#3452,#2445,.T.);
#2714=EDGE_CURVE('',#3453,#3430,#2446,.T.);
#2715=EDGE_CURVE('',#3452,#3453,#2447,.T.);
#2716=EDGE_CURVE('',#3453,#3438,#2448,.T.);
#2717=EDGE_CURVE('',#3437,#3339,#2449,.T.);
#2718=EDGE_CURVE('',#3338,#3436,#2450,.T.);
#2719=EDGE_CURVE('',#3453,#3397,#2451,.T.);
#2720=EDGE_CURVE('',#3375,#3438,#2452,.T.);
#2721=EDGE_CURVE('',#3452,#3398,#2453,.T.);
#2722=EDGE_CURVE('',#3451,#3402,#2454,.T.);
#2723=EDGE_CURVE('',#3450,#3403,#2455,.T.);
#2724=EDGE_CURVE('',#3441,#3365,#2456,.T.);
#2725=EDGE_CURVE('',#3440,#3366,#2457,.T.);
#2726=EDGE_CURVE('',#3458,#3335,#2458,.T.);
#2727=EDGE_CURVE('',#3334,#3459,#2459,.T.);
#2728=EDGE_CURVE('',#3459,#3458,#2460,.T.);
#2729=EDGE_CURVE('',#3460,#3333,#2461,.T.);
#2730=EDGE_CURVE('',#3332,#3461,#2462,.T.);
#2731=EDGE_CURVE('',#3461,#3460,#2463,.T.);
#2732=EDGE_CURVE('',#3462,#3337,#2464,.T.);
#2733=EDGE_CURVE('',#3336,#3463,#2465,.T.);
#2734=EDGE_CURVE('',#3463,#3462,#2466,.T.);
#2735=EDGE_CURVE('',#3464,#3331,#2467,.T.);
#2736=EDGE_CURVE('',#3330,#3465,#2468,.T.);
#2737=EDGE_CURVE('',#3465,#3464,#2469,.T.);
#2738=EDGE_CURVE('',#3458,#3459,#2470,.T.);
#2739=EDGE_CURVE('',#3460,#3461,#2471,.T.);
#2740=EDGE_CURVE('',#3462,#3463,#2472,.T.);
#2741=EDGE_CURVE('',#3464,#3465,#2473,.T.);
#2742=EDGE_CURVE('',#3470,#3466,#2474,.T.);
#2743=EDGE_CURVE('',#3466,#3454,#2475,.T.);
#2744=EDGE_CURVE('',#3471,#3470,#2476,.T.);
#2745=EDGE_CURVE('',#3470,#3466,#2477,.T.);
#2746=EDGE_CURVE('',#3472,#3467,#2478,.T.);
#2747=EDGE_CURVE('',#3467,#3455,#2479,.T.);
#2748=EDGE_CURVE('',#3473,#3472,#2480,.T.);
#2749=EDGE_CURVE('',#3472,#3467,#2481,.T.);
#2750=EDGE_CURVE('',#3474,#3468,#2482,.T.);
#2751=EDGE_CURVE('',#3468,#3456,#2483,.T.);
#2752=EDGE_CURVE('',#3475,#3474,#2484,.T.);
#2753=EDGE_CURVE('',#3474,#3468,#2485,.T.);
#2754=EDGE_CURVE('',#3476,#3469,#2486,.T.);
#2755=EDGE_CURVE('',#3469,#3457,#2487,.T.);
#2756=EDGE_CURVE('',#3477,#3476,#2488,.T.);
#2757=EDGE_CURVE('',#3476,#3469,#2489,.T.);
#2758=B_SPLINE_CURVE_WITH_KNOTS('',1,(#7821,#7822),.UNSPECIFIED.,.F.,.F.,
(2,2),(-6.49195108583918,0.),.UNSPECIFIED.);
#2759=B_SPLINE_CURVE_WITH_KNOTS('',1,(#7823,#7824),.UNSPECIFIED.,.F.,.F.,
(2,2),(-6.49195108583918,0.),.UNSPECIFIED.);
#2760=B_SPLINE_CURVE_WITH_KNOTS('',3,(#7831,#7832,#7833,#7834),
 .UNSPECIFIED.,.F.,.F.,(4,4),(-28.0222169521788,0.),.UNSPECIFIED.);
#2761=B_SPLINE_CURVE_WITH_KNOTS('',3,(#7835,#7836,#7837,#7838),
 .UNSPECIFIED.,.F.,.F.,(4,4),(-28.0222169521788,0.),.UNSPECIFIED.);
#2762=B_SPLINE_CURVE_WITH_KNOTS('',3,(#7849,#7850,#7851,#7852),
 .UNSPECIFIED.,.F.,.F.,(4,4),(-23.3072334203542,0.),.UNSPECIFIED.);
#2763=B_SPLINE_CURVE_WITH_KNOTS('',3,(#7853,#7854,#7855,#7856),
 .UNSPECIFIED.,.F.,.F.,(4,4),(-23.3072334203542,0.),.UNSPECIFIED.);
#2764=B_SPLINE_CURVE_WITH_KNOTS('',1,(#7863,#7864),.UNSPECIFIED.,.F.,.F.,
(2,2),(-2.53945856882684,0.),.UNSPECIFIED.);
#2765=B_SPLINE_CURVE_WITH_KNOTS('',1,(#7865,#7866),.UNSPECIFIED.,.F.,.F.,
(2,2),(-2.53945856882684,0.),.UNSPECIFIED.);
#2766=B_SPLINE_CURVE_WITH_KNOTS('',3,(#7991,#7992,#7993,#7994,#7995),
 .UNSPECIFIED.,.F.,.F.,(4,1,4),(0.,0.00840327987241705,0.0168065597448341),
 .UNSPECIFIED.);
#2767=B_SPLINE_CURVE_WITH_KNOTS('',1,(#7996,#7997),.UNSPECIFIED.,.F.,.F.,
(2,2),(0.,0.0168065597448341),.UNSPECIFIED.);
#2768=B_SPLINE_CURVE_WITH_KNOTS('',1,(#7998,#7999),.UNSPECIFIED.,.F.,.F.,
(2,2),(0.,22.),.UNSPECIFIED.);
#2769=B_SPLINE_CURVE_WITH_KNOTS('',1,(#8000,#8001),.UNSPECIFIED.,.F.,.F.,
(2,2),(0.,22.),.UNSPECIFIED.);
#2770=B_SPLINE_CURVE_WITH_KNOTS('',3,(#8002,#8003,#8004,#8005,#8006,#8007,
#8008,#8009),.UNSPECIFIED.,.F.,.F.,(4,2,2,4),(0.,0.00676899913560429,2.07243942573549,
2.25648936269968),.UNSPECIFIED.);
#2771=B_SPLINE_CURVE_WITH_KNOTS('',3,(#8010,#8011,#8012,#8013,#8014,#8015,
#8016),.UNSPECIFIED.,.F.,.F.,(4,3,4),(0.,0.00676899913560429,2.25648936269968),
 .UNSPECIFIED.);
#2772=B_SPLINE_CURVE_WITH_KNOTS('',3,(#8017,#8018,#8019,#8020,#8021,#8022),
 .UNSPECIFIED.,.F.,.F.,(4,2,4),(0.,1.01043610551237,1.8892401087654),
 .UNSPECIFIED.);
#2773=B_SPLINE_CURVE_WITH_KNOTS('',3,(#8023,#8024,#8025,#8026),
 .UNSPECIFIED.,.F.,.F.,(4,4),(0.,1.8892401087654),.UNSPECIFIED.);
#2774=B_SPLINE_CURVE_WITH_KNOTS('',1,(#8027,#8028),.UNSPECIFIED.,.F.,.F.,
(2,2),(-23.3072334203542,0.),.UNSPECIFIED.);
#2775=B_SPLINE_CURVE_WITH_KNOTS('',1,(#8029,#8030),.UNSPECIFIED.,.F.,.F.,
(2,2),(0.,4.),.UNSPECIFIED.);
#2776=B_SPLINE_CURVE_WITH_KNOTS('',1,(#8031,#8032),.UNSPECIFIED.,.F.,.F.,
(2,2),(0.,4.),.UNSPECIFIED.);
#2777=B_SPLINE_CURVE_WITH_KNOTS('',1,(#8073,#8074),.UNSPECIFIED.,.F.,.F.,
(2,2),(-58.6298530192713,-27.7560808252992),.UNSPECIFIED.);
#2778=B_SPLINE_CURVE_WITH_KNOTS('',1,(#8075,#8076),.UNSPECIFIED.,.F.,.F.,
(2,2),(0.,20.),.UNSPECIFIED.);
#2779=B_SPLINE_CURVE_WITH_KNOTS('',1,(#8077,#8078),.UNSPECIFIED.,.F.,.F.,
(2,2),(0.,20.),.UNSPECIFIED.);
#2780=B_SPLINE_CURVE_WITH_KNOTS('',3,(#8079,#8080,#8081,#8082,#8083),
 .UNSPECIFIED.,.F.,.F.,(4,1,4),(-12.871768828117,-6.43588441405857,0.),
 .UNSPECIFIED.);
#2781=B_SPLINE_CURVE_WITH_KNOTS('',1,(#8084,#8085),.UNSPECIFIED.,.F.,.F.,
(2,2),(-12.871768828117,0.),.UNSPECIFIED.);
#2782=B_SPLINE_CURVE_WITH_KNOTS('',1,(#8086,#8087),.UNSPECIFIED.,.F.,.F.,
(2,2),(0.,8.),.UNSPECIFIED.);
#2783=B_SPLINE_CURVE_WITH_KNOTS('',1,(#8088,#8089),.UNSPECIFIED.,.F.,.F.,
(2,2),(0.,8.),.UNSPECIFIED.);
#2784=B_SPLINE_CURVE_WITH_KNOTS('',1,(#8090,#8091),.UNSPECIFIED.,.F.,.F.,
(2,2),(0.,4.),.UNSPECIFIED.);
#2785=B_SPLINE_CURVE_WITH_KNOTS('',1,(#8092,#8093),.UNSPECIFIED.,.F.,.F.,
(2,2),(0.,4.),.UNSPECIFIED.);
#2786=B_SPLINE_CURVE_WITH_KNOTS('',1,(#8099,#8100),.UNSPECIFIED.,.F.,.F.,
(2,2),(0.,19.5405234999187),.UNSPECIFIED.);
#2787=B_SPLINE_CURVE_WITH_KNOTS('',1,(#8101,#8102),.UNSPECIFIED.,.F.,.F.,
(2,2),(0.,4.),.UNSPECIFIED.);
#2788=B_SPLINE_CURVE_WITH_KNOTS('',1,(#8103,#8104),.UNSPECIFIED.,.F.,.F.,
(2,2),(-19.5405234999187,0.),.UNSPECIFIED.);
#2789=B_SPLINE_CURVE_WITH_KNOTS('',3,(#8105,#8106,#8107,#8108,#8109,#8110,
#8111,#8112,#8113,#8114,#8115,#8116),.UNSPECIFIED.,.F.,.F.,(4,2,2,2,2,4),
(-4.12714793760729,-3.72327687206614,-3.23253048021931,-2.06371565405793,
-0.00833690039624676,0.),.UNSPECIFIED.);
#2790=B_SPLINE_CURVE_WITH_KNOTS('',3,(#8117,#8118,#8119,#8120,#8121,#8122,
#8123,#8124,#8125,#8126),.UNSPECIFIED.,.F.,.F.,(4,3,3,4),(-4.12714793760729,
-2.1647025240516,-0.00833690039624635,0.),.UNSPECIFIED.);
#2791=B_SPLINE_CURVE_WITH_KNOTS('',1,(#8127,#8128),.UNSPECIFIED.,.F.,.F.,
(2,2),(0.,22.),.UNSPECIFIED.);
#2792=B_SPLINE_CURVE_WITH_KNOTS('',1,(#8129,#8130),.UNSPECIFIED.,.F.,.F.,
(2,2),(0.,22.),.UNSPECIFIED.);
#2793=B_SPLINE_CURVE_WITH_KNOTS('',3,(#8131,#8132,#8133,#8134),
 .UNSPECIFIED.,.F.,.F.,(4,4),(0.,23.576224089596),.UNSPECIFIED.);
#2794=B_SPLINE_CURVE_WITH_KNOTS('',1,(#8135,#8136),.UNSPECIFIED.,.F.,.F.,
(2,2),(0.,23.576224089596),.UNSPECIFIED.);
#2795=B_SPLINE_CURVE_WITH_KNOTS('',1,(#8137,#8138),.UNSPECIFIED.,.F.,.F.,
(2,2),(0.,8.),.UNSPECIFIED.);
#2796=B_SPLINE_CURVE_WITH_KNOTS('',1,(#8139,#8140),.UNSPECIFIED.,.F.,.F.,
(2,2),(0.,8.),.UNSPECIFIED.);
#2797=B_SPLINE_CURVE_WITH_KNOTS('',3,(#8141,#8142,#8143,#8144,#8145),
 .UNSPECIFIED.,.F.,.F.,(4,1,4),(-21.3906215944144,-10.6953107972073,0.),
 .UNSPECIFIED.);
#2798=B_SPLINE_CURVE_WITH_KNOTS('',1,(#8146,#8147),.UNSPECIFIED.,.F.,.F.,
(2,2),(-21.3906215944144,0.),.UNSPECIFIED.);
#2799=B_SPLINE_CURVE_WITH_KNOTS('',1,(#8148,#8149),.UNSPECIFIED.,.F.,.F.,
(2,2),(0.,20.),.UNSPECIFIED.);
#2800=B_SPLINE_CURVE_WITH_KNOTS('',1,(#8150,#8151),.UNSPECIFIED.,.F.,.F.,
(2,2),(0.,20.),.UNSPECIFIED.);
#2801=B_SPLINE_CURVE_WITH_KNOTS('',1,(#8339,#8340),.UNSPECIFIED.,.F.,.F.,
(2,2),(-105.495971428738,-73.1711625433509),.UNSPECIFIED.);
#2802=B_SPLINE_CURVE_WITH_KNOTS('',1,(#8341,#8342),.UNSPECIFIED.,.F.,.F.,
(2,2),(0.,4.),.UNSPECIFIED.);
#2803=B_SPLINE_CURVE_WITH_KNOTS('',1,(#8343,#8344),.UNSPECIFIED.,.F.,.F.,
(2,2),(-28.0222169521788,0.),.UNSPECIFIED.);
#2804=B_SPLINE_CURVE_WITH_KNOTS('',1,(#8345,#8346),.UNSPECIFIED.,.F.,.F.,
(2,2),(0.,8.),.UNSPECIFIED.);
#2805=B_SPLINE_CURVE_WITH_KNOTS('',1,(#8350,#8351),.UNSPECIFIED.,.F.,.F.,
(2,2),(0.,6.72878689739758),.UNSPECIFIED.);
#2806=B_SPLINE_CURVE_WITH_KNOTS('',1,(#8357,#8358),.UNSPECIFIED.,.F.,.F.,
(2,2),(0.,44.197818769268),.UNSPECIFIED.);
#2807=B_SPLINE_CURVE_WITH_KNOTS('',1,(#8359,#8360),.UNSPECIFIED.,.F.,.F.,
(2,2),(0.,8.),.UNSPECIFIED.);
#2808=B_SPLINE_CURVE_WITH_KNOTS('',1,(#8366,#8367),.UNSPECIFIED.,.F.,.F.,
(2,2),(0.,44.1978187692681),.UNSPECIFIED.);
#2809=B_SPLINE_CURVE_WITH_KNOTS('',1,(#8371,#8372),.UNSPECIFIED.,.F.,.F.,
(2,2),(0.,6.72878689739757),.UNSPECIFIED.);
#2810=B_SPLINE_CURVE_WITH_KNOTS('',1,(#8378,#8379),.UNSPECIFIED.,.F.,.F.,
(2,2),(0.,25.4671068937077),.UNSPECIFIED.);
#2811=B_SPLINE_CURVE_WITH_KNOTS('',1,(#8380,#8381),.UNSPECIFIED.,.F.,.F.,
(2,2),(0.,8.),.UNSPECIFIED.);
#2812=B_SPLINE_CURVE_WITH_KNOTS('',1,(#8382,#8383),.UNSPECIFIED.,.F.,.F.,
(2,2),(0.,8.),.UNSPECIFIED.);
#2813=B_SPLINE_CURVE_WITH_KNOTS('',1,(#8389,#8390),.UNSPECIFIED.,.F.,.F.,
(2,2),(0.,25.4671068937077),.UNSPECIFIED.);
#2814=B_SPLINE_CURVE_WITH_KNOTS('',1,(#8394,#8395),.UNSPECIFIED.,.F.,.F.,
(2,2),(0.,3.68540553145066),.UNSPECIFIED.);
#2815=B_SPLINE_CURVE_WITH_KNOTS('',1,(#8396,#8397),.UNSPECIFIED.,.F.,.F.,
(2,2),(0.,8.),.UNSPECIFIED.);
#2816=B_SPLINE_CURVE_WITH_KNOTS('',1,(#8398,#8399),.UNSPECIFIED.,.F.,.F.,
(2,2),(0.,8.),.UNSPECIFIED.);
#2817=B_SPLINE_CURVE_WITH_KNOTS('',1,(#8403,#8404),.UNSPECIFIED.,.F.,.F.,
(2,2),(0.,3.68540553145067),.UNSPECIFIED.);
#2818=B_SPLINE_CURVE_WITH_KNOTS('',1,(#8405,#8406),.UNSPECIFIED.,.F.,.F.,
(2,2),(0.,8.73228527845545),.UNSPECIFIED.);
#2819=B_SPLINE_CURVE_WITH_KNOTS('',1,(#8407,#8408),.UNSPECIFIED.,.F.,.F.,
(2,2),(0.,8.73228527845545),.UNSPECIFIED.);
#2820=B_SPLINE_CURVE_WITH_KNOTS('',1,(#8415,#8416),.UNSPECIFIED.,.F.,.F.,
(2,2),(0.,16.),.UNSPECIFIED.);
#2821=B_SPLINE_CURVE_WITH_KNOTS('',1,(#8417,#8418),.UNSPECIFIED.,.F.,.F.,
(2,2),(0.,16.),.UNSPECIFIED.);
#2822=B_SPLINE_CURVE_WITH_KNOTS('',1,(#8419,#8420),.UNSPECIFIED.,.F.,.F.,
(2,2),(0.,0.219680981033593),.UNSPECIFIED.);
#2823=B_SPLINE_CURVE_WITH_KNOTS('',1,(#8421,#8422),.UNSPECIFIED.,.F.,.F.,
(2,2),(0.,0.219680981033593),.UNSPECIFIED.);
#2824=B_SPLINE_CURVE_WITH_KNOTS('',1,(#8423,#8424),.UNSPECIFIED.,.F.,.F.,
(2,2),(0.,28.),.UNSPECIFIED.);
#2825=B_SPLINE_CURVE_WITH_KNOTS('',1,(#8425,#8426),.UNSPECIFIED.,.F.,.F.,
(2,2),(0.,28.),.UNSPECIFIED.);
#2826=B_SPLINE_CURVE_WITH_KNOTS('',1,(#8427,#8428),.UNSPECIFIED.,.F.,.F.,
(2,2),(0.,12.9677578378075),.UNSPECIFIED.);
#2827=B_SPLINE_CURVE_WITH_KNOTS('',1,(#8429,#8430),.UNSPECIFIED.,.F.,.F.,
(2,2),(0.,12.9677578378075),.UNSPECIFIED.);
#2828=B_SPLINE_CURVE_WITH_KNOTS('',1,(#8431,#8432),.UNSPECIFIED.,.F.,.F.,
(2,2),(0.,8.),.UNSPECIFIED.);
#2829=B_SPLINE_CURVE_WITH_KNOTS('',1,(#8436,#8437),.UNSPECIFIED.,.F.,.F.,
(2,2),(0.,2.67737743641094),.UNSPECIFIED.);
#2830=B_SPLINE_CURVE_WITH_KNOTS('',1,(#8438,#8439),.UNSPECIFIED.,.F.,.F.,
(2,2),(0.,8.),.UNSPECIFIED.);
#2831=B_SPLINE_CURVE_WITH_KNOTS('',1,(#8440,#8441),.UNSPECIFIED.,.F.,.F.,
(2,2),(0.,8.),.UNSPECIFIED.);
#2832=B_SPLINE_CURVE_WITH_KNOTS('',1,(#8445,#8446),.UNSPECIFIED.,.F.,.F.,
(2,2),(0.,8.29489661066029),.UNSPECIFIED.);
#2833=B_SPLINE_CURVE_WITH_KNOTS('',1,(#8447,#8448),.UNSPECIFIED.,.F.,.F.,
(2,2),(0.,22.),.UNSPECIFIED.);
#2834=B_SPLINE_CURVE_WITH_KNOTS('',1,(#8449,#8450),.UNSPECIFIED.,.F.,.F.,
(2,2),(0.,22.),.UNSPECIFIED.);
#2835=B_SPLINE_CURVE_WITH_KNOTS('',3,(#8451,#8452,#8453,#8454,#8455,#8456,
#8457,#8458,#8459,#8460),.UNSPECIFIED.,.F.,.F.,(4,2,2,2,4),(0.,0.00875160147343099,
2.12271656287082,3.10472803556571,3.84049530297686),.UNSPECIFIED.);
#2836=B_SPLINE_CURVE_WITH_KNOTS('',3,(#8461,#8462,#8463,#8464,#8465,#8466,
#8467,#8468,#8469,#8470,#8471,#8472,#8473,#8474,#8475,#8476,#8477,#8478,
#8479,#8480,#8481,#8482,#8483,#8484,#8485,#8486,#8487,#8488,#8489,#8490,
#8491,#8492,#8493,#8494),.UNSPECIFIED.,.F.,.F.,(4,3,3,3,3,3,3,3,3,3,3,4),
(0.,0.00875160147343099,2.39147845375277,2.93478929351407,3.37304956524572,
3.67785806018322,3.70468593307963,3.71721689190921,3.72326574440111,3.72917260391663,
3.77178199644554,3.84049530297686),.UNSPECIFIED.);
#2837=B_SPLINE_CURVE_WITH_KNOTS('',1,(#8495,#8496),.UNSPECIFIED.,.F.,.F.,
(2,2),(-8.83084876887035,0.),.UNSPECIFIED.);
#2838=B_SPLINE_CURVE_WITH_KNOTS('',3,(#8497,#8498,#8499,#8500,#8501,#8502,
#8503,#8504,#8505,#8506),.UNSPECIFIED.,.F.,.F.,(4,2,2,2,4),(-3.84049531286716,
-3.10472821068952,-2.12271695852797,-0.00875161395119983,0.),
 .UNSPECIFIED.);
#2839=B_SPLINE_CURVE_WITH_KNOTS('',3,(#8507,#8508,#8509,#8510,#8511,#8512,
#8513,#8514,#8515,#8516,#8517,#8518,#8519,#8520,#8521,#8522,#8523,#8524,
#8525,#8526,#8527,#8528,#8529,#8530,#8531,#8532,#8533,#8534,#8535,#8536,
#8537),.UNSPECIFIED.,.F.,.F.,(4,3,3,3,3,3,3,3,3,3,4),(-3.84049531286716,
-3.77310830032983,-3.73099188207306,-3.719137749241,-3.70670426886407,-3.68005364287764,
-3.37620102397329,-2.93818094657738,-2.39470487352316,-0.00875161395119983,
0.),.UNSPECIFIED.);
#2840=B_SPLINE_CURVE_WITH_KNOTS('',1,(#8538,#8539),.UNSPECIFIED.,.F.,.F.,
(2,2),(0.,22.),.UNSPECIFIED.);
#2841=B_SPLINE_CURVE_WITH_KNOTS('',1,(#8540,#8541),.UNSPECIFIED.,.F.,.F.,
(2,2),(0.,22.),.UNSPECIFIED.);
#2842=B_SPLINE_CURVE_WITH_KNOTS('',1,(#8545,#8546),.UNSPECIFIED.,.F.,.F.,
(2,2),(0.,3.21721392478637),.UNSPECIFIED.);
#2843=B_SPLINE_CURVE_WITH_KNOTS('',1,(#8547,#8548),.UNSPECIFIED.,.F.,.F.,
(2,2),(0.,28.),.UNSPECIFIED.);
#2844=B_SPLINE_CURVE_WITH_KNOTS('',1,(#8554,#8555),.UNSPECIFIED.,.F.,.F.,
(2,2),(0.,21.9485581595902),.UNSPECIFIED.);
#2845=B_SPLINE_CURVE_WITH_KNOTS('',1,(#8556,#8557),.UNSPECIFIED.,.F.,.F.,
(2,2),(0.,16.),.UNSPECIFIED.);
#2846=B_SPLINE_CURVE_WITH_KNOTS('',1,(#8558,#8559),.UNSPECIFIED.,.F.,.F.,
(2,2),(0.,16.),.UNSPECIFIED.);
#2847=B_SPLINE_CURVE_WITH_KNOTS('',3,(#8560,#8561,#8562,#8563,#8564,#8565,
#8566,#8567,#8568,#8569,#8570,#8571,#8572,#8573,#8574,#8575,#8576,#8577,
#8578,#8579,#8580,#8581,#8582,#8583,#8584,#8585,#8586,#8587,#8588,#8589,
#8590,#8591,#8592,#8593,#8594,#8595,#8596,#8597,#8598,#8599,#8600,#8601,
#8602,#8603,#8604,#8605,#8606,#8607,#8608,#8609,#8610,#8611,#8612,#8613,
#8614,#8615,#8616,#8617,#8618,#8619,#8620,#8621,#8622,#8623,#8624,#8625,
#8626,#8627,#8628,#8629,#8630,#8631,#8632,#8633,#8634,#8635,#8636,#8637,
#8638,#8639,#8640,#8641,#8642,#8643,#8644,#8645,#8646,#8647,#8648,#8649,
#8650),.UNSPECIFIED.,.F.,.F.,(4,3,3,3,3,3,3,3,3,3,3,3,3,3,3,3,3,3,3,3,3,
3,3,3,3,3,3,3,3,3,4),(-5.69312413694427,-5.33695945662238,-4.98208563895015,
-4.90644890617707,-4.51678277646224,-4.27014770197891,-4.12892444617124,
-3.91975610384362,-3.56008278303886,-3.37586999591437,-3.24112454896544,
-3.00636007150734,-2.84759149511076,-2.64624652579459,-2.59110090822788,
-2.29479601902206,-2.13914054496197,-1.94878591686892,-1.78134160728635,
-1.6093541568277,-1.42484838353785,-1.27945541486694,-1.07081750012311,
-0.954818365019599,-0.939467195755336,-0.713665711998826,-0.631934987877047,
-0.578271990663088,-0.357154725082163,-0.264535124950682,0.),
 .UNSPECIFIED.);
#2848=B_SPLINE_CURVE_WITH_KNOTS('',3,(#8651,#8652,#8653,#8654,#8655,#8656,
#8657,#8658,#8659,#8660,#8661,#8662,#8663,#8664,#8665,#8666,#8667,#8668,
#8669,#8670,#8671,#8672,#8673,#8674,#8675,#8676,#8677,#8678,#8679,#8680,
#8681,#8682,#8683,#8684,#8685,#8686,#8687,#8688,#8689,#8690,#8691,#8692,
#8693,#8694,#8695,#8696,#8697,#8698,#8699,#8700,#8701,#8702,#8703,#8704,
#8705,#8706,#8707,#8708,#8709,#8710,#8711,#8712,#8713,#8714,#8715,#8716,
#8717,#8718,#8719,#8720),.UNSPECIFIED.,.F.,.F.,(4,3,3,3,3,3,3,3,3,3,3,3,
3,3,3,3,3,3,3,3,3,3,3,4),(-5.69312413694427,-3.72841615810943,-1.94857679779966,
-1.19965440508528,-0.877336944870336,-0.839903220764567,-0.821447681955461,
-0.803170908443655,-0.76716727024548,-0.731884133077826,-0.597974170920497,
-0.367788869346362,-0.192511660875949,-0.183503059586519,-0.174722715486004,
-0.157845998768269,-0.149747088182128,-0.141878311306196,-0.126796601882064,
-0.0992909139666214,-0.0868499235902301,-0.0809432638510828,-0.0752378797213842,
0.),.UNSPECIFIED.);
#2849=B_SPLINE_CURVE_WITH_KNOTS('',1,(#8721,#8722),.UNSPECIFIED.,.F.,.F.,
(2,2),(0.,8.),.UNSPECIFIED.);
#2850=B_SPLINE_CURVE_WITH_KNOTS('',1,(#8723,#8724),.UNSPECIFIED.,.F.,.F.,
(2,2),(0.,12.9677578378075),.UNSPECIFIED.);
#2851=B_SPLINE_CURVE_WITH_KNOTS('',1,(#8725,#8726),.UNSPECIFIED.,.F.,.F.,
(2,2),(0.,12.9677578378075),.UNSPECIFIED.);
#2852=B_SPLINE_CURVE_WITH_KNOTS('',1,(#8727,#8728),.UNSPECIFIED.,.F.,.F.,
(2,2),(0.,8.),.UNSPECIFIED.);
#2853=B_SPLINE_CURVE_WITH_KNOTS('',1,(#8729,#8730),.UNSPECIFIED.,.F.,.F.,
(2,2),(0.,12.9677578378075),.UNSPECIFIED.);
#2854=B_SPLINE_CURVE_WITH_KNOTS('',1,(#8731,#8732),.UNSPECIFIED.,.F.,.F.,
(2,2),(0.,12.9677578378075),.UNSPECIFIED.);
#2855=B_SPLINE_CURVE_WITH_KNOTS('',1,(#8733,#8734),.UNSPECIFIED.,.F.,.F.,
(2,2),(0.,6.49195108583916),.UNSPECIFIED.);
#2856=B_SPLINE_CURVE_WITH_KNOTS('',1,(#8735,#8736),.UNSPECIFIED.,.F.,.F.,
(2,2),(0.,6.49195108583916),.UNSPECIFIED.);
#2857=B_SPLINE_CURVE_WITH_KNOTS('',1,(#8737,#8738),.UNSPECIFIED.,.F.,.F.,
(2,2),(0.,22.),.UNSPECIFIED.);
#2858=B_SPLINE_CURVE_WITH_KNOTS('',1,(#8739,#8740),.UNSPECIFIED.,.F.,.F.,
(2,2),(0.,22.),.UNSPECIFIED.);
#2859=B_SPLINE_CURVE_WITH_KNOTS('',1,(#8741,#8742),.UNSPECIFIED.,.F.,.F.,
(2,2),(0.,6.49195108583916),.UNSPECIFIED.);
#2860=B_SPLINE_CURVE_WITH_KNOTS('',1,(#8743,#8744),.UNSPECIFIED.,.F.,.F.,
(2,2),(0.,6.49195108583916),.UNSPECIFIED.);
#2861=B_SPLINE_CURVE_WITH_KNOTS('',1,(#8745,#8746),.UNSPECIFIED.,.F.,.F.,
(2,2),(0.,22.),.UNSPECIFIED.);
#2862=B_SPLINE_CURVE_WITH_KNOTS('',1,(#8747,#8748),.UNSPECIFIED.,.F.,.F.,
(2,2),(0.,22.),.UNSPECIFIED.);
#2863=B_SPLINE_CURVE_WITH_KNOTS('',1,(#8749,#8750),.UNSPECIFIED.,.F.,.F.,
(2,2),(0.,2.53945856882689),.UNSPECIFIED.);
#2864=B_SPLINE_CURVE_WITH_KNOTS('',1,(#8751,#8752),.UNSPECIFIED.,.F.,.F.,
(2,2),(0.,2.53945856882689),.UNSPECIFIED.);
#2865=B_SPLINE_CURVE_WITH_KNOTS('',1,(#8753,#8754),.UNSPECIFIED.,.F.,.F.,
(2,2),(0.,22.),.UNSPECIFIED.);
#2866=B_SPLINE_CURVE_WITH_KNOTS('',1,(#8755,#8756),.UNSPECIFIED.,.F.,.F.,
(2,2),(0.,22.),.UNSPECIFIED.);
#2867=B_SPLINE_CURVE_WITH_KNOTS('',1,(#8757,#8758),.UNSPECIFIED.,.F.,.F.,
(2,2),(0.,2.53945856882689),.UNSPECIFIED.);
#2868=B_SPLINE_CURVE_WITH_KNOTS('',1,(#8759,#8760),.UNSPECIFIED.,.F.,.F.,
(2,2),(0.,2.53945856882689),.UNSPECIFIED.);
#2869=B_SPLINE_CURVE_WITH_KNOTS('',1,(#8761,#8762),.UNSPECIFIED.,.F.,.F.,
(2,2),(0.,22.),.UNSPECIFIED.);
#2870=B_SPLINE_CURVE_WITH_KNOTS('',1,(#8763,#8764),.UNSPECIFIED.,.F.,.F.,
(2,2),(0.,22.),.UNSPECIFIED.);
#2871=B_SPLINE_CURVE_WITH_KNOTS('',1,(#8771,#8772),.UNSPECIFIED.,.F.,.F.,
(2,2),(-2.53945856882684,0.),.UNSPECIFIED.);
#2872=B_SPLINE_CURVE_WITH_KNOTS('',1,(#8773,#8774),.UNSPECIFIED.,.F.,.F.,
(2,2),(-2.53945856882684,0.),.UNSPECIFIED.);
#2873=B_SPLINE_CURVE_WITH_KNOTS('',3,(#8775,#8776,#8777,#8778,#8779,#8780,
#8781,#8782,#8783,#8784,#8785,#8786,#8787,#8788,#8789,#8790),
 .UNSPECIFIED.,.F.,.F.,(4,3,3,3,3,4),(0.,4.0690968223539,8.40471012549537,
8.40524093378008,15.8616189104937,16.8089601383855),.UNSPECIFIED.);
#2874=B_SPLINE_CURVE_WITH_KNOTS('',3,(#8791,#8792,#8793,#8794,#8795,#8796,
#8797,#8798,#8799,#8800,#8801,#8802,#8803,#8804,#8805,#8806),
 .UNSPECIFIED.,.F.,.F.,(4,3,3,3,3,4),(0.,4.0690968223539,8.40471012549537,
8.40524093378008,15.8616189104937,16.8089601383855),.UNSPECIFIED.);
#2875=B_SPLINE_CURVE_WITH_KNOTS('',3,(#8823,#8824,#8825,#8826,#8827,#8828,
#8829,#8830,#8831,#8832),.UNSPECIFIED.,.F.,.F.,(4,3,3,4),(0.,11.7927649888866,
17.6891326987065,23.5854970422372),.UNSPECIFIED.);
#2876=B_SPLINE_CURVE_WITH_KNOTS('',3,(#8833,#8834,#8835,#8836,#8837,#8838,
#8839,#8840,#8841,#8842),.UNSPECIFIED.,.F.,.F.,(4,3,3,4),(0.,11.7927649888866,
17.6891326987065,23.5854970422372),.UNSPECIFIED.);
#2877=B_SPLINE_CURVE_WITH_KNOTS('',1,(#8843,#8844),.UNSPECIFIED.,.F.,.F.,
(2,2),(-6.49195108584382,0.),.UNSPECIFIED.);
#2878=B_SPLINE_CURVE_WITH_KNOTS('',1,(#8845,#8846),.UNSPECIFIED.,.F.,.F.,
(2,2),(-6.49195108584382,0.),.UNSPECIFIED.);
#2879=B_SPLINE_CURVE_WITH_KNOTS('',1,(#8853,#8854),.UNSPECIFIED.,.F.,.F.,
(2,2),(-12.9677578378074,0.),.UNSPECIFIED.);
#2880=B_SPLINE_CURVE_WITH_KNOTS('',1,(#8855,#8856),.UNSPECIFIED.,.F.,.F.,
(2,2),(-12.9677578378074,0.),.UNSPECIFIED.);
#2881=B_SPLINE_CURVE_WITH_KNOTS('',1,(#8873,#8874),.UNSPECIFIED.,.F.,.F.,
(2,2),(-12.9677578378076,0.),.UNSPECIFIED.);
#2882=B_SPLINE_CURVE_WITH_KNOTS('',1,(#8875,#8876),.UNSPECIFIED.,.F.,.F.,
(2,2),(-12.9677578378076,0.),.UNSPECIFIED.);
#2883=B_SPLINE_CURVE_WITH_KNOTS('',1,(#8877,#8878),.UNSPECIFIED.,.F.,.F.,
(2,2),(0.,4.72088281888078),.UNSPECIFIED.);
#2884=B_SPLINE_CURVE_WITH_KNOTS('',1,(#8879,#8880),.UNSPECIFIED.,.F.,.F.,
(2,2),(0.,4.72088281888078),.UNSPECIFIED.);
#2885=B_SPLINE_CURVE_WITH_KNOTS('',1,(#8881,#8882),.UNSPECIFIED.,.F.,.F.,
(2,2),(0.,16.3354515757645),.UNSPECIFIED.);
#2886=B_SPLINE_CURVE_WITH_KNOTS('',1,(#8883,#8884),.UNSPECIFIED.,.F.,.F.,
(2,2),(0.,16.3354515757645),.UNSPECIFIED.);
#2887=B_SPLINE_CURVE_WITH_KNOTS('',1,(#8893,#8894),.UNSPECIFIED.,.F.,.F.,
(2,2),(0.,2.97028976462463),.UNSPECIFIED.);
#2888=B_SPLINE_CURVE_WITH_KNOTS('',1,(#8895,#8896),.UNSPECIFIED.,.F.,.F.,
(2,2),(0.,2.97028976462463),.UNSPECIFIED.);
#2889=B_SPLINE_CURVE_WITH_KNOTS('',1,(#8897,#8898),.UNSPECIFIED.,.F.,.F.,
(2,2),(0.,16.),.UNSPECIFIED.);
#2890=B_SPLINE_CURVE_WITH_KNOTS('',1,(#8899,#8900),.UNSPECIFIED.,.F.,.F.,
(2,2),(0.,16.),.UNSPECIFIED.);
#2891=B_SPLINE_CURVE_WITH_KNOTS('',1,(#8901,#8902),.UNSPECIFIED.,.F.,.F.,
(2,2),(0.,1.94784721516597),.UNSPECIFIED.);
#2892=B_SPLINE_CURVE_WITH_KNOTS('',1,(#8903,#8904),.UNSPECIFIED.,.F.,.F.,
(2,2),(0.,1.94784721516597),.UNSPECIFIED.);
#2893=B_SPLINE_CURVE_WITH_KNOTS('',1,(#8905,#8906),.UNSPECIFIED.,.F.,.F.,
(2,2),(0.,16.),.UNSPECIFIED.);
#2894=B_SPLINE_CURVE_WITH_KNOTS('',1,(#8907,#8908),.UNSPECIFIED.,.F.,.F.,
(2,2),(0.,16.),.UNSPECIFIED.);
#2895=B_SPLINE_CURVE_WITH_KNOTS('',1,(#8909,#8910),.UNSPECIFIED.,.F.,.F.,
(2,2),(0.,1.94784721516597),.UNSPECIFIED.);
#2896=B_SPLINE_CURVE_WITH_KNOTS('',1,(#8911,#8912),.UNSPECIFIED.,.F.,.F.,
(2,2),(0.,1.94784721516597),.UNSPECIFIED.);
#2897=B_SPLINE_CURVE_WITH_KNOTS('',1,(#8913,#8914),.UNSPECIFIED.,.F.,.F.,
(2,2),(0.,16.),.UNSPECIFIED.);
#2898=B_SPLINE_CURVE_WITH_KNOTS('',1,(#8915,#8916),.UNSPECIFIED.,.F.,.F.,
(2,2),(0.,16.),.UNSPECIFIED.);
#2899=B_SPLINE_CURVE_WITH_KNOTS('',1,(#8923,#8924),.UNSPECIFIED.,.F.,.F.,
(2,2),(-1.59206357235357,0.),.UNSPECIFIED.);
#2900=B_SPLINE_CURVE_WITH_KNOTS('',1,(#8925,#8926),.UNSPECIFIED.,.F.,.F.,
(2,2),(-1.59206357235357,0.),.UNSPECIFIED.);
#2901=B_SPLINE_CURVE_WITH_KNOTS('',1,(#8927,#8928),.UNSPECIFIED.,.F.,.F.,
(2,2),(-8.73228527845556,0.),.UNSPECIFIED.);
#2902=B_SPLINE_CURVE_WITH_KNOTS('',1,(#8929,#8930),.UNSPECIFIED.,.F.,.F.,
(2,2),(-8.73228527845556,0.),.UNSPECIFIED.);
#2903=B_SPLINE_CURVE_WITH_KNOTS('',1,(#8947,#8948),.UNSPECIFIED.,.F.,.F.,
(2,2),(-12.9677578378075,0.),.UNSPECIFIED.);
#2904=B_SPLINE_CURVE_WITH_KNOTS('',1,(#8949,#8950),.UNSPECIFIED.,.F.,.F.,
(2,2),(-12.9677578378075,0.),.UNSPECIFIED.);
#2905=B_SPLINE_CURVE_WITH_KNOTS('',1,(#8957,#8958),.UNSPECIFIED.,.F.,.F.,
(2,2),(0.,2.52765441584677),.UNSPECIFIED.);
#2906=B_SPLINE_CURVE_WITH_KNOTS('',1,(#8959,#8960),.UNSPECIFIED.,.F.,.F.,
(2,2),(0.,2.52765441584677),.UNSPECIFIED.);
#2907=B_SPLINE_CURVE_WITH_KNOTS('',3,(#8961,#8962,#8963,#8964,#8965,#8966,
#8967,#8968,#8969,#8970),.UNSPECIFIED.,.F.,.F.,(4,3,3,4),(0.,6.27144671141578,
8.51880963210138,17.0376605382009),.UNSPECIFIED.);
#2908=B_SPLINE_CURVE_WITH_KNOTS('',3,(#8971,#8972,#8973,#8974,#8975,#8976,
#8977,#8978,#8979,#8980),.UNSPECIFIED.,.F.,.F.,(4,3,3,4),(0.,6.27144671141578,
8.51880963210138,17.0376605382009),.UNSPECIFIED.);
#2909=B_SPLINE_CURVE_WITH_KNOTS('',3,(#8997,#8998,#8999,#9000,#9001,#9002,
#9003),.UNSPECIFIED.,.F.,.F.,(4,3,4),(0.,6.4242585140367,8.77156878955116),
 .UNSPECIFIED.);
#2910=B_SPLINE_CURVE_WITH_KNOTS('',3,(#9004,#9005,#9006,#9007,#9008,#9009,
#9010),.UNSPECIFIED.,.F.,.F.,(4,3,4),(0.,6.4242585140367,8.77156878955116),
 .UNSPECIFIED.);
#2911=B_SPLINE_CURVE_WITH_KNOTS('',1,(#9011,#9012),.UNSPECIFIED.,.F.,.F.,
(2,2),(0.,16.),.UNSPECIFIED.);
#2912=B_SPLINE_CURVE_WITH_KNOTS('',1,(#9016,#9017),.UNSPECIFIED.,.F.,.F.,
(2,2),(0.,2.9099404146848),.UNSPECIFIED.);
#2913=B_SPLINE_CURVE_WITH_KNOTS('',1,(#9018,#9019),.UNSPECIFIED.,.F.,.F.,
(2,2),(0.,16.),.UNSPECIFIED.);
#2914=B_SPLINE_CURVE_WITH_KNOTS('',1,(#9023,#9024),.UNSPECIFIED.,.F.,.F.,
(2,2),(0.,2.9099404146848),.UNSPECIFIED.);
#2915=B_SPLINE_CURVE_WITH_KNOTS('',1,(#9025,#9026),.UNSPECIFIED.,.F.,.F.,
(2,2),(0.,16.),.UNSPECIFIED.);
#2916=B_SPLINE_CURVE_WITH_KNOTS('',1,(#9030,#9031),.UNSPECIFIED.,.F.,.F.,
(2,2),(0.,3.660007935506),.UNSPECIFIED.);
#2917=B_SPLINE_CURVE_WITH_KNOTS('',1,(#9032,#9033),.UNSPECIFIED.,.F.,.F.,
(2,2),(0.,16.),.UNSPECIFIED.);
#2918=B_SPLINE_CURVE_WITH_KNOTS('',1,(#9037,#9038),.UNSPECIFIED.,.F.,.F.,
(2,2),(0.,3.6600079355061),.UNSPECIFIED.);
#2919=B_SPLINE_CURVE_WITH_KNOTS('',1,(#9039,#9040),.UNSPECIFIED.,.F.,.F.,
(2,2),(0.,22.),.UNSPECIFIED.);
#2920=B_SPLINE_CURVE_WITH_KNOTS('',1,(#9044,#9045),.UNSPECIFIED.,.F.,.F.,
(2,2),(0.,1.87498132407179),.UNSPECIFIED.);
#2921=B_SPLINE_CURVE_WITH_KNOTS('',1,(#9049,#9050),.UNSPECIFIED.,.F.,.F.,
(2,2),(0.,2.46312946121656),.UNSPECIFIED.);
#2922=B_SPLINE_CURVE_WITH_KNOTS('',1,(#9051,#9052),.UNSPECIFIED.,.F.,.F.,
(2,2),(0.,22.),.UNSPECIFIED.);
#2923=B_SPLINE_CURVE_WITH_KNOTS('',1,(#9058,#9059),.UNSPECIFIED.,.F.,.F.,
(2,2),(0.,4.32004976834768),.UNSPECIFIED.);
#2924=B_SPLINE_CURVE_WITH_KNOTS('',1,(#9060,#9061),.UNSPECIFIED.,.F.,.F.,
(2,2),(0.,23.576224089596),.UNSPECIFIED.);
#2925=B_SPLINE_CURVE_WITH_KNOTS('',1,(#9065,#9066),.UNSPECIFIED.,.F.,.F.,
(2,2),(0.,3.99999999999981),.UNSPECIFIED.);
#2926=B_SPLINE_CURVE_WITH_KNOTS('',1,(#9067,#9068),.UNSPECIFIED.,.F.,.F.,
(2,2),(0.,23.5854970422372),.UNSPECIFIED.);
#2927=B_SPLINE_CURVE_WITH_KNOTS('',1,(#9072,#9073),.UNSPECIFIED.,.F.,.F.,
(2,2),(-3.99999999999998,0.),.UNSPECIFIED.);
#2928=B_SPLINE_CURVE_WITH_KNOTS('',1,(#9074,#9075),.UNSPECIFIED.,.F.,.F.,
(2,2),(0.,22.),.UNSPECIFIED.);
#2929=B_SPLINE_CURVE_WITH_KNOTS('',1,(#9079,#9080),.UNSPECIFIED.,.F.,.F.,
(2,2),(0.,0.794916521510797),.UNSPECIFIED.);
#2930=B_SPLINE_CURVE_WITH_KNOTS('',1,(#9084,#9085),.UNSPECIFIED.,.F.,.F.,
(2,2),(0.,2.26193257916877),.UNSPECIFIED.);
#2931=B_SPLINE_CURVE_WITH_KNOTS('',1,(#9086,#9087),.UNSPECIFIED.,.F.,.F.,
(2,2),(0.,22.),.UNSPECIFIED.);
#2932=B_SPLINE_CURVE_WITH_KNOTS('',1,(#9091,#9092),.UNSPECIFIED.,.F.,.F.,
(2,2),(0.,1.48469977075135),.UNSPECIFIED.);
#2933=B_SPLINE_CURVE_WITH_KNOTS('',1,(#9096,#9097),.UNSPECIFIED.,.F.,.F.,
(2,2),(0.,1.48469977075152),.UNSPECIFIED.);
#2934=B_SPLINE_CURVE_WITH_KNOTS('',1,(#9101,#9102),.UNSPECIFIED.,.F.,.F.,
(2,2),(0.,3.99999999999998),.UNSPECIFIED.);
#2935=B_SPLINE_CURVE_WITH_KNOTS('',1,(#9103,#9104),.UNSPECIFIED.,.F.,.F.,
(2,2),(0.,44.197818769268),.UNSPECIFIED.);
#2936=B_SPLINE_CURVE_WITH_KNOTS('',1,(#9108,#9109),.UNSPECIFIED.,.F.,.F.,
(2,2),(0.,3.14159265358979),.UNSPECIFIED.);
#2937=B_SPLINE_CURVE_WITH_KNOTS('',1,(#9110,#9111),.UNSPECIFIED.,.F.,.F.,
(2,2),(-37.8838446593723,0.),.UNSPECIFIED.);
#2938=B_SPLINE_CURVE_WITH_KNOTS('',1,(#9112,#9113),.UNSPECIFIED.,.F.,.F.,
(2,2),(-3.99999999999998,0.),.UNSPECIFIED.);
#2939=B_SPLINE_CURVE_WITH_KNOTS('',1,(#9114,#9115),.UNSPECIFIED.,.F.,.F.,
(2,2),(-5.76753162634073,0.),.UNSPECIFIED.);
#2940=B_SPLINE_CURVE_WITH_KNOTS('',1,(#9116,#9117),.UNSPECIFIED.,.F.,.F.,
(2,2),(0.,3.14159265358979),.UNSPECIFIED.);
#2941=B_SPLINE_CURVE_WITH_KNOTS('',1,(#9118,#9119),.UNSPECIFIED.,.F.,.F.,
(2,2),(0.,6.72878689739758),.UNSPECIFIED.);
#2942=B_SPLINE_CURVE_WITH_KNOTS('',1,(#9120,#9121),.UNSPECIFIED.,.F.,.F.,
(2,2),(0.,16.8089601383855),.UNSPECIFIED.);
#2943=B_SPLINE_CURVE_WITH_KNOTS('',1,(#9125,#9126),.UNSPECIFIED.,.F.,.F.,
(2,2),(-3.99999999999999,0.),.UNSPECIFIED.);
#2944=B_SPLINE_CURVE_WITH_KNOTS('',1,(#9127,#9128),.UNSPECIFIED.,.F.,.F.,
(2,2),(0.,0.0168065597448341),.UNSPECIFIED.);
#2945=B_SPLINE_CURVE_WITH_KNOTS('',1,(#9129,#9130),.UNSPECIFIED.,.F.,.F.,
(2,2),(0.,3.99999999999998),.UNSPECIFIED.);
#2946=B_SPLINE_CURVE_WITH_KNOTS('',1,(#9131,#9132),.UNSPECIFIED.,.F.,.F.,
(2,2),(0.,16.3354515757645),.UNSPECIFIED.);
#2947=B_SPLINE_CURVE_WITH_KNOTS('',1,(#9136,#9137),.UNSPECIFIED.,.F.,.F.,
(2,2),(0.,2.61815153951868),.UNSPECIFIED.);
#2948=B_SPLINE_CURVE_WITH_KNOTS('',1,(#9138,#9139),.UNSPECIFIED.,.F.,.F.,
(2,2),(0.,20.),.UNSPECIFIED.);
#2949=B_SPLINE_CURVE_WITH_KNOTS('',3,(#9140,#9141,#9142,#9143,#9144,#9145,
#9146,#9147,#9148,#9149,#9150,#9151,#9152,#9153,#9154,#9155,#9156,#9157,
#9158,#9159,#9160,#9161,#9162,#9163,#9164,#9165,#9166,#9167,#9168,#9169,
#9170,#9171,#9172,#9173,#9174,#9175,#9176,#9177,#9178,#9179,#9180,#9181,
#9182,#9183,#9184,#9185,#9186,#9187,#9188,#9189,#9190,#9191,#9192,#9193,
#9194,#9195,#9196,#9197,#9198,#9199,#9200,#9201,#9202,#9203,#9204,#9205,
#9206,#9207,#9208,#9209,#9210,#9211,#9212),.UNSPECIFIED.,.F.,.F.,(4,3,3,
3,3,3,3,3,3,3,3,3,3,3,3,3,3,3,3,3,3,3,3,3,4),(-4.36841291345169,-4.0733513337281,
-3.82211616580711,-3.78017717304479,-3.65377850270062,-3.2771956684123,
-3.19872141941156,-2.73195282432649,-2.6221007516102,-2.46293751243562,
-2.18482993124908,-2.0517720761824,-1.80516364416449,-1.50058439809005,
-1.33069347988857,-1.09336288363709,-0.968227552816651,-0.931156747648024,
-0.73444968142593,-0.546417980008578,-0.465351247255068,-0.454212227184121,
-0.298090229301312,-0.14758927161532,2.05721228561661E-8),.UNSPECIFIED.);
#2950=B_SPLINE_CURVE_WITH_KNOTS('',3,(#9213,#9214,#9215,#9216,#9217,#9218,
#9219,#9220,#9221,#9222),.UNSPECIFIED.,.F.,.F.,(4,3,3,4),(-4.36841291345169,
-2.09986483568395,-1.00184789802914,2.05721228561661E-8),.UNSPECIFIED.);
#2951=B_SPLINE_CURVE_WITH_KNOTS('',3,(#9223,#9224,#9225,#9226,#9227,#9228,
#9229,#9230,#9231,#9232,#9233,#9234,#9235,#9236,#9237,#9238,#9239,#9240,
#9241),.UNSPECIFIED.,.F.,.F.,(4,3,3,3,3,3,4),(0.,0.219599537995853,0.437959842867637,
0.653012641644674,0.867518305907477,1.07238101996121,1.08342717947689),
 .UNSPECIFIED.);
#2952=B_SPLINE_CURVE_WITH_KNOTS('',3,(#9242,#9243,#9244,#9245),
 .UNSPECIFIED.,.F.,.F.,(4,4),(0.,1.08342717947689),.UNSPECIFIED.);
#2953=B_SPLINE_CURVE_WITH_KNOTS('',3,(#9246,#9247,#9248,#9249,#9250,#9251,
#9252,#9253,#9254,#9255,#9256,#9257,#9258,#9259,#9260,#9261,#9262,#9263,
#9264,#9265,#9266,#9267,#9268,#9269,#9270,#9271,#9272,#9273,#9274,#9275,
#9276,#9277,#9278,#9279,#9280,#9281,#9282,#9283,#9284,#9285,#9286,#9287,
#9288,#9289,#9290,#9291,#9292,#9293,#9294,#9295,#9296,#9297,#9298,#9299,
#9300,#9301,#9302,#9303,#9304,#9305,#9306,#9307,#9308,#9309,#9310,#9311,
#9312,#9313,#9314,#9315,#9316,#9317,#9318),.UNSPECIFIED.,.F.,.F.,(4,3,3,
3,3,3,3,3,3,3,3,3,3,3,3,3,3,3,3,3,3,3,3,3,4),(-2.05721241005915E-8,0.147663875345034,
0.298203310918489,0.454365745647208,0.46549273605418,0.546450634002557,
0.734478930080479,0.931190732907464,0.968472788281185,1.093389484944,1.33079000155218,
1.50091313138786,1.80557793226665,2.05214667976597,2.1848488147516,2.46303287812622,
2.62247097237587,2.73196921555555,3.19902885834885,3.27720563042652,3.65355962201909,
3.7803605013145,3.822117974092,4.07345008382873,4.36841291345169),
 .UNSPECIFIED.);
#2954=B_SPLINE_CURVE_WITH_KNOTS('',3,(#9319,#9320,#9321,#9322,#9323,#9324,
#9325),.UNSPECIFIED.,.F.,.F.,(4,3,4),(-2.05721241005915E-8,2.08284922255846,
4.36841291345169),.UNSPECIFIED.);
#2955=B_SPLINE_CURVE_WITH_KNOTS('',1,(#9326,#9327),.UNSPECIFIED.,.F.,.F.,
(2,2),(-21.3906215944144,0.),.UNSPECIFIED.);
#2956=B_SPLINE_CURVE_WITH_KNOTS('',1,(#9331,#9332),.UNSPECIFIED.,.F.,.F.,
(2,2),(0.,4.),.UNSPECIFIED.);
#2957=B_SPLINE_CURVE_WITH_KNOTS('',1,(#9333,#9334),.UNSPECIFIED.,.F.,.F.,
(2,2),(0.,17.0376605382009),.UNSPECIFIED.);
#2958=B_SPLINE_CURVE_WITH_KNOTS('',1,(#9335,#9336),.UNSPECIFIED.,.F.,.F.,
(2,2),(-37.8838446593726,0.),.UNSPECIFIED.);
#2959=B_SPLINE_CURVE_WITH_KNOTS('',1,(#9340,#9341),.UNSPECIFIED.,.F.,.F.,
(2,2),(9.42477796076938,12.5663706143592),.UNSPECIFIED.);
#2960=B_SPLINE_CURVE_WITH_KNOTS('',1,(#9342,#9343),.UNSPECIFIED.,.F.,.F.,
(2,2),(0.,44.1978187692681),.UNSPECIFIED.);
#2961=B_SPLINE_CURVE_WITH_KNOTS('',1,(#9347,#9348),.UNSPECIFIED.,.F.,.F.,
(2,2),(0.,4.),.UNSPECIFIED.);
#2962=B_SPLINE_CURVE_WITH_KNOTS('',1,(#9349,#9350),.UNSPECIFIED.,.F.,.F.,
(2,2),(0.,4.),.UNSPECIFIED.);
#2963=B_SPLINE_CURVE_WITH_KNOTS('',1,(#9351,#9352),.UNSPECIFIED.,.F.,.F.,
(2,2),(0.,6.72878689739757),.UNSPECIFIED.);
#2964=B_SPLINE_CURVE_WITH_KNOTS('',1,(#9353,#9354),.UNSPECIFIED.,.F.,.F.,
(2,2),(9.42477796076938,12.5663706143592),.UNSPECIFIED.);
#2965=B_SPLINE_CURVE_WITH_KNOTS('',1,(#9355,#9356),.UNSPECIFIED.,.F.,.F.,
(2,2),(-5.76753162634075,0.),.UNSPECIFIED.);
#2966=B_SPLINE_CURVE_WITH_KNOTS('',1,(#9357,#9358),.UNSPECIFIED.,.F.,.F.,
(2,2),(0.,20.),.UNSPECIFIED.);
#2967=B_SPLINE_CURVE_WITH_KNOTS('',1,(#9364,#9365),.UNSPECIFIED.,.F.,.F.,
(2,2),(-27.7560808252992,-24.3699334630697),.UNSPECIFIED.);
#2968=B_SPLINE_CURVE_WITH_KNOTS('',1,(#9366,#9367),.UNSPECIFIED.,.F.,.F.,
(2,2),(0.,16.),.UNSPECIFIED.);
#2969=B_SPLINE_CURVE_WITH_KNOTS('',1,(#9371,#9372),.UNSPECIFIED.,.F.,.F.,
(2,2),(0.,0.222729424906895),.UNSPECIFIED.);
#2970=B_SPLINE_CURVE_WITH_KNOTS('',3,(#9373,#9374,#9375,#9376,#9377,#9378,
#9379,#9380,#9381,#9382,#9383,#9384,#9385,#9386,#9387,#9388,#9389,#9390,
#9391,#9392,#9393,#9394,#9395,#9396,#9397,#9398,#9399,#9400,#9401,#9402,
#9403,#9404,#9405,#9406,#9407,#9408,#9409,#9410,#9411,#9412,#9413,#9414,
#9415,#9416,#9417,#9418,#9419,#9420,#9421,#9422,#9423,#9424,#9425,#9426,
#9427,#9428,#9429,#9430,#9431,#9432,#9433,#9434,#9435,#9436,#9437,#9438,
#9439,#9440,#9441,#9442,#9443,#9444,#9445,#9446,#9447,#9448,#9449,#9450,
#9451,#9452,#9453,#9454,#9455,#9456,#9457,#9458,#9459,#9460,#9461,#9462,
#9463,#9464,#9465,#9466,#9467,#9468,#9469,#9470,#9471,#9472,#9473,#9474,
#9475,#9476,#9477,#9478),.UNSPECIFIED.,.F.,.F.,(4,3,3,3,3,3,3,3,3,3,3,3,
3,3,3,3,3,3,3,3,3,3,3,3,3,3,3,3,3,3,3,3,3,3,3,4),(-1.85483017649417E-14,
0.121942020488844,0.243002250668737,0.333244061166644,0.455325717245042,
0.494502704788387,0.619844892238014,0.66821198294734,0.763461831025729,
0.886871466725685,0.998545247650516,1.04902645678731,1.18121659368904,1.32113682349515,
1.33092782339219,1.35382881804594,1.54734368871454,1.6717391058206,1.89797525554056,
1.99133046815445,2.00305055058331,2.20062033901607,2.34784301847498,2.5967170703811,
2.65358493022131,2.95636918068584,3.05694496202374,3.31328968597272,3.42081455549575,
3.71144375966146,3.79161587047694,3.97510183381697,4.1659139275377,4.54135215538715,
4.91850302210397,5.29786691660379),.UNSPECIFIED.);
#2971=B_SPLINE_CURVE_WITH_KNOTS('',3,(#9479,#9480,#9481,#9482,#9483,#9484,
#9485,#9486,#9487,#9488,#9489,#9490,#9491),.UNSPECIFIED.,.F.,.F.,(4,3,3,
3,4),(-1.85483017649417E-14,0.404953363600965,1.01707215538484,2.3906013244844,
5.29786691660379),.UNSPECIFIED.);
#2972=B_SPLINE_CURVE_WITH_KNOTS('',1,(#9492,#9493),.UNSPECIFIED.,.F.,.F.,
(2,2),(-12.871768828117,0.),.UNSPECIFIED.);
#2973=B_SPLINE_CURVE_WITH_KNOTS('',3,(#9494,#9495,#9496,#9497,#9498,#9499,
#9500,#9501,#9502,#9503,#9504,#9505,#9506,#9507,#9508,#9509,#9510,#9511,
#9512,#9513,#9514,#9515,#9516,#9517,#9518,#9519,#9520,#9521,#9522,#9523,
#9524,#9525,#9526,#9527,#9528,#9529,#9530,#9531,#9532,#9533,#9534,#9535,
#9536,#9537,#9538,#9539,#9540,#9541,#9542,#9543,#9544,#9545,#9546,#9547,
#9548,#9549,#9550,#9551,#9552,#9553,#9554,#9555,#9556,#9557,#9558,#9559,
#9560,#9561,#9562,#9563,#9564,#9565,#9566,#9567,#9568,#9569,#9570,#9571,
#9572,#9573,#9574,#9575,#9576,#9577,#9578,#9579,#9580,#9581,#9582,#9583,
#9584,#9585,#9586,#9587,#9588,#9589,#9590,#9591,#9592,#9593,#9594,#9595,
#9596),.UNSPECIFIED.,.F.,.F.,(4,3,3,3,3,3,3,3,3,3,3,3,3,3,3,3,3,3,3,3,3,
3,3,3,3,3,3,3,3,3,3,3,3,3,4),(-5.29786691660379,-4.91990052504579,-4.54406019738107,
-4.1698055010878,-3.97510298129783,-3.79652627525738,-3.71932604227782,
-3.42653371594697,-3.31327738878133,-3.06322512773058,-2.95853538484976,
-2.65359320488368,-2.60250889248227,-2.35439405894229,-2.20757440592815,
-2.009269086201,-1.99130388062705,-1.90653405904115,-1.6773059573038,-1.55449052921327,
-1.35844684906574,-1.33084014827281,-1.19160706659138,-1.05245143752172,
-0.998460737911687,-0.889179704384534,-0.765590389465282,-0.6680743894825,
-0.621172280885569,-0.495425509567876,-0.457592459398626,-0.333136618526588,
-0.243117631224689,-0.122132340193024,-1.03400796800295E-5),
 .UNSPECIFIED.);
#2974=B_SPLINE_CURVE_WITH_KNOTS('',3,(#9597,#9598,#9599,#9600,#9601,#9602,
#9603),.UNSPECIFIED.,.F.,.F.,(4,3,4),(-5.29786691660379,-2.57943384576623,
-1.03400796800295E-5),.UNSPECIFIED.);
#2975=B_SPLINE_CURVE_WITH_KNOTS('',1,(#9604,#9605),.UNSPECIFIED.,.F.,.F.,
(2,2),(0.,8.77156878955116),.UNSPECIFIED.);
#2976=B_SPLINE_CURVE_WITH_KNOTS('',1,(#9606,#9607),.UNSPECIFIED.,.F.,.F.,
(2,2),(0.,4.),.UNSPECIFIED.);
#2977=B_SPLINE_CURVE_WITH_KNOTS('',1,(#9608,#9609),.UNSPECIFIED.,.F.,.F.,
(2,2),(0.,22.),.UNSPECIFIED.);
#2978=B_SPLINE_CURVE_WITH_KNOTS('',1,(#9613,#9614),.UNSPECIFIED.,.F.,.F.,
(2,2),(0.,3.40123113100399),.UNSPECIFIED.);
#2979=B_SPLINE_CURVE_WITH_KNOTS('',1,(#9618,#9619),.UNSPECIFIED.,.F.,.F.,
(2,2),(0.,1.44682582545158),.UNSPECIFIED.);
#2980=B_SPLINE_CURVE_WITH_KNOTS('',1,(#9620,#9621),.UNSPECIFIED.,.F.,.F.,
(2,2),(0.,22.),.UNSPECIFIED.);
#2981=B_SPLINE_CURVE_WITH_KNOTS('',1,(#9625,#9626),.UNSPECIFIED.,.F.,.F.,
(2,2),(0.,2.32152525904693),.UNSPECIFIED.);
#2982=B_SPLINE_CURVE_WITH_KNOTS('',1,(#9630,#9631),.UNSPECIFIED.,.F.,.F.,
(2,2),(0.,2.32152525904693),.UNSPECIFIED.);
#2983=B_SPLINE_CURVE_WITH_KNOTS('',1,(#9632,#9633),.UNSPECIFIED.,.F.,.F.,
(2,2),(0.,22.),.UNSPECIFIED.);
#2984=B_SPLINE_CURVE_WITH_KNOTS('',1,(#9639,#9640),.UNSPECIFIED.,.F.,.F.,
(2,2),(0.,4.5179482775447),.UNSPECIFIED.);
#2985=B_SPLINE_CURVE_WITH_KNOTS('',1,(#9641,#9642),.UNSPECIFIED.,.F.,.F.,
(2,2),(0.,22.),.UNSPECIFIED.);
#2986=B_SPLINE_CURVE_WITH_KNOTS('',1,(#9648,#9649),.UNSPECIFIED.,.F.,.F.,
(2,2),(0.,4.51794827754471),.UNSPECIFIED.);
#2987=B_SPLINE_CURVE_WITH_KNOTS('',1,(#9653,#9654),.UNSPECIFIED.,.F.,.F.,
(2,2),(-3.40086598169424,0.),.UNSPECIFIED.);
#2988=B_SPLINE_CURVE_WITH_KNOTS('',1,(#9655,#9656),.UNSPECIFIED.,.F.,.F.,
(2,2),(-4.36841291345169,2.05721228561661E-8),.UNSPECIFIED.);
#2989=B_SPLINE_CURVE_WITH_KNOTS('',1,(#9657,#9658),.UNSPECIFIED.,.F.,.F.,
(2,2),(-2.05721241005915E-8,4.36841291345169),.UNSPECIFIED.);
#2990=B_SPLINE_CURVE_WITH_KNOTS('',1,(#9659,#9660),.UNSPECIFIED.,.F.,.F.,
(2,2),(0.,1.08342717947689),.UNSPECIFIED.);
#2991=B_SPLINE_CURVE_WITH_KNOTS('',1,(#9666,#9667),.UNSPECIFIED.,.F.,.F.,
(2,2),(-3.31395072557265,0.),.UNSPECIFIED.);
#2992=B_SPLINE_CURVE_WITH_KNOTS('',1,(#9668,#9669),.UNSPECIFIED.,.F.,.F.,
(2,2),(-1.80436059444773,0.),.UNSPECIFIED.);
#2993=B_SPLINE_CURVE_WITH_KNOTS('',1,(#9670,#9671),.UNSPECIFIED.,.F.,.F.,
(2,2),(-3.40086598169424,0.),.UNSPECIFIED.);
#2994=B_SPLINE_CURVE_WITH_KNOTS('',3,(#9672,#9673,#9674,#9675,#9676,#9677,
#9678,#9679,#9680,#9681,#9682,#9683,#9684,#9685,#9686,#9687,#9688,#9689,
#9690,#9691,#9692,#9693,#9694,#9695,#9696,#9697,#9698,#9699,#9700,#9701,
#9702,#9703,#9704,#9705,#9706,#9707,#9708,#9709,#9710,#9711,#9712,#9713,
#9714,#9715,#9716,#9717,#9718,#9719,#9720,#9721,#9722,#9723,#9724,#9725,
#9726,#9727,#9728,#9729,#9730,#9731,#9732,#9733,#9734,#9735,#9736,#9737,
#9738,#9739,#9740,#9741,#9742,#9743,#9744,#9745,#9746,#9747,#9748,#9749,
#9750,#9751,#9752,#9753,#9754,#9755,#9756,#9757,#9758,#9759,#9760,#9761,
#9762,#9763,#9764,#9765),.UNSPECIFIED.,.F.,.F.,(4,3,3,3,3,3,3,3,3,3,3,3,
3,3,3,3,3,3,3,3,3,3,3,3,3,3,3,3,3,3,3,4),(-3.1989045365482,-3.08123872459251,
-2.80314164480016,-2.79730701021237,-2.76861086835808,-2.60459443426471,
-2.5960243793726,-2.40735976865325,-2.39722575839361,-2.20945478200934,
-2.19871398611008,-2.16223396169545,-2.00861385685848,-1.99814504773573,
-1.98208784095901,-1.80688580159385,-1.78739244016468,-1.60535152900171,
-1.59899744299866,-1.40252656507099,-1.38973036933304,-1.19849095681083,
-1.19830541049755,-0.998922017399129,-0.799514278957541,-0.795493239720512,
-0.594091944678841,-0.398977638889491,-0.395200494528193,-0.3631880863454,
-0.18004712952928,0.),.UNSPECIFIED.);
#2995=B_SPLINE_CURVE_WITH_KNOTS('',3,(#9766,#9767,#9768,#9769,#9770,#9771,
#9772),.UNSPECIFIED.,.F.,.F.,(4,3,4),(-3.1989045365482,-1.56783107380098,
0.),.UNSPECIFIED.);
#2996=B_SPLINE_CURVE_WITH_KNOTS('',1,(#9773,#9774),.UNSPECIFIED.,.F.,.F.,
(2,2),(0.,2.97028976462463),.UNSPECIFIED.);
#2997=B_SPLINE_CURVE_WITH_KNOTS('',1,(#9775,#9776),.UNSPECIFIED.,.F.,.F.,
(2,2),(-3.31395072557265,0.),.UNSPECIFIED.);
#2998=B_SPLINE_CURVE_WITH_KNOTS('',1,(#9777,#9778),.UNSPECIFIED.,.F.,.F.,
(2,2),(0.,2.52765441584677),.UNSPECIFIED.);
#2999=B_SPLINE_CURVE_WITH_KNOTS('',1,(#9782,#9783),.UNSPECIFIED.,.F.,.F.,
(2,2),(-4.00000005082704,0.),.UNSPECIFIED.);
#3000=B_SPLINE_CURVE_WITH_KNOTS('',1,(#9784,#9785),.UNSPECIFIED.,.F.,.F.,
(2,2),(-5.29786691660379,-1.03400796800295E-5),.UNSPECIFIED.);
#3001=B_SPLINE_CURVE_WITH_KNOTS('',1,(#9786,#9787),.UNSPECIFIED.,.F.,.F.,
(2,2),(-1.85483017649417E-14,5.29786691660379),.UNSPECIFIED.);
#3002=B_SPLINE_CURVE_WITH_KNOTS('',1,(#9788,#9789),.UNSPECIFIED.,.F.,.F.,
(2,2),(0.,2.9099404146848),.UNSPECIFIED.);
#3003=B_SPLINE_CURVE_WITH_KNOTS('',1,(#9790,#9791),.UNSPECIFIED.,.F.,.F.,
(2,2),(-3.1989045365482,0.),.UNSPECIFIED.);
#3004=B_SPLINE_CURVE_WITH_KNOTS('',1,(#9795,#9796),.UNSPECIFIED.,.F.,.F.,
(2,2),(0.,3.99999999999998),.UNSPECIFIED.);
#3005=B_SPLINE_CURVE_WITH_KNOTS('',1,(#9797,#9798),.UNSPECIFIED.,.F.,.F.,
(2,2),(-5.69312413694427,0.),.UNSPECIFIED.);
#3006=B_SPLINE_CURVE_WITH_KNOTS('',1,(#9799,#9800),.UNSPECIFIED.,.F.,.F.,
(2,2),(0.,0.222729424906895),.UNSPECIFIED.);
#3007=B_SPLINE_CURVE_WITH_KNOTS('',1,(#9804,#9805),.UNSPECIFIED.,.F.,.F.,
(2,2),(0.,4.),.UNSPECIFIED.);
#3008=B_SPLINE_CURVE_WITH_KNOTS('',1,(#9806,#9807),.UNSPECIFIED.,.F.,.F.,
(2,2),(0.,0.445466467676791),.UNSPECIFIED.);
#3009=B_SPLINE_CURVE_WITH_KNOTS('',1,(#9808,#9809),.UNSPECIFIED.,.F.,.F.,
(2,2),(-4.00000005082704,0.),.UNSPECIFIED.);
#3010=B_SPLINE_CURVE_WITH_KNOTS('',1,(#9810,#9811),.UNSPECIFIED.,.F.,.F.,
(2,2),(0.,3.99999999999998),.UNSPECIFIED.);
#3011=B_SPLINE_CURVE_WITH_KNOTS('',1,(#9812,#9813),.UNSPECIFIED.,.F.,.F.,
(2,2),(-3.34672179551365,0.),.UNSPECIFIED.);
#3012=B_SPLINE_CURVE_WITH_KNOTS('',1,(#9817,#9818),.UNSPECIFIED.,.F.,.F.,
(2,2),(0.,3.99999999999996),.UNSPECIFIED.);
#3013=B_SPLINE_CURVE_WITH_KNOTS('',1,(#9819,#9820),.UNSPECIFIED.,.F.,.F.,
(2,2),(0.,2.67737743641094),.UNSPECIFIED.);
#3014=B_SPLINE_CURVE_WITH_KNOTS('',3,(#9824,#9825,#9826,#9827),
 .UNSPECIFIED.,.F.,.F.,(4,4),(-4.03139902542379,0.),.UNSPECIFIED.);
#3015=B_SPLINE_CURVE_WITH_KNOTS('',1,(#9828,#9829),.UNSPECIFIED.,.F.,.F.,
(2,2),(-1.59206357235357,0.),.UNSPECIFIED.);
#3016=B_SPLINE_CURVE_WITH_KNOTS('',1,(#9830,#9831),.UNSPECIFIED.,.F.,.F.,
(2,2),(0.,4.),.UNSPECIFIED.);
#3017=B_SPLINE_CURVE_WITH_KNOTS('',1,(#9832,#9833),.UNSPECIFIED.,.F.,.F.,
(2,2),(0.,1.94784721516597),.UNSPECIFIED.);
#3018=B_SPLINE_CURVE_WITH_KNOTS('',1,(#9834,#9835),.UNSPECIFIED.,.F.,.F.,
(2,2),(0.,3.99999999999996),.UNSPECIFIED.);
#3019=B_SPLINE_CURVE_WITH_KNOTS('',1,(#9836,#9837),.UNSPECIFIED.,.F.,.F.,
(2,2),(-12.9677578378075,0.),.UNSPECIFIED.);
#3020=B_SPLINE_CURVE_WITH_KNOTS('',1,(#9841,#9842),.UNSPECIFIED.,.F.,.F.,
(2,2),(-4.,0.),.UNSPECIFIED.);
#3021=B_SPLINE_CURVE_WITH_KNOTS('',1,(#9843,#9844),.UNSPECIFIED.,.F.,.F.,
(2,2),(0.,12.9677578378075),.UNSPECIFIED.);
#3022=B_SPLINE_CURVE_WITH_KNOTS('',1,(#9845,#9846),.UNSPECIFIED.,.F.,.F.,
(2,2),(0.,3.6600079355061),.UNSPECIFIED.);
#3023=B_SPLINE_CURVE_WITH_KNOTS('',1,(#9847,#9848),.UNSPECIFIED.,.F.,.F.,
(2,2),(0.,8.01579157831843),.UNSPECIFIED.);
#3024=B_SPLINE_CURVE_WITH_KNOTS('',1,(#9852,#9853),.UNSPECIFIED.,.F.,.F.,
(2,2),(0.,4.00000000000001),.UNSPECIFIED.);
#3025=B_SPLINE_CURVE_WITH_KNOTS('',1,(#9854,#9855),.UNSPECIFIED.,.F.,.F.,
(2,2),(-4.03139902542379,0.),.UNSPECIFIED.);
#3026=B_SPLINE_CURVE_WITH_KNOTS('',1,(#9856,#9857),.UNSPECIFIED.,.F.,.F.,
(2,2),(0.,25.4671068937077),.UNSPECIFIED.);
#3027=B_SPLINE_CURVE_WITH_KNOTS('',1,(#9861,#9862),.UNSPECIFIED.,.F.,.F.,
(2,2),(6.28318530717959,9.42477796076949),.UNSPECIFIED.);
#3028=B_SPLINE_CURVE_WITH_KNOTS('',1,(#9863,#9864),.UNSPECIFIED.,.F.,.F.,
(2,2),(-31.8338836171348,0.),.UNSPECIFIED.);
#3029=B_SPLINE_CURVE_WITH_KNOTS('',1,(#9868,#9869),.UNSPECIFIED.,.F.,.F.,
(2,2),(0.,3.99999999999998),.UNSPECIFIED.);
#3030=B_SPLINE_CURVE_WITH_KNOTS('',1,(#9870,#9871),.UNSPECIFIED.,.F.,.F.,
(2,2),(-4.,0.),.UNSPECIFIED.);
#3031=B_SPLINE_CURVE_WITH_KNOTS('',1,(#9872,#9873),.UNSPECIFIED.,.F.,.F.,
(2,2),(-4.60675691431337,0.),.UNSPECIFIED.);
#3032=B_SPLINE_CURVE_WITH_KNOTS('',1,(#9874,#9875),.UNSPECIFIED.,.F.,.F.,
(2,2),(6.28318530717959,9.42477796076949),.UNSPECIFIED.);
#3033=B_SPLINE_CURVE_WITH_KNOTS('',1,(#9876,#9877),.UNSPECIFIED.,.F.,.F.,
(2,2),(0.,3.68540553145067),.UNSPECIFIED.);
#3034=B_SPLINE_CURVE_WITH_KNOTS('',1,(#9878,#9879),.UNSPECIFIED.,.F.,.F.,
(2,2),(0.,4.00000000000001),.UNSPECIFIED.);
#3035=B_SPLINE_CURVE_WITH_KNOTS('',1,(#9880,#9881),.UNSPECIFIED.,.F.,.F.,
(2,2),(0.,8.73228527845545),.UNSPECIFIED.);
#3036=B_SPLINE_CURVE_WITH_KNOTS('',1,(#9882,#9883),.UNSPECIFIED.,.F.,.F.,
(2,2),(0.,3.99999999999998),.UNSPECIFIED.);
#3037=B_SPLINE_CURVE_WITH_KNOTS('',1,(#9884,#9885),.UNSPECIFIED.,.F.,.F.,
(2,2),(-8.73228527845556,0.),.UNSPECIFIED.);
#3038=B_SPLINE_CURVE_WITH_KNOTS('',1,(#9886,#9887),.UNSPECIFIED.,.F.,.F.,
(2,2),(-3.99999999999999,0.),.UNSPECIFIED.);
#3039=B_SPLINE_CURVE_WITH_KNOTS('',1,(#9891,#9892),.UNSPECIFIED.,.F.,.F.,
(2,2),(-1.5707963267949,-5.55111512312578E-16),.UNSPECIFIED.);
#3040=B_SPLINE_CURVE_WITH_KNOTS('',1,(#9893,#9894),.UNSPECIFIED.,.F.,.F.,
(2,2),(0.,0.794916521510797),.UNSPECIFIED.);
#3041=B_SPLINE_CURVE_WITH_KNOTS('',1,(#9898,#9899),.UNSPECIFIED.,.F.,.F.,
(2,2),(0.,4.00000000000001),.UNSPECIFIED.);
#3042=B_SPLINE_CURVE_WITH_KNOTS('',1,(#9900,#9901),.UNSPECIFIED.,.F.,.F.,
(2,2),(0.,2.26193257916877),.UNSPECIFIED.);
#3043=B_SPLINE_CURVE_WITH_KNOTS('',1,(#9902,#9903),.UNSPECIFIED.,.F.,.F.,
(2,2),(-1.5707963267949,-5.55111512312578E-16),.UNSPECIFIED.);
#3044=B_SPLINE_CURVE_WITH_KNOTS('',1,(#9907,#9908),.UNSPECIFIED.,.F.,.F.,
(2,2),(0.,3.99999999999998),.UNSPECIFIED.);
#3045=B_SPLINE_CURVE_WITH_KNOTS('',1,(#9909,#9910),.UNSPECIFIED.,.F.,.F.,
(2,2),(0.,2.53945856882689),.UNSPECIFIED.);
#3046=B_SPLINE_CURVE_WITH_KNOTS('',1,(#9911,#9912),.UNSPECIFIED.,.F.,.F.,
(2,2),(0.,4.00000000000001),.UNSPECIFIED.);
#3047=B_SPLINE_CURVE_WITH_KNOTS('',1,(#9913,#9914),.UNSPECIFIED.,.F.,.F.,
(2,2),(-2.53945856882684,0.),.UNSPECIFIED.);
#3048=B_SPLINE_CURVE_WITH_KNOTS('',1,(#9915,#9916),.UNSPECIFIED.,.F.,.F.,
(2,2),(0.,4.5179482775447),.UNSPECIFIED.);
#3049=B_SPLINE_CURVE_WITH_KNOTS('',1,(#9917,#9918),.UNSPECIFIED.,.F.,.F.,
(2,2),(0.,3.99999999999998),.UNSPECIFIED.);
#3050=B_SPLINE_CURVE_WITH_KNOTS('',1,(#9922,#9923),.UNSPECIFIED.,.F.,.F.,
(2,2),(-4.,0.),.UNSPECIFIED.);
#3051=B_SPLINE_CURVE_WITH_KNOTS('',1,(#9924,#9925),.UNSPECIFIED.,.F.,.F.,
(2,2),(-4.,0.),.UNSPECIFIED.);
#3052=B_SPLINE_CURVE_WITH_KNOTS('',1,(#9926,#9927),.UNSPECIFIED.,.F.,.F.,
(2,2),(-4.021517405983,0.),.UNSPECIFIED.);
#3053=B_SPLINE_CURVE_WITH_KNOTS('',1,(#9931,#9932),.UNSPECIFIED.,.F.,.F.,
(2,2),(0.,3.99999999999999),.UNSPECIFIED.);
#3054=B_SPLINE_CURVE_WITH_KNOTS('',1,(#9933,#9934),.UNSPECIFIED.,.F.,.F.,
(2,2),(0.,3.21721392478637),.UNSPECIFIED.);
#3055=B_SPLINE_CURVE_WITH_KNOTS('',1,(#9935,#9936),.UNSPECIFIED.,.F.,.F.,
(2,2),(0.,3.99999999999999),.UNSPECIFIED.);
#3056=B_SPLINE_CURVE_WITH_KNOTS('',1,(#9937,#9938),.UNSPECIFIED.,.F.,.F.,
(2,2),(-12.9677578378076,0.),.UNSPECIFIED.);
#3057=B_SPLINE_CURVE_WITH_KNOTS('',1,(#9942,#9943),.UNSPECIFIED.,.F.,.F.,
(2,2),(0.,3.99999999999997),.UNSPECIFIED.);
#3058=B_SPLINE_CURVE_WITH_KNOTS('',1,(#9944,#9945),.UNSPECIFIED.,.F.,.F.,
(2,2),(0.,12.9677578378075),.UNSPECIFIED.);
#3059=B_SPLINE_CURVE_WITH_KNOTS('',1,(#9946,#9947),.UNSPECIFIED.,.F.,.F.,
(2,2),(0.,3.68540553145066),.UNSPECIFIED.);
#3060=B_SPLINE_CURVE_WITH_KNOTS('',1,(#9951,#9952),.UNSPECIFIED.,.F.,.F.,
(2,2),(-6.28318530717959,-3.14159265358979),.UNSPECIFIED.);
#3061=B_SPLINE_CURVE_WITH_KNOTS('',1,(#9953,#9954),.UNSPECIFIED.,.F.,.F.,
(2,2),(-4.60675691431337,0.),.UNSPECIFIED.);
#3062=B_SPLINE_CURVE_WITH_KNOTS('',1,(#9958,#9959),.UNSPECIFIED.,.F.,.F.,
(2,2),(0.,3.99999999999984),.UNSPECIFIED.);
#3063=B_SPLINE_CURVE_WITH_KNOTS('',1,(#9960,#9961),.UNSPECIFIED.,.F.,.F.,
(2,2),(0.,3.99999999999997),.UNSPECIFIED.);
#3064=B_SPLINE_CURVE_WITH_KNOTS('',1,(#9962,#9963),.UNSPECIFIED.,.F.,.F.,
(2,2),(-31.8338836171347,0.),.UNSPECIFIED.);
#3065=B_SPLINE_CURVE_WITH_KNOTS('',1,(#9964,#9965),.UNSPECIFIED.,.F.,.F.,
(2,2),(-6.28318530717959,-3.14159265358979),.UNSPECIFIED.);
#3066=B_SPLINE_CURVE_WITH_KNOTS('',1,(#9966,#9967),.UNSPECIFIED.,.F.,.F.,
(2,2),(0.,25.4671068937077),.UNSPECIFIED.);
#3067=B_SPLINE_CURVE_WITH_KNOTS('',1,(#9968,#9969),.UNSPECIFIED.,.F.,.F.,
(2,2),(0.,3.99999999999984),.UNSPECIFIED.);
#3068=B_SPLINE_CURVE_WITH_KNOTS('',1,(#9970,#9971),.UNSPECIFIED.,.F.,.F.,
(2,2),(-12.9677578378074,0.),.UNSPECIFIED.);
#3069=B_SPLINE_CURVE_WITH_KNOTS('',1,(#9975,#9976),.UNSPECIFIED.,.F.,.F.,
(2,2),(-3.99999999999998,0.),.UNSPECIFIED.);
#3070=B_SPLINE_CURVE_WITH_KNOTS('',1,(#9977,#9978),.UNSPECIFIED.,.F.,.F.,
(2,2),(0.,12.9677578378075),.UNSPECIFIED.);
#3071=B_SPLINE_CURVE_WITH_KNOTS('',1,(#9982,#9983),.UNSPECIFIED.,.F.,.F.,
(2,2),(0.,4.00000000000003),.UNSPECIFIED.);
#3072=B_SPLINE_CURVE_WITH_KNOTS('',1,(#9984,#9985),.UNSPECIFIED.,.F.,.F.,
(2,2),(0.,8.29489661066029),.UNSPECIFIED.);
#3073=B_SPLINE_CURVE_WITH_KNOTS('',1,(#9986,#9987),.UNSPECIFIED.,.F.,.F.,
(2,2),(-3.99999999999998,0.),.UNSPECIFIED.);
#3074=B_SPLINE_CURVE_WITH_KNOTS('',1,(#9988,#9989),.UNSPECIFIED.,.F.,.F.,
(2,2),(-10.3686207633254,0.),.UNSPECIFIED.);
#3075=B_SPLINE_CURVE_WITH_KNOTS('',1,(#9990,#9991),.UNSPECIFIED.,.F.,.F.,
(2,2),(0.,4.00000000000003),.UNSPECIFIED.);
#3076=B_SPLINE_CURVE_WITH_KNOTS('',1,(#9995,#9996),.UNSPECIFIED.,.F.,.F.,
(2,2),(-1.5707963267949,0.),.UNSPECIFIED.);
#3077=B_SPLINE_CURVE_WITH_KNOTS('',1,(#9997,#9998),.UNSPECIFIED.,.F.,.F.,
(2,2),(0.,3.40123113100399),.UNSPECIFIED.);
#3078=B_SPLINE_CURVE_WITH_KNOTS('',1,(#9999,#10000),.UNSPECIFIED.,.F.,.F.,
(2,2),(0.,1.44682582545158),.UNSPECIFIED.);
#3079=B_SPLINE_CURVE_WITH_KNOTS('',1,(#10001,#10002),.UNSPECIFIED.,.F.,
 .F.,(2,2),(-1.5707963267949,0.),.UNSPECIFIED.);
#3080=B_SPLINE_CURVE_WITH_KNOTS('',1,(#10006,#10007),.UNSPECIFIED.,.F.,
 .F.,(2,2),(0.,3.99999999999999),.UNSPECIFIED.);
#3081=B_SPLINE_CURVE_WITH_KNOTS('',1,(#10011,#10012),.UNSPECIFIED.,.F.,
 .F.,(2,2),(0.,3.999999999979),.UNSPECIFIED.);
#3082=B_SPLINE_CURVE_WITH_KNOTS('',1,(#10013,#10014),.UNSPECIFIED.,.F.,
 .F.,(2,2),(0.,6.49195108583916),.UNSPECIFIED.);
#3083=B_SPLINE_CURVE_WITH_KNOTS('',1,(#10015,#10016),.UNSPECIFIED.,.F.,
 .F.,(2,2),(0.,3.99999999999999),.UNSPECIFIED.);
#3084=B_SPLINE_CURVE_WITH_KNOTS('',1,(#10017,#10018),.UNSPECIFIED.,.F.,
 .F.,(2,2),(-6.49195108584382,0.),.UNSPECIFIED.);
#3085=B_SPLINE_CURVE_WITH_KNOTS('',1,(#10019,#10020),.UNSPECIFIED.,.F.,
 .F.,(2,2),(0.,3.999999999979),.UNSPECIFIED.);
#3086=B_SPLINE_CURVE_WITH_KNOTS('',1,(#10024,#10025),.UNSPECIFIED.,.F.,
 .F.,(2,2),(-1.5707963267949,3.33066907387547E-15),.UNSPECIFIED.);
#3087=B_SPLINE_CURVE_WITH_KNOTS('',1,(#10026,#10027),.UNSPECIFIED.,.F.,
 .F.,(2,2),(0.,1.87498132407179),.UNSPECIFIED.);
#3088=B_SPLINE_CURVE_WITH_KNOTS('',1,(#10028,#10029),.UNSPECIFIED.,.F.,
 .F.,(2,2),(0.,3.99999999999981),.UNSPECIFIED.);
#3089=B_SPLINE_CURVE_WITH_KNOTS('',1,(#10030,#10031),.UNSPECIFIED.,.F.,
 .F.,(2,2),(0.,2.46312946121656),.UNSPECIFIED.);
#3090=B_SPLINE_CURVE_WITH_KNOTS('',1,(#10032,#10033),.UNSPECIFIED.,.F.,
 .F.,(2,2),(-1.5707963267949,3.33066907387547E-15),.UNSPECIFIED.);
#3091=B_SPLINE_CURVE_WITH_KNOTS('',1,(#10034,#10035),.UNSPECIFIED.,.F.,
 .F.,(2,2),(0.,2.32152525904693),.UNSPECIFIED.);
#3092=B_SPLINE_CURVE_WITH_KNOTS('',1,(#10039,#10040),.UNSPECIFIED.,.F.,
 .F.,(2,2),(0.,3.99999999999992),.UNSPECIFIED.);
#3093=B_SPLINE_CURVE_WITH_KNOTS('',1,(#10041,#10042),.UNSPECIFIED.,.F.,
 .F.,(2,2),(-4.64305051809389,0.),.UNSPECIFIED.);
#3094=B_SPLINE_CURVE_WITH_KNOTS('',1,(#10046,#10047),.UNSPECIFIED.,.F.,
 .F.,(2,2),(-9.42477796076948,-6.28318530717959),.UNSPECIFIED.);
#3095=B_SPLINE_CURVE_WITH_KNOTS('',1,(#10048,#10049),.UNSPECIFIED.,.F.,
 .F.,(2,2),(0.,2.32152525904693),.UNSPECIFIED.);
#3096=B_SPLINE_CURVE_WITH_KNOTS('',1,(#10050,#10051),.UNSPECIFIED.,.F.,
 .F.,(2,2),(-9.42477796076948,-6.28318530717959),.UNSPECIFIED.);
#3097=B_SPLINE_CURVE_WITH_KNOTS('',1,(#10052,#10053),.UNSPECIFIED.,.F.,
 .F.,(2,2),(-0.756346559021107,0.),.UNSPECIFIED.);
#3098=B_SPLINE_CURVE_WITH_KNOTS('',3,(#10054,#10055,#10056,#10057,#10058,
#10059,#10060,#10061,#10062,#10063),.UNSPECIFIED.,.F.,.F.,(4,3,3,4),(0.,
0.00875160147343079,2.01162649948187,3.84049530297686),.UNSPECIFIED.);
#3099=B_SPLINE_CURVE_WITH_KNOTS('',1,(#10067,#10068),.UNSPECIFIED.,.F.,
 .F.,(2,2),(0.,3.99999999999995),.UNSPECIFIED.);
#3100=B_SPLINE_CURVE_WITH_KNOTS('',1,(#10069,#10070),.UNSPECIFIED.,.F.,
 .F.,(2,2),(-6.49195108583918,0.),.UNSPECIFIED.);
#3101=B_SPLINE_CURVE_WITH_KNOTS('',1,(#10071,#10072),.UNSPECIFIED.,.F.,
 .F.,(2,2),(0.,3.99999999999992),.UNSPECIFIED.);
#3102=B_SPLINE_CURVE_WITH_KNOTS('',1,(#10073,#10074),.UNSPECIFIED.,.F.,
 .F.,(2,2),(0.,6.49195108583916),.UNSPECIFIED.);
#3103=B_SPLINE_CURVE_WITH_KNOTS('',1,(#10075,#10076),.UNSPECIFIED.,.F.,
 .F.,(2,2),(0.,4.32004976834768),.UNSPECIFIED.);
#3104=B_SPLINE_CURVE_WITH_KNOTS('',3,(#10077,#10078,#10079,#10080,#10081,
#10082,#10083,#10084,#10085,#10086),.UNSPECIFIED.,.F.,.F.,(4,3,3,4),(-4.12714793760729,
-2.2864132726172,-0.00833690039624676,0.),.UNSPECIFIED.);
#3105=B_SPLINE_CURVE_WITH_KNOTS('',1,(#10087,#10088),.UNSPECIFIED.,.F.,
 .F.,(2,2),(-4.017117033436,0.),.UNSPECIFIED.);
#3106=B_SPLINE_CURVE_WITH_KNOTS('',1,(#10089,#10090),.UNSPECIFIED.,.F.,
 .F.,(2,2),(0.,3.99999999999995),.UNSPECIFIED.);
#3107=B_SPLINE_CURVE_WITH_KNOTS('',3,(#10091,#10092,#10093,#10094,#10095,
#10096,#10097),.UNSPECIFIED.,.F.,.F.,(4,3,4),(0.,0.00676899913560414,2.25648936269968),
 .UNSPECIFIED.);
#3108=B_SPLINE_CURVE_WITH_KNOTS('',1,(#10098,#10099),.UNSPECIFIED.,.F.,
 .F.,(2,2),(0.,1.48469977075152),.UNSPECIFIED.);
#3109=B_SPLINE_CURVE_WITH_KNOTS('',1,(#10103,#10104),.UNSPECIFIED.,.F.,
 .F.,(2,2),(6.28318530717959,7.90591170882217),.UNSPECIFIED.);
#3110=B_SPLINE_CURVE_WITH_KNOTS('',1,(#10105,#10106),.UNSPECIFIED.,.F.,
 .F.,(2,2),(0.,1.48469977075135),.UNSPECIFIED.);
#3111=B_SPLINE_CURVE_WITH_KNOTS('',1,(#10110,#10111),.UNSPECIFIED.,.F.,
 .F.,(2,2),(0.,4.00000000000005),.UNSPECIFIED.);
#3112=B_SPLINE_CURVE_WITH_KNOTS('',1,(#10112,#10113),.UNSPECIFIED.,.F.,
 .F.,(2,2),(-1.4619581753591,0.),.UNSPECIFIED.);
#3113=B_SPLINE_CURVE_WITH_KNOTS('',3,(#10114,#10115,#10116,#10117),
 .UNSPECIFIED.,.F.,.F.,(4,4),(0.,1.8892401087654),.UNSPECIFIED.);
#3114=B_SPLINE_CURVE_WITH_KNOTS('',1,(#10118,#10119),.UNSPECIFIED.,.F.,
 .F.,(2,2),(6.28318530717959,7.90591170882217),.UNSPECIFIED.);
#3115=B_SPLINE_CURVE_WITH_KNOTS('',1,(#10123,#10124),.UNSPECIFIED.,.F.,
 .F.,(2,2),(0.,4.00000000000004),.UNSPECIFIED.);
#3116=B_SPLINE_CURVE_WITH_KNOTS('',1,(#10125,#10126),.UNSPECIFIED.,.F.,
 .F.,(2,2),(-2.53945856882684,0.),.UNSPECIFIED.);
#3117=B_SPLINE_CURVE_WITH_KNOTS('',1,(#10127,#10128),.UNSPECIFIED.,.F.,
 .F.,(2,2),(0.,4.00000000000005),.UNSPECIFIED.);
#3118=B_SPLINE_CURVE_WITH_KNOTS('',1,(#10129,#10130),.UNSPECIFIED.,.F.,
 .F.,(2,2),(0.,2.53945856882689),.UNSPECIFIED.);
#3119=B_SPLINE_CURVE_WITH_KNOTS('',1,(#10131,#10132),.UNSPECIFIED.,.F.,
 .F.,(2,2),(0.,4.51794827754471),.UNSPECIFIED.);
#3120=B_SPLINE_CURVE_WITH_KNOTS('',3,(#10133,#10134,#10135,#10136,#10137,
#10138,#10139,#10140,#10141,#10142),.UNSPECIFIED.,.F.,.F.,(4,3,3,4),(-3.84049531286716,
-1.94372856246811,-0.00875161395119983,0.),.UNSPECIFIED.);
#3121=B_SPLINE_CURVE_WITH_KNOTS('',1,(#10143,#10144),.UNSPECIFIED.,.F.,
 .F.,(2,2),(-5.43300233331372,0.),.UNSPECIFIED.);
#3122=B_SPLINE_CURVE_WITH_KNOTS('',1,(#10145,#10146),.UNSPECIFIED.,.F.,
 .F.,(2,2),(0.,4.00000000000004),.UNSPECIFIED.);
#3123=B_SPLINE_CURVE_WITH_KNOTS('',3,(#10183,#10184,#10185,#10186,#10187,
#10188,#10189,#10190,#10191,#10192,#10193,#10194,#10195,#10196,#10197,#10198,
#10199,#10200,#10201,#10202,#10203,#10204,#10205,#10206,#10207,#10208,#10209,
#10210,#10211,#10212,#10213,#10214,#10215,#10216,#10217,#10218,#10219,#10220,
#10221,#10222,#10223,#10224,#10225,#10226,#10227,#10228,#10229,#10230,#10231,
#10232,#10233,#10234,#10235,#10236,#10237,#10238,#10239,#10240,#10241,#10242,
#10243,#10244,#10245,#10246,#10247,#10248,#10249,#10250,#10251,#10252,#10253,
#10254,#10255,#10256,#10257,#10258,#10259,#10260,#10261,#10262,#10263,#10264,
#10265,#10266,#10267,#10268,#10269,#10270,#10271,#10272,#10273,#10274,#10275,
#10276,#10277,#10278,#10279,#10280,#10281,#10282,#10283,#10284,#10285,#10286,
#10287,#10288,#10289,#10290,#10291,#10292,#10293,#10294,#10295,#10296,#10297),
 .UNSPECIFIED.,.F.,.F.,(4,3,3,3,3,3,3,3,3,3,3,3,3,3,3,3,3,3,3,3,3,3,3,3,
3,3,3,3,3,3,3,3,3,3,3,3,3,3,4),(0.,1.73108510853184,1.89791578604467,1.89794518290677,
2.84624271984908,3.79541777644172,3.79547670276341,4.74642638049384,4.74649980282609,
5.69132021899623,5.6914079209286,6.63898692121329,6.63909043524132,7.11678434983786,
7.11689497027348,7.59085201960307,7.59096920936314,8.53525894172679,8.53539073747645,
9.48443088399617,9.48457851498417,10.4313738218953,10.4315344760827,11.371124076545,
11.3712984666224,13.2432527783402,13.2434556724878,15.1136855025107,15.1139174897015,
16.9857507378012,16.986012025427,18.8599908612261,18.8602815128003,20.7363351461273,
22.612160933564,22.6124624424449,26.364255957636,26.3644390428121,30.1163774357378),
 .UNSPECIFIED.);
#3124=B_SPLINE_CURVE_WITH_KNOTS('',3,(#10298,#10299,#10300,#10301,#10302,
#10303,#10304,#10305,#10306,#10307,#10308,#10309,#10310,#10311,#10312,#10313,
#10314,#10315,#10316,#10317,#10318,#10319,#10320,#10321,#10322,#10323,#10324,
#10325,#10326,#10327,#10328,#10329,#10330,#10331,#10332,#10333,#10334,#10335,
#10336,#10337,#10338,#10339,#10340,#10341,#10342,#10343,#10344,#10345,#10346,
#10347,#10348,#10349,#10350,#10351,#10352,#10353,#10354,#10355,#10356,#10357,
#10358,#10359,#10360,#10361,#10362,#10363,#10364,#10365,#10366,#10367,#10368,
#10369,#10370,#10371,#10372,#10373,#10374,#10375,#10376,#10377,#10378,#10379,
#10380,#10381,#10382,#10383,#10384,#10385,#10386,#10387,#10388,#10389,#10390,
#10391,#10392,#10393,#10394,#10395,#10396,#10397,#10398,#10399,#10400,#10401,
#10402,#10403,#10404,#10405,#10406,#10407,#10408,#10409,#10410,#10411,#10412),
 .UNSPECIFIED.,.F.,.F.,(4,3,3,3,3,3,3,3,3,3,3,3,3,3,3,3,3,3,3,3,3,3,3,3,
3,3,3,3,3,3,3,3,3,3,3,3,3,3,4),(0.,1.73108510853184,1.89791578604467,1.89794518290677,
2.84624271984908,3.79541777644172,3.79547670276341,4.74642638049384,4.74649980282609,
5.69132021899623,5.6914079209286,6.63898692121329,6.63909043524132,7.11678434983786,
7.11689497027348,7.59085201960307,7.59096920936314,8.53525894172679,8.53539073747645,
9.48443088399617,9.48457851498417,10.4313738218953,10.4315344760827,11.371124076545,
11.3712984666224,13.2432527783402,13.2434556724878,15.1136855025107,15.1139174897015,
16.9857507378012,16.986012025427,18.8599908612261,18.8602815128003,20.7363351461273,
22.612160933564,22.6124624424449,26.364255957636,26.3644390428121,30.1163774357378),
 .UNSPECIFIED.);
#3125=B_SPLINE_CURVE_WITH_KNOTS('',1,(#10413,#10414),.UNSPECIFIED.,.F.,
 .F.,(2,2),(-4.72088281888079,0.),.UNSPECIFIED.);
#3126=B_SPLINE_CURVE_WITH_KNOTS('',1,(#10415,#10416),.UNSPECIFIED.,.F.,
 .F.,(2,2),(-4.72088281888079,0.),.UNSPECIFIED.);
#3127=B_SPLINE_CURVE_WITH_KNOTS('',1,(#10429,#10430),.UNSPECIFIED.,.F.,
 .F.,(2,2),(-0.219680981033682,0.),.UNSPECIFIED.);
#3128=B_SPLINE_CURVE_WITH_KNOTS('',1,(#10431,#10432),.UNSPECIFIED.,.F.,
 .F.,(2,2),(-0.219680981033682,0.),.UNSPECIFIED.);
#3129=B_SPLINE_CURVE_WITH_KNOTS('',1,(#10433,#10434),.UNSPECIFIED.,.F.,
 .F.,(2,2),(-1.94784721516597,0.),.UNSPECIFIED.);
#3130=B_SPLINE_CURVE_WITH_KNOTS('',1,(#10435,#10436),.UNSPECIFIED.,.F.,
 .F.,(2,2),(-1.94784721516597,0.),.UNSPECIFIED.);
#3131=B_SPLINE_CURVE_WITH_KNOTS('',3,(#10437,#10438,#10439,#10440,#10441,
#10442,#10443,#10444,#10445,#10446,#10447,#10448,#10449,#10450,#10451,#10452,
#10453,#10454,#10455,#10456,#10457,#10458,#10459,#10460,#10461,#10462,#10463,
#10464,#10465,#10466,#10467),.UNSPECIFIED.,.F.,.F.,(4,3,3,3,3,3,3,3,3,3,
4),(0.,4.85084633969566,6.55425338123717,7.63329605346022,11.5008623925104,
13.1025214393402,15.261883199668,19.0793179205642,19.6555651558542,22.8958769936513,
25.8665038283885),.UNSPECIFIED.);
#3132=B_SPLINE_CURVE_WITH_KNOTS('',3,(#10468,#10469,#10470,#10471,#10472,
#10473,#10474,#10475,#10476,#10477,#10478,#10479,#10480,#10481,#10482,#10483,
#10484,#10485,#10486,#10487,#10488,#10489,#10490,#10491,#10492,#10493,#10494,
#10495,#10496,#10497,#10498),.UNSPECIFIED.,.F.,.F.,(4,3,3,3,3,3,3,3,3,3,
4),(0.,4.85084633969566,6.55425338123717,7.63329605346022,11.5008623925104,
13.1025214393402,15.261883199668,19.0793179205642,19.6555651558542,22.8958769936513,
25.8665038283885),.UNSPECIFIED.);
#3133=B_SPLINE_CURVE_WITH_KNOTS('',1,(#10584,#10585),.UNSPECIFIED.,.F.,
 .F.,(2,2),(0.,10.974279079795),.UNSPECIFIED.);
#3134=B_SPLINE_CURVE_WITH_KNOTS('',1,(#10589,#10590),.UNSPECIFIED.,.F.,
 .F.,(2,2),(6.28318530717959,9.42477796076947),.UNSPECIFIED.);
#3135=B_SPLINE_CURVE_WITH_KNOTS('',1,(#10591,#10592),.UNSPECIFIED.,.F.,
 .F.,(2,2),(-13.717848849744,0.),.UNSPECIFIED.);
#3136=B_SPLINE_CURVE_WITH_KNOTS('',1,(#10596,#10597),.UNSPECIFIED.,.F.,
 .F.,(2,2),(0.,4.),.UNSPECIFIED.);
#3137=B_SPLINE_CURVE_WITH_KNOTS('',1,(#10598,#10599),.UNSPECIFIED.,.F.,
 .F.,(2,2),(-13.7178488497438,0.),.UNSPECIFIED.);
#3138=B_SPLINE_CURVE_WITH_KNOTS('',1,(#10600,#10601),.UNSPECIFIED.,.F.,
 .F.,(2,2),(6.28318530717959,9.42477796076947),.UNSPECIFIED.);
#3139=B_SPLINE_CURVE_WITH_KNOTS('',1,(#10605,#10606),.UNSPECIFIED.,.F.,
 .F.,(2,2),(0.,10.974279079795),.UNSPECIFIED.);
#3140=B_SPLINE_CURVE_WITH_KNOTS('',1,(#10610,#10611),.UNSPECIFIED.,.F.,
 .F.,(2,2),(0.,3.99999999999996),.UNSPECIFIED.);
#3141=B_SPLINE_CURVE_WITH_KNOTS('',1,(#10612,#10613),.UNSPECIFIED.,.F.,
 .F.,(2,2),(0.,0.219680981033593),.UNSPECIFIED.);
#3142=B_SPLINE_CURVE_WITH_KNOTS('',1,(#10614,#10615),.UNSPECIFIED.,.F.,
 .F.,(2,2),(0.,0.219680981033593),.UNSPECIFIED.);
#3143=B_SPLINE_CURVE_WITH_KNOTS('',1,(#10619,#10620),.UNSPECIFIED.,.F.,
 .F.,(2,2),(0.,4.),.UNSPECIFIED.);
#3144=B_SPLINE_CURVE_WITH_KNOTS('',1,(#10621,#10622),.UNSPECIFIED.,.F.,
 .F.,(2,2),(-0.219680981033682,0.),.UNSPECIFIED.);
#3145=B_SPLINE_CURVE_WITH_KNOTS('',1,(#10623,#10624),.UNSPECIFIED.,.F.,
 .F.,(2,2),(0.,3.99999999999996),.UNSPECIFIED.);
#3146=B_SPLINE_CURVE_WITH_KNOTS('',1,(#10812,#10813),.UNSPECIFIED.,.F.,
 .F.,(2,2),(73.1711625433509,105.495971428738),.UNSPECIFIED.);
#3147=B_SPLINE_CURVE_WITH_KNOTS('',1,(#10817,#10818),.UNSPECIFIED.,.F.,
 .F.,(2,2),(0.,3.99999999999979),.UNSPECIFIED.);
#3148=B_SPLINE_CURVE_WITH_KNOTS('',1,(#10819,#10820),.UNSPECIFIED.,.F.,
 .F.,(2,2),(0.,30.1163774357378),.UNSPECIFIED.);
#3149=B_SPLINE_CURVE_WITH_KNOTS('',1,(#10824,#10825),.UNSPECIFIED.,.F.,
 .F.,(2,2),(0.,4.),.UNSPECIFIED.);
#3150=B_SPLINE_CURVE_WITH_KNOTS('',3,(#10826,#10827,#10828,#10829,#10830,
#10831,#10832,#10833,#10834,#10835,#10836,#10837,#10838,#10839,#10840,#10841,
#10842,#10843,#10844,#10845,#10846,#10847,#10848,#10849),.UNSPECIFIED.,
 .F.,.F.,(4,3,3,3,3,2,3,3,4),(0.,0.220951534948574,2.21366877749222,2.69031654191702,
3.58473916234119,4.34821873128457,5.12536282007115,6.60030485929408,7.64213159949281),
 .UNSPECIFIED.);
#3151=B_SPLINE_CURVE_WITH_KNOTS('',3,(#10850,#10851,#10852,#10853,#10854,
#10855,#10856,#10857,#10858,#10859,#10860,#10861,#10862,#10863,#10864,#10865,
#10866,#10867,#10868),.UNSPECIFIED.,.F.,.F.,(4,3,3,3,3,3,4),(0.,0.222221167290925,
2.70577564652825,3.87694366680767,5.15481419457353,6.63823154996263,7.64213159949281),
 .UNSPECIFIED.);
#3152=B_SPLINE_CURVE_WITH_KNOTS('',3,(#10869,#10870,#10871,#10872),
 .UNSPECIFIED.,.F.,.F.,(4,4),(7.64213159949281,8.73381527879076),
 .UNSPECIFIED.);
#3153=B_SPLINE_CURVE_WITH_KNOTS('',3,(#10873,#10874,#10875,#10876),
 .UNSPECIFIED.,.F.,.F.,(4,4),(7.64213159949281,8.73381527879076),
 .UNSPECIFIED.);
#3154=B_SPLINE_CURVE_WITH_KNOTS('',1,(#10880,#10881),.UNSPECIFIED.,.F.,
 .F.,(2,2),(9.47334693823923,12.5663706143592),.UNSPECIFIED.);
#3155=B_SPLINE_CURVE_WITH_KNOTS('',1,(#10885,#10886),.UNSPECIFIED.,.F.,
 .F.,(2,2),(-50.2654824574367,-43.0449269628617),.UNSPECIFIED.);
#3156=B_SPLINE_CURVE_WITH_KNOTS('',1,(#10887,#10888),.UNSPECIFIED.,.F.,
 .F.,(2,2),(0.,4.),.UNSPECIFIED.);
#3157=B_SPLINE_CURVE_WITH_KNOTS('',1,(#10889,#10890),.UNSPECIFIED.,.F.,
 .F.,(2,2),(-1.44786815176164,0.),.UNSPECIFIED.);
#3158=B_SPLINE_CURVE_WITH_KNOTS('',3,(#10891,#10892,#10893,#10894,#10895,
#10896,#10897),.UNSPECIFIED.,.F.,.F.,(4,3,4),(0.,0.220951534948694,0.932167143789695),
 .UNSPECIFIED.);
#3159=B_SPLINE_CURVE_WITH_KNOTS('',3,(#10898,#10899,#10900,#10901),
 .UNSPECIFIED.,.F.,.F.,(4,4),(0.,0.932167143789695),.UNSPECIFIED.);
#3160=B_SPLINE_CURVE_WITH_KNOTS('',1,(#10905,#10906),.UNSPECIFIED.,.F.,
 .F.,(2,2),(0.,2.73624636933219),.UNSPECIFIED.);
#3161=B_SPLINE_CURVE_WITH_KNOTS('',1,(#10910,#10911),.UNSPECIFIED.,.F.,
 .F.,(2,2),(-7.22055549457503,0.),.UNSPECIFIED.);
#3162=B_SPLINE_CURVE_WITH_KNOTS('',1,(#10912,#10913),.UNSPECIFIED.,.F.,
 .F.,(2,2),(9.47334693823923,12.5663706143592),.UNSPECIFIED.);
#3163=B_SPLINE_CURVE_WITH_KNOTS('',3,(#10914,#10915,#10916,#10917),
 .UNSPECIFIED.,.F.,.F.,(4,4),(0.,0.0510908194221501),.UNSPECIFIED.);
#3164=B_SPLINE_CURVE_WITH_KNOTS('',3,(#10918,#10919,#10920,#10921),
 .UNSPECIFIED.,.F.,.F.,(4,4),(0.,0.0510908194221501),.UNSPECIFIED.);
#3165=B_SPLINE_CURVE_WITH_KNOTS('',1,(#10922,#10923),.UNSPECIFIED.,.F.,
 .F.,(2,2),(-7.1375247114559,0.),.UNSPECIFIED.);
#3166=B_SPLINE_CURVE_WITH_KNOTS('',3,(#10924,#10925,#10926,#10927,#10928,
#10929,#10930,#10931,#10932,#10933,#10934,#10935),.UNSPECIFIED.,.F.,.F.,
(4,3,2,3,4),(0.,1.69611201282019,2.92304429056075,4.07191695874146,5.82078196867143),
 .UNSPECIFIED.);
#3167=B_SPLINE_CURVE_WITH_KNOTS('',3,(#10936,#10937,#10938,#10939,#10940,
#10941,#10942,#10943,#10944,#10945,#10946,#10947,#10948),.UNSPECIFIED.,
 .F.,.F.,(4,3,3,3,4),(0.,1.69611201282019,2.92304429056075,4.07191695874146,
5.82078196867143),.UNSPECIFIED.);
#3168=B_SPLINE_CURVE_WITH_KNOTS('',1,(#10949,#10950),.UNSPECIFIED.,.F.,
 .F.,(2,2),(0.,25.8665038283885),.UNSPECIFIED.);
#3169=B_SPLINE_CURVE_WITH_KNOTS('',1,(#10954,#10955),.UNSPECIFIED.,.F.,
 .F.,(2,2),(0.,4.00000000000003),.UNSPECIFIED.);
#3170=B_SPLINE_CURVE_WITH_KNOTS('',1,(#10996,#10997),.UNSPECIFIED.,.F.,
 .F.,(2,2),(27.7560808252992,58.6298530192713),.UNSPECIFIED.);
#3171=B_SPLINE_CURVE_WITH_KNOTS('',1,(#10998,#10999),.UNSPECIFIED.,.F.,
 .F.,(2,2),(0.,2.73624636933219),.UNSPECIFIED.);
#3172=B_SPLINE_CURVE_WITH_KNOTS('',1,(#11003,#11004),.UNSPECIFIED.,.F.,
 .F.,(2,2),(0.,1.55385049471489),.UNSPECIFIED.);
#3173=B_SPLINE_CURVE_WITH_KNOTS('',1,(#11008,#11009),.UNSPECIFIED.,.F.,
 .F.,(2,2),(0.,1.5707963267949),.UNSPECIFIED.);
#3174=B_SPLINE_CURVE_WITH_KNOTS('',1,(#11010,#11011),.UNSPECIFIED.,.F.,
 .F.,(2,2),(0.,4.),.UNSPECIFIED.);
#3175=B_SPLINE_CURVE_WITH_KNOTS('',1,(#11015,#11016),.UNSPECIFIED.,.F.,
 .F.,(2,2),(0.,3.99999999999998),.UNSPECIFIED.);
#3176=B_SPLINE_CURVE_WITH_KNOTS('',1,(#11017,#11018),.UNSPECIFIED.,.F.,
 .F.,(2,2),(0.,1.5707963267949),.UNSPECIFIED.);
#3177=B_SPLINE_CURVE_WITH_KNOTS('',1,(#11022,#11023),.UNSPECIFIED.,.F.,
 .F.,(2,2),(0.,1.55385049471488),.UNSPECIFIED.);
#3178=B_SPLINE_CURVE_WITH_KNOTS('',1,(#11027,#11028),.UNSPECIFIED.,.F.,
 .F.,(2,2),(0.,3.99999999999994),.UNSPECIFIED.);
#3179=B_SPLINE_CURVE_WITH_KNOTS('',1,(#11029,#11030),.UNSPECIFIED.,.F.,
 .F.,(2,2),(-1.94784721516597,0.),.UNSPECIFIED.);
#3180=B_SPLINE_CURVE_WITH_KNOTS('',1,(#11031,#11032),.UNSPECIFIED.,.F.,
 .F.,(2,2),(0.,3.99999999999998),.UNSPECIFIED.);
#3181=B_SPLINE_CURVE_WITH_KNOTS('',1,(#11033,#11034),.UNSPECIFIED.,.F.,
 .F.,(2,2),(0.,1.94784721516597),.UNSPECIFIED.);
#3182=B_SPLINE_CURVE_WITH_KNOTS('',1,(#11035,#11036),.UNSPECIFIED.,.F.,
 .F.,(2,2),(0.,1.94784721516597),.UNSPECIFIED.);
#3183=B_SPLINE_CURVE_WITH_KNOTS('',1,(#11042,#11043),.UNSPECIFIED.,.F.,
 .F.,(2,2),(0.,3.6039881777948),.UNSPECIFIED.);
#3184=B_SPLINE_CURVE_WITH_KNOTS('',1,(#11044,#11045),.UNSPECIFIED.,.F.,
 .F.,(2,2),(0.,4.00000000000003),.UNSPECIFIED.);
#3185=B_SPLINE_CURVE_WITH_KNOTS('',1,(#11046,#11047),.UNSPECIFIED.,.F.,
 .F.,(2,2),(0.,3.99999999999994),.UNSPECIFIED.);
#3186=B_SPLINE_CURVE_WITH_KNOTS('',1,(#11051,#11052),.UNSPECIFIED.,.F.,
 .F.,(2,2),(0.,4.00000000000317),.UNSPECIFIED.);
#3187=B_SPLINE_CURVE_WITH_KNOTS('',1,(#11053,#11054),.UNSPECIFIED.,.F.,
 .F.,(2,2),(0.,3.99999999999979),.UNSPECIFIED.);
#3188=B_SPLINE_CURVE_WITH_KNOTS('',1,(#11058,#11059),.UNSPECIFIED.,.F.,
 .F.,(2,2),(0.,2.61815153951858),.UNSPECIFIED.);
#3189=B_SPLINE_CURVE_WITH_KNOTS('',1,(#11063,#11064),.UNSPECIFIED.,.F.,
 .F.,(2,2),(0.,4.00000000000004),.UNSPECIFIED.);
#3190=B_SPLINE_CURVE_WITH_KNOTS('',1,(#11065,#11066),.UNSPECIFIED.,.F.,
 .F.,(2,2),(-4.72088281888079,0.),.UNSPECIFIED.);
#3191=B_SPLINE_CURVE_WITH_KNOTS('',1,(#11067,#11068),.UNSPECIFIED.,.F.,
 .F.,(2,2),(0.,4.00000000000317),.UNSPECIFIED.);
#3192=B_SPLINE_CURVE_WITH_KNOTS('',1,(#11069,#11070),.UNSPECIFIED.,.F.,
 .F.,(2,2),(0.,4.72088281888078),.UNSPECIFIED.);
#3193=B_SPLINE_CURVE_WITH_KNOTS('',1,(#11071,#11072),.UNSPECIFIED.,.F.,
 .F.,(2,2),(0.,4.72088281888078),.UNSPECIFIED.);
#3194=B_SPLINE_CURVE_WITH_KNOTS('',1,(#11073,#11074),.UNSPECIFIED.,.F.,
 .F.,(2,2),(0.,4.00000000000004),.UNSPECIFIED.);
#3195=B_SPLINE_CURVE_WITH_KNOTS('',1,(#11078,#11079),.UNSPECIFIED.,.F.,
 .F.,(2,2),(0.,2.9099404146848),.UNSPECIFIED.);
#3196=B_SPLINE_CURVE_WITH_KNOTS('',1,(#11080,#11081),.UNSPECIFIED.,.F.,
 .F.,(2,2),(0.,4.),.UNSPECIFIED.);
#3197=B_SPLINE_CURVE_WITH_KNOTS('',1,(#11082,#11083),.UNSPECIFIED.,.F.,
 .F.,(2,2),(-9.5,0.),.UNSPECIFIED.);
#3198=B_SPLINE_CURVE_WITH_KNOTS('',1,(#11084,#11085),.UNSPECIFIED.,.F.,
 .F.,(2,2),(-9.5,0.),.UNSPECIFIED.);
#3199=B_SPLINE_CURVE_WITH_KNOTS('',1,(#11086,#11087),.UNSPECIFIED.,.F.,
 .F.,(2,2),(-10.4,0.),.UNSPECIFIED.);
#3200=B_SPLINE_CURVE_WITH_KNOTS('',1,(#11090,#11091),.UNSPECIFIED.,.F.,
 .F.,(2,2),(0.,9.5),.UNSPECIFIED.);
#3201=B_SPLINE_CURVE_WITH_KNOTS('',1,(#11092,#11093),.UNSPECIFIED.,.F.,
 .F.,(2,2),(-10.4,0.),.UNSPECIFIED.);
#3202=B_SPLINE_CURVE_WITH_KNOTS('',1,(#11094,#11095),.UNSPECIFIED.,.F.,
 .F.,(2,2),(0.,2.9099404146848),.UNSPECIFIED.);
#3203=B_SPLINE_CURVE_WITH_KNOTS('',1,(#11098,#11099),.UNSPECIFIED.,.F.,
 .F.,(2,2),(0.,3.5),.UNSPECIFIED.);
#3204=B_SPLINE_CURVE_WITH_KNOTS('',1,(#11100,#11101),.UNSPECIFIED.,.F.,
 .F.,(2,2),(0.,2.9099404146848),.UNSPECIFIED.);
#3205=B_SPLINE_CURVE_WITH_KNOTS('',1,(#11104,#11105),.UNSPECIFIED.,.F.,
 .F.,(2,2),(0.,3.5),.UNSPECIFIED.);
#3206=B_SPLINE_CURVE_WITH_KNOTS('',1,(#11106,#11107),.UNSPECIFIED.,.F.,
 .F.,(2,2),(0.,4.72088281888078),.UNSPECIFIED.);
#3207=B_SPLINE_CURVE_WITH_KNOTS('',1,(#11108,#11109),.UNSPECIFIED.,.F.,
 .F.,(2,2),(0.,3.5),.UNSPECIFIED.);
#3208=B_SPLINE_CURVE_WITH_KNOTS('',1,(#11110,#11111),.UNSPECIFIED.,.F.,
 .F.,(2,2),(0.,3.5),.UNSPECIFIED.);
#3209=B_SPLINE_CURVE_WITH_KNOTS('',1,(#11112,#11113),.UNSPECIFIED.,.F.,
 .F.,(2,2),(0.,4.72088281888078),.UNSPECIFIED.);
#3210=B_SPLINE_CURVE_WITH_KNOTS('',1,(#11116,#11117),.UNSPECIFIED.,.F.,
 .F.,(2,2),(0.,2.61815153951858),.UNSPECIFIED.);
#3211=B_SPLINE_CURVE_WITH_KNOTS('',1,(#11118,#11119),.UNSPECIFIED.,.F.,
 .F.,(2,2),(73.1711625433509,105.495971428738),.UNSPECIFIED.);
#3212=B_SPLINE_CURVE_WITH_KNOTS('',1,(#11120,#11121),.UNSPECIFIED.,.F.,
 .F.,(2,2),(-50.2654824574367,-43.0449269628617),.UNSPECIFIED.);
#3213=B_SPLINE_CURVE_WITH_KNOTS('',1,(#11122,#11123),.UNSPECIFIED.,.F.,
 .F.,(2,2),(-7.22055549457503,0.),.UNSPECIFIED.);
#3214=B_SPLINE_CURVE_WITH_KNOTS('',1,(#11124,#11125),.UNSPECIFIED.,.F.,
 .F.,(2,2),(27.7560808252992,58.6298530192713),.UNSPECIFIED.);
#3215=B_SPLINE_CURVE_WITH_KNOTS('',1,(#11126,#11127),.UNSPECIFIED.,.F.,
 .F.,(2,2),(0.,3.6039881777948),.UNSPECIFIED.);
#3216=B_SPLINE_CURVE_WITH_KNOTS('',1,(#11130,#11131),.UNSPECIFIED.,.F.,
 .F.,(2,2),(0.,3.5),.UNSPECIFIED.);
#3217=B_SPLINE_CURVE_WITH_KNOTS('',1,(#11132,#11133),.UNSPECIFIED.,.F.,
 .F.,(2,2),(-27.7560808252992,-24.3699334630697),.UNSPECIFIED.);
#3218=B_SPLINE_CURVE_WITH_KNOTS('',1,(#11134,#11135),.UNSPECIFIED.,.F.,
 .F.,(2,2),(-58.6298530192713,-27.7560808252992),.UNSPECIFIED.);
#3219=B_SPLINE_CURVE_WITH_KNOTS('',1,(#11136,#11137),.UNSPECIFIED.,.F.,
 .F.,(2,2),(0.,19.5405234999187),.UNSPECIFIED.);
#3220=B_SPLINE_CURVE_WITH_KNOTS('',1,(#11138,#11139),.UNSPECIFIED.,.F.,
 .F.,(2,2),(-105.495971428738,-73.1711625433509),.UNSPECIFIED.);
#3221=B_SPLINE_CURVE_WITH_KNOTS('',1,(#11140,#11141),.UNSPECIFIED.,.F.,
 .F.,(2,2),(0.,2.61815153951868),.UNSPECIFIED.);
#3222=B_SPLINE_CURVE_WITH_KNOTS('',1,(#11142,#11143),.UNSPECIFIED.,.F.,
 .F.,(2,2),(0.,3.5),.UNSPECIFIED.);
#3223=B_SPLINE_CURVE_WITH_KNOTS('',1,(#11144,#11145),.UNSPECIFIED.,.F.,
 .F.,(2,2),(0.,1.94784721516597),.UNSPECIFIED.);
#3224=B_SPLINE_CURVE_WITH_KNOTS('',1,(#11146,#11147),.UNSPECIFIED.,.F.,
 .F.,(2,2),(0.,3.5),.UNSPECIFIED.);
#3225=B_SPLINE_CURVE_WITH_KNOTS('',1,(#11148,#11149),.UNSPECIFIED.,.F.,
 .F.,(2,2),(0.,3.5),.UNSPECIFIED.);
#3226=B_SPLINE_CURVE_WITH_KNOTS('',1,(#11150,#11151),.UNSPECIFIED.,.F.,
 .F.,(2,2),(0.,1.94784721516597),.UNSPECIFIED.);
#3227=B_SPLINE_CURVE_WITH_KNOTS('',1,(#11154,#11155),.UNSPECIFIED.,.F.,
 .F.,(2,2),(0.,1.55385049471488),.UNSPECIFIED.);
#3228=B_SPLINE_CURVE_WITH_KNOTS('',1,(#11156,#11157),.UNSPECIFIED.,.F.,
 .F.,(2,2),(0.,1.55385049471489),.UNSPECIFIED.);
#3229=B_SPLINE_CURVE_WITH_KNOTS('',1,(#11160,#11161),.UNSPECIFIED.,.F.,
 .F.,(2,2),(0.,3.5),.UNSPECIFIED.);
#3230=B_SPLINE_CURVE_WITH_KNOTS('',1,(#11162,#11163),.UNSPECIFIED.,.F.,
 .F.,(2,2),(0.,3.660007935506),.UNSPECIFIED.);
#3231=B_SPLINE_CURVE_WITH_KNOTS('',1,(#11164,#11165),.UNSPECIFIED.,.F.,
 .F.,(2,2),(0.,3.5),.UNSPECIFIED.);
#3232=B_SPLINE_CURVE_WITH_KNOTS('',1,(#11166,#11167),.UNSPECIFIED.,.F.,
 .F.,(2,2),(0.,0.219680981033593),.UNSPECIFIED.);
#3233=B_SPLINE_CURVE_WITH_KNOTS('',1,(#11168,#11169),.UNSPECIFIED.,.F.,
 .F.,(2,2),(0.,3.5),.UNSPECIFIED.);
#3234=B_SPLINE_CURVE_WITH_KNOTS('',1,(#11170,#11171),.UNSPECIFIED.,.F.,
 .F.,(2,2),(0.,3.5),.UNSPECIFIED.);
#3235=B_SPLINE_CURVE_WITH_KNOTS('',1,(#11172,#11173),.UNSPECIFIED.,.F.,
 .F.,(2,2),(0.,0.219680981033593),.UNSPECIFIED.);
#3236=B_SPLINE_CURVE_WITH_KNOTS('',1,(#11176,#11177),.UNSPECIFIED.,.F.,
 .F.,(2,2),(0.,10.974279079795),.UNSPECIFIED.);
#3237=B_SPLINE_CURVE_WITH_KNOTS('',1,(#11178,#11179),.UNSPECIFIED.,.F.,
 .F.,(2,2),(0.,3.5),.UNSPECIFIED.);
#3238=B_SPLINE_CURVE_WITH_KNOTS('',1,(#11180,#11181),.UNSPECIFIED.,.F.,
 .F.,(2,2),(0.,21.9485581595902),.UNSPECIFIED.);
#3239=B_SPLINE_CURVE_WITH_KNOTS('',1,(#11182,#11183),.UNSPECIFIED.,.F.,
 .F.,(2,2),(0.,3.5),.UNSPECIFIED.);
#3240=B_SPLINE_CURVE_WITH_KNOTS('',1,(#11184,#11185),.UNSPECIFIED.,.F.,
 .F.,(2,2),(0.,10.974279079795),.UNSPECIFIED.);
#3241=B_SPLINE_CURVE_WITH_KNOTS('',1,(#11186,#11187),.UNSPECIFIED.,.F.,
 .F.,(2,2),(-10.4,0.),.UNSPECIFIED.);
#3242=B_SPLINE_CURVE_WITH_KNOTS('',1,(#11188,#11189),.UNSPECIFIED.,.F.,
 .F.,(2,2),(-9.5,0.),.UNSPECIFIED.);
#3243=B_SPLINE_CURVE_WITH_KNOTS('',1,(#11190,#11191),.UNSPECIFIED.,.F.,
 .F.,(2,2),(-10.4,0.),.UNSPECIFIED.);
#3244=B_SPLINE_CURVE_WITH_KNOTS('',1,(#11192,#11193),.UNSPECIFIED.,.F.,
 .F.,(2,2),(0.,9.5),.UNSPECIFIED.);
#3245=B_SPLINE_CURVE_WITH_KNOTS('',1,(#11194,#11195),.UNSPECIFIED.,.F.,
 .F.,(2,2),(4.13840350143636,7.),.UNSPECIFIED.);
#3246=B_SPLINE_CURVE_WITH_KNOTS('',1,(#11196,#11197),.UNSPECIFIED.,.F.,
 .F.,(2,2),(4.13840350143636,7.),.UNSPECIFIED.);
#3247=B_SPLINE_CURVE_WITH_KNOTS('',1,(#11198,#11199),.UNSPECIFIED.,.F.,
 .F.,(2,2),(-6.4,0.),.UNSPECIFIED.);
#3248=B_SPLINE_CURVE_WITH_KNOTS('',1,(#11202,#11203),.UNSPECIFIED.,.F.,
 .F.,(2,2),(0.,2.86159649856364),.UNSPECIFIED.);
#3249=B_SPLINE_CURVE_WITH_KNOTS('',1,(#11209,#11210),.UNSPECIFIED.,.F.,
 .F.,(2,2),(-4.71238898038469,-1.5707963267949),.UNSPECIFIED.);
#3250=B_SPLINE_CURVE_WITH_KNOTS('',1,(#11211,#11212),.UNSPECIFIED.,.F.,
 .F.,(2,2),(4.13840350143636,7.),.UNSPECIFIED.);
#3251=B_SPLINE_CURVE_WITH_KNOTS('',1,(#11213,#11214),.UNSPECIFIED.,.F.,
 .F.,(2,2),(4.13840350143636,7.),.UNSPECIFIED.);
#3252=B_SPLINE_CURVE_WITH_KNOTS('',1,(#11215,#11216),.UNSPECIFIED.,.F.,
 .F.,(2,2),(-6.40000000000001,0.),.UNSPECIFIED.);
#3253=B_SPLINE_CURVE_WITH_KNOTS('',1,(#11219,#11220),.UNSPECIFIED.,.F.,
 .F.,(2,2),(0.,2.86159649856364),.UNSPECIFIED.);
#3254=B_SPLINE_CURVE_WITH_KNOTS('',1,(#11226,#11227),.UNSPECIFIED.,.F.,
 .F.,(2,2),(-4.71238898038469,-1.5707963267949),.UNSPECIFIED.);
#3255=B_SPLINE_CURVE_WITH_KNOTS('',1,(#11228,#11229),.UNSPECIFIED.,.F.,
 .F.,(2,2),(4.13840350143636,7.),.UNSPECIFIED.);
#3256=B_SPLINE_CURVE_WITH_KNOTS('',1,(#11230,#11231),.UNSPECIFIED.,.F.,
 .F.,(2,2),(4.13840350143636,7.),.UNSPECIFIED.);
#3257=B_SPLINE_CURVE_WITH_KNOTS('',1,(#11232,#11233),.UNSPECIFIED.,.F.,
 .F.,(2,2),(-6.39999999999999,0.),.UNSPECIFIED.);
#3258=B_SPLINE_CURVE_WITH_KNOTS('',1,(#11236,#11237),.UNSPECIFIED.,.F.,
 .F.,(2,2),(0.,2.86159649856364),.UNSPECIFIED.);
#3259=B_SPLINE_CURVE_WITH_KNOTS('',1,(#11243,#11244),.UNSPECIFIED.,.F.,
 .F.,(2,2),(-4.71238898038469,-1.5707963267949),.UNSPECIFIED.);
#3260=B_SPLINE_CURVE_WITH_KNOTS('',1,(#11245,#11246),.UNSPECIFIED.,.F.,
 .F.,(2,2),(4.13840350143636,7.),.UNSPECIFIED.);
#3261=B_SPLINE_CURVE_WITH_KNOTS('',1,(#11247,#11248),.UNSPECIFIED.,.F.,
 .F.,(2,2),(4.13840350143636,7.),.UNSPECIFIED.);
#3262=B_SPLINE_CURVE_WITH_KNOTS('',1,(#11249,#11250),.UNSPECIFIED.,.F.,
 .F.,(2,2),(-6.4,0.),.UNSPECIFIED.);
#3263=B_SPLINE_CURVE_WITH_KNOTS('',1,(#11253,#11254),.UNSPECIFIED.,.F.,
 .F.,(2,2),(0.,2.86159649856364),.UNSPECIFIED.);
#3264=B_SPLINE_CURVE_WITH_KNOTS('',1,(#11260,#11261),.UNSPECIFIED.,.F.,
 .F.,(2,2),(-4.71238898038469,-1.5707963267949),.UNSPECIFIED.);
#3265=B_SPLINE_CURVE_WITH_KNOTS('',1,(#11262,#11263),.UNSPECIFIED.,.F.,
 .F.,(2,2),(0.,2.86159649856364),.UNSPECIFIED.);
#3266=B_SPLINE_CURVE_WITH_KNOTS('',1,(#11264,#11265),.UNSPECIFIED.,.F.,
 .F.,(2,2),(-6.4,0.),.UNSPECIFIED.);
#3267=B_SPLINE_CURVE_WITH_KNOTS('',1,(#11266,#11267),.UNSPECIFIED.,.F.,
 .F.,(2,2),(4.13840350143636,7.),.UNSPECIFIED.);
#3268=B_SPLINE_CURVE_WITH_KNOTS('',1,(#11273,#11274),.UNSPECIFIED.,.F.,
 .F.,(2,2),(-4.71238898038469,-1.5707963267949),.UNSPECIFIED.);
#3269=B_SPLINE_CURVE_WITH_KNOTS('',1,(#11275,#11276),.UNSPECIFIED.,.F.,
 .F.,(2,2),(0.,2.86159649856364),.UNSPECIFIED.);
#3270=B_SPLINE_CURVE_WITH_KNOTS('',1,(#11277,#11278),.UNSPECIFIED.,.F.,
 .F.,(2,2),(-6.4,0.),.UNSPECIFIED.);
#3271=B_SPLINE_CURVE_WITH_KNOTS('',1,(#11279,#11280),.UNSPECIFIED.,.F.,
 .F.,(2,2),(4.13840350143636,7.),.UNSPECIFIED.);
#3272=B_SPLINE_CURVE_WITH_KNOTS('',1,(#11286,#11287),.UNSPECIFIED.,.F.,
 .F.,(2,2),(-4.71238898038469,-1.5707963267949),.UNSPECIFIED.);
#3273=B_SPLINE_CURVE_WITH_KNOTS('',1,(#11288,#11289),.UNSPECIFIED.,.F.,
 .F.,(2,2),(0.,2.86159649856364),.UNSPECIFIED.);
#3274=B_SPLINE_CURVE_WITH_KNOTS('',1,(#11290,#11291),.UNSPECIFIED.,.F.,
 .F.,(2,2),(-6.40000000000001,0.),.UNSPECIFIED.);
#3275=B_SPLINE_CURVE_WITH_KNOTS('',1,(#11292,#11293),.UNSPECIFIED.,.F.,
 .F.,(2,2),(4.13840350143636,7.),.UNSPECIFIED.);
#3276=B_SPLINE_CURVE_WITH_KNOTS('',1,(#11299,#11300),.UNSPECIFIED.,.F.,
 .F.,(2,2),(-4.71238898038469,-1.5707963267949),.UNSPECIFIED.);
#3277=B_SPLINE_CURVE_WITH_KNOTS('',1,(#11301,#11302),.UNSPECIFIED.,.F.,
 .F.,(2,2),(0.,2.86159649856364),.UNSPECIFIED.);
#3278=B_SPLINE_CURVE_WITH_KNOTS('',1,(#11303,#11304),.UNSPECIFIED.,.F.,
 .F.,(2,2),(-6.4,0.),.UNSPECIFIED.);
#3279=B_SPLINE_CURVE_WITH_KNOTS('',1,(#11305,#11306),.UNSPECIFIED.,.F.,
 .F.,(2,2),(4.13840350143636,7.),.UNSPECIFIED.);
#3280=B_SPLINE_CURVE_WITH_KNOTS('',1,(#11312,#11313),.UNSPECIFIED.,.F.,
 .F.,(2,2),(-4.71238898038469,-1.5707963267949),.UNSPECIFIED.);
#3281=B_SPLINE_CURVE_WITH_KNOTS('',1,(#11319,#11320),.UNSPECIFIED.,.F.,
 .F.,(2,2),(-8.95353906273091,0.),.UNSPECIFIED.);
#3282=B_SPLINE_CURVE_WITH_KNOTS('',1,(#11323,#11324),.UNSPECIFIED.,.F.,
 .F.,(2,2),(0.,6.63840350143636),.UNSPECIFIED.);
#3283=B_SPLINE_CURVE_WITH_KNOTS('',1,(#11325,#11326,#11327),
 .UNSPECIFIED.,.F.,.F.,(2,1,2),(5.80000000000001,11.6,17.4),
 .UNSPECIFIED.);
#3284=B_SPLINE_CURVE_WITH_KNOTS('',1,(#11330,#11331),.UNSPECIFIED.,.F.,
 .F.,(2,2),(-6.63840350143636,0.),.UNSPECIFIED.);
#3285=B_SPLINE_CURVE_WITH_KNOTS('',1,(#11362,#11363),.UNSPECIFIED.,.F.,
 .F.,(2,2),(-8.95353906273091,0.),.UNSPECIFIED.);
#3286=B_SPLINE_CURVE_WITH_KNOTS('',1,(#11366,#11367),.UNSPECIFIED.,.F.,
 .F.,(2,2),(0.,6.63840350143636),.UNSPECIFIED.);
#3287=B_SPLINE_CURVE_WITH_KNOTS('',1,(#11368,#11369,#11370),
 .UNSPECIFIED.,.F.,.F.,(2,1,2),(-4.87487198411923,-0.0156273283922879,5.13419445557427),
 .UNSPECIFIED.);
#3288=B_SPLINE_CURVE_WITH_KNOTS('',1,(#11373,#11374),.UNSPECIFIED.,.F.,
 .F.,(2,2),(-6.63840350142218,0.),.UNSPECIFIED.);
#3289=B_SPLINE_CURVE_WITH_KNOTS('',1,(#11405,#11406),.UNSPECIFIED.,.F.,
 .F.,(2,2),(-8.95353906273091,0.),.UNSPECIFIED.);
#3290=B_SPLINE_CURVE_WITH_KNOTS('',1,(#11409,#11410),.UNSPECIFIED.,.F.,
 .F.,(2,2),(0.,6.63840350143636),.UNSPECIFIED.);
#3291=B_SPLINE_CURVE_WITH_KNOTS('',1,(#11411,#11412,#11413),
 .UNSPECIFIED.,.F.,.F.,(2,1,2),(-3.91519218429954,0.,5.13419445557431),
 .UNSPECIFIED.);
#3292=B_SPLINE_CURVE_WITH_KNOTS('',1,(#11414,#11415),.UNSPECIFIED.,.F.,
 .F.,(2,2),(0.,0.0510908194221501),.UNSPECIFIED.);
#3293=B_SPLINE_CURVE_WITH_KNOTS('',3,(#11416,#11417,#11418,#11419),
 .UNSPECIFIED.,.F.,.F.,(4,4),(7.64213159949281,8.73381527879076),
 .UNSPECIFIED.);
#3294=B_SPLINE_CURVE_WITH_KNOTS('',1,(#11422,#11423),.UNSPECIFIED.,.F.,
 .F.,(2,2),(-6.44398396950929,0.),.UNSPECIFIED.);
#3295=B_SPLINE_CURVE_WITH_KNOTS('',1,(#11454,#11455),.UNSPECIFIED.,.F.,
 .F.,(2,2),(-8.95353906273091,0.),.UNSPECIFIED.);
#3296=B_SPLINE_CURVE_WITH_KNOTS('',1,(#11458,#11459),.UNSPECIFIED.,.F.,
 .F.,(2,2),(0.,6.63840350143636),.UNSPECIFIED.);
#3297=B_SPLINE_CURVE_WITH_KNOTS('',1,(#11460,#11461,#11462),
 .UNSPECIFIED.,.F.,.F.,(2,1,2),(5.8,11.6,17.4),.UNSPECIFIED.);
#3298=B_SPLINE_CURVE_WITH_KNOTS('',1,(#11465,#11466),.UNSPECIFIED.,.F.,
 .F.,(2,2),(-6.63840350143636,0.),.UNSPECIFIED.);
#3299=B_SPLINE_CURVE_WITH_KNOTS('',1,(#11492,#11493),.UNSPECIFIED.,.F.,
 .F.,(2,2),(-6.63840350143636,0.),.UNSPECIFIED.);
#3300=B_SPLINE_CURVE_WITH_KNOTS('',1,(#11494,#11495,#11496),
 .UNSPECIFIED.,.F.,.F.,(2,1,2),(-5.8,-2.66453525910038E-15,5.80000000000001),
 .UNSPECIFIED.);
#3301=B_SPLINE_CURVE_WITH_KNOTS('',1,(#11497,#11498),.UNSPECIFIED.,.F.,
 .F.,(2,2),(0.,6.63840350143636),.UNSPECIFIED.);
#3302=B_SPLINE_CURVE_WITH_KNOTS('',1,(#11499,#11500),.UNSPECIFIED.,.F.,
 .F.,(2,2),(8.95353906273091,17.9070781254618),.UNSPECIFIED.);
#3303=B_SPLINE_CURVE_WITH_KNOTS('',1,(#11501,#11502),.UNSPECIFIED.,.F.,
 .F.,(2,2),(-6.63840350142218,0.),.UNSPECIFIED.);
#3304=B_SPLINE_CURVE_WITH_KNOTS('',1,(#11503,#11504),.UNSPECIFIED.,.F.,
 .F.,(2,2),(-5.54804171400075,-4.87487198411923),.UNSPECIFIED.);
#3305=B_SPLINE_CURVE_WITH_KNOTS('',3,(#11505,#11506,#11507,#11508,#11509,
#11510,#11511,#11512,#11513,#11514,#11515,#11516,#11517),.UNSPECIFIED.,
 .F.,.F.,(4,3,3,3,4),(0.,1.69611201282019,2.92304429056075,4.07191695874146,
5.82078196867143),.UNSPECIFIED.);
#3306=B_SPLINE_CURVE_WITH_KNOTS('',3,(#11518,#11519,#11520,#11521),
 .UNSPECIFIED.,.F.,.F.,(4,4),(0.,0.932167143789695),.UNSPECIFIED.);
#3307=B_SPLINE_CURVE_WITH_KNOTS('',1,(#11522,#11523),.UNSPECIFIED.,.F.,
 .F.,(2,2),(-2.30153570172588,0.),.UNSPECIFIED.);
#3308=B_SPLINE_CURVE_WITH_KNOTS('',1,(#11524,#11525),.UNSPECIFIED.,.F.,
 .F.,(2,2),(0.,6.63840350143636),.UNSPECIFIED.);
#3309=B_SPLINE_CURVE_WITH_KNOTS('',1,(#11526,#11527),.UNSPECIFIED.,.F.,
 .F.,(2,2),(8.95353906273091,17.9070781254618),.UNSPECIFIED.);
#3310=B_SPLINE_CURVE_WITH_KNOTS('',1,(#11528,#11529),.UNSPECIFIED.,.F.,
 .F.,(2,2),(-6.44398396950929,0.),.UNSPECIFIED.);
#3311=B_SPLINE_CURVE_WITH_KNOTS('',3,(#11530,#11531,#11532,#11533,#11534,
#11535,#11536,#11537,#11538,#11539,#11540,#11541,#11542,#11543,#11544,#11545,
#11546,#11547,#11548),.UNSPECIFIED.,.F.,.F.,(4,3,3,3,3,3,4),(0.,0.220703159042886,
2.68729230491483,3.89794383520432,5.1196013003211,6.59288532859193,7.64213159949281),
 .UNSPECIFIED.);
#3312=B_SPLINE_CURVE_WITH_KNOTS('',1,(#11549,#11550),.UNSPECIFIED.,.F.,
 .F.,(2,2),(-2.30153570172602,0.),.UNSPECIFIED.);
#3313=B_SPLINE_CURVE_WITH_KNOTS('',1,(#11551,#11552),.UNSPECIFIED.,.F.,
 .F.,(2,2),(0.,6.63840350143636),.UNSPECIFIED.);
#3314=B_SPLINE_CURVE_WITH_KNOTS('',1,(#11553,#11554),.UNSPECIFIED.,.F.,
 .F.,(2,2),(8.95353906273091,17.9070781254618),.UNSPECIFIED.);
#3315=B_SPLINE_CURVE_WITH_KNOTS('',1,(#11555,#11556),.UNSPECIFIED.,.F.,
 .F.,(2,2),(-6.63840350143636,0.),.UNSPECIFIED.);
#3316=B_SPLINE_CURVE_WITH_KNOTS('',1,(#11557,#11558,#11559),
 .UNSPECIFIED.,.F.,.F.,(2,1,2),(-5.8,-4.44089209850063E-15,5.8),
 .UNSPECIFIED.);
#3317=B_SPLINE_CURVE_WITH_KNOTS('',1,(#11560,#11561),.UNSPECIFIED.,.F.,
 .F.,(2,2),(0.,6.63840350143636),.UNSPECIFIED.);
#3318=B_SPLINE_CURVE_WITH_KNOTS('',1,(#11562,#11563),.UNSPECIFIED.,.F.,
 .F.,(2,2),(8.95353906273091,17.9070781254618),.UNSPECIFIED.);
#3319=VERTEX_POINT('',#7662);
#3320=VERTEX_POINT('',#7663);
#3321=VERTEX_POINT('',#7664);
#3322=VERTEX_POINT('',#7665);
#3323=VERTEX_POINT('',#7666);
#3324=VERTEX_POINT('',#7667);
#3325=VERTEX_POINT('',#7668);
#3326=VERTEX_POINT('',#7669);
#3327=VERTEX_POINT('',#7670);
#3328=VERTEX_POINT('',#7671);
#3329=VERTEX_POINT('',#7672);
#3330=VERTEX_POINT('',#7673);
#3331=VERTEX_POINT('',#7674);
#3332=VERTEX_POINT('',#7675);
#3333=VERTEX_POINT('',#7676);
#3334=VERTEX_POINT('',#7677);
#3335=VERTEX_POINT('',#7678);
#3336=VERTEX_POINT('',#7679);
#3337=VERTEX_POINT('',#7680);
#3338=VERTEX_POINT('',#7681);
#3339=VERTEX_POINT('',#7682);
#3340=VERTEX_POINT('',#7683);
#3341=VERTEX_POINT('',#7684);
#3342=VERTEX_POINT('',#7685);
#3343=VERTEX_POINT('',#7686);
#3344=VERTEX_POINT('',#7687);
#3345=VERTEX_POINT('',#7688);
#3346=VERTEX_POINT('',#7689);
#3347=VERTEX_POINT('',#7690);
#3348=VERTEX_POINT('',#7691);
#3349=VERTEX_POINT('',#7692);
#3350=VERTEX_POINT('',#7693);
#3351=VERTEX_POINT('',#7694);
#3352=VERTEX_POINT('',#7695);
#3353=VERTEX_POINT('',#7696);
#3354=VERTEX_POINT('',#7697);
#3355=VERTEX_POINT('',#7698);
#3356=VERTEX_POINT('',#7699);
#3357=VERTEX_POINT('',#7700);
#3358=VERTEX_POINT('',#7701);
#3359=VERTEX_POINT('',#7702);
#3360=VERTEX_POINT('',#7703);
#3361=VERTEX_POINT('',#7704);
#3362=VERTEX_POINT('',#7705);
#3363=VERTEX_POINT('',#7706);
#3364=VERTEX_POINT('',#7707);
#3365=VERTEX_POINT('',#7708);
#3366=VERTEX_POINT('',#7709);
#3367=VERTEX_POINT('',#7710);
#3368=VERTEX_POINT('',#7711);
#3369=VERTEX_POINT('',#7712);
#3370=VERTEX_POINT('',#7713);
#3371=VERTEX_POINT('',#7714);
#3372=VERTEX_POINT('',#7715);
#3373=VERTEX_POINT('',#7716);
#3374=VERTEX_POINT('',#7717);
#3375=VERTEX_POINT('',#7718);
#3376=VERTEX_POINT('',#7719);
#3377=VERTEX_POINT('',#7720);
#3378=VERTEX_POINT('',#7721);
#3379=VERTEX_POINT('',#7722);
#3380=VERTEX_POINT('',#7723);
#3381=VERTEX_POINT('',#7724);
#3382=VERTEX_POINT('',#7725);
#3383=VERTEX_POINT('',#7726);
#3384=VERTEX_POINT('',#7727);
#3385=VERTEX_POINT('',#7728);
#3386=VERTEX_POINT('',#7729);
#3387=VERTEX_POINT('',#7730);
#3388=VERTEX_POINT('',#7731);
#3389=VERTEX_POINT('',#7732);
#3390=VERTEX_POINT('',#7733);
#3391=VERTEX_POINT('',#7734);
#3392=VERTEX_POINT('',#7735);
#3393=VERTEX_POINT('',#7736);
#3394=VERTEX_POINT('',#7737);
#3395=VERTEX_POINT('',#7738);
#3396=VERTEX_POINT('',#7739);
#3397=VERTEX_POINT('',#7740);
#3398=VERTEX_POINT('',#7741);
#3399=VERTEX_POINT('',#7742);
#3400=VERTEX_POINT('',#7743);
#3401=VERTEX_POINT('',#7744);
#3402=VERTEX_POINT('',#7745);
#3403=VERTEX_POINT('',#7746);
#3404=VERTEX_POINT('',#7747);
#3405=VERTEX_POINT('',#7748);
#3406=VERTEX_POINT('',#7749);
#3407=VERTEX_POINT('',#7750);
#3408=VERTEX_POINT('',#7751);
#3409=VERTEX_POINT('',#7752);
#3410=VERTEX_POINT('',#7753);
#3411=VERTEX_POINT('',#7754);
#3412=VERTEX_POINT('',#7755);
#3413=VERTEX_POINT('',#7756);
#3414=VERTEX_POINT('',#7757);
#3415=VERTEX_POINT('',#7758);
#3416=VERTEX_POINT('',#7759);
#3417=VERTEX_POINT('',#7760);
#3418=VERTEX_POINT('',#7761);
#3419=VERTEX_POINT('',#7762);
#3420=VERTEX_POINT('',#7763);
#3421=VERTEX_POINT('',#7764);
#3422=VERTEX_POINT('',#7765);
#3423=VERTEX_POINT('',#7766);
#3424=VERTEX_POINT('',#7767);
#3425=VERTEX_POINT('',#7768);
#3426=VERTEX_POINT('',#7769);
#3427=VERTEX_POINT('',#7770);
#3428=VERTEX_POINT('',#7771);
#3429=VERTEX_POINT('',#7772);
#3430=VERTEX_POINT('',#7773);
#3431=VERTEX_POINT('',#7774);
#3432=VERTEX_POINT('',#7775);
#3433=VERTEX_POINT('',#7776);
#3434=VERTEX_POINT('',#7777);
#3435=VERTEX_POINT('',#7778);
#3436=VERTEX_POINT('',#7779);
#3437=VERTEX_POINT('',#7780);
#3438=VERTEX_POINT('',#7781);
#3439=VERTEX_POINT('',#7782);
#3440=VERTEX_POINT('',#7783);
#3441=VERTEX_POINT('',#7784);
#3442=VERTEX_POINT('',#7785);
#3443=VERTEX_POINT('',#7786);
#3444=VERTEX_POINT('',#7787);
#3445=VERTEX_POINT('',#7788);
#3446=VERTEX_POINT('',#7789);
#3447=VERTEX_POINT('',#7790);
#3448=VERTEX_POINT('',#7791);
#3449=VERTEX_POINT('',#7792);
#3450=VERTEX_POINT('',#7793);
#3451=VERTEX_POINT('',#7794);
#3452=VERTEX_POINT('',#7795);
#3453=VERTEX_POINT('',#7796);
#3454=VERTEX_POINT('',#7797);
#3455=VERTEX_POINT('',#7798);
#3456=VERTEX_POINT('',#7799);
#3457=VERTEX_POINT('',#7800);
#3458=VERTEX_POINT('',#7801);
#3459=VERTEX_POINT('',#7802);
#3460=VERTEX_POINT('',#7803);
#3461=VERTEX_POINT('',#7804);
#3462=VERTEX_POINT('',#7805);
#3463=VERTEX_POINT('',#7806);
#3464=VERTEX_POINT('',#7807);
#3465=VERTEX_POINT('',#7808);
#3466=VERTEX_POINT('',#7809);
#3467=VERTEX_POINT('',#7810);
#3468=VERTEX_POINT('',#7811);
#3469=VERTEX_POINT('',#7812);
#3470=VERTEX_POINT('',#7813);
#3471=VERTEX_POINT('',#7814);
#3472=VERTEX_POINT('',#7815);
#3473=VERTEX_POINT('',#7816);
#3474=VERTEX_POINT('',#7817);
#3475=VERTEX_POINT('',#7818);
#3476=VERTEX_POINT('',#7819);
#3477=VERTEX_POINT('',#7820);
#3478=(
BOUNDED_SURFACE()
B_SPLINE_SURFACE(2,1,((#3695,#3696),(#3697,#3698),(#3699,#3700),(#3701,
#3702),(#3703,#3704),(#3705,#3706),(#3707,#3708),(#3709,#3710),(#3711,#3712)),
 .UNSPECIFIED.,.T.,.F.,.F.)
B_SPLINE_SURFACE_WITH_KNOTS((3,2,2,2,3),(2,2),(0.,1.5707963267949,3.14159265358979,
4.71238898038469,6.28318530717959),(0.,5.04),.UNSPECIFIED.)
GEOMETRIC_REPRESENTATION_ITEM()
RATIONAL_B_SPLINE_SURFACE(((1.,1.),(0.707106781186548,0.707106781186548),
(1.,1.),(0.707106781186548,0.707106781186548),(1.,1.),(0.707106781186548,
0.707106781186548),(1.,1.),(0.707106781186548,0.707106781186548),(1.,1.)))
REPRESENTATION_ITEM('')
SURFACE()
);
#3479=(
BOUNDED_SURFACE()
B_SPLINE_SURFACE(2,1,((#3721,#3722),(#3723,#3724),(#3725,#3726),(#3727,
#3728),(#3729,#3730),(#3731,#3732),(#3733,#3734),(#3735,#3736),(#3737,#3738)),
 .UNSPECIFIED.,.T.,.F.,.F.)
B_SPLINE_SURFACE_WITH_KNOTS((3,2,2,2,3),(2,2),(0.,1.5707963267949,3.14159265358979,
4.71238898038469,6.28318530717959),(0.,9.84),.UNSPECIFIED.)
GEOMETRIC_REPRESENTATION_ITEM()
RATIONAL_B_SPLINE_SURFACE(((1.,1.),(0.707106781186548,0.707106781186548),
(1.,1.),(0.707106781186548,0.707106781186548),(1.,1.),(0.707106781186548,
0.707106781186548),(1.,1.),(0.707106781186548,0.707106781186548),(1.,1.)))
REPRESENTATION_ITEM('')
SURFACE()
);
#3480=(
BOUNDED_SURFACE()
B_SPLINE_SURFACE(1,2,((#3739,#3740,#3741,#3742,#3743,#3744,#3745,#3746,
#3747),(#3748,#3749,#3750,#3751,#3752,#3753,#3754,#3755,#3756)),
 .UNSPECIFIED.,.F.,.F.,.F.)
B_SPLINE_SURFACE_WITH_KNOTS((2,2),(3,2,2,2,3),(0.,9.84000000000001),(0.,
1.5707963267949,3.14159265358979,4.71238898038469,6.28318530717959),
 .UNSPECIFIED.)
GEOMETRIC_REPRESENTATION_ITEM()
RATIONAL_B_SPLINE_SURFACE(((1.,0.707106781186548,1.,0.707106781186548,1.,
0.707106781186548,1.,0.707106781186548,1.),(1.,0.707106781186548,1.,0.707106781186548,
1.,0.707106781186548,1.,0.707106781186548,1.)))
REPRESENTATION_ITEM('')
SURFACE()
);
#3481=(
BOUNDED_SURFACE()
B_SPLINE_SURFACE(1,2,((#3761,#3762,#3763,#3764,#3765,#3766,#3767,#3768,
#3769),(#3770,#3771,#3772,#3773,#3774,#3775,#3776,#3777,#3778)),
 .UNSPECIFIED.,.F.,.F.,.F.)
B_SPLINE_SURFACE_WITH_KNOTS((2,2),(3,2,2,2,3),(0.,33.84),(0.,1.5707963267949,
3.14159265358979,4.71238898038469,6.28318530717959),.UNSPECIFIED.)
GEOMETRIC_REPRESENTATION_ITEM()
RATIONAL_B_SPLINE_SURFACE(((1.,0.707106781186548,1.,0.707106781186548,1.,
0.707106781186548,1.,0.707106781186548,1.),(1.,0.707106781186548,1.,0.707106781186548,
1.,0.707106781186548,1.,0.707106781186548,1.)))
REPRESENTATION_ITEM('')
SURFACE()
);
#3482=(
BOUNDED_SURFACE()
B_SPLINE_SURFACE(2,1,((#3807,#3808),(#3809,#3810),(#3811,#3812),(#3813,
#3814),(#3815,#3816),(#3817,#3818),(#3819,#3820),(#3821,#3822),(#3823,#3824)),
 .UNSPECIFIED.,.T.,.F.,.F.)
B_SPLINE_SURFACE_WITH_KNOTS((3,2,2,2,3),(2,2),(0.,1.5707963267949,3.14159265358979,
4.71238898038469,6.28318530717959),(0.,19.44),.UNSPECIFIED.)
GEOMETRIC_REPRESENTATION_ITEM()
RATIONAL_B_SPLINE_SURFACE(((1.,1.),(0.707106781186548,0.707106781186548),
(1.,1.),(0.707106781186548,0.707106781186548),(1.,1.),(0.707106781186548,
0.707106781186548),(1.,1.),(0.707106781186548,0.707106781186548),(1.,1.)))
REPRESENTATION_ITEM('')
SURFACE()
);
#3483=(
BOUNDED_SURFACE()
B_SPLINE_SURFACE(2,1,((#3825,#3826),(#3827,#3828),(#3829,#3830),(#3831,
#3832),(#3833,#3834),(#3835,#3836),(#3837,#3838),(#3839,#3840),(#3841,#3842)),
 .UNSPECIFIED.,.T.,.F.,.F.)
B_SPLINE_SURFACE_WITH_KNOTS((3,2,2,2,3),(2,2),(0.,1.5707963267949,3.14159265358979,
4.71238898038469,6.28318530717959),(0.,19.44),.UNSPECIFIED.)
GEOMETRIC_REPRESENTATION_ITEM()
RATIONAL_B_SPLINE_SURFACE(((1.,1.),(0.707106781186548,0.707106781186548),
(1.,1.),(0.707106781186548,0.707106781186548),(1.,1.),(0.707106781186548,
0.707106781186548),(1.,1.),(0.707106781186548,0.707106781186548),(1.,1.)))
REPRESENTATION_ITEM('')
SURFACE()
);
#3484=(
BOUNDED_SURFACE()
B_SPLINE_SURFACE(2,1,((#3843,#3844),(#3845,#3846),(#3847,#3848),(#3849,
#3850),(#3851,#3852),(#3853,#3854),(#3855,#3856),(#3857,#3858),(#3859,#3860)),
 .UNSPECIFIED.,.T.,.F.,.F.)
B_SPLINE_SURFACE_WITH_KNOTS((3,2,2,2,3),(2,2),(0.,1.5707963267949,3.14159265358979,
4.71238898038469,6.28318530717959),(0.,26.64),.UNSPECIFIED.)
GEOMETRIC_REPRESENTATION_ITEM()
RATIONAL_B_SPLINE_SURFACE(((1.,1.),(0.707106781186548,0.707106781186548),
(1.,1.),(0.707106781186548,0.707106781186548),(1.,1.),(0.707106781186548,
0.707106781186548),(1.,1.),(0.707106781186548,0.707106781186548),(1.,1.)))
REPRESENTATION_ITEM('')
SURFACE()
);
#3485=(
BOUNDED_SURFACE()
B_SPLINE_SURFACE(3,2,((#3861,#3862,#3863),(#3864,#3865,#3866),(#3867,#3868,
#3869),(#3870,#3871,#3872),(#3873,#3874,#3875),(#3876,#3877,#3878)),
 .UNSPECIFIED.,.F.,.F.,.F.)
B_SPLINE_SURFACE_WITH_KNOTS((4,1,1,4),(3,3),(-1.99840144432528E-15,11.7927531727965,
17.6891297591949,23.5855063455931),(-3.25572901971327E-14,4.00000725056274),
 .UNSPECIFIED.)
GEOMETRIC_REPRESENTATION_ITEM()
RATIONAL_B_SPLINE_SURFACE(((1.,0.707106781186544,1.),(1.,0.707106781186544,
1.),(1.,0.707106781186544,1.),(1.,0.707106781186544,1.),(1.,0.707106781186544,
1.),(1.,0.707106781186544,1.)))
REPRESENTATION_ITEM('')
SURFACE()
);
#3486=(
BOUNDED_SURFACE()
B_SPLINE_SURFACE(2,1,((#3879,#3880),(#3881,#3882),(#3883,#3884),(#3885,
#3886),(#3887,#3888),(#3889,#3890),(#3891,#3892),(#3893,#3894),(#3895,#3896)),
 .UNSPECIFIED.,.T.,.F.,.F.)
B_SPLINE_SURFACE_WITH_KNOTS((3,2,2,2,3),(2,2),(0.,1.5707963267949,3.14159265358979,
4.71238898038469,6.28318530717959),(0.,26.64),.UNSPECIFIED.)
GEOMETRIC_REPRESENTATION_ITEM()
RATIONAL_B_SPLINE_SURFACE(((1.,1.),(0.707106781186548,0.707106781186548),
(1.,1.),(0.707106781186548,0.707106781186548),(1.,1.),(0.707106781186548,
0.707106781186548),(1.,1.),(0.707106781186548,0.707106781186548),(1.,1.)))
REPRESENTATION_ITEM('')
SURFACE()
);
#3487=(
BOUNDED_SURFACE()
B_SPLINE_SURFACE(2,2,((#3897,#3898,#3899,#3900,#3901,#3902,#3903,#3904,
#3905),(#3906,#3907,#3908,#3909,#3910,#3911,#3912,#3913,#3914),(#3915,#3916,
#3917,#3918,#3919,#3920,#3921,#3922,#3923),(#3924,#3925,#3926,#3927,#3928,
#3929,#3930,#3931,#3932),(#3933,#3934,#3935,#3936,#3937,#3938,#3939,#3940,
#3941),(#3942,#3943,#3944,#3945,#3946,#3947,#3948,#3949,#3950),(#3951,#3952,
#3953,#3954,#3955,#3956,#3957,#3958,#3959),(#3960,#3961,#3962,#3963,#3964,
#3965,#3966,#3967,#3968),(#3969,#3970,#3971,#3972,#3973,#3974,#3975,#3976,
#3977)),.UNSPECIFIED.,.T.,.F.,.F.)
B_SPLINE_SURFACE_WITH_KNOTS((3,2,2,2,3),(3,2,2,2,3),(0.,18.8495559215388,
37.6991118430775,56.5486677646163,75.398223686155),(0.,3.14159265358979,
6.28318530717959,9.42477796076938,12.5663706143592),.UNSPECIFIED.)
GEOMETRIC_REPRESENTATION_ITEM()
RATIONAL_B_SPLINE_SURFACE(((1.,0.707106781186548,1.,0.707106781186548,1.,
0.707106781186548,1.,0.707106781186548,1.),(0.707106781186548,0.5,0.707106781186548,
0.5,0.707106781186548,0.5,0.707106781186548,0.5,0.707106781186548),(1.,
0.707106781186548,1.,0.707106781186548,1.,0.707106781186548,1.,0.707106781186548,
1.),(0.707106781186548,0.5,0.707106781186548,0.5,0.707106781186548,0.5,
0.707106781186548,0.5,0.707106781186548),(1.,0.707106781186548,1.,0.707106781186548,
1.,0.707106781186548,1.,0.707106781186548,1.),(0.707106781186548,0.5,0.707106781186548,
0.5,0.707106781186548,0.5,0.707106781186548,0.5,0.707106781186548),(1.,
0.707106781186548,1.,0.707106781186548,1.,0.707106781186548,1.,0.707106781186548,
1.),(0.707106781186548,0.5,0.707106781186548,0.5,0.707106781186548,0.5,
0.707106781186548,0.5,0.707106781186548),(1.,0.707106781186548,1.,0.707106781186548,
1.,0.707106781186548,1.,0.707106781186548,1.)))
REPRESENTATION_ITEM('')
SURFACE()
);
#3488=(
BOUNDED_SURFACE()
B_SPLINE_SURFACE(2,2,((#3978,#3979,#3980,#3981,#3982,#3983,#3984,#3985,
#3986),(#3987,#3988,#3989,#3990,#3991,#3992,#3993,#3994,#3995),(#3996,#3997,
#3998,#3999,#4000,#4001,#4002,#4003,#4004),(#4005,#4006,#4007,#4008,#4009,
#4010,#4011,#4012,#4013),(#4014,#4015,#4016,#4017,#4018,#4019,#4020,#4021,
#4022),(#4023,#4024,#4025,#4026,#4027,#4028,#4029,#4030,#4031),(#4032,#4033,
#4034,#4035,#4036,#4037,#4038,#4039,#4040),(#4041,#4042,#4043,#4044,#4045,
#4046,#4047,#4048,#4049),(#4050,#4051,#4052,#4053,#4054,#4055,#4056,#4057,
#4058)),.UNSPECIFIED.,.T.,.F.,.F.)
B_SPLINE_SURFACE_WITH_KNOTS((3,2,2,2,3),(3,2,2,2,3),(0.,18.8495559215388,
37.6991118430775,56.5486677646163,75.398223686155),(0.,3.14159265358979,
6.28318530717959,9.42477796076938,12.5663706143592),.UNSPECIFIED.)
GEOMETRIC_REPRESENTATION_ITEM()
RATIONAL_B_SPLINE_SURFACE(((1.,0.707106781186548,1.,0.707106781186548,1.,
0.707106781186548,1.,0.707106781186548,1.),(0.707106781186548,0.5,0.707106781186548,
0.5,0.707106781186548,0.5,0.707106781186548,0.5,0.707106781186548),(1.,
0.707106781186548,1.,0.707106781186548,1.,0.707106781186548,1.,0.707106781186548,
1.),(0.707106781186548,0.5,0.707106781186548,0.5,0.707106781186548,0.5,
0.707106781186548,0.5,0.707106781186548),(1.,0.707106781186548,1.,0.707106781186548,
1.,0.707106781186548,1.,0.707106781186548,1.),(0.707106781186548,0.5,0.707106781186548,
0.5,0.707106781186548,0.5,0.707106781186548,0.5,0.707106781186548),(1.,
0.707106781186548,1.,0.707106781186548,1.,0.707106781186548,1.,0.707106781186548,
1.),(0.707106781186548,0.5,0.707106781186548,0.5,0.707106781186548,0.5,
0.707106781186548,0.5,0.707106781186548),(1.,0.707106781186548,1.,0.707106781186548,
1.,0.707106781186548,1.,0.707106781186548,1.)))
REPRESENTATION_ITEM('')
SURFACE()
);
#3489=(
BOUNDED_SURFACE()
B_SPLINE_SURFACE(3,2,((#4059,#4060,#4061),(#4062,#4063,#4064),(#4065,#4066,
#4067),(#4068,#4069,#4070),(#4071,#4072,#4073)),.UNSPECIFIED.,.F.,.F.,.F.)
B_SPLINE_SURFACE_WITH_KNOTS((4,1,4),(3,3),(0.,0.00840327987241707,0.0168065597448341),
(0.,1.),.UNSPECIFIED.)
GEOMETRIC_REPRESENTATION_ITEM()
RATIONAL_B_SPLINE_SURFACE(((1.,0.707106781186547,1.),(1.,0.707106781186547,
1.),(1.,0.707106781186547,1.),(1.,0.707106781186547,1.),(1.,0.707106781186547,
1.)))
REPRESENTATION_ITEM('')
SURFACE()
);
#3490=(
BOUNDED_SURFACE()
B_SPLINE_SURFACE(2,1,((#4074,#4075),(#4076,#4077),(#4078,#4079),(#4080,
#4081),(#4082,#4083),(#4084,#4085),(#4086,#4087),(#4088,#4089),(#4090,#4091)),
 .UNSPECIFIED.,.T.,.F.,.F.)
B_SPLINE_SURFACE_WITH_KNOTS((3,2,2,2,3),(2,2),(0.,1.5707963267949,3.14159265358979,
4.71238898038469,6.28318530717959),(0.,24.24),.UNSPECIFIED.)
GEOMETRIC_REPRESENTATION_ITEM()
RATIONAL_B_SPLINE_SURFACE(((1.,1.),(0.707106781186548,0.707106781186548),
(1.,1.),(0.707106781186548,0.707106781186548),(1.,1.),(0.707106781186548,
0.707106781186548),(1.,1.),(0.707106781186548,0.707106781186548),(1.,1.)))
REPRESENTATION_ITEM('')
SURFACE()
);
#3491=(
BOUNDED_SURFACE()
B_SPLINE_SURFACE(3,2,((#4092,#4093,#4094),(#4095,#4096,#4097),(#4098,#4099,
#4100),(#4101,#4102,#4103),(#4104,#4105,#4106)),.UNSPECIFIED.,.F.,.F.,.F.)
B_SPLINE_SURFACE_WITH_KNOTS((4,1,4),(3,3),(-1.75415237890775E-14,10.7662190450523,
21.5324380901045),(-0.000126352227010629,4.0000060432411),.UNSPECIFIED.)
GEOMETRIC_REPRESENTATION_ITEM()
RATIONAL_B_SPLINE_SURFACE(((1.00001850441178,0.707097529272907,1.),(1.00001850441178,
0.707097529272907,1.),(1.00001850441178,0.707097529272906,1.),(1.00001850441178,
0.707097529272907,1.),(1.00001850441178,0.707097529272907,1.)))
REPRESENTATION_ITEM('')
SURFACE()
);
#3492=(
BOUNDED_SURFACE()
B_SPLINE_SURFACE(2,2,((#4107,#4108,#4109,#4110,#4111,#4112,#4113,#4114,
#4115),(#4116,#4117,#4118,#4119,#4120,#4121,#4122,#4123,#4124),(#4125,#4126,
#4127,#4128,#4129,#4130,#4131,#4132,#4133),(#4134,#4135,#4136,#4137,#4138,
#4139,#4140,#4141,#4142),(#4143,#4144,#4145,#4146,#4147,#4148,#4149,#4150,
#4151),(#4152,#4153,#4154,#4155,#4156,#4157,#4158,#4159,#4160),(#4161,#4162,
#4163,#4164,#4165,#4166,#4167,#4168,#4169),(#4170,#4171,#4172,#4173,#4174,
#4175,#4176,#4177,#4178),(#4179,#4180,#4181,#4182,#4183,#4184,#4185,#4186,
#4187)),.UNSPECIFIED.,.T.,.F.,.F.)
B_SPLINE_SURFACE_WITH_KNOTS((3,2,2,2,3),(3,2,2,2,3),(0.,18.8495559215388,
37.6991118430775,56.5486677646163,75.398223686155),(0.,3.14159265358979,
6.28318530717959,9.42477796076938,12.5663706143592),.UNSPECIFIED.)
GEOMETRIC_REPRESENTATION_ITEM()
RATIONAL_B_SPLINE_SURFACE(((1.,0.707106781186548,1.,0.707106781186548,1.,
0.707106781186548,1.,0.707106781186548,1.),(0.707106781186548,0.5,0.707106781186548,
0.5,0.707106781186548,0.5,0.707106781186548,0.5,0.707106781186548),(1.,
0.707106781186548,1.,0.707106781186548,1.,0.707106781186548,1.,0.707106781186548,
1.),(0.707106781186548,0.5,0.707106781186548,0.5,0.707106781186548,0.5,
0.707106781186548,0.5,0.707106781186548),(1.,0.707106781186548,1.,0.707106781186548,
1.,0.707106781186548,1.,0.707106781186548,1.),(0.707106781186548,0.5,0.707106781186548,
0.5,0.707106781186548,0.5,0.707106781186548,0.5,0.707106781186548),(1.,
0.707106781186548,1.,0.707106781186548,1.,0.707106781186548,1.,0.707106781186548,
1.),(0.707106781186548,0.5,0.707106781186548,0.5,0.707106781186548,0.5,
0.707106781186548,0.5,0.707106781186548),(1.,0.707106781186548,1.,0.707106781186548,
1.,0.707106781186548,1.,0.707106781186548,1.)))
REPRESENTATION_ITEM('')
SURFACE()
);
#3493=(
BOUNDED_SURFACE()
B_SPLINE_SURFACE(2,2,((#4188,#4189,#4190,#4191,#4192,#4193,#4194,#4195,
#4196),(#4197,#4198,#4199,#4200,#4201,#4202,#4203,#4204,#4205),(#4206,#4207,
#4208,#4209,#4210,#4211,#4212,#4213,#4214),(#4215,#4216,#4217,#4218,#4219,
#4220,#4221,#4222,#4223),(#4224,#4225,#4226,#4227,#4228,#4229,#4230,#4231,
#4232),(#4233,#4234,#4235,#4236,#4237,#4238,#4239,#4240,#4241),(#4242,#4243,
#4244,#4245,#4246,#4247,#4248,#4249,#4250),(#4251,#4252,#4253,#4254,#4255,
#4256,#4257,#4258,#4259),(#4260,#4261,#4262,#4263,#4264,#4265,#4266,#4267,
#4268)),.UNSPECIFIED.,.T.,.F.,.F.)
B_SPLINE_SURFACE_WITH_KNOTS((3,2,2,2,3),(3,2,2,2,3),(0.,18.8495559215388,
37.6991118430775,56.5486677646163,75.398223686155),(0.,3.14159265358979,
6.28318530717959,9.42477796076938,12.5663706143592),.UNSPECIFIED.)
GEOMETRIC_REPRESENTATION_ITEM()
RATIONAL_B_SPLINE_SURFACE(((1.,0.707106781186548,1.,0.707106781186548,1.,
0.707106781186548,1.,0.707106781186548,1.),(0.707106781186548,0.5,0.707106781186548,
0.5,0.707106781186548,0.5,0.707106781186548,0.5,0.707106781186548),(1.,
0.707106781186548,1.,0.707106781186548,1.,0.707106781186548,1.,0.707106781186548,
1.),(0.707106781186548,0.5,0.707106781186548,0.5,0.707106781186548,0.5,
0.707106781186548,0.5,0.707106781186548),(1.,0.707106781186548,1.,0.707106781186548,
1.,0.707106781186548,1.,0.707106781186548,1.),(0.707106781186548,0.5,0.707106781186548,
0.5,0.707106781186548,0.5,0.707106781186548,0.5,0.707106781186548),(1.,
0.707106781186548,1.,0.707106781186548,1.,0.707106781186548,1.,0.707106781186548,
1.),(0.707106781186548,0.5,0.707106781186548,0.5,0.707106781186548,0.5,
0.707106781186548,0.5,0.707106781186548),(1.,0.707106781186548,1.,0.707106781186548,
1.,0.707106781186548,1.,0.707106781186548,1.)))
REPRESENTATION_ITEM('')
SURFACE()
);
#3494=(
BOUNDED_SURFACE()
B_SPLINE_SURFACE(2,1,((#4269,#4270),(#4271,#4272),(#4273,#4274),(#4275,
#4276),(#4277,#4278),(#4279,#4280),(#4281,#4282),(#4283,#4284),(#4285,#4286)),
 .UNSPECIFIED.,.T.,.F.,.F.)
B_SPLINE_SURFACE_WITH_KNOTS((3,2,2,2,3),(2,2),(0.,1.5707963267949,3.14159265358979,
4.71238898038469,6.28318530717959),(0.,24.24),.UNSPECIFIED.)
GEOMETRIC_REPRESENTATION_ITEM()
RATIONAL_B_SPLINE_SURFACE(((1.,1.),(0.707106781186548,0.707106781186548),
(1.,1.),(0.707106781186548,0.707106781186548),(1.,1.),(0.707106781186548,
0.707106781186548),(1.,1.),(0.707106781186548,0.707106781186548),(1.,1.)))
REPRESENTATION_ITEM('')
SURFACE()
);
#3495=(
BOUNDED_SURFACE()
B_SPLINE_SURFACE(3,2,((#4287,#4288,#4289),(#4290,#4291,#4292),(#4293,#4294,
#4295),(#4296,#4297,#4298),(#4299,#4300,#4301)),.UNSPECIFIED.,.F.,.F.,.F.)
B_SPLINE_SURFACE_WITH_KNOTS((4,1,4),(3,3),(-3.03090885722668E-14,6.47467736036898,
12.9493547207379),(-2.60902410786912E-15,4.00019363027103),
 .UNSPECIFIED.)
GEOMETRIC_REPRESENTATION_ITEM()
RATIONAL_B_SPLINE_SURFACE(((1.,0.707105994761639,1.00000157285404),(1.,
0.707105994761639,1.00000157285404),(1.,0.707105994761639,1.00000157285404),
(1.,0.707105994761639,1.00000157285404),(1.,0.707105994761639,1.00000157285404)))
REPRESENTATION_ITEM('')
SURFACE()
);
#3496=(
BOUNDED_SURFACE()
B_SPLINE_SURFACE(2,1,((#4302,#4303),(#4304,#4305),(#4306,#4307),(#4308,
#4309),(#4310,#4311),(#4312,#4313),(#4314,#4315),(#4316,#4317),(#4318,#4319)),
 .UNSPECIFIED.,.T.,.F.,.F.)
B_SPLINE_SURFACE_WITH_KNOTS((3,2,2,2,3),(2,2),(0.,1.5707963267949,3.14159265358979,
4.71238898038469,6.28318530717959),(0.,26.64),.UNSPECIFIED.)
GEOMETRIC_REPRESENTATION_ITEM()
RATIONAL_B_SPLINE_SURFACE(((1.,1.),(0.707106781186548,0.707106781186548),
(1.,1.),(0.707106781186548,0.707106781186548),(1.,1.),(0.707106781186548,
0.707106781186548),(1.,1.),(0.707106781186548,0.707106781186548),(1.,1.)))
REPRESENTATION_ITEM('')
SURFACE()
);
#3497=(
BOUNDED_SURFACE()
B_SPLINE_SURFACE(2,1,((#4320,#4321),(#4322,#4323),(#4324,#4325),(#4326,
#4327),(#4328,#4329),(#4330,#4331),(#4332,#4333),(#4334,#4335),(#4336,#4337)),
 .UNSPECIFIED.,.T.,.F.,.F.)
B_SPLINE_SURFACE_WITH_KNOTS((3,2,2,2,3),(2,2),(0.,1.5707963267949,3.14159265358979,
4.71238898038469,6.28318530717959),(0.,26.64),.UNSPECIFIED.)
GEOMETRIC_REPRESENTATION_ITEM()
RATIONAL_B_SPLINE_SURFACE(((1.,1.),(0.707106781186548,0.707106781186548),
(1.,1.),(0.707106781186548,0.707106781186548),(1.,1.),(0.707106781186548,
0.707106781186548),(1.,1.),(0.707106781186548,0.707106781186548),(1.,1.)))
REPRESENTATION_ITEM('')
SURFACE()
);
#3498=(
BOUNDED_SURFACE()
B_SPLINE_SURFACE(2,3,((#4338,#4339,#4340,#4341,#4342,#4343,#4344,#4345,
#4346,#4347,#4348,#4349),(#4350,#4351,#4352,#4353,#4354,#4355,#4356,#4357,
#4358,#4359,#4360,#4361),(#4362,#4363,#4364,#4365,#4366,#4367,#4368,#4369,
#4370,#4371,#4372,#4373)),.UNSPECIFIED.,.F.,.F.,.F.)
B_SPLINE_SURFACE_WITH_KNOTS((3,3),(4,1,1,1,1,1,1,1,1,4),(0.,3.4008660040234),
(-4.11442222514324E-8,0.546051614181461,1.09210322836292,1.63815484254439,
2.18420645672585,2.7302580709073,3.27630968508876,3.82236129927023,4.09538710636096,
4.36841291345169),.UNSPECIFIED.)
GEOMETRIC_REPRESENTATION_ITEM()
RATIONAL_B_SPLINE_SURFACE(((1.,1.,1.,1.,1.,1.,1.,1.,1.,1.,1.,1.),(0.761857914334683,
0.775931658970181,0.806330284941152,0.853308590729689,0.896651518499049,
0.933371959385238,0.963136493990424,0.984286681141712,0.994962597501472,
0.999272914963964,1.,1.),(1.,1.,1.,1.,1.,1.,1.,1.,1.,1.,1.,1.)))
REPRESENTATION_ITEM('')
SURFACE()
);
#3499=(
BOUNDED_SURFACE()
B_SPLINE_SURFACE(2,3,((#4374,#4375,#4376,#4377),(#4378,#4379,#4380,#4381),
(#4382,#4383,#4384,#4385)),.UNSPECIFIED.,.F.,.F.,.F.)
B_SPLINE_SURFACE_WITH_KNOTS((3,3),(4,4),(-1.63341562497976E-14,4.00048991785114),
(0.,1.80436059444773),.UNSPECIFIED.)
GEOMETRIC_REPRESENTATION_ITEM()
RATIONAL_B_SPLINE_SURFACE(((1.,1.,1.,1.),(0.76182875000166,0.744888992422104,
0.726727495787955,0.707070907782449),(1.0000583421735,1.00006249171832,
1.00006694053902,1.00007175559571)))
REPRESENTATION_ITEM('')
SURFACE()
);
#3500=(
BOUNDED_SURFACE()
B_SPLINE_SURFACE(1,2,((#4386,#4387,#4388,#4389,#4390,#4391,#4392,#4393,
#4394),(#4395,#4396,#4397,#4398,#4399,#4400,#4401,#4402,#4403)),
 .UNSPECIFIED.,.F.,.F.,.F.)
B_SPLINE_SURFACE_WITH_KNOTS((2,2),(3,2,2,2,3),(0.,5.9487102045753),(0.,
1.5707963267949,3.14159265358979,4.71238898038469,6.28318530717959),
 .UNSPECIFIED.)
GEOMETRIC_REPRESENTATION_ITEM()
RATIONAL_B_SPLINE_SURFACE(((1.,0.707106781186548,1.,0.707106781186548,1.,
0.707106781186548,1.,0.707106781186548,1.),(1.,0.707106781186548,1.,0.707106781186548,
1.,0.707106781186548,1.,0.707106781186548,1.)))
REPRESENTATION_ITEM('')
SURFACE()
);
#3501=(
BOUNDED_SURFACE()
B_SPLINE_SURFACE(2,3,((#4404,#4405,#4406,#4407,#4408,#4409,#4410,#4411,
#4412,#4413,#4414,#4415,#4416,#4417,#4418,#4419,#4420,#4421),(#4422,#4423,
#4424,#4425,#4426,#4427,#4428,#4429,#4430,#4431,#4432,#4433,#4434,#4435,
#4436,#4437,#4438,#4439),(#4440,#4441,#4442,#4443,#4444,#4445,#4446,#4447,
#4448,#4449,#4450,#4451,#4452,#4453,#4454,#4455,#4456,#4457)),
 .UNSPECIFIED.,.F.,.F.,.F.)
B_SPLINE_SURFACE_WITH_KNOTS((3,3),(4,1,1,1,1,1,1,1,1,1,1,1,1,1,1,4),(0.,
4.00164997253952),(-1.64313007644523E-14,0.331116682287737,0.662233364575474,
0.993350046863211,1.32446672915095,1.65558341143869,1.98670009372642,2.31781677601416,
2.6489334583019,3.31116682287737,3.64228350516511,3.97340018745285,4.30451686974058,
4.63563355202832,4.96675023431606,5.29786691660379),.UNSPECIFIED.)
GEOMETRIC_REPRESENTATION_ITEM()
RATIONAL_B_SPLINE_SURFACE(((1.,1.,1.,1.,1.,1.,1.,1.,1.,1.,1.,1.,1.,1.,1.,
1.,1.,1.),(0.707106781186459,0.707251216524859,0.71101959242489,0.725918468471166,
0.748490485376431,0.775441256816365,0.805248853534252,0.835057879649656,
0.864050096054965,0.900767935329403,0.93191786630676,0.956964956363317,
0.972629328734149,0.984851345979655,0.993565007886219,0.998820583182037,
1.,1.),(1.,1.,1.,1.,1.,1.,1.,1.,1.,1.,1.,1.,1.,1.,1.,1.,1.,1.)))
REPRESENTATION_ITEM('')
SURFACE()
);
#3502=(
BOUNDED_SURFACE()
B_SPLINE_SURFACE(3,2,((#4458,#4459,#4460),(#4461,#4462,#4463),(#4464,#4465,
#4466),(#4467,#4468,#4469),(#4470,#4471,#4472),(#4473,#4474,#4475),(#4476,
#4477,#4478),(#4479,#4480,#4481),(#4482,#4483,#4484),(#4485,#4486,#4487),
(#4488,#4489,#4490),(#4491,#4492,#4493),(#4494,#4495,#4496),(#4497,#4498,
#4499),(#4500,#4501,#4502),(#4503,#4504,#4505)),.UNSPECIFIED.,.F.,.F.,.F.)
B_SPLINE_SURFACE_WITH_KNOTS((4,1,1,1,1,1,1,1,1,1,1,1,1,4),(3,3),(-1.48631107421693E-14,
0.712878717779844,1.06931807666977,1.42575743555969,2.13863615333953,2.49507551222946,
2.85151487111937,3.2079542300093,3.56439358889923,3.92083294778914,4.27727230667907,
4.63371166556899,4.99015102445891,5.70302974223878),(-1.83741910575463E-14,
4.03847214125022),.UNSPECIFIED.)
GEOMETRIC_REPRESENTATION_ITEM()
RATIONAL_B_SPLINE_SURFACE(((1.,0.808654384387407,1.),(1.,0.808654384221685,
1.),(1.,0.806486954242065,1.),(1.,0.799674802933978,1.),(1.,0.790358395373527,
1.),(1.,0.778231743997746,1.),(1.,0.764153460557465,1.),(1.,0.753292168002783,
1.),(1.,0.742521247414982,1.),(1.,0.732165008037784,1.),(1.,0.722796658927836,
1.),(1.,0.715062224655007,1.),(1.,0.709231054647636,1.),(1.,0.704505457951821,
1.),(1.,0.704976650874942,1.),(1.,0.707106781186546,1.)))
REPRESENTATION_ITEM('')
SURFACE()
);
#3503=(
BOUNDED_SURFACE()
B_SPLINE_SURFACE(2,2,((#4506,#4507,#4508,#4509,#4510,#4511,#4512,#4513,
#4514),(#4515,#4516,#4517,#4518,#4519,#4520,#4521,#4522,#4523),(#4524,#4525,
#4526,#4527,#4528,#4529,#4530,#4531,#4532),(#4533,#4534,#4535,#4536,#4537,
#4538,#4539,#4540,#4541),(#4542,#4543,#4544,#4545,#4546,#4547,#4548,#4549,
#4550),(#4551,#4552,#4553,#4554,#4555,#4556,#4557,#4558,#4559),(#4560,#4561,
#4562,#4563,#4564,#4565,#4566,#4567,#4568),(#4569,#4570,#4571,#4572,#4573,
#4574,#4575,#4576,#4577),(#4578,#4579,#4580,#4581,#4582,#4583,#4584,#4585,
#4586)),.UNSPECIFIED.,.T.,.F.,.F.)
B_SPLINE_SURFACE_WITH_KNOTS((3,2,2,2,3),(3,2,2,2,3),(0.,3.14159265358979,
6.28318530717959,9.42477796076938,12.5663706143592),(0.,6.28318530717959,
12.5663706143592,18.8495559215388,25.1327412287183),.UNSPECIFIED.)
GEOMETRIC_REPRESENTATION_ITEM()
RATIONAL_B_SPLINE_SURFACE(((1.,0.707106781186548,1.,0.707106781186548,1.,
0.707106781186548,1.,0.707106781186548,1.),(0.707106781186548,0.5,0.707106781186548,
0.5,0.707106781186548,0.5,0.707106781186548,0.5,0.707106781186548),(1.,
0.707106781186548,1.,0.707106781186548,1.,0.707106781186548,1.,0.707106781186548,
1.),(0.707106781186548,0.5,0.707106781186548,0.5,0.707106781186548,0.5,
0.707106781186548,0.5,0.707106781186548),(1.,0.707106781186548,1.,0.707106781186548,
1.,0.707106781186548,1.,0.707106781186548,1.),(0.707106781186548,0.5,0.707106781186548,
0.5,0.707106781186548,0.5,0.707106781186548,0.5,0.707106781186548),(1.,
0.707106781186548,1.,0.707106781186548,1.,0.707106781186548,1.,0.707106781186548,
1.),(0.707106781186548,0.5,0.707106781186548,0.5,0.707106781186548,0.5,
0.707106781186548,0.5,0.707106781186548),(1.,0.707106781186548,1.,0.707106781186548,
1.,0.707106781186548,1.,0.707106781186548,1.)))
REPRESENTATION_ITEM('')
SURFACE()
);
#3504=(
BOUNDED_SURFACE()
B_SPLINE_SURFACE(2,2,((#4587,#4588,#4589,#4590,#4591,#4592,#4593,#4594,
#4595),(#4596,#4597,#4598,#4599,#4600,#4601,#4602,#4603,#4604),(#4605,#4606,
#4607,#4608,#4609,#4610,#4611,#4612,#4613),(#4614,#4615,#4616,#4617,#4618,
#4619,#4620,#4621,#4622),(#4623,#4624,#4625,#4626,#4627,#4628,#4629,#4630,
#4631),(#4632,#4633,#4634,#4635,#4636,#4637,#4638,#4639,#4640),(#4641,#4642,
#4643,#4644,#4645,#4646,#4647,#4648,#4649),(#4650,#4651,#4652,#4653,#4654,
#4655,#4656,#4657,#4658),(#4659,#4660,#4661,#4662,#4663,#4664,#4665,#4666,
#4667)),.UNSPECIFIED.,.T.,.F.,.F.)
B_SPLINE_SURFACE_WITH_KNOTS((3,2,2,2,3),(3,2,2,2,3),(0.,15.707963267949,
31.4159265358979,47.1238898038469,62.8318530717959),(0.,3.14159265358979,
6.28318530717959,9.42477796076938,12.5663706143592),.UNSPECIFIED.)
GEOMETRIC_REPRESENTATION_ITEM()
RATIONAL_B_SPLINE_SURFACE(((1.,0.707106781186548,1.,0.707106781186548,1.,
0.707106781186548,1.,0.707106781186548,1.),(0.707106781186548,0.5,0.707106781186548,
0.5,0.707106781186548,0.5,0.707106781186548,0.5,0.707106781186548),(1.,
0.707106781186548,1.,0.707106781186548,1.,0.707106781186548,1.,0.707106781186548,
1.),(0.707106781186548,0.5,0.707106781186548,0.5,0.707106781186548,0.5,
0.707106781186548,0.5,0.707106781186548),(1.,0.707106781186548,1.,0.707106781186548,
1.,0.707106781186548,1.,0.707106781186548,1.),(0.707106781186548,0.5,0.707106781186548,
0.5,0.707106781186548,0.5,0.707106781186548,0.5,0.707106781186548),(1.,
0.707106781186548,1.,0.707106781186548,1.,0.707106781186548,1.,0.707106781186548,
1.),(0.707106781186548,0.5,0.707106781186548,0.5,0.707106781186548,0.5,
0.707106781186548,0.5,0.707106781186548),(1.,0.707106781186548,1.,0.707106781186548,
1.,0.707106781186548,1.,0.707106781186548,1.)))
REPRESENTATION_ITEM('')
SURFACE()
);
#3505=(
BOUNDED_SURFACE()
B_SPLINE_SURFACE(1,2,((#4668,#4669,#4670,#4671,#4672,#4673,#4674,#4675,
#4676),(#4677,#4678,#4679,#4680,#4681,#4682,#4683,#4684,#4685)),
 .UNSPECIFIED.,.F.,.F.,.F.)
B_SPLINE_SURFACE_WITH_KNOTS((2,2),(3,2,2,2,3),(0.,4.47332142008509),(0.,
1.5707963267949,3.14159265358979,4.71238898038469,6.28318530717959),
 .UNSPECIFIED.)
GEOMETRIC_REPRESENTATION_ITEM()
RATIONAL_B_SPLINE_SURFACE(((1.,0.707106781186548,1.,0.707106781186548,1.,
0.707106781186548,1.,0.707106781186548,1.),(1.,0.707106781186548,1.,0.707106781186548,
1.,0.707106781186548,1.,0.707106781186548,1.)))
REPRESENTATION_ITEM('')
SURFACE()
);
#3506=(
BOUNDED_SURFACE()
B_SPLINE_SURFACE(2,1,((#4686,#4687),(#4688,#4689),(#4690,#4691),(#4692,
#4693),(#4694,#4695),(#4696,#4697),(#4698,#4699),(#4700,#4701),(#4702,#4703)),
 .UNSPECIFIED.,.T.,.F.,.F.)
B_SPLINE_SURFACE_WITH_KNOTS((3,2,2,2,3),(2,2),(0.,1.5707963267949,3.14159265358979,
4.71238898038469,6.28318530717959),(0.,17.7703633168528),.UNSPECIFIED.)
GEOMETRIC_REPRESENTATION_ITEM()
RATIONAL_B_SPLINE_SURFACE(((1.,1.),(0.707106781186548,0.707106781186548),
(1.,1.),(0.707106781186548,0.707106781186548),(1.,1.),(0.707106781186548,
0.707106781186548),(1.,1.),(0.707106781186548,0.707106781186548),(1.,1.)))
REPRESENTATION_ITEM('')
SURFACE()
);
#3507=(
BOUNDED_SURFACE()
B_SPLINE_SURFACE(3,2,((#4704,#4705,#4706),(#4707,#4708,#4709),(#4710,#4711,
#4712),(#4713,#4714,#4715),(#4716,#4717,#4718),(#4719,#4720,#4721),(#4722,
#4723,#4724)),.UNSPECIFIED.,.F.,.F.,.F.)
B_SPLINE_SURFACE_WITH_KNOTS((4,1,1,1,4),(3,3),(3.14154011543351,3.53429173528852,
3.92699081698724,4.31968989868597,4.71244151854097),(-1.20181642415673E-14,
1.00005253815628),.UNSPECIFIED.)
GEOMETRIC_REPRESENTATION_ITEM()
RATIONAL_B_SPLINE_SURFACE(((1.,0.737751816338225,1.00002755607212),(1.,
0.737752025182889,1.00002755605017),(1.,0.736191310437188,1.00002772004432),
(1.,0.729480979569812,1.00002842514115),(1.,0.71931546131445,1.00002949329632),
(1.,0.711190753900615,1.00003034701061),(1.,0.707089747351103,1.00003077792926)))
REPRESENTATION_ITEM('')
SURFACE()
);
#3508=(
BOUNDED_SURFACE()
B_SPLINE_SURFACE(2,2,((#4725,#4726,#4727,#4728,#4729,#4730,#4731,#4732,
#4733),(#4734,#4735,#4736,#4737,#4738,#4739,#4740,#4741,#4742),(#4743,#4744,
#4745,#4746,#4747,#4748,#4749,#4750,#4751),(#4752,#4753,#4754,#4755,#4756,
#4757,#4758,#4759,#4760),(#4761,#4762,#4763,#4764,#4765,#4766,#4767,#4768,
#4769),(#4770,#4771,#4772,#4773,#4774,#4775,#4776,#4777,#4778),(#4779,#4780,
#4781,#4782,#4783,#4784,#4785,#4786,#4787),(#4788,#4789,#4790,#4791,#4792,
#4793,#4794,#4795,#4796),(#4797,#4798,#4799,#4800,#4801,#4802,#4803,#4804,
#4805)),.UNSPECIFIED.,.T.,.F.,.F.)
B_SPLINE_SURFACE_WITH_KNOTS((3,2,2,2,3),(3,2,2,2,3),(0.,15.707963267949,
31.4159265358979,47.1238898038469,62.8318530717959),(0.,3.14159265358979,
6.28318530717959,9.42477796076938,12.5663706143592),.UNSPECIFIED.)
GEOMETRIC_REPRESENTATION_ITEM()
RATIONAL_B_SPLINE_SURFACE(((1.,0.707106781186548,1.,0.707106781186548,1.,
0.707106781186548,1.,0.707106781186548,1.),(0.707106781186548,0.5,0.707106781186548,
0.5,0.707106781186548,0.5,0.707106781186548,0.5,0.707106781186548),(1.,
0.707106781186548,1.,0.707106781186548,1.,0.707106781186548,1.,0.707106781186548,
1.),(0.707106781186548,0.5,0.707106781186548,0.5,0.707106781186548,0.5,
0.707106781186548,0.5,0.707106781186548),(1.,0.707106781186548,1.,0.707106781186548,
1.,0.707106781186548,1.,0.707106781186548,1.),(0.707106781186548,0.5,0.707106781186548,
0.5,0.707106781186548,0.5,0.707106781186548,0.5,0.707106781186548),(1.,
0.707106781186548,1.,0.707106781186548,1.,0.707106781186548,1.,0.707106781186548,
1.),(0.707106781186548,0.5,0.707106781186548,0.5,0.707106781186548,0.5,
0.707106781186548,0.5,0.707106781186548),(1.,0.707106781186548,1.,0.707106781186548,
1.,0.707106781186548,1.,0.707106781186548,1.)))
REPRESENTATION_ITEM('')
SURFACE()
);
#3509=(
BOUNDED_SURFACE()
B_SPLINE_SURFACE(2,2,((#4806,#4807,#4808,#4809,#4810,#4811,#4812,#4813,
#4814),(#4815,#4816,#4817,#4818,#4819,#4820,#4821,#4822,#4823),(#4824,#4825,
#4826,#4827,#4828,#4829,#4830,#4831,#4832),(#4833,#4834,#4835,#4836,#4837,
#4838,#4839,#4840,#4841),(#4842,#4843,#4844,#4845,#4846,#4847,#4848,#4849,
#4850),(#4851,#4852,#4853,#4854,#4855,#4856,#4857,#4858,#4859),(#4860,#4861,
#4862,#4863,#4864,#4865,#4866,#4867,#4868),(#4869,#4870,#4871,#4872,#4873,
#4874,#4875,#4876,#4877),(#4878,#4879,#4880,#4881,#4882,#4883,#4884,#4885,
#4886)),.UNSPECIFIED.,.T.,.F.,.F.)
B_SPLINE_SURFACE_WITH_KNOTS((3,2,2,2,3),(3,2,2,2,3),(0.,15.707963267949,
31.4159265358979,47.1238898038469,62.8318530717959),(0.,3.14159265358979,
6.28318530717959,9.42477796076938,12.5663706143592),.UNSPECIFIED.)
GEOMETRIC_REPRESENTATION_ITEM()
RATIONAL_B_SPLINE_SURFACE(((1.,0.707106781186548,1.,0.707106781186548,1.,
0.707106781186548,1.,0.707106781186548,1.),(0.707106781186548,0.5,0.707106781186548,
0.5,0.707106781186548,0.5,0.707106781186548,0.5,0.707106781186548),(1.,
0.707106781186548,1.,0.707106781186548,1.,0.707106781186548,1.,0.707106781186548,
1.),(0.707106781186548,0.5,0.707106781186548,0.5,0.707106781186548,0.5,
0.707106781186548,0.5,0.707106781186548),(1.,0.707106781186548,1.,0.707106781186548,
1.,0.707106781186548,1.,0.707106781186548,1.),(0.707106781186548,0.5,0.707106781186548,
0.5,0.707106781186548,0.5,0.707106781186548,0.5,0.707106781186548),(1.,
0.707106781186548,1.,0.707106781186548,1.,0.707106781186548,1.,0.707106781186548,
1.),(0.707106781186548,0.5,0.707106781186548,0.5,0.707106781186548,0.5,
0.707106781186548,0.5,0.707106781186548),(1.,0.707106781186548,1.,0.707106781186548,
1.,0.707106781186548,1.,0.707106781186548,1.)))
REPRESENTATION_ITEM('')
SURFACE()
);
#3510=(
BOUNDED_SURFACE()
B_SPLINE_SURFACE(2,1,((#4887,#4888),(#4889,#4890),(#4891,#4892),(#4893,
#4894),(#4895,#4896),(#4897,#4898),(#4899,#4900),(#4901,#4902),(#4903,#4904)),
 .UNSPECIFIED.,.T.,.F.,.F.)
B_SPLINE_SURFACE_WITH_KNOTS((3,2,2,2,3),(2,2),(0.,1.5707963267949,3.14159265358979,
4.71238898038469,6.28318530717959),(0.,12.6877962456304),.UNSPECIFIED.)
GEOMETRIC_REPRESENTATION_ITEM()
RATIONAL_B_SPLINE_SURFACE(((1.,1.),(0.707106781186548,0.707106781186548),
(1.,1.),(0.707106781186548,0.707106781186548),(1.,1.),(0.707106781186548,
0.707106781186548),(1.,1.),(0.707106781186548,0.707106781186548),(1.,1.)))
REPRESENTATION_ITEM('')
SURFACE()
);
#3511=(
BOUNDED_SURFACE()
B_SPLINE_SURFACE(2,2,((#4905,#4906,#4907,#4908,#4909),(#4910,#4911,#4912,
#4913,#4914),(#4915,#4916,#4917,#4918,#4919),(#4920,#4921,#4922,#4923,#4924),
(#4925,#4926,#4927,#4928,#4929),(#4930,#4931,#4932,#4933,#4934),(#4935,
#4936,#4937,#4938,#4939),(#4940,#4941,#4942,#4943,#4944),(#4945,#4946,#4947,
#4948,#4949)),.UNSPECIFIED.,.T.,.F.,.F.)
B_SPLINE_SURFACE_WITH_KNOTS((3,2,2,2,3),(3,2,3),(0.,1.5707963267949,3.14159265358979,
4.71238898038469,6.28318530717959),(-1.5707963267949,0.,1.5707963267949),
 .UNSPECIFIED.)
GEOMETRIC_REPRESENTATION_ITEM()
RATIONAL_B_SPLINE_SURFACE(((1.,0.707106781186548,1.,0.707106781186548,1.),
(0.707106781186548,0.5,0.707106781186548,0.5,0.707106781186548),(1.,0.707106781186548,
1.,0.707106781186548,1.),(0.707106781186548,0.5,0.707106781186548,0.5,0.707106781186548),
(1.,0.707106781186548,1.,0.707106781186548,1.),(0.707106781186548,0.5,0.707106781186548,
0.5,0.707106781186548),(1.,0.707106781186548,1.,0.707106781186548,1.),(0.707106781186548,
0.5,0.707106781186548,0.5,0.707106781186548),(1.,0.707106781186548,1.,0.707106781186548,
1.)))
REPRESENTATION_ITEM('')
SURFACE()
);
#3512=(
BOUNDED_SURFACE()
B_SPLINE_SURFACE(2,2,((#4950,#4951,#4952,#4953,#4954),(#4955,#4956,#4957,
#4958,#4959),(#4960,#4961,#4962,#4963,#4964),(#4965,#4966,#4967,#4968,#4969),
(#4970,#4971,#4972,#4973,#4974),(#4975,#4976,#4977,#4978,#4979),(#4980,
#4981,#4982,#4983,#4984),(#4985,#4986,#4987,#4988,#4989),(#4990,#4991,#4992,
#4993,#4994)),.UNSPECIFIED.,.T.,.F.,.F.)
B_SPLINE_SURFACE_WITH_KNOTS((3,2,2,2,3),(3,2,3),(0.,1.5707963267949,3.14159265358979,
4.71238898038469,6.28318530717959),(-1.5707963267949,0.,1.5707963267949),
 .UNSPECIFIED.)
GEOMETRIC_REPRESENTATION_ITEM()
RATIONAL_B_SPLINE_SURFACE(((1.,0.707106781186548,1.,0.707106781186548,1.),
(0.707106781186548,0.5,0.707106781186548,0.5,0.707106781186548),(1.,0.707106781186548,
1.,0.707106781186548,1.),(0.707106781186548,0.5,0.707106781186548,0.5,0.707106781186548),
(1.,0.707106781186548,1.,0.707106781186548,1.),(0.707106781186548,0.5,0.707106781186548,
0.5,0.707106781186548),(1.,0.707106781186548,1.,0.707106781186548,1.),(0.707106781186548,
0.5,0.707106781186548,0.5,0.707106781186548),(1.,0.707106781186548,1.,0.707106781186548,
1.)))
REPRESENTATION_ITEM('')
SURFACE()
);
#3513=(
BOUNDED_SURFACE()
B_SPLINE_SURFACE(2,1,((#4995,#4996),(#4997,#4998),(#4999,#5000),(#5001,
#5002),(#5003,#5004),(#5005,#5006),(#5007,#5008),(#5009,#5010),(#5011,#5012)),
 .UNSPECIFIED.,.T.,.F.,.F.)
B_SPLINE_SURFACE_WITH_KNOTS((3,2,2,2,3),(2,2),(0.,1.5707963267949,3.14159265358979,
4.71238898038469,6.28318530717959),(0.,5.49677793794464),.UNSPECIFIED.)
GEOMETRIC_REPRESENTATION_ITEM()
RATIONAL_B_SPLINE_SURFACE(((1.,1.),(0.707106781186548,0.707106781186548),
(1.,1.),(0.707106781186548,0.707106781186548),(1.,1.),(0.707106781186548,
0.707106781186548),(1.,1.),(0.707106781186548,0.707106781186548),(1.,1.)))
REPRESENTATION_ITEM('')
SURFACE()
);
#3514=(
BOUNDED_SURFACE()
B_SPLINE_SURFACE(2,2,((#5013,#5014,#5015,#5016,#5017),(#5018,#5019,#5020,
#5021,#5022),(#5023,#5024,#5025,#5026,#5027),(#5028,#5029,#5030,#5031,#5032),
(#5033,#5034,#5035,#5036,#5037),(#5038,#5039,#5040,#5041,#5042),(#5043,
#5044,#5045,#5046,#5047),(#5048,#5049,#5050,#5051,#5052),(#5053,#5054,#5055,
#5056,#5057)),.UNSPECIFIED.,.T.,.F.,.F.)
B_SPLINE_SURFACE_WITH_KNOTS((3,2,2,2,3),(3,2,3),(0.,1.5707963267949,3.14159265358979,
4.71238898038469,6.28318530717959),(-1.5707963267949,0.,1.5707963267949),
 .UNSPECIFIED.)
GEOMETRIC_REPRESENTATION_ITEM()
RATIONAL_B_SPLINE_SURFACE(((1.,0.707106781186548,1.,0.707106781186548,1.),
(0.707106781186548,0.5,0.707106781186548,0.5,0.707106781186548),(1.,0.707106781186548,
1.,0.707106781186548,1.),(0.707106781186548,0.5,0.707106781186548,0.5,0.707106781186548),
(1.,0.707106781186548,1.,0.707106781186548,1.),(0.707106781186548,0.5,0.707106781186548,
0.5,0.707106781186548),(1.,0.707106781186548,1.,0.707106781186548,1.),(0.707106781186548,
0.5,0.707106781186548,0.5,0.707106781186548),(1.,0.707106781186548,1.,0.707106781186548,
1.)))
REPRESENTATION_ITEM('')
SURFACE()
);
#3515=(
BOUNDED_SURFACE()
B_SPLINE_SURFACE(2,2,((#5058,#5059,#5060,#5061,#5062,#5063,#5064,#5065,
#5066),(#5067,#5068,#5069,#5070,#5071,#5072,#5073,#5074,#5075),(#5076,#5077,
#5078,#5079,#5080,#5081,#5082,#5083,#5084),(#5085,#5086,#5087,#5088,#5089,
#5090,#5091,#5092,#5093),(#5094,#5095,#5096,#5097,#5098,#5099,#5100,#5101,
#5102),(#5103,#5104,#5105,#5106,#5107,#5108,#5109,#5110,#5111),(#5112,#5113,
#5114,#5115,#5116,#5117,#5118,#5119,#5120),(#5121,#5122,#5123,#5124,#5125,
#5126,#5127,#5128,#5129),(#5130,#5131,#5132,#5133,#5134,#5135,#5136,#5137,
#5138)),.UNSPECIFIED.,.T.,.F.,.F.)
B_SPLINE_SURFACE_WITH_KNOTS((3,2,2,2,3),(3,2,2,2,3),(0.,15.707963267949,
31.4159265358979,47.1238898038469,62.8318530717959),(0.,3.14159265358979,
6.28318530717959,9.42477796076938,12.5663706143592),.UNSPECIFIED.)
GEOMETRIC_REPRESENTATION_ITEM()
RATIONAL_B_SPLINE_SURFACE(((1.,0.707106781186548,1.,0.707106781186548,1.,
0.707106781186548,1.,0.707106781186548,1.),(0.707106781186548,0.5,0.707106781186548,
0.5,0.707106781186548,0.5,0.707106781186548,0.5,0.707106781186548),(1.,
0.707106781186548,1.,0.707106781186548,1.,0.707106781186548,1.,0.707106781186548,
1.),(0.707106781186548,0.5,0.707106781186548,0.5,0.707106781186548,0.5,
0.707106781186548,0.5,0.707106781186548),(1.,0.707106781186548,1.,0.707106781186548,
1.,0.707106781186548,1.,0.707106781186548,1.),(0.707106781186548,0.5,0.707106781186548,
0.5,0.707106781186548,0.5,0.707106781186548,0.5,0.707106781186548),(1.,
0.707106781186548,1.,0.707106781186548,1.,0.707106781186548,1.,0.707106781186548,
1.),(0.707106781186548,0.5,0.707106781186548,0.5,0.707106781186548,0.5,
0.707106781186548,0.5,0.707106781186548),(1.,0.707106781186548,1.,0.707106781186548,
1.,0.707106781186548,1.,0.707106781186548,1.)))
REPRESENTATION_ITEM('')
SURFACE()
);
#3516=(
BOUNDED_SURFACE()
B_SPLINE_SURFACE(2,1,((#5139,#5140),(#5141,#5142),(#5143,#5144),(#5145,
#5146),(#5147,#5148),(#5149,#5150),(#5151,#5152),(#5153,#5154),(#5155,#5156)),
 .UNSPECIFIED.,.T.,.F.,.F.)
B_SPLINE_SURFACE_WITH_KNOTS((3,2,2,2,3),(2,2),(0.,1.5707963267949,3.14159265358979,
4.71238898038469,6.28318530717959),(0.,17.7703633168528),.UNSPECIFIED.)
GEOMETRIC_REPRESENTATION_ITEM()
RATIONAL_B_SPLINE_SURFACE(((1.,1.),(0.707106781186548,0.707106781186548),
(1.,1.),(0.707106781186548,0.707106781186548),(1.,1.),(0.707106781186548,
0.707106781186548),(1.,1.),(0.707106781186548,0.707106781186548),(1.,1.)))
REPRESENTATION_ITEM('')
SURFACE()
);
#3517=(
BOUNDED_SURFACE()
B_SPLINE_SURFACE(2,2,((#5157,#5158,#5159,#5160,#5161,#5162,#5163,#5164,
#5165),(#5166,#5167,#5168,#5169,#5170,#5171,#5172,#5173,#5174),(#5175,#5176,
#5177,#5178,#5179,#5180,#5181,#5182,#5183),(#5184,#5185,#5186,#5187,#5188,
#5189,#5190,#5191,#5192),(#5193,#5194,#5195,#5196,#5197,#5198,#5199,#5200,
#5201),(#5202,#5203,#5204,#5205,#5206,#5207,#5208,#5209,#5210),(#5211,#5212,
#5213,#5214,#5215,#5216,#5217,#5218,#5219),(#5220,#5221,#5222,#5223,#5224,
#5225,#5226,#5227,#5228),(#5229,#5230,#5231,#5232,#5233,#5234,#5235,#5236,
#5237)),.UNSPECIFIED.,.T.,.F.,.F.)
B_SPLINE_SURFACE_WITH_KNOTS((3,2,2,2,3),(3,2,2,2,3),(0.,15.707963267949,
31.4159265358979,47.1238898038469,62.8318530717959),(0.,3.14159265358979,
6.28318530717959,9.42477796076938,12.5663706143592),.UNSPECIFIED.)
GEOMETRIC_REPRESENTATION_ITEM()
RATIONAL_B_SPLINE_SURFACE(((1.,0.707106781186548,1.,0.707106781186548,1.,
0.707106781186548,1.,0.707106781186548,1.),(0.707106781186548,0.5,0.707106781186548,
0.5,0.707106781186548,0.5,0.707106781186548,0.5,0.707106781186548),(1.,
0.707106781186548,1.,0.707106781186548,1.,0.707106781186548,1.,0.707106781186548,
1.),(0.707106781186548,0.5,0.707106781186548,0.5,0.707106781186548,0.5,
0.707106781186548,0.5,0.707106781186548),(1.,0.707106781186548,1.,0.707106781186548,
1.,0.707106781186548,1.,0.707106781186548,1.),(0.707106781186548,0.5,0.707106781186548,
0.5,0.707106781186548,0.5,0.707106781186548,0.5,0.707106781186548),(1.,
0.707106781186548,1.,0.707106781186548,1.,0.707106781186548,1.,0.707106781186548,
1.),(0.707106781186548,0.5,0.707106781186548,0.5,0.707106781186548,0.5,
0.707106781186548,0.5,0.707106781186548),(1.,0.707106781186548,1.,0.707106781186548,
1.,0.707106781186548,1.,0.707106781186548,1.)))
REPRESENTATION_ITEM('')
SURFACE()
);
#3518=(
BOUNDED_SURFACE()
B_SPLINE_SURFACE(2,2,((#5238,#5239,#5240,#5241,#5242,#5243,#5244,#5245,
#5246),(#5247,#5248,#5249,#5250,#5251,#5252,#5253,#5254,#5255),(#5256,#5257,
#5258,#5259,#5260,#5261,#5262,#5263,#5264),(#5265,#5266,#5267,#5268,#5269,
#5270,#5271,#5272,#5273),(#5274,#5275,#5276,#5277,#5278,#5279,#5280,#5281,
#5282),(#5283,#5284,#5285,#5286,#5287,#5288,#5289,#5290,#5291),(#5292,#5293,
#5294,#5295,#5296,#5297,#5298,#5299,#5300),(#5301,#5302,#5303,#5304,#5305,
#5306,#5307,#5308,#5309),(#5310,#5311,#5312,#5313,#5314,#5315,#5316,#5317,
#5318)),.UNSPECIFIED.,.T.,.F.,.F.)
B_SPLINE_SURFACE_WITH_KNOTS((3,2,2,2,3),(3,2,2,2,3),(0.,15.707963267949,
31.4159265358979,47.1238898038469,62.8318530717959),(0.,3.14159265358979,
6.28318530717959,9.42477796076938,12.5663706143592),.UNSPECIFIED.)
GEOMETRIC_REPRESENTATION_ITEM()
RATIONAL_B_SPLINE_SURFACE(((1.,0.707106781186548,1.,0.707106781186548,1.,
0.707106781186548,1.,0.707106781186548,1.),(0.707106781186548,0.5,0.707106781186548,
0.5,0.707106781186548,0.5,0.707106781186548,0.5,0.707106781186548),(1.,
0.707106781186548,1.,0.707106781186548,1.,0.707106781186548,1.,0.707106781186548,
1.),(0.707106781186548,0.5,0.707106781186548,0.5,0.707106781186548,0.5,
0.707106781186548,0.5,0.707106781186548),(1.,0.707106781186548,1.,0.707106781186548,
1.,0.707106781186548,1.,0.707106781186548,1.),(0.707106781186548,0.5,0.707106781186548,
0.5,0.707106781186548,0.5,0.707106781186548,0.5,0.707106781186548),(1.,
0.707106781186548,1.,0.707106781186548,1.,0.707106781186548,1.,0.707106781186548,
1.),(0.707106781186548,0.5,0.707106781186548,0.5,0.707106781186548,0.5,
0.707106781186548,0.5,0.707106781186548),(1.,0.707106781186548,1.,0.707106781186548,
1.,0.707106781186548,1.,0.707106781186548,1.)))
REPRESENTATION_ITEM('')
SURFACE()
);
#3519=(
BOUNDED_SURFACE()
B_SPLINE_SURFACE(2,1,((#5319,#5320),(#5321,#5322),(#5323,#5324),(#5325,
#5326),(#5327,#5328),(#5329,#5330),(#5331,#5332),(#5333,#5334),(#5335,#5336)),
 .UNSPECIFIED.,.T.,.F.,.F.)
B_SPLINE_SURFACE_WITH_KNOTS((3,2,2,2,3),(2,2),(0.,1.5707963267949,3.14159265358979,
4.71238898038469,6.28318530717959),(0.,17.7703633168527),.UNSPECIFIED.)
GEOMETRIC_REPRESENTATION_ITEM()
RATIONAL_B_SPLINE_SURFACE(((1.,1.),(0.707106781186548,0.707106781186548),
(1.,1.),(0.707106781186548,0.707106781186548),(1.,1.),(0.707106781186548,
0.707106781186548),(1.,1.),(0.707106781186548,0.707106781186548),(1.,1.)))
REPRESENTATION_ITEM('')
SURFACE()
);
#3520=(
BOUNDED_SURFACE()
B_SPLINE_SURFACE(2,2,((#5337,#5338,#5339,#5340,#5341,#5342,#5343,#5344,
#5345),(#5346,#5347,#5348,#5349,#5350,#5351,#5352,#5353,#5354),(#5355,#5356,
#5357,#5358,#5359,#5360,#5361,#5362,#5363),(#5364,#5365,#5366,#5367,#5368,
#5369,#5370,#5371,#5372),(#5373,#5374,#5375,#5376,#5377,#5378,#5379,#5380,
#5381),(#5382,#5383,#5384,#5385,#5386,#5387,#5388,#5389,#5390),(#5391,#5392,
#5393,#5394,#5395,#5396,#5397,#5398,#5399),(#5400,#5401,#5402,#5403,#5404,
#5405,#5406,#5407,#5408),(#5409,#5410,#5411,#5412,#5413,#5414,#5415,#5416,
#5417)),.UNSPECIFIED.,.T.,.F.,.F.)
B_SPLINE_SURFACE_WITH_KNOTS((3,2,2,2,3),(3,2,2,2,3),(0.,15.707963267949,
31.4159265358979,47.1238898038469,62.8318530717959),(0.,3.14159265358979,
6.28318530717959,9.42477796076938,12.5663706143592),.UNSPECIFIED.)
GEOMETRIC_REPRESENTATION_ITEM()
RATIONAL_B_SPLINE_SURFACE(((1.,0.707106781186548,1.,0.707106781186548,1.,
0.707106781186548,1.,0.707106781186548,1.),(0.707106781186548,0.5,0.707106781186548,
0.5,0.707106781186548,0.5,0.707106781186548,0.5,0.707106781186548),(1.,
0.707106781186548,1.,0.707106781186548,1.,0.707106781186548,1.,0.707106781186548,
1.),(0.707106781186548,0.5,0.707106781186548,0.5,0.707106781186548,0.5,
0.707106781186548,0.5,0.707106781186548),(1.,0.707106781186548,1.,0.707106781186548,
1.,0.707106781186548,1.,0.707106781186548,1.),(0.707106781186548,0.5,0.707106781186548,
0.5,0.707106781186548,0.5,0.707106781186548,0.5,0.707106781186548),(1.,
0.707106781186548,1.,0.707106781186548,1.,0.707106781186548,1.,0.707106781186548,
1.),(0.707106781186548,0.5,0.707106781186548,0.5,0.707106781186548,0.5,
0.707106781186548,0.5,0.707106781186548),(1.,0.707106781186548,1.,0.707106781186548,
1.,0.707106781186548,1.,0.707106781186548,1.)))
REPRESENTATION_ITEM('')
SURFACE()
);
#3521=(
BOUNDED_SURFACE()
B_SPLINE_SURFACE(2,2,((#5418,#5419,#5420,#5421,#5422),(#5423,#5424,#5425,
#5426,#5427),(#5428,#5429,#5430,#5431,#5432),(#5433,#5434,#5435,#5436,#5437),
(#5438,#5439,#5440,#5441,#5442),(#5443,#5444,#5445,#5446,#5447),(#5448,
#5449,#5450,#5451,#5452),(#5453,#5454,#5455,#5456,#5457),(#5458,#5459,#5460,
#5461,#5462)),.UNSPECIFIED.,.T.,.F.,.F.)
B_SPLINE_SURFACE_WITH_KNOTS((3,2,2,2,3),(3,2,3),(0.,1.5707963267949,3.14159265358979,
4.71238898038469,6.28318530717959),(-1.5707963267949,0.,1.5707963267949),
 .UNSPECIFIED.)
GEOMETRIC_REPRESENTATION_ITEM()
RATIONAL_B_SPLINE_SURFACE(((1.,0.707106781186548,1.,0.707106781186548,1.),
(0.707106781186548,0.5,0.707106781186548,0.5,0.707106781186548),(1.,0.707106781186548,
1.,0.707106781186548,1.),(0.707106781186548,0.5,0.707106781186548,0.5,0.707106781186548),
(1.,0.707106781186548,1.,0.707106781186548,1.),(0.707106781186548,0.5,0.707106781186548,
0.5,0.707106781186548),(1.,0.707106781186548,1.,0.707106781186548,1.),(0.707106781186548,
0.5,0.707106781186548,0.5,0.707106781186548),(1.,0.707106781186548,1.,0.707106781186548,
1.)))
REPRESENTATION_ITEM('')
SURFACE()
);
#3522=(
BOUNDED_SURFACE()
B_SPLINE_SURFACE(2,2,((#5463,#5464,#5465,#5466,#5467),(#5468,#5469,#5470,
#5471,#5472),(#5473,#5474,#5475,#5476,#5477),(#5478,#5479,#5480,#5481,#5482),
(#5483,#5484,#5485,#5486,#5487),(#5488,#5489,#5490,#5491,#5492),(#5493,
#5494,#5495,#5496,#5497),(#5498,#5499,#5500,#5501,#5502),(#5503,#5504,#5505,
#5506,#5507)),.UNSPECIFIED.,.T.,.F.,.F.)
B_SPLINE_SURFACE_WITH_KNOTS((3,2,2,2,3),(3,2,3),(0.,1.5707963267949,3.14159265358979,
4.71238898038469,6.28318530717959),(-1.5707963267949,0.,1.5707963267949),
 .UNSPECIFIED.)
GEOMETRIC_REPRESENTATION_ITEM()
RATIONAL_B_SPLINE_SURFACE(((1.,0.707106781186548,1.,0.707106781186548,1.),
(0.707106781186548,0.5,0.707106781186548,0.5,0.707106781186548),(1.,0.707106781186548,
1.,0.707106781186548,1.),(0.707106781186548,0.5,0.707106781186548,0.5,0.707106781186548),
(1.,0.707106781186548,1.,0.707106781186548,1.),(0.707106781186548,0.5,0.707106781186548,
0.5,0.707106781186548),(1.,0.707106781186548,1.,0.707106781186548,1.),(0.707106781186548,
0.5,0.707106781186548,0.5,0.707106781186548),(1.,0.707106781186548,1.,0.707106781186548,
1.)))
REPRESENTATION_ITEM('')
SURFACE()
);
#3523=(
BOUNDED_SURFACE()
B_SPLINE_SURFACE(2,1,((#5508,#5509),(#5510,#5511),(#5512,#5513),(#5514,
#5515),(#5516,#5517),(#5518,#5519),(#5520,#5521),(#5522,#5523),(#5524,#5525)),
 .UNSPECIFIED.,.T.,.F.,.F.)
B_SPLINE_SURFACE_WITH_KNOTS((3,2,2,2,3),(2,2),(0.,1.5707963267949,3.14159265358979,
4.71238898038469,6.28318530717959),(0.,10.4884681734229),.UNSPECIFIED.)
GEOMETRIC_REPRESENTATION_ITEM()
RATIONAL_B_SPLINE_SURFACE(((1.,1.),(0.707106781186548,0.707106781186548),
(1.,1.),(0.707106781186548,0.707106781186548),(1.,1.),(0.707106781186548,
0.707106781186548),(1.,1.),(0.707106781186548,0.707106781186548),(1.,1.)))
REPRESENTATION_ITEM('')
SURFACE()
);
#3524=(
BOUNDED_SURFACE()
B_SPLINE_SURFACE(2,2,((#5526,#5527,#5528,#5529,#5530),(#5531,#5532,#5533,
#5534,#5535),(#5536,#5537,#5538,#5539,#5540),(#5541,#5542,#5543,#5544,#5545),
(#5546,#5547,#5548,#5549,#5550),(#5551,#5552,#5553,#5554,#5555),(#5556,
#5557,#5558,#5559,#5560),(#5561,#5562,#5563,#5564,#5565),(#5566,#5567,#5568,
#5569,#5570)),.UNSPECIFIED.,.T.,.F.,.F.)
B_SPLINE_SURFACE_WITH_KNOTS((3,2,2,2,3),(3,2,3),(0.,1.5707963267949,3.14159265358979,
4.71238898038469,6.28318530717959),(-1.5707963267949,0.,1.5707963267949),
 .UNSPECIFIED.)
GEOMETRIC_REPRESENTATION_ITEM()
RATIONAL_B_SPLINE_SURFACE(((1.,0.707106781186548,1.,0.707106781186548,1.),
(0.707106781186548,0.5,0.707106781186548,0.5,0.707106781186548),(1.,0.707106781186548,
1.,0.707106781186548,1.),(0.707106781186548,0.5,0.707106781186548,0.5,0.707106781186548),
(1.,0.707106781186548,1.,0.707106781186548,1.),(0.707106781186548,0.5,0.707106781186548,
0.5,0.707106781186548),(1.,0.707106781186548,1.,0.707106781186548,1.),(0.707106781186548,
0.5,0.707106781186548,0.5,0.707106781186548),(1.,0.707106781186548,1.,0.707106781186548,
1.)))
REPRESENTATION_ITEM('')
SURFACE()
);
#3525=(
BOUNDED_SURFACE()
B_SPLINE_SURFACE(2,2,((#5571,#5572,#5573,#5574,#5575),(#5576,#5577,#5578,
#5579,#5580),(#5581,#5582,#5583,#5584,#5585),(#5586,#5587,#5588,#5589,#5590),
(#5591,#5592,#5593,#5594,#5595),(#5596,#5597,#5598,#5599,#5600),(#5601,
#5602,#5603,#5604,#5605),(#5606,#5607,#5608,#5609,#5610),(#5611,#5612,#5613,
#5614,#5615)),.UNSPECIFIED.,.T.,.F.,.F.)
B_SPLINE_SURFACE_WITH_KNOTS((3,2,2,2,3),(3,2,3),(0.,1.5707963267949,3.14159265358979,
4.71238898038469,6.28318530717959),(-1.5707963267949,0.,1.5707963267949),
 .UNSPECIFIED.)
GEOMETRIC_REPRESENTATION_ITEM()
RATIONAL_B_SPLINE_SURFACE(((1.,0.707106781186548,1.,0.707106781186548,1.),
(0.707106781186548,0.5,0.707106781186548,0.5,0.707106781186548),(1.,0.707106781186548,
1.,0.707106781186548,1.),(0.707106781186548,0.5,0.707106781186548,0.5,0.707106781186548),
(1.,0.707106781186548,1.,0.707106781186548,1.),(0.707106781186548,0.5,0.707106781186548,
0.5,0.707106781186548),(1.,0.707106781186548,1.,0.707106781186548,1.),(0.707106781186548,
0.5,0.707106781186548,0.5,0.707106781186548),(1.,0.707106781186548,1.,0.707106781186548,
1.)))
REPRESENTATION_ITEM('')
SURFACE()
);
#3526=(
BOUNDED_SURFACE()
B_SPLINE_SURFACE(2,2,((#5616,#5617,#5618,#5619,#5620,#5621,#5622,#5623,
#5624),(#5625,#5626,#5627,#5628,#5629,#5630,#5631,#5632,#5633),(#5634,#5635,
#5636,#5637,#5638,#5639,#5640,#5641,#5642),(#5643,#5644,#5645,#5646,#5647,
#5648,#5649,#5650,#5651),(#5652,#5653,#5654,#5655,#5656,#5657,#5658,#5659,
#5660),(#5661,#5662,#5663,#5664,#5665,#5666,#5667,#5668,#5669),(#5670,#5671,
#5672,#5673,#5674,#5675,#5676,#5677,#5678),(#5679,#5680,#5681,#5682,#5683,
#5684,#5685,#5686,#5687),(#5688,#5689,#5690,#5691,#5692,#5693,#5694,#5695,
#5696)),.UNSPECIFIED.,.T.,.F.,.F.)
B_SPLINE_SURFACE_WITH_KNOTS((3,2,2,2,3),(3,2,2,2,3),(0.,3.14159265358979,
6.28318530717959,9.42477796076938,12.5663706143592),(0.,6.28318530717959,
12.5663706143592,18.8495559215388,25.1327412287183),.UNSPECIFIED.)
GEOMETRIC_REPRESENTATION_ITEM()
RATIONAL_B_SPLINE_SURFACE(((1.,0.707106781186548,1.,0.707106781186548,1.,
0.707106781186548,1.,0.707106781186548,1.),(0.707106781186548,0.5,0.707106781186548,
0.5,0.707106781186548,0.5,0.707106781186548,0.5,0.707106781186548),(1.,
0.707106781186548,1.,0.707106781186548,1.,0.707106781186548,1.,0.707106781186548,
1.),(0.707106781186548,0.5,0.707106781186548,0.5,0.707106781186548,0.5,
0.707106781186548,0.5,0.707106781186548),(1.,0.707106781186548,1.,0.707106781186548,
1.,0.707106781186548,1.,0.707106781186548,1.),(0.707106781186548,0.5,0.707106781186548,
0.5,0.707106781186548,0.5,0.707106781186548,0.5,0.707106781186548),(1.,
0.707106781186548,1.,0.707106781186548,1.,0.707106781186548,1.,0.707106781186548,
1.),(0.707106781186548,0.5,0.707106781186548,0.5,0.707106781186548,0.5,
0.707106781186548,0.5,0.707106781186548),(1.,0.707106781186548,1.,0.707106781186548,
1.,0.707106781186548,1.,0.707106781186548,1.)))
REPRESENTATION_ITEM('')
SURFACE()
);
#3527=(
BOUNDED_SURFACE()
B_SPLINE_SURFACE(2,2,((#5697,#5698,#5699,#5700,#5701,#5702,#5703,#5704,
#5705),(#5706,#5707,#5708,#5709,#5710,#5711,#5712,#5713,#5714),(#5715,#5716,
#5717,#5718,#5719,#5720,#5721,#5722,#5723),(#5724,#5725,#5726,#5727,#5728,
#5729,#5730,#5731,#5732),(#5733,#5734,#5735,#5736,#5737,#5738,#5739,#5740,
#5741),(#5742,#5743,#5744,#5745,#5746,#5747,#5748,#5749,#5750),(#5751,#5752,
#5753,#5754,#5755,#5756,#5757,#5758,#5759),(#5760,#5761,#5762,#5763,#5764,
#5765,#5766,#5767,#5768),(#5769,#5770,#5771,#5772,#5773,#5774,#5775,#5776,
#5777)),.UNSPECIFIED.,.T.,.F.,.F.)
B_SPLINE_SURFACE_WITH_KNOTS((3,2,2,2,3),(3,2,2,2,3),(0.,3.14159265358979,
6.28318530717959,9.42477796076938,12.5663706143592),(0.,6.28318530717959,
12.5663706143592,18.8495559215388,25.1327412287183),.UNSPECIFIED.)
GEOMETRIC_REPRESENTATION_ITEM()
RATIONAL_B_SPLINE_SURFACE(((1.,0.707106781186548,1.,0.707106781186548,1.,
0.707106781186548,1.,0.707106781186548,1.),(0.707106781186548,0.5,0.707106781186548,
0.5,0.707106781186548,0.5,0.707106781186548,0.5,0.707106781186548),(1.,
0.707106781186548,1.,0.707106781186548,1.,0.707106781186548,1.,0.707106781186548,
1.),(0.707106781186548,0.5,0.707106781186548,0.5,0.707106781186548,0.5,
0.707106781186548,0.5,0.707106781186548),(1.,0.707106781186548,1.,0.707106781186548,
1.,0.707106781186548,1.,0.707106781186548,1.),(0.707106781186548,0.5,0.707106781186548,
0.5,0.707106781186548,0.5,0.707106781186548,0.5,0.707106781186548),(1.,
0.707106781186548,1.,0.707106781186548,1.,0.707106781186548,1.,0.707106781186548,
1.),(0.707106781186548,0.5,0.707106781186548,0.5,0.707106781186548,0.5,
0.707106781186548,0.5,0.707106781186548),(1.,0.707106781186548,1.,0.707106781186548,
1.,0.707106781186548,1.,0.707106781186548,1.)))
REPRESENTATION_ITEM('')
SURFACE()
);
#3528=(
BOUNDED_SURFACE()
B_SPLINE_SURFACE(1,2,((#5778,#5779,#5780,#5781,#5782,#5783,#5784,#5785,
#5786),(#5787,#5788,#5789,#5790,#5791,#5792,#5793,#5794,#5795)),
 .UNSPECIFIED.,.F.,.F.,.F.)
B_SPLINE_SURFACE_WITH_KNOTS((2,2),(3,2,2,2,3),(0.,10.4884681734268),(0.,
1.5707963267949,3.14159265358979,4.71238898038469,6.28318530717959),
 .UNSPECIFIED.)
GEOMETRIC_REPRESENTATION_ITEM()
RATIONAL_B_SPLINE_SURFACE(((1.,0.707106781186548,1.,0.707106781186548,1.,
0.707106781186548,1.,0.707106781186548,1.),(1.,0.707106781186548,1.,0.707106781186548,
1.,0.707106781186548,1.,0.707106781186548,1.)))
REPRESENTATION_ITEM('')
SURFACE()
);
#3529=(
BOUNDED_SURFACE()
B_SPLINE_SURFACE(2,2,((#5796,#5797,#5798,#5799,#5800,#5801,#5802,#5803,
#5804),(#5805,#5806,#5807,#5808,#5809,#5810,#5811,#5812,#5813),(#5814,#5815,
#5816,#5817,#5818,#5819,#5820,#5821,#5822),(#5823,#5824,#5825,#5826,#5827,
#5828,#5829,#5830,#5831),(#5832,#5833,#5834,#5835,#5836,#5837,#5838,#5839,
#5840),(#5841,#5842,#5843,#5844,#5845,#5846,#5847,#5848,#5849),(#5850,#5851,
#5852,#5853,#5854,#5855,#5856,#5857,#5858),(#5859,#5860,#5861,#5862,#5863,
#5864,#5865,#5866,#5867),(#5868,#5869,#5870,#5871,#5872,#5873,#5874,#5875,
#5876)),.UNSPECIFIED.,.T.,.F.,.F.)
B_SPLINE_SURFACE_WITH_KNOTS((3,2,2,2,3),(3,2,2,2,3),(0.,3.14159265358979,
6.28318530717959,9.42477796076938,12.5663706143592),(0.,6.28318530717959,
12.5663706143592,18.8495559215388,25.1327412287183),.UNSPECIFIED.)
GEOMETRIC_REPRESENTATION_ITEM()
RATIONAL_B_SPLINE_SURFACE(((1.,0.707106781186548,1.,0.707106781186548,1.,
0.707106781186548,1.,0.707106781186548,1.),(0.707106781186548,0.5,0.707106781186548,
0.5,0.707106781186548,0.5,0.707106781186548,0.5,0.707106781186548),(1.,
0.707106781186548,1.,0.707106781186548,1.,0.707106781186548,1.,0.707106781186548,
1.),(0.707106781186548,0.5,0.707106781186548,0.5,0.707106781186548,0.5,
0.707106781186548,0.5,0.707106781186548),(1.,0.707106781186548,1.,0.707106781186548,
1.,0.707106781186548,1.,0.707106781186548,1.),(0.707106781186548,0.5,0.707106781186548,
0.5,0.707106781186548,0.5,0.707106781186548,0.5,0.707106781186548),(1.,
0.707106781186548,1.,0.707106781186548,1.,0.707106781186548,1.,0.707106781186548,
1.),(0.707106781186548,0.5,0.707106781186548,0.5,0.707106781186548,0.5,
0.707106781186548,0.5,0.707106781186548),(1.,0.707106781186548,1.,0.707106781186548,
1.,0.707106781186548,1.,0.707106781186548,1.)))
REPRESENTATION_ITEM('')
SURFACE()
);
#3530=(
BOUNDED_SURFACE()
B_SPLINE_SURFACE(2,2,((#5877,#5878,#5879,#5880,#5881,#5882,#5883,#5884,
#5885),(#5886,#5887,#5888,#5889,#5890,#5891,#5892,#5893,#5894),(#5895,#5896,
#5897,#5898,#5899,#5900,#5901,#5902,#5903),(#5904,#5905,#5906,#5907,#5908,
#5909,#5910,#5911,#5912),(#5913,#5914,#5915,#5916,#5917,#5918,#5919,#5920,
#5921),(#5922,#5923,#5924,#5925,#5926,#5927,#5928,#5929,#5930),(#5931,#5932,
#5933,#5934,#5935,#5936,#5937,#5938,#5939),(#5940,#5941,#5942,#5943,#5944,
#5945,#5946,#5947,#5948),(#5949,#5950,#5951,#5952,#5953,#5954,#5955,#5956,
#5957)),.UNSPECIFIED.,.T.,.F.,.F.)
B_SPLINE_SURFACE_WITH_KNOTS((3,2,2,2,3),(3,2,2,2,3),(0.,3.14159265358979,
6.28318530717959,9.42477796076938,12.5663706143592),(0.,6.28318530717959,
12.5663706143592,18.8495559215388,25.1327412287183),.UNSPECIFIED.)
GEOMETRIC_REPRESENTATION_ITEM()
RATIONAL_B_SPLINE_SURFACE(((1.,0.707106781186548,1.,0.707106781186548,1.,
0.707106781186548,1.,0.707106781186548,1.),(0.707106781186548,0.5,0.707106781186548,
0.5,0.707106781186548,0.5,0.707106781186548,0.5,0.707106781186548),(1.,
0.707106781186548,1.,0.707106781186548,1.,0.707106781186548,1.,0.707106781186548,
1.),(0.707106781186548,0.5,0.707106781186548,0.5,0.707106781186548,0.5,
0.707106781186548,0.5,0.707106781186548),(1.,0.707106781186548,1.,0.707106781186548,
1.,0.707106781186548,1.,0.707106781186548,1.),(0.707106781186548,0.5,0.707106781186548,
0.5,0.707106781186548,0.5,0.707106781186548,0.5,0.707106781186548),(1.,
0.707106781186548,1.,0.707106781186548,1.,0.707106781186548,1.,0.707106781186548,
1.),(0.707106781186548,0.5,0.707106781186548,0.5,0.707106781186548,0.5,
0.707106781186548,0.5,0.707106781186548),(1.,0.707106781186548,1.,0.707106781186548,
1.,0.707106781186548,1.,0.707106781186548,1.)))
REPRESENTATION_ITEM('')
SURFACE()
);
#3531=(
BOUNDED_SURFACE()
B_SPLINE_SURFACE(2,2,((#5958,#5959,#5960,#5961,#5962,#5963,#5964,#5965,
#5966),(#5967,#5968,#5969,#5970,#5971,#5972,#5973,#5974,#5975),(#5976,#5977,
#5978,#5979,#5980,#5981,#5982,#5983,#5984),(#5985,#5986,#5987,#5988,#5989,
#5990,#5991,#5992,#5993),(#5994,#5995,#5996,#5997,#5998,#5999,#6000,#6001,
#6002),(#6003,#6004,#6005,#6006,#6007,#6008,#6009,#6010,#6011),(#6012,#6013,
#6014,#6015,#6016,#6017,#6018,#6019,#6020),(#6021,#6022,#6023,#6024,#6025,
#6026,#6027,#6028,#6029),(#6030,#6031,#6032,#6033,#6034,#6035,#6036,#6037,
#6038)),.UNSPECIFIED.,.T.,.F.,.F.)
B_SPLINE_SURFACE_WITH_KNOTS((3,2,2,2,3),(3,2,2,2,3),(0.,3.14159265358979,
6.28318530717959,9.42477796076938,12.5663706143592),(0.,6.28318530717959,
12.5663706143592,18.8495559215388,25.1327412287183),.UNSPECIFIED.)
GEOMETRIC_REPRESENTATION_ITEM()
RATIONAL_B_SPLINE_SURFACE(((1.,0.707106781186548,1.,0.707106781186548,1.,
0.707106781186548,1.,0.707106781186548,1.),(0.707106781186548,0.5,0.707106781186548,
0.5,0.707106781186548,0.5,0.707106781186548,0.5,0.707106781186548),(1.,
0.707106781186548,1.,0.707106781186548,1.,0.707106781186548,1.,0.707106781186548,
1.),(0.707106781186548,0.5,0.707106781186548,0.5,0.707106781186548,0.5,
0.707106781186548,0.5,0.707106781186548),(1.,0.707106781186548,1.,0.707106781186548,
1.,0.707106781186548,1.,0.707106781186548,1.),(0.707106781186548,0.5,0.707106781186548,
0.5,0.707106781186548,0.5,0.707106781186548,0.5,0.707106781186548),(1.,
0.707106781186548,1.,0.707106781186548,1.,0.707106781186548,1.,0.707106781186548,
1.),(0.707106781186548,0.5,0.707106781186548,0.5,0.707106781186548,0.5,
0.707106781186548,0.5,0.707106781186548),(1.,0.707106781186548,1.,0.707106781186548,
1.,0.707106781186548,1.,0.707106781186548,1.)))
REPRESENTATION_ITEM('')
SURFACE()
);
#3532=(
BOUNDED_SURFACE()
B_SPLINE_SURFACE(1,2,((#6039,#6040,#6041,#6042,#6043,#6044,#6045,#6046,
#6047),(#6048,#6049,#6050,#6051,#6052,#6053,#6054,#6055,#6056)),
 .UNSPECIFIED.,.F.,.F.,.F.)
B_SPLINE_SURFACE_WITH_KNOTS((2,2),(3,2,2,2,3),(0.,5.49677793794464),(0.,
1.5707963267949,3.14159265358979,4.71238898038469,6.28318530717959),
 .UNSPECIFIED.)
GEOMETRIC_REPRESENTATION_ITEM()
RATIONAL_B_SPLINE_SURFACE(((1.,0.707106781186548,1.,0.707106781186548,1.,
0.707106781186548,1.,0.707106781186548,1.),(1.,0.707106781186548,1.,0.707106781186548,
1.,0.707106781186548,1.,0.707106781186548,1.)))
REPRESENTATION_ITEM('')
SURFACE()
);
#3533=(
BOUNDED_SURFACE()
B_SPLINE_SURFACE(2,2,((#6057,#6058,#6059,#6060,#6061,#6062,#6063,#6064,
#6065),(#6066,#6067,#6068,#6069,#6070,#6071,#6072,#6073,#6074),(#6075,#6076,
#6077,#6078,#6079,#6080,#6081,#6082,#6083),(#6084,#6085,#6086,#6087,#6088,
#6089,#6090,#6091,#6092),(#6093,#6094,#6095,#6096,#6097,#6098,#6099,#6100,
#6101),(#6102,#6103,#6104,#6105,#6106,#6107,#6108,#6109,#6110),(#6111,#6112,
#6113,#6114,#6115,#6116,#6117,#6118,#6119),(#6120,#6121,#6122,#6123,#6124,
#6125,#6126,#6127,#6128),(#6129,#6130,#6131,#6132,#6133,#6134,#6135,#6136,
#6137)),.UNSPECIFIED.,.T.,.F.,.F.)
B_SPLINE_SURFACE_WITH_KNOTS((3,2,2,2,3),(3,2,2,2,3),(0.,3.14159265358979,
6.28318530717959,9.42477796076938,12.5663706143592),(0.,6.28318530717959,
12.5663706143592,18.8495559215388,25.1327412287183),.UNSPECIFIED.)
GEOMETRIC_REPRESENTATION_ITEM()
RATIONAL_B_SPLINE_SURFACE(((1.,0.707106781186548,1.,0.707106781186548,1.,
0.707106781186548,1.,0.707106781186548,1.),(0.707106781186548,0.5,0.707106781186548,
0.5,0.707106781186548,0.5,0.707106781186548,0.5,0.707106781186548),(1.,
0.707106781186548,1.,0.707106781186548,1.,0.707106781186548,1.,0.707106781186548,
1.),(0.707106781186548,0.5,0.707106781186548,0.5,0.707106781186548,0.5,
0.707106781186548,0.5,0.707106781186548),(1.,0.707106781186548,1.,0.707106781186548,
1.,0.707106781186548,1.,0.707106781186548,1.),(0.707106781186548,0.5,0.707106781186548,
0.5,0.707106781186548,0.5,0.707106781186548,0.5,0.707106781186548),(1.,
0.707106781186548,1.,0.707106781186548,1.,0.707106781186548,1.,0.707106781186548,
1.),(0.707106781186548,0.5,0.707106781186548,0.5,0.707106781186548,0.5,
0.707106781186548,0.5,0.707106781186548),(1.,0.707106781186548,1.,0.707106781186548,
1.,0.707106781186548,1.,0.707106781186548,1.)))
REPRESENTATION_ITEM('')
SURFACE()
);
#3534=(
BOUNDED_SURFACE()
B_SPLINE_SURFACE(2,2,((#6142,#6143,#6144,#6145,#6146,#6147,#6148,#6149,
#6150),(#6151,#6152,#6153,#6154,#6155,#6156,#6157,#6158,#6159),(#6160,#6161,
#6162,#6163,#6164,#6165,#6166,#6167,#6168),(#6169,#6170,#6171,#6172,#6173,
#6174,#6175,#6176,#6177),(#6178,#6179,#6180,#6181,#6182,#6183,#6184,#6185,
#6186),(#6187,#6188,#6189,#6190,#6191,#6192,#6193,#6194,#6195),(#6196,#6197,
#6198,#6199,#6200,#6201,#6202,#6203,#6204),(#6205,#6206,#6207,#6208,#6209,
#6210,#6211,#6212,#6213),(#6214,#6215,#6216,#6217,#6218,#6219,#6220,#6221,
#6222)),.UNSPECIFIED.,.T.,.F.,.F.)
B_SPLINE_SURFACE_WITH_KNOTS((3,2,2,2,3),(3,2,2,2,3),(0.,15.707963267949,
31.4159265358979,47.1238898038469,62.8318530717959),(0.,3.14159265358979,
6.28318530717959,9.42477796076938,12.5663706143592),.UNSPECIFIED.)
GEOMETRIC_REPRESENTATION_ITEM()
RATIONAL_B_SPLINE_SURFACE(((1.,0.707106781186548,1.,0.707106781186548,1.,
0.707106781186548,1.,0.707106781186548,1.),(0.707106781186548,0.5,0.707106781186548,
0.5,0.707106781186548,0.5,0.707106781186548,0.5,0.707106781186548),(1.,
0.707106781186548,1.,0.707106781186548,1.,0.707106781186548,1.,0.707106781186548,
1.),(0.707106781186548,0.5,0.707106781186548,0.5,0.707106781186548,0.5,
0.707106781186548,0.5,0.707106781186548),(1.,0.707106781186548,1.,0.707106781186548,
1.,0.707106781186548,1.,0.707106781186548,1.),(0.707106781186548,0.5,0.707106781186548,
0.5,0.707106781186548,0.5,0.707106781186548,0.5,0.707106781186548),(1.,
0.707106781186548,1.,0.707106781186548,1.,0.707106781186548,1.,0.707106781186548,
1.),(0.707106781186548,0.5,0.707106781186548,0.5,0.707106781186548,0.5,
0.707106781186548,0.5,0.707106781186548),(1.,0.707106781186548,1.,0.707106781186548,
1.,0.707106781186548,1.,0.707106781186548,1.)))
REPRESENTATION_ITEM('')
SURFACE()
);
#3535=(
BOUNDED_SURFACE()
B_SPLINE_SURFACE(2,2,((#6223,#6224,#6225,#6226,#6227,#6228,#6229,#6230,
#6231),(#6232,#6233,#6234,#6235,#6236,#6237,#6238,#6239,#6240),(#6241,#6242,
#6243,#6244,#6245,#6246,#6247,#6248,#6249),(#6250,#6251,#6252,#6253,#6254,
#6255,#6256,#6257,#6258),(#6259,#6260,#6261,#6262,#6263,#6264,#6265,#6266,
#6267),(#6268,#6269,#6270,#6271,#6272,#6273,#6274,#6275,#6276),(#6277,#6278,
#6279,#6280,#6281,#6282,#6283,#6284,#6285),(#6286,#6287,#6288,#6289,#6290,
#6291,#6292,#6293,#6294),(#6295,#6296,#6297,#6298,#6299,#6300,#6301,#6302,
#6303)),.UNSPECIFIED.,.T.,.F.,.F.)
B_SPLINE_SURFACE_WITH_KNOTS((3,2,2,2,3),(3,2,2,2,3),(0.,15.707963267949,
31.4159265358979,47.1238898038469,62.8318530717959),(0.,3.14159265358979,
6.28318530717959,9.42477796076938,12.5663706143592),.UNSPECIFIED.)
GEOMETRIC_REPRESENTATION_ITEM()
RATIONAL_B_SPLINE_SURFACE(((1.,0.707106781186548,1.,0.707106781186548,1.,
0.707106781186548,1.,0.707106781186548,1.),(0.707106781186548,0.5,0.707106781186548,
0.5,0.707106781186548,0.5,0.707106781186548,0.5,0.707106781186548),(1.,
0.707106781186548,1.,0.707106781186548,1.,0.707106781186548,1.,0.707106781186548,
1.),(0.707106781186548,0.5,0.707106781186548,0.5,0.707106781186548,0.5,
0.707106781186548,0.5,0.707106781186548),(1.,0.707106781186548,1.,0.707106781186548,
1.,0.707106781186548,1.,0.707106781186548,1.),(0.707106781186548,0.5,0.707106781186548,
0.5,0.707106781186548,0.5,0.707106781186548,0.5,0.707106781186548),(1.,
0.707106781186548,1.,0.707106781186548,1.,0.707106781186548,1.,0.707106781186548,
1.),(0.707106781186548,0.5,0.707106781186548,0.5,0.707106781186548,0.5,
0.707106781186548,0.5,0.707106781186548),(1.,0.707106781186548,1.,0.707106781186548,
1.,0.707106781186548,1.,0.707106781186548,1.)))
REPRESENTATION_ITEM('')
SURFACE()
);
#3536=(
BOUNDED_SURFACE()
B_SPLINE_SURFACE(2,1,((#6304,#6305),(#6306,#6307),(#6308,#6309),(#6310,
#6311),(#6312,#6313),(#6314,#6315),(#6316,#6317),(#6318,#6319),(#6320,#6321)),
 .UNSPECIFIED.,.T.,.F.,.F.)
B_SPLINE_SURFACE_WITH_KNOTS((3,2,2,2,3),(2,2),(0.,1.5707963267949,3.14159265358979,
4.71238898038469,6.28318530717959),(0.,2.47267108872422),.UNSPECIFIED.)
GEOMETRIC_REPRESENTATION_ITEM()
RATIONAL_B_SPLINE_SURFACE(((1.,1.),(0.707106781186548,0.707106781186548),
(1.,1.),(0.707106781186548,0.707106781186548),(1.,1.),(0.707106781186548,
0.707106781186548),(1.,1.),(0.707106781186548,0.707106781186548),(1.,1.)))
REPRESENTATION_ITEM('')
SURFACE()
);
#3537=(
BOUNDED_SURFACE()
B_SPLINE_SURFACE(3,2,((#6322,#6323,#6324),(#6325,#6326,#6327),(#6328,#6329,
#6330),(#6331,#6332,#6333),(#6334,#6335,#6336),(#6337,#6338,#6339),(#6340,
#6341,#6342),(#6343,#6344,#6345),(#6346,#6347,#6348),(#6349,#6350,#6351),
(#6352,#6353,#6354),(#6355,#6356,#6357),(#6358,#6359,#6360),(#6361,#6362,
#6363),(#6364,#6365,#6366),(#6367,#6368,#6369),(#6370,#6371,#6372),(#6373,
#6374,#6375),(#6376,#6377,#6378),(#6379,#6380,#6381),(#6382,#6383,#6384),
(#6385,#6386,#6387),(#6388,#6389,#6390)),.UNSPECIFIED.,.F.,.F.,.F.)
B_SPLINE_SURFACE_WITH_KNOTS((4,1,1,1,1,1,1,1,1,1,1,1,1,1,1,1,1,1,1,1,4),
(3,3),(0.,2.02105128714022,3.03157693071033,4.04210257428044,5.05262821785055,
6.06315386142067,7.07367950499078,7.57894232677583,8.08420514856089,9.094730792131,
10.1052564357011,11.1157820792712,12.1263077228414,14.1473590099816,16.1684102971217,
18.189461584262,20.2105128714022,22.2315641585425,24.2526154456827,28.2947180199631,
32.3368205942436),(-8.21565038222616E-15,4.00554004564863),
 .UNSPECIFIED.)
GEOMETRIC_REPRESENTATION_ITEM()
RATIONAL_B_SPLINE_SURFACE(((1.,0.707106781186548,1.),(1.,0.707106781186548,
1.),(1.,0.707106781186548,1.),(1.,0.707106781186547,1.),(1.,0.707106781186548,
1.),(1.,0.707106781186548,1.),(1.,0.707106781186548,1.),(1.,0.707106781186548,
1.),(1.,0.707106781186547,1.),(1.,0.707106781186548,1.),(1.,0.707106781186548,
1.),(1.,0.707106781186547,1.),(1.,0.707106781186548,1.),(1.,0.707106781186547,
1.),(1.,0.707106781186548,1.),(1.,0.707106781186548,1.),(1.,0.707106781186548,
1.),(1.,0.707106781186547,1.),(1.,0.707106781186548,1.),(1.,0.707106781186548,
1.),(1.,0.707106781186547,1.),(1.,0.707106781186548,1.),(1.,0.707106781186548,
1.)))
REPRESENTATION_ITEM('')
SURFACE()
);
#3538=(
BOUNDED_SURFACE()
B_SPLINE_SURFACE(2,2,((#6391,#6392,#6393,#6394,#6395,#6396,#6397,#6398,
#6399),(#6400,#6401,#6402,#6403,#6404,#6405,#6406,#6407,#6408),(#6409,#6410,
#6411,#6412,#6413,#6414,#6415,#6416,#6417),(#6418,#6419,#6420,#6421,#6422,
#6423,#6424,#6425,#6426),(#6427,#6428,#6429,#6430,#6431,#6432,#6433,#6434,
#6435),(#6436,#6437,#6438,#6439,#6440,#6441,#6442,#6443,#6444),(#6445,#6446,
#6447,#6448,#6449,#6450,#6451,#6452,#6453),(#6454,#6455,#6456,#6457,#6458,
#6459,#6460,#6461,#6462),(#6463,#6464,#6465,#6466,#6467,#6468,#6469,#6470,
#6471)),.UNSPECIFIED.,.T.,.F.,.F.)
B_SPLINE_SURFACE_WITH_KNOTS((3,2,2,2,3),(3,2,2,2,3),(0.,12.5663706143592,
25.1327412287183,37.6991118430775,50.2654824574367),(0.,3.14159265358979,
6.28318530717959,9.42477796076938,12.5663706143592),.UNSPECIFIED.)
GEOMETRIC_REPRESENTATION_ITEM()
RATIONAL_B_SPLINE_SURFACE(((1.,0.707106781186548,1.,0.707106781186548,1.,
0.707106781186548,1.,0.707106781186548,1.),(0.707106781186548,0.5,0.707106781186548,
0.5,0.707106781186548,0.5,0.707106781186548,0.5,0.707106781186548),(1.,
0.707106781186548,1.,0.707106781186548,1.,0.707106781186548,1.,0.707106781186548,
1.),(0.707106781186548,0.5,0.707106781186548,0.5,0.707106781186548,0.5,
0.707106781186548,0.5,0.707106781186548),(1.,0.707106781186548,1.,0.707106781186548,
1.,0.707106781186548,1.,0.707106781186548,1.),(0.707106781186548,0.5,0.707106781186548,
0.5,0.707106781186548,0.5,0.707106781186548,0.5,0.707106781186548),(1.,
0.707106781186548,1.,0.707106781186548,1.,0.707106781186548,1.,0.707106781186548,
1.),(0.707106781186548,0.5,0.707106781186548,0.5,0.707106781186548,0.5,
0.707106781186548,0.5,0.707106781186548),(1.,0.707106781186548,1.,0.707106781186548,
1.,0.707106781186548,1.,0.707106781186548,1.)))
REPRESENTATION_ITEM('')
SURFACE()
);
#3539=(
BOUNDED_SURFACE()
B_SPLINE_SURFACE(2,2,((#6472,#6473,#6474,#6475,#6476,#6477,#6478,#6479,
#6480),(#6481,#6482,#6483,#6484,#6485,#6486,#6487,#6488,#6489),(#6490,#6491,
#6492,#6493,#6494,#6495,#6496,#6497,#6498),(#6499,#6500,#6501,#6502,#6503,
#6504,#6505,#6506,#6507),(#6508,#6509,#6510,#6511,#6512,#6513,#6514,#6515,
#6516),(#6517,#6518,#6519,#6520,#6521,#6522,#6523,#6524,#6525),(#6526,#6527,
#6528,#6529,#6530,#6531,#6532,#6533,#6534),(#6535,#6536,#6537,#6538,#6539,
#6540,#6541,#6542,#6543),(#6544,#6545,#6546,#6547,#6548,#6549,#6550,#6551,
#6552)),.UNSPECIFIED.,.T.,.F.,.F.)
B_SPLINE_SURFACE_WITH_KNOTS((3,2,2,2,3),(3,2,2,2,3),(0.,12.5663706143592,
25.1327412287183,37.6991118430775,50.2654824574367),(0.,3.14159265358979,
6.28318530717959,9.42477796076938,12.5663706143592),.UNSPECIFIED.)
GEOMETRIC_REPRESENTATION_ITEM()
RATIONAL_B_SPLINE_SURFACE(((1.,0.707106781186548,1.,0.707106781186548,1.,
0.707106781186548,1.,0.707106781186548,1.),(0.707106781186548,0.5,0.707106781186548,
0.5,0.707106781186548,0.5,0.707106781186548,0.5,0.707106781186548),(1.,
0.707106781186548,1.,0.707106781186548,1.,0.707106781186548,1.,0.707106781186548,
1.),(0.707106781186548,0.5,0.707106781186548,0.5,0.707106781186548,0.5,
0.707106781186548,0.5,0.707106781186548),(1.,0.707106781186548,1.,0.707106781186548,
1.,0.707106781186548,1.,0.707106781186548,1.),(0.707106781186548,0.5,0.707106781186548,
0.5,0.707106781186548,0.5,0.707106781186548,0.5,0.707106781186548),(1.,
0.707106781186548,1.,0.707106781186548,1.,0.707106781186548,1.,0.707106781186548,
1.),(0.707106781186548,0.5,0.707106781186548,0.5,0.707106781186548,0.5,
0.707106781186548,0.5,0.707106781186548),(1.,0.707106781186548,1.,0.707106781186548,
1.,0.707106781186548,1.,0.707106781186548,1.)))
REPRESENTATION_ITEM('')
SURFACE()
);
#3540=(
BOUNDED_SURFACE()
B_SPLINE_SURFACE(3,2,((#6553,#6554,#6555),(#6556,#6557,#6558),(#6559,#6560,
#6561),(#6562,#6563,#6564),(#6565,#6566,#6567),(#6568,#6569,#6570),(#6571,
#6572,#6573),(#6574,#6575,#6576)),.UNSPECIFIED.,.F.,.F.,.F.)
B_SPLINE_SURFACE_WITH_KNOTS((4,1,1,1,1,4),(3,3),(-5.32907051820075E-15,
7.71977187119737,11.579657806796,15.4395437423947,23.1593156135921,30.8790874847894),
(-1.25539847506406E-6,4.00133378108201),.UNSPECIFIED.)
GEOMETRIC_REPRESENTATION_ITEM()
RATIONAL_B_SPLINE_SURFACE(((1.00000018378762,0.707106689292763,1.),(1.00000018378762,
0.707106689292763,1.),(1.00000018378762,0.707106689292764,1.),(1.00000018378762,
0.707106689292763,1.),(1.00000018378762,0.707106689292764,1.),(1.00000018378762,
0.707106689292763,1.),(1.00000018378762,0.707106689292764,1.),(1.00000018378762,
0.707106689292764,1.)))
REPRESENTATION_ITEM('')
SURFACE()
);
#3541=(
BOUNDED_SURFACE()
B_SPLINE_SURFACE(2,2,((#6577,#6578,#6579,#6580,#6581),(#6582,#6583,#6584,
#6585,#6586),(#6587,#6588,#6589,#6590,#6591),(#6592,#6593,#6594,#6595,#6596),
(#6597,#6598,#6599,#6600,#6601),(#6602,#6603,#6604,#6605,#6606),(#6607,
#6608,#6609,#6610,#6611),(#6612,#6613,#6614,#6615,#6616),(#6617,#6618,#6619,
#6620,#6621)),.UNSPECIFIED.,.T.,.F.,.F.)
B_SPLINE_SURFACE_WITH_KNOTS((3,2,2,2,3),(3,2,3),(0.,1.5707963267949,3.14159265358979,
4.71238898038469,6.28318530717959),(-1.5707963267949,0.,1.5707963267949),
 .UNSPECIFIED.)
GEOMETRIC_REPRESENTATION_ITEM()
RATIONAL_B_SPLINE_SURFACE(((1.,0.707106781186548,1.,0.707106781186548,1.),
(0.707106781186548,0.5,0.707106781186548,0.5,0.707106781186548),(1.,0.707106781186548,
1.,0.707106781186548,1.),(0.707106781186548,0.5,0.707106781186548,0.5,0.707106781186548),
(1.,0.707106781186548,1.,0.707106781186548,1.),(0.707106781186548,0.5,0.707106781186548,
0.5,0.707106781186548),(1.,0.707106781186548,1.,0.707106781186548,1.),(0.707106781186548,
0.5,0.707106781186548,0.5,0.707106781186548),(1.,0.707106781186548,1.,0.707106781186548,
1.)))
REPRESENTATION_ITEM('')
SURFACE()
);
#3542=(
BOUNDED_SURFACE()
B_SPLINE_SURFACE(2,2,((#6622,#6623,#6624,#6625,#6626),(#6627,#6628,#6629,
#6630,#6631),(#6632,#6633,#6634,#6635,#6636),(#6637,#6638,#6639,#6640,#6641),
(#6642,#6643,#6644,#6645,#6646),(#6647,#6648,#6649,#6650,#6651),(#6652,
#6653,#6654,#6655,#6656),(#6657,#6658,#6659,#6660,#6661),(#6662,#6663,#6664,
#6665,#6666)),.UNSPECIFIED.,.T.,.F.,.F.)
B_SPLINE_SURFACE_WITH_KNOTS((3,2,2,2,3),(3,2,3),(0.,1.5707963267949,3.14159265358979,
4.71238898038469,6.28318530717959),(-1.5707963267949,0.,1.5707963267949),
 .UNSPECIFIED.)
GEOMETRIC_REPRESENTATION_ITEM()
RATIONAL_B_SPLINE_SURFACE(((1.,0.707106781186548,1.,0.707106781186548,1.),
(0.707106781186548,0.5,0.707106781186548,0.5,0.707106781186548),(1.,0.707106781186548,
1.,0.707106781186548,1.),(0.707106781186548,0.5,0.707106781186548,0.5,0.707106781186548),
(1.,0.707106781186548,1.,0.707106781186548,1.),(0.707106781186548,0.5,0.707106781186548,
0.5,0.707106781186548),(1.,0.707106781186548,1.,0.707106781186548,1.),(0.707106781186548,
0.5,0.707106781186548,0.5,0.707106781186548),(1.,0.707106781186548,1.,0.707106781186548,
1.)))
REPRESENTATION_ITEM('')
SURFACE()
);
#3543=(
BOUNDED_SURFACE()
B_SPLINE_SURFACE(2,1,((#6667,#6668),(#6669,#6670),(#6671,#6672),(#6673,
#6674),(#6675,#6676),(#6677,#6678),(#6679,#6680),(#6681,#6682),(#6683,#6684)),
 .UNSPECIFIED.,.T.,.F.,.F.)
B_SPLINE_SURFACE_WITH_KNOTS((3,2,2,2,3),(2,2),(0.,1.5707963267949,3.14159265358979,
4.71238898038469,6.28318530717959),(0.,4.78684431355145),.UNSPECIFIED.)
GEOMETRIC_REPRESENTATION_ITEM()
RATIONAL_B_SPLINE_SURFACE(((1.,1.),(0.707106781186548,0.707106781186548),
(1.,1.),(0.707106781186548,0.707106781186548),(1.,1.),(0.707106781186548,
0.707106781186548),(1.,1.),(0.707106781186548,0.707106781186548),(1.,1.)))
REPRESENTATION_ITEM('')
SURFACE()
);
#3544=(
BOUNDED_SURFACE()
B_SPLINE_SURFACE(2,2,((#6685,#6686,#6687,#6688,#6689),(#6690,#6691,#6692,
#6693,#6694),(#6695,#6696,#6697,#6698,#6699),(#6700,#6701,#6702,#6703,#6704),
(#6705,#6706,#6707,#6708,#6709),(#6710,#6711,#6712,#6713,#6714),(#6715,
#6716,#6717,#6718,#6719),(#6720,#6721,#6722,#6723,#6724),(#6725,#6726,#6727,
#6728,#6729)),.UNSPECIFIED.,.T.,.F.,.F.)
B_SPLINE_SURFACE_WITH_KNOTS((3,2,2,2,3),(3,2,3),(0.,1.5707963267949,3.14159265358979,
4.71238898038469,6.28318530717959),(-1.5707963267949,0.,1.5707963267949),
 .UNSPECIFIED.)
GEOMETRIC_REPRESENTATION_ITEM()
RATIONAL_B_SPLINE_SURFACE(((1.,0.707106781186548,1.,0.707106781186548,1.),
(0.707106781186548,0.5,0.707106781186548,0.5,0.707106781186548),(1.,0.707106781186548,
1.,0.707106781186548,1.),(0.707106781186548,0.5,0.707106781186548,0.5,0.707106781186548),
(1.,0.707106781186548,1.,0.707106781186548,1.),(0.707106781186548,0.5,0.707106781186548,
0.5,0.707106781186548),(1.,0.707106781186548,1.,0.707106781186548,1.),(0.707106781186548,
0.5,0.707106781186548,0.5,0.707106781186548),(1.,0.707106781186548,1.,0.707106781186548,
1.)))
REPRESENTATION_ITEM('')
SURFACE()
);
#3545=(
BOUNDED_SURFACE()
B_SPLINE_SURFACE(2,2,((#6730,#6731,#6732,#6733,#6734),(#6735,#6736,#6737,
#6738,#6739),(#6740,#6741,#6742,#6743,#6744),(#6745,#6746,#6747,#6748,#6749),
(#6750,#6751,#6752,#6753,#6754),(#6755,#6756,#6757,#6758,#6759),(#6760,
#6761,#6762,#6763,#6764),(#6765,#6766,#6767,#6768,#6769),(#6770,#6771,#6772,
#6773,#6774)),.UNSPECIFIED.,.T.,.F.,.F.)
B_SPLINE_SURFACE_WITH_KNOTS((3,2,2,2,3),(3,2,3),(0.,1.5707963267949,3.14159265358979,
4.71238898038469,6.28318530717959),(-1.5707963267949,0.,1.5707963267949),
 .UNSPECIFIED.)
GEOMETRIC_REPRESENTATION_ITEM()
RATIONAL_B_SPLINE_SURFACE(((1.,0.707106781186548,1.,0.707106781186548,1.),
(0.707106781186548,0.5,0.707106781186548,0.5,0.707106781186548),(1.,0.707106781186548,
1.,0.707106781186548,1.),(0.707106781186548,0.5,0.707106781186548,0.5,0.707106781186548),
(1.,0.707106781186548,1.,0.707106781186548,1.),(0.707106781186548,0.5,0.707106781186548,
0.5,0.707106781186548),(1.,0.707106781186548,1.,0.707106781186548,1.),(0.707106781186548,
0.5,0.707106781186548,0.5,0.707106781186548),(1.,0.707106781186548,1.,0.707106781186548,
1.)))
REPRESENTATION_ITEM('')
SURFACE()
);
#3546=(
BOUNDED_SURFACE()
B_SPLINE_SURFACE(2,1,((#6775,#6776),(#6777,#6778),(#6779,#6780),(#6781,
#6782),(#6783,#6784),(#6785,#6786),(#6787,#6788),(#6789,#6790),(#6791,#6792)),
 .UNSPECIFIED.,.T.,.F.,.F.)
B_SPLINE_SURFACE_WITH_KNOTS((3,2,2,2,3),(2,2),(0.,1.5707963267949,3.14159265358979,
4.71238898038469,6.28318530717959),(0.,8.36318625307802),.UNSPECIFIED.)
GEOMETRIC_REPRESENTATION_ITEM()
RATIONAL_B_SPLINE_SURFACE(((1.,1.),(0.707106781186548,0.707106781186548),
(1.,1.),(0.707106781186548,0.707106781186548),(1.,1.),(0.707106781186548,
0.707106781186548),(1.,1.),(0.707106781186548,0.707106781186548),(1.,1.)))
REPRESENTATION_ITEM('')
SURFACE()
);
#3547=(
BOUNDED_SURFACE()
B_SPLINE_SURFACE(2,2,((#6793,#6794,#6795,#6796,#6797),(#6798,#6799,#6800,
#6801,#6802),(#6803,#6804,#6805,#6806,#6807),(#6808,#6809,#6810,#6811,#6812),
(#6813,#6814,#6815,#6816,#6817),(#6818,#6819,#6820,#6821,#6822),(#6823,
#6824,#6825,#6826,#6827),(#6828,#6829,#6830,#6831,#6832),(#6833,#6834,#6835,
#6836,#6837)),.UNSPECIFIED.,.T.,.F.,.F.)
B_SPLINE_SURFACE_WITH_KNOTS((3,2,2,2,3),(3,2,3),(0.,1.5707963267949,3.14159265358979,
4.71238898038469,6.28318530717959),(-1.5707963267949,0.,1.5707963267949),
 .UNSPECIFIED.)
GEOMETRIC_REPRESENTATION_ITEM()
RATIONAL_B_SPLINE_SURFACE(((1.,0.707106781186548,1.,0.707106781186548,1.),
(0.707106781186548,0.5,0.707106781186548,0.5,0.707106781186548),(1.,0.707106781186548,
1.,0.707106781186548,1.),(0.707106781186548,0.5,0.707106781186548,0.5,0.707106781186548),
(1.,0.707106781186548,1.,0.707106781186548,1.),(0.707106781186548,0.5,0.707106781186548,
0.5,0.707106781186548),(1.,0.707106781186548,1.,0.707106781186548,1.),(0.707106781186548,
0.5,0.707106781186548,0.5,0.707106781186548),(1.,0.707106781186548,1.,0.707106781186548,
1.)))
REPRESENTATION_ITEM('')
SURFACE()
);
#3548=(
BOUNDED_SURFACE()
B_SPLINE_SURFACE(1,2,((#6838,#6839,#6840,#6841,#6842,#6843,#6844,#6845,
#6846),(#6847,#6848,#6849,#6850,#6851,#6852,#6853,#6854,#6855)),
 .UNSPECIFIED.,.F.,.F.,.F.)
B_SPLINE_SURFACE_WITH_KNOTS((2,2),(3,2,2,2,3),(0.,11.64),(0.,1.5707963267949,
3.14159265358979,4.71238898038469,6.28318530717959),.UNSPECIFIED.)
GEOMETRIC_REPRESENTATION_ITEM()
RATIONAL_B_SPLINE_SURFACE(((1.,0.707106781186548,1.,0.707106781186548,1.,
0.707106781186548,1.,0.707106781186548,1.),(1.,0.707106781186548,1.,0.707106781186548,
1.,0.707106781186548,1.,0.707106781186548,1.)))
REPRESENTATION_ITEM('')
SURFACE()
);
#3549=(
BOUNDED_SURFACE()
B_SPLINE_SURFACE(2,1,((#6856,#6857),(#6858,#6859),(#6860,#6861),(#6862,
#6863),(#6864,#6865),(#6866,#6867),(#6868,#6869),(#6870,#6871),(#6872,#6873)),
 .UNSPECIFIED.,.T.,.F.,.F.)
B_SPLINE_SURFACE_WITH_KNOTS((3,2,2,2,3),(2,2),(0.,1.5707963267949,3.14159265358979,
4.71238898038469,6.28318530717959),(0.,4.44),.UNSPECIFIED.)
GEOMETRIC_REPRESENTATION_ITEM()
RATIONAL_B_SPLINE_SURFACE(((1.,1.),(0.707106781186548,0.707106781186548),
(1.,1.),(0.707106781186548,0.707106781186548),(1.,1.),(0.707106781186548,
0.707106781186548),(1.,1.),(0.707106781186548,0.707106781186548),(1.,1.)))
REPRESENTATION_ITEM('')
SURFACE()
);
#3550=(
BOUNDED_SURFACE()
B_SPLINE_SURFACE(3,1,((#6878,#6879),(#6880,#6881),(#6882,#6883),(#6884,
#6885),(#6886,#6887),(#6888,#6889),(#6890,#6891),(#6892,#6893),(#6894,#6895),
(#6896,#6897),(#6898,#6899),(#6900,#6901),(#6902,#6903),(#6904,#6905),(#6906,
#6907),(#6908,#6909),(#6910,#6911),(#6912,#6913),(#6914,#6915),(#6916,#6917),
(#6918,#6919),(#6920,#6921),(#6922,#6923),(#6924,#6925),(#6926,#6927),(#6928,
#6929),(#6930,#6931),(#6932,#6933),(#6934,#6935),(#6936,#6937),(#6938,#6939),
(#6940,#6941),(#6942,#6943),(#6944,#6945),(#6946,#6947),(#6948,#6949),(#6950,
#6951),(#6952,#6953),(#6954,#6955),(#6956,#6957),(#6958,#6959),(#6960,#6961),
(#6962,#6963),(#6964,#6965),(#6966,#6967),(#6968,#6969),(#6970,#6971),(#6972,
#6973),(#6974,#6975),(#6976,#6977),(#6978,#6979),(#6980,#6981),(#6982,#6983),
(#6984,#6985),(#6986,#6987),(#6988,#6989),(#6990,#6991),(#6992,#6993),(#6994,
#6995),(#6996,#6997),(#6998,#6999),(#7000,#7001),(#7002,#7003),(#7004,#7005),
(#7006,#7007),(#7008,#7009),(#7010,#7011),(#7012,#7013),(#7014,#7015),(#7016,
#7017),(#7018,#7019),(#7020,#7021),(#7022,#7023),(#7024,#7025),(#7026,#7027),
(#7028,#7029),(#7030,#7031),(#7032,#7033),(#7034,#7035),(#7036,#7037),(#7038,
#7039),(#7040,#7041),(#7042,#7043),(#7044,#7045),(#7046,#7047),(#7048,#7049),
(#7050,#7051),(#7052,#7053),(#7054,#7055),(#7056,#7057),(#7058,#7059),(#7060,
#7061),(#7062,#7063),(#7064,#7065),(#7066,#7067),(#7068,#7069),(#7070,#7071),
(#7072,#7073),(#7074,#7075),(#7076,#7077),(#7078,#7079),(#7080,#7081),(#7082,
#7083),(#7084,#7085),(#7086,#7087),(#7088,#7089),(#7090,#7091),(#7092,#7093),
(#7094,#7095),(#7096,#7097),(#7098,#7099),(#7100,#7101),(#7102,#7103),(#7104,
#7105),(#7106,#7107),(#7108,#7109),(#7110,#7111),(#7112,#7113),(#7114,#7115),
(#7116,#7117),(#7118,#7119),(#7120,#7121),(#7122,#7123),(#7124,#7125),(#7126,
#7127),(#7128,#7129),(#7130,#7131),(#7132,#7133),(#7134,#7135),(#7136,#7137),
(#7138,#7139),(#7140,#7141),(#7142,#7143),(#7144,#7145),(#7146,#7147),(#7148,
#7149),(#7150,#7151),(#7152,#7153),(#7154,#7155),(#7156,#7157),(#7158,#7159),
(#7160,#7161),(#7162,#7163),(#7164,#7165),(#7166,#7167),(#7168,#7169),(#7170,
#7171),(#7172,#7173),(#7174,#7175),(#7176,#7177),(#7178,#7179),(#7180,#7181),
(#7182,#7183),(#7184,#7185),(#7186,#7187),(#7188,#7189),(#7190,#7191),(#7192,
#7193),(#7194,#7195),(#7196,#7197),(#7198,#7199),(#7200,#7201),(#7202,#7203),
(#7204,#7205),(#7206,#7207),(#7208,#7209),(#7210,#7211),(#7212,#7213),(#7214,
#7215),(#7216,#7217),(#7218,#7219),(#7220,#7221),(#7222,#7223),(#7224,#7225),
(#7226,#7227),(#7228,#7229),(#7230,#7231),(#7232,#7233),(#7234,#7235),(#7236,
#7237),(#7238,#7239),(#7240,#7241),(#7242,#7243),(#7244,#7245),(#7246,#7247),
(#7248,#7249),(#7250,#7251),(#7252,#7253),(#7254,#7255),(#7256,#7257),(#7258,
#7259),(#7260,#7261),(#7262,#7263),(#7264,#7265),(#7266,#7267),(#7268,#7269),
(#7270,#7271),(#7272,#7273),(#7274,#7275),(#7276,#7277),(#7278,#7279),(#7280,
#7281),(#7282,#7283),(#7284,#7285),(#7286,#7287),(#7288,#7289),(#7290,#7291),
(#7292,#7293),(#7294,#7295),(#7296,#7297),(#7298,#7299),(#7300,#7301),(#7302,
#7303),(#7304,#7305),(#7306,#7307),(#7308,#7309),(#7310,#7311),(#7312,#7313),
(#7314,#7315),(#7316,#7317),(#7318,#7319),(#7320,#7321),(#7322,#7323),(#7324,
#7325),(#7326,#7327),(#7328,#7329),(#7330,#7331),(#7332,#7333),(#7334,#7335),
(#7336,#7337),(#7338,#7339),(#7340,#7341),(#7342,#7343),(#7344,#7345),(#7346,
#7347),(#7348,#7349),(#7350,#7351),(#7352,#7353),(#7354,#7355),(#7356,#7357),
(#7358,#7359)),.UNSPECIFIED.,.F.,.F.,.F.)
B_SPLINE_SURFACE_WITH_KNOTS((4,3,3,3,3,3,3,3,3,3,3,3,3,3,3,3,3,3,3,3,3,
3,3,3,3,3,3,3,3,3,3,3,3,3,3,3,3,3,3,3,3,3,3,3,3,3,3,3,3,3,3,3,3,3,3,3,3,
3,3,3,3,3,3,3,3,3,3,3,3,3,3,3,3,3,3,3,3,3,3,3,4),(2,2),(-107.814206172672,
-105.495971428738,-104.415008111607,-103.335726692597,-102.396115705509,
-101.485886383373,-100.930286294661,-99.9875354114034,-99.0459651686064,
-98.2403527234455,-97.4598821724168,-97.038049087498,-96.2131974895287,
-95.3892511248585,-94.5655392209031,-93.9001871274407,-93.4212835837013,
-93.0664669417102,-92.3455774975019,-91.6252382331014,-91.2071514501712,
-90.555250957955,-89.9040306109148,-89.3406870675148,-88.7492599813608,
-88.1586715749375,-87.573719987945,-87.2689937421379,-86.7509486156256,
-86.2339956326987,-85.7185274208509,-85.3822678260141,-85.1057854622361,
-84.5595376581675,-84.3217141303362,-83.9081106326742,-83.5718585891346,
-83.3173852519057,-82.789775291209,-82.4298305404227,-82.1948129104604,
-81.7630144155269,-81.4949047633855,-81.3047869460221,-80.9900444552129,
-80.6712409549959,-80.4357746882162,-80.2594668759196,-79.7127854382302,
-79.3065427928366,-78.7893669848982,-78.4395737257464,-78.1889934204448,
-77.7571441109149,-77.4115395315363,-77.1960930528478,-76.6924835285134,
-76.1824820775183,-75.6575234396739,-75.2133641963572,-74.7872334730591,
-74.2108246095842,-73.6089981662373,-73.1711625433509,-65.9005077813111,
-58.6298530192713,-54.4317743140713,-50.9552780665793,-50.387502660101,
-47.1041284220298,-43.6436917406963,-43.2411602895142,-42.6481948162323,
-39.0729158643302,-35.7773890228182,-35.4978073642856,-32.3336429721761,
-28.9072883106446,-27.7560808252992,-26.0630071441845,-24.3699334630697),
(0.,3.5),.UNSPECIFIED.)
GEOMETRIC_REPRESENTATION_ITEM()
RATIONAL_B_SPLINE_SURFACE(((1.,1.),(0.891136279398811,0.891136279398811),
(0.891136279398811,0.891136279398811),(1.,1.),(1.,1.),(1.,1.),(1.,1.),(1.,
1.),(1.,1.),(1.,1.),(1.,1.),(1.,1.),(1.,1.),(1.,1.),(1.,1.),(1.,1.),(1.,
1.),(1.,1.),(1.,1.),(1.,1.),(1.,1.),(1.,1.),(1.,1.),(1.,1.),(1.,1.),(1.,
1.),(1.,1.),(1.,1.),(1.,1.),(1.,1.),(1.,1.),(1.,1.),(1.,1.),(1.,1.),(1.,
1.),(1.,1.),(1.,1.),(1.,1.),(1.,1.),(1.,1.),(1.,1.),(1.,1.),(1.,1.),(1.,
1.),(1.,1.),(1.,1.),(1.,1.),(1.,1.),(1.,1.),(1.,1.),(1.,1.),(1.,1.),(1.,
1.),(1.,1.),(1.,1.),(1.,1.),(1.,1.),(1.,1.),(1.,1.),(1.,1.),(1.,1.),(1.,
1.),(1.,1.),(1.,1.),(1.,1.),(1.,1.),(1.,1.),(1.,1.),(1.,1.),(1.,1.),(1.,
1.),(1.,1.),(1.,1.),(1.,1.),(1.,1.),(1.,1.),(1.,1.),(1.,1.),(1.,1.),(1.,
1.),(1.,1.),(1.,1.),(1.,1.),(1.,1.),(1.,1.),(1.,1.),(1.,1.),(1.,1.),(1.,
1.),(1.,1.),(1.,1.),(1.,1.),(1.,1.),(1.,1.),(1.,1.),(1.,1.),(1.,1.),(1.,
1.),(1.,1.),(1.,1.),(1.,1.),(1.,1.),(1.,1.),(1.,1.),(1.,1.),(1.,1.),(1.,
1.),(1.,1.),(1.,1.),(1.,1.),(1.,1.),(1.,1.),(1.,1.),(1.,1.),(1.,1.),(1.,
1.),(1.,1.),(1.,1.),(1.,1.),(1.,1.),(1.,1.),(1.,1.),(1.,1.),(1.,1.),(1.,
1.),(1.,1.),(1.,1.),(1.,1.),(1.,1.),(1.,1.),(1.,1.),(1.,1.),(1.,1.),(1.,
1.),(1.,1.),(1.,1.),(1.,1.),(1.,1.),(1.,1.),(1.,1.),(1.,1.),(1.,1.),(1.,
1.),(1.,1.),(1.,1.),(1.,1.),(1.,1.),(1.,1.),(1.,1.),(1.,1.),(1.,1.),(1.,
1.),(1.,1.),(1.,1.),(1.,1.),(1.,1.),(1.,1.),(1.,1.),(1.,1.),(1.,1.),(1.,
1.),(1.,1.),(1.,1.),(1.,1.),(1.,1.),(1.,1.),(1.,1.),(1.,1.),(1.,1.),(1.,
1.),(1.,1.),(1.,1.),(1.,1.),(1.,1.),(1.,1.),(1.,1.),(1.,1.),(1.,1.),(1.,
1.),(1.,1.),(1.,1.),(1.,1.),(1.,1.),(1.,1.),(1.,1.),(1.,1.),(1.,1.),(1.,
1.),(1.,1.),(1.,1.),(0.932345036625526,0.932345036625526),(0.932345036625526,
0.932345036625526),(1.,1.),(0.932345036625526,0.932345036625526),(0.932345036625526,
0.932345036625526),(1.,1.),(1.,1.),(1.,1.),(1.,1.),(1.,1.),(1.,1.),(1.,
1.),(1.,1.),(1.,1.),(1.,1.),(1.,1.),(1.,1.),(1.,1.),(1.,1.),(1.,1.),(1.,
1.),(1.,1.),(1.,1.),(1.,1.),(1.,1.),(1.,1.),(1.,1.),(1.,1.),(1.,1.),(1.,
1.),(1.,1.),(1.,1.),(1.,1.),(1.,1.),(1.,1.),(1.,1.),(1.,1.),(1.,1.),(1.,
1.),(1.,1.),(1.,1.),(1.,1.),(1.,1.),(1.,1.),(1.,1.),(0.941167555391388,
0.941167555391388),(0.941167555391388,0.941167555391388),(1.,1.),(0.941167555391388,
0.941167555391388),(0.941167555391388,0.941167555391388),(1.,1.)))
REPRESENTATION_ITEM('')
SURFACE()
);
#3551=(
BOUNDED_SURFACE()
B_SPLINE_SURFACE(2,1,((#7364,#7365),(#7366,#7367),(#7368,#7369),(#7370,
#7371),(#7372,#7373),(#7374,#7375),(#7376,#7377),(#7378,#7379),(#7380,#7381)),
 .UNSPECIFIED.,.T.,.F.,.F.)
B_SPLINE_SURFACE_WITH_KNOTS((3,2,2,2,3),(2,2),(0.,1.5707963267949,3.14159265358979,
4.71238898038469,6.28318530717959),(0.,4.44),.UNSPECIFIED.)
GEOMETRIC_REPRESENTATION_ITEM()
RATIONAL_B_SPLINE_SURFACE(((1.,1.),(0.707106781186548,0.707106781186548),
(1.,1.),(0.707106781186548,0.707106781186548),(1.,1.),(0.707106781186548,
0.707106781186548),(1.,1.),(0.707106781186548,0.707106781186548),(1.,1.)))
REPRESENTATION_ITEM('')
SURFACE()
);
#3552=(
BOUNDED_SURFACE()
B_SPLINE_SURFACE(1,2,((#7386,#7387,#7388,#7389,#7390,#7391,#7392,#7393,
#7394),(#7395,#7396,#7397,#7398,#7399,#7400,#7401,#7402,#7403)),
 .UNSPECIFIED.,.F.,.F.,.F.)
B_SPLINE_SURFACE_WITH_KNOTS((2,2),(3,2,2,2,3),(0.,4.44000000000001),(0.,
1.5707963267949,3.14159265358979,4.71238898038469,6.28318530717959),
 .UNSPECIFIED.)
GEOMETRIC_REPRESENTATION_ITEM()
RATIONAL_B_SPLINE_SURFACE(((1.,0.707106781186548,1.,0.707106781186548,1.,
0.707106781186548,1.,0.707106781186548,1.),(1.,0.707106781186548,1.,0.707106781186548,
1.,0.707106781186548,1.,0.707106781186548,1.)))
REPRESENTATION_ITEM('')
SURFACE()
);
#3553=(
BOUNDED_SURFACE()
B_SPLINE_SURFACE(1,2,((#7404,#7405,#7406,#7407,#7408,#7409,#7410,#7411,
#7412),(#7413,#7414,#7415,#7416,#7417,#7418,#7419,#7420,#7421)),
 .UNSPECIFIED.,.F.,.F.,.F.)
B_SPLINE_SURFACE_WITH_KNOTS((2,2),(3,2,2,2,3),(0.,11.64),(0.,1.5707963267949,
3.14159265358979,4.71238898038469,6.28318530717959),.UNSPECIFIED.)
GEOMETRIC_REPRESENTATION_ITEM()
RATIONAL_B_SPLINE_SURFACE(((1.,0.707106781186548,1.,0.707106781186548,1.,
0.707106781186548,1.,0.707106781186548,1.),(1.,0.707106781186548,1.,0.707106781186548,
1.,0.707106781186548,1.,0.707106781186548,1.)))
REPRESENTATION_ITEM('')
SURFACE()
);
#3554=(
BOUNDED_SURFACE()
B_SPLINE_SURFACE(1,2,((#7422,#7423,#7424,#7425,#7426,#7427,#7428,#7429,
#7430),(#7431,#7432,#7433,#7434,#7435,#7436,#7437,#7438,#7439)),
 .UNSPECIFIED.,.F.,.F.,.F.)
B_SPLINE_SURFACE_WITH_KNOTS((2,2),(3,2,2,2,3),(0.,8.64),(0.,1.5707963267949,
3.14159265358979,4.71238898038469,6.28318530717959),.UNSPECIFIED.)
GEOMETRIC_REPRESENTATION_ITEM()
RATIONAL_B_SPLINE_SURFACE(((1.,0.707106781186548,1.,0.707106781186548,1.,
0.707106781186548,1.,0.707106781186548,1.),(1.,0.707106781186548,1.,0.707106781186548,
1.,0.707106781186548,1.,0.707106781186548,1.)))
REPRESENTATION_ITEM('')
SURFACE()
);
#3555=(
BOUNDED_SURFACE()
B_SPLINE_SURFACE(1,2,((#7440,#7441,#7442,#7443,#7444,#7445,#7446,#7447,
#7448),(#7449,#7450,#7451,#7452,#7453,#7454,#7455,#7456,#7457)),
 .UNSPECIFIED.,.F.,.F.,.F.)
B_SPLINE_SURFACE_WITH_KNOTS((2,2),(3,2,2,2,3),(0.,8.64),(0.,1.5707963267949,
3.14159265358979,4.71238898038469,6.28318530717959),.UNSPECIFIED.)
GEOMETRIC_REPRESENTATION_ITEM()
RATIONAL_B_SPLINE_SURFACE(((1.,0.707106781186548,1.,0.707106781186548,1.,
0.707106781186548,1.,0.707106781186548,1.),(1.,0.707106781186548,1.,0.707106781186548,
1.,0.707106781186548,1.,0.707106781186548,1.)))
REPRESENTATION_ITEM('')
SURFACE()
);
#3556=(
BOUNDED_SURFACE()
B_SPLINE_SURFACE(1,2,((#7458,#7459,#7460,#7461,#7462,#7463,#7464,#7465,
#7466),(#7467,#7468,#7469,#7470,#7471,#7472,#7473,#7474,#7475)),
 .UNSPECIFIED.,.F.,.F.,.F.)
B_SPLINE_SURFACE_WITH_KNOTS((2,2),(3,2,2,2,3),(0.,8.64),(0.,1.5707963267949,
3.14159265358979,4.71238898038469,6.28318530717959),.UNSPECIFIED.)
GEOMETRIC_REPRESENTATION_ITEM()
RATIONAL_B_SPLINE_SURFACE(((1.,0.707106781186548,1.,0.707106781186548,1.,
0.707106781186548,1.,0.707106781186548,1.),(1.,0.707106781186548,1.,0.707106781186548,
1.,0.707106781186548,1.,0.707106781186548,1.)))
REPRESENTATION_ITEM('')
SURFACE()
);
#3557=(
BOUNDED_SURFACE()
B_SPLINE_SURFACE(1,2,((#7476,#7477,#7478,#7479,#7480,#7481,#7482,#7483,
#7484),(#7485,#7486,#7487,#7488,#7489,#7490,#7491,#7492,#7493)),
 .UNSPECIFIED.,.F.,.F.,.F.)
B_SPLINE_SURFACE_WITH_KNOTS((2,2),(3,2,2,2,3),(0.,8.64),(0.,1.5707963267949,
3.14159265358979,4.71238898038469,6.28318530717959),.UNSPECIFIED.)
GEOMETRIC_REPRESENTATION_ITEM()
RATIONAL_B_SPLINE_SURFACE(((1.,0.707106781186548,1.,0.707106781186548,1.,
0.707106781186548,1.,0.707106781186548,1.),(1.,0.707106781186548,1.,0.707106781186548,
1.,0.707106781186548,1.,0.707106781186548,1.)))
REPRESENTATION_ITEM('')
SURFACE()
);
#3558=(
BOUNDED_SURFACE()
B_SPLINE_SURFACE(1,2,((#7494,#7495,#7496,#7497,#7498,#7499,#7500,#7501,
#7502),(#7503,#7504,#7505,#7506,#7507,#7508,#7509,#7510,#7511)),
 .UNSPECIFIED.,.F.,.F.,.F.)
B_SPLINE_SURFACE_WITH_KNOTS((2,2),(3,2,2,2,3),(0.,8.64),(0.,1.5707963267949,
3.14159265358979,4.71238898038469,6.28318530717959),.UNSPECIFIED.)
GEOMETRIC_REPRESENTATION_ITEM()
RATIONAL_B_SPLINE_SURFACE(((1.,0.707106781186548,1.,0.707106781186548,1.,
0.707106781186548,1.,0.707106781186548,1.),(1.,0.707106781186548,1.,0.707106781186548,
1.,0.707106781186548,1.,0.707106781186548,1.)))
REPRESENTATION_ITEM('')
SURFACE()
);
#3559=(
BOUNDED_SURFACE()
B_SPLINE_SURFACE(1,2,((#7512,#7513,#7514,#7515,#7516,#7517,#7518,#7519,
#7520),(#7521,#7522,#7523,#7524,#7525,#7526,#7527,#7528,#7529)),
 .UNSPECIFIED.,.F.,.F.,.F.)
B_SPLINE_SURFACE_WITH_KNOTS((2,2),(3,2,2,2,3),(0.,8.64),(0.,1.5707963267949,
3.14159265358979,4.71238898038469,6.28318530717959),.UNSPECIFIED.)
GEOMETRIC_REPRESENTATION_ITEM()
RATIONAL_B_SPLINE_SURFACE(((1.,0.707106781186548,1.,0.707106781186548,1.,
0.707106781186548,1.,0.707106781186548,1.),(1.,0.707106781186548,1.,0.707106781186548,
1.,0.707106781186548,1.,0.707106781186548,1.)))
REPRESENTATION_ITEM('')
SURFACE()
);
#3560=(
BOUNDED_SURFACE()
B_SPLINE_SURFACE(1,2,((#7530,#7531,#7532,#7533,#7534,#7535,#7536,#7537,
#7538),(#7539,#7540,#7541,#7542,#7543,#7544,#7545,#7546,#7547)),
 .UNSPECIFIED.,.F.,.F.,.F.)
B_SPLINE_SURFACE_WITH_KNOTS((2,2),(3,2,2,2,3),(0.,8.64),(0.,1.5707963267949,
3.14159265358979,4.71238898038469,6.28318530717959),.UNSPECIFIED.)
GEOMETRIC_REPRESENTATION_ITEM()
RATIONAL_B_SPLINE_SURFACE(((1.,0.707106781186548,1.,0.707106781186548,1.,
0.707106781186548,1.,0.707106781186548,1.),(1.,0.707106781186548,1.,0.707106781186548,
1.,0.707106781186548,1.,0.707106781186548,1.)))
REPRESENTATION_ITEM('')
SURFACE()
);
#3561=(
BOUNDED_SURFACE()
B_SPLINE_SURFACE(1,2,((#7548,#7549,#7550,#7551,#7552,#7553,#7554,#7555,
#7556),(#7557,#7558,#7559,#7560,#7561,#7562,#7563,#7564,#7565)),
 .UNSPECIFIED.,.F.,.F.,.F.)
B_SPLINE_SURFACE_WITH_KNOTS((2,2),(3,2,2,2,3),(0.,8.64),(0.,1.5707963267949,
3.14159265358979,4.71238898038469,6.28318530717959),.UNSPECIFIED.)
GEOMETRIC_REPRESENTATION_ITEM()
RATIONAL_B_SPLINE_SURFACE(((1.,0.707106781186548,1.,0.707106781186548,1.,
0.707106781186548,1.,0.707106781186548,1.),(1.,0.707106781186548,1.,0.707106781186548,
1.,0.707106781186548,1.,0.707106781186548,1.)))
REPRESENTATION_ITEM('')
SURFACE()
);
#3562=(
BOUNDED_SURFACE()
B_SPLINE_SURFACE(1,2,((#7566,#7567,#7568,#7569,#7570),(#7571,#7572,#7573,
#7574,#7575)),.UNSPECIFIED.,.F.,.F.,.F.)
B_SPLINE_SURFACE_WITH_KNOTS((2,2),(3,2,3),(0.,14.2995074124973),(0.,4.47676953136546,
8.95353906273091),.UNSPECIFIED.)
GEOMETRIC_REPRESENTATION_ITEM()
RATIONAL_B_SPLINE_SURFACE(((1.,0.707106781186548,1.,0.707106781186548,1.),
(1.,0.707106781186548,1.,0.707106781186548,1.)))
REPRESENTATION_ITEM('')
SURFACE()
);
#3563=(
BOUNDED_SURFACE()
B_SPLINE_SURFACE(1,2,((#7580,#7581,#7582,#7583,#7584),(#7585,#7586,#7587,
#7588,#7589)),.UNSPECIFIED.,.F.,.F.,.F.)
B_SPLINE_SURFACE_WITH_KNOTS((2,2),(3,2,3),(0.,14.2995074124973),(0.,4.47676953136546,
8.95353906273091),.UNSPECIFIED.)
GEOMETRIC_REPRESENTATION_ITEM()
RATIONAL_B_SPLINE_SURFACE(((1.,0.707106781186548,1.,0.707106781186548,1.),
(1.,0.707106781186548,1.,0.707106781186548,1.)))
REPRESENTATION_ITEM('')
SURFACE()
);
#3564=(
BOUNDED_SURFACE()
B_SPLINE_SURFACE(1,2,((#7594,#7595,#7596,#7597,#7598),(#7599,#7600,#7601,
#7602,#7603)),.UNSPECIFIED.,.F.,.F.,.F.)
B_SPLINE_SURFACE_WITH_KNOTS((2,2),(3,2,3),(0.,14.2995074124973),(0.,4.47676953136546,
8.95353906273091),.UNSPECIFIED.)
GEOMETRIC_REPRESENTATION_ITEM()
RATIONAL_B_SPLINE_SURFACE(((1.,0.707106781186548,1.,0.707106781186548,1.),
(1.,0.707106781186548,1.,0.707106781186548,1.)))
REPRESENTATION_ITEM('')
SURFACE()
);
#3565=(
BOUNDED_SURFACE()
B_SPLINE_SURFACE(1,2,((#7608,#7609,#7610,#7611,#7612),(#7613,#7614,#7615,
#7616,#7617)),.UNSPECIFIED.,.F.,.F.,.F.)
B_SPLINE_SURFACE_WITH_KNOTS((2,2),(3,2,3),(0.,14.2995074124973),(0.,4.47676953136546,
8.95353906273091),.UNSPECIFIED.)
GEOMETRIC_REPRESENTATION_ITEM()
RATIONAL_B_SPLINE_SURFACE(((1.,0.707106781186548,1.,0.707106781186548,1.),
(1.,0.707106781186548,1.,0.707106781186548,1.)))
REPRESENTATION_ITEM('')
SURFACE()
);
#3566=(
BOUNDED_SURFACE()
B_SPLINE_SURFACE(1,2,((#7622,#7623,#7624,#7625,#7626),(#7627,#7628,#7629,
#7630,#7631)),.UNSPECIFIED.,.F.,.F.,.F.)
B_SPLINE_SURFACE_WITH_KNOTS((2,2),(3,2,3),(0.,14.2995074124973),(8.95353906273091,
13.4303085940964,17.9070781254618),.UNSPECIFIED.)
GEOMETRIC_REPRESENTATION_ITEM()
RATIONAL_B_SPLINE_SURFACE(((1.,0.707106781186548,1.,0.707106781186548,1.),
(1.,0.707106781186548,1.,0.707106781186548,1.)))
REPRESENTATION_ITEM('')
SURFACE()
);
#3567=(
BOUNDED_SURFACE()
B_SPLINE_SURFACE(1,2,((#7632,#7633,#7634,#7635,#7636),(#7637,#7638,#7639,
#7640,#7641)),.UNSPECIFIED.,.F.,.F.,.F.)
B_SPLINE_SURFACE_WITH_KNOTS((2,2),(3,2,3),(0.,14.2995074124973),(8.95353906273091,
13.4303085940964,17.9070781254618),.UNSPECIFIED.)
GEOMETRIC_REPRESENTATION_ITEM()
RATIONAL_B_SPLINE_SURFACE(((1.,0.707106781186548,1.,0.707106781186548,1.),
(1.,0.707106781186548,1.,0.707106781186548,1.)))
REPRESENTATION_ITEM('')
SURFACE()
);
#3568=(
BOUNDED_SURFACE()
B_SPLINE_SURFACE(1,2,((#7642,#7643,#7644,#7645,#7646),(#7647,#7648,#7649,
#7650,#7651)),.UNSPECIFIED.,.F.,.F.,.F.)
B_SPLINE_SURFACE_WITH_KNOTS((2,2),(3,2,3),(0.,14.2995074124973),(8.95353906273091,
13.4303085940964,17.9070781254618),.UNSPECIFIED.)
GEOMETRIC_REPRESENTATION_ITEM()
RATIONAL_B_SPLINE_SURFACE(((1.,0.707106781186548,1.,0.707106781186548,1.),
(1.,0.707106781186548,1.,0.707106781186548,1.)))
REPRESENTATION_ITEM('')
SURFACE()
);
#3569=(
BOUNDED_SURFACE()
B_SPLINE_SURFACE(1,2,((#7652,#7653,#7654,#7655,#7656),(#7657,#7658,#7659,
#7660,#7661)),.UNSPECIFIED.,.F.,.F.,.F.)
B_SPLINE_SURFACE_WITH_KNOTS((2,2),(3,2,3),(0.,14.2995074124973),(8.95353906273091,
13.4303085940964,17.9070781254618),.UNSPECIFIED.)
GEOMETRIC_REPRESENTATION_ITEM()
RATIONAL_B_SPLINE_SURFACE(((1.,0.707106781186548,1.,0.707106781186548,1.),
(1.,0.707106781186548,1.,0.707106781186548,1.)))
REPRESENTATION_ITEM('')
SURFACE()
);
#3570=B_SPLINE_SURFACE_WITH_KNOTS('',1,1,((#3683,#3684),(#3685,#3686)),
 .UNSPECIFIED.,.F.,.F.,.F.,(2,2),(2,2),(-17.6365559669674,17.6365559669674),
(-20.95779079787,20.9577907978699),.UNSPECIFIED.);
#3571=B_SPLINE_SURFACE_WITH_KNOTS('',1,3,((#3687,#3688,#3689,#3690),(#3691,
#3692,#3693,#3694)),.UNSPECIFIED.,.F.,.F.,.F.,(2,2),(4,4),(-3.99680288865056E-15,
33.6),(-1.02140518265514E-14,43.8407331932379),.UNSPECIFIED.);
#3572=B_SPLINE_SURFACE_WITH_KNOTS('',1,3,((#3713,#3714,#3715,#3716),(#3717,
#3718,#3719,#3720)),.UNSPECIFIED.,.F.,.F.,.F.,(2,2),(4,4),(-3.99680288865056E-15,
33.6),(0.,57.5210824886318),.UNSPECIFIED.);
#3573=B_SPLINE_SURFACE_WITH_KNOTS('',1,1,((#3757,#3758),(#3759,#3760)),
 .UNSPECIFIED.,.F.,.F.,.F.,(2,2),(2,2),(-7.9410587995959,7.94105879959589),
(-16.92,16.92),.UNSPECIFIED.);
#3574=B_SPLINE_SURFACE_WITH_KNOTS('',1,1,((#3779,#3780),(#3781,#3782)),
 .UNSPECIFIED.,.F.,.F.,.F.,(2,2),(2,2),(-7.9410587995959,7.94105879959591),
(-4.92,4.92),.UNSPECIFIED.);
#3575=B_SPLINE_SURFACE_WITH_KNOTS('',1,1,((#3783,#3784),(#3785,#3786)),
 .UNSPECIFIED.,.F.,.F.,.F.,(2,2),(2,2),(-4.06416996928077,4.06416996928077),
(-13.32,13.32),.UNSPECIFIED.);
#3576=B_SPLINE_SURFACE_WITH_KNOTS('',1,1,((#3787,#3788),(#3789,#3790)),
 .UNSPECIFIED.,.F.,.F.,.F.,(2,2),(2,2),(-1.68835778813557,1.68835778813557),
(-13.32,13.32),.UNSPECIFIED.);
#3577=B_SPLINE_SURFACE_WITH_KNOTS('',1,1,((#3791,#3792),(#3793,#3794)),
 .UNSPECIFIED.,.F.,.F.,.F.,(2,2),(2,2),(-18.0200913968394,18.0200913968394),
(-24.3557895893408,24.3557895893408),.UNSPECIFIED.);
#3578=B_SPLINE_SURFACE_WITH_KNOTS('',1,1,((#3795,#3796),(#3797,#3798)),
 .UNSPECIFIED.,.F.,.F.,.F.,(2,2),(2,2),(-3.00152900910577,3.00152900910577),
(-9.92127094545868,9.92127094545867),.UNSPECIFIED.);
#3579=B_SPLINE_SURFACE_WITH_KNOTS('',1,1,((#3799,#3800),(#3801,#3802)),
 .UNSPECIFIED.,.F.,.F.,.F.,(2,2),(2,2),(-1.33339097593901,1.33339097593901),
(-9.72,9.72),.UNSPECIFIED.);
#3580=B_SPLINE_SURFACE_WITH_KNOTS('',1,1,((#3803,#3804),(#3805,#3806)),
 .UNSPECIFIED.,.F.,.F.,.F.,(2,2),(2,2),(-16.0620210783207,16.0620210783207),
(-20.8438526358735,20.8438526358736),.UNSPECIFIED.);
#3581=B_SPLINE_SURFACE_WITH_KNOTS('',1,1,((#6138,#6139),(#6140,#6141)),
 .UNSPECIFIED.,.F.,.F.,.F.,(2,2),(2,2),(-16.7467478515583,16.7467478515583),
(-23.4690523702936,23.4690523702936),.UNSPECIFIED.);
#3582=B_SPLINE_SURFACE_WITH_KNOTS('',1,1,((#6874,#6875),(#6876,#6877)),
 .UNSPECIFIED.,.F.,.F.,.F.,(2,2),(2,2),(-3.00152900910576,3.00152900910576),
(-2.22,2.22),.UNSPECIFIED.);
#3583=B_SPLINE_SURFACE_WITH_KNOTS('',1,1,((#7360,#7361),(#7362,#7363)),
 .UNSPECIFIED.,.F.,.F.,.F.,(2,2),(2,2),(-1.33339097593901,1.33339097593901),
(-2.22,2.22),.UNSPECIFIED.);
#3584=B_SPLINE_SURFACE_WITH_KNOTS('',1,1,((#7382,#7383),(#7384,#7385)),
 .UNSPECIFIED.,.F.,.F.,.F.,(2,2),(2,2),(-0.892212685531545,0.892212685531535),
(-2.22,2.22),.UNSPECIFIED.);
#3585=B_SPLINE_SURFACE_WITH_KNOTS('',1,1,((#7576,#7577),(#7578,#7579)),
 .UNSPECIFIED.,.F.,.F.,.F.,(2,2),(2,2),(-3.62499999999999,3.62499999999999),
(-3.62499999999999,3.62499999999999),.UNSPECIFIED.);
#3586=B_SPLINE_SURFACE_WITH_KNOTS('',1,1,((#7590,#7591),(#7592,#7593)),
 .UNSPECIFIED.,.F.,.F.,.F.,(2,2),(2,2),(-3.62499999999999,3.62499999999999),
(-3.62499999999999,3.62499999999999),.UNSPECIFIED.);
#3587=B_SPLINE_SURFACE_WITH_KNOTS('',1,1,((#7604,#7605),(#7606,#7607)),
 .UNSPECIFIED.,.F.,.F.,.F.,(2,2),(2,2),(-3.62499999999999,3.62499999999999),
(-3.62499999999999,3.62499999999999),.UNSPECIFIED.);
#3588=B_SPLINE_SURFACE_WITH_KNOTS('',1,1,((#7618,#7619),(#7620,#7621)),
 .UNSPECIFIED.,.F.,.F.,.F.,(2,2),(2,2),(-3.62499999999999,3.62499999999999),
(-3.62499999999999,3.62499999999999),.UNSPECIFIED.);
#3589=SHAPE_DEFINITION_REPRESENTATION(#3590,#3675);
#3590=PRODUCT_DEFINITION_SHAPE('Document','',#3592);
#3591=PRODUCT_DEFINITION_CONTEXT('3D Mechanical Parts',#3664,'design');
#3592=PRODUCT_DEFINITION('A','First version',#3634,#3591);
#3593=DATE_TIME_ROLE('classification_date');
#3594=DATE_TIME_ROLE('creation_date');
#3595=APPLIED_DATE_AND_TIME_ASSIGNMENT(#3619,#3593,(#3598));
#3596=APPLIED_DATE_AND_TIME_ASSIGNMENT(#3621,#3594,(#3592));
#3597=SECURITY_CLASSIFICATION_LEVEL('unclassified');
#3598=SECURITY_CLASSIFICATION('A','Security for version',#3597);
#3599=APPLIED_SECURITY_CLASSIFICATION_ASSIGNMENT(#3598,(#3634));
#3600=APPROVAL_ROLE('Version approval');
#3601=APPROVAL_ROLE('Version Security approval');
#3602=APPROVAL_ROLE('Definition approval');
#3603=APPROVAL_PERSON_ORGANIZATION(#3652,#3628,#3600);
#3604=APPROVAL_PERSON_ORGANIZATION(#3653,#3629,#3601);
#3605=APPROVAL_PERSON_ORGANIZATION(#3656,#3630,#3602);
#3606=COORDINATED_UNIVERSAL_TIME_OFFSET(5,0,.BEHIND.);
#3607=LOCAL_TIME(0,0,0.,#3606);
#3608=LOCAL_TIME(0,0,0.,#3606);
#3609=LOCAL_TIME(0,0,0.,#3606);
#3610=LOCAL_TIME(0,0,0.,#3606);
#3611=LOCAL_TIME(0,0,0.,#3606);
#3612=CALENDAR_DATE(1999,1,1);
#3613=CALENDAR_DATE(1999,1,1);
#3614=CALENDAR_DATE(1999,1,1);
#3615=CALENDAR_DATE(1999,1,1);
#3616=CALENDAR_DATE(1999,1,1);
#3617=DATE_AND_TIME(#3612,#3607);
#3618=DATE_AND_TIME(#3613,#3608);
#3619=DATE_AND_TIME(#3614,#3609);
#3620=DATE_AND_TIME(#3615,#3610);
#3621=DATE_AND_TIME(#3616,#3611);
#3622=APPROVAL_DATE_TIME(#3617,#3628);
#3623=APPROVAL_DATE_TIME(#3618,#3629);
#3624=APPROVAL_DATE_TIME(#3620,#3630);
#3625=APPROVAL_STATUS('not_yet_approved');
#3626=APPROVAL_STATUS('not_yet_approved');
#3627=APPROVAL_STATUS('approved');
#3628=APPROVAL(#3625,'Version approval');
#3629=APPROVAL(#3626,'Version Security approval');
#3630=APPROVAL(#3627,'Definition approval');
#3631=APPLIED_APPROVAL_ASSIGNMENT(#3628,(#3634));
#3632=APPLIED_APPROVAL_ASSIGNMENT(#3629,(#3598));
#3633=APPLIED_APPROVAL_ASSIGNMENT(#3630,(#3592));
#3634=PRODUCT_DEFINITION_FORMATION_WITH_SPECIFIED_SOURCE('A',
'First version',#3666,.MADE.);
#3635=PERSON_AND_ORGANIZATION_ROLE('design_owner');
#3636=PERSON_AND_ORGANIZATION_ROLE('creator');
#3637=PERSON_AND_ORGANIZATION_ROLE('design_supplier');
#3638=PERSON_AND_ORGANIZATION_ROLE('classification_officer');
#3639=PERSON_AND_ORGANIZATION_ROLE('creator');
#3640=ORGANIZATION('STI','lab','lab');
#3641=ORGANIZATION('STI','unknown','unknown');
#3642=ORGANIZATION('STI','unknown','unknown');
#3643=ORGANIZATION('STI','unknown','unknown');
#3644=ORGANIZATION('STI','unknown','unknown');
#3645=ORGANIZATION('STI','unknown','unknown');
#3646=ORGANIZATION('STI','unknown','unknown');
#3647=PERSON('1','Box','vc60',$,$,$);
#3648=PERSON('2','last','first',$,$,$);
#3649=PERSON('3','President','Mr.',$,$,$);
#3650=PERSON_AND_ORGANIZATION(#3647,#3640);
#3651=PERSON_AND_ORGANIZATION(#3648,#3641);
#3652=PERSON_AND_ORGANIZATION(#3649,#3642);
#3653=PERSON_AND_ORGANIZATION(#3649,#3643);
#3654=PERSON_AND_ORGANIZATION(#3649,#3644);
#3655=PERSON_AND_ORGANIZATION(#3648,#3645);
#3656=PERSON_AND_ORGANIZATION(#3649,#3646);
#3657=APPLIED_PERSON_AND_ORGANIZATION_ASSIGNMENT(#3650,#3635,(#3666));
#3658=APPLIED_PERSON_AND_ORGANIZATION_ASSIGNMENT(#3651,#3636,(#3634));
#3659=APPLIED_PERSON_AND_ORGANIZATION_ASSIGNMENT(#3651,#3637,(#3634));
#3660=APPLIED_PERSON_AND_ORGANIZATION_ASSIGNMENT(#3654,#3638,(#3598));
#3661=APPLIED_PERSON_AND_ORGANIZATION_ASSIGNMENT(#3655,#3639,(#3592));
#3662=PRODUCT_RELATED_PRODUCT_CATEGORY('detail','detail',(#3666));
#3663=APPLICATION_PROTOCOL_DEFINITION('International Standard',
'config_control_design',1994,#3664);
#3664=APPLICATION_CONTEXT(
'configuration controlled 3d designs of mechanical parts and assemblie
s');
#3665=PRODUCT_CONTEXT('3D Mechanical Parts',#3664,'mechanical');
#3666=PRODUCT('Document','Document','',(#3665));
#3667=(
LENGTH_UNIT()
NAMED_UNIT(*)
SI_UNIT(.MILLI.,.METRE.)
);
#3668=(
NAMED_UNIT(*)
PLANE_ANGLE_UNIT()
SI_UNIT($,.RADIAN.)
);
#3669=DIMENSIONAL_EXPONENTS(0.,0.,0.,0.,0.,0.,0.);
#3670=PLANE_ANGLE_MEASURE_WITH_UNIT(PLANE_ANGLE_MEASURE(0.01745329252),
#3668);
#3671=(
CONVERSION_BASED_UNIT('DEGREES',#3670)
NAMED_UNIT(#3669)
PLANE_ANGLE_UNIT()
);
#3672=(
NAMED_UNIT(*)
SI_UNIT($,.STERADIAN.)
SOLID_ANGLE_UNIT()
);
#3673=UNCERTAINTY_MEASURE_WITH_UNIT(LENGTH_MEASURE(0.01),#3667,
'DISTANCE_ACCURACY_VALUE',
'Maximum model space distance between geometric entities at asserted c
onnectivities');
#3674=(
GEOMETRIC_REPRESENTATION_CONTEXT(3)
GLOBAL_UNCERTAINTY_ASSIGNED_CONTEXT((#3673))
GLOBAL_UNIT_ASSIGNED_CONTEXT((#3672,#3671,#3667))
REPRESENTATION_CONTEXT('ID1','3D')
);
#3675=SHAPE_REPRESENTATION('Document',(#3676,#3677),#3674);
#3676=AXIS2_PLACEMENT_3D('',#3682,#3678,#3679);
#3677=AXIS2_PLACEMENT_3D('',#11564,#3680,#3681);
#3678=DIRECTION('',(0.,0.,1.));
#3679=DIRECTION('',(1.,0.,0.));
#3680=DIRECTION('',(0.,0.,1.));
#3681=DIRECTION('',(1.,0.,0.));
#3682=CARTESIAN_POINT('',(0.,0.,0.));
#3683=CARTESIAN_POINT('',(13.9300201429325,-28.3226164627616,0.));
#3684=CARTESIAN_POINT('',(13.9300201429325,13.5929651329783,0.));
#3685=CARTESIAN_POINT('',(-21.3430917910022,-28.3226164627616,0.));
#3686=CARTESIAN_POINT('',(-21.3430917910022,13.5929651329783,0.));
#3687=CARTESIAN_POINT('',(-5.51167315579999,-43.3278505538953,4.00000000000001));
#3688=CARTESIAN_POINT('',(2.5940558591775,-27.3307924079439,4.00000000000001));
#3689=CARTESIAN_POINT('',(5.40575337863631,-19.471224713779,4.00000000000001));
#3690=CARTESIAN_POINT('',(9.69682692899255,-2.44367500072428,4.00000000000001));
#3691=CARTESIAN_POINT('',(-5.51167315579999,-43.3278505538953,-29.6));
#3692=CARTESIAN_POINT('',(2.5940558591775,-27.3307924079439,-29.6));
#3693=CARTESIAN_POINT('',(5.40575337863631,-19.471224713779,-29.6));
#3694=CARTESIAN_POINT('',(9.69682692899255,-2.44367500072428,-29.6));
#3695=CARTESIAN_POINT('',(-10.,0.,4.52));
#3696=CARTESIAN_POINT('',(-10.,0.,-0.52));
#3697=CARTESIAN_POINT('',(-10.,10.,4.52));
#3698=CARTESIAN_POINT('',(-10.,10.,-0.52));
#3699=CARTESIAN_POINT('',(0.,10.,4.52));
#3700=CARTESIAN_POINT('',(0.,10.,-0.52));
#3701=CARTESIAN_POINT('',(10.,10.,4.52));
#3702=CARTESIAN_POINT('',(10.,10.,-0.52));
#3703=CARTESIAN_POINT('',(10.,0.,4.52));
#3704=CARTESIAN_POINT('',(10.,0.,-0.52));
#3705=CARTESIAN_POINT('',(10.,-10.,4.52));
#3706=CARTESIAN_POINT('',(10.,-10.,-0.52));
#3707=CARTESIAN_POINT('',(0.,-10.,4.52));
#3708=CARTESIAN_POINT('',(0.,-10.,-0.52));
#3709=CARTESIAN_POINT('',(-10.,-10.,4.52));
#3710=CARTESIAN_POINT('',(-10.,-10.,-0.52));
#3711=CARTESIAN_POINT('',(-10.,0.,4.52));
#3712=CARTESIAN_POINT('',(-10.,0.,-0.52));
#3713=CARTESIAN_POINT('',(4.64073224293315E-14,10.,4.00000000000001));
#3714=CARTESIAN_POINT('',(-11.9018277576179,10.,4.00000000000001));
#3715=CARTESIAN_POINT('',(-10.8228909509842,7.88118117742169,4.00000000000001));
#3716=CARTESIAN_POINT('',(-30.4712650903169,-30.6385892250978,4.00000000000001));
#3717=CARTESIAN_POINT('',(4.64073224293315E-14,10.,-29.6));
#3718=CARTESIAN_POINT('',(-11.9018277576179,10.,-29.6));
#3719=CARTESIAN_POINT('',(-10.8228909509842,7.88118117742169,-29.6));
#3720=CARTESIAN_POINT('',(-30.4712650903169,-30.6385892250978,-29.6));
#3721=CARTESIAN_POINT('',(-4.,-37.,-15.08));
#3722=CARTESIAN_POINT('',(-4.,-37.,-24.92));
#3723=CARTESIAN_POINT('',(-4.,-51.,-15.08));
#3724=CARTESIAN_POINT('',(-4.,-51.,-24.92));
#3725=CARTESIAN_POINT('',(-18.,-51.,-15.08));
#3726=CARTESIAN_POINT('',(-18.,-51.,-24.92));
#3727=CARTESIAN_POINT('',(-32.,-51.,-15.08));
#3728=CARTESIAN_POINT('',(-32.,-51.,-24.92));
#3729=CARTESIAN_POINT('',(-32.,-37.,-15.08));
#3730=CARTESIAN_POINT('',(-32.,-37.,-24.92));
#3731=CARTESIAN_POINT('',(-32.,-23.,-15.08));
#3732=CARTESIAN_POINT('',(-32.,-23.,-24.92));
#3733=CARTESIAN_POINT('',(-18.,-23.,-15.08));
#3734=CARTESIAN_POINT('',(-18.,-23.,-24.92));
#3735=CARTESIAN_POINT('',(-4.00000000000001,-23.,-15.08));
#3736=CARTESIAN_POINT('',(-4.00000000000001,-23.,-24.92));
#3737=CARTESIAN_POINT('',(-4.,-37.,-15.08));
#3738=CARTESIAN_POINT('',(-4.,-37.,-24.92));
#3739=CARTESIAN_POINT('',(-10.,-37.,-15.08));
#3740=CARTESIAN_POINT('',(-10.,-45.,-15.08));
#3741=CARTESIAN_POINT('',(-18.,-45.,-15.08));
#3742=CARTESIAN_POINT('',(-26.,-45.,-15.08));
#3743=CARTESIAN_POINT('',(-26.,-37.,-15.08));
#3744=CARTESIAN_POINT('',(-26.,-29.,-15.08));
#3745=CARTESIAN_POINT('',(-18.,-29.,-15.08));
#3746=CARTESIAN_POINT('',(-10.,-29.,-15.08));
#3747=CARTESIAN_POINT('',(-10.,-37.,-15.08));
#3748=CARTESIAN_POINT('',(-10.,-37.,-24.92));
#3749=CARTESIAN_POINT('',(-10.,-45.,-24.92));
#3750=CARTESIAN_POINT('',(-18.,-45.,-24.92));
#3751=CARTESIAN_POINT('',(-26.,-45.,-24.92));
#3752=CARTESIAN_POINT('',(-26.,-37.,-24.92));
#3753=CARTESIAN_POINT('',(-26.,-29.,-24.92));
#3754=CARTESIAN_POINT('',(-18.,-29.,-24.92));
#3755=CARTESIAN_POINT('',(-10.,-29.,-24.92));
#3756=CARTESIAN_POINT('',(-10.,-37.,-24.92));
#3757=CARTESIAN_POINT('',(-4.49570354165365,-27.5283156013468,-26.92));
#3758=CARTESIAN_POINT('',(-4.49570354165366,-27.5283156013468,6.92));
#3759=CARTESIAN_POINT('',(-11.4435855340333,-41.8100730301272,-26.92));
#3760=CARTESIAN_POINT('',(-11.4435855340333,-41.8100730301272,6.92));
#3761=CARTESIAN_POINT('',(-20.3270504956198,-25.3389371298852,6.92));
#3762=CARTESIAN_POINT('',(-20.3270504956198,-17.3389371298852,6.92));
#3763=CARTESIAN_POINT('',(-12.3270504956198,-17.3389371298852,6.92));
#3764=CARTESIAN_POINT('',(-4.3270504956198,-17.3389371298852,6.92));
#3765=CARTESIAN_POINT('',(-4.3270504956198,-25.3389371298852,6.92));
#3766=CARTESIAN_POINT('',(-4.3270504956198,-33.3389371298852,6.92));
#3767=CARTESIAN_POINT('',(-12.3270504956198,-33.3389371298852,6.92));
#3768=CARTESIAN_POINT('',(-20.3270504956198,-33.3389371298852,6.92));
#3769=CARTESIAN_POINT('',(-20.3270504956198,-25.3389371298852,6.92));
#3770=CARTESIAN_POINT('',(-20.3270504956198,-25.3389371298852,-26.92));
#3771=CARTESIAN_POINT('',(-20.3270504956198,-17.3389371298852,-26.92));
#3772=CARTESIAN_POINT('',(-12.3270504956198,-17.3389371298852,-26.92));
#3773=CARTESIAN_POINT('',(-4.3270504956198,-17.3389371298852,-26.92));
#3774=CARTESIAN_POINT('',(-4.3270504956198,-25.3389371298852,-26.92));
#3775=CARTESIAN_POINT('',(-4.3270504956198,-33.3389371298852,-26.92));
#3776=CARTESIAN_POINT('',(-12.3270504956198,-33.3389371298852,-26.92));
#3777=CARTESIAN_POINT('',(-20.3270504956198,-33.3389371298852,-26.92));
#3778=CARTESIAN_POINT('',(-20.3270504956198,-25.3389371298852,-26.92));
#3779=CARTESIAN_POINT('',(-25.8313469539661,-34.8106215285383,-24.92));
#3780=CARTESIAN_POINT('',(-25.8313469539661,-34.8106215285383,-15.08));
#3781=CARTESIAN_POINT('',(-18.8834649615865,-20.5288640997579,-24.92));
#3782=CARTESIAN_POINT('',(-18.8834649615864,-20.5288640997579,-15.08));
#3783=CARTESIAN_POINT('',(-11.8739210058268,-14.8184233162646,-26.32));
#3784=CARTESIAN_POINT('',(-11.8739210058268,-14.8184233162646,0.32));
#3785=CARTESIAN_POINT('',(-17.0737635602673,-8.57090000171471,-26.32));
#3786=CARTESIAN_POINT('',(-17.0737635602673,-8.57090000171471,0.32));
#3787=CARTESIAN_POINT('',(-1.67059258662093,-23.9681842953348,0.32));
#3788=CARTESIAN_POINT('',(-1.67059258662093,-23.9681842953348,-26.32));
#3789=CARTESIAN_POINT('',(1.22305407256295,-25.7085914588532,0.32));
#3790=CARTESIAN_POINT('',(1.22305407256295,-25.7085914588532,-26.32));
#3791=CARTESIAN_POINT('',(2.93683422753897,-55.0314886364636,-26.));
#3792=CARTESIAN_POINT('',(2.93683422753897,-6.31990945778196,-26.));
#3793=CARTESIAN_POINT('',(-33.1033485661399,-55.0314886364636,-26.));
#3794=CARTESIAN_POINT('',(-33.1033485661399,-6.31990945778196,-26.));
#3795=CARTESIAN_POINT('',(-21.0148090262227,-13.2149379598424,-14.0889967333409));
#3796=CARTESIAN_POINT('',(-21.0148090262227,-13.2149379598424,5.75354515757645));
#3797=CARTESIAN_POINT('',(-17.174546835442,-17.8289483495223,-14.0889967333409));
#3798=CARTESIAN_POINT('',(-17.174546835442,-17.8289483495223,5.75354515757645));
#3799=CARTESIAN_POINT('',(-2.48439800862231,-32.8142442462847,5.72));
#3800=CARTESIAN_POINT('',(-2.48439800862231,-32.8142442462847,-13.72));
#3801=CARTESIAN_POINT('',(-4.76967330395691,-31.4397469551285,5.72));
#3802=CARTESIAN_POINT('',(-4.76967330395691,-31.4397469551285,-13.72));
#3803=CARTESIAN_POINT('',(-32.7770035130535,-54.4461658108857,-14.));
#3804=CARTESIAN_POINT('',(-32.7770035130535,-12.7584605391386,-14.));
#3805=CARTESIAN_POINT('',(-0.65296135641203,-54.4461658108857,-14.));
#3806=CARTESIAN_POINT('',(-0.652961356412026,-12.7584605391386,-14.));
#3807=CARTESIAN_POINT('',(-18.0474419017799,-16.0567667056271,5.72));
#3808=CARTESIAN_POINT('',(-18.0474419017799,-16.0567667056271,-13.72));
#3809=CARTESIAN_POINT('',(-18.0474419017799,-14.0567667056271,5.72));
#3810=CARTESIAN_POINT('',(-18.0474419017799,-14.0567667056271,-13.72));
#3811=CARTESIAN_POINT('',(-16.0474419017799,-14.0567667056271,5.72));
#3812=CARTESIAN_POINT('',(-16.0474419017799,-14.0567667056271,-13.72));
#3813=CARTESIAN_POINT('',(-14.0474419017799,-14.0567667056271,5.72));
#3814=CARTESIAN_POINT('',(-14.0474419017799,-14.0567667056271,-13.72));
#3815=CARTESIAN_POINT('',(-14.0474419017799,-16.0567667056271,5.72));
#3816=CARTESIAN_POINT('',(-14.0474419017799,-16.0567667056271,-13.72));
#3817=CARTESIAN_POINT('',(-14.0474419017799,-18.0567667056271,5.72));
#3818=CARTESIAN_POINT('',(-14.0474419017799,-18.0567667056271,-13.72));
#3819=CARTESIAN_POINT('',(-16.0474419017799,-18.0567667056271,5.72));
#3820=CARTESIAN_POINT('',(-16.0474419017799,-18.0567667056271,-13.72));
#3821=CARTESIAN_POINT('',(-18.0474419017799,-18.0567667056271,5.72));
#3822=CARTESIAN_POINT('',(-18.0474419017799,-18.0567667056271,-13.72));
#3823=CARTESIAN_POINT('',(-18.0474419017799,-16.0567667056271,5.72));
#3824=CARTESIAN_POINT('',(-18.0474419017799,-16.0567667056271,-13.72));
#3825=CARTESIAN_POINT('',(-1.43080250644723,-29.9111391648538,-13.72));
#3826=CARTESIAN_POINT('',(-1.43080250644723,-29.9111391648538,5.72));
#3827=CARTESIAN_POINT('',(-1.43080250644723,-27.9111391648538,-13.72));
#3828=CARTESIAN_POINT('',(-1.43080250644723,-27.9111391648538,5.72));
#3829=CARTESIAN_POINT('',(-3.43080250644723,-27.9111391648538,-13.72));
#3830=CARTESIAN_POINT('',(-3.43080250644723,-27.9111391648538,5.72));
#3831=CARTESIAN_POINT('',(-5.43080250644723,-27.9111391648538,-13.72));
#3832=CARTESIAN_POINT('',(-5.43080250644723,-27.9111391648538,5.72));
#3833=CARTESIAN_POINT('',(-5.43080250644723,-29.9111391648538,-13.72));
#3834=CARTESIAN_POINT('',(-5.43080250644723,-29.9111391648538,5.72));
#3835=CARTESIAN_POINT('',(-5.43080250644723,-31.9111391648538,-13.72));
#3836=CARTESIAN_POINT('',(-5.43080250644723,-31.9111391648538,5.72));
#3837=CARTESIAN_POINT('',(-3.43080250644723,-31.9111391648538,-13.72));
#3838=CARTESIAN_POINT('',(-3.43080250644723,-31.9111391648538,5.72));
#3839=CARTESIAN_POINT('',(-1.43080250644723,-31.9111391648538,-13.72));
#3840=CARTESIAN_POINT('',(-1.43080250644723,-31.9111391648538,5.72));
#3841=CARTESIAN_POINT('',(-1.43080250644723,-29.9111391648538,-13.72));
#3842=CARTESIAN_POINT('',(-1.43080250644723,-29.9111391648538,5.72));
#3843=CARTESIAN_POINT('',(-20.0875701302911,-10.4792077226824,0.32));
#3844=CARTESIAN_POINT('',(-20.0875701302911,-10.4792077226824,-26.32));
#3845=CARTESIAN_POINT('',(-20.0875701302911,-8.4792077226824,0.32));
#3846=CARTESIAN_POINT('',(-20.0875701302911,-8.4792077226824,-26.32));
#3847=CARTESIAN_POINT('',(-18.0875701302911,-8.4792077226824,0.32));
#3848=CARTESIAN_POINT('',(-18.0875701302911,-8.4792077226824,-26.32));
#3849=CARTESIAN_POINT('',(-16.0875701302911,-8.4792077226824,0.32));
#3850=CARTESIAN_POINT('',(-16.0875701302911,-8.4792077226824,-26.32));
#3851=CARTESIAN_POINT('',(-16.0875701302911,-10.4792077226824,0.32));
#3852=CARTESIAN_POINT('',(-16.0875701302911,-10.4792077226824,-26.32));
#3853=CARTESIAN_POINT('',(-16.0875701302911,-12.4792077226824,0.32));
#3854=CARTESIAN_POINT('',(-16.0875701302911,-12.4792077226824,-26.32));
#3855=CARTESIAN_POINT('',(-18.0875701302911,-12.4792077226824,0.32));
#3856=CARTESIAN_POINT('',(-18.0875701302911,-12.4792077226824,-26.32));
#3857=CARTESIAN_POINT('',(-20.0875701302911,-12.4792077226824,0.32));
#3858=CARTESIAN_POINT('',(-20.0875701302911,-12.4792077226824,-26.32));
#3859=CARTESIAN_POINT('',(-20.0875701302911,-10.4792077226824,0.32));
#3860=CARTESIAN_POINT('',(-20.0875701302911,-10.4792077226824,-26.32));
#3861=CARTESIAN_POINT('',(-30.4712650903169,-30.6385892250978,-24.));
#3862=CARTESIAN_POINT('',(-30.4712650903169,-30.6385892250978,-26.));
#3863=CARTESIAN_POINT('',(-28.6896557917002,-31.547362192941,-26.));
#3864=CARTESIAN_POINT('',(-28.6875324265354,-27.1416600552284,-24.));
#3865=CARTESIAN_POINT('',(-28.6875324264706,-27.1416600551094,-25.9999999999518));
#3866=CARTESIAN_POINT('',(-26.9034760653632,-28.0456356647851,-26.));
#3867=CARTESIAN_POINT('',(-26.0342410391537,-21.8847021223868,-24.));
#3868=CARTESIAN_POINT('',(-26.0342410391252,-21.8847021224378,-26.0000000000149));
#3869=CARTESIAN_POINT('',(-24.2466803477683,-22.781723168226,-26.));
#3870=CARTESIAN_POINT('',(-22.5200560794036,-14.8563755103347,-24.));
#3871=CARTESIAN_POINT('',(-22.5200560794727,-14.8563755102894,-25.9999999999912));
#3872=CARTESIAN_POINT('',(-20.7307476998408,-15.7498896607883,-26.));
#3873=CARTESIAN_POINT('',(-20.7601956385093,-11.3379788220227,-24.));
#3874=CARTESIAN_POINT('',(-20.7601956383507,-11.3379788221103,-26.0000000000145));
#3875=CARTESIAN_POINT('',(-18.9722282088691,-12.2341891833767,-26.));
#3876=CARTESIAN_POINT('',(-19.8734975031716,-9.57895030460907,-24.));
#3877=CARTESIAN_POINT('',(-19.8734975031716,-9.57895030460906,-26.));
#3878=CARTESIAN_POINT('',(-18.087570130286,-10.4792077226721,-26.));
#3879=CARTESIAN_POINT('',(-2.16651433860093,-27.2067067597643,0.320000000000002));
#3880=CARTESIAN_POINT('',(-2.16651433860093,-27.2067067597643,-26.32));
#3881=CARTESIAN_POINT('',(-2.16651433860093,-25.2067067597643,0.320000000000002));
#3882=CARTESIAN_POINT('',(-2.16651433860093,-25.2067067597643,-26.32));
#3883=CARTESIAN_POINT('',(-0.166514338600933,-25.2067067597643,0.320000000000002));
#3884=CARTESIAN_POINT('',(-0.166514338600933,-25.2067067597643,-26.32));
#3885=CARTESIAN_POINT('',(1.83348566139907,-25.2067067597643,0.320000000000002));
#3886=CARTESIAN_POINT('',(1.83348566139907,-25.2067067597643,-26.32));
#3887=CARTESIAN_POINT('',(1.83348566139907,-27.2067067597643,0.320000000000002));
#3888=CARTESIAN_POINT('',(1.83348566139907,-27.2067067597643,-26.32));
#3889=CARTESIAN_POINT('',(1.83348566139907,-29.2067067597643,0.320000000000002));
#3890=CARTESIAN_POINT('',(1.83348566139907,-29.2067067597643,-26.32));
#3891=CARTESIAN_POINT('',(-0.166514338600933,-29.2067067597643,0.320000000000002));
#3892=CARTESIAN_POINT('',(-0.166514338600933,-29.2067067597643,-26.32));
#3893=CARTESIAN_POINT('',(-2.16651433860093,-29.2067067597643,0.320000000000002));
#3894=CARTESIAN_POINT('',(-2.16651433860093,-29.2067067597643,-26.32));
#3895=CARTESIAN_POINT('',(-2.16651433860093,-27.2067067597643,0.320000000000002));
#3896=CARTESIAN_POINT('',(-2.16651433860093,-27.2067067597643,-26.32));
#3897=CARTESIAN_POINT('',(-32.,-37.,-24.));
#3898=CARTESIAN_POINT('',(-32.,-37.,-26.));
#3899=CARTESIAN_POINT('',(-30.,-37.,-26.));
#3900=CARTESIAN_POINT('',(-28.,-37.,-26.));
#3901=CARTESIAN_POINT('',(-28.,-37.,-24.));
#3902=CARTESIAN_POINT('',(-28.,-37.,-22.));
#3903=CARTESIAN_POINT('',(-30.,-37.,-22.));
#3904=CARTESIAN_POINT('',(-32.,-37.,-22.));
#3905=CARTESIAN_POINT('',(-32.,-37.,-24.));
#3906=CARTESIAN_POINT('',(-32.,-23.,-24.));
#3907=CARTESIAN_POINT('',(-32.,-23.,-26.));
#3908=CARTESIAN_POINT('',(-30.,-25.,-26.));
#3909=CARTESIAN_POINT('',(-28.,-27.,-26.));
#3910=CARTESIAN_POINT('',(-28.,-27.,-24.));
#3911=CARTESIAN_POINT('',(-28.,-27.,-22.));
#3912=CARTESIAN_POINT('',(-30.,-25.,-22.));
#3913=CARTESIAN_POINT('',(-32.,-23.,-22.));
#3914=CARTESIAN_POINT('',(-32.,-23.,-24.));
#3915=CARTESIAN_POINT('',(-18.,-23.,-24.));
#3916=CARTESIAN_POINT('',(-18.,-23.,-26.));
#3917=CARTESIAN_POINT('',(-18.,-25.,-26.));
#3918=CARTESIAN_POINT('',(-18.,-27.,-26.));
#3919=CARTESIAN_POINT('',(-18.,-27.,-24.));
#3920=CARTESIAN_POINT('',(-18.,-27.,-22.));
#3921=CARTESIAN_POINT('',(-18.,-25.,-22.));
#3922=CARTESIAN_POINT('',(-18.,-23.,-22.));
#3923=CARTESIAN_POINT('',(-18.,-23.,-24.));
#3924=CARTESIAN_POINT('',(-4.,-23.,-24.));
#3925=CARTESIAN_POINT('',(-4.,-23.,-26.));
#3926=CARTESIAN_POINT('',(-6.,-25.,-26.));
#3927=CARTESIAN_POINT('',(-8.00000000000001,-27.,-26.));
#3928=CARTESIAN_POINT('',(-8.,-27.,-24.));
#3929=CARTESIAN_POINT('',(-8.00000000000001,-27.,-22.));
#3930=CARTESIAN_POINT('',(-6.,-25.,-22.));
#3931=CARTESIAN_POINT('',(-4.,-23.,-22.));
#3932=CARTESIAN_POINT('',(-4.,-23.,-24.));
#3933=CARTESIAN_POINT('',(-4.,-37.,-24.));
#3934=CARTESIAN_POINT('',(-4.,-37.,-26.));
#3935=CARTESIAN_POINT('',(-6.,-37.,-26.));
#3936=CARTESIAN_POINT('',(-8.,-37.,-26.));
#3937=CARTESIAN_POINT('',(-8.,-37.,-24.));
#3938=CARTESIAN_POINT('',(-8.,-37.,-22.));
#3939=CARTESIAN_POINT('',(-6.,-37.,-22.));
#3940=CARTESIAN_POINT('',(-4.,-37.,-22.));
#3941=CARTESIAN_POINT('',(-4.,-37.,-24.));
#3942=CARTESIAN_POINT('',(-4.,-51.,-24.));
#3943=CARTESIAN_POINT('',(-4.,-51.,-26.));
#3944=CARTESIAN_POINT('',(-6.,-49.,-26.));
#3945=CARTESIAN_POINT('',(-8.,-47.,-26.));
#3946=CARTESIAN_POINT('',(-8.,-47.,-24.));
#3947=CARTESIAN_POINT('',(-8.,-47.,-22.));
#3948=CARTESIAN_POINT('',(-6.,-49.,-22.));
#3949=CARTESIAN_POINT('',(-4.,-51.,-22.));
#3950=CARTESIAN_POINT('',(-4.,-51.,-24.));
#3951=CARTESIAN_POINT('',(-18.,-51.,-24.));
#3952=CARTESIAN_POINT('',(-18.,-51.,-26.));
#3953=CARTESIAN_POINT('',(-18.,-49.,-26.));
#3954=CARTESIAN_POINT('',(-18.,-47.,-26.));
#3955=CARTESIAN_POINT('',(-18.,-47.,-24.));
#3956=CARTESIAN_POINT('',(-18.,-47.,-22.));
#3957=CARTESIAN_POINT('',(-18.,-49.,-22.));
#3958=CARTESIAN_POINT('',(-18.,-51.,-22.));
#3959=CARTESIAN_POINT('',(-18.,-51.,-24.));
#3960=CARTESIAN_POINT('',(-32.,-51.,-24.));
#3961=CARTESIAN_POINT('',(-32.,-51.,-26.));
#3962=CARTESIAN_POINT('',(-30.,-49.,-26.));
#3963=CARTESIAN_POINT('',(-28.,-47.,-26.));
#3964=CARTESIAN_POINT('',(-28.,-47.,-24.));
#3965=CARTESIAN_POINT('',(-28.,-47.,-22.));
#3966=CARTESIAN_POINT('',(-30.,-49.,-22.));
#3967=CARTESIAN_POINT('',(-32.,-51.,-22.));
#3968=CARTESIAN_POINT('',(-32.,-51.,-24.));
#3969=CARTESIAN_POINT('',(-32.,-37.,-24.));
#3970=CARTESIAN_POINT('',(-32.,-37.,-26.));
#3971=CARTESIAN_POINT('',(-30.,-37.,-26.));
#3972=CARTESIAN_POINT('',(-28.,-37.,-26.));
#3973=CARTESIAN_POINT('',(-28.,-37.,-24.));
#3974=CARTESIAN_POINT('',(-28.,-37.,-22.));
#3975=CARTESIAN_POINT('',(-30.,-37.,-22.));
#3976=CARTESIAN_POINT('',(-32.,-37.,-22.));
#3977=CARTESIAN_POINT('',(-32.,-37.,-24.));
#3978=CARTESIAN_POINT('',(-32.,-37.,-24.));
#3979=CARTESIAN_POINT('',(-32.,-37.,-26.));
#3980=CARTESIAN_POINT('',(-30.,-37.,-26.));
#3981=CARTESIAN_POINT('',(-28.,-37.,-26.));
#3982=CARTESIAN_POINT('',(-28.,-37.,-24.));
#3983=CARTESIAN_POINT('',(-28.,-37.,-22.));
#3984=CARTESIAN_POINT('',(-30.,-37.,-22.));
#3985=CARTESIAN_POINT('',(-32.,-37.,-22.));
#3986=CARTESIAN_POINT('',(-32.,-37.,-24.));
#3987=CARTESIAN_POINT('',(-32.,-23.,-24.));
#3988=CARTESIAN_POINT('',(-32.,-23.,-26.));
#3989=CARTESIAN_POINT('',(-30.,-25.,-26.));
#3990=CARTESIAN_POINT('',(-28.,-27.,-26.));
#3991=CARTESIAN_POINT('',(-28.,-27.,-24.));
#3992=CARTESIAN_POINT('',(-28.,-27.,-22.));
#3993=CARTESIAN_POINT('',(-30.,-25.,-22.));
#3994=CARTESIAN_POINT('',(-32.,-23.,-22.));
#3995=CARTESIAN_POINT('',(-32.,-23.,-24.));
#3996=CARTESIAN_POINT('',(-18.,-23.,-24.));
#3997=CARTESIAN_POINT('',(-18.,-23.,-26.));
#3998=CARTESIAN_POINT('',(-18.,-25.,-26.));
#3999=CARTESIAN_POINT('',(-18.,-27.,-26.));
#4000=CARTESIAN_POINT('',(-18.,-27.,-24.));
#4001=CARTESIAN_POINT('',(-18.,-27.,-22.));
#4002=CARTESIAN_POINT('',(-18.,-25.,-22.));
#4003=CARTESIAN_POINT('',(-18.,-23.,-22.));
#4004=CARTESIAN_POINT('',(-18.,-23.,-24.));
#4005=CARTESIAN_POINT('',(-4.,-23.,-24.));
#4006=CARTESIAN_POINT('',(-4.,-23.,-26.));
#4007=CARTESIAN_POINT('',(-6.,-25.,-26.));
#4008=CARTESIAN_POINT('',(-8.00000000000001,-27.,-26.));
#4009=CARTESIAN_POINT('',(-8.,-27.,-24.));
#4010=CARTESIAN_POINT('',(-8.00000000000001,-27.,-22.));
#4011=CARTESIAN_POINT('',(-6.,-25.,-22.));
#4012=CARTESIAN_POINT('',(-4.,-23.,-22.));
#4013=CARTESIAN_POINT('',(-4.,-23.,-24.));
#4014=CARTESIAN_POINT('',(-4.,-37.,-24.));
#4015=CARTESIAN_POINT('',(-4.,-37.,-26.));
#4016=CARTESIAN_POINT('',(-6.,-37.,-26.));
#4017=CARTESIAN_POINT('',(-8.,-37.,-26.));
#4018=CARTESIAN_POINT('',(-8.,-37.,-24.));
#4019=CARTESIAN_POINT('',(-8.,-37.,-22.));
#4020=CARTESIAN_POINT('',(-6.,-37.,-22.));
#4021=CARTESIAN_POINT('',(-4.,-37.,-22.));
#4022=CARTESIAN_POINT('',(-4.,-37.,-24.));
#4023=CARTESIAN_POINT('',(-4.,-51.,-24.));
#4024=CARTESIAN_POINT('',(-4.,-51.,-26.));
#4025=CARTESIAN_POINT('',(-6.,-49.,-26.));
#4026=CARTESIAN_POINT('',(-8.,-47.,-26.));
#4027=CARTESIAN_POINT('',(-8.,-47.,-24.));
#4028=CARTESIAN_POINT('',(-8.,-47.,-22.));
#4029=CARTESIAN_POINT('',(-6.,-49.,-22.));
#4030=CARTESIAN_POINT('',(-4.,-51.,-22.));
#4031=CARTESIAN_POINT('',(-4.,-51.,-24.));
#4032=CARTESIAN_POINT('',(-18.,-51.,-24.));
#4033=CARTESIAN_POINT('',(-18.,-51.,-26.));
#4034=CARTESIAN_POINT('',(-18.,-49.,-26.));
#4035=CARTESIAN_POINT('',(-18.,-47.,-26.));
#4036=CARTESIAN_POINT('',(-18.,-47.,-24.));
#4037=CARTESIAN_POINT('',(-18.,-47.,-22.));
#4038=CARTESIAN_POINT('',(-18.,-49.,-22.));
#4039=CARTESIAN_POINT('',(-18.,-51.,-22.));
#4040=CARTESIAN_POINT('',(-18.,-51.,-24.));
#4041=CARTESIAN_POINT('',(-32.,-51.,-24.));
#4042=CARTESIAN_POINT('',(-32.,-51.,-26.));
#4043=CARTESIAN_POINT('',(-30.,-49.,-26.));
#4044=CARTESIAN_POINT('',(-28.,-47.,-26.));
#4045=CARTESIAN_POINT('',(-28.,-47.,-24.));
#4046=CARTESIAN_POINT('',(-28.,-47.,-22.));
#4047=CARTESIAN_POINT('',(-30.,-49.,-22.));
#4048=CARTESIAN_POINT('',(-32.,-51.,-22.));
#4049=CARTESIAN_POINT('',(-32.,-51.,-24.));
#4050=CARTESIAN_POINT('',(-32.,-37.,-24.));
#4051=CARTESIAN_POINT('',(-32.,-37.,-26.));
#4052=CARTESIAN_POINT('',(-30.,-37.,-26.));
#4053=CARTESIAN_POINT('',(-28.,-37.,-26.));
#4054=CARTESIAN_POINT('',(-28.,-37.,-24.));
#4055=CARTESIAN_POINT('',(-28.,-37.,-22.));
#4056=CARTESIAN_POINT('',(-30.,-37.,-22.));
#4057=CARTESIAN_POINT('',(-32.,-37.,-22.));
#4058=CARTESIAN_POINT('',(-32.,-37.,-24.));
#4059=CARTESIAN_POINT('',(-7.29571984782856,-42.4238719033388,-26.));
#4060=CARTESIAN_POINT('',(-5.51167315579998,-43.3278505538953,-26.));
#4061=CARTESIAN_POINT('',(-5.51167315579998,-43.3278505538953,-24.));
#4062=CARTESIAN_POINT('',(-6.02932502005981,-39.9245789150799,-26.));
#4063=CARTESIAN_POINT('',(-4.23977143348702,-40.8176894362271,-26.0000000000275));
#4064=CARTESIAN_POINT('',(-4.23977143366596,-40.8176894360837,-24.));
#4065=CARTESIAN_POINT('',(-3.540449751523,-34.9062240001486,-26.));
#4066=CARTESIAN_POINT('',(-1.7358456259879,-35.7694553583122,-25.9999999999966));
#4067=CARTESIAN_POINT('',(-1.73584562600142,-35.7694553583156,-24.));
#4068=CARTESIAN_POINT('',(-1.23719633944092,-29.7941413956675,-26.));
#4069=CARTESIAN_POINT('',(0.595289865118062,-30.5964173296426,-25.9999999999794));
#4070=CARTESIAN_POINT('',(0.595289865324039,-30.5964173297792,-24.));
#4071=CARTESIAN_POINT('',(-0.166514338600933,-27.2067067597643,-26.));
#4072=CARTESIAN_POINT('',(1.68151443270703,-27.9714221711547,-26.));
#4073=CARTESIAN_POINT('',(1.68151443270703,-27.9714221711547,-24.));
#4074=CARTESIAN_POINT('',(-17.0674739823386,-12.4282489887075,6.12));
#4075=CARTESIAN_POINT('',(-17.0674739823386,-12.4282489887075,-18.12));
#4076=CARTESIAN_POINT('',(-17.0674739823386,-14.4282489887075,6.12));
#4077=CARTESIAN_POINT('',(-17.0674739823386,-14.4282489887075,-18.12));
#4078=CARTESIAN_POINT('',(-19.0674739823386,-14.4282489887075,6.12));
#4079=CARTESIAN_POINT('',(-19.0674739823386,-14.4282489887075,-18.12));
#4080=CARTESIAN_POINT('',(-21.0674739823386,-14.4282489887075,6.12));
#4081=CARTESIAN_POINT('',(-21.0674739823386,-14.4282489887075,-18.12));
#4082=CARTESIAN_POINT('',(-21.0674739823386,-12.4282489887075,6.12));
#4083=CARTESIAN_POINT('',(-21.0674739823386,-12.4282489887075,-18.12));
#4084=CARTESIAN_POINT('',(-21.0674739823386,-10.4282489887075,6.12));
#4085=CARTESIAN_POINT('',(-21.0674739823386,-10.4282489887075,-18.12));
#4086=CARTESIAN_POINT('',(-19.0674739823386,-10.4282489887075,6.12));
#4087=CARTESIAN_POINT('',(-19.0674739823386,-10.4282489887075,-18.12));
#4088=CARTESIAN_POINT('',(-17.0674739823386,-10.4282489887075,6.12));
#4089=CARTESIAN_POINT('',(-17.0674739823386,-10.4282489887075,-18.12));
#4090=CARTESIAN_POINT('',(-17.0674739823386,-12.4282489887075,6.12));
#4091=CARTESIAN_POINT('',(-17.0674739823386,-12.4282489887075,-18.12));
#4092=CARTESIAN_POINT('',(-28.6895762040461,-31.5474027894448,-14.0000000019956));
#4093=CARTESIAN_POINT('',(-30.4712650903169,-30.6385892250978,-13.9999106544494));
#4094=CARTESIAN_POINT('',(-30.4712650903169,-30.6385892250978,-16.));
#4095=CARTESIAN_POINT('',(-27.0588864028751,-28.3505073977004,-14.0000000019956));
#4096=CARTESIAN_POINT('',(-28.8428094304261,-27.4460737688892,-13.9999106543966));
#4097=CARTESIAN_POINT('',(-28.8428094304852,-27.4460737689802,-16.));
#4098=CARTESIAN_POINT('',(-23.8214073696035,-21.9447121889313,-14.0000000019956));
#4099=CARTESIAN_POINT('',(-25.6094492518895,-21.0484497688314,-13.9999106544758));
#4100=CARTESIAN_POINT('',(-25.6094492517546,-21.048449768834,-16.));
#4101=CARTESIAN_POINT('',(-20.6192684884623,-15.5210184915934,-14.0000000019956));
#4102=CARTESIAN_POINT('',(-22.40906822396,-14.6282715781495,-13.9999106544494));
#4103=CARTESIAN_POINT('',(-22.4090682241706,-14.6282715780533,-16.));
#4104=CARTESIAN_POINT('',(-19.0098037429332,-12.3135047051405,-14.0000000019956));
#4105=CARTESIAN_POINT('',(-20.797463751384,-11.4164935143589,-13.9999106544494));
#4106=CARTESIAN_POINT('',(-20.797463751384,-11.4164935143589,-16.));
#4107=CARTESIAN_POINT('',(-32.,-37.,-16.));
#4108=CARTESIAN_POINT('',(-32.,-37.,-18.));
#4109=CARTESIAN_POINT('',(-30.,-37.,-18.));
#4110=CARTESIAN_POINT('',(-28.,-37.,-18.));
#4111=CARTESIAN_POINT('',(-28.,-37.,-16.));
#4112=CARTESIAN_POINT('',(-28.,-37.,-14.));
#4113=CARTESIAN_POINT('',(-30.,-37.,-14.));
#4114=CARTESIAN_POINT('',(-32.,-37.,-14.));
#4115=CARTESIAN_POINT('',(-32.,-37.,-16.));
#4116=CARTESIAN_POINT('',(-32.,-23.,-16.));
#4117=CARTESIAN_POINT('',(-32.,-23.,-18.));
#4118=CARTESIAN_POINT('',(-30.,-25.,-18.));
#4119=CARTESIAN_POINT('',(-28.,-27.,-18.));
#4120=CARTESIAN_POINT('',(-28.,-27.,-16.));
#4121=CARTESIAN_POINT('',(-28.,-27.,-14.));
#4122=CARTESIAN_POINT('',(-30.,-25.,-14.));
#4123=CARTESIAN_POINT('',(-32.,-23.,-14.));
#4124=CARTESIAN_POINT('',(-32.,-23.,-16.));
#4125=CARTESIAN_POINT('',(-18.,-23.,-16.));
#4126=CARTESIAN_POINT('',(-18.,-23.,-18.));
#4127=CARTESIAN_POINT('',(-18.,-25.,-18.));
#4128=CARTESIAN_POINT('',(-18.,-27.,-18.));
#4129=CARTESIAN_POINT('',(-18.,-27.,-16.));
#4130=CARTESIAN_POINT('',(-18.,-27.,-14.));
#4131=CARTESIAN_POINT('',(-18.,-25.,-14.));
#4132=CARTESIAN_POINT('',(-18.,-23.,-14.));
#4133=CARTESIAN_POINT('',(-18.,-23.,-16.));
#4134=CARTESIAN_POINT('',(-4.,-23.,-16.));
#4135=CARTESIAN_POINT('',(-4.,-23.,-18.));
#4136=CARTESIAN_POINT('',(-6.,-25.,-18.));
#4137=CARTESIAN_POINT('',(-8.00000000000001,-27.,-18.));
#4138=CARTESIAN_POINT('',(-8.,-27.,-16.));
#4139=CARTESIAN_POINT('',(-8.00000000000001,-27.,-14.));
#4140=CARTESIAN_POINT('',(-6.,-25.,-14.));
#4141=CARTESIAN_POINT('',(-4.,-23.,-14.));
#4142=CARTESIAN_POINT('',(-4.,-23.,-16.));
#4143=CARTESIAN_POINT('',(-4.,-37.,-16.));
#4144=CARTESIAN_POINT('',(-4.,-37.,-18.));
#4145=CARTESIAN_POINT('',(-6.,-37.,-18.));
#4146=CARTESIAN_POINT('',(-8.,-37.,-18.));
#4147=CARTESIAN_POINT('',(-8.,-37.,-16.));
#4148=CARTESIAN_POINT('',(-8.,-37.,-14.));
#4149=CARTESIAN_POINT('',(-6.,-37.,-14.));
#4150=CARTESIAN_POINT('',(-4.,-37.,-14.));
#4151=CARTESIAN_POINT('',(-4.,-37.,-16.));
#4152=CARTESIAN_POINT('',(-4.,-51.,-16.));
#4153=CARTESIAN_POINT('',(-4.,-51.,-18.));
#4154=CARTESIAN_POINT('',(-6.,-49.,-18.));
#4155=CARTESIAN_POINT('',(-8.,-47.,-18.));
#4156=CARTESIAN_POINT('',(-8.,-47.,-16.));
#4157=CARTESIAN_POINT('',(-8.,-47.,-14.));
#4158=CARTESIAN_POINT('',(-6.,-49.,-14.));
#4159=CARTESIAN_POINT('',(-4.,-51.,-14.));
#4160=CARTESIAN_POINT('',(-4.,-51.,-16.));
#4161=CARTESIAN_POINT('',(-18.,-51.,-16.));
#4162=CARTESIAN_POINT('',(-18.,-51.,-18.));
#4163=CARTESIAN_POINT('',(-18.,-49.,-18.));
#4164=CARTESIAN_POINT('',(-18.,-47.,-18.));
#4165=CARTESIAN_POINT('',(-18.,-47.,-16.));
#4166=CARTESIAN_POINT('',(-18.,-47.,-14.));
#4167=CARTESIAN_POINT('',(-18.,-49.,-14.));
#4168=CARTESIAN_POINT('',(-18.,-51.,-14.));
#4169=CARTESIAN_POINT('',(-18.,-51.,-16.));
#4170=CARTESIAN_POINT('',(-32.,-51.,-16.));
#4171=CARTESIAN_POINT('',(-32.,-51.,-18.));
#4172=CARTESIAN_POINT('',(-30.,-49.,-18.));
#4173=CARTESIAN_POINT('',(-28.,-47.,-18.));
#4174=CARTESIAN_POINT('',(-28.,-47.,-16.));
#4175=CARTESIAN_POINT('',(-28.,-47.,-14.));
#4176=CARTESIAN_POINT('',(-30.,-49.,-14.));
#4177=CARTESIAN_POINT('',(-32.,-51.,-14.));
#4178=CARTESIAN_POINT('',(-32.,-51.,-16.));
#4179=CARTESIAN_POINT('',(-32.,-37.,-16.));
#4180=CARTESIAN_POINT('',(-32.,-37.,-18.));
#4181=CARTESIAN_POINT('',(-30.,-37.,-18.));
#4182=CARTESIAN_POINT('',(-28.,-37.,-18.));
#4183=CARTESIAN_POINT('',(-28.,-37.,-16.));
#4184=CARTESIAN_POINT('',(-28.,-37.,-14.));
#4185=CARTESIAN_POINT('',(-30.,-37.,-14.));
#4186=CARTESIAN_POINT('',(-32.,-37.,-14.));
#4187=CARTESIAN_POINT('',(-32.,-37.,-16.));
#4188=CARTESIAN_POINT('',(-32.,-37.,-16.));
#4189=CARTESIAN_POINT('',(-32.,-37.,-18.));
#4190=CARTESIAN_POINT('',(-30.,-37.,-18.));
#4191=CARTESIAN_POINT('',(-28.,-37.,-18.));
#4192=CARTESIAN_POINT('',(-28.,-37.,-16.));
#4193=CARTESIAN_POINT('',(-28.,-37.,-14.));
#4194=CARTESIAN_POINT('',(-30.,-37.,-14.));
#4195=CARTESIAN_POINT('',(-32.,-37.,-14.));
#4196=CARTESIAN_POINT('',(-32.,-37.,-16.));
#4197=CARTESIAN_POINT('',(-32.,-23.,-16.));
#4198=CARTESIAN_POINT('',(-32.,-23.,-18.));
#4199=CARTESIAN_POINT('',(-30.,-25.,-18.));
#4200=CARTESIAN_POINT('',(-28.,-27.,-18.));
#4201=CARTESIAN_POINT('',(-28.,-27.,-16.));
#4202=CARTESIAN_POINT('',(-28.,-27.,-14.));
#4203=CARTESIAN_POINT('',(-30.,-25.,-14.));
#4204=CARTESIAN_POINT('',(-32.,-23.,-14.));
#4205=CARTESIAN_POINT('',(-32.,-23.,-16.));
#4206=CARTESIAN_POINT('',(-18.,-23.,-16.));
#4207=CARTESIAN_POINT('',(-18.,-23.,-18.));
#4208=CARTESIAN_POINT('',(-18.,-25.,-18.));
#4209=CARTESIAN_POINT('',(-18.,-27.,-18.));
#4210=CARTESIAN_POINT('',(-18.,-27.,-16.));
#4211=CARTESIAN_POINT('',(-18.,-27.,-14.));
#4212=CARTESIAN_POINT('',(-18.,-25.,-14.));
#4213=CARTESIAN_POINT('',(-18.,-23.,-14.));
#4214=CARTESIAN_POINT('',(-18.,-23.,-16.));
#4215=CARTESIAN_POINT('',(-4.,-23.,-16.));
#4216=CARTESIAN_POINT('',(-4.,-23.,-18.));
#4217=CARTESIAN_POINT('',(-6.,-25.,-18.));
#4218=CARTESIAN_POINT('',(-8.00000000000001,-27.,-18.));
#4219=CARTESIAN_POINT('',(-8.,-27.,-16.));
#4220=CARTESIAN_POINT('',(-8.00000000000001,-27.,-14.));
#4221=CARTESIAN_POINT('',(-6.,-25.,-14.));
#4222=CARTESIAN_POINT('',(-4.,-23.,-14.));
#4223=CARTESIAN_POINT('',(-4.,-23.,-16.));
#4224=CARTESIAN_POINT('',(-4.,-37.,-16.));
#4225=CARTESIAN_POINT('',(-4.,-37.,-18.));
#4226=CARTESIAN_POINT('',(-6.,-37.,-18.));
#4227=CARTESIAN_POINT('',(-8.,-37.,-18.));
#4228=CARTESIAN_POINT('',(-8.,-37.,-16.));
#4229=CARTESIAN_POINT('',(-8.,-37.,-14.));
#4230=CARTESIAN_POINT('',(-6.,-37.,-14.));
#4231=CARTESIAN_POINT('',(-4.,-37.,-14.));
#4232=CARTESIAN_POINT('',(-4.,-37.,-16.));
#4233=CARTESIAN_POINT('',(-4.,-51.,-16.));
#4234=CARTESIAN_POINT('',(-4.,-51.,-18.));
#4235=CARTESIAN_POINT('',(-6.,-49.,-18.));
#4236=CARTESIAN_POINT('',(-8.,-47.,-18.));
#4237=CARTESIAN_POINT('',(-8.,-47.,-16.));
#4238=CARTESIAN_POINT('',(-8.,-47.,-14.));
#4239=CARTESIAN_POINT('',(-6.,-49.,-14.));
#4240=CARTESIAN_POINT('',(-4.,-51.,-14.));
#4241=CARTESIAN_POINT('',(-4.,-51.,-16.));
#4242=CARTESIAN_POINT('',(-18.,-51.,-16.));
#4243=CARTESIAN_POINT('',(-18.,-51.,-18.));
#4244=CARTESIAN_POINT('',(-18.,-49.,-18.));
#4245=CARTESIAN_POINT('',(-18.,-47.,-18.));
#4246=CARTESIAN_POINT('',(-18.,-47.,-16.));
#4247=CARTESIAN_POINT('',(-18.,-47.,-14.));
#4248=CARTESIAN_POINT('',(-18.,-49.,-14.));
#4249=CARTESIAN_POINT('',(-18.,-51.,-14.));
#4250=CARTESIAN_POINT('',(-18.,-51.,-16.));
#4251=CARTESIAN_POINT('',(-32.,-51.,-16.));
#4252=CARTESIAN_POINT('',(-32.,-51.,-18.));
#4253=CARTESIAN_POINT('',(-30.,-49.,-18.));
#4254=CARTESIAN_POINT('',(-28.,-47.,-18.));
#4255=CARTESIAN_POINT('',(-28.,-47.,-16.));
#4256=CARTESIAN_POINT('',(-28.,-47.,-14.));
#4257=CARTESIAN_POINT('',(-30.,-49.,-14.));
#4258=CARTESIAN_POINT('',(-32.,-51.,-14.));
#4259=CARTESIAN_POINT('',(-32.,-51.,-16.));
#4260=CARTESIAN_POINT('',(-32.,-37.,-16.));
#4261=CARTESIAN_POINT('',(-32.,-37.,-18.));
#4262=CARTESIAN_POINT('',(-30.,-37.,-18.));
#4263=CARTESIAN_POINT('',(-28.,-37.,-18.));
#4264=CARTESIAN_POINT('',(-28.,-37.,-16.));
#4265=CARTESIAN_POINT('',(-28.,-37.,-14.));
#4266=CARTESIAN_POINT('',(-30.,-37.,-14.));
#4267=CARTESIAN_POINT('',(-32.,-37.,-14.));
#4268=CARTESIAN_POINT('',(-32.,-37.,-16.));
#4269=CARTESIAN_POINT('',(-3.76161199885049,-30.9150872825266,6.12));
#4270=CARTESIAN_POINT('',(-3.76161199885049,-30.9150872825266,-18.12));
#4271=CARTESIAN_POINT('',(-3.76161199885049,-28.9150872825266,6.12));
#4272=CARTESIAN_POINT('',(-3.76161199885049,-28.9150872825266,-18.12));
#4273=CARTESIAN_POINT('',(-1.76161199885049,-28.9150872825266,6.12));
#4274=CARTESIAN_POINT('',(-1.76161199885049,-28.9150872825266,-18.12));
#4275=CARTESIAN_POINT('',(0.238388001149509,-28.9150872825266,6.12));
#4276=CARTESIAN_POINT('',(0.238388001149509,-28.9150872825266,-18.12));
#4277=CARTESIAN_POINT('',(0.23838800114951,-30.9150872825266,6.12));
#4278=CARTESIAN_POINT('',(0.23838800114951,-30.9150872825266,-18.12));
#4279=CARTESIAN_POINT('',(0.23838800114951,-32.9150872825266,6.12));
#4280=CARTESIAN_POINT('',(0.23838800114951,-32.9150872825266,-18.12));
#4281=CARTESIAN_POINT('',(-1.76161199885049,-32.9150872825266,6.12));
#4282=CARTESIAN_POINT('',(-1.76161199885049,-32.9150872825266,-18.12));
#4283=CARTESIAN_POINT('',(-3.76161199885049,-32.9150872825266,6.12));
#4284=CARTESIAN_POINT('',(-3.76161199885049,-32.9150872825266,-18.12));
#4285=CARTESIAN_POINT('',(-3.76161199885049,-30.9150872825266,6.12));
#4286=CARTESIAN_POINT('',(-3.76161199885049,-30.9150872825266,-18.12));
#4287=CARTESIAN_POINT('',(-5.51167315579999,-43.3278505538953,-16.));
#4288=CARTESIAN_POINT('',(-5.51167315579999,-43.3278505538953,-13.9999924056008));
#4289=CARTESIAN_POINT('',(-7.29572662219707,-42.423868470758,-14.0000000000144));
#4290=CARTESIAN_POINT('',(-4.53944073886481,-41.4091016694516,-16.0000000000149));
#4291=CARTESIAN_POINT('',(-4.53944073874506,-41.4091016694923,-13.9999924056113));
#4292=CARTESIAN_POINT('',(-6.32770365122933,-40.5134271369587,-14.0000000000144));
#4293=CARTESIAN_POINT('',(-2.61881184498522,-37.554183988363,-15.9999999999926));
#4294=CARTESIAN_POINT('',(-2.61881184492784,-37.5541839884123,-13.9999924056034));
#4295=CARTESIAN_POINT('',(-4.41786236581606,-36.6800105509918,-14.0000000000144));
#4296=CARTESIAN_POINT('',(-0.784672087191255,-33.6387191534001,-16.));
#4297=CARTESIAN_POINT('',(-0.784672087425752,-33.6387191532607,-13.999992405585));
#4298=CARTESIAN_POINT('',(-2.60139500478383,-32.8019323841539,-14.0000000000144));
#4299=CARTESIAN_POINT('',(0.0967643945065974,-31.6583119330323,-16.));
#4300=CARTESIAN_POINT('',(0.0967643945065993,-31.6583119330323,-13.9999924056008));
#4301=CARTESIAN_POINT('',(-1.73043547687439,-30.845064733454,-14.0000000000144));
#4302=CARTESIAN_POINT('',(-15.9345544133492,-15.4689862103271,0.320000000000002));
#4303=CARTESIAN_POINT('',(-15.9345544133492,-15.4689862103271,-26.32));
#4304=CARTESIAN_POINT('',(-15.9345544133492,-13.4689862103271,0.320000000000002));
#4305=CARTESIAN_POINT('',(-15.9345544133492,-13.4689862103271,-26.32));
#4306=CARTESIAN_POINT('',(-13.9345544133492,-13.4689862103271,0.320000000000002));
#4307=CARTESIAN_POINT('',(-13.9345544133492,-13.4689862103271,-26.32));
#4308=CARTESIAN_POINT('',(-11.9345544133492,-13.4689862103271,0.320000000000002));
#4309=CARTESIAN_POINT('',(-11.9345544133492,-13.4689862103271,-26.32));
#4310=CARTESIAN_POINT('',(-11.9345544133492,-15.4689862103271,0.320000000000002));
#4311=CARTESIAN_POINT('',(-11.9345544133492,-15.4689862103271,-26.32));
#4312=CARTESIAN_POINT('',(-11.9345544133492,-17.4689862103271,0.320000000000002));
#4313=CARTESIAN_POINT('',(-11.9345544133492,-17.4689862103271,-26.32));
#4314=CARTESIAN_POINT('',(-13.9345544133492,-17.4689862103271,0.320000000000002));
#4315=CARTESIAN_POINT('',(-13.9345544133492,-17.4689862103271,-26.32));
#4316=CARTESIAN_POINT('',(-15.9345544133492,-17.4689862103271,0.320000000000002));
#4317=CARTESIAN_POINT('',(-15.9345544133492,-17.4689862103271,-26.32));
#4318=CARTESIAN_POINT('',(-15.9345544133492,-15.4689862103271,0.320000000000002));
#4319=CARTESIAN_POINT('',(-15.9345544133492,-15.4689862103271,-26.32));
#4320=CARTESIAN_POINT('',(-4.34268098273871,-25.8978337484564,0.32));
#4321=CARTESIAN_POINT('',(-4.34268098273871,-25.8978337484564,-26.32));
#4322=CARTESIAN_POINT('',(-4.34268098273871,-23.8978337484564,0.32));
#4323=CARTESIAN_POINT('',(-4.34268098273871,-23.8978337484564,-26.32));
#4324=CARTESIAN_POINT('',(-2.34268098273871,-23.8978337484564,0.32));
#4325=CARTESIAN_POINT('',(-2.34268098273871,-23.8978337484564,-26.32));
#4326=CARTESIAN_POINT('',(-0.342680982738711,-23.8978337484564,0.32));
#4327=CARTESIAN_POINT('',(-0.342680982738711,-23.8978337484564,-26.32));
#4328=CARTESIAN_POINT('',(-0.342680982738711,-25.8978337484564,0.32));
#4329=CARTESIAN_POINT('',(-0.342680982738711,-25.8978337484564,-26.32));
#4330=CARTESIAN_POINT('',(-0.342680982738711,-27.8978337484564,0.32));
#4331=CARTESIAN_POINT('',(-0.342680982738711,-27.8978337484564,-26.32));
#4332=CARTESIAN_POINT('',(-2.34268098273871,-27.8978337484564,0.32));
#4333=CARTESIAN_POINT('',(-2.34268098273871,-27.8978337484564,-26.32));
#4334=CARTESIAN_POINT('',(-4.34268098273871,-27.8978337484564,0.32));
#4335=CARTESIAN_POINT('',(-4.34268098273871,-27.8978337484564,-26.32));
#4336=CARTESIAN_POINT('',(-4.34268098273871,-25.8978337484564,0.32));
#4337=CARTESIAN_POINT('',(-4.34268098273871,-25.8978337484564,-26.32));
#4338=CARTESIAN_POINT('',(-21.4248660667894,-15.3457469442706,-14.1677257773047));
#4339=CARTESIAN_POINT('',(-21.4786022719932,-15.2141109352743,-14.21451991783));
#4340=CARTESIAN_POINT('',(-21.5572264721866,-14.9345116667882,-14.3218634265658));
#4341=CARTESIAN_POINT('',(-21.6059830370022,-14.4710975337353,-14.5180350809998));
#4342=CARTESIAN_POINT('',(-21.5928673246352,-13.9836398232924,-14.7388045601005));
#4343=CARTESIAN_POINT('',(-21.5283709563914,-13.4910272935346,-14.9733863812132));
#4344=CARTESIAN_POINT('',(-21.4167345669154,-12.9868049676826,-15.2237214559814));
#4345=CARTESIAN_POINT('',(-21.2663906640918,-12.4928757188124,-15.4781390462703));
#4346=CARTESIAN_POINT('',(-21.1115956353098,-12.0879182905335,-15.6938058199222));
#4347=CARTESIAN_POINT('',(-20.9709831158399,-11.768884761251,-15.8679036667818));
#4348=CARTESIAN_POINT('',(-20.8942738723096,-11.6094554679011,-15.9563517660871));
#4349=CARTESIAN_POINT('',(-20.8551292126535,-11.5314275028319,-16.));
#4350=CARTESIAN_POINT('',(-20.2000108438667,-14.1939042496432,-13.9138349708596));
#4351=CARTESIAN_POINT('',(-20.2730551242792,-14.1628236222685,-13.9088898151601));
#4352=CARTESIAN_POINT('',(-20.4382620957134,-14.0641575404591,-13.9230901644634));
#4353=CARTESIAN_POINT('',(-20.6922742525652,-13.8032259292021,-14.0425890327522));
#4354=CARTESIAN_POINT('',(-20.8988524307018,-13.4649267652221,-14.252480375401));
#4355=CARTESIAN_POINT('',(-21.0360803862818,-13.087625064491,-14.528264598258));
#4356=CARTESIAN_POINT('',(-21.100839376947,-12.6839382579222,-14.8600513914939));
#4357=CARTESIAN_POINT('',(-21.0909078757115,-12.2840147515454,-15.2218923101042));
#4358=CARTESIAN_POINT('',(-21.0247403675993,-11.9598057623553,-15.5412384327575));
#4359=CARTESIAN_POINT('',(-20.9388573790705,-11.7113562566919,-15.8017146278681));
#4360=CARTESIAN_POINT('',(-20.8845001987023,-11.5899733758474,-15.9345276481096));
#4361=CARTESIAN_POINT('',(-20.8551292126535,-11.5314275028319,-16.));
#4362=CARTESIAN_POINT('',(-20.6046939542283,-13.7076843165078,-12.3354515546093));
#4363=CARTESIAN_POINT('',(-20.6793844925777,-13.6179448940993,-12.4290398419923));
#4364=CARTESIAN_POINT('',(-20.8060684317672,-13.4344352566365,-12.6437268501928));
#4365=CARTESIAN_POINT('',(-20.9426372343816,-13.1465732018016,-13.0360701627872));
#4366=CARTESIAN_POINT('',(-21.0283325800528,-12.856621986607,-13.47760911999));
#4367=CARTESIAN_POINT('',(-21.0688227076563,-12.5738068597194,-13.946772762483));
#4368=CARTESIAN_POINT('',(-21.0692223542839,-12.2933905986225,-14.4474429119478));
#4369=CARTESIAN_POINT('',(-21.0327486157551,-12.0268262354009,-14.9562780925447));
#4370=CARTESIAN_POINT('',(-20.9744941104614,-11.8145213073895,-15.3876116398437));
#4371=CARTESIAN_POINT('',(-20.9118291270919,-11.6509551778025,-15.7358073335638));
#4372=CARTESIAN_POINT('',(-20.8747265241792,-11.5704912819685,-15.9127035321741));
#4373=CARTESIAN_POINT('',(-20.8551292126535,-11.5314275028319,-16.));
#4374=CARTESIAN_POINT('',(-20.6046939711118,-13.7076842962226,-12.3354515757645));
#4375=CARTESIAN_POINT('',(-20.2452936956575,-14.1394976783872,-12.1102848073331));
#4376=CARTESIAN_POINT('',(-19.8718107557675,-14.5882311448566,-12.0000000050929));
#4377=CARTESIAN_POINT('',(-19.4848086897588,-15.0532076138276,-12.));
#4378=CARTESIAN_POINT('',(-20.1999457996442,-14.1939824122311,-13.914088726947));
#4379=CARTESIAN_POINT('',(-19.9468172095703,-14.4981121529788,-13.8548008156688));
#4380=CARTESIAN_POINT('',(-19.7033666460228,-14.7906139077609,-13.8921447207443));
#4381=CARTESIAN_POINT('',(-19.4848086897588,-15.0532076138276,-14.0003464418107));
#4382=CARTESIAN_POINT('',(-21.4250946685474,-15.3459618650976,-14.1677731455302));
#4383=CARTESIAN_POINT('',(-21.2958266827746,-15.6626662753471,-14.0551789829559));
#4384=CARTESIAN_POINT('',(-21.1614954954068,-15.9918047810296,-14.000019228938));
#4385=CARTESIAN_POINT('',(-21.0222949341076,-16.3328645270899,-13.9999999699997));
#4386=CARTESIAN_POINT('',(-23.5957368661928,-16.3667551022416,-12.));
#4387=CARTESIAN_POINT('',(-23.5957368661928,-16.3667551022416,-14.));
#4388=CARTESIAN_POINT('',(-22.0585168774197,-15.0873197947265,-14.));
#4389=CARTESIAN_POINT('',(-20.5212968886465,-13.8078844872114,-14.));
#4390=CARTESIAN_POINT('',(-20.5212968886465,-13.8078844872114,-12.));
#4391=CARTESIAN_POINT('',(-20.5212968886465,-13.8078844872114,-10.));
#4392=CARTESIAN_POINT('',(-22.0585168774197,-15.0873197947265,-10.));
#4393=CARTESIAN_POINT('',(-23.5957368661928,-16.3667551022416,-10.));
#4394=CARTESIAN_POINT('',(-23.5957368661928,-16.3667551022416,-12.));
#4395=CARTESIAN_POINT('',(-19.7902419312384,-20.9389932191876,-12.));
#4396=CARTESIAN_POINT('',(-19.7902419312384,-20.9389932191876,-14.));
#4397=CARTESIAN_POINT('',(-18.2530219424652,-19.6595579116725,-14.));
#4398=CARTESIAN_POINT('',(-16.715801953692,-18.3801226041575,-14.));
#4399=CARTESIAN_POINT('',(-16.715801953692,-18.3801226041575,-12.));
#4400=CARTESIAN_POINT('',(-16.715801953692,-18.3801226041575,-10.));
#4401=CARTESIAN_POINT('',(-18.2530219424652,-19.6595579116725,-10.));
#4402=CARTESIAN_POINT('',(-19.7902419312384,-20.9389932191876,-10.));
#4403=CARTESIAN_POINT('',(-19.7902419312384,-20.9389932191876,-12.));
#4404=CARTESIAN_POINT('',(-2.59579187996609,-32.7328177152206,-12.));
#4405=CARTESIAN_POINT('',(-2.52213364156196,-32.7666204284557,-12.0000000027997));
#4406=CARTESIAN_POINT('',(-2.37319553316271,-32.824190822989,-12.0195905780926));
#4407=CARTESIAN_POINT('',(-2.1444349067461,-32.8828241968764,-12.1036273797758));
#4408=CARTESIAN_POINT('',(-1.9129526923628,-32.9136851409212,-12.2400312989127));
#4409=CARTESIAN_POINT('',(-1.69062538594171,-32.9178553348083,-12.4168462155469));
#4410=CARTESIAN_POINT('',(-1.47354883844915,-32.8980415175085,-12.6323228651796));
#4411=CARTESIAN_POINT('',(-1.27112669299779,-32.857503095706,-12.87273979587));
#4412=CARTESIAN_POINT('',(-1.08026248738514,-32.7989282053847,-13.1358023769441));
#4413=CARTESIAN_POINT('',(-0.839586837614446,-32.6979972263278,-13.5158659546943));
#4414=CARTESIAN_POINT('',(-0.62868112179871,-32.5708153925552,-13.9180871113766));
#4415=CARTESIAN_POINT('',(-0.442473460597299,-32.4218914133877,-14.338710516486));
#4416=CARTESIAN_POINT('',(-0.31439283399422,-32.2992431255294,-14.6642171805051));
#4417=CARTESIAN_POINT('',(-0.199367377103891,-32.1678393017997,-14.9946549723402));
#4418=CARTESIAN_POINT('',(-0.0977114666504364,-32.029155146381,-15.3271840695484));
#4419=CARTESIAN_POINT('',(-0.00892034565075059,-31.8835157125231,-15.6617056225274));
#4420=CARTESIAN_POINT('',(0.042148828754933,-31.7809139342362,-15.8880380500255));
#4421=CARTESIAN_POINT('',(0.0652066639273794,-31.7291717826409,-16.));
#4422=CARTESIAN_POINT('',(-2.59579187996609,-32.7328177152206,-14.0000000000005));
#4423=CARTESIAN_POINT('',(-2.59578441335744,-32.7328211434956,-13.9991831184663));
#4424=CARTESIAN_POINT('',(-2.59928153368102,-32.7423499204373,-13.9874768850169));
#4425=CARTESIAN_POINT('',(-2.57723077313468,-32.7911215276276,-13.9503035811307));
#4426=CARTESIAN_POINT('',(-2.49966945956138,-32.8641402600393,-13.9147133481811));
#4427=CARTESIAN_POINT('',(-2.36387342951237,-32.9387143283717,-13.9024439042911));
#4428=CARTESIAN_POINT('',(-2.17466277550397,-32.9984726621165,-13.9261485558246));
#4429=CARTESIAN_POINT('',(-1.95320610930871,-33.0295749910974,-13.9894298586746));
#4430=CARTESIAN_POINT('',(-1.71193888037853,-33.028091294763,-14.090523681868));
#4431=CARTESIAN_POINT('',(-1.37887067380587,-32.9798470899336,-14.27191681142));
#4432=CARTESIAN_POINT('',(-1.05132009261874,-32.8657213628526,-14.5105391256592));
#4433=CARTESIAN_POINT('',(-0.750555929892679,-32.6943632114755,-14.7897234657913));
#4434=CARTESIAN_POINT('',(-0.541850727252157,-32.5403067022796,-15.0152050889284));
#4435=CARTESIAN_POINT('',(-0.353737729937094,-32.3640130870366,-15.2522965741911));
#4436=CARTESIAN_POINT('',(-0.188735429850148,-32.1692636677721,-15.4965928121923));
#4437=CARTESIAN_POINT('',(-0.04745502113973,-31.9581798314013,-15.7459833892183));
#4438=CARTESIAN_POINT('',(0.0308895753271716,-31.8061798793413,-15.9160285362374));
#4439=CARTESIAN_POINT('',(0.0652066639273794,-31.7291717826409,-16.));
#4440=CARTESIAN_POINT('',(-3.4299717610819,-34.5505481479151,-14.));
#4441=CARTESIAN_POINT('',(-3.35596525240242,-34.5836117092269,-14.));
#4442=CARTESIAN_POINT('',(-3.20216823532785,-34.6308710640287,-14.009795289696));
#4443=CARTESIAN_POINT('',(-2.95454945699075,-34.6494570218059,-14.0518136897138));
#4444=CARTESIAN_POINT('',(-2.69319782513614,-34.6167970953645,-14.120015649503));
#4445=CARTESIAN_POINT('',(-2.43263230719252,-34.5394898514985,-14.2084231077609));
#4446=CARTESIAN_POINT('',(-2.16936294945181,-34.4210047722797,-14.3161614325931));
#4447=CARTESIAN_POINT('',(-1.91577106066983,-34.2708446586674,-14.4363698979341));
#4448=CARTESIAN_POINT('',(-1.66926588356295,-34.0926855882916,-14.5679011884723));
#4449=CARTESIAN_POINT('',(-1.34867942929606,-33.8193889976964,-14.757932977347));
#4450=CARTESIAN_POINT('',(-1.05390907586515,-33.5102715468314,-14.9590435556883));
#4451=CARTESIAN_POINT('',(-0.780705410678814,-33.1713784283909,-15.169355258243));
#4452=CARTESIAN_POINT('',(-0.585655976085822,-32.901825627626,-15.3321085902525));
#4453=CARTESIAN_POINT('',(-0.403001970099029,-32.6213587467671,-15.4973274861701));
#4454=CARTESIAN_POINT('',(-0.233636861559871,-32.3326958032077,-15.6635920347742));
#4455=CARTESIAN_POINT('',(-0.077069512947429,-32.0361690145342,-15.8308528112637));
#4456=CARTESIAN_POINT('',(0.019630322947879,-31.8314458220936,-15.9440190250127));
#4457=CARTESIAN_POINT('',(0.0652066639273794,-31.7291717826409,-16.));
#4458=CARTESIAN_POINT('',(-17.584661890553,-17.3362020131422,-12.));
#4459=CARTESIAN_POINT('',(-16.6538917632248,-18.4545066560403,-12.));
#4460=CARTESIAN_POINT('',(-15.3033636205478,-17.9132007904787,-12.));
#4461=CARTESIAN_POINT('',(-17.5846618911809,-17.3362020123878,-12.1328367699639));
#4462=CARTESIAN_POINT('',(-16.6538917650865,-18.454506657283,-12.1641042553703));
#4463=CARTESIAN_POINT('',(-15.3033636229107,-17.9132007914258,-12.2656735399275));
#4464=CARTESIAN_POINT('',(-17.6080010780221,-17.3388558723426,-12.3284681374536));
#4465=CARTESIAN_POINT('',(-16.6785154588138,-18.4708033182879,-12.4067155835847));
#4466=CARTESIAN_POINT('',(-15.3341091895321,-17.9253733061725,-12.6569362749073));
#4467=CARTESIAN_POINT('',(-17.6823391007029,-17.3490969464961,-12.5826499753854));
#4468=CARTESIAN_POINT('',(-16.7543513463049,-18.5229935533551,-12.7110794487325));
#4469=CARTESIAN_POINT('',(-15.4327408058137,-17.9661602118568,-13.1652999507708));
#4470=CARTESIAN_POINT('',(-17.7852953502945,-17.365379190536,-12.8317244487669));
#4471=CARTESIAN_POINT('',(-16.8575374318252,-18.5962863167135,-13.0015945251351));
#4472=CARTESIAN_POINT('',(-15.5701685588935,-18.0250149914577,-13.6634488975338));
#4473=CARTESIAN_POINT('',(-17.9223879249454,-17.3918635755083,-13.0599594248438));
#4474=CARTESIAN_POINT('',(-16.989465583027,-18.6953447654741,-13.2497198393704));
#4475=CARTESIAN_POINT('',(-15.755051568797,-18.1087992565737,-14.1199188496875));
#4476=CARTESIAN_POINT('',(-18.090380264028,-17.4351357117119,-13.2714647203894));
#4477=CARTESIAN_POINT('',(-17.1377656828147,-18.8167513313319,-13.4563384462458));
#4478=CARTESIAN_POINT('',(-15.9858614397162,-18.2236644480482,-14.5429294407788));
#4479=CARTESIAN_POINT('',(-18.2264103622167,-17.4768095575863,-13.4160666568235));
#4480=CARTESIAN_POINT('',(-17.2510774078206,-18.9152921570973,-13.5863755717273));
#4481=CARTESIAN_POINT('',(-16.175367178323,-18.3241552436287,-14.832133313647));
#4482=CARTESIAN_POINT('',(-18.3703273701391,-17.5289635581428,-13.5468173244272));
#4483=CARTESIAN_POINT('',(-17.3625552710927,-19.0185130944461,-13.6926680326551));
#4484=CARTESIAN_POINT('',(-16.3790322878625,-18.4395636237167,-15.0936346488543));
#4485=CARTESIAN_POINT('',(-18.5216291044965,-17.5936997693757,-13.6641988158641));
#4486=CARTESIAN_POINT('',(-17.4703488683996,-19.1248716714436,-13.7777235989013));
#4487=CARTESIAN_POINT('',(-16.597044538939,-18.5720618910372,-15.3283976317289));
#4488=CARTESIAN_POINT('',(-18.6770304487275,-17.6721767447178,-13.7660701109395));
#4489=CARTESIAN_POINT('',(-17.5713596342656,-19.2307330006659,-13.8430791920755));
#4490=CARTESIAN_POINT('',(-16.8256789849034,-18.7216639721737,-15.5321402218765));
#4491=CARTESIAN_POINT('',(-18.8309021838659,-17.7635042242169,-13.8497668244575));
#4492=CARTESIAN_POINT('',(-17.6629609380081,-19.3314815039059,-13.891451088915));
#4493=CARTESIAN_POINT('',(-17.0574216427563,-18.8851519163585,-15.6995336489245));
#4494=CARTESIAN_POINT('',(-18.9831633463978,-17.8691761943027,-13.9162280546865));
#4495=CARTESIAN_POINT('',(-17.7476175284691,-19.4271250646657,-13.9281066341045));
#4496=CARTESIAN_POINT('',(-17.2927571442176,-19.0641781829508,-15.8324561093375));
#4497=CARTESIAN_POINT('',(-19.1835663961137,-18.0322069496016,-13.9810639167182));
#4498=CARTESIAN_POINT('',(-17.8558975296217,-19.5491504276373,-13.9667178164701));
#4499=CARTESIAN_POINT('',(-17.6119207953931,-19.3268070623686,-15.9621278336252));
#4500=CARTESIAN_POINT('',(-19.3203094624338,-18.1728358006155,-14.));
#4501=CARTESIAN_POINT('',(-17.9330577732471,-19.6311262052243,-13.987913752135));
#4502=CARTESIAN_POINT('',(-17.8412582810389,-19.5391392832958,-15.9999999991626));
#4503=CARTESIAN_POINT('',(-19.4053258253295,-18.2750841899647,-14.));
#4504=CARTESIAN_POINT('',(-17.9896707593875,-19.6878547779488,-14.));
#4505=CARTESIAN_POINT('',(-17.9896707593875,-19.6878547779488,-16.));
#4506=CARTESIAN_POINT('',(-7.76161199885049,-30.9150872825266,-12.));
#4507=CARTESIAN_POINT('',(-7.76161199885049,-24.9150872825266,-12.));
#4508=CARTESIAN_POINT('',(-1.76161199885049,-24.9150872825266,-12.));
#4509=CARTESIAN_POINT('',(4.23838800114951,-24.9150872825266,-12.));
#4510=CARTESIAN_POINT('',(4.23838800114951,-30.9150872825266,-12.));
#4511=CARTESIAN_POINT('',(4.23838800114951,-36.9150872825266,-12.));
#4512=CARTESIAN_POINT('',(-1.76161199885049,-36.9150872825266,-12.));
#4513=CARTESIAN_POINT('',(-7.76161199885049,-36.9150872825266,-12.));
#4514=CARTESIAN_POINT('',(-7.76161199885049,-30.9150872825266,-12.));
#4515=CARTESIAN_POINT('',(-7.76161199885049,-30.9150872825266,-14.));
#4516=CARTESIAN_POINT('',(-7.76161199885049,-24.9150872825266,-14.));
#4517=CARTESIAN_POINT('',(-1.76161199885049,-24.9150872825266,-14.));
#4518=CARTESIAN_POINT('',(4.23838800114951,-24.9150872825266,-14.));
#4519=CARTESIAN_POINT('',(4.23838800114951,-30.9150872825266,-14.));
#4520=CARTESIAN_POINT('',(4.23838800114951,-36.9150872825266,-14.));
#4521=CARTESIAN_POINT('',(-1.76161199885049,-36.9150872825266,-14.));
#4522=CARTESIAN_POINT('',(-7.76161199885049,-36.9150872825266,-14.));
#4523=CARTESIAN_POINT('',(-7.76161199885049,-30.9150872825266,-14.));
#4524=CARTESIAN_POINT('',(-5.76161199885049,-30.9150872825266,-14.));
#4525=CARTESIAN_POINT('',(-5.76161199885049,-26.9150872825266,-14.));
#4526=CARTESIAN_POINT('',(-1.76161199885049,-26.9150872825266,-14.));
#4527=CARTESIAN_POINT('',(2.23838800114951,-26.9150872825266,-14.));
#4528=CARTESIAN_POINT('',(2.23838800114951,-30.9150872825266,-14.));
#4529=CARTESIAN_POINT('',(2.23838800114951,-34.9150872825266,-14.));
#4530=CARTESIAN_POINT('',(-1.76161199885049,-34.9150872825266,-14.));
#4531=CARTESIAN_POINT('',(-5.76161199885049,-34.9150872825266,-14.));
#4532=CARTESIAN_POINT('',(-5.76161199885049,-30.9150872825266,-14.));
#4533=CARTESIAN_POINT('',(-3.76161199885049,-30.9150872825266,-14.));
#4534=CARTESIAN_POINT('',(-3.76161199885049,-28.9150872825266,-14.));
#4535=CARTESIAN_POINT('',(-1.76161199885049,-28.9150872825266,-14.));
#4536=CARTESIAN_POINT('',(0.238388001149509,-28.9150872825266,-14.));
#4537=CARTESIAN_POINT('',(0.23838800114951,-30.9150872825266,-14.));
#4538=CARTESIAN_POINT('',(0.23838800114951,-32.9150872825266,-14.));
#4539=CARTESIAN_POINT('',(-1.76161199885049,-32.9150872825266,-14.));
#4540=CARTESIAN_POINT('',(-3.76161199885049,-32.9150872825266,-14.));
#4541=CARTESIAN_POINT('',(-3.76161199885049,-30.9150872825266,-14.));
#4542=CARTESIAN_POINT('',(-3.76161199885049,-30.9150872825266,-12.));
#4543=CARTESIAN_POINT('',(-3.76161199885049,-28.9150872825266,-12.));
#4544=CARTESIAN_POINT('',(-1.76161199885049,-28.9150872825266,-12.));
#4545=CARTESIAN_POINT('',(0.238388001149509,-28.9150872825266,-12.));
#4546=CARTESIAN_POINT('',(0.23838800114951,-30.9150872825266,-12.));
#4547=CARTESIAN_POINT('',(0.23838800114951,-32.9150872825266,-12.));
#4548=CARTESIAN_POINT('',(-1.76161199885049,-32.9150872825266,-12.));
#4549=CARTESIAN_POINT('',(-3.76161199885049,-32.9150872825266,-12.));
#4550=CARTESIAN_POINT('',(-3.76161199885049,-30.9150872825266,-12.));
#4551=CARTESIAN_POINT('',(-3.76161199885049,-30.9150872825266,-10.));
#4552=CARTESIAN_POINT('',(-3.76161199885049,-28.9150872825266,-10.));
#4553=CARTESIAN_POINT('',(-1.76161199885049,-28.9150872825266,-10.));
#4554=CARTESIAN_POINT('',(0.238388001149509,-28.9150872825266,-10.));
#4555=CARTESIAN_POINT('',(0.23838800114951,-30.9150872825266,-10.));
#4556=CARTESIAN_POINT('',(0.23838800114951,-32.9150872825266,-10.));
#4557=CARTESIAN_POINT('',(-1.76161199885049,-32.9150872825266,-10.));
#4558=CARTESIAN_POINT('',(-3.76161199885049,-32.9150872825266,-10.));
#4559=CARTESIAN_POINT('',(-3.76161199885049,-30.9150872825266,-10.));
#4560=CARTESIAN_POINT('',(-5.76161199885049,-30.9150872825266,-10.));
#4561=CARTESIAN_POINT('',(-5.76161199885049,-26.9150872825266,-10.));
#4562=CARTESIAN_POINT('',(-1.76161199885049,-26.9150872825266,-10.));
#4563=CARTESIAN_POINT('',(2.23838800114951,-26.9150872825266,-10.));
#4564=CARTESIAN_POINT('',(2.23838800114951,-30.9150872825266,-10.));
#4565=CARTESIAN_POINT('',(2.23838800114951,-34.9150872825266,-10.));
#4566=CARTESIAN_POINT('',(-1.76161199885049,-34.9150872825266,-10.));
#4567=CARTESIAN_POINT('',(-5.76161199885049,-34.9150872825266,-10.));
#4568=CARTESIAN_POINT('',(-5.76161199885049,-30.9150872825266,-10.));
#4569=CARTESIAN_POINT('',(-7.76161199885049,-30.9150872825266,-10.));
#4570=CARTESIAN_POINT('',(-7.76161199885049,-24.9150872825266,-10.));
#4571=CARTESIAN_POINT('',(-1.76161199885049,-24.9150872825266,-10.));
#4572=CARTESIAN_POINT('',(4.23838800114951,-24.9150872825266,-10.));
#4573=CARTESIAN_POINT('',(4.23838800114951,-30.9150872825266,-10.));
#4574=CARTESIAN_POINT('',(4.23838800114951,-36.9150872825266,-10.));
#4575=CARTESIAN_POINT('',(-1.76161199885049,-36.9150872825266,-10.));
#4576=CARTESIAN_POINT('',(-7.76161199885049,-36.9150872825266,-10.));
#4577=CARTESIAN_POINT('',(-7.76161199885049,-30.9150872825266,-10.));
#4578=CARTESIAN_POINT('',(-7.76161199885049,-30.9150872825266,-12.));
#4579=CARTESIAN_POINT('',(-7.76161199885049,-24.9150872825266,-12.));
#4580=CARTESIAN_POINT('',(-1.76161199885049,-24.9150872825266,-12.));
#4581=CARTESIAN_POINT('',(4.23838800114951,-24.9150872825266,-12.));
#4582=CARTESIAN_POINT('',(4.23838800114951,-30.9150872825266,-12.));
#4583=CARTESIAN_POINT('',(4.23838800114951,-36.9150872825266,-12.));
#4584=CARTESIAN_POINT('',(-1.76161199885049,-36.9150872825266,-12.));
#4585=CARTESIAN_POINT('',(-7.76161199885049,-36.9150872825266,-12.));
#4586=CARTESIAN_POINT('',(-7.76161199885049,-30.9150872825266,-12.));
#4587=CARTESIAN_POINT('',(-24.3270504956198,-25.3389371298852,-16.));
#4588=CARTESIAN_POINT('',(-24.3270504956198,-25.3389371298852,-18.));
#4589=CARTESIAN_POINT('',(-22.3270504956198,-25.3389371298852,-18.));
#4590=CARTESIAN_POINT('',(-20.3270504956198,-25.3389371298852,-18.));
#4591=CARTESIAN_POINT('',(-20.3270504956198,-25.3389371298852,-16.));
#4592=CARTESIAN_POINT('',(-20.3270504956198,-25.3389371298852,-14.));
#4593=CARTESIAN_POINT('',(-22.3270504956198,-25.3389371298852,-14.));
#4594=CARTESIAN_POINT('',(-24.3270504956198,-25.3389371298852,-14.));
#4595=CARTESIAN_POINT('',(-24.3270504956198,-25.3389371298852,-16.));
#4596=CARTESIAN_POINT('',(-24.3270504956198,-13.3389371298852,-16.));
#4597=CARTESIAN_POINT('',(-24.3270504956198,-13.3389371298852,-18.));
#4598=CARTESIAN_POINT('',(-22.3270504956198,-15.3389371298852,-18.));
#4599=CARTESIAN_POINT('',(-20.3270504956198,-17.3389371298852,-18.));
#4600=CARTESIAN_POINT('',(-20.3270504956198,-17.3389371298852,-16.));
#4601=CARTESIAN_POINT('',(-20.3270504956198,-17.3389371298852,-14.));
#4602=CARTESIAN_POINT('',(-22.3270504956198,-15.3389371298852,-14.));
#4603=CARTESIAN_POINT('',(-24.3270504956198,-13.3389371298852,-14.));
#4604=CARTESIAN_POINT('',(-24.3270504956198,-13.3389371298852,-16.));
#4605=CARTESIAN_POINT('',(-12.3270504956198,-13.3389371298852,-16.));
#4606=CARTESIAN_POINT('',(-12.3270504956198,-13.3389371298852,-18.));
#4607=CARTESIAN_POINT('',(-12.3270504956198,-15.3389371298852,-18.));
#4608=CARTESIAN_POINT('',(-12.3270504956198,-17.3389371298852,-18.));
#4609=CARTESIAN_POINT('',(-12.3270504956198,-17.3389371298852,-16.));
#4610=CARTESIAN_POINT('',(-12.3270504956198,-17.3389371298852,-14.));
#4611=CARTESIAN_POINT('',(-12.3270504956198,-15.3389371298852,-14.));
#4612=CARTESIAN_POINT('',(-12.3270504956198,-13.3389371298852,-14.));
#4613=CARTESIAN_POINT('',(-12.3270504956198,-13.3389371298852,-16.));
#4614=CARTESIAN_POINT('',(-0.327050495619801,-13.3389371298852,-16.));
#4615=CARTESIAN_POINT('',(-0.327050495619801,-13.3389371298852,-18.));
#4616=CARTESIAN_POINT('',(-2.3270504956198,-15.3389371298852,-18.));
#4617=CARTESIAN_POINT('',(-4.3270504956198,-17.3389371298852,-18.));
#4618=CARTESIAN_POINT('',(-4.3270504956198,-17.3389371298852,-16.));
#4619=CARTESIAN_POINT('',(-4.3270504956198,-17.3389371298852,-14.));
#4620=CARTESIAN_POINT('',(-2.3270504956198,-15.3389371298852,-14.));
#4621=CARTESIAN_POINT('',(-0.327050495619801,-13.3389371298852,-14.));
#4622=CARTESIAN_POINT('',(-0.327050495619801,-13.3389371298852,-16.));
#4623=CARTESIAN_POINT('',(-0.327050495619797,-25.3389371298852,-16.));
#4624=CARTESIAN_POINT('',(-0.327050495619797,-25.3389371298852,-18.));
#4625=CARTESIAN_POINT('',(-2.3270504956198,-25.3389371298852,-18.));
#4626=CARTESIAN_POINT('',(-4.3270504956198,-25.3389371298852,-18.));
#4627=CARTESIAN_POINT('',(-4.3270504956198,-25.3389371298852,-16.));
#4628=CARTESIAN_POINT('',(-4.3270504956198,-25.3389371298852,-14.));
#4629=CARTESIAN_POINT('',(-2.3270504956198,-25.3389371298852,-14.));
#4630=CARTESIAN_POINT('',(-0.327050495619797,-25.3389371298852,-14.));
#4631=CARTESIAN_POINT('',(-0.327050495619797,-25.3389371298852,-16.));
#4632=CARTESIAN_POINT('',(-0.327050495619797,-37.3389371298852,-16.));
#4633=CARTESIAN_POINT('',(-0.327050495619797,-37.3389371298852,-18.));
#4634=CARTESIAN_POINT('',(-2.3270504956198,-35.3389371298852,-18.));
#4635=CARTESIAN_POINT('',(-4.3270504956198,-33.3389371298852,-18.));
#4636=CARTESIAN_POINT('',(-4.3270504956198,-33.3389371298852,-16.));
#4637=CARTESIAN_POINT('',(-4.3270504956198,-33.3389371298852,-14.));
#4638=CARTESIAN_POINT('',(-2.3270504956198,-35.3389371298852,-14.));
#4639=CARTESIAN_POINT('',(-0.327050495619797,-37.3389371298852,-14.));
#4640=CARTESIAN_POINT('',(-0.327050495619797,-37.3389371298852,-16.));
#4641=CARTESIAN_POINT('',(-12.3270504956198,-37.3389371298852,-16.));
#4642=CARTESIAN_POINT('',(-12.3270504956198,-37.3389371298852,-18.));
#4643=CARTESIAN_POINT('',(-12.3270504956198,-35.3389371298852,-18.));
#4644=CARTESIAN_POINT('',(-12.3270504956198,-33.3389371298852,-18.));
#4645=CARTESIAN_POINT('',(-12.3270504956198,-33.3389371298852,-16.));
#4646=CARTESIAN_POINT('',(-12.3270504956198,-33.3389371298852,-14.));
#4647=CARTESIAN_POINT('',(-12.3270504956198,-35.3389371298852,-14.));
#4648=CARTESIAN_POINT('',(-12.3270504956198,-37.3389371298852,-14.));
#4649=CARTESIAN_POINT('',(-12.3270504956198,-37.3389371298852,-16.));
#4650=CARTESIAN_POINT('',(-24.3270504956198,-37.3389371298852,-16.));
#4651=CARTESIAN_POINT('',(-24.3270504956198,-37.3389371298852,-18.));
#4652=CARTESIAN_POINT('',(-22.3270504956198,-35.3389371298852,-18.));
#4653=CARTESIAN_POINT('',(-20.3270504956198,-33.3389371298852,-18.));
#4654=CARTESIAN_POINT('',(-20.3270504956198,-33.3389371298852,-16.));
#4655=CARTESIAN_POINT('',(-20.3270504956198,-33.3389371298852,-14.));
#4656=CARTESIAN_POINT('',(-22.3270504956198,-35.3389371298852,-14.));
#4657=CARTESIAN_POINT('',(-24.3270504956198,-37.3389371298852,-14.));
#4658=CARTESIAN_POINT('',(-24.3270504956198,-37.3389371298852,-16.));
#4659=CARTESIAN_POINT('',(-24.3270504956198,-25.3389371298852,-16.));
#4660=CARTESIAN_POINT('',(-24.3270504956198,-25.3389371298852,-18.));
#4661=CARTESIAN_POINT('',(-22.3270504956198,-25.3389371298852,-18.));
#4662=CARTESIAN_POINT('',(-20.3270504956198,-25.3389371298852,-18.));
#4663=CARTESIAN_POINT('',(-20.3270504956198,-25.3389371298852,-16.));
#4664=CARTESIAN_POINT('',(-20.3270504956198,-25.3389371298852,-14.));
#4665=CARTESIAN_POINT('',(-22.3270504956198,-25.3389371298852,-14.));
#4666=CARTESIAN_POINT('',(-24.3270504956198,-25.3389371298852,-14.));
#4667=CARTESIAN_POINT('',(-24.3270504956198,-25.3389371298852,-16.));
#4668=CARTESIAN_POINT('',(-7.49343303366144,-34.4692845567501,-12.));
#4669=CARTESIAN_POINT('',(-7.49343303366144,-34.4692845567501,-14.));
#4670=CARTESIAN_POINT('',(-6.46260463002069,-32.7554021797337,-14.));
#4671=CARTESIAN_POINT('',(-5.43177622637993,-31.0415198027172,-14.));
#4672=CARTESIAN_POINT('',(-5.43177622637993,-31.0415198027172,-12.));
#4673=CARTESIAN_POINT('',(-5.43177622637993,-31.0415198027172,-10.));
#4674=CARTESIAN_POINT('',(-6.46260463002069,-32.7554021797337,-10.));
#4675=CARTESIAN_POINT('',(-7.49343303366144,-34.4692845567501,-10.));
#4676=CARTESIAN_POINT('',(-7.49343303366144,-34.4692845567501,-12.));
#4677=CARTESIAN_POINT('',(-3.6600596593545,-36.7748979459692,-12.));
#4678=CARTESIAN_POINT('',(-3.6600596593545,-36.7748979459692,-14.));
#4679=CARTESIAN_POINT('',(-2.62923125571374,-35.0610155689528,-14.));
#4680=CARTESIAN_POINT('',(-1.59840285207299,-33.3471331919364,-14.));
#4681=CARTESIAN_POINT('',(-1.59840285207299,-33.3471331919364,-12.));
#4682=CARTESIAN_POINT('',(-1.59840285207299,-33.3471331919364,-10.));
#4683=CARTESIAN_POINT('',(-2.62923125571374,-35.0610155689528,-10.));
#4684=CARTESIAN_POINT('',(-3.6600596593545,-36.7748979459692,-10.));
#4685=CARTESIAN_POINT('',(-3.6600596593545,-36.7748979459692,-12.));
#4686=CARTESIAN_POINT('',(-22.0673839314493,-17.9300128216133,-16.));
#4687=CARTESIAN_POINT('',(-29.8413086940697,-33.9097470558884,-16.));
#4688=CARTESIAN_POINT('',(-22.0673839314493,-17.9300128216133,-18.));
#4689=CARTESIAN_POINT('',(-29.8413086940697,-33.9097470558884,-18.));
#4690=CARTESIAN_POINT('',(-20.2689137539577,-18.8049442593119,-18.));
#4691=CARTESIAN_POINT('',(-28.0428385165781,-34.784678493587,-18.));
#4692=CARTESIAN_POINT('',(-18.4704435764661,-19.6798756970105,-18.));
#4693=CARTESIAN_POINT('',(-26.2443683390866,-35.6596099312857,-18.));
#4694=CARTESIAN_POINT('',(-18.4704435764661,-19.6798756970105,-16.));
#4695=CARTESIAN_POINT('',(-26.2443683390865,-35.6596099312857,-16.));
#4696=CARTESIAN_POINT('',(-18.4704435764661,-19.6798756970105,-14.));
#4697=CARTESIAN_POINT('',(-26.2443683390865,-35.6596099312857,-14.0000000000001));
#4698=CARTESIAN_POINT('',(-20.2689137539577,-18.8049442593119,-14.));
#4699=CARTESIAN_POINT('',(-28.0428385165781,-34.7846784935871,-14.0000000000001));
#4700=CARTESIAN_POINT('',(-22.0673839314493,-17.9300128216133,-14.));
#4701=CARTESIAN_POINT('',(-29.8413086940697,-33.9097470558885,-14.));
#4702=CARTESIAN_POINT('',(-22.0673839314493,-17.9300128216133,-16.));
#4703=CARTESIAN_POINT('',(-29.8413086940697,-33.9097470558884,-16.));
#4704=CARTESIAN_POINT('',(-5.22927268639474,-29.0362077322034,-11.999789847364));
#4705=CARTESIAN_POINT('',(-6.02989369788237,-30.6819287002613,-11.9998863788413));
#4706=CARTESIAN_POINT('',(-4.46150934022565,-31.6250946584376,-11.9998949243447));
#4707=CARTESIAN_POINT('',(-5.22926044678409,-29.0361825730038,-12.5234587167015));
#4708=CARTESIAN_POINT('',(-6.0298865273045,-30.6819139607442,-12.2830132101185));
#4709=CARTESIAN_POINT('',(-4.46150428263327,-31.6250814401755,-12.261727707744));
#4710=CARTESIAN_POINT('',(-5.32072815022539,-29.2241995189664,-13.5704928513429));
#4711=CARTESIAN_POINT('',(-6.08358665153607,-30.7922975494364,-12.850688636152));
#4712=CARTESIAN_POINT('',(-4.49930010267465,-31.7238626688251,-12.7852413612791));
#4713=CARTESIAN_POINT('',(-5.71147501190042,-30.0274014012984,-14.902071386866));
#4714=CARTESIAN_POINT('',(-6.30837480844613,-31.2543620941983,-13.5454902935099));
#4715=CARTESIAN_POINT('',(-4.66076295714064,-32.1458534232129,-13.4510284495781));
#4716=CARTESIAN_POINT('',(-6.29629470052347,-31.2295307612458,-15.7917646443339));
#4717=CARTESIAN_POINT('',(-6.63203447608645,-31.9196625221255,-13.9647426946039));
#4718=CARTESIAN_POINT('',(-4.90242096324279,-32.7774370348916,-13.8958771124122));
#4719=CARTESIAN_POINT('',(-6.75614454066154,-32.174777654863,-16.0000278628327));
#4720=CARTESIAN_POINT('',(-6.87086979295727,-32.4106017845809,-14.0229225285341));
#4721=CARTESIAN_POINT('',(-5.09244050007036,-33.2740602818466,-14.0000122140058));
#4722=CARTESIAN_POINT('',(-6.98613613101882,-32.6475381461529,-15.9999999944081));
#4723=CARTESIAN_POINT('',(-6.98609034086088,-32.6474440219393,-13.9998420831757));
#4724=CARTESIAN_POINT('',(-5.18747817080067,-33.5224445463352,-14.0000000034161));
#4725=CARTESIAN_POINT('',(-30.,-37.,-16.));
#4726=CARTESIAN_POINT('',(-30.,-37.,-18.));
#4727=CARTESIAN_POINT('',(-28.,-37.,-18.));
#4728=CARTESIAN_POINT('',(-26.,-37.,-18.));
#4729=CARTESIAN_POINT('',(-26.,-37.,-16.));
#4730=CARTESIAN_POINT('',(-26.,-37.,-14.));
#4731=CARTESIAN_POINT('',(-28.,-37.,-14.));
#4732=CARTESIAN_POINT('',(-30.,-37.,-14.));
#4733=CARTESIAN_POINT('',(-30.,-37.,-16.));
#4734=CARTESIAN_POINT('',(-30.,-25.,-16.));
#4735=CARTESIAN_POINT('',(-30.,-25.,-18.));
#4736=CARTESIAN_POINT('',(-28.,-27.,-18.));
#4737=CARTESIAN_POINT('',(-26.,-29.,-18.));
#4738=CARTESIAN_POINT('',(-26.,-29.,-16.));
#4739=CARTESIAN_POINT('',(-26.,-29.,-14.));
#4740=CARTESIAN_POINT('',(-28.,-27.,-14.));
#4741=CARTESIAN_POINT('',(-30.,-25.,-14.));
#4742=CARTESIAN_POINT('',(-30.,-25.,-16.));
#4743=CARTESIAN_POINT('',(-18.,-25.,-16.));
#4744=CARTESIAN_POINT('',(-18.,-25.,-18.));
#4745=CARTESIAN_POINT('',(-18.,-27.,-18.));
#4746=CARTESIAN_POINT('',(-18.,-29.,-18.));
#4747=CARTESIAN_POINT('',(-18.,-29.,-16.));
#4748=CARTESIAN_POINT('',(-18.,-29.,-14.));
#4749=CARTESIAN_POINT('',(-18.,-27.,-14.));
#4750=CARTESIAN_POINT('',(-18.,-25.,-14.));
#4751=CARTESIAN_POINT('',(-18.,-25.,-16.));
#4752=CARTESIAN_POINT('',(-6.,-25.,-16.));
#4753=CARTESIAN_POINT('',(-6.,-25.,-18.));
#4754=CARTESIAN_POINT('',(-8.,-27.,-18.));
#4755=CARTESIAN_POINT('',(-10.,-29.,-18.));
#4756=CARTESIAN_POINT('',(-10.,-29.,-16.));
#4757=CARTESIAN_POINT('',(-10.,-29.,-14.));
#4758=CARTESIAN_POINT('',(-8.,-27.,-14.));
#4759=CARTESIAN_POINT('',(-6.,-25.,-14.));
#4760=CARTESIAN_POINT('',(-6.,-25.,-16.));
#4761=CARTESIAN_POINT('',(-6.,-37.,-16.));
#4762=CARTESIAN_POINT('',(-6.,-37.,-18.));
#4763=CARTESIAN_POINT('',(-8.,-37.,-18.));
#4764=CARTESIAN_POINT('',(-10.,-37.,-18.));
#4765=CARTESIAN_POINT('',(-10.,-37.,-16.));
#4766=CARTESIAN_POINT('',(-10.,-37.,-14.));
#4767=CARTESIAN_POINT('',(-8.,-37.,-14.));
#4768=CARTESIAN_POINT('',(-6.,-37.,-14.));
#4769=CARTESIAN_POINT('',(-6.,-37.,-16.));
#4770=CARTESIAN_POINT('',(-6.,-49.,-16.));
#4771=CARTESIAN_POINT('',(-6.,-49.,-18.));
#4772=CARTESIAN_POINT('',(-8.,-47.,-18.));
#4773=CARTESIAN_POINT('',(-10.,-45.,-18.));
#4774=CARTESIAN_POINT('',(-10.,-45.,-16.));
#4775=CARTESIAN_POINT('',(-10.,-45.,-14.));
#4776=CARTESIAN_POINT('',(-8.,-47.,-14.));
#4777=CARTESIAN_POINT('',(-6.,-49.,-14.));
#4778=CARTESIAN_POINT('',(-6.,-49.,-16.));
#4779=CARTESIAN_POINT('',(-18.,-49.,-16.));
#4780=CARTESIAN_POINT('',(-18.,-49.,-18.));
#4781=CARTESIAN_POINT('',(-18.,-47.,-18.));
#4782=CARTESIAN_POINT('',(-18.,-45.,-18.));
#4783=CARTESIAN_POINT('',(-18.,-45.,-16.));
#4784=CARTESIAN_POINT('',(-18.,-45.,-14.));
#4785=CARTESIAN_POINT('',(-18.,-47.,-14.));
#4786=CARTESIAN_POINT('',(-18.,-49.,-14.));
#4787=CARTESIAN_POINT('',(-18.,-49.,-16.));
#4788=CARTESIAN_POINT('',(-30.,-49.,-16.));
#4789=CARTESIAN_POINT('',(-30.,-49.,-18.));
#4790=CARTESIAN_POINT('',(-28.,-47.,-18.));
#4791=CARTESIAN_POINT('',(-26.,-45.,-18.));
#4792=CARTESIAN_POINT('',(-26.,-45.,-16.));
#4793=CARTESIAN_POINT('',(-26.,-45.,-14.));
#4794=CARTESIAN_POINT('',(-28.,-47.,-14.));
#4795=CARTESIAN_POINT('',(-30.,-49.,-14.));
#4796=CARTESIAN_POINT('',(-30.,-49.,-16.));
#4797=CARTESIAN_POINT('',(-30.,-37.,-16.));
#4798=CARTESIAN_POINT('',(-30.,-37.,-18.));
#4799=CARTESIAN_POINT('',(-28.,-37.,-18.));
#4800=CARTESIAN_POINT('',(-26.,-37.,-18.));
#4801=CARTESIAN_POINT('',(-26.,-37.,-16.));
#4802=CARTESIAN_POINT('',(-26.,-37.,-14.));
#4803=CARTESIAN_POINT('',(-28.,-37.,-14.));
#4804=CARTESIAN_POINT('',(-30.,-37.,-14.));
#4805=CARTESIAN_POINT('',(-30.,-37.,-16.));
#4806=CARTESIAN_POINT('',(-30.,-37.,-16.));
#4807=CARTESIAN_POINT('',(-30.,-37.,-18.));
#4808=CARTESIAN_POINT('',(-28.,-37.,-18.));
#4809=CARTESIAN_POINT('',(-26.,-37.,-18.));
#4810=CARTESIAN_POINT('',(-26.,-37.,-16.));
#4811=CARTESIAN_POINT('',(-26.,-37.,-14.));
#4812=CARTESIAN_POINT('',(-28.,-37.,-14.));
#4813=CARTESIAN_POINT('',(-30.,-37.,-14.));
#4814=CARTESIAN_POINT('',(-30.,-37.,-16.));
#4815=CARTESIAN_POINT('',(-30.,-25.,-16.));
#4816=CARTESIAN_POINT('',(-30.,-25.,-18.));
#4817=CARTESIAN_POINT('',(-28.,-27.,-18.));
#4818=CARTESIAN_POINT('',(-26.,-29.,-18.));
#4819=CARTESIAN_POINT('',(-26.,-29.,-16.));
#4820=CARTESIAN_POINT('',(-26.,-29.,-14.));
#4821=CARTESIAN_POINT('',(-28.,-27.,-14.));
#4822=CARTESIAN_POINT('',(-30.,-25.,-14.));
#4823=CARTESIAN_POINT('',(-30.,-25.,-16.));
#4824=CARTESIAN_POINT('',(-18.,-25.,-16.));
#4825=CARTESIAN_POINT('',(-18.,-25.,-18.));
#4826=CARTESIAN_POINT('',(-18.,-27.,-18.));
#4827=CARTESIAN_POINT('',(-18.,-29.,-18.));
#4828=CARTESIAN_POINT('',(-18.,-29.,-16.));
#4829=CARTESIAN_POINT('',(-18.,-29.,-14.));
#4830=CARTESIAN_POINT('',(-18.,-27.,-14.));
#4831=CARTESIAN_POINT('',(-18.,-25.,-14.));
#4832=CARTESIAN_POINT('',(-18.,-25.,-16.));
#4833=CARTESIAN_POINT('',(-6.,-25.,-16.));
#4834=CARTESIAN_POINT('',(-6.,-25.,-18.));
#4835=CARTESIAN_POINT('',(-8.,-27.,-18.));
#4836=CARTESIAN_POINT('',(-10.,-29.,-18.));
#4837=CARTESIAN_POINT('',(-10.,-29.,-16.));
#4838=CARTESIAN_POINT('',(-10.,-29.,-14.));
#4839=CARTESIAN_POINT('',(-8.,-27.,-14.));
#4840=CARTESIAN_POINT('',(-6.,-25.,-14.));
#4841=CARTESIAN_POINT('',(-6.,-25.,-16.));
#4842=CARTESIAN_POINT('',(-6.,-37.,-16.));
#4843=CARTESIAN_POINT('',(-6.,-37.,-18.));
#4844=CARTESIAN_POINT('',(-8.,-37.,-18.));
#4845=CARTESIAN_POINT('',(-10.,-37.,-18.));
#4846=CARTESIAN_POINT('',(-10.,-37.,-16.));
#4847=CARTESIAN_POINT('',(-10.,-37.,-14.));
#4848=CARTESIAN_POINT('',(-8.,-37.,-14.));
#4849=CARTESIAN_POINT('',(-6.,-37.,-14.));
#4850=CARTESIAN_POINT('',(-6.,-37.,-16.));
#4851=CARTESIAN_POINT('',(-6.,-49.,-16.));
#4852=CARTESIAN_POINT('',(-6.,-49.,-18.));
#4853=CARTESIAN_POINT('',(-8.,-47.,-18.));
#4854=CARTESIAN_POINT('',(-10.,-45.,-18.));
#4855=CARTESIAN_POINT('',(-10.,-45.,-16.));
#4856=CARTESIAN_POINT('',(-10.,-45.,-14.));
#4857=CARTESIAN_POINT('',(-8.,-47.,-14.));
#4858=CARTESIAN_POINT('',(-6.,-49.,-14.));
#4859=CARTESIAN_POINT('',(-6.,-49.,-16.));
#4860=CARTESIAN_POINT('',(-18.,-49.,-16.));
#4861=CARTESIAN_POINT('',(-18.,-49.,-18.));
#4862=CARTESIAN_POINT('',(-18.,-47.,-18.));
#4863=CARTESIAN_POINT('',(-18.,-45.,-18.));
#4864=CARTESIAN_POINT('',(-18.,-45.,-16.));
#4865=CARTESIAN_POINT('',(-18.,-45.,-14.));
#4866=CARTESIAN_POINT('',(-18.,-47.,-14.));
#4867=CARTESIAN_POINT('',(-18.,-49.,-14.));
#4868=CARTESIAN_POINT('',(-18.,-49.,-16.));
#4869=CARTESIAN_POINT('',(-30.,-49.,-16.));
#4870=CARTESIAN_POINT('',(-30.,-49.,-18.));
#4871=CARTESIAN_POINT('',(-28.,-47.,-18.));
#4872=CARTESIAN_POINT('',(-26.,-45.,-18.));
#4873=CARTESIAN_POINT('',(-26.,-45.,-16.));
#4874=CARTESIAN_POINT('',(-26.,-45.,-14.));
#4875=CARTESIAN_POINT('',(-28.,-47.,-14.));
#4876=CARTESIAN_POINT('',(-30.,-49.,-14.));
#4877=CARTESIAN_POINT('',(-30.,-49.,-16.));
#4878=CARTESIAN_POINT('',(-30.,-37.,-16.));
#4879=CARTESIAN_POINT('',(-30.,-37.,-18.));
#4880=CARTESIAN_POINT('',(-28.,-37.,-18.));
#4881=CARTESIAN_POINT('',(-26.,-37.,-18.));
#4882=CARTESIAN_POINT('',(-26.,-37.,-16.));
#4883=CARTESIAN_POINT('',(-26.,-37.,-14.));
#4884=CARTESIAN_POINT('',(-28.,-37.,-14.));
#4885=CARTESIAN_POINT('',(-30.,-37.,-14.));
#4886=CARTESIAN_POINT('',(-30.,-37.,-16.));
#4887=CARTESIAN_POINT('',(-8.07437915938621,-44.0280557539929,-16.));
#4888=CARTESIAN_POINT('',(-2.52390325417797,-32.6187441710649,-16.));
#4889=CARTESIAN_POINT('',(-8.07437915938621,-44.0280557539929,-18.));
#4890=CARTESIAN_POINT('',(-2.52390325417796,-32.6187441710649,-18.));
#4891=CARTESIAN_POINT('',(-9.8728493368778,-43.1531243162943,-18.));
#4892=CARTESIAN_POINT('',(-4.32237343166955,-31.7438127333663,-18.));
#4893=CARTESIAN_POINT('',(-11.6713195143694,-42.2781928785957,-18.));
#4894=CARTESIAN_POINT('',(-6.12084360916114,-30.8688812956676,-18.));
#4895=CARTESIAN_POINT('',(-11.6713195143694,-42.2781928785957,-16.));
#4896=CARTESIAN_POINT('',(-6.12084360916115,-30.8688812956676,-16.));
#4897=CARTESIAN_POINT('',(-11.6713195143694,-42.2781928785957,-14.));
#4898=CARTESIAN_POINT('',(-6.12084360916115,-30.8688812956676,-14.));
#4899=CARTESIAN_POINT('',(-9.8728493368778,-43.1531243162943,-14.));
#4900=CARTESIAN_POINT('',(-4.32237343166956,-31.7438127333663,-14.));
#4901=CARTESIAN_POINT('',(-8.07437915938621,-44.0280557539929,-14.));
#4902=CARTESIAN_POINT('',(-2.52390325417797,-32.6187441710649,-14.));
#4903=CARTESIAN_POINT('',(-8.07437915938621,-44.0280557539929,-16.));
#4904=CARTESIAN_POINT('',(-2.52390325417797,-32.6187441710649,-16.));
#4905=CARTESIAN_POINT('',(-0.166514338600937,-27.2067067597643,-26.));
#4906=CARTESIAN_POINT('',(1.83348566139906,-27.2067067597643,-26.));
#4907=CARTESIAN_POINT('',(1.83348566139906,-27.2067067597643,-24.));
#4908=CARTESIAN_POINT('',(1.83348566139906,-27.2067067597643,-22.));
#4909=CARTESIAN_POINT('',(-0.166514338600937,-27.2067067597643,-22.));
#4910=CARTESIAN_POINT('',(-0.166514338600937,-27.2067067597643,-26.));
#4911=CARTESIAN_POINT('',(1.83348566139906,-25.2067067597643,-26.));
#4912=CARTESIAN_POINT('',(1.83348566139906,-25.2067067597643,-24.));
#4913=CARTESIAN_POINT('',(1.83348566139906,-25.2067067597643,-22.));
#4914=CARTESIAN_POINT('',(-0.166514338600937,-27.2067067597643,-22.));
#4915=CARTESIAN_POINT('',(-0.166514338600937,-27.2067067597643,-26.));
#4916=CARTESIAN_POINT('',(-0.16651433860094,-25.2067067597643,-26.));
#4917=CARTESIAN_POINT('',(-0.166514338600937,-25.2067067597643,-24.));
#4918=CARTESIAN_POINT('',(-0.16651433860094,-25.2067067597643,-22.));
#4919=CARTESIAN_POINT('',(-0.166514338600937,-27.2067067597643,-22.));
#4920=CARTESIAN_POINT('',(-0.166514338600937,-27.2067067597643,-26.));
#4921=CARTESIAN_POINT('',(-2.16651433860094,-25.2067067597643,-26.));
#4922=CARTESIAN_POINT('',(-2.16651433860094,-25.2067067597643,-24.));
#4923=CARTESIAN_POINT('',(-2.16651433860094,-25.2067067597643,-22.));
#4924=CARTESIAN_POINT('',(-0.166514338600937,-27.2067067597643,-22.));
#4925=CARTESIAN_POINT('',(-0.166514338600937,-27.2067067597643,-26.));
#4926=CARTESIAN_POINT('',(-2.16651433860094,-27.2067067597643,-26.));
#4927=CARTESIAN_POINT('',(-2.16651433860094,-27.2067067597643,-24.));
#4928=CARTESIAN_POINT('',(-2.16651433860094,-27.2067067597643,-22.));
#4929=CARTESIAN_POINT('',(-0.166514338600937,-27.2067067597643,-22.));
#4930=CARTESIAN_POINT('',(-0.166514338600937,-27.2067067597643,-26.));
#4931=CARTESIAN_POINT('',(-2.16651433860093,-29.2067067597643,-26.));
#4932=CARTESIAN_POINT('',(-2.16651433860094,-29.2067067597643,-24.));
#4933=CARTESIAN_POINT('',(-2.16651433860093,-29.2067067597643,-22.));
#4934=CARTESIAN_POINT('',(-0.166514338600937,-27.2067067597643,-22.));
#4935=CARTESIAN_POINT('',(-0.166514338600937,-27.2067067597643,-26.));
#4936=CARTESIAN_POINT('',(-0.166514338600934,-29.2067067597643,-26.));
#4937=CARTESIAN_POINT('',(-0.166514338600937,-29.2067067597643,-24.));
#4938=CARTESIAN_POINT('',(-0.166514338600934,-29.2067067597643,-22.));
#4939=CARTESIAN_POINT('',(-0.166514338600937,-27.2067067597643,-22.));
#4940=CARTESIAN_POINT('',(-0.166514338600937,-27.2067067597643,-26.));
#4941=CARTESIAN_POINT('',(1.83348566139907,-29.2067067597643,-26.));
#4942=CARTESIAN_POINT('',(1.83348566139906,-29.2067067597643,-24.));
#4943=CARTESIAN_POINT('',(1.83348566139907,-29.2067067597643,-22.));
#4944=CARTESIAN_POINT('',(-0.166514338600937,-27.2067067597643,-22.));
#4945=CARTESIAN_POINT('',(-0.166514338600937,-27.2067067597643,-26.));
#4946=CARTESIAN_POINT('',(1.83348566139906,-27.2067067597643,-26.));
#4947=CARTESIAN_POINT('',(1.83348566139906,-27.2067067597643,-24.));
#4948=CARTESIAN_POINT('',(1.83348566139906,-27.2067067597643,-22.));
#4949=CARTESIAN_POINT('',(-0.166514338600937,-27.2067067597643,-22.));
#4950=CARTESIAN_POINT('',(-0.166514338600937,-27.2067067597643,-26.));
#4951=CARTESIAN_POINT('',(1.83348566139906,-27.2067067597643,-26.));
#4952=CARTESIAN_POINT('',(1.83348566139906,-27.2067067597643,-24.));
#4953=CARTESIAN_POINT('',(1.83348566139906,-27.2067067597643,-22.));
#4954=CARTESIAN_POINT('',(-0.166514338600937,-27.2067067597643,-22.));
#4955=CARTESIAN_POINT('',(-0.166514338600937,-27.2067067597643,-26.));
#4956=CARTESIAN_POINT('',(1.83348566139906,-25.2067067597643,-26.));
#4957=CARTESIAN_POINT('',(1.83348566139906,-25.2067067597643,-24.));
#4958=CARTESIAN_POINT('',(1.83348566139906,-25.2067067597643,-22.));
#4959=CARTESIAN_POINT('',(-0.166514338600937,-27.2067067597643,-22.));
#4960=CARTESIAN_POINT('',(-0.166514338600937,-27.2067067597643,-26.));
#4961=CARTESIAN_POINT('',(-0.16651433860094,-25.2067067597643,-26.));
#4962=CARTESIAN_POINT('',(-0.166514338600937,-25.2067067597643,-24.));
#4963=CARTESIAN_POINT('',(-0.16651433860094,-25.2067067597643,-22.));
#4964=CARTESIAN_POINT('',(-0.166514338600937,-27.2067067597643,-22.));
#4965=CARTESIAN_POINT('',(-0.166514338600937,-27.2067067597643,-26.));
#4966=CARTESIAN_POINT('',(-2.16651433860094,-25.2067067597643,-26.));
#4967=CARTESIAN_POINT('',(-2.16651433860094,-25.2067067597643,-24.));
#4968=CARTESIAN_POINT('',(-2.16651433860094,-25.2067067597643,-22.));
#4969=CARTESIAN_POINT('',(-0.166514338600937,-27.2067067597643,-22.));
#4970=CARTESIAN_POINT('',(-0.166514338600937,-27.2067067597643,-26.));
#4971=CARTESIAN_POINT('',(-2.16651433860094,-27.2067067597643,-26.));
#4972=CARTESIAN_POINT('',(-2.16651433860094,-27.2067067597643,-24.));
#4973=CARTESIAN_POINT('',(-2.16651433860094,-27.2067067597643,-22.));
#4974=CARTESIAN_POINT('',(-0.166514338600937,-27.2067067597643,-22.));
#4975=CARTESIAN_POINT('',(-0.166514338600937,-27.2067067597643,-26.));
#4976=CARTESIAN_POINT('',(-2.16651433860093,-29.2067067597643,-26.));
#4977=CARTESIAN_POINT('',(-2.16651433860094,-29.2067067597643,-24.));
#4978=CARTESIAN_POINT('',(-2.16651433860093,-29.2067067597643,-22.));
#4979=CARTESIAN_POINT('',(-0.166514338600937,-27.2067067597643,-22.));
#4980=CARTESIAN_POINT('',(-0.166514338600937,-27.2067067597643,-26.));
#4981=CARTESIAN_POINT('',(-0.166514338600934,-29.2067067597643,-26.));
#4982=CARTESIAN_POINT('',(-0.166514338600937,-29.2067067597643,-24.));
#4983=CARTESIAN_POINT('',(-0.166514338600934,-29.2067067597643,-22.));
#4984=CARTESIAN_POINT('',(-0.166514338600937,-27.2067067597643,-22.));
#4985=CARTESIAN_POINT('',(-0.166514338600937,-27.2067067597643,-26.));
#4986=CARTESIAN_POINT('',(1.83348566139907,-29.2067067597643,-26.));
#4987=CARTESIAN_POINT('',(1.83348566139906,-29.2067067597643,-24.));
#4988=CARTESIAN_POINT('',(1.83348566139907,-29.2067067597643,-22.));
#4989=CARTESIAN_POINT('',(-0.166514338600937,-27.2067067597643,-22.));
#4990=CARTESIAN_POINT('',(-0.166514338600937,-27.2067067597643,-26.));
#4991=CARTESIAN_POINT('',(1.83348566139906,-27.2067067597643,-26.));
#4992=CARTESIAN_POINT('',(1.83348566139906,-27.2067067597643,-24.));
#4993=CARTESIAN_POINT('',(1.83348566139906,-27.2067067597643,-22.));
#4994=CARTESIAN_POINT('',(-0.166514338600937,-27.2067067597643,-22.));
#4995=CARTESIAN_POINT('',(0.0697816452432189,-29.6827113378617,-24.));
#4996=CARTESIAN_POINT('',(-4.64063377386463,-26.8495939243919,-24.));
#4997=CARTESIAN_POINT('',(0.0697816452432189,-29.6827113378617,-22.));
#4998=CARTESIAN_POINT('',(-4.64063377386463,-26.8495939243919,-22.));
#4999=CARTESIAN_POINT('',(1.10061004888407,-27.9688289608453,-22.));
#5000=CARTESIAN_POINT('',(-3.60980537022378,-25.1357115473755,-22.));
#5001=CARTESIAN_POINT('',(2.13143845252492,-26.2549465838289,-22.));
#5002=CARTESIAN_POINT('',(-2.57897696658293,-23.4218291703591,-22.));
#5003=CARTESIAN_POINT('',(2.13143845252492,-26.2549465838289,-24.));
#5004=CARTESIAN_POINT('',(-2.57897696658293,-23.4218291703591,-24.));
#5005=CARTESIAN_POINT('',(2.13143845252492,-26.2549465838289,-26.));
#5006=CARTESIAN_POINT('',(-2.57897696658293,-23.4218291703591,-26.));
#5007=CARTESIAN_POINT('',(1.10061004888407,-27.9688289608453,-26.));
#5008=CARTESIAN_POINT('',(-3.60980537022378,-25.1357115473755,-26.));
#5009=CARTESIAN_POINT('',(0.0697816452432194,-29.6827113378617,-26.));
#5010=CARTESIAN_POINT('',(-4.64063377386463,-26.8495939243919,-26.));
#5011=CARTESIAN_POINT('',(0.0697816452432189,-29.6827113378617,-24.));
#5012=CARTESIAN_POINT('',(-4.64063377386463,-26.8495939243919,-24.));
#5013=CARTESIAN_POINT('',(-2.34268098273871,-25.8978337484564,-26.));
#5014=CARTESIAN_POINT('',(-0.34268098273871,-25.8978337484564,-26.));
#5015=CARTESIAN_POINT('',(-0.34268098273871,-25.8978337484564,-24.));
#5016=CARTESIAN_POINT('',(-0.34268098273871,-25.8978337484564,-22.));
#5017=CARTESIAN_POINT('',(-2.34268098273871,-25.8978337484564,-22.));
#5018=CARTESIAN_POINT('',(-2.34268098273871,-25.8978337484564,-26.));
#5019=CARTESIAN_POINT('',(-0.34268098273871,-23.8978337484564,-26.));
#5020=CARTESIAN_POINT('',(-0.34268098273871,-23.8978337484564,-24.));
#5021=CARTESIAN_POINT('',(-0.34268098273871,-23.8978337484564,-22.));
#5022=CARTESIAN_POINT('',(-2.34268098273871,-25.8978337484564,-22.));
#5023=CARTESIAN_POINT('',(-2.34268098273871,-25.8978337484564,-26.));
#5024=CARTESIAN_POINT('',(-2.34268098273871,-23.8978337484564,-26.));
#5025=CARTESIAN_POINT('',(-2.34268098273871,-23.8978337484564,-24.));
#5026=CARTESIAN_POINT('',(-2.34268098273871,-23.8978337484564,-22.));
#5027=CARTESIAN_POINT('',(-2.34268098273871,-25.8978337484564,-22.));
#5028=CARTESIAN_POINT('',(-2.34268098273871,-25.8978337484564,-26.));
#5029=CARTESIAN_POINT('',(-4.34268098273871,-23.8978337484564,-26.));
#5030=CARTESIAN_POINT('',(-4.34268098273871,-23.8978337484564,-24.));
#5031=CARTESIAN_POINT('',(-4.34268098273871,-23.8978337484564,-22.));
#5032=CARTESIAN_POINT('',(-2.34268098273871,-25.8978337484564,-22.));
#5033=CARTESIAN_POINT('',(-2.34268098273871,-25.8978337484564,-26.));
#5034=CARTESIAN_POINT('',(-4.34268098273871,-25.8978337484564,-26.));
#5035=CARTESIAN_POINT('',(-4.34268098273871,-25.8978337484564,-24.));
#5036=CARTESIAN_POINT('',(-4.34268098273871,-25.8978337484564,-22.));
#5037=CARTESIAN_POINT('',(-2.34268098273871,-25.8978337484564,-22.));
#5038=CARTESIAN_POINT('',(-2.34268098273871,-25.8978337484564,-26.));
#5039=CARTESIAN_POINT('',(-4.34268098273871,-27.8978337484564,-26.));
#5040=CARTESIAN_POINT('',(-4.34268098273871,-27.8978337484564,-24.));
#5041=CARTESIAN_POINT('',(-4.34268098273871,-27.8978337484564,-22.));
#5042=CARTESIAN_POINT('',(-2.34268098273871,-25.8978337484564,-22.));
#5043=CARTESIAN_POINT('',(-2.34268098273871,-25.8978337484564,-26.));
#5044=CARTESIAN_POINT('',(-2.34268098273871,-27.8978337484564,-26.));
#5045=CARTESIAN_POINT('',(-2.34268098273871,-27.8978337484564,-24.));
#5046=CARTESIAN_POINT('',(-2.34268098273871,-27.8978337484564,-22.));
#5047=CARTESIAN_POINT('',(-2.34268098273871,-25.8978337484564,-22.));
#5048=CARTESIAN_POINT('',(-2.34268098273871,-25.8978337484564,-26.));
#5049=CARTESIAN_POINT('',(-0.342680982738711,-27.8978337484564,-26.));
#5050=CARTESIAN_POINT('',(-0.342680982738711,-27.8978337484564,-24.));
#5051=CARTESIAN_POINT('',(-0.342680982738711,-27.8978337484564,-22.));
#5052=CARTESIAN_POINT('',(-2.34268098273871,-25.8978337484564,-22.));
#5053=CARTESIAN_POINT('',(-2.34268098273871,-25.8978337484564,-26.));
#5054=CARTESIAN_POINT('',(-0.34268098273871,-25.8978337484564,-26.));
#5055=CARTESIAN_POINT('',(-0.34268098273871,-25.8978337484564,-24.));
#5056=CARTESIAN_POINT('',(-0.34268098273871,-25.8978337484564,-22.));
#5057=CARTESIAN_POINT('',(-2.34268098273871,-25.8978337484564,-22.));
#5058=CARTESIAN_POINT('',(-24.3270504956198,-25.3389371298852,-24.));
#5059=CARTESIAN_POINT('',(-24.3270504956198,-25.3389371298852,-26.));
#5060=CARTESIAN_POINT('',(-22.3270504956198,-25.3389371298852,-26.));
#5061=CARTESIAN_POINT('',(-20.3270504956198,-25.3389371298852,-26.));
#5062=CARTESIAN_POINT('',(-20.3270504956198,-25.3389371298852,-24.));
#5063=CARTESIAN_POINT('',(-20.3270504956198,-25.3389371298852,-22.));
#5064=CARTESIAN_POINT('',(-22.3270504956198,-25.3389371298852,-22.));
#5065=CARTESIAN_POINT('',(-24.3270504956198,-25.3389371298852,-22.));
#5066=CARTESIAN_POINT('',(-24.3270504956198,-25.3389371298852,-24.));
#5067=CARTESIAN_POINT('',(-24.3270504956198,-13.3389371298852,-24.));
#5068=CARTESIAN_POINT('',(-24.3270504956198,-13.3389371298852,-26.));
#5069=CARTESIAN_POINT('',(-22.3270504956198,-15.3389371298852,-26.));
#5070=CARTESIAN_POINT('',(-20.3270504956198,-17.3389371298852,-26.));
#5071=CARTESIAN_POINT('',(-20.3270504956198,-17.3389371298852,-24.));
#5072=CARTESIAN_POINT('',(-20.3270504956198,-17.3389371298852,-22.));
#5073=CARTESIAN_POINT('',(-22.3270504956198,-15.3389371298852,-22.));
#5074=CARTESIAN_POINT('',(-24.3270504956198,-13.3389371298852,-22.));
#5075=CARTESIAN_POINT('',(-24.3270504956198,-13.3389371298852,-24.));
#5076=CARTESIAN_POINT('',(-12.3270504956198,-13.3389371298852,-24.));
#5077=CARTESIAN_POINT('',(-12.3270504956198,-13.3389371298852,-26.));
#5078=CARTESIAN_POINT('',(-12.3270504956198,-15.3389371298852,-26.));
#5079=CARTESIAN_POINT('',(-12.3270504956198,-17.3389371298852,-26.));
#5080=CARTESIAN_POINT('',(-12.3270504956198,-17.3389371298852,-24.));
#5081=CARTESIAN_POINT('',(-12.3270504956198,-17.3389371298852,-22.));
#5082=CARTESIAN_POINT('',(-12.3270504956198,-15.3389371298852,-22.));
#5083=CARTESIAN_POINT('',(-12.3270504956198,-13.3389371298852,-22.));
#5084=CARTESIAN_POINT('',(-12.3270504956198,-13.3389371298852,-24.));
#5085=CARTESIAN_POINT('',(-0.327050495619801,-13.3389371298852,-24.));
#5086=CARTESIAN_POINT('',(-0.327050495619801,-13.3389371298852,-26.));
#5087=CARTESIAN_POINT('',(-2.3270504956198,-15.3389371298852,-26.));
#5088=CARTESIAN_POINT('',(-4.3270504956198,-17.3389371298852,-26.));
#5089=CARTESIAN_POINT('',(-4.3270504956198,-17.3389371298852,-24.));
#5090=CARTESIAN_POINT('',(-4.3270504956198,-17.3389371298852,-22.));
#5091=CARTESIAN_POINT('',(-2.3270504956198,-15.3389371298852,-22.));
#5092=CARTESIAN_POINT('',(-0.327050495619801,-13.3389371298852,-22.));
#5093=CARTESIAN_POINT('',(-0.327050495619801,-13.3389371298852,-24.));
#5094=CARTESIAN_POINT('',(-0.327050495619797,-25.3389371298852,-24.));
#5095=CARTESIAN_POINT('',(-0.327050495619797,-25.3389371298852,-26.));
#5096=CARTESIAN_POINT('',(-2.3270504956198,-25.3389371298852,-26.));
#5097=CARTESIAN_POINT('',(-4.3270504956198,-25.3389371298852,-26.));
#5098=CARTESIAN_POINT('',(-4.3270504956198,-25.3389371298852,-24.));
#5099=CARTESIAN_POINT('',(-4.3270504956198,-25.3389371298852,-22.));
#5100=CARTESIAN_POINT('',(-2.3270504956198,-25.3389371298852,-22.));
#5101=CARTESIAN_POINT('',(-0.327050495619797,-25.3389371298852,-22.));
#5102=CARTESIAN_POINT('',(-0.327050495619797,-25.3389371298852,-24.));
#5103=CARTESIAN_POINT('',(-0.327050495619797,-37.3389371298852,-24.));
#5104=CARTESIAN_POINT('',(-0.327050495619797,-37.3389371298852,-26.));
#5105=CARTESIAN_POINT('',(-2.3270504956198,-35.3389371298852,-26.));
#5106=CARTESIAN_POINT('',(-4.3270504956198,-33.3389371298852,-26.));
#5107=CARTESIAN_POINT('',(-4.3270504956198,-33.3389371298852,-24.));
#5108=CARTESIAN_POINT('',(-4.3270504956198,-33.3389371298852,-22.));
#5109=CARTESIAN_POINT('',(-2.3270504956198,-35.3389371298852,-22.));
#5110=CARTESIAN_POINT('',(-0.327050495619797,-37.3389371298852,-22.));
#5111=CARTESIAN_POINT('',(-0.327050495619797,-37.3389371298852,-24.));
#5112=CARTESIAN_POINT('',(-12.3270504956198,-37.3389371298852,-24.));
#5113=CARTESIAN_POINT('',(-12.3270504956198,-37.3389371298852,-26.));
#5114=CARTESIAN_POINT('',(-12.3270504956198,-35.3389371298852,-26.));
#5115=CARTESIAN_POINT('',(-12.3270504956198,-33.3389371298852,-26.));
#5116=CARTESIAN_POINT('',(-12.3270504956198,-33.3389371298852,-24.));
#5117=CARTESIAN_POINT('',(-12.3270504956198,-33.3389371298852,-22.));
#5118=CARTESIAN_POINT('',(-12.3270504956198,-35.3389371298852,-22.));
#5119=CARTESIAN_POINT('',(-12.3270504956198,-37.3389371298852,-22.));
#5120=CARTESIAN_POINT('',(-12.3270504956198,-37.3389371298852,-24.));
#5121=CARTESIAN_POINT('',(-24.3270504956198,-37.3389371298852,-24.));
#5122=CARTESIAN_POINT('',(-24.3270504956198,-37.3389371298852,-26.));
#5123=CARTESIAN_POINT('',(-22.3270504956198,-35.3389371298852,-26.));
#5124=CARTESIAN_POINT('',(-20.3270504956198,-33.3389371298852,-26.));
#5125=CARTESIAN_POINT('',(-20.3270504956198,-33.3389371298852,-24.));
#5126=CARTESIAN_POINT('',(-20.3270504956198,-33.3389371298852,-22.));
#5127=CARTESIAN_POINT('',(-22.3270504956198,-35.3389371298852,-22.));
#5128=CARTESIAN_POINT('',(-24.3270504956198,-37.3389371298852,-22.));
#5129=CARTESIAN_POINT('',(-24.3270504956198,-37.3389371298852,-24.));
#5130=CARTESIAN_POINT('',(-24.3270504956198,-25.3389371298852,-24.));
#5131=CARTESIAN_POINT('',(-24.3270504956198,-25.3389371298852,-26.));
#5132=CARTESIAN_POINT('',(-22.3270504956198,-25.3389371298852,-26.));
#5133=CARTESIAN_POINT('',(-20.3270504956198,-25.3389371298852,-26.));
#5134=CARTESIAN_POINT('',(-20.3270504956198,-25.3389371298852,-24.));
#5135=CARTESIAN_POINT('',(-20.3270504956198,-25.3389371298852,-22.));
#5136=CARTESIAN_POINT('',(-22.3270504956198,-25.3389371298852,-22.));
#5137=CARTESIAN_POINT('',(-24.3270504956198,-25.3389371298852,-22.));
#5138=CARTESIAN_POINT('',(-24.3270504956198,-25.3389371298852,-24.));
#5139=CARTESIAN_POINT('',(-8.25966656417046,-44.4089243082719,-24.));
#5140=CARTESIAN_POINT('',(-0.485741801550223,-28.4291900739966,-24.));
#5141=CARTESIAN_POINT('',(-8.25966656417046,-44.4089243082719,-26.0000000000001));
#5142=CARTESIAN_POINT('',(-0.485741801550198,-28.4291900739966,-26.));
#5143=CARTESIAN_POINT('',(-10.0581367416621,-43.5339928705732,-26.0000000000001));
#5144=CARTESIAN_POINT('',(-2.28421197904182,-27.554258636298,-26.));
#5145=CARTESIAN_POINT('',(-11.8566069191538,-42.6590614328746,-26.0000000000001));
#5146=CARTESIAN_POINT('',(-4.08268215653345,-26.6793271985994,-26.0000000000001));
#5147=CARTESIAN_POINT('',(-11.8566069191538,-42.6590614328746,-24.));
#5148=CARTESIAN_POINT('',(-4.08268215653347,-26.6793271985994,-24.));
#5149=CARTESIAN_POINT('',(-11.8566069191538,-42.6590614328746,-22.));
#5150=CARTESIAN_POINT('',(-4.0826821565335,-26.6793271985994,-22.));
#5151=CARTESIAN_POINT('',(-10.0581367416621,-43.5339928705732,-22.));
#5152=CARTESIAN_POINT('',(-2.28421197904187,-27.554258636298,-22.));
#5153=CARTESIAN_POINT('',(-8.25966656417046,-44.4089243082719,-22.));
#5154=CARTESIAN_POINT('',(-0.485741801550249,-28.4291900739966,-22.));
#5155=CARTESIAN_POINT('',(-8.25966656417046,-44.4089243082719,-24.));
#5156=CARTESIAN_POINT('',(-0.485741801550223,-28.4291900739966,-24.));
#5157=CARTESIAN_POINT('',(-30.,-37.,-24.));
#5158=CARTESIAN_POINT('',(-30.,-37.,-26.));
#5159=CARTESIAN_POINT('',(-28.,-37.,-26.));
#5160=CARTESIAN_POINT('',(-26.,-37.,-26.));
#5161=CARTESIAN_POINT('',(-26.,-37.,-24.));
#5162=CARTESIAN_POINT('',(-26.,-37.,-22.));
#5163=CARTESIAN_POINT('',(-28.,-37.,-22.));
#5164=CARTESIAN_POINT('',(-30.,-37.,-22.));
#5165=CARTESIAN_POINT('',(-30.,-37.,-24.));
#5166=CARTESIAN_POINT('',(-30.,-25.,-24.));
#5167=CARTESIAN_POINT('',(-30.,-25.,-26.));
#5168=CARTESIAN_POINT('',(-28.,-27.,-26.));
#5169=CARTESIAN_POINT('',(-26.,-29.,-26.));
#5170=CARTESIAN_POINT('',(-26.,-29.,-24.));
#5171=CARTESIAN_POINT('',(-26.,-29.,-22.));
#5172=CARTESIAN_POINT('',(-28.,-27.,-22.));
#5173=CARTESIAN_POINT('',(-30.,-25.,-22.));
#5174=CARTESIAN_POINT('',(-30.,-25.,-24.));
#5175=CARTESIAN_POINT('',(-18.,-25.,-24.));
#5176=CARTESIAN_POINT('',(-18.,-25.,-26.));
#5177=CARTESIAN_POINT('',(-18.,-27.,-26.));
#5178=CARTESIAN_POINT('',(-18.,-29.,-26.));
#5179=CARTESIAN_POINT('',(-18.,-29.,-24.));
#5180=CARTESIAN_POINT('',(-18.,-29.,-22.));
#5181=CARTESIAN_POINT('',(-18.,-27.,-22.));
#5182=CARTESIAN_POINT('',(-18.,-25.,-22.));
#5183=CARTESIAN_POINT('',(-18.,-25.,-24.));
#5184=CARTESIAN_POINT('',(-6.,-25.,-24.));
#5185=CARTESIAN_POINT('',(-6.,-25.,-26.));
#5186=CARTESIAN_POINT('',(-8.,-27.,-26.));
#5187=CARTESIAN_POINT('',(-10.,-29.,-26.));
#5188=CARTESIAN_POINT('',(-10.,-29.,-24.));
#5189=CARTESIAN_POINT('',(-10.,-29.,-22.));
#5190=CARTESIAN_POINT('',(-8.,-27.,-22.));
#5191=CARTESIAN_POINT('',(-6.,-25.,-22.));
#5192=CARTESIAN_POINT('',(-6.,-25.,-24.));
#5193=CARTESIAN_POINT('',(-6.,-37.,-24.));
#5194=CARTESIAN_POINT('',(-6.,-37.,-26.));
#5195=CARTESIAN_POINT('',(-8.,-37.,-26.));
#5196=CARTESIAN_POINT('',(-10.,-37.,-26.));
#5197=CARTESIAN_POINT('',(-10.,-37.,-24.));
#5198=CARTESIAN_POINT('',(-10.,-37.,-22.));
#5199=CARTESIAN_POINT('',(-8.,-37.,-22.));
#5200=CARTESIAN_POINT('',(-6.,-37.,-22.));
#5201=CARTESIAN_POINT('',(-6.,-37.,-24.));
#5202=CARTESIAN_POINT('',(-6.,-49.,-24.));
#5203=CARTESIAN_POINT('',(-6.,-49.,-26.));
#5204=CARTESIAN_POINT('',(-8.,-47.,-26.));
#5205=CARTESIAN_POINT('',(-10.,-45.,-26.));
#5206=CARTESIAN_POINT('',(-10.,-45.,-24.));
#5207=CARTESIAN_POINT('',(-10.,-45.,-22.));
#5208=CARTESIAN_POINT('',(-8.,-47.,-22.));
#5209=CARTESIAN_POINT('',(-6.,-49.,-22.));
#5210=CARTESIAN_POINT('',(-6.,-49.,-24.));
#5211=CARTESIAN_POINT('',(-18.,-49.,-24.));
#5212=CARTESIAN_POINT('',(-18.,-49.,-26.));
#5213=CARTESIAN_POINT('',(-18.,-47.,-26.));
#5214=CARTESIAN_POINT('',(-18.,-45.,-26.));
#5215=CARTESIAN_POINT('',(-18.,-45.,-24.));
#5216=CARTESIAN_POINT('',(-18.,-45.,-22.));
#5217=CARTESIAN_POINT('',(-18.,-47.,-22.));
#5218=CARTESIAN_POINT('',(-18.,-49.,-22.));
#5219=CARTESIAN_POINT('',(-18.,-49.,-24.));
#5220=CARTESIAN_POINT('',(-30.,-49.,-24.));
#5221=CARTESIAN_POINT('',(-30.,-49.,-26.));
#5222=CARTESIAN_POINT('',(-28.,-47.,-26.));
#5223=CARTESIAN_POINT('',(-26.,-45.,-26.));
#5224=CARTESIAN_POINT('',(-26.,-45.,-24.));
#5225=CARTESIAN_POINT('',(-26.,-45.,-22.));
#5226=CARTESIAN_POINT('',(-28.,-47.,-22.));
#5227=CARTESIAN_POINT('',(-30.,-49.,-22.));
#5228=CARTESIAN_POINT('',(-30.,-49.,-24.));
#5229=CARTESIAN_POINT('',(-30.,-37.,-24.));
#5230=CARTESIAN_POINT('',(-30.,-37.,-26.));
#5231=CARTESIAN_POINT('',(-28.,-37.,-26.));
#5232=CARTESIAN_POINT('',(-26.,-37.,-26.));
#5233=CARTESIAN_POINT('',(-26.,-37.,-24.));
#5234=CARTESIAN_POINT('',(-26.,-37.,-22.));
#5235=CARTESIAN_POINT('',(-28.,-37.,-22.));
#5236=CARTESIAN_POINT('',(-30.,-37.,-22.));
#5237=CARTESIAN_POINT('',(-30.,-37.,-24.));
#5238=CARTESIAN_POINT('',(-30.,-37.,-24.));
#5239=CARTESIAN_POINT('',(-30.,-37.,-26.));
#5240=CARTESIAN_POINT('',(-28.,-37.,-26.));
#5241=CARTESIAN_POINT('',(-26.,-37.,-26.));
#5242=CARTESIAN_POINT('',(-26.,-37.,-24.));
#5243=CARTESIAN_POINT('',(-26.,-37.,-22.));
#5244=CARTESIAN_POINT('',(-28.,-37.,-22.));
#5245=CARTESIAN_POINT('',(-30.,-37.,-22.));
#5246=CARTESIAN_POINT('',(-30.,-37.,-24.));
#5247=CARTESIAN_POINT('',(-30.,-25.,-24.));
#5248=CARTESIAN_POINT('',(-30.,-25.,-26.));
#5249=CARTESIAN_POINT('',(-28.,-27.,-26.));
#5250=CARTESIAN_POINT('',(-26.,-29.,-26.));
#5251=CARTESIAN_POINT('',(-26.,-29.,-24.));
#5252=CARTESIAN_POINT('',(-26.,-29.,-22.));
#5253=CARTESIAN_POINT('',(-28.,-27.,-22.));
#5254=CARTESIAN_POINT('',(-30.,-25.,-22.));
#5255=CARTESIAN_POINT('',(-30.,-25.,-24.));
#5256=CARTESIAN_POINT('',(-18.,-25.,-24.));
#5257=CARTESIAN_POINT('',(-18.,-25.,-26.));
#5258=CARTESIAN_POINT('',(-18.,-27.,-26.));
#5259=CARTESIAN_POINT('',(-18.,-29.,-26.));
#5260=CARTESIAN_POINT('',(-18.,-29.,-24.));
#5261=CARTESIAN_POINT('',(-18.,-29.,-22.));
#5262=CARTESIAN_POINT('',(-18.,-27.,-22.));
#5263=CARTESIAN_POINT('',(-18.,-25.,-22.));
#5264=CARTESIAN_POINT('',(-18.,-25.,-24.));
#5265=CARTESIAN_POINT('',(-6.,-25.,-24.));
#5266=CARTESIAN_POINT('',(-6.,-25.,-26.));
#5267=CARTESIAN_POINT('',(-8.,-27.,-26.));
#5268=CARTESIAN_POINT('',(-10.,-29.,-26.));
#5269=CARTESIAN_POINT('',(-10.,-29.,-24.));
#5270=CARTESIAN_POINT('',(-10.,-29.,-22.));
#5271=CARTESIAN_POINT('',(-8.,-27.,-22.));
#5272=CARTESIAN_POINT('',(-6.,-25.,-22.));
#5273=CARTESIAN_POINT('',(-6.,-25.,-24.));
#5274=CARTESIAN_POINT('',(-6.,-37.,-24.));
#5275=CARTESIAN_POINT('',(-6.,-37.,-26.));
#5276=CARTESIAN_POINT('',(-8.,-37.,-26.));
#5277=CARTESIAN_POINT('',(-10.,-37.,-26.));
#5278=CARTESIAN_POINT('',(-10.,-37.,-24.));
#5279=CARTESIAN_POINT('',(-10.,-37.,-22.));
#5280=CARTESIAN_POINT('',(-8.,-37.,-22.));
#5281=CARTESIAN_POINT('',(-6.,-37.,-22.));
#5282=CARTESIAN_POINT('',(-6.,-37.,-24.));
#5283=CARTESIAN_POINT('',(-6.,-49.,-24.));
#5284=CARTESIAN_POINT('',(-6.,-49.,-26.));
#5285=CARTESIAN_POINT('',(-8.,-47.,-26.));
#5286=CARTESIAN_POINT('',(-10.,-45.,-26.));
#5287=CARTESIAN_POINT('',(-10.,-45.,-24.));
#5288=CARTESIAN_POINT('',(-10.,-45.,-22.));
#5289=CARTESIAN_POINT('',(-8.,-47.,-22.));
#5290=CARTESIAN_POINT('',(-6.,-49.,-22.));
#5291=CARTESIAN_POINT('',(-6.,-49.,-24.));
#5292=CARTESIAN_POINT('',(-18.,-49.,-24.));
#5293=CARTESIAN_POINT('',(-18.,-49.,-26.));
#5294=CARTESIAN_POINT('',(-18.,-47.,-26.));
#5295=CARTESIAN_POINT('',(-18.,-45.,-26.));
#5296=CARTESIAN_POINT('',(-18.,-45.,-24.));
#5297=CARTESIAN_POINT('',(-18.,-45.,-22.));
#5298=CARTESIAN_POINT('',(-18.,-47.,-22.));
#5299=CARTESIAN_POINT('',(-18.,-49.,-22.));
#5300=CARTESIAN_POINT('',(-18.,-49.,-24.));
#5301=CARTESIAN_POINT('',(-30.,-49.,-24.));
#5302=CARTESIAN_POINT('',(-30.,-49.,-26.));
#5303=CARTESIAN_POINT('',(-28.,-47.,-26.));
#5304=CARTESIAN_POINT('',(-26.,-45.,-26.));
#5305=CARTESIAN_POINT('',(-26.,-45.,-24.));
#5306=CARTESIAN_POINT('',(-26.,-45.,-22.));
#5307=CARTESIAN_POINT('',(-28.,-47.,-22.));
#5308=CARTESIAN_POINT('',(-30.,-49.,-22.));
#5309=CARTESIAN_POINT('',(-30.,-49.,-24.));
#5310=CARTESIAN_POINT('',(-30.,-37.,-24.));
#5311=CARTESIAN_POINT('',(-30.,-37.,-26.));
#5312=CARTESIAN_POINT('',(-28.,-37.,-26.));
#5313=CARTESIAN_POINT('',(-26.,-37.,-26.));
#5314=CARTESIAN_POINT('',(-26.,-37.,-24.));
#5315=CARTESIAN_POINT('',(-26.,-37.,-22.));
#5316=CARTESIAN_POINT('',(-28.,-37.,-22.));
#5317=CARTESIAN_POINT('',(-30.,-37.,-22.));
#5318=CARTESIAN_POINT('',(-30.,-37.,-24.));
#5319=CARTESIAN_POINT('',(-22.0673839314493,-17.9300128216133,-24.));
#5320=CARTESIAN_POINT('',(-29.8413086940696,-33.9097470558885,-24.));
#5321=CARTESIAN_POINT('',(-22.0673839314493,-17.9300128216133,-26.));
#5322=CARTESIAN_POINT('',(-29.8413086940696,-33.9097470558885,-26.));
#5323=CARTESIAN_POINT('',(-20.2689137539577,-18.804944259312,-26.));
#5324=CARTESIAN_POINT('',(-28.0428385165779,-34.7846784935871,-26.));
#5325=CARTESIAN_POINT('',(-18.4704435764661,-19.6798756970106,-26.));
#5326=CARTESIAN_POINT('',(-26.2443683390863,-35.6596099312857,-26.));
#5327=CARTESIAN_POINT('',(-18.4704435764661,-19.6798756970106,-24.));
#5328=CARTESIAN_POINT('',(-26.2443683390863,-35.6596099312857,-24.));
#5329=CARTESIAN_POINT('',(-18.4704435764661,-19.6798756970106,-22.));
#5330=CARTESIAN_POINT('',(-26.2443683390863,-35.6596099312857,-21.9999999999999));
#5331=CARTESIAN_POINT('',(-20.2689137539577,-18.804944259312,-22.));
#5332=CARTESIAN_POINT('',(-28.042838516578,-34.7846784935871,-22.));
#5333=CARTESIAN_POINT('',(-22.0673839314493,-17.9300128216133,-22.));
#5334=CARTESIAN_POINT('',(-29.8413086940696,-33.9097470558884,-22.));
#5335=CARTESIAN_POINT('',(-22.0673839314493,-17.9300128216133,-24.));
#5336=CARTESIAN_POINT('',(-29.8413086940696,-33.9097470558885,-24.));
#5337=CARTESIAN_POINT('',(-24.3270504956198,-25.3389371298852,-24.));
#5338=CARTESIAN_POINT('',(-24.3270504956198,-25.3389371298852,-26.));
#5339=CARTESIAN_POINT('',(-22.3270504956198,-25.3389371298852,-26.));
#5340=CARTESIAN_POINT('',(-20.3270504956198,-25.3389371298852,-26.));
#5341=CARTESIAN_POINT('',(-20.3270504956198,-25.3389371298852,-24.));
#5342=CARTESIAN_POINT('',(-20.3270504956198,-25.3389371298852,-22.));
#5343=CARTESIAN_POINT('',(-22.3270504956198,-25.3389371298852,-22.));
#5344=CARTESIAN_POINT('',(-24.3270504956198,-25.3389371298852,-22.));
#5345=CARTESIAN_POINT('',(-24.3270504956198,-25.3389371298852,-24.));
#5346=CARTESIAN_POINT('',(-24.3270504956198,-13.3389371298852,-24.));
#5347=CARTESIAN_POINT('',(-24.3270504956198,-13.3389371298852,-26.));
#5348=CARTESIAN_POINT('',(-22.3270504956198,-15.3389371298852,-26.));
#5349=CARTESIAN_POINT('',(-20.3270504956198,-17.3389371298852,-26.));
#5350=CARTESIAN_POINT('',(-20.3270504956198,-17.3389371298852,-24.));
#5351=CARTESIAN_POINT('',(-20.3270504956198,-17.3389371298852,-22.));
#5352=CARTESIAN_POINT('',(-22.3270504956198,-15.3389371298852,-22.));
#5353=CARTESIAN_POINT('',(-24.3270504956198,-13.3389371298852,-22.));
#5354=CARTESIAN_POINT('',(-24.3270504956198,-13.3389371298852,-24.));
#5355=CARTESIAN_POINT('',(-12.3270504956198,-13.3389371298852,-24.));
#5356=CARTESIAN_POINT('',(-12.3270504956198,-13.3389371298852,-26.));
#5357=CARTESIAN_POINT('',(-12.3270504956198,-15.3389371298852,-26.));
#5358=CARTESIAN_POINT('',(-12.3270504956198,-17.3389371298852,-26.));
#5359=CARTESIAN_POINT('',(-12.3270504956198,-17.3389371298852,-24.));
#5360=CARTESIAN_POINT('',(-12.3270504956198,-17.3389371298852,-22.));
#5361=CARTESIAN_POINT('',(-12.3270504956198,-15.3389371298852,-22.));
#5362=CARTESIAN_POINT('',(-12.3270504956198,-13.3389371298852,-22.));
#5363=CARTESIAN_POINT('',(-12.3270504956198,-13.3389371298852,-24.));
#5364=CARTESIAN_POINT('',(-0.327050495619801,-13.3389371298852,-24.));
#5365=CARTESIAN_POINT('',(-0.327050495619801,-13.3389371298852,-26.));
#5366=CARTESIAN_POINT('',(-2.3270504956198,-15.3389371298852,-26.));
#5367=CARTESIAN_POINT('',(-4.3270504956198,-17.3389371298852,-26.));
#5368=CARTESIAN_POINT('',(-4.3270504956198,-17.3389371298852,-24.));
#5369=CARTESIAN_POINT('',(-4.3270504956198,-17.3389371298852,-22.));
#5370=CARTESIAN_POINT('',(-2.3270504956198,-15.3389371298852,-22.));
#5371=CARTESIAN_POINT('',(-0.327050495619801,-13.3389371298852,-22.));
#5372=CARTESIAN_POINT('',(-0.327050495619801,-13.3389371298852,-24.));
#5373=CARTESIAN_POINT('',(-0.327050495619797,-25.3389371298852,-24.));
#5374=CARTESIAN_POINT('',(-0.327050495619797,-25.3389371298852,-26.));
#5375=CARTESIAN_POINT('',(-2.3270504956198,-25.3389371298852,-26.));
#5376=CARTESIAN_POINT('',(-4.3270504956198,-25.3389371298852,-26.));
#5377=CARTESIAN_POINT('',(-4.3270504956198,-25.3389371298852,-24.));
#5378=CARTESIAN_POINT('',(-4.3270504956198,-25.3389371298852,-22.));
#5379=CARTESIAN_POINT('',(-2.3270504956198,-25.3389371298852,-22.));
#5380=CARTESIAN_POINT('',(-0.327050495619797,-25.3389371298852,-22.));
#5381=CARTESIAN_POINT('',(-0.327050495619797,-25.3389371298852,-24.));
#5382=CARTESIAN_POINT('',(-0.327050495619797,-37.3389371298852,-24.));
#5383=CARTESIAN_POINT('',(-0.327050495619797,-37.3389371298852,-26.));
#5384=CARTESIAN_POINT('',(-2.3270504956198,-35.3389371298852,-26.));
#5385=CARTESIAN_POINT('',(-4.3270504956198,-33.3389371298852,-26.));
#5386=CARTESIAN_POINT('',(-4.3270504956198,-33.3389371298852,-24.));
#5387=CARTESIAN_POINT('',(-4.3270504956198,-33.3389371298852,-22.));
#5388=CARTESIAN_POINT('',(-2.3270504956198,-35.3389371298852,-22.));
#5389=CARTESIAN_POINT('',(-0.327050495619797,-37.3389371298852,-22.));
#5390=CARTESIAN_POINT('',(-0.327050495619797,-37.3389371298852,-24.));
#5391=CARTESIAN_POINT('',(-12.3270504956198,-37.3389371298852,-24.));
#5392=CARTESIAN_POINT('',(-12.3270504956198,-37.3389371298852,-26.));
#5393=CARTESIAN_POINT('',(-12.3270504956198,-35.3389371298852,-26.));
#5394=CARTESIAN_POINT('',(-12.3270504956198,-33.3389371298852,-26.));
#5395=CARTESIAN_POINT('',(-12.3270504956198,-33.3389371298852,-24.));
#5396=CARTESIAN_POINT('',(-12.3270504956198,-33.3389371298852,-22.));
#5397=CARTESIAN_POINT('',(-12.3270504956198,-35.3389371298852,-22.));
#5398=CARTESIAN_POINT('',(-12.3270504956198,-37.3389371298852,-22.));
#5399=CARTESIAN_POINT('',(-12.3270504956198,-37.3389371298852,-24.));
#5400=CARTESIAN_POINT('',(-24.3270504956198,-37.3389371298852,-24.));
#5401=CARTESIAN_POINT('',(-24.3270504956198,-37.3389371298852,-26.));
#5402=CARTESIAN_POINT('',(-22.3270504956198,-35.3389371298852,-26.));
#5403=CARTESIAN_POINT('',(-20.3270504956198,-33.3389371298852,-26.));
#5404=CARTESIAN_POINT('',(-20.3270504956198,-33.3389371298852,-24.));
#5405=CARTESIAN_POINT('',(-20.3270504956198,-33.3389371298852,-22.));
#5406=CARTESIAN_POINT('',(-22.3270504956198,-35.3389371298852,-22.));
#5407=CARTESIAN_POINT('',(-24.3270504956198,-37.3389371298852,-22.));
#5408=CARTESIAN_POINT('',(-24.3270504956198,-37.3389371298852,-24.));
#5409=CARTESIAN_POINT('',(-24.3270504956198,-25.3389371298852,-24.));
#5410=CARTESIAN_POINT('',(-24.3270504956198,-25.3389371298852,-26.));
#5411=CARTESIAN_POINT('',(-22.3270504956198,-25.3389371298852,-26.));
#5412=CARTESIAN_POINT('',(-20.3270504956198,-25.3389371298852,-26.));
#5413=CARTESIAN_POINT('',(-20.3270504956198,-25.3389371298852,-24.));
#5414=CARTESIAN_POINT('',(-20.3270504956198,-25.3389371298852,-22.));
#5415=CARTESIAN_POINT('',(-22.3270504956198,-25.3389371298852,-22.));
#5416=CARTESIAN_POINT('',(-24.3270504956198,-25.3389371298852,-22.));
#5417=CARTESIAN_POINT('',(-24.3270504956198,-25.3389371298852,-24.));
#5418=CARTESIAN_POINT('',(-13.9345544133492,-15.4689862103271,-26.));
#5419=CARTESIAN_POINT('',(-11.9345544133492,-15.4689862103271,-26.));
#5420=CARTESIAN_POINT('',(-11.9345544133492,-15.4689862103271,-24.));
#5421=CARTESIAN_POINT('',(-11.9345544133492,-15.4689862103271,-22.));
#5422=CARTESIAN_POINT('',(-13.9345544133492,-15.4689862103271,-22.));
#5423=CARTESIAN_POINT('',(-13.9345544133492,-15.4689862103271,-26.));
#5424=CARTESIAN_POINT('',(-11.9345544133492,-13.4689862103271,-26.));
#5425=CARTESIAN_POINT('',(-11.9345544133492,-13.4689862103271,-24.));
#5426=CARTESIAN_POINT('',(-11.9345544133492,-13.4689862103271,-22.));
#5427=CARTESIAN_POINT('',(-13.9345544133492,-15.4689862103271,-22.));
#5428=CARTESIAN_POINT('',(-13.9345544133492,-15.4689862103271,-26.));
#5429=CARTESIAN_POINT('',(-13.9345544133492,-13.4689862103271,-26.));
#5430=CARTESIAN_POINT('',(-13.9345544133492,-13.4689862103271,-24.));
#5431=CARTESIAN_POINT('',(-13.9345544133492,-13.4689862103271,-22.));
#5432=CARTESIAN_POINT('',(-13.9345544133492,-15.4689862103271,-22.));
#5433=CARTESIAN_POINT('',(-13.9345544133492,-15.4689862103271,-26.));
#5434=CARTESIAN_POINT('',(-15.9345544133492,-13.4689862103271,-26.));
#5435=CARTESIAN_POINT('',(-15.9345544133492,-13.4689862103271,-24.));
#5436=CARTESIAN_POINT('',(-15.9345544133492,-13.4689862103271,-22.));
#5437=CARTESIAN_POINT('',(-13.9345544133492,-15.4689862103271,-22.));
#5438=CARTESIAN_POINT('',(-13.9345544133492,-15.4689862103271,-26.));
#5439=CARTESIAN_POINT('',(-15.9345544133492,-15.4689862103271,-26.));
#5440=CARTESIAN_POINT('',(-15.9345544133492,-15.4689862103271,-24.));
#5441=CARTESIAN_POINT('',(-15.9345544133492,-15.4689862103271,-22.));
#5442=CARTESIAN_POINT('',(-13.9345544133492,-15.4689862103271,-22.));
#5443=CARTESIAN_POINT('',(-13.9345544133492,-15.4689862103271,-26.));
#5444=CARTESIAN_POINT('',(-15.9345544133492,-17.4689862103271,-26.));
#5445=CARTESIAN_POINT('',(-15.9345544133492,-17.4689862103271,-24.));
#5446=CARTESIAN_POINT('',(-15.9345544133492,-17.4689862103271,-22.));
#5447=CARTESIAN_POINT('',(-13.9345544133492,-15.4689862103271,-22.));
#5448=CARTESIAN_POINT('',(-13.9345544133492,-15.4689862103271,-26.));
#5449=CARTESIAN_POINT('',(-13.9345544133492,-17.4689862103271,-26.));
#5450=CARTESIAN_POINT('',(-13.9345544133492,-17.4689862103271,-24.));
#5451=CARTESIAN_POINT('',(-13.9345544133492,-17.4689862103271,-22.));
#5452=CARTESIAN_POINT('',(-13.9345544133492,-15.4689862103271,-22.));
#5453=CARTESIAN_POINT('',(-13.9345544133492,-15.4689862103271,-26.));
#5454=CARTESIAN_POINT('',(-11.9345544133492,-17.4689862103271,-26.));
#5455=CARTESIAN_POINT('',(-11.9345544133492,-17.4689862103271,-24.));
#5456=CARTESIAN_POINT('',(-11.9345544133492,-17.4689862103271,-22.));
#5457=CARTESIAN_POINT('',(-13.9345544133492,-15.4689862103271,-22.));
#5458=CARTESIAN_POINT('',(-13.9345544133492,-15.4689862103271,-26.));
#5459=CARTESIAN_POINT('',(-11.9345544133492,-15.4689862103271,-26.));
#5460=CARTESIAN_POINT('',(-11.9345544133492,-15.4689862103271,-24.));
#5461=CARTESIAN_POINT('',(-11.9345544133492,-15.4689862103271,-22.));
#5462=CARTESIAN_POINT('',(-13.9345544133492,-15.4689862103271,-22.));
#5463=CARTESIAN_POINT('',(-13.9345544133492,-15.4689862103271,-26.));
#5464=CARTESIAN_POINT('',(-11.9345544133492,-15.4689862103271,-26.));
#5465=CARTESIAN_POINT('',(-11.9345544133492,-15.4689862103271,-24.));
#5466=CARTESIAN_POINT('',(-11.9345544133492,-15.4689862103271,-22.));
#5467=CARTESIAN_POINT('',(-13.9345544133492,-15.4689862103271,-22.));
#5468=CARTESIAN_POINT('',(-13.9345544133492,-15.4689862103271,-26.));
#5469=CARTESIAN_POINT('',(-11.9345544133492,-13.4689862103271,-26.));
#5470=CARTESIAN_POINT('',(-11.9345544133492,-13.4689862103271,-24.));
#5471=CARTESIAN_POINT('',(-11.9345544133492,-13.4689862103271,-22.));
#5472=CARTESIAN_POINT('',(-13.9345544133492,-15.4689862103271,-22.));
#5473=CARTESIAN_POINT('',(-13.9345544133492,-15.4689862103271,-26.));
#5474=CARTESIAN_POINT('',(-13.9345544133492,-13.4689862103271,-26.));
#5475=CARTESIAN_POINT('',(-13.9345544133492,-13.4689862103271,-24.));
#5476=CARTESIAN_POINT('',(-13.9345544133492,-13.4689862103271,-22.));
#5477=CARTESIAN_POINT('',(-13.9345544133492,-15.4689862103271,-22.));
#5478=CARTESIAN_POINT('',(-13.9345544133492,-15.4689862103271,-26.));
#5479=CARTESIAN_POINT('',(-15.9345544133492,-13.4689862103271,-26.));
#5480=CARTESIAN_POINT('',(-15.9345544133492,-13.4689862103271,-24.));
#5481=CARTESIAN_POINT('',(-15.9345544133492,-13.4689862103271,-22.));
#5482=CARTESIAN_POINT('',(-13.9345544133492,-15.4689862103271,-22.));
#5483=CARTESIAN_POINT('',(-13.9345544133492,-15.4689862103271,-26.));
#5484=CARTESIAN_POINT('',(-15.9345544133492,-15.4689862103271,-26.));
#5485=CARTESIAN_POINT('',(-15.9345544133492,-15.4689862103271,-24.));
#5486=CARTESIAN_POINT('',(-15.9345544133492,-15.4689862103271,-22.));
#5487=CARTESIAN_POINT('',(-13.9345544133492,-15.4689862103271,-22.));
#5488=CARTESIAN_POINT('',(-13.9345544133492,-15.4689862103271,-26.));
#5489=CARTESIAN_POINT('',(-15.9345544133492,-17.4689862103271,-26.));
#5490=CARTESIAN_POINT('',(-15.9345544133492,-17.4689862103271,-24.));
#5491=CARTESIAN_POINT('',(-15.9345544133492,-17.4689862103271,-22.));
#5492=CARTESIAN_POINT('',(-13.9345544133492,-15.4689862103271,-22.));
#5493=CARTESIAN_POINT('',(-13.9345544133492,-15.4689862103271,-26.));
#5494=CARTESIAN_POINT('',(-13.9345544133492,-17.4689862103271,-26.));
#5495=CARTESIAN_POINT('',(-13.9345544133492,-17.4689862103271,-24.));
#5496=CARTESIAN_POINT('',(-13.9345544133492,-17.4689862103271,-22.));
#5497=CARTESIAN_POINT('',(-13.9345544133492,-15.4689862103271,-22.));
#5498=CARTESIAN_POINT('',(-13.9345544133492,-15.4689862103271,-26.));
#5499=CARTESIAN_POINT('',(-11.9345544133492,-17.4689862103271,-26.));
#5500=CARTESIAN_POINT('',(-11.9345544133492,-17.4689862103271,-24.));
#5501=CARTESIAN_POINT('',(-11.9345544133492,-17.4689862103271,-22.));
#5502=CARTESIAN_POINT('',(-13.9345544133492,-15.4689862103271,-22.));
#5503=CARTESIAN_POINT('',(-13.9345544133492,-15.4689862103271,-26.));
#5504=CARTESIAN_POINT('',(-11.9345544133492,-15.4689862103271,-26.));
#5505=CARTESIAN_POINT('',(-11.9345544133492,-15.4689862103271,-24.));
#5506=CARTESIAN_POINT('',(-11.9345544133492,-15.4689862103271,-22.));
#5507=CARTESIAN_POINT('',(-13.9345544133492,-15.4689862103271,-22.));
#5508=CARTESIAN_POINT('',(-14.1934531348857,-18.2843030059702,-24.));
#5509=CARTESIAN_POINT('',(-20.9031113862988,-10.222761542072,-24.));
#5510=CARTESIAN_POINT('',(-14.1934531348857,-18.2843030059702,-22.));
#5511=CARTESIAN_POINT('',(-20.9031113862988,-10.222761542072,-22.));
#5512=CARTESIAN_POINT('',(-12.6562331461126,-17.0048676984551,-22.));
#5513=CARTESIAN_POINT('',(-19.3658913975256,-8.94332623455688,-22.));
#5514=CARTESIAN_POINT('',(-11.1190131573395,-15.72543239094,-22.));
#5515=CARTESIAN_POINT('',(-17.8286714087525,-7.66389092704175,-22.));
#5516=CARTESIAN_POINT('',(-11.1190131573395,-15.72543239094,-24.));
#5517=CARTESIAN_POINT('',(-17.8286714087525,-7.66389092704175,-24.));
#5518=CARTESIAN_POINT('',(-11.1190131573395,-15.72543239094,-26.));
#5519=CARTESIAN_POINT('',(-17.8286714087525,-7.66389092704175,-26.));
#5520=CARTESIAN_POINT('',(-12.6562331461126,-17.0048676984551,-26.));
#5521=CARTESIAN_POINT('',(-19.3658913975256,-8.94332623455688,-26.));
#5522=CARTESIAN_POINT('',(-14.1934531348857,-18.2843030059702,-26.));
#5523=CARTESIAN_POINT('',(-20.9031113862988,-10.222761542072,-26.));
#5524=CARTESIAN_POINT('',(-14.1934531348857,-18.2843030059702,-24.));
#5525=CARTESIAN_POINT('',(-20.9031113862988,-10.222761542072,-24.));
#5526=CARTESIAN_POINT('',(-18.0875701302911,-10.4792077226824,-26.));
#5527=CARTESIAN_POINT('',(-18.0875701302911,-8.4792077226824,-26.));
#5528=CARTESIAN_POINT('',(-18.0875701302911,-8.4792077226824,-24.));
#5529=CARTESIAN_POINT('',(-18.0875701302911,-8.4792077226824,-22.));
#5530=CARTESIAN_POINT('',(-18.0875701302911,-10.4792077226824,-22.));
#5531=CARTESIAN_POINT('',(-18.0875701302911,-10.4792077226824,-26.));
#5532=CARTESIAN_POINT('',(-20.0875701302911,-8.4792077226824,-26.));
#5533=CARTESIAN_POINT('',(-20.0875701302911,-8.4792077226824,-24.));
#5534=CARTESIAN_POINT('',(-20.0875701302911,-8.4792077226824,-22.));
#5535=CARTESIAN_POINT('',(-18.0875701302911,-10.4792077226824,-22.));
#5536=CARTESIAN_POINT('',(-18.0875701302911,-10.4792077226824,-26.));
#5537=CARTESIAN_POINT('',(-20.0875701302911,-10.4792077226824,-26.));
#5538=CARTESIAN_POINT('',(-20.0875701302911,-10.4792077226824,-24.));
#5539=CARTESIAN_POINT('',(-20.0875701302911,-10.4792077226824,-22.));
#5540=CARTESIAN_POINT('',(-18.0875701302911,-10.4792077226824,-22.));
#5541=CARTESIAN_POINT('',(-18.0875701302911,-10.4792077226824,-26.));
#5542=CARTESIAN_POINT('',(-20.0875701302911,-12.4792077226824,-26.));
#5543=CARTESIAN_POINT('',(-20.0875701302911,-12.4792077226824,-24.));
#5544=CARTESIAN_POINT('',(-20.0875701302911,-12.4792077226824,-22.));
#5545=CARTESIAN_POINT('',(-18.0875701302911,-10.4792077226824,-22.));
#5546=CARTESIAN_POINT('',(-18.0875701302911,-10.4792077226824,-26.));
#5547=CARTESIAN_POINT('',(-18.0875701302911,-12.4792077226824,-26.));
#5548=CARTESIAN_POINT('',(-18.0875701302911,-12.4792077226824,-24.));
#5549=CARTESIAN_POINT('',(-18.0875701302911,-12.4792077226824,-22.));
#5550=CARTESIAN_POINT('',(-18.0875701302911,-10.4792077226824,-22.));
#5551=CARTESIAN_POINT('',(-18.0875701302911,-10.4792077226824,-26.));
#5552=CARTESIAN_POINT('',(-16.0875701302911,-12.4792077226824,-26.));
#5553=CARTESIAN_POINT('',(-16.0875701302911,-12.4792077226824,-24.));
#5554=CARTESIAN_POINT('',(-16.0875701302911,-12.4792077226824,-22.));
#5555=CARTESIAN_POINT('',(-18.0875701302911,-10.4792077226824,-22.));
#5556=CARTESIAN_POINT('',(-18.0875701302911,-10.4792077226824,-26.));
#5557=CARTESIAN_POINT('',(-16.0875701302911,-10.4792077226824,-26.));
#5558=CARTESIAN_POINT('',(-16.0875701302911,-10.4792077226824,-24.));
#5559=CARTESIAN_POINT('',(-16.0875701302911,-10.4792077226824,-22.));
#5560=CARTESIAN_POINT('',(-18.0875701302911,-10.4792077226824,-22.));
#5561=CARTESIAN_POINT('',(-18.0875701302911,-10.4792077226824,-26.));
#5562=CARTESIAN_POINT('',(-16.0875701302911,-8.4792077226824,-26.));
#5563=CARTESIAN_POINT('',(-16.0875701302911,-8.4792077226824,-24.));
#5564=CARTESIAN_POINT('',(-16.0875701302911,-8.4792077226824,-22.));
#5565=CARTESIAN_POINT('',(-18.0875701302911,-10.4792077226824,-22.));
#5566=CARTESIAN_POINT('',(-18.0875701302911,-10.4792077226824,-26.));
#5567=CARTESIAN_POINT('',(-18.0875701302911,-8.4792077226824,-26.));
#5568=CARTESIAN_POINT('',(-18.0875701302911,-8.4792077226824,-24.));
#5569=CARTESIAN_POINT('',(-18.0875701302911,-8.4792077226824,-22.));
#5570=CARTESIAN_POINT('',(-18.0875701302911,-10.4792077226824,-22.));
#5571=CARTESIAN_POINT('',(-18.0875701302911,-10.4792077226824,-26.));
#5572=CARTESIAN_POINT('',(-18.0875701302911,-8.4792077226824,-26.));
#5573=CARTESIAN_POINT('',(-18.0875701302911,-8.4792077226824,-24.));
#5574=CARTESIAN_POINT('',(-18.0875701302911,-8.4792077226824,-22.));
#5575=CARTESIAN_POINT('',(-18.0875701302911,-10.4792077226824,-22.));
#5576=CARTESIAN_POINT('',(-18.0875701302911,-10.4792077226824,-26.));
#5577=CARTESIAN_POINT('',(-20.0875701302911,-8.4792077226824,-26.));
#5578=CARTESIAN_POINT('',(-20.0875701302911,-8.4792077226824,-24.));
#5579=CARTESIAN_POINT('',(-20.0875701302911,-8.4792077226824,-22.));
#5580=CARTESIAN_POINT('',(-18.0875701302911,-10.4792077226824,-22.));
#5581=CARTESIAN_POINT('',(-18.0875701302911,-10.4792077226824,-26.));
#5582=CARTESIAN_POINT('',(-20.0875701302911,-10.4792077226824,-26.));
#5583=CARTESIAN_POINT('',(-20.0875701302911,-10.4792077226824,-24.));
#5584=CARTESIAN_POINT('',(-20.0875701302911,-10.4792077226824,-22.));
#5585=CARTESIAN_POINT('',(-18.0875701302911,-10.4792077226824,-22.));
#5586=CARTESIAN_POINT('',(-18.0875701302911,-10.4792077226824,-26.));
#5587=CARTESIAN_POINT('',(-20.0875701302911,-12.4792077226824,-26.));
#5588=CARTESIAN_POINT('',(-20.0875701302911,-12.4792077226824,-24.));
#5589=CARTESIAN_POINT('',(-20.0875701302911,-12.4792077226824,-22.));
#5590=CARTESIAN_POINT('',(-18.0875701302911,-10.4792077226824,-22.));
#5591=CARTESIAN_POINT('',(-18.0875701302911,-10.4792077226824,-26.));
#5592=CARTESIAN_POINT('',(-18.0875701302911,-12.4792077226824,-26.));
#5593=CARTESIAN_POINT('',(-18.0875701302911,-12.4792077226824,-24.));
#5594=CARTESIAN_POINT('',(-18.0875701302911,-12.4792077226824,-22.));
#5595=CARTESIAN_POINT('',(-18.0875701302911,-10.4792077226824,-22.));
#5596=CARTESIAN_POINT('',(-18.0875701302911,-10.4792077226824,-26.));
#5597=CARTESIAN_POINT('',(-16.0875701302911,-12.4792077226824,-26.));
#5598=CARTESIAN_POINT('',(-16.0875701302911,-12.4792077226824,-24.));
#5599=CARTESIAN_POINT('',(-16.0875701302911,-12.4792077226824,-22.));
#5600=CARTESIAN_POINT('',(-18.0875701302911,-10.4792077226824,-22.));
#5601=CARTESIAN_POINT('',(-18.0875701302911,-10.4792077226824,-26.));
#5602=CARTESIAN_POINT('',(-16.0875701302911,-10.4792077226824,-26.));
#5603=CARTESIAN_POINT('',(-16.0875701302911,-10.4792077226824,-24.));
#5604=CARTESIAN_POINT('',(-16.0875701302911,-10.4792077226824,-22.));
#5605=CARTESIAN_POINT('',(-18.0875701302911,-10.4792077226824,-22.));
#5606=CARTESIAN_POINT('',(-18.0875701302911,-10.4792077226824,-26.));
#5607=CARTESIAN_POINT('',(-16.0875701302911,-8.4792077226824,-26.));
#5608=CARTESIAN_POINT('',(-16.0875701302911,-8.4792077226824,-24.));
#5609=CARTESIAN_POINT('',(-16.0875701302911,-8.4792077226824,-22.));
#5610=CARTESIAN_POINT('',(-18.0875701302911,-10.4792077226824,-22.));
#5611=CARTESIAN_POINT('',(-18.0875701302911,-10.4792077226824,-26.));
#5612=CARTESIAN_POINT('',(-18.0875701302911,-8.4792077226824,-26.));
#5613=CARTESIAN_POINT('',(-18.0875701302911,-8.4792077226824,-24.));
#5614=CARTESIAN_POINT('',(-18.0875701302911,-8.4792077226824,-22.));
#5615=CARTESIAN_POINT('',(-18.0875701302911,-10.4792077226824,-22.));
#5616=CARTESIAN_POINT('',(-8.31413220858025,-17.5691895909881,-2.));
#5617=CARTESIAN_POINT('',(-10.4143355892413,-23.1896117957571,-2.));
#5618=CARTESIAN_POINT('',(-16.0347577940102,-21.0894084150961,-2.));
#5619=CARTESIAN_POINT('',(-21.6551799987792,-18.989205034435,-2.));
#5620=CARTESIAN_POINT('',(-19.5549766181182,-13.3687828296661,-2.));
#5621=CARTESIAN_POINT('',(-17.4547732374571,-7.7483606248971,-2.));
#5622=CARTESIAN_POINT('',(-11.8343510326882,-9.84856400555815,-2.));
#5623=CARTESIAN_POINT('',(-6.2139288279192,-11.9487673862192,-2.));
#5624=CARTESIAN_POINT('',(-8.31413220858025,-17.5691895909881,-2.));
#5625=CARTESIAN_POINT('',(-8.31413220858025,-17.5691895909881,-4.));
#5626=CARTESIAN_POINT('',(-10.4143355892413,-23.1896117957571,-4.));
#5627=CARTESIAN_POINT('',(-16.0347577940102,-21.0894084150961,-4.));
#5628=CARTESIAN_POINT('',(-21.6551799987792,-18.989205034435,-4.));
#5629=CARTESIAN_POINT('',(-19.5549766181182,-13.3687828296661,-4.));
#5630=CARTESIAN_POINT('',(-17.4547732374571,-7.7483606248971,-4.));
#5631=CARTESIAN_POINT('',(-11.8343510326882,-9.84856400555815,-4.));
#5632=CARTESIAN_POINT('',(-6.2139288279192,-11.9487673862192,-4.));
#5633=CARTESIAN_POINT('',(-8.31413220858025,-17.5691895909881,-4.));
#5634=CARTESIAN_POINT('',(-10.1876062768366,-16.8691217974345,-4.));
#5635=CARTESIAN_POINT('',(-11.5877418639439,-20.6160699339471,-4.));
#5636=CARTESIAN_POINT('',(-15.3346900004566,-19.2159343468397,-4.));
#5637=CARTESIAN_POINT('',(-19.0816381369692,-17.8157987597324,-4.));
#5638=CARTESIAN_POINT('',(-17.6815025498618,-14.0688506232197,-4.));
#5639=CARTESIAN_POINT('',(-16.2813669627545,-10.3219024867071,-4.));
#5640=CARTESIAN_POINT('',(-12.5344188262418,-11.7220380738145,-4.));
#5641=CARTESIAN_POINT('',(-8.7874706897292,-13.1221736609218,-4.));
#5642=CARTESIAN_POINT('',(-10.1876062768366,-16.8691217974345,-4.));
#5643=CARTESIAN_POINT('',(-12.0610803450929,-16.1690540038808,-4.));
#5644=CARTESIAN_POINT('',(-12.7611481386466,-18.0425280721371,-4.));
#5645=CARTESIAN_POINT('',(-14.6346222069029,-17.3424602785834,-4.));
#5646=CARTESIAN_POINT('',(-16.5080962751592,-16.6423924850297,-4.));
#5647=CARTESIAN_POINT('',(-15.8080284816055,-14.7689184167734,-4.));
#5648=CARTESIAN_POINT('',(-15.1079606880518,-12.8954443485171,-4.));
#5649=CARTESIAN_POINT('',(-13.2344866197955,-13.5955121420708,-4.));
#5650=CARTESIAN_POINT('',(-11.3610125515392,-14.2955799356245,-4.));
#5651=CARTESIAN_POINT('',(-12.0610803450929,-16.1690540038808,-4.));
#5652=CARTESIAN_POINT('',(-12.0610803450929,-16.1690540038808,-2.));
#5653=CARTESIAN_POINT('',(-12.7611481386466,-18.0425280721371,-2.));
#5654=CARTESIAN_POINT('',(-14.6346222069029,-17.3424602785834,-2.));
#5655=CARTESIAN_POINT('',(-16.5080962751592,-16.6423924850297,-2.));
#5656=CARTESIAN_POINT('',(-15.8080284816055,-14.7689184167734,-2.));
#5657=CARTESIAN_POINT('',(-15.1079606880518,-12.8954443485171,-2.));
#5658=CARTESIAN_POINT('',(-13.2344866197955,-13.5955121420708,-2.));
#5659=CARTESIAN_POINT('',(-11.3610125515392,-14.2955799356245,-2.));
#5660=CARTESIAN_POINT('',(-12.0610803450929,-16.1690540038808,-2.));
#5661=CARTESIAN_POINT('',(-12.0610803450929,-16.1690540038808,0.));
#5662=CARTESIAN_POINT('',(-12.7611481386466,-18.0425280721371,0.));
#5663=CARTESIAN_POINT('',(-14.6346222069029,-17.3424602785834,0.));
#5664=CARTESIAN_POINT('',(-16.5080962751592,-16.6423924850297,0.));
#5665=CARTESIAN_POINT('',(-15.8080284816055,-14.7689184167734,0.));
#5666=CARTESIAN_POINT('',(-15.1079606880518,-12.8954443485171,0.));
#5667=CARTESIAN_POINT('',(-13.2344866197955,-13.5955121420708,0.));
#5668=CARTESIAN_POINT('',(-11.3610125515392,-14.2955799356245,0.));
#5669=CARTESIAN_POINT('',(-12.0610803450929,-16.1690540038808,0.));
#5670=CARTESIAN_POINT('',(-10.1876062768366,-16.8691217974345,0.));
#5671=CARTESIAN_POINT('',(-11.5877418639439,-20.6160699339471,0.));
#5672=CARTESIAN_POINT('',(-15.3346900004566,-19.2159343468397,0.));
#5673=CARTESIAN_POINT('',(-19.0816381369692,-17.8157987597324,0.));
#5674=CARTESIAN_POINT('',(-17.6815025498618,-14.0688506232197,0.));
#5675=CARTESIAN_POINT('',(-16.2813669627545,-10.3219024867071,0.));
#5676=CARTESIAN_POINT('',(-12.5344188262418,-11.7220380738145,0.));
#5677=CARTESIAN_POINT('',(-8.7874706897292,-13.1221736609218,0.));
#5678=CARTESIAN_POINT('',(-10.1876062768366,-16.8691217974345,0.));
#5679=CARTESIAN_POINT('',(-8.31413220858025,-17.5691895909881,0.));
#5680=CARTESIAN_POINT('',(-10.4143355892413,-23.1896117957571,0.));
#5681=CARTESIAN_POINT('',(-16.0347577940102,-21.0894084150961,0.));
#5682=CARTESIAN_POINT('',(-21.6551799987792,-18.989205034435,0.));
#5683=CARTESIAN_POINT('',(-19.5549766181182,-13.3687828296661,0.));
#5684=CARTESIAN_POINT('',(-17.4547732374571,-7.7483606248971,0.));
#5685=CARTESIAN_POINT('',(-11.8343510326882,-9.84856400555815,0.));
#5686=CARTESIAN_POINT('',(-6.2139288279192,-11.9487673862192,0.));
#5687=CARTESIAN_POINT('',(-8.31413220858025,-17.5691895909881,0.));
#5688=CARTESIAN_POINT('',(-8.31413220858025,-17.5691895909881,-2.));
#5689=CARTESIAN_POINT('',(-10.4143355892413,-23.1896117957571,-2.));
#5690=CARTESIAN_POINT('',(-16.0347577940102,-21.0894084150961,-2.));
#5691=CARTESIAN_POINT('',(-21.6551799987792,-18.989205034435,-2.));
#5692=CARTESIAN_POINT('',(-19.5549766181182,-13.3687828296661,-2.));
#5693=CARTESIAN_POINT('',(-17.4547732374571,-7.7483606248971,-2.));
#5694=CARTESIAN_POINT('',(-11.8343510326882,-9.84856400555815,-2.));
#5695=CARTESIAN_POINT('',(-6.2139288279192,-11.9487673862192,-2.));
#5696=CARTESIAN_POINT('',(-8.31413220858025,-17.5691895909881,-2.));
#5697=CARTESIAN_POINT('',(-8.31413220858025,-17.5691895909881,-2.));
#5698=CARTESIAN_POINT('',(-10.4143355892413,-23.1896117957571,-2.));
#5699=CARTESIAN_POINT('',(-16.0347577940102,-21.0894084150961,-2.));
#5700=CARTESIAN_POINT('',(-21.6551799987792,-18.989205034435,-2.));
#5701=CARTESIAN_POINT('',(-19.5549766181182,-13.3687828296661,-2.));
#5702=CARTESIAN_POINT('',(-17.4547732374571,-7.7483606248971,-2.));
#5703=CARTESIAN_POINT('',(-11.8343510326882,-9.84856400555815,-2.));
#5704=CARTESIAN_POINT('',(-6.2139288279192,-11.9487673862192,-2.));
#5705=CARTESIAN_POINT('',(-8.31413220858025,-17.5691895909881,-2.));
#5706=CARTESIAN_POINT('',(-8.31413220858025,-17.5691895909881,-4.));
#5707=CARTESIAN_POINT('',(-10.4143355892413,-23.1896117957571,-4.));
#5708=CARTESIAN_POINT('',(-16.0347577940102,-21.0894084150961,-4.));
#5709=CARTESIAN_POINT('',(-21.6551799987792,-18.989205034435,-4.));
#5710=CARTESIAN_POINT('',(-19.5549766181182,-13.3687828296661,-4.));
#5711=CARTESIAN_POINT('',(-17.4547732374571,-7.7483606248971,-4.));
#5712=CARTESIAN_POINT('',(-11.8343510326882,-9.84856400555815,-4.));
#5713=CARTESIAN_POINT('',(-6.2139288279192,-11.9487673862192,-4.));
#5714=CARTESIAN_POINT('',(-8.31413220858025,-17.5691895909881,-4.));
#5715=CARTESIAN_POINT('',(-10.1876062768366,-16.8691217974345,-4.));
#5716=CARTESIAN_POINT('',(-11.5877418639439,-20.6160699339471,-4.));
#5717=CARTESIAN_POINT('',(-15.3346900004566,-19.2159343468397,-4.));
#5718=CARTESIAN_POINT('',(-19.0816381369692,-17.8157987597324,-4.));
#5719=CARTESIAN_POINT('',(-17.6815025498618,-14.0688506232197,-4.));
#5720=CARTESIAN_POINT('',(-16.2813669627545,-10.3219024867071,-4.));
#5721=CARTESIAN_POINT('',(-12.5344188262418,-11.7220380738145,-4.));
#5722=CARTESIAN_POINT('',(-8.7874706897292,-13.1221736609218,-4.));
#5723=CARTESIAN_POINT('',(-10.1876062768366,-16.8691217974345,-4.));
#5724=CARTESIAN_POINT('',(-12.0610803450929,-16.1690540038808,-4.));
#5725=CARTESIAN_POINT('',(-12.7611481386466,-18.0425280721371,-4.));
#5726=CARTESIAN_POINT('',(-14.6346222069029,-17.3424602785834,-4.));
#5727=CARTESIAN_POINT('',(-16.5080962751592,-16.6423924850297,-4.));
#5728=CARTESIAN_POINT('',(-15.8080284816055,-14.7689184167734,-4.));
#5729=CARTESIAN_POINT('',(-15.1079606880518,-12.8954443485171,-4.));
#5730=CARTESIAN_POINT('',(-13.2344866197955,-13.5955121420708,-4.));
#5731=CARTESIAN_POINT('',(-11.3610125515392,-14.2955799356245,-4.));
#5732=CARTESIAN_POINT('',(-12.0610803450929,-16.1690540038808,-4.));
#5733=CARTESIAN_POINT('',(-12.0610803450929,-16.1690540038808,-2.));
#5734=CARTESIAN_POINT('',(-12.7611481386466,-18.0425280721371,-2.));
#5735=CARTESIAN_POINT('',(-14.6346222069029,-17.3424602785834,-2.));
#5736=CARTESIAN_POINT('',(-16.5080962751592,-16.6423924850297,-2.));
#5737=CARTESIAN_POINT('',(-15.8080284816055,-14.7689184167734,-2.));
#5738=CARTESIAN_POINT('',(-15.1079606880518,-12.8954443485171,-2.));
#5739=CARTESIAN_POINT('',(-13.2344866197955,-13.5955121420708,-2.));
#5740=CARTESIAN_POINT('',(-11.3610125515392,-14.2955799356245,-2.));
#5741=CARTESIAN_POINT('',(-12.0610803450929,-16.1690540038808,-2.));
#5742=CARTESIAN_POINT('',(-12.0610803450929,-16.1690540038808,0.));
#5743=CARTESIAN_POINT('',(-12.7611481386466,-18.0425280721371,0.));
#5744=CARTESIAN_POINT('',(-14.6346222069029,-17.3424602785834,0.));
#5745=CARTESIAN_POINT('',(-16.5080962751592,-16.6423924850297,0.));
#5746=CARTESIAN_POINT('',(-15.8080284816055,-14.7689184167734,0.));
#5747=CARTESIAN_POINT('',(-15.1079606880518,-12.8954443485171,0.));
#5748=CARTESIAN_POINT('',(-13.2344866197955,-13.5955121420708,0.));
#5749=CARTESIAN_POINT('',(-11.3610125515392,-14.2955799356245,0.));
#5750=CARTESIAN_POINT('',(-12.0610803450929,-16.1690540038808,0.));
#5751=CARTESIAN_POINT('',(-10.1876062768366,-16.8691217974345,0.));
#5752=CARTESIAN_POINT('',(-11.5877418639439,-20.6160699339471,0.));
#5753=CARTESIAN_POINT('',(-15.3346900004566,-19.2159343468397,0.));
#5754=CARTESIAN_POINT('',(-19.0816381369692,-17.8157987597324,0.));
#5755=CARTESIAN_POINT('',(-17.6815025498618,-14.0688506232197,0.));
#5756=CARTESIAN_POINT('',(-16.2813669627545,-10.3219024867071,0.));
#5757=CARTESIAN_POINT('',(-12.5344188262418,-11.7220380738145,0.));
#5758=CARTESIAN_POINT('',(-8.7874706897292,-13.1221736609218,0.));
#5759=CARTESIAN_POINT('',(-10.1876062768366,-16.8691217974345,0.));
#5760=CARTESIAN_POINT('',(-8.31413220858025,-17.5691895909881,0.));
#5761=CARTESIAN_POINT('',(-10.4143355892413,-23.1896117957571,0.));
#5762=CARTESIAN_POINT('',(-16.0347577940102,-21.0894084150961,0.));
#5763=CARTESIAN_POINT('',(-21.6551799987792,-18.989205034435,0.));
#5764=CARTESIAN_POINT('',(-19.5549766181182,-13.3687828296661,0.));
#5765=CARTESIAN_POINT('',(-17.4547732374571,-7.7483606248971,0.));
#5766=CARTESIAN_POINT('',(-11.8343510326882,-9.84856400555815,0.));
#5767=CARTESIAN_POINT('',(-6.2139288279192,-11.9487673862192,0.));
#5768=CARTESIAN_POINT('',(-8.31413220858025,-17.5691895909881,0.));
#5769=CARTESIAN_POINT('',(-8.31413220858025,-17.5691895909881,-2.));
#5770=CARTESIAN_POINT('',(-10.4143355892413,-23.1896117957571,-2.));
#5771=CARTESIAN_POINT('',(-16.0347577940102,-21.0894084150961,-2.));
#5772=CARTESIAN_POINT('',(-21.6551799987792,-18.989205034435,-2.));
#5773=CARTESIAN_POINT('',(-19.5549766181182,-13.3687828296661,-2.));
#5774=CARTESIAN_POINT('',(-17.4547732374571,-7.7483606248971,-2.));
#5775=CARTESIAN_POINT('',(-11.8343510326882,-9.84856400555815,-2.));
#5776=CARTESIAN_POINT('',(-6.2139288279192,-11.9487673862192,-2.));
#5777=CARTESIAN_POINT('',(-8.31413220858025,-17.5691895909881,-2.));
#5778=CARTESIAN_POINT('',(-14.7542314312085,-5.10502031200874,-2.));
#5779=CARTESIAN_POINT('',(-14.7542314312085,-5.10502031200874,-5.32907051820075E-15));
#5780=CARTESIAN_POINT('',(-16.2914514199817,-6.38445561952387,-5.32907051820075E-15));
#5781=CARTESIAN_POINT('',(-17.8286714087548,-7.66389092703901,-5.32907051820075E-15));
#5782=CARTESIAN_POINT('',(-17.8286714087548,-7.66389092703901,-2.));
#5783=CARTESIAN_POINT('',(-17.8286714087548,-7.66389092703901,-4.));
#5784=CARTESIAN_POINT('',(-16.2914514199817,-6.38445561952387,-4.));
#5785=CARTESIAN_POINT('',(-14.7542314312085,-5.10502031200874,-4.));
#5786=CARTESIAN_POINT('',(-14.7542314312085,-5.10502031200874,-2.));
#5787=CARTESIAN_POINT('',(-8.04457317979301,-13.16656177591,-2.));
#5788=CARTESIAN_POINT('',(-8.04457317979301,-13.16656177591,1.39836889505259E-14));
#5789=CARTESIAN_POINT('',(-9.58179316856615,-14.4459970834251,1.22073321111257E-14));
#5790=CARTESIAN_POINT('',(-11.1190131573393,-15.7254323909402,1.04309752717254E-14));
#5791=CARTESIAN_POINT('',(-11.1190131573393,-15.7254323909402,-2.));
#5792=CARTESIAN_POINT('',(-11.1190131573393,-15.7254323909402,-4.00000000000001));
#5793=CARTESIAN_POINT('',(-9.58179316856615,-14.4459970834251,-4.00000000000001));
#5794=CARTESIAN_POINT('',(-8.04457317979301,-13.16656177591,-4.00000000000001));
#5795=CARTESIAN_POINT('',(-8.04457317979301,-13.16656177591,-2.));
#5796=CARTESIAN_POINT('',(-24.0875701302911,-10.4792077226824,-2.));
#5797=CARTESIAN_POINT('',(-24.0875701302911,-4.4792077226824,-2.));
#5798=CARTESIAN_POINT('',(-18.0875701302911,-4.4792077226824,-2.));
#5799=CARTESIAN_POINT('',(-12.0875701302911,-4.4792077226824,-2.));
#5800=CARTESIAN_POINT('',(-12.0875701302911,-10.4792077226824,-2.));
#5801=CARTESIAN_POINT('',(-12.0875701302911,-16.4792077226824,-2.));
#5802=CARTESIAN_POINT('',(-18.0875701302911,-16.4792077226824,-2.));
#5803=CARTESIAN_POINT('',(-24.0875701302911,-16.4792077226824,-2.));
#5804=CARTESIAN_POINT('',(-24.0875701302911,-10.4792077226824,-2.));
#5805=CARTESIAN_POINT('',(-24.0875701302911,-10.4792077226824,-4.));
#5806=CARTESIAN_POINT('',(-24.0875701302911,-4.4792077226824,-4.));
#5807=CARTESIAN_POINT('',(-18.0875701302911,-4.4792077226824,-4.));
#5808=CARTESIAN_POINT('',(-12.0875701302911,-4.4792077226824,-4.));
#5809=CARTESIAN_POINT('',(-12.0875701302911,-10.4792077226824,-4.));
#5810=CARTESIAN_POINT('',(-12.0875701302911,-16.4792077226824,-4.));
#5811=CARTESIAN_POINT('',(-18.0875701302911,-16.4792077226824,-4.));
#5812=CARTESIAN_POINT('',(-24.0875701302911,-16.4792077226824,-4.));
#5813=CARTESIAN_POINT('',(-24.0875701302911,-10.4792077226824,-4.));
#5814=CARTESIAN_POINT('',(-22.0875701302911,-10.4792077226824,-4.));
#5815=CARTESIAN_POINT('',(-22.0875701302911,-6.4792077226824,-4.));
#5816=CARTESIAN_POINT('',(-18.0875701302911,-6.4792077226824,-4.));
#5817=CARTESIAN_POINT('',(-14.0875701302911,-6.4792077226824,-4.));
#5818=CARTESIAN_POINT('',(-14.0875701302911,-10.4792077226824,-4.));
#5819=CARTESIAN_POINT('',(-14.0875701302911,-14.4792077226824,-4.));
#5820=CARTESIAN_POINT('',(-18.0875701302911,-14.4792077226824,-4.));
#5821=CARTESIAN_POINT('',(-22.0875701302911,-14.4792077226824,-4.));
#5822=CARTESIAN_POINT('',(-22.0875701302911,-10.4792077226824,-4.));
#5823=CARTESIAN_POINT('',(-20.0875701302911,-10.4792077226824,-4.));
#5824=CARTESIAN_POINT('',(-20.0875701302911,-8.4792077226824,-4.));
#5825=CARTESIAN_POINT('',(-18.0875701302911,-8.4792077226824,-4.));
#5826=CARTESIAN_POINT('',(-16.0875701302911,-8.4792077226824,-4.));
#5827=CARTESIAN_POINT('',(-16.0875701302911,-10.4792077226824,-4.));
#5828=CARTESIAN_POINT('',(-16.0875701302911,-12.4792077226824,-4.));
#5829=CARTESIAN_POINT('',(-18.0875701302911,-12.4792077226824,-4.));
#5830=CARTESIAN_POINT('',(-20.0875701302911,-12.4792077226824,-4.));
#5831=CARTESIAN_POINT('',(-20.0875701302911,-10.4792077226824,-4.));
#5832=CARTESIAN_POINT('',(-20.0875701302911,-10.4792077226824,-2.));
#5833=CARTESIAN_POINT('',(-20.0875701302911,-8.4792077226824,-2.));
#5834=CARTESIAN_POINT('',(-18.0875701302911,-8.4792077226824,-2.));
#5835=CARTESIAN_POINT('',(-16.0875701302911,-8.4792077226824,-2.));
#5836=CARTESIAN_POINT('',(-16.0875701302911,-10.4792077226824,-2.));
#5837=CARTESIAN_POINT('',(-16.0875701302911,-12.4792077226824,-2.));
#5838=CARTESIAN_POINT('',(-18.0875701302911,-12.4792077226824,-2.));
#5839=CARTESIAN_POINT('',(-20.0875701302911,-12.4792077226824,-2.));
#5840=CARTESIAN_POINT('',(-20.0875701302911,-10.4792077226824,-2.));
#5841=CARTESIAN_POINT('',(-20.0875701302911,-10.4792077226824,0.));
#5842=CARTESIAN_POINT('',(-20.0875701302911,-8.4792077226824,0.));
#5843=CARTESIAN_POINT('',(-18.0875701302911,-8.4792077226824,0.));
#5844=CARTESIAN_POINT('',(-16.0875701302911,-8.4792077226824,0.));
#5845=CARTESIAN_POINT('',(-16.0875701302911,-10.4792077226824,0.));
#5846=CARTESIAN_POINT('',(-16.0875701302911,-12.4792077226824,0.));
#5847=CARTESIAN_POINT('',(-18.0875701302911,-12.4792077226824,0.));
#5848=CARTESIAN_POINT('',(-20.0875701302911,-12.4792077226824,0.));
#5849=CARTESIAN_POINT('',(-20.0875701302911,-10.4792077226824,0.));
#5850=CARTESIAN_POINT('',(-22.0875701302911,-10.4792077226824,0.));
#5851=CARTESIAN_POINT('',(-22.0875701302911,-6.4792077226824,0.));
#5852=CARTESIAN_POINT('',(-18.0875701302911,-6.4792077226824,0.));
#5853=CARTESIAN_POINT('',(-14.0875701302911,-6.4792077226824,0.));
#5854=CARTESIAN_POINT('',(-14.0875701302911,-10.4792077226824,0.));
#5855=CARTESIAN_POINT('',(-14.0875701302911,-14.4792077226824,0.));
#5856=CARTESIAN_POINT('',(-18.0875701302911,-14.4792077226824,0.));
#5857=CARTESIAN_POINT('',(-22.0875701302911,-14.4792077226824,0.));
#5858=CARTESIAN_POINT('',(-22.0875701302911,-10.4792077226824,0.));
#5859=CARTESIAN_POINT('',(-24.0875701302911,-10.4792077226824,0.));
#5860=CARTESIAN_POINT('',(-24.0875701302911,-4.4792077226824,0.));
#5861=CARTESIAN_POINT('',(-18.0875701302911,-4.4792077226824,0.));
#5862=CARTESIAN_POINT('',(-12.0875701302911,-4.4792077226824,0.));
#5863=CARTESIAN_POINT('',(-12.0875701302911,-10.4792077226824,0.));
#5864=CARTESIAN_POINT('',(-12.0875701302911,-16.4792077226824,0.));
#5865=CARTESIAN_POINT('',(-18.0875701302911,-16.4792077226824,0.));
#5866=CARTESIAN_POINT('',(-24.0875701302911,-16.4792077226824,0.));
#5867=CARTESIAN_POINT('',(-24.0875701302911,-10.4792077226824,0.));
#5868=CARTESIAN_POINT('',(-24.0875701302911,-10.4792077226824,-2.));
#5869=CARTESIAN_POINT('',(-24.0875701302911,-4.4792077226824,-2.));
#5870=CARTESIAN_POINT('',(-18.0875701302911,-4.4792077226824,-2.));
#5871=CARTESIAN_POINT('',(-12.0875701302911,-4.4792077226824,-2.));
#5872=CARTESIAN_POINT('',(-12.0875701302911,-10.4792077226824,-2.));
#5873=CARTESIAN_POINT('',(-12.0875701302911,-16.4792077226824,-2.));
#5874=CARTESIAN_POINT('',(-18.0875701302911,-16.4792077226824,-2.));
#5875=CARTESIAN_POINT('',(-24.0875701302911,-16.4792077226824,-2.));
#5876=CARTESIAN_POINT('',(-24.0875701302911,-10.4792077226824,-2.));
#5877=CARTESIAN_POINT('',(5.5317615119095,-25.3279698618753,-2.));
#5878=CARTESIAN_POINT('',(7.41049840979849,-31.0262457123858,-2.));
#5879=CARTESIAN_POINT('',(1.71222255928805,-32.9049826102747,-2.));
#5880=CARTESIAN_POINT('',(-3.98605329122239,-34.7837195081637,-2.));
#5881=CARTESIAN_POINT('',(-5.86479018911137,-29.0854436576533,-2.));
#5882=CARTESIAN_POINT('',(-7.74352708700036,-23.3871678071428,-2.));
#5883=CARTESIAN_POINT('',(-2.04525123648992,-21.5084309092539,-2.));
#5884=CARTESIAN_POINT('',(3.65302461402052,-19.6296940113649,-2.));
#5885=CARTESIAN_POINT('',(5.5317615119095,-25.3279698618753,-2.));
#5886=CARTESIAN_POINT('',(5.5317615119095,-25.3279698618753,-4.));
#5887=CARTESIAN_POINT('',(7.41049840979849,-31.0262457123858,-4.));
#5888=CARTESIAN_POINT('',(1.71222255928805,-32.9049826102747,-4.));
#5889=CARTESIAN_POINT('',(-3.98605329122239,-34.7837195081637,-4.));
#5890=CARTESIAN_POINT('',(-5.86479018911137,-29.0854436576533,-4.));
#5891=CARTESIAN_POINT('',(-7.74352708700036,-23.3871678071428,-4.));
#5892=CARTESIAN_POINT('',(-2.04525123648992,-21.5084309092539,-4.));
#5893=CARTESIAN_POINT('',(3.65302461402052,-19.6296940113649,-4.));
#5894=CARTESIAN_POINT('',(5.5317615119095,-25.3279698618753,-4.));
#5895=CARTESIAN_POINT('',(3.63233622840602,-25.954215494505,-4.));
#5896=CARTESIAN_POINT('',(4.88482749366535,-29.7530660615119,-4.));
#5897=CARTESIAN_POINT('',(1.08597692665839,-31.0055573267713,-4.));
#5898=CARTESIAN_POINT('',(-2.71287364034857,-32.2580485920306,-4.));
#5899=CARTESIAN_POINT('',(-3.96536490560789,-28.4591980250236,-4.));
#5900=CARTESIAN_POINT('',(-5.21785617086722,-24.6603474580167,-4.));
#5901=CARTESIAN_POINT('',(-1.41900560386026,-23.4078561927573,-4.));
#5902=CARTESIAN_POINT('',(2.3798449631467,-22.155364927498,-4.));
#5903=CARTESIAN_POINT('',(3.63233622840602,-25.954215494505,-4.));
#5904=CARTESIAN_POINT('',(1.73291094490255,-26.5804611271346,-4.));
#5905=CARTESIAN_POINT('',(2.35915657753221,-28.4798864106381,-4.));
#5906=CARTESIAN_POINT('',(0.459731294028727,-29.1061320432678,-4.));
#5907=CARTESIAN_POINT('',(-1.43969398947475,-29.7323776758974,-4.));
#5908=CARTESIAN_POINT('',(-2.06593962210442,-27.832952392394,-4.));
#5909=CARTESIAN_POINT('',(-2.69218525473408,-25.9335271088905,-4.));
#5910=CARTESIAN_POINT('',(-0.792759971230597,-25.3072814762608,-4.));
#5911=CARTESIAN_POINT('',(1.10666531227288,-24.6810358436312,-4.));
#5912=CARTESIAN_POINT('',(1.73291094490255,-26.5804611271346,-4.));
#5913=CARTESIAN_POINT('',(1.73291094490254,-26.5804611271346,-2.));
#5914=CARTESIAN_POINT('',(2.35915657753221,-28.4798864106381,-2.));
#5915=CARTESIAN_POINT('',(0.459731294028727,-29.1061320432678,-2.));
#5916=CARTESIAN_POINT('',(-1.43969398947475,-29.7323776758974,-2.));
#5917=CARTESIAN_POINT('',(-2.06593962210441,-27.832952392394,-2.));
#5918=CARTESIAN_POINT('',(-2.69218525473408,-25.9335271088905,-2.));
#5919=CARTESIAN_POINT('',(-0.792759971230597,-25.3072814762608,-2.));
#5920=CARTESIAN_POINT('',(1.10666531227288,-24.6810358436312,-2.));
#5921=CARTESIAN_POINT('',(1.73291094490254,-26.5804611271346,-2.));
#5922=CARTESIAN_POINT('',(1.73291094490254,-26.5804611271346,0.));
#5923=CARTESIAN_POINT('',(2.35915657753221,-28.4798864106381,0.));
#5924=CARTESIAN_POINT('',(0.459731294028727,-29.1061320432678,0.));
#5925=CARTESIAN_POINT('',(-1.43969398947475,-29.7323776758974,0.));
#5926=CARTESIAN_POINT('',(-2.06593962210441,-27.832952392394,0.));
#5927=CARTESIAN_POINT('',(-2.69218525473408,-25.9335271088905,0.));
#5928=CARTESIAN_POINT('',(-0.792759971230597,-25.3072814762608,0.));
#5929=CARTESIAN_POINT('',(1.10666531227288,-24.6810358436312,0.));
#5930=CARTESIAN_POINT('',(1.73291094490254,-26.5804611271346,0.));
#5931=CARTESIAN_POINT('',(3.63233622840602,-25.954215494505,0.));
#5932=CARTESIAN_POINT('',(4.88482749366535,-29.7530660615119,0.));
#5933=CARTESIAN_POINT('',(1.08597692665839,-31.0055573267713,0.));
#5934=CARTESIAN_POINT('',(-2.71287364034857,-32.2580485920306,0.));
#5935=CARTESIAN_POINT('',(-3.96536490560789,-28.4591980250236,0.));
#5936=CARTESIAN_POINT('',(-5.21785617086722,-24.6603474580167,0.));
#5937=CARTESIAN_POINT('',(-1.41900560386026,-23.4078561927573,0.));
#5938=CARTESIAN_POINT('',(2.3798449631467,-22.155364927498,0.));
#5939=CARTESIAN_POINT('',(3.63233622840602,-25.954215494505,0.));
#5940=CARTESIAN_POINT('',(5.5317615119095,-25.3279698618753,0.));
#5941=CARTESIAN_POINT('',(7.41049840979849,-31.0262457123858,0.));
#5942=CARTESIAN_POINT('',(1.71222255928805,-32.9049826102747,0.));
#5943=CARTESIAN_POINT('',(-3.98605329122239,-34.7837195081637,0.));
#5944=CARTESIAN_POINT('',(-5.86479018911137,-29.0854436576533,0.));
#5945=CARTESIAN_POINT('',(-7.74352708700036,-23.3871678071428,0.));
#5946=CARTESIAN_POINT('',(-2.04525123648992,-21.5084309092539,0.));
#5947=CARTESIAN_POINT('',(3.65302461402052,-19.6296940113649,0.));
#5948=CARTESIAN_POINT('',(5.5317615119095,-25.3279698618753,0.));
#5949=CARTESIAN_POINT('',(5.5317615119095,-25.3279698618753,-2.));
#5950=CARTESIAN_POINT('',(7.41049840979849,-31.0262457123858,-2.));
#5951=CARTESIAN_POINT('',(1.71222255928805,-32.9049826102747,-2.));
#5952=CARTESIAN_POINT('',(-3.98605329122239,-34.7837195081637,-2.));
#5953=CARTESIAN_POINT('',(-5.86479018911137,-29.0854436576533,-2.));
#5954=CARTESIAN_POINT('',(-7.74352708700036,-23.3871678071428,-2.));
#5955=CARTESIAN_POINT('',(-2.04525123648992,-21.5084309092539,-2.));
#5956=CARTESIAN_POINT('',(3.65302461402052,-19.6296940113649,-2.));
#5957=CARTESIAN_POINT('',(5.5317615119095,-25.3279698618753,-2.));
#5958=CARTESIAN_POINT('',(5.5317615119095,-25.3279698618753,-2.));
#5959=CARTESIAN_POINT('',(7.41049840979849,-31.0262457123858,-2.));
#5960=CARTESIAN_POINT('',(1.71222255928805,-32.9049826102747,-2.));
#5961=CARTESIAN_POINT('',(-3.98605329122239,-34.7837195081637,-2.));
#5962=CARTESIAN_POINT('',(-5.86479018911137,-29.0854436576533,-2.));
#5963=CARTESIAN_POINT('',(-7.74352708700036,-23.3871678071428,-2.));
#5964=CARTESIAN_POINT('',(-2.04525123648992,-21.5084309092539,-2.));
#5965=CARTESIAN_POINT('',(3.65302461402052,-19.6296940113649,-2.));
#5966=CARTESIAN_POINT('',(5.5317615119095,-25.3279698618753,-2.));
#5967=CARTESIAN_POINT('',(5.5317615119095,-25.3279698618753,-4.));
#5968=CARTESIAN_POINT('',(7.41049840979849,-31.0262457123858,-4.));
#5969=CARTESIAN_POINT('',(1.71222255928805,-32.9049826102747,-4.));
#5970=CARTESIAN_POINT('',(-3.98605329122239,-34.7837195081637,-4.));
#5971=CARTESIAN_POINT('',(-5.86479018911137,-29.0854436576533,-4.));
#5972=CARTESIAN_POINT('',(-7.74352708700036,-23.3871678071428,-4.));
#5973=CARTESIAN_POINT('',(-2.04525123648992,-21.5084309092539,-4.));
#5974=CARTESIAN_POINT('',(3.65302461402052,-19.6296940113649,-4.));
#5975=CARTESIAN_POINT('',(5.5317615119095,-25.3279698618753,-4.));
#5976=CARTESIAN_POINT('',(3.63233622840602,-25.954215494505,-4.));
#5977=CARTESIAN_POINT('',(4.88482749366535,-29.7530660615119,-4.));
#5978=CARTESIAN_POINT('',(1.08597692665839,-31.0055573267713,-4.));
#5979=CARTESIAN_POINT('',(-2.71287364034857,-32.2580485920306,-4.));
#5980=CARTESIAN_POINT('',(-3.96536490560789,-28.4591980250236,-4.));
#5981=CARTESIAN_POINT('',(-5.21785617086722,-24.6603474580167,-4.));
#5982=CARTESIAN_POINT('',(-1.41900560386026,-23.4078561927573,-4.));
#5983=CARTESIAN_POINT('',(2.3798449631467,-22.155364927498,-4.));
#5984=CARTESIAN_POINT('',(3.63233622840602,-25.954215494505,-4.));
#5985=CARTESIAN_POINT('',(1.73291094490255,-26.5804611271346,-4.));
#5986=CARTESIAN_POINT('',(2.35915657753221,-28.4798864106381,-4.));
#5987=CARTESIAN_POINT('',(0.459731294028727,-29.1061320432678,-4.));
#5988=CARTESIAN_POINT('',(-1.43969398947475,-29.7323776758974,-4.));
#5989=CARTESIAN_POINT('',(-2.06593962210442,-27.832952392394,-4.));
#5990=CARTESIAN_POINT('',(-2.69218525473408,-25.9335271088905,-4.));
#5991=CARTESIAN_POINT('',(-0.792759971230597,-25.3072814762608,-4.));
#5992=CARTESIAN_POINT('',(1.10666531227288,-24.6810358436312,-4.));
#5993=CARTESIAN_POINT('',(1.73291094490255,-26.5804611271346,-4.));
#5994=CARTESIAN_POINT('',(1.73291094490254,-26.5804611271346,-2.));
#5995=CARTESIAN_POINT('',(2.35915657753221,-28.4798864106381,-2.));
#5996=CARTESIAN_POINT('',(0.459731294028727,-29.1061320432678,-2.));
#5997=CARTESIAN_POINT('',(-1.43969398947475,-29.7323776758974,-2.));
#5998=CARTESIAN_POINT('',(-2.06593962210441,-27.832952392394,-2.));
#5999=CARTESIAN_POINT('',(-2.69218525473408,-25.9335271088905,-2.));
#6000=CARTESIAN_POINT('',(-0.792759971230597,-25.3072814762608,-2.));
#6001=CARTESIAN_POINT('',(1.10666531227288,-24.6810358436312,-2.));
#6002=CARTESIAN_POINT('',(1.73291094490254,-26.5804611271346,-2.));
#6003=CARTESIAN_POINT('',(1.73291094490254,-26.5804611271346,0.));
#6004=CARTESIAN_POINT('',(2.35915657753221,-28.4798864106381,0.));
#6005=CARTESIAN_POINT('',(0.459731294028727,-29.1061320432678,0.));
#6006=CARTESIAN_POINT('',(-1.43969398947475,-29.7323776758974,0.));
#6007=CARTESIAN_POINT('',(-2.06593962210441,-27.832952392394,0.));
#6008=CARTESIAN_POINT('',(-2.69218525473408,-25.9335271088905,0.));
#6009=CARTESIAN_POINT('',(-0.792759971230597,-25.3072814762608,0.));
#6010=CARTESIAN_POINT('',(1.10666531227288,-24.6810358436312,0.));
#6011=CARTESIAN_POINT('',(1.73291094490254,-26.5804611271346,0.));
#6012=CARTESIAN_POINT('',(3.63233622840602,-25.954215494505,0.));
#6013=CARTESIAN_POINT('',(4.88482749366535,-29.7530660615119,0.));
#6014=CARTESIAN_POINT('',(1.08597692665839,-31.0055573267713,0.));
#6015=CARTESIAN_POINT('',(-2.71287364034857,-32.2580485920306,0.));
#6016=CARTESIAN_POINT('',(-3.96536490560789,-28.4591980250236,0.));
#6017=CARTESIAN_POINT('',(-5.21785617086722,-24.6603474580167,0.));
#6018=CARTESIAN_POINT('',(-1.41900560386026,-23.4078561927573,0.));
#6019=CARTESIAN_POINT('',(2.3798449631467,-22.155364927498,0.));
#6020=CARTESIAN_POINT('',(3.63233622840602,-25.954215494505,0.));
#6021=CARTESIAN_POINT('',(5.5317615119095,-25.3279698618753,0.));
#6022=CARTESIAN_POINT('',(7.41049840979849,-31.0262457123858,0.));
#6023=CARTESIAN_POINT('',(1.71222255928805,-32.9049826102747,0.));
#6024=CARTESIAN_POINT('',(-3.98605329122239,-34.7837195081637,0.));
#6025=CARTESIAN_POINT('',(-5.86479018911137,-29.0854436576533,0.));
#6026=CARTESIAN_POINT('',(-7.74352708700036,-23.3871678071428,0.));
#6027=CARTESIAN_POINT('',(-2.04525123648992,-21.5084309092539,0.));
#6028=CARTESIAN_POINT('',(3.65302461402052,-19.6296940113649,0.));
#6029=CARTESIAN_POINT('',(5.5317615119095,-25.3279698618753,0.));
#6030=CARTESIAN_POINT('',(5.5317615119095,-25.3279698618753,-2.));
#6031=CARTESIAN_POINT('',(7.41049840979849,-31.0262457123858,-2.));
#6032=CARTESIAN_POINT('',(1.71222255928805,-32.9049826102747,-2.));
#6033=CARTESIAN_POINT('',(-3.98605329122239,-34.7837195081637,-2.));
#6034=CARTESIAN_POINT('',(-5.86479018911137,-29.0854436576533,-2.));
#6035=CARTESIAN_POINT('',(-7.74352708700036,-23.3871678071428,-2.));
#6036=CARTESIAN_POINT('',(-2.04525123648992,-21.5084309092539,-2.));
#6037=CARTESIAN_POINT('',(3.65302461402052,-19.6296940113649,-2.));
#6038=CARTESIAN_POINT('',(5.5317615119095,-25.3279698618753,-2.));
#6039=CARTESIAN_POINT('',(-0.517320159301244,-19.9940644163264,-2.));
#6040=CARTESIAN_POINT('',(-0.517320159301245,-19.9940644163264,0.));
#6041=CARTESIAN_POINT('',(-1.54814856294208,-21.7079467933428,0.));
#6042=CARTESIAN_POINT('',(-2.57897696658292,-23.4218291703592,0.));
#6043=CARTESIAN_POINT('',(-2.57897696658292,-23.4218291703591,-2.));
#6044=CARTESIAN_POINT('',(-2.57897696658292,-23.4218291703592,-4.));
#6045=CARTESIAN_POINT('',(-1.54814856294208,-21.7079467933428,-4.));
#6046=CARTESIAN_POINT('',(-0.517320159301244,-19.9940644163264,-4.));
#6047=CARTESIAN_POINT('',(-0.517320159301244,-19.9940644163264,-2.));
#6048=CARTESIAN_POINT('',(4.1930952598066,-22.8271818297962,-2.));
#6049=CARTESIAN_POINT('',(4.1930952598066,-22.8271818297962,0.));
#6050=CARTESIAN_POINT('',(3.16226685616576,-24.5410642068126,0.));
#6051=CARTESIAN_POINT('',(2.13143845252492,-26.254946583829,0.));
#6052=CARTESIAN_POINT('',(2.13143845252492,-26.254946583829,-2.));
#6053=CARTESIAN_POINT('',(2.13143845252492,-26.254946583829,-4.));
#6054=CARTESIAN_POINT('',(3.16226685616576,-24.5410642068126,-4.));
#6055=CARTESIAN_POINT('',(4.1930952598066,-22.8271818297962,-4.));
#6056=CARTESIAN_POINT('',(4.1930952598066,-22.8271818297962,-2.));
#6057=CARTESIAN_POINT('',(-8.34268098273871,-25.8978337484564,-2.));
#6058=CARTESIAN_POINT('',(-8.34268098273871,-19.8978337484564,-2.));
#6059=CARTESIAN_POINT('',(-2.34268098273871,-19.8978337484564,-2.));
#6060=CARTESIAN_POINT('',(3.65731901726129,-19.8978337484564,-2.));
#6061=CARTESIAN_POINT('',(3.65731901726129,-25.8978337484564,-2.));
#6062=CARTESIAN_POINT('',(3.65731901726129,-31.8978337484564,-2.));
#6063=CARTESIAN_POINT('',(-2.34268098273871,-31.8978337484564,-2.));
#6064=CARTESIAN_POINT('',(-8.34268098273871,-31.8978337484564,-2.));
#6065=CARTESIAN_POINT('',(-8.34268098273871,-25.8978337484564,-2.));
#6066=CARTESIAN_POINT('',(-8.34268098273871,-25.8978337484564,-4.));
#6067=CARTESIAN_POINT('',(-8.34268098273871,-19.8978337484564,-4.));
#6068=CARTESIAN_POINT('',(-2.34268098273871,-19.8978337484564,-4.));
#6069=CARTESIAN_POINT('',(3.65731901726129,-19.8978337484564,-4.));
#6070=CARTESIAN_POINT('',(3.65731901726129,-25.8978337484564,-4.));
#6071=CARTESIAN_POINT('',(3.65731901726129,-31.8978337484564,-4.));
#6072=CARTESIAN_POINT('',(-2.34268098273871,-31.8978337484564,-4.));
#6073=CARTESIAN_POINT('',(-8.34268098273871,-31.8978337484564,-4.));
#6074=CARTESIAN_POINT('',(-8.34268098273871,-25.8978337484564,-4.));
#6075=CARTESIAN_POINT('',(-6.34268098273871,-25.8978337484564,-4.));
#6076=CARTESIAN_POINT('',(-6.34268098273871,-21.8978337484564,-4.));
#6077=CARTESIAN_POINT('',(-2.34268098273871,-21.8978337484564,-4.));
#6078=CARTESIAN_POINT('',(1.65731901726129,-21.8978337484564,-4.));
#6079=CARTESIAN_POINT('',(1.65731901726129,-25.8978337484564,-4.));
#6080=CARTESIAN_POINT('',(1.65731901726129,-29.8978337484564,-4.));
#6081=CARTESIAN_POINT('',(-2.34268098273871,-29.8978337484564,-4.));
#6082=CARTESIAN_POINT('',(-6.34268098273871,-29.8978337484564,-4.));
#6083=CARTESIAN_POINT('',(-6.34268098273871,-25.8978337484564,-4.));
#6084=CARTESIAN_POINT('',(-4.34268098273871,-25.8978337484564,-4.));
#6085=CARTESIAN_POINT('',(-4.34268098273871,-23.8978337484564,-4.));
#6086=CARTESIAN_POINT('',(-2.34268098273871,-23.8978337484564,-4.));
#6087=CARTESIAN_POINT('',(-0.342680982738711,-23.8978337484564,-4.));
#6088=CARTESIAN_POINT('',(-0.342680982738711,-25.8978337484564,-4.));
#6089=CARTESIAN_POINT('',(-0.342680982738711,-27.8978337484564,-4.));
#6090=CARTESIAN_POINT('',(-2.34268098273871,-27.8978337484564,-4.));
#6091=CARTESIAN_POINT('',(-4.34268098273871,-27.8978337484564,-4.));
#6092=CARTESIAN_POINT('',(-4.34268098273871,-25.8978337484564,-4.));
#6093=CARTESIAN_POINT('',(-4.34268098273871,-25.8978337484564,-2.));
#6094=CARTESIAN_POINT('',(-4.34268098273871,-23.8978337484564,-2.));
#6095=CARTESIAN_POINT('',(-2.34268098273871,-23.8978337484564,-2.));
#6096=CARTESIAN_POINT('',(-0.342680982738711,-23.8978337484564,-2.));
#6097=CARTESIAN_POINT('',(-0.342680982738711,-25.8978337484564,-2.));
#6098=CARTESIAN_POINT('',(-0.342680982738711,-27.8978337484564,-2.));
#6099=CARTESIAN_POINT('',(-2.34268098273871,-27.8978337484564,-2.));
#6100=CARTESIAN_POINT('',(-4.34268098273871,-27.8978337484564,-2.));
#6101=CARTESIAN_POINT('',(-4.34268098273871,-25.8978337484564,-2.));
#6102=CARTESIAN_POINT('',(-4.34268098273871,-25.8978337484564,0.));
#6103=CARTESIAN_POINT('',(-4.34268098273871,-23.8978337484564,0.));
#6104=CARTESIAN_POINT('',(-2.34268098273871,-23.8978337484564,0.));
#6105=CARTESIAN_POINT('',(-0.342680982738712,-23.8978337484564,0.));
#6106=CARTESIAN_POINT('',(-0.342680982738711,-25.8978337484564,0.));
#6107=CARTESIAN_POINT('',(-0.342680982738711,-27.8978337484564,0.));
#6108=CARTESIAN_POINT('',(-2.34268098273871,-27.8978337484564,0.));
#6109=CARTESIAN_POINT('',(-4.34268098273871,-27.8978337484564,0.));
#6110=CARTESIAN_POINT('',(-4.34268098273871,-25.8978337484564,0.));
#6111=CARTESIAN_POINT('',(-6.34268098273871,-25.8978337484564,0.));
#6112=CARTESIAN_POINT('',(-6.34268098273871,-21.8978337484564,0.));
#6113=CARTESIAN_POINT('',(-2.34268098273871,-21.8978337484564,0.));
#6114=CARTESIAN_POINT('',(1.65731901726129,-21.8978337484564,0.));
#6115=CARTESIAN_POINT('',(1.65731901726129,-25.8978337484564,0.));
#6116=CARTESIAN_POINT('',(1.65731901726129,-29.8978337484564,0.));
#6117=CARTESIAN_POINT('',(-2.34268098273871,-29.8978337484564,0.));
#6118=CARTESIAN_POINT('',(-6.34268098273871,-29.8978337484564,0.));
#6119=CARTESIAN_POINT('',(-6.34268098273871,-25.8978337484564,0.));
#6120=CARTESIAN_POINT('',(-8.34268098273871,-25.8978337484564,0.));
#6121=CARTESIAN_POINT('',(-8.34268098273871,-19.8978337484564,0.));
#6122=CARTESIAN_POINT('',(-2.34268098273871,-19.8978337484564,0.));
#6123=CARTESIAN_POINT('',(3.65731901726129,-19.8978337484564,0.));
#6124=CARTESIAN_POINT('',(3.65731901726129,-25.8978337484564,0.));
#6125=CARTESIAN_POINT('',(3.65731901726129,-31.8978337484564,0.));
#6126=CARTESIAN_POINT('',(-2.34268098273871,-31.8978337484564,0.));
#6127=CARTESIAN_POINT('',(-8.34268098273871,-31.8978337484564,0.));
#6128=CARTESIAN_POINT('',(-8.34268098273871,-25.8978337484564,0.));
#6129=CARTESIAN_POINT('',(-8.34268098273871,-25.8978337484564,-2.));
#6130=CARTESIAN_POINT('',(-8.34268098273871,-19.8978337484564,-2.));
#6131=CARTESIAN_POINT('',(-2.34268098273871,-19.8978337484564,-2.));
#6132=CARTESIAN_POINT('',(3.65731901726129,-19.8978337484564,-2.));
#6133=CARTESIAN_POINT('',(3.65731901726129,-25.8978337484564,-2.));
#6134=CARTESIAN_POINT('',(3.65731901726129,-31.8978337484564,-2.));
#6135=CARTESIAN_POINT('',(-2.34268098273871,-31.8978337484564,-2.));
#6136=CARTESIAN_POINT('',(-8.34268098273871,-31.8978337484564,-2.));
#6137=CARTESIAN_POINT('',(-8.34268098273871,-25.8978337484564,-2.));
#6138=CARTESIAN_POINT('',(-21.958598624265,-34.9265960109089,9.5));
#6139=CARTESIAN_POINT('',(-21.958598624265,12.0115087296782,9.5));
#6140=CARTESIAN_POINT('',(11.5348970788516,-34.9265960109089,9.5));
#6141=CARTESIAN_POINT('',(11.5348970788516,12.0115087296782,9.5));
#6142=CARTESIAN_POINT('',(-3.54360589807919,-17.1626848709383,7.5));
#6143=CARTESIAN_POINT('',(-3.54360589807919,-17.1626848709383,5.5));
#6144=CARTESIAN_POINT('',(-5.00751333100263,-18.5253935807628,5.5));
#6145=CARTESIAN_POINT('',(-6.47142076392606,-19.8881022905872,5.5));
#6146=CARTESIAN_POINT('',(-6.47142076392606,-19.8881022905872,7.5));
#6147=CARTESIAN_POINT('',(-6.47142076392606,-19.8881022905872,9.5));
#6148=CARTESIAN_POINT('',(-5.00751333100263,-18.5253935807628,9.5));
#6149=CARTESIAN_POINT('',(-3.54360589807919,-17.1626848709383,9.5));
#6150=CARTESIAN_POINT('',(-3.54360589807919,-17.1626848709383,7.5));
#6151=CARTESIAN_POINT('',(4.63264636086774,-25.9461294684789,7.5));
#6152=CARTESIAN_POINT('',(4.63264636086774,-25.9461294684789,5.5));
#6153=CARTESIAN_POINT('',(1.80603021811982,-25.8449307453799,5.5));
#6154=CARTESIAN_POINT('',(-1.0205859246281,-25.743732022281,5.5));
#6155=CARTESIAN_POINT('',(-1.02058592462811,-25.743732022281,7.5));
#6156=CARTESIAN_POINT('',(-1.0205859246281,-25.743732022281,9.5));
#6157=CARTESIAN_POINT('',(1.80603021811982,-25.8449307453799,9.5));
#6158=CARTESIAN_POINT('',(4.63264636086774,-25.9461294684789,9.5));
#6159=CARTESIAN_POINT('',(4.63264636086774,-25.9461294684789,7.5));
#6160=CARTESIAN_POINT('',(-4.15079823667287,-34.1223817274258,7.5));
#6161=CARTESIAN_POINT('',(-4.15079823667287,-34.1223817274258,5.5));
#6162=CARTESIAN_POINT('',(-5.51350694649736,-32.6584742945024,5.5));
#6163=CARTESIAN_POINT('',(-6.87621565632184,-31.1945668615789,5.5));
#6164=CARTESIAN_POINT('',(-6.87621565632185,-31.1945668615789,7.5));
#6165=CARTESIAN_POINT('',(-6.87621565632184,-31.1945668615789,9.5));
#6166=CARTESIAN_POINT('',(-5.51350694649736,-32.6584742945024,9.5));
#6167=CARTESIAN_POINT('',(-4.15079823667287,-34.1223817274258,9.5));
#6168=CARTESIAN_POINT('',(-4.15079823667287,-34.1223817274258,7.5));
#6169=CARTESIAN_POINT('',(-12.9342428342135,-42.2986339863727,7.5));
#6170=CARTESIAN_POINT('',(-12.9342428342135,-42.2986339863727,5.5));
#6171=CARTESIAN_POINT('',(-12.8330441111145,-39.4720178436248,5.5));
#6172=CARTESIAN_POINT('',(-12.7318453880156,-36.6454017008769,5.5));
#6173=CARTESIAN_POINT('',(-12.7318453880156,-36.6454017008769,7.5));
#6174=CARTESIAN_POINT('',(-12.7318453880156,-36.6454017008769,9.5));
#6175=CARTESIAN_POINT('',(-12.8330441111145,-39.4720178436248,9.5));
#6176=CARTESIAN_POINT('',(-12.9342428342135,-42.2986339863727,9.5));
#6177=CARTESIAN_POINT('',(-12.9342428342135,-42.2986339863727,7.5));
#6178=CARTESIAN_POINT('',(-21.1104950931604,-33.5151893888321,7.5));
#6179=CARTESIAN_POINT('',(-21.1104950931604,-33.5151893888321,5.5));
#6180=CARTESIAN_POINT('',(-19.646587660237,-32.1524806790076,5.5));
#6181=CARTESIAN_POINT('',(-18.1826802273135,-30.7897719691832,5.5));
#6182=CARTESIAN_POINT('',(-18.1826802273135,-30.7897719691832,7.5));
#6183=CARTESIAN_POINT('',(-18.1826802273135,-30.7897719691832,9.5));
#6184=CARTESIAN_POINT('',(-19.646587660237,-32.1524806790076,9.5));
#6185=CARTESIAN_POINT('',(-21.1104950931604,-33.5151893888321,9.5));
#6186=CARTESIAN_POINT('',(-21.1104950931604,-33.5151893888321,7.5));
#6187=CARTESIAN_POINT('',(-29.2867473521073,-24.7317447912915,7.5));
#6188=CARTESIAN_POINT('',(-29.2867473521073,-24.7317447912915,5.5));
#6189=CARTESIAN_POINT('',(-26.4601312093594,-24.8329435143905,5.5));
#6190=CARTESIAN_POINT('',(-23.6335150666115,-24.9341422374894,5.5));
#6191=CARTESIAN_POINT('',(-23.6335150666115,-24.9341422374894,7.5));
#6192=CARTESIAN_POINT('',(-23.6335150666115,-24.9341422374894,9.5));
#6193=CARTESIAN_POINT('',(-26.4601312093594,-24.8329435143905,9.5));
#6194=CARTESIAN_POINT('',(-29.2867473521073,-24.7317447912915,9.5));
#6195=CARTESIAN_POINT('',(-29.2867473521073,-24.7317447912915,7.5));
#6196=CARTESIAN_POINT('',(-20.5033027545667,-16.5554925323446,7.5));
#6197=CARTESIAN_POINT('',(-20.5033027545667,-16.5554925323446,5.5));
#6198=CARTESIAN_POINT('',(-19.1405940447422,-18.019399965268,5.5));
#6199=CARTESIAN_POINT('',(-17.7778853349178,-19.4833073981915,5.5));
#6200=CARTESIAN_POINT('',(-17.7778853349178,-19.4833073981915,7.5));
#6201=CARTESIAN_POINT('',(-17.7778853349178,-19.4833073981915,9.5));
#6202=CARTESIAN_POINT('',(-19.1405940447422,-18.019399965268,9.5));
#6203=CARTESIAN_POINT('',(-20.5033027545667,-16.5554925323446,9.5));
#6204=CARTESIAN_POINT('',(-20.5033027545667,-16.5554925323446,7.5));
#6205=CARTESIAN_POINT('',(-11.7198581570261,-8.37924027339767,7.5));
#6206=CARTESIAN_POINT('',(-11.7198581570261,-8.37924027339767,5.5));
#6207=CARTESIAN_POINT('',(-11.8210568801251,-11.2058564161456,5.5));
#6208=CARTESIAN_POINT('',(-11.922255603224,-14.0324725588935,5.5));
#6209=CARTESIAN_POINT('',(-11.922255603224,-14.0324725588935,7.5));
#6210=CARTESIAN_POINT('',(-11.922255603224,-14.0324725588935,9.5));
#6211=CARTESIAN_POINT('',(-11.8210568801251,-11.2058564161456,9.5));
#6212=CARTESIAN_POINT('',(-11.7198581570261,-8.37924027339767,9.5));
#6213=CARTESIAN_POINT('',(-11.7198581570261,-8.37924027339767,7.5));
#6214=CARTESIAN_POINT('',(-3.54360589807919,-17.1626848709383,7.5));
#6215=CARTESIAN_POINT('',(-3.54360589807919,-17.1626848709383,5.5));
#6216=CARTESIAN_POINT('',(-5.00751333100263,-18.5253935807628,5.5));
#6217=CARTESIAN_POINT('',(-6.47142076392606,-19.8881022905872,5.5));
#6218=CARTESIAN_POINT('',(-6.47142076392606,-19.8881022905872,7.5));
#6219=CARTESIAN_POINT('',(-6.47142076392606,-19.8881022905872,9.5));
#6220=CARTESIAN_POINT('',(-5.00751333100263,-18.5253935807628,9.5));
#6221=CARTESIAN_POINT('',(-3.54360589807919,-17.1626848709383,9.5));
#6222=CARTESIAN_POINT('',(-3.54360589807919,-17.1626848709383,7.5));
#6223=CARTESIAN_POINT('',(-3.54360589807919,-17.1626848709383,7.5));
#6224=CARTESIAN_POINT('',(-3.54360589807919,-17.1626848709383,5.5));
#6225=CARTESIAN_POINT('',(-5.00751333100263,-18.5253935807628,5.5));
#6226=CARTESIAN_POINT('',(-6.47142076392606,-19.8881022905872,5.5));
#6227=CARTESIAN_POINT('',(-6.47142076392606,-19.8881022905872,7.5));
#6228=CARTESIAN_POINT('',(-6.47142076392606,-19.8881022905872,9.5));
#6229=CARTESIAN_POINT('',(-5.00751333100263,-18.5253935807628,9.5));
#6230=CARTESIAN_POINT('',(-3.54360589807919,-17.1626848709383,9.5));
#6231=CARTESIAN_POINT('',(-3.54360589807919,-17.1626848709383,7.5));
#6232=CARTESIAN_POINT('',(4.63264636086774,-25.9461294684789,7.5));
#6233=CARTESIAN_POINT('',(4.63264636086774,-25.9461294684789,5.5));
#6234=CARTESIAN_POINT('',(1.80603021811982,-25.8449307453799,5.5));
#6235=CARTESIAN_POINT('',(-1.0205859246281,-25.743732022281,5.5));
#6236=CARTESIAN_POINT('',(-1.02058592462811,-25.743732022281,7.5));
#6237=CARTESIAN_POINT('',(-1.0205859246281,-25.743732022281,9.5));
#6238=CARTESIAN_POINT('',(1.80603021811982,-25.8449307453799,9.5));
#6239=CARTESIAN_POINT('',(4.63264636086774,-25.9461294684789,9.5));
#6240=CARTESIAN_POINT('',(4.63264636086774,-25.9461294684789,7.5));
#6241=CARTESIAN_POINT('',(-4.15079823667287,-34.1223817274258,7.5));
#6242=CARTESIAN_POINT('',(-4.15079823667287,-34.1223817274258,5.5));
#6243=CARTESIAN_POINT('',(-5.51350694649736,-32.6584742945024,5.5));
#6244=CARTESIAN_POINT('',(-6.87621565632184,-31.1945668615789,5.5));
#6245=CARTESIAN_POINT('',(-6.87621565632185,-31.1945668615789,7.5));
#6246=CARTESIAN_POINT('',(-6.87621565632184,-31.1945668615789,9.5));
#6247=CARTESIAN_POINT('',(-5.51350694649736,-32.6584742945024,9.5));
#6248=CARTESIAN_POINT('',(-4.15079823667287,-34.1223817274258,9.5));
#6249=CARTESIAN_POINT('',(-4.15079823667287,-34.1223817274258,7.5));
#6250=CARTESIAN_POINT('',(-12.9342428342135,-42.2986339863727,7.5));
#6251=CARTESIAN_POINT('',(-12.9342428342135,-42.2986339863727,5.5));
#6252=CARTESIAN_POINT('',(-12.8330441111145,-39.4720178436248,5.5));
#6253=CARTESIAN_POINT('',(-12.7318453880156,-36.6454017008769,5.5));
#6254=CARTESIAN_POINT('',(-12.7318453880156,-36.6454017008769,7.5));
#6255=CARTESIAN_POINT('',(-12.7318453880156,-36.6454017008769,9.5));
#6256=CARTESIAN_POINT('',(-12.8330441111145,-39.4720178436248,9.5));
#6257=CARTESIAN_POINT('',(-12.9342428342135,-42.2986339863727,9.5));
#6258=CARTESIAN_POINT('',(-12.9342428342135,-42.2986339863727,7.5));
#6259=CARTESIAN_POINT('',(-21.1104950931604,-33.5151893888321,7.5));
#6260=CARTESIAN_POINT('',(-21.1104950931604,-33.5151893888321,5.5));
#6261=CARTESIAN_POINT('',(-19.646587660237,-32.1524806790076,5.5));
#6262=CARTESIAN_POINT('',(-18.1826802273135,-30.7897719691832,5.5));
#6263=CARTESIAN_POINT('',(-18.1826802273135,-30.7897719691832,7.5));
#6264=CARTESIAN_POINT('',(-18.1826802273135,-30.7897719691832,9.5));
#6265=CARTESIAN_POINT('',(-19.646587660237,-32.1524806790076,9.5));
#6266=CARTESIAN_POINT('',(-21.1104950931604,-33.5151893888321,9.5));
#6267=CARTESIAN_POINT('',(-21.1104950931604,-33.5151893888321,7.5));
#6268=CARTESIAN_POINT('',(-29.2867473521073,-24.7317447912915,7.5));
#6269=CARTESIAN_POINT('',(-29.2867473521073,-24.7317447912915,5.5));
#6270=CARTESIAN_POINT('',(-26.4601312093594,-24.8329435143905,5.5));
#6271=CARTESIAN_POINT('',(-23.6335150666115,-24.9341422374894,5.5));
#6272=CARTESIAN_POINT('',(-23.6335150666115,-24.9341422374894,7.5));
#6273=CARTESIAN_POINT('',(-23.6335150666115,-24.9341422374894,9.5));
#6274=CARTESIAN_POINT('',(-26.4601312093594,-24.8329435143905,9.5));
#6275=CARTESIAN_POINT('',(-29.2867473521073,-24.7317447912915,9.5));
#6276=CARTESIAN_POINT('',(-29.2867473521073,-24.7317447912915,7.5));
#6277=CARTESIAN_POINT('',(-20.5033027545667,-16.5554925323446,7.5));
#6278=CARTESIAN_POINT('',(-20.5033027545667,-16.5554925323446,5.5));
#6279=CARTESIAN_POINT('',(-19.1405940447422,-18.019399965268,5.5));
#6280=CARTESIAN_POINT('',(-17.7778853349178,-19.4833073981915,5.5));
#6281=CARTESIAN_POINT('',(-17.7778853349178,-19.4833073981915,7.5));
#6282=CARTESIAN_POINT('',(-17.7778853349178,-19.4833073981915,9.5));
#6283=CARTESIAN_POINT('',(-19.1405940447422,-18.019399965268,9.5));
#6284=CARTESIAN_POINT('',(-20.5033027545667,-16.5554925323446,9.5));
#6285=CARTESIAN_POINT('',(-20.5033027545667,-16.5554925323446,7.5));
#6286=CARTESIAN_POINT('',(-11.7198581570261,-8.37924027339767,7.5));
#6287=CARTESIAN_POINT('',(-11.7198581570261,-8.37924027339767,5.5));
#6288=CARTESIAN_POINT('',(-11.8210568801251,-11.2058564161456,5.5));
#6289=CARTESIAN_POINT('',(-11.922255603224,-14.0324725588935,5.5));
#6290=CARTESIAN_POINT('',(-11.922255603224,-14.0324725588935,7.5));
#6291=CARTESIAN_POINT('',(-11.922255603224,-14.0324725588935,9.5));
#6292=CARTESIAN_POINT('',(-11.8210568801251,-11.2058564161456,9.5));
#6293=CARTESIAN_POINT('',(-11.7198581570261,-8.37924027339767,9.5));
#6294=CARTESIAN_POINT('',(-11.7198581570261,-8.37924027339767,7.5));
#6295=CARTESIAN_POINT('',(-3.54360589807919,-17.1626848709383,7.5));
#6296=CARTESIAN_POINT('',(-3.54360589807919,-17.1626848709383,5.5));
#6297=CARTESIAN_POINT('',(-5.00751333100263,-18.5253935807628,5.5));
#6298=CARTESIAN_POINT('',(-6.47142076392606,-19.8881022905872,5.5));
#6299=CARTESIAN_POINT('',(-6.47142076392606,-19.8881022905872,7.5));
#6300=CARTESIAN_POINT('',(-6.47142076392606,-19.8881022905872,9.5));
#6301=CARTESIAN_POINT('',(-5.00751333100263,-18.5253935807628,9.5));
#6302=CARTESIAN_POINT('',(-3.54360589807919,-17.1626848709383,9.5));
#6303=CARTESIAN_POINT('',(-3.54360589807919,-17.1626848709383,7.5));
#6304=CARTESIAN_POINT('',(-1.04342646215961,-29.5755418763606,7.5));
#6305=CARTESIAN_POINT('',(-2.12513529746624,-31.7990544822687,7.5));
#6306=CARTESIAN_POINT('',(-1.04342646215961,-29.5755418763606,9.5));
#6307=CARTESIAN_POINT('',(-2.12513529746624,-31.7990544822687,9.5));
#6308=CARTESIAN_POINT('',(-2.84189663965121,-28.700610438662,9.5));
#6309=CARTESIAN_POINT('',(-3.92360547495783,-30.9241230445701,9.5));
#6310=CARTESIAN_POINT('',(-4.6403668171428,-27.8256790009634,9.5));
#6311=CARTESIAN_POINT('',(-5.72207565244942,-30.0491916068714,9.5));
#6312=CARTESIAN_POINT('',(-4.6403668171428,-27.8256790009634,7.5));
#6313=CARTESIAN_POINT('',(-5.72207565244942,-30.0491916068714,7.5));
#6314=CARTESIAN_POINT('',(-4.6403668171428,-27.8256790009634,5.5));
#6315=CARTESIAN_POINT('',(-5.72207565244942,-30.0491916068714,5.50000000000001));
#6316=CARTESIAN_POINT('',(-2.84189663965121,-28.700610438662,5.5));
#6317=CARTESIAN_POINT('',(-3.92360547495783,-30.9241230445701,5.5));
#6318=CARTESIAN_POINT('',(-1.04342646215961,-29.5755418763606,5.5));
#6319=CARTESIAN_POINT('',(-2.12513529746624,-31.7990544822687,5.5));
#6320=CARTESIAN_POINT('',(-1.04342646215961,-29.5755418763606,7.5));
#6321=CARTESIAN_POINT('',(-2.12513529746624,-31.7990544822687,7.5));
#6322=CARTESIAN_POINT('',(3.68454706859642E-14,10.,7.5));
#6323=CARTESIAN_POINT('',(3.65256418976199E-14,10.,9.5));
#6324=CARTESIAN_POINT('',(3.58444499260563E-14,8.,9.5));
#6325=CARTESIAN_POINT('',(-0.645889258566895,10.,7.50000000000329));
#6326=CARTESIAN_POINT('',(-0.645889258566895,10.0000000015067,9.50000000000155));
#6327=CARTESIAN_POINT('',(-0.633007852677788,8.00000000142093,9.5));
#6328=CARTESIAN_POINT('',(-1.62553707154283,9.99199608058326,7.49999999999925));
#6329=CARTESIAN_POINT('',(-1.62553707154283,9.99199608024351,9.49999999999964));
#6330=CARTESIAN_POINT('',(-1.58205345752514,7.99187814263521,9.5));
#6331=CARTESIAN_POINT('',(-2.97762327871196,9.92695283159298,7.50000000000014));
#6332=CARTESIAN_POINT('',(-2.97762327871195,9.92695283165697,9.50000000000007));
#6333=CARTESIAN_POINT('',(-2.84494634917902,7.93080605419786,9.5));
#6334=CARTESIAN_POINT('',(-4.02474245505704,9.83281530087435,7.49999999999996));
#6335=CARTESIAN_POINT('',(-4.02474245505704,9.8328153008572,9.49999999999998));
#6336=CARTESIAN_POINT('',(-3.78964925002175,7.84537598722229,9.5));
#6337=CARTESIAN_POINT('',(-5.12143312131781,9.66359207182237,7.5));
#6338=CARTESIAN_POINT('',(-5.12143312131782,9.66359207182697,9.50000000000001));
#6339=CARTESIAN_POINT('',(-4.73255671481099,7.69888017038742,9.5));
#6340=CARTESIAN_POINT('',(-6.25197375888184,9.37937746405692,7.5));
#6341=CARTESIAN_POINT('',(-6.25197375888184,9.37937746405565,9.5));
#6342=CARTESIAN_POINT('',(-5.64742732372493,7.46712369364771,9.5));
#6343=CARTESIAN_POINT('',(-7.20813101799642,9.00395776522476,7.5));
#6344=CARTESIAN_POINT('',(-7.20813101799642,9.00395776522491,9.5));
#6345=CARTESIAN_POINT('',(-6.38095039316821,7.17818790799638,9.5));
#6346=CARTESIAN_POINT('',(-7.94920452920235,8.6107213597206,7.5));
#6347=CARTESIAN_POINT('',(-7.94920452920235,8.61072135972057,9.5));
#6348=CARTESIAN_POINT('',(-6.94631147418948,6.87829363585856,9.5));
#6349=CARTESIAN_POINT('',(-8.64258885876631,8.1751651051107,7.5));
#6350=CARTESIAN_POINT('',(-8.6425888587663,8.17516510511071,9.5));
#6351=CARTESIAN_POINT('',(-7.4810407393411,6.54261100210401,9.5));
#6352=CARTESIAN_POINT('',(-9.42081409705512,7.56807076601657,7.5));
#6353=CARTESIAN_POINT('',(-9.42081409705512,7.56807076601656,9.5));
#6354=CARTESIAN_POINT('',(-8.10115382582204,6.06035078469853,9.5));
#6355=CARTESIAN_POINT('',(-10.2366394154569,6.78056474372628,7.5));
#6356=CARTESIAN_POINT('',(-10.2366394154569,6.78056474372628,9.5));
#6357=CARTESIAN_POINT('',(-8.78692170951225,5.39993229436822,9.5));
#6358=CARTESIAN_POINT('',(-10.9537714317487,5.97168431407267,7.5));
#6359=CARTESIAN_POINT('',(-10.9537714317487,5.97168431407267,9.5));
#6360=CARTESIAN_POINT('',(-9.41643048900528,4.69074408982028,9.5));
#6361=CARTESIAN_POINT('',(-11.8102279100556,4.88741252111832,7.5));
#6362=CARTESIAN_POINT('',(-11.8102279100556,4.88741252111832,9.5));
#6363=CARTESIAN_POINT('',(-10.1926545141568,3.70877558776729,9.5));
#6364=CARTESIAN_POINT('',(-12.7570306500544,3.51960015916661,7.5));
#6365=CARTESIAN_POINT('',(-12.7570306500544,3.51960015916661,9.5));
#6366=CARTESIAN_POINT('',(-11.0810512399016,2.42697390542007,9.5));
#6367=CARTESIAN_POINT('',(-13.7863317318655,1.8664651086829,7.5));
#6368=CARTESIAN_POINT('',(-13.7863317318655,1.86646510868291,9.5));
#6369=CARTESIAN_POINT('',(-12.0697495919674,0.839519877842809,9.5));
#6370=CARTESIAN_POINT('',(-14.7509085142395,0.203852092347172,7.5));
#6371=CARTESIAN_POINT('',(-14.7509085142394,0.203852092347142,9.5));
#6372=CARTESIAN_POINT('',(-13.0093736538213,-0.779798997129331,9.5));
#6373=CARTESIAN_POINT('',(-15.6742752844497,-1.46558537832103,7.5));
#6374=CARTESIAN_POINT('',(-15.6742752844499,-1.46558537832092,9.5));
#6375=CARTESIAN_POINT('',(-13.9165769485364,-2.41991543224887,9.5));
#6376=CARTESIAN_POINT('',(-16.5704068218443,-3.14031467323991,7.5));
#6377=CARTESIAN_POINT('',(-16.5704068218434,-3.14031467324033,9.5));
#6378=CARTESIAN_POINT('',(-14.8019288580668,-4.07444627313081,9.5));
#6379=CARTESIAN_POINT('',(-17.7391297022754,-5.3757060793714,7.5));
#6380=CARTESIAN_POINT('',(-17.7391297022799,-5.37570607936915,9.5));
#6381=CARTESIAN_POINT('',(-15.9609181080259,-6.29118584899331,9.5));
#6382=CARTESIAN_POINT('',(-19.167206592346,-8.17321510727239,7.5));
#6383=CARTESIAN_POINT('',(-19.1672065923098,-8.17321510729056,9.5));
#6384=CARTESIAN_POINT('',(-17.3825172745321,-9.07594053267562,9.5));
#6385=CARTESIAN_POINT('',(-20.2936067668922,-10.4121316865365,7.49999999999999));
#6386=CARTESIAN_POINT('',(-20.2936067669683,-10.4121316864983,9.5));
#6387=CARTESIAN_POINT('',(-18.5066682517048,-11.3103818172348,9.5));
#6388=CARTESIAN_POINT('',(-20.8551292126535,-11.5314275028319,7.5));
#6389=CARTESIAN_POINT('',(-20.8551292126535,-11.5314275028319,9.5));
#6390=CARTESIAN_POINT('',(-19.0674739823386,-12.4282489887075,9.5));
#6391=CARTESIAN_POINT('',(7.88786251170883,6.14667593064564,7.5));
#6392=CARTESIAN_POINT('',(7.88786251170883,6.14667593064564,5.5));
#6393=CARTESIAN_POINT('',(6.31029000936706,4.91734074451651,5.5));
#6394=CARTESIAN_POINT('',(4.7327175070253,3.68800555838738,5.5));
#6395=CARTESIAN_POINT('',(4.7327175070253,3.68800555838738,7.5));
#6396=CARTESIAN_POINT('',(4.7327175070253,3.68800555838738,9.5));
#6397=CARTESIAN_POINT('',(6.31029000936706,4.91734074451651,9.5));
#6398=CARTESIAN_POINT('',(7.88786251170883,6.14667593064564,9.5));
#6399=CARTESIAN_POINT('',(7.88786251170883,6.14667593064564,7.5));
#6400=CARTESIAN_POINT('',(14.0345384423545,-1.74118658106319,7.5));
#6401=CARTESIAN_POINT('',(14.0345384423545,-1.74118658106319,5.5));
#6402=CARTESIAN_POINT('',(11.2276307538836,-1.39294926485055,5.5));
#6403=CARTESIAN_POINT('',(8.42072306541268,-1.04471194863791,5.5));
#6404=CARTESIAN_POINT('',(8.42072306541268,-1.04471194863791,7.5));
#6405=CARTESIAN_POINT('',(8.42072306541268,-1.04471194863791,9.5));
#6406=CARTESIAN_POINT('',(11.2276307538836,-1.39294926485055,9.5));
#6407=CARTESIAN_POINT('',(14.0345384423545,-1.74118658106319,9.5));
#6408=CARTESIAN_POINT('',(14.0345384423545,-1.74118658106319,7.5));
#6409=CARTESIAN_POINT('',(6.14667593064564,-7.88786251170883,7.5));
#6410=CARTESIAN_POINT('',(6.14667593064564,-7.88786251170883,5.5));
#6411=CARTESIAN_POINT('',(4.91734074451651,-6.31029000936706,5.5));
#6412=CARTESIAN_POINT('',(3.68800555838739,-4.7327175070253,5.5));
#6413=CARTESIAN_POINT('',(3.68800555838739,-4.7327175070253,7.5));
#6414=CARTESIAN_POINT('',(3.68800555838739,-4.7327175070253,9.5));
#6415=CARTESIAN_POINT('',(4.91734074451651,-6.31029000936706,9.5));
#6416=CARTESIAN_POINT('',(6.14667593064564,-7.88786251170883,9.5));
#6417=CARTESIAN_POINT('',(6.14667593064564,-7.88786251170883,7.5));
#6418=CARTESIAN_POINT('',(-1.74118658106319,-14.0345384423545,7.5));
#6419=CARTESIAN_POINT('',(-1.74118658106319,-14.0345384423545,5.5));
#6420=CARTESIAN_POINT('',(-1.39294926485055,-11.2276307538836,5.5));
#6421=CARTESIAN_POINT('',(-1.04471194863791,-8.42072306541268,5.5));
#6422=CARTESIAN_POINT('',(-1.04471194863791,-8.42072306541268,7.5));
#6423=CARTESIAN_POINT('',(-1.04471194863791,-8.42072306541268,9.5));
#6424=CARTESIAN_POINT('',(-1.39294926485055,-11.2276307538836,9.5));
#6425=CARTESIAN_POINT('',(-1.74118658106319,-14.0345384423545,9.5));
#6426=CARTESIAN_POINT('',(-1.74118658106319,-14.0345384423545,7.5));
#6427=CARTESIAN_POINT('',(-7.88786251170883,-6.14667593064564,7.5));
#6428=CARTESIAN_POINT('',(-7.88786251170883,-6.14667593064564,5.5));
#6429=CARTESIAN_POINT('',(-6.31029000936706,-4.91734074451651,5.5));
#6430=CARTESIAN_POINT('',(-4.7327175070253,-3.68800555838739,5.5));
#6431=CARTESIAN_POINT('',(-4.7327175070253,-3.68800555838739,7.5));
#6432=CARTESIAN_POINT('',(-4.7327175070253,-3.68800555838739,9.5));
#6433=CARTESIAN_POINT('',(-6.31029000936706,-4.91734074451651,9.5));
#6434=CARTESIAN_POINT('',(-7.88786251170883,-6.14667593064564,9.5));
#6435=CARTESIAN_POINT('',(-7.88786251170883,-6.14667593064564,7.5));
#6436=CARTESIAN_POINT('',(-14.0345384423545,1.74118658106319,7.5));
#6437=CARTESIAN_POINT('',(-14.0345384423545,1.74118658106319,5.5));
#6438=CARTESIAN_POINT('',(-11.2276307538836,1.39294926485055,5.5));
#6439=CARTESIAN_POINT('',(-8.42072306541268,1.04471194863791,5.5));
#6440=CARTESIAN_POINT('',(-8.42072306541268,1.04471194863791,7.5));
#6441=CARTESIAN_POINT('',(-8.42072306541268,1.04471194863791,9.5));
#6442=CARTESIAN_POINT('',(-11.2276307538836,1.39294926485055,9.5));
#6443=CARTESIAN_POINT('',(-14.0345384423545,1.74118658106319,9.5));
#6444=CARTESIAN_POINT('',(-14.0345384423545,1.74118658106319,7.5));
#6445=CARTESIAN_POINT('',(-6.14667593064564,7.88786251170883,7.5));
#6446=CARTESIAN_POINT('',(-6.14667593064564,7.88786251170883,5.5));
#6447=CARTESIAN_POINT('',(-4.91734074451651,6.31029000936706,5.5));
#6448=CARTESIAN_POINT('',(-3.68800555838739,4.7327175070253,5.5));
#6449=CARTESIAN_POINT('',(-3.68800555838739,4.7327175070253,7.5));
#6450=CARTESIAN_POINT('',(-3.68800555838739,4.7327175070253,9.5));
#6451=CARTESIAN_POINT('',(-4.91734074451651,6.31029000936706,9.5));
#6452=CARTESIAN_POINT('',(-6.14667593064564,7.88786251170883,9.5));
#6453=CARTESIAN_POINT('',(-6.14667593064564,7.88786251170883,7.5));
#6454=CARTESIAN_POINT('',(1.74118658106319,14.0345384423545,7.5));
#6455=CARTESIAN_POINT('',(1.74118658106319,14.0345384423545,5.5));
#6456=CARTESIAN_POINT('',(1.39294926485055,11.2276307538836,5.5));
#6457=CARTESIAN_POINT('',(1.04471194863791,8.42072306541268,5.5));
#6458=CARTESIAN_POINT('',(1.04471194863791,8.42072306541268,7.5));
#6459=CARTESIAN_POINT('',(1.04471194863791,8.42072306541268,9.5));
#6460=CARTESIAN_POINT('',(1.39294926485055,11.2276307538836,9.5));
#6461=CARTESIAN_POINT('',(1.74118658106319,14.0345384423545,9.5));
#6462=CARTESIAN_POINT('',(1.74118658106319,14.0345384423545,7.5));
#6463=CARTESIAN_POINT('',(7.88786251170883,6.14667593064564,7.5));
#6464=CARTESIAN_POINT('',(7.88786251170883,6.14667593064564,5.5));
#6465=CARTESIAN_POINT('',(6.31029000936706,4.91734074451651,5.5));
#6466=CARTESIAN_POINT('',(4.7327175070253,3.68800555838738,5.5));
#6467=CARTESIAN_POINT('',(4.7327175070253,3.68800555838738,7.5));
#6468=CARTESIAN_POINT('',(4.7327175070253,3.68800555838738,9.5));
#6469=CARTESIAN_POINT('',(6.31029000936706,4.91734074451651,9.5));
#6470=CARTESIAN_POINT('',(7.88786251170883,6.14667593064564,9.5));
#6471=CARTESIAN_POINT('',(7.88786251170883,6.14667593064564,7.5));
#6472=CARTESIAN_POINT('',(7.88786251170883,6.14667593064564,7.5));
#6473=CARTESIAN_POINT('',(7.88786251170883,6.14667593064564,5.5));
#6474=CARTESIAN_POINT('',(6.31029000936706,4.91734074451651,5.5));
#6475=CARTESIAN_POINT('',(4.7327175070253,3.68800555838738,5.5));
#6476=CARTESIAN_POINT('',(4.7327175070253,3.68800555838738,7.5));
#6477=CARTESIAN_POINT('',(4.7327175070253,3.68800555838738,9.5));
#6478=CARTESIAN_POINT('',(6.31029000936706,4.91734074451651,9.5));
#6479=CARTESIAN_POINT('',(7.88786251170883,6.14667593064564,9.5));
#6480=CARTESIAN_POINT('',(7.88786251170883,6.14667593064564,7.5));
#6481=CARTESIAN_POINT('',(14.0345384423545,-1.74118658106319,7.5));
#6482=CARTESIAN_POINT('',(14.0345384423545,-1.74118658106319,5.5));
#6483=CARTESIAN_POINT('',(11.2276307538836,-1.39294926485055,5.5));
#6484=CARTESIAN_POINT('',(8.42072306541268,-1.04471194863791,5.5));
#6485=CARTESIAN_POINT('',(8.42072306541268,-1.04471194863791,7.5));
#6486=CARTESIAN_POINT('',(8.42072306541268,-1.04471194863791,9.5));
#6487=CARTESIAN_POINT('',(11.2276307538836,-1.39294926485055,9.5));
#6488=CARTESIAN_POINT('',(14.0345384423545,-1.74118658106319,9.5));
#6489=CARTESIAN_POINT('',(14.0345384423545,-1.74118658106319,7.5));
#6490=CARTESIAN_POINT('',(6.14667593064564,-7.88786251170883,7.5));
#6491=CARTESIAN_POINT('',(6.14667593064564,-7.88786251170883,5.5));
#6492=CARTESIAN_POINT('',(4.91734074451651,-6.31029000936706,5.5));
#6493=CARTESIAN_POINT('',(3.68800555838739,-4.7327175070253,5.5));
#6494=CARTESIAN_POINT('',(3.68800555838739,-4.7327175070253,7.5));
#6495=CARTESIAN_POINT('',(3.68800555838739,-4.7327175070253,9.5));
#6496=CARTESIAN_POINT('',(4.91734074451651,-6.31029000936706,9.5));
#6497=CARTESIAN_POINT('',(6.14667593064564,-7.88786251170883,9.5));
#6498=CARTESIAN_POINT('',(6.14667593064564,-7.88786251170883,7.5));
#6499=CARTESIAN_POINT('',(-1.74118658106319,-14.0345384423545,7.5));
#6500=CARTESIAN_POINT('',(-1.74118658106319,-14.0345384423545,5.5));
#6501=CARTESIAN_POINT('',(-1.39294926485055,-11.2276307538836,5.5));
#6502=CARTESIAN_POINT('',(-1.04471194863791,-8.42072306541268,5.5));
#6503=CARTESIAN_POINT('',(-1.04471194863791,-8.42072306541268,7.5));
#6504=CARTESIAN_POINT('',(-1.04471194863791,-8.42072306541268,9.5));
#6505=CARTESIAN_POINT('',(-1.39294926485055,-11.2276307538836,9.5));
#6506=CARTESIAN_POINT('',(-1.74118658106319,-14.0345384423545,9.5));
#6507=CARTESIAN_POINT('',(-1.74118658106319,-14.0345384423545,7.5));
#6508=CARTESIAN_POINT('',(-7.88786251170883,-6.14667593064564,7.5));
#6509=CARTESIAN_POINT('',(-7.88786251170883,-6.14667593064564,5.5));
#6510=CARTESIAN_POINT('',(-6.31029000936706,-4.91734074451651,5.5));
#6511=CARTESIAN_POINT('',(-4.7327175070253,-3.68800555838739,5.5));
#6512=CARTESIAN_POINT('',(-4.7327175070253,-3.68800555838739,7.5));
#6513=CARTESIAN_POINT('',(-4.7327175070253,-3.68800555838739,9.5));
#6514=CARTESIAN_POINT('',(-6.31029000936706,-4.91734074451651,9.5));
#6515=CARTESIAN_POINT('',(-7.88786251170883,-6.14667593064564,9.5));
#6516=CARTESIAN_POINT('',(-7.88786251170883,-6.14667593064564,7.5));
#6517=CARTESIAN_POINT('',(-14.0345384423545,1.74118658106319,7.5));
#6518=CARTESIAN_POINT('',(-14.0345384423545,1.74118658106319,5.5));
#6519=CARTESIAN_POINT('',(-11.2276307538836,1.39294926485055,5.5));
#6520=CARTESIAN_POINT('',(-8.42072306541268,1.04471194863791,5.5));
#6521=CARTESIAN_POINT('',(-8.42072306541268,1.04471194863791,7.5));
#6522=CARTESIAN_POINT('',(-8.42072306541268,1.04471194863791,9.5));
#6523=CARTESIAN_POINT('',(-11.2276307538836,1.39294926485055,9.5));
#6524=CARTESIAN_POINT('',(-14.0345384423545,1.74118658106319,9.5));
#6525=CARTESIAN_POINT('',(-14.0345384423545,1.74118658106319,7.5));
#6526=CARTESIAN_POINT('',(-6.14667593064564,7.88786251170883,7.5));
#6527=CARTESIAN_POINT('',(-6.14667593064564,7.88786251170883,5.5));
#6528=CARTESIAN_POINT('',(-4.91734074451651,6.31029000936706,5.5));
#6529=CARTESIAN_POINT('',(-3.68800555838739,4.7327175070253,5.5));
#6530=CARTESIAN_POINT('',(-3.68800555838739,4.7327175070253,7.5));
#6531=CARTESIAN_POINT('',(-3.68800555838739,4.7327175070253,9.5));
#6532=CARTESIAN_POINT('',(-4.91734074451651,6.31029000936706,9.5));
#6533=CARTESIAN_POINT('',(-6.14667593064564,7.88786251170883,9.5));
#6534=CARTESIAN_POINT('',(-6.14667593064564,7.88786251170883,7.5));
#6535=CARTESIAN_POINT('',(1.74118658106319,14.0345384423545,7.5));
#6536=CARTESIAN_POINT('',(1.74118658106319,14.0345384423545,5.5));
#6537=CARTESIAN_POINT('',(1.39294926485055,11.2276307538836,5.5));
#6538=CARTESIAN_POINT('',(1.04471194863791,8.42072306541268,5.5));
#6539=CARTESIAN_POINT('',(1.04471194863791,8.42072306541268,7.5));
#6540=CARTESIAN_POINT('',(1.04471194863791,8.42072306541268,9.5));
#6541=CARTESIAN_POINT('',(1.39294926485055,11.2276307538836,9.5));
#6542=CARTESIAN_POINT('',(1.74118658106319,14.0345384423545,9.5));
#6543=CARTESIAN_POINT('',(1.74118658106319,14.0345384423545,7.5));
#6544=CARTESIAN_POINT('',(7.88786251170883,6.14667593064564,7.5));
#6545=CARTESIAN_POINT('',(7.88786251170883,6.14667593064564,5.5));
#6546=CARTESIAN_POINT('',(6.31029000936706,4.91734074451651,5.5));
#6547=CARTESIAN_POINT('',(4.7327175070253,3.68800555838738,5.5));
#6548=CARTESIAN_POINT('',(4.7327175070253,3.68800555838738,7.5));
#6549=CARTESIAN_POINT('',(4.7327175070253,3.68800555838738,9.5));
#6550=CARTESIAN_POINT('',(6.31029000936706,4.91734074451651,9.5));
#6551=CARTESIAN_POINT('',(7.88786251170883,6.14667593064564,9.5));
#6552=CARTESIAN_POINT('',(7.88786251170883,6.14667593064564,7.5));
#6553=CARTESIAN_POINT('',(7.75746068269297,-1.95493978372655,9.4999999999998));
#6554=CARTESIAN_POINT('',(9.69682692899255,-2.4436750007243,9.50000088740499));
#6555=CARTESIAN_POINT('',(9.69682692899255,-2.4436750007243,7.5));
#6556=CARTESIAN_POINT('',(7.13560753707112,-4.42253564990047,9.4999999999998));
#6557=CARTESIAN_POINT('',(9.07279937097157,-4.91989922413191,9.50000088740968));
#6558=CARTESIAN_POINT('',(9.07279937078894,-4.91989922408814,7.5));
#6559=CARTESIAN_POINT('',(6.17975218396363,-8.11773981262858,9.4999999999998));
#6560=CARTESIAN_POINT('',(8.11223535802988,-8.63370419289957,9.50000088740394));
#6561=CARTESIAN_POINT('',(8.11223535806909,-8.63370419290887,7.50000000000003));
#6562=CARTESIAN_POINT('',(4.79918548363472,-13.0151552760701,9.4999999999998));
#6563=CARTESIAN_POINT('',(6.71927842084085,-13.5752888938094,9.50000088740519));
#6564=CARTESIAN_POINT('',(6.71927842083636,-13.5752888938085,7.49999999999995));
#6565=CARTESIAN_POINT('',(3.32027596194986,-17.8873166081105,9.4999999999998));
#6566=CARTESIAN_POINT('',(5.22280131909289,-18.5057496551586,9.50000088740488));
#6567=CARTESIAN_POINT('',(5.22280131908059,-18.5057496551548,7.50000000000026));
#6568=CARTESIAN_POINT('',(1.23789143587221,-23.8917762092612,9.4999999999998));
#6569=CARTESIAN_POINT('',(3.10692775052893,-24.6073485061969,9.50000088740503));
#6570=CARTESIAN_POINT('',(3.10692775066202,-24.6073485062357,7.4999999999979));
#6571=CARTESIAN_POINT('',(-0.725995179274865,-28.5911443657418,9.49999999999981));
#6572=CARTESIAN_POINT('',(1.11322607696876,-29.377399427505,9.50000088740499));
#6573=CARTESIAN_POINT('',(1.11322607668578,-29.3773994274228,7.50000000000442));
#6574=CARTESIAN_POINT('',(-1.76161280941431,-30.9150869213154,9.4999999999998));
#6575=CARTESIAN_POINT('',(0.0652066639273802,-31.729171782641,9.50000088740499));
#6576=CARTESIAN_POINT('',(0.0652066639273769,-31.729171782641,7.5));
#6577=CARTESIAN_POINT('',(-3.43080250644724,-29.9111391648538,5.5));
#6578=CARTESIAN_POINT('',(-5.34828050035336,-30.4797147032704,5.5));
#6579=CARTESIAN_POINT('',(-5.34828050035336,-30.4797147032704,7.5));
#6580=CARTESIAN_POINT('',(-5.34828050035336,-30.4797147032704,9.5));
#6581=CARTESIAN_POINT('',(-3.43080250644724,-29.9111391648538,9.5));
#6582=CARTESIAN_POINT('',(-3.43080250644724,-29.9111391648538,5.5));
#6583=CARTESIAN_POINT('',(-4.77970496193672,-32.3971926971766,5.5));
#6584=CARTESIAN_POINT('',(-4.77970496193671,-32.3971926971766,7.5));
#6585=CARTESIAN_POINT('',(-4.77970496193672,-32.3971926971766,9.5));
#6586=CARTESIAN_POINT('',(-3.43080250644724,-29.9111391648538,9.5));
#6587=CARTESIAN_POINT('',(-3.43080250644724,-29.9111391648538,5.5));
#6588=CARTESIAN_POINT('',(-2.8622269680306,-31.8286171587599,5.5));
#6589=CARTESIAN_POINT('',(-2.8622269680306,-31.8286171587599,7.5));
#6590=CARTESIAN_POINT('',(-2.8622269680306,-31.8286171587599,9.5));
#6591=CARTESIAN_POINT('',(-3.43080250644724,-29.9111391648538,9.5));
#6592=CARTESIAN_POINT('',(-3.43080250644724,-29.9111391648538,5.5));
#6593=CARTESIAN_POINT('',(-0.944748974124485,-31.2600416203433,5.5));
#6594=CARTESIAN_POINT('',(-0.944748974124482,-31.2600416203433,7.5));
#6595=CARTESIAN_POINT('',(-0.944748974124485,-31.2600416203433,9.5));
#6596=CARTESIAN_POINT('',(-3.43080250644724,-29.9111391648538,9.5));
#6597=CARTESIAN_POINT('',(-3.43080250644724,-29.9111391648538,5.5));
#6598=CARTESIAN_POINT('',(-1.51332451254112,-29.3425636264372,5.5));
#6599=CARTESIAN_POINT('',(-1.51332451254112,-29.3425636264372,7.5));
#6600=CARTESIAN_POINT('',(-1.51332451254112,-29.3425636264372,9.5));
#6601=CARTESIAN_POINT('',(-3.43080250644724,-29.9111391648538,9.5));
#6602=CARTESIAN_POINT('',(-3.43080250644724,-29.9111391648538,5.5));
#6603=CARTESIAN_POINT('',(-2.08190005095776,-27.425085632531,5.5));
#6604=CARTESIAN_POINT('',(-2.08190005095777,-27.425085632531,7.5));
#6605=CARTESIAN_POINT('',(-2.08190005095776,-27.425085632531,9.5));
#6606=CARTESIAN_POINT('',(-3.43080250644724,-29.9111391648538,9.5));
#6607=CARTESIAN_POINT('',(-3.43080250644724,-29.9111391648538,5.5));
#6608=CARTESIAN_POINT('',(-3.99937804486388,-27.9936611709477,5.5));
#6609=CARTESIAN_POINT('',(-3.99937804486388,-27.9936611709477,7.5));
#6610=CARTESIAN_POINT('',(-3.99937804486388,-27.9936611709477,9.5));
#6611=CARTESIAN_POINT('',(-3.43080250644724,-29.9111391648538,9.5));
#6612=CARTESIAN_POINT('',(-3.43080250644724,-29.9111391648538,5.5));
#6613=CARTESIAN_POINT('',(-5.91685603876999,-28.5622367093643,5.5));
#6614=CARTESIAN_POINT('',(-5.91685603877,-28.5622367093643,7.5));
#6615=CARTESIAN_POINT('',(-5.91685603876999,-28.5622367093643,9.5));
#6616=CARTESIAN_POINT('',(-3.43080250644724,-29.9111391648538,9.5));
#6617=CARTESIAN_POINT('',(-3.43080250644724,-29.9111391648538,5.5));
#6618=CARTESIAN_POINT('',(-5.34828050035336,-30.4797147032704,5.5));
#6619=CARTESIAN_POINT('',(-5.34828050035336,-30.4797147032704,7.5));
#6620=CARTESIAN_POINT('',(-5.34828050035336,-30.4797147032704,9.5));
#6621=CARTESIAN_POINT('',(-3.43080250644724,-29.9111391648538,9.5));
#6622=CARTESIAN_POINT('',(-3.43080250644724,-29.9111391648538,5.5));
#6623=CARTESIAN_POINT('',(-5.34828050035336,-30.4797147032704,5.5));
#6624=CARTESIAN_POINT('',(-5.34828050035336,-30.4797147032704,7.5));
#6625=CARTESIAN_POINT('',(-5.34828050035336,-30.4797147032704,9.5));
#6626=CARTESIAN_POINT('',(-3.43080250644724,-29.9111391648538,9.5));
#6627=CARTESIAN_POINT('',(-3.43080250644724,-29.9111391648538,5.5));
#6628=CARTESIAN_POINT('',(-4.77970496193672,-32.3971926971766,5.5));
#6629=CARTESIAN_POINT('',(-4.77970496193671,-32.3971926971766,7.5));
#6630=CARTESIAN_POINT('',(-4.77970496193672,-32.3971926971766,9.5));
#6631=CARTESIAN_POINT('',(-3.43080250644724,-29.9111391648538,9.5));
#6632=CARTESIAN_POINT('',(-3.43080250644724,-29.9111391648538,5.5));
#6633=CARTESIAN_POINT('',(-2.8622269680306,-31.8286171587599,5.5));
#6634=CARTESIAN_POINT('',(-2.8622269680306,-31.8286171587599,7.5));
#6635=CARTESIAN_POINT('',(-2.8622269680306,-31.8286171587599,9.5));
#6636=CARTESIAN_POINT('',(-3.43080250644724,-29.9111391648538,9.5));
#6637=CARTESIAN_POINT('',(-3.43080250644724,-29.9111391648538,5.5));
#6638=CARTESIAN_POINT('',(-0.944748974124485,-31.2600416203433,5.5));
#6639=CARTESIAN_POINT('',(-0.944748974124482,-31.2600416203433,7.5));
#6640=CARTESIAN_POINT('',(-0.944748974124485,-31.2600416203433,9.5));
#6641=CARTESIAN_POINT('',(-3.43080250644724,-29.9111391648538,9.5));
#6642=CARTESIAN_POINT('',(-3.43080250644724,-29.9111391648538,5.5));
#6643=CARTESIAN_POINT('',(-1.51332451254112,-29.3425636264372,5.5));
#6644=CARTESIAN_POINT('',(-1.51332451254112,-29.3425636264372,7.5));
#6645=CARTESIAN_POINT('',(-1.51332451254112,-29.3425636264372,9.5));
#6646=CARTESIAN_POINT('',(-3.43080250644724,-29.9111391648538,9.5));
#6647=CARTESIAN_POINT('',(-3.43080250644724,-29.9111391648538,5.5));
#6648=CARTESIAN_POINT('',(-2.08190005095776,-27.425085632531,5.5));
#6649=CARTESIAN_POINT('',(-2.08190005095777,-27.425085632531,7.5));
#6650=CARTESIAN_POINT('',(-2.08190005095776,-27.425085632531,9.5));
#6651=CARTESIAN_POINT('',(-3.43080250644724,-29.9111391648538,9.5));
#6652=CARTESIAN_POINT('',(-3.43080250644724,-29.9111391648538,5.5));
#6653=CARTESIAN_POINT('',(-3.99937804486388,-27.9936611709477,5.5));
#6654=CARTESIAN_POINT('',(-3.99937804486388,-27.9936611709477,7.5));
#6655=CARTESIAN_POINT('',(-3.99937804486388,-27.9936611709477,9.5));
#6656=CARTESIAN_POINT('',(-3.43080250644724,-29.9111391648538,9.5));
#6657=CARTESIAN_POINT('',(-3.43080250644724,-29.9111391648538,5.5));
#6658=CARTESIAN_POINT('',(-5.91685603876999,-28.5622367093643,5.5));
#6659=CARTESIAN_POINT('',(-5.91685603877,-28.5622367093643,7.5));
#6660=CARTESIAN_POINT('',(-5.91685603876999,-28.5622367093643,9.5));
#6661=CARTESIAN_POINT('',(-3.43080250644724,-29.9111391648538,9.5));
#6662=CARTESIAN_POINT('',(-3.43080250644724,-29.9111391648538,5.5));
#6663=CARTESIAN_POINT('',(-5.34828050035336,-30.4797147032704,5.5));
#6664=CARTESIAN_POINT('',(-5.34828050035336,-30.4797147032704,7.5));
#6665=CARTESIAN_POINT('',(-5.34828050035336,-30.4797147032704,9.5));
#6666=CARTESIAN_POINT('',(-3.43080250644724,-29.9111391648538,9.5));
#6667=CARTESIAN_POINT('',(0.48564317862116,-29.9328346172275,7.5));
#6668=CARTESIAN_POINT('',(-3.61640087663738,-27.46562707612,7.5));
#6669=CARTESIAN_POINT('',(0.48564317862116,-29.9328346172275,5.49999999999999));
#6670=CARTESIAN_POINT('',(-3.61640087663738,-27.46562707612,5.49999999999999));
#6671=CARTESIAN_POINT('',(-0.545185225019602,-31.646716994244,5.49999999999999));
#6672=CARTESIAN_POINT('',(-4.64722928027814,-29.1795094531364,5.49999999999999));
#6673=CARTESIAN_POINT('',(-1.57601362866036,-33.3605993712604,5.49999999999999));
#6674=CARTESIAN_POINT('',(-5.67805768391891,-30.8933918301529,5.49999999999998));
#6675=CARTESIAN_POINT('',(-1.57601362866036,-33.3605993712604,7.5));
#6676=CARTESIAN_POINT('',(-5.67805768391891,-30.8933918301529,7.5));
#6677=CARTESIAN_POINT('',(-1.57601362866036,-33.3605993712604,9.50000000000001));
#6678=CARTESIAN_POINT('',(-5.67805768391891,-30.8933918301529,9.50000000000001));
#6679=CARTESIAN_POINT('',(-0.545185225019602,-31.646716994244,9.50000000000001));
#6680=CARTESIAN_POINT('',(-4.64722928027815,-29.1795094531364,9.50000000000001));
#6681=CARTESIAN_POINT('',(0.48564317862116,-29.9328346172275,9.50000000000001));
#6682=CARTESIAN_POINT('',(-3.61640087663738,-27.46562707612,9.50000000000001));
#6683=CARTESIAN_POINT('',(0.48564317862116,-29.9328346172275,7.5));
#6684=CARTESIAN_POINT('',(-3.61640087663738,-27.46562707612,7.5));
#6685=CARTESIAN_POINT('',(-1.76161199885049,-30.9150872825266,5.5));
#6686=CARTESIAN_POINT('',(-3.76161199885049,-30.9150872825266,5.5));
#6687=CARTESIAN_POINT('',(-3.76161199885049,-30.9150872825266,7.5));
#6688=CARTESIAN_POINT('',(-3.76161199885049,-30.9150872825266,9.5));
#6689=CARTESIAN_POINT('',(-1.76161199885049,-30.9150872825266,9.5));
#6690=CARTESIAN_POINT('',(-1.76161199885049,-30.9150872825266,5.5));
#6691=CARTESIAN_POINT('',(-3.76161199885049,-32.9150872825266,5.5));
#6692=CARTESIAN_POINT('',(-3.76161199885049,-32.9150872825266,7.5));
#6693=CARTESIAN_POINT('',(-3.76161199885049,-32.9150872825266,9.5));
#6694=CARTESIAN_POINT('',(-1.76161199885049,-30.9150872825266,9.5));
#6695=CARTESIAN_POINT('',(-1.76161199885049,-30.9150872825266,5.5));
#6696=CARTESIAN_POINT('',(-1.76161199885049,-32.9150872825266,5.5));
#6697=CARTESIAN_POINT('',(-1.76161199885049,-32.9150872825266,7.5));
#6698=CARTESIAN_POINT('',(-1.76161199885049,-32.9150872825266,9.5));
#6699=CARTESIAN_POINT('',(-1.76161199885049,-30.9150872825266,9.5));
#6700=CARTESIAN_POINT('',(-1.76161199885049,-30.9150872825266,5.5));
#6701=CARTESIAN_POINT('',(0.238388001149509,-32.9150872825266,5.5));
#6702=CARTESIAN_POINT('',(0.238388001149509,-32.9150872825266,7.5));
#6703=CARTESIAN_POINT('',(0.238388001149509,-32.9150872825266,9.5));
#6704=CARTESIAN_POINT('',(-1.76161199885049,-30.9150872825266,9.5));
#6705=CARTESIAN_POINT('',(-1.76161199885049,-30.9150872825266,5.5));
#6706=CARTESIAN_POINT('',(0.23838800114951,-30.9150872825266,5.5));
#6707=CARTESIAN_POINT('',(0.23838800114951,-30.9150872825266,7.5));
#6708=CARTESIAN_POINT('',(0.23838800114951,-30.9150872825266,9.5));
#6709=CARTESIAN_POINT('',(-1.76161199885049,-30.9150872825266,9.5));
#6710=CARTESIAN_POINT('',(-1.76161199885049,-30.9150872825266,5.5));
#6711=CARTESIAN_POINT('',(0.23838800114951,-28.9150872825266,5.5));
#6712=CARTESIAN_POINT('',(0.23838800114951,-28.9150872825266,7.5));
#6713=CARTESIAN_POINT('',(0.23838800114951,-28.9150872825266,9.5));
#6714=CARTESIAN_POINT('',(-1.76161199885049,-30.9150872825266,9.5));
#6715=CARTESIAN_POINT('',(-1.76161199885049,-30.9150872825266,5.5));
#6716=CARTESIAN_POINT('',(-1.76161199885049,-28.9150872825266,5.5));
#6717=CARTESIAN_POINT('',(-1.76161199885049,-28.9150872825266,7.5));
#6718=CARTESIAN_POINT('',(-1.76161199885049,-28.9150872825266,9.5));
#6719=CARTESIAN_POINT('',(-1.76161199885049,-30.9150872825266,9.5));
#6720=CARTESIAN_POINT('',(-1.76161199885049,-30.9150872825266,5.5));
#6721=CARTESIAN_POINT('',(-3.76161199885049,-28.9150872825266,5.5));
#6722=CARTESIAN_POINT('',(-3.76161199885049,-28.9150872825266,7.5));
#6723=CARTESIAN_POINT('',(-3.76161199885049,-28.9150872825266,9.5));
#6724=CARTESIAN_POINT('',(-1.76161199885049,-30.9150872825266,9.5));
#6725=CARTESIAN_POINT('',(-1.76161199885049,-30.9150872825266,5.5));
#6726=CARTESIAN_POINT('',(-3.76161199885049,-30.9150872825266,5.5));
#6727=CARTESIAN_POINT('',(-3.76161199885049,-30.9150872825266,7.5));
#6728=CARTESIAN_POINT('',(-3.76161199885049,-30.9150872825266,9.5));
#6729=CARTESIAN_POINT('',(-1.76161199885049,-30.9150872825266,9.5));
#6730=CARTESIAN_POINT('',(-19.0674739823386,-12.4282489887075,5.5));
#6731=CARTESIAN_POINT('',(-19.2961173436656,-10.4413614193365,5.5));
#6732=CARTESIAN_POINT('',(-19.2961173436656,-10.4413614193365,7.5));
#6733=CARTESIAN_POINT('',(-19.2961173436656,-10.4413614193365,9.5));
#6734=CARTESIAN_POINT('',(-19.0674739823386,-12.4282489887075,9.5));
#6735=CARTESIAN_POINT('',(-19.0674739823386,-12.4282489887075,5.5));
#6736=CARTESIAN_POINT('',(-21.2830049130366,-10.6700047806635,5.5));
#6737=CARTESIAN_POINT('',(-21.2830049130366,-10.6700047806635,7.5));
#6738=CARTESIAN_POINT('',(-21.2830049130366,-10.6700047806635,9.5));
#6739=CARTESIAN_POINT('',(-19.0674739823386,-12.4282489887075,9.5));
#6740=CARTESIAN_POINT('',(-19.0674739823386,-12.4282489887075,5.5));
#6741=CARTESIAN_POINT('',(-21.0543615517096,-12.6568923500345,5.5));
#6742=CARTESIAN_POINT('',(-21.0543615517096,-12.6568923500345,7.5));
#6743=CARTESIAN_POINT('',(-21.0543615517096,-12.6568923500345,9.5));
#6744=CARTESIAN_POINT('',(-19.0674739823386,-12.4282489887075,9.5));
#6745=CARTESIAN_POINT('',(-19.0674739823386,-12.4282489887075,5.5));
#6746=CARTESIAN_POINT('',(-20.8257181903826,-14.6437799194055,5.5));
#6747=CARTESIAN_POINT('',(-20.8257181903826,-14.6437799194055,7.5));
#6748=CARTESIAN_POINT('',(-20.8257181903826,-14.6437799194055,9.5));
#6749=CARTESIAN_POINT('',(-19.0674739823386,-12.4282489887075,9.5));
#6750=CARTESIAN_POINT('',(-19.0674739823386,-12.4282489887075,5.5));
#6751=CARTESIAN_POINT('',(-18.8388306210116,-14.4151365580785,5.5));
#6752=CARTESIAN_POINT('',(-18.8388306210116,-14.4151365580785,7.5));
#6753=CARTESIAN_POINT('',(-18.8388306210116,-14.4151365580785,9.5));
#6754=CARTESIAN_POINT('',(-19.0674739823386,-12.4282489887075,9.5));
#6755=CARTESIAN_POINT('',(-19.0674739823386,-12.4282489887075,5.5));
#6756=CARTESIAN_POINT('',(-16.8519430516406,-14.1864931967515,5.5));
#6757=CARTESIAN_POINT('',(-16.8519430516406,-14.1864931967515,7.5));
#6758=CARTESIAN_POINT('',(-16.8519430516406,-14.1864931967515,9.5));
#6759=CARTESIAN_POINT('',(-19.0674739823386,-12.4282489887075,9.5));
#6760=CARTESIAN_POINT('',(-19.0674739823386,-12.4282489887075,5.5));
#6761=CARTESIAN_POINT('',(-17.0805864129676,-12.1996056273805,5.5));
#6762=CARTESIAN_POINT('',(-17.0805864129676,-12.1996056273805,7.5));
#6763=CARTESIAN_POINT('',(-17.0805864129676,-12.1996056273805,9.5));
#6764=CARTESIAN_POINT('',(-19.0674739823386,-12.4282489887075,9.5));
#6765=CARTESIAN_POINT('',(-19.0674739823386,-12.4282489887075,5.5));
#6766=CARTESIAN_POINT('',(-17.3092297742946,-10.2127180580095,5.5));
#6767=CARTESIAN_POINT('',(-17.3092297742946,-10.2127180580095,7.5));
#6768=CARTESIAN_POINT('',(-17.3092297742946,-10.2127180580095,9.5));
#6769=CARTESIAN_POINT('',(-19.0674739823386,-12.4282489887075,9.5));
#6770=CARTESIAN_POINT('',(-19.0674739823386,-12.4282489887075,5.5));
#6771=CARTESIAN_POINT('',(-19.2961173436656,-10.4413614193365,5.5));
#6772=CARTESIAN_POINT('',(-19.2961173436656,-10.4413614193365,7.5));
#6773=CARTESIAN_POINT('',(-19.2961173436656,-10.4413614193365,9.5));
#6774=CARTESIAN_POINT('',(-19.0674739823386,-12.4282489887075,9.5));
#6775=CARTESIAN_POINT('',(-13.3451990094082,-16.1770868091679,7.5));
#6776=CARTESIAN_POINT('',(-18.6952768971647,-9.74905827013568,7.5));
#6777=CARTESIAN_POINT('',(-13.3451990094082,-16.1770868091679,5.50000000000001));
#6778=CARTESIAN_POINT('',(-18.6952768971647,-9.74905827013568,5.50000000000001));
#6779=CARTESIAN_POINT('',(-14.8824189981814,-17.456522116683,5.50000000000001));
#6780=CARTESIAN_POINT('',(-20.2324968859379,-11.0284935776508,5.50000000000001));
#6781=CARTESIAN_POINT('',(-16.4196389869545,-18.7359574241981,5.50000000000001));
#6782=CARTESIAN_POINT('',(-21.769716874711,-12.3079288851659,5.50000000000001));
#6783=CARTESIAN_POINT('',(-16.4196389869545,-18.7359574241981,7.5));
#6784=CARTESIAN_POINT('',(-21.769716874711,-12.3079288851659,7.5));
#6785=CARTESIAN_POINT('',(-16.4196389869545,-18.7359574241981,9.49999999999999));
#6786=CARTESIAN_POINT('',(-21.769716874711,-12.3079288851659,9.49999999999999));
#6787=CARTESIAN_POINT('',(-14.8824189981814,-17.456522116683,9.49999999999999));
#6788=CARTESIAN_POINT('',(-20.2324968859379,-11.0284935776508,9.49999999999999));
#6789=CARTESIAN_POINT('',(-13.3451990094082,-16.1770868091679,9.49999999999999));
#6790=CARTESIAN_POINT('',(-18.6952768971647,-9.74905827013568,9.49999999999999));
#6791=CARTESIAN_POINT('',(-13.3451990094082,-16.1770868091679,7.5));
#6792=CARTESIAN_POINT('',(-18.6952768971647,-9.74905827013568,7.5));
#6793=CARTESIAN_POINT('',(-16.0474419017799,-16.0567667056271,5.5));
#6794=CARTESIAN_POINT('',(-14.0474419017799,-16.0567667056271,5.5));
#6795=CARTESIAN_POINT('',(-14.0474419017799,-16.0567667056271,7.5));
#6796=CARTESIAN_POINT('',(-14.0474419017799,-16.0567667056271,9.5));
#6797=CARTESIAN_POINT('',(-16.0474419017799,-16.0567667056271,9.5));
#6798=CARTESIAN_POINT('',(-16.0474419017799,-16.0567667056271,5.5));
#6799=CARTESIAN_POINT('',(-14.0474419017799,-14.0567667056271,5.5));
#6800=CARTESIAN_POINT('',(-14.0474419017799,-14.0567667056271,7.5));
#6801=CARTESIAN_POINT('',(-14.0474419017799,-14.0567667056271,9.5));
#6802=CARTESIAN_POINT('',(-16.0474419017799,-16.0567667056271,9.5));
#6803=CARTESIAN_POINT('',(-16.0474419017799,-16.0567667056271,5.5));
#6804=CARTESIAN_POINT('',(-16.0474419017799,-14.0567667056271,5.5));
#6805=CARTESIAN_POINT('',(-16.0474419017799,-14.0567667056271,7.5));
#6806=CARTESIAN_POINT('',(-16.0474419017799,-14.0567667056271,9.5));
#6807=CARTESIAN_POINT('',(-16.0474419017799,-16.0567667056271,9.5));
#6808=CARTESIAN_POINT('',(-16.0474419017799,-16.0567667056271,5.5));
#6809=CARTESIAN_POINT('',(-18.0474419017799,-14.0567667056271,5.5));
#6810=CARTESIAN_POINT('',(-18.0474419017799,-14.0567667056271,7.5));
#6811=CARTESIAN_POINT('',(-18.0474419017799,-14.0567667056271,9.5));
#6812=CARTESIAN_POINT('',(-16.0474419017799,-16.0567667056271,9.5));
#6813=CARTESIAN_POINT('',(-16.0474419017799,-16.0567667056271,5.5));
#6814=CARTESIAN_POINT('',(-18.0474419017799,-16.0567667056271,5.5));
#6815=CARTESIAN_POINT('',(-18.0474419017799,-16.0567667056271,7.5));
#6816=CARTESIAN_POINT('',(-18.0474419017799,-16.0567667056271,9.5));
#6817=CARTESIAN_POINT('',(-16.0474419017799,-16.0567667056271,9.5));
#6818=CARTESIAN_POINT('',(-16.0474419017799,-16.0567667056271,5.5));
#6819=CARTESIAN_POINT('',(-18.0474419017799,-18.0567667056271,5.5));
#6820=CARTESIAN_POINT('',(-18.0474419017799,-18.0567667056271,7.5));
#6821=CARTESIAN_POINT('',(-18.0474419017799,-18.0567667056271,9.5));
#6822=CARTESIAN_POINT('',(-16.0474419017799,-16.0567667056271,9.5));
#6823=CARTESIAN_POINT('',(-16.0474419017799,-16.0567667056271,5.5));
#6824=CARTESIAN_POINT('',(-16.0474419017799,-18.0567667056271,5.5));
#6825=CARTESIAN_POINT('',(-16.0474419017799,-18.0567667056271,7.5));
#6826=CARTESIAN_POINT('',(-16.0474419017799,-18.0567667056271,9.5));
#6827=CARTESIAN_POINT('',(-16.0474419017799,-16.0567667056271,9.5));
#6828=CARTESIAN_POINT('',(-16.0474419017799,-16.0567667056271,5.5));
#6829=CARTESIAN_POINT('',(-14.0474419017799,-18.0567667056271,5.5));
#6830=CARTESIAN_POINT('',(-14.0474419017799,-18.0567667056271,7.5));
#6831=CARTESIAN_POINT('',(-14.0474419017799,-18.0567667056271,9.5));
#6832=CARTESIAN_POINT('',(-16.0474419017799,-16.0567667056271,9.5));
#6833=CARTESIAN_POINT('',(-16.0474419017799,-16.0567667056271,5.5));
#6834=CARTESIAN_POINT('',(-14.0474419017799,-16.0567667056271,5.5));
#6835=CARTESIAN_POINT('',(-14.0474419017799,-16.0567667056271,7.5));
#6836=CARTESIAN_POINT('',(-14.0474419017799,-16.0567667056271,9.5));
#6837=CARTESIAN_POINT('',(-16.0474419017799,-16.0567667056271,9.5));
#6838=CARTESIAN_POINT('',(0.,2.6,10.57));
#6839=CARTESIAN_POINT('',(2.6,2.6,10.57));
#6840=CARTESIAN_POINT('',(2.6,0.,10.57));
#6841=CARTESIAN_POINT('',(2.6,-2.6,10.57));
#6842=CARTESIAN_POINT('',(0.,-2.6,10.57));
#6843=CARTESIAN_POINT('',(-2.6,-2.6,10.57));
#6844=CARTESIAN_POINT('',(-2.6,0.,10.57));
#6845=CARTESIAN_POINT('',(-2.6,2.6,10.57));
#6846=CARTESIAN_POINT('',(0.,2.6,10.57));
#6847=CARTESIAN_POINT('',(0.,2.6,-1.07));
#6848=CARTESIAN_POINT('',(2.6,2.6,-1.07));
#6849=CARTESIAN_POINT('',(2.6,0.,-1.07));
#6850=CARTESIAN_POINT('',(2.6,-2.6,-1.07));
#6851=CARTESIAN_POINT('',(0.,-2.6,-1.07));
#6852=CARTESIAN_POINT('',(-2.6,-2.6,-1.07));
#6853=CARTESIAN_POINT('',(-2.6,0.,-1.07));
#6854=CARTESIAN_POINT('',(-2.6,2.6,-1.07));
#6855=CARTESIAN_POINT('',(0.,2.6,-1.07));
#6856=CARTESIAN_POINT('',(-16.0474419017798,-14.0567667056271,7.97));
#6857=CARTESIAN_POINT('',(-16.0474419017798,-14.0567667056271,3.53));
#6858=CARTESIAN_POINT('',(-14.0474419017798,-14.0567667056271,7.97));
#6859=CARTESIAN_POINT('',(-14.0474419017798,-14.0567667056271,3.53));
#6860=CARTESIAN_POINT('',(-14.0474419017798,-16.0567667056271,7.97));
#6861=CARTESIAN_POINT('',(-14.0474419017798,-16.0567667056271,3.53));
#6862=CARTESIAN_POINT('',(-14.0474419017798,-18.0567667056271,7.97));
#6863=CARTESIAN_POINT('',(-14.0474419017798,-18.0567667056271,3.53));
#6864=CARTESIAN_POINT('',(-16.0474419017798,-18.0567667056271,7.97));
#6865=CARTESIAN_POINT('',(-16.0474419017798,-18.0567667056271,3.53));
#6866=CARTESIAN_POINT('',(-18.0474419017798,-18.0567667056271,7.97));
#6867=CARTESIAN_POINT('',(-18.0474419017798,-18.0567667056271,3.53));
#6868=CARTESIAN_POINT('',(-18.0474419017798,-16.0567667056271,7.97));
#6869=CARTESIAN_POINT('',(-18.0474419017798,-16.0567667056271,3.53));
#6870=CARTESIAN_POINT('',(-18.0474419017798,-14.0567667056271,7.97));
#6871=CARTESIAN_POINT('',(-18.0474419017798,-14.0567667056271,3.53));
#6872=CARTESIAN_POINT('',(-16.0474419017798,-14.0567667056271,7.97));
#6873=CARTESIAN_POINT('',(-16.0474419017798,-14.0567667056271,3.53));
#6874=CARTESIAN_POINT('',(-21.0148090262228,-13.2149379598425,3.53));
#6875=CARTESIAN_POINT('',(-21.0148090262228,-13.2149379598425,7.97));
#6876=CARTESIAN_POINT('',(-17.174546835442,-17.8289483495223,3.53));
#6877=CARTESIAN_POINT('',(-17.174546835442,-17.8289483495223,7.97));
#6878=CARTESIAN_POINT('',(-20.6046939711118,-13.7076842962226,7.5));
#6879=CARTESIAN_POINT('',(-20.6046939711118,-13.7076842962226,4.));
#6880=CARTESIAN_POINT('',(-21.1288852594979,-13.0778772854931,7.5));
#6881=CARTESIAN_POINT('',(-21.1288852594979,-13.0778772854931,4.));
#6882=CARTESIAN_POINT('',(-21.2225616317622,-12.2638391322943,7.5));
#6883=CARTESIAN_POINT('',(-21.2225616317622,-12.2638391322943,4.));
#6884=CARTESIAN_POINT('',(-20.8551292126535,-11.5314275028319,7.5));
#6885=CARTESIAN_POINT('',(-20.8551292126535,-11.5314275028319,4.));
#6886=CARTESIAN_POINT('',(-20.6935435487698,-11.2093350220709,7.5));
#6887=CARTESIAN_POINT('',(-20.6935435487698,-11.2093350220709,4.));
#6888=CARTESIAN_POINT('',(-20.5318712167072,-10.887345613991,7.5));
#6889=CARTESIAN_POINT('',(-20.5318712167072,-10.887345613991,4.));
#6890=CARTESIAN_POINT('',(-20.3700417308055,-10.5654193772993,7.5));
#6891=CARTESIAN_POINT('',(-20.3700417308055,-10.5654193772993,4.));
#6892=CARTESIAN_POINT('',(-20.2084690278009,-10.2440039569847,7.5));
#6893=CARTESIAN_POINT('',(-20.2084690278009,-10.2440039569847,4.));
#6894=CARTESIAN_POINT('',(-20.0467397532507,-9.92265146807312,7.5));
#6895=CARTESIAN_POINT('',(-20.0467397532507,-9.92265146807312,4.));
#6896=CARTESIAN_POINT('',(-19.8847993490888,-9.60137166918056,7.5));
#6897=CARTESIAN_POINT('',(-19.8847993490888,-9.60137166918056,4.));
#6898=CARTESIAN_POINT('',(-19.7438322299665,-9.32170157747948,7.5));
#6899=CARTESIAN_POINT('',(-19.7438322299665,-9.32170157747948,4.));
#6900=CARTESIAN_POINT('',(-19.6027054063858,-9.04208730515831,7.5));
#6901=CARTESIAN_POINT('',(-19.6027054063858,-9.04208730515831,4.));
#6902=CARTESIAN_POINT('',(-19.4613917222971,-8.76256622384616,7.5));
#6903=CARTESIAN_POINT('',(-19.4613917222971,-8.76256622384616,4.));
#6904=CARTESIAN_POINT('',(-19.3244940908361,-8.49178017632501,7.5));
#6905=CARTESIAN_POINT('',(-19.3244940908361,-8.49178017632501,4.));
#6906=CARTESIAN_POINT('',(-19.1874211823742,-8.22108171016147,7.5));
#6907=CARTESIAN_POINT('',(-19.1874211823742,-8.22108171016147,4.));
#6908=CARTESIAN_POINT('',(-19.0501549313071,-7.95053085781598,7.5));
#6909=CARTESIAN_POINT('',(-19.0501549313071,-7.95053085781598,4.));
#6910=CARTESIAN_POINT('',(-18.9663504158443,-7.78535272471628,7.5));
#6911=CARTESIAN_POINT('',(-18.9663504158443,-7.78535272471628,4.));
#6912=CARTESIAN_POINT('',(-18.8824787623106,-7.62023955867897,7.5));
#6913=CARTESIAN_POINT('',(-18.8824787623106,-7.62023955867897,4.));
#6914=CARTESIAN_POINT('',(-18.7985219138517,-7.45518024551814,7.5));
#6915=CARTESIAN_POINT('',(-18.7985219138517,-7.45518024551814,4.));
#6916=CARTESIAN_POINT('',(-18.6560497152662,-7.17507965009675,7.5));
#6917=CARTESIAN_POINT('',(-18.6560497152662,-7.17507965009675,4.));
#6918=CARTESIAN_POINT('',(-18.5133304987045,-6.89512953276776,7.5));
#6919=CARTESIAN_POINT('',(-18.5133304987045,-6.89512953276776,4.));
#6920=CARTESIAN_POINT('',(-18.3702824986673,-6.61530548248012,7.5));
#6921=CARTESIAN_POINT('',(-18.3702824986673,-6.61530548248012,4.));
#6922=CARTESIAN_POINT('',(-18.2274399506989,-6.33588332826944,7.5));
#6923=CARTESIAN_POINT('',(-18.2274399506989,-6.33588332826944,4.));
#6924=CARTESIAN_POINT('',(-18.0842696680627,-6.05658683963015,7.5));
#6925=CARTESIAN_POINT('',(-18.0842696680627,-6.05658683963015,4.));
#6926=CARTESIAN_POINT('',(-17.9407032399432,-5.77744195593983,7.5));
#6927=CARTESIAN_POINT('',(-17.9407032399432,-5.77744195593983,4.));
#6928=CARTESIAN_POINT('',(-17.8178955656327,-5.53865957198907,7.5));
#6929=CARTESIAN_POINT('',(-17.8178955656327,-5.53865957198907,4.));
#6930=CARTESIAN_POINT('',(-17.6947982814283,-5.29998892804429,7.5));
#6931=CARTESIAN_POINT('',(-17.6947982814283,-5.29998892804429,4.));
#6932=CARTESIAN_POINT('',(-17.5713751816275,-5.06147581037759,7.5));
#6933=CARTESIAN_POINT('',(-17.5713751816275,-5.06147581037759,4.));
#6934=CARTESIAN_POINT('',(-17.4518090536954,-4.83041622763797,7.5));
#6935=CARTESIAN_POINT('',(-17.4518090536954,-4.83041622763797,4.));
#6936=CARTESIAN_POINT('',(-17.3319372399184,-4.59950459942491,7.5));
#6937=CARTESIAN_POINT('',(-17.3319372399184,-4.59950459942491,4.));
#6938=CARTESIAN_POINT('',(-17.2117314263856,-4.36880717437959,7.5));
#6939=CARTESIAN_POINT('',(-17.2117314263856,-4.36880717437959,4.));
#6940=CARTESIAN_POINT('',(-17.1467487841703,-4.24409333741026,7.5));
#6941=CARTESIAN_POINT('',(-17.1467487841703,-4.24409333741026,4.));
#6942=CARTESIAN_POINT('',(-17.0816729373156,-4.11945080839671,7.5));
#6943=CARTESIAN_POINT('',(-17.0816729373156,-4.11945080839671,4.));
#6944=CARTESIAN_POINT('',(-17.0164911407866,-3.9948763048025,7.5));
#6945=CARTESIAN_POINT('',(-17.0164911407866,-3.9948763048025,4.));
#6946=CARTESIAN_POINT('',(-16.8890134960239,-3.75124288011494,7.5));
#6947=CARTESIAN_POINT('',(-16.8890134960239,-3.75124288011494,4.));
#6948=CARTESIAN_POINT('',(-16.7611282313225,-3.50786319017917,7.5));
#6949=CARTESIAN_POINT('',(-16.7611282313225,-3.50786319017917,4.));
#6950=CARTESIAN_POINT('',(-16.6327381982129,-3.26473097036678,7.5));
#6951=CARTESIAN_POINT('',(-16.6327381982129,-3.26473097036678,4.));
#6952=CARTESIAN_POINT('',(-16.5044971476856,-3.02188087888694,7.5));
#6953=CARTESIAN_POINT('',(-16.5044971476856,-3.02188087888694,4.));
#6954=CARTESIAN_POINT('',(-16.3757526339003,-2.77927764720799,7.5));
#6955=CARTESIAN_POINT('',(-16.3757526339003,-2.77927764720799,4.));
#6956=CARTESIAN_POINT('',(-16.2464175811787,-2.53696606343303,7.5));
#6957=CARTESIAN_POINT('',(-16.2464175811787,-2.53696606343303,4.));
#6958=CARTESIAN_POINT('',(-16.117131336392,-2.29474592221586,7.5));
#6959=CARTESIAN_POINT('',(-16.117131336392,-2.29474592221586,4.));
#6960=CARTESIAN_POINT('',(-15.9872551584919,-2.05281717868888,7.5));
#6961=CARTESIAN_POINT('',(-15.9872551584919,-2.05281717868888,4.));
#6962=CARTESIAN_POINT('',(-15.8567096028973,-1.81127610543874,7.5));
#6963=CARTESIAN_POINT('',(-15.8567096028973,-1.81127610543874,4.));
#6964=CARTESIAN_POINT('',(-15.7512437014538,-1.61613850071588,7.5));
#6965=CARTESIAN_POINT('',(-15.7512437014538,-1.61613850071588,4.));
#6966=CARTESIAN_POINT('',(-15.645341098411,-1.42125489262067,7.5));
#6967=CARTESIAN_POINT('',(-15.645341098411,-1.42125489262067,4.));
#6968=CARTESIAN_POINT('',(-15.5389623180143,-1.22670077516703,7.5));
#6969=CARTESIAN_POINT('',(-15.5389623180143,-1.22670077516703,4.));
#6970=CARTESIAN_POINT('',(-15.4623587832697,-1.08660203516932,7.5));
#6971=CARTESIAN_POINT('',(-15.4623587832697,-1.08660203516932,4.));
#6972=CARTESIAN_POINT('',(-15.3855083767426,-0.946674612255531,7.5));
#6973=CARTESIAN_POINT('',(-15.3855083767426,-0.946674612255531,4.));
#6974=CARTESIAN_POINT('',(-15.3083967163253,-0.806953807602632,7.5));
#6975=CARTESIAN_POINT('',(-15.3083967163253,-0.806953807602632,4.));
#6976=CARTESIAN_POINT('',(-15.2512392911267,-0.703388647710895,7.5));
#6977=CARTESIAN_POINT('',(-15.2512392911267,-0.703388647710895,4.));
#6978=CARTESIAN_POINT('',(-15.1939339966794,-0.599929227059402,7.5));
#6979=CARTESIAN_POINT('',(-15.1939339966794,-0.599929227059402,4.));
#6980=CARTESIAN_POINT('',(-15.1364658755721,-0.496575933019411,7.5));
#6981=CARTESIAN_POINT('',(-15.1364658755721,-0.496575933019411,4.));
#6982=CARTESIAN_POINT('',(-15.0196663849791,-0.286518393945638,7.5));
#6983=CARTESIAN_POINT('',(-15.0196663849791,-0.286518393945638,4.));
#6984=CARTESIAN_POINT('',(-14.9021950311646,-0.0768977935363289,7.5));
#6985=CARTESIAN_POINT('',(-14.9021950311646,-0.0768977935363289,4.));
#6986=CARTESIAN_POINT('',(-14.7839366909542,0.132232693564799,7.5));
#6987=CARTESIAN_POINT('',(-14.7839366909542,0.132232693564799,4.));
#6988=CARTESIAN_POINT('',(-14.6657226188983,0.341284895949009,7.5));
#6989=CARTESIAN_POINT('',(-14.6657226188983,0.341284895949009,4.));
#6990=CARTESIAN_POINT('',(-14.5467223519492,0.549847369289591,7.5));
#6991=CARTESIAN_POINT('',(-14.5467223519492,0.549847369289591,4.));
#6992=CARTESIAN_POINT('',(-14.4268241041551,0.757815016642176,7.5));
#6993=CARTESIAN_POINT('',(-14.4268241041551,0.757815016642176,4.));
#6994=CARTESIAN_POINT('',(-14.3572042944449,0.878572978505169,7.5));
#6995=CARTESIAN_POINT('',(-14.3572042944449,0.878572978505169,4.));
#6996=CARTESIAN_POINT('',(-14.2872828938967,0.999127482572909,7.5));
#6997=CARTESIAN_POINT('',(-14.2872828938967,0.999127482572909,4.));
#6998=CARTESIAN_POINT('',(-14.2170346133799,1.11945580867516,7.5));
#6999=CARTESIAN_POINT('',(-14.2170346133799,1.11945580867516,4.));
#7000=CARTESIAN_POINT('',(-14.1074540709869,1.30715639212752,7.5));
#7001=CARTESIAN_POINT('',(-14.1074540709869,1.30715639212752,4.));
#7002=CARTESIAN_POINT('',(-13.9970718322781,1.49432010633107,7.5));
#7003=CARTESIAN_POINT('',(-13.9970718322781,1.49432010633107,4.));
#7004=CARTESIAN_POINT('',(-13.8857485788105,1.6808980305053,7.5));
#7005=CARTESIAN_POINT('',(-13.8857485788105,1.6808980305053,4.));
#7006=CARTESIAN_POINT('',(-13.7745129304925,1.86732912832959,7.5));
#7007=CARTESIAN_POINT('',(-13.7745129304925,1.86732912832959,4.));
#7008=CARTESIAN_POINT('',(-13.6623379774475,2.05317536511156,7.5));
#7009=CARTESIAN_POINT('',(-13.6623379774475,2.05317536511156,4.));
#7010=CARTESIAN_POINT('',(-13.5490849456096,2.23833591993616,7.5));
#7011=CARTESIAN_POINT('',(-13.5490849456096,2.23833591993616,4.));
#7012=CARTESIAN_POINT('',(-13.4510910286572,2.39854892031152,7.5));
#7013=CARTESIAN_POINT('',(-13.4510910286572,2.39854892031152,4.));
#7014=CARTESIAN_POINT('',(-13.352289662627,2.55824841073552,7.5));
#7015=CARTESIAN_POINT('',(-13.352289662627,2.55824841073552,4.));
#7016=CARTESIAN_POINT('',(-13.2525902567586,2.71733548105236,7.5));
#7017=CARTESIAN_POINT('',(-13.2525902567586,2.71733548105236,4.));
#7018=CARTESIAN_POINT('',(-13.147887643473,2.88440600526494,7.5));
#7019=CARTESIAN_POINT('',(-13.147887643473,2.88440600526494,4.));
#7020=CARTESIAN_POINT('',(-13.0421939851736,3.05080357980374,7.5));
#7021=CARTESIAN_POINT('',(-13.0421939851736,3.05080357980374,4.));
#7022=CARTESIAN_POINT('',(-12.9353426089469,3.21646473284338,7.5));
#7023=CARTESIAN_POINT('',(-12.9353426089469,3.21646473284338,4.));
#7024=CARTESIAN_POINT('',(-12.8286455660096,3.3818866093141,7.5));
#7025=CARTESIAN_POINT('',(-12.8286455660096,3.3818866093141,4.));
#7026=CARTESIAN_POINT('',(-12.7207944241734,3.54657417267655,7.5));
#7027=CARTESIAN_POINT('',(-12.7207944241734,3.54657417267655,4.));
#7028=CARTESIAN_POINT('',(-12.6116185756059,3.71041252227813,7.5));
#7029=CARTESIAN_POINT('',(-12.6116185756059,3.71041252227813,4.));
#7030=CARTESIAN_POINT('',(-12.5035095459648,3.8726499147585,7.5));
#7031=CARTESIAN_POINT('',(-12.5035095459648,3.8726499147585,4.));
#7032=CARTESIAN_POINT('',(-12.3941018778871,4.03405449276053,7.5));
#7033=CARTESIAN_POINT('',(-12.3941018778871,4.03405449276053,4.));
#7034=CARTESIAN_POINT('',(-12.283221025258,4.19446505312719,7.5));
#7035=CARTESIAN_POINT('',(-12.283221025258,4.19446505312719,4.));
#7036=CARTESIAN_POINT('',(-12.2254662688416,4.27801845861539,7.5));
#7037=CARTESIAN_POINT('',(-12.2254662688416,4.27801845861539,4.));
#7038=CARTESIAN_POINT('',(-12.1673120248319,4.36130083416992,7.5));
#7039=CARTESIAN_POINT('',(-12.1673120248319,4.36130083416992,4.));
#7040=CARTESIAN_POINT('',(-12.108731606006,4.44428502472583,7.5));
#7041=CARTESIAN_POINT('',(-12.108731606006,4.44428502472583,4.));
#7042=CARTESIAN_POINT('',(-12.0091777555961,4.58531159740272,7.5));
#7043=CARTESIAN_POINT('',(-12.0091777555961,4.58531159740272,4.));
#7044=CARTESIAN_POINT('',(-11.9083860983692,4.72549083860811,7.5));
#7045=CARTESIAN_POINT('',(-11.9083860983692,4.72549083860811,4.));
#7046=CARTESIAN_POINT('',(-11.8061456795163,4.86475743362609,7.5));
#7047=CARTESIAN_POINT('',(-11.8061456795163,4.86475743362609,4.));
#7048=CARTESIAN_POINT('',(-11.7042588648907,5.0035423673083,7.5));
#7049=CARTESIAN_POINT('',(-11.7042588648907,5.0035423673083,4.));
#7050=CARTESIAN_POINT('',(-11.6009336244433,5.14142089771448,7.5));
#7051=CARTESIAN_POINT('',(-11.6009336244433,5.14142089771448,4.));
#7052=CARTESIAN_POINT('',(-11.4959500980007,5.27827798942595,7.5));
#7053=CARTESIAN_POINT('',(-11.4959500980007,5.27827798942595,4.));
#7054=CARTESIAN_POINT('',(-11.3915046875236,5.41443359026045,7.5));
#7055=CARTESIAN_POINT('',(-11.3915046875236,5.41443359026045,4.));
#7056=CARTESIAN_POINT('',(-11.2854183271749,5.54957808997821,7.5));
#7057=CARTESIAN_POINT('',(-11.2854183271749,5.54957808997821,4.));
#7058=CARTESIAN_POINT('',(-11.1774582306218,5.68354949603173,7.5));
#7059=CARTESIAN_POINT('',(-11.1774582306218,5.68354949603173,4.));
#7060=CARTESIAN_POINT('',(-11.1072014957726,5.77073350061289,7.5));
#7061=CARTESIAN_POINT('',(-11.1072014957726,5.77073350061289,4.));
#7062=CARTESIAN_POINT('',(-11.0361509035593,5.85741971379724,7.5));
#7063=CARTESIAN_POINT('',(-11.0361509035593,5.85741971379724,4.));
#7064=CARTESIAN_POINT('',(-10.9642373139356,5.94355269271858,7.5));
#7065=CARTESIAN_POINT('',(-10.9642373139356,5.94355269271858,4.));
#7066=CARTESIAN_POINT('',(-10.9052318959972,6.01422518238455,7.5));
#7067=CARTESIAN_POINT('',(-10.9052318959972,6.01422518238455,4.));
#7068=CARTESIAN_POINT('',(-10.8456395833457,6.08453193033783,7.5));
#7069=CARTESIAN_POINT('',(-10.8456395833457,6.08453193033783,4.));
#7070=CARTESIAN_POINT('',(-10.7854301547196,6.15442579016625,7.5));
#7071=CARTESIAN_POINT('',(-10.7854301547196,6.15442579016625,4.));
#7072=CARTESIAN_POINT('',(-10.6668152727343,6.29211937278653,7.5));
#7073=CARTESIAN_POINT('',(-10.6668152727343,6.29211937278653,4.));
#7074=CARTESIAN_POINT('',(-10.5458099641731,6.42820979298788,7.5));
#7075=CARTESIAN_POINT('',(-10.5458099641731,6.42820979298788,4.));
#7076=CARTESIAN_POINT('',(-10.4221617445871,6.56230550395885,7.5));
#7077=CARTESIAN_POINT('',(-10.4221617445871,6.56230550395885,4.));
#7078=CARTESIAN_POINT('',(-10.3684652385085,6.6205390246952,7.5));
#7079=CARTESIAN_POINT('',(-10.3684652385085,6.6205390246952,4.));
#7080=CARTESIAN_POINT('',(-10.3142701754092,6.67839560886476,7.5));
#7081=CARTESIAN_POINT('',(-10.3142701754092,6.67839560886476,4.));
#7082=CARTESIAN_POINT('',(-10.2595514704474,6.73584356623635,7.5));
#7083=CARTESIAN_POINT('',(-10.2595514704474,6.73584356623635,4.));
#7084=CARTESIAN_POINT('',(-10.1645368130927,6.83559735224441,7.5));
#7085=CARTESIAN_POINT('',(-10.1645368130927,6.83559735224441,4.));
#7086=CARTESIAN_POINT('',(-10.0679500309166,6.93410894812239,7.5));
#7087=CARTESIAN_POINT('',(-10.0679500309166,6.93410894812239,4.));
#7088=CARTESIAN_POINT('',(-9.96986221694969,7.03100721737568,7.5));
#7089=CARTESIAN_POINT('',(-9.96986221694969,7.03100721737568,4.));
#7090=CARTESIAN_POINT('',(-9.89007203808978,7.10982975324688,7.5));
#7091=CARTESIAN_POINT('',(-9.89007203808978,7.10982975324688,4.));
#7092=CARTESIAN_POINT('',(-9.8092882137411,7.1875855970747,7.5));
#7093=CARTESIAN_POINT('',(-9.8092882137411,7.1875855970747,4.));
#7094=CARTESIAN_POINT('',(-9.72754006272406,7.26409884319272,7.5));
#7095=CARTESIAN_POINT('',(-9.72754006272406,7.26409884319272,4.));
#7096=CARTESIAN_POINT('',(-9.66554228178345,7.32212647333312,7.5));
#7097=CARTESIAN_POINT('',(-9.66554228178345,7.32212647333312,4.));
#7098=CARTESIAN_POINT('',(-9.6029893691033,7.379440112659,7.5));
#7099=CARTESIAN_POINT('',(-9.6029893691033,7.379440112659,4.));
#7100=CARTESIAN_POINT('',(-9.53989227188986,7.43597050885146,7.5));
#7101=CARTESIAN_POINT('',(-9.53989227188986,7.43597050885146,4.));
#7102=CARTESIAN_POINT('',(-9.40861233479877,7.55358775566037,7.5));
#7103=CARTESIAN_POINT('',(-9.40861233479877,7.55358775566037,4.));
#7104=CARTESIAN_POINT('',(-9.274979016087,7.66781679522121,7.5));
#7105=CARTESIAN_POINT('',(-9.274979016087,7.66781679522121,4.));
#7106=CARTESIAN_POINT('',(-9.13866257333922,7.77842633868267,7.5));
#7107=CARTESIAN_POINT('',(-9.13866257333922,7.77842633868267,4.));
#7108=CARTESIAN_POINT('',(-9.04546072091023,7.85405195023129,7.5));
#7109=CARTESIAN_POINT('',(-9.04546072091023,7.85405195023129,4.));
#7110=CARTESIAN_POINT('',(-8.95100362654042,7.92798579735057,7.5));
#7111=CARTESIAN_POINT('',(-8.95100362654042,7.92798579735057,4.));
#7112=CARTESIAN_POINT('',(-8.85517190482918,8.00015816296758,7.5));
#7113=CARTESIAN_POINT('',(-8.85517190482918,8.00015816296758,4.));
#7114=CARTESIAN_POINT('',(-8.79261914863136,8.04726762014987,7.5));
#7115=CARTESIAN_POINT('',(-8.79261914863136,8.04726762014987,4.));
#7116=CARTESIAN_POINT('',(-8.7294772688957,8.09362890353898,7.5));
#7117=CARTESIAN_POINT('',(-8.7294772688957,8.09362890353898,4.));
#7118=CARTESIAN_POINT('',(-8.6657228724461,8.13921465631691,7.5));
#7119=CARTESIAN_POINT('',(-8.6657228724461,8.13921465631691,4.));
#7120=CARTESIAN_POINT('',(-8.54879954593759,8.22281732770922,7.5));
#7121=CARTESIAN_POINT('',(-8.54879954593759,8.22281732770922,4.));
#7122=CARTESIAN_POINT('',(-8.42982779991982,8.30380056625782,7.5));
#7123=CARTESIAN_POINT('',(-8.42982779991982,8.30380056625782,4.));
#7124=CARTESIAN_POINT('',(-8.30872505627075,8.38197444684165,7.5));
#7125=CARTESIAN_POINT('',(-8.30872505627075,8.38197444684165,4.));
#7126=CARTESIAN_POINT('',(-8.23374122424496,8.43037778564204,7.5));
#7127=CARTESIAN_POINT('',(-8.23374122424496,8.43037778564204,4.));
#7128=CARTESIAN_POINT('',(-8.15794002257663,8.47770503994181,7.5));
#7129=CARTESIAN_POINT('',(-8.15794002257663,8.47770503994181,4.));
#7130=CARTESIAN_POINT('',(-8.0812983564421,8.52392045890952,7.5));
#7131=CARTESIAN_POINT('',(-8.0812983564421,8.52392045890952,4.));
#7132=CARTESIAN_POINT('',(-8.02709749096219,8.55660393035402,7.5));
#7133=CARTESIAN_POINT('',(-8.02709749096219,8.55660393035402,4.));
#7134=CARTESIAN_POINT('',(-7.97247625849374,8.58873147210869,7.5));
#7135=CARTESIAN_POINT('',(-7.97247625849374,8.58873147210869,4.));
#7136=CARTESIAN_POINT('',(-7.91742567165407,8.62029262979199,7.5));
#7137=CARTESIAN_POINT('',(-7.91742567165407,8.62029262979199,4.));
#7138=CARTESIAN_POINT('',(-7.82657379512437,8.67237909363531,7.5));
#7139=CARTESIAN_POINT('',(-7.82657379512437,8.67237909363531,4.));
#7140=CARTESIAN_POINT('',(-7.73455306120703,8.72291820217984,7.5));
#7141=CARTESIAN_POINT('',(-7.73455306120703,8.72291820217984,4.));
#7142=CARTESIAN_POINT('',(-7.64156506639623,8.77175623394179,7.5));
#7143=CARTESIAN_POINT('',(-7.64156506639623,8.77175623394179,4.));
#7144=CARTESIAN_POINT('',(-7.54749890068657,8.82116052960383,7.5));
#7145=CARTESIAN_POINT('',(-7.54749890068657,8.82116052960383,4.));
#7146=CARTESIAN_POINT('',(-7.45244257242118,8.86882420890903,7.5));
#7147=CARTESIAN_POINT('',(-7.45244257242118,8.86882420890903,4.));
#7148=CARTESIAN_POINT('',(-7.35661639827663,8.91464068553994,7.5));
#7149=CARTESIAN_POINT('',(-7.35661639827663,8.91464068553994,4.));
#7150=CARTESIAN_POINT('',(-7.28573714445781,8.94852952337781,7.5));
#7151=CARTESIAN_POINT('',(-7.28573714445781,8.94852952337781,4.));
#7152=CARTESIAN_POINT('',(-7.21443692337706,8.98140887079483,7.5));
#7153=CARTESIAN_POINT('',(-7.21443692337706,8.98140887079483,4.));
#7154=CARTESIAN_POINT('',(-7.14281056987143,9.01325289304782,7.5));
#7155=CARTESIAN_POINT('',(-7.14281056987143,9.01325289304782,4.));
#7156=CARTESIAN_POINT('',(-7.08903847642018,9.03715917413913,7.5));
#7157=CARTESIAN_POINT('',(-7.08903847642018,9.03715917413913,4.));
#7158=CARTESIAN_POINT('',(-7.03508334211561,9.06048197584749,7.5));
#7159=CARTESIAN_POINT('',(-7.03508334211561,9.06048197584749,4.));
#7160=CARTESIAN_POINT('',(-6.98098538864781,9.0832162900122,7.5));
#7161=CARTESIAN_POINT('',(-6.98098538864781,9.0832162900122,4.));
#7162=CARTESIAN_POINT('',(-6.8123932744313,9.15406603283234,7.5));
#7163=CARTESIAN_POINT('',(-6.8123932744313,9.15406603283234,4.));
#7164=CARTESIAN_POINT('',(-6.64236553591282,9.21922136415499,7.5));
#7165=CARTESIAN_POINT('',(-6.64236553591282,9.21922136415499,4.));
#7166=CARTESIAN_POINT('',(-6.47081260170499,9.27916171852933,7.5));
#7167=CARTESIAN_POINT('',(-6.47081260170499,9.27916171852933,4.));
#7168=CARTESIAN_POINT('',(-6.34290615686825,9.32385205079138,7.5));
#7169=CARTESIAN_POINT('',(-6.34290615686825,9.32385205079138,4.));
#7170=CARTESIAN_POINT('',(-6.21415274362866,9.36564395444199,7.5));
#7171=CARTESIAN_POINT('',(-6.21415274362866,9.36564395444199,4.));
#7172=CARTESIAN_POINT('',(-6.08453352947222,9.40474136953655,7.5));
#7173=CARTESIAN_POINT('',(-6.08453352947222,9.40474136953655,4.));
#7174=CARTESIAN_POINT('',(-5.91966090770816,9.45447237101493,7.5));
#7175=CARTESIAN_POINT('',(-5.91966090770816,9.45447237101493,4.));
#7176=CARTESIAN_POINT('',(-5.75338838222347,9.49984162660348,7.5));
#7177=CARTESIAN_POINT('',(-5.75338838222347,9.49984162660348,4.));
#7178=CARTESIAN_POINT('',(-5.58581486345151,9.5412549487368,7.5));
#7179=CARTESIAN_POINT('',(-5.58581486345151,9.5412549487368,4.));
#7180=CARTESIAN_POINT('',(-5.47277952112134,9.5691899654308,7.5));
#7181=CARTESIAN_POINT('',(-5.47277952112134,9.5691899654308,4.));
#7182=CARTESIAN_POINT('',(-5.35915302056363,9.59532557694861,7.5));
#7183=CARTESIAN_POINT('',(-5.35915302056363,9.59532557694861,4.));
#7184=CARTESIAN_POINT('',(-5.24498101064697,9.61979000633885,7.5));
#7185=CARTESIAN_POINT('',(-5.24498101064697,9.61979000633885,4.));
#7186=CARTESIAN_POINT('',(-5.16340295011141,9.63727030385854,7.5));
#7187=CARTESIAN_POINT('',(-5.16340295011141,9.63727030385854,4.));
#7188=CARTESIAN_POINT('',(-5.08154429656225,9.65389790282043,7.5));
#7189=CARTESIAN_POINT('',(-5.08154429656225,9.65389790282043,4.));
#7190=CARTESIAN_POINT('',(-4.99943439314785,9.66971839728788,7.5));
#7191=CARTESIAN_POINT('',(-4.99943439314785,9.66971839728788,4.));
#7192=CARTESIAN_POINT('',(-4.85830530177862,9.69691039138799,7.5));
#7193=CARTESIAN_POINT('',(-4.85830530177862,9.69691039138799,4.));
#7194=CARTESIAN_POINT('',(-4.71644270228504,9.72171482474606,7.5));
#7195=CARTESIAN_POINT('',(-4.71644270228504,9.72171482474606,4.));
#7196=CARTESIAN_POINT('',(-4.57412263810554,9.74435563809357,7.5));
#7197=CARTESIAN_POINT('',(-4.57412263810554,9.74435563809357,4.));
#7198=CARTESIAN_POINT('',(-4.46038719587452,9.76244910181839,7.5));
#7199=CARTESIAN_POINT('',(-4.46038719587452,9.76244910181839,4.));
#7200=CARTESIAN_POINT('',(-4.34636049677625,9.77916117633594,7.5));
#7201=CARTESIAN_POINT('',(-4.34636049677625,9.77916117633594,4.));
#7202=CARTESIAN_POINT('',(-4.23220712983044,9.79461049161637,7.5));
#7203=CARTESIAN_POINT('',(-4.23220712983044,9.79461049161637,4.));
#7204=CARTESIAN_POINT('',(-4.16101282885515,9.80424580270149,7.5));
#7205=CARTESIAN_POINT('',(-4.16101282885515,9.80424580270149,4.));
#7206=CARTESIAN_POINT('',(-4.08977188793155,9.81338974002823,7.5));
#7207=CARTESIAN_POINT('',(-4.08977188793155,9.81338974002823,4.));
#7208=CARTESIAN_POINT('',(-4.01852120808797,9.82207230962554,7.5));
#7209=CARTESIAN_POINT('',(-4.01852120808797,9.82207230962554,4.));
#7210=CARTESIAN_POINT('',(-3.85171655260789,9.84239903539915,7.5));
#7211=CARTESIAN_POINT('',(-3.85171655260789,9.84239903539915,4.));
#7212=CARTESIAN_POINT('',(-3.68482210072726,9.86020627332282,7.5));
#7213=CARTESIAN_POINT('',(-3.68482210072726,9.86020627332282,4.));
#7214=CARTESIAN_POINT('',(-3.51782940522884,9.87590707082941,7.5));
#7215=CARTESIAN_POINT('',(-3.51782940522884,9.87590707082941,4.));
#7216=CARTESIAN_POINT('',(-3.34850323783615,9.89182726337952,7.5));
#7217=CARTESIAN_POINT('',(-3.34850323783615,9.89182726337952,4.));
#7218=CARTESIAN_POINT('',(-3.1790763292144,9.90558141908246,7.5));
#7219=CARTESIAN_POINT('',(-3.1790763292144,9.90558141908246,4.));
#7220=CARTESIAN_POINT('',(-3.00955362801654,9.91754378231474,7.5));
#7221=CARTESIAN_POINT('',(-3.00955362801654,9.91754378231474,4.));
#7222=CARTESIAN_POINT('',(-2.83498659334444,9.92986209875482,7.5));
#7223=CARTESIAN_POINT('',(-2.83498659334444,9.92986209875482,4.));
#7224=CARTESIAN_POINT('',(-2.66031822664737,9.94028021407098,7.5));
#7225=CARTESIAN_POINT('',(-2.66031822664737,9.94028021407098,4.));
#7226=CARTESIAN_POINT('',(-2.48556449980982,9.94915112946325,7.5));
#7227=CARTESIAN_POINT('',(-2.48556449980982,9.94915112946325,4.));
#7228=CARTESIAN_POINT('',(-2.33771108788479,9.956656520801,7.5));
#7229=CARTESIAN_POINT('',(-2.33771108788479,9.956656520801,4.));
#7230=CARTESIAN_POINT('',(-2.18979683789556,9.96305328872345,7.5));
#7231=CARTESIAN_POINT('',(-2.18979683789556,9.96305328872345,4.));
#7232=CARTESIAN_POINT('',(-2.04183510645506,9.96852726179229,7.5));
#7233=CARTESIAN_POINT('',(-2.04183510645506,9.96852726179229,3.99999999999999));
#7234=CARTESIAN_POINT('',(-1.89991210594689,9.97377782675301,7.5));
#7235=CARTESIAN_POINT('',(-1.89991210594689,9.97377782675301,3.99999999999999));
#7236=CARTESIAN_POINT('',(-1.75793665196647,9.97817942876452,7.5));
#7237=CARTESIAN_POINT('',(-1.75793665196647,9.97817942876452,3.99999999999999));
#7238=CARTESIAN_POINT('',(-1.61591779232101,9.98187612695011,7.5));
#7239=CARTESIAN_POINT('',(-1.61591779232101,9.98187612695011,3.99999999999999));
#7240=CARTESIAN_POINT('',(-1.42389238684781,9.98687447695639,7.5));
#7241=CARTESIAN_POINT('',(-1.42389238684781,9.98687447695639,3.99999999999999));
#7242=CARTESIAN_POINT('',(-1.231788343818,9.99058587970397,7.5));
#7243=CARTESIAN_POINT('',(-1.231788343818,9.99058587970397,3.99999999999999));
#7244=CARTESIAN_POINT('',(-1.03962922119892,9.99331664542056,7.5));
#7245=CARTESIAN_POINT('',(-1.03962922119892,9.99331664542056,3.99999999999999));
#7246=CARTESIAN_POINT('',(-0.83908331868548,9.99616659533563,7.5));
#7247=CARTESIAN_POINT('',(-0.83908331868548,9.99616659533563,3.99999999999999));
#7248=CARTESIAN_POINT('',(-0.638477798132232,9.99794824451403,7.5));
#7249=CARTESIAN_POINT('',(-0.638477798132232,9.99794824451403,3.99999999999999));
#7250=CARTESIAN_POINT('',(-0.437833450506957,9.99895222610632,7.5));
#7251=CARTESIAN_POINT('',(-0.437833450506957,9.99895222610632,3.99999999999999));
#7252=CARTESIAN_POINT('',(-0.291908125692947,9.99968240535978,7.5));
#7253=CARTESIAN_POINT('',(-0.291908125692947,9.99968240535978,3.99999999999999));
#7254=CARTESIAN_POINT('',(-0.145962146646935,10.,7.5));
#7255=CARTESIAN_POINT('',(-0.145962146646935,10.,3.99999999999999));
#7256=CARTESIAN_POINT('',(0.,10.,7.5));
#7257=CARTESIAN_POINT('',(0.,10.,3.99999999999999));
#7258=CARTESIAN_POINT('',(3.13859188527238,10.,7.49999999999999));
#7259=CARTESIAN_POINT('',(3.13859188527238,10.,3.99999999999999));
#7260=CARTESIAN_POINT('',(5.95867179197648,8.622354057785,7.49999999999999));
#7261=CARTESIAN_POINT('',(5.95867179197648,8.622354057785,3.99999999999999));
#7262=CARTESIAN_POINT('',(7.88786251170883,6.14667593064565,7.49999999999999));
#7263=CARTESIAN_POINT('',(7.88786251170883,6.14667593064565,3.99999999999999));
#7264=CARTESIAN_POINT('',(9.81705323144117,3.67099780350629,7.49999999999999));
#7265=CARTESIAN_POINT('',(9.81705323144117,3.67099780350629,3.99999999999999));
#7266=CARTESIAN_POINT('',(10.4637967817442,0.599763230498364,7.49999999999999));
#7267=CARTESIAN_POINT('',(10.4637967817442,0.599763230498364,3.99999999999999));
#7268=CARTESIAN_POINT('',(9.69682692899255,-2.44367500072431,7.49999999999999));
#7269=CARTESIAN_POINT('',(9.69682692899255,-2.44367500072431,3.99999999999999));
#7270=CARTESIAN_POINT('',(9.3548272259381,-3.80077524085564,7.49999999999999));
#7271=CARTESIAN_POINT('',(9.3548272259381,-3.80077524085564,3.99999999999999));
#7272=CARTESIAN_POINT('',(9.00824438621945,-5.15645396968211,7.49999999999999));
#7273=CARTESIAN_POINT('',(9.00824438621945,-5.15645396968211,3.99999999999999));
#7274=CARTESIAN_POINT('',(8.65370375094931,-6.5100614635589,7.49999999999999));
#7275=CARTESIAN_POINT('',(8.65370375094931,-6.5100614635589,3.99999999999999));
#7276=CARTESIAN_POINT('',(8.36010412597035,-7.63100110498567,7.49999999999999));
#7277=CARTESIAN_POINT('',(8.36010412597035,-7.63100110498567,3.99999999999999));
#7278=CARTESIAN_POINT('',(8.06104794546279,-8.7505204404634,7.49999999999999));
#7279=CARTESIAN_POINT('',(8.06104794546279,-8.7505204404634,3.99999999999999));
#7280=CARTESIAN_POINT('',(7.75464571373817,-9.8682540966731,7.49999999999999));
#7281=CARTESIAN_POINT('',(7.75464571373817,-9.8682540966731,3.99999999999999));
#7282=CARTESIAN_POINT('',(7.70460965008502,-10.0507821156584,7.49999999999999));
#7283=CARTESIAN_POINT('',(7.70460965008502,-10.0507821156584,3.99999999999999));
#7284=CARTESIAN_POINT('',(7.65437991895145,-10.2332545659495,7.49999999999999));
#7285=CARTESIAN_POINT('',(7.65437991895145,-10.2332545659495,3.99999999999999));
#7286=CARTESIAN_POINT('',(7.60394661247984,-10.4156647611563,7.49999999999999));
#7287=CARTESIAN_POINT('',(7.60394661247984,-10.4156647611563,3.99999999999999));
#7288=CARTESIAN_POINT('',(7.31228817348488,-11.4705524239497,7.49999999999999));
#7289=CARTESIAN_POINT('',(7.31228817348488,-11.4705524239497,3.99999999999999));
#7290=CARTESIAN_POINT('',(7.01380423573224,-12.5234100826126,7.49999999999999));
#7291=CARTESIAN_POINT('',(7.01380423573224,-12.5234100826126,3.99999999999999));
#7292=CARTESIAN_POINT('',(6.70633840027098,-13.5738984013643,7.49999999999999));
#7293=CARTESIAN_POINT('',(6.70633840027098,-13.5738984013643,3.99999999999999));
#7294=CARTESIAN_POINT('',(6.38231326311577,-14.6809632596528,7.49999999999999));
#7295=CARTESIAN_POINT('',(6.38231326311577,-14.6809632596528,3.99999999999999));
#7296=CARTESIAN_POINT('',(6.04831249947235,-15.7853944995764,7.49999999999999));
#7297=CARTESIAN_POINT('',(6.04831249947235,-15.7853944995764,3.99999999999999));
#7298=CARTESIAN_POINT('',(5.70198145470522,-16.8852517583811,7.49999999999999));
#7299=CARTESIAN_POINT('',(5.70198145470522,-16.8852517583811,3.99999999999999));
#7300=CARTESIAN_POINT('',(5.66167872089245,-17.0132427514018,7.49999999999999));
#7301=CARTESIAN_POINT('',(5.66167872089245,-17.0132427514018,3.99999999999999));
#7302=CARTESIAN_POINT('',(5.62120905478249,-17.1411718389207,7.49999999999999));
#7303=CARTESIAN_POINT('',(5.62120905478249,-17.1411718389207,3.99999999999999));
#7304=CARTESIAN_POINT('',(5.58056878177128,-17.2690359914448,7.49999999999999));
#7305=CARTESIAN_POINT('',(5.58056878177128,-17.2690359914448,3.99999999999999));
#7306=CARTESIAN_POINT('',(5.52069401353573,-17.4574165295357,7.49999999999999));
#7307=CARTESIAN_POINT('',(5.52069401353573,-17.4574165295357,3.99999999999999));
#7308=CARTESIAN_POINT('',(5.46044651240715,-17.6456637697647,7.49999999999999));
#7309=CARTESIAN_POINT('',(5.46044651240715,-17.6456637697647,3.99999999999999));
#7310=CARTESIAN_POINT('',(5.39981960866905,-17.8337809223615,7.49999999999999));
#7311=CARTESIAN_POINT('',(5.39981960866905,-17.8337809223615,3.99999999999999));
#7312=CARTESIAN_POINT('',(5.0341873094203,-18.9682889178417,7.49999999999999));
#7313=CARTESIAN_POINT('',(5.0341873094203,-18.9682889178417,3.99999999999999));
#7314=CARTESIAN_POINT('',(4.6547798640631,-20.0980044819201,7.49999999999999));
#7315=CARTESIAN_POINT('',(4.6547798640631,-20.0980044819201,3.99999999999999));
#7316=CARTESIAN_POINT('',(4.2604740272934,-21.2224570347047,7.49999999999999));
#7317=CARTESIAN_POINT('',(4.2604740272934,-21.2224570347047,3.99999999999999));
#7318=CARTESIAN_POINT('',(3.8969994672375,-22.2589872070081,7.5));
#7319=CARTESIAN_POINT('',(3.8969994672375,-22.2589872070081,3.99999999999999));
#7320=CARTESIAN_POINT('',(3.52086514949244,-23.2910456997738,7.5));
#7321=CARTESIAN_POINT('',(3.52086514949244,-23.2910456997738,3.99999999999999));
#7322=CARTESIAN_POINT('',(3.13114386304101,-24.3182519889011,7.5));
#7323=CARTESIAN_POINT('',(3.13114386304101,-24.3182519889011,3.99999999999999));
#7324=CARTESIAN_POINT('',(3.09808624046077,-24.4053834826083,7.5));
#7325=CARTESIAN_POINT('',(3.09808624046077,-24.4053834826083,3.99999999999999));
#7326=CARTESIAN_POINT('',(3.06493082897376,-24.4924800544517,7.5));
#7327=CARTESIAN_POINT('',(3.06493082897376,-24.4924800544517,3.99999999999999));
#7328=CARTESIAN_POINT('',(3.03167704585168,-24.5795414663163,7.5));
#7329=CARTESIAN_POINT('',(3.03167704585168,-24.5795414663163,3.99999999999999));
#7330=CARTESIAN_POINT('',(2.6554465877086,-25.5645468340406,7.5));
#7331=CARTESIAN_POINT('',(2.6554465877086,-25.5645468340406,3.99999999999999));
#7332=CARTESIAN_POINT('',(2.26662988509824,-26.5450489454434,7.5));
#7333=CARTESIAN_POINT('',(2.26662988509824,-26.5450489454434,3.99999999999999));
#7334=CARTESIAN_POINT('',(1.8666095535889,-27.5212396262855,7.5));
#7335=CARTESIAN_POINT('',(1.8666095535889,-27.5212396262855,3.99999999999999));
#7336=CARTESIAN_POINT('',(1.43365287480925,-28.5778066098642,7.5));
#7337=CARTESIAN_POINT('',(1.43365287480925,-28.5778066098642,3.99999999999999));
#7338=CARTESIAN_POINT('',(0.987570576260026,-29.6293238660395,7.5));
#7339=CARTESIAN_POINT('',(0.987570576260026,-29.6293238660395,3.99999999999999));
#7340=CARTESIAN_POINT('',(0.530067178026744,-30.6759993741979,7.5));
#7341=CARTESIAN_POINT('',(0.530067178026744,-30.6759993741979,3.99999999999999));
#7342=CARTESIAN_POINT('',(0.376381474893543,-31.027601268402,7.5));
#7343=CARTESIAN_POINT('',(0.376381474893543,-31.027601268402,3.99999999999999));
#7344=CARTESIAN_POINT('',(0.221406670543296,-31.3786564649167,7.5));
#7345=CARTESIAN_POINT('',(0.221406670543296,-31.3786564649167,3.99999999999999));
#7346=CARTESIAN_POINT('',(0.0652066639273841,-31.7291717826409,7.5));
#7347=CARTESIAN_POINT('',(0.0652066639273841,-31.7291717826409,3.99999999999999));
#7348=CARTESIAN_POINT('',(-0.171647518045282,-32.2606763622317,7.5));
#7349=CARTESIAN_POINT('',(-0.171647518045282,-32.2606763622317,3.99999999999999));
#7350=CARTESIAN_POINT('',(-0.605911222123247,-32.6479902620139,7.5));
#7351=CARTESIAN_POINT('',(-0.605911222123247,-32.6479902620139,3.99999999999999));
#7352=CARTESIAN_POINT('',(-1.16093806235942,-32.8227536113221,7.5));
#7353=CARTESIAN_POINT('',(-1.16093806235942,-32.8227536113221,3.99999999999999));
#7354=CARTESIAN_POINT('',(-1.71596490259559,-32.9975169606304,7.5));
#7355=CARTESIAN_POINT('',(-1.71596490259559,-32.9975169606304,3.99999999999999));
#7356=CARTESIAN_POINT('',(-2.2937941214865,-32.9288844942613,7.5));
#7357=CARTESIAN_POINT('',(-2.2937941214865,-32.9288844942613,3.99999999999999));
#7358=CARTESIAN_POINT('',(-2.79244040249124,-32.628969659543,7.5));
#7359=CARTESIAN_POINT('',(-2.79244040249124,-32.628969659543,4.));
#7360=CARTESIAN_POINT('',(-2.48439800862231,-32.8142442462847,7.97));
#7361=CARTESIAN_POINT('',(-2.48439800862231,-32.8142442462847,3.53));
#7362=CARTESIAN_POINT('',(-4.76967330395691,-31.4397469551285,7.97));
#7363=CARTESIAN_POINT('',(-4.76967330395691,-31.4397469551285,3.53));
#7364=CARTESIAN_POINT('',(-1.43080250644721,-29.9111391648537,7.97000000000001));
#7365=CARTESIAN_POINT('',(-1.4308025064472,-29.9111391648537,3.53));
#7366=CARTESIAN_POINT('',(-1.43080250644721,-31.9111391648537,7.97000000000001));
#7367=CARTESIAN_POINT('',(-1.43080250644721,-31.9111391648537,3.53));
#7368=CARTESIAN_POINT('',(-3.43080250644723,-31.9111391648537,7.97000000000001));
#7369=CARTESIAN_POINT('',(-3.43080250644723,-31.9111391648537,3.53));
#7370=CARTESIAN_POINT('',(-5.43080250644725,-31.9111391648537,7.97));
#7371=CARTESIAN_POINT('',(-5.43080250644725,-31.9111391648537,3.53));
#7372=CARTESIAN_POINT('',(-5.43080250644725,-29.9111391648537,7.97));
#7373=CARTESIAN_POINT('',(-5.43080250644725,-29.9111391648537,3.53));
#7374=CARTESIAN_POINT('',(-5.43080250644725,-27.9111391648537,7.97));
#7375=CARTESIAN_POINT('',(-5.43080250644724,-27.9111391648537,3.53));
#7376=CARTESIAN_POINT('',(-3.43080250644723,-27.9111391648537,7.97000000000001));
#7377=CARTESIAN_POINT('',(-3.43080250644722,-27.9111391648537,3.53));
#7378=CARTESIAN_POINT('',(-1.43080250644721,-27.9111391648537,7.97000000000001));
#7379=CARTESIAN_POINT('',(-1.4308025064472,-27.9111391648537,3.53));
#7380=CARTESIAN_POINT('',(-1.43080250644721,-29.9111391648537,7.97000000000001));
#7381=CARTESIAN_POINT('',(-1.4308025064472,-29.9111391648537,3.53));
#7382=CARTESIAN_POINT('',(-4.79090877095355,-28.1351263504633,3.53));
#7383=CARTESIAN_POINT('',(-4.79090877095355,-28.1351263504633,7.97));
#7384=CARTESIAN_POINT('',(-5.57153369863872,-29.7397442573714,3.53));
#7385=CARTESIAN_POINT('',(-5.57153369863872,-29.7397442573714,7.97));
#7386=CARTESIAN_POINT('',(-20.3270504956198,-25.3389371298852,3.53));
#7387=CARTESIAN_POINT('',(-20.3270504956198,-33.3389371298852,3.52999999999999));
#7388=CARTESIAN_POINT('',(-12.3270504956198,-33.3389371298852,3.53));
#7389=CARTESIAN_POINT('',(-4.32705049561978,-33.3389371298852,3.52999999999999));
#7390=CARTESIAN_POINT('',(-4.32705049561978,-25.3389371298852,3.53));
#7391=CARTESIAN_POINT('',(-4.32705049561978,-17.3389371298852,3.52999999999999));
#7392=CARTESIAN_POINT('',(-12.3270504956198,-17.3389371298852,3.53));
#7393=CARTESIAN_POINT('',(-20.3270504956198,-17.3389371298852,3.52999999999999));
#7394=CARTESIAN_POINT('',(-20.3270504956198,-25.3389371298852,3.53));
#7395=CARTESIAN_POINT('',(-20.3270504956198,-25.3389371298852,7.97));
#7396=CARTESIAN_POINT('',(-20.3270504956198,-33.3389371298852,7.97));
#7397=CARTESIAN_POINT('',(-12.3270504956198,-33.3389371298852,7.97));
#7398=CARTESIAN_POINT('',(-4.32705049561978,-33.3389371298852,7.97));
#7399=CARTESIAN_POINT('',(-4.32705049561978,-25.3389371298852,7.97));
#7400=CARTESIAN_POINT('',(-4.32705049561978,-17.3389371298852,7.97));
#7401=CARTESIAN_POINT('',(-12.3270504956198,-17.3389371298852,7.97));
#7402=CARTESIAN_POINT('',(-20.3270504956198,-17.3389371298852,7.97));
#7403=CARTESIAN_POINT('',(-20.3270504956198,-25.3389371298852,7.97));
#7404=CARTESIAN_POINT('',(0.,-2.6,10.57));
#7405=CARTESIAN_POINT('',(-2.6,-2.6,10.57));
#7406=CARTESIAN_POINT('',(-2.6,0.,10.57));
#7407=CARTESIAN_POINT('',(-2.6,2.6,10.57));
#7408=CARTESIAN_POINT('',(0.,2.6,10.57));
#7409=CARTESIAN_POINT('',(2.6,2.6,10.57));
#7410=CARTESIAN_POINT('',(2.6,0.,10.57));
#7411=CARTESIAN_POINT('',(2.6,-2.6,10.57));
#7412=CARTESIAN_POINT('',(0.,-2.6,10.57));
#7413=CARTESIAN_POINT('',(0.,-2.6,-1.07));
#7414=CARTESIAN_POINT('',(-2.6,-2.6,-1.07));
#7415=CARTESIAN_POINT('',(-2.6,0.,-1.07));
#7416=CARTESIAN_POINT('',(-2.6,2.6,-1.07));
#7417=CARTESIAN_POINT('',(0.,2.6,-1.07));
#7418=CARTESIAN_POINT('',(2.6,2.6,-1.07));
#7419=CARTESIAN_POINT('',(2.6,0.,-1.07));
#7420=CARTESIAN_POINT('',(2.6,-2.6,-1.07));
#7421=CARTESIAN_POINT('',(0.,-2.6,-1.07));
#7422=CARTESIAN_POINT('',(3.63663378315656,7.58121181092965,7.82));
#7423=CARTESIAN_POINT('',(5.23663378315656,7.58121181092965,7.82));
#7424=CARTESIAN_POINT('',(5.23663378315656,5.98121181092965,7.82));
#7425=CARTESIAN_POINT('',(5.23663378315656,4.38121181092965,7.82));
#7426=CARTESIAN_POINT('',(3.63663378315656,4.38121181092965,7.82));
#7427=CARTESIAN_POINT('',(2.03663378315656,4.38121181092965,7.82));
#7428=CARTESIAN_POINT('',(2.03663378315656,5.98121181092965,7.82));
#7429=CARTESIAN_POINT('',(2.03663378315656,7.58121181092965,7.82));
#7430=CARTESIAN_POINT('',(3.63663378315656,7.58121181092965,7.82));
#7431=CARTESIAN_POINT('',(3.63663378315656,7.58121181092965,-0.820000000000001));
#7432=CARTESIAN_POINT('',(5.23663378315656,7.58121181092965,-0.820000000000001));
#7433=CARTESIAN_POINT('',(5.23663378315656,5.98121181092965,-0.820000000000001));
#7434=CARTESIAN_POINT('',(5.23663378315656,4.38121181092965,-0.820000000000001));
#7435=CARTESIAN_POINT('',(3.63663378315656,4.38121181092965,-0.820000000000001));
#7436=CARTESIAN_POINT('',(2.03663378315656,4.38121181092965,-0.820000000000001));
#7437=CARTESIAN_POINT('',(2.03663378315656,5.98121181092965,-0.820000000000001));
#7438=CARTESIAN_POINT('',(2.03663378315656,7.58121181092965,-0.820000000000001));
#7439=CARTESIAN_POINT('',(3.63663378315656,7.58121181092965,-0.820000000000001));
#7440=CARTESIAN_POINT('',(-5.98121181092965,5.23663378315657,7.82));
#7441=CARTESIAN_POINT('',(-4.38121181092965,5.23663378315657,7.82));
#7442=CARTESIAN_POINT('',(-4.38121181092965,3.63663378315657,7.82));
#7443=CARTESIAN_POINT('',(-4.38121181092965,2.03663378315657,7.82));
#7444=CARTESIAN_POINT('',(-5.98121181092965,2.03663378315657,7.82));
#7445=CARTESIAN_POINT('',(-7.58121181092965,2.03663378315657,7.82));
#7446=CARTESIAN_POINT('',(-7.58121181092965,3.63663378315657,7.82));
#7447=CARTESIAN_POINT('',(-7.58121181092965,5.23663378315657,7.82));
#7448=CARTESIAN_POINT('',(-5.98121181092965,5.23663378315657,7.82));
#7449=CARTESIAN_POINT('',(-5.98121181092965,5.23663378315657,-0.820000000000001));
#7450=CARTESIAN_POINT('',(-4.38121181092965,5.23663378315657,-0.820000000000001));
#7451=CARTESIAN_POINT('',(-4.38121181092965,3.63663378315657,-0.820000000000001));
#7452=CARTESIAN_POINT('',(-4.38121181092965,2.03663378315657,-0.820000000000001));
#7453=CARTESIAN_POINT('',(-5.98121181092965,2.03663378315657,-0.820000000000001));
#7454=CARTESIAN_POINT('',(-7.58121181092965,2.03663378315657,-0.820000000000001));
#7455=CARTESIAN_POINT('',(-7.58121181092965,3.63663378315657,-0.820000000000001));
#7456=CARTESIAN_POINT('',(-7.58121181092965,5.23663378315657,-0.820000000000001));
#7457=CARTESIAN_POINT('',(-5.98121181092965,5.23663378315657,-0.820000000000001));
#7458=CARTESIAN_POINT('',(5.98121181092965,-2.03663378315656,7.82));
#7459=CARTESIAN_POINT('',(7.58121181092965,-2.03663378315656,7.82));
#7460=CARTESIAN_POINT('',(7.58121181092965,-3.63663378315656,7.82));
#7461=CARTESIAN_POINT('',(7.58121181092965,-5.23663378315656,7.82));
#7462=CARTESIAN_POINT('',(5.98121181092965,-5.23663378315656,7.82));
#7463=CARTESIAN_POINT('',(4.38121181092965,-5.23663378315656,7.82));
#7464=CARTESIAN_POINT('',(4.38121181092965,-3.63663378315656,7.82));
#7465=CARTESIAN_POINT('',(4.38121181092965,-2.03663378315656,7.82));
#7466=CARTESIAN_POINT('',(5.98121181092965,-2.03663378315656,7.82));
#7467=CARTESIAN_POINT('',(5.98121181092965,-2.03663378315656,-0.820000000000001));
#7468=CARTESIAN_POINT('',(7.58121181092965,-2.03663378315656,-0.820000000000001));
#7469=CARTESIAN_POINT('',(7.58121181092965,-3.63663378315656,-0.820000000000001));
#7470=CARTESIAN_POINT('',(7.58121181092965,-5.23663378315656,-0.820000000000001));
#7471=CARTESIAN_POINT('',(5.98121181092965,-5.23663378315656,-0.820000000000001));
#7472=CARTESIAN_POINT('',(4.38121181092965,-5.23663378315656,-0.820000000000001));
#7473=CARTESIAN_POINT('',(4.38121181092965,-3.63663378315656,-0.820000000000001));
#7474=CARTESIAN_POINT('',(4.38121181092965,-2.03663378315656,-0.820000000000001));
#7475=CARTESIAN_POINT('',(5.98121181092965,-2.03663378315656,-0.820000000000001));
#7476=CARTESIAN_POINT('',(-3.63663378315656,-4.38121181092965,7.82));
#7477=CARTESIAN_POINT('',(-2.03663378315656,-4.38121181092965,7.82));
#7478=CARTESIAN_POINT('',(-2.03663378315656,-5.98121181092965,7.82));
#7479=CARTESIAN_POINT('',(-2.03663378315656,-7.58121181092965,7.82));
#7480=CARTESIAN_POINT('',(-3.63663378315656,-7.58121181092965,7.82));
#7481=CARTESIAN_POINT('',(-5.23663378315656,-7.58121181092965,7.82));
#7482=CARTESIAN_POINT('',(-5.23663378315656,-5.98121181092965,7.82));
#7483=CARTESIAN_POINT('',(-5.23663378315656,-4.38121181092965,7.82));
#7484=CARTESIAN_POINT('',(-3.63663378315656,-4.38121181092965,7.82));
#7485=CARTESIAN_POINT('',(-3.63663378315656,-4.38121181092965,-0.820000000000001));
#7486=CARTESIAN_POINT('',(-2.03663378315656,-4.38121181092965,-0.820000000000001));
#7487=CARTESIAN_POINT('',(-2.03663378315656,-5.98121181092965,-0.820000000000001));
#7488=CARTESIAN_POINT('',(-2.03663378315656,-7.58121181092965,-0.820000000000001));
#7489=CARTESIAN_POINT('',(-3.63663378315656,-7.58121181092965,-0.820000000000001));
#7490=CARTESIAN_POINT('',(-5.23663378315656,-7.58121181092965,-0.820000000000001));
#7491=CARTESIAN_POINT('',(-5.23663378315656,-5.98121181092965,-0.820000000000001));
#7492=CARTESIAN_POINT('',(-5.23663378315656,-4.38121181092965,-0.820000000000001));
#7493=CARTESIAN_POINT('',(-3.63663378315656,-4.38121181092965,-0.820000000000001));
#7494=CARTESIAN_POINT('',(3.63663378315656,4.38121181092965,7.82));
#7495=CARTESIAN_POINT('',(2.03663378315656,4.38121181092965,7.82));
#7496=CARTESIAN_POINT('',(2.03663378315656,5.98121181092965,7.82));
#7497=CARTESIAN_POINT('',(2.03663378315656,7.58121181092965,7.82));
#7498=CARTESIAN_POINT('',(3.63663378315656,7.58121181092965,7.82));
#7499=CARTESIAN_POINT('',(5.23663378315656,7.58121181092965,7.82));
#7500=CARTESIAN_POINT('',(5.23663378315656,5.98121181092965,7.82));
#7501=CARTESIAN_POINT('',(5.23663378315656,4.38121181092965,7.82));
#7502=CARTESIAN_POINT('',(3.63663378315656,4.38121181092965,7.82));
#7503=CARTESIAN_POINT('',(3.63663378315656,4.38121181092965,-0.820000000000001));
#7504=CARTESIAN_POINT('',(2.03663378315656,4.38121181092965,-0.820000000000001));
#7505=CARTESIAN_POINT('',(2.03663378315656,5.98121181092965,-0.820000000000001));
#7506=CARTESIAN_POINT('',(2.03663378315656,7.58121181092965,-0.820000000000001));
#7507=CARTESIAN_POINT('',(3.63663378315656,7.58121181092965,-0.820000000000001));
#7508=CARTESIAN_POINT('',(5.23663378315656,7.58121181092965,-0.820000000000001));
#7509=CARTESIAN_POINT('',(5.23663378315656,5.98121181092965,-0.820000000000001));
#7510=CARTESIAN_POINT('',(5.23663378315656,4.38121181092965,-0.820000000000001));
#7511=CARTESIAN_POINT('',(3.63663378315656,4.38121181092965,-0.820000000000001));
#7512=CARTESIAN_POINT('',(-5.98121181092965,2.03663378315657,7.82));
#7513=CARTESIAN_POINT('',(-7.58121181092965,2.03663378315657,7.82));
#7514=CARTESIAN_POINT('',(-7.58121181092965,3.63663378315657,7.82));
#7515=CARTESIAN_POINT('',(-7.58121181092965,5.23663378315657,7.82));
#7516=CARTESIAN_POINT('',(-5.98121181092965,5.23663378315657,7.82));
#7517=CARTESIAN_POINT('',(-4.38121181092965,5.23663378315657,7.82));
#7518=CARTESIAN_POINT('',(-4.38121181092965,3.63663378315657,7.82));
#7519=CARTESIAN_POINT('',(-4.38121181092965,2.03663378315657,7.82));
#7520=CARTESIAN_POINT('',(-5.98121181092965,2.03663378315657,7.82));
#7521=CARTESIAN_POINT('',(-5.98121181092965,2.03663378315657,-0.820000000000001));
#7522=CARTESIAN_POINT('',(-7.58121181092965,2.03663378315657,-0.820000000000001));
#7523=CARTESIAN_POINT('',(-7.58121181092965,3.63663378315657,-0.820000000000001));
#7524=CARTESIAN_POINT('',(-7.58121181092965,5.23663378315657,-0.820000000000001));
#7525=CARTESIAN_POINT('',(-5.98121181092965,5.23663378315657,-0.820000000000001));
#7526=CARTESIAN_POINT('',(-4.38121181092965,5.23663378315657,-0.820000000000001));
#7527=CARTESIAN_POINT('',(-4.38121181092965,3.63663378315657,-0.820000000000001));
#7528=CARTESIAN_POINT('',(-4.38121181092965,2.03663378315657,-0.820000000000001));
#7529=CARTESIAN_POINT('',(-5.98121181092965,2.03663378315657,-0.820000000000001));
#7530=CARTESIAN_POINT('',(5.98121181092965,-5.23663378315656,7.82));
#7531=CARTESIAN_POINT('',(4.38121181092965,-5.23663378315656,7.82));
#7532=CARTESIAN_POINT('',(4.38121181092965,-3.63663378315656,7.82));
#7533=CARTESIAN_POINT('',(4.38121181092965,-2.03663378315656,7.82));
#7534=CARTESIAN_POINT('',(5.98121181092965,-2.03663378315656,7.82));
#7535=CARTESIAN_POINT('',(7.58121181092965,-2.03663378315656,7.82));
#7536=CARTESIAN_POINT('',(7.58121181092965,-3.63663378315656,7.82));
#7537=CARTESIAN_POINT('',(7.58121181092965,-5.23663378315656,7.82));
#7538=CARTESIAN_POINT('',(5.98121181092965,-5.23663378315656,7.82));
#7539=CARTESIAN_POINT('',(5.98121181092965,-5.23663378315656,-0.820000000000001));
#7540=CARTESIAN_POINT('',(4.38121181092965,-5.23663378315656,-0.820000000000001));
#7541=CARTESIAN_POINT('',(4.38121181092965,-3.63663378315656,-0.820000000000001));
#7542=CARTESIAN_POINT('',(4.38121181092965,-2.03663378315656,-0.820000000000001));
#7543=CARTESIAN_POINT('',(5.98121181092965,-2.03663378315656,-0.820000000000001));
#7544=CARTESIAN_POINT('',(7.58121181092965,-2.03663378315656,-0.820000000000001));
#7545=CARTESIAN_POINT('',(7.58121181092965,-3.63663378315656,-0.820000000000001));
#7546=CARTESIAN_POINT('',(7.58121181092965,-5.23663378315656,-0.820000000000001));
#7547=CARTESIAN_POINT('',(5.98121181092965,-5.23663378315656,-0.820000000000001));
#7548=CARTESIAN_POINT('',(-3.63663378315656,-7.58121181092965,7.82));
#7549=CARTESIAN_POINT('',(-5.23663378315656,-7.58121181092965,7.82));
#7550=CARTESIAN_POINT('',(-5.23663378315656,-5.98121181092965,7.82));
#7551=CARTESIAN_POINT('',(-5.23663378315656,-4.38121181092965,7.82));
#7552=CARTESIAN_POINT('',(-3.63663378315656,-4.38121181092965,7.82));
#7553=CARTESIAN_POINT('',(-2.03663378315656,-4.38121181092965,7.82));
#7554=CARTESIAN_POINT('',(-2.03663378315656,-5.98121181092965,7.82));
#7555=CARTESIAN_POINT('',(-2.03663378315656,-7.58121181092965,7.82));
#7556=CARTESIAN_POINT('',(-3.63663378315656,-7.58121181092965,7.82));
#7557=CARTESIAN_POINT('',(-3.63663378315656,-7.58121181092965,-0.820000000000001));
#7558=CARTESIAN_POINT('',(-5.23663378315656,-7.58121181092965,-0.820000000000001));
#7559=CARTESIAN_POINT('',(-5.23663378315656,-5.98121181092965,-0.820000000000001));
#7560=CARTESIAN_POINT('',(-5.23663378315656,-4.38121181092965,-0.820000000000001));
#7561=CARTESIAN_POINT('',(-3.63663378315656,-4.38121181092965,-0.820000000000001));
#7562=CARTESIAN_POINT('',(-2.03663378315656,-4.38121181092965,-0.820000000000001));
#7563=CARTESIAN_POINT('',(-2.03663378315656,-5.98121181092965,-0.820000000000001));
#7564=CARTESIAN_POINT('',(-2.03663378315656,-7.58121181092965,-0.820000000000001));
#7565=CARTESIAN_POINT('',(-3.63663378315656,-7.58121181092965,-0.820000000000001));
#7566=CARTESIAN_POINT('',(-0.736633783156569,-5.98121181092965,2.86159649856364));
#7567=CARTESIAN_POINT('',(-0.736633783156569,-3.08121181092966,2.86159649856364));
#7568=CARTESIAN_POINT('',(-3.63663378315656,-3.08121181092966,2.86159649856364));
#7569=CARTESIAN_POINT('',(-6.53663378315655,-3.08121181092966,2.86159649856364));
#7570=CARTESIAN_POINT('',(-6.53663378315655,-5.98121181092965,2.86159649856364));
#7571=CARTESIAN_POINT('',(-0.736633783156569,-5.98121181092965,17.1611039110609));
#7572=CARTESIAN_POINT('',(-0.736633783156569,-3.08121181092966,17.1611039110609));
#7573=CARTESIAN_POINT('',(-3.63663378315656,-3.08121181092966,17.1611039110609));
#7574=CARTESIAN_POINT('',(-6.53663378315655,-3.08121181092966,17.1611039110609));
#7575=CARTESIAN_POINT('',(-6.53663378315655,-5.98121181092965,17.1611039110609));
#7576=CARTESIAN_POINT('',(-7.26163378315655,-9.60621181092964,2.86159649856364));
#7577=CARTESIAN_POINT('',(-7.26163378315655,-2.35621181092966,2.86159649856364));
#7578=CARTESIAN_POINT('',(-0.0116337831565714,-9.60621181092964,2.86159649856364));
#7579=CARTESIAN_POINT('',(-0.0116337831565714,-2.35621181092966,2.86159649856364));
#7580=CARTESIAN_POINT('',(5.98121181092965,-0.736633783156569,2.86159649856364));
#7581=CARTESIAN_POINT('',(3.08121181092966,-0.736633783156569,2.86159649856364));
#7582=CARTESIAN_POINT('',(3.08121181092966,-3.63663378315656,2.86159649856364));
#7583=CARTESIAN_POINT('',(3.08121181092966,-6.53663378315655,2.86159649856364));
#7584=CARTESIAN_POINT('',(5.98121181092965,-6.53663378315655,2.86159649856364));
#7585=CARTESIAN_POINT('',(5.98121181092965,-0.736633783156569,17.1611039110609));
#7586=CARTESIAN_POINT('',(3.08121181092966,-0.736633783156569,17.1611039110609));
#7587=CARTESIAN_POINT('',(3.08121181092966,-3.63663378315656,17.1611039110609));
#7588=CARTESIAN_POINT('',(3.08121181092966,-6.53663378315655,17.1611039110609));
#7589=CARTESIAN_POINT('',(5.98121181092965,-6.53663378315655,17.1611039110609));
#7590=CARTESIAN_POINT('',(9.60621181092964,-7.26163378315655,2.86159649856364));
#7591=CARTESIAN_POINT('',(2.35621181092966,-7.26163378315655,2.86159649856364));
#7592=CARTESIAN_POINT('',(9.60621181092964,-0.0116337831565714,2.86159649856364));
#7593=CARTESIAN_POINT('',(2.35621181092966,-0.0116337831565714,2.86159649856364));
#7594=CARTESIAN_POINT('',(0.736633783156569,5.98121181092965,2.86159649856364));
#7595=CARTESIAN_POINT('',(0.736633783156569,3.08121181092966,2.86159649856364));
#7596=CARTESIAN_POINT('',(3.63663378315656,3.08121181092966,2.86159649856364));
#7597=CARTESIAN_POINT('',(6.53663378315655,3.08121181092966,2.86159649856364));
#7598=CARTESIAN_POINT('',(6.53663378315655,5.98121181092965,2.86159649856364));
#7599=CARTESIAN_POINT('',(0.736633783156569,5.98121181092965,17.1611039110609));
#7600=CARTESIAN_POINT('',(0.736633783156569,3.08121181092966,17.1611039110609));
#7601=CARTESIAN_POINT('',(3.63663378315656,3.08121181092966,17.1611039110609));
#7602=CARTESIAN_POINT('',(6.53663378315655,3.08121181092966,17.1611039110609));
#7603=CARTESIAN_POINT('',(6.53663378315655,5.98121181092965,17.1611039110609));
#7604=CARTESIAN_POINT('',(7.26163378315655,9.60621181092964,2.86159649856364));
#7605=CARTESIAN_POINT('',(7.26163378315655,2.35621181092966,2.86159649856364));
#7606=CARTESIAN_POINT('',(0.0116337831565714,9.60621181092964,2.86159649856364));
#7607=CARTESIAN_POINT('',(0.0116337831565714,2.35621181092966,2.86159649856364));
#7608=CARTESIAN_POINT('',(-5.98121181092965,0.736633783156569,2.86159649856364));
#7609=CARTESIAN_POINT('',(-3.08121181092966,0.736633783156569,2.86159649856364));
#7610=CARTESIAN_POINT('',(-3.08121181092966,3.63663378315656,2.86159649856364));
#7611=CARTESIAN_POINT('',(-3.08121181092966,6.53663378315655,2.86159649856364));
#7612=CARTESIAN_POINT('',(-5.98121181092965,6.53663378315655,2.86159649856364));
#7613=CARTESIAN_POINT('',(-5.98121181092965,0.736633783156569,17.1611039110609));
#7614=CARTESIAN_POINT('',(-3.08121181092966,0.736633783156569,17.1611039110609));
#7615=CARTESIAN_POINT('',(-3.08121181092966,3.63663378315656,17.1611039110609));
#7616=CARTESIAN_POINT('',(-3.08121181092966,6.53663378315655,17.1611039110609));
#7617=CARTESIAN_POINT('',(-5.98121181092965,6.53663378315655,17.1611039110609));
#7618=CARTESIAN_POINT('',(-9.60621181092964,7.26163378315655,2.86159649856364));
#7619=CARTESIAN_POINT('',(-2.35621181092966,7.26163378315655,2.86159649856364));
#7620=CARTESIAN_POINT('',(-9.60621181092964,0.0116337831565714,2.86159649856364));
#7621=CARTESIAN_POINT('',(-2.35621181092966,0.0116337831565714,2.86159649856364));
#7622=CARTESIAN_POINT('',(-6.53663378315655,-5.98121181092965,2.86159649856364));
#7623=CARTESIAN_POINT('',(-6.53663378315655,-8.88121181092964,2.86159649856364));
#7624=CARTESIAN_POINT('',(-3.63663378315656,-8.88121181092964,2.86159649856364));
#7625=CARTESIAN_POINT('',(-0.736633783156571,-8.88121181092964,2.86159649856364));
#7626=CARTESIAN_POINT('',(-0.736633783156569,-5.98121181092965,2.86159649856364));
#7627=CARTESIAN_POINT('',(-6.53663378315655,-5.98121181092965,17.1611039110609));
#7628=CARTESIAN_POINT('',(-6.53663378315655,-8.88121181092964,17.1611039110609));
#7629=CARTESIAN_POINT('',(-3.63663378315656,-8.88121181092964,17.1611039110609));
#7630=CARTESIAN_POINT('',(-0.736633783156571,-8.88121181092964,17.1611039110609));
#7631=CARTESIAN_POINT('',(-0.736633783156569,-5.98121181092965,17.1611039110609));
#7632=CARTESIAN_POINT('',(5.98121181092965,-6.53663378315655,2.86159649856364));
#7633=CARTESIAN_POINT('',(8.88121181092964,-6.53663378315655,2.86159649856364));
#7634=CARTESIAN_POINT('',(8.88121181092964,-3.63663378315656,2.86159649856364));
#7635=CARTESIAN_POINT('',(8.88121181092964,-0.736633783156571,2.86159649856364));
#7636=CARTESIAN_POINT('',(5.98121181092965,-0.736633783156569,2.86159649856364));
#7637=CARTESIAN_POINT('',(5.98121181092965,-6.53663378315655,17.1611039110609));
#7638=CARTESIAN_POINT('',(8.88121181092964,-6.53663378315655,17.1611039110609));
#7639=CARTESIAN_POINT('',(8.88121181092964,-3.63663378315656,17.1611039110609));
#7640=CARTESIAN_POINT('',(8.88121181092964,-0.736633783156571,17.1611039110609));
#7641=CARTESIAN_POINT('',(5.98121181092965,-0.736633783156569,17.1611039110609));
#7642=CARTESIAN_POINT('',(6.53663378315655,5.98121181092965,2.86159649856364));
#7643=CARTESIAN_POINT('',(6.53663378315655,8.88121181092964,2.86159649856364));
#7644=CARTESIAN_POINT('',(3.63663378315656,8.88121181092964,2.86159649856364));
#7645=CARTESIAN_POINT('',(0.736633783156571,8.88121181092964,2.86159649856364));
#7646=CARTESIAN_POINT('',(0.736633783156569,5.98121181092965,2.86159649856364));
#7647=CARTESIAN_POINT('',(6.53663378315655,5.98121181092965,17.1611039110609));
#7648=CARTESIAN_POINT('',(6.53663378315655,8.88121181092964,17.1611039110609));
#7649=CARTESIAN_POINT('',(3.63663378315656,8.88121181092964,17.1611039110609));
#7650=CARTESIAN_POINT('',(0.736633783156571,8.88121181092964,17.1611039110609));
#7651=CARTESIAN_POINT('',(0.736633783156569,5.98121181092965,17.1611039110609));
#7652=CARTESIAN_POINT('',(-5.98121181092965,6.53663378315655,2.86159649856364));
#7653=CARTESIAN_POINT('',(-8.88121181092964,6.53663378315655,2.86159649856364));
#7654=CARTESIAN_POINT('',(-8.88121181092964,3.63663378315656,2.86159649856364));
#7655=CARTESIAN_POINT('',(-8.88121181092964,0.736633783156571,2.86159649856364));
#7656=CARTESIAN_POINT('',(-5.98121181092965,0.736633783156569,2.86159649856364));
#7657=CARTESIAN_POINT('',(-5.98121181092965,6.53663378315655,17.1611039110609));
#7658=CARTESIAN_POINT('',(-8.88121181092964,6.53663378315655,17.1611039110609));
#7659=CARTESIAN_POINT('',(-8.88121181092964,3.63663378315656,17.1611039110609));
#7660=CARTESIAN_POINT('',(-8.88121181092964,0.736633783156571,17.1611039110609));
#7661=CARTESIAN_POINT('',(-5.98121181092965,0.736633783156569,17.1611039110609));
#7662=CARTESIAN_POINT('',(-10.860114435803,-12.9101155952969,-2.22044604925031E-16));
#7663=CARTESIAN_POINT('',(-15.0131301527449,-7.92033710765217,2.96059473233375E-16));
#7664=CARTESIAN_POINT('',(-18.3036657965076,-6.48504915509371,0.));
#7665=CARTESIAN_POINT('',(0.,10.,0.));
#7666=CARTESIAN_POINT('',(9.69682692899255,-2.44367500072431,0.));
#7667=CARTESIAN_POINT('',(2.97421748643627,-24.7296513297833,0.));
#7668=CARTESIAN_POINT('',(1.89514246868074,-23.7789420057316,-1.25825276124184E-15));
#7669=CARTESIAN_POINT('',(-0.281024175457034,-22.4700689944237,-1.48029736616688E-16));
#7670=CARTESIAN_POINT('',(-4.76872719248454,-22.7175350536515,0.));
#7671=CARTESIAN_POINT('',(-10.5163980619874,-17.5465345629883,0.));
#7672=CARTESIAN_POINT('',(-10.1876062768365,-16.8691217974345,0.));
#7673=CARTESIAN_POINT('',(-5.23663378315656,-5.98121181092965,0.));
#7674=CARTESIAN_POINT('',(-2.03663378315656,-5.98121181092965,0.));
#7675=CARTESIAN_POINT('',(-7.58121181092965,3.63663378315657,0.));
#7676=CARTESIAN_POINT('',(-4.38121181092965,3.63663378315657,0.));
#7677=CARTESIAN_POINT('',(2.03663378315656,5.98121181092965,0.));
#7678=CARTESIAN_POINT('',(5.23663378315656,5.98121181092965,0.));
#7679=CARTESIAN_POINT('',(4.38121181092965,-3.63663378315656,0.));
#7680=CARTESIAN_POINT('',(7.58121181092965,-3.63663378315656,0.));
#7681=CARTESIAN_POINT('',(-2.6,1.06136055926104E-16,0.));
#7682=CARTESIAN_POINT('',(2.6,-1.06136055926104E-16,0.));
#7683=CARTESIAN_POINT('',(-5.51167315579998,-43.3278505538953,-24.));
#7684=CARTESIAN_POINT('',(1.68151443270703,-27.9714221711547,-24.));
#7685=CARTESIAN_POINT('',(1.68151443270703,-27.9714221711547,-2.));
#7686=CARTESIAN_POINT('',(2.3265192903703,-26.3847468565759,-0.547590674859318));
#7687=CARTESIAN_POINT('',(9.69682692899255,-2.44367500072431,4.));
#7688=CARTESIAN_POINT('',(0.0652066639273857,-31.7291717826409,4.));
#7689=CARTESIAN_POINT('',(0.0652066639273794,-31.7291717826409,-16.));
#7690=CARTESIAN_POINT('',(-5.51167315579998,-43.3278505538953,-16.));
#7691=CARTESIAN_POINT('',(0.,10.,4.));
#7692=CARTESIAN_POINT('',(-19.8734975031768,-9.57895030461938,-2.));
#7693=CARTESIAN_POINT('',(-19.8734975031768,-9.57895030461938,-24.));
#7694=CARTESIAN_POINT('',(-30.4712650903169,-30.6385892250978,-24.));
#7695=CARTESIAN_POINT('',(-30.4712650903169,-30.6385892250978,-16.));
#7696=CARTESIAN_POINT('',(-20.8551292126535,-11.5314275028319,-16.));
#7697=CARTESIAN_POINT('',(-20.8551292126535,-11.5314275028319,4.));
#7698=CARTESIAN_POINT('',(-32.,-37.,-24.));
#7699=CARTESIAN_POINT('',(-32.,-37.,-16.));
#7700=CARTESIAN_POINT('',(-26.,-37.,-16.));
#7701=CARTESIAN_POINT('',(-10.8061192900336,-40.4997257507944,-16.));
#7702=CARTESIAN_POINT('',(-10.8061192900336,-40.4997257507944,-24.));
#7703=CARTESIAN_POINT('',(-26.,-37.,-24.));
#7704=CARTESIAN_POINT('',(-25.1938807099664,-33.5002742492055,-24.));
#7705=CARTESIAN_POINT('',(-25.1938807099664,-33.5002742492055,-16.));
#7706=CARTESIAN_POINT('',(-6.98604383349687,-32.6473484234689,-16.));
#7707=CARTESIAN_POINT('',(-5.22927268393883,-29.0362077271551,-12.));
#7708=CARTESIAN_POINT('',(-5.22927268393883,-29.0362077271551,4.));
#7709=CARTESIAN_POINT('',(-5.13316978565344,-28.8386628806796,4.));
#7710=CARTESIAN_POINT('',(-5.13316978565344,-28.8386628806796,-24.));
#7711=CARTESIAN_POINT('',(-17.9896707593875,-19.6878547779488,-16.));
#7712=CARTESIAN_POINT('',(-19.5209312055862,-21.8392113790907,-16.));
#7713=CARTESIAN_POINT('',(-19.5209312055862,-21.8392113790907,-24.));
#7714=CARTESIAN_POINT('',(-13.6130536298033,-17.4429763942387,-24.));
#7715=CARTESIAN_POINT('',(-13.6130536298033,-17.4429763942387,-2.));
#7716=CARTESIAN_POINT('',(-4.33955488531493,-25.7860544247422,-2.));
#7717=CARTESIAN_POINT('',(-4.33955488531493,-25.7860544247422,-24.));
#7718=CARTESIAN_POINT('',(-15.3033636205478,-17.9132007904787,4.));
#7719=CARTESIAN_POINT('',(-15.3033636205478,-17.9132007904787,-12.));
#7720=CARTESIAN_POINT('',(-12.3973344245761,-14.189550902812,-24.));
#7721=CARTESIAN_POINT('',(-16.550350141518,-9.1997724151673,-24.));
#7722=CARTESIAN_POINT('',(-16.550350141518,-9.1997724151673,-2.));
#7723=CARTESIAN_POINT('',(-12.3973344245761,-14.189550902812,-2.));
#7724=CARTESIAN_POINT('',(0.864314065039901,-25.492824382748,-24.));
#7725=CARTESIAN_POINT('',(-1.31185257909787,-24.18395137144,-24.));
#7726=CARTESIAN_POINT('',(-1.31185257909787,-24.18395137144,-2.));
#7727=CARTESIAN_POINT('',(0.864314065039901,-25.492824382748,-2.));
#7728=CARTESIAN_POINT('',(-3.33469960816185,-29.7135943183782,-26.));
#7729=CARTESIAN_POINT('',(-2.34268098273871,-25.8978337484564,-26.));
#7730=CARTESIAN_POINT('',(-0.166514338600935,-27.2067067597643,-26.));
#7731=CARTESIAN_POINT('',(-7.29571984782856,-42.4238719033388,-26.));
#7732=CARTESIAN_POINT('',(-30.,-37.,-26.));
#7733=CARTESIAN_POINT('',(-28.6896557917002,-31.547362192941,-26.));
#7734=CARTESIAN_POINT('',(-18.087570130286,-10.4792077226721,-26.));
#7735=CARTESIAN_POINT('',(-13.9345544133492,-15.4689862103271,-26.));
#7736=CARTESIAN_POINT('',(-21.3194013830778,-20.9642799413921,-26.));
#7737=CARTESIAN_POINT('',(-26.9923508874579,-32.6253428115069,-26.));
#7738=CARTESIAN_POINT('',(-28.,-37.,-26.));
#7739=CARTESIAN_POINT('',(-9.00764911254203,-41.3746571884931,-26.));
#7740=CARTESIAN_POINT('',(-17.584661890553,-17.3362020131422,4.));
#7741=CARTESIAN_POINT('',(-20.6046939711118,-13.7076842962226,4.));
#7742=CARTESIAN_POINT('',(-20.6046939711118,-13.7076842962226,-12.3354515757645));
#7743=CARTESIAN_POINT('',(-19.4848086897588,-15.0532076138276,-12.));
#7744=CARTESIAN_POINT('',(-17.584661890553,-17.3362020131422,-12.));
#7745=CARTESIAN_POINT('',(-2.79244040249124,-32.628969659543,4.));
#7746=CARTESIAN_POINT('',(-4.46163091008798,-31.6250215418702,4.));
#7747=CARTESIAN_POINT('',(-4.46163091008798,-31.6250215418702,-12.));
#7748=CARTESIAN_POINT('',(-2.79244040249124,-32.628969659543,-12.));
#7749=CARTESIAN_POINT('',(-3.42996486946548,-34.5505513385119,-14.0000000000036));
#7750=CARTESIAN_POINT('',(-3.82326880613198,-34.3428520365594,-14.));
#7751=CARTESIAN_POINT('',(-5.18757365600528,-33.5222798611675,-14.));
#7752=CARTESIAN_POINT('',(-9.00764911254203,-41.3746571884931,-14.));
#7753=CARTESIAN_POINT('',(-28.0000000000001,-37.,-14.));
#7754=CARTESIAN_POINT('',(-26.992350887458,-32.6253428115069,-14.));
#7755=CARTESIAN_POINT('',(-21.3194013830778,-20.9642799413921,-14.));
#7756=CARTESIAN_POINT('',(-19.4053258253295,-18.2750841899647,-14.));
#7757=CARTESIAN_POINT('',(-21.0224698424943,-16.3324359784509,-14.));
#7758=CARTESIAN_POINT('',(-28.6896557917002,-31.547362192941,-14.));
#7759=CARTESIAN_POINT('',(-30.,-37.,-14.));
#7760=CARTESIAN_POINT('',(-7.29571984782856,-42.4238719033388,-14.));
#7761=CARTESIAN_POINT('',(-18.0875701302911,-8.47920772268243,-24.));
#7762=CARTESIAN_POINT('',(1.83348566139906,-27.2067067597643,-24.));
#7763=CARTESIAN_POINT('',(1.73291094490253,-26.5804611271346,-2.));
#7764=CARTESIAN_POINT('',(-21.4249218546258,-15.345719011273,-14.1675831629831));
#7765=CARTESIAN_POINT('',(-2.59579187996609,-32.7328177152206,-12.));
#7766=CARTESIAN_POINT('',(-11.9345544133492,-15.4689862103271,-24.));
#7767=CARTESIAN_POINT('',(-12.0610803450929,-16.1690540038808,-2.));
#7768=CARTESIAN_POINT('',(7.8700440414097,-1.43610820841317,9.5));
#7769=CARTESIAN_POINT('',(6.32624949322653,4.89679153624606,9.5));
#7770=CARTESIAN_POINT('',(1.43610820841325,7.87004404140979,9.5));
#7771=CARTESIAN_POINT('',(0.,8.,9.5));
#7772=CARTESIAN_POINT('',(-19.0674739823386,-12.4282489887074,9.5));
#7773=CARTESIAN_POINT('',(-16.0474419017799,-16.0567667056271,9.5));
#7774=CARTESIAN_POINT('',(-5.00751333100261,-18.5253935807627,9.5));
#7775=CARTESIAN_POINT('',(-3.33469960816185,-29.7135943183782,9.5));
#7776=CARTESIAN_POINT('',(-3.43080250644724,-29.9111391648538,9.5));
#7777=CARTESIAN_POINT('',(-1.7616119988505,-30.9150872825266,9.5));
#7778=CARTESIAN_POINT('',(6.59619703455052,-6.47067562736564,9.49999999998582));
#7779=CARTESIAN_POINT('',(-2.6,-1.06136055926104E-16,9.5));
#7780=CARTESIAN_POINT('',(2.6,1.06136055926104E-16,9.5));
#7781=CARTESIAN_POINT('',(-15.3033636205478,-17.9132007904787,7.5));
#7782=CARTESIAN_POINT('',(-6.47142076392607,-19.8881022905872,7.5));
#7783=CARTESIAN_POINT('',(-5.13316978565344,-28.8386628806796,7.5));
#7784=CARTESIAN_POINT('',(-5.22927268393883,-29.0362077271551,7.5));
#7785=CARTESIAN_POINT('',(-1.48029736616688E-16,10.,7.5));
#7786=CARTESIAN_POINT('',(-20.8551292126535,-11.5314275028319,7.5));
#7787=CARTESIAN_POINT('',(7.88786251170883,6.14667593064564,7.5));
#7788=CARTESIAN_POINT('',(6.34493432989662,4.94433759072378,9.49951767717865));
#7789=CARTESIAN_POINT('',(8.46039085543343,-2.13208359612613,9.36400389713955));
#7790=CARTESIAN_POINT('',(9.69682692899255,-2.44367500072431,7.5));
#7791=CARTESIAN_POINT('',(0.0652066639273866,-31.7291717826409,7.5));
#7792=CARTESIAN_POINT('',(-5.34828050035336,-30.4797147032704,7.5));
#7793=CARTESIAN_POINT('',(-4.46163091008798,-31.6250215418702,7.5));
#7794=CARTESIAN_POINT('',(-2.79244040249124,-32.628969659543,7.5));
#7795=CARTESIAN_POINT('',(-20.6046939711118,-13.7076842962226,7.5));
#7796=CARTESIAN_POINT('',(-17.584661890553,-17.3362020131422,7.5));
#7797=CARTESIAN_POINT('',(-0.736633783156569,-5.98121181092965,9.5));
#7798=CARTESIAN_POINT('',(5.98121181092965,-0.736633783156568,9.49999999999999));
#7799=CARTESIAN_POINT('',(0.736633783156565,5.98121181092965,9.5));
#7800=CARTESIAN_POINT('',(-5.98121181092965,0.736633783156568,9.5));
#7801=CARTESIAN_POINT('',(5.23663378315656,5.98121181092965,2.86159649856364));
#7802=CARTESIAN_POINT('',(2.03663378315656,5.98121181092965,2.86159649856364));
#7803=CARTESIAN_POINT('',(-4.38121181092965,3.63663378315657,2.86159649856364));
#7804=CARTESIAN_POINT('',(-7.58121181092965,3.63663378315657,2.86159649856364));
#7805=CARTESIAN_POINT('',(7.58121181092965,-3.63663378315656,2.86159649856364));
#7806=CARTESIAN_POINT('',(4.38121181092965,-3.63663378315656,2.86159649856364));
#7807=CARTESIAN_POINT('',(-2.03663378315656,-5.98121181092965,2.86159649856364));
#7808=CARTESIAN_POINT('',(-5.23663378315656,-5.98121181092965,2.86159649856364));
#7809=CARTESIAN_POINT('',(-0.736633783156569,-5.98121181092965,2.86159649856364));
#7810=CARTESIAN_POINT('',(5.98121181092965,-0.736633783156569,2.86159649856364));
#7811=CARTESIAN_POINT('',(0.736633783156569,5.98121181092965,2.86159649856364));
#7812=CARTESIAN_POINT('',(-5.98121181092965,0.736633783156569,2.86159649856364));
#7813=CARTESIAN_POINT('',(-6.53663378315655,-5.98121181092965,2.86159649856364));
#7814=CARTESIAN_POINT('',(-6.53663378315657,-5.98121181092965,9.5));
#7815=CARTESIAN_POINT('',(5.98121181092965,-6.53663378315655,2.86159649856364));
#7816=CARTESIAN_POINT('',(5.98121181092965,-6.53663378315656,9.4999999999883));
#7817=CARTESIAN_POINT('',(6.53663378315655,5.98121181092965,2.86159649856364));
#7818=CARTESIAN_POINT('',(6.53663378315657,5.98121180784415,9.30558046764151));
#7819=CARTESIAN_POINT('',(-5.98121181092965,6.53663378315655,2.86159649856364));
#7820=CARTESIAN_POINT('',(-5.98121181092965,6.53663378315657,9.5));
#7821=CARTESIAN_POINT('',(-10.860114435803,-12.9101155952969,-2.22044604925031E-16));
#7822=CARTESIAN_POINT('',(-15.0131301527449,-7.92033710765217,2.96059473233375E-16));
#7823=CARTESIAN_POINT('',(7.15357861176815,-5.54528993040525));
#7824=CARTESIAN_POINT('',(11.30659432871,-0.555511442760523));
#7825=CARTESIAN_POINT('',(-15.0131301527449,-7.92033710765217,2.96059473233375E-16));
#7826=CARTESIAN_POINT('',(-16.2980404944945,-6.37653895739243,1.48029736616688E-16));
#7827=CARTESIAN_POINT('',(-18.3036657965076,-6.48504915509371,0.));
#7828=CARTESIAN_POINT('',(11.30659432871,-0.555511442760523));
#7829=CARTESIAN_POINT('',(12.5915046704596,0.988286707499219));
#7830=CARTESIAN_POINT('',(14.5971299724728,0.879776509797937));
#7831=CARTESIAN_POINT('',(-18.3036657965076,-6.48504915509371,0.));
#7832=CARTESIAN_POINT('',(-10.440885013303,8.88242576499533,0.));
#7833=CARTESIAN_POINT('',(-8.64380458770381,10.,0.));
#7834=CARTESIAN_POINT('',(0.,10.,0.));
#7835=CARTESIAN_POINT('',(14.5971299724728,0.879776509797937));
#7836=CARTESIAN_POINT('',(6.73434918926815,16.247251429887));
#7837=CARTESIAN_POINT('',(4.93726876366896,17.3648256648916));
#7838=CARTESIAN_POINT('',(-3.70653582403485,17.3648256648916));
#7839=CARTESIAN_POINT('',(0.,10.,0.));
#7840=CARTESIAN_POINT('',(4.88513087497968,10.,0.));
#7841=CARTESIAN_POINT('',(7.88786251170883,6.14667593064564,0.));
#7842=CARTESIAN_POINT('',(10.890594148438,2.29335186129128,0.));
#7843=CARTESIAN_POINT('',(9.69682692899255,-2.44367500072431,0.));
#7844=CARTESIAN_POINT('',(-3.70653582403485,17.3648256648916));
#7845=CARTESIAN_POINT('',(-8.59166669901453,17.3648256648916));
#7846=CARTESIAN_POINT('',(-11.5943983357437,13.5115015955373));
#7847=CARTESIAN_POINT('',(-14.5971299724728,9.65817752618293));
#7848=CARTESIAN_POINT('',(-13.4033627530274,4.92115066416734));
#7849=CARTESIAN_POINT('',(9.69682692899255,-2.44367500072431,0.));
#7850=CARTESIAN_POINT('',(7.38005760437729,-11.6369233535261,0.));
#7851=CARTESIAN_POINT('',(5.49452153949902,-18.1577350244809,0.));
#7852=CARTESIAN_POINT('',(2.97421748643627,-24.7296513297833,0.));
#7853=CARTESIAN_POINT('',(-13.4033627530274,4.92115066416734));
#7854=CARTESIAN_POINT('',(-11.0865934284121,-4.27209768863445));
#7855=CARTESIAN_POINT('',(-9.20105736353387,-10.7929093595893));
#7856=CARTESIAN_POINT('',(-6.68075331047112,-17.3648256648917));
#7857=CARTESIAN_POINT('',(2.97421748643627,-24.7296513297833,0.));
#7858=CARTESIAN_POINT('',(2.52154855685153,-24.1556990087553,-6.29126380620919E-16));
#7859=CARTESIAN_POINT('',(1.89514246868074,-23.7789420057316,-1.25825276124184E-15));
#7860=CARTESIAN_POINT('',(-6.68075331047112,-17.3648256648917));
#7861=CARTESIAN_POINT('',(-6.22808438088638,-16.7908733438637));
#7862=CARTESIAN_POINT('',(-5.60167829271559,-16.41411634084));
#7863=CARTESIAN_POINT('',(1.89514246868074,-23.7789420057316,-1.25825276124184E-15));
#7864=CARTESIAN_POINT('',(-0.281024175457034,-22.4700689944237,-1.48029736616688E-16));
#7865=CARTESIAN_POINT('',(-5.60167829271559,-16.41411634084));
#7866=CARTESIAN_POINT('',(-3.42551164857782,-15.1052433295321));
#7867=CARTESIAN_POINT('',(-0.281024175457034,-22.4700689944237,-1.48029736616688E-16));
#7868=CARTESIAN_POINT('',(-2.60890591379582,-21.069945713867,-7.40148683083437E-17));
#7869=CARTESIAN_POINT('',(-4.76872719248454,-22.7175350536515,0.));
#7870=CARTESIAN_POINT('',(-3.42551164857782,-15.1052433295321));
#7871=CARTESIAN_POINT('',(-1.09762991023903,-13.7051200489754));
#7872=CARTESIAN_POINT('',(1.06219136844969,-15.3527093887599));
#7873=CARTESIAN_POINT('',(-4.76872719248454,-22.7175350536515,0.));
#7874=CARTESIAN_POINT('',(-6.21555252358594,-18.545884426388,0.));
#7875=CARTESIAN_POINT('',(-10.5163980619874,-17.5465345629883,0.));
#7876=CARTESIAN_POINT('',(1.06219136844969,-15.3527093887599));
#7877=CARTESIAN_POINT('',(2.50901669955108,-11.1810587614963));
#7878=CARTESIAN_POINT('',(6.80986223795255,-10.1817088980967));
#7879=CARTESIAN_POINT('',(-10.5163980619874,-17.5465345629883,0.));
#7880=CARTESIAN_POINT('',(-10.3199797435205,-17.2233707136697,0.));
#7881=CARTESIAN_POINT('',(-10.1876062768365,-16.8691217974345,0.));
#7882=CARTESIAN_POINT('',(6.80986223795255,-10.1817088980967));
#7883=CARTESIAN_POINT('',(6.61344391948565,-9.85854504877807));
#7884=CARTESIAN_POINT('',(6.48107045280165,-9.50429613254285));
#7885=CARTESIAN_POINT('',(-10.1876062768365,-16.8691217974345,0.));
#7886=CARTESIAN_POINT('',(-9.37499374394653,-14.6944631116212,-1.11022302462516E-16));
#7887=CARTESIAN_POINT('',(-10.860114435803,-12.9101155952969,-2.22044604925031E-16));
#7888=CARTESIAN_POINT('',(6.48107045280165,-9.50429613254285));
#7889=CARTESIAN_POINT('',(5.66845791991168,-7.32963744672957));
#7890=CARTESIAN_POINT('',(7.15357861176815,-5.54528993040525));
#7891=CARTESIAN_POINT('',(-2.03663378315656,-5.98121181092965,0.));
#7892=CARTESIAN_POINT('',(-2.03663378315656,-4.38121181092965,0.));
#7893=CARTESIAN_POINT('',(-3.63663378315656,-4.38121181092965,0.));
#7894=CARTESIAN_POINT('',(-5.23663378315656,-4.38121181092965,0.));
#7895=CARTESIAN_POINT('',(-5.23663378315656,-5.98121181092965,0.));
#7896=CARTESIAN_POINT('',(-1.66990204087829,1.383613853962));
#7897=CARTESIAN_POINT('',(-1.66990204087829,2.983613853962));
#7898=CARTESIAN_POINT('',(-0.0699020408782913,2.983613853962));
#7899=CARTESIAN_POINT('',(1.53009795912171,2.983613853962));
#7900=CARTESIAN_POINT('',(1.53009795912171,1.383613853962));
#7901=CARTESIAN_POINT('',(-5.23663378315656,-5.98121181092965,0.));
#7902=CARTESIAN_POINT('',(-5.23663378315656,-7.58121181092965,0.));
#7903=CARTESIAN_POINT('',(-3.63663378315656,-7.58121181092965,0.));
#7904=CARTESIAN_POINT('',(-2.03663378315656,-7.58121181092965,0.));
#7905=CARTESIAN_POINT('',(-2.03663378315656,-5.98121181092965,0.));
#7906=CARTESIAN_POINT('',(1.53009795912171,1.383613853962));
#7907=CARTESIAN_POINT('',(1.53009795912171,-0.216386146038002));
#7908=CARTESIAN_POINT('',(-0.0699020408782913,-0.216386146038001));
#7909=CARTESIAN_POINT('',(-1.66990204087829,-0.216386146038002));
#7910=CARTESIAN_POINT('',(-1.66990204087829,1.383613853962));
#7911=CARTESIAN_POINT('',(-4.38121181092965,3.63663378315657,0.));
#7912=CARTESIAN_POINT('',(-4.38121181092965,5.23663378315657,0.));
#7913=CARTESIAN_POINT('',(-5.98121181092965,5.23663378315657,0.));
#7914=CARTESIAN_POINT('',(-7.58121181092965,5.23663378315657,0.));
#7915=CARTESIAN_POINT('',(-7.58121181092965,3.63663378315657,0.));
#7916=CARTESIAN_POINT('',(0.674675986894799,11.0014594480482));
#7917=CARTESIAN_POINT('',(0.674675986894799,12.6014594480482));
#7918=CARTESIAN_POINT('',(2.2746759868948,12.6014594480482));
#7919=CARTESIAN_POINT('',(3.8746759868948,12.6014594480482));
#7920=CARTESIAN_POINT('',(3.8746759868948,11.0014594480482));
#7921=CARTESIAN_POINT('',(-7.58121181092965,3.63663378315657,0.));
#7922=CARTESIAN_POINT('',(-7.58121181092965,2.03663378315657,0.));
#7923=CARTESIAN_POINT('',(-5.98121181092965,2.03663378315657,0.));
#7924=CARTESIAN_POINT('',(-4.38121181092965,2.03663378315657,0.));
#7925=CARTESIAN_POINT('',(-4.38121181092965,3.63663378315657,0.));
#7926=CARTESIAN_POINT('',(3.8746759868948,11.0014594480482));
#7927=CARTESIAN_POINT('',(3.8746759868948,9.40145944804822));
#7928=CARTESIAN_POINT('',(2.2746759868948,9.40145944804822));
#7929=CARTESIAN_POINT('',(0.674675986894797,9.40145944804822));
#7930=CARTESIAN_POINT('',(0.674675986894799,11.0014594480482));
#7931=CARTESIAN_POINT('',(5.23663378315656,5.98121181092965,0.));
#7932=CARTESIAN_POINT('',(5.23663378315656,7.58121181092965,0.));
#7933=CARTESIAN_POINT('',(3.63663378315656,7.58121181092965,0.));
#7934=CARTESIAN_POINT('',(2.03663378315656,7.58121181092965,0.));
#7935=CARTESIAN_POINT('',(2.03663378315656,5.98121181092965,0.));
#7936=CARTESIAN_POINT('',(-8.94316960719141,13.3460374758213));
#7937=CARTESIAN_POINT('',(-8.94316960719141,14.9460374758213));
#7938=CARTESIAN_POINT('',(-7.34316960719141,14.9460374758213));
#7939=CARTESIAN_POINT('',(-5.74316960719141,14.9460374758213));
#7940=CARTESIAN_POINT('',(-5.74316960719141,13.3460374758213));
#7941=CARTESIAN_POINT('',(2.03663378315656,5.98121181092965,0.));
#7942=CARTESIAN_POINT('',(2.03663378315656,4.38121181092965,0.));
#7943=CARTESIAN_POINT('',(3.63663378315656,4.38121181092965,0.));
#7944=CARTESIAN_POINT('',(5.23663378315656,4.38121181092965,0.));
#7945=CARTESIAN_POINT('',(5.23663378315656,5.98121181092965,0.));
#7946=CARTESIAN_POINT('',(-5.74316960719141,13.3460374758213));
#7947=CARTESIAN_POINT('',(-5.74316960719141,11.7460374758213));
#7948=CARTESIAN_POINT('',(-7.34316960719141,11.7460374758213));
#7949=CARTESIAN_POINT('',(-8.94316960719141,11.7460374758213));
#7950=CARTESIAN_POINT('',(-8.94316960719141,13.3460374758213));
#7951=CARTESIAN_POINT('',(7.58121181092965,-3.63663378315656,0.));
#7952=CARTESIAN_POINT('',(7.58121181092965,-2.03663378315656,0.));
#7953=CARTESIAN_POINT('',(5.98121181092965,-2.03663378315656,0.));
#7954=CARTESIAN_POINT('',(4.38121181092965,-2.03663378315656,0.));
#7955=CARTESIAN_POINT('',(4.38121181092965,-3.63663378315656,0.));
#7956=CARTESIAN_POINT('',(-11.2877476349645,3.72819188173509));
#7957=CARTESIAN_POINT('',(-11.2877476349645,5.32819188173509));
#7958=CARTESIAN_POINT('',(-9.6877476349645,5.32819188173509));
#7959=CARTESIAN_POINT('',(-8.0877476349645,5.32819188173509));
#7960=CARTESIAN_POINT('',(-8.0877476349645,3.72819188173509));
#7961=CARTESIAN_POINT('',(4.38121181092965,-3.63663378315656,0.));
#7962=CARTESIAN_POINT('',(4.38121181092965,-5.23663378315656,0.));
#7963=CARTESIAN_POINT('',(5.98121181092965,-5.23663378315656,0.));
#7964=CARTESIAN_POINT('',(7.58121181092964,-5.23663378315656,0.));
#7965=CARTESIAN_POINT('',(7.58121181092965,-3.63663378315656,0.));
#7966=CARTESIAN_POINT('',(-8.0877476349645,3.72819188173509));
#7967=CARTESIAN_POINT('',(-8.0877476349645,2.12819188173509));
#7968=CARTESIAN_POINT('',(-9.6877476349645,2.12819188173509));
#7969=CARTESIAN_POINT('',(-11.2877476349645,2.12819188173509));
#7970=CARTESIAN_POINT('',(-11.2877476349645,3.72819188173509));
#7971=CARTESIAN_POINT('',(2.6,-1.06136055926104E-16,0.));
#7972=CARTESIAN_POINT('',(2.6,2.6,0.));
#7973=CARTESIAN_POINT('',(1.59204083889156E-16,2.6,0.));
#7974=CARTESIAN_POINT('',(-2.6,2.6,0.));
#7975=CARTESIAN_POINT('',(-2.6,1.06136055926104E-16,0.));
#7976=CARTESIAN_POINT('',(-6.30653582403485,7.36482566489165));
#7977=CARTESIAN_POINT('',(-6.30653582403485,9.96482566489165));
#7978=CARTESIAN_POINT('',(-3.70653582403485,9.96482566489165));
#7979=CARTESIAN_POINT('',(-1.10653582403485,9.96482566489165));
#7980=CARTESIAN_POINT('',(-1.10653582403485,7.36482566489165));
#7981=CARTESIAN_POINT('',(-2.6,1.06136055926104E-16,0.));
#7982=CARTESIAN_POINT('',(-2.6,-2.6,0.));
#7983=CARTESIAN_POINT('',(-1.59204083889156E-16,-2.6,0.));
#7984=CARTESIAN_POINT('',(2.6,-2.6,0.));
#7985=CARTESIAN_POINT('',(2.6,-1.06136055926104E-16,0.));
#7986=CARTESIAN_POINT('',(-1.10653582403485,7.36482566489165));
#7987=CARTESIAN_POINT('',(-1.10653582403485,4.76482566489165));
#7988=CARTESIAN_POINT('',(-3.70653582403485,4.76482566489165));
#7989=CARTESIAN_POINT('',(-6.30653582403485,4.76482566489165));
#7990=CARTESIAN_POINT('',(-6.30653582403485,7.36482566489165));
#7991=CARTESIAN_POINT('',(-5.51167315579998,-43.3278505538953,-24.));
#7992=CARTESIAN_POINT('',(-4.23382650271228,-40.8059568200582,-24.));
#7993=CARTESIAN_POINT('',(-1.7225048181193,-35.7415931184158,-24.));
#7994=CARTESIAN_POINT('',(0.600238187411006,-30.5844591013321,-24.));
#7995=CARTESIAN_POINT('',(1.68151443270703,-27.9714221711547,-24.));
#7996=CARTESIAN_POINT('',(28.,2.66453525910038E-15));
#7997=CARTESIAN_POINT('',(28.,16.2982599687852));
#7998=CARTESIAN_POINT('',(1.68151443270703,-27.9714221711547,-24.));
#7999=CARTESIAN_POINT('',(1.68151443270703,-27.9714221711547,-2.));
#8000=CARTESIAN_POINT('',(28.,16.2982599687852));
#8001=CARTESIAN_POINT('',(6.,16.2982599687853));
#8002=CARTESIAN_POINT('',(1.68151443270703,-27.9714221711547,-2.));
#8003=CARTESIAN_POINT('',(1.68213463372773,-27.9699233791686,-1.9983896025656));
#8004=CARTESIAN_POINT('',(1.68275480755239,-27.9684245790606,-1.9967792086529));
#8005=CARTESIAN_POINT('',(1.8726239712951,-27.50953718945,-1.50373107011449));
#8006=CARTESIAN_POINT('',(2.05767392170286,-27.0562889502455,-1.02078378358755));
#8007=CARTESIAN_POINT('',(2.28828928288118,-26.4804434793874,-0.611651779473569));
#8008=CARTESIAN_POINT('',(2.30732102775853,-26.4328444177506,-0.579111309543354));
#8009=CARTESIAN_POINT('',(2.3265192903703,-26.3847468565759,-0.547590674859318));
#8010=CARTESIAN_POINT('',(6.,16.2982599687853));
#8011=CARTESIAN_POINT('',(5.99838958231759,16.3000351603279));
#8012=CARTESIAN_POINT('',(5.99677918617527,16.30181037141));
#8013=CARTESIAN_POINT('',(5.99516881542155,16.3035856055243));
#8014=CARTESIAN_POINT('',(5.45962114054226,16.8939605239184));
#8015=CARTESIAN_POINT('',(4.93715625465767,17.4764534932736));
#8016=CARTESIAN_POINT('',(4.54759067485932,18.1871183658525));
#8017=CARTESIAN_POINT('',(2.3265192903703,-26.3847468565759,-0.547590674859318));
#8018=CARTESIAN_POINT('',(2.43340263821934,-26.1169711486548,-0.372104432719342));
#8019=CARTESIAN_POINT('',(2.54544725791683,-25.8337442838936,-0.228228318859369));
#8020=CARTESIAN_POINT('',(2.76505743419831,-25.2722532495392,-0.0470880196489452));
#8021=CARTESIAN_POINT('',(2.86963447806298,-25.0023607979725,-3.89133170131117E-14));
#8022=CARTESIAN_POINT('',(2.97421748643627,-24.7296513297833,0.));
#8023=CARTESIAN_POINT('',(4.54759067485932,18.1871183658525));
#8024=CARTESIAN_POINT('',(4.21495687751646,18.7939254542158));
#8025=CARTESIAN_POINT('',(4.00000000000008,19.4671808439047));
#8026=CARTESIAN_POINT('',(4.,20.1709301384011));
#8027=CARTESIAN_POINT('',(4.,43.8407331932379));
#8028=CARTESIAN_POINT('',(4.,20.1709301384011));
#8029=CARTESIAN_POINT('',(9.69682692899255,-2.44367500072431,0.));
#8030=CARTESIAN_POINT('',(9.69682692899255,-2.44367500072431,4.));
#8031=CARTESIAN_POINT('',(4.,43.8407331932379));
#8032=CARTESIAN_POINT('',(1.33226762955019E-15,43.8407331932379));
#8033=CARTESIAN_POINT('',(9.69682692899255,-2.44367500072431,4.));
#8034=CARTESIAN_POINT('',(9.3548272259381,-3.80077524085564,4.));
#8035=CARTESIAN_POINT('',(9.00824438621945,-5.15645396968212,4.));
#8036=CARTESIAN_POINT('',(8.65370375094931,-6.5100614635589,4.));
#8037=CARTESIAN_POINT('',(8.36010412597035,-7.63100110498567,4.));
#8038=CARTESIAN_POINT('',(8.06104794546279,-8.7505204404634,4.));
#8039=CARTESIAN_POINT('',(7.75464571373817,-9.8682540966731,4.));
#8040=CARTESIAN_POINT('',(7.70460965008502,-10.0507821156584,4.));
#8041=CARTESIAN_POINT('',(7.65437991895145,-10.2332545659495,4.));
#8042=CARTESIAN_POINT('',(7.60394661247984,-10.4156647611563,4.));
#8043=CARTESIAN_POINT('',(7.31228817348488,-11.4705524239497,4.));
#8044=CARTESIAN_POINT('',(7.01380423573224,-12.5234100826126,4.));
#8045=CARTESIAN_POINT('',(6.70633840027098,-13.5738984013643,4.));
#8046=CARTESIAN_POINT('',(6.38231326311577,-14.6809632596528,4.));
#8047=CARTESIAN_POINT('',(6.04831249947235,-15.7853944995764,4.));
#8048=CARTESIAN_POINT('',(5.70198145470522,-16.8852517583811,4.));
#8049=CARTESIAN_POINT('',(5.66167872089245,-17.0132427514018,4.));
#8050=CARTESIAN_POINT('',(5.62120905478249,-17.1411718389207,4.));
#8051=CARTESIAN_POINT('',(5.58056878177128,-17.2690359914448,4.));
#8052=CARTESIAN_POINT('',(5.52069401353573,-17.4574165295357,4.));
#8053=CARTESIAN_POINT('',(5.46044651240715,-17.6456637697647,4.));
#8054=CARTESIAN_POINT('',(5.39981960866905,-17.8337809223615,4.));
#8055=CARTESIAN_POINT('',(5.0341873094203,-18.9682889178417,4.));
#8056=CARTESIAN_POINT('',(4.6547798640631,-20.0980044819201,4.));
#8057=CARTESIAN_POINT('',(4.2604740272934,-21.2224570347047,4.));
#8058=CARTESIAN_POINT('',(3.8969994672375,-22.2589872070081,4.));
#8059=CARTESIAN_POINT('',(3.52086514949244,-23.2910456997738,4.));
#8060=CARTESIAN_POINT('',(3.13114386304101,-24.3182519889011,4.));
#8061=CARTESIAN_POINT('',(3.09808624046077,-24.4053834826083,4.));
#8062=CARTESIAN_POINT('',(3.06493082897376,-24.4924800544517,4.));
#8063=CARTESIAN_POINT('',(3.03167704585168,-24.5795414663163,4.));
#8064=CARTESIAN_POINT('',(2.6554465877086,-25.5645468340406,4.));
#8065=CARTESIAN_POINT('',(2.26662988509824,-26.5450489454434,4.));
#8066=CARTESIAN_POINT('',(1.8666095535889,-27.5212396262855,4.));
#8067=CARTESIAN_POINT('',(1.43365287480925,-28.5778066098642,4.));
#8068=CARTESIAN_POINT('',(0.987570576260027,-29.6293238660395,4.));
#8069=CARTESIAN_POINT('',(0.530067178026746,-30.6759993741979,4.));
#8070=CARTESIAN_POINT('',(0.376381474893545,-31.027601268402,4.));
#8071=CARTESIAN_POINT('',(0.221406670543298,-31.3786564649167,4.));
#8072=CARTESIAN_POINT('',(0.0652066639273857,-31.7291717826409,4.));
#8073=CARTESIAN_POINT('',(1.33226762955019E-15,43.8407331932379));
#8074=CARTESIAN_POINT('',(6.66133814775094E-16,11.9280482765754));
#8075=CARTESIAN_POINT('',(0.0652066639273857,-31.7291717826409,4.));
#8076=CARTESIAN_POINT('',(0.0652066639273794,-31.7291717826409,-16.));
#8077=CARTESIAN_POINT('',(6.66133814775094E-16,11.9280482765754));
#8078=CARTESIAN_POINT('',(20.,11.9280482765754));
#8079=CARTESIAN_POINT('',(0.0652066639273794,-31.7291717826409,-16.));
#8080=CARTESIAN_POINT('',(-0.808048299226743,-33.6887699126007,-16.));
#8081=CARTESIAN_POINT('',(-2.62888613512672,-37.5743119622004,-16.));
#8082=CARTESIAN_POINT('',(-4.54204891272759,-41.4142490299001,-16.));
#8083=CARTESIAN_POINT('',(-5.51167315579998,-43.3278505538953,-16.));
#8084=CARTESIAN_POINT('',(20.,11.9280482765754));
#8085=CARTESIAN_POINT('',(20.,-3.5527136788005E-15));
#8086=CARTESIAN_POINT('',(-5.51167315579998,-43.3278505538953,-16.));
#8087=CARTESIAN_POINT('',(-5.51167315579998,-43.3278505538953,-24.));
#8088=CARTESIAN_POINT('',(20.,-3.5527136788005E-15));
#8089=CARTESIAN_POINT('',(28.,2.66453525910038E-15));
#8090=CARTESIAN_POINT('',(0.,10.,0.));
#8091=CARTESIAN_POINT('',(0.,10.,4.));
#8092=CARTESIAN_POINT('',(1.5707963267949,4.52));
#8093=CARTESIAN_POINT('',(1.5707963267949,0.52));
#8094=CARTESIAN_POINT('',(0.,10.,4.));
#8095=CARTESIAN_POINT('',(4.88513087497968,9.99999999999999,4.));
#8096=CARTESIAN_POINT('',(7.88786251170883,6.14667593064564,4.));
#8097=CARTESIAN_POINT('',(10.890594148438,2.29335186129128,4.));
#8098=CARTESIAN_POINT('',(9.69682692899255,-2.44367500072431,4.));
#8099=CARTESIAN_POINT('',(1.5707963267949,0.52));
#8100=CARTESIAN_POINT('',(3.40372375854113,0.520000000000001));
#8101=CARTESIAN_POINT('',(3.40372375854113,4.52));
#8102=CARTESIAN_POINT('',(3.40372375854113,0.520000000000001));
#8103=CARTESIAN_POINT('',(1.5707963267949,4.52));
#8104=CARTESIAN_POINT('',(3.40372375854113,4.52));
#8105=CARTESIAN_POINT('',(-18.3036657965076,-6.48504915509371,0.));
#8106=CARTESIAN_POINT('',(-18.3647943337952,-6.60452231472647,0.));
#8107=CARTESIAN_POINT('',(-18.4257477410445,-6.72379839479067,-0.0100867647724875));
#8108=CARTESIAN_POINT('',(-18.5595484190801,-6.98591354140678,-0.0526683392449783));
#8109=CARTESIAN_POINT('',(-18.631813540007,-7.12767438113134,-0.089407797061037));
#8110=CARTESIAN_POINT('',(-18.8710399890592,-7.59750280476801,-0.252443700444471));
#8111=CARTESIAN_POINT('',(-19.0281483017562,-7.90696455541726,-0.430031183876115));
#8112=CARTESIAN_POINT('',(-19.4338807179984,-8.70758533400986,-1.0260166354019));
#8113=CARTESIAN_POINT('',(-19.6550987575291,-9.14569886642471,-1.51537669488732));
#8114=CARTESIAN_POINT('',(-19.8717469794222,-9.57547763649291,-1.99611554978968));
#8115=CARTESIAN_POINT('',(-19.8726223129008,-9.57721410535109,-1.99805792679132));
#8116=CARTESIAN_POINT('',(-19.8734975031768,-9.57895030461938,-2.));
#8117=CARTESIAN_POINT('',(4.,41.775179983317));
#8118=CARTESIAN_POINT('',(4.,42.3541578849131));
#8119=CARTESIAN_POINT('',(4.28253657138146,42.8608684115263));
#8120=CARTESIAN_POINT('',(4.64385251753502,43.2735256911016));
#8121=CARTESIAN_POINT('',(5.04087211368897,43.7269599450587));
#8122=CARTESIAN_POINT('',(5.51354019343342,44.0687074141541));
#8123=CARTESIAN_POINT('',(5.99417348381657,44.4161406476621));
#8124=CARTESIAN_POINT('',(5.9961155949878,44.4175445328643));
#8125=CARTESIAN_POINT('',(5.99805776846361,44.4189483318562));
#8126=CARTESIAN_POINT('',(6.,44.4203520505318));
#8127=CARTESIAN_POINT('',(-19.8734975031768,-9.57895030461938,-2.));
#8128=CARTESIAN_POINT('',(-19.8734975031768,-9.57895030461938,-24.));
#8129=CARTESIAN_POINT('',(6.,44.4203520505318));
#8130=CARTESIAN_POINT('',(28.,44.4203520505318));
#8131=CARTESIAN_POINT('',(-19.8734975031768,-9.57895030461938,-24.));
#8132=CARTESIAN_POINT('',(-22.5963998492188,-14.9806340185439,-24.));
#8133=CARTESIAN_POINT('',(-25.9962440717677,-21.8655080043012,-24.));
#8134=CARTESIAN_POINT('',(-30.4712650903169,-30.6385892250978,-24.));
#8135=CARTESIAN_POINT('',(28.,44.4203520505318));
#8136=CARTESIAN_POINT('',(28.,57.5210824886318));
#8137=CARTESIAN_POINT('',(-30.4712650903169,-30.6385892250978,-24.));
#8138=CARTESIAN_POINT('',(-30.4712650903169,-30.6385892250978,-16.));
#8139=CARTESIAN_POINT('',(28.,57.5210824886318));
#8140=CARTESIAN_POINT('',(20.,57.5210824886318));
#8141=CARTESIAN_POINT('',(-30.4712650903169,-30.6385892250978,-16.));
#8142=CARTESIAN_POINT('',(-28.8513265701237,-27.4627712453736,-16.));
#8143=CARTESIAN_POINT('',(-25.6350252606522,-21.0991563028903,-16.));
#8144=CARTESIAN_POINT('',(-22.4537525937695,-14.7180008550143,-16.));
#8145=CARTESIAN_POINT('',(-20.8551292126535,-11.5314275028319,-16.));
#8146=CARTESIAN_POINT('',(20.,57.5210824886318));
#8147=CARTESIAN_POINT('',(20.,45.9492876049597));
#8148=CARTESIAN_POINT('',(-20.8551292126535,-11.5314275028319,-16.));
#8149=CARTESIAN_POINT('',(-20.8551292126535,-11.5314275028319,4.));
#8150=CARTESIAN_POINT('',(20.,45.9492876049597));
#8151=CARTESIAN_POINT('',(6.66133814775094E-16,45.9492876049597));
#8152=CARTESIAN_POINT('',(-20.8551292126535,-11.5314275028319,4.));
#8153=CARTESIAN_POINT('',(-20.6935435487698,-11.2093350220709,4.));
#8154=CARTESIAN_POINT('',(-20.5318712167072,-10.887345613991,4.));
#8155=CARTESIAN_POINT('',(-20.3700417308055,-10.5654193772993,4.));
#8156=CARTESIAN_POINT('',(-20.2084690278009,-10.2440039569847,4.));
#8157=CARTESIAN_POINT('',(-20.0467397532507,-9.92265146807312,4.));
#8158=CARTESIAN_POINT('',(-19.8847993490888,-9.60137166918056,4.));
#8159=CARTESIAN_POINT('',(-19.7438322299665,-9.32170157747948,4.));
#8160=CARTESIAN_POINT('',(-19.6027054063858,-9.04208730515831,4.));
#8161=CARTESIAN_POINT('',(-19.4613917222971,-8.76256622384616,4.));
#8162=CARTESIAN_POINT('',(-19.3244940908361,-8.49178017632501,4.));
#8163=CARTESIAN_POINT('',(-19.1874211823742,-8.22108171016147,4.));
#8164=CARTESIAN_POINT('',(-19.0501549313071,-7.95053085781598,4.));
#8165=CARTESIAN_POINT('',(-18.9663504158443,-7.78535272471628,4.));
#8166=CARTESIAN_POINT('',(-18.8824787623106,-7.62023955867897,4.));
#8167=CARTESIAN_POINT('',(-18.7985219138517,-7.45518024551814,4.));
#8168=CARTESIAN_POINT('',(-18.6560497152662,-7.17507965009675,4.));
#8169=CARTESIAN_POINT('',(-18.5133304987045,-6.89512953276776,4.));
#8170=CARTESIAN_POINT('',(-18.3702824986673,-6.61530548248012,4.));
#8171=CARTESIAN_POINT('',(-18.2274399506989,-6.33588332826944,4.));
#8172=CARTESIAN_POINT('',(-18.0842696680627,-6.05658683963015,4.));
#8173=CARTESIAN_POINT('',(-17.9407032399432,-5.77744195593983,4.));
#8174=CARTESIAN_POINT('',(-17.8178955656327,-5.53865957198907,4.));
#8175=CARTESIAN_POINT('',(-17.6947982814283,-5.29998892804429,4.));
#8176=CARTESIAN_POINT('',(-17.5713751816275,-5.06147581037759,4.));
#8177=CARTESIAN_POINT('',(-17.4518090536954,-4.83041622763797,4.));
#8178=CARTESIAN_POINT('',(-17.3319372399184,-4.59950459942491,4.));
#8179=CARTESIAN_POINT('',(-17.2117314263856,-4.36880717437959,4.));
#8180=CARTESIAN_POINT('',(-17.1467487841703,-4.24409333741026,4.));
#8181=CARTESIAN_POINT('',(-17.0816729373156,-4.11945080839671,4.));
#8182=CARTESIAN_POINT('',(-17.0164911407866,-3.9948763048025,4.));
#8183=CARTESIAN_POINT('',(-16.8890134960239,-3.75124288011494,4.));
#8184=CARTESIAN_POINT('',(-16.7611282313225,-3.50786319017917,4.));
#8185=CARTESIAN_POINT('',(-16.6327381982129,-3.26473097036678,4.));
#8186=CARTESIAN_POINT('',(-16.5044971476856,-3.02188087888694,4.));
#8187=CARTESIAN_POINT('',(-16.3757526339003,-2.77927764720799,4.));
#8188=CARTESIAN_POINT('',(-16.2464175811787,-2.53696606343303,4.));
#8189=CARTESIAN_POINT('',(-16.117131336392,-2.29474592221586,4.));
#8190=CARTESIAN_POINT('',(-15.9872551584919,-2.05281717868888,4.));
#8191=CARTESIAN_POINT('',(-15.8567096028973,-1.81127610543874,4.));
#8192=CARTESIAN_POINT('',(-15.7512437014538,-1.61613850071588,4.));
#8193=CARTESIAN_POINT('',(-15.645341098411,-1.42125489262067,4.));
#8194=CARTESIAN_POINT('',(-15.5389623180143,-1.22670077516703,4.));
#8195=CARTESIAN_POINT('',(-15.4623587832697,-1.08660203516932,4.));
#8196=CARTESIAN_POINT('',(-15.3855083767426,-0.946674612255529,4.));
#8197=CARTESIAN_POINT('',(-15.3083967163253,-0.80695380760263,4.));
#8198=CARTESIAN_POINT('',(-15.2512392911267,-0.703388647710893,4.));
#8199=CARTESIAN_POINT('',(-15.1939339966794,-0.5999292270594,4.));
#8200=CARTESIAN_POINT('',(-15.1364658755721,-0.496575933019409,4.));
#8201=CARTESIAN_POINT('',(-15.0196663849791,-0.286518393945636,4.));
#8202=CARTESIAN_POINT('',(-14.9021950311646,-0.0768977935363269,4.));
#8203=CARTESIAN_POINT('',(-14.7839366909542,0.132232693564801,4.));
#8204=CARTESIAN_POINT('',(-14.6657226188983,0.341284895949011,4.));
#8205=CARTESIAN_POINT('',(-14.5467223519492,0.549847369289593,4.));
#8206=CARTESIAN_POINT('',(-14.4268241041551,0.757815016642178,4.));
#8207=CARTESIAN_POINT('',(-14.3572042944449,0.878572978505171,4.));
#8208=CARTESIAN_POINT('',(-14.2872828938967,0.999127482572911,4.));
#8209=CARTESIAN_POINT('',(-14.2170346133799,1.11945580867516,4.));
#8210=CARTESIAN_POINT('',(-14.1074540709869,1.30715639212752,4.));
#8211=CARTESIAN_POINT('',(-13.9970718322781,1.49432010633107,4.));
#8212=CARTESIAN_POINT('',(-13.8857485788105,1.6808980305053,4.));
#8213=CARTESIAN_POINT('',(-13.7745129304925,1.86732912832959,4.));
#8214=CARTESIAN_POINT('',(-13.6623379774475,2.05317536511156,4.));
#8215=CARTESIAN_POINT('',(-13.5490849456096,2.23833591993616,4.));
#8216=CARTESIAN_POINT('',(-13.4510910286572,2.39854892031152,4.));
#8217=CARTESIAN_POINT('',(-13.352289662627,2.55824841073552,4.));
#8218=CARTESIAN_POINT('',(-13.2525902567586,2.71733548105236,4.));
#8219=CARTESIAN_POINT('',(-13.147887643473,2.88440600526494,4.));
#8220=CARTESIAN_POINT('',(-13.0421939851736,3.05080357980374,4.));
#8221=CARTESIAN_POINT('',(-12.9353426089469,3.21646473284338,4.));
#8222=CARTESIAN_POINT('',(-12.8286455660096,3.3818866093141,4.));
#8223=CARTESIAN_POINT('',(-12.7207944241734,3.54657417267655,4.));
#8224=CARTESIAN_POINT('',(-12.6116185756059,3.71041252227813,4.));
#8225=CARTESIAN_POINT('',(-12.5035095459648,3.8726499147585,4.));
#8226=CARTESIAN_POINT('',(-12.3941018778871,4.03405449276053,4.));
#8227=CARTESIAN_POINT('',(-12.283221025258,4.19446505312719,4.));
#8228=CARTESIAN_POINT('',(-12.2254662688416,4.27801845861539,4.));
#8229=CARTESIAN_POINT('',(-12.1673120248319,4.36130083416992,4.));
#8230=CARTESIAN_POINT('',(-12.108731606006,4.44428502472583,4.));
#8231=CARTESIAN_POINT('',(-12.0091777555961,4.58531159740272,4.));
#8232=CARTESIAN_POINT('',(-11.9083860983692,4.72549083860811,4.));
#8233=CARTESIAN_POINT('',(-11.8061456795163,4.86475743362609,4.));
#8234=CARTESIAN_POINT('',(-11.7042588648907,5.0035423673083,4.));
#8235=CARTESIAN_POINT('',(-11.6009336244433,5.14142089771448,4.));
#8236=CARTESIAN_POINT('',(-11.4959500980007,5.27827798942595,4.));
#8237=CARTESIAN_POINT('',(-11.3915046875236,5.41443359026045,4.));
#8238=CARTESIAN_POINT('',(-11.2854183271749,5.54957808997821,4.));
#8239=CARTESIAN_POINT('',(-11.1774582306218,5.68354949603173,4.));
#8240=CARTESIAN_POINT('',(-11.1072014957726,5.77073350061289,4.));
#8241=CARTESIAN_POINT('',(-11.0361509035593,5.85741971379724,4.));
#8242=CARTESIAN_POINT('',(-10.9642373139356,5.94355269271858,4.));
#8243=CARTESIAN_POINT('',(-10.9052318959972,6.01422518238455,4.));
#8244=CARTESIAN_POINT('',(-10.8456395833457,6.08453193033783,4.));
#8245=CARTESIAN_POINT('',(-10.7854301547196,6.15442579016625,4.));
#8246=CARTESIAN_POINT('',(-10.6668152727343,6.29211937278653,4.));
#8247=CARTESIAN_POINT('',(-10.5458099641731,6.42820979298788,4.));
#8248=CARTESIAN_POINT('',(-10.4221617445871,6.56230550395885,4.));
#8249=CARTESIAN_POINT('',(-10.3684652385085,6.6205390246952,4.));
#8250=CARTESIAN_POINT('',(-10.3142701754092,6.67839560886476,4.));
#8251=CARTESIAN_POINT('',(-10.2595514704474,6.73584356623635,4.));
#8252=CARTESIAN_POINT('',(-10.1645368130927,6.83559735224441,4.));
#8253=CARTESIAN_POINT('',(-10.0679500309166,6.93410894812239,4.));
#8254=CARTESIAN_POINT('',(-9.96986221694969,7.03100721737568,4.));
#8255=CARTESIAN_POINT('',(-9.89007203808978,7.10982975324688,4.));
#8256=CARTESIAN_POINT('',(-9.8092882137411,7.1875855970747,4.));
#8257=CARTESIAN_POINT('',(-9.72754006272406,7.26409884319272,4.));
#8258=CARTESIAN_POINT('',(-9.66554228178345,7.32212647333312,4.));
#8259=CARTESIAN_POINT('',(-9.6029893691033,7.379440112659,4.));
#8260=CARTESIAN_POINT('',(-9.53989227188986,7.43597050885146,4.));
#8261=CARTESIAN_POINT('',(-9.40861233479877,7.55358775566037,4.));
#8262=CARTESIAN_POINT('',(-9.274979016087,7.66781679522121,4.));
#8263=CARTESIAN_POINT('',(-9.13866257333922,7.77842633868267,4.));
#8264=CARTESIAN_POINT('',(-9.04546072091023,7.85405195023129,4.));
#8265=CARTESIAN_POINT('',(-8.95100362654042,7.92798579735057,4.));
#8266=CARTESIAN_POINT('',(-8.85517190482918,8.00015816296758,4.));
#8267=CARTESIAN_POINT('',(-8.79261914863136,8.04726762014987,4.));
#8268=CARTESIAN_POINT('',(-8.7294772688957,8.09362890353898,4.));
#8269=CARTESIAN_POINT('',(-8.6657228724461,8.13921465631691,4.));
#8270=CARTESIAN_POINT('',(-8.54879954593759,8.22281732770922,4.));
#8271=CARTESIAN_POINT('',(-8.42982779991982,8.30380056625782,4.00000000000001));
#8272=CARTESIAN_POINT('',(-8.30872505627075,8.38197444684165,4.00000000000001));
#8273=CARTESIAN_POINT('',(-8.23374122424496,8.43037778564204,4.00000000000001));
#8274=CARTESIAN_POINT('',(-8.15794002257663,8.47770503994181,4.00000000000001));
#8275=CARTESIAN_POINT('',(-8.0812983564421,8.52392045890952,4.00000000000001));
#8276=CARTESIAN_POINT('',(-8.02709749096219,8.55660393035402,4.00000000000001));
#8277=CARTESIAN_POINT('',(-7.97247625849374,8.58873147210869,4.00000000000001));
#8278=CARTESIAN_POINT('',(-7.91742567165407,8.62029262979199,4.00000000000001));
#8279=CARTESIAN_POINT('',(-7.82657379512437,8.67237909363531,4.00000000000001));
#8280=CARTESIAN_POINT('',(-7.73455306120703,8.72291820217984,4.00000000000001));
#8281=CARTESIAN_POINT('',(-7.64156506639623,8.77175623394179,4.00000000000001));
#8282=CARTESIAN_POINT('',(-7.54749890068657,8.82116052960383,4.00000000000001));
#8283=CARTESIAN_POINT('',(-7.45244257242118,8.86882420890903,4.00000000000001));
#8284=CARTESIAN_POINT('',(-7.35661639827663,8.91464068553994,4.00000000000001));
#8285=CARTESIAN_POINT('',(-7.28573714445781,8.94852952337781,4.00000000000001));
#8286=CARTESIAN_POINT('',(-7.21443692337706,8.98140887079483,4.00000000000001));
#8287=CARTESIAN_POINT('',(-7.14281056987143,9.01325289304782,4.00000000000001));
#8288=CARTESIAN_POINT('',(-7.08903847642018,9.03715917413913,4.00000000000001));
#8289=CARTESIAN_POINT('',(-7.03508334211561,9.06048197584749,4.00000000000001));
#8290=CARTESIAN_POINT('',(-6.98098538864781,9.0832162900122,4.00000000000001));
#8291=CARTESIAN_POINT('',(-6.8123932744313,9.15406603283234,4.00000000000001));
#8292=CARTESIAN_POINT('',(-6.64236553591282,9.21922136415499,4.00000000000001));
#8293=CARTESIAN_POINT('',(-6.47081260170499,9.27916171852933,4.00000000000001));
#8294=CARTESIAN_POINT('',(-6.34290615686825,9.32385205079138,4.00000000000001));
#8295=CARTESIAN_POINT('',(-6.21415274362866,9.36564395444199,4.00000000000001));
#8296=CARTESIAN_POINT('',(-6.08453352947222,9.40474136953655,4.00000000000001));
#8297=CARTESIAN_POINT('',(-5.91966090770816,9.45447237101493,4.00000000000001));
#8298=CARTESIAN_POINT('',(-5.75338838222347,9.49984162660348,4.00000000000001));
#8299=CARTESIAN_POINT('',(-5.58581486345151,9.5412549487368,4.00000000000001));
#8300=CARTESIAN_POINT('',(-5.47277952112134,9.5691899654308,4.00000000000001));
#8301=CARTESIAN_POINT('',(-5.35915302056363,9.59532557694861,4.00000000000001));
#8302=CARTESIAN_POINT('',(-5.24498101064697,9.61979000633885,4.00000000000001));
#8303=CARTESIAN_POINT('',(-5.16340295011141,9.63727030385854,4.00000000000001));
#8304=CARTESIAN_POINT('',(-5.08154429656225,9.65389790282043,4.00000000000001));
#8305=CARTESIAN_POINT('',(-4.99943439314785,9.66971839728788,4.00000000000001));
#8306=CARTESIAN_POINT('',(-4.85830530177862,9.69691039138799,4.00000000000001));
#8307=CARTESIAN_POINT('',(-4.71644270228504,9.72171482474606,4.00000000000001));
#8308=CARTESIAN_POINT('',(-4.57412263810554,9.74435563809357,4.00000000000001));
#8309=CARTESIAN_POINT('',(-4.46038719587452,9.76244910181839,4.00000000000001));
#8310=CARTESIAN_POINT('',(-4.34636049677625,9.77916117633594,4.00000000000001));
#8311=CARTESIAN_POINT('',(-4.23220712983044,9.79461049161637,4.00000000000001));
#8312=CARTESIAN_POINT('',(-4.16101282885515,9.80424580270149,4.00000000000001));
#8313=CARTESIAN_POINT('',(-4.08977188793155,9.81338974002823,4.00000000000001));
#8314=CARTESIAN_POINT('',(-4.01852120808797,9.82207230962554,4.00000000000001));
#8315=CARTESIAN_POINT('',(-3.85171655260789,9.84239903539915,4.00000000000001));
#8316=CARTESIAN_POINT('',(-3.68482210072726,9.86020627332282,4.00000000000001));
#8317=CARTESIAN_POINT('',(-3.51782940522884,9.87590707082941,4.00000000000001));
#8318=CARTESIAN_POINT('',(-3.34850323783615,9.89182726337952,4.00000000000001));
#8319=CARTESIAN_POINT('',(-3.1790763292144,9.90558141908246,4.00000000000001));
#8320=CARTESIAN_POINT('',(-3.00955362801654,9.91754378231474,4.00000000000001));
#8321=CARTESIAN_POINT('',(-2.83498659334444,9.92986209875482,4.00000000000001));
#8322=CARTESIAN_POINT('',(-2.66031822664737,9.94028021407098,4.00000000000001));
#8323=CARTESIAN_POINT('',(-2.48556449980982,9.94915112946325,4.00000000000001));
#8324=CARTESIAN_POINT('',(-2.33771108788479,9.956656520801,4.00000000000001));
#8325=CARTESIAN_POINT('',(-2.18979683789556,9.96305328872345,4.00000000000001));
#8326=CARTESIAN_POINT('',(-2.04183510645506,9.96852726179229,4.));
#8327=CARTESIAN_POINT('',(-1.89991210594689,9.97377782675301,4.));
#8328=CARTESIAN_POINT('',(-1.75793665196647,9.97817942876452,4.));
#8329=CARTESIAN_POINT('',(-1.61591779232101,9.98187612695011,4.));
#8330=CARTESIAN_POINT('',(-1.42389238684781,9.98687447695639,4.));
#8331=CARTESIAN_POINT('',(-1.231788343818,9.99058587970397,4.));
#8332=CARTESIAN_POINT('',(-1.03962922119892,9.99331664542056,4.));
#8333=CARTESIAN_POINT('',(-0.83908331868548,9.99616659533563,4.));
#8334=CARTESIAN_POINT('',(-0.638477798132232,9.99794824451403,4.));
#8335=CARTESIAN_POINT('',(-0.437833450506957,9.99895222610632,4.));
#8336=CARTESIAN_POINT('',(-0.291908125692947,9.99968240535978,4.));
#8337=CARTESIAN_POINT('',(-0.145962146646935,10.,4.));
#8338=CARTESIAN_POINT('',(0.,10.,4.));
#8339=CARTESIAN_POINT('',(6.66133814775094E-16,45.9492876049597));
#8340=CARTESIAN_POINT('',(-2.22044604925031E-16,7.46069872548105E-14));
#8341=CARTESIAN_POINT('',(4.,7.46069872548105E-14));
#8342=CARTESIAN_POINT('',(-2.22044604925031E-16,7.46069872548105E-14));
#8343=CARTESIAN_POINT('',(4.,41.775179983317));
#8344=CARTESIAN_POINT('',(4.,7.46069872548105E-14));
#8345=CARTESIAN_POINT('',(3.62710702969376,8.92));
#8346=CARTESIAN_POINT('',(3.62710702969376,0.920000000000001));
#8347=CARTESIAN_POINT('',(-30.4712650903169,-30.6385892250978,-24.));
#8348=CARTESIAN_POINT('',(-32.,-33.6356065513012,-24.));
#8349=CARTESIAN_POINT('',(-32.,-37.,-24.));
#8350=CARTESIAN_POINT('',(3.62710702969376,8.92));
#8351=CARTESIAN_POINT('',(3.14159265358979,8.92));
#8352=CARTESIAN_POINT('',(-32.,-37.,-24.));
#8353=CARTESIAN_POINT('',(-32.,-48.049454692317,-24.));
#8354=CARTESIAN_POINT('',(-21.2529543634364,-50.6168383962431,-24.));
#8355=CARTESIAN_POINT('',(-10.5059087268728,-53.1842221001692,-24.));
#8356=CARTESIAN_POINT('',(-5.51167315579998,-43.3278505538953,-24.));
#8357=CARTESIAN_POINT('',(3.14159265358979,8.92));
#8358=CARTESIAN_POINT('',(0.482900561036527,8.92));
#8359=CARTESIAN_POINT('',(0.482900561036527,0.919999999999999));
#8360=CARTESIAN_POINT('',(0.482900561036527,8.92));
#8361=CARTESIAN_POINT('',(-5.51167315579998,-43.3278505538953,-16.));
#8362=CARTESIAN_POINT('',(-10.5059087268728,-53.1842221001692,-16.));
#8363=CARTESIAN_POINT('',(-21.2529543634364,-50.6168383962431,-16.));
#8364=CARTESIAN_POINT('',(-32.,-48.049454692317,-16.));
#8365=CARTESIAN_POINT('',(-32.,-37.,-16.));
#8366=CARTESIAN_POINT('',(0.482900561036527,0.919999999999999));
#8367=CARTESIAN_POINT('',(3.14159265358979,0.92));
#8368=CARTESIAN_POINT('',(-32.,-37.,-16.));
#8369=CARTESIAN_POINT('',(-32.,-33.6356065513012,-16.));
#8370=CARTESIAN_POINT('',(-30.4712650903169,-30.6385892250978,-16.));
#8371=CARTESIAN_POINT('',(3.14159265358979,0.92));
#8372=CARTESIAN_POINT('',(3.62710702969376,0.920000000000001));
#8373=CARTESIAN_POINT('',(-26.,-37.,-16.));
#8374=CARTESIAN_POINT('',(-25.9999999999999,-43.3667767234269,-16.));
#8375=CARTESIAN_POINT('',(-19.7956829230503,-44.7958657530684,-16.));
#8376=CARTESIAN_POINT('',(-13.5913658461006,-46.2249547827099,-16.));
#8377=CARTESIAN_POINT('',(-10.8061192900336,-40.4997257507944,-16.));
#8378=CARTESIAN_POINT('',(0.920000000000001,3.14159265358979));
#8379=CARTESIAN_POINT('',(0.92,0.467115036046102));
#8380=CARTESIAN_POINT('',(-10.8061192900336,-40.4997257507944,-16.));
#8381=CARTESIAN_POINT('',(-10.8061192900336,-40.4997257507944,-24.));
#8382=CARTESIAN_POINT('',(0.92,0.467115036046102));
#8383=CARTESIAN_POINT('',(8.92000000000001,0.467115036046103));
#8384=CARTESIAN_POINT('',(-10.8061192900336,-40.4997257507944,-24.));
#8385=CARTESIAN_POINT('',(-13.5913658461006,-46.2249547827099,-24.));
#8386=CARTESIAN_POINT('',(-19.7956829230503,-44.7958657530684,-24.));
#8387=CARTESIAN_POINT('',(-25.9999999999999,-43.3667767234269,-24.));
#8388=CARTESIAN_POINT('',(-26.,-37.,-24.));
#8389=CARTESIAN_POINT('',(8.92000000000001,0.467115036046103));
#8390=CARTESIAN_POINT('',(8.92000000000001,3.14159265358979));
#8391=CARTESIAN_POINT('',(-26.,-37.,-24.));
#8392=CARTESIAN_POINT('',(-26.,-35.1572972342747,-24.));
#8393=CARTESIAN_POINT('',(-25.1938807099664,-33.5002742492055,-24.));
#8394=CARTESIAN_POINT('',(8.92000000000001,3.14159265358979));
#8395=CARTESIAN_POINT('',(8.92000000000001,3.6087076896359));
#8396=CARTESIAN_POINT('',(-25.1938807099664,-33.5002742492055,-24.));
#8397=CARTESIAN_POINT('',(-25.1938807099664,-33.5002742492055,-16.));
#8398=CARTESIAN_POINT('',(8.92000000000001,3.6087076896359));
#8399=CARTESIAN_POINT('',(0.920000000000003,3.6087076896359));
#8400=CARTESIAN_POINT('',(-25.1938807099664,-33.5002742492055,-16.));
#8401=CARTESIAN_POINT('',(-26.,-35.1572972342747,-16.));
#8402=CARTESIAN_POINT('',(-26.,-37.,-16.));
#8403=CARTESIAN_POINT('',(0.920000000000003,3.6087076896359));
#8404=CARTESIAN_POINT('',(0.920000000000001,3.14159265358979));
#8405=CARTESIAN_POINT('',(-10.8061192900336,-40.4997257507944,-16.));
#8406=CARTESIAN_POINT('',(-6.98604383349687,-32.6473484234689,-16.));
#8407=CARTESIAN_POINT('',(6.48387891890375,-6.));
#8408=CARTESIAN_POINT('',(-2.2484063595517,-6.));
#8409=CARTESIAN_POINT('',(-6.98604383349687,-32.6473484234689,-16.));
#8410=CARTESIAN_POINT('',(-5.22927268393883,-29.0362077271551,-16.));
#8411=CARTESIAN_POINT('',(-5.22927268393883,-29.0362077271551,-12.));
#8412=CARTESIAN_POINT('',(-2.2484063595517,-6.));
#8413=CARTESIAN_POINT('',(-6.26419793787013,-6.));
#8414=CARTESIAN_POINT('',(-6.26419793787013,-2.));
#8415=CARTESIAN_POINT('',(-5.22927268393883,-29.0362077271551,-12.));
#8416=CARTESIAN_POINT('',(-5.22927268393883,-29.0362077271551,4.));
#8417=CARTESIAN_POINT('',(-6.26419793787013,-2.));
#8418=CARTESIAN_POINT('',(-6.26419793787013,14.));
#8419=CARTESIAN_POINT('',(-5.22927268393883,-29.0362077271551,4.));
#8420=CARTESIAN_POINT('',(-5.13316978565344,-28.8386628806796,4.));
#8421=CARTESIAN_POINT('',(-6.26419793787013,14.));
#8422=CARTESIAN_POINT('',(-6.48387891890372,14.));
#8423=CARTESIAN_POINT('',(-5.13316978565344,-28.8386628806796,4.));
#8424=CARTESIAN_POINT('',(-5.13316978565344,-28.8386628806796,-24.));
#8425=CARTESIAN_POINT('',(-6.48387891890372,14.));
#8426=CARTESIAN_POINT('',(-6.48387891890372,-14.));
#8427=CARTESIAN_POINT('',(-5.13316978565344,-28.8386628806796,-24.));
#8428=CARTESIAN_POINT('',(-10.8061192900336,-40.4997257507944,-24.));
#8429=CARTESIAN_POINT('',(-6.48387891890372,-14.));
#8430=CARTESIAN_POINT('',(6.48387891890375,-14.));
#8431=CARTESIAN_POINT('',(6.48387891890375,-6.));
#8432=CARTESIAN_POINT('',(6.48387891890375,-14.));
#8433=CARTESIAN_POINT('',(-17.9896707593875,-19.6878547779488,-16.));
#8434=CARTESIAN_POINT('',(-18.9353007831609,-20.6354155107722,-16.));
#8435=CARTESIAN_POINT('',(-19.5209312055862,-21.8392113790907,-16.));
#8436=CARTESIAN_POINT('',(22.92,0.784431316038944));
#8437=CARTESIAN_POINT('',(22.92,0.467115036046115));
#8438=CARTESIAN_POINT('',(-19.5209312055862,-21.8392113790907,-16.));
#8439=CARTESIAN_POINT('',(-19.5209312055862,-21.8392113790907,-24.));
#8440=CARTESIAN_POINT('',(22.92,0.467115036046115));
#8441=CARTESIAN_POINT('',(30.92,0.467115036046115));
#8442=CARTESIAN_POINT('',(-19.5209312055862,-21.8392113790907,-24.));
#8443=CARTESIAN_POINT('',(-17.7065647513046,-18.1096803341786,-24.));
#8444=CARTESIAN_POINT('',(-13.6130536298033,-17.4429763942387,-24.));
#8445=CARTESIAN_POINT('',(30.92,0.467115036046115));
#8446=CARTESIAN_POINT('',(30.92,1.39690606112159));
#8447=CARTESIAN_POINT('',(-13.6130536298033,-17.4429763942387,-24.));
#8448=CARTESIAN_POINT('',(-13.6130536298033,-17.4429763942387,-2.));
#8449=CARTESIAN_POINT('',(30.92,1.39690606112159));
#8450=CARTESIAN_POINT('',(8.92,1.39690606112159));
#8451=CARTESIAN_POINT('',(-13.6130536298033,-17.4429763942387,-2.));
#8452=CARTESIAN_POINT('',(-13.6116664508556,-17.4427504665101,-1.99842865154581));
#8453=CARTESIAN_POINT('',(-13.610279210795,-17.4425249040786,-1.99685730130601));
#8454=CARTESIAN_POINT('',(-13.2737868598623,-17.3879029418616,-1.61572463989547));
#8455=CARTESIAN_POINT('',(-12.7712026002447,-17.3283655777044,-1.02772485417087));
#8456=CARTESIAN_POINT('',(-11.8847303728355,-17.3462250085668,-0.396331930841445));
#8457=CARTESIAN_POINT('',(-11.5816515500905,-17.3670319974524,-0.230259081987655));
#8458=CARTESIAN_POINT('',(-11.0148827311338,-17.4434814127324,-0.0442116520654123));
#8459=CARTESIAN_POINT('',(-10.7658274772264,-17.4885768312304,0.));
#8460=CARTESIAN_POINT('',(-10.5163980619874,-17.5465345629883,0.));
#8461=CARTESIAN_POINT('',(8.92,1.39690606112159));
#8462=CARTESIAN_POINT('',(8.91842865009403,1.39708994188233));
#8463=CARTESIAN_POINT('',(8.91685730199249,1.39727383805937));
#8464=CARTESIAN_POINT('',(8.91528595578607,1.39745775043177));
#8465=CARTESIAN_POINT('',(8.48962552178651,1.44727759276338));
#8466=CARTESIAN_POINT('',(8.06416854531019,1.49484585574977));
#8467=CARTESIAN_POINT('',(7.64163245356475,1.5699271947362));
#8468=CARTESIAN_POINT('',(7.5452855145037,1.587047287749));
#8469=CARTESIAN_POINT('',(7.44926412939749,1.60546644922323));
#8470=CARTESIAN_POINT('',(7.35374855564359,1.62685448104374));
#8471=CARTESIAN_POINT('',(7.27670116721604,1.64410708112361));
#8472=CARTESIAN_POINT('',(7.20028142558319,1.66291546164242));
#8473=CARTESIAN_POINT('',(7.12496135828757,1.68695483018202));
#8474=CARTESIAN_POINT('',(7.0725765134093,1.70367412740431));
#8475=CARTESIAN_POINT('',(7.02152374736029,1.72101525122344));
#8476=CARTESIAN_POINT('',(6.97379737717655,1.74993949285395));
#8477=CARTESIAN_POINT('',(6.96959671671477,1.75248527452007));
#8478=CARTESIAN_POINT('',(6.96546694819377,1.75513015490646));
#8479=CARTESIAN_POINT('',(6.96141922033796,1.75791401865565));
#8480=CARTESIAN_POINT('',(6.95952857804551,1.75921432606962));
#8481=CARTESIAN_POINT('',(6.95765925069221,1.76054295074259));
#8482=CARTESIAN_POINT('',(6.95581292973243,1.76190556286015));
#8483=CARTESIAN_POINT('',(6.95492168722734,1.76256331298247));
#8484=CARTESIAN_POINT('',(6.95403630815434,1.76322864081066));
#8485=CARTESIAN_POINT('',(6.95315702560255,1.76390230281842));
#8486=CARTESIAN_POINT('',(6.95229838365107,1.76456015103776));
#8487=CARTESIAN_POINT('',(6.95144591568233,1.76522566973371));
#8488=CARTESIAN_POINT('',(6.95059987052866,1.76589964930683));
#8489=CARTESIAN_POINT('',(6.94449688637014,1.77076143078509));
#8490=CARTESIAN_POINT('',(6.93882171344198,1.7759266795447));
#8491=CARTESIAN_POINT('',(6.93375054062024,1.78189681768827));
#8492=CARTESIAN_POINT('',(6.9255726006898,1.79152445863656));
#8493=CARTESIAN_POINT('',(6.92,1.8005130399996));
#8494=CARTESIAN_POINT('',(6.92,1.8139447549174));
#8495=CARTESIAN_POINT('',(6.92,2.79172236763319));
#8496=CARTESIAN_POINT('',(6.92,1.8139447549174));
#8497=CARTESIAN_POINT('',(-4.76872719248454,-22.7175350536515,0.));
#8498=CARTESIAN_POINT('',(-4.68481792555846,-22.9594717535978,-1.31838984174237E-14));
#8499=CARTESIAN_POINT('',(-4.61373882718744,-23.2023912424066,-0.0442116520654406));
#8500=CARTESIAN_POINT('',(-4.47801339081236,-23.7579540319805,-0.23025908198772));
#8501=CARTESIAN_POINT('',(-4.42539695380683,-24.057154991437,-0.396331930841535));
#8502=CARTESIAN_POINT('',(-4.31425913772522,-24.9368144657639,-1.02772502913491));
#8503=CARTESIAN_POINT('',(-4.32052495847037,-25.4428743039417,-1.61572511621305));
#8504=CARTESIAN_POINT('',(-4.33939815400749,-25.7832478824596,-1.99685730129038));
#8505=CARTESIAN_POINT('',(-4.33947633481134,-25.7846511647704,-1.99842865156232));
#8506=CARTESIAN_POINT('',(-4.33955488531493,-25.7860544247422,-2.));
#8507=CARTESIAN_POINT('',(6.92,2.79172236763319));
#8508=CARTESIAN_POINT('',(6.92000000000001,2.80492606613105));
#8509=CARTESIAN_POINT('',(6.92561245974446,2.81357576790061));
#8510=CARTESIAN_POINT('',(6.93375054671024,2.82288306094805));
#8511=CARTESIAN_POINT('',(6.93883679495832,2.82870005493643));
#8512=CARTESIAN_POINT('',(6.94451139408228,2.83370918938186));
#8513=CARTESIAN_POINT('',(6.95059988400358,2.83841687031006));
#8514=CARTESIAN_POINT('',(6.95231355699053,2.83974189929789));
#8515=CARTESIAN_POINT('',(6.9540518735408,2.8410319219349));
#8516=CARTESIAN_POINT('',(6.95581294547995,2.84229314329215));
#8517=CARTESIAN_POINT('',(6.95766008636391,2.84361600437516));
#8518=CARTESIAN_POINT('',(6.95952940066583,2.84490510058318));
#8519=CARTESIAN_POINT('',(6.96141923852391,2.84616610147648));
#8520=CARTESIAN_POINT('',(6.9654700240163,2.84886900220557));
#8521=CARTESIAN_POINT('',(6.96959968448352,2.85143410567593));
#8522=CARTESIAN_POINT('',(6.97379740072731,2.85390117345474));
#8523=CARTESIAN_POINT('',(7.02165695474849,2.88202903078874));
#8524=CARTESIAN_POINT('',(7.07267489848962,2.89874844022301));
#8525=CARTESIAN_POINT('',(7.12496144482461,2.91487603096705));
#8526=CARTESIAN_POINT('',(7.20033534535245,2.93812483024146));
#8527=CARTESIAN_POINT('',(7.27674508370439,2.95625390198046));
#8528=CARTESIAN_POINT('',(7.35374873119939,2.97286310653781));
#8529=CARTESIAN_POINT('',(7.44929147481114,2.9934710780332));
#8530=CARTESIAN_POINT('',(7.54531070649972,3.01116748482127));
#8531=CARTESIAN_POINT('',(7.64163273155315,3.02761375649992));
#8532=CARTESIAN_POINT('',(8.06450295719761,3.09981571251052));
#8533=CARTESIAN_POINT('',(8.48977884256603,3.15074679013024));
#8534=CARTESIAN_POINT('',(8.91528595578679,3.20243499531446));
#8535=CARTESIAN_POINT('',(8.91685730149406,3.20262587353202));
#8536=CARTESIAN_POINT('',(8.91842864959763,3.20281673201766));
#8537=CARTESIAN_POINT('',(8.92,3.2030075715802));
#8538=CARTESIAN_POINT('',(-4.33955488531493,-25.7860544247422,-2.));
#8539=CARTESIAN_POINT('',(-4.33955488531493,-25.7860544247422,-24.));
#8540=CARTESIAN_POINT('',(8.92,3.2030075715802));
#8541=CARTESIAN_POINT('',(30.92,3.2030075715802));
#8542=CARTESIAN_POINT('',(-4.33955488531493,-25.7860544247422,-24.));
#8543=CARTESIAN_POINT('',(-4.42945938450407,-27.3921470560949,-24.));
#8544=CARTESIAN_POINT('',(-5.13316978565344,-28.8386628806796,-24.));
#8545=CARTESIAN_POINT('',(30.92,3.2030075715802));
#8546=CARTESIAN_POINT('',(30.92,3.6087076896359));
#8547=CARTESIAN_POINT('',(2.92,3.6087076896359));
#8548=CARTESIAN_POINT('',(30.92,3.6087076896359));
#8549=CARTESIAN_POINT('',(-5.13316978565344,-28.8386628806796,4.));
#8550=CARTESIAN_POINT('',(-2.73273434240569,-23.9044344695593,4.));
#8551=CARTESIAN_POINT('',(-6.47142076392605,-19.8881022905872,4.));
#8552=CARTESIAN_POINT('',(-10.2101071854464,-15.8717701116151,4.));
#8553=CARTESIAN_POINT('',(-15.3033636205478,-17.9132007904787,4.));
#8554=CARTESIAN_POINT('',(2.92,3.6087076896359));
#8555=CARTESIAN_POINT('',(2.92,1.17390108630454));
#8556=CARTESIAN_POINT('',(-15.3033636205478,-17.9132007904787,4.));
#8557=CARTESIAN_POINT('',(-15.3033636205478,-17.9132007904787,-12.));
#8558=CARTESIAN_POINT('',(2.92,1.17390108630454));
#8559=CARTESIAN_POINT('',(18.92,1.17390108630454));
#8560=CARTESIAN_POINT('',(-15.3033636205478,-17.9132007904787,-12.));
#8561=CARTESIAN_POINT('',(-15.3033636216086,-17.9132007909039,-12.1192658296861));
#8562=CARTESIAN_POINT('',(-15.3074903407142,-17.914834445502,-12.2377806972766));
#8563=CARTESIAN_POINT('',(-15.315703227672,-17.9181389896248,-12.3557499001658));
#8564=CARTESIAN_POINT('',(-15.3239161146297,-17.9214435337475,-12.4737191030549));
#8565=CARTESIAN_POINT('',(-15.3362153863653,-17.926418926125,-12.5911425803468));
#8566=CARTESIAN_POINT('',(-15.3526066347705,-17.9331237248333,-12.7082129485807));
#8567=CARTESIAN_POINT('',(-15.3560965647461,-17.9345512718642,-12.7331388954792));
#8568=CARTESIAN_POINT('',(-15.3597691481546,-17.9360560671804,-12.7580364336805));
#8569=CARTESIAN_POINT('',(-15.3636237648147,-17.9376384061378,-12.7829050869487));
#8570=CARTESIAN_POINT('',(-15.3834465950619,-17.9457757747302,-12.910795130419));
#8571=CARTESIAN_POINT('',(-15.4080858287339,-17.9559644550726,-13.0379214582395));
#8572=CARTESIAN_POINT('',(-15.4376451848416,-17.9684418481183,-13.1640041807307));
#8573=CARTESIAN_POINT('',(-15.4563307073714,-17.9763292529731,-13.2437055633705));
#8574=CARTESIAN_POINT('',(-15.4769819645532,-17.9851311885268,-13.3229903748306));
#8575=CARTESIAN_POINT('',(-15.4993783736521,-17.9948052957374,-13.4012686241666));
#8576=CARTESIAN_POINT('',(-15.5122337383603,-18.0003581580676,-13.4461997307333));
#8577=CARTESIAN_POINT('',(-15.5257140881702,-18.0062199505724,-13.4909596480262));
#8578=CARTESIAN_POINT('',(-15.5397872583416,-18.0123879765328,-13.5354284746966));
#8579=CARTESIAN_POINT('',(-15.5606688805227,-18.0215400287102,-13.6014108529423));
#8580=CARTESIAN_POINT('',(-15.5828553635658,-18.0313659849178,-13.6667510049278));
#8581=CARTESIAN_POINT('',(-15.6063719609074,-18.041928323606,-13.7314627980265));
#8582=CARTESIAN_POINT('',(-15.6467923618538,-18.0600829043262,-13.8426896300805));
#8583=CARTESIAN_POINT('',(-15.6911428206528,-18.0804117371511,-13.9520575775138));
#8584=CARTESIAN_POINT('',(-15.7395436470438,-18.1032498999495,-14.0596734035927));
#8585=CARTESIAN_POINT('',(-15.7642627186252,-18.1149137128034,-14.1146345169967));
#8586=CARTESIAN_POINT('',(-15.7899687656432,-18.1271996352423,-14.1689775903834));
#8587=CARTESIAN_POINT('',(-15.8166938796242,-18.1401602087361,-14.222797045954));
#8588=CARTESIAN_POINT('',(-15.836198721855,-18.1496192494495,-14.2620762045238));
#8589=CARTESIAN_POINT('',(-15.8562466798104,-18.1594378256106,-14.3010766245999));
#8590=CARTESIAN_POINT('',(-15.8768035376817,-18.1696167193761,-14.3397263215199));
#8591=CARTESIAN_POINT('',(-15.9126202442092,-18.1873516501256,-14.4070666154804));
#8592=CARTESIAN_POINT('',(-15.9499819094844,-18.2061797774665,-14.4733455742814));
#8593=CARTESIAN_POINT('',(-15.9887106860002,-18.226114568912,-14.538143850834));
#8594=CARTESIAN_POINT('',(-16.0150112090499,-18.2396521884567,-14.5821480440817));
#8595=CARTESIAN_POINT('',(-16.0419420094634,-18.2537002932283,-14.6254676150105));
#8596=CARTESIAN_POINT('',(-16.0695076324969,-18.2682910499237,-14.6681196277331));
#8597=CARTESIAN_POINT('',(-16.1045877016805,-18.2868592772297,-14.7223986678011));
#8598=CARTESIAN_POINT('',(-16.1406773083142,-18.306296436034,-14.7755245510955));
#8599=CARTESIAN_POINT('',(-16.1777548104927,-18.3266567384164,-14.8274840091452));
#8600=CARTESIAN_POINT('',(-16.1879297210071,-18.3322440688085,-14.8417428670772));
#8601=CARTESIAN_POINT('',(-16.1981790192095,-18.3379009452549,-14.8559138501298));
#8602=CARTESIAN_POINT('',(-16.2085037729887,-18.3436295593781,-14.869996994962));
#8603=CARTESIAN_POINT('',(-16.2639172091465,-18.3743752991586,-14.9455818915851));
#8604=CARTESIAN_POINT('',(-16.3215025647929,-18.4071839214402,-15.0186381985759));
#8605=CARTESIAN_POINT('',(-16.3814365275309,-18.4424196096594,-15.0891596081318));
#8606=CARTESIAN_POINT('',(-16.412759081329,-18.4608344063696,-15.1260153497484));
#8607=CARTESIAN_POINT('',(-16.4447237546622,-18.4799130030992,-15.1621788339131));
#8608=CARTESIAN_POINT('',(-16.4772983811563,-18.4996796188302,-15.1975671178096));
#8609=CARTESIAN_POINT('',(-16.5169320774722,-18.523729750156,-15.240624203893));
#8610=CARTESIAN_POINT('',(-16.5574795907477,-18.548805177026,-15.2825851673652));
#8611=CARTESIAN_POINT('',(-16.598829100683,-18.5749214917239,-15.3232022872419));
#8612=CARTESIAN_POINT('',(-16.635119905179,-18.5978427324434,-15.3588503023923));
#8613=CARTESIAN_POINT('',(-16.6720285355793,-18.6215659724501,-15.3934631392465));
#8614=CARTESIAN_POINT('',(-16.7093935094544,-18.6460319315751,-15.4268528781526));
#8615=CARTESIAN_POINT('',(-16.7478480070697,-18.6712112925984,-15.4612162270855));
#8616=CARTESIAN_POINT('',(-16.7868533314757,-18.6972216334607,-15.4943510421348));
#8617=CARTESIAN_POINT('',(-16.8262050882751,-18.723983770019,-15.5260637249098));
#8618=CARTESIAN_POINT('',(-16.8686569201511,-18.7528541893908,-15.5602746874435));
#8619=CARTESIAN_POINT('',(-16.9115106446704,-18.7825988267144,-15.5928293018251));
#8620=CARTESIAN_POINT('',(-16.9547298215294,-18.8132490062056,-15.6237026074119));
#8621=CARTESIAN_POINT('',(-16.9889492178509,-18.8375167205758,-15.6481469850333));
#8622=CARTESIAN_POINT('',(-17.0233658820591,-18.8623289924296,-15.6714969129946));
#8623=CARTESIAN_POINT('',(-17.0580228274803,-18.8877433802435,-15.6937813794453));
#8624=CARTESIAN_POINT('',(-17.1077130199735,-18.9241818432188,-15.7257322456883));
#8625=CARTESIAN_POINT('',(-17.1578969261552,-18.9618568113029,-15.7554950249897));
#8626=CARTESIAN_POINT('',(-17.2087035994588,-19.0009901218744,-15.7829884245179));
#8627=CARTESIAN_POINT('',(-17.2368025511102,-19.0226330465182,-15.7981938228217));
#8628=CARTESIAN_POINT('',(-17.2650485120423,-19.0446891188578,-15.812697188366));
#8629=CARTESIAN_POINT('',(-17.2934400870221,-19.0671770552047,-15.8264691396659));
#8630=CARTESIAN_POINT('',(-17.2971882115728,-19.0701458086597,-15.8282872490457));
#8631=CARTESIAN_POINT('',(-17.3009388728027,-19.0731220876789,-15.8300926128358));
#8632=CARTESIAN_POINT('',(-17.3046918681233,-19.0761057548292,-15.8318851165498));
#8633=CARTESIAN_POINT('',(-17.3597640933524,-19.1198887002572,-15.858188684722));
#8634=CARTESIAN_POINT('',(-17.4153419681859,-19.1652655440555,-15.8817220613634));
#8635=CARTESIAN_POINT('',(-17.4707649421522,-19.2117823014937,-15.9021294332668));
#8636=CARTESIAN_POINT('',(-17.4908533391428,-19.2286425856549,-15.9095262104332));
#8637=CARTESIAN_POINT('',(-17.5109492988731,-19.2456760081121,-15.9165207884773));
#8638=CARTESIAN_POINT('',(-17.5310170363401,-19.262858440143,-15.9230975036471));
#8639=CARTESIAN_POINT('',(-17.5442101817124,-19.2741546973322,-15.9274212376729));
#8640=CARTESIAN_POINT('',(-17.5573911063567,-19.2855153355143,-15.9315643713802));
#8641=CARTESIAN_POINT('',(-17.5705580278873,-19.2969396544175,-15.9355263771983));
#8642=CARTESIAN_POINT('',(-17.6249079931318,-19.3440965645493,-15.9518806083686));
#8643=CARTESIAN_POINT('',(-17.6790178620961,-19.3923385751426,-15.965144916281));
#8644=CARTESIAN_POINT('',(-17.7327742587611,-19.4416156430492,-15.9753126821158));
#8645=CARTESIAN_POINT('',(-17.7553124669758,-19.4622758227784,-15.9795756766185));
#8646=CARTESIAN_POINT('',(-17.7777818086009,-19.4831114776612,-15.9832912216268));
#8647=CARTESIAN_POINT('',(-17.8001856706124,-19.5041287591865,-15.986456078356));
#8648=CARTESIAN_POINT('',(-17.8638543087967,-19.5638569298192,-15.9954501579435));
#8649=CARTESIAN_POINT('',(-17.9269959943186,-19.6250520487362,-15.9999999996464));
#8650=CARTESIAN_POINT('',(-17.9896707593875,-19.6878547779488,-16.));
#8651=CARTESIAN_POINT('',(18.92,1.17390108630454));
#8652=CARTESIAN_POINT('',(19.3874305625366,1.17390108575145));
#8653=CARTESIAN_POINT('',(19.8544541849921,1.16562697352129));
#8654=CARTESIAN_POINT('',(20.3215593525531,1.14774055473502));
#8655=CARTESIAN_POINT('',(20.7447123969676,1.13153715325564));
#8656=CARTESIAN_POINT('',(21.1670377586181,1.10793730602969));
#8657=CARTESIAN_POINT('',(21.588952082905,1.0705277491055));
#8658=CARTESIAN_POINT('',(21.7664855684048,1.05478652239323));
#8659=CARTESIAN_POINT('',(21.9436501277148,1.03657283579964));
#8660=CARTESIAN_POINT('',(22.1204284336195,1.01363482432644));
#8661=CARTESIAN_POINT('',(22.196509393589,1.00376287808429));
#8662=CARTESIAN_POINT('',(22.2724397425228,0.993018077294183));
#8663=CARTESIAN_POINT('',(22.3481951068837,0.980864368680965));
#8664=CARTESIAN_POINT('',(22.356993281848,0.979452845474045));
#8665=CARTESIAN_POINT('',(22.3657882464499,0.978022018580131));
#8666=CARTESIAN_POINT('',(22.3745799395189,0.976570658402281));
#8667=CARTESIAN_POINT('',(22.3789144116162,0.975855110197336));
#8668=CARTESIAN_POINT('',(22.3832480454408,0.975134575381433));
#8669=CARTESIAN_POINT('',(22.3875808319683,0.974408889758842));
#8670=CARTESIAN_POINT('',(22.3918716499637,0.973690233321767));
#8671=CARTESIAN_POINT('',(22.3961616071335,0.972966530440683));
#8672=CARTESIAN_POINT('',(22.4004506934683,0.972237609496173));
#8673=CARTESIAN_POINT('',(22.4088998167502,0.970801699271412));
#8674=CARTESIAN_POINT('',(22.417345376021,0.969345585891165));
#8675=CARTESIAN_POINT('',(22.4257872785083,0.96786780166495));
#8676=CARTESIAN_POINT('',(22.4340602425287,0.966419590701638));
#8677=CARTESIAN_POINT('',(22.4423294299148,0.964950613937913));
#8678=CARTESIAN_POINT('',(22.4505947300137,0.963459269044254));
#8679=CARTESIAN_POINT('',(22.4819639934159,0.957799173193807));
#8680=CARTESIAN_POINT('',(22.513265950199,0.951823406348273));
#8681=CARTESIAN_POINT('',(22.5444927636685,0.945419503114863));
#8682=CARTESIAN_POINT('',(22.5981702747355,0.934411476726937));
#8683=CARTESIAN_POINT('',(22.6514884561844,0.922284115644166));
#8684=CARTESIAN_POINT('',(22.7043066786376,0.907574908556172));
#8685=CARTESIAN_POINT('',(22.7445257131488,0.896374415998368));
#8686=CARTESIAN_POINT('',(22.7841101642666,0.884016615280551));
#8687=CARTESIAN_POINT('',(22.8226785434973,0.867732792165743));
#8688=CARTESIAN_POINT('',(22.8246608157728,0.866895863787039));
#8689=CARTESIAN_POINT('',(22.8266381883393,0.866047797109553));
#8690=CARTESIAN_POINT('',(22.8286104749243,0.865187590803625));
#8691=CARTESIAN_POINT('',(22.8305327883141,0.864349180142434));
#8692=CARTESIAN_POINT('',(22.832449923619,0.863499389872837));
#8693=CARTESIAN_POINT('',(22.8343616741508,0.862637154706469));
#8694=CARTESIAN_POINT('',(22.8380362536197,0.860979850792148));
#8695=CARTESIAN_POINT('',(22.8416887234819,0.859277767879592));
#8696=CARTESIAN_POINT('',(22.8453171646973,0.857521556047564));
#8697=CARTESIAN_POINT('',(22.8470584050974,0.856678773482934));
#8698=CARTESIAN_POINT('',(22.848793461608,0.855823802420311));
#8699=CARTESIAN_POINT('',(22.8505220745738,0.85495540090601));
#8700=CARTESIAN_POINT('',(22.8522015683264,0.8541116753602));
#8701=CARTESIAN_POINT('',(22.8538745019286,0.853255513621309));
#8702=CARTESIAN_POINT('',(22.8555405927297,0.852385606223822));
#8703=CARTESIAN_POINT('',(22.8587339095226,0.850718296195637));
#8704=CARTESIAN_POINT('',(22.8618989928716,0.849002306793856));
#8705=CARTESIAN_POINT('',(22.8650333095519,0.847226307493997));
#8706=CARTESIAN_POINT('',(22.8707496069564,0.843987279270724));
#8707=CARTESIAN_POINT('',(22.8763363027833,0.840569721014298));
#8708=CARTESIAN_POINT('',(22.8817670669007,0.836866748745161));
#8709=CARTESIAN_POINT('',(22.8842234346283,0.835191871806762));
#8710=CARTESIAN_POINT('',(22.8866383179076,0.833463962063523));
#8711=CARTESIAN_POINT('',(22.8890074610056,0.831667402248084));
#8712=CARTESIAN_POINT('',(22.8901322687364,0.83081444221759));
#8713=CARTESIAN_POINT('',(22.8912452814467,0.829947023439537));
#8714=CARTESIAN_POINT('',(22.892345895511,0.8290630351545));
#8715=CARTESIAN_POINT('',(22.8934090049997,0.828209169694997));
#8716=CARTESIAN_POINT('',(22.8944594653853,0.827340727921145));
#8717=CARTESIAN_POINT('',(22.895496605302,0.826455466757722));
#8718=CARTESIAN_POINT('',(22.9091735473849,0.814781375860152));
#8719=CARTESIAN_POINT('',(22.9199999993163,0.804760868180109));
#8720=CARTESIAN_POINT('',(22.92,0.784431316038944));
#8721=CARTESIAN_POINT('',(-6.48387891890377,-4.));
#8722=CARTESIAN_POINT('',(-6.48387891890377,4.));
#8723=CARTESIAN_POINT('',(-25.1938807099664,-33.5002742492055,-24.));
#8724=CARTESIAN_POINT('',(-19.5209312055862,-21.8392113790907,-24.));
#8725=CARTESIAN_POINT('',(-6.48387891890377,-4.));
#8726=CARTESIAN_POINT('',(6.48387891890373,-4.));
#8727=CARTESIAN_POINT('',(6.48387891890373,4.));
#8728=CARTESIAN_POINT('',(6.48387891890373,-4.));
#8729=CARTESIAN_POINT('',(-19.5209312055862,-21.8392113790907,-16.));
#8730=CARTESIAN_POINT('',(-25.1938807099664,-33.5002742492055,-16.));
#8731=CARTESIAN_POINT('',(6.48387891890373,4.));
#8732=CARTESIAN_POINT('',(-6.48387891890377,4.));
#8733=CARTESIAN_POINT('',(-12.3973344245761,-14.189550902812,-24.));
#8734=CARTESIAN_POINT('',(-16.550350141518,-9.1997724151673,-24.));
#8735=CARTESIAN_POINT('',(-3.24597554291958,-11.));
#8736=CARTESIAN_POINT('',(3.24597554291958,-11.));
#8737=CARTESIAN_POINT('',(-16.550350141518,-9.1997724151673,-24.));
#8738=CARTESIAN_POINT('',(-16.550350141518,-9.1997724151673,-2.));
#8739=CARTESIAN_POINT('',(3.24597554291958,-11.));
#8740=CARTESIAN_POINT('',(3.24597554291958,11.));
#8741=CARTESIAN_POINT('',(-16.550350141518,-9.1997724151673,-2.));
#8742=CARTESIAN_POINT('',(-12.3973344245761,-14.189550902812,-2.));
#8743=CARTESIAN_POINT('',(3.24597554291958,11.));
#8744=CARTESIAN_POINT('',(-3.24597554291958,11.));
#8745=CARTESIAN_POINT('',(-12.3973344245761,-14.189550902812,-2.));
#8746=CARTESIAN_POINT('',(-12.3973344245761,-14.189550902812,-24.));
#8747=CARTESIAN_POINT('',(-3.24597554291958,11.));
#8748=CARTESIAN_POINT('',(-3.24597554291958,-11.));
#8749=CARTESIAN_POINT('',(0.864314065039901,-25.492824382748,-24.));
#8750=CARTESIAN_POINT('',(-1.31185257909787,-24.18395137144,-24.));
#8751=CARTESIAN_POINT('',(1.26972928441345,11.));
#8752=CARTESIAN_POINT('',(-1.26972928441344,11.));
#8753=CARTESIAN_POINT('',(-1.31185257909787,-24.18395137144,-24.));
#8754=CARTESIAN_POINT('',(-1.31185257909787,-24.18395137144,-2.));
#8755=CARTESIAN_POINT('',(-1.26972928441344,11.));
#8756=CARTESIAN_POINT('',(-1.26972928441344,-11.));
#8757=CARTESIAN_POINT('',(-1.31185257909787,-24.18395137144,-2.));
#8758=CARTESIAN_POINT('',(0.864314065039901,-25.492824382748,-2.));
#8759=CARTESIAN_POINT('',(-1.26972928441344,-11.));
#8760=CARTESIAN_POINT('',(1.26972928441345,-11.));
#8761=CARTESIAN_POINT('',(0.864314065039901,-25.492824382748,-2.));
#8762=CARTESIAN_POINT('',(0.864314065039901,-25.492824382748,-24.));
#8763=CARTESIAN_POINT('',(1.26972928441345,-11.));
#8764=CARTESIAN_POINT('',(1.26972928441345,11.));
#8765=CARTESIAN_POINT('',(-3.33469960816185,-29.7135943183782,-26.));
#8766=CARTESIAN_POINT('',(-2.45506160672514,-27.9054495376473,-26.));
#8767=CARTESIAN_POINT('',(-2.34268098273871,-25.8978337484564,-26.));
#8768=CARTESIAN_POINT('',(-11.7485575611386,0.962104728744578));
#8769=CARTESIAN_POINT('',(-12.6281955625753,2.77024950947551));
#8770=CARTESIAN_POINT('',(-12.7405761865618,4.77786529866638));
#8771=CARTESIAN_POINT('',(-2.34268098273871,-25.8978337484564,-26.));
#8772=CARTESIAN_POINT('',(-0.166514338600935,-27.2067067597643,-26.));
#8773=CARTESIAN_POINT('',(-12.7405761865618,4.77786529866638));
#8774=CARTESIAN_POINT('',(-14.9167428306995,3.46899228735848));
#8775=CARTESIAN_POINT('',(-0.166514338600935,-27.2067067597643,-26.));
#8776=CARTESIAN_POINT('',(-0.685147538034216,-28.4600476236101,-26.));
#8777=CARTESIAN_POINT('',(-1.22253311073901,-29.7054634095516,-25.9999999999986));
#8778=CARTESIAN_POINT('',(-1.77485713270487,-30.9441860253171,-25.9999999999882));
#8779=CARTESIAN_POINT('',(-2.36341223684416,-32.2641657638892,-25.9999999999772));
#8780=CARTESIAN_POINT('',(-2.96893107526249,-33.5765452154171,-25.9999999999661));
#8781=CARTESIAN_POINT('',(-3.58684782642653,-34.8827955743585,-25.9999999999833));
#8782=CARTESIAN_POINT('',(-3.5869234869973,-34.882955517664,-25.9999999999833));
#8783=CARTESIAN_POINT('',(-3.586999147754,-34.8831154608776,-25.9999999999833));
#8784=CARTESIAN_POINT('',(-3.5870748086966,-34.8832754039993,-25.9999999999833));
#8785=CARTESIAN_POINT('',(-4.64993113404502,-37.1300959266316,-26.0000000000129));
#8786=CARTESIAN_POINT('',(-5.74945548292004,-39.3587858409474,-26.));
#8787=CARTESIAN_POINT('',(-6.86838548992377,-41.5783897262219,-26.));
#8788=CARTESIAN_POINT('',(-7.01052897869022,-41.860357532928,-26.));
#8789=CARTESIAN_POINT('',(-7.15298557497525,-42.1421787382183,-26.));
#8790=CARTESIAN_POINT('',(-7.29571984782856,-42.4238719033388,-26.));
#8791=CARTESIAN_POINT('',(-14.9167428306995,3.46899228735848));
#8792=CARTESIAN_POINT('',(-14.3981096312662,2.21565142351267));
#8793=CARTESIAN_POINT('',(-13.8607240585615,0.970235637571175));
#8794=CARTESIAN_POINT('',(-13.3084000365956,-0.268486978194325));
#8795=CARTESIAN_POINT('',(-12.7198449324563,-1.58846671676643));
#8796=CARTESIAN_POINT('',(-12.114326094038,-2.90084616829432));
#8797=CARTESIAN_POINT('',(-11.4964093428739,-4.20709652723572));
#8798=CARTESIAN_POINT('',(-11.4963336823032,-4.20725647054122));
#8799=CARTESIAN_POINT('',(-11.4962580215465,-4.20741641375482));
#8800=CARTESIAN_POINT('',(-11.4961823606039,-4.20757635687652));
#8801=CARTESIAN_POINT('',(-10.4333260352554,-6.45439687950882));
#8802=CARTESIAN_POINT('',(-9.33380168638042,-8.68308679382462));
#8803=CARTESIAN_POINT('',(-8.21487167937669,-10.9026906790991));
#8804=CARTESIAN_POINT('',(-8.07272819061024,-11.1846584858052));
#8805=CARTESIAN_POINT('',(-7.93027159432521,-11.4664796910955));
#8806=CARTESIAN_POINT('',(-7.7875373214719,-11.748172856216));
#8807=CARTESIAN_POINT('',(-7.29571984782856,-42.4238719033388,-26.));
#8808=CARTESIAN_POINT('',(-11.5764931944624,-50.8721903715735,-26.));
#8809=CARTESIAN_POINT('',(-20.7882465972312,-48.6715757682083,-26.));
#8810=CARTESIAN_POINT('',(-29.9999999999999,-46.4709611648431,-26.));
#8811=CARTESIAN_POINT('',(-30.,-37.,-26.));
#8812=CARTESIAN_POINT('',(-7.7875373214719,-11.748172856216));
#8813=CARTESIAN_POINT('',(-3.50676397483806,-20.1964913244507));
#8814=CARTESIAN_POINT('',(5.7049894279307,-17.9958767210855));
#8815=CARTESIAN_POINT('',(14.9167428306995,-15.7952621177203));
#8816=CARTESIAN_POINT('',(14.9167428306995,-6.32430095287722));
#8817=CARTESIAN_POINT('',(-30.,-37.,-26.));
#8818=CARTESIAN_POINT('',(-30.,-34.1162341868296,-26.));
#8819=CARTESIAN_POINT('',(-28.6896557917002,-31.547362192941,-26.));
#8820=CARTESIAN_POINT('',(14.9167428306995,-6.32430095287722));
#8821=CARTESIAN_POINT('',(14.9167428306995,-3.44053513970685));
#8822=CARTESIAN_POINT('',(13.6063986223997,-0.871663145818223));
#8823=CARTESIAN_POINT('',(-28.6896557917002,-31.547362192941,-26.));
#8824=CARTESIAN_POINT('',(-26.9034822410019,-28.0456477718521,-26.));
#8825=CARTESIAN_POINT('',(-25.1322936669259,-24.5363898349252,-26.));
#8826=CARTESIAN_POINT('',(-23.3699206133422,-21.02269427185,-26.));
#8827=CARTESIAN_POINT('',(-22.4887340865504,-19.2658464903124,-26.));
#8828=CARTESIAN_POINT('',(-21.6097514837058,-17.507889280329,-26.));
#8829=CARTESIAN_POINT('',(-20.7306368005985,-15.7499984115979,-26.));
#8830=CARTESIAN_POINT('',(-19.8515221174912,-13.9921075428669,-26.));
#8831=CARTESIAN_POINT('',(-18.9722754772676,-12.2342829538347,-26.));
#8832=CARTESIAN_POINT('',(-18.087570130286,-10.4792077226721,-26.));
#8833=CARTESIAN_POINT('',(13.6063986223997,-0.871663145818223));
#8834=CARTESIAN_POINT('',(11.8202250717014,2.63005127527068));
#8835=CARTESIAN_POINT('',(10.0490364976254,6.13930921219758));
#8836=CARTESIAN_POINT('',(8.28666344404174,9.65300477527278));
#8837=CARTESIAN_POINT('',(7.40547691724994,11.4098525568104));
#8838=CARTESIAN_POINT('',(6.52649431440534,13.1678097667938));
#8839=CARTESIAN_POINT('',(5.64737963129804,14.9257006355249));
#8840=CARTESIAN_POINT('',(4.76826494819074,16.6835915042559));
#8841=CARTESIAN_POINT('',(3.88901830796714,18.4414160932881));
#8842=CARTESIAN_POINT('',(3.00431296098554,20.1964913244507));
#8843=CARTESIAN_POINT('',(-18.087570130286,-10.4792077226721,-26.));
#8844=CARTESIAN_POINT('',(-13.9345544133492,-15.4689862103271,-26.));
#8845=CARTESIAN_POINT('',(3.00431296098554,20.1964913244507));
#8846=CARTESIAN_POINT('',(-1.14870275595126,15.2067128367957));
#8847=CARTESIAN_POINT('',(-13.9345544133492,-15.4689862103271,-26.));
#8848=CARTESIAN_POINT('',(-19.0514433152258,-16.3023661352519,-26.));
#8849=CARTESIAN_POINT('',(-21.3194013830778,-20.9642799413921,-26.));
#8850=CARTESIAN_POINT('',(-1.14870275595126,15.2067128367957));
#8851=CARTESIAN_POINT('',(3.96818614592534,14.3733329118709));
#8852=CARTESIAN_POINT('',(6.23614421377734,9.71141910573068));
#8853=CARTESIAN_POINT('',(-21.3194013830778,-20.9642799413921,-26.));
#8854=CARTESIAN_POINT('',(-26.9923508874579,-32.6253428115069,-26.));
#8855=CARTESIAN_POINT('',(6.23614421377734,9.71141910573068));
#8856=CARTESIAN_POINT('',(11.9090937181574,-1.94964376438412));
#8857=CARTESIAN_POINT('',(-26.9923508874579,-32.6253428115069,-26.));
#8858=CARTESIAN_POINT('',(-28.,-34.6966215428433,-26.));
#8859=CARTESIAN_POINT('',(-28.,-37.,-26.));
#8860=CARTESIAN_POINT('',(11.9090937181574,-1.94964376438412));
#8861=CARTESIAN_POINT('',(12.9167428306995,-4.02092249572055));
#8862=CARTESIAN_POINT('',(12.9167428306995,-6.32430095287722));
#8863=CARTESIAN_POINT('',(-28.,-37.,-26.));
#8864=CARTESIAN_POINT('',(-28.,-44.9584709042837,-26.));
#8865=CARTESIAN_POINT('',(-20.2446036538129,-46.7448321913356,-26.));
#8866=CARTESIAN_POINT('',(-12.4892073076258,-48.5311934783875,-26.));
#8867=CARTESIAN_POINT('',(-9.00764911254203,-41.3746571884931,-26.));
#8868=CARTESIAN_POINT('',(12.9167428306995,-6.32430095287722));
#8869=CARTESIAN_POINT('',(12.9167428306995,-14.2827718571609));
#8870=CARTESIAN_POINT('',(5.16134648451244,-16.0691331442128));
#8871=CARTESIAN_POINT('',(-2.59404986167466,-17.8554944312647));
#8872=CARTESIAN_POINT('',(-6.07560805675843,-10.6989581413703));
#8873=CARTESIAN_POINT('',(-9.00764911254203,-41.3746571884931,-26.));
#8874=CARTESIAN_POINT('',(-3.33469960816185,-29.7135943183782,-26.));
#8875=CARTESIAN_POINT('',(-6.07560805675843,-10.6989581413703));
#8876=CARTESIAN_POINT('',(-11.7485575611386,0.962104728744578));
#8877=CARTESIAN_POINT('',(-17.584661890553,-17.3362020131422,4.));
#8878=CARTESIAN_POINT('',(-20.6046939711118,-13.7076842962226,4.));
#8879=CARTESIAN_POINT('',(2.36044140944039,8.16772578788222));
#8880=CARTESIAN_POINT('',(-2.36044140944038,8.16772578788222));
#8881=CARTESIAN_POINT('',(-20.6046939711118,-13.7076842962226,4.));
#8882=CARTESIAN_POINT('',(-20.6046939711118,-13.7076842962226,-12.3354515757645));
#8883=CARTESIAN_POINT('',(-2.36044140944038,8.16772578788222));
#8884=CARTESIAN_POINT('',(-2.36044140944038,-8.16772578788228));
#8885=CARTESIAN_POINT('',(-20.6046939711118,-13.7076842962226,-12.3354515757645));
#8886=CARTESIAN_POINT('',(-20.2452936956575,-14.1394976783872,-12.1102848073331));
#8887=CARTESIAN_POINT('',(-19.8718107557675,-14.5882311448566,-12.0000000050929));
#8888=CARTESIAN_POINT('',(-19.4848086897588,-15.0532076138276,-12.));
#8889=CARTESIAN_POINT('',(-2.36044140944038,-8.16772578788228));
#8890=CARTESIAN_POINT('',(-1.79863062722536,-7.94255901945088));
#8891=CARTESIAN_POINT('',(-1.21480597005634,-7.83227421721068));
#8892=CARTESIAN_POINT('',(-0.609848355184239,-7.83227421211778));
#8893=CARTESIAN_POINT('',(-19.4848086897588,-15.0532076138276,-12.));
#8894=CARTESIAN_POINT('',(-17.584661890553,-17.3362020131422,-12.));
#8895=CARTESIAN_POINT('',(-0.609848355184239,-7.83227421211778));
#8896=CARTESIAN_POINT('',(2.3604414094404,-7.83227421211778));
#8897=CARTESIAN_POINT('',(-17.584661890553,-17.3362020131422,-12.));
#8898=CARTESIAN_POINT('',(-17.584661890553,-17.3362020131422,4.));
#8899=CARTESIAN_POINT('',(2.3604414094404,-7.83227421211778));
#8900=CARTESIAN_POINT('',(2.36044140944039,8.16772578788222));
#8901=CARTESIAN_POINT('',(-2.79244040249124,-32.628969659543,4.));
#8902=CARTESIAN_POINT('',(-4.46163091008798,-31.6250215418702,4.));
#8903=CARTESIAN_POINT('',(-0.973923607582986,-8.));
#8904=CARTESIAN_POINT('',(0.973923607582984,-8.));
#8905=CARTESIAN_POINT('',(-4.46163091008798,-31.6250215418702,4.));
#8906=CARTESIAN_POINT('',(-4.46163091008798,-31.6250215418702,-12.));
#8907=CARTESIAN_POINT('',(0.973923607582984,-8.));
#8908=CARTESIAN_POINT('',(0.973923607582984,8.));
#8909=CARTESIAN_POINT('',(-4.46163091008798,-31.6250215418702,-12.));
#8910=CARTESIAN_POINT('',(-2.79244040249124,-32.628969659543,-12.));
#8911=CARTESIAN_POINT('',(0.973923607582984,8.));
#8912=CARTESIAN_POINT('',(-0.973923607582986,8.));
#8913=CARTESIAN_POINT('',(-2.79244040249124,-32.628969659543,-12.));
#8914=CARTESIAN_POINT('',(-2.79244040249124,-32.628969659543,4.));
#8915=CARTESIAN_POINT('',(-0.973923607582986,8.));
#8916=CARTESIAN_POINT('',(-0.973923607582986,-8.));
#8917=CARTESIAN_POINT('',(-3.42996486946548,-34.5505513385119,-14.0000000000036));
#8918=CARTESIAN_POINT('',(-3.63239952400623,-34.4576519084971,-14.));
#8919=CARTESIAN_POINT('',(-3.82326880613198,-34.3428520365594,-14.));
#8920=CARTESIAN_POINT('',(13.2850175652673,-0.948238163499744));
#8921=CARTESIAN_POINT('',(13.0825829107265,-0.855338733484934));
#8922=CARTESIAN_POINT('',(12.8917136286008,-0.740538861547242));
#8923=CARTESIAN_POINT('',(-3.82326880613198,-34.3428520365594,-14.));
#8924=CARTESIAN_POINT('',(-5.18757365600528,-33.5222798611675,-14.));
#8925=CARTESIAN_POINT('',(12.8917136286008,-0.740538861547242));
#8926=CARTESIAN_POINT('',(11.5274087787275,0.0800333138446599));
#8927=CARTESIAN_POINT('',(-5.18757365600528,-33.5222798611675,-14.));
#8928=CARTESIAN_POINT('',(-9.00764911254203,-41.3746571884931,-14.));
#8929=CARTESIAN_POINT('',(11.5274087787275,0.0800333138446599));
#8930=CARTESIAN_POINT('',(7.70733332219073,-7.77234401348095));
#8931=CARTESIAN_POINT('',(-9.00764911254203,-41.3746571884931,-14.));
#8932=CARTESIAN_POINT('',(-12.4892073076258,-48.5311934783875,-14.));
#8933=CARTESIAN_POINT('',(-20.2446036538129,-46.7448321913356,-14.));
#8934=CARTESIAN_POINT('',(-28.0000000000001,-44.9584709042837,-14.));
#8935=CARTESIAN_POINT('',(-28.0000000000001,-37.,-14.));
#8936=CARTESIAN_POINT('',(7.70733332219073,-7.77234401348095));
#8937=CARTESIAN_POINT('',(4.22577512710694,-14.9288803033753));
#8938=CARTESIAN_POINT('',(-3.52962121908019,-13.1425190163234));
#8939=CARTESIAN_POINT('',(-11.2850175652673,-11.3561577292716));
#8940=CARTESIAN_POINT('',(-11.2850175652673,-3.39768682498785));
#8941=CARTESIAN_POINT('',(-28.0000000000001,-37.,-14.));
#8942=CARTESIAN_POINT('',(-28.0000000000001,-34.6966215428433,-14.));
#8943=CARTESIAN_POINT('',(-26.992350887458,-32.6253428115069,-14.));
#8944=CARTESIAN_POINT('',(-11.2850175652673,-3.39768682498785));
#8945=CARTESIAN_POINT('',(-11.2850175652674,-1.09430836783116));
#8946=CARTESIAN_POINT('',(-10.2773684527252,0.976970363505258));
#8947=CARTESIAN_POINT('',(-26.992350887458,-32.6253428115069,-14.));
#8948=CARTESIAN_POINT('',(-21.3194013830778,-20.9642799413921,-14.));
#8949=CARTESIAN_POINT('',(-10.2773684527252,0.976970363505258));
#8950=CARTESIAN_POINT('',(-4.60441894834504,12.6380332336201));
#8951=CARTESIAN_POINT('',(-21.3194013830778,-20.9642799413921,-14.));
#8952=CARTESIAN_POINT('',(-20.5873633550462,-19.459535105994,-14.));
#8953=CARTESIAN_POINT('',(-19.4053258253295,-18.2750841899647,-14.));
#8954=CARTESIAN_POINT('',(-4.60441894834504,12.6380332336201));
#8955=CARTESIAN_POINT('',(-3.87238092031347,14.1427780690181));
#8956=CARTESIAN_POINT('',(-2.69034339059674,15.3272289850475));
#8957=CARTESIAN_POINT('',(-19.4053258253295,-18.2750841899647,-14.));
#8958=CARTESIAN_POINT('',(-21.0224698424943,-16.3324359784509,-14.));
#8959=CARTESIAN_POINT('',(-2.69034339059674,15.3272289850475));
#8960=CARTESIAN_POINT('',(-4.30748740776154,17.2698771965613));
#8961=CARTESIAN_POINT('',(-21.0224698424943,-16.3324359784509,-14.));
#8962=CARTESIAN_POINT('',(-21.9576801514038,-18.2020634830991,-14.));
#8963=CARTESIAN_POINT('',(-22.8925623919575,-20.0718566495719,-14.000000002259));
#8964=CARTESIAN_POINT('',(-23.8303745117021,-21.9401713346211,-14.0000000033));
#8965=CARTESIAN_POINT('',(-24.1664390481028,-22.6096810319929,-14.000000003673));
#8966=CARTESIAN_POINT('',(-24.5028798297262,-23.2790008836783,-14.0000000033493));
#8967=CARTESIAN_POINT('',(-24.8397184227567,-23.9481214934609,-14.0000000023039));
#8968=CARTESIAN_POINT('',(-26.1165310219982,-26.4844746390321,-13.9999999983413));
#8969=CARTESIAN_POINT('',(-27.3993483585914,-29.0178041828249,-14.));
#8970=CARTESIAN_POINT('',(-28.6896557917002,-31.547362192941,-14.));
#8971=CARTESIAN_POINT('',(-4.30748740776154,17.2698771965613));
#8972=CARTESIAN_POINT('',(-5.24269771667104,15.4002496919131));
#8973=CARTESIAN_POINT('',(-6.17757995722474,13.5304565254403));
#8974=CARTESIAN_POINT('',(-7.11539207696934,11.6621418403911));
#8975=CARTESIAN_POINT('',(-7.45145661337004,10.9926321430193));
#8976=CARTESIAN_POINT('',(-7.78789739499344,10.3233122913339));
#8977=CARTESIAN_POINT('',(-8.12473598802394,9.65419168155125));
#8978=CARTESIAN_POINT('',(-9.40154858726544,7.11783853598005));
#8979=CARTESIAN_POINT('',(-10.6843659238586,4.58450899218725));
#8980=CARTESIAN_POINT('',(-11.9746733569674,2.05495098207115));
#8981=CARTESIAN_POINT('',(-28.6896557917002,-31.547362192941,-14.));
#8982=CARTESIAN_POINT('',(-30.,-34.1162341868296,-14.));
#8983=CARTESIAN_POINT('',(-30.,-37.,-14.));
#8984=CARTESIAN_POINT('',(-11.9746733569674,2.05495098207115));
#8985=CARTESIAN_POINT('',(-13.2850175652673,-0.513921011817475));
#8986=CARTESIAN_POINT('',(-13.2850175652672,-3.39768682498784));
#8987=CARTESIAN_POINT('',(-30.,-37.,-14.));
#8988=CARTESIAN_POINT('',(-30.,-46.4709611648432,-14.));
#8989=CARTESIAN_POINT('',(-20.7882465972312,-48.6715757682084,-14.));
#8990=CARTESIAN_POINT('',(-11.5764931944624,-50.8721903715736,-14.));
#8991=CARTESIAN_POINT('',(-7.29571984782856,-42.4238719033388,-14.));
#8992=CARTESIAN_POINT('',(-13.2850175652672,-3.39768682498784));
#8993=CARTESIAN_POINT('',(-13.2850175652672,-12.868647989831));
#8994=CARTESIAN_POINT('',(-4.07326416249843,-15.0692625931962));
#8995=CARTESIAN_POINT('',(5.13848924027039,-17.2698771965614));
#8996=CARTESIAN_POINT('',(9.4192625869042,-8.82155872832664));
#8997=CARTESIAN_POINT('',(-7.29571984782856,-42.4238719033388,-14.));
#8998=CARTESIAN_POINT('',(-6.32775147771025,-40.5135342253234,-14.0000000000009));
#8999=CARTESIAN_POINT('',(-5.3728341794832,-38.5968532190628,-14.0000000000192));
#9000=CARTESIAN_POINT('',(-4.44119785461239,-36.6688489792347,-14.0000000000143));
#9001=CARTESIAN_POINT('',(-4.10078524174641,-35.9643713377176,-14.0000000000126));
#9002=CARTESIAN_POINT('',(-3.76348102988695,-35.2583818707516,-14.0000000000033));
#9003=CARTESIAN_POINT('',(-3.42996486946548,-34.5505513385119,-14.0000000000036));
#9004=CARTESIAN_POINT('',(9.4192625869042,-8.82155872832664));
#9005=CARTESIAN_POINT('',(10.3872309570225,-6.91122105031124));
#9006=CARTESIAN_POINT('',(11.3421482552496,-4.99454004405064));
#9007=CARTESIAN_POINT('',(12.2737845801204,-3.06653580422255));
#9008=CARTESIAN_POINT('',(12.6141971929863,-2.36205816270544));
#9009=CARTESIAN_POINT('',(12.9515014048458,-1.65606869573944));
#9010=CARTESIAN_POINT('',(13.2850175652673,-0.948238163499744));
#9011=CARTESIAN_POINT('',(4.31549373989428,1.72));
#9012=CARTESIAN_POINT('',(4.31549373989428,17.72));
#9013=CARTESIAN_POINT('',(-15.3033636205478,-17.9132007904787,4.));
#9014=CARTESIAN_POINT('',(-16.6538917632248,-18.4545066560403,4.));
#9015=CARTESIAN_POINT('',(-17.584661890553,-17.3362020131422,4.));
#9016=CARTESIAN_POINT('',(4.31549373989428,1.72));
#9017=CARTESIAN_POINT('',(5.58437408251499,1.72));
#9018=CARTESIAN_POINT('',(5.58437408251499,17.72));
#9019=CARTESIAN_POINT('',(5.58437408251499,1.72));
#9020=CARTESIAN_POINT('',(-17.584661890553,-17.3362020131422,-12.));
#9021=CARTESIAN_POINT('',(-16.6538917632248,-18.4545066560403,-12.));
#9022=CARTESIAN_POINT('',(-15.3033636205478,-17.9132007904787,-12.));
#9023=CARTESIAN_POINT('',(5.58437408251499,17.72));
#9024=CARTESIAN_POINT('',(4.31549373989428,17.72));
#9025=CARTESIAN_POINT('',(4.15938261658238,17.72));
#9026=CARTESIAN_POINT('',(4.15938261658238,1.72));
#9027=CARTESIAN_POINT('',(-4.46163091008798,-31.6250215418702,4.));
#9028=CARTESIAN_POINT('',(-6.02983668518896,-30.6818115075026,4.));
#9029=CARTESIAN_POINT('',(-5.22927268393883,-29.0362077271551,4.));
#9030=CARTESIAN_POINT('',(4.15938261658238,17.72));
#9031=CARTESIAN_POINT('',(2.67447761754365,17.72));
#9032=CARTESIAN_POINT('',(2.67447761754365,1.72));
#9033=CARTESIAN_POINT('',(2.67447761754365,17.72));
#9034=CARTESIAN_POINT('',(-5.22927268393883,-29.0362077271551,-12.));
#9035=CARTESIAN_POINT('',(-6.02983668518903,-30.6818115075027,-12.));
#9036=CARTESIAN_POINT('',(-4.46163091008798,-31.6250215418702,-12.));
#9037=CARTESIAN_POINT('',(2.67447761754365,1.72));
#9038=CARTESIAN_POINT('',(4.15938261658238,1.72));
#9039=CARTESIAN_POINT('',(2.44278142892519,24.32));
#9040=CARTESIAN_POINT('',(2.44278142892519,2.32));
#9041=CARTESIAN_POINT('',(-16.550350141518,-9.1997724151673,-24.));
#9042=CARTESIAN_POINT('',(-17.1500794682552,-8.47920772268241,-24.));
#9043=CARTESIAN_POINT('',(-18.0875701302911,-8.47920772268243,-24.));
#9044=CARTESIAN_POINT('',(2.44278142892519,24.32));
#9045=CARTESIAN_POINT('',(1.5707963267949,24.32));
#9046=CARTESIAN_POINT('',(-18.0875701302911,-8.47920772268243,-24.));
#9047=CARTESIAN_POINT('',(-19.3191348608994,-8.47920772268239,-24.));
#9048=CARTESIAN_POINT('',(-19.8734975031768,-9.57895030461938,-24.));
#9049=CARTESIAN_POINT('',(1.5707963267949,24.32));
#9050=CARTESIAN_POINT('',(0.480873463500643,24.32));
#9051=CARTESIAN_POINT('',(0.480873463500643,2.32));
#9052=CARTESIAN_POINT('',(0.480873463500643,24.32));
#9053=CARTESIAN_POINT('',(-19.8734975031768,-9.57895030461938,-2.));
#9054=CARTESIAN_POINT('',(-19.3873528968822,-8.61453841292929,-2.));
#9055=CARTESIAN_POINT('',(-18.3143030319405,-8.49210123552337,-2.));
#9056=CARTESIAN_POINT('',(-17.2412531669988,-8.36966405811745,-2.));
#9057=CARTESIAN_POINT('',(-16.550350141518,-9.1997724151673,-2.));
#9058=CARTESIAN_POINT('',(0.480873463500643,2.32));
#9059=CARTESIAN_POINT('',(2.44278142892519,2.32));
#9060=CARTESIAN_POINT('',(23.5855063455816,-1.0547118733939E-15));
#9061=CARTESIAN_POINT('',(5.55111512312578E-15,-3.25572901971327E-14));
#9062=CARTESIAN_POINT('',(-19.8734975031768,-9.57895030461938,-24.));
#9063=CARTESIAN_POINT('',(-19.8734975031768,-9.57895030461934,-25.9999999999999));
#9064=CARTESIAN_POINT('',(-18.087570130286,-10.4792077226721,-26.));
#9065=CARTESIAN_POINT('',(23.5855063455816,-1.0547118733939E-15));
#9066=CARTESIAN_POINT('',(23.5855063455931,4.00000725056274));
#9067=CARTESIAN_POINT('',(6.43929354282591E-15,4.00000725056273));
#9068=CARTESIAN_POINT('',(23.5855063455931,4.00000725056274));
#9069=CARTESIAN_POINT('',(-28.6896557917002,-31.547362192941,-26.));
#9070=CARTESIAN_POINT('',(-30.4712650903169,-30.6385892250978,-26.));
#9071=CARTESIAN_POINT('',(-30.4712650903169,-30.6385892250978,-24.));
#9072=CARTESIAN_POINT('',(6.43929354282591E-15,4.00000725056273));
#9073=CARTESIAN_POINT('',(5.55111512312578E-15,-3.25572901971327E-14));
#9074=CARTESIAN_POINT('',(3.54948185465832,24.32));
#9075=CARTESIAN_POINT('',(3.54948185465831,2.32));
#9076=CARTESIAN_POINT('',(1.68151443270703,-27.9714221711547,-24.));
#9077=CARTESIAN_POINT('',(1.83348566139907,-27.6041650205197,-24.));
#9078=CARTESIAN_POINT('',(1.83348566139906,-27.2067067597643,-24.));
#9079=CARTESIAN_POINT('',(3.54948185465832,24.32));
#9080=CARTESIAN_POINT('',(3.14159265358979,24.32));
#9081=CARTESIAN_POINT('',(1.83348566139906,-27.2067067597643,-24.));
#9082=CARTESIAN_POINT('',(1.83348566139905,-26.0757404701799,-24.));
#9083=CARTESIAN_POINT('',(0.864314065039901,-25.492824382748,-24.));
#9084=CARTESIAN_POINT('',(3.14159265358979,24.32));
#9085=CARTESIAN_POINT('',(2.12380269059727,24.32));
#9086=CARTESIAN_POINT('',(2.12380269059727,2.32));
#9087=CARTESIAN_POINT('',(2.12380269059727,24.32));
#9088=CARTESIAN_POINT('',(0.864314065039901,-25.492824382748,-2.));
#9089=CARTESIAN_POINT('',(1.50046425810264,-25.8754420563904,-2.));
#9090=CARTESIAN_POINT('',(1.73291094490253,-26.5804611271346,-2.));
#9091=CARTESIAN_POINT('',(2.12380269059727,2.32));
#9092=CARTESIAN_POINT('',(2.8070827589649,2.32));
#9093=CARTESIAN_POINT('',(1.73291094490253,-26.5804611271346,-2.));
#9094=CARTESIAN_POINT('',(1.96535763170239,-27.2854801978789,-2.));
#9095=CARTESIAN_POINT('',(1.68151443270703,-27.9714221711547,-2.));
#9096=CARTESIAN_POINT('',(2.8070827589649,2.32));
#9097=CARTESIAN_POINT('',(3.54948185465831,2.32));
#9098=CARTESIAN_POINT('',(-7.29571984782856,-42.4238719033388,-26.));
#9099=CARTESIAN_POINT('',(-5.5116731558,-43.3278505538953,-26.));
#9100=CARTESIAN_POINT('',(-5.51167315579998,-43.3278505538953,-24.));
#9101=CARTESIAN_POINT('',(43.4939185755158,3.14159265358981));
#9102=CARTESIAN_POINT('',(43.4939185755158,0.));
#9103=CARTESIAN_POINT('',(75.398223686155,0.));
#9104=CARTESIAN_POINT('',(43.4939185755158,0.));
#9105=CARTESIAN_POINT('',(-32.,-37.,-24.));
#9106=CARTESIAN_POINT('',(-32.,-37.,-26.));
#9107=CARTESIAN_POINT('',(-30.,-37.,-26.));
#9108=CARTESIAN_POINT('',(75.398223686155,0.));
#9109=CARTESIAN_POINT('',(75.398223686155,3.14159265358979));
#9110=CARTESIAN_POINT('',(43.4939185755158,3.14159265358981));
#9111=CARTESIAN_POINT('',(75.398223686155,3.14159265358979));
#9112=CARTESIAN_POINT('',(5.82617251324757,3.14159265358984));
#9113=CARTESIAN_POINT('',(5.8261725132476,0.));
#9114=CARTESIAN_POINT('',(0.,3.14159265358979));
#9115=CARTESIAN_POINT('',(5.82617251324757,3.14159265358984));
#9116=CARTESIAN_POINT('',(0.,0.));
#9117=CARTESIAN_POINT('',(0.,3.14159265358979));
#9118=CARTESIAN_POINT('',(5.8261725132476,0.));
#9119=CARTESIAN_POINT('',(0.,0.));
#9120=CARTESIAN_POINT('',(0.0168065597448341,0.));
#9121=CARTESIAN_POINT('',(0.,0.));
#9122=CARTESIAN_POINT('',(-0.166514338600935,-27.2067067597643,-26.));
#9123=CARTESIAN_POINT('',(1.68151443270702,-27.9714221711547,-26.));
#9124=CARTESIAN_POINT('',(1.68151443270703,-27.9714221711547,-24.));
#9125=CARTESIAN_POINT('',(0.0168065597448341,0.));
#9126=CARTESIAN_POINT('',(0.0168065597448341,1.));
#9127=CARTESIAN_POINT('',(0.,1.));
#9128=CARTESIAN_POINT('',(0.0168065597448341,1.));
#9129=CARTESIAN_POINT('',(0.,0.));
#9130=CARTESIAN_POINT('',(0.,1.));
#9131=CARTESIAN_POINT('',(2.44278142892522,2.12));
#9132=CARTESIAN_POINT('',(2.44278142892522,18.4554515757645));
#9133=CARTESIAN_POINT('',(-20.6046939711118,-13.7076842962226,4.));
#9134=CARTESIAN_POINT('',(-21.4421328511331,-12.7015155761763,4.));
#9135=CARTESIAN_POINT('',(-20.8551292126535,-11.5314275028319,4.));
#9136=CARTESIAN_POINT('',(2.44278142892522,2.12));
#9137=CARTESIAN_POINT('',(3.6205957216822,2.12));
#9138=CARTESIAN_POINT('',(3.6205957216822,22.12));
#9139=CARTESIAN_POINT('',(3.6205957216822,2.12));
#9140=CARTESIAN_POINT('',(-20.8551292126535,-11.5314275028319,-16.));
#9141=CARTESIAN_POINT('',(-20.8747446070652,-11.5705273270077,-15.9126229817338));
#9142=CARTESIAN_POINT('',(-20.8932635320544,-11.6106893127378,-15.8243292290697));
#9143=CARTESIAN_POINT('',(-20.9103868045444,-11.6512854569054,-15.7365074516528));
#9144=CARTESIAN_POINT('',(-20.9249883118399,-11.6859029574782,-15.661619294357));
#9145=CARTESIAN_POINT('',(-20.9385739155453,-11.7208363422681,-15.5870748512596));
#9146=CARTESIAN_POINT('',(-20.9512355019428,-11.7563477844141,-15.5123206148391));
#9147=CARTESIAN_POINT('',(-20.9533480394446,-11.7622727333834,-15.4998481549989));
#9148=CARTESIAN_POINT('',(-20.9554326465417,-11.7682077978248,-15.4873825695794));
#9149=CARTESIAN_POINT('',(-20.9574896971902,-11.7741537375275,-15.474922168428));
#9150=CARTESIAN_POINT('',(-20.9636963491983,-11.7920941701662,-15.4373259265077));
#9151=CARTESIAN_POINT('',(-20.9696521752226,-11.8101335938764,-15.3997768729665));
#9152=CARTESIAN_POINT('',(-20.975356380014,-11.8282760193,-15.3622685744905));
#9153=CARTESIAN_POINT('',(-20.9923804739507,-11.8824217531836,-15.2503257498523));
#9154=CARTESIAN_POINT('',(-21.0071669391952,-11.9374837854758,-15.1387449867681));
#9155=CARTESIAN_POINT('',(-21.0196627362488,-11.9935794204084,-15.0273627838633));
#9156=CARTESIAN_POINT('',(-21.0222672584298,-12.0052715377507,-15.0041471845074));
#9157=CARTESIAN_POINT('',(-21.0247722506758,-12.0170093452439,-14.980938808629));
#9158=CARTESIAN_POINT('',(-21.0271766733444,-12.0287926545923,-14.9577389501299));
#9159=CARTESIAN_POINT('',(-21.041454324136,-12.0987628716607,-14.8199763668741));
#9160=CARTESIAN_POINT('',(-21.0521869521147,-12.1703365330118,-14.6825141306657));
#9161=CARTESIAN_POINT('',(-21.0589642133766,-12.2437246761903,-14.5453540624226));
#9162=CARTESIAN_POINT('',(-21.0605557954671,-12.2609592566242,-14.5131431884848));
#9163=CARTESIAN_POINT('',(-21.0619283024268,-12.2782837805256,-14.4809681626345));
#9164=CARTESIAN_POINT('',(-21.0630774079169,-12.2957085492298,-14.448813871727));
#9165=CARTESIAN_POINT('',(-21.0647404759577,-12.3209269266559,-14.4022778712935));
#9166=CARTESIAN_POINT('',(-21.065935774536,-12.3463553087699,-14.3557851201441));
#9167=CARTESIAN_POINT('',(-21.0666478902488,-12.3719778103853,-14.3093755396483));
#9168=CARTESIAN_POINT('',(-21.0678917767372,-12.4167338563312,-14.2283097113316));
#9169=CARTESIAN_POINT('',(-21.0676635554785,-12.4620827957797,-14.1474948674559));
#9170=CARTESIAN_POINT('',(-21.0658526252409,-12.5079367981602,-14.0671709754463));
#9171=CARTESIAN_POINT('',(-21.0649846411855,-12.5299147529795,-14.0286715036914));
#9172=CARTESIAN_POINT('',(-21.0637521876104,-12.5520149787723,-13.9902794312787));
#9173=CARTESIAN_POINT('',(-21.0621399723418,-12.5742201808681,-13.952039627789));
#9174=CARTESIAN_POINT('',(-21.05914264315,-12.6155026955215,-13.8809465910719));
#9175=CARTESIAN_POINT('',(-21.054833907998,-12.6571471875214,-13.8103803227522));
#9176=CARTESIAN_POINT('',(-21.0490751170985,-12.6992722224676,-13.7402550333639));
#9177=CARTESIAN_POINT('',(-21.0419610386091,-12.7513110636422,-13.6536262910623));
#9178=CARTESIAN_POINT('',(-21.0326357722511,-12.8040824714471,-13.5676704073402));
#9179=CARTESIAN_POINT('',(-21.0207949578293,-12.8578268834312,-13.4822337335924));
#9180=CARTESIAN_POINT('',(-21.0142153548014,-12.8876911210782,-13.4347590095351));
#9181=CARTESIAN_POINT('',(-21.006858166501,-12.9178566149725,-13.3874438976762));
#9182=CARTESIAN_POINT('',(-20.9986611417806,-12.9482936705767,-13.3403977512689));
#9183=CARTESIAN_POINT('',(-20.9872270636285,-12.9907504990447,-13.2747728040311));
#9184=CARTESIAN_POINT('',(-20.9741598618891,-13.0337364277852,-13.2096690687461));
#9185=CARTESIAN_POINT('',(-20.9592715352686,-13.0771588564235,-13.145421514733));
#9186=CARTESIAN_POINT('',(-20.9514201638817,-13.1000577101665,-13.1115405138579));
#9187=CARTESIAN_POINT('',(-20.9430521545888,-13.1231067172796,-13.0778458871876));
#9188=CARTESIAN_POINT('',(-20.9341302462757,-13.1462980246627,-13.0443855932727));
#9189=CARTESIAN_POINT('',(-20.9314882040968,-13.1531656599422,-13.0344770059233));
#9190=CARTESIAN_POINT('',(-20.928797564539,-13.1600457626617,-13.0245890108985));
#9191=CARTESIAN_POINT('',(-20.9260574871176,-13.1669380203952,-13.0147229373237));
#9192=CARTESIAN_POINT('',(-20.9115148813481,-13.203517785002,-12.9623600305794));
#9193=CARTESIAN_POINT('',(-20.8955813165329,-13.240441148042,-12.9106109328988));
#9194=CARTESIAN_POINT('',(-20.8781193860153,-13.2776528162185,-12.8597007058196));
#9195=CARTESIAN_POINT('',(-20.8613862043063,-13.3133115084041,-12.8109151445837));
#9196=CARTESIAN_POINT('',(-20.8432495424093,-13.3492350686981,-12.7628997114598));
#9197=CARTESIAN_POINT('',(-20.8235702319373,-13.3853598798797,-12.7158960761276));
#9198=CARTESIAN_POINT('',(-20.8150613869995,-13.4009793507543,-12.6955728719624));
#9199=CARTESIAN_POINT('',(-20.8062592879132,-13.4166448695646,-12.6754320789183));
#9200=CARTESIAN_POINT('',(-20.7971470003542,-13.4323561810682,-12.6554889535411));
#9201=CARTESIAN_POINT('',(-20.7958940513806,-13.4345165026663,-12.652746753154));
#9202=CARTESIAN_POINT('',(-20.7946352354994,-13.4366776885869,-12.6500082946373));
#9203=CARTESIAN_POINT('',(-20.7933704817865,-13.4388397592883,-12.6472736039604));
#9204=CARTESIAN_POINT('',(-20.775643580162,-13.4691435364086,-12.6089439338392));
#9205=CARTESIAN_POINT('',(-20.7567530448843,-13.4996214736488,-12.5713512946658));
#9206=CARTESIAN_POINT('',(-20.7364855278872,-13.5303276782338,-12.5345872629055));
#9207=CARTESIAN_POINT('',(-20.7170107414841,-13.5598328601279,-12.4992611957829));
#9208=CARTESIAN_POINT('',(-20.6962647512408,-13.5895487776572,-12.464700068597));
#9209=CARTESIAN_POINT('',(-20.6740249428611,-13.6195198229738,-12.4310214031332));
#9210=CARTESIAN_POINT('',(-20.6524058390691,-13.6486543878221,-12.3982826964049));
#9211=CARTESIAN_POINT('',(-20.6293753596664,-13.678030023268,-12.3663777016187));
#9212=CARTESIAN_POINT('',(-20.6046939711118,-13.7076842962226,-12.3354515757645));
#9213=CARTESIAN_POINT('',(3.6205957216822,22.12));
#9214=CARTESIAN_POINT('',(3.46253351489607,21.4709112560086));
#9215=CARTESIAN_POINT('',(3.29679420643381,20.8248534356348));
#9216=CARTESIAN_POINT('',(3.09751240878775,20.1866297780442));
#9217=CARTESIAN_POINT('',(3.00105653406942,19.8777183677399));
#9218=CARTESIAN_POINT('',(2.90359617428253,19.5693206066678));
#9219=CARTESIAN_POINT('',(2.79475774541529,19.2643983854879));
#9220=CARTESIAN_POINT('',(2.69545185159423,18.9861825564345));
#9221=CARTESIAN_POINT('',(2.59501461916387,18.7123392914648));
#9222=CARTESIAN_POINT('',(2.44278142892522,18.4554515757645));
#9223=CARTESIAN_POINT('',(-21.0224698424943,-16.3324359784509,-14.));
#9224=CARTESIAN_POINT('',(-21.050185174649,-16.264349638865,-14.0000137785228));
#9225=CARTESIAN_POINT('',(-21.077786443602,-16.1966287561583,-14.0022978949666));
#9226=CARTESIAN_POINT('',(-21.1052613435491,-16.1292315159195,-14.0068271667976));
#9227=CARTESIAN_POINT('',(-21.13274232107,-16.0618193671025,-14.0113574405242));
#9228=CARTESIAN_POINT('',(-21.1600978207482,-15.9947305304,-14.0181329991679));
#9229=CARTESIAN_POINT('',(-21.1873180203228,-15.9279760685002,-14.0271560791259));
#9230=CARTESIAN_POINT('',(-21.214181235032,-15.8620970716212,-14.0360608240594));
#9231=CARTESIAN_POINT('',(-21.2409138189985,-15.7965431647449,-14.0471540801072));
#9232=CARTESIAN_POINT('',(-21.2675200823633,-15.7313181146084,-14.0604855301522));
#9233=CARTESIAN_POINT('',(-21.2940049192858,-15.6663907404616,-14.0737561377358));
#9234=CARTESIAN_POINT('',(-21.3203658232345,-15.6017886095638,-14.0892443612354));
#9235=CARTESIAN_POINT('',(-21.3466030610944,-15.5375174385143,-14.1070514839123));
#9236=CARTESIAN_POINT('',(-21.3715030831845,-15.4765219332927,-14.1239510428666));
#9237=CARTESIAN_POINT('',(-21.3962926902556,-15.4158240285912,-14.1429396355601));
#9238=CARTESIAN_POINT('',(-21.4209527705491,-15.3554382892154,-14.1641481443119));
#9239=CARTESIAN_POINT('',(-21.422276226317,-15.3521975108346,-14.1652863613373));
#9240=CARTESIAN_POINT('',(-21.4235993021411,-15.3489576350072,-14.1664309822818));
#9241=CARTESIAN_POINT('',(-21.4249218546258,-15.345719011273,-14.1675831629831));
#9242=CARTESIAN_POINT('',(17.037658621057,-0.000126352226976933));
#9243=CARTESIAN_POINT('',(17.2655109489015,0.366906937350857));
#9244=CARTESIAN_POINT('',(17.5069380257878,0.725020240811954));
#9245=CARTESIAN_POINT('',(17.7401955054594,1.08848804419162));
#9246=CARTESIAN_POINT('',(-21.4249218546258,-15.345719011273,-14.1675831629831));
#9247=CARTESIAN_POINT('',(-21.4426730458232,-15.3021805252572,-14.1830666519738));
#9248=CARTESIAN_POINT('',(-21.4585603788143,-15.2585225109892,-14.1990208838104));
#9249=CARTESIAN_POINT('',(-21.4728495166869,-15.2147322620355,-14.2153909738656));
#9250=CARTESIAN_POINT('',(-21.4875489066813,-15.169684761405,-14.2322310617778));
#9251=CARTESIAN_POINT('',(-21.5005567342519,-15.1244972520677,-14.249511321358));
#9252=CARTESIAN_POINT('',(-21.5121213296644,-15.0791767678377,-14.2671717840082));
#9253=CARTESIAN_POINT('',(-21.5241566521786,-15.0320115515249,-14.285551100894));
#9254=CARTESIAN_POINT('',(-21.5346286483486,-14.9847022804885,-14.3043422604417));
#9255=CARTESIAN_POINT('',(-21.5437705100078,-14.9372345360493,-14.323498129233));
#9256=CARTESIAN_POINT('',(-21.5444218765585,-14.9338524130072,-14.3248630035492));
#9257=CARTESIAN_POINT('',(-21.5450664723219,-14.9304694765336,-14.3262297374426));
#9258=CARTESIAN_POINT('',(-21.545704373498,-14.9270857173736,-14.3275983175076));
#9259=CARTESIAN_POINT('',(-21.5503424052655,-14.9024831879122,-14.3375489463136));
#9260=CARTESIAN_POINT('',(-21.5546267102552,-14.8778373535959,-14.3475970482105));
#9261=CARTESIAN_POINT('',(-21.5585774561156,-14.8531551026791,-14.3577348514132));
#9262=CARTESIAN_POINT('',(-21.5677269137958,-14.795993944205,-14.3812127982745));
#9263=CARTESIAN_POINT('',(-21.5751100197873,-14.7385858109376,-14.4052004461663));
#9264=CARTESIAN_POINT('',(-21.5809206230147,-14.6811037386615,-14.429578751782));
#9265=CARTESIAN_POINT('',(-21.5869845574039,-14.621115558227,-14.4550199047893));
#9266=CARTESIAN_POINT('',(-21.5913358663713,-14.5610466338642,-14.4808866334823));
#9267=CARTESIAN_POINT('',(-21.594162891343,-14.5010541867664,-14.5070681206081));
#9268=CARTESIAN_POINT('',(-21.5946985744242,-14.4896864276444,-14.5120291590972));
#9269=CARTESIAN_POINT('',(-21.5951794398367,-14.4783213108549,-14.5170015639181));
#9270=CARTESIAN_POINT('',(-21.5956066479916,-14.466959765866,-14.5219846691907));
#9271=CARTESIAN_POINT('',(-21.5970386060641,-14.4288770282811,-14.538687528761));
#9272=CARTESIAN_POINT('',(-21.5978681006924,-14.3908347706404,-14.5555103730264));
#9273=CARTESIAN_POINT('',(-21.5981429528402,-14.3528623550883,-14.5724296745776));
#9274=CARTESIAN_POINT('',(-21.5986652110298,-14.2807093623811,-14.6045787550005));
#9275=CARTESIAN_POINT('',(-21.5971723043595,-14.208606632978,-14.6371521668142));
#9276=CARTESIAN_POINT('',(-21.5939273763259,-14.136797225348,-14.6699830296487));
#9277=CARTESIAN_POINT('',(-21.5915986169197,-14.085262389525,-14.6935444707182));
#9278=CARTESIAN_POINT('',(-21.5883667443728,-14.0338777780523,-14.7172390627946));
#9279=CARTESIAN_POINT('',(-21.5843188486513,-13.9827225368618,-14.7410122387344));
#9280=CARTESIAN_POINT('',(-21.5770420498766,-13.8907620660328,-14.7837486700685));
#9281=CARTESIAN_POINT('',(-21.5671304231476,-13.7995391523203,-14.8267401902501));
#9282=CARTESIAN_POINT('',(-21.5548543612261,-13.7087461964261,-14.8700657358823));
#9283=CARTESIAN_POINT('',(-21.5449214011005,-13.6352826690878,-14.9051218410025));
#9284=CARTESIAN_POINT('',(-21.5334393300807,-13.5621011169876,-14.9403966754427));
#9285=CARTESIAN_POINT('',(-21.5205276731284,-13.4890456383652,-14.9759342391647));
#9286=CARTESIAN_POINT('',(-21.5136001554642,-13.449849033275,-14.9950012807794));
#9287=CARTESIAN_POINT('',(-21.5062607922748,-13.4106890262854,-15.0141438872264));
#9288=CARTESIAN_POINT('',(-21.4985347309914,-13.3716028022661,-15.0333399691266));
#9289=CARTESIAN_POINT('',(-21.4823677120878,-13.289813686259,-15.0735083560406));
#9290=CARTESIAN_POINT('',(-21.4645110245563,-13.2083204449694,-15.1139330928418));
#9291=CARTESIAN_POINT('',(-21.4451252303284,-13.1273112807791,-15.1544863111807));
#9292=CARTESIAN_POINT('',(-21.4340108854975,-13.0808667670959,-15.1777364523574));
#9293=CARTESIAN_POINT('',(-21.4223930293051,-13.0345807956896,-15.2010293190522));
#9294=CARTESIAN_POINT('',(-21.4102955622407,-12.9884862881905,-15.2243437403085));
#9295=CARTESIAN_POINT('',(-21.4019780301952,-12.9567943198462,-15.2403734137014));
#9296=CARTESIAN_POINT('',(-21.3934336819455,-12.9251928113752,-15.2564133252516));
#9297=CARTESIAN_POINT('',(-21.3846633011516,-12.8936646184868,-15.2724706878321));
#9298=CARTESIAN_POINT('',(-21.3471731084351,-12.7588930441207,-15.341110081241));
#9299=CARTESIAN_POINT('',(-21.3056485208874,-12.625802193875,-15.4098968018454));
#9300=CARTESIAN_POINT('',(-21.2605022757126,-12.4941879215291,-15.4788364517688));
#9301=CARTESIAN_POINT('',(-21.2529329490171,-12.4721211600229,-15.4903950372175));
#9302=CARTESIAN_POINT('',(-21.2452617790841,-12.4500959246115,-15.5019579111506));
#9303=CARTESIAN_POINT('',(-21.237490079199,-12.4281129916482,-15.5135244512865));
#9304=CARTESIAN_POINT('',(-21.2000843958247,-12.3223077441207,-15.5691949409417));
#9305=CARTESIAN_POINT('',(-21.1603429942087,-12.2174499906004,-15.6249662956357));
#9306=CARTESIAN_POINT('',(-21.1182809966045,-12.1133493645014,-15.6809200824391));
#9307=CARTESIAN_POINT('',(-21.1041340315116,-12.0783365736819,-15.6997393566962));
#9308=CARTESIAN_POINT('',(-21.0897241314481,-12.0434095244693,-15.7185793330522));
#9309=CARTESIAN_POINT('',(-21.0750506098051,-12.0085612896833,-15.7374432933993));
#9310=CARTESIAN_POINT('',(-21.0702238356192,-11.9970981546444,-15.7436484893341));
#9311=CARTESIAN_POINT('',(-21.0653685314595,-11.9856435491425,-15.7498562810499));
#9312=CARTESIAN_POINT('',(-21.0604839527004,-11.9741959784915,-15.7560675049998));
#9313=CARTESIAN_POINT('',(-21.0310694469241,-11.9052597099521,-15.7934709520039));
#9314=CARTESIAN_POINT('',(-21.0007756250684,-11.8369986824835,-15.8307713619077));
#9315=CARTESIAN_POINT('',(-20.9693853900261,-11.7689016635013,-15.8682446328906));
#9316=CARTESIAN_POINT('',(-20.9326007710674,-11.6891022324964,-15.9121576520949));
#9317=CARTESIAN_POINT('',(-20.8943120833293,-11.6095279788932,-15.9563076620588));
#9318=CARTESIAN_POINT('',(-20.8551292126535,-11.5314275028319,-16.));
#9319=CARTESIAN_POINT('',(17.7401955054594,1.08848804419162));
#9320=CARTESIAN_POINT('',(18.1420131257558,1.71393522918338));
#9321=CARTESIAN_POINT('',(18.8905026637351,2.27345006786315));
#9322=CARTESIAN_POINT('',(19.4717544943137,2.68224599636907));
#9323=CARTESIAN_POINT('',(20.1095769788825,3.13082821337762));
#9324=CARTESIAN_POINT('',(20.7675533224679,3.54935737255591));
#9325=CARTESIAN_POINT('',(21.4040143680029,4.00000604323407));
#9326=CARTESIAN_POINT('',(-1.75415237890775E-14,4.0000060432411));
#9327=CARTESIAN_POINT('',(21.4040143680029,4.00000604323407));
#9328=CARTESIAN_POINT('',(-30.4712650903169,-30.6385892250978,-16.));
#9329=CARTESIAN_POINT('',(-30.4712650903169,-30.6385892250978,-14.));
#9330=CARTESIAN_POINT('',(-28.6896557917002,-31.547362192941,-14.));
#9331=CARTESIAN_POINT('',(-1.75415237890775E-14,4.0000060432411));
#9332=CARTESIAN_POINT('',(9.76996261670138E-15,8.10462807976364E-15));
#9333=CARTESIAN_POINT('',(17.037658621057,-0.000126352226976933));
#9334=CARTESIAN_POINT('',(9.76996261670138E-15,8.10462807976364E-15));
#9335=CARTESIAN_POINT('',(75.398223686155,9.42477796076938));
#9336=CARTESIAN_POINT('',(43.4939185755158,9.42477796076935));
#9337=CARTESIAN_POINT('',(-30.,-37.,-14.));
#9338=CARTESIAN_POINT('',(-32.,-37.,-14.));
#9339=CARTESIAN_POINT('',(-32.,-37.,-16.));
#9340=CARTESIAN_POINT('',(75.398223686155,9.42477796076938));
#9341=CARTESIAN_POINT('',(75.398223686155,12.5663706143592));
#9342=CARTESIAN_POINT('',(43.4939185755158,12.5663706143592));
#9343=CARTESIAN_POINT('',(75.398223686155,12.5663706143592));
#9344=CARTESIAN_POINT('',(-5.51167315579998,-43.3278505538953,-16.));
#9345=CARTESIAN_POINT('',(-5.51167315579999,-43.3278505538953,-14.));
#9346=CARTESIAN_POINT('',(-7.29571984782856,-42.4238719033388,-14.));
#9347=CARTESIAN_POINT('',(43.4939185755158,12.5663706143592));
#9348=CARTESIAN_POINT('',(43.4939185755158,9.42477796076935));
#9349=CARTESIAN_POINT('',(5.82617251324759,12.5663706143592));
#9350=CARTESIAN_POINT('',(5.82617251324758,9.42477796076932));
#9351=CARTESIAN_POINT('',(0.,12.5663706143592));
#9352=CARTESIAN_POINT('',(5.82617251324759,12.5663706143592));
#9353=CARTESIAN_POINT('',(0.,9.42477796076938));
#9354=CARTESIAN_POINT('',(0.,12.5663706143592));
#9355=CARTESIAN_POINT('',(5.82617251324758,9.42477796076932));
#9356=CARTESIAN_POINT('',(0.,9.42477796076938));
#9357=CARTESIAN_POINT('',(3.57589401291362,2.12));
#9358=CARTESIAN_POINT('',(3.57589401291363,22.12));
#9359=CARTESIAN_POINT('',(0.0652066639273857,-31.7291717826409,4.));
#9360=CARTESIAN_POINT('',(-0.301537200339885,-32.5521508905942,4.));
#9361=CARTESIAN_POINT('',(-1.16093806235943,-32.8227536113221,4.));
#9362=CARTESIAN_POINT('',(-2.02033892437897,-33.09335633205,4.));
#9363=CARTESIAN_POINT('',(-2.79244040249124,-32.628969659543,4.));
#9364=CARTESIAN_POINT('',(3.57589401291362,2.12));
#9365=CARTESIAN_POINT('',(5.265395344187,2.12));
#9366=CARTESIAN_POINT('',(5.265395344187,18.12));
#9367=CARTESIAN_POINT('',(5.265395344187,2.12));
#9368=CARTESIAN_POINT('',(-2.79244040249124,-32.628969659543,-12.));
#9369=CARTESIAN_POINT('',(-2.69700739344353,-32.6863686139232,-12.));
#9370=CARTESIAN_POINT('',(-2.59579187996609,-32.7328177152206,-12.));
#9371=CARTESIAN_POINT('',(5.265395344187,18.12));
#9372=CARTESIAN_POINT('',(5.15749262563735,18.12));
#9373=CARTESIAN_POINT('',(-2.59579187996609,-32.7328177152206,-12.));
#9374=CARTESIAN_POINT('',(-2.55869225342991,-32.7498432111339,-12.0000000014101));
#9375=CARTESIAN_POINT('',(-2.52144607505945,-32.7655660812887,-12.0024896524582));
#9376=CARTESIAN_POINT('',(-2.48416142088408,-32.780011710317,-12.0073322621209));
#9377=CARTESIAN_POINT('',(-2.44687676670871,-32.7944573393452,-12.0121748717837));
#9378=CARTESIAN_POINT('',(-2.40955361007152,-32.8076259545323,-12.0193700190218));
#9379=CARTESIAN_POINT('',(-2.37230658275662,-32.8195693974466,-12.0287280291362));
#9380=CARTESIAN_POINT('',(-2.34458186371376,-32.8284594652742,-12.0356936373988));
#9381=CARTESIAN_POINT('',(-2.31689963979127,-32.8366711510792,-12.0438565573528));
#9382=CARTESIAN_POINT('',(-2.28933450455034,-32.844214786438,-12.0531363335614));
#9383=CARTESIAN_POINT('',(-2.25222874587085,-32.8543693643403,-12.0656279514542));
#9384=CARTESIAN_POINT('',(-2.2153484219415,-32.8633088484619,-12.0801175416082));
#9385=CARTESIAN_POINT('',(-2.17887753743664,-32.8710835920844,-12.0963593273229));
#9386=CARTESIAN_POINT('',(-2.16721074133423,-32.8735706814387,-12.1015549677589));
#9387=CARTESIAN_POINT('',(-2.15558581922326,-32.8759387862998,-12.1069295660005));
#9388=CARTESIAN_POINT('',(-2.14400870862894,-32.8781901254885,-12.1124741287702));
#9389=CARTESIAN_POINT('',(-2.10700807877849,-32.8853854413934,-12.1301946396913));
#9390=CARTESIAN_POINT('',(-2.07049946844687,-32.8913864203354,-12.1496511152803));
#9391=CARTESIAN_POINT('',(-2.03482722267236,-32.8963023777513,-12.1703597670079));
#9392=CARTESIAN_POINT('',(-2.02098723922436,-32.8982096523787,-12.1783942316433));
#9393=CARTESIAN_POINT('',(-2.00727266412347,-32.8999538377822,-12.1866171699798));
#9394=CARTESIAN_POINT('',(-1.99370162549805,-32.9015421623281,-12.1950004861748));
#9395=CARTESIAN_POINT('',(-1.96680776576218,-32.9046897605871,-12.2116137857232));
#9396=CARTESIAN_POINT('',(-1.94039545282043,-32.9072359659309,-12.2289162724987));
#9397=CARTESIAN_POINT('',(-1.91448643294173,-32.9092360753851,-12.2467895252426));
#9398=CARTESIAN_POINT('',(-1.88068848558515,-32.9118451896766,-12.2701049288416));
#9399=CARTESIAN_POINT('',(-1.84774402490765,-32.9135262021515,-12.2943919352207));
#9400=CARTESIAN_POINT('',(-1.81546472555825,-32.9143984715118,-12.319590899538));
#9401=CARTESIAN_POINT('',(-1.78626894066575,-32.9151874164123,-12.3423827059449));
#9402=CARTESIAN_POINT('',(-1.75761770745388,-32.9153141859998,-12.3659212523011));
#9403=CARTESIAN_POINT('',(-1.72938233013612,-32.9148464746778,-12.390190716737));
#9404=CARTESIAN_POINT('',(-1.71667225391688,-32.9146359357329,-12.4011155483519));
#9405=CARTESIAN_POINT('',(-1.70405825871544,-32.9143048597701,-12.4121745242823));
#9406=CARTESIAN_POINT('',(-1.6915331914784,-32.9138591475177,-12.4233632125743));
#9407=CARTESIAN_POINT('',(-1.65886151553425,-32.9126965057528,-12.4525489399799));
#9408=CARTESIAN_POINT('',(-1.62679647004515,-32.9107551535932,-12.4826135949599));
#9409=CARTESIAN_POINT('',(-1.59540217839965,-32.9081350794899,-12.5133299546446));
#9410=CARTESIAN_POINT('',(-1.56220203602963,-32.9053642944622,-12.5458131693046));
#9411=CARTESIAN_POINT('',(-1.52975178569307,-32.9018344386154,-12.5790254750541));
#9412=CARTESIAN_POINT('',(-1.49811093432077,-32.8976433078234,-12.6127491108358));
#9413=CARTESIAN_POINT('',(-1.49589274858633,-32.8973494880893,-12.6151133104246));
#9414=CARTESIAN_POINT('',(-1.49367853547469,-32.897052410566,-12.617480041721));
#9415=CARTESIAN_POINT('',(-1.49146831320283,-32.8967521054873,-12.6198492378936));
#9416=CARTESIAN_POINT('',(-1.48629572344974,-32.8960493006188,-12.625393874739));
#9417=CARTESIAN_POINT('',(-1.48114452501187,-32.8953287553163,-12.6309526189391));
#9418=CARTESIAN_POINT('',(-1.47601512579746,-32.8945908640537,-12.6365244230272));
#9419=CARTESIAN_POINT('',(-1.43252899822838,-32.8883351541278,-12.6837611798547));
#9420=CARTESIAN_POINT('',(-1.39060708146964,-32.8808353904654,-12.7319339709244));
#9421=CARTESIAN_POINT('',(-1.35000903027501,-32.8722903363663,-12.7808860070731));
#9422=CARTESIAN_POINT('',(-1.32382830014229,-32.8667798315821,-12.8124540259839));
#9423=CARTESIAN_POINT('',(-1.29819875415595,-32.8608339472045,-12.8443467966932));
#9424=CARTESIAN_POINT('',(-1.27306207784649,-32.8544993004042,-12.8765291280944));
#9425=CARTESIAN_POINT('',(-1.22732841404064,-32.8429740452939,-12.9350816553527));
#9426=CARTESIAN_POINT('',(-1.18322535588751,-32.8301632161988,-12.9945911422831));
#9427=CARTESIAN_POINT('',(-1.14053519030714,-32.8162163289171,-13.0549710460583));
#9428=CARTESIAN_POINT('',(-1.12294344690005,-32.8104691021484,-13.0798523684828));
#9429=CARTESIAN_POINT('',(-1.10559192132079,-32.8045285903351,-13.104881906885));
#9430=CARTESIAN_POINT('',(-1.08846655808904,-32.7984037511451,-13.1300552780998));
#9431=CARTESIAN_POINT('',(-1.08631877464541,-32.7976356022873,-13.1332124052909));
#9432=CARTESIAN_POINT('',(-1.08417426467913,-32.7968644512595,-13.1363721116949));
#9433=CARTESIAN_POINT('',(-1.08203299936099,-32.7960903108298,-13.139534399371));
#9434=CARTESIAN_POINT('',(-1.04604166493096,-32.7830782161275,-13.1926875291354));
#9435=CARTESIAN_POINT('',(-1.01096745277166,-32.7692237927411,-13.2465655247636));
#9436=CARTESIAN_POINT('',(-0.976858934462259,-32.7546745091859,-13.3008699617122));
#9437=CARTESIAN_POINT('',(-0.951462143720626,-32.7438412883893,-13.3413043895292));
#9438=CARTESIAN_POINT('',(-0.926600569141028,-32.7326221982832,-13.3819765273788));
#9439=CARTESIAN_POINT('',(-0.902293382141748,-32.7210694335379,-13.4227794621565));
#9440=CARTESIAN_POINT('',(-0.861081186985477,-32.7014820252832,-13.4919597630715));
#9441=CARTESIAN_POINT('',(-0.821459687393724,-32.6809364799741,-13.5615167234812));
#9442=CARTESIAN_POINT('',(-0.783188887423583,-32.6594812194791,-13.6315750691678));
#9443=CARTESIAN_POINT('',(-0.774438639554274,-32.6545756819001,-13.6475932315933));
#9444=CARTESIAN_POINT('',(-0.765759144533275,-32.6496224610544,-13.6636377064624));
#9445=CARTESIAN_POINT('',(-0.75714777986231,-32.6446219168147,-13.6797101600698));
#9446=CARTESIAN_POINT('',(-0.711232236890083,-32.6179591621066,-13.765408009653));
#9447=CARTESIAN_POINT('',(-0.667432968328171,-32.5900591694947,-13.8515798540587));
#9448=CARTESIAN_POINT('',(-0.625468585290534,-32.5610667394723,-13.9381960092032));
#9449=CARTESIAN_POINT('',(-0.611509238962508,-32.5514224806441,-13.9670086550648));
#9450=CARTESIAN_POINT('',(-0.597753211574158,-32.5416570852086,-13.9958706824944));
#9451=CARTESIAN_POINT('',(-0.584190954298985,-32.531775157137,-14.0247816203231));
#9452=CARTESIAN_POINT('',(-0.549642139071101,-32.5066016996429,-14.0984300277262));
#9453=CARTESIAN_POINT('',(-0.516349895045317,-32.4806725336986,-14.172395624808));
#9454=CARTESIAN_POINT('',(-0.484195606869804,-32.4539843011509,-14.2467814770122));
#9455=CARTESIAN_POINT('',(-0.470731615026675,-32.4428091153291,-14.2779291268017));
#9456=CARTESIAN_POINT('',(-0.457474538049095,-32.4315067668973,-14.3091318821243));
#9457=CARTESIAN_POINT('',(-0.444414377538962,-32.4200757965015,-14.3404010085664));
#9458=CARTESIAN_POINT('',(-0.409184264419566,-32.3892404648991,-14.4247502675855));
#9459=CARTESIAN_POINT('',(-0.375386118784675,-32.3574716239889,-14.5095789463034));
#9460=CARTESIAN_POINT('',(-0.343020996431115,-32.3249076948397,-14.5946461237543));
#9461=CARTESIAN_POINT('',(-0.33409797728462,-32.3159298649366,-14.6180990260743));
#9462=CARTESIAN_POINT('',(-0.325283973991937,-32.3068914217147,-14.6415702972198));
#9463=CARTESIAN_POINT('',(-0.316579234273669,-32.2977948835873,-14.6650553782797));
#9464=CARTESIAN_POINT('',(-0.296650149399165,-32.276968795011,-14.7188233470964));
#9465=CARTESIAN_POINT('',(-0.277293514085413,-32.255838402688,-14.7726635596559));
#9466=CARTESIAN_POINT('',(-0.258491715326032,-32.2344170463118,-14.8265686193114));
#9467=CARTESIAN_POINT('',(-0.238913183663711,-32.2121107388446,-14.882700584701));
#9468=CARTESIAN_POINT('',(-0.219952219949396,-32.1895068119548,-14.93885946208));
#9469=CARTESIAN_POINT('',(-0.201599154259138,-32.1666303000883,-14.995009398163));
#9470=CARTESIAN_POINT('',(-0.165381475126644,-32.121486116526,-15.1058148844336));
#9471=CARTESIAN_POINT('',(-0.131528662492568,-32.0752814531396,-15.2165856597251));
#9472=CARTESIAN_POINT('',(-0.0998563109038449,-32.0279969974548,-15.3275174596055));
#9473=CARTESIAN_POINT('',(-0.0680869937416145,-31.98056777941,-15.4387888795349));
#9474=CARTESIAN_POINT('',(-0.0385117303424238,-31.9320519368389,-15.5502224657165));
#9475=CARTESIAN_POINT('',(-0.0109516606558769,-31.8821386670311,-15.6625353229487));
#9476=CARTESIAN_POINT('',(0.0165836109358546,-31.8322703083579,-15.7747471229298));
#9477=CARTESIAN_POINT('',(0.042107996627266,-31.7810055621849,-15.8878397814283));
#9478=CARTESIAN_POINT('',(0.0652066639273794,-31.7291717826409,-16.));
#9479=CARTESIAN_POINT('',(5.15749262563735,18.12));
#9480=CARTESIAN_POINT('',(5.02570581754123,18.1200000093042));
#9481=CARTESIAN_POINT('',(4.91588090710975,18.2264401937949));
#9482=CARTESIAN_POINT('',(4.8413707277611,18.3118991250574));
#9483=CARTESIAN_POINT('',(4.72874274375593,18.4410770068915));
#9484=CARTESIAN_POINT('',(4.64402112488927,18.5830768857297));
#9485=CARTESIAN_POINT('',(4.56812474734109,18.7351621698393));
#9486=CARTESIAN_POINT('',(4.39782138500251,19.0764252983679));
#9487=CARTESIAN_POINT('',(4.28376406332285,19.4330782697384));
#9488=CARTESIAN_POINT('',(4.17532734155879,19.7957668110912));
#9489=CARTESIAN_POINT('',(3.94580593262245,20.5634475714658));
#9490=CARTESIAN_POINT('',(3.76854329811234,21.3433731486032));
#9491=CARTESIAN_POINT('',(3.57589401291363,22.12));
#9492=CARTESIAN_POINT('',(12.8721218882767,-1.83186799063151E-15));
#9493=CARTESIAN_POINT('',(-3.03090885722668E-14,1.94289029309402E-14));
#9494=CARTESIAN_POINT('',(0.0652066639273794,-31.7291717826409,-16.));
#9495=CARTESIAN_POINT('',(0.0195521202093697,-31.8316213122525,-15.943922969639));
#9496=CARTESIAN_POINT('',(-0.0287745471475325,-31.9339173867342,-15.8873743972615));
#9497=CARTESIAN_POINT('',(-0.0789890293947992,-32.0344091180922,-15.8312673239459));
#9498=CARTESIAN_POINT('',(-0.129250901024285,-32.1349956874502,-15.7751073001781));
#9499=CARTESIAN_POINT('',(-0.181405446205588,-32.2337773393519,-15.7193880512132));
#9500=CARTESIAN_POINT('',(-0.2357694653503,-32.3313838227588,-15.6637567280612));
#9501=CARTESIAN_POINT('',(-0.289982225268696,-32.4287187316686,-15.6082801902072));
#9502=CARTESIAN_POINT('',(-0.346391990850906,-32.5248852213429,-15.5528910233374));
#9503=CARTESIAN_POINT('',(-0.405215703605746,-32.6199869391383,-15.4974963321266));
#9504=CARTESIAN_POINT('',(-0.435728300976465,-32.6693173925976,-15.4687624112257));
#9505=CARTESIAN_POINT('',(-0.466891029748544,-32.7183611127733,-15.4400269793706));
#9506=CARTESIAN_POINT('',(-0.498705152316771,-32.767073555264,-15.4113098630921));
#9507=CARTESIAN_POINT('',(-0.527845817826478,-32.8116925130788,-15.3850059511084));
#9508=CARTESIAN_POINT('',(-0.557512607250422,-32.8560030025388,-15.3587362689567));
#9509=CARTESIAN_POINT('',(-0.58771988379216,-32.899989908526,-15.3325050998313));
#9510=CARTESIAN_POINT('',(-0.600774333258221,-32.9189993958787,-15.3211689745334));
#9511=CARTESIAN_POINT('',(-0.613929767130074,-32.9379484057426,-15.3098400544352));
#9512=CARTESIAN_POINT('',(-0.627185047970163,-32.9568328697058,-15.2985204548798));
#9513=CARTESIAN_POINT('',(-0.67748678509964,-33.0284964846509,-15.255564328328));
#9514=CARTESIAN_POINT('',(-0.729225743612272,-33.0992343454364,-15.2127408242854));
#9515=CARTESIAN_POINT('',(-0.782346435022522,-33.1687959483403,-15.1701772190756));
#9516=CARTESIAN_POINT('',(-0.802936435960499,-33.195758576857,-15.153679228407));
#9517=CARTESIAN_POINT('',(-0.823734066027725,-33.2225438898762,-15.1372205510385));
#9518=CARTESIAN_POINT('',(-0.844753617147443,-33.249159824918,-15.1207947545585));
#9519=CARTESIAN_POINT('',(-0.891241967543596,-33.3080255403318,-15.084466282178));
#9520=CARTESIAN_POINT('',(-0.938750011252936,-33.3659767107581,-15.0483461008023));
#9521=CARTESIAN_POINT('',(-0.987405263576404,-33.4230613801966,-15.0123843223822));
#9522=CARTESIAN_POINT('',(-1.00778714477999,-33.4469743781871,-14.9973197885318));
#9523=CARTESIAN_POINT('',(-1.02837046528411,-33.4707352316804,-14.9822830648306));
#9524=CARTESIAN_POINT('',(-1.04916572614107,-33.4943386503639,-14.9672742727481));
#9525=CARTESIAN_POINT('',(-1.10965100696979,-33.5629917640425,-14.9236195665026));
#9526=CARTESIAN_POINT('',(-1.17192714451793,-33.6303160897541,-14.880200175417));
#9527=CARTESIAN_POINT('',(-1.23627151942064,-33.6961541802322,-14.8370276504151));
#9528=CARTESIAN_POINT('',(-1.24703466724676,-33.7071671879967,-14.8298060048662));
#9529=CARTESIAN_POINT('',(-1.25784869805575,-33.7181315730637,-14.8225961907));
#9530=CARTESIAN_POINT('',(-1.26871580363877,-33.7290477425992,-14.8153976163532));
#9531=CARTESIAN_POINT('',(-1.32146624787345,-33.7820363500936,-14.780454733748));
#9532=CARTESIAN_POINT('',(-1.37546485134193,-33.8338921083076,-14.745775659074));
#9533=CARTESIAN_POINT('',(-1.43098008273614,-33.8846378375255,-14.7113003736669));
#9534=CARTESIAN_POINT('',(-1.463732624871,-33.9145764974686,-14.69096085225));
#9535=CARTESIAN_POINT('',(-1.49701413524663,-33.9441285322712,-14.6706921755962));
#9536=CARTESIAN_POINT('',(-1.53078452640368,-33.973197468799,-14.6505476392726));
#9537=CARTESIAN_POINT('',(-1.57642528756588,-34.0124842032383,-14.6233222521935));
#9538=CARTESIAN_POINT('',(-1.62295981512651,-34.0508907674395,-14.5963224440433));
#9539=CARTESIAN_POINT('',(-1.67027942557235,-34.0881401794911,-14.569699425353));
#9540=CARTESIAN_POINT('',(-1.67457863610392,-34.091524464845,-14.5672805981214));
#9541=CARTESIAN_POINT('',(-1.67888431630946,-34.0948991632301,-14.564864899258));
#9542=CARTESIAN_POINT('',(-1.68319657364233,-34.0982642374052,-14.562452325797));
#9543=CARTESIAN_POINT('',(-1.70356563451283,-34.1141592537305,-14.5510564716334));
#9544=CARTESIAN_POINT('',(-1.72409669265706,-34.1298483956741,-14.5397205070574));
#9545=CARTESIAN_POINT('',(-1.74479930829987,-34.145323785887,-14.5284460895122));
#9546=CARTESIAN_POINT('',(-1.80085984923914,-34.1872295412538,-14.4979161334299));
#9547=CARTESIAN_POINT('',(-1.85817706995606,-34.2275712711843,-14.4678361859959));
#9548=CARTESIAN_POINT('',(-1.91695256912105,-34.2661616770216,-14.43825118504));
#9549=CARTESIAN_POINT('',(-1.94843464903389,-34.2868319606891,-14.4224044907958));
#9550=CARTESIAN_POINT('',(-1.98033529464503,-34.3069991915866,-14.4067000396376));
#9551=CARTESIAN_POINT('',(-2.01270255602713,-34.3266053733632,-14.391154641859));
#9552=CARTESIAN_POINT('',(-2.06420945425691,-34.3578052205644,-14.3664168300355));
#9553=CARTESIAN_POINT('',(-2.11689674683074,-34.3875867478826,-14.3420809236775));
#9554=CARTESIAN_POINT('',(-2.17097571284905,-34.4156804010509,-14.3182275648462));
#9555=CARTESIAN_POINT('',(-2.17856597760178,-34.4196234917037,-14.314879621605));
#9556=CARTESIAN_POINT('',(-2.18618369895711,-34.4235332576612,-14.3115412100825));
#9557=CARTESIAN_POINT('',(-2.19382777175979,-34.4274082058267,-14.3082132393399));
#9558=CARTESIAN_POINT('',(-2.2322922729573,-34.446906705147,-14.2914670965546));
#9559=CARTESIAN_POINT('',(-2.27145624784375,-34.4655437365506,-14.2749707111891));
#9560=CARTESIAN_POINT('',(-2.3112189568508,-34.4831352134112,-14.2588331941613));
#9561=CARTESIAN_POINT('',(-2.35098166585786,-34.5007266902719,-14.2426956771336));
#9562=CARTESIAN_POINT('',(-2.39134367833588,-34.5172731715064,-14.2269166682274));
#9563=CARTESIAN_POINT('',(-2.4321777226859,-34.5325477596435,-14.2116299071229));
#9564=CARTESIAN_POINT('',(-2.44808280473574,-34.5384972946813,-14.2056756306482));
#9565=CARTESIAN_POINT('',(-2.46405907954914,-34.544253325978,-14.1997963629305));
#9566=CARTESIAN_POINT('',(-2.48011416799219,-34.5498066747583,-14.1939949749948));
#9567=CARTESIAN_POINT('',(-2.51274646753546,-34.5610939710889,-14.1822035339474));
#9568=CARTESIAN_POINT('',(-2.5456275364554,-34.5715034035941,-14.1707574303883));
#9569=CARTESIAN_POINT('',(-2.57887591745719,-34.5809684534642,-14.1596630294624));
#9570=CARTESIAN_POINT('',(-2.61649673259374,-34.5916782348338,-14.147109624042));
#9571=CARTESIAN_POINT('',(-2.65458749760448,-34.6011801187532,-14.1350060231718));
#9572=CARTESIAN_POINT('',(-2.69332615947138,-34.6093331584882,-14.1233805871204));
#9573=CARTESIAN_POINT('',(-2.72368595238804,-34.6157227596276,-14.1142696417734));
#9574=CARTESIAN_POINT('',(-2.75444559293984,-34.621283378569,-14.1054522359791));
#9575=CARTESIAN_POINT('',(-2.78555679758619,-34.6259002459304,-14.0969907866266));
#9576=CARTESIAN_POINT('',(-2.80042834922044,-34.6281071672674,-14.092946106185));
#9577=CARTESIAN_POINT('',(-2.81540330892465,-34.6301033624097,-14.0889769684598));
#9578=CARTESIAN_POINT('',(-2.83046022184787,-34.6318708626221,-14.0850960244339));
#9579=CARTESIAN_POINT('',(-2.8706132796784,-34.6365843479566,-14.0747465078563));
#9580=CARTESIAN_POINT('',(-2.91135251552842,-34.639670097933,-14.0650241284308));
#9581=CARTESIAN_POINT('',(-2.95223605704843,-34.640798227818,-14.0561708790752));
#9582=CARTESIAN_POINT('',(-2.96454896604057,-34.6411379870485,-14.0535045431965));
#9583=CARTESIAN_POINT('',(-2.97687461985254,-34.6413003040614,-14.0509170547492));
#9584=CARTESIAN_POINT('',(-2.98920613609586,-34.6412794665933,-14.0484124607304));
#9585=CARTESIAN_POINT('',(-3.02990289240781,-34.6412106982971,-14.0401467413791));
#9586=CARTESIAN_POINT('',(-3.07066307346552,-34.6391435274275,-14.0327855816824));
#9587=CARTESIAN_POINT('',(-3.11124224991953,-34.6349026950943,-14.0264601347717));
#9588=CARTESIAN_POINT('',(-3.14074528508381,-34.6318194037024,-14.0218612271808));
#9589=CARTESIAN_POINT('',(-3.17013976901641,-34.6275769694477,-14.0178104588958));
#9590=CARTESIAN_POINT('',(-3.19933864566603,-34.6221259436647,-14.0143491143821));
#9591=CARTESIAN_POINT('',(-3.23864239688957,-34.6147884777799,-14.0096899000809));
#9592=CARTESIAN_POINT('',(-3.27759082323598,-34.6052598169302,-14.0060994677328));
#9593=CARTESIAN_POINT('',(-3.3160372710599,-34.5933903088362,-14.0036782487713));
#9594=CARTESIAN_POINT('',(-3.35456106965339,-34.5814969203673,-14.0012521585367));
#9595=CARTESIAN_POINT('',(-3.39258079479617,-34.5672528440782,-14.0000001881636));
#9596=CARTESIAN_POINT('',(-3.42996486946548,-34.5505513385119,-14.0000000000036));
#9597=CARTESIAN_POINT('',(12.8721218882767,-1.83186799063151E-15));
#9598=CARTESIAN_POINT('',(12.103741832483,0.54566357440969));
#9599=CARTESIAN_POINT('',(11.3014165212702,1.04063826805294));
#9600=CARTESIAN_POINT('',(10.544662257793,1.60411490327453));
#9601=CARTESIAN_POINT('',(9.82660531676252,2.13877764461173));
#9602=CARTESIAN_POINT('',(8.8562366529436,2.91874154186967));
#9603=CARTESIAN_POINT('',(8.84070418303781,4.00019363027102));
#9604=CARTESIAN_POINT('',(2.2815083156047E-14,4.00018288968963));
#9605=CARTESIAN_POINT('',(8.84070418303781,4.00019363027102));
#9606=CARTESIAN_POINT('',(-3.03090885722668E-14,1.94289029309402E-14));
#9607=CARTESIAN_POINT('',(2.2815083156047E-14,4.00018288968963));
#9608=CARTESIAN_POINT('',(4.53849871471136,24.32));
#9609=CARTESIAN_POINT('',(4.53849871471136,2.32));
#9610=CARTESIAN_POINT('',(-13.6130536298033,-17.4429763942387,-24.));
#9611=CARTESIAN_POINT('',(-11.9345544133492,-17.1696017758291,-24.));
#9612=CARTESIAN_POINT('',(-11.9345544133492,-15.4689862103271,-24.));
#9613=CARTESIAN_POINT('',(4.53849871471136,24.32));
#9614=CARTESIAN_POINT('',(3.14159265358979,24.32));
#9615=CARTESIAN_POINT('',(-11.9345544133492,-15.4689862103271,-24.));
#9616=CARTESIAN_POINT('',(-11.9345544133492,-14.7455732976013,-24.));
#9617=CARTESIAN_POINT('',(-12.3973344245761,-14.189550902812,-24.));
#9618=CARTESIAN_POINT('',(3.14159265358979,24.32));
#9619=CARTESIAN_POINT('',(2.44278142892519,24.32));
#9620=CARTESIAN_POINT('',(2.44278142892519,2.32));
#9621=CARTESIAN_POINT('',(2.44278142892519,24.32));
#9622=CARTESIAN_POINT('',(-12.3973344245761,-14.189550902812,-2.));
#9623=CARTESIAN_POINT('',(-11.6547740786479,-15.0817246609742,-2.));
#9624=CARTESIAN_POINT('',(-12.0610803450929,-16.1690540038808,-2.));
#9625=CARTESIAN_POINT('',(2.44278142892519,2.32));
#9626=CARTESIAN_POINT('',(3.5151191794494,2.32));
#9627=CARTESIAN_POINT('',(-12.0610803450929,-16.1690540038808,-2.));
#9628=CARTESIAN_POINT('',(-12.4673866115379,-17.2563833467874,-2.));
#9629=CARTESIAN_POINT('',(-13.6130536298033,-17.4429763942387,-2.));
#9630=CARTESIAN_POINT('',(3.5151191794494,2.32));
#9631=CARTESIAN_POINT('',(4.53849871471136,2.32));
#9632=CARTESIAN_POINT('',(2.12380269059725,24.32));
#9633=CARTESIAN_POINT('',(2.12380269059725,2.32));
#9634=CARTESIAN_POINT('',(-1.31185257909787,-24.18395137144,-24.));
#9635=CARTESIAN_POINT('',(-2.27975657074231,-23.6017976951059,-24.));
#9636=CARTESIAN_POINT('',(-3.27809240283863,-24.1300652468854,-24.));
#9637=CARTESIAN_POINT('',(-4.27642823493494,-24.6583327986649,-24.));
#9638=CARTESIAN_POINT('',(-4.33955488531493,-25.7860544247422,-24.));
#9639=CARTESIAN_POINT('',(2.12380269059725,24.32));
#9640=CARTESIAN_POINT('',(0.0614149179903811,24.32));
#9641=CARTESIAN_POINT('',(0.0614149179903791,2.32));
#9642=CARTESIAN_POINT('',(0.0614149179903811,24.32));
#9643=CARTESIAN_POINT('',(-4.33955488531493,-25.7860544247422,-2.));
#9644=CARTESIAN_POINT('',(-4.27642823493494,-24.6583327986649,-2.));
#9645=CARTESIAN_POINT('',(-3.27809240283863,-24.1300652468854,-2.));
#9646=CARTESIAN_POINT('',(-2.27975657074231,-23.6017976951059,-2.));
#9647=CARTESIAN_POINT('',(-1.31185257909787,-24.18395137144,-2.));
#9648=CARTESIAN_POINT('',(0.0614149179903791,2.32));
#9649=CARTESIAN_POINT('',(2.12380269059725,2.32));
#9650=CARTESIAN_POINT('',(-21.4249218546258,-15.345719011273,-14.1675831629831));
#9651=CARTESIAN_POINT('',(-20.2000108633401,-14.1939042392954,-13.9138349593579));
#9652=CARTESIAN_POINT('',(-20.6046939711118,-13.7076842962226,-12.3354515757645));
#9653=CARTESIAN_POINT('',(0.,-4.11442222514324E-8));
#9654=CARTESIAN_POINT('',(3.4008660040234,-2.19824158875781E-14));
#9655=CARTESIAN_POINT('',(3.4008660040234,4.36841291345169));
#9656=CARTESIAN_POINT('',(3.4008660040234,-2.19824158875781E-14));
#9657=CARTESIAN_POINT('',(0.,-4.11442222514324E-8));
#9658=CARTESIAN_POINT('',(0.,4.36841291345169));
#9659=CARTESIAN_POINT('',(4.00048991785111,1.8036048409272));
#9660=CARTESIAN_POINT('',(3.99999995381945,5.65087751869253E-8));
#9661=CARTESIAN_POINT('',(-21.0224698424943,-16.3324359784509,-14.));
#9662=CARTESIAN_POINT('',(-20.3855690228651,-15.8025782835537,-14.0000856391147));
#9663=CARTESIAN_POINT('',(-19.9351888563119,-15.4278929486906,-13.4142866602539));
#9664=CARTESIAN_POINT('',(-19.4848086897588,-15.0532076138276,-12.8284876813932));
#9665=CARTESIAN_POINT('',(-19.4848086897588,-15.0532076138276,-12.));
#9666=CARTESIAN_POINT('',(4.00048991785111,1.8036048409272));
#9667=CARTESIAN_POINT('',(-1.63341562497976E-14,1.80436059444773));
#9668=CARTESIAN_POINT('',(-1.58761892521397E-14,5.28743715477731E-15));
#9669=CARTESIAN_POINT('',(-1.63341562497976E-14,1.80436059444773));
#9670=CARTESIAN_POINT('',(3.99999995381945,5.65087751869253E-8));
#9671=CARTESIAN_POINT('',(-1.58761892521397E-14,5.28743715477731E-15));
#9672=CARTESIAN_POINT('',(-19.4053258253295,-18.2750841899647,-14.));
#9673=CARTESIAN_POINT('',(-19.3801386208809,-18.2447917733127,-14.));
#9674=CARTESIAN_POINT('',(-19.354404465053,-18.2152361232765,-13.9988918625242));
#9675=CARTESIAN_POINT('',(-19.3281293812717,-18.1864136488505,-13.9966593500945));
#9676=CARTESIAN_POINT('',(-19.2657572522565,-18.1179944914313,-13.9913597836133));
#9677=CARTESIAN_POINT('',(-19.2003356873023,-18.0537085580023,-13.9797215508789));
#9678=CARTESIAN_POINT('',(-19.1319590400063,-17.9934888082549,-13.9615559719048));
#9679=CARTESIAN_POINT('',(-19.1305279334424,-17.9922284235688,-13.961175770764));
#9680=CARTESIAN_POINT('',(-19.1290955330886,-17.9909698191469,-13.9607927118027));
#9681=CARTESIAN_POINT('',(-19.1276618696589,-17.9897130139086,-13.9604068036541));
#9682=CARTESIAN_POINT('',(-19.1206179339698,-17.9835380253522,-13.9585107434459));
#9683=CARTESIAN_POINT('',(-19.1135426871705,-17.9774059312396,-13.9565457033323));
#9684=CARTESIAN_POINT('',(-19.1064402389274,-17.9713193438762,-13.9545128045779));
#9685=CARTESIAN_POINT('',(-19.0658693286212,-17.9365512777753,-13.9429003928846));
#9686=CARTESIAN_POINT('',(-19.0244106682053,-17.9032710277528,-13.9290707640815));
#9687=CARTESIAN_POINT('',(-18.982834580079,-17.8719459197286,-13.9132556906944));
#9688=CARTESIAN_POINT('',(-18.9806505759407,-17.8703004025902,-13.9124249202375));
#9689=CARTESIAN_POINT('',(-18.9784662469472,-17.8686602713873,-13.9115886792334));
#9690=CARTESIAN_POINT('',(-18.9762816131243,-17.86702550108,-13.9107469854981));
#9691=CARTESIAN_POINT('',(-18.9278426664363,-17.8307784417649,-13.8920844721069));
#9692=CARTESIAN_POINT('',(-18.8792931841801,-17.7972077923674,-13.8707616576246));
#9693=CARTESIAN_POINT('',(-18.8306335279231,-17.7658952766385,-13.8468942521615));
#9694=CARTESIAN_POINT('',(-18.8280073380094,-17.7642053219757,-13.8456061144245));
#9695=CARTESIAN_POINT('',(-18.8253808260138,-17.7625219532854,-13.8443105577064));
#9696=CARTESIAN_POINT('',(-18.8227539855375,-17.7608451249335,-13.8430075628917));
#9697=CARTESIAN_POINT('',(-18.774216831205,-17.7298617145428,-13.8189316203341));
#9698=CARTESIAN_POINT('',(-18.7255742298806,-17.701111233768,-13.7923209333614));
#9699=CARTESIAN_POINT('',(-18.6767747939157,-17.6743195065077,-13.7630410640636));
#9700=CARTESIAN_POINT('',(-18.6739984756552,-17.6727952601685,-13.7613752612897));
#9701=CARTESIAN_POINT('',(-18.6712216491069,-17.6712773609339,-13.7597008123747));
#9702=CARTESIAN_POINT('',(-18.6684444489828,-17.6697658228769,-13.7580177839016));
#9703=CARTESIAN_POINT('',(-18.6590311979922,-17.6646425020945,-13.752313200604));
#9704=CARTESIAN_POINT('',(-18.6496119054408,-17.6595915300605,-13.7465090518086));
#9705=CARTESIAN_POINT('',(-18.6401940624283,-17.654614535787,-13.7406091962715));
#9706=CARTESIAN_POINT('',(-18.6006898759663,-17.6337379816184,-13.7158615982356));
#9707=CARTESIAN_POINT('',(-18.5612125651601,-17.6141657948664,-13.6894273361681));
#9708=CARTESIAN_POINT('',(-18.5223074775411,-17.5959969978951,-13.6616143058125));
#9709=CARTESIAN_POINT('',(-18.5196530774979,-17.5947573848157,-13.6597166900123));
#9710=CARTESIAN_POINT('',(-18.5170013327089,-17.5935242907983,-13.6578126685867));
#9711=CARTESIAN_POINT('',(-18.5143523575257,-17.5922976934735,-13.6559023323736));
#9712=CARTESIAN_POINT('',(-18.5102872696002,-17.5904153708279,-13.6529707516162));
#9713=CARTESIAN_POINT('',(-18.5062280039599,-17.5885481302167,-13.6500238417335));
#9714=CARTESIAN_POINT('',(-18.50217475125,-17.5866958113594,-13.6470617573935));
#9715=CARTESIAN_POINT('',(-18.4578328936612,-17.5664317753227,-13.6146570860408));
#9716=CARTESIAN_POINT('',(-18.4142104477769,-17.547950759725,-13.5804396608138));
#9717=CARTESIAN_POINT('',(-18.3715572601424,-17.531061915217,-13.5445892564522));
#9718=CARTESIAN_POINT('',(-18.3667956358637,-17.5291765149338,-13.5405870665743));
#9719=CARTESIAN_POINT('',(-18.3620460968302,-17.527310990847,-13.5365644865162));
#9720=CARTESIAN_POINT('',(-18.3573085766851,-17.5254649597496,-13.5325213421412));
#9721=CARTESIAN_POINT('',(-18.31308176461,-17.508231456159,-13.4947768300354));
#9722=CARTESIAN_POINT('',(-18.2699007029791,-17.4926942330308,-13.4552431657924));
#9723=CARTESIAN_POINT('',(-18.227722594253,-17.4785595620992,-13.4137584994443));
#9724=CARTESIAN_POINT('',(-18.2262541603724,-17.4780674625169,-13.4123142078099));
#9725=CARTESIAN_POINT('',(-18.2247869443028,-17.4775770658143,-13.4108675476105));
#9726=CARTESIAN_POINT('',(-18.223320953268,-17.4770883645589,-13.4094185127833));
#9727=CARTESIAN_POINT('',(-18.1780633489104,-17.4620013363726,-13.364684375024));
#9728=CARTESIAN_POINT('',(-18.1342424576976,-17.448613093139,-13.3179552303873));
#9729=CARTESIAN_POINT('',(-18.0920504799364,-17.4366758431896,-13.2691273441955));
#9730=CARTESIAN_POINT('',(-18.0893088507446,-17.4359001622505,-13.2659545145426));
#9731=CARTESIAN_POINT('',(-18.0865741058462,-17.4351306204686,-13.2627728084937));
#9732=CARTESIAN_POINT('',(-18.0838464354841,-17.4343671728065,-13.2595824320405));
#9733=CARTESIAN_POINT('',(-18.0430907386156,-17.4229600607433,-13.2119131764619));
#9734=CARTESIAN_POINT('',(-18.003912009102,-17.4129114309202,-13.1623112415269));
#9735=CARTESIAN_POINT('',(-17.9669582224046,-17.4040844837284,-13.1114421537995));
#9736=CARTESIAN_POINT('',(-17.9669222244419,-17.4040758850936,-13.1113926004605));
#9737=CARTESIAN_POINT('',(-17.9668862285934,-17.40406728762,-13.1113430459167));
#9738=CARTESIAN_POINT('',(-17.9668502348591,-17.4040586913073,-13.1112934901679));
#9739=CARTESIAN_POINT('',(-17.928092633711,-17.3948022897383,-13.057932482075));
#9740=CARTESIAN_POINT('',(-17.8916364925021,-17.3868623500451,-13.0029654307651));
#9741=CARTESIAN_POINT('',(-17.8577601315064,-17.3800118648352,-12.9463258624872));
#9742=CARTESIAN_POINT('',(-17.8238837705108,-17.3731613796252,-12.8896862942092));
#9743=CARTESIAN_POINT('',(-17.7925876291749,-17.3673995438733,-12.8313736127634));
#9744=CARTESIAN_POINT('',(-17.7641038550619,-17.3624717646527,-12.7713459561671));
#9745=CARTESIAN_POINT('',(-17.7635309223169,-17.362372645552,-12.770138538571));
#9746=CARTESIAN_POINT('',(-17.7629590756965,-17.3622738615747,-12.7689303334395));
#9747=CARTESIAN_POINT('',(-17.7623883168517,-17.3621754107195,-12.7677213391735));
#9748=CARTESIAN_POINT('',(-17.733922620856,-17.357265329797,-12.7074246594966));
#9749=CARTESIAN_POINT('',(-17.7081601344802,-17.3531843137389,-12.6451607381623));
#9750=CARTESIAN_POINT('',(-17.6859114323046,-17.3498583568739,-12.5820122293351));
#9751=CARTESIAN_POINT('',(-17.664249519313,-17.3466201190812,-12.5205292047091));
#9752=CARTESIAN_POINT('',(-17.6459211008419,-17.3440979225908,-12.4582114295656));
#9753=CARTESIAN_POINT('',(-17.6310246603899,-17.3421217201228,-12.3951363694466));
#9754=CARTESIAN_POINT('',(-17.630735377346,-17.3420833430443,-12.3939114764634));
#9755=CARTESIAN_POINT('',(-17.6304474208595,-17.3420451633251,-12.3926863952776));
#9756=CARTESIAN_POINT('',(-17.6301607906515,-17.3420071796887,-12.3914611254841));
#9757=CARTESIAN_POINT('',(-17.6277294511581,-17.341684983658,-12.3810677797861));
#9758=CARTESIAN_POINT('',(-17.6253935373393,-17.3413768958512,-12.3706608639391));
#9759=CARTESIAN_POINT('',(-17.6231534148338,-17.3410827306582,-12.3602396660551));
#9760=CARTESIAN_POINT('',(-17.6103221280504,-17.3393977701513,-12.3005476722688));
#9761=CARTESIAN_POINT('',(-17.6006295767982,-17.3381691395941,-12.2403878921501));
#9762=CARTESIAN_POINT('',(-17.5941738666284,-17.3373653899406,-12.1796209017438));
#9763=CARTESIAN_POINT('',(-17.587879310184,-17.3365817042687,-12.1203708361415));
#9764=CARTESIAN_POINT('',(-17.584661890553,-17.3362020131422,-12.0605435338992));
#9765=CARTESIAN_POINT('',(-17.584661890553,-17.3362020131422,-12.));
#9766=CARTESIAN_POINT('',(4.14744072874344,1.57079632679487));
#9767=CARTESIAN_POINT('',(4.04353079910707,1.88255996543065));
#9768=CARTESIAN_POINT('',(4.14051444071654,2.10152234255653));
#9769=CARTESIAN_POINT('',(4.29012182662618,2.35919578674698));
#9770=CARTESIAN_POINT('',(4.43392841404022,2.60687833564621));
#9771=CARTESIAN_POINT('',(4.59051736472236,2.82634135786412));
#9772=CARTESIAN_POINT('',(4.59051736472236,3.14159265358979));
#9773=CARTESIAN_POINT('',(1.62022760009776,3.14159265358979));
#9774=CARTESIAN_POINT('',(4.59051736472236,3.14159265358979));
#9775=CARTESIAN_POINT('',(1.61978632134799,1.57068153736973));
#9776=CARTESIAN_POINT('',(1.62022760009776,3.14159265358979));
#9777=CARTESIAN_POINT('',(4.14744072874344,1.57079632679487));
#9778=CARTESIAN_POINT('',(1.61978632134799,1.57068153736973));
#9779=CARTESIAN_POINT('',(-2.59579187996609,-32.7328177152206,-12.));
#9780=CARTESIAN_POINT('',(-2.5957918799661,-32.7328177152206,-14.0000000254135));
#9781=CARTESIAN_POINT('',(-3.42996486946548,-34.5505513385119,-14.0000000000036));
#9782=CARTESIAN_POINT('',(0.,-1.64313007644523E-14));
#9783=CARTESIAN_POINT('',(4.00164997253952,1.03400796781505E-5));
#9784=CARTESIAN_POINT('',(4.00164997253952,5.29786691660379));
#9785=CARTESIAN_POINT('',(4.00164997253952,1.03400796781505E-5));
#9786=CARTESIAN_POINT('',(0.,-1.64313007644523E-14));
#9787=CARTESIAN_POINT('',(0.,5.29786691660379));
#9788=CARTESIAN_POINT('',(-1.02418074021671E-14,-1.83741910575463E-14));
#9789=CARTESIAN_POINT('',(-1.48631107421693E-14,4.0384721412502));
#9790=CARTESIAN_POINT('',(5.70302974223877,-1.40443212615082E-14));
#9791=CARTESIAN_POINT('',(-1.02418074021671E-14,-1.83741910575463E-14));
#9792=CARTESIAN_POINT('',(-19.4053258253295,-18.2750841899647,-14.));
#9793=CARTESIAN_POINT('',(-17.9896707593876,-19.6878547779488,-14.));
#9794=CARTESIAN_POINT('',(-17.9896707593875,-19.6878547779488,-16.));
#9795=CARTESIAN_POINT('',(5.70302974223877,-1.40443212615082E-14));
#9796=CARTESIAN_POINT('',(5.70302974223877,4.03847214125022));
#9797=CARTESIAN_POINT('',(-1.48631107421693E-14,4.0384721412502));
#9798=CARTESIAN_POINT('',(5.70302974223877,4.03847214125022));
#9799=CARTESIAN_POINT('',(6.28318530717959,21.061581376748));
#9800=CARTESIAN_POINT('',(6.28318530717959,20.6299705025494));
#9801=CARTESIAN_POINT('',(-2.79244040249124,-32.628969659543,-12.));
#9802=CARTESIAN_POINT('',(-2.79244040249121,-32.628969659543,-14.));
#9803=CARTESIAN_POINT('',(-3.82326880613198,-34.3428520365594,-14.));
#9804=CARTESIAN_POINT('',(6.28318530717959,21.061581376748));
#9805=CARTESIAN_POINT('',(3.14159265358986,21.061581376748));
#9806=CARTESIAN_POINT('',(3.14159262537049,20.6299630707836));
#9807=CARTESIAN_POINT('',(3.14159265358986,21.061581376748));
#9808=CARTESIAN_POINT('',(6.28318530717959,20.6299705025494));
#9809=CARTESIAN_POINT('',(3.14159262537049,20.6299630707836));
#9810=CARTESIAN_POINT('',(7.84431316038939,9.4247779607694));
#9811=CARTESIAN_POINT('',(7.84431316038945,6.28318530717959));
#9812=CARTESIAN_POINT('',(4.67115036046113,9.42477796076943));
#9813=CARTESIAN_POINT('',(7.84431316038939,9.4247779607694));
#9814=CARTESIAN_POINT('',(-21.3194013830778,-20.9642799413921,-14.));
#9815=CARTESIAN_POINT('',(-19.5209312055862,-21.8392113790907,-14.));
#9816=CARTESIAN_POINT('',(-19.5209312055862,-21.8392113790907,-16.));
#9817=CARTESIAN_POINT('',(4.67115036046113,9.42477796076943));
#9818=CARTESIAN_POINT('',(4.67115036046115,6.28318530717959));
#9819=CARTESIAN_POINT('',(7.84431316038945,6.28318530717959));
#9820=CARTESIAN_POINT('',(4.67115036046115,6.28318530717959));
#9821=CARTESIAN_POINT('',(-4.46163091008798,-31.6250215418702,-12.));
#9822=CARTESIAN_POINT('',(-4.46163091008799,-31.6250215418702,-14.));
#9823=CARTESIAN_POINT('',(-5.18757365600528,-33.5222798611675,-14.));
#9824=CARTESIAN_POINT('',(1.13210256351524,3.14159265358979));
#9825=CARTESIAN_POINT('',(1.13210256351524,2.52151494812897));
#9826=CARTESIAN_POINT('',(1.30616280877037,2.13811848928188));
#9827=CARTESIAN_POINT('',(1.48788620632762,1.57079632679495));
#9828=CARTESIAN_POINT('',(3.0799497786812,1.57079632679494));
#9829=CARTESIAN_POINT('',(1.48788620632762,1.57079632679495));
#9830=CARTESIAN_POINT('',(3.0799497786812,3.14159265358979));
#9831=CARTESIAN_POINT('',(3.0799497786812,1.57079632679494));
#9832=CARTESIAN_POINT('',(1.13210256351524,3.14159265358979));
#9833=CARTESIAN_POINT('',(3.0799497786812,3.14159265358979));
#9834=CARTESIAN_POINT('',(4.71238898038469,2.40130273952267));
#9835=CARTESIAN_POINT('',(3.14159265358979,2.40130273952267));
#9836=CARTESIAN_POINT('',(4.71238898038469,15.3690605773301));
#9837=CARTESIAN_POINT('',(4.71238898038469,2.40130273952267));
#9838=CARTESIAN_POINT('',(-26.992350887458,-32.6253428115069,-14.));
#9839=CARTESIAN_POINT('',(-25.1938807099664,-33.5002742492055,-14.));
#9840=CARTESIAN_POINT('',(-25.1938807099664,-33.5002742492055,-16.));
#9841=CARTESIAN_POINT('',(4.71238898038469,15.3690605773301));
#9842=CARTESIAN_POINT('',(3.14159265358979,15.3690605773301));
#9843=CARTESIAN_POINT('',(3.14159265358979,2.40130273952267));
#9844=CARTESIAN_POINT('',(3.14159265358979,15.3690605773301));
#9845=CARTESIAN_POINT('',(3.1415926535898,-1.20181642415673E-14));
#9846=CARTESIAN_POINT('',(3.14159265358979,1.00000000000001));
#9847=CARTESIAN_POINT('',(4.71238898038469,-6.30051566474776E-15));
#9848=CARTESIAN_POINT('',(3.1415926535898,-1.20181642415673E-14));
#9849=CARTESIAN_POINT('',(-6.98604383349687,-32.6473484234689,-16.));
#9850=CARTESIAN_POINT('',(-6.98604383349688,-32.6473484234689,-14.));
#9851=CARTESIAN_POINT('',(-5.18757365600528,-33.5222798611675,-14.));
#9852=CARTESIAN_POINT('',(4.71238898038469,-6.30051566474776E-15));
#9853=CARTESIAN_POINT('',(4.71238898038468,0.999999999999996));
#9854=CARTESIAN_POINT('',(3.14159265358979,1.00000000000001));
#9855=CARTESIAN_POINT('',(4.71238898038468,0.999999999999996));
#9856=CARTESIAN_POINT('',(62.8318530717959,6.28318530717959));
#9857=CARTESIAN_POINT('',(36.0870768963589,6.28318530717959));
#9858=CARTESIAN_POINT('',(-26.,-37.,-16.));
#9859=CARTESIAN_POINT('',(-26.,-37.,-13.9999999999999));
#9860=CARTESIAN_POINT('',(-28.0000000000001,-37.,-14.));
#9861=CARTESIAN_POINT('',(62.8318530717959,6.28318530717959));
#9862=CARTESIAN_POINT('',(62.8318530717959,9.42477796076949));
#9863=CARTESIAN_POINT('',(36.087076896359,9.42477796076943));
#9864=CARTESIAN_POINT('',(62.8318530717959,9.42477796076949));
#9865=CARTESIAN_POINT('',(-9.00764911254203,-41.3746571884931,-14.));
#9866=CARTESIAN_POINT('',(-10.8061192900336,-40.4997257507945,-14.));
#9867=CARTESIAN_POINT('',(-10.8061192900336,-40.4997257507944,-16.));
#9868=CARTESIAN_POINT('',(36.087076896359,9.42477796076943));
#9869=CARTESIAN_POINT('',(36.0870768963589,6.28318530717959));
#9870=CARTESIAN_POINT('',(4.67115036046112,9.42477796076946));
#9871=CARTESIAN_POINT('',(4.67115036046114,6.28318530717959));
#9872=CARTESIAN_POINT('',(0.,9.42477796076949));
#9873=CARTESIAN_POINT('',(4.67115036046112,9.42477796076946));
#9874=CARTESIAN_POINT('',(0.,6.28318530717959));
#9875=CARTESIAN_POINT('',(0.,9.42477796076949));
#9876=CARTESIAN_POINT('',(4.67115036046114,6.28318530717959));
#9877=CARTESIAN_POINT('',(0.,6.28318530717959));
#9878=CARTESIAN_POINT('',(3.14159265358979,10.7100407620429));
#9879=CARTESIAN_POINT('',(4.71238898038469,10.710040762043));
#9880=CARTESIAN_POINT('',(3.14159265358979,1.97775548358752));
#9881=CARTESIAN_POINT('',(3.14159265358979,10.7100407620429));
#9882=CARTESIAN_POINT('',(4.71238898038471,1.97775548358743));
#9883=CARTESIAN_POINT('',(3.14159265358979,1.97775548358752));
#9884=CARTESIAN_POINT('',(4.71238898038469,10.710040762043));
#9885=CARTESIAN_POINT('',(4.71238898038471,1.97775548358743));
#9886=CARTESIAN_POINT('',(5.87529610611108,-1.5707963267949));
#9887=CARTESIAN_POINT('',(5.87529610611107,0.));
#9888=CARTESIAN_POINT('',(-0.166514338600935,-27.2067067597643,-26.));
#9889=CARTESIAN_POINT('',(1.83348566139906,-27.2067067597643,-26.));
#9890=CARTESIAN_POINT('',(1.83348566139906,-27.2067067597643,-24.));
#9891=CARTESIAN_POINT('',(6.28318530717959,-1.5707963267949));
#9892=CARTESIAN_POINT('',(6.28318530717959,-1.0899589056277E-16));
#9893=CARTESIAN_POINT('',(5.87529610611107,0.));
#9894=CARTESIAN_POINT('',(6.28318530717959,-1.0899589056277E-16));
#9895=CARTESIAN_POINT('',(-0.166514338600935,-27.2067067597643,-26.));
#9896=CARTESIAN_POINT('',(0.864314065039882,-25.4928243827479,-26.));
#9897=CARTESIAN_POINT('',(0.864314065039901,-25.492824382748,-24.));
#9898=CARTESIAN_POINT('',(1.01778996299253,-1.5707963267949));
#9899=CARTESIAN_POINT('',(1.01778996299253,0.));
#9900=CARTESIAN_POINT('',(0.,0.));
#9901=CARTESIAN_POINT('',(1.01778996299253,0.));
#9902=CARTESIAN_POINT('',(0.,-1.5707963267949));
#9903=CARTESIAN_POINT('',(0.,0.));
#9904=CARTESIAN_POINT('',(-2.34268098273871,-25.8978337484564,-26.));
#9905=CARTESIAN_POINT('',(-1.31185257909789,-24.18395137144,-26.));
#9906=CARTESIAN_POINT('',(-1.31185257909787,-24.18395137144,-24.));
#9907=CARTESIAN_POINT('',(4.71238898038466,4.01811825338574));
#9908=CARTESIAN_POINT('',(3.14159265358979,4.01811825338575));
#9909=CARTESIAN_POINT('',(3.14159265358979,1.47865968455886));
#9910=CARTESIAN_POINT('',(3.14159265358979,4.01811825338575));
#9911=CARTESIAN_POINT('',(4.71238898038466,1.47865968455889));
#9912=CARTESIAN_POINT('',(3.14159265358979,1.47865968455886));
#9913=CARTESIAN_POINT('',(4.71238898038466,4.01811825338574));
#9914=CARTESIAN_POINT('',(4.71238898038466,1.47865968455889));
#9915=CARTESIAN_POINT('',(1.01778996299255,-1.00276219317748E-15));
#9916=CARTESIAN_POINT('',(3.08017773559941,0.));
#9917=CARTESIAN_POINT('',(1.01778996299255,-1.5707963267949));
#9918=CARTESIAN_POINT('',(1.01778996299255,-1.00276219317748E-15));
#9919=CARTESIAN_POINT('',(-2.34268098273871,-25.8978337484564,-26.));
#9920=CARTESIAN_POINT('',(-4.33955488531493,-25.7860544247421,-26.));
#9921=CARTESIAN_POINT('',(-4.33955488531493,-25.7860544247422,-24.));
#9922=CARTESIAN_POINT('',(3.08017773559941,-1.5707963267949));
#9923=CARTESIAN_POINT('',(3.08017773559941,0.));
#9924=CARTESIAN_POINT('',(32.0300757158019,3.14159265358981));
#9925=CARTESIAN_POINT('',(32.030075715802,6.28318530717959));
#9926=CARTESIAN_POINT('',(36.087076896359,3.14159265358983));
#9927=CARTESIAN_POINT('',(32.0300757158019,3.14159265358981));
#9928=CARTESIAN_POINT('',(-3.33469960816185,-29.7135943183782,-26.));
#9929=CARTESIAN_POINT('',(-5.13316978565344,-28.8386628806796,-26.));
#9930=CARTESIAN_POINT('',(-5.13316978565344,-28.8386628806796,-24.));
#9931=CARTESIAN_POINT('',(36.087076896359,3.14159265358983));
#9932=CARTESIAN_POINT('',(36.087076896359,6.28318530717959));
#9933=CARTESIAN_POINT('',(32.030075715802,6.28318530717959));
#9934=CARTESIAN_POINT('',(36.087076896359,6.28318530717959));
#9935=CARTESIAN_POINT('',(1.57079632679487,15.3690605773302));
#9936=CARTESIAN_POINT('',(3.14159265358979,15.3690605773302));
#9937=CARTESIAN_POINT('',(1.5707963267949,2.40130273952257));
#9938=CARTESIAN_POINT('',(1.57079632679487,15.3690605773302));
#9939=CARTESIAN_POINT('',(-9.00764911254203,-41.3746571884931,-26.));
#9940=CARTESIAN_POINT('',(-10.8061192900336,-40.4997257507945,-26.));
#9941=CARTESIAN_POINT('',(-10.8061192900336,-40.4997257507944,-24.));
#9942=CARTESIAN_POINT('',(1.5707963267949,2.40130273952257));
#9943=CARTESIAN_POINT('',(3.14159265358979,2.40130273952272));
#9944=CARTESIAN_POINT('',(3.14159265358979,15.3690605773302));
#9945=CARTESIAN_POINT('',(3.14159265358979,2.40130273952272));
#9946=CARTESIAN_POINT('',(0.,6.28318530717959));
#9947=CARTESIAN_POINT('',(4.67115036046114,6.28318530717959));
#9948=CARTESIAN_POINT('',(-26.,-37.,-24.));
#9949=CARTESIAN_POINT('',(-26.,-37.,-26.));
#9950=CARTESIAN_POINT('',(-28.,-37.,-26.));
#9951=CARTESIAN_POINT('',(0.,6.28318530717959));
#9952=CARTESIAN_POINT('',(0.,3.14159265358979));
#9953=CARTESIAN_POINT('',(4.67115036046118,3.14159265358983));
#9954=CARTESIAN_POINT('',(0.,3.14159265358979));
#9955=CARTESIAN_POINT('',(-26.9923508874579,-32.6253428115069,-26.));
#9956=CARTESIAN_POINT('',(-25.1938807099664,-33.5002742492055,-25.9999999999999));
#9957=CARTESIAN_POINT('',(-25.1938807099664,-33.5002742492055,-24.));
#9958=CARTESIAN_POINT('',(4.67115036046118,3.14159265358983));
#9959=CARTESIAN_POINT('',(4.67115036046114,6.28318530717959));
#9960=CARTESIAN_POINT('',(36.0870768963591,3.14159265358973));
#9961=CARTESIAN_POINT('',(36.0870768963589,6.28318530717959));
#9962=CARTESIAN_POINT('',(62.8318530717959,3.14159265358979));
#9963=CARTESIAN_POINT('',(36.0870768963591,3.14159265358973));
#9964=CARTESIAN_POINT('',(62.8318530717959,6.28318530717959));
#9965=CARTESIAN_POINT('',(62.8318530717959,3.14159265358979));
#9966=CARTESIAN_POINT('',(36.0870768963589,6.28318530717959));
#9967=CARTESIAN_POINT('',(62.8318530717959,6.28318530717959));
#9968=CARTESIAN_POINT('',(1.57079632679486,15.3690605773301));
#9969=CARTESIAN_POINT('',(3.14159265358979,15.3690605773301));
#9970=CARTESIAN_POINT('',(1.57079632679487,2.40130273952259));
#9971=CARTESIAN_POINT('',(1.57079632679486,15.3690605773301));
#9972=CARTESIAN_POINT('',(-21.3194013830778,-20.9642799413921,-26.));
#9973=CARTESIAN_POINT('',(-19.5209312055862,-21.8392113790907,-26.));
#9974=CARTESIAN_POINT('',(-19.5209312055862,-21.8392113790907,-24.));
#9975=CARTESIAN_POINT('',(1.57079632679487,2.40130273952259));
#9976=CARTESIAN_POINT('',(3.14159265358979,2.40130273952259));
#9977=CARTESIAN_POINT('',(3.14159265358979,15.3690605773301));
#9978=CARTESIAN_POINT('',(3.14159265358979,2.40130273952259));
#9979=CARTESIAN_POINT('',(-13.9345544133492,-15.4689862103271,-26.));
#9980=CARTESIAN_POINT('',(-13.6130536298033,-17.4429763942387,-26.));
#9981=CARTESIAN_POINT('',(-13.6130536298033,-17.4429763942387,-24.));
#9982=CARTESIAN_POINT('',(13.9690606112158,3.14159265358972));
#9983=CARTESIAN_POINT('',(13.9690606112159,6.28318530717959));
#9984=CARTESIAN_POINT('',(4.67115036046115,6.28318530717959));
#9985=CARTESIAN_POINT('',(13.9690606112159,6.28318530717959));
#9986=CARTESIAN_POINT('',(4.67115036046113,3.14159265358973));
#9987=CARTESIAN_POINT('',(4.67115036046115,6.28318530717959));
#9988=CARTESIAN_POINT('',(13.9690606112158,3.14159265358972));
#9989=CARTESIAN_POINT('',(4.67115036046113,3.14159265358973));
#9990=CARTESIAN_POINT('',(4.88627924605802,-1.5707963267949));
#9991=CARTESIAN_POINT('',(4.88627924605802,0.));
#9992=CARTESIAN_POINT('',(-13.9345544133492,-15.4689862103271,-26.));
#9993=CARTESIAN_POINT('',(-11.9345544133492,-15.4689862103271,-26.));
#9994=CARTESIAN_POINT('',(-11.9345544133492,-15.4689862103271,-24.));
#9995=CARTESIAN_POINT('',(6.28318530717959,-1.5707963267949));
#9996=CARTESIAN_POINT('',(6.28318530717959,0.));
#9997=CARTESIAN_POINT('',(4.88627924605802,0.));
#9998=CARTESIAN_POINT('',(6.28318530717959,0.));
#9999=CARTESIAN_POINT('',(0.,0.));
#10000=CARTESIAN_POINT('',(0.698811224664603,0.));
#10001=CARTESIAN_POINT('',(0.,-1.5707963267949));
#10002=CARTESIAN_POINT('',(0.,0.));
#10003=CARTESIAN_POINT('',(-13.9345544133492,-15.4689862103271,-26.));
#10004=CARTESIAN_POINT('',(-12.3973344245761,-14.189550902812,-26.));
#10005=CARTESIAN_POINT('',(-12.3973344245761,-14.189550902812,-24.));
#10006=CARTESIAN_POINT('',(0.698811224664602,-1.5707963267949));
#10007=CARTESIAN_POINT('',(0.698811224664603,0.));
#10008=CARTESIAN_POINT('',(-18.087570130286,-10.4792077226721,-26.));
#10009=CARTESIAN_POINT('',(-16.550350141518,-9.19977241516724,-25.9999999999895));
#10010=CARTESIAN_POINT('',(-16.550350141518,-9.1997724151673,-24.));
#10011=CARTESIAN_POINT('',(4.71238898037885,8.49020962963731));
#10012=CARTESIAN_POINT('',(3.14159265358979,8.49020962963264));
#10013=CARTESIAN_POINT('',(3.14159265358979,1.99825854379348));
#10014=CARTESIAN_POINT('',(3.14159265358979,8.49020962963264));
#10015=CARTESIAN_POINT('',(4.7123889803847,1.99825854379349));
#10016=CARTESIAN_POINT('',(3.14159265358979,1.99825854379348));
#10017=CARTESIAN_POINT('',(4.71238898037885,8.49020962963731));
#10018=CARTESIAN_POINT('',(4.7123889803847,1.99825854379349));
#10019=CARTESIAN_POINT('',(5.41120020504929,-1.5707963267949));
#10020=CARTESIAN_POINT('',(5.41120020504929,0.));
#10021=CARTESIAN_POINT('',(-18.087570130286,-10.4792077226721,-26.));
#10022=CARTESIAN_POINT('',(-18.0875701302885,-8.47920772268198,-25.9999999999901));
#10023=CARTESIAN_POINT('',(-18.0875701302911,-8.47920772268243,-24.));
#10024=CARTESIAN_POINT('',(6.28318530717959,-1.5707963267949));
#10025=CARTESIAN_POINT('',(6.28318530717959,5.02083853887156E-15));
#10026=CARTESIAN_POINT('',(5.41120020504929,0.));
#10027=CARTESIAN_POINT('',(6.28318530717959,5.02083853887156E-15));
#10028=CARTESIAN_POINT('',(1.08992286329426,0.));
#10029=CARTESIAN_POINT('',(1.08992286329426,-1.5707963267949));
#10030=CARTESIAN_POINT('',(0.,-1.24255315241558E-15));
#10031=CARTESIAN_POINT('',(1.08992286329426,0.));
#10032=CARTESIAN_POINT('',(0.,-1.5707963267949));
#10033=CARTESIAN_POINT('',(0.,-1.24255315241558E-15));
#10034=CARTESIAN_POINT('',(6.28318530717959,20.9751106670782));
#10035=CARTESIAN_POINT('',(6.28318530717959,25.1327412287183));
#10036=CARTESIAN_POINT('',(-12.3973344245761,-14.189550902812,-2.));
#10037=CARTESIAN_POINT('',(-12.3973344245761,-14.189550902812,-3.84022298786955E-14));
#10038=CARTESIAN_POINT('',(-10.860114435803,-12.9101155952969,-2.22044604925031E-16));
#10039=CARTESIAN_POINT('',(6.28318530717959,20.9751106670782));
#10040=CARTESIAN_POINT('',(9.42477796076928,20.9751106670782));
#10041=CARTESIAN_POINT('',(9.42477796076948,25.1327412287183));
#10042=CARTESIAN_POINT('',(9.42477796076928,20.9751106670782));
#10043=CARTESIAN_POINT('',(-10.1876062768365,-16.8691217974345,0.));
#10044=CARTESIAN_POINT('',(-12.0610803450929,-16.1690540038808,8.312292642343E-14));
#10045=CARTESIAN_POINT('',(-12.0610803450929,-16.1690540038808,-2.));
#10046=CARTESIAN_POINT('',(9.42477796076948,25.1327412287183));
#10047=CARTESIAN_POINT('',(6.28318530717959,25.1327412287183));
#10048=CARTESIAN_POINT('',(6.28318530717959,0.));
#10049=CARTESIAN_POINT('',(6.28318530717959,4.15763056164007));
#10050=CARTESIAN_POINT('',(9.42477796076948,0.));
#10051=CARTESIAN_POINT('',(6.28318530717959,0.));
#10052=CARTESIAN_POINT('',(9.42477796076943,0.808430747772216));
#10053=CARTESIAN_POINT('',(9.42477796076948,0.));
#10054=CARTESIAN_POINT('',(6.28318530717959,4.15763056164007));
#10055=CARTESIAN_POINT('',(6.2849302128664,4.15491848225486));
#10056=CARTESIAN_POINT('',(6.28667469039372,4.15220612763553));
#10057=CARTESIAN_POINT('',(6.28841874636934,4.14949350174974));
#10058=CARTESIAN_POINT('',(6.73936564106614,3.44811107092546));
#10059=CARTESIAN_POINT('',(7.15131582600578,2.72496087916827));
#10060=CARTESIAN_POINT('',(7.67947143778546,2.07143993246675));
#10061=CARTESIAN_POINT('',(8.16174185953529,1.47469568596321));
#10062=CARTESIAN_POINT('',(8.66701861117177,1.041344002003));
#10063=CARTESIAN_POINT('',(9.42477796076943,0.808430747772216));
#10064=CARTESIAN_POINT('',(-16.550350141518,-9.1997724151673,-2.));
#10065=CARTESIAN_POINT('',(-16.550350141518,-9.19977241516731,-2.25913723865429E-14));
#10066=CARTESIAN_POINT('',(-15.0131301527449,-7.92033710765217,2.96059473233375E-16));
#10067=CARTESIAN_POINT('',(1.99825854379385,3.14159265358979));
#10068=CARTESIAN_POINT('',(1.99825854379384,1.57079632679491));
#10069=CARTESIAN_POINT('',(8.49020962963301,1.57079632679494));
#10070=CARTESIAN_POINT('',(1.99825854379384,1.57079632679491));
#10071=CARTESIAN_POINT('',(8.49020962963302,3.14159265358979));
#10072=CARTESIAN_POINT('',(8.49020962963301,1.57079632679494));
#10073=CARTESIAN_POINT('',(1.99825854379385,3.14159265358979));
#10074=CARTESIAN_POINT('',(8.49020962963302,3.14159265358979));
#10075=CARTESIAN_POINT('',(6.28318530717959,1.92349385400257));
#10076=CARTESIAN_POINT('',(6.28318530717959,9.77112571570079));
#10077=CARTESIAN_POINT('',(9.42477796076933,6.04564766707743));
#10078=CARTESIAN_POINT('',(8.7192744401424,5.64389019140268));
#10079=CARTESIAN_POINT('',(8.23186735272711,5.0985702453472));
#10080=CARTESIAN_POINT('',(7.77763454230762,4.45006959276536));
#10081=CARTESIAN_POINT('',(7.21548017395397,3.64749112118293));
#10082=CARTESIAN_POINT('',(6.77216280085091,2.78137254340381));
#10083=CARTESIAN_POINT('',(6.28965305088896,1.93483699325183));
#10084=CARTESIAN_POINT('',(6.28749773056067,1.93105560794301));
#10085=CARTESIAN_POINT('',(6.285341819601,1.92727455959265));
#10086=CARTESIAN_POINT('',(6.28318530717959,1.92349385400257));
#10087=CARTESIAN_POINT('',(9.4247779607693,9.77112571570076));
#10088=CARTESIAN_POINT('',(9.42477796076933,6.04564766707743));
#10089=CARTESIAN_POINT('',(6.28318530717959,9.77112571570079));
#10090=CARTESIAN_POINT('',(9.4247779607693,9.77112571570076));
#10091=CARTESIAN_POINT('',(6.28318530717959,2.85866604173581));
#10092=CARTESIAN_POINT('',(6.28497384262597,2.85558646012238));
#10093=CARTESIAN_POINT('',(6.28676164756296,2.85250645482498));
#10094=CARTESIAN_POINT('',(6.28854872864505,2.84942602901764));
#10095=CARTESIAN_POINT('',(6.83664761367748,1.9046575082445));
#10096=CARTESIAN_POINT('',(7.31026641833908,0.919853693957965));
#10097=CARTESIAN_POINT('',(7.90591170882217,0.));
#10098=CARTESIAN_POINT('',(6.28318530717959,0.));
#10099=CARTESIAN_POINT('',(6.28318530717959,2.85866604173581));
#10100=CARTESIAN_POINT('',(1.73291094490253,-26.5804611271346,-2.));
#10101=CARTESIAN_POINT('',(1.73291014588233,-26.5804613905737,-1.13930295003161));
#10102=CARTESIAN_POINT('',(2.3265192903703,-26.3847468565759,-0.547590674859318));
#10103=CARTESIAN_POINT('',(6.28318530717959,0.));
#10104=CARTESIAN_POINT('',(7.90591170882217,0.));
#10105=CARTESIAN_POINT('',(6.28318530717959,22.2740751869826));
#10106=CARTESIAN_POINT('',(6.28318530717959,25.1327412287183));
#10107=CARTESIAN_POINT('',(0.864314065039901,-25.492824382748,-2.));
#10108=CARTESIAN_POINT('',(0.864314065039901,-25.492824382748,2.46526303956302E-14));
#10109=CARTESIAN_POINT('',(1.89514246868074,-23.7789420057316,-1.25825276124184E-15));
#10110=CARTESIAN_POINT('',(6.28318530717959,22.2740751869826));
#10111=CARTESIAN_POINT('',(9.42477796076933,22.2740751869826));
#10112=CARTESIAN_POINT('',(9.42477796076937,23.6715537689072));
#10113=CARTESIAN_POINT('',(9.42477796076933,22.2740751869826));
#10114=CARTESIAN_POINT('',(7.90591170882217,25.1327412287183));
#10115=CARTESIAN_POINT('',(8.30763139955826,24.512366406046));
#10116=CARTESIAN_POINT('',(8.75858204252837,24.0265462368135));
#10117=CARTESIAN_POINT('',(9.42477796076937,23.6715537689072));
#10118=CARTESIAN_POINT('',(6.28318530717959,25.1327412287183));
#10119=CARTESIAN_POINT('',(7.90591170882217,25.1327412287183));
#10120=CARTESIAN_POINT('',(-1.31185257909787,-24.18395137144,-2.));
#10121=CARTESIAN_POINT('',(-1.31185257909786,-24.1839513714401,2.04022224536379E-14));
#10122=CARTESIAN_POINT('',(-0.281024175457034,-22.4700689944237,-1.48029736616688E-16));
#10123=CARTESIAN_POINT('',(1.47865968455887,3.14159265358979));
#10124=CARTESIAN_POINT('',(1.47865968455888,1.57079632679488));
#10125=CARTESIAN_POINT('',(4.01811825338573,1.57079632679488));
#10126=CARTESIAN_POINT('',(1.47865968455888,1.57079632679488));
#10127=CARTESIAN_POINT('',(4.01811825338575,3.14159265358979));
#10128=CARTESIAN_POINT('',(4.01811825338573,1.57079632679488));
#10129=CARTESIAN_POINT('',(1.47865968455887,3.14159265358979));
#10130=CARTESIAN_POINT('',(4.01811825338575,3.14159265358979));
#10131=CARTESIAN_POINT('',(6.28318530717959,0.245659671961531));
#10132=CARTESIAN_POINT('',(6.28318530717959,8.49521076238899));
#10133=CARTESIAN_POINT('',(9.42477796076936,3.64949538040009));
#10134=CARTESIAN_POINT('',(8.67390092742084,3.43770474721192));
#10135=CARTESIAN_POINT('',(8.16128692966671,3.03591024861559));
#10136=CARTESIAN_POINT('',(7.67947109427134,2.44645553595491));
#10137=CARTESIAN_POINT('',(7.18794912156473,1.84512631033815));
#10138=CARTESIAN_POINT('',(6.66918098332784,0.921065182879763));
#10139=CARTESIAN_POINT('',(6.28841874636853,0.25481626918933));
#10140=CARTESIAN_POINT('',(6.28667437477214,0.251764008307456));
#10141=CARTESIAN_POINT('',(6.28492989728727,0.248711807953714));
#10142=CARTESIAN_POINT('',(6.28318530717959,0.245659671961531));
#10143=CARTESIAN_POINT('',(9.42477796076934,8.49521076238903));
#10144=CARTESIAN_POINT('',(9.42477796076936,3.64949538040009));
#10145=CARTESIAN_POINT('',(6.28318530717959,8.49521076238899));
#10146=CARTESIAN_POINT('',(9.42477796076934,8.49521076238903));
#10147=CARTESIAN_POINT('',(5.98121181092965,-0.736633783156568,9.49999999999999));
#10148=CARTESIAN_POINT('',(7.05514299471118,-0.736633783156568,9.49999999999999));
#10149=CARTESIAN_POINT('',(7.8700440414097,-1.43610820841317,9.5));
#10150=CARTESIAN_POINT('',(11.1930625836363,10.7209098574588));
#10151=CARTESIAN_POINT('',(12.2669937674179,10.7209098574588));
#10152=CARTESIAN_POINT('',(13.0818948141164,10.0214354322022));
#10153=CARTESIAN_POINT('',(7.8700440414097,-1.43610820841317,9.5));
#10154=CARTESIAN_POINT('',(8.51068515552681,2.07468140569983,9.5));
#10155=CARTESIAN_POINT('',(6.32624949322653,4.89679153624606,9.5));
#10156=CARTESIAN_POINT('',(13.0818948141164,10.0214354322022));
#10157=CARTESIAN_POINT('',(13.7225359282335,13.5322250463152));
#10158=CARTESIAN_POINT('',(11.5381002659332,16.3543351768614));
#10159=CARTESIAN_POINT('',(6.32624949322653,4.89679153624606,9.5));
#10160=CARTESIAN_POINT('',(5.59422987530634,3.08121181092964,9.5));
#10161=CARTESIAN_POINT('',(3.63663378315657,3.08121181092965,9.5));
#10162=CARTESIAN_POINT('',(0.736633783156557,3.08121181092964,9.50000000000001));
#10163=CARTESIAN_POINT('',(0.736633783156565,5.98121181092965,9.5));
#10164=CARTESIAN_POINT('',(11.5381002659332,16.3543351768614));
#10165=CARTESIAN_POINT('',(10.806080648013,14.538755451545));
#10166=CARTESIAN_POINT('',(8.84848455586327,14.538755451545));
#10167=CARTESIAN_POINT('',(6.98955201653818,14.538755451545));
#10168=CARTESIAN_POINT('',(6.21337417217984,16.2278907746286));
#10169=CARTESIAN_POINT('',(5.94848455586326,16.8043493928314));
#10170=CARTESIAN_POINT('',(5.94848455586326,17.438755451545));
#10171=CARTESIAN_POINT('',(0.736633783156565,5.98121181092965,9.5));
#10172=CARTESIAN_POINT('',(0.736633783156567,7.05514299471125,9.5));
#10173=CARTESIAN_POINT('',(1.43610820841325,7.87004404140979,9.5));
#10174=CARTESIAN_POINT('',(5.94848455586326,17.438755451545));
#10175=CARTESIAN_POINT('',(5.94848455586327,18.5126866353266));
#10176=CARTESIAN_POINT('',(6.64795898111995,19.3275876820251));
#10177=CARTESIAN_POINT('',(1.43610820841325,7.87004404140979,9.5));
#10178=CARTESIAN_POINT('',(0.723934075880821,8.,9.50000000000001));
#10179=CARTESIAN_POINT('',(0.,8.,9.5));
#10180=CARTESIAN_POINT('',(6.64795898111995,19.3275876820251));
#10181=CARTESIAN_POINT('',(5.93578484858752,19.4575436406154));
#10182=CARTESIAN_POINT('',(5.2118507727067,19.4575436406153));
#10183=CARTESIAN_POINT('',(0.,8.,9.5));
#10184=CARTESIAN_POINT('',(-0.577315622891689,8.00000000129592,9.5));
#10185=CARTESIAN_POINT('',(-1.15446214352627,7.99549390479103,9.50000000452279));
#10186=CARTESIAN_POINT('',(-1.73080284454888,7.97802524001849,9.49999999547733));
#10187=CARTESIAN_POINT('',(-1.78639123151181,7.97634037740966,9.49999999460489));
#10188=CARTESIAN_POINT('',(-1.84197215064553,7.97453496017418,9.49999999352418));
#10189=CARTESIAN_POINT('',(-1.89754505317606,7.97260142598903,9.49999999214162));
#10190=CARTESIAN_POINT('',(-1.89755484620451,7.97260108526262,9.49999999214137));
#10191=CARTESIAN_POINT('',(-1.89756463923279,7.97260074453213,9.49999999214113));
#10192=CARTESIAN_POINT('',(-1.89757443226089,7.97260040379755,9.49999999214088));
#10193=CARTESIAN_POINT('',(-2.21348313801871,7.96160880659915,9.49999998428156));
#10194=CARTESIAN_POINT('',(-2.52921190374652,7.94636360615289,9.49999997937863));
#10195=CARTESIAN_POINT('',(-2.84455364413736,7.9244669304327,9.49999998233111));
#10196=CARTESIAN_POINT('',(-3.15982135163604,7.90257539540282,9.49999998528289));
#10197=CARTESIAN_POINT('',(-3.47470212571456,7.87403555583722,9.4999999941161));
#10198=CARTESIAN_POINT('',(-3.78930231522709,7.83529346526254,9.49999999803854));
#10199=CARTESIAN_POINT('',(-3.78932181006572,7.83529106453035,9.49999999803878));
#10200=CARTESIAN_POINT('',(-3.78934130490287,7.83528866375945,9.49999999803902));
#10201=CARTESIAN_POINT('',(-3.78936079973854,7.83528626294985,9.49999999803927));
#10202=CARTESIAN_POINT('',(-4.10398326220746,7.79654017451759,9.50000000196077));
#10203=CARTESIAN_POINT('',(-4.41822201283488,7.74771632062253,9.50000000007349));
#10204=CARTESIAN_POINT('',(-4.72781538158062,7.68470151014584,9.4999999999265));
#10205=CARTESIAN_POINT('',(-4.72783936396278,7.68469662875812,9.49999999992649));
#10206=CARTESIAN_POINT('',(-4.72786334631705,7.68469174728487,9.49999999992648));
#10207=CARTESIAN_POINT('',(-4.7278873286434,7.68468686572608,9.49999999992647));
#10208=CARTESIAN_POINT('',(-5.03747517787724,7.62167082367199,9.4999999997795));
#10209=CARTESIAN_POINT('',(-5.34241102769734,7.54439990953256,9.4999999999868));
#10210=CARTESIAN_POINT('',(-5.64157131435697,7.44799350956287,9.4999999999956));
#10211=CARTESIAN_POINT('',(-5.64159913921478,7.44798454281664,9.4999999999956));
#10212=CARTESIAN_POINT('',(-5.64162696402258,7.44797557590475,9.4999999999956));
#10213=CARTESIAN_POINT('',(-5.64165478878036,7.44796660882718,9.4999999999956));
#10214=CARTESIAN_POINT('',(-5.94080934962786,7.35155814510045,9.5000000000044));
#10215=CARTESIAN_POINT('',(-6.23418257883847,7.23599991712916,9.50000000000005));
#10216=CARTESIAN_POINT('',(-6.52040955260596,7.09753100097145,9.49999999999996));
#10217=CARTESIAN_POINT('',(-6.52044061346323,7.09751597456362,9.49999999999995));
#10218=CARTESIAN_POINT('',(-6.52047167423632,7.09750094788595,9.49999999999995));
#10219=CARTESIAN_POINT('',(-6.52050273492522,7.09748592093844,9.49999999999995));
#10220=CARTESIAN_POINT('',(-6.66359769642463,7.02825756343321,9.49999999999991));
#10221=CARTESIAN_POINT('',(-6.80490580050823,6.95330212909809,9.49999999999999));
#10222=CARTESIAN_POINT('',(-6.94238676593314,6.8738755199977,9.5));
#10223=CARTESIAN_POINT('',(-6.94241869412846,6.87385707418391,9.5));
#10224=CARTESIAN_POINT('',(-6.94245062211738,6.87383862812894,9.5));
#10225=CARTESIAN_POINT('',(-6.94248254989988,6.87382018183282,9.5));
#10226=CARTESIAN_POINT('',(-7.07995965174293,6.79439270106448,9.5));
#10227=CARTESIAN_POINT('',(-7.21360971072235,6.71049400189357,9.5));
#10228=CARTESIAN_POINT('',(-7.34404142464014,6.62242014678617,9.5));
#10229=CARTESIAN_POINT('',(-7.3440737984476,6.62239828641232,9.5));
#10230=CARTESIAN_POINT('',(-7.3441061720568,6.62237642578125,9.5));
#10231=CARTESIAN_POINT('',(-7.34413854546772,6.62235456489297,9.5));
#10232=CARTESIAN_POINT('',(-7.60502698701285,6.44618366074019,9.5));
#10233=CARTESIAN_POINT('',(-7.85303949454603,6.25330861468132,9.5));
#10234=CARTESIAN_POINT('',(-8.09132625657105,6.04681939382117,9.5));
#10235=CARTESIAN_POINT('',(-8.09135945720879,6.04679062355395,9.5));
#10236=CARTESIAN_POINT('',(-8.09139265765772,6.04676185302244,9.5));
#10237=CARTESIAN_POINT('',(-8.09142585791783,6.04673308222666,9.5));
#10238=CARTESIAN_POINT('',(-8.32970627788553,5.84024321502534,9.5));
#10239=CARTESIAN_POINT('',(-8.55826126977783,5.62014032475757,9.5));
#10240=CARTESIAN_POINT('',(-8.77744294239678,5.39191049761886,9.5));
#10241=CARTESIAN_POINT('',(-8.7774770286846,5.39187500419697,9.5));
#10242=CARTESIAN_POINT('',(-8.77751111474572,5.39183951057853,9.5));
#10243=CARTESIAN_POINT('',(-8.77754520058016,5.39180401676354,9.5));
#10244=CARTESIAN_POINT('',(-8.99672041080646,5.16357535551156,9.5));
#10245=CARTESIAN_POINT('',(-9.20652283951531,4.92722057674853,9.5));
#10246=CARTESIAN_POINT('',(-9.40843716832084,4.68631919029186,9.5));
#10247=CARTESIAN_POINT('',(-9.40847156793077,4.68627814856009,9.5));
#10248=CARTESIAN_POINT('',(-9.40850596731175,4.68623710669634,9.5));
#10249=CARTESIAN_POINT('',(-9.40854036646379,4.68619606470063,9.5));
#10250=CARTESIAN_POINT('',(-9.61044900953672,4.44529670613554,9.5));
#10251=CARTESIAN_POINT('',(-9.80447033098512,4.19985113633505,9.5));
#10252=CARTESIAN_POINT('',(-9.9930344408484,3.95078407725923,9.5));
#10253=CARTESIAN_POINT('',(-9.99306952856972,3.95073773124161,9.5));
#10254=CARTESIAN_POINT('',(-9.99310461610208,3.9506913850986,9.5));
#10255=CARTESIAN_POINT('',(-9.99313970344549,3.9506450388302,9.5));
#10256=CARTESIAN_POINT('',(-10.3702930246319,3.45246970404066,9.49999999999999));
#10257=CARTESIAN_POINT('',(-10.7256155295579,2.93980721846611,9.49999999999987));
#10258=CARTESIAN_POINT('',(-11.0680438467303,2.4189283396857,9.49999999999996));
#10259=CARTESIAN_POINT('',(-11.0680809987327,2.41887182656358,9.49999999999996));
#10260=CARTESIAN_POINT('',(-11.0681181505832,2.41881531334474,9.49999999999996));
#10261=CARTESIAN_POINT('',(-11.068155302282,2.41875880002921,9.49999999999996));
#10262=CARTESIAN_POINT('',(-11.4105755267366,1.89788619328939,9.50000000000004));
#10263=CARTESIAN_POINT('',(-11.7401040167616,1.36879866752341,9.50000000000079));
#10264=CARTESIAN_POINT('',(-12.0614525210689,0.834408799570199,9.4999999999992));
#10265=CARTESIAN_POINT('',(-12.0614923716808,0.834342529576812,9.4999999999992));
#10266=CARTESIAN_POINT('',(-12.061532222167,0.834276259501931,9.4999999999992));
#10267=CARTESIAN_POINT('',(-12.0615720725275,0.834209989345562,9.4999999999992));
#10268=CARTESIAN_POINT('',(-12.3829135641602,0.299827097241328,9.49999999999761));
#10269=CARTESIAN_POINT('',(-12.6960809764352,-0.239854450280404,9.49999999996965));
#10270=CARTESIAN_POINT('',(-13.0038469188025,-0.783034789568117,9.49999999998988));
#10271=CARTESIAN_POINT('',(-13.0038898543323,-0.783110567074489,9.49999999998989));
#10272=CARTESIAN_POINT('',(-13.0039327897574,-0.783186344648759,9.49999999998989));
#10273=CARTESIAN_POINT('',(-13.0039757250777,-0.783262122290917,9.49999999998989));
#10274=CARTESIAN_POINT('',(-13.3117353970544,-1.32643501853286,9.50000000001011));
#10275=CARTESIAN_POINT('',(-13.6141125628906,-1.87309644474459,9.50000000024062));
#10276=CARTESIAN_POINT('',(-13.9128233969635,-2.42204769528826,9.49999999975932));
#10277=CARTESIAN_POINT('',(-13.9128697042978,-2.42213279588116,9.49999999975924));
#10278=CARTESIAN_POINT('',(-13.9129160115448,-2.42221789653234,9.49999999975917));
#10279=CARTESIAN_POINT('',(-13.9129623187043,-2.42230299724178,9.49999999975909));
#10280=CARTESIAN_POINT('',(-14.2117350808523,-2.97137087955861,9.4999999992775));
#10281=CARTESIAN_POINT('',(-14.5068698440589,-3.5228642064043,9.49999999820421));
#10282=CARTESIAN_POINT('',(-14.7993257645333,-4.07574025629707,9.49999999785379));
#10283=CARTESIAN_POINT('',(-15.0916944954082,-4.62845147779011,9.49999999750347));
#10284=CARTESIAN_POINT('',(-15.3813859439387,-5.1825445841484,9.49999999810547));
#10285=CARTESIAN_POINT('',(-15.6692774517046,-5.73762698109585,9.49999999905263));
#10286=CARTESIAN_POINT('',(-15.6693237239375,-5.73771619839207,9.49999999905278));
#10287=CARTESIAN_POINT('',(-15.6693699961231,-5.73780541571028,9.49999999905294));
#10288=CARTESIAN_POINT('',(-15.6694162682615,-5.7378946330505,9.49999999905309));
#10289=CARTESIAN_POINT('',(-16.2452823244461,-6.84822235132988,9.50000000094692));
#10290=CARTESIAN_POINT('',(-16.8138357694156,-7.96195689495928,9.50000000005774));
#10291=CARTESIAN_POINT('',(-17.3791659785178,-9.07742973557894,9.49999999994225));
#10292=CARTESIAN_POINT('',(-17.3791935673106,-9.07748417199246,9.49999999994224));
#10293=CARTESIAN_POINT('',(-17.3792211560956,-9.0775386084102,9.49999999994223));
#10294=CARTESIAN_POINT('',(-17.3792487448727,-9.07759304483215,9.49999999994223));
#10295=CARTESIAN_POINT('',(-17.9445964707792,-10.1931012522811,9.49999999982674));
#10296=CARTESIAN_POINT('',(-18.5066656516555,-11.3103766344957,9.5));
#10297=CARTESIAN_POINT('',(-19.0674739823386,-12.4282489887074,9.5));
#10298=CARTESIAN_POINT('',(5.2118507727067,19.4575436406153));
#10299=CARTESIAN_POINT('',(4.63453514981501,19.4575436419113));
#10300=CARTESIAN_POINT('',(4.05738862918043,19.4530375454064));
#10301=CARTESIAN_POINT('',(3.48104792815782,19.4355688806338));
#10302=CARTESIAN_POINT('',(3.42545954119489,19.433884018025));
#10303=CARTESIAN_POINT('',(3.36987862206117,19.4320786007895));
#10304=CARTESIAN_POINT('',(3.31430571953064,19.4301450666044));
#10305=CARTESIAN_POINT('',(3.31429592650219,19.430144725878));
#10306=CARTESIAN_POINT('',(3.31428613347391,19.4301443851475));
#10307=CARTESIAN_POINT('',(3.31427634044581,19.4301440444129));
#10308=CARTESIAN_POINT('',(2.99836763468799,19.4191524472145));
#10309=CARTESIAN_POINT('',(2.68263886896018,19.4039072467682));
#10310=CARTESIAN_POINT('',(2.36729712856934,19.382010571048));
#10311=CARTESIAN_POINT('',(2.05202942107066,19.3601190360182));
#10312=CARTESIAN_POINT('',(1.73714864699214,19.3315791964526));
#10313=CARTESIAN_POINT('',(1.42254845747961,19.2928371058779));
#10314=CARTESIAN_POINT('',(1.42252896264098,19.2928347051457));
#10315=CARTESIAN_POINT('',(1.42250946780383,19.2928323043748));
#10316=CARTESIAN_POINT('',(1.42248997296816,19.2928299035652));
#10317=CARTESIAN_POINT('',(1.10786751049924,19.2540838151329));
#10318=CARTESIAN_POINT('',(0.793628759871819,19.2052599612379));
#10319=CARTESIAN_POINT('',(0.484035391126079,19.1422451507612));
#10320=CARTESIAN_POINT('',(0.484011408743918,19.1422402693735));
#10321=CARTESIAN_POINT('',(0.483987426389649,19.1422353879002));
#10322=CARTESIAN_POINT('',(0.483963444063299,19.1422305063414));
#10323=CARTESIAN_POINT('',(0.174375594829459,19.0792144642873));
#10324=CARTESIAN_POINT('',(-0.130560254990641,19.0019435501479));
#10325=CARTESIAN_POINT('',(-0.429720541650271,18.9055371501782));
#10326=CARTESIAN_POINT('',(-0.429748366508082,18.905528183432));
#10327=CARTESIAN_POINT('',(-0.429776191315881,18.9055192165201));
#10328=CARTESIAN_POINT('',(-0.429804016073661,18.9055102494425));
#10329=CARTESIAN_POINT('',(-0.728958576921161,18.8091017857158));
#10330=CARTESIAN_POINT('',(-1.02233180613177,18.6935435577445));
#10331=CARTESIAN_POINT('',(-1.30855877989926,18.5550746415868));
#10332=CARTESIAN_POINT('',(-1.30858984075653,18.555059615179));
#10333=CARTESIAN_POINT('',(-1.30862090152962,18.5550445885013));
#10334=CARTESIAN_POINT('',(-1.30865196221852,18.5550295615538));
#10335=CARTESIAN_POINT('',(-1.45174692371793,18.4858012040486));
#10336=CARTESIAN_POINT('',(-1.59305502780153,18.4108457697134));
#10337=CARTESIAN_POINT('',(-1.73053599322644,18.3314191606131));
#10338=CARTESIAN_POINT('',(-1.73056792142176,18.3314007147993));
#10339=CARTESIAN_POINT('',(-1.73059984941068,18.3313822687443));
#10340=CARTESIAN_POINT('',(-1.73063177719318,18.3313638224482));
#10341=CARTESIAN_POINT('',(-1.86810887903623,18.2519363416798));
#10342=CARTESIAN_POINT('',(-2.00175893801565,18.1680376425089));
#10343=CARTESIAN_POINT('',(-2.13219065193344,18.0799637874015));
#10344=CARTESIAN_POINT('',(-2.1322230257409,18.0799419270277));
#10345=CARTESIAN_POINT('',(-2.1322553993501,18.0799200663966));
#10346=CARTESIAN_POINT('',(-2.13228777276102,18.0798982055083));
#10347=CARTESIAN_POINT('',(-2.39317621430615,17.9037273013555));
#10348=CARTESIAN_POINT('',(-2.64118872183933,17.7108522552967));
#10349=CARTESIAN_POINT('',(-2.87947548386435,17.5043630344365));
#10350=CARTESIAN_POINT('',(-2.87950868450209,17.5043342641693));
#10351=CARTESIAN_POINT('',(-2.87954188495102,17.5043054936378));
#10352=CARTESIAN_POINT('',(-2.87957508521113,17.504276722842));
#10353=CARTESIAN_POINT('',(-3.11785550517883,17.2977868556407));
#10354=CARTESIAN_POINT('',(-3.34641049707113,17.0776839653729));
#10355=CARTESIAN_POINT('',(-3.56559216969008,16.8494541382342));
#10356=CARTESIAN_POINT('',(-3.5656262559779,16.8494186448123));
#10357=CARTESIAN_POINT('',(-3.56566034203902,16.8493831511939));
#10358=CARTESIAN_POINT('',(-3.56569442787346,16.8493476573789));
#10359=CARTESIAN_POINT('',(-3.78486963809976,16.6211189961269));
#10360=CARTESIAN_POINT('',(-3.99467206680861,16.3847642173639));
#10361=CARTESIAN_POINT('',(-4.19658639561414,16.1438628309072));
#10362=CARTESIAN_POINT('',(-4.19662079522407,16.1438217891754));
#10363=CARTESIAN_POINT('',(-4.19665519460505,16.1437807473117));
#10364=CARTESIAN_POINT('',(-4.19668959375709,16.143739705316));
#10365=CARTESIAN_POINT('',(-4.39859823683002,15.9028403467509));
#10366=CARTESIAN_POINT('',(-4.59261955827842,15.6573947769504));
#10367=CARTESIAN_POINT('',(-4.7811836681417,15.4083277178746));
#10368=CARTESIAN_POINT('',(-4.78121875586302,15.408281371857));
#10369=CARTESIAN_POINT('',(-4.78125384339538,15.4082350257139));
#10370=CARTESIAN_POINT('',(-4.78128893073879,15.4081886794456));
#10371=CARTESIAN_POINT('',(-5.1584422519252,14.910013344656));
#10372=CARTESIAN_POINT('',(-5.5137647568512,14.3973508590815));
#10373=CARTESIAN_POINT('',(-5.8561930740236,13.8764719803011));
#10374=CARTESIAN_POINT('',(-5.856230226026,13.8764154671789));
#10375=CARTESIAN_POINT('',(-5.8562673778765,13.8763589539601));
#10376=CARTESIAN_POINT('',(-5.8563045295753,13.8763024406446));
#10377=CARTESIAN_POINT('',(-6.1987247540299,13.3554298339047));
#10378=CARTESIAN_POINT('',(-6.5282532440549,12.8263423081388));
#10379=CARTESIAN_POINT('',(-6.8496017483622,12.2919524401856));
#10380=CARTESIAN_POINT('',(-6.8496415989741,12.2918861701922));
#10381=CARTESIAN_POINT('',(-6.8496814494603,12.2918199001173));
#10382=CARTESIAN_POINT('',(-6.8497212998208,12.2917536299609));
#10383=CARTESIAN_POINT('',(-7.1710627914535,11.7573707378567));
#10384=CARTESIAN_POINT('',(-7.4842302037285,11.2176891903349));
#10385=CARTESIAN_POINT('',(-7.7919961460958,10.6745088510472));
#10386=CARTESIAN_POINT('',(-7.7920390816256,10.6744330735409));
#10387=CARTESIAN_POINT('',(-7.7920820170507,10.6743572959666));
#10388=CARTESIAN_POINT('',(-7.792124952371,10.6742815183244));
#10389=CARTESIAN_POINT('',(-8.0998846243477,10.1311086220825));
#10390=CARTESIAN_POINT('',(-8.4022617901839,9.58444719587076));
#10391=CARTESIAN_POINT('',(-8.7009726242568,9.03549594532709));
#10392=CARTESIAN_POINT('',(-8.7010189315911,9.03541084473419));
#10393=CARTESIAN_POINT('',(-8.7010652388381,9.03532574408301));
#10394=CARTESIAN_POINT('',(-8.7011115459976,9.03524064337357));
#10395=CARTESIAN_POINT('',(-8.9998843081456,8.48617276105674));
#10396=CARTESIAN_POINT('',(-9.2950190713522,7.93467943421105));
#10397=CARTESIAN_POINT('',(-9.5874749918266,7.38180338431828));
#10398=CARTESIAN_POINT('',(-9.8798437227015,6.82909216282524));
#10399=CARTESIAN_POINT('',(-10.169535171232,6.27499905646695));
#10400=CARTESIAN_POINT('',(-10.4574266789979,5.7199166595195));
#10401=CARTESIAN_POINT('',(-10.4574729512308,5.71982744222328));
#10402=CARTESIAN_POINT('',(-10.4575192234164,5.71973822490507));
#10403=CARTESIAN_POINT('',(-10.4575654955548,5.71964900756485));
#10404=CARTESIAN_POINT('',(-11.0334315517394,4.60932128928547));
#10405=CARTESIAN_POINT('',(-11.6019849967089,3.49558674565607));
#10406=CARTESIAN_POINT('',(-12.1673152058111,2.38011390503641));
#10407=CARTESIAN_POINT('',(-12.1673427946039,2.38005946862289));
#10408=CARTESIAN_POINT('',(-12.1673703833889,2.38000503220515));
#10409=CARTESIAN_POINT('',(-12.167397972166,2.3799505957832));
#10410=CARTESIAN_POINT('',(-12.7327456980725,1.26444238833425));
#10411=CARTESIAN_POINT('',(-13.2948148789488,0.14716700611965));
#10412=CARTESIAN_POINT('',(-13.8556232096319,-0.97070534809205));
#10413=CARTESIAN_POINT('',(-19.0674739823386,-12.4282489887074,9.5));
#10414=CARTESIAN_POINT('',(-16.0474419017799,-16.0567667056271,9.5));
#10415=CARTESIAN_POINT('',(-13.8556232096319,-0.97070534809205));
#10416=CARTESIAN_POINT('',(-10.8355911290732,-4.59922306501175));
#10417=CARTESIAN_POINT('',(-16.0474419017799,-16.0567667056271,9.5));
#10418=CARTESIAN_POINT('',(-9.68087135790311,-13.5049783570476,9.5));
#10419=CARTESIAN_POINT('',(-5.00751333100261,-18.5253935807627,9.5));
#10420=CARTESIAN_POINT('',(-10.8355911290732,-4.59922306501175));
#10421=CARTESIAN_POINT('',(-4.46902058519641,-2.04743471643224));
#10422=CARTESIAN_POINT('',(0.20433744170409,-7.06784994014735));
#10423=CARTESIAN_POINT('',(-5.00751333100261,-18.5253935807627,9.5));
#10424=CARTESIAN_POINT('',(-0.334155304102218,-23.5458088044778,9.5));
#10425=CARTESIAN_POINT('',(-3.33469960816185,-29.7135943183782,9.5));
#10426=CARTESIAN_POINT('',(0.20433744170409,-7.06784994014735));
#10427=CARTESIAN_POINT('',(4.87769546860448,-12.0882651638624));
#10428=CARTESIAN_POINT('',(1.87715116454485,-18.2560506777629));
#10429=CARTESIAN_POINT('',(-3.33469960816185,-29.7135943183782,9.5));
#10430=CARTESIAN_POINT('',(-3.43080250644724,-29.9111391648538,9.5));
#10431=CARTESIAN_POINT('',(1.87715116454485,-18.2560506777629));
#10432=CARTESIAN_POINT('',(1.78104826625946,-18.4535955242385));
#10433=CARTESIAN_POINT('',(-3.43080250644724,-29.9111391648538,9.5));
#10434=CARTESIAN_POINT('',(-1.7616119988505,-30.9150872825266,9.5));
#10435=CARTESIAN_POINT('',(1.78104826625946,-18.4535955242385));
#10436=CARTESIAN_POINT('',(3.4502387738562,-19.4575436419113));
#10437=CARTESIAN_POINT('',(-1.7616119988505,-30.9150872825266,9.5));
#10438=CARTESIAN_POINT('',(-1.10343357310119,-29.4381228810425,9.5));
#10439=CARTESIAN_POINT('',(-0.466883222737014,-27.9511754829357,9.49999998852083));
#10440=CARTESIAN_POINT('',(0.142371660609799,-26.4539956213426,9.49999998446955));
#10441=CARTESIAN_POINT('',(0.356429543808388,-25.927970864381,9.49999998304616));
#10442=CARTESIAN_POINT('',(0.567117908756531,-25.4006834273727,9.49999998511876));
#10443=CARTESIAN_POINT('',(0.774190606336708,-24.8721240719264,9.49999999020972));
#10444=CARTESIAN_POINT('',(0.905406681960176,-24.5371910500156,9.49999999343572));
#10445=CARTESIAN_POINT('',(1.03521732547762,-24.2017478391475,9.49999999364321));
#10446=CARTESIAN_POINT('',(1.16355600927401,-23.8657873111215,9.49999999255722));
#10447=CARTESIAN_POINT('',(1.62367690996366,-22.6612988733507,9.49999998866371));
#10448=CARTESIAN_POINT('',(2.06487999663736,-21.4501574885702,9.49999994060231));
#10449=CARTESIAN_POINT('',(2.48837767024299,-20.2325181067711,9.49999991929923));
#10450=CARTESIAN_POINT('',(2.66373479744219,-19.7283317622772,9.4999999104783));
#10451=CARTESIAN_POINT('',(2.83605591954153,-19.2230318654202,9.49999991239781));
#10452=CARTESIAN_POINT('',(3.00542575155347,-18.7166316015745,9.4999999304139));
#10453=CARTESIAN_POINT('',(3.23369329405197,-18.0341325852177,9.49999995469501));
#10454=CARTESIAN_POINT('',(3.45667749495501,-17.3497862736845,9.49999997127199));
#10455=CARTESIAN_POINT('',(3.67467622771146,-16.6636413485984,9.49999998131013));
#10456=CARTESIAN_POINT('',(4.05987365448917,-15.4512432020686,9.49999999904724));
#10457=CARTESIAN_POINT('',(4.4295062823415,-14.2332298467873,9.49999999929564));
#10458=CARTESIAN_POINT('',(4.7869758545045,-13.0120225491095,9.49999999784549));
#10459=CARTESIAN_POINT('',(4.84093955250702,-12.8276687832446,9.49999999762658));
#10460=CARTESIAN_POINT('',(4.89462604288405,-12.6432422176689,9.49999999727723));
#10461=CARTESIAN_POINT('',(4.94804756083499,-12.4587447618339,9.49999999669625));
#10462=CARTESIAN_POINT('',(5.24849243521997,-11.4211232739228,9.49999999342881));
#10463=CARTESIAN_POINT('',(5.54037117459409,-10.3812759703938,9.49999999524071));
#10464=CARTESIAN_POINT('',(5.82586060002119,-9.33965783918658,9.49999999739879));
#10465=CARTESIAN_POINT('',(6.08758946137025,-8.38473095517478,9.49999999937726));
#10466=CARTESIAN_POINT('',(6.34394834023382,-7.42831561277668,9.49999999989919));
#10467=CARTESIAN_POINT('',(6.59619703455052,-6.47067562736564,9.49999999998582));
#10468=CARTESIAN_POINT('',(3.4502387738562,-19.4575436419113));
#10469=CARTESIAN_POINT('',(4.10841719960551,-17.9805792404271));
#10470=CARTESIAN_POINT('',(4.74496754996968,-16.4936318423203));
#10471=CARTESIAN_POINT('',(5.3542224333165,-14.9964519807272));
#10472=CARTESIAN_POINT('',(5.56828031651509,-14.4704272237656));
#10473=CARTESIAN_POINT('',(5.77896868146323,-13.9431397867574));
#10474=CARTESIAN_POINT('',(5.98604137904341,-13.414580431311));
#10475=CARTESIAN_POINT('',(6.11725745466688,-13.0796474094003));
#10476=CARTESIAN_POINT('',(6.24706809818432,-12.7442041985322));
#10477=CARTESIAN_POINT('',(6.37540678198071,-12.4082436705062));
#10478=CARTESIAN_POINT('',(6.83552768267036,-11.2037552327353));
#10479=CARTESIAN_POINT('',(7.27673076934406,-9.99261384795485));
#10480=CARTESIAN_POINT('',(7.70022844294969,-8.77497446615575));
#10481=CARTESIAN_POINT('',(7.87558557014889,-8.27078812166185));
#10482=CARTESIAN_POINT('',(8.04790669224823,-7.76548822480485));
#10483=CARTESIAN_POINT('',(8.21727652426017,-7.25908796095915));
#10484=CARTESIAN_POINT('',(8.44554406675867,-6.57658894460235));
#10485=CARTESIAN_POINT('',(8.66852826766171,-5.89224263306915));
#10486=CARTESIAN_POINT('',(8.88652700041816,-5.20609770798305));
#10487=CARTESIAN_POINT('',(9.27172442719587,-3.99369956145325));
#10488=CARTESIAN_POINT('',(9.6413570550482,-2.77568620617195));
#10489=CARTESIAN_POINT('',(9.9988266272112,-1.55447890849415));
#10490=CARTESIAN_POINT('',(10.0527903252137,-1.37012514262925));
#10491=CARTESIAN_POINT('',(10.1064768155907,-1.18569857705355));
#10492=CARTESIAN_POINT('',(10.1598983335417,-1.00120112121855));
#10493=CARTESIAN_POINT('',(10.4603432079267,0.0364203666925498));
#10494=CARTESIAN_POINT('',(10.7522219473008,1.07626767022155));
#10495=CARTESIAN_POINT('',(11.0377113727279,2.11788580142877));
#10496=CARTESIAN_POINT('',(11.2994402340769,3.07281268544057));
#10497=CARTESIAN_POINT('',(11.5557991129405,4.02922802783867));
#10498=CARTESIAN_POINT('',(11.8080478072572,4.98686801324971));
#10499=CARTESIAN_POINT('',(6.59619703455052,-6.47067562736564,9.49999999998582));
#10500=CARTESIAN_POINT('',(6.29224148196382,-6.53663378315656,9.49999999998705));
#10501=CARTESIAN_POINT('',(5.98121181092965,-6.53663378315656,9.4999999999883));
#10502=CARTESIAN_POINT('',(11.8080478072572,4.98686801324971));
#10503=CARTESIAN_POINT('',(11.5040922546705,4.92090985745879));
#10504=CARTESIAN_POINT('',(11.1930625836363,4.92090985745879));
#10505=CARTESIAN_POINT('',(5.98121181092965,-6.53663378315656,9.4999999999883));
#10506=CARTESIAN_POINT('',(4.95773173535529,-6.53663378315657,9.49999999999243));
#10507=CARTESIAN_POINT('',(4.16097242399459,-5.89422731925873,9.49999999999564));
#10508=CARTESIAN_POINT('',(3.08121181092965,-5.02364421165676,9.5));
#10509=CARTESIAN_POINT('',(3.08121181092965,-3.63663378315657,9.5));
#10510=CARTESIAN_POINT('',(3.08121181092965,-0.736633783156572,9.49999999999999));
#10511=CARTESIAN_POINT('',(5.98121181092965,-0.736633783156568,9.49999999999999));
#10512=CARTESIAN_POINT('',(11.1930625836363,4.92090985745879));
#10513=CARTESIAN_POINT('',(10.169582508062,4.92090985745879));
#10514=CARTESIAN_POINT('',(9.37282319670129,5.56331632135662));
#10515=CARTESIAN_POINT('',(8.29306258363635,6.43389942895859));
#10516=CARTESIAN_POINT('',(8.29306258363635,7.82090985745878));
#10517=CARTESIAN_POINT('',(8.29306258363635,9.67984239678382));
#10518=CARTESIAN_POINT('',(9.98219790671992,10.4560202411422));
#10519=CARTESIAN_POINT('',(10.5586565249227,10.7209098574588));
#10520=CARTESIAN_POINT('',(11.1930625836363,10.7209098574588));
#10521=CARTESIAN_POINT('',(2.6,1.06136055926104E-16,9.5));
#10522=CARTESIAN_POINT('',(2.6,-2.6,9.5));
#10523=CARTESIAN_POINT('',(1.59204083889156E-16,-2.6,9.5));
#10524=CARTESIAN_POINT('',(-2.6,-2.6,9.5));
#10525=CARTESIAN_POINT('',(-2.6,-1.06136055926104E-16,9.5));
#10526=CARTESIAN_POINT('',(7.8118507727067,11.4575436406154));
#10527=CARTESIAN_POINT('',(7.8118507727067,8.85754364061535));
#10528=CARTESIAN_POINT('',(5.2118507727067,8.85754364061535));
#10529=CARTESIAN_POINT('',(2.6118507727067,8.85754364061535));
#10530=CARTESIAN_POINT('',(2.6118507727067,11.4575436406154));
#10531=CARTESIAN_POINT('',(-2.6,-1.06136055926104E-16,9.5));
#10532=CARTESIAN_POINT('',(-2.6,2.6,9.5));
#10533=CARTESIAN_POINT('',(-1.59204083889156E-16,2.6,9.5));
#10534=CARTESIAN_POINT('',(2.6,2.6,9.5));
#10535=CARTESIAN_POINT('',(2.6,1.06136055926104E-16,9.5));
#10536=CARTESIAN_POINT('',(2.6118507727067,11.4575436406154));
#10537=CARTESIAN_POINT('',(2.6118507727067,14.0575436406153));
#10538=CARTESIAN_POINT('',(5.2118507727067,14.0575436406154));
#10539=CARTESIAN_POINT('',(7.8118507727067,14.0575436406153));
#10540=CARTESIAN_POINT('',(7.8118507727067,11.4575436406154));
#10541=CARTESIAN_POINT('',(-5.98121181092965,0.736633783156568,9.5));
#10542=CARTESIAN_POINT('',(-8.88121181092965,0.736633783156565,9.5));
#10543=CARTESIAN_POINT('',(-8.88121181092965,3.63663378315657,9.5));
#10544=CARTESIAN_POINT('',(-8.88121181092965,6.53663378315657,9.5));
#10545=CARTESIAN_POINT('',(-5.98121181092965,6.53663378315657,9.5));
#10546=CARTESIAN_POINT('',(-0.76936103822295,12.1941774237719));
#10547=CARTESIAN_POINT('',(-3.66936103822295,12.1941774237719));
#10548=CARTESIAN_POINT('',(-3.66936103822295,15.0941774237719));
#10549=CARTESIAN_POINT('',(-3.66936103822295,17.9941774237719));
#10550=CARTESIAN_POINT('',(-0.769361038222949,17.9941774237719));
#10551=CARTESIAN_POINT('',(-5.98121181092965,6.53663378315657,9.5));
#10552=CARTESIAN_POINT('',(-3.08121181092965,6.53663378315657,9.5));
#10553=CARTESIAN_POINT('',(-3.08121181092965,3.63663378315657,9.5));
#10554=CARTESIAN_POINT('',(-3.08121181092965,0.736633783156569,9.5));
#10555=CARTESIAN_POINT('',(-5.98121181092965,0.736633783156568,9.5));
#10556=CARTESIAN_POINT('',(-0.769361038222949,17.9941774237719));
#10557=CARTESIAN_POINT('',(2.13063896177705,17.9941774237719));
#10558=CARTESIAN_POINT('',(2.13063896177705,15.0941774237719));
#10559=CARTESIAN_POINT('',(2.13063896177705,12.1941774237719));
#10560=CARTESIAN_POINT('',(-0.76936103822295,12.1941774237719));
#10561=CARTESIAN_POINT('',(-0.736633783156569,-5.98121181092965,9.5));
#10562=CARTESIAN_POINT('',(-0.736633783156565,-8.88121181092965,9.5));
#10563=CARTESIAN_POINT('',(-3.63663378315657,-8.88121181092965,9.5));
#10564=CARTESIAN_POINT('',(-6.53663378315657,-8.88121181092965,9.5));
#10565=CARTESIAN_POINT('',(-6.53663378315657,-5.98121181092965,9.5));
#10566=CARTESIAN_POINT('',(4.47521698955013,5.4763318296857));
#10567=CARTESIAN_POINT('',(4.47521698955013,2.5763318296857));
#10568=CARTESIAN_POINT('',(1.57521698955013,2.5763318296857));
#10569=CARTESIAN_POINT('',(-1.32478301044988,2.5763318296857));
#10570=CARTESIAN_POINT('',(-1.32478301044987,5.4763318296857));
#10571=CARTESIAN_POINT('',(-6.53663378315657,-5.98121181092965,9.5));
#10572=CARTESIAN_POINT('',(-6.53663378315657,-3.08121181092965,9.5));
#10573=CARTESIAN_POINT('',(-3.63663378315657,-3.08121181092965,9.5));
#10574=CARTESIAN_POINT('',(-0.736633783156567,-3.08121181092964,9.5));
#10575=CARTESIAN_POINT('',(-0.736633783156569,-5.98121181092965,9.5));
#10576=CARTESIAN_POINT('',(-1.32478301044987,5.4763318296857));
#10577=CARTESIAN_POINT('',(-1.32478301044987,8.3763318296857));
#10578=CARTESIAN_POINT('',(1.57521698955013,8.3763318296857));
#10579=CARTESIAN_POINT('',(4.47521698955013,8.3763318296857));
#10580=CARTESIAN_POINT('',(4.47521698955013,5.4763318296857));
#10581=CARTESIAN_POINT('',(-15.3033636205478,-17.9132007904787,7.5));
#10582=CARTESIAN_POINT('',(-10.2101071854464,-15.8717701116152,7.5));
#10583=CARTESIAN_POINT('',(-6.47142076392607,-19.8881022905872,7.5));
#10584=CARTESIAN_POINT('',(50.9662440643215,6.28318530717959));
#10585=CARTESIAN_POINT('',(62.8318530717959,6.28318530717959));
#10586=CARTESIAN_POINT('',(-6.47142076392607,-19.8881022905872,7.5));
#10587=CARTESIAN_POINT('',(-6.47142076392607,-19.8881022905872,9.50000000000001));
#10588=CARTESIAN_POINT('',(-5.00751333100261,-18.5253935807627,9.5));
#10589=CARTESIAN_POINT('',(62.8318530717959,6.28318530717959));
#10590=CARTESIAN_POINT('',(62.8318530717959,9.42477796076947));
#10591=CARTESIAN_POINT('',(50.9662440643214,9.42477796076947));
#10592=CARTESIAN_POINT('',(62.8318530717959,9.42477796076947));
#10593=CARTESIAN_POINT('',(-16.0474419017799,-16.0567667056271,9.5));
#10594=CARTESIAN_POINT('',(-15.3033636205479,-17.9132007904787,9.5));
#10595=CARTESIAN_POINT('',(-15.3033636205478,-17.9132007904787,7.5));
#10596=CARTESIAN_POINT('',(50.9662440643214,9.42477796076947));
#10597=CARTESIAN_POINT('',(50.9662440643215,6.28318530717959));
#10598=CARTESIAN_POINT('',(0.,9.42477796076947));
#10599=CARTESIAN_POINT('',(11.8656090074744,9.42477796076933));
#10600=CARTESIAN_POINT('',(0.,6.28318530717959));
#10601=CARTESIAN_POINT('',(0.,9.42477796076947));
#10602=CARTESIAN_POINT('',(-6.47142076392607,-19.8881022905872,7.5));
#10603=CARTESIAN_POINT('',(-2.73273434240578,-23.9044344695593,7.5));
#10604=CARTESIAN_POINT('',(-5.13316978565344,-28.8386628806796,7.5));
#10605=CARTESIAN_POINT('',(0.,6.28318530717959));
#10606=CARTESIAN_POINT('',(11.8656090074745,6.28318530717959));
#10607=CARTESIAN_POINT('',(-5.13316978565344,-28.8386628806796,7.5));
#10608=CARTESIAN_POINT('',(-5.13316978565343,-28.8386628806796,9.49999999999998));
#10609=CARTESIAN_POINT('',(-3.33469960816185,-29.7135943183782,9.5));
#10610=CARTESIAN_POINT('',(11.8656090074745,6.28318530717959));
#10611=CARTESIAN_POINT('',(11.8656090074744,9.42477796076933));
#10612=CARTESIAN_POINT('',(-5.13316978565344,-28.8386628806796,7.5));
#10613=CARTESIAN_POINT('',(-5.22927268393883,-29.0362077271551,7.5));
#10614=CARTESIAN_POINT('',(3.14159265358979,1.12649505384527));
#10615=CARTESIAN_POINT('',(3.14159265358979,1.34617603487888));
#10616=CARTESIAN_POINT('',(-5.22927268393883,-29.0362077271551,7.5));
#10617=CARTESIAN_POINT('',(-5.22927268393883,-29.0362077271552,9.5));
#10618=CARTESIAN_POINT('',(-3.43080250644724,-29.9111391648538,9.5));
#10619=CARTESIAN_POINT('',(3.14159265358979,1.34617603487888));
#10620=CARTESIAN_POINT('',(1.57079632679491,1.34617603487892));
#10621=CARTESIAN_POINT('',(1.57079632679493,1.12649505384524));
#10622=CARTESIAN_POINT('',(1.57079632679491,1.34617603487892));
#10623=CARTESIAN_POINT('',(3.14159265358979,1.12649505384527));
#10624=CARTESIAN_POINT('',(1.57079632679493,1.12649505384524));
#10625=CARTESIAN_POINT('',(-1.48029736616688E-16,10.,7.5));
#10626=CARTESIAN_POINT('',(-0.145962146646935,10.,7.5));
#10627=CARTESIAN_POINT('',(-0.291908125692947,9.99968240535978,7.5));
#10628=CARTESIAN_POINT('',(-0.437833450506957,9.99895222610632,7.5));
#10629=CARTESIAN_POINT('',(-0.638477798132232,9.99794824451403,7.5));
#10630=CARTESIAN_POINT('',(-0.83908331868548,9.99616659533563,7.5));
#10631=CARTESIAN_POINT('',(-1.03962922119892,9.99331664542056,7.5));
#10632=CARTESIAN_POINT('',(-1.231788343818,9.99058587970397,7.5));
#10633=CARTESIAN_POINT('',(-1.42389238684781,9.98687447695639,7.5));
#10634=CARTESIAN_POINT('',(-1.61591779232101,9.98187612695011,7.5));
#10635=CARTESIAN_POINT('',(-1.75793665196647,9.97817942876452,7.5));
#10636=CARTESIAN_POINT('',(-1.89991210594689,9.97377782675301,7.5));
#10637=CARTESIAN_POINT('',(-2.04183510645506,9.96852726179229,7.5));
#10638=CARTESIAN_POINT('',(-2.18979683789556,9.96305328872345,7.5));
#10639=CARTESIAN_POINT('',(-2.33771108788479,9.956656520801,7.5));
#10640=CARTESIAN_POINT('',(-2.48556449980982,9.94915112946325,7.5));
#10641=CARTESIAN_POINT('',(-2.66031822664737,9.94028021407098,7.5));
#10642=CARTESIAN_POINT('',(-2.83498659334444,9.92986209875482,7.5));
#10643=CARTESIAN_POINT('',(-3.00955362801654,9.91754378231474,7.5));
#10644=CARTESIAN_POINT('',(-3.1790763292144,9.90558141908246,7.5));
#10645=CARTESIAN_POINT('',(-3.34850323783615,9.89182726337952,7.5));
#10646=CARTESIAN_POINT('',(-3.51782940522884,9.87590707082941,7.5));
#10647=CARTESIAN_POINT('',(-3.68482210072726,9.86020627332282,7.5));
#10648=CARTESIAN_POINT('',(-3.85171655260789,9.84239903539915,7.5));
#10649=CARTESIAN_POINT('',(-4.01852120808797,9.82207230962554,7.5));
#10650=CARTESIAN_POINT('',(-4.08977188793155,9.81338974002823,7.5));
#10651=CARTESIAN_POINT('',(-4.16101282885515,9.80424580270149,7.5));
#10652=CARTESIAN_POINT('',(-4.23220712983044,9.79461049161637,7.5));
#10653=CARTESIAN_POINT('',(-4.34636049677625,9.77916117633594,7.5));
#10654=CARTESIAN_POINT('',(-4.46038719587452,9.76244910181839,7.5));
#10655=CARTESIAN_POINT('',(-4.57412263810554,9.74435563809357,7.5));
#10656=CARTESIAN_POINT('',(-4.71644270228504,9.72171482474606,7.5));
#10657=CARTESIAN_POINT('',(-4.85830530177862,9.69691039138799,7.5));
#10658=CARTESIAN_POINT('',(-4.99943439314785,9.66971839728788,7.5));
#10659=CARTESIAN_POINT('',(-5.08154429656225,9.65389790282043,7.5));
#10660=CARTESIAN_POINT('',(-5.16340295011141,9.63727030385854,7.5));
#10661=CARTESIAN_POINT('',(-5.24498101064697,9.61979000633885,7.5));
#10662=CARTESIAN_POINT('',(-5.35915302056363,9.59532557694861,7.5));
#10663=CARTESIAN_POINT('',(-5.47277952112134,9.5691899654308,7.5));
#10664=CARTESIAN_POINT('',(-5.58581486345151,9.5412549487368,7.5));
#10665=CARTESIAN_POINT('',(-5.75338838222347,9.49984162660348,7.5));
#10666=CARTESIAN_POINT('',(-5.91966090770816,9.45447237101493,7.5));
#10667=CARTESIAN_POINT('',(-6.08453352947222,9.40474136953655,7.5));
#10668=CARTESIAN_POINT('',(-6.21415274362866,9.36564395444199,7.5));
#10669=CARTESIAN_POINT('',(-6.34290615686825,9.32385205079138,7.5));
#10670=CARTESIAN_POINT('',(-6.47081260170499,9.27916171852933,7.5));
#10671=CARTESIAN_POINT('',(-6.64236553591282,9.21922136415499,7.5));
#10672=CARTESIAN_POINT('',(-6.8123932744313,9.15406603283234,7.5));
#10673=CARTESIAN_POINT('',(-6.98098538864781,9.0832162900122,7.5));
#10674=CARTESIAN_POINT('',(-7.03508334211561,9.06048197584749,7.5));
#10675=CARTESIAN_POINT('',(-7.08903847642018,9.03715917413913,7.5));
#10676=CARTESIAN_POINT('',(-7.14281056987143,9.01325289304782,7.5));
#10677=CARTESIAN_POINT('',(-7.21443692337706,8.98140887079483,7.5));
#10678=CARTESIAN_POINT('',(-7.28573714445781,8.94852952337781,7.5));
#10679=CARTESIAN_POINT('',(-7.35661639827663,8.91464068553994,7.5));
#10680=CARTESIAN_POINT('',(-7.45244257242118,8.86882420890903,7.5));
#10681=CARTESIAN_POINT('',(-7.54749890068657,8.82116052960383,7.5));
#10682=CARTESIAN_POINT('',(-7.64156506639623,8.77175623394179,7.5));
#10683=CARTESIAN_POINT('',(-7.73455306120703,8.72291820217984,7.5));
#10684=CARTESIAN_POINT('',(-7.82657379512437,8.67237909363531,7.5));
#10685=CARTESIAN_POINT('',(-7.91742567165407,8.62029262979199,7.5));
#10686=CARTESIAN_POINT('',(-7.97247625849374,8.58873147210869,7.5));
#10687=CARTESIAN_POINT('',(-8.02709749096219,8.55660393035402,7.5));
#10688=CARTESIAN_POINT('',(-8.0812983564421,8.52392045890952,7.5));
#10689=CARTESIAN_POINT('',(-8.15794002257663,8.47770503994181,7.5));
#10690=CARTESIAN_POINT('',(-8.23374122424496,8.43037778564204,7.5));
#10691=CARTESIAN_POINT('',(-8.30872505627075,8.38197444684165,7.5));
#10692=CARTESIAN_POINT('',(-8.42982779991982,8.30380056625782,7.5));
#10693=CARTESIAN_POINT('',(-8.54879954593759,8.22281732770922,7.5));
#10694=CARTESIAN_POINT('',(-8.6657228724461,8.13921465631691,7.5));
#10695=CARTESIAN_POINT('',(-8.7294772688957,8.09362890353898,7.5));
#10696=CARTESIAN_POINT('',(-8.79261914863136,8.04726762014987,7.5));
#10697=CARTESIAN_POINT('',(-8.85517190482918,8.00015816296758,7.5));
#10698=CARTESIAN_POINT('',(-8.95100362654042,7.92798579735057,7.5));
#10699=CARTESIAN_POINT('',(-9.04546072091023,7.85405195023129,7.5));
#10700=CARTESIAN_POINT('',(-9.13866257333922,7.77842633868267,7.5));
#10701=CARTESIAN_POINT('',(-9.274979016087,7.66781679522121,7.5));
#10702=CARTESIAN_POINT('',(-9.40861233479877,7.55358775566037,7.5));
#10703=CARTESIAN_POINT('',(-9.53989227188986,7.43597050885146,7.5));
#10704=CARTESIAN_POINT('',(-9.6029893691033,7.379440112659,7.5));
#10705=CARTESIAN_POINT('',(-9.66554228178345,7.32212647333312,7.5));
#10706=CARTESIAN_POINT('',(-9.72754006272406,7.26409884319272,7.5));
#10707=CARTESIAN_POINT('',(-9.8092882137411,7.1875855970747,7.5));
#10708=CARTESIAN_POINT('',(-9.89007203808978,7.10982975324688,7.5));
#10709=CARTESIAN_POINT('',(-9.96986221694969,7.03100721737568,7.5));
#10710=CARTESIAN_POINT('',(-10.0679500309166,6.93410894812239,7.5));
#10711=CARTESIAN_POINT('',(-10.1645368130927,6.83559735224441,7.5));
#10712=CARTESIAN_POINT('',(-10.2595514704474,6.73584356623635,7.5));
#10713=CARTESIAN_POINT('',(-10.3142701754092,6.67839560886476,7.5));
#10714=CARTESIAN_POINT('',(-10.3684652385085,6.6205390246952,7.5));
#10715=CARTESIAN_POINT('',(-10.4221617445871,6.56230550395885,7.5));
#10716=CARTESIAN_POINT('',(-10.5458099641731,6.42820979298788,7.5));
#10717=CARTESIAN_POINT('',(-10.6668152727343,6.29211937278653,7.5));
#10718=CARTESIAN_POINT('',(-10.7854301547196,6.15442579016625,7.5));
#10719=CARTESIAN_POINT('',(-10.8456395833457,6.08453193033783,7.5));
#10720=CARTESIAN_POINT('',(-10.9052318959972,6.01422518238455,7.5));
#10721=CARTESIAN_POINT('',(-10.9642373139356,5.94355269271858,7.5));
#10722=CARTESIAN_POINT('',(-11.0361509035593,5.85741971379724,7.5));
#10723=CARTESIAN_POINT('',(-11.1072014957726,5.77073350061289,7.5));
#10724=CARTESIAN_POINT('',(-11.1774582306218,5.68354949603173,7.5));
#10725=CARTESIAN_POINT('',(-11.2854183271749,5.54957808997821,7.5));
#10726=CARTESIAN_POINT('',(-11.3915046875236,5.41443359026045,7.5));
#10727=CARTESIAN_POINT('',(-11.4959500980007,5.27827798942595,7.5));
#10728=CARTESIAN_POINT('',(-11.6009336244433,5.14142089771448,7.5));
#10729=CARTESIAN_POINT('',(-11.7042588648907,5.0035423673083,7.5));
#10730=CARTESIAN_POINT('',(-11.8061456795163,4.86475743362609,7.5));
#10731=CARTESIAN_POINT('',(-11.9083860983692,4.72549083860811,7.5));
#10732=CARTESIAN_POINT('',(-12.0091777555961,4.58531159740272,7.5));
#10733=CARTESIAN_POINT('',(-12.108731606006,4.44428502472583,7.5));
#10734=CARTESIAN_POINT('',(-12.1673120248319,4.36130083416992,7.5));
#10735=CARTESIAN_POINT('',(-12.2254662688416,4.27801845861539,7.5));
#10736=CARTESIAN_POINT('',(-12.283221025258,4.19446505312719,7.5));
#10737=CARTESIAN_POINT('',(-12.3941018778871,4.03405449276053,7.5));
#10738=CARTESIAN_POINT('',(-12.5035095459648,3.8726499147585,7.5));
#10739=CARTESIAN_POINT('',(-12.6116185756059,3.71041252227813,7.5));
#10740=CARTESIAN_POINT('',(-12.7207944241734,3.54657417267655,7.5));
#10741=CARTESIAN_POINT('',(-12.8286455660096,3.3818866093141,7.5));
#10742=CARTESIAN_POINT('',(-12.9353426089469,3.21646473284338,7.5));
#10743=CARTESIAN_POINT('',(-13.0421939851736,3.05080357980374,7.5));
#10744=CARTESIAN_POINT('',(-13.147887643473,2.88440600526494,7.5));
#10745=CARTESIAN_POINT('',(-13.2525902567586,2.71733548105236,7.5));
#10746=CARTESIAN_POINT('',(-13.352289662627,2.55824841073552,7.5));
#10747=CARTESIAN_POINT('',(-13.4510910286572,2.39854892031152,7.5));
#10748=CARTESIAN_POINT('',(-13.5490849456096,2.23833591993616,7.5));
#10749=CARTESIAN_POINT('',(-13.6623379774475,2.05317536511156,7.5));
#10750=CARTESIAN_POINT('',(-13.7745129304925,1.86732912832959,7.5));
#10751=CARTESIAN_POINT('',(-13.8857485788105,1.6808980305053,7.5));
#10752=CARTESIAN_POINT('',(-13.9970718322781,1.49432010633107,7.5));
#10753=CARTESIAN_POINT('',(-14.1074540709869,1.30715639212752,7.5));
#10754=CARTESIAN_POINT('',(-14.2170346133799,1.11945580867516,7.5));
#10755=CARTESIAN_POINT('',(-14.2872828938967,0.999127482572911,7.5));
#10756=CARTESIAN_POINT('',(-14.3572042944449,0.878572978505171,7.5));
#10757=CARTESIAN_POINT('',(-14.4268241041551,0.757815016642178,7.5));
#10758=CARTESIAN_POINT('',(-14.5467223519492,0.549847369289593,7.5));
#10759=CARTESIAN_POINT('',(-14.6657226188983,0.341284895949011,7.5));
#10760=CARTESIAN_POINT('',(-14.7839366909542,0.132232693564801,7.5));
#10761=CARTESIAN_POINT('',(-14.9021950311646,-0.0768977935363269,7.5));
#10762=CARTESIAN_POINT('',(-15.0196663849791,-0.286518393945636,7.5));
#10763=CARTESIAN_POINT('',(-15.1364658755721,-0.496575933019409,7.5));
#10764=CARTESIAN_POINT('',(-15.1939339966794,-0.5999292270594,7.5));
#10765=CARTESIAN_POINT('',(-15.2512392911267,-0.703388647710893,7.5));
#10766=CARTESIAN_POINT('',(-15.3083967163253,-0.80695380760263,7.5));
#10767=CARTESIAN_POINT('',(-15.3855083767426,-0.946674612255529,7.5));
#10768=CARTESIAN_POINT('',(-15.4623587832697,-1.08660203516932,7.5));
#10769=CARTESIAN_POINT('',(-15.5389623180143,-1.22670077516703,7.5));
#10770=CARTESIAN_POINT('',(-15.645341098411,-1.42125489262067,7.5));
#10771=CARTESIAN_POINT('',(-15.7512437014538,-1.61613850071588,7.5));
#10772=CARTESIAN_POINT('',(-15.8567096028973,-1.81127610543874,7.5));
#10773=CARTESIAN_POINT('',(-15.9872551584919,-2.05281717868888,7.5));
#10774=CARTESIAN_POINT('',(-16.117131336392,-2.29474592221586,7.5));
#10775=CARTESIAN_POINT('',(-16.2464175811787,-2.53696606343303,7.5));
#10776=CARTESIAN_POINT('',(-16.3757526339003,-2.77927764720799,7.5));
#10777=CARTESIAN_POINT('',(-16.5044971476856,-3.02188087888694,7.5));
#10778=CARTESIAN_POINT('',(-16.6327381982129,-3.26473097036678,7.5));
#10779=CARTESIAN_POINT('',(-16.7611282313225,-3.50786319017917,7.5));
#10780=CARTESIAN_POINT('',(-16.8890134960239,-3.75124288011494,7.5));
#10781=CARTESIAN_POINT('',(-17.0164911407866,-3.9948763048025,7.5));
#10782=CARTESIAN_POINT('',(-17.0816729373156,-4.11945080839671,7.5));
#10783=CARTESIAN_POINT('',(-17.1467487841703,-4.24409333741026,7.5));
#10784=CARTESIAN_POINT('',(-17.2117314263856,-4.36880717437959,7.5));
#10785=CARTESIAN_POINT('',(-17.3319372399184,-4.59950459942491,7.5));
#10786=CARTESIAN_POINT('',(-17.4518090536954,-4.83041622763797,7.5));
#10787=CARTESIAN_POINT('',(-17.5713751816275,-5.06147581037759,7.5));
#10788=CARTESIAN_POINT('',(-17.6947982814283,-5.29998892804429,7.5));
#10789=CARTESIAN_POINT('',(-17.8178955656327,-5.53865957198907,7.5));
#10790=CARTESIAN_POINT('',(-17.9407032399432,-5.77744195593983,7.5));
#10791=CARTESIAN_POINT('',(-18.0842696680627,-6.05658683963015,7.5));
#10792=CARTESIAN_POINT('',(-18.2274399506989,-6.33588332826944,7.5));
#10793=CARTESIAN_POINT('',(-18.3702824986673,-6.61530548248012,7.5));
#10794=CARTESIAN_POINT('',(-18.5133304987045,-6.89512953276776,7.5));
#10795=CARTESIAN_POINT('',(-18.6560497152662,-7.17507965009675,7.5));
#10796=CARTESIAN_POINT('',(-18.7985219138517,-7.45518024551814,7.5));
#10797=CARTESIAN_POINT('',(-18.8824787623106,-7.62023955867897,7.5));
#10798=CARTESIAN_POINT('',(-18.9663504158443,-7.78535272471628,7.5));
#10799=CARTESIAN_POINT('',(-19.0501549313071,-7.95053085781598,7.5));
#10800=CARTESIAN_POINT('',(-19.1874211823742,-8.22108171016147,7.5));
#10801=CARTESIAN_POINT('',(-19.3244940908361,-8.49178017632501,7.5));
#10802=CARTESIAN_POINT('',(-19.4613917222971,-8.76256622384616,7.5));
#10803=CARTESIAN_POINT('',(-19.6027054063858,-9.04208730515831,7.5));
#10804=CARTESIAN_POINT('',(-19.7438322299665,-9.32170157747948,7.5));
#10805=CARTESIAN_POINT('',(-19.8847993490888,-9.60137166918056,7.5));
#10806=CARTESIAN_POINT('',(-20.0467397532507,-9.92265146807312,7.5));
#10807=CARTESIAN_POINT('',(-20.2084690278009,-10.2440039569847,7.5));
#10808=CARTESIAN_POINT('',(-20.3700417308055,-10.5654193772993,7.5));
#10809=CARTESIAN_POINT('',(-20.5318712167072,-10.887345613991,7.5));
#10810=CARTESIAN_POINT('',(-20.6935435487698,-11.2093350220709,7.5));
#10811=CARTESIAN_POINT('',(-20.8551292126535,-11.5314275028319,7.5));
#10812=CARTESIAN_POINT('',(3.88578058618805E-14,-8.21565038222616E-15));
#10813=CARTESIAN_POINT('',(32.3368205942436,5.77315972805081E-15));
#10814=CARTESIAN_POINT('',(-20.8551292126535,-11.5314275028319,7.5));
#10815=CARTESIAN_POINT('',(-20.8551292126534,-11.531427502832,9.4999999999999));
#10816=CARTESIAN_POINT('',(-19.0674739823386,-12.4282489887074,9.5));
#10817=CARTESIAN_POINT('',(32.3368205942436,5.77315972805081E-15));
#10818=CARTESIAN_POINT('',(32.3368205942435,4.00554004564856));
#10819=CARTESIAN_POINT('',(3.84137166520304E-14,4.00554004564863));
#10820=CARTESIAN_POINT('',(32.3368205942435,4.00554004564856));
#10821=CARTESIAN_POINT('',(0.,8.,9.5));
#10822=CARTESIAN_POINT('',(-7.40148683083438E-17,10.,9.5));
#10823=CARTESIAN_POINT('',(-1.48029736616688E-16,10.,7.5));
#10824=CARTESIAN_POINT('',(3.84137166520304E-14,4.00554004564863));
#10825=CARTESIAN_POINT('',(3.88578058618805E-14,-8.21565038222616E-15));
#10826=CARTESIAN_POINT('',(1.43610820841325,7.87004404140979,9.5));
#10827=CARTESIAN_POINT('',(1.48407259644721,7.92592346830776,9.49999999999999));
#10828=CARTESIAN_POINT('',(1.53411237991817,7.97990973857322,9.49697090087813));
#10829=CARTESIAN_POINT('',(1.58602411771558,8.03182147637064,9.49124624461014));
#10830=CARTESIAN_POINT('',(2.04946248719336,8.49525984584842,9.44013978046111));
#10831=CARTESIAN_POINT('',(2.63665894291228,8.76453821043301,9.1901352879354));
#10832=CARTESIAN_POINT('',(3.21075904905065,8.84977080646211,8.9142135623731));
#10833=CARTESIAN_POINT('',(3.35253933926997,8.87081992676699,8.84607167925941));
#10834=CARTESIAN_POINT('',(3.49483887253255,8.88121181092965,8.77534671298169));
#10835=CARTESIAN_POINT('',(3.63663378315657,8.88121181092965,8.70408501312788));
#10836=CARTESIAN_POINT('',(3.89921795279234,8.88121181092965,8.57211839880723));
#10837=CARTESIAN_POINT('',(4.16877060132428,8.8448158920569,8.43133391467826));
#10838=CARTESIAN_POINT('',(4.42937238696462,8.77075756356259,8.31645960919093));
#10839=CARTESIAN_POINT('',(4.65284582968844,8.70725044065347,8.21795162520039));
#10840=CARTESIAN_POINT('',(4.88102857587569,8.61312172352734,8.13449819270181));
#10841=CARTESIAN_POINT('',(5.32659636544421,8.35225780129467,8.11606088377179));
#10842=CARTESIAN_POINT('',(5.51863490968879,8.20043001527941,8.18554141233072));
#10843=CARTESIAN_POINT('',(5.68724344859756,8.03182147637064,8.28033352368799));
#10844=CARTESIAN_POINT('',(6.00222211208276,7.71684281288544,8.45741525832307));
#10845=CARTESIAN_POINT('',(6.23914139132222,7.33151590559797,8.70897991472231));
#10846=CARTESIAN_POINT('',(6.37937205354214,6.92322390223334,8.91421356237309));
#10847=CARTESIAN_POINT('',(6.48058854860299,6.62852454841351,9.06234828665462));
#10848=CARTESIAN_POINT('',(6.53663378350849,6.31037273512517,9.19972352750537));
#10849=CARTESIAN_POINT('',(6.53663378315657,5.98121180784415,9.30558046764151));
#10850=CARTESIAN_POINT('',(44.4151714262448,9.42477796076949));
#10851=CARTESIAN_POINT('',(44.4497116280669,9.49397181862802));
#10852=CARTESIAN_POINT('',(44.4863231545778,9.56192830617163));
#10853=CARTESIAN_POINT('',(44.5250130855935,9.62888775234021));
#10854=CARTESIAN_POINT('',(44.8821969637921,10.247054650979));
#10855=CARTESIAN_POINT('',(45.4607041280144,10.8212048340724));
#10856=CARTESIAN_POINT('',(46.0056801543179,11.2602106023035));
#10857=CARTESIAN_POINT('',(46.2719130713198,11.4746746899251));
#10858=CARTESIAN_POINT('',(46.5330316327488,11.6809151036823));
#10859=CARTESIAN_POINT('',(46.8561324928152,11.8151507348486));
#10860=CARTESIAN_POINT('',(47.2086703519655,11.961616275124));
#10861=CARTESIAN_POINT('',(47.47630365548,11.9024204713704));
#10862=CARTESIAN_POINT('',(47.796648053625,11.7339170030855));
#10863=CARTESIAN_POINT('',(48.1823492261762,11.5310353991844));
#10864=CARTESIAN_POINT('',(48.5163555835585,11.2680625388926));
#10865=CARTESIAN_POINT('',(48.8505643452426,10.9955742875643));
#10866=CARTESIAN_POINT('',(49.1065063292919,10.7868987779108));
#10867=CARTESIAN_POINT('',(49.3508729425914,10.5753196956243));
#10868=CARTESIAN_POINT('',(49.5767407173036,10.3460557719463));
#10869=CARTESIAN_POINT('',(6.53663378315657,5.98121180784415,9.30558046764151));
#10870=CARTESIAN_POINT('',(6.53663378278479,5.63794165028782,9.415974884199));
#10871=CARTESIAN_POINT('',(6.4745922672925,5.28300225794709,9.49269863814997));
#10872=CARTESIAN_POINT('',(6.34493432989662,4.94433759072378,9.49951767717865));
#10873=CARTESIAN_POINT('',(49.5767407173036,10.3460557719463));
#10874=CARTESIAN_POINT('',(49.8336503823255,10.0852832119441));
#10875=CARTESIAN_POINT('',(50.0666270659962,9.80163078425613));
#10876=CARTESIAN_POINT('',(50.2654824574367,9.47334693823922));
#10877=CARTESIAN_POINT('',(6.34493432989662,4.94433759072378,9.49951767717865));
#10878=CARTESIAN_POINT('',(7.88786251170882,6.14667593064565,9.45655079435619));
#10879=CARTESIAN_POINT('',(7.88786251170883,6.14667593064564,7.5));
#10880=CARTESIAN_POINT('',(50.2654824574367,9.47334693823922));
#10881=CARTESIAN_POINT('',(50.2654824574367,12.5663706143592));
#10882=CARTESIAN_POINT('',(7.88786251170883,6.14667593064564,7.5));
#10883=CARTESIAN_POINT('',(4.88513087497968,9.99999999999999,7.5));
#10884=CARTESIAN_POINT('',(-1.48029736616688E-16,10.,7.5));
#10885=CARTESIAN_POINT('',(50.2654824574367,12.5663706143592));
#10886=CARTESIAN_POINT('',(43.0449269628617,12.5663706143592));
#10887=CARTESIAN_POINT('',(43.0449269628617,9.42477796076937));
#10888=CARTESIAN_POINT('',(43.0449269628617,12.5663706143592));
#10889=CARTESIAN_POINT('',(44.4151714262448,9.42477796076949));
#10890=CARTESIAN_POINT('',(43.0449269628617,9.42477796076937));
#10891=CARTESIAN_POINT('',(7.8700440414097,-1.43610820841317,9.5));
#10892=CARTESIAN_POINT('',(7.92592346830772,-1.48407259644717,9.5));
#10893=CARTESIAN_POINT('',(7.97990973857326,-1.53411237991821,9.49697090087813));
#10894=CARTESIAN_POINT('',(8.03182147637064,-1.58602411771558,9.49124624461015));
#10895=CARTESIAN_POINT('',(8.1987552519862,-1.75295789333114,9.47283733507516));
#10896=CARTESIAN_POINT('',(8.34224289557292,-1.93753465426542,9.42710498539611));
#10897=CARTESIAN_POINT('',(8.46039085543343,-2.13208359612613,9.36400389713955));
#10898=CARTESIAN_POINT('',(6.71605958316729,9.42477796076937));
#10899=CARTESIAN_POINT('',(6.85534192432591,9.7038001438471));
#10900=CARTESIAN_POINT('',(7.02484376772221,9.95644965061329));
#10901=CARTESIAN_POINT('',(7.22055549457503,10.1981847828865));
#10902=CARTESIAN_POINT('',(8.46039085543343,-2.13208359612613,9.36400389713955));
#10903=CARTESIAN_POINT('',(9.69682692899253,-2.44367500072431,8.8681231846661));
#10904=CARTESIAN_POINT('',(9.69682692899255,-2.44367500072431,7.5));
#10905=CARTESIAN_POINT('',(7.22055549457503,10.1981847828865));
#10906=CARTESIAN_POINT('',(7.22055549457503,12.5663706143592));
#10907=CARTESIAN_POINT('',(9.69682692899255,-2.44367500072431,7.5));
#10908=CARTESIAN_POINT('',(10.890594148438,2.29335186129129,7.5));
#10909=CARTESIAN_POINT('',(7.88786251170883,6.14667593064564,7.5));
#10910=CARTESIAN_POINT('',(7.22055549457503,12.5663706143592));
#10911=CARTESIAN_POINT('',(0.,12.5663706143592));
#10912=CARTESIAN_POINT('',(0.,9.47334693823923));
#10913=CARTESIAN_POINT('',(0.,12.5663706143592));
#10914=CARTESIAN_POINT('',(6.34493432989662,4.94433759072378,9.49951767717865));
#10915=CARTESIAN_POINT('',(6.3388463955429,4.92843599377268,9.4998378570519));
#10916=CARTESIAN_POINT('',(6.332617721352,4.91258623025117,9.5));
#10917=CARTESIAN_POINT('',(6.32624949322653,4.89679153624606,9.5));
#10918=CARTESIAN_POINT('',(0.,9.47334693823923));
#10919=CARTESIAN_POINT('',(0.00975940917156639,9.45723544961181));
#10920=CARTESIAN_POINT('',(0.0193859926441291,9.44104718274829));
#10921=CARTESIAN_POINT('',(0.0288801444663276,9.42477796076939));
#10922=CARTESIAN_POINT('',(6.71605958316729,9.42477796076937));
#10923=CARTESIAN_POINT('',(0.0288801444663276,9.42477796076939));
#10924=CARTESIAN_POINT('',(8.46039085543343,-2.13208359612613,9.36400389713955));
#10925=CARTESIAN_POINT('',(8.73595373624368,-2.58615267633159,9.21693518328994));
#10926=CARTESIAN_POINT('',(8.88121181092965,-3.10648491173734,8.96916718111139));
#10927=CARTESIAN_POINT('',(8.88121181092965,-3.63663378315657,8.82032047204532));
#10928=CARTESIAN_POINT('',(8.88121181092965,-4.03134736632297,8.7094991140356));
#10929=CARTESIAN_POINT('',(8.80876555128436,-4.39804428117589,8.67640194843328));
#10930=CARTESIAN_POINT('',(8.50110557570275,-5.12143615807428,8.82298627993495));
#10931=CARTESIAN_POINT('',(8.28586816889924,-5.43319675606895,8.97232172724294));
#10932=CARTESIAN_POINT('',(8.03182147637064,-5.68724344859756,9.10708657368466));
#10933=CARTESIAN_POINT('',(7.65690431492661,-6.06216061004158,9.30596990960797));
#10934=CARTESIAN_POINT('',(7.16297798103102,-6.34768432945666,9.50000000000044));
#10935=CARTESIAN_POINT('',(6.59619703455052,-6.47067562736564,9.49999999998582));
#10936=CARTESIAN_POINT('',(-5.32907051820075E-15,0.985060504365643));
#10937=CARTESIAN_POINT('',(0.342137129537827,1.44978120921245));
#10938=CARTESIAN_POINT('',(0.832359365272537,1.90870202232741));
#10939=CARTESIAN_POINT('',(1.36743999421086,2.15616589354973));
#10940=CARTESIAN_POINT('',(1.76135071339627,2.33834156243725));
#10941=CARTESIAN_POINT('',(2.10836034376862,2.38754961485478));
#10942=CARTESIAN_POINT('',(2.53349260946373,2.26396965498874));
#10943=CARTESIAN_POINT('',(2.94796515555185,2.14348832542557));
#10944=CARTESIAN_POINT('',(3.26724624402395,1.92086271752121));
#10945=CARTESIAN_POINT('',(3.58298384228741,1.64301280869362));
#10946=CARTESIAN_POINT('',(4.08996580567457,1.19686736045079));
#10947=CARTESIAN_POINT('',(4.48326483251896,0.636952553197877));
#10948=CARTESIAN_POINT('',(4.71527204884933,-1.25539847506406E-6));
#10949=CARTESIAN_POINT('',(30.8790874847894,-1.36557432028894E-14));
#10950=CARTESIAN_POINT('',(4.71527204884933,-1.25539847506406E-6));
#10951=CARTESIAN_POINT('',(-1.7616119988505,-30.9150872825266,9.5));
#10952=CARTESIAN_POINT('',(0.0652066639273784,-31.729171782641,9.50000000000002));
#10953=CARTESIAN_POINT('',(0.0652066639273866,-31.7291717826409,7.5));
#10954=CARTESIAN_POINT('',(30.8790874847894,-1.36557432028894E-14));
#10955=CARTESIAN_POINT('',(30.8790874847893,4.00133378108201));
#10956=CARTESIAN_POINT('',(0.0652066639273866,-31.7291717826409,7.5));
#10957=CARTESIAN_POINT('',(0.221406670543298,-31.3786564649167,7.5));
#10958=CARTESIAN_POINT('',(0.376381474893545,-31.027601268402,7.5));
#10959=CARTESIAN_POINT('',(0.530067178026746,-30.6759993741979,7.5));
#10960=CARTESIAN_POINT('',(0.987570576260028,-29.6293238660395,7.5));
#10961=CARTESIAN_POINT('',(1.43365287480925,-28.5778066098642,7.5));
#10962=CARTESIAN_POINT('',(1.8666095535889,-27.5212396262855,7.5));
#10963=CARTESIAN_POINT('',(2.26662988509824,-26.5450489454434,7.5));
#10964=CARTESIAN_POINT('',(2.6554465877086,-25.5645468340406,7.5));
#10965=CARTESIAN_POINT('',(3.03167704585168,-24.5795414663163,7.5));
#10966=CARTESIAN_POINT('',(3.06493082897376,-24.4924800544517,7.5));
#10967=CARTESIAN_POINT('',(3.09808624046077,-24.4053834826083,7.5));
#10968=CARTESIAN_POINT('',(3.13114386304101,-24.3182519889011,7.5));
#10969=CARTESIAN_POINT('',(3.52086514949244,-23.2910456997738,7.5));
#10970=CARTESIAN_POINT('',(3.8969994672375,-22.2589872070081,7.5));
#10971=CARTESIAN_POINT('',(4.2604740272934,-21.2224570347047,7.49999999999999));
#10972=CARTESIAN_POINT('',(4.6547798640631,-20.0980044819201,7.49999999999999));
#10973=CARTESIAN_POINT('',(5.0341873094203,-18.9682889178417,7.49999999999999));
#10974=CARTESIAN_POINT('',(5.39981960866905,-17.8337809223615,7.49999999999999));
#10975=CARTESIAN_POINT('',(5.46044651240715,-17.6456637697647,7.49999999999999));
#10976=CARTESIAN_POINT('',(5.52069401353573,-17.4574165295357,7.49999999999999));
#10977=CARTESIAN_POINT('',(5.58056878177128,-17.2690359914448,7.49999999999999));
#10978=CARTESIAN_POINT('',(5.62120905478249,-17.1411718389207,7.49999999999999));
#10979=CARTESIAN_POINT('',(5.66167872089245,-17.0132427514018,7.49999999999999));
#10980=CARTESIAN_POINT('',(5.70198145470522,-16.8852517583811,7.49999999999999));
#10981=CARTESIAN_POINT('',(6.04831249947235,-15.7853944995764,7.49999999999999));
#10982=CARTESIAN_POINT('',(6.38231326311577,-14.6809632596528,7.49999999999999));
#10983=CARTESIAN_POINT('',(6.70633840027098,-13.5738984013643,7.49999999999999));
#10984=CARTESIAN_POINT('',(7.01380423573224,-12.5234100826126,7.49999999999999));
#10985=CARTESIAN_POINT('',(7.31228817348488,-11.4705524239497,7.49999999999999));
#10986=CARTESIAN_POINT('',(7.60394661247984,-10.4156647611563,7.49999999999999));
#10987=CARTESIAN_POINT('',(7.65437991895145,-10.2332545659495,7.49999999999999));
#10988=CARTESIAN_POINT('',(7.70460965008502,-10.0507821156584,7.49999999999999));
#10989=CARTESIAN_POINT('',(7.75464571373817,-9.8682540966731,7.49999999999999));
#10990=CARTESIAN_POINT('',(8.06104794546279,-8.7505204404634,7.5));
#10991=CARTESIAN_POINT('',(8.36010412597035,-7.63100110498567,7.5));
#10992=CARTESIAN_POINT('',(8.65370375094931,-6.5100614635589,7.5));
#10993=CARTESIAN_POINT('',(9.00824438621945,-5.15645396968212,7.5));
#10994=CARTESIAN_POINT('',(9.3548272259381,-3.80077524085564,7.5));
#10995=CARTESIAN_POINT('',(9.69682692899255,-2.44367500072431,7.5));
#10996=CARTESIAN_POINT('',(30.8790874847893,4.00133378108201));
#10997=CARTESIAN_POINT('',(8.21565038222616E-15,4.00133378108201));
#10998=CARTESIAN_POINT('',(-5.32907051820075E-15,0.985060504365643));
#10999=CARTESIAN_POINT('',(8.21565038222616E-15,4.00133378108201));
#11000=CARTESIAN_POINT('',(-5.22927268393883,-29.0362077271551,7.5));
#11001=CARTESIAN_POINT('',(-5.56915084576624,-29.7348461709114,7.5));
#11002=CARTESIAN_POINT('',(-5.34828050035336,-30.4797147032704,7.5));
#11003=CARTESIAN_POINT('',(5.53984638114213,0.));
#11004=CARTESIAN_POINT('',(6.28318530717959,0.));
#11005=CARTESIAN_POINT('',(-5.34828050035336,-30.4797147032704,7.5));
#11006=CARTESIAN_POINT('',(-5.34828050035336,-30.4797147032704,9.5));
#11007=CARTESIAN_POINT('',(-3.43080250644724,-29.9111391648538,9.5));
#11008=CARTESIAN_POINT('',(6.28318530717959,0.));
#11009=CARTESIAN_POINT('',(6.28318530717959,1.5707963267949));
#11010=CARTESIAN_POINT('',(5.53984638114213,0.));
#11011=CARTESIAN_POINT('',(5.53984638114213,1.5707963267949));
#11012=CARTESIAN_POINT('',(-4.46163091008798,-31.6250215418702,7.5));
#11013=CARTESIAN_POINT('',(-4.46163091008801,-31.6250215418702,9.49999999999999));
#11014=CARTESIAN_POINT('',(-3.43080250644724,-29.9111391648538,9.5));
#11015=CARTESIAN_POINT('',(0.743338926037433,0.));
#11016=CARTESIAN_POINT('',(0.743338926037433,1.5707963267949));
#11017=CARTESIAN_POINT('',(0.,0.));
#11018=CARTESIAN_POINT('',(0.,1.5707963267949));
#11019=CARTESIAN_POINT('',(-5.34828050035336,-30.4797147032704,7.5));
#11020=CARTESIAN_POINT('',(-5.12741015494051,-31.2245832356294,7.5));
#11021=CARTESIAN_POINT('',(-4.46163091008798,-31.6250215418702,7.5));
#11022=CARTESIAN_POINT('',(0.,0.));
#11023=CARTESIAN_POINT('',(0.743338926037433,0.));
#11024=CARTESIAN_POINT('',(-2.79244040249124,-32.628969659543,7.5));
#11025=CARTESIAN_POINT('',(-2.79244040249124,-32.628969659543,9.49999999999997));
#11026=CARTESIAN_POINT('',(-1.7616119988505,-30.9150872825266,9.5));
#11027=CARTESIAN_POINT('',(3.14159265358978,1.41949854919274));
#11028=CARTESIAN_POINT('',(4.7123889803847,1.41949854919274));
#11029=CARTESIAN_POINT('',(4.71238898038468,3.3673457643587));
#11030=CARTESIAN_POINT('',(4.7123889803847,1.41949854919274));
#11031=CARTESIAN_POINT('',(3.14159265358979,3.36734576435871));
#11032=CARTESIAN_POINT('',(4.71238898038468,3.3673457643587));
#11033=CARTESIAN_POINT('',(-4.46163091008798,-31.6250215418702,7.5));
#11034=CARTESIAN_POINT('',(-2.79244040249124,-32.628969659543,7.5));
#11035=CARTESIAN_POINT('',(3.14159265358979,3.36734576435871));
#11036=CARTESIAN_POINT('',(3.14159265358978,1.41949854919274));
#11037=CARTESIAN_POINT('',(-2.79244040249124,-32.628969659543,7.5));
#11038=CARTESIAN_POINT('',(-2.02033892437897,-33.09335633205,7.5));
#11039=CARTESIAN_POINT('',(-1.16093806235943,-32.8227536113221,7.5));
#11040=CARTESIAN_POINT('',(-0.301537200339879,-32.5521508905942,7.5));
#11041=CARTESIAN_POINT('',(0.0652066639273866,-31.7291717826409,7.5));
#11042=CARTESIAN_POINT('',(1.01778996299259,0.));
#11043=CARTESIAN_POINT('',(2.70729129426596,0.));
#11044=CARTESIAN_POINT('',(2.70729129426596,1.5707963267949));
#11045=CARTESIAN_POINT('',(2.70729129426596,0.));
#11046=CARTESIAN_POINT('',(1.01778996299259,0.));
#11047=CARTESIAN_POINT('',(1.01778996299259,1.5707963267949));
#11048=CARTESIAN_POINT('',(-20.6046939711118,-13.7076842962226,7.5));
#11049=CARTESIAN_POINT('',(-20.6046939711134,-13.707684296223,9.50000000000159));
#11050=CARTESIAN_POINT('',(-19.0674739823386,-12.4282489887074,9.5));
#11051=CARTESIAN_POINT('',(2.16035446316171,7.8075298110207E-18));
#11052=CARTESIAN_POINT('',(2.16035446316171,1.5707963267949));
#11053=CARTESIAN_POINT('',(0.981238190428079,0.));
#11054=CARTESIAN_POINT('',(0.981238190428079,1.5707963267949));
#11055=CARTESIAN_POINT('',(-20.8551292126535,-11.5314275028319,7.5));
#11056=CARTESIAN_POINT('',(-21.442132851133,-12.7015155761763,7.5));
#11057=CARTESIAN_POINT('',(-20.6046939711118,-13.7076842962226,7.5));
#11058=CARTESIAN_POINT('',(0.981238190428079,0.));
#11059=CARTESIAN_POINT('',(2.16035446316171,7.8075298110207E-18));
#11060=CARTESIAN_POINT('',(-17.584661890553,-17.3362020131422,7.5));
#11061=CARTESIAN_POINT('',(-17.5846618905531,-17.3362020131422,9.50000000000002));
#11062=CARTESIAN_POINT('',(-16.0474419017799,-16.0567667056271,9.5));
#11063=CARTESIAN_POINT('',(3.14159265358979,1.8211517170981));
#11064=CARTESIAN_POINT('',(4.71238898038471,1.82115171709809));
#11065=CARTESIAN_POINT('',(4.71238898038476,6.54203453597887));
#11066=CARTESIAN_POINT('',(4.71238898038471,1.82115171709809));
#11067=CARTESIAN_POINT('',(3.14159265358979,6.54203453597886));
#11068=CARTESIAN_POINT('',(4.71238898038476,6.54203453597887));
#11069=CARTESIAN_POINT('',(-20.6046939711118,-13.7076842962226,7.5));
#11070=CARTESIAN_POINT('',(-17.584661890553,-17.3362020131422,7.5));
#11071=CARTESIAN_POINT('',(3.14159265358979,6.54203453597886));
#11072=CARTESIAN_POINT('',(3.14159265358979,1.8211517170981));
#11073=CARTESIAN_POINT('',(3.84040387825439,-1.00276219317748E-15));
#11074=CARTESIAN_POINT('',(3.84040387825439,1.5707963267949));
#11075=CARTESIAN_POINT('',(-17.584661890553,-17.3362020131422,7.5));
#11076=CARTESIAN_POINT('',(-16.6538917632248,-18.4545066560403,7.5));
#11077=CARTESIAN_POINT('',(-15.3033636205478,-17.9132007904787,7.5));
#11078=CARTESIAN_POINT('',(3.84040387825439,-1.00276219317748E-15));
#11079=CARTESIAN_POINT('',(5.1092842208751,-1.30795068675324E-16));
#11080=CARTESIAN_POINT('',(5.1092842208751,1.5707963267949));
#11081=CARTESIAN_POINT('',(5.1092842208751,-1.30795068675324E-16));
#11082=CARTESIAN_POINT('',(2.6,1.06136055926104E-16,9.5));
#11083=CARTESIAN_POINT('',(2.6,-1.06136055926104E-16,0.));
#11084=CARTESIAN_POINT('',(1.07,1.5707963267949));
#11085=CARTESIAN_POINT('',(10.57,1.5707963267949));
#11086=CARTESIAN_POINT('',(10.57,4.71238898038469));
#11087=CARTESIAN_POINT('',(10.57,1.5707963267949));
#11088=CARTESIAN_POINT('',(-2.6,1.06136055926104E-16,0.));
#11089=CARTESIAN_POINT('',(-2.6,-1.06136055926104E-16,9.5));
#11090=CARTESIAN_POINT('',(10.57,4.71238898038469));
#11091=CARTESIAN_POINT('',(1.07,4.71238898038469));
#11092=CARTESIAN_POINT('',(1.07,1.5707963267949));
#11093=CARTESIAN_POINT('',(1.07,4.71238898038469));
#11094=CARTESIAN_POINT('',(4.01357775572012,0.470000000000002));
#11095=CARTESIAN_POINT('',(2.74469741309943,0.470000000000001));
#11096=CARTESIAN_POINT('',(-17.584661890553,-17.3362020131422,7.5));
#11097=CARTESIAN_POINT('',(-17.584661890553,-17.3362020131422,4.));
#11098=CARTESIAN_POINT('',(4.01357775572012,0.470000000000002));
#11099=CARTESIAN_POINT('',(4.01357775572012,3.97));
#11100=CARTESIAN_POINT('',(2.74469741309943,3.97));
#11101=CARTESIAN_POINT('',(4.01357775572012,3.97));
#11102=CARTESIAN_POINT('',(-15.3033636205478,-17.9132007904787,4.));
#11103=CARTESIAN_POINT('',(-15.3033636205478,-17.9132007904787,7.5));
#11104=CARTESIAN_POINT('',(2.74469741309943,3.97));
#11105=CARTESIAN_POINT('',(2.74469741309943,0.470000000000001));
#11106=CARTESIAN_POINT('',(-2.36044140944039,1.75));
#11107=CARTESIAN_POINT('',(2.36044140944039,1.75));
#11108=CARTESIAN_POINT('',(-20.6046939711118,-13.7076842962226,7.5));
#11109=CARTESIAN_POINT('',(-20.6046939711118,-13.7076842962226,4.));
#11110=CARTESIAN_POINT('',(-2.36044140944039,1.75));
#11111=CARTESIAN_POINT('',(-2.36044140944039,-1.75));
#11112=CARTESIAN_POINT('',(2.36044140944039,-1.75));
#11113=CARTESIAN_POINT('',(-2.36044140944039,-1.75));
#11114=CARTESIAN_POINT('',(2.36044140944039,1.75));
#11115=CARTESIAN_POINT('',(2.36044140944039,-1.75));
#11116=CARTESIAN_POINT('',(-105.495971428738,0.));
#11117=CARTESIAN_POINT('',(-107.814206172672,0.));
#11118=CARTESIAN_POINT('',(-73.1711625433509,0.));
#11119=CARTESIAN_POINT('',(-105.495971428738,0.));
#11120=CARTESIAN_POINT('',(-65.9005077813111,0.));
#11121=CARTESIAN_POINT('',(-73.1711625433509,0.));
#11122=CARTESIAN_POINT('',(-58.6298530192713,0.));
#11123=CARTESIAN_POINT('',(-65.9005077813111,0.));
#11124=CARTESIAN_POINT('',(-27.7560808252992,0.));
#11125=CARTESIAN_POINT('',(-58.6298530192713,0.));
#11126=CARTESIAN_POINT('',(-24.3699334630697,0.));
#11127=CARTESIAN_POINT('',(-27.7560808252992,0.));
#11128=CARTESIAN_POINT('',(-2.79244040249124,-32.628969659543,7.5));
#11129=CARTESIAN_POINT('',(-2.79244040249124,-32.628969659543,4.));
#11130=CARTESIAN_POINT('',(-24.3699334630697,0.));
#11131=CARTESIAN_POINT('',(-24.3699334630697,3.5));
#11132=CARTESIAN_POINT('',(-27.7560808252992,3.5));
#11133=CARTESIAN_POINT('',(-24.3699334630697,3.5));
#11134=CARTESIAN_POINT('',(-58.6298530192713,3.5));
#11135=CARTESIAN_POINT('',(-27.7560808252992,3.5));
#11136=CARTESIAN_POINT('',(-73.1711625433509,3.5));
#11137=CARTESIAN_POINT('',(-58.6298530192713,3.5));
#11138=CARTESIAN_POINT('',(-105.495971428738,3.5));
#11139=CARTESIAN_POINT('',(-73.1711625433509,3.5));
#11140=CARTESIAN_POINT('',(-107.814206172672,3.5));
#11141=CARTESIAN_POINT('',(-105.495971428738,3.5));
#11142=CARTESIAN_POINT('',(-107.814206172672,0.));
#11143=CARTESIAN_POINT('',(-107.814206172672,3.5));
#11144=CARTESIAN_POINT('',(0.973923607582983,-1.75));
#11145=CARTESIAN_POINT('',(-0.973923607582986,-1.75));
#11146=CARTESIAN_POINT('',(-4.46163091008798,-31.6250215418702,7.5));
#11147=CARTESIAN_POINT('',(-4.46163091008798,-31.6250215418702,4.));
#11148=CARTESIAN_POINT('',(0.973923607582983,-1.75));
#11149=CARTESIAN_POINT('',(0.973923607582983,1.75));
#11150=CARTESIAN_POINT('',(-0.973923607582986,1.75));
#11151=CARTESIAN_POINT('',(0.973923607582983,1.75));
#11152=CARTESIAN_POINT('',(-0.973923607582986,-1.75));
#11153=CARTESIAN_POINT('',(-0.973923607582986,1.75));
#11154=CARTESIAN_POINT('',(2.83746060110105,0.470000000000002));
#11155=CARTESIAN_POINT('',(2.12380269059718,0.470000000000004));
#11156=CARTESIAN_POINT('',(3.6087076896359,0.47));
#11157=CARTESIAN_POINT('',(2.83746060110105,0.470000000000002));
#11158=CARTESIAN_POINT('',(-5.22927268393883,-29.0362077271551,7.5));
#11159=CARTESIAN_POINT('',(-5.22927268393883,-29.0362077271551,4.));
#11160=CARTESIAN_POINT('',(3.6087076896359,0.47));
#11161=CARTESIAN_POINT('',(3.6087076896359,3.97));
#11162=CARTESIAN_POINT('',(2.12380269059718,3.97));
#11163=CARTESIAN_POINT('',(3.6087076896359,3.97));
#11164=CARTESIAN_POINT('',(2.12380269059718,0.470000000000004));
#11165=CARTESIAN_POINT('',(2.12380269059718,3.97));
#11166=CARTESIAN_POINT('',(-0.1098404905168,1.75));
#11167=CARTESIAN_POINT('',(0.109840490516793,1.75));
#11168=CARTESIAN_POINT('',(-5.13316978565344,-28.8386628806796,7.5));
#11169=CARTESIAN_POINT('',(-5.13316978565344,-28.8386628806796,4.));
#11170=CARTESIAN_POINT('',(-0.1098404905168,1.75));
#11171=CARTESIAN_POINT('',(-0.1098404905168,-1.75));
#11172=CARTESIAN_POINT('',(0.109840490516793,-1.75));
#11173=CARTESIAN_POINT('',(-0.1098404905168,-1.75));
#11174=CARTESIAN_POINT('',(0.109840490516793,1.75));
#11175=CARTESIAN_POINT('',(0.109840490516793,-1.75));
#11176=CARTESIAN_POINT('',(3.97000000000001,5.10928422087505));
#11177=CARTESIAN_POINT('',(3.97000000000001,3.89305919131464));
#11178=CARTESIAN_POINT('',(0.470000000000003,5.10928422087505));
#11179=CARTESIAN_POINT('',(3.97000000000001,5.10928422087505));
#11180=CARTESIAN_POINT('',(0.470000000000004,2.67447761754369));
#11181=CARTESIAN_POINT('',(0.470000000000003,5.10928422087505));
#11182=CARTESIAN_POINT('',(3.97000000000001,2.67447761754369));
#11183=CARTESIAN_POINT('',(0.470000000000004,2.67447761754369));
#11184=CARTESIAN_POINT('',(3.97000000000001,3.89305919131464));
#11185=CARTESIAN_POINT('',(3.97000000000001,2.67447761754369));
#11186=CARTESIAN_POINT('',(10.57,4.71238898038469));
#11187=CARTESIAN_POINT('',(10.57,1.5707963267949));
#11188=CARTESIAN_POINT('',(1.07,4.71238898038469));
#11189=CARTESIAN_POINT('',(10.57,4.71238898038469));
#11190=CARTESIAN_POINT('',(1.07,1.5707963267949));
#11191=CARTESIAN_POINT('',(1.07,4.71238898038469));
#11192=CARTESIAN_POINT('',(10.57,1.5707963267949));
#11193=CARTESIAN_POINT('',(1.07,1.5707963267949));
#11194=CARTESIAN_POINT('',(5.23663378315656,5.98121181092965,2.86159649856364));
#11195=CARTESIAN_POINT('',(5.23663378315656,5.98121181092965,0.));
#11196=CARTESIAN_POINT('',(4.95840350143636,1.5707963267949));
#11197=CARTESIAN_POINT('',(7.82,1.5707963267949));
#11198=CARTESIAN_POINT('',(7.82,4.71238898038469));
#11199=CARTESIAN_POINT('',(7.82,1.5707963267949));
#11200=CARTESIAN_POINT('',(2.03663378315656,5.98121181092965,0.));
#11201=CARTESIAN_POINT('',(2.03663378315656,5.98121181092965,2.86159649856364));
#11202=CARTESIAN_POINT('',(7.82,4.71238898038469));
#11203=CARTESIAN_POINT('',(4.95840350143636,4.71238898038469));
#11204=CARTESIAN_POINT('',(2.03663378315656,5.98121181092965,2.86159649856364));
#11205=CARTESIAN_POINT('',(2.03663378315656,4.38121181092965,2.86159649856364));
#11206=CARTESIAN_POINT('',(3.63663378315656,4.38121181092965,2.86159649856364));
#11207=CARTESIAN_POINT('',(5.23663378315656,4.38121181092965,2.86159649856364));
#11208=CARTESIAN_POINT('',(5.23663378315656,5.98121181092965,2.86159649856364));
#11209=CARTESIAN_POINT('',(4.95840350143636,4.71238898038469));
#11210=CARTESIAN_POINT('',(4.95840350143636,1.5707963267949));
#11211=CARTESIAN_POINT('',(-4.38121181092965,3.63663378315657,2.86159649856364));
#11212=CARTESIAN_POINT('',(-4.38121181092965,3.63663378315657,0.));
#11213=CARTESIAN_POINT('',(4.95840350143636,1.5707963267949));
#11214=CARTESIAN_POINT('',(7.82,1.5707963267949));
#11215=CARTESIAN_POINT('',(7.82,4.71238898038469));
#11216=CARTESIAN_POINT('',(7.82,1.5707963267949));
#11217=CARTESIAN_POINT('',(-7.58121181092965,3.63663378315657,0.));
#11218=CARTESIAN_POINT('',(-7.58121181092965,3.63663378315657,2.86159649856364));
#11219=CARTESIAN_POINT('',(7.82,4.71238898038469));
#11220=CARTESIAN_POINT('',(4.95840350143636,4.71238898038469));
#11221=CARTESIAN_POINT('',(-7.58121181092965,3.63663378315657,2.86159649856364));
#11222=CARTESIAN_POINT('',(-7.58121181092965,2.03663378315657,2.86159649856364));
#11223=CARTESIAN_POINT('',(-5.98121181092965,2.03663378315657,2.86159649856364));
#11224=CARTESIAN_POINT('',(-4.38121181092965,2.03663378315657,2.86159649856364));
#11225=CARTESIAN_POINT('',(-4.38121181092965,3.63663378315657,2.86159649856364));
#11226=CARTESIAN_POINT('',(4.95840350143636,4.71238898038469));
#11227=CARTESIAN_POINT('',(4.95840350143636,1.5707963267949));
#11228=CARTESIAN_POINT('',(7.58121181092965,-3.63663378315656,2.86159649856364));
#11229=CARTESIAN_POINT('',(7.58121181092965,-3.63663378315656,0.));
#11230=CARTESIAN_POINT('',(4.95840350143636,1.5707963267949));
#11231=CARTESIAN_POINT('',(7.82,1.5707963267949));
#11232=CARTESIAN_POINT('',(7.82,4.71238898038469));
#11233=CARTESIAN_POINT('',(7.82,1.5707963267949));
#11234=CARTESIAN_POINT('',(4.38121181092965,-3.63663378315656,0.));
#11235=CARTESIAN_POINT('',(4.38121181092965,-3.63663378315656,2.86159649856364));
#11236=CARTESIAN_POINT('',(7.82,4.71238898038469));
#11237=CARTESIAN_POINT('',(4.95840350143636,4.71238898038469));
#11238=CARTESIAN_POINT('',(4.38121181092965,-3.63663378315656,2.86159649856364));
#11239=CARTESIAN_POINT('',(4.38121181092965,-5.23663378315656,2.86159649856364));
#11240=CARTESIAN_POINT('',(5.98121181092965,-5.23663378315656,2.86159649856364));
#11241=CARTESIAN_POINT('',(7.58121181092965,-5.23663378315656,2.86159649856364));
#11242=CARTESIAN_POINT('',(7.58121181092965,-3.63663378315656,2.86159649856364));
#11243=CARTESIAN_POINT('',(4.95840350143636,4.71238898038469));
#11244=CARTESIAN_POINT('',(4.95840350143636,1.5707963267949));
#11245=CARTESIAN_POINT('',(-2.03663378315656,-5.98121181092965,2.86159649856364));
#11246=CARTESIAN_POINT('',(-2.03663378315656,-5.98121181092965,0.));
#11247=CARTESIAN_POINT('',(4.95840350143636,1.5707963267949));
#11248=CARTESIAN_POINT('',(7.82,1.5707963267949));
#11249=CARTESIAN_POINT('',(7.82,4.71238898038469));
#11250=CARTESIAN_POINT('',(7.82,1.5707963267949));
#11251=CARTESIAN_POINT('',(-5.23663378315656,-5.98121181092965,0.));
#11252=CARTESIAN_POINT('',(-5.23663378315656,-5.98121181092965,2.86159649856364));
#11253=CARTESIAN_POINT('',(7.82,4.71238898038469));
#11254=CARTESIAN_POINT('',(4.95840350143636,4.71238898038469));
#11255=CARTESIAN_POINT('',(-5.23663378315656,-5.98121181092965,2.86159649856364));
#11256=CARTESIAN_POINT('',(-5.23663378315656,-7.58121181092965,2.86159649856364));
#11257=CARTESIAN_POINT('',(-3.63663378315656,-7.58121181092965,2.86159649856364));
#11258=CARTESIAN_POINT('',(-2.03663378315656,-7.58121181092965,2.86159649856364));
#11259=CARTESIAN_POINT('',(-2.03663378315656,-5.98121181092965,2.86159649856364));
#11260=CARTESIAN_POINT('',(4.95840350143636,4.71238898038469));
#11261=CARTESIAN_POINT('',(4.95840350143636,1.5707963267949));
#11262=CARTESIAN_POINT('',(7.82,1.5707963267949));
#11263=CARTESIAN_POINT('',(4.95840350143636,1.5707963267949));
#11264=CARTESIAN_POINT('',(7.82,4.71238898038469));
#11265=CARTESIAN_POINT('',(7.82,1.5707963267949));
#11266=CARTESIAN_POINT('',(4.95840350143636,4.71238898038469));
#11267=CARTESIAN_POINT('',(7.82,4.71238898038469));
#11268=CARTESIAN_POINT('',(5.23663378315656,5.98121181092965,2.86159649856364));
#11269=CARTESIAN_POINT('',(5.23663378315656,7.58121181092965,2.86159649856364));
#11270=CARTESIAN_POINT('',(3.63663378315656,7.58121181092965,2.86159649856364));
#11271=CARTESIAN_POINT('',(2.03663378315656,7.58121181092965,2.86159649856364));
#11272=CARTESIAN_POINT('',(2.03663378315656,5.98121181092965,2.86159649856364));
#11273=CARTESIAN_POINT('',(4.95840350143636,4.71238898038469));
#11274=CARTESIAN_POINT('',(4.95840350143636,1.5707963267949));
#11275=CARTESIAN_POINT('',(7.82,1.5707963267949));
#11276=CARTESIAN_POINT('',(4.95840350143636,1.5707963267949));
#11277=CARTESIAN_POINT('',(7.82,4.71238898038469));
#11278=CARTESIAN_POINT('',(7.82,1.5707963267949));
#11279=CARTESIAN_POINT('',(4.95840350143636,4.71238898038469));
#11280=CARTESIAN_POINT('',(7.82,4.71238898038469));
#11281=CARTESIAN_POINT('',(-4.38121181092965,3.63663378315657,2.86159649856364));
#11282=CARTESIAN_POINT('',(-4.38121181092965,5.23663378315657,2.86159649856364));
#11283=CARTESIAN_POINT('',(-5.98121181092965,5.23663378315657,2.86159649856364));
#11284=CARTESIAN_POINT('',(-7.58121181092965,5.23663378315657,2.86159649856364));
#11285=CARTESIAN_POINT('',(-7.58121181092965,3.63663378315657,2.86159649856364));
#11286=CARTESIAN_POINT('',(4.95840350143636,4.71238898038469));
#11287=CARTESIAN_POINT('',(4.95840350143636,1.5707963267949));
#11288=CARTESIAN_POINT('',(7.82,1.5707963267949));
#11289=CARTESIAN_POINT('',(4.95840350143636,1.5707963267949));
#11290=CARTESIAN_POINT('',(7.82,4.71238898038469));
#11291=CARTESIAN_POINT('',(7.82,1.5707963267949));
#11292=CARTESIAN_POINT('',(4.95840350143636,4.71238898038469));
#11293=CARTESIAN_POINT('',(7.82,4.71238898038469));
#11294=CARTESIAN_POINT('',(7.58121181092965,-3.63663378315656,2.86159649856364));
#11295=CARTESIAN_POINT('',(7.58121181092965,-2.03663378315656,2.86159649856364));
#11296=CARTESIAN_POINT('',(5.98121181092965,-2.03663378315656,2.86159649856364));
#11297=CARTESIAN_POINT('',(4.38121181092965,-2.03663378315656,2.86159649856364));
#11298=CARTESIAN_POINT('',(4.38121181092965,-3.63663378315656,2.86159649856364));
#11299=CARTESIAN_POINT('',(4.95840350143636,4.71238898038469));
#11300=CARTESIAN_POINT('',(4.95840350143636,1.5707963267949));
#11301=CARTESIAN_POINT('',(7.82,1.5707963267949));
#11302=CARTESIAN_POINT('',(4.95840350143636,1.5707963267949));
#11303=CARTESIAN_POINT('',(7.82,4.71238898038469));
#11304=CARTESIAN_POINT('',(7.82,1.5707963267949));
#11305=CARTESIAN_POINT('',(4.95840350143636,4.71238898038469));
#11306=CARTESIAN_POINT('',(7.82,4.71238898038469));
#11307=CARTESIAN_POINT('',(-2.03663378315656,-5.98121181092965,2.86159649856364));
#11308=CARTESIAN_POINT('',(-2.03663378315656,-4.38121181092965,2.86159649856364));
#11309=CARTESIAN_POINT('',(-3.63663378315656,-4.38121181092965,2.86159649856364));
#11310=CARTESIAN_POINT('',(-5.23663378315656,-4.38121181092965,2.86159649856364));
#11311=CARTESIAN_POINT('',(-5.23663378315656,-5.98121181092965,2.86159649856364));
#11312=CARTESIAN_POINT('',(4.95840350143636,4.71238898038469));
#11313=CARTESIAN_POINT('',(4.95840350143636,1.5707963267949));
#11314=CARTESIAN_POINT('',(-6.53663378315655,-5.98121181092965,2.86159649856364));
#11315=CARTESIAN_POINT('',(-6.53663378315655,-3.08121181092966,2.86159649856364));
#11316=CARTESIAN_POINT('',(-3.63663378315656,-3.08121181092966,2.86159649856364));
#11317=CARTESIAN_POINT('',(-0.736633783156569,-3.08121181092966,2.86159649856364));
#11318=CARTESIAN_POINT('',(-0.736633783156569,-5.98121181092965,2.86159649856364));
#11319=CARTESIAN_POINT('',(0.,8.95353906273091));
#11320=CARTESIAN_POINT('',(0.,0.));
#11321=CARTESIAN_POINT('',(-0.736633783156569,-5.98121181092965,2.86159649856364));
#11322=CARTESIAN_POINT('',(-0.736633783156569,-5.98121181092965,9.5));
#11323=CARTESIAN_POINT('',(0.,0.));
#11324=CARTESIAN_POINT('',(6.63840350143636,0.));
#11325=CARTESIAN_POINT('',(6.63840350143636,8.95353906273091));
#11326=CARTESIAN_POINT('',(6.63840350143636,4.47676953136547));
#11327=CARTESIAN_POINT('',(6.63840350143636,0.));
#11328=CARTESIAN_POINT('',(-6.53663378315655,-5.98121181092965,9.5));
#11329=CARTESIAN_POINT('',(-6.53663378315655,-5.98121181092965,2.86159649856364));
#11330=CARTESIAN_POINT('',(6.63840350143636,8.95353906273091));
#11331=CARTESIAN_POINT('',(0.,8.95353906273091));
#11332=CARTESIAN_POINT('',(-2.89999999999999,3.55147571752731E-16));
#11333=CARTESIAN_POINT('',(-2.89999999999999,2.89999999999999));
#11334=CARTESIAN_POINT('',(1.77573785876366E-16,2.89999999999999));
#11335=CARTESIAN_POINT('',(2.89999999999999,2.89999999999999));
#11336=CARTESIAN_POINT('',(2.89999999999999,0.));
#11337=CARTESIAN_POINT('',(-6.53663378315655,-5.98121181092965,2.86159649856364));
#11338=CARTESIAN_POINT('',(-6.53663378315655,-8.88121181092964,2.86159649856364));
#11339=CARTESIAN_POINT('',(-3.63663378315656,-8.88121181092964,2.86159649856364));
#11340=CARTESIAN_POINT('',(-0.736633783156571,-8.88121181092964,2.86159649856364));
#11341=CARTESIAN_POINT('',(-0.736633783156569,-5.98121181092965,2.86159649856364));
#11342=CARTESIAN_POINT('',(-2.89999999999999,3.55147571752731E-16));
#11343=CARTESIAN_POINT('',(-2.89999999999999,-2.89999999999999));
#11344=CARTESIAN_POINT('',(-5.32721357629097E-16,-2.89999999999999));
#11345=CARTESIAN_POINT('',(2.89999999999999,-2.89999999999999));
#11346=CARTESIAN_POINT('',(2.89999999999999,0.));
#11347=CARTESIAN_POINT('',(-1.6,3.52355413007672E-15));
#11348=CARTESIAN_POINT('',(-1.6,-1.6));
#11349=CARTESIAN_POINT('',(-4.1492966112628E-16,-1.6));
#11350=CARTESIAN_POINT('',(1.6,-1.6));
#11351=CARTESIAN_POINT('',(1.6,2.80206971015408E-15));
#11352=CARTESIAN_POINT('',(1.6,2.80206971015408E-15));
#11353=CARTESIAN_POINT('',(1.6,1.6));
#11354=CARTESIAN_POINT('',(3.06554758796358E-16,1.6));
#11355=CARTESIAN_POINT('',(-1.6,1.6));
#11356=CARTESIAN_POINT('',(-1.6,3.52355413007672E-15));
#11357=CARTESIAN_POINT('',(5.98121181092965,-6.53663378315655,2.86159649856364));
#11358=CARTESIAN_POINT('',(3.08121181092966,-6.53663378315655,2.86159649856364));
#11359=CARTESIAN_POINT('',(3.08121181092966,-3.63663378315656,2.86159649856364));
#11360=CARTESIAN_POINT('',(3.08121181092966,-0.736633783156569,2.86159649856364));
#11361=CARTESIAN_POINT('',(5.98121181092965,-0.736633783156569,2.86159649856364));
#11362=CARTESIAN_POINT('',(0.,8.95353906273091));
#11363=CARTESIAN_POINT('',(0.,0.));
#11364=CARTESIAN_POINT('',(5.98121181092965,-0.736633783156569,2.86159649856364));
#11365=CARTESIAN_POINT('',(5.98121181092965,-0.736633783156568,9.49999999999999));
#11366=CARTESIAN_POINT('',(0.,0.));
#11367=CARTESIAN_POINT('',(6.63840350143636,0.));
#11368=CARTESIAN_POINT('',(6.63840350142218,8.95353906273091));
#11369=CARTESIAN_POINT('',(6.63840350142218,4.47676953136547));
#11370=CARTESIAN_POINT('',(6.63840350143636,0.));
#11371=CARTESIAN_POINT('',(5.98121181092965,-6.53663378315655,9.49999999998582));
#11372=CARTESIAN_POINT('',(5.98121181092965,-6.53663378315655,2.86159649856364));
#11373=CARTESIAN_POINT('',(6.63840350142218,8.95353906273091));
#11374=CARTESIAN_POINT('',(0.,8.95353906273091));
#11375=CARTESIAN_POINT('',(-2.89999999999999,3.55147571752731E-16));
#11376=CARTESIAN_POINT('',(-2.89999999999999,2.89999999999999));
#11377=CARTESIAN_POINT('',(1.77573785876366E-16,2.89999999999999));
#11378=CARTESIAN_POINT('',(2.89999999999999,2.89999999999999));
#11379=CARTESIAN_POINT('',(2.89999999999999,0.));
#11380=CARTESIAN_POINT('',(5.98121181092965,-6.53663378315655,2.86159649856364));
#11381=CARTESIAN_POINT('',(8.88121181092964,-6.53663378315655,2.86159649856364));
#11382=CARTESIAN_POINT('',(8.88121181092964,-3.63663378315656,2.86159649856364));
#11383=CARTESIAN_POINT('',(8.88121181092964,-0.736633783156571,2.86159649856364));
#11384=CARTESIAN_POINT('',(5.98121181092965,-0.736633783156569,2.86159649856364));
#11385=CARTESIAN_POINT('',(-2.89999999999999,3.55147571752731E-16));
#11386=CARTESIAN_POINT('',(-2.89999999999999,-2.89999999999999));
#11387=CARTESIAN_POINT('',(-5.32721357629097E-16,-2.89999999999999));
#11388=CARTESIAN_POINT('',(2.89999999999999,-2.89999999999999));
#11389=CARTESIAN_POINT('',(2.89999999999999,0.));
#11390=CARTESIAN_POINT('',(8.63236619712718E-16,-1.6));
#11391=CARTESIAN_POINT('',(1.6,-1.6));
#11392=CARTESIAN_POINT('',(1.6,2.41754885418794E-15));
#11393=CARTESIAN_POINT('',(1.6,1.6));
#11394=CARTESIAN_POINT('',(1.37214456923546E-15,1.6));
#11395=CARTESIAN_POINT('',(1.37214456923546E-15,1.6));
#11396=CARTESIAN_POINT('',(-1.6,1.6));
#11397=CARTESIAN_POINT('',(-1.6,2.92645680371068E-15));
#11398=CARTESIAN_POINT('',(-1.6,-1.6));
#11399=CARTESIAN_POINT('',(8.63236619712718E-16,-1.6));
#11400=CARTESIAN_POINT('',(6.53663378315655,5.98121181092965,2.86159649856364));
#11401=CARTESIAN_POINT('',(6.53663378315655,3.08121181092966,2.86159649856364));
#11402=CARTESIAN_POINT('',(3.63663378315656,3.08121181092966,2.86159649856364));
#11403=CARTESIAN_POINT('',(0.736633783156569,3.08121181092966,2.86159649856364));
#11404=CARTESIAN_POINT('',(0.736633783156569,5.98121181092965,2.86159649856364));
#11405=CARTESIAN_POINT('',(0.,8.95353906273091));
#11406=CARTESIAN_POINT('',(0.,0.));
#11407=CARTESIAN_POINT('',(0.736633783156569,5.98121181092965,2.86159649856364));
#11408=CARTESIAN_POINT('',(0.736633783156565,5.98121181092965,9.5));
#11409=CARTESIAN_POINT('',(0.,0.));
#11410=CARTESIAN_POINT('',(6.63840350143636,0.));
#11411=CARTESIAN_POINT('',(6.63840350143636,7.81662690232934));
#11412=CARTESIAN_POINT('',(6.63840350143636,4.47676953136547));
#11413=CARTESIAN_POINT('',(6.63840350143636,0.));
#11414=CARTESIAN_POINT('',(6.63792117861501,7.86629271343433));
#11415=CARTESIAN_POINT('',(6.63840350143636,7.81662690232934));
#11416=CARTESIAN_POINT('',(6.44387990654106,8.95353906273091));
#11417=CARTESIAN_POINT('',(6.55501598439237,8.58962743251918));
#11418=CARTESIAN_POINT('',(6.63121032347633,8.21389371953739));
#11419=CARTESIAN_POINT('',(6.63792117861501,7.86629271343433));
#11420=CARTESIAN_POINT('',(6.53663378315655,5.98121181092965,9.30558046807292));
#11421=CARTESIAN_POINT('',(6.53663378315655,5.98121181092965,2.86159649856364));
#11422=CARTESIAN_POINT('',(6.44387990654106,8.95353906273091));
#11423=CARTESIAN_POINT('',(0.,8.95353906273091));
#11424=CARTESIAN_POINT('',(-2.89999999999999,3.55147571752731E-16));
#11425=CARTESIAN_POINT('',(-2.89999999999999,2.89999999999999));
#11426=CARTESIAN_POINT('',(1.77573785876366E-16,2.89999999999999));
#11427=CARTESIAN_POINT('',(2.89999999999999,2.89999999999999));
#11428=CARTESIAN_POINT('',(2.89999999999999,0.));
#11429=CARTESIAN_POINT('',(6.53663378315655,5.98121181092965,2.86159649856364));
#11430=CARTESIAN_POINT('',(6.53663378315655,8.88121181092964,2.86159649856364));
#11431=CARTESIAN_POINT('',(3.63663378315656,8.88121181092964,2.86159649856364));
#11432=CARTESIAN_POINT('',(0.736633783156571,8.88121181092964,2.86159649856364));
#11433=CARTESIAN_POINT('',(0.736633783156569,5.98121181092965,2.86159649856364));
#11434=CARTESIAN_POINT('',(-2.89999999999999,3.55147571752731E-16));
#11435=CARTESIAN_POINT('',(-2.89999999999999,-2.89999999999999));
#11436=CARTESIAN_POINT('',(-5.32721357629097E-16,-2.89999999999999));
#11437=CARTESIAN_POINT('',(2.89999999999999,-2.89999999999999));
#11438=CARTESIAN_POINT('',(2.89999999999999,0.));
#11439=CARTESIAN_POINT('',(-1.6,3.43473628810671E-15));
#11440=CARTESIAN_POINT('',(-1.6,-1.6));
#11441=CARTESIAN_POINT('',(1.17977390693796E-16,-1.6));
#11442=CARTESIAN_POINT('',(1.6,-1.6));
#11443=CARTESIAN_POINT('',(1.6,3.67993491081838E-15));
#11444=CARTESIAN_POINT('',(1.6,3.67993491081838E-15));
#11445=CARTESIAN_POINT('',(1.6,1.6));
#11446=CARTESIAN_POINT('',(-1.2722123201788E-16,1.6));
#11447=CARTESIAN_POINT('',(-1.6,1.6));
#11448=CARTESIAN_POINT('',(-1.6,3.43473628810671E-15));
#11449=CARTESIAN_POINT('',(-5.98121181092965,6.53663378315655,2.86159649856364));
#11450=CARTESIAN_POINT('',(-3.08121181092966,6.53663378315655,2.86159649856364));
#11451=CARTESIAN_POINT('',(-3.08121181092966,3.63663378315656,2.86159649856364));
#11452=CARTESIAN_POINT('',(-3.08121181092966,0.736633783156569,2.86159649856364));
#11453=CARTESIAN_POINT('',(-5.98121181092965,0.736633783156569,2.86159649856364));
#11454=CARTESIAN_POINT('',(0.,8.95353906273091));
#11455=CARTESIAN_POINT('',(0.,0.));
#11456=CARTESIAN_POINT('',(-5.98121181092965,0.736633783156569,2.86159649856364));
#11457=CARTESIAN_POINT('',(-5.98121181092965,0.736633783156568,9.5));
#11458=CARTESIAN_POINT('',(0.,0.));
#11459=CARTESIAN_POINT('',(6.63840350143636,0.));
#11460=CARTESIAN_POINT('',(6.63840350143636,8.95353906273091));
#11461=CARTESIAN_POINT('',(6.63840350143636,4.47676953136547));
#11462=CARTESIAN_POINT('',(6.63840350143636,0.));
#11463=CARTESIAN_POINT('',(-5.98121181092965,6.53663378315655,9.5));
#11464=CARTESIAN_POINT('',(-5.98121181092965,6.53663378315655,2.86159649856364));
#11465=CARTESIAN_POINT('',(6.63840350143636,8.95353906273091));
#11466=CARTESIAN_POINT('',(0.,8.95353906273091));
#11467=CARTESIAN_POINT('',(-2.89999999999999,3.55147571752731E-16));
#11468=CARTESIAN_POINT('',(-2.89999999999999,2.89999999999999));
#11469=CARTESIAN_POINT('',(1.77573785876366E-16,2.89999999999999));
#11470=CARTESIAN_POINT('',(2.89999999999999,2.89999999999999));
#11471=CARTESIAN_POINT('',(2.89999999999999,0.));
#11472=CARTESIAN_POINT('',(-5.98121181092965,6.53663378315655,2.86159649856364));
#11473=CARTESIAN_POINT('',(-8.88121181092964,6.53663378315655,2.86159649856364));
#11474=CARTESIAN_POINT('',(-8.88121181092964,3.63663378315656,2.86159649856364));
#11475=CARTESIAN_POINT('',(-8.88121181092964,0.736633783156571,2.86159649856364));
#11476=CARTESIAN_POINT('',(-5.98121181092965,0.736633783156569,2.86159649856364));
#11477=CARTESIAN_POINT('',(-2.89999999999999,3.55147571752731E-16));
#11478=CARTESIAN_POINT('',(-2.89999999999999,-2.89999999999999));
#11479=CARTESIAN_POINT('',(-5.32721357629097E-16,-2.89999999999999));
#11480=CARTESIAN_POINT('',(2.89999999999999,-2.89999999999999));
#11481=CARTESIAN_POINT('',(2.89999999999999,0.));
#11482=CARTESIAN_POINT('',(-8.80652555827108E-15,-1.6));
#11483=CARTESIAN_POINT('',(1.59999999999999,-1.6));
#11484=CARTESIAN_POINT('',(1.59999999999999,2.96183850275559E-15));
#11485=CARTESIAN_POINT('',(1.59999999999999,1.6));
#11486=CARTESIAN_POINT('',(-9.43855599727992E-15,1.6));
#11487=CARTESIAN_POINT('',(-9.43855599727992E-15,1.6));
#11488=CARTESIAN_POINT('',(-1.60000000000001,1.6));
#11489=CARTESIAN_POINT('',(-1.60000000000001,2.32980806374674E-15));
#11490=CARTESIAN_POINT('',(-1.60000000000001,-1.59999999999999));
#11491=CARTESIAN_POINT('',(-8.80652555827108E-15,-1.6));
#11492=CARTESIAN_POINT('',(6.63840350143636,8.95353906273091));
#11493=CARTESIAN_POINT('',(0.,8.95353906273091));
#11494=CARTESIAN_POINT('',(6.63840350143636,17.9070781254618));
#11495=CARTESIAN_POINT('',(6.63840350143636,13.4303085940964));
#11496=CARTESIAN_POINT('',(6.63840350143636,8.95353906273091));
#11497=CARTESIAN_POINT('',(0.,17.9070781254618));
#11498=CARTESIAN_POINT('',(6.63840350143636,17.9070781254618));
#11499=CARTESIAN_POINT('',(0.,8.95353906273091));
#11500=CARTESIAN_POINT('',(0.,17.9070781254618));
#11501=CARTESIAN_POINT('',(6.63840350142218,8.95353906273091));
#11502=CARTESIAN_POINT('',(0.,8.95353906273091));
#11503=CARTESIAN_POINT('',(6.63840350142218,9.60367813822912));
#11504=CARTESIAN_POINT('',(6.63840350142218,8.95353906273091));
#11505=CARTESIAN_POINT('',(6.50240739857591,15.0172563450028));
#11506=CARTESIAN_POINT('',(6.34489799782368,14.4795484868688));
#11507=CARTESIAN_POINT('',(6.09886624287654,13.9751617759615));
#11508=CARTESIAN_POINT('',(5.95872397348168,13.4303085940964));
#11509=CARTESIAN_POINT('',(5.8560601974488,13.0311664560724));
#11510=CARTESIAN_POINT('',(5.81073689262859,12.6539520294772));
#11511=CARTESIAN_POINT('',(5.89050570802391,12.2403786155707));
#11512=CARTESIAN_POINT('',(5.96166739652141,11.8714301448505));
#11513=CARTESIAN_POINT('',(6.10725630872726,11.5352828767233));
#11514=CARTESIAN_POINT('',(6.24549007512102,11.1919238284136));
#11515=CARTESIAN_POINT('',(6.45314589780269,10.6761272360757));
#11516=CARTESIAN_POINT('',(6.63840350143655,10.1805057289775));
#11517=CARTESIAN_POINT('',(6.63840350142218,9.60367813822912));
#11518=CARTESIAN_POINT('',(6.63840350143636,15.8743408675437));
#11519=CARTESIAN_POINT('',(6.63840350143636,15.5779678083661));
#11520=CARTESIAN_POINT('',(6.5851414854637,15.2993511929963));
#11521=CARTESIAN_POINT('',(6.50240739857591,15.0172563450028));
#11522=CARTESIAN_POINT('',(6.63840350143635,17.9070781254618));
#11523=CARTESIAN_POINT('',(6.63840350143636,15.8743408675437));
#11524=CARTESIAN_POINT('',(0.,17.9070781254618));
#11525=CARTESIAN_POINT('',(6.63840350143635,17.9070781254618));
#11526=CARTESIAN_POINT('',(0.,8.95353906273091));
#11527=CARTESIAN_POINT('',(0.,17.9070781254618));
#11528=CARTESIAN_POINT('',(6.44387990654106,8.95353906273091));
#11529=CARTESIAN_POINT('',(0.,8.95353906273091));
#11530=CARTESIAN_POINT('',(6.63840350143636,15.8743408675436));
#11531=CARTESIAN_POINT('',(6.63840350143635,15.8056055291118));
#11532=CARTESIAN_POINT('',(6.63538157887144,15.7371801951453));
#11533=CARTESIAN_POINT('',(6.6296497460465,15.6686933597791));
#11534=CARTESIAN_POINT('',(6.56494732344668,14.8955961150185));
#11535=CARTESIAN_POINT('',(6.1502253757655,14.0987074943941));
#11536=CARTESIAN_POINT('',(5.84248851456424,13.4303085940964));
#11537=CARTESIAN_POINT('',(5.67014899051778,13.0559902628415));
#11538=CARTESIAN_POINT('',(5.46901740225799,12.6970824421491));
#11539=CARTESIAN_POINT('',(5.34237902229221,12.3000221055532));
#11540=CARTESIAN_POINT('',(5.21458938308983,11.8993521256556));
#11541=CARTESIAN_POINT('',(5.25777893436526,11.5691637198868));
#11542=CARTESIAN_POINT('',(5.41873702512435,11.1919238284136));
#11543=CARTESIAN_POINT('',(5.6028561628614,10.7604010437527));
#11544=CARTESIAN_POINT('',(5.84892776348299,10.3626590569937));
#11545=CARTESIAN_POINT('',(6.05261706380945,9.94210979650688));
#11546=CARTESIAN_POINT('',(6.19502012814849,9.64809580901288));
#11547=CARTESIAN_POINT('',(6.33587614242386,9.30639086005099));
#11548=CARTESIAN_POINT('',(6.44387990654106,8.95353906273091));
#11549=CARTESIAN_POINT('',(6.63840350143636,17.9070781254618));
#11550=CARTESIAN_POINT('',(6.63840350143636,15.8743408675436));
#11551=CARTESIAN_POINT('',(0.,17.9070781254618));
#11552=CARTESIAN_POINT('',(6.63840350143636,17.9070781254618));
#11553=CARTESIAN_POINT('',(0.,8.95353906273091));
#11554=CARTESIAN_POINT('',(0.,17.9070781254618));
#11555=CARTESIAN_POINT('',(6.63840350143636,8.95353906273091));
#11556=CARTESIAN_POINT('',(0.,8.95353906273091));
#11557=CARTESIAN_POINT('',(6.63840350143636,17.9070781254618));
#11558=CARTESIAN_POINT('',(6.63840350143636,13.4303085940964));
#11559=CARTESIAN_POINT('',(6.63840350143636,8.95353906273091));
#11560=CARTESIAN_POINT('',(0.,17.9070781254618));
#11561=CARTESIAN_POINT('',(6.63840350143636,17.9070781254618));
#11562=CARTESIAN_POINT('',(0.,8.95353906273091));
#11563=CARTESIAN_POINT('',(0.,17.9070781254618));
#11564=CARTESIAN_POINT('',(0.,0.,0.));
#11565=(
GEOMETRIC_REPRESENTATION_CONTEXT(2)
PARAMETRIC_REPRESENTATION_CONTEXT()
REPRESENTATION_CONTEXT('pspace','')
);
ENDSEC;
END-ISO-10303-21;
