ISO-10303-21;
HEADER;
/* Generated by software containing ST-Developer
 * from STEP Tools, Inc. (www.steptools.com) 
 */
/* OPTION: using custom schema-name function */

FILE_DESCRIPTION(
/* description */ (''),
/* implementation_level */ '2;1');

FILE_NAME(
/* name */ 'STE5004',
/* time_stamp */ '2026-02-28T19:01:59+08:00',
/* author */ (''),
/* organization */ (''),
/* preprocessor_version */ 'ST-DEVELOPER v16.5',
/* originating_system */ '',
/* authorisation */ '');

FILE_SCHEMA (('CONFIG_CONTROL_DESIGN'));
ENDSEC;

DATA;
#10=SHAPE_REPRESENTATION_RELATIONSHIP('','',#6191,#12);
#11=MANIFOLD_SOLID_BREP('brep_1',#13);
#12=ADVANCED_BREP_SHAPE_REPRESENTATION('brep_rep_0',(#11,#6554),#6190);
#13=CLOSED_SHELL('',(#56,#57,#58,#59,#60,#61,#62,#63,#64,#65,#66,#67,#68,
#69,#70,#71,#72,#73,#74,#75,#76,#77,#78,#79,#80,#81,#82,#83,#84,#85,#86,
#87,#88,#89,#90,#91,#92,#93,#94,#95,#96,#97,#98,#99,#100,#101,#102,#103,
#104,#105,#106,#107,#108,#109,#110,#111,#112,#113,#114,#115,#116,#117,#118,
#119,#120,#121,#122,#123,#124,#125,#126,#127,#128,#129,#130,#131,#132,#133,
#134,#135,#136,#137,#138,#139,#140,#141,#142,#143,#144,#145,#146,#147,#148,
#149,#150,#151,#152,#153,#154,#155,#156,#157,#158,#159,#160,#161,#162,#163,
#164,#165,#166,#167,#168,#169,#170,#171,#172,#173,#174,#175,#176,#177,#178,
#179,#180,#181,#182,#183,#184,#185,#186,#187,#188,#189,#190,#191,#192,#193,
#194,#195,#196,#197,#198,#199,#200,#201,#202,#203,#204,#205,#206,#207,#208,
#209,#210,#211,#212,#213,#214,#215,#216,#217,#218,#219,#220,#221,#222,#223,
#224,#225,#226,#227,#228,#229,#230,#231,#232,#233,#234,#235,#236,#237,#238,
#239,#240,#241,#242,#243,#244,#245,#246,#247,#248,#249,#250,#251,#252,#253,
#254,#255,#256,#257,#258,#259,#260,#261,#262,#263,#264,#265,#266,#267,#268,
#269,#270,#271,#272,#273,#274,#275,#276,#277,#278,#279,#280,#281,#282,#283,
#284,#285,#286,#287,#288,#289,#290,#291,#292,#293,#294,#295,#296,#297,#298,
#299,#300,#301,#302,#303,#304,#305,#306,#307,#308,#309,#310,#311,#312,#313,
#314,#315,#316,#317,#318,#319,#320,#321,#322,#323,#324,#325,#326,#327,#328,
#329,#330,#331,#332,#333,#334,#335,#336,#337,#338,#339,#340,#341,#342,#343,
#344,#345,#346,#347,#348,#349,#350,#351,#352,#353,#354,#355,#356,#357,#358,
#359,#360,#361,#362,#363,#364,#365,#366,#367,#368,#369,#370,#371,#372,#373,
#374,#375,#376,#377,#378,#379,#380,#381,#382,#383,#384,#385,#386,#387,#388,
#389,#390,#391,#392,#393,#394,#395,#396,#397,#398,#399,#400,#401,#402,#403,
#404,#405,#406,#407,#408,#409,#410,#411,#412,#413,#414,#415,#416,#417,#418,
#419,#420,#421,#422,#423,#424,#425,#426,#427,#428,#429,#430,#431,#432,#433,
#434,#435,#436,#437));
#14=FACE_BOUND('',#924,.T.);
#15=FACE_BOUND('',#927,.T.);
#16=FACE_BOUND('',#935,.T.);
#17=FACE_BOUND('',#945,.T.);
#18=FACE_BOUND('',#953,.T.);
#19=FACE_BOUND('',#961,.T.);
#20=FACE_BOUND('',#962,.T.);
#21=FACE_BOUND('',#963,.T.);
#22=FACE_BOUND('',#964,.T.);
#23=FACE_BOUND('',#965,.T.);
#24=FACE_BOUND('',#966,.T.);
#25=FACE_BOUND('',#967,.T.);
#26=FACE_BOUND('',#968,.T.);
#27=FACE_BOUND('',#969,.T.);
#28=FACE_BOUND('',#972,.T.);
#29=FACE_BOUND('',#973,.T.);
#30=FACE_BOUND('',#974,.T.);
#31=FACE_BOUND('',#975,.T.);
#32=FACE_BOUND('',#976,.T.);
#33=FACE_BOUND('',#1015,.T.);
#34=FACE_BOUND('',#1016,.T.);
#35=FACE_BOUND('',#1124,.T.);
#36=FACE_BOUND('',#1127,.T.);
#37=FACE_BOUND('',#1135,.T.);
#38=FACE_BOUND('',#1145,.T.);
#39=FACE_BOUND('',#1153,.T.);
#40=FACE_BOUND('',#1161,.T.);
#41=FACE_BOUND('',#1162,.T.);
#42=FACE_BOUND('',#1163,.T.);
#43=FACE_BOUND('',#1164,.T.);
#44=FACE_BOUND('',#1165,.T.);
#45=FACE_BOUND('',#1166,.T.);
#46=FACE_BOUND('',#1167,.T.);
#47=FACE_BOUND('',#1168,.T.);
#48=FACE_BOUND('',#1169,.T.);
#49=FACE_BOUND('',#1172,.T.);
#50=FACE_BOUND('',#1173,.T.);
#51=FACE_BOUND('',#1174,.T.);
#52=FACE_BOUND('',#1175,.T.);
#53=FACE_BOUND('',#1176,.T.);
#54=FACE_BOUND('',#1215,.T.);
#55=FACE_BOUND('',#1216,.T.);
#56=ADVANCED_FACE('',(#438),#5723,.T.);
#57=ADVANCED_FACE('',(#439),#5724,.T.);
#58=ADVANCED_FACE('',(#440),#5854,.T.);
#59=ADVANCED_FACE('',(#441),#5725,.T.);
#60=ADVANCED_FACE('',(#442),#5855,.T.);
#61=ADVANCED_FACE('',(#443),#5856,.T.);
#62=ADVANCED_FACE('',(#444),#5726,.F.);
#63=ADVANCED_FACE('',(#445),#5857,.T.);
#64=ADVANCED_FACE('',(#446),#5727,.F.);
#65=ADVANCED_FACE('',(#447),#5858,.T.);
#66=ADVANCED_FACE('',(#448),#5859,.T.);
#67=ADVANCED_FACE('',(#449),#5728,.F.);
#68=ADVANCED_FACE('',(#450),#5860,.T.);
#69=ADVANCED_FACE('',(#451),#5729,.F.);
#70=ADVANCED_FACE('',(#452),#5861,.T.);
#71=ADVANCED_FACE('',(#453),#5862,.T.);
#72=ADVANCED_FACE('',(#454),#5730,.F.);
#73=ADVANCED_FACE('',(#455),#5863,.T.);
#74=ADVANCED_FACE('',(#456),#5731,.F.);
#75=ADVANCED_FACE('',(#457),#5864,.T.);
#76=ADVANCED_FACE('',(#458),#5865,.T.);
#77=ADVANCED_FACE('',(#459),#5866,.T.);
#78=ADVANCED_FACE('',(#460),#5732,.F.);
#79=ADVANCED_FACE('',(#461),#5867,.T.);
#80=ADVANCED_FACE('',(#462),#5733,.F.);
#81=ADVANCED_FACE('',(#463),#5868,.T.);
#82=ADVANCED_FACE('',(#464),#5869,.T.);
#83=ADVANCED_FACE('',(#465),#5734,.F.);
#84=ADVANCED_FACE('',(#466),#5870,.T.);
#85=ADVANCED_FACE('',(#467),#5735,.F.);
#86=ADVANCED_FACE('',(#468),#5871,.T.);
#87=ADVANCED_FACE('',(#469),#5872,.T.);
#88=ADVANCED_FACE('',(#470),#5873,.T.);
#89=ADVANCED_FACE('',(#471),#5874,.T.);
#90=ADVANCED_FACE('',(#472),#6095,.T.);
#91=ADVANCED_FACE('',(#473),#6096,.T.);
#92=ADVANCED_FACE('',(#474),#5736,.F.);
#93=ADVANCED_FACE('',(#475),#5737,.F.);
#94=ADVANCED_FACE('',(#476),#6097,.T.);
#95=ADVANCED_FACE('',(#477),#6098,.T.);
#96=ADVANCED_FACE('',(#478),#5738,.F.);
#97=ADVANCED_FACE('',(#479),#5739,.F.);
#98=ADVANCED_FACE('',(#480),#5875,.T.);
#99=ADVANCED_FACE('',(#481),#5740,.T.);
#100=ADVANCED_FACE('',(#482),#5741,.T.);
#101=ADVANCED_FACE('',(#483),#5876,.T.);
#102=ADVANCED_FACE('',(#484),#5742,.F.);
#103=ADVANCED_FACE('',(#485),#5743,.F.);
#104=ADVANCED_FACE('',(#486),#5744,.F.);
#105=ADVANCED_FACE('',(#487),#5745,.F.);
#106=ADVANCED_FACE('',(#488),#5877,.T.);
#107=ADVANCED_FACE('',(#489),#5878,.T.);
#108=ADVANCED_FACE('',(#490),#5746,.F.);
#109=ADVANCED_FACE('',(#491),#5879,.T.);
#110=ADVANCED_FACE('',(#492),#5747,.F.);
#111=ADVANCED_FACE('',(#493),#5880,.T.);
#112=ADVANCED_FACE('',(#494),#5881,.T.);
#113=ADVANCED_FACE('',(#495),#5748,.F.);
#114=ADVANCED_FACE('',(#496),#5882,.T.);
#115=ADVANCED_FACE('',(#497),#5749,.F.);
#116=ADVANCED_FACE('',(#498),#5883,.T.);
#117=ADVANCED_FACE('',(#499),#5884,.T.);
#118=ADVANCED_FACE('',(#500),#5750,.F.);
#119=ADVANCED_FACE('',(#501),#5885,.T.);
#120=ADVANCED_FACE('',(#502),#5751,.F.);
#121=ADVANCED_FACE('',(#503),#5886,.T.);
#122=ADVANCED_FACE('',(#504),#5887,.T.);
#123=ADVANCED_FACE('',(#505),#5888,.T.);
#124=ADVANCED_FACE('',(#506),#5752,.F.);
#125=ADVANCED_FACE('',(#507),#5889,.T.);
#126=ADVANCED_FACE('',(#508),#5753,.F.);
#127=ADVANCED_FACE('',(#509),#5890,.T.);
#128=ADVANCED_FACE('',(#510),#5891,.T.);
#129=ADVANCED_FACE('',(#511),#5754,.F.);
#130=ADVANCED_FACE('',(#512),#5892,.T.);
#131=ADVANCED_FACE('',(#513),#5755,.F.);
#132=ADVANCED_FACE('',(#514),#5893,.T.);
#133=ADVANCED_FACE('',(#515),#5894,.T.);
#134=ADVANCED_FACE('',(#516),#5756,.F.);
#135=ADVANCED_FACE('',(#517),#5895,.T.);
#136=ADVANCED_FACE('',(#518),#5757,.F.);
#137=ADVANCED_FACE('',(#519),#5896,.T.);
#138=ADVANCED_FACE('',(#520),#5897,.T.);
#139=ADVANCED_FACE('',(#521),#5758,.F.);
#140=ADVANCED_FACE('',(#522),#5898,.T.);
#141=ADVANCED_FACE('',(#523),#5759,.F.);
#142=ADVANCED_FACE('',(#524),#5899,.T.);
#143=ADVANCED_FACE('',(#525),#5900,.T.);
#144=ADVANCED_FACE('',(#526),#6084,.T.);
#145=ADVANCED_FACE('',(#527),#5901,.T.);
#146=ADVANCED_FACE('',(#528),#5902,.T.);
#147=ADVANCED_FACE('',(#529),#5903,.T.);
#148=ADVANCED_FACE('',(#530),#5904,.T.);
#149=ADVANCED_FACE('',(#531),#5905,.T.);
#150=ADVANCED_FACE('',(#532),#5906,.T.);
#151=ADVANCED_FACE('',(#533),#5907,.T.);
#152=ADVANCED_FACE('',(#534),#5908,.T.);
#153=ADVANCED_FACE('',(#535),#5909,.T.);
#154=ADVANCED_FACE('',(#536),#5910,.T.);
#155=ADVANCED_FACE('',(#537),#5911,.T.);
#156=ADVANCED_FACE('',(#538),#5912,.T.);
#157=ADVANCED_FACE('',(#539),#5913,.T.);
#158=ADVANCED_FACE('',(#540),#5914,.T.);
#159=ADVANCED_FACE('',(#541,#14),#5915,.T.);
#160=ADVANCED_FACE('',(#542),#5760,.F.);
#161=ADVANCED_FACE('',(#543,#15),#5916,.T.);
#162=ADVANCED_FACE('',(#544),#5761,.F.);
#163=ADVANCED_FACE('',(#545),#5917,.T.);
#164=ADVANCED_FACE('',(#546),#5762,.F.);
#165=ADVANCED_FACE('',(#547),#5763,.F.);
#166=ADVANCED_FACE('',(#548),#5918,.T.);
#167=ADVANCED_FACE('',(#549),#5919,.T.);
#168=ADVANCED_FACE('',(#550,#16),#5920,.T.);
#169=ADVANCED_FACE('',(#551),#5921,.T.);
#170=ADVANCED_FACE('',(#552),#5922,.T.);
#171=ADVANCED_FACE('',(#553),#5923,.T.);
#172=ADVANCED_FACE('',(#554),#5924,.T.);
#173=ADVANCED_FACE('',(#555),#5764,.F.);
#174=ADVANCED_FACE('',(#556),#5765,.F.);
#175=ADVANCED_FACE('',(#557),#5925,.T.);
#176=ADVANCED_FACE('',(#558),#5926,.T.);
#177=ADVANCED_FACE('',(#559,#17),#5927,.T.);
#178=ADVANCED_FACE('',(#560),#5928,.T.);
#179=ADVANCED_FACE('',(#561),#5929,.T.);
#180=ADVANCED_FACE('',(#562),#6085,.T.);
#181=ADVANCED_FACE('',(#563),#5766,.F.);
#182=ADVANCED_FACE('',(#564),#5767,.F.);
#183=ADVANCED_FACE('',(#565),#5768,.F.);
#184=ADVANCED_FACE('',(#566,#18),#5930,.T.);
#185=ADVANCED_FACE('',(#567),#5931,.T.);
#186=ADVANCED_FACE('',(#568),#5932,.T.);
#187=ADVANCED_FACE('',(#569),#5933,.T.);
#188=ADVANCED_FACE('',(#570),#5934,.T.);
#189=ADVANCED_FACE('',(#571),#5769,.T.);
#190=ADVANCED_FACE('',(#572),#5935,.T.);
#191=ADVANCED_FACE('',(#573,#19,#20,#21,#22,#23,#24,#25,#26,#27),#5936,
 .T.);
#192=ADVANCED_FACE('',(#574),#6099,.T.);
#193=ADVANCED_FACE('',(#575,#28,#29,#30,#31,#32),#5937,.T.);
#194=ADVANCED_FACE('',(#576),#5938,.T.);
#195=ADVANCED_FACE('',(#577),#5939,.T.);
#196=ADVANCED_FACE('',(#578),#5770,.T.);
#197=ADVANCED_FACE('',(#579),#5940,.T.);
#198=ADVANCED_FACE('',(#580),#5771,.F.);
#199=ADVANCED_FACE('',(#581),#5941,.T.);
#200=ADVANCED_FACE('',(#582),#5942,.T.);
#201=ADVANCED_FACE('',(#583),#5943,.T.);
#202=ADVANCED_FACE('',(#584),#5944,.T.);
#203=ADVANCED_FACE('',(#585),#5945,.T.);
#204=ADVANCED_FACE('',(#586),#5946,.T.);
#205=ADVANCED_FACE('',(#587),#5772,.T.);
#206=ADVANCED_FACE('',(#588),#5947,.T.);
#207=ADVANCED_FACE('',(#589),#5773,.T.);
#208=ADVANCED_FACE('',(#590),#5948,.T.);
#209=ADVANCED_FACE('',(#591),#5774,.T.);
#210=ADVANCED_FACE('',(#592),#5949,.T.);
#211=ADVANCED_FACE('',(#593),#5775,.T.);
#212=ADVANCED_FACE('',(#594),#5950,.T.);
#213=ADVANCED_FACE('',(#595),#5776,.T.);
#214=ADVANCED_FACE('',(#596),#5951,.T.);
#215=ADVANCED_FACE('',(#597),#5777,.F.);
#216=ADVANCED_FACE('',(#598),#5778,.F.);
#217=ADVANCED_FACE('',(#599),#5779,.F.);
#218=ADVANCED_FACE('',(#600),#5780,.F.);
#219=ADVANCED_FACE('',(#601),#5781,.F.);
#220=ADVANCED_FACE('',(#602),#5952,.T.);
#221=ADVANCED_FACE('',(#603),#5953,.T.);
#222=ADVANCED_FACE('',(#604),#5954,.T.);
#223=ADVANCED_FACE('',(#605),#5955,.T.);
#224=ADVANCED_FACE('',(#606),#5956,.T.);
#225=ADVANCED_FACE('',(#607),#6086,.T.);
#226=ADVANCED_FACE('',(#608),#5957,.T.);
#227=ADVANCED_FACE('',(#609),#5958,.T.);
#228=ADVANCED_FACE('',(#610),#5959,.T.);
#229=ADVANCED_FACE('',(#611),#5960,.T.);
#230=ADVANCED_FACE('',(#612),#5961,.T.);
#231=ADVANCED_FACE('',(#613,#33,#34),#5962,.T.);
#232=ADVANCED_FACE('',(#614),#5963,.T.);
#233=ADVANCED_FACE('',(#615),#5964,.T.);
#234=ADVANCED_FACE('',(#616),#5965,.T.);
#235=ADVANCED_FACE('',(#617),#5782,.T.);
#236=ADVANCED_FACE('',(#618),#5783,.T.);
#237=ADVANCED_FACE('',(#619),#5966,.T.);
#238=ADVANCED_FACE('',(#620),#5784,.T.);
#239=ADVANCED_FACE('',(#621),#5967,.T.);
#240=ADVANCED_FACE('',(#622),#5968,.T.);
#241=ADVANCED_FACE('',(#623),#5785,.F.);
#242=ADVANCED_FACE('',(#624),#5969,.T.);
#243=ADVANCED_FACE('',(#625),#5786,.F.);
#244=ADVANCED_FACE('',(#626),#5970,.T.);
#245=ADVANCED_FACE('',(#627),#5971,.T.);
#246=ADVANCED_FACE('',(#628),#5787,.F.);
#247=ADVANCED_FACE('',(#629),#5972,.T.);
#248=ADVANCED_FACE('',(#630),#5788,.F.);
#249=ADVANCED_FACE('',(#631),#5973,.T.);
#250=ADVANCED_FACE('',(#632),#5974,.T.);
#251=ADVANCED_FACE('',(#633),#5789,.F.);
#252=ADVANCED_FACE('',(#634),#5975,.T.);
#253=ADVANCED_FACE('',(#635),#5790,.F.);
#254=ADVANCED_FACE('',(#636),#5976,.T.);
#255=ADVANCED_FACE('',(#637),#5977,.T.);
#256=ADVANCED_FACE('',(#638),#5978,.T.);
#257=ADVANCED_FACE('',(#639),#5791,.F.);
#258=ADVANCED_FACE('',(#640),#5979,.T.);
#259=ADVANCED_FACE('',(#641),#5792,.F.);
#260=ADVANCED_FACE('',(#642),#5980,.T.);
#261=ADVANCED_FACE('',(#643),#5981,.T.);
#262=ADVANCED_FACE('',(#644),#5793,.F.);
#263=ADVANCED_FACE('',(#645),#5982,.T.);
#264=ADVANCED_FACE('',(#646),#5794,.F.);
#265=ADVANCED_FACE('',(#647),#5983,.T.);
#266=ADVANCED_FACE('',(#648),#5984,.T.);
#267=ADVANCED_FACE('',(#649),#5985,.T.);
#268=ADVANCED_FACE('',(#650),#5986,.T.);
#269=ADVANCED_FACE('',(#651),#6100,.T.);
#270=ADVANCED_FACE('',(#652),#6101,.T.);
#271=ADVANCED_FACE('',(#653),#5795,.F.);
#272=ADVANCED_FACE('',(#654),#5796,.F.);
#273=ADVANCED_FACE('',(#655),#6102,.T.);
#274=ADVANCED_FACE('',(#656),#6103,.T.);
#275=ADVANCED_FACE('',(#657),#5797,.F.);
#276=ADVANCED_FACE('',(#658),#5798,.F.);
#277=ADVANCED_FACE('',(#659),#5987,.T.);
#278=ADVANCED_FACE('',(#660),#5799,.T.);
#279=ADVANCED_FACE('',(#661),#5800,.T.);
#280=ADVANCED_FACE('',(#662),#5988,.T.);
#281=ADVANCED_FACE('',(#663),#5801,.F.);
#282=ADVANCED_FACE('',(#664),#5802,.F.);
#283=ADVANCED_FACE('',(#665),#5803,.F.);
#284=ADVANCED_FACE('',(#666),#5804,.F.);
#285=ADVANCED_FACE('',(#667),#5989,.T.);
#286=ADVANCED_FACE('',(#668),#5990,.T.);
#287=ADVANCED_FACE('',(#669),#5805,.F.);
#288=ADVANCED_FACE('',(#670),#5991,.T.);
#289=ADVANCED_FACE('',(#671),#5806,.F.);
#290=ADVANCED_FACE('',(#672),#5992,.T.);
#291=ADVANCED_FACE('',(#673),#5993,.T.);
#292=ADVANCED_FACE('',(#674),#5807,.F.);
#293=ADVANCED_FACE('',(#675),#5994,.T.);
#294=ADVANCED_FACE('',(#676),#5808,.F.);
#295=ADVANCED_FACE('',(#677),#5995,.T.);
#296=ADVANCED_FACE('',(#678),#5996,.T.);
#297=ADVANCED_FACE('',(#679),#5809,.F.);
#298=ADVANCED_FACE('',(#680),#5997,.T.);
#299=ADVANCED_FACE('',(#681),#5810,.F.);
#300=ADVANCED_FACE('',(#682),#5998,.T.);
#301=ADVANCED_FACE('',(#683),#5999,.T.);
#302=ADVANCED_FACE('',(#684),#6000,.T.);
#303=ADVANCED_FACE('',(#685),#5811,.F.);
#304=ADVANCED_FACE('',(#686),#6001,.T.);
#305=ADVANCED_FACE('',(#687),#5812,.F.);
#306=ADVANCED_FACE('',(#688),#6002,.T.);
#307=ADVANCED_FACE('',(#689),#6003,.T.);
#308=ADVANCED_FACE('',(#690),#5813,.F.);
#309=ADVANCED_FACE('',(#691),#6004,.T.);
#310=ADVANCED_FACE('',(#692),#5814,.F.);
#311=ADVANCED_FACE('',(#693),#6005,.T.);
#312=ADVANCED_FACE('',(#694),#6006,.T.);
#313=ADVANCED_FACE('',(#695),#5815,.F.);
#314=ADVANCED_FACE('',(#696),#6007,.T.);
#315=ADVANCED_FACE('',(#697),#5816,.F.);
#316=ADVANCED_FACE('',(#698),#6008,.T.);
#317=ADVANCED_FACE('',(#699),#6009,.T.);
#318=ADVANCED_FACE('',(#700),#5817,.F.);
#319=ADVANCED_FACE('',(#701),#6010,.T.);
#320=ADVANCED_FACE('',(#702),#5818,.F.);
#321=ADVANCED_FACE('',(#703),#6011,.T.);
#322=ADVANCED_FACE('',(#704),#6012,.T.);
#323=ADVANCED_FACE('',(#705),#6087,.T.);
#324=ADVANCED_FACE('',(#706),#6013,.T.);
#325=ADVANCED_FACE('',(#707),#6014,.T.);
#326=ADVANCED_FACE('',(#708),#6015,.T.);
#327=ADVANCED_FACE('',(#709),#6016,.T.);
#328=ADVANCED_FACE('',(#710),#6017,.T.);
#329=ADVANCED_FACE('',(#711),#6018,.T.);
#330=ADVANCED_FACE('',(#712),#6019,.T.);
#331=ADVANCED_FACE('',(#713),#6020,.T.);
#332=ADVANCED_FACE('',(#714),#6021,.T.);
#333=ADVANCED_FACE('',(#715),#6022,.T.);
#334=ADVANCED_FACE('',(#716),#6023,.T.);
#335=ADVANCED_FACE('',(#717),#6024,.T.);
#336=ADVANCED_FACE('',(#718),#6025,.T.);
#337=ADVANCED_FACE('',(#719),#6026,.T.);
#338=ADVANCED_FACE('',(#720,#35),#6027,.T.);
#339=ADVANCED_FACE('',(#721),#5819,.F.);
#340=ADVANCED_FACE('',(#722,#36),#6028,.T.);
#341=ADVANCED_FACE('',(#723),#5820,.F.);
#342=ADVANCED_FACE('',(#724),#6029,.T.);
#343=ADVANCED_FACE('',(#725),#5821,.F.);
#344=ADVANCED_FACE('',(#726),#5822,.F.);
#345=ADVANCED_FACE('',(#727),#6030,.T.);
#346=ADVANCED_FACE('',(#728),#6031,.T.);
#347=ADVANCED_FACE('',(#729,#37),#6032,.T.);
#348=ADVANCED_FACE('',(#730),#6033,.T.);
#349=ADVANCED_FACE('',(#731),#6034,.T.);
#350=ADVANCED_FACE('',(#732),#6035,.T.);
#351=ADVANCED_FACE('',(#733),#6036,.T.);
#352=ADVANCED_FACE('',(#734),#5823,.F.);
#353=ADVANCED_FACE('',(#735),#5824,.F.);
#354=ADVANCED_FACE('',(#736),#6037,.T.);
#355=ADVANCED_FACE('',(#737),#6038,.T.);
#356=ADVANCED_FACE('',(#738,#38),#6039,.T.);
#357=ADVANCED_FACE('',(#739),#6040,.T.);
#358=ADVANCED_FACE('',(#740),#6041,.T.);
#359=ADVANCED_FACE('',(#741),#6088,.T.);
#360=ADVANCED_FACE('',(#742),#5825,.F.);
#361=ADVANCED_FACE('',(#743),#5826,.F.);
#362=ADVANCED_FACE('',(#744),#5827,.F.);
#363=ADVANCED_FACE('',(#745,#39),#6042,.T.);
#364=ADVANCED_FACE('',(#746),#6043,.T.);
#365=ADVANCED_FACE('',(#747),#6044,.T.);
#366=ADVANCED_FACE('',(#748),#6045,.T.);
#367=ADVANCED_FACE('',(#749),#6046,.T.);
#368=ADVANCED_FACE('',(#750),#5828,.T.);
#369=ADVANCED_FACE('',(#751),#6047,.T.);
#370=ADVANCED_FACE('',(#752,#40,#41,#42,#43,#44,#45,#46,#47,#48),#6048,
 .T.);
#371=ADVANCED_FACE('',(#753),#6104,.T.);
#372=ADVANCED_FACE('',(#754,#49,#50,#51,#52,#53),#6049,.T.);
#373=ADVANCED_FACE('',(#755),#6050,.T.);
#374=ADVANCED_FACE('',(#756),#6051,.T.);
#375=ADVANCED_FACE('',(#757),#5829,.T.);
#376=ADVANCED_FACE('',(#758),#6052,.T.);
#377=ADVANCED_FACE('',(#759),#5830,.F.);
#378=ADVANCED_FACE('',(#760),#6053,.T.);
#379=ADVANCED_FACE('',(#761),#6054,.T.);
#380=ADVANCED_FACE('',(#762),#6055,.T.);
#381=ADVANCED_FACE('',(#763),#6056,.T.);
#382=ADVANCED_FACE('',(#764),#6057,.T.);
#383=ADVANCED_FACE('',(#765),#6058,.T.);
#384=ADVANCED_FACE('',(#766),#5831,.T.);
#385=ADVANCED_FACE('',(#767),#6059,.T.);
#386=ADVANCED_FACE('',(#768),#5832,.T.);
#387=ADVANCED_FACE('',(#769),#6060,.T.);
#388=ADVANCED_FACE('',(#770),#5833,.T.);
#389=ADVANCED_FACE('',(#771),#6061,.T.);
#390=ADVANCED_FACE('',(#772),#5834,.T.);
#391=ADVANCED_FACE('',(#773),#6062,.T.);
#392=ADVANCED_FACE('',(#774),#5835,.T.);
#393=ADVANCED_FACE('',(#775),#6063,.T.);
#394=ADVANCED_FACE('',(#776),#5836,.F.);
#395=ADVANCED_FACE('',(#777),#5837,.F.);
#396=ADVANCED_FACE('',(#778),#5838,.F.);
#397=ADVANCED_FACE('',(#779),#5839,.F.);
#398=ADVANCED_FACE('',(#780),#5840,.F.);
#399=ADVANCED_FACE('',(#781),#6064,.T.);
#400=ADVANCED_FACE('',(#782),#6065,.T.);
#401=ADVANCED_FACE('',(#783),#6066,.T.);
#402=ADVANCED_FACE('',(#784),#6067,.T.);
#403=ADVANCED_FACE('',(#785),#6068,.T.);
#404=ADVANCED_FACE('',(#786),#6089,.T.);
#405=ADVANCED_FACE('',(#787),#6069,.T.);
#406=ADVANCED_FACE('',(#788),#6070,.T.);
#407=ADVANCED_FACE('',(#789),#6071,.T.);
#408=ADVANCED_FACE('',(#790),#6072,.T.);
#409=ADVANCED_FACE('',(#791),#6073,.T.);
#410=ADVANCED_FACE('',(#792,#54,#55),#6074,.T.);
#411=ADVANCED_FACE('',(#793),#6075,.T.);
#412=ADVANCED_FACE('',(#794),#6076,.T.);
#413=ADVANCED_FACE('',(#795),#6077,.T.);
#414=ADVANCED_FACE('',(#796),#5841,.F.);
#415=ADVANCED_FACE('',(#797),#5842,.F.);
#416=ADVANCED_FACE('',(#798),#5843,.F.);
#417=ADVANCED_FACE('',(#799),#5844,.F.);
#418=ADVANCED_FACE('',(#800),#5845,.F.);
#419=ADVANCED_FACE('',(#801),#5846,.F.);
#420=ADVANCED_FACE('',(#802),#6078,.T.);
#421=ADVANCED_FACE('',(#803),#6079,.T.);
#422=ADVANCED_FACE('',(#804),#6080,.T.);
#423=ADVANCED_FACE('',(#805),#6081,.T.);
#424=ADVANCED_FACE('',(#806),#6082,.T.);
#425=ADVANCED_FACE('',(#807),#6083,.T.);
#426=ADVANCED_FACE('',(#808),#5847,.T.);
#427=ADVANCED_FACE('',(#809),#5848,.T.);
#428=ADVANCED_FACE('',(#810),#5849,.T.);
#429=ADVANCED_FACE('',(#811),#5850,.T.);
#430=ADVANCED_FACE('',(#812),#5851,.T.);
#431=ADVANCED_FACE('',(#813),#5852,.T.);
#432=ADVANCED_FACE('',(#814),#5853,.T.);
#433=ADVANCED_FACE('',(#815),#6093,.T.);
#434=ADVANCED_FACE('',(#816),#6091,.T.);
#435=ADVANCED_FACE('',(#817),#6094,.T.);
#436=ADVANCED_FACE('',(#818),#6090,.T.);
#437=ADVANCED_FACE('',(#819),#6092,.T.);
#438=FACE_OUTER_BOUND('',#820,.T.);
#439=FACE_OUTER_BOUND('',#821,.T.);
#440=FACE_OUTER_BOUND('',#822,.T.);
#441=FACE_OUTER_BOUND('',#823,.T.);
#442=FACE_OUTER_BOUND('',#824,.T.);
#443=FACE_OUTER_BOUND('',#825,.T.);
#444=FACE_OUTER_BOUND('',#826,.T.);
#445=FACE_OUTER_BOUND('',#827,.T.);
#446=FACE_OUTER_BOUND('',#828,.T.);
#447=FACE_OUTER_BOUND('',#829,.T.);
#448=FACE_OUTER_BOUND('',#830,.T.);
#449=FACE_OUTER_BOUND('',#831,.T.);
#450=FACE_OUTER_BOUND('',#832,.T.);
#451=FACE_OUTER_BOUND('',#833,.T.);
#452=FACE_OUTER_BOUND('',#834,.T.);
#453=FACE_OUTER_BOUND('',#835,.T.);
#454=FACE_OUTER_BOUND('',#836,.T.);
#455=FACE_OUTER_BOUND('',#837,.T.);
#456=FACE_OUTER_BOUND('',#838,.T.);
#457=FACE_OUTER_BOUND('',#839,.T.);
#458=FACE_OUTER_BOUND('',#840,.T.);
#459=FACE_OUTER_BOUND('',#841,.T.);
#460=FACE_OUTER_BOUND('',#842,.T.);
#461=FACE_OUTER_BOUND('',#843,.T.);
#462=FACE_OUTER_BOUND('',#844,.T.);
#463=FACE_OUTER_BOUND('',#845,.T.);
#464=FACE_OUTER_BOUND('',#846,.T.);
#465=FACE_OUTER_BOUND('',#847,.T.);
#466=FACE_OUTER_BOUND('',#848,.T.);
#467=FACE_OUTER_BOUND('',#849,.T.);
#468=FACE_OUTER_BOUND('',#850,.T.);
#469=FACE_OUTER_BOUND('',#851,.T.);
#470=FACE_OUTER_BOUND('',#852,.T.);
#471=FACE_OUTER_BOUND('',#853,.T.);
#472=FACE_OUTER_BOUND('',#854,.T.);
#473=FACE_OUTER_BOUND('',#855,.T.);
#474=FACE_OUTER_BOUND('',#856,.T.);
#475=FACE_OUTER_BOUND('',#857,.T.);
#476=FACE_OUTER_BOUND('',#858,.T.);
#477=FACE_OUTER_BOUND('',#859,.T.);
#478=FACE_OUTER_BOUND('',#860,.T.);
#479=FACE_OUTER_BOUND('',#861,.T.);
#480=FACE_OUTER_BOUND('',#862,.T.);
#481=FACE_OUTER_BOUND('',#863,.T.);
#482=FACE_OUTER_BOUND('',#864,.T.);
#483=FACE_OUTER_BOUND('',#865,.T.);
#484=FACE_OUTER_BOUND('',#866,.T.);
#485=FACE_OUTER_BOUND('',#867,.T.);
#486=FACE_OUTER_BOUND('',#868,.T.);
#487=FACE_OUTER_BOUND('',#869,.T.);
#488=FACE_OUTER_BOUND('',#870,.T.);
#489=FACE_OUTER_BOUND('',#871,.T.);
#490=FACE_OUTER_BOUND('',#872,.T.);
#491=FACE_OUTER_BOUND('',#873,.T.);
#492=FACE_OUTER_BOUND('',#874,.T.);
#493=FACE_OUTER_BOUND('',#875,.T.);
#494=FACE_OUTER_BOUND('',#876,.T.);
#495=FACE_OUTER_BOUND('',#877,.T.);
#496=FACE_OUTER_BOUND('',#878,.T.);
#497=FACE_OUTER_BOUND('',#879,.T.);
#498=FACE_OUTER_BOUND('',#880,.T.);
#499=FACE_OUTER_BOUND('',#881,.T.);
#500=FACE_OUTER_BOUND('',#882,.T.);
#501=FACE_OUTER_BOUND('',#883,.T.);
#502=FACE_OUTER_BOUND('',#884,.T.);
#503=FACE_OUTER_BOUND('',#885,.T.);
#504=FACE_OUTER_BOUND('',#886,.T.);
#505=FACE_OUTER_BOUND('',#887,.T.);
#506=FACE_OUTER_BOUND('',#888,.T.);
#507=FACE_OUTER_BOUND('',#889,.T.);
#508=FACE_OUTER_BOUND('',#890,.T.);
#509=FACE_OUTER_BOUND('',#891,.T.);
#510=FACE_OUTER_BOUND('',#892,.T.);
#511=FACE_OUTER_BOUND('',#893,.T.);
#512=FACE_OUTER_BOUND('',#894,.T.);
#513=FACE_OUTER_BOUND('',#895,.T.);
#514=FACE_OUTER_BOUND('',#896,.T.);
#515=FACE_OUTER_BOUND('',#897,.T.);
#516=FACE_OUTER_BOUND('',#898,.T.);
#517=FACE_OUTER_BOUND('',#899,.T.);
#518=FACE_OUTER_BOUND('',#900,.T.);
#519=FACE_OUTER_BOUND('',#901,.T.);
#520=FACE_OUTER_BOUND('',#902,.T.);
#521=FACE_OUTER_BOUND('',#903,.T.);
#522=FACE_OUTER_BOUND('',#904,.T.);
#523=FACE_OUTER_BOUND('',#905,.T.);
#524=FACE_OUTER_BOUND('',#906,.T.);
#525=FACE_OUTER_BOUND('',#907,.T.);
#526=FACE_OUTER_BOUND('',#908,.T.);
#527=FACE_OUTER_BOUND('',#909,.T.);
#528=FACE_OUTER_BOUND('',#910,.T.);
#529=FACE_OUTER_BOUND('',#911,.T.);
#530=FACE_OUTER_BOUND('',#912,.T.);
#531=FACE_OUTER_BOUND('',#913,.T.);
#532=FACE_OUTER_BOUND('',#914,.T.);
#533=FACE_OUTER_BOUND('',#915,.T.);
#534=FACE_OUTER_BOUND('',#916,.T.);
#535=FACE_OUTER_BOUND('',#917,.T.);
#536=FACE_OUTER_BOUND('',#918,.T.);
#537=FACE_OUTER_BOUND('',#919,.T.);
#538=FACE_OUTER_BOUND('',#920,.T.);
#539=FACE_OUTER_BOUND('',#921,.T.);
#540=FACE_OUTER_BOUND('',#922,.T.);
#541=FACE_OUTER_BOUND('',#923,.T.);
#542=FACE_OUTER_BOUND('',#925,.T.);
#543=FACE_OUTER_BOUND('',#926,.T.);
#544=FACE_OUTER_BOUND('',#928,.T.);
#545=FACE_OUTER_BOUND('',#929,.T.);
#546=FACE_OUTER_BOUND('',#930,.T.);
#547=FACE_OUTER_BOUND('',#931,.T.);
#548=FACE_OUTER_BOUND('',#932,.T.);
#549=FACE_OUTER_BOUND('',#933,.T.);
#550=FACE_OUTER_BOUND('',#934,.T.);
#551=FACE_OUTER_BOUND('',#936,.T.);
#552=FACE_OUTER_BOUND('',#937,.T.);
#553=FACE_OUTER_BOUND('',#938,.T.);
#554=FACE_OUTER_BOUND('',#939,.T.);
#555=FACE_OUTER_BOUND('',#940,.T.);
#556=FACE_OUTER_BOUND('',#941,.T.);
#557=FACE_OUTER_BOUND('',#942,.T.);
#558=FACE_OUTER_BOUND('',#943,.T.);
#559=FACE_OUTER_BOUND('',#944,.T.);
#560=FACE_OUTER_BOUND('',#946,.T.);
#561=FACE_OUTER_BOUND('',#947,.T.);
#562=FACE_OUTER_BOUND('',#948,.T.);
#563=FACE_OUTER_BOUND('',#949,.T.);
#564=FACE_OUTER_BOUND('',#950,.T.);
#565=FACE_OUTER_BOUND('',#951,.T.);
#566=FACE_OUTER_BOUND('',#952,.T.);
#567=FACE_OUTER_BOUND('',#954,.T.);
#568=FACE_OUTER_BOUND('',#955,.T.);
#569=FACE_OUTER_BOUND('',#956,.T.);
#570=FACE_OUTER_BOUND('',#957,.T.);
#571=FACE_OUTER_BOUND('',#958,.T.);
#572=FACE_OUTER_BOUND('',#959,.T.);
#573=FACE_OUTER_BOUND('',#960,.T.);
#574=FACE_OUTER_BOUND('',#970,.T.);
#575=FACE_OUTER_BOUND('',#971,.T.);
#576=FACE_OUTER_BOUND('',#977,.T.);
#577=FACE_OUTER_BOUND('',#978,.T.);
#578=FACE_OUTER_BOUND('',#979,.T.);
#579=FACE_OUTER_BOUND('',#980,.T.);
#580=FACE_OUTER_BOUND('',#981,.T.);
#581=FACE_OUTER_BOUND('',#982,.T.);
#582=FACE_OUTER_BOUND('',#983,.T.);
#583=FACE_OUTER_BOUND('',#984,.T.);
#584=FACE_OUTER_BOUND('',#985,.T.);
#585=FACE_OUTER_BOUND('',#986,.T.);
#586=FACE_OUTER_BOUND('',#987,.T.);
#587=FACE_OUTER_BOUND('',#988,.T.);
#588=FACE_OUTER_BOUND('',#989,.T.);
#589=FACE_OUTER_BOUND('',#990,.T.);
#590=FACE_OUTER_BOUND('',#991,.T.);
#591=FACE_OUTER_BOUND('',#992,.T.);
#592=FACE_OUTER_BOUND('',#993,.T.);
#593=FACE_OUTER_BOUND('',#994,.T.);
#594=FACE_OUTER_BOUND('',#995,.T.);
#595=FACE_OUTER_BOUND('',#996,.T.);
#596=FACE_OUTER_BOUND('',#997,.T.);
#597=FACE_OUTER_BOUND('',#998,.T.);
#598=FACE_OUTER_BOUND('',#999,.T.);
#599=FACE_OUTER_BOUND('',#1000,.T.);
#600=FACE_OUTER_BOUND('',#1001,.T.);
#601=FACE_OUTER_BOUND('',#1002,.T.);
#602=FACE_OUTER_BOUND('',#1003,.T.);
#603=FACE_OUTER_BOUND('',#1004,.T.);
#604=FACE_OUTER_BOUND('',#1005,.T.);
#605=FACE_OUTER_BOUND('',#1006,.T.);
#606=FACE_OUTER_BOUND('',#1007,.T.);
#607=FACE_OUTER_BOUND('',#1008,.T.);
#608=FACE_OUTER_BOUND('',#1009,.T.);
#609=FACE_OUTER_BOUND('',#1010,.T.);
#610=FACE_OUTER_BOUND('',#1011,.T.);
#611=FACE_OUTER_BOUND('',#1012,.T.);
#612=FACE_OUTER_BOUND('',#1013,.T.);
#613=FACE_OUTER_BOUND('',#1014,.T.);
#614=FACE_OUTER_BOUND('',#1017,.T.);
#615=FACE_OUTER_BOUND('',#1018,.T.);
#616=FACE_OUTER_BOUND('',#1019,.T.);
#617=FACE_OUTER_BOUND('',#1020,.T.);
#618=FACE_OUTER_BOUND('',#1021,.T.);
#619=FACE_OUTER_BOUND('',#1022,.T.);
#620=FACE_OUTER_BOUND('',#1023,.T.);
#621=FACE_OUTER_BOUND('',#1024,.T.);
#622=FACE_OUTER_BOUND('',#1025,.T.);
#623=FACE_OUTER_BOUND('',#1026,.T.);
#624=FACE_OUTER_BOUND('',#1027,.T.);
#625=FACE_OUTER_BOUND('',#1028,.T.);
#626=FACE_OUTER_BOUND('',#1029,.T.);
#627=FACE_OUTER_BOUND('',#1030,.T.);
#628=FACE_OUTER_BOUND('',#1031,.T.);
#629=FACE_OUTER_BOUND('',#1032,.T.);
#630=FACE_OUTER_BOUND('',#1033,.T.);
#631=FACE_OUTER_BOUND('',#1034,.T.);
#632=FACE_OUTER_BOUND('',#1035,.T.);
#633=FACE_OUTER_BOUND('',#1036,.T.);
#634=FACE_OUTER_BOUND('',#1037,.T.);
#635=FACE_OUTER_BOUND('',#1038,.T.);
#636=FACE_OUTER_BOUND('',#1039,.T.);
#637=FACE_OUTER_BOUND('',#1040,.T.);
#638=FACE_OUTER_BOUND('',#1041,.T.);
#639=FACE_OUTER_BOUND('',#1042,.T.);
#640=FACE_OUTER_BOUND('',#1043,.T.);
#641=FACE_OUTER_BOUND('',#1044,.T.);
#642=FACE_OUTER_BOUND('',#1045,.T.);
#643=FACE_OUTER_BOUND('',#1046,.T.);
#644=FACE_OUTER_BOUND('',#1047,.T.);
#645=FACE_OUTER_BOUND('',#1048,.T.);
#646=FACE_OUTER_BOUND('',#1049,.T.);
#647=FACE_OUTER_BOUND('',#1050,.T.);
#648=FACE_OUTER_BOUND('',#1051,.T.);
#649=FACE_OUTER_BOUND('',#1052,.T.);
#650=FACE_OUTER_BOUND('',#1053,.T.);
#651=FACE_OUTER_BOUND('',#1054,.T.);
#652=FACE_OUTER_BOUND('',#1055,.T.);
#653=FACE_OUTER_BOUND('',#1056,.T.);
#654=FACE_OUTER_BOUND('',#1057,.T.);
#655=FACE_OUTER_BOUND('',#1058,.T.);
#656=FACE_OUTER_BOUND('',#1059,.T.);
#657=FACE_OUTER_BOUND('',#1060,.T.);
#658=FACE_OUTER_BOUND('',#1061,.T.);
#659=FACE_OUTER_BOUND('',#1062,.T.);
#660=FACE_OUTER_BOUND('',#1063,.T.);
#661=FACE_OUTER_BOUND('',#1064,.T.);
#662=FACE_OUTER_BOUND('',#1065,.T.);
#663=FACE_OUTER_BOUND('',#1066,.T.);
#664=FACE_OUTER_BOUND('',#1067,.T.);
#665=FACE_OUTER_BOUND('',#1068,.T.);
#666=FACE_OUTER_BOUND('',#1069,.T.);
#667=FACE_OUTER_BOUND('',#1070,.T.);
#668=FACE_OUTER_BOUND('',#1071,.T.);
#669=FACE_OUTER_BOUND('',#1072,.T.);
#670=FACE_OUTER_BOUND('',#1073,.T.);
#671=FACE_OUTER_BOUND('',#1074,.T.);
#672=FACE_OUTER_BOUND('',#1075,.T.);
#673=FACE_OUTER_BOUND('',#1076,.T.);
#674=FACE_OUTER_BOUND('',#1077,.T.);
#675=FACE_OUTER_BOUND('',#1078,.T.);
#676=FACE_OUTER_BOUND('',#1079,.T.);
#677=FACE_OUTER_BOUND('',#1080,.T.);
#678=FACE_OUTER_BOUND('',#1081,.T.);
#679=FACE_OUTER_BOUND('',#1082,.T.);
#680=FACE_OUTER_BOUND('',#1083,.T.);
#681=FACE_OUTER_BOUND('',#1084,.T.);
#682=FACE_OUTER_BOUND('',#1085,.T.);
#683=FACE_OUTER_BOUND('',#1086,.T.);
#684=FACE_OUTER_BOUND('',#1087,.T.);
#685=FACE_OUTER_BOUND('',#1088,.T.);
#686=FACE_OUTER_BOUND('',#1089,.T.);
#687=FACE_OUTER_BOUND('',#1090,.T.);
#688=FACE_OUTER_BOUND('',#1091,.T.);
#689=FACE_OUTER_BOUND('',#1092,.T.);
#690=FACE_OUTER_BOUND('',#1093,.T.);
#691=FACE_OUTER_BOUND('',#1094,.T.);
#692=FACE_OUTER_BOUND('',#1095,.T.);
#693=FACE_OUTER_BOUND('',#1096,.T.);
#694=FACE_OUTER_BOUND('',#1097,.T.);
#695=FACE_OUTER_BOUND('',#1098,.T.);
#696=FACE_OUTER_BOUND('',#1099,.T.);
#697=FACE_OUTER_BOUND('',#1100,.T.);
#698=FACE_OUTER_BOUND('',#1101,.T.);
#699=FACE_OUTER_BOUND('',#1102,.T.);
#700=FACE_OUTER_BOUND('',#1103,.T.);
#701=FACE_OUTER_BOUND('',#1104,.T.);
#702=FACE_OUTER_BOUND('',#1105,.T.);
#703=FACE_OUTER_BOUND('',#1106,.T.);
#704=FACE_OUTER_BOUND('',#1107,.T.);
#705=FACE_OUTER_BOUND('',#1108,.T.);
#706=FACE_OUTER_BOUND('',#1109,.T.);
#707=FACE_OUTER_BOUND('',#1110,.T.);
#708=FACE_OUTER_BOUND('',#1111,.T.);
#709=FACE_OUTER_BOUND('',#1112,.T.);
#710=FACE_OUTER_BOUND('',#1113,.T.);
#711=FACE_OUTER_BOUND('',#1114,.T.);
#712=FACE_OUTER_BOUND('',#1115,.T.);
#713=FACE_OUTER_BOUND('',#1116,.T.);
#714=FACE_OUTER_BOUND('',#1117,.T.);
#715=FACE_OUTER_BOUND('',#1118,.T.);
#716=FACE_OUTER_BOUND('',#1119,.T.);
#717=FACE_OUTER_BOUND('',#1120,.T.);
#718=FACE_OUTER_BOUND('',#1121,.T.);
#719=FACE_OUTER_BOUND('',#1122,.T.);
#720=FACE_OUTER_BOUND('',#1123,.T.);
#721=FACE_OUTER_BOUND('',#1125,.T.);
#722=FACE_OUTER_BOUND('',#1126,.T.);
#723=FACE_OUTER_BOUND('',#1128,.T.);
#724=FACE_OUTER_BOUND('',#1129,.T.);
#725=FACE_OUTER_BOUND('',#1130,.T.);
#726=FACE_OUTER_BOUND('',#1131,.T.);
#727=FACE_OUTER_BOUND('',#1132,.T.);
#728=FACE_OUTER_BOUND('',#1133,.T.);
#729=FACE_OUTER_BOUND('',#1134,.T.);
#730=FACE_OUTER_BOUND('',#1136,.T.);
#731=FACE_OUTER_BOUND('',#1137,.T.);
#732=FACE_OUTER_BOUND('',#1138,.T.);
#733=FACE_OUTER_BOUND('',#1139,.T.);
#734=FACE_OUTER_BOUND('',#1140,.T.);
#735=FACE_OUTER_BOUND('',#1141,.T.);
#736=FACE_OUTER_BOUND('',#1142,.T.);
#737=FACE_OUTER_BOUND('',#1143,.T.);
#738=FACE_OUTER_BOUND('',#1144,.T.);
#739=FACE_OUTER_BOUND('',#1146,.T.);
#740=FACE_OUTER_BOUND('',#1147,.T.);
#741=FACE_OUTER_BOUND('',#1148,.T.);
#742=FACE_OUTER_BOUND('',#1149,.T.);
#743=FACE_OUTER_BOUND('',#1150,.T.);
#744=FACE_OUTER_BOUND('',#1151,.T.);
#745=FACE_OUTER_BOUND('',#1152,.T.);
#746=FACE_OUTER_BOUND('',#1154,.T.);
#747=FACE_OUTER_BOUND('',#1155,.T.);
#748=FACE_OUTER_BOUND('',#1156,.T.);
#749=FACE_OUTER_BOUND('',#1157,.T.);
#750=FACE_OUTER_BOUND('',#1158,.T.);
#751=FACE_OUTER_BOUND('',#1159,.T.);
#752=FACE_OUTER_BOUND('',#1160,.T.);
#753=FACE_OUTER_BOUND('',#1170,.T.);
#754=FACE_OUTER_BOUND('',#1171,.T.);
#755=FACE_OUTER_BOUND('',#1177,.T.);
#756=FACE_OUTER_BOUND('',#1178,.T.);
#757=FACE_OUTER_BOUND('',#1179,.T.);
#758=FACE_OUTER_BOUND('',#1180,.T.);
#759=FACE_OUTER_BOUND('',#1181,.T.);
#760=FACE_OUTER_BOUND('',#1182,.T.);
#761=FACE_OUTER_BOUND('',#1183,.T.);
#762=FACE_OUTER_BOUND('',#1184,.T.);
#763=FACE_OUTER_BOUND('',#1185,.T.);
#764=FACE_OUTER_BOUND('',#1186,.T.);
#765=FACE_OUTER_BOUND('',#1187,.T.);
#766=FACE_OUTER_BOUND('',#1188,.T.);
#767=FACE_OUTER_BOUND('',#1189,.T.);
#768=FACE_OUTER_BOUND('',#1190,.T.);
#769=FACE_OUTER_BOUND('',#1191,.T.);
#770=FACE_OUTER_BOUND('',#1192,.T.);
#771=FACE_OUTER_BOUND('',#1193,.T.);
#772=FACE_OUTER_BOUND('',#1194,.T.);
#773=FACE_OUTER_BOUND('',#1195,.T.);
#774=FACE_OUTER_BOUND('',#1196,.T.);
#775=FACE_OUTER_BOUND('',#1197,.T.);
#776=FACE_OUTER_BOUND('',#1198,.T.);
#777=FACE_OUTER_BOUND('',#1199,.T.);
#778=FACE_OUTER_BOUND('',#1200,.T.);
#779=FACE_OUTER_BOUND('',#1201,.T.);
#780=FACE_OUTER_BOUND('',#1202,.T.);
#781=FACE_OUTER_BOUND('',#1203,.T.);
#782=FACE_OUTER_BOUND('',#1204,.T.);
#783=FACE_OUTER_BOUND('',#1205,.T.);
#784=FACE_OUTER_BOUND('',#1206,.T.);
#785=FACE_OUTER_BOUND('',#1207,.T.);
#786=FACE_OUTER_BOUND('',#1208,.T.);
#787=FACE_OUTER_BOUND('',#1209,.T.);
#788=FACE_OUTER_BOUND('',#1210,.T.);
#789=FACE_OUTER_BOUND('',#1211,.T.);
#790=FACE_OUTER_BOUND('',#1212,.T.);
#791=FACE_OUTER_BOUND('',#1213,.T.);
#792=FACE_OUTER_BOUND('',#1214,.T.);
#793=FACE_OUTER_BOUND('',#1217,.T.);
#794=FACE_OUTER_BOUND('',#1218,.T.);
#795=FACE_OUTER_BOUND('',#1219,.T.);
#796=FACE_OUTER_BOUND('',#1220,.T.);
#797=FACE_OUTER_BOUND('',#1221,.T.);
#798=FACE_OUTER_BOUND('',#1222,.T.);
#799=FACE_OUTER_BOUND('',#1223,.T.);
#800=FACE_OUTER_BOUND('',#1224,.T.);
#801=FACE_OUTER_BOUND('',#1225,.T.);
#802=FACE_OUTER_BOUND('',#1226,.T.);
#803=FACE_OUTER_BOUND('',#1227,.T.);
#804=FACE_OUTER_BOUND('',#1228,.T.);
#805=FACE_OUTER_BOUND('',#1229,.T.);
#806=FACE_OUTER_BOUND('',#1230,.T.);
#807=FACE_OUTER_BOUND('',#1231,.T.);
#808=FACE_OUTER_BOUND('',#1232,.T.);
#809=FACE_OUTER_BOUND('',#1233,.T.);
#810=FACE_OUTER_BOUND('',#1234,.T.);
#811=FACE_OUTER_BOUND('',#1235,.T.);
#812=FACE_OUTER_BOUND('',#1236,.T.);
#813=FACE_OUTER_BOUND('',#1237,.T.);
#814=FACE_OUTER_BOUND('',#1238,.T.);
#815=FACE_OUTER_BOUND('',#1239,.T.);
#816=FACE_OUTER_BOUND('',#1240,.T.);
#817=FACE_OUTER_BOUND('',#1241,.T.);
#818=FACE_OUTER_BOUND('',#1242,.T.);
#819=FACE_OUTER_BOUND('',#1243,.T.);
#820=EDGE_LOOP('',(#1244,#1245,#1246,#1247,#1248));
#821=EDGE_LOOP('',(#1249,#1250,#1251,#1252));
#822=EDGE_LOOP('',(#1253,#1254,#1255,#1256,#1257));
#823=EDGE_LOOP('',(#1258,#1259,#1260,#1261));
#824=EDGE_LOOP('',(#1262,#1263,#1264,#1265));
#825=EDGE_LOOP('',(#1266,#1267,#1268,#1269));
#826=EDGE_LOOP('',(#1270,#1271,#1272,#1273));
#827=EDGE_LOOP('',(#1274,#1275,#1276,#1277));
#828=EDGE_LOOP('',(#1278,#1279,#1280,#1281));
#829=EDGE_LOOP('',(#1282,#1283,#1284,#1285));
#830=EDGE_LOOP('',(#1286,#1287,#1288,#1289));
#831=EDGE_LOOP('',(#1290,#1291,#1292,#1293));
#832=EDGE_LOOP('',(#1294,#1295,#1296,#1297));
#833=EDGE_LOOP('',(#1298,#1299,#1300,#1301));
#834=EDGE_LOOP('',(#1302,#1303,#1304,#1305));
#835=EDGE_LOOP('',(#1306,#1307,#1308,#1309));
#836=EDGE_LOOP('',(#1310,#1311,#1312,#1313));
#837=EDGE_LOOP('',(#1314,#1315,#1316,#1317));
#838=EDGE_LOOP('',(#1318,#1319,#1320,#1321));
#839=EDGE_LOOP('',(#1322,#1323,#1324,#1325));
#840=EDGE_LOOP('',(#1326,#1327,#1328,#1329));
#841=EDGE_LOOP('',(#1330,#1331,#1332,#1333));
#842=EDGE_LOOP('',(#1334,#1335,#1336,#1337));
#843=EDGE_LOOP('',(#1338,#1339,#1340,#1341));
#844=EDGE_LOOP('',(#1342,#1343,#1344,#1345));
#845=EDGE_LOOP('',(#1346,#1347,#1348,#1349));
#846=EDGE_LOOP('',(#1350,#1351,#1352,#1353));
#847=EDGE_LOOP('',(#1354,#1355,#1356,#1357));
#848=EDGE_LOOP('',(#1358,#1359,#1360,#1361));
#849=EDGE_LOOP('',(#1362,#1363,#1364,#1365));
#850=EDGE_LOOP('',(#1366,#1367,#1368,#1369));
#851=EDGE_LOOP('',(#1370,#1371,#1372,#1373));
#852=EDGE_LOOP('',(#1374,#1375,#1376,#1377));
#853=EDGE_LOOP('',(#1378,#1379,#1380,#1381));
#854=EDGE_LOOP('',(#1382,#1383,#1384,#1385));
#855=EDGE_LOOP('',(#1386,#1387,#1388,#1389));
#856=EDGE_LOOP('',(#1390,#1391,#1392,#1393));
#857=EDGE_LOOP('',(#1394,#1395,#1396,#1397));
#858=EDGE_LOOP('',(#1398,#1399,#1400,#1401));
#859=EDGE_LOOP('',(#1402,#1403,#1404,#1405));
#860=EDGE_LOOP('',(#1406,#1407,#1408,#1409));
#861=EDGE_LOOP('',(#1410,#1411,#1412,#1413));
#862=EDGE_LOOP('',(#1414,#1415,#1416,#1417,#1418));
#863=EDGE_LOOP('',(#1419,#1420,#1421,#1422,#1423,#1424));
#864=EDGE_LOOP('',(#1425,#1426,#1427,#1428));
#865=EDGE_LOOP('',(#1429,#1430,#1431,#1432,#1433));
#866=EDGE_LOOP('',(#1434,#1435,#1436,#1437));
#867=EDGE_LOOP('',(#1438,#1439,#1440,#1441));
#868=EDGE_LOOP('',(#1442,#1443,#1444,#1445));
#869=EDGE_LOOP('',(#1446,#1447,#1448,#1449));
#870=EDGE_LOOP('',(#1450,#1451,#1452,#1453));
#871=EDGE_LOOP('',(#1454,#1455,#1456,#1457,#1458,#1459));
#872=EDGE_LOOP('',(#1460,#1461,#1462,#1463));
#873=EDGE_LOOP('',(#1464,#1465,#1466,#1467));
#874=EDGE_LOOP('',(#1468,#1469,#1470,#1471));
#875=EDGE_LOOP('',(#1472,#1473,#1474,#1475));
#876=EDGE_LOOP('',(#1476,#1477,#1478,#1479));
#877=EDGE_LOOP('',(#1480,#1481,#1482,#1483));
#878=EDGE_LOOP('',(#1484,#1485,#1486,#1487));
#879=EDGE_LOOP('',(#1488,#1489,#1490,#1491));
#880=EDGE_LOOP('',(#1492,#1493,#1494,#1495));
#881=EDGE_LOOP('',(#1496,#1497,#1498,#1499));
#882=EDGE_LOOP('',(#1500,#1501,#1502,#1503));
#883=EDGE_LOOP('',(#1504,#1505,#1506,#1507));
#884=EDGE_LOOP('',(#1508,#1509,#1510,#1511));
#885=EDGE_LOOP('',(#1512,#1513,#1514,#1515));
#886=EDGE_LOOP('',(#1516,#1517,#1518,#1519));
#887=EDGE_LOOP('',(#1520,#1521,#1522,#1523));
#888=EDGE_LOOP('',(#1524,#1525,#1526,#1527));
#889=EDGE_LOOP('',(#1528,#1529,#1530,#1531));
#890=EDGE_LOOP('',(#1532,#1533,#1534,#1535));
#891=EDGE_LOOP('',(#1536,#1537,#1538,#1539));
#892=EDGE_LOOP('',(#1540,#1541,#1542,#1543));
#893=EDGE_LOOP('',(#1544,#1545,#1546,#1547));
#894=EDGE_LOOP('',(#1548,#1549,#1550,#1551));
#895=EDGE_LOOP('',(#1552,#1553,#1554,#1555));
#896=EDGE_LOOP('',(#1556,#1557,#1558,#1559));
#897=EDGE_LOOP('',(#1560,#1561,#1562,#1563));
#898=EDGE_LOOP('',(#1564,#1565,#1566,#1567));
#899=EDGE_LOOP('',(#1568,#1569,#1570,#1571));
#900=EDGE_LOOP('',(#1572,#1573,#1574,#1575));
#901=EDGE_LOOP('',(#1576,#1577,#1578,#1579));
#902=EDGE_LOOP('',(#1580,#1581,#1582,#1583));
#903=EDGE_LOOP('',(#1584,#1585,#1586,#1587));
#904=EDGE_LOOP('',(#1588,#1589,#1590,#1591));
#905=EDGE_LOOP('',(#1592,#1593,#1594,#1595));
#906=EDGE_LOOP('',(#1596,#1597,#1598,#1599));
#907=EDGE_LOOP('',(#1600,#1601,#1602,#1603,#1604));
#908=EDGE_LOOP('',(#1605,#1606,#1607,#1608,#1609,#1610));
#909=EDGE_LOOP('',(#1611,#1612,#1613,#1614));
#910=EDGE_LOOP('',(#1615,#1616,#1617,#1618));
#911=EDGE_LOOP('',(#1619,#1620,#1621,#1622,#1623,#1624,#1625));
#912=EDGE_LOOP('',(#1626,#1627,#1628,#1629,#1630));
#913=EDGE_LOOP('',(#1631,#1632,#1633));
#914=EDGE_LOOP('',(#1634,#1635,#1636,#1637));
#915=EDGE_LOOP('',(#1638,#1639,#1640,#1641));
#916=EDGE_LOOP('',(#1642,#1643,#1644,#1645));
#917=EDGE_LOOP('',(#1646,#1647,#1648,#1649));
#918=EDGE_LOOP('',(#1650,#1651,#1652,#1653));
#919=EDGE_LOOP('',(#1654,#1655,#1656,#1657));
#920=EDGE_LOOP('',(#1658,#1659,#1660,#1661,#1662));
#921=EDGE_LOOP('',(#1663,#1664,#1665,#1666,#1667,#1668,#1669,#1670));
#922=EDGE_LOOP('',(#1671,#1672,#1673,#1674));
#923=EDGE_LOOP('',(#1675,#1676));
#924=EDGE_LOOP('',(#1677,#1678));
#925=EDGE_LOOP('',(#1679,#1680,#1681,#1682,#1683,#1684));
#926=EDGE_LOOP('',(#1685,#1686));
#927=EDGE_LOOP('',(#1687,#1688));
#928=EDGE_LOOP('',(#1689,#1690,#1691,#1692));
#929=EDGE_LOOP('',(#1693,#1694,#1695,#1696,#1697));
#930=EDGE_LOOP('',(#1698,#1699,#1700,#1701,#1702,#1703));
#931=EDGE_LOOP('',(#1704,#1705,#1706,#1707));
#932=EDGE_LOOP('',(#1708,#1709,#1710,#1711));
#933=EDGE_LOOP('',(#1712,#1713,#1714,#1715));
#934=EDGE_LOOP('',(#1716,#1717,#1718,#1719));
#935=EDGE_LOOP('',(#1720,#1721));
#936=EDGE_LOOP('',(#1722,#1723,#1724,#1725,#1726,#1727,#1728));
#937=EDGE_LOOP('',(#1729,#1730,#1731,#1732));
#938=EDGE_LOOP('',(#1733,#1734,#1735,#1736));
#939=EDGE_LOOP('',(#1737,#1738,#1739,#1740,#1741,#1742,#1743,#1744));
#940=EDGE_LOOP('',(#1745,#1746,#1747,#1748));
#941=EDGE_LOOP('',(#1749,#1750,#1751,#1752));
#942=EDGE_LOOP('',(#1753,#1754,#1755,#1756,#1757,#1758,#1759,#1760));
#943=EDGE_LOOP('',(#1761,#1762,#1763,#1764));
#944=EDGE_LOOP('',(#1765,#1766,#1767,#1768));
#945=EDGE_LOOP('',(#1769,#1770));
#946=EDGE_LOOP('',(#1771,#1772,#1773,#1774));
#947=EDGE_LOOP('',(#1775,#1776,#1777,#1778,#1779,#1780,#1781));
#948=EDGE_LOOP('',(#1782,#1783,#1784,#1785,#1786));
#949=EDGE_LOOP('',(#1787,#1788,#1789,#1790));
#950=EDGE_LOOP('',(#1791,#1792,#1793,#1794));
#951=EDGE_LOOP('',(#1795,#1796,#1797,#1798,#1799,#1800));
#952=EDGE_LOOP('',(#1801,#1802));
#953=EDGE_LOOP('',(#1803,#1804));
#954=EDGE_LOOP('',(#1805,#1806,#1807,#1808));
#955=EDGE_LOOP('',(#1809,#1810,#1811,#1812));
#956=EDGE_LOOP('',(#1813,#1814,#1815,#1816));
#957=EDGE_LOOP('',(#1817,#1818,#1819,#1820));
#958=EDGE_LOOP('',(#1821,#1822,#1823,#1824,#1825));
#959=EDGE_LOOP('',(#1826,#1827,#1828,#1829));
#960=EDGE_LOOP('',(#1830,#1831,#1832,#1833,#1834,#1835,#1836,#1837,#1838,
#1839,#1840,#1841,#1842,#1843,#1844));
#961=EDGE_LOOP('',(#1845,#1846));
#962=EDGE_LOOP('',(#1847,#1848));
#963=EDGE_LOOP('',(#1849,#1850,#1851,#1852));
#964=EDGE_LOOP('',(#1853,#1854,#1855,#1856));
#965=EDGE_LOOP('',(#1857,#1858,#1859,#1860));
#966=EDGE_LOOP('',(#1861,#1862,#1863,#1864));
#967=EDGE_LOOP('',(#1865,#1866,#1867,#1868));
#968=EDGE_LOOP('',(#1869,#1870,#1871,#1872));
#969=EDGE_LOOP('',(#1873,#1874,#1875,#1876));
#970=EDGE_LOOP('',(#1877,#1878,#1879,#1880,#1881,#1882,#1883,#1884));
#971=EDGE_LOOP('',(#1885,#1886,#1887,#1888,#1889,#1890,#1891,#1892,#1893,
#1894,#1895));
#972=EDGE_LOOP('',(#1896,#1897,#1898,#1899));
#973=EDGE_LOOP('',(#1900,#1901,#1902,#1903));
#974=EDGE_LOOP('',(#1904,#1905,#1906,#1907));
#975=EDGE_LOOP('',(#1908,#1909,#1910,#1911));
#976=EDGE_LOOP('',(#1912,#1913,#1914,#1915));
#977=EDGE_LOOP('',(#1916,#1917,#1918,#1919,#1920));
#978=EDGE_LOOP('',(#1921,#1922,#1923,#1924));
#979=EDGE_LOOP('',(#1925,#1926,#1927,#1928));
#980=EDGE_LOOP('',(#1929,#1930,#1931,#1932,#1933));
#981=EDGE_LOOP('',(#1934,#1935,#1936,#1937));
#982=EDGE_LOOP('',(#1938,#1939,#1940,#1941));
#983=EDGE_LOOP('',(#1942,#1943,#1944,#1945,#1946,#1947,#1948,#1949));
#984=EDGE_LOOP('',(#1950,#1951,#1952,#1953));
#985=EDGE_LOOP('',(#1954,#1955,#1956,#1957,#1958,#1959,#1960,#1961,#1962,
#1963,#1964));
#986=EDGE_LOOP('',(#1965,#1966,#1967,#1968,#1969));
#987=EDGE_LOOP('',(#1970,#1971,#1972,#1973,#1974,#1975,#1976));
#988=EDGE_LOOP('',(#1977,#1978,#1979,#1980));
#989=EDGE_LOOP('',(#1981,#1982,#1983,#1984));
#990=EDGE_LOOP('',(#1985,#1986,#1987,#1988));
#991=EDGE_LOOP('',(#1989,#1990,#1991,#1992,#1993,#1994,#1995,#1996));
#992=EDGE_LOOP('',(#1997,#1998,#1999,#2000));
#993=EDGE_LOOP('',(#2001,#2002,#2003,#2004));
#994=EDGE_LOOP('',(#2005,#2006,#2007,#2008));
#995=EDGE_LOOP('',(#2009,#2010,#2011,#2012,#2013));
#996=EDGE_LOOP('',(#2014,#2015,#2016,#2017));
#997=EDGE_LOOP('',(#2018,#2019,#2020,#2021,#2022));
#998=EDGE_LOOP('',(#2023,#2024,#2025,#2026));
#999=EDGE_LOOP('',(#2027,#2028,#2029,#2030));
#1000=EDGE_LOOP('',(#2031,#2032,#2033,#2034));
#1001=EDGE_LOOP('',(#2035,#2036,#2037,#2038));
#1002=EDGE_LOOP('',(#2039,#2040,#2041,#2042));
#1003=EDGE_LOOP('',(#2043,#2044,#2045,#2046));
#1004=EDGE_LOOP('',(#2047,#2048,#2049,#2050,#2051,#2052));
#1005=EDGE_LOOP('',(#2053,#2054,#2055,#2056,#2057,#2058,#2059,#2060));
#1006=EDGE_LOOP('',(#2061,#2062,#2063));
#1007=EDGE_LOOP('',(#2064,#2065,#2066,#2067));
#1008=EDGE_LOOP('',(#2068,#2069,#2070,#2071,#2072,#2073,#2074,#2075,#2076,
#2077,#2078,#2079,#2080));
#1009=EDGE_LOOP('',(#2081,#2082,#2083,#2084,#2085,#2086));
#1010=EDGE_LOOP('',(#2087,#2088,#2089,#2090));
#1011=EDGE_LOOP('',(#2091,#2092,#2093,#2094));
#1012=EDGE_LOOP('',(#2095,#2096,#2097,#2098,#2099,#2100));
#1013=EDGE_LOOP('',(#2101,#2102,#2103,#2104,#2105,#2106,#2107));
#1014=EDGE_LOOP('',(#2108,#2109,#2110,#2111,#2112,#2113,#2114,#2115,#2116,
#2117,#2118,#2119,#2120,#2121,#2122,#2123,#2124,#2125));
#1015=EDGE_LOOP('',(#2126,#2127));
#1016=EDGE_LOOP('',(#2128,#2129));
#1017=EDGE_LOOP('',(#2130,#2131,#2132,#2133));
#1018=EDGE_LOOP('',(#2134,#2135,#2136,#2137));
#1019=EDGE_LOOP('',(#2138,#2139,#2140,#2141));
#1020=EDGE_LOOP('',(#2142,#2143,#2144,#2145,#2146));
#1021=EDGE_LOOP('',(#2147,#2148,#2149,#2150));
#1022=EDGE_LOOP('',(#2151,#2152,#2153,#2154,#2155));
#1023=EDGE_LOOP('',(#2156,#2157,#2158,#2159));
#1024=EDGE_LOOP('',(#2160,#2161,#2162,#2163));
#1025=EDGE_LOOP('',(#2164,#2165,#2166,#2167));
#1026=EDGE_LOOP('',(#2168,#2169,#2170,#2171));
#1027=EDGE_LOOP('',(#2172,#2173,#2174,#2175));
#1028=EDGE_LOOP('',(#2176,#2177,#2178,#2179));
#1029=EDGE_LOOP('',(#2180,#2181,#2182,#2183));
#1030=EDGE_LOOP('',(#2184,#2185,#2186,#2187));
#1031=EDGE_LOOP('',(#2188,#2189,#2190,#2191));
#1032=EDGE_LOOP('',(#2192,#2193,#2194,#2195));
#1033=EDGE_LOOP('',(#2196,#2197,#2198,#2199));
#1034=EDGE_LOOP('',(#2200,#2201,#2202,#2203));
#1035=EDGE_LOOP('',(#2204,#2205,#2206,#2207));
#1036=EDGE_LOOP('',(#2208,#2209,#2210,#2211));
#1037=EDGE_LOOP('',(#2212,#2213,#2214,#2215));
#1038=EDGE_LOOP('',(#2216,#2217,#2218,#2219));
#1039=EDGE_LOOP('',(#2220,#2221,#2222,#2223));
#1040=EDGE_LOOP('',(#2224,#2225,#2226,#2227));
#1041=EDGE_LOOP('',(#2228,#2229,#2230,#2231));
#1042=EDGE_LOOP('',(#2232,#2233,#2234,#2235));
#1043=EDGE_LOOP('',(#2236,#2237,#2238,#2239));
#1044=EDGE_LOOP('',(#2240,#2241,#2242,#2243));
#1045=EDGE_LOOP('',(#2244,#2245,#2246,#2247));
#1046=EDGE_LOOP('',(#2248,#2249,#2250,#2251));
#1047=EDGE_LOOP('',(#2252,#2253,#2254,#2255));
#1048=EDGE_LOOP('',(#2256,#2257,#2258,#2259));
#1049=EDGE_LOOP('',(#2260,#2261,#2262,#2263));
#1050=EDGE_LOOP('',(#2264,#2265,#2266,#2267));
#1051=EDGE_LOOP('',(#2268,#2269,#2270,#2271));
#1052=EDGE_LOOP('',(#2272,#2273,#2274,#2275));
#1053=EDGE_LOOP('',(#2276,#2277,#2278,#2279));
#1054=EDGE_LOOP('',(#2280,#2281,#2282,#2283));
#1055=EDGE_LOOP('',(#2284,#2285,#2286,#2287));
#1056=EDGE_LOOP('',(#2288,#2289,#2290,#2291));
#1057=EDGE_LOOP('',(#2292,#2293,#2294,#2295));
#1058=EDGE_LOOP('',(#2296,#2297,#2298,#2299));
#1059=EDGE_LOOP('',(#2300,#2301,#2302,#2303));
#1060=EDGE_LOOP('',(#2304,#2305,#2306,#2307));
#1061=EDGE_LOOP('',(#2308,#2309,#2310,#2311));
#1062=EDGE_LOOP('',(#2312,#2313,#2314,#2315,#2316));
#1063=EDGE_LOOP('',(#2317,#2318,#2319,#2320,#2321,#2322));
#1064=EDGE_LOOP('',(#2323,#2324,#2325,#2326));
#1065=EDGE_LOOP('',(#2327,#2328,#2329,#2330,#2331));
#1066=EDGE_LOOP('',(#2332,#2333,#2334,#2335));
#1067=EDGE_LOOP('',(#2336,#2337,#2338,#2339));
#1068=EDGE_LOOP('',(#2340,#2341,#2342,#2343));
#1069=EDGE_LOOP('',(#2344,#2345,#2346,#2347));
#1070=EDGE_LOOP('',(#2348,#2349,#2350,#2351));
#1071=EDGE_LOOP('',(#2352,#2353,#2354,#2355,#2356,#2357));
#1072=EDGE_LOOP('',(#2358,#2359,#2360,#2361));
#1073=EDGE_LOOP('',(#2362,#2363,#2364,#2365));
#1074=EDGE_LOOP('',(#2366,#2367,#2368,#2369));
#1075=EDGE_LOOP('',(#2370,#2371,#2372,#2373));
#1076=EDGE_LOOP('',(#2374,#2375,#2376,#2377));
#1077=EDGE_LOOP('',(#2378,#2379,#2380,#2381));
#1078=EDGE_LOOP('',(#2382,#2383,#2384,#2385));
#1079=EDGE_LOOP('',(#2386,#2387,#2388,#2389));
#1080=EDGE_LOOP('',(#2390,#2391,#2392,#2393));
#1081=EDGE_LOOP('',(#2394,#2395,#2396,#2397));
#1082=EDGE_LOOP('',(#2398,#2399,#2400,#2401));
#1083=EDGE_LOOP('',(#2402,#2403,#2404,#2405));
#1084=EDGE_LOOP('',(#2406,#2407,#2408,#2409));
#1085=EDGE_LOOP('',(#2410,#2411,#2412,#2413));
#1086=EDGE_LOOP('',(#2414,#2415,#2416,#2417));
#1087=EDGE_LOOP('',(#2418,#2419,#2420,#2421));
#1088=EDGE_LOOP('',(#2422,#2423,#2424,#2425));
#1089=EDGE_LOOP('',(#2426,#2427,#2428,#2429));
#1090=EDGE_LOOP('',(#2430,#2431,#2432,#2433));
#1091=EDGE_LOOP('',(#2434,#2435,#2436,#2437));
#1092=EDGE_LOOP('',(#2438,#2439,#2440,#2441));
#1093=EDGE_LOOP('',(#2442,#2443,#2444,#2445));
#1094=EDGE_LOOP('',(#2446,#2447,#2448,#2449));
#1095=EDGE_LOOP('',(#2450,#2451,#2452,#2453));
#1096=EDGE_LOOP('',(#2454,#2455,#2456,#2457));
#1097=EDGE_LOOP('',(#2458,#2459,#2460,#2461));
#1098=EDGE_LOOP('',(#2462,#2463,#2464,#2465));
#1099=EDGE_LOOP('',(#2466,#2467,#2468,#2469));
#1100=EDGE_LOOP('',(#2470,#2471,#2472,#2473));
#1101=EDGE_LOOP('',(#2474,#2475,#2476,#2477));
#1102=EDGE_LOOP('',(#2478,#2479,#2480,#2481));
#1103=EDGE_LOOP('',(#2482,#2483,#2484,#2485));
#1104=EDGE_LOOP('',(#2486,#2487,#2488,#2489));
#1105=EDGE_LOOP('',(#2490,#2491,#2492,#2493));
#1106=EDGE_LOOP('',(#2494,#2495,#2496,#2497));
#1107=EDGE_LOOP('',(#2498,#2499,#2500,#2501,#2502));
#1108=EDGE_LOOP('',(#2503,#2504,#2505,#2506,#2507,#2508));
#1109=EDGE_LOOP('',(#2509,#2510,#2511,#2512));
#1110=EDGE_LOOP('',(#2513,#2514,#2515,#2516));
#1111=EDGE_LOOP('',(#2517,#2518,#2519,#2520,#2521,#2522,#2523));
#1112=EDGE_LOOP('',(#2524,#2525,#2526,#2527,#2528));
#1113=EDGE_LOOP('',(#2529,#2530,#2531));
#1114=EDGE_LOOP('',(#2532,#2533,#2534,#2535));
#1115=EDGE_LOOP('',(#2536,#2537,#2538,#2539));
#1116=EDGE_LOOP('',(#2540,#2541,#2542,#2543));
#1117=EDGE_LOOP('',(#2544,#2545,#2546,#2547));
#1118=EDGE_LOOP('',(#2548,#2549,#2550,#2551));
#1119=EDGE_LOOP('',(#2552,#2553,#2554,#2555));
#1120=EDGE_LOOP('',(#2556,#2557,#2558,#2559,#2560));
#1121=EDGE_LOOP('',(#2561,#2562,#2563,#2564,#2565,#2566,#2567,#2568));
#1122=EDGE_LOOP('',(#2569,#2570,#2571,#2572));
#1123=EDGE_LOOP('',(#2573,#2574));
#1124=EDGE_LOOP('',(#2575,#2576));
#1125=EDGE_LOOP('',(#2577,#2578,#2579,#2580,#2581,#2582));
#1126=EDGE_LOOP('',(#2583,#2584));
#1127=EDGE_LOOP('',(#2585,#2586));
#1128=EDGE_LOOP('',(#2587,#2588,#2589,#2590));
#1129=EDGE_LOOP('',(#2591,#2592,#2593,#2594,#2595));
#1130=EDGE_LOOP('',(#2596,#2597,#2598,#2599,#2600,#2601));
#1131=EDGE_LOOP('',(#2602,#2603,#2604,#2605));
#1132=EDGE_LOOP('',(#2606,#2607,#2608,#2609));
#1133=EDGE_LOOP('',(#2610,#2611,#2612,#2613));
#1134=EDGE_LOOP('',(#2614,#2615,#2616,#2617));
#1135=EDGE_LOOP('',(#2618,#2619));
#1136=EDGE_LOOP('',(#2620,#2621,#2622,#2623,#2624,#2625,#2626));
#1137=EDGE_LOOP('',(#2627,#2628,#2629,#2630));
#1138=EDGE_LOOP('',(#2631,#2632,#2633,#2634));
#1139=EDGE_LOOP('',(#2635,#2636,#2637,#2638,#2639,#2640,#2641,#2642));
#1140=EDGE_LOOP('',(#2643,#2644,#2645,#2646));
#1141=EDGE_LOOP('',(#2647,#2648,#2649,#2650));
#1142=EDGE_LOOP('',(#2651,#2652,#2653,#2654,#2655,#2656,#2657,#2658));
#1143=EDGE_LOOP('',(#2659,#2660,#2661,#2662));
#1144=EDGE_LOOP('',(#2663,#2664,#2665,#2666));
#1145=EDGE_LOOP('',(#2667,#2668));
#1146=EDGE_LOOP('',(#2669,#2670,#2671,#2672));
#1147=EDGE_LOOP('',(#2673,#2674,#2675,#2676,#2677,#2678,#2679));
#1148=EDGE_LOOP('',(#2680,#2681,#2682,#2683,#2684));
#1149=EDGE_LOOP('',(#2685,#2686,#2687,#2688));
#1150=EDGE_LOOP('',(#2689,#2690,#2691,#2692));
#1151=EDGE_LOOP('',(#2693,#2694,#2695,#2696,#2697,#2698));
#1152=EDGE_LOOP('',(#2699,#2700));
#1153=EDGE_LOOP('',(#2701,#2702));
#1154=EDGE_LOOP('',(#2703,#2704,#2705,#2706));
#1155=EDGE_LOOP('',(#2707,#2708,#2709,#2710));
#1156=EDGE_LOOP('',(#2711,#2712,#2713,#2714));
#1157=EDGE_LOOP('',(#2715,#2716,#2717,#2718));
#1158=EDGE_LOOP('',(#2719,#2720,#2721,#2722,#2723));
#1159=EDGE_LOOP('',(#2724,#2725,#2726,#2727));
#1160=EDGE_LOOP('',(#2728,#2729,#2730,#2731,#2732,#2733,#2734,#2735,#2736,
#2737,#2738,#2739,#2740,#2741,#2742));
#1161=EDGE_LOOP('',(#2743,#2744));
#1162=EDGE_LOOP('',(#2745,#2746));
#1163=EDGE_LOOP('',(#2747,#2748,#2749,#2750));
#1164=EDGE_LOOP('',(#2751,#2752,#2753,#2754));
#1165=EDGE_LOOP('',(#2755,#2756,#2757,#2758));
#1166=EDGE_LOOP('',(#2759,#2760,#2761,#2762));
#1167=EDGE_LOOP('',(#2763,#2764,#2765,#2766));
#1168=EDGE_LOOP('',(#2767,#2768,#2769,#2770));
#1169=EDGE_LOOP('',(#2771,#2772,#2773,#2774));
#1170=EDGE_LOOP('',(#2775,#2776,#2777,#2778,#2779,#2780,#2781,#2782));
#1171=EDGE_LOOP('',(#2783,#2784,#2785,#2786,#2787,#2788,#2789,#2790,#2791,
#2792,#2793));
#1172=EDGE_LOOP('',(#2794,#2795,#2796,#2797));
#1173=EDGE_LOOP('',(#2798,#2799,#2800,#2801));
#1174=EDGE_LOOP('',(#2802,#2803,#2804,#2805));
#1175=EDGE_LOOP('',(#2806,#2807,#2808,#2809));
#1176=EDGE_LOOP('',(#2810,#2811,#2812,#2813));
#1177=EDGE_LOOP('',(#2814,#2815,#2816,#2817,#2818));
#1178=EDGE_LOOP('',(#2819,#2820,#2821,#2822));
#1179=EDGE_LOOP('',(#2823,#2824,#2825,#2826));
#1180=EDGE_LOOP('',(#2827,#2828,#2829,#2830,#2831));
#1181=EDGE_LOOP('',(#2832,#2833,#2834,#2835));
#1182=EDGE_LOOP('',(#2836,#2837,#2838,#2839));
#1183=EDGE_LOOP('',(#2840,#2841,#2842,#2843,#2844,#2845,#2846,#2847));
#1184=EDGE_LOOP('',(#2848,#2849,#2850,#2851));
#1185=EDGE_LOOP('',(#2852,#2853,#2854,#2855,#2856,#2857,#2858,#2859,#2860,
#2861,#2862));
#1186=EDGE_LOOP('',(#2863,#2864,#2865,#2866,#2867));
#1187=EDGE_LOOP('',(#2868,#2869,#2870,#2871,#2872,#2873,#2874));
#1188=EDGE_LOOP('',(#2875,#2876,#2877,#2878));
#1189=EDGE_LOOP('',(#2879,#2880,#2881,#2882));
#1190=EDGE_LOOP('',(#2883,#2884,#2885,#2886));
#1191=EDGE_LOOP('',(#2887,#2888,#2889,#2890,#2891,#2892,#2893,#2894));
#1192=EDGE_LOOP('',(#2895,#2896,#2897,#2898));
#1193=EDGE_LOOP('',(#2899,#2900,#2901,#2902));
#1194=EDGE_LOOP('',(#2903,#2904,#2905,#2906));
#1195=EDGE_LOOP('',(#2907,#2908,#2909,#2910,#2911));
#1196=EDGE_LOOP('',(#2912,#2913,#2914,#2915));
#1197=EDGE_LOOP('',(#2916,#2917,#2918,#2919,#2920));
#1198=EDGE_LOOP('',(#2921,#2922,#2923,#2924));
#1199=EDGE_LOOP('',(#2925,#2926,#2927,#2928));
#1200=EDGE_LOOP('',(#2929,#2930,#2931,#2932));
#1201=EDGE_LOOP('',(#2933,#2934,#2935,#2936));
#1202=EDGE_LOOP('',(#2937,#2938,#2939,#2940));
#1203=EDGE_LOOP('',(#2941,#2942,#2943,#2944));
#1204=EDGE_LOOP('',(#2945,#2946,#2947,#2948,#2949,#2950));
#1205=EDGE_LOOP('',(#2951,#2952,#2953,#2954,#2955,#2956,#2957,#2958));
#1206=EDGE_LOOP('',(#2959,#2960,#2961));
#1207=EDGE_LOOP('',(#2962,#2963,#2964,#2965));
#1208=EDGE_LOOP('',(#2966,#2967,#2968,#2969,#2970,#2971,#2972,#2973,#2974,
#2975,#2976,#2977,#2978));
#1209=EDGE_LOOP('',(#2979,#2980,#2981,#2982,#2983,#2984));
#1210=EDGE_LOOP('',(#2985,#2986,#2987,#2988));
#1211=EDGE_LOOP('',(#2989,#2990,#2991,#2992));
#1212=EDGE_LOOP('',(#2993,#2994,#2995,#2996,#2997,#2998));
#1213=EDGE_LOOP('',(#2999,#3000,#3001,#3002,#3003,#3004,#3005));
#1214=EDGE_LOOP('',(#3006,#3007,#3008,#3009,#3010,#3011,#3012,#3013,#3014,
#3015,#3016,#3017,#3018,#3019,#3020,#3021,#3022,#3023));
#1215=EDGE_LOOP('',(#3024,#3025));
#1216=EDGE_LOOP('',(#3026,#3027));
#1217=EDGE_LOOP('',(#3028,#3029,#3030,#3031));
#1218=EDGE_LOOP('',(#3032,#3033,#3034,#3035));
#1219=EDGE_LOOP('',(#3036,#3037,#3038,#3039));
#1220=EDGE_LOOP('',(#3040,#3041,#3042,#3043,#3044,#3045));
#1221=EDGE_LOOP('',(#3046,#3047,#3048,#3049));
#1222=EDGE_LOOP('',(#3050,#3051,#3052,#3053));
#1223=EDGE_LOOP('',(#3054,#3055,#3056,#3057,#3058,#3059));
#1224=EDGE_LOOP('',(#3060,#3061,#3062,#3063));
#1225=EDGE_LOOP('',(#3064,#3065,#3066,#3067));
#1226=EDGE_LOOP('',(#3068,#3069,#3070,#3071,#3072,#3073,#3074,#3075,#3076));
#1227=EDGE_LOOP('',(#3077,#3078,#3079,#3080,#3081,#3082,#3083,#3084,#3085,
#3086,#3087));
#1228=EDGE_LOOP('',(#3088,#3089,#3090,#3091,#3092,#3093,#3094,#3095));
#1229=EDGE_LOOP('',(#3096,#3097,#3098,#3099,#3100,#3101,#3102,#3103,#3104));
#1230=EDGE_LOOP('',(#3105,#3106,#3107,#3108,#3109,#3110,#3111,#3112,#3113,
#3114,#3115));
#1231=EDGE_LOOP('',(#3116,#3117,#3118,#3119,#3120,#3121,#3122,#3123));
#1232=EDGE_LOOP('',(#3124,#3125,#3126,#3127));
#1233=EDGE_LOOP('',(#3128,#3129,#3130,#3131));
#1234=EDGE_LOOP('',(#3132,#3133,#3134,#3135,#3136));
#1235=EDGE_LOOP('',(#3137,#3138,#3139,#3140,#3141));
#1236=EDGE_LOOP('',(#3142,#3143,#3144,#3145));
#1237=EDGE_LOOP('',(#3146,#3147,#3148,#3149));
#1238=EDGE_LOOP('',(#3150,#3151,#3152,#3153,#3154));
#1239=EDGE_LOOP('',(#3155,#3156,#3157,#3158,#3159));
#1240=EDGE_LOOP('',(#3160,#3161,#3162,#3163,#3164,#3165,#3166));
#1241=EDGE_LOOP('',(#3167,#3168,#3169,#3170,#3171));
#1242=EDGE_LOOP('',(#3172,#3173,#3174));
#1243=EDGE_LOOP('',(#3175,#3176,#3177));
#1244=ORIENTED_EDGE('',*,*,#3178,.T.);
#1245=ORIENTED_EDGE('',*,*,#3179,.T.);
#1246=ORIENTED_EDGE('',*,*,#3188,.T.);
#1247=ORIENTED_EDGE('',*,*,#3180,.T.);
#1248=ORIENTED_EDGE('',*,*,#3181,.T.);
#1249=ORIENTED_EDGE('',*,*,#3182,.T.);
#1250=ORIENTED_EDGE('',*,*,#3183,.T.);
#1251=ORIENTED_EDGE('',*,*,#3184,.T.);
#1252=ORIENTED_EDGE('',*,*,#3185,.T.);
#1253=ORIENTED_EDGE('',*,*,#3186,.T.);
#1254=ORIENTED_EDGE('',*,*,#3185,.F.);
#1255=ORIENTED_EDGE('',*,*,#3187,.T.);
#1256=ORIENTED_EDGE('',*,*,#3188,.F.);
#1257=ORIENTED_EDGE('',*,*,#3189,.T.);
#1258=ORIENTED_EDGE('',*,*,#3190,.T.);
#1259=ORIENTED_EDGE('',*,*,#3189,.F.);
#1260=ORIENTED_EDGE('',*,*,#3179,.F.);
#1261=ORIENTED_EDGE('',*,*,#3191,.T.);
#1262=ORIENTED_EDGE('',*,*,#3192,.T.);
#1263=ORIENTED_EDGE('',*,*,#3191,.F.);
#1264=ORIENTED_EDGE('',*,*,#3178,.F.);
#1265=ORIENTED_EDGE('',*,*,#3193,.T.);
#1266=ORIENTED_EDGE('',*,*,#3183,.F.);
#1267=ORIENTED_EDGE('',*,*,#3194,.T.);
#1268=ORIENTED_EDGE('',*,*,#3195,.T.);
#1269=ORIENTED_EDGE('',*,*,#3196,.T.);
#1270=ORIENTED_EDGE('',*,*,#3198,.F.);
#1271=ORIENTED_EDGE('',*,*,#3199,.F.);
#1272=ORIENTED_EDGE('',*,*,#3200,.F.);
#1273=ORIENTED_EDGE('',*,*,#3197,.F.);
#1274=ORIENTED_EDGE('',*,*,#3201,.T.);
#1275=ORIENTED_EDGE('',*,*,#3197,.T.);
#1276=ORIENTED_EDGE('',*,*,#3202,.T.);
#1277=ORIENTED_EDGE('',*,*,#3203,.T.);
#1278=ORIENTED_EDGE('',*,*,#3205,.F.);
#1279=ORIENTED_EDGE('',*,*,#3203,.F.);
#1280=ORIENTED_EDGE('',*,*,#3206,.F.);
#1281=ORIENTED_EDGE('',*,*,#3204,.F.);
#1282=ORIENTED_EDGE('',*,*,#3207,.T.);
#1283=ORIENTED_EDGE('',*,*,#3204,.T.);
#1284=ORIENTED_EDGE('',*,*,#3208,.T.);
#1285=ORIENTED_EDGE('',*,*,#3199,.T.);
#1286=ORIENTED_EDGE('',*,*,#3208,.F.);
#1287=ORIENTED_EDGE('',*,*,#3206,.T.);
#1288=ORIENTED_EDGE('',*,*,#3202,.F.);
#1289=ORIENTED_EDGE('',*,*,#3200,.T.);
#1290=ORIENTED_EDGE('',*,*,#3210,.F.);
#1291=ORIENTED_EDGE('',*,*,#3211,.F.);
#1292=ORIENTED_EDGE('',*,*,#3212,.F.);
#1293=ORIENTED_EDGE('',*,*,#3209,.F.);
#1294=ORIENTED_EDGE('',*,*,#3213,.T.);
#1295=ORIENTED_EDGE('',*,*,#3209,.T.);
#1296=ORIENTED_EDGE('',*,*,#3214,.T.);
#1297=ORIENTED_EDGE('',*,*,#3215,.T.);
#1298=ORIENTED_EDGE('',*,*,#3217,.F.);
#1299=ORIENTED_EDGE('',*,*,#3215,.F.);
#1300=ORIENTED_EDGE('',*,*,#3218,.F.);
#1301=ORIENTED_EDGE('',*,*,#3216,.F.);
#1302=ORIENTED_EDGE('',*,*,#3219,.T.);
#1303=ORIENTED_EDGE('',*,*,#3216,.T.);
#1304=ORIENTED_EDGE('',*,*,#3220,.T.);
#1305=ORIENTED_EDGE('',*,*,#3211,.T.);
#1306=ORIENTED_EDGE('',*,*,#3220,.F.);
#1307=ORIENTED_EDGE('',*,*,#3218,.T.);
#1308=ORIENTED_EDGE('',*,*,#3214,.F.);
#1309=ORIENTED_EDGE('',*,*,#3212,.T.);
#1310=ORIENTED_EDGE('',*,*,#3222,.F.);
#1311=ORIENTED_EDGE('',*,*,#3223,.F.);
#1312=ORIENTED_EDGE('',*,*,#3224,.F.);
#1313=ORIENTED_EDGE('',*,*,#3221,.F.);
#1314=ORIENTED_EDGE('',*,*,#3225,.T.);
#1315=ORIENTED_EDGE('',*,*,#3221,.T.);
#1316=ORIENTED_EDGE('',*,*,#3226,.T.);
#1317=ORIENTED_EDGE('',*,*,#3227,.T.);
#1318=ORIENTED_EDGE('',*,*,#3229,.F.);
#1319=ORIENTED_EDGE('',*,*,#3227,.F.);
#1320=ORIENTED_EDGE('',*,*,#3230,.F.);
#1321=ORIENTED_EDGE('',*,*,#3228,.F.);
#1322=ORIENTED_EDGE('',*,*,#3231,.T.);
#1323=ORIENTED_EDGE('',*,*,#3228,.T.);
#1324=ORIENTED_EDGE('',*,*,#3232,.T.);
#1325=ORIENTED_EDGE('',*,*,#3223,.T.);
#1326=ORIENTED_EDGE('',*,*,#3232,.F.);
#1327=ORIENTED_EDGE('',*,*,#3230,.T.);
#1328=ORIENTED_EDGE('',*,*,#3226,.F.);
#1329=ORIENTED_EDGE('',*,*,#3224,.T.);
#1330=ORIENTED_EDGE('',*,*,#3233,.T.);
#1331=ORIENTED_EDGE('',*,*,#3234,.T.);
#1332=ORIENTED_EDGE('',*,*,#3235,.T.);
#1333=ORIENTED_EDGE('',*,*,#3236,.T.);
#1334=ORIENTED_EDGE('',*,*,#3238,.F.);
#1335=ORIENTED_EDGE('',*,*,#3236,.F.);
#1336=ORIENTED_EDGE('',*,*,#3239,.F.);
#1337=ORIENTED_EDGE('',*,*,#3237,.F.);
#1338=ORIENTED_EDGE('',*,*,#3240,.T.);
#1339=ORIENTED_EDGE('',*,*,#3237,.T.);
#1340=ORIENTED_EDGE('',*,*,#3241,.T.);
#1341=ORIENTED_EDGE('',*,*,#3242,.T.);
#1342=ORIENTED_EDGE('',*,*,#3243,.F.);
#1343=ORIENTED_EDGE('',*,*,#3242,.F.);
#1344=ORIENTED_EDGE('',*,*,#3244,.F.);
#1345=ORIENTED_EDGE('',*,*,#3234,.F.);
#1346=ORIENTED_EDGE('',*,*,#3244,.T.);
#1347=ORIENTED_EDGE('',*,*,#3241,.F.);
#1348=ORIENTED_EDGE('',*,*,#3239,.T.);
#1349=ORIENTED_EDGE('',*,*,#3235,.F.);
#1350=ORIENTED_EDGE('',*,*,#3245,.T.);
#1351=ORIENTED_EDGE('',*,*,#3246,.T.);
#1352=ORIENTED_EDGE('',*,*,#3247,.T.);
#1353=ORIENTED_EDGE('',*,*,#3248,.T.);
#1354=ORIENTED_EDGE('',*,*,#3250,.F.);
#1355=ORIENTED_EDGE('',*,*,#3248,.F.);
#1356=ORIENTED_EDGE('',*,*,#3251,.F.);
#1357=ORIENTED_EDGE('',*,*,#3249,.F.);
#1358=ORIENTED_EDGE('',*,*,#3252,.T.);
#1359=ORIENTED_EDGE('',*,*,#3249,.T.);
#1360=ORIENTED_EDGE('',*,*,#3253,.T.);
#1361=ORIENTED_EDGE('',*,*,#3254,.T.);
#1362=ORIENTED_EDGE('',*,*,#3255,.F.);
#1363=ORIENTED_EDGE('',*,*,#3254,.F.);
#1364=ORIENTED_EDGE('',*,*,#3256,.F.);
#1365=ORIENTED_EDGE('',*,*,#3246,.F.);
#1366=ORIENTED_EDGE('',*,*,#3256,.T.);
#1367=ORIENTED_EDGE('',*,*,#3253,.F.);
#1368=ORIENTED_EDGE('',*,*,#3251,.T.);
#1369=ORIENTED_EDGE('',*,*,#3247,.F.);
#1370=ORIENTED_EDGE('',*,*,#3257,.T.);
#1371=ORIENTED_EDGE('',*,*,#3258,.T.);
#1372=ORIENTED_EDGE('',*,*,#3259,.T.);
#1373=ORIENTED_EDGE('',*,*,#3260,.T.);
#1374=ORIENTED_EDGE('',*,*,#3261,.T.);
#1375=ORIENTED_EDGE('',*,*,#3260,.F.);
#1376=ORIENTED_EDGE('',*,*,#3262,.T.);
#1377=ORIENTED_EDGE('',*,*,#3263,.T.);
#1378=ORIENTED_EDGE('',*,*,#3264,.T.);
#1379=ORIENTED_EDGE('',*,*,#3258,.F.);
#1380=ORIENTED_EDGE('',*,*,#3265,.T.);
#1381=ORIENTED_EDGE('',*,*,#3266,.T.);
#1382=ORIENTED_EDGE('',*,*,#3267,.T.);
#1383=ORIENTED_EDGE('',*,*,#3268,.T.);
#1384=ORIENTED_EDGE('',*,*,#3269,.T.);
#1385=ORIENTED_EDGE('',*,*,#3270,.T.);
#1386=ORIENTED_EDGE('',*,*,#3271,.T.);
#1387=ORIENTED_EDGE('',*,*,#3272,.T.);
#1388=ORIENTED_EDGE('',*,*,#3273,.T.);
#1389=ORIENTED_EDGE('',*,*,#3274,.T.);
#1390=ORIENTED_EDGE('',*,*,#3275,.F.);
#1391=ORIENTED_EDGE('',*,*,#3276,.F.);
#1392=ORIENTED_EDGE('',*,*,#3277,.F.);
#1393=ORIENTED_EDGE('',*,*,#3269,.F.);
#1394=ORIENTED_EDGE('',*,*,#3272,.F.);
#1395=ORIENTED_EDGE('',*,*,#3279,.F.);
#1396=ORIENTED_EDGE('',*,*,#3280,.F.);
#1397=ORIENTED_EDGE('',*,*,#3278,.F.);
#1398=ORIENTED_EDGE('',*,*,#3533,.T.);
#1399=ORIENTED_EDGE('',*,*,#3270,.F.);
#1400=ORIENTED_EDGE('',*,*,#3281,.T.);
#1401=ORIENTED_EDGE('',*,*,#3268,.F.);
#1402=ORIENTED_EDGE('',*,*,#3273,.F.);
#1403=ORIENTED_EDGE('',*,*,#3282,.T.);
#1404=ORIENTED_EDGE('',*,*,#3271,.F.);
#1405=ORIENTED_EDGE('',*,*,#3283,.T.);
#1406=ORIENTED_EDGE('',*,*,#3281,.F.);
#1407=ORIENTED_EDGE('',*,*,#3277,.T.);
#1408=ORIENTED_EDGE('',*,*,#3284,.F.);
#1409=ORIENTED_EDGE('',*,*,#3275,.T.);
#1410=ORIENTED_EDGE('',*,*,#3278,.T.);
#1411=ORIENTED_EDGE('',*,*,#3285,.F.);
#1412=ORIENTED_EDGE('',*,*,#3279,.T.);
#1413=ORIENTED_EDGE('',*,*,#3282,.F.);
#1414=ORIENTED_EDGE('',*,*,#3286,.T.);
#1415=ORIENTED_EDGE('',*,*,#3287,.T.);
#1416=ORIENTED_EDGE('',*,*,#3288,.T.);
#1417=ORIENTED_EDGE('',*,*,#3289,.T.);
#1418=ORIENTED_EDGE('',*,*,#3290,.T.);
#1419=ORIENTED_EDGE('',*,*,#3291,.T.);
#1420=ORIENTED_EDGE('',*,*,#3292,.T.);
#1421=ORIENTED_EDGE('',*,*,#3293,.T.);
#1422=ORIENTED_EDGE('',*,*,#3289,.F.);
#1423=ORIENTED_EDGE('',*,*,#3288,.F.);
#1424=ORIENTED_EDGE('',*,*,#3294,.T.);
#1425=ORIENTED_EDGE('',*,*,#3295,.T.);
#1426=ORIENTED_EDGE('',*,*,#3296,.T.);
#1427=ORIENTED_EDGE('',*,*,#3521,.T.);
#1428=ORIENTED_EDGE('',*,*,#3297,.T.);
#1429=ORIENTED_EDGE('',*,*,#3298,.T.);
#1430=ORIENTED_EDGE('',*,*,#3297,.F.);
#1431=ORIENTED_EDGE('',*,*,#3299,.T.);
#1432=ORIENTED_EDGE('',*,*,#3300,.T.);
#1433=ORIENTED_EDGE('',*,*,#3292,.F.);
#1434=ORIENTED_EDGE('',*,*,#3276,.T.);
#1435=ORIENTED_EDGE('',*,*,#3302,.F.);
#1436=ORIENTED_EDGE('',*,*,#3303,.F.);
#1437=ORIENTED_EDGE('',*,*,#3301,.F.);
#1438=ORIENTED_EDGE('',*,*,#3280,.T.);
#1439=ORIENTED_EDGE('',*,*,#3305,.F.);
#1440=ORIENTED_EDGE('',*,*,#3598,.F.);
#1441=ORIENTED_EDGE('',*,*,#3304,.F.);
#1442=ORIENTED_EDGE('',*,*,#3284,.T.);
#1443=ORIENTED_EDGE('',*,*,#3301,.T.);
#1444=ORIENTED_EDGE('',*,*,#3306,.F.);
#1445=ORIENTED_EDGE('',*,*,#3302,.T.);
#1446=ORIENTED_EDGE('',*,*,#3285,.T.);
#1447=ORIENTED_EDGE('',*,*,#3304,.T.);
#1448=ORIENTED_EDGE('',*,*,#3307,.F.);
#1449=ORIENTED_EDGE('',*,*,#3305,.T.);
#1450=ORIENTED_EDGE('',*,*,#3308,.T.);
#1451=ORIENTED_EDGE('',*,*,#3294,.F.);
#1452=ORIENTED_EDGE('',*,*,#3287,.F.);
#1453=ORIENTED_EDGE('',*,*,#3309,.T.);
#1454=ORIENTED_EDGE('',*,*,#3310,.T.);
#1455=ORIENTED_EDGE('',*,*,#3311,.T.);
#1456=ORIENTED_EDGE('',*,*,#3646,.T.);
#1457=ORIENTED_EDGE('',*,*,#3312,.T.);
#1458=ORIENTED_EDGE('',*,*,#3626,.T.);
#1459=ORIENTED_EDGE('',*,*,#3313,.T.);
#1460=ORIENTED_EDGE('',*,*,#3315,.F.);
#1461=ORIENTED_EDGE('',*,*,#3316,.F.);
#1462=ORIENTED_EDGE('',*,*,#3317,.F.);
#1463=ORIENTED_EDGE('',*,*,#3314,.F.);
#1464=ORIENTED_EDGE('',*,*,#3318,.T.);
#1465=ORIENTED_EDGE('',*,*,#3314,.T.);
#1466=ORIENTED_EDGE('',*,*,#3319,.T.);
#1467=ORIENTED_EDGE('',*,*,#3320,.T.);
#1468=ORIENTED_EDGE('',*,*,#3322,.F.);
#1469=ORIENTED_EDGE('',*,*,#3320,.F.);
#1470=ORIENTED_EDGE('',*,*,#3323,.F.);
#1471=ORIENTED_EDGE('',*,*,#3321,.F.);
#1472=ORIENTED_EDGE('',*,*,#3324,.T.);
#1473=ORIENTED_EDGE('',*,*,#3321,.T.);
#1474=ORIENTED_EDGE('',*,*,#3325,.T.);
#1475=ORIENTED_EDGE('',*,*,#3316,.T.);
#1476=ORIENTED_EDGE('',*,*,#3325,.F.);
#1477=ORIENTED_EDGE('',*,*,#3323,.T.);
#1478=ORIENTED_EDGE('',*,*,#3319,.F.);
#1479=ORIENTED_EDGE('',*,*,#3317,.T.);
#1480=ORIENTED_EDGE('',*,*,#3327,.F.);
#1481=ORIENTED_EDGE('',*,*,#3328,.F.);
#1482=ORIENTED_EDGE('',*,*,#3329,.F.);
#1483=ORIENTED_EDGE('',*,*,#3326,.F.);
#1484=ORIENTED_EDGE('',*,*,#3330,.T.);
#1485=ORIENTED_EDGE('',*,*,#3326,.T.);
#1486=ORIENTED_EDGE('',*,*,#3331,.T.);
#1487=ORIENTED_EDGE('',*,*,#3332,.T.);
#1488=ORIENTED_EDGE('',*,*,#3334,.F.);
#1489=ORIENTED_EDGE('',*,*,#3332,.F.);
#1490=ORIENTED_EDGE('',*,*,#3335,.F.);
#1491=ORIENTED_EDGE('',*,*,#3333,.F.);
#1492=ORIENTED_EDGE('',*,*,#3336,.T.);
#1493=ORIENTED_EDGE('',*,*,#3333,.T.);
#1494=ORIENTED_EDGE('',*,*,#3337,.T.);
#1495=ORIENTED_EDGE('',*,*,#3328,.T.);
#1496=ORIENTED_EDGE('',*,*,#3337,.F.);
#1497=ORIENTED_EDGE('',*,*,#3335,.T.);
#1498=ORIENTED_EDGE('',*,*,#3331,.F.);
#1499=ORIENTED_EDGE('',*,*,#3329,.T.);
#1500=ORIENTED_EDGE('',*,*,#3339,.F.);
#1501=ORIENTED_EDGE('',*,*,#3340,.F.);
#1502=ORIENTED_EDGE('',*,*,#3341,.F.);
#1503=ORIENTED_EDGE('',*,*,#3338,.F.);
#1504=ORIENTED_EDGE('',*,*,#3342,.T.);
#1505=ORIENTED_EDGE('',*,*,#3338,.T.);
#1506=ORIENTED_EDGE('',*,*,#3343,.T.);
#1507=ORIENTED_EDGE('',*,*,#3344,.T.);
#1508=ORIENTED_EDGE('',*,*,#3346,.F.);
#1509=ORIENTED_EDGE('',*,*,#3344,.F.);
#1510=ORIENTED_EDGE('',*,*,#3347,.F.);
#1511=ORIENTED_EDGE('',*,*,#3345,.F.);
#1512=ORIENTED_EDGE('',*,*,#3348,.T.);
#1513=ORIENTED_EDGE('',*,*,#3345,.T.);
#1514=ORIENTED_EDGE('',*,*,#3349,.T.);
#1515=ORIENTED_EDGE('',*,*,#3340,.T.);
#1516=ORIENTED_EDGE('',*,*,#3349,.F.);
#1517=ORIENTED_EDGE('',*,*,#3347,.T.);
#1518=ORIENTED_EDGE('',*,*,#3343,.F.);
#1519=ORIENTED_EDGE('',*,*,#3341,.T.);
#1520=ORIENTED_EDGE('',*,*,#3350,.T.);
#1521=ORIENTED_EDGE('',*,*,#3351,.T.);
#1522=ORIENTED_EDGE('',*,*,#3352,.T.);
#1523=ORIENTED_EDGE('',*,*,#3353,.T.);
#1524=ORIENTED_EDGE('',*,*,#3355,.F.);
#1525=ORIENTED_EDGE('',*,*,#3353,.F.);
#1526=ORIENTED_EDGE('',*,*,#3356,.F.);
#1527=ORIENTED_EDGE('',*,*,#3354,.F.);
#1528=ORIENTED_EDGE('',*,*,#3357,.T.);
#1529=ORIENTED_EDGE('',*,*,#3354,.T.);
#1530=ORIENTED_EDGE('',*,*,#3358,.T.);
#1531=ORIENTED_EDGE('',*,*,#3359,.T.);
#1532=ORIENTED_EDGE('',*,*,#3360,.F.);
#1533=ORIENTED_EDGE('',*,*,#3359,.F.);
#1534=ORIENTED_EDGE('',*,*,#3361,.F.);
#1535=ORIENTED_EDGE('',*,*,#3351,.F.);
#1536=ORIENTED_EDGE('',*,*,#3361,.T.);
#1537=ORIENTED_EDGE('',*,*,#3358,.F.);
#1538=ORIENTED_EDGE('',*,*,#3356,.T.);
#1539=ORIENTED_EDGE('',*,*,#3352,.F.);
#1540=ORIENTED_EDGE('',*,*,#3362,.T.);
#1541=ORIENTED_EDGE('',*,*,#3363,.T.);
#1542=ORIENTED_EDGE('',*,*,#3364,.T.);
#1543=ORIENTED_EDGE('',*,*,#3365,.T.);
#1544=ORIENTED_EDGE('',*,*,#3367,.F.);
#1545=ORIENTED_EDGE('',*,*,#3365,.F.);
#1546=ORIENTED_EDGE('',*,*,#3368,.F.);
#1547=ORIENTED_EDGE('',*,*,#3366,.F.);
#1548=ORIENTED_EDGE('',*,*,#3369,.T.);
#1549=ORIENTED_EDGE('',*,*,#3366,.T.);
#1550=ORIENTED_EDGE('',*,*,#3370,.T.);
#1551=ORIENTED_EDGE('',*,*,#3371,.T.);
#1552=ORIENTED_EDGE('',*,*,#3372,.F.);
#1553=ORIENTED_EDGE('',*,*,#3371,.F.);
#1554=ORIENTED_EDGE('',*,*,#3373,.F.);
#1555=ORIENTED_EDGE('',*,*,#3363,.F.);
#1556=ORIENTED_EDGE('',*,*,#3373,.T.);
#1557=ORIENTED_EDGE('',*,*,#3370,.F.);
#1558=ORIENTED_EDGE('',*,*,#3368,.T.);
#1559=ORIENTED_EDGE('',*,*,#3364,.F.);
#1560=ORIENTED_EDGE('',*,*,#3374,.T.);
#1561=ORIENTED_EDGE('',*,*,#3375,.T.);
#1562=ORIENTED_EDGE('',*,*,#3376,.T.);
#1563=ORIENTED_EDGE('',*,*,#3377,.T.);
#1564=ORIENTED_EDGE('',*,*,#3379,.F.);
#1565=ORIENTED_EDGE('',*,*,#3376,.F.);
#1566=ORIENTED_EDGE('',*,*,#3380,.F.);
#1567=ORIENTED_EDGE('',*,*,#3378,.F.);
#1568=ORIENTED_EDGE('',*,*,#3381,.T.);
#1569=ORIENTED_EDGE('',*,*,#3378,.T.);
#1570=ORIENTED_EDGE('',*,*,#3382,.T.);
#1571=ORIENTED_EDGE('',*,*,#3383,.T.);
#1572=ORIENTED_EDGE('',*,*,#3384,.F.);
#1573=ORIENTED_EDGE('',*,*,#3383,.F.);
#1574=ORIENTED_EDGE('',*,*,#3385,.F.);
#1575=ORIENTED_EDGE('',*,*,#3374,.F.);
#1576=ORIENTED_EDGE('',*,*,#3385,.T.);
#1577=ORIENTED_EDGE('',*,*,#3382,.F.);
#1578=ORIENTED_EDGE('',*,*,#3380,.T.);
#1579=ORIENTED_EDGE('',*,*,#3375,.F.);
#1580=ORIENTED_EDGE('',*,*,#3386,.T.);
#1581=ORIENTED_EDGE('',*,*,#3387,.T.);
#1582=ORIENTED_EDGE('',*,*,#3388,.T.);
#1583=ORIENTED_EDGE('',*,*,#3389,.T.);
#1584=ORIENTED_EDGE('',*,*,#3391,.F.);
#1585=ORIENTED_EDGE('',*,*,#3388,.F.);
#1586=ORIENTED_EDGE('',*,*,#3392,.F.);
#1587=ORIENTED_EDGE('',*,*,#3390,.F.);
#1588=ORIENTED_EDGE('',*,*,#3393,.T.);
#1589=ORIENTED_EDGE('',*,*,#3390,.T.);
#1590=ORIENTED_EDGE('',*,*,#3394,.T.);
#1591=ORIENTED_EDGE('',*,*,#3395,.T.);
#1592=ORIENTED_EDGE('',*,*,#3396,.F.);
#1593=ORIENTED_EDGE('',*,*,#3395,.F.);
#1594=ORIENTED_EDGE('',*,*,#3397,.F.);
#1595=ORIENTED_EDGE('',*,*,#3386,.F.);
#1596=ORIENTED_EDGE('',*,*,#3397,.T.);
#1597=ORIENTED_EDGE('',*,*,#3394,.F.);
#1598=ORIENTED_EDGE('',*,*,#3392,.T.);
#1599=ORIENTED_EDGE('',*,*,#3387,.F.);
#1600=ORIENTED_EDGE('',*,*,#3414,.T.);
#1601=ORIENTED_EDGE('',*,*,#3398,.T.);
#1602=ORIENTED_EDGE('',*,*,#3309,.F.);
#1603=ORIENTED_EDGE('',*,*,#3286,.F.);
#1604=ORIENTED_EDGE('',*,*,#3526,.T.);
#1605=ORIENTED_EDGE('',*,*,#3399,.T.);
#1606=ORIENTED_EDGE('',*,*,#3400,.T.);
#1607=ORIENTED_EDGE('',*,*,#3401,.T.);
#1608=ORIENTED_EDGE('',*,*,#3402,.T.);
#1609=ORIENTED_EDGE('',*,*,#3403,.T.);
#1610=ORIENTED_EDGE('',*,*,#3404,.T.);
#1611=ORIENTED_EDGE('',*,*,#3405,.T.);
#1612=ORIENTED_EDGE('',*,*,#3402,.F.);
#1613=ORIENTED_EDGE('',*,*,#3406,.T.);
#1614=ORIENTED_EDGE('',*,*,#3407,.T.);
#1615=ORIENTED_EDGE('',*,*,#3408,.T.);
#1616=ORIENTED_EDGE('',*,*,#3407,.F.);
#1617=ORIENTED_EDGE('',*,*,#3409,.T.);
#1618=ORIENTED_EDGE('',*,*,#3410,.T.);
#1619=ORIENTED_EDGE('',*,*,#3411,.T.);
#1620=ORIENTED_EDGE('',*,*,#3412,.T.);
#1621=ORIENTED_EDGE('',*,*,#3413,.T.);
#1622=ORIENTED_EDGE('',*,*,#3414,.F.);
#1623=ORIENTED_EDGE('',*,*,#3410,.F.);
#1624=ORIENTED_EDGE('',*,*,#3415,.T.);
#1625=ORIENTED_EDGE('',*,*,#3416,.T.);
#1626=ORIENTED_EDGE('',*,*,#3417,.T.);
#1627=ORIENTED_EDGE('',*,*,#3418,.T.);
#1628=ORIENTED_EDGE('',*,*,#3419,.T.);
#1629=ORIENTED_EDGE('',*,*,#3420,.T.);
#1630=ORIENTED_EDGE('',*,*,#3421,.T.);
#1631=ORIENTED_EDGE('',*,*,#3420,.F.);
#1632=ORIENTED_EDGE('',*,*,#3422,.T.);
#1633=ORIENTED_EDGE('',*,*,#3423,.T.);
#1634=ORIENTED_EDGE('',*,*,#3424,.T.);
#1635=ORIENTED_EDGE('',*,*,#3425,.T.);
#1636=ORIENTED_EDGE('',*,*,#3426,.T.);
#1637=ORIENTED_EDGE('',*,*,#3427,.T.);
#1638=ORIENTED_EDGE('',*,*,#3418,.F.);
#1639=ORIENTED_EDGE('',*,*,#3428,.T.);
#1640=ORIENTED_EDGE('',*,*,#3424,.F.);
#1641=ORIENTED_EDGE('',*,*,#3429,.T.);
#1642=ORIENTED_EDGE('',*,*,#3430,.T.);
#1643=ORIENTED_EDGE('',*,*,#3431,.T.);
#1644=ORIENTED_EDGE('',*,*,#3426,.F.);
#1645=ORIENTED_EDGE('',*,*,#3432,.T.);
#1646=ORIENTED_EDGE('',*,*,#3433,.T.);
#1647=ORIENTED_EDGE('',*,*,#3434,.T.);
#1648=ORIENTED_EDGE('',*,*,#3431,.F.);
#1649=ORIENTED_EDGE('',*,*,#3435,.T.);
#1650=ORIENTED_EDGE('',*,*,#3427,.F.);
#1651=ORIENTED_EDGE('',*,*,#3434,.F.);
#1652=ORIENTED_EDGE('',*,*,#3436,.T.);
#1653=ORIENTED_EDGE('',*,*,#3437,.T.);
#1654=ORIENTED_EDGE('',*,*,#3429,.F.);
#1655=ORIENTED_EDGE('',*,*,#3437,.F.);
#1656=ORIENTED_EDGE('',*,*,#3438,.T.);
#1657=ORIENTED_EDGE('',*,*,#3439,.T.);
#1658=ORIENTED_EDGE('',*,*,#3440,.T.);
#1659=ORIENTED_EDGE('',*,*,#3422,.F.);
#1660=ORIENTED_EDGE('',*,*,#3419,.F.);
#1661=ORIENTED_EDGE('',*,*,#3439,.F.);
#1662=ORIENTED_EDGE('',*,*,#3441,.T.);
#1663=ORIENTED_EDGE('',*,*,#3442,.T.);
#1664=ORIENTED_EDGE('',*,*,#3443,.T.);
#1665=ORIENTED_EDGE('',*,*,#3441,.F.);
#1666=ORIENTED_EDGE('',*,*,#3438,.F.);
#1667=ORIENTED_EDGE('',*,*,#3436,.F.);
#1668=ORIENTED_EDGE('',*,*,#3433,.F.);
#1669=ORIENTED_EDGE('',*,*,#3497,.T.);
#1670=ORIENTED_EDGE('',*,*,#3500,.T.);
#1671=ORIENTED_EDGE('',*,*,#3444,.T.);
#1672=ORIENTED_EDGE('',*,*,#3445,.T.);
#1673=ORIENTED_EDGE('',*,*,#3446,.T.);
#1674=ORIENTED_EDGE('',*,*,#3447,.T.);
#1675=ORIENTED_EDGE('',*,*,#3505,.T.);
#1676=ORIENTED_EDGE('',*,*,#3508,.T.);
#1677=ORIENTED_EDGE('',*,*,#3450,.T.);
#1678=ORIENTED_EDGE('',*,*,#3461,.T.);
#1679=ORIENTED_EDGE('',*,*,#3449,.F.);
#1680=ORIENTED_EDGE('',*,*,#3450,.F.);
#1681=ORIENTED_EDGE('',*,*,#3451,.F.);
#1682=ORIENTED_EDGE('',*,*,#3452,.F.);
#1683=ORIENTED_EDGE('',*,*,#3453,.F.);
#1684=ORIENTED_EDGE('',*,*,#3448,.F.);
#1685=ORIENTED_EDGE('',*,*,#3487,.T.);
#1686=ORIENTED_EDGE('',*,*,#3490,.T.);
#1687=ORIENTED_EDGE('',*,*,#3455,.T.);
#1688=ORIENTED_EDGE('',*,*,#3454,.T.);
#1689=ORIENTED_EDGE('',*,*,#3456,.F.);
#1690=ORIENTED_EDGE('',*,*,#3474,.F.);
#1691=ORIENTED_EDGE('',*,*,#3465,.F.);
#1692=ORIENTED_EDGE('',*,*,#3455,.F.);
#1693=ORIENTED_EDGE('',*,*,#3457,.T.);
#1694=ORIENTED_EDGE('',*,*,#3458,.T.);
#1695=ORIENTED_EDGE('',*,*,#4128,.T.);
#1696=ORIENTED_EDGE('',*,*,#3459,.T.);
#1697=ORIENTED_EDGE('',*,*,#3460,.T.);
#1698=ORIENTED_EDGE('',*,*,#3449,.T.);
#1699=ORIENTED_EDGE('',*,*,#3462,.F.);
#1700=ORIENTED_EDGE('',*,*,#3463,.F.);
#1701=ORIENTED_EDGE('',*,*,#3464,.F.);
#1702=ORIENTED_EDGE('',*,*,#3451,.T.);
#1703=ORIENTED_EDGE('',*,*,#3461,.F.);
#1704=ORIENTED_EDGE('',*,*,#3465,.T.);
#1705=ORIENTED_EDGE('',*,*,#3475,.F.);
#1706=ORIENTED_EDGE('',*,*,#3456,.T.);
#1707=ORIENTED_EDGE('',*,*,#3454,.F.);
#1708=ORIENTED_EDGE('',*,*,#3620,.T.);
#1709=ORIENTED_EDGE('',*,*,#3466,.T.);
#1710=ORIENTED_EDGE('',*,*,#3467,.T.);
#1711=ORIENTED_EDGE('',*,*,#3468,.T.);
#1712=ORIENTED_EDGE('',*,*,#3469,.T.);
#1713=ORIENTED_EDGE('',*,*,#3470,.T.);
#1714=ORIENTED_EDGE('',*,*,#3471,.T.);
#1715=ORIENTED_EDGE('',*,*,#3466,.F.);
#1716=ORIENTED_EDGE('',*,*,#3619,.T.);
#1717=ORIENTED_EDGE('',*,*,#3472,.T.);
#1718=ORIENTED_EDGE('',*,*,#3473,.T.);
#1719=ORIENTED_EDGE('',*,*,#3470,.F.);
#1720=ORIENTED_EDGE('',*,*,#3475,.T.);
#1721=ORIENTED_EDGE('',*,*,#3474,.T.);
#1722=ORIENTED_EDGE('',*,*,#3618,.T.);
#1723=ORIENTED_EDGE('',*,*,#3476,.T.);
#1724=ORIENTED_EDGE('',*,*,#3452,.T.);
#1725=ORIENTED_EDGE('',*,*,#3464,.T.);
#1726=ORIENTED_EDGE('',*,*,#3477,.T.);
#1727=ORIENTED_EDGE('',*,*,#3478,.T.);
#1728=ORIENTED_EDGE('',*,*,#3479,.T.);
#1729=ORIENTED_EDGE('',*,*,#3480,.T.);
#1730=ORIENTED_EDGE('',*,*,#3481,.T.);
#1731=ORIENTED_EDGE('',*,*,#3453,.T.);
#1732=ORIENTED_EDGE('',*,*,#3476,.F.);
#1733=ORIENTED_EDGE('',*,*,#3463,.T.);
#1734=ORIENTED_EDGE('',*,*,#3482,.T.);
#1735=ORIENTED_EDGE('',*,*,#3483,.T.);
#1736=ORIENTED_EDGE('',*,*,#3477,.F.);
#1737=ORIENTED_EDGE('',*,*,#3617,.T.);
#1738=ORIENTED_EDGE('',*,*,#3460,.F.);
#1739=ORIENTED_EDGE('',*,*,#3484,.T.);
#1740=ORIENTED_EDGE('',*,*,#3485,.T.);
#1741=ORIENTED_EDGE('',*,*,#3482,.F.);
#1742=ORIENTED_EDGE('',*,*,#3462,.T.);
#1743=ORIENTED_EDGE('',*,*,#3448,.T.);
#1744=ORIENTED_EDGE('',*,*,#3481,.F.);
#1745=ORIENTED_EDGE('',*,*,#3487,.F.);
#1746=ORIENTED_EDGE('',*,*,#3488,.F.);
#1747=ORIENTED_EDGE('',*,*,#3489,.F.);
#1748=ORIENTED_EDGE('',*,*,#3486,.F.);
#1749=ORIENTED_EDGE('',*,*,#3490,.F.);
#1750=ORIENTED_EDGE('',*,*,#3486,.T.);
#1751=ORIENTED_EDGE('',*,*,#3491,.F.);
#1752=ORIENTED_EDGE('',*,*,#3488,.T.);
#1753=ORIENTED_EDGE('',*,*,#3467,.F.);
#1754=ORIENTED_EDGE('',*,*,#3471,.F.);
#1755=ORIENTED_EDGE('',*,*,#3473,.F.);
#1756=ORIENTED_EDGE('',*,*,#3492,.T.);
#1757=ORIENTED_EDGE('',*,*,#3478,.F.);
#1758=ORIENTED_EDGE('',*,*,#3483,.F.);
#1759=ORIENTED_EDGE('',*,*,#3485,.F.);
#1760=ORIENTED_EDGE('',*,*,#3493,.T.);
#1761=ORIENTED_EDGE('',*,*,#3494,.T.);
#1762=ORIENTED_EDGE('',*,*,#3479,.F.);
#1763=ORIENTED_EDGE('',*,*,#3492,.F.);
#1764=ORIENTED_EDGE('',*,*,#3472,.F.);
#1765=ORIENTED_EDGE('',*,*,#3447,.F.);
#1766=ORIENTED_EDGE('',*,*,#3495,.T.);
#1767=ORIENTED_EDGE('',*,*,#3496,.T.);
#1768=ORIENTED_EDGE('',*,*,#3442,.F.);
#1769=ORIENTED_EDGE('',*,*,#3491,.T.);
#1770=ORIENTED_EDGE('',*,*,#3489,.T.);
#1771=ORIENTED_EDGE('',*,*,#3502,.T.);
#1772=ORIENTED_EDGE('',*,*,#3406,.F.);
#1773=ORIENTED_EDGE('',*,*,#3616,.T.);
#1774=ORIENTED_EDGE('',*,*,#3445,.F.);
#1775=ORIENTED_EDGE('',*,*,#3497,.F.);
#1776=ORIENTED_EDGE('',*,*,#3435,.F.);
#1777=ORIENTED_EDGE('',*,*,#3430,.F.);
#1778=ORIENTED_EDGE('',*,*,#3498,.T.);
#1779=ORIENTED_EDGE('',*,*,#3499,.T.);
#1780=ORIENTED_EDGE('',*,*,#3415,.F.);
#1781=ORIENTED_EDGE('',*,*,#3501,.T.);
#1782=ORIENTED_EDGE('',*,*,#3500,.F.);
#1783=ORIENTED_EDGE('',*,*,#3501,.F.);
#1784=ORIENTED_EDGE('',*,*,#3409,.F.);
#1785=ORIENTED_EDGE('',*,*,#3502,.F.);
#1786=ORIENTED_EDGE('',*,*,#3444,.F.);
#1787=ORIENTED_EDGE('',*,*,#3504,.F.);
#1788=ORIENTED_EDGE('',*,*,#3505,.F.);
#1789=ORIENTED_EDGE('',*,*,#3506,.F.);
#1790=ORIENTED_EDGE('',*,*,#3503,.F.);
#1791=ORIENTED_EDGE('',*,*,#3506,.T.);
#1792=ORIENTED_EDGE('',*,*,#3508,.F.);
#1793=ORIENTED_EDGE('',*,*,#3504,.T.);
#1794=ORIENTED_EDGE('',*,*,#3507,.F.);
#1795=ORIENTED_EDGE('',*,*,#3510,.F.);
#1796=ORIENTED_EDGE('',*,*,#3511,.F.);
#1797=ORIENTED_EDGE('',*,*,#3512,.F.);
#1798=ORIENTED_EDGE('',*,*,#3513,.F.);
#1799=ORIENTED_EDGE('',*,*,#3514,.F.);
#1800=ORIENTED_EDGE('',*,*,#3509,.F.);
#1801=ORIENTED_EDGE('',*,*,#3509,.T.);
#1802=ORIENTED_EDGE('',*,*,#4093,.T.);
#1803=ORIENTED_EDGE('',*,*,#3503,.T.);
#1804=ORIENTED_EDGE('',*,*,#3507,.T.);
#1805=ORIENTED_EDGE('',*,*,#3515,.T.);
#1806=ORIENTED_EDGE('',*,*,#3417,.F.);
#1807=ORIENTED_EDGE('',*,*,#3516,.T.);
#1808=ORIENTED_EDGE('',*,*,#3263,.F.);
#1809=ORIENTED_EDGE('',*,*,#3517,.T.);
#1810=ORIENTED_EDGE('',*,*,#3425,.F.);
#1811=ORIENTED_EDGE('',*,*,#3518,.T.);
#1812=ORIENTED_EDGE('',*,*,#3259,.F.);
#1813=ORIENTED_EDGE('',*,*,#3518,.F.);
#1814=ORIENTED_EDGE('',*,*,#3428,.F.);
#1815=ORIENTED_EDGE('',*,*,#3515,.F.);
#1816=ORIENTED_EDGE('',*,*,#3262,.F.);
#1817=ORIENTED_EDGE('',*,*,#3498,.F.);
#1818=ORIENTED_EDGE('',*,*,#3432,.F.);
#1819=ORIENTED_EDGE('',*,*,#3517,.F.);
#1820=ORIENTED_EDGE('',*,*,#3264,.F.);
#1821=ORIENTED_EDGE('',*,*,#3519,.T.);
#1822=ORIENTED_EDGE('',*,*,#3520,.T.);
#1823=ORIENTED_EDGE('',*,*,#3299,.F.);
#1824=ORIENTED_EDGE('',*,*,#3521,.F.);
#1825=ORIENTED_EDGE('',*,*,#3522,.T.);
#1826=ORIENTED_EDGE('',*,*,#3523,.T.);
#1827=ORIENTED_EDGE('',*,*,#3522,.F.);
#1828=ORIENTED_EDGE('',*,*,#3296,.F.);
#1829=ORIENTED_EDGE('',*,*,#3524,.T.);
#1830=ORIENTED_EDGE('',*,*,#3525,.T.);
#1831=ORIENTED_EDGE('',*,*,#3403,.F.);
#1832=ORIENTED_EDGE('',*,*,#3405,.F.);
#1833=ORIENTED_EDGE('',*,*,#3408,.F.);
#1834=ORIENTED_EDGE('',*,*,#3526,.F.);
#1835=ORIENTED_EDGE('',*,*,#3290,.F.);
#1836=ORIENTED_EDGE('',*,*,#3293,.F.);
#1837=ORIENTED_EDGE('',*,*,#3300,.F.);
#1838=ORIENTED_EDGE('',*,*,#3520,.F.);
#1839=ORIENTED_EDGE('',*,*,#3527,.T.);
#1840=ORIENTED_EDGE('',*,*,#3528,.T.);
#1841=ORIENTED_EDGE('',*,*,#3529,.T.);
#1842=ORIENTED_EDGE('',*,*,#3530,.T.);
#1843=ORIENTED_EDGE('',*,*,#3531,.T.);
#1844=ORIENTED_EDGE('',*,*,#3532,.T.);
#1845=ORIENTED_EDGE('',*,*,#3533,.F.);
#1846=ORIENTED_EDGE('',*,*,#3267,.F.);
#1847=ORIENTED_EDGE('',*,*,#3283,.F.);
#1848=ORIENTED_EDGE('',*,*,#3274,.F.);
#1849=ORIENTED_EDGE('',*,*,#3322,.T.);
#1850=ORIENTED_EDGE('',*,*,#3324,.F.);
#1851=ORIENTED_EDGE('',*,*,#3315,.T.);
#1852=ORIENTED_EDGE('',*,*,#3318,.F.);
#1853=ORIENTED_EDGE('',*,*,#3334,.T.);
#1854=ORIENTED_EDGE('',*,*,#3336,.F.);
#1855=ORIENTED_EDGE('',*,*,#3327,.T.);
#1856=ORIENTED_EDGE('',*,*,#3330,.F.);
#1857=ORIENTED_EDGE('',*,*,#3346,.T.);
#1858=ORIENTED_EDGE('',*,*,#3348,.F.);
#1859=ORIENTED_EDGE('',*,*,#3339,.T.);
#1860=ORIENTED_EDGE('',*,*,#3342,.F.);
#1861=ORIENTED_EDGE('',*,*,#3360,.T.);
#1862=ORIENTED_EDGE('',*,*,#3350,.F.);
#1863=ORIENTED_EDGE('',*,*,#3355,.T.);
#1864=ORIENTED_EDGE('',*,*,#3357,.F.);
#1865=ORIENTED_EDGE('',*,*,#3372,.T.);
#1866=ORIENTED_EDGE('',*,*,#3362,.F.);
#1867=ORIENTED_EDGE('',*,*,#3367,.T.);
#1868=ORIENTED_EDGE('',*,*,#3369,.F.);
#1869=ORIENTED_EDGE('',*,*,#3384,.T.);
#1870=ORIENTED_EDGE('',*,*,#3377,.F.);
#1871=ORIENTED_EDGE('',*,*,#3379,.T.);
#1872=ORIENTED_EDGE('',*,*,#3381,.F.);
#1873=ORIENTED_EDGE('',*,*,#3396,.T.);
#1874=ORIENTED_EDGE('',*,*,#3389,.F.);
#1875=ORIENTED_EDGE('',*,*,#3391,.T.);
#1876=ORIENTED_EDGE('',*,*,#3393,.F.);
#1877=ORIENTED_EDGE('',*,*,#3528,.F.);
#1878=ORIENTED_EDGE('',*,*,#3527,.F.);
#1879=ORIENTED_EDGE('',*,*,#3519,.F.);
#1880=ORIENTED_EDGE('',*,*,#3523,.F.);
#1881=ORIENTED_EDGE('',*,*,#3534,.T.);
#1882=ORIENTED_EDGE('',*,*,#3193,.F.);
#1883=ORIENTED_EDGE('',*,*,#3181,.F.);
#1884=ORIENTED_EDGE('',*,*,#3535,.T.);
#1885=ORIENTED_EDGE('',*,*,#3543,.T.);
#1886=ORIENTED_EDGE('',*,*,#3547,.T.);
#1887=ORIENTED_EDGE('',*,*,#3536,.T.);
#1888=ORIENTED_EDGE('',*,*,#3537,.T.);
#1889=ORIENTED_EDGE('',*,*,#3529,.F.);
#1890=ORIENTED_EDGE('',*,*,#3535,.F.);
#1891=ORIENTED_EDGE('',*,*,#3180,.F.);
#1892=ORIENTED_EDGE('',*,*,#3187,.F.);
#1893=ORIENTED_EDGE('',*,*,#3184,.F.);
#1894=ORIENTED_EDGE('',*,*,#3196,.F.);
#1895=ORIENTED_EDGE('',*,*,#3538,.T.);
#1896=ORIENTED_EDGE('',*,*,#3205,.T.);
#1897=ORIENTED_EDGE('',*,*,#3207,.F.);
#1898=ORIENTED_EDGE('',*,*,#3198,.T.);
#1899=ORIENTED_EDGE('',*,*,#3201,.F.);
#1900=ORIENTED_EDGE('',*,*,#3217,.T.);
#1901=ORIENTED_EDGE('',*,*,#3219,.F.);
#1902=ORIENTED_EDGE('',*,*,#3210,.T.);
#1903=ORIENTED_EDGE('',*,*,#3213,.F.);
#1904=ORIENTED_EDGE('',*,*,#3229,.T.);
#1905=ORIENTED_EDGE('',*,*,#3231,.F.);
#1906=ORIENTED_EDGE('',*,*,#3222,.T.);
#1907=ORIENTED_EDGE('',*,*,#3225,.F.);
#1908=ORIENTED_EDGE('',*,*,#3243,.T.);
#1909=ORIENTED_EDGE('',*,*,#3233,.F.);
#1910=ORIENTED_EDGE('',*,*,#3238,.T.);
#1911=ORIENTED_EDGE('',*,*,#3240,.F.);
#1912=ORIENTED_EDGE('',*,*,#3255,.T.);
#1913=ORIENTED_EDGE('',*,*,#3245,.F.);
#1914=ORIENTED_EDGE('',*,*,#3250,.T.);
#1915=ORIENTED_EDGE('',*,*,#3252,.F.);
#1916=ORIENTED_EDGE('',*,*,#3546,.T.);
#1917=ORIENTED_EDGE('',*,*,#3550,.T.);
#1918=ORIENTED_EDGE('',*,*,#3530,.F.);
#1919=ORIENTED_EDGE('',*,*,#3537,.F.);
#1920=ORIENTED_EDGE('',*,*,#3536,.F.);
#1921=ORIENTED_EDGE('',*,*,#3538,.F.);
#1922=ORIENTED_EDGE('',*,*,#3195,.F.);
#1923=ORIENTED_EDGE('',*,*,#3539,.T.);
#1924=ORIENTED_EDGE('',*,*,#3540,.T.);
#1925=ORIENTED_EDGE('',*,*,#3540,.F.);
#1926=ORIENTED_EDGE('',*,*,#3541,.T.);
#1927=ORIENTED_EDGE('',*,*,#3542,.T.);
#1928=ORIENTED_EDGE('',*,*,#3543,.F.);
#1929=ORIENTED_EDGE('',*,*,#3542,.F.);
#1930=ORIENTED_EDGE('',*,*,#3544,.T.);
#1931=ORIENTED_EDGE('',*,*,#3545,.T.);
#1932=ORIENTED_EDGE('',*,*,#3546,.F.);
#1933=ORIENTED_EDGE('',*,*,#3547,.F.);
#1934=ORIENTED_EDGE('',*,*,#3548,.F.);
#1935=ORIENTED_EDGE('',*,*,#3549,.F.);
#1936=ORIENTED_EDGE('',*,*,#3550,.F.);
#1937=ORIENTED_EDGE('',*,*,#3545,.F.);
#1938=ORIENTED_EDGE('',*,*,#3532,.F.);
#1939=ORIENTED_EDGE('',*,*,#3551,.T.);
#1940=ORIENTED_EDGE('',*,*,#3552,.T.);
#1941=ORIENTED_EDGE('',*,*,#3553,.T.);
#1942=ORIENTED_EDGE('',*,*,#3606,.T.);
#1943=ORIENTED_EDGE('',*,*,#3591,.T.);
#1944=ORIENTED_EDGE('',*,*,#3600,.T.);
#1945=ORIENTED_EDGE('',*,*,#3607,.T.);
#1946=ORIENTED_EDGE('',*,*,#3554,.T.);
#1947=ORIENTED_EDGE('',*,*,#3555,.T.);
#1948=ORIENTED_EDGE('',*,*,#3556,.T.);
#1949=ORIENTED_EDGE('',*,*,#3557,.T.);
#1950=ORIENTED_EDGE('',*,*,#3558,.T.);
#1951=ORIENTED_EDGE('',*,*,#3559,.T.);
#1952=ORIENTED_EDGE('',*,*,#3560,.T.);
#1953=ORIENTED_EDGE('',*,*,#3561,.T.);
#1954=ORIENTED_EDGE('',*,*,#3586,.T.);
#1955=ORIENTED_EDGE('',*,*,#3584,.T.);
#1956=ORIENTED_EDGE('',*,*,#3562,.T.);
#1957=ORIENTED_EDGE('',*,*,#3581,.T.);
#1958=ORIENTED_EDGE('',*,*,#3579,.T.);
#1959=ORIENTED_EDGE('',*,*,#3577,.T.);
#1960=ORIENTED_EDGE('',*,*,#3563,.T.);
#1961=ORIENTED_EDGE('',*,*,#3561,.F.);
#1962=ORIENTED_EDGE('',*,*,#3564,.T.);
#1963=ORIENTED_EDGE('',*,*,#3565,.T.);
#1964=ORIENTED_EDGE('',*,*,#3566,.T.);
#1965=ORIENTED_EDGE('',*,*,#3589,.T.);
#1966=ORIENTED_EDGE('',*,*,#3587,.T.);
#1967=ORIENTED_EDGE('',*,*,#3566,.F.);
#1968=ORIENTED_EDGE('',*,*,#3565,.F.);
#1969=ORIENTED_EDGE('',*,*,#3567,.T.);
#1970=ORIENTED_EDGE('',*,*,#3604,.T.);
#1971=ORIENTED_EDGE('',*,*,#3557,.F.);
#1972=ORIENTED_EDGE('',*,*,#3635,.T.);
#1973=ORIENTED_EDGE('',*,*,#3568,.T.);
#1974=ORIENTED_EDGE('',*,*,#3308,.F.);
#1975=ORIENTED_EDGE('',*,*,#3398,.F.);
#1976=ORIENTED_EDGE('',*,*,#3413,.F.);
#1977=ORIENTED_EDGE('',*,*,#3569,.T.);
#1978=ORIENTED_EDGE('',*,*,#3291,.F.);
#1979=ORIENTED_EDGE('',*,*,#3568,.F.);
#1980=ORIENTED_EDGE('',*,*,#3570,.T.);
#1981=ORIENTED_EDGE('',*,*,#3571,.T.);
#1982=ORIENTED_EDGE('',*,*,#3298,.F.);
#1983=ORIENTED_EDGE('',*,*,#3569,.F.);
#1984=ORIENTED_EDGE('',*,*,#3572,.T.);
#1985=ORIENTED_EDGE('',*,*,#3573,.T.);
#1986=ORIENTED_EDGE('',*,*,#3295,.F.);
#1987=ORIENTED_EDGE('',*,*,#3571,.F.);
#1988=ORIENTED_EDGE('',*,*,#3574,.T.);
#1989=ORIENTED_EDGE('',*,*,#3575,.T.);
#1990=ORIENTED_EDGE('',*,*,#3192,.F.);
#1991=ORIENTED_EDGE('',*,*,#3534,.F.);
#1992=ORIENTED_EDGE('',*,*,#3524,.F.);
#1993=ORIENTED_EDGE('',*,*,#3573,.F.);
#1994=ORIENTED_EDGE('',*,*,#3634,.F.);
#1995=ORIENTED_EDGE('',*,*,#3558,.F.);
#1996=ORIENTED_EDGE('',*,*,#3563,.F.);
#1997=ORIENTED_EDGE('',*,*,#3576,.T.);
#1998=ORIENTED_EDGE('',*,*,#3190,.F.);
#1999=ORIENTED_EDGE('',*,*,#3575,.F.);
#2000=ORIENTED_EDGE('',*,*,#3577,.F.);
#2001=ORIENTED_EDGE('',*,*,#3578,.T.);
#2002=ORIENTED_EDGE('',*,*,#3186,.F.);
#2003=ORIENTED_EDGE('',*,*,#3576,.F.);
#2004=ORIENTED_EDGE('',*,*,#3579,.F.);
#2005=ORIENTED_EDGE('',*,*,#3580,.T.);
#2006=ORIENTED_EDGE('',*,*,#3182,.F.);
#2007=ORIENTED_EDGE('',*,*,#3578,.F.);
#2008=ORIENTED_EDGE('',*,*,#3581,.F.);
#2009=ORIENTED_EDGE('',*,*,#3582,.T.);
#2010=ORIENTED_EDGE('',*,*,#3539,.F.);
#2011=ORIENTED_EDGE('',*,*,#3194,.F.);
#2012=ORIENTED_EDGE('',*,*,#3580,.F.);
#2013=ORIENTED_EDGE('',*,*,#3562,.F.);
#2014=ORIENTED_EDGE('',*,*,#3583,.T.);
#2015=ORIENTED_EDGE('',*,*,#3541,.F.);
#2016=ORIENTED_EDGE('',*,*,#3582,.F.);
#2017=ORIENTED_EDGE('',*,*,#3584,.F.);
#2018=ORIENTED_EDGE('',*,*,#3585,.T.);
#2019=ORIENTED_EDGE('',*,*,#3544,.F.);
#2020=ORIENTED_EDGE('',*,*,#3583,.F.);
#2021=ORIENTED_EDGE('',*,*,#3586,.F.);
#2022=ORIENTED_EDGE('',*,*,#3587,.F.);
#2023=ORIENTED_EDGE('',*,*,#3548,.T.);
#2024=ORIENTED_EDGE('',*,*,#3585,.F.);
#2025=ORIENTED_EDGE('',*,*,#3589,.F.);
#2026=ORIENTED_EDGE('',*,*,#3588,.F.);
#2027=ORIENTED_EDGE('',*,*,#3590,.F.);
#2028=ORIENTED_EDGE('',*,*,#3591,.F.);
#2029=ORIENTED_EDGE('',*,*,#3592,.F.);
#2030=ORIENTED_EDGE('',*,*,#3511,.T.);
#2031=ORIENTED_EDGE('',*,*,#3594,.F.);
#2032=ORIENTED_EDGE('',*,*,#3303,.T.);
#2033=ORIENTED_EDGE('',*,*,#3595,.F.);
#2034=ORIENTED_EDGE('',*,*,#3593,.F.);
#2035=ORIENTED_EDGE('',*,*,#3597,.F.);
#2036=ORIENTED_EDGE('',*,*,#3598,.T.);
#2037=ORIENTED_EDGE('',*,*,#3599,.F.);
#2038=ORIENTED_EDGE('',*,*,#3596,.F.);
#2039=ORIENTED_EDGE('',*,*,#3590,.T.);
#2040=ORIENTED_EDGE('',*,*,#3601,.F.);
#2041=ORIENTED_EDGE('',*,*,#3602,.F.);
#2042=ORIENTED_EDGE('',*,*,#3600,.F.);
#2043=ORIENTED_EDGE('',*,*,#3609,.T.);
#2044=ORIENTED_EDGE('',*,*,#3313,.F.);
#2045=ORIENTED_EDGE('',*,*,#3643,.T.);
#2046=ORIENTED_EDGE('',*,*,#3603,.T.);
#2047=ORIENTED_EDGE('',*,*,#3604,.F.);
#2048=ORIENTED_EDGE('',*,*,#3412,.F.);
#2049=ORIENTED_EDGE('',*,*,#3605,.T.);
#2050=ORIENTED_EDGE('',*,*,#3512,.T.);
#2051=ORIENTED_EDGE('',*,*,#3592,.T.);
#2052=ORIENTED_EDGE('',*,*,#3606,.F.);
#2053=ORIENTED_EDGE('',*,*,#3607,.F.);
#2054=ORIENTED_EDGE('',*,*,#3602,.T.);
#2055=ORIENTED_EDGE('',*,*,#3608,.T.);
#2056=ORIENTED_EDGE('',*,*,#3645,.T.);
#2057=ORIENTED_EDGE('',*,*,#3311,.F.);
#2058=ORIENTED_EDGE('',*,*,#3310,.F.);
#2059=ORIENTED_EDGE('',*,*,#3609,.F.);
#2060=ORIENTED_EDGE('',*,*,#3610,.T.);
#2061=ORIENTED_EDGE('',*,*,#3611,.T.);
#2062=ORIENTED_EDGE('',*,*,#3612,.T.);
#2063=ORIENTED_EDGE('',*,*,#3613,.T.);
#2064=ORIENTED_EDGE('',*,*,#4137,.T.);
#2065=ORIENTED_EDGE('',*,*,#3458,.F.);
#2066=ORIENTED_EDGE('',*,*,#3400,.F.);
#2067=ORIENTED_EDGE('',*,*,#3614,.T.);
#2068=ORIENTED_EDGE('',*,*,#3615,.T.);
#2069=ORIENTED_EDGE('',*,*,#3495,.F.);
#2070=ORIENTED_EDGE('',*,*,#3446,.F.);
#2071=ORIENTED_EDGE('',*,*,#3616,.F.);
#2072=ORIENTED_EDGE('',*,*,#3401,.F.);
#2073=ORIENTED_EDGE('',*,*,#3457,.F.);
#2074=ORIENTED_EDGE('',*,*,#3617,.F.);
#2075=ORIENTED_EDGE('',*,*,#3480,.F.);
#2076=ORIENTED_EDGE('',*,*,#3618,.F.);
#2077=ORIENTED_EDGE('',*,*,#3494,.F.);
#2078=ORIENTED_EDGE('',*,*,#3619,.F.);
#2079=ORIENTED_EDGE('',*,*,#3469,.F.);
#2080=ORIENTED_EDGE('',*,*,#3620,.F.);
#2081=ORIENTED_EDGE('',*,*,#3622,.T.);
#2082=ORIENTED_EDGE('',*,*,#3551,.F.);
#2083=ORIENTED_EDGE('',*,*,#3531,.F.);
#2084=ORIENTED_EDGE('',*,*,#3549,.T.);
#2085=ORIENTED_EDGE('',*,*,#3623,.T.);
#2086=ORIENTED_EDGE('',*,*,#3624,.T.);
#2087=ORIENTED_EDGE('',*,*,#3625,.T.);
#2088=ORIENTED_EDGE('',*,*,#3626,.F.);
#2089=ORIENTED_EDGE('',*,*,#3627,.T.);
#2090=ORIENTED_EDGE('',*,*,#3628,.T.);
#2091=ORIENTED_EDGE('',*,*,#4123,.T.);
#2092=ORIENTED_EDGE('',*,*,#3614,.F.);
#2093=ORIENTED_EDGE('',*,*,#3399,.F.);
#2094=ORIENTED_EDGE('',*,*,#3629,.T.);
#2095=ORIENTED_EDGE('',*,*,#3630,.T.);
#2096=ORIENTED_EDGE('',*,*,#3627,.F.);
#2097=ORIENTED_EDGE('',*,*,#3312,.F.);
#2098=ORIENTED_EDGE('',*,*,#3631,.T.);
#2099=ORIENTED_EDGE('',*,*,#3552,.F.);
#2100=ORIENTED_EDGE('',*,*,#3622,.F.);
#2101=ORIENTED_EDGE('',*,*,#4124,.T.);
#2102=ORIENTED_EDGE('',*,*,#3629,.F.);
#2103=ORIENTED_EDGE('',*,*,#3404,.F.);
#2104=ORIENTED_EDGE('',*,*,#3525,.F.);
#2105=ORIENTED_EDGE('',*,*,#3553,.F.);
#2106=ORIENTED_EDGE('',*,*,#3631,.F.);
#2107=ORIENTED_EDGE('',*,*,#3632,.T.);
#2108=ORIENTED_EDGE('',*,*,#3633,.T.);
#2109=ORIENTED_EDGE('',*,*,#3567,.F.);
#2110=ORIENTED_EDGE('',*,*,#3564,.F.);
#2111=ORIENTED_EDGE('',*,*,#3560,.F.);
#2112=ORIENTED_EDGE('',*,*,#3559,.F.);
#2113=ORIENTED_EDGE('',*,*,#3634,.T.);
#2114=ORIENTED_EDGE('',*,*,#3574,.F.);
#2115=ORIENTED_EDGE('',*,*,#3572,.F.);
#2116=ORIENTED_EDGE('',*,*,#3570,.F.);
#2117=ORIENTED_EDGE('',*,*,#3635,.F.);
#2118=ORIENTED_EDGE('',*,*,#3556,.F.);
#2119=ORIENTED_EDGE('',*,*,#3555,.F.);
#2120=ORIENTED_EDGE('',*,*,#3554,.F.);
#2121=ORIENTED_EDGE('',*,*,#3610,.F.);
#2122=ORIENTED_EDGE('',*,*,#3603,.F.);
#2123=ORIENTED_EDGE('',*,*,#3636,.T.);
#2124=ORIENTED_EDGE('',*,*,#3637,.T.);
#2125=ORIENTED_EDGE('',*,*,#3638,.T.);
#2126=ORIENTED_EDGE('',*,*,#4094,.T.);
#2127=ORIENTED_EDGE('',*,*,#3593,.T.);
#2128=ORIENTED_EDGE('',*,*,#4095,.T.);
#2129=ORIENTED_EDGE('',*,*,#3596,.T.);
#2130=ORIENTED_EDGE('',*,*,#3637,.F.);
#2131=ORIENTED_EDGE('',*,*,#3636,.F.);
#2132=ORIENTED_EDGE('',*,*,#3639,.T.);
#2133=ORIENTED_EDGE('',*,*,#3640,.T.);
#2134=ORIENTED_EDGE('',*,*,#3623,.F.);
#2135=ORIENTED_EDGE('',*,*,#3588,.T.);
#2136=ORIENTED_EDGE('',*,*,#3633,.F.);
#2137=ORIENTED_EDGE('',*,*,#3641,.T.);
#2138=ORIENTED_EDGE('',*,*,#3642,.T.);
#2139=ORIENTED_EDGE('',*,*,#3639,.F.);
#2140=ORIENTED_EDGE('',*,*,#3643,.F.);
#2141=ORIENTED_EDGE('',*,*,#3625,.F.);
#2142=ORIENTED_EDGE('',*,*,#3647,.T.);
#2143=ORIENTED_EDGE('',*,*,#3648,.T.);
#2144=ORIENTED_EDGE('',*,*,#3656,.T.);
#2145=ORIENTED_EDGE('',*,*,#3649,.T.);
#2146=ORIENTED_EDGE('',*,*,#3650,.T.);
#2147=ORIENTED_EDGE('',*,*,#3651,.T.);
#2148=ORIENTED_EDGE('',*,*,#3652,.T.);
#2149=ORIENTED_EDGE('',*,*,#3653,.T.);
#2150=ORIENTED_EDGE('',*,*,#3654,.T.);
#2151=ORIENTED_EDGE('',*,*,#3655,.T.);
#2152=ORIENTED_EDGE('',*,*,#3656,.F.);
#2153=ORIENTED_EDGE('',*,*,#3657,.T.);
#2154=ORIENTED_EDGE('',*,*,#3651,.F.);
#2155=ORIENTED_EDGE('',*,*,#3658,.T.);
#2156=ORIENTED_EDGE('',*,*,#3659,.T.);
#2157=ORIENTED_EDGE('',*,*,#3649,.F.);
#2158=ORIENTED_EDGE('',*,*,#3655,.F.);
#2159=ORIENTED_EDGE('',*,*,#3660,.T.);
#2160=ORIENTED_EDGE('',*,*,#3661,.T.);
#2161=ORIENTED_EDGE('',*,*,#3650,.F.);
#2162=ORIENTED_EDGE('',*,*,#3659,.F.);
#2163=ORIENTED_EDGE('',*,*,#3662,.T.);
#2164=ORIENTED_EDGE('',*,*,#3663,.T.);
#2165=ORIENTED_EDGE('',*,*,#3664,.T.);
#2166=ORIENTED_EDGE('',*,*,#3665,.T.);
#2167=ORIENTED_EDGE('',*,*,#3653,.F.);
#2168=ORIENTED_EDGE('',*,*,#3667,.F.);
#2169=ORIENTED_EDGE('',*,*,#3668,.F.);
#2170=ORIENTED_EDGE('',*,*,#3669,.F.);
#2171=ORIENTED_EDGE('',*,*,#3666,.F.);
#2172=ORIENTED_EDGE('',*,*,#3670,.T.);
#2173=ORIENTED_EDGE('',*,*,#3671,.T.);
#2174=ORIENTED_EDGE('',*,*,#3669,.T.);
#2175=ORIENTED_EDGE('',*,*,#3672,.T.);
#2176=ORIENTED_EDGE('',*,*,#3670,.F.);
#2177=ORIENTED_EDGE('',*,*,#3674,.F.);
#2178=ORIENTED_EDGE('',*,*,#3675,.F.);
#2179=ORIENTED_EDGE('',*,*,#3673,.F.);
#2180=ORIENTED_EDGE('',*,*,#3667,.T.);
#2181=ORIENTED_EDGE('',*,*,#3676,.T.);
#2182=ORIENTED_EDGE('',*,*,#3675,.T.);
#2183=ORIENTED_EDGE('',*,*,#3677,.T.);
#2184=ORIENTED_EDGE('',*,*,#3666,.T.);
#2185=ORIENTED_EDGE('',*,*,#3671,.F.);
#2186=ORIENTED_EDGE('',*,*,#3673,.T.);
#2187=ORIENTED_EDGE('',*,*,#3676,.F.);
#2188=ORIENTED_EDGE('',*,*,#3679,.F.);
#2189=ORIENTED_EDGE('',*,*,#3680,.F.);
#2190=ORIENTED_EDGE('',*,*,#3681,.F.);
#2191=ORIENTED_EDGE('',*,*,#3678,.F.);
#2192=ORIENTED_EDGE('',*,*,#3682,.T.);
#2193=ORIENTED_EDGE('',*,*,#3683,.T.);
#2194=ORIENTED_EDGE('',*,*,#3681,.T.);
#2195=ORIENTED_EDGE('',*,*,#3684,.T.);
#2196=ORIENTED_EDGE('',*,*,#3682,.F.);
#2197=ORIENTED_EDGE('',*,*,#3686,.F.);
#2198=ORIENTED_EDGE('',*,*,#3687,.F.);
#2199=ORIENTED_EDGE('',*,*,#3685,.F.);
#2200=ORIENTED_EDGE('',*,*,#3679,.T.);
#2201=ORIENTED_EDGE('',*,*,#3688,.T.);
#2202=ORIENTED_EDGE('',*,*,#3687,.T.);
#2203=ORIENTED_EDGE('',*,*,#3689,.T.);
#2204=ORIENTED_EDGE('',*,*,#3678,.T.);
#2205=ORIENTED_EDGE('',*,*,#3683,.F.);
#2206=ORIENTED_EDGE('',*,*,#3685,.T.);
#2207=ORIENTED_EDGE('',*,*,#3688,.F.);
#2208=ORIENTED_EDGE('',*,*,#3691,.F.);
#2209=ORIENTED_EDGE('',*,*,#3692,.F.);
#2210=ORIENTED_EDGE('',*,*,#3693,.F.);
#2211=ORIENTED_EDGE('',*,*,#3690,.F.);
#2212=ORIENTED_EDGE('',*,*,#3694,.T.);
#2213=ORIENTED_EDGE('',*,*,#3695,.T.);
#2214=ORIENTED_EDGE('',*,*,#3693,.T.);
#2215=ORIENTED_EDGE('',*,*,#3696,.T.);
#2216=ORIENTED_EDGE('',*,*,#3694,.F.);
#2217=ORIENTED_EDGE('',*,*,#3698,.F.);
#2218=ORIENTED_EDGE('',*,*,#3699,.F.);
#2219=ORIENTED_EDGE('',*,*,#3697,.F.);
#2220=ORIENTED_EDGE('',*,*,#3691,.T.);
#2221=ORIENTED_EDGE('',*,*,#3700,.T.);
#2222=ORIENTED_EDGE('',*,*,#3699,.T.);
#2223=ORIENTED_EDGE('',*,*,#3701,.T.);
#2224=ORIENTED_EDGE('',*,*,#3690,.T.);
#2225=ORIENTED_EDGE('',*,*,#3695,.F.);
#2226=ORIENTED_EDGE('',*,*,#3697,.T.);
#2227=ORIENTED_EDGE('',*,*,#3700,.F.);
#2228=ORIENTED_EDGE('',*,*,#3702,.T.);
#2229=ORIENTED_EDGE('',*,*,#3703,.T.);
#2230=ORIENTED_EDGE('',*,*,#3704,.T.);
#2231=ORIENTED_EDGE('',*,*,#3705,.T.);
#2232=ORIENTED_EDGE('',*,*,#3702,.F.);
#2233=ORIENTED_EDGE('',*,*,#3707,.F.);
#2234=ORIENTED_EDGE('',*,*,#3708,.F.);
#2235=ORIENTED_EDGE('',*,*,#3706,.F.);
#2236=ORIENTED_EDGE('',*,*,#3709,.T.);
#2237=ORIENTED_EDGE('',*,*,#3710,.T.);
#2238=ORIENTED_EDGE('',*,*,#3708,.T.);
#2239=ORIENTED_EDGE('',*,*,#3711,.T.);
#2240=ORIENTED_EDGE('',*,*,#3709,.F.);
#2241=ORIENTED_EDGE('',*,*,#3713,.F.);
#2242=ORIENTED_EDGE('',*,*,#3704,.F.);
#2243=ORIENTED_EDGE('',*,*,#3712,.F.);
#2244=ORIENTED_EDGE('',*,*,#3703,.F.);
#2245=ORIENTED_EDGE('',*,*,#3706,.T.);
#2246=ORIENTED_EDGE('',*,*,#3710,.F.);
#2247=ORIENTED_EDGE('',*,*,#3712,.T.);
#2248=ORIENTED_EDGE('',*,*,#3714,.T.);
#2249=ORIENTED_EDGE('',*,*,#3715,.T.);
#2250=ORIENTED_EDGE('',*,*,#3716,.T.);
#2251=ORIENTED_EDGE('',*,*,#3717,.T.);
#2252=ORIENTED_EDGE('',*,*,#3714,.F.);
#2253=ORIENTED_EDGE('',*,*,#3719,.F.);
#2254=ORIENTED_EDGE('',*,*,#3720,.F.);
#2255=ORIENTED_EDGE('',*,*,#3718,.F.);
#2256=ORIENTED_EDGE('',*,*,#3721,.T.);
#2257=ORIENTED_EDGE('',*,*,#3722,.T.);
#2258=ORIENTED_EDGE('',*,*,#3720,.T.);
#2259=ORIENTED_EDGE('',*,*,#3723,.T.);
#2260=ORIENTED_EDGE('',*,*,#3721,.F.);
#2261=ORIENTED_EDGE('',*,*,#3725,.F.);
#2262=ORIENTED_EDGE('',*,*,#3716,.F.);
#2263=ORIENTED_EDGE('',*,*,#3724,.F.);
#2264=ORIENTED_EDGE('',*,*,#3715,.F.);
#2265=ORIENTED_EDGE('',*,*,#3718,.T.);
#2266=ORIENTED_EDGE('',*,*,#3722,.F.);
#2267=ORIENTED_EDGE('',*,*,#3724,.T.);
#2268=ORIENTED_EDGE('',*,*,#3726,.T.);
#2269=ORIENTED_EDGE('',*,*,#3727,.T.);
#2270=ORIENTED_EDGE('',*,*,#3728,.T.);
#2271=ORIENTED_EDGE('',*,*,#3257,.F.);
#2272=ORIENTED_EDGE('',*,*,#3729,.T.);
#2273=ORIENTED_EDGE('',*,*,#3730,.T.);
#2274=ORIENTED_EDGE('',*,*,#3726,.F.);
#2275=ORIENTED_EDGE('',*,*,#3261,.F.);
#2276=ORIENTED_EDGE('',*,*,#3731,.T.);
#2277=ORIENTED_EDGE('',*,*,#3265,.F.);
#2278=ORIENTED_EDGE('',*,*,#3728,.F.);
#2279=ORIENTED_EDGE('',*,*,#3732,.T.);
#2280=ORIENTED_EDGE('',*,*,#3733,.T.);
#2281=ORIENTED_EDGE('',*,*,#3734,.T.);
#2282=ORIENTED_EDGE('',*,*,#3735,.T.);
#2283=ORIENTED_EDGE('',*,*,#3736,.T.);
#2284=ORIENTED_EDGE('',*,*,#3737,.T.);
#2285=ORIENTED_EDGE('',*,*,#3738,.T.);
#2286=ORIENTED_EDGE('',*,*,#3739,.T.);
#2287=ORIENTED_EDGE('',*,*,#3740,.T.);
#2288=ORIENTED_EDGE('',*,*,#3742,.F.);
#2289=ORIENTED_EDGE('',*,*,#3743,.F.);
#2290=ORIENTED_EDGE('',*,*,#3734,.F.);
#2291=ORIENTED_EDGE('',*,*,#3741,.F.);
#2292=ORIENTED_EDGE('',*,*,#3745,.F.);
#2293=ORIENTED_EDGE('',*,*,#3739,.F.);
#2294=ORIENTED_EDGE('',*,*,#3746,.F.);
#2295=ORIENTED_EDGE('',*,*,#3744,.F.);
#2296=ORIENTED_EDGE('',*,*,#3735,.F.);
#2297=ORIENTED_EDGE('',*,*,#3747,.T.);
#2298=ORIENTED_EDGE('',*,*,#3733,.F.);
#2299=ORIENTED_EDGE('',*,*,#3989,.T.);
#2300=ORIENTED_EDGE('',*,*,#3748,.T.);
#2301=ORIENTED_EDGE('',*,*,#3740,.F.);
#2302=ORIENTED_EDGE('',*,*,#3749,.T.);
#2303=ORIENTED_EDGE('',*,*,#3738,.F.);
#2304=ORIENTED_EDGE('',*,*,#3741,.T.);
#2305=ORIENTED_EDGE('',*,*,#3747,.F.);
#2306=ORIENTED_EDGE('',*,*,#3743,.T.);
#2307=ORIENTED_EDGE('',*,*,#3750,.F.);
#2308=ORIENTED_EDGE('',*,*,#3751,.F.);
#2309=ORIENTED_EDGE('',*,*,#3746,.T.);
#2310=ORIENTED_EDGE('',*,*,#3749,.F.);
#2311=ORIENTED_EDGE('',*,*,#3745,.T.);
#2312=ORIENTED_EDGE('',*,*,#3752,.T.);
#2313=ORIENTED_EDGE('',*,*,#3753,.T.);
#2314=ORIENTED_EDGE('',*,*,#3754,.T.);
#2315=ORIENTED_EDGE('',*,*,#3755,.T.);
#2316=ORIENTED_EDGE('',*,*,#3756,.T.);
#2317=ORIENTED_EDGE('',*,*,#3757,.T.);
#2318=ORIENTED_EDGE('',*,*,#3754,.F.);
#2319=ORIENTED_EDGE('',*,*,#3753,.F.);
#2320=ORIENTED_EDGE('',*,*,#3758,.T.);
#2321=ORIENTED_EDGE('',*,*,#3759,.T.);
#2322=ORIENTED_EDGE('',*,*,#3760,.T.);
#2323=ORIENTED_EDGE('',*,*,#3761,.T.);
#2324=ORIENTED_EDGE('',*,*,#3976,.T.);
#2325=ORIENTED_EDGE('',*,*,#3762,.T.);
#2326=ORIENTED_EDGE('',*,*,#3763,.T.);
#2327=ORIENTED_EDGE('',*,*,#3759,.F.);
#2328=ORIENTED_EDGE('',*,*,#3764,.T.);
#2329=ORIENTED_EDGE('',*,*,#3765,.T.);
#2330=ORIENTED_EDGE('',*,*,#3761,.F.);
#2331=ORIENTED_EDGE('',*,*,#3766,.T.);
#2332=ORIENTED_EDGE('',*,*,#3768,.F.);
#2333=ORIENTED_EDGE('',*,*,#3742,.T.);
#2334=ORIENTED_EDGE('',*,*,#3769,.F.);
#2335=ORIENTED_EDGE('',*,*,#3767,.F.);
#2336=ORIENTED_EDGE('',*,*,#3771,.F.);
#2337=ORIENTED_EDGE('',*,*,#3744,.T.);
#2338=ORIENTED_EDGE('',*,*,#3772,.F.);
#2339=ORIENTED_EDGE('',*,*,#3770,.F.);
#2340=ORIENTED_EDGE('',*,*,#3769,.T.);
#2341=ORIENTED_EDGE('',*,*,#3750,.T.);
#2342=ORIENTED_EDGE('',*,*,#3768,.T.);
#2343=ORIENTED_EDGE('',*,*,#3773,.F.);
#2344=ORIENTED_EDGE('',*,*,#3772,.T.);
#2345=ORIENTED_EDGE('',*,*,#3751,.T.);
#2346=ORIENTED_EDGE('',*,*,#3771,.T.);
#2347=ORIENTED_EDGE('',*,*,#4100,.F.);
#2348=ORIENTED_EDGE('',*,*,#3774,.T.);
#2349=ORIENTED_EDGE('',*,*,#3755,.F.);
#2350=ORIENTED_EDGE('',*,*,#3757,.F.);
#2351=ORIENTED_EDGE('',*,*,#3775,.T.);
#2352=ORIENTED_EDGE('',*,*,#3776,.T.);
#2353=ORIENTED_EDGE('',*,*,#4079,.T.);
#2354=ORIENTED_EDGE('',*,*,#3777,.T.);
#2355=ORIENTED_EDGE('',*,*,#4091,.T.);
#2356=ORIENTED_EDGE('',*,*,#3778,.T.);
#2357=ORIENTED_EDGE('',*,*,#3779,.T.);
#2358=ORIENTED_EDGE('',*,*,#3781,.F.);
#2359=ORIENTED_EDGE('',*,*,#3782,.F.);
#2360=ORIENTED_EDGE('',*,*,#3783,.F.);
#2361=ORIENTED_EDGE('',*,*,#3780,.F.);
#2362=ORIENTED_EDGE('',*,*,#3784,.T.);
#2363=ORIENTED_EDGE('',*,*,#3785,.T.);
#2364=ORIENTED_EDGE('',*,*,#3783,.T.);
#2365=ORIENTED_EDGE('',*,*,#3786,.T.);
#2366=ORIENTED_EDGE('',*,*,#3784,.F.);
#2367=ORIENTED_EDGE('',*,*,#3788,.F.);
#2368=ORIENTED_EDGE('',*,*,#3789,.F.);
#2369=ORIENTED_EDGE('',*,*,#3787,.F.);
#2370=ORIENTED_EDGE('',*,*,#3781,.T.);
#2371=ORIENTED_EDGE('',*,*,#3790,.T.);
#2372=ORIENTED_EDGE('',*,*,#3789,.T.);
#2373=ORIENTED_EDGE('',*,*,#3791,.T.);
#2374=ORIENTED_EDGE('',*,*,#3780,.T.);
#2375=ORIENTED_EDGE('',*,*,#3785,.F.);
#2376=ORIENTED_EDGE('',*,*,#3787,.T.);
#2377=ORIENTED_EDGE('',*,*,#3790,.F.);
#2378=ORIENTED_EDGE('',*,*,#3793,.F.);
#2379=ORIENTED_EDGE('',*,*,#3794,.F.);
#2380=ORIENTED_EDGE('',*,*,#3795,.F.);
#2381=ORIENTED_EDGE('',*,*,#3792,.F.);
#2382=ORIENTED_EDGE('',*,*,#3796,.T.);
#2383=ORIENTED_EDGE('',*,*,#3797,.T.);
#2384=ORIENTED_EDGE('',*,*,#3795,.T.);
#2385=ORIENTED_EDGE('',*,*,#3798,.T.);
#2386=ORIENTED_EDGE('',*,*,#3796,.F.);
#2387=ORIENTED_EDGE('',*,*,#3800,.F.);
#2388=ORIENTED_EDGE('',*,*,#3801,.F.);
#2389=ORIENTED_EDGE('',*,*,#3799,.F.);
#2390=ORIENTED_EDGE('',*,*,#3793,.T.);
#2391=ORIENTED_EDGE('',*,*,#3802,.T.);
#2392=ORIENTED_EDGE('',*,*,#3801,.T.);
#2393=ORIENTED_EDGE('',*,*,#3803,.T.);
#2394=ORIENTED_EDGE('',*,*,#3792,.T.);
#2395=ORIENTED_EDGE('',*,*,#3797,.F.);
#2396=ORIENTED_EDGE('',*,*,#3799,.T.);
#2397=ORIENTED_EDGE('',*,*,#3802,.F.);
#2398=ORIENTED_EDGE('',*,*,#3805,.F.);
#2399=ORIENTED_EDGE('',*,*,#3806,.F.);
#2400=ORIENTED_EDGE('',*,*,#3807,.F.);
#2401=ORIENTED_EDGE('',*,*,#3804,.F.);
#2402=ORIENTED_EDGE('',*,*,#3808,.T.);
#2403=ORIENTED_EDGE('',*,*,#3809,.T.);
#2404=ORIENTED_EDGE('',*,*,#3807,.T.);
#2405=ORIENTED_EDGE('',*,*,#3810,.T.);
#2406=ORIENTED_EDGE('',*,*,#3808,.F.);
#2407=ORIENTED_EDGE('',*,*,#3812,.F.);
#2408=ORIENTED_EDGE('',*,*,#3813,.F.);
#2409=ORIENTED_EDGE('',*,*,#3811,.F.);
#2410=ORIENTED_EDGE('',*,*,#3805,.T.);
#2411=ORIENTED_EDGE('',*,*,#3814,.T.);
#2412=ORIENTED_EDGE('',*,*,#3813,.T.);
#2413=ORIENTED_EDGE('',*,*,#3815,.T.);
#2414=ORIENTED_EDGE('',*,*,#3804,.T.);
#2415=ORIENTED_EDGE('',*,*,#3809,.F.);
#2416=ORIENTED_EDGE('',*,*,#3811,.T.);
#2417=ORIENTED_EDGE('',*,*,#3814,.F.);
#2418=ORIENTED_EDGE('',*,*,#3816,.T.);
#2419=ORIENTED_EDGE('',*,*,#3817,.T.);
#2420=ORIENTED_EDGE('',*,*,#3818,.T.);
#2421=ORIENTED_EDGE('',*,*,#3819,.T.);
#2422=ORIENTED_EDGE('',*,*,#3816,.F.);
#2423=ORIENTED_EDGE('',*,*,#3821,.F.);
#2424=ORIENTED_EDGE('',*,*,#3822,.F.);
#2425=ORIENTED_EDGE('',*,*,#3820,.F.);
#2426=ORIENTED_EDGE('',*,*,#3823,.T.);
#2427=ORIENTED_EDGE('',*,*,#3824,.T.);
#2428=ORIENTED_EDGE('',*,*,#3822,.T.);
#2429=ORIENTED_EDGE('',*,*,#3825,.T.);
#2430=ORIENTED_EDGE('',*,*,#3823,.F.);
#2431=ORIENTED_EDGE('',*,*,#3827,.F.);
#2432=ORIENTED_EDGE('',*,*,#3818,.F.);
#2433=ORIENTED_EDGE('',*,*,#3826,.F.);
#2434=ORIENTED_EDGE('',*,*,#3817,.F.);
#2435=ORIENTED_EDGE('',*,*,#3820,.T.);
#2436=ORIENTED_EDGE('',*,*,#3824,.F.);
#2437=ORIENTED_EDGE('',*,*,#3826,.T.);
#2438=ORIENTED_EDGE('',*,*,#3828,.T.);
#2439=ORIENTED_EDGE('',*,*,#3829,.T.);
#2440=ORIENTED_EDGE('',*,*,#3830,.T.);
#2441=ORIENTED_EDGE('',*,*,#3831,.T.);
#2442=ORIENTED_EDGE('',*,*,#3828,.F.);
#2443=ORIENTED_EDGE('',*,*,#3833,.F.);
#2444=ORIENTED_EDGE('',*,*,#3834,.F.);
#2445=ORIENTED_EDGE('',*,*,#3832,.F.);
#2446=ORIENTED_EDGE('',*,*,#3835,.T.);
#2447=ORIENTED_EDGE('',*,*,#3836,.T.);
#2448=ORIENTED_EDGE('',*,*,#3834,.T.);
#2449=ORIENTED_EDGE('',*,*,#3837,.T.);
#2450=ORIENTED_EDGE('',*,*,#3835,.F.);
#2451=ORIENTED_EDGE('',*,*,#3839,.F.);
#2452=ORIENTED_EDGE('',*,*,#3830,.F.);
#2453=ORIENTED_EDGE('',*,*,#3838,.F.);
#2454=ORIENTED_EDGE('',*,*,#3829,.F.);
#2455=ORIENTED_EDGE('',*,*,#3832,.T.);
#2456=ORIENTED_EDGE('',*,*,#3836,.F.);
#2457=ORIENTED_EDGE('',*,*,#3838,.T.);
#2458=ORIENTED_EDGE('',*,*,#3840,.T.);
#2459=ORIENTED_EDGE('',*,*,#3841,.T.);
#2460=ORIENTED_EDGE('',*,*,#3842,.T.);
#2461=ORIENTED_EDGE('',*,*,#3843,.T.);
#2462=ORIENTED_EDGE('',*,*,#3841,.F.);
#2463=ORIENTED_EDGE('',*,*,#3845,.F.);
#2464=ORIENTED_EDGE('',*,*,#3846,.F.);
#2465=ORIENTED_EDGE('',*,*,#3844,.F.);
#2466=ORIENTED_EDGE('',*,*,#3847,.T.);
#2467=ORIENTED_EDGE('',*,*,#3848,.T.);
#2468=ORIENTED_EDGE('',*,*,#3846,.T.);
#2469=ORIENTED_EDGE('',*,*,#3849,.T.);
#2470=ORIENTED_EDGE('',*,*,#3847,.F.);
#2471=ORIENTED_EDGE('',*,*,#3851,.F.);
#2472=ORIENTED_EDGE('',*,*,#3843,.F.);
#2473=ORIENTED_EDGE('',*,*,#3850,.F.);
#2474=ORIENTED_EDGE('',*,*,#3842,.F.);
#2475=ORIENTED_EDGE('',*,*,#3844,.T.);
#2476=ORIENTED_EDGE('',*,*,#3848,.F.);
#2477=ORIENTED_EDGE('',*,*,#3850,.T.);
#2478=ORIENTED_EDGE('',*,*,#3852,.T.);
#2479=ORIENTED_EDGE('',*,*,#3853,.T.);
#2480=ORIENTED_EDGE('',*,*,#3854,.T.);
#2481=ORIENTED_EDGE('',*,*,#3855,.T.);
#2482=ORIENTED_EDGE('',*,*,#3853,.F.);
#2483=ORIENTED_EDGE('',*,*,#3857,.F.);
#2484=ORIENTED_EDGE('',*,*,#3858,.F.);
#2485=ORIENTED_EDGE('',*,*,#3856,.F.);
#2486=ORIENTED_EDGE('',*,*,#3859,.T.);
#2487=ORIENTED_EDGE('',*,*,#3860,.T.);
#2488=ORIENTED_EDGE('',*,*,#3858,.T.);
#2489=ORIENTED_EDGE('',*,*,#3861,.T.);
#2490=ORIENTED_EDGE('',*,*,#3859,.F.);
#2491=ORIENTED_EDGE('',*,*,#3863,.F.);
#2492=ORIENTED_EDGE('',*,*,#3855,.F.);
#2493=ORIENTED_EDGE('',*,*,#3862,.F.);
#2494=ORIENTED_EDGE('',*,*,#3854,.F.);
#2495=ORIENTED_EDGE('',*,*,#3856,.T.);
#2496=ORIENTED_EDGE('',*,*,#3860,.F.);
#2497=ORIENTED_EDGE('',*,*,#3862,.T.);
#2498=ORIENTED_EDGE('',*,*,#3987,.T.);
#2499=ORIENTED_EDGE('',*,*,#3756,.F.);
#2500=ORIENTED_EDGE('',*,*,#3774,.F.);
#2501=ORIENTED_EDGE('',*,*,#3864,.T.);
#2502=ORIENTED_EDGE('',*,*,#3879,.T.);
#2503=ORIENTED_EDGE('',*,*,#3865,.T.);
#2504=ORIENTED_EDGE('',*,*,#3866,.T.);
#2505=ORIENTED_EDGE('',*,*,#3867,.T.);
#2506=ORIENTED_EDGE('',*,*,#3868,.T.);
#2507=ORIENTED_EDGE('',*,*,#3869,.T.);
#2508=ORIENTED_EDGE('',*,*,#3870,.T.);
#2509=ORIENTED_EDGE('',*,*,#3871,.T.);
#2510=ORIENTED_EDGE('',*,*,#3872,.T.);
#2511=ORIENTED_EDGE('',*,*,#3867,.F.);
#2512=ORIENTED_EDGE('',*,*,#3873,.T.);
#2513=ORIENTED_EDGE('',*,*,#3874,.T.);
#2514=ORIENTED_EDGE('',*,*,#3875,.T.);
#2515=ORIENTED_EDGE('',*,*,#3871,.F.);
#2516=ORIENTED_EDGE('',*,*,#3876,.T.);
#2517=ORIENTED_EDGE('',*,*,#3877,.T.);
#2518=ORIENTED_EDGE('',*,*,#3878,.T.);
#2519=ORIENTED_EDGE('',*,*,#3874,.F.);
#2520=ORIENTED_EDGE('',*,*,#3879,.F.);
#2521=ORIENTED_EDGE('',*,*,#3880,.T.);
#2522=ORIENTED_EDGE('',*,*,#3881,.T.);
#2523=ORIENTED_EDGE('',*,*,#3882,.T.);
#2524=ORIENTED_EDGE('',*,*,#3421,.F.);
#2525=ORIENTED_EDGE('',*,*,#3883,.T.);
#2526=ORIENTED_EDGE('',*,*,#3884,.T.);
#2527=ORIENTED_EDGE('',*,*,#3885,.T.);
#2528=ORIENTED_EDGE('',*,*,#3886,.T.);
#2529=ORIENTED_EDGE('',*,*,#3423,.F.);
#2530=ORIENTED_EDGE('',*,*,#3887,.T.);
#2531=ORIENTED_EDGE('',*,*,#3883,.F.);
#2532=ORIENTED_EDGE('',*,*,#3888,.T.);
#2533=ORIENTED_EDGE('',*,*,#3889,.T.);
#2534=ORIENTED_EDGE('',*,*,#3890,.T.);
#2535=ORIENTED_EDGE('',*,*,#3891,.T.);
#2536=ORIENTED_EDGE('',*,*,#3892,.T.);
#2537=ORIENTED_EDGE('',*,*,#3891,.F.);
#2538=ORIENTED_EDGE('',*,*,#3893,.T.);
#2539=ORIENTED_EDGE('',*,*,#3885,.F.);
#2540=ORIENTED_EDGE('',*,*,#3894,.T.);
#2541=ORIENTED_EDGE('',*,*,#3889,.F.);
#2542=ORIENTED_EDGE('',*,*,#3895,.T.);
#2543=ORIENTED_EDGE('',*,*,#3896,.T.);
#2544=ORIENTED_EDGE('',*,*,#3897,.T.);
#2545=ORIENTED_EDGE('',*,*,#3895,.F.);
#2546=ORIENTED_EDGE('',*,*,#3898,.T.);
#2547=ORIENTED_EDGE('',*,*,#3899,.T.);
#2548=ORIENTED_EDGE('',*,*,#3900,.T.);
#2549=ORIENTED_EDGE('',*,*,#3901,.T.);
#2550=ORIENTED_EDGE('',*,*,#3898,.F.);
#2551=ORIENTED_EDGE('',*,*,#3888,.F.);
#2552=ORIENTED_EDGE('',*,*,#3902,.T.);
#2553=ORIENTED_EDGE('',*,*,#3903,.T.);
#2554=ORIENTED_EDGE('',*,*,#3900,.F.);
#2555=ORIENTED_EDGE('',*,*,#3892,.F.);
#2556=ORIENTED_EDGE('',*,*,#3904,.T.);
#2557=ORIENTED_EDGE('',*,*,#3902,.F.);
#2558=ORIENTED_EDGE('',*,*,#3884,.F.);
#2559=ORIENTED_EDGE('',*,*,#3887,.F.);
#2560=ORIENTED_EDGE('',*,*,#3440,.F.);
#2561=ORIENTED_EDGE('',*,*,#3958,.T.);
#2562=ORIENTED_EDGE('',*,*,#3956,.T.);
#2563=ORIENTED_EDGE('',*,*,#3899,.F.);
#2564=ORIENTED_EDGE('',*,*,#3901,.F.);
#2565=ORIENTED_EDGE('',*,*,#3903,.F.);
#2566=ORIENTED_EDGE('',*,*,#3904,.F.);
#2567=ORIENTED_EDGE('',*,*,#3443,.F.);
#2568=ORIENTED_EDGE('',*,*,#3905,.T.);
#2569=ORIENTED_EDGE('',*,*,#3906,.T.);
#2570=ORIENTED_EDGE('',*,*,#3907,.T.);
#2571=ORIENTED_EDGE('',*,*,#3908,.T.);
#2572=ORIENTED_EDGE('',*,*,#3909,.T.);
#2573=ORIENTED_EDGE('',*,*,#3964,.T.);
#2574=ORIENTED_EDGE('',*,*,#3961,.T.);
#2575=ORIENTED_EDGE('',*,*,#3925,.T.);
#2576=ORIENTED_EDGE('',*,*,#3913,.T.);
#2577=ORIENTED_EDGE('',*,*,#3911,.F.);
#2578=ORIENTED_EDGE('',*,*,#3912,.F.);
#2579=ORIENTED_EDGE('',*,*,#3913,.F.);
#2580=ORIENTED_EDGE('',*,*,#3914,.F.);
#2581=ORIENTED_EDGE('',*,*,#3915,.F.);
#2582=ORIENTED_EDGE('',*,*,#3910,.F.);
#2583=ORIENTED_EDGE('',*,*,#3950,.T.);
#2584=ORIENTED_EDGE('',*,*,#3947,.T.);
#2585=ORIENTED_EDGE('',*,*,#3917,.T.);
#2586=ORIENTED_EDGE('',*,*,#3916,.T.);
#2587=ORIENTED_EDGE('',*,*,#3935,.F.);
#2588=ORIENTED_EDGE('',*,*,#3926,.F.);
#2589=ORIENTED_EDGE('',*,*,#3916,.F.);
#2590=ORIENTED_EDGE('',*,*,#3918,.F.);
#2591=ORIENTED_EDGE('',*,*,#3919,.T.);
#2592=ORIENTED_EDGE('',*,*,#3459,.F.);
#2593=ORIENTED_EDGE('',*,*,#3920,.T.);
#2594=ORIENTED_EDGE('',*,*,#4129,.T.);
#2595=ORIENTED_EDGE('',*,*,#3921,.T.);
#2596=ORIENTED_EDGE('',*,*,#3922,.F.);
#2597=ORIENTED_EDGE('',*,*,#3923,.F.);
#2598=ORIENTED_EDGE('',*,*,#3924,.F.);
#2599=ORIENTED_EDGE('',*,*,#3914,.T.);
#2600=ORIENTED_EDGE('',*,*,#3925,.F.);
#2601=ORIENTED_EDGE('',*,*,#3912,.T.);
#2602=ORIENTED_EDGE('',*,*,#3934,.F.);
#2603=ORIENTED_EDGE('',*,*,#3918,.T.);
#2604=ORIENTED_EDGE('',*,*,#3917,.F.);
#2605=ORIENTED_EDGE('',*,*,#3926,.T.);
#2606=ORIENTED_EDGE('',*,*,#3468,.F.);
#2607=ORIENTED_EDGE('',*,*,#3927,.T.);
#2608=ORIENTED_EDGE('',*,*,#3928,.T.);
#2609=ORIENTED_EDGE('',*,*,#4070,.T.);
#2610=ORIENTED_EDGE('',*,*,#3928,.F.);
#2611=ORIENTED_EDGE('',*,*,#3929,.T.);
#2612=ORIENTED_EDGE('',*,*,#3930,.T.);
#2613=ORIENTED_EDGE('',*,*,#3931,.T.);
#2614=ORIENTED_EDGE('',*,*,#3930,.F.);
#2615=ORIENTED_EDGE('',*,*,#3932,.T.);
#2616=ORIENTED_EDGE('',*,*,#3933,.T.);
#2617=ORIENTED_EDGE('',*,*,#4071,.T.);
#2618=ORIENTED_EDGE('',*,*,#3935,.T.);
#2619=ORIENTED_EDGE('',*,*,#3934,.T.);
#2620=ORIENTED_EDGE('',*,*,#3936,.T.);
#2621=ORIENTED_EDGE('',*,*,#3937,.T.);
#2622=ORIENTED_EDGE('',*,*,#3938,.T.);
#2623=ORIENTED_EDGE('',*,*,#3922,.T.);
#2624=ORIENTED_EDGE('',*,*,#3911,.T.);
#2625=ORIENTED_EDGE('',*,*,#3939,.T.);
#2626=ORIENTED_EDGE('',*,*,#4072,.T.);
#2627=ORIENTED_EDGE('',*,*,#3939,.F.);
#2628=ORIENTED_EDGE('',*,*,#3910,.T.);
#2629=ORIENTED_EDGE('',*,*,#3940,.T.);
#2630=ORIENTED_EDGE('',*,*,#3941,.T.);
#2631=ORIENTED_EDGE('',*,*,#3938,.F.);
#2632=ORIENTED_EDGE('',*,*,#3942,.T.);
#2633=ORIENTED_EDGE('',*,*,#3943,.T.);
#2634=ORIENTED_EDGE('',*,*,#3923,.T.);
#2635=ORIENTED_EDGE('',*,*,#3940,.F.);
#2636=ORIENTED_EDGE('',*,*,#3915,.T.);
#2637=ORIENTED_EDGE('',*,*,#3924,.T.);
#2638=ORIENTED_EDGE('',*,*,#3943,.F.);
#2639=ORIENTED_EDGE('',*,*,#3944,.T.);
#2640=ORIENTED_EDGE('',*,*,#3484,.F.);
#2641=ORIENTED_EDGE('',*,*,#3919,.F.);
#2642=ORIENTED_EDGE('',*,*,#4073,.T.);
#2643=ORIENTED_EDGE('',*,*,#3946,.F.);
#2644=ORIENTED_EDGE('',*,*,#3947,.F.);
#2645=ORIENTED_EDGE('',*,*,#3948,.F.);
#2646=ORIENTED_EDGE('',*,*,#3945,.F.);
#2647=ORIENTED_EDGE('',*,*,#3948,.T.);
#2648=ORIENTED_EDGE('',*,*,#3950,.F.);
#2649=ORIENTED_EDGE('',*,*,#3946,.T.);
#2650=ORIENTED_EDGE('',*,*,#3949,.F.);
#2651=ORIENTED_EDGE('',*,*,#3493,.F.);
#2652=ORIENTED_EDGE('',*,*,#3944,.F.);
#2653=ORIENTED_EDGE('',*,*,#3942,.F.);
#2654=ORIENTED_EDGE('',*,*,#3937,.F.);
#2655=ORIENTED_EDGE('',*,*,#3951,.T.);
#2656=ORIENTED_EDGE('',*,*,#3932,.F.);
#2657=ORIENTED_EDGE('',*,*,#3929,.F.);
#2658=ORIENTED_EDGE('',*,*,#3927,.F.);
#2659=ORIENTED_EDGE('',*,*,#3933,.F.);
#2660=ORIENTED_EDGE('',*,*,#3951,.F.);
#2661=ORIENTED_EDGE('',*,*,#3936,.F.);
#2662=ORIENTED_EDGE('',*,*,#3952,.T.);
#2663=ORIENTED_EDGE('',*,*,#3905,.F.);
#2664=ORIENTED_EDGE('',*,*,#3496,.F.);
#2665=ORIENTED_EDGE('',*,*,#3953,.T.);
#2666=ORIENTED_EDGE('',*,*,#3906,.F.);
#2667=ORIENTED_EDGE('',*,*,#3945,.T.);
#2668=ORIENTED_EDGE('',*,*,#3949,.T.);
#2669=ORIENTED_EDGE('',*,*,#3908,.F.);
#2670=ORIENTED_EDGE('',*,*,#4074,.T.);
#2671=ORIENTED_EDGE('',*,*,#3872,.F.);
#2672=ORIENTED_EDGE('',*,*,#3959,.T.);
#2673=ORIENTED_EDGE('',*,*,#3957,.T.);
#2674=ORIENTED_EDGE('',*,*,#3878,.F.);
#2675=ORIENTED_EDGE('',*,*,#3954,.T.);
#2676=ORIENTED_EDGE('',*,*,#3955,.T.);
#2677=ORIENTED_EDGE('',*,*,#3896,.F.);
#2678=ORIENTED_EDGE('',*,*,#3897,.F.);
#2679=ORIENTED_EDGE('',*,*,#3956,.F.);
#2680=ORIENTED_EDGE('',*,*,#3909,.F.);
#2681=ORIENTED_EDGE('',*,*,#3959,.F.);
#2682=ORIENTED_EDGE('',*,*,#3875,.F.);
#2683=ORIENTED_EDGE('',*,*,#3957,.F.);
#2684=ORIENTED_EDGE('',*,*,#3958,.F.);
#2685=ORIENTED_EDGE('',*,*,#3961,.F.);
#2686=ORIENTED_EDGE('',*,*,#3962,.F.);
#2687=ORIENTED_EDGE('',*,*,#3963,.F.);
#2688=ORIENTED_EDGE('',*,*,#3960,.F.);
#2689=ORIENTED_EDGE('',*,*,#3964,.F.);
#2690=ORIENTED_EDGE('',*,*,#3960,.T.);
#2691=ORIENTED_EDGE('',*,*,#3965,.F.);
#2692=ORIENTED_EDGE('',*,*,#3962,.T.);
#2693=ORIENTED_EDGE('',*,*,#3967,.F.);
#2694=ORIENTED_EDGE('',*,*,#3968,.F.);
#2695=ORIENTED_EDGE('',*,*,#3969,.F.);
#2696=ORIENTED_EDGE('',*,*,#3970,.F.);
#2697=ORIENTED_EDGE('',*,*,#3971,.F.);
#2698=ORIENTED_EDGE('',*,*,#3966,.F.);
#2699=ORIENTED_EDGE('',*,*,#4096,.T.);
#2700=ORIENTED_EDGE('',*,*,#3971,.T.);
#2701=ORIENTED_EDGE('',*,*,#3965,.T.);
#2702=ORIENTED_EDGE('',*,*,#3963,.T.);
#2703=ORIENTED_EDGE('',*,*,#3729,.F.);
#2704=ORIENTED_EDGE('',*,*,#3516,.F.);
#2705=ORIENTED_EDGE('',*,*,#3886,.F.);
#2706=ORIENTED_EDGE('',*,*,#3972,.T.);
#2707=ORIENTED_EDGE('',*,*,#3727,.F.);
#2708=ORIENTED_EDGE('',*,*,#3973,.T.);
#2709=ORIENTED_EDGE('',*,*,#3890,.F.);
#2710=ORIENTED_EDGE('',*,*,#3974,.T.);
#2711=ORIENTED_EDGE('',*,*,#3730,.F.);
#2712=ORIENTED_EDGE('',*,*,#3972,.F.);
#2713=ORIENTED_EDGE('',*,*,#3893,.F.);
#2714=ORIENTED_EDGE('',*,*,#3973,.F.);
#2715=ORIENTED_EDGE('',*,*,#3732,.F.);
#2716=ORIENTED_EDGE('',*,*,#3974,.F.);
#2717=ORIENTED_EDGE('',*,*,#3894,.F.);
#2718=ORIENTED_EDGE('',*,*,#3955,.F.);
#2719=ORIENTED_EDGE('',*,*,#3975,.T.);
#2720=ORIENTED_EDGE('',*,*,#3976,.F.);
#2721=ORIENTED_EDGE('',*,*,#3765,.F.);
#2722=ORIENTED_EDGE('',*,*,#3977,.T.);
#2723=ORIENTED_EDGE('',*,*,#3978,.T.);
#2724=ORIENTED_EDGE('',*,*,#3979,.T.);
#2725=ORIENTED_EDGE('',*,*,#3762,.F.);
#2726=ORIENTED_EDGE('',*,*,#3975,.F.);
#2727=ORIENTED_EDGE('',*,*,#3980,.T.);
#2728=ORIENTED_EDGE('',*,*,#3981,.T.);
#2729=ORIENTED_EDGE('',*,*,#3982,.T.);
#2730=ORIENTED_EDGE('',*,*,#3983,.T.);
#2731=ORIENTED_EDGE('',*,*,#3984,.T.);
#2732=ORIENTED_EDGE('',*,*,#3985,.T.);
#2733=ORIENTED_EDGE('',*,*,#3986,.T.);
#2734=ORIENTED_EDGE('',*,*,#3977,.F.);
#2735=ORIENTED_EDGE('',*,*,#3764,.F.);
#2736=ORIENTED_EDGE('',*,*,#3758,.F.);
#2737=ORIENTED_EDGE('',*,*,#3752,.F.);
#2738=ORIENTED_EDGE('',*,*,#3987,.F.);
#2739=ORIENTED_EDGE('',*,*,#3876,.F.);
#2740=ORIENTED_EDGE('',*,*,#3873,.F.);
#2741=ORIENTED_EDGE('',*,*,#3866,.F.);
#2742=ORIENTED_EDGE('',*,*,#3988,.T.);
#2743=ORIENTED_EDGE('',*,*,#3736,.F.);
#2744=ORIENTED_EDGE('',*,*,#3989,.F.);
#2745=ORIENTED_EDGE('',*,*,#3737,.F.);
#2746=ORIENTED_EDGE('',*,*,#3748,.F.);
#2747=ORIENTED_EDGE('',*,*,#3791,.F.);
#2748=ORIENTED_EDGE('',*,*,#3788,.T.);
#2749=ORIENTED_EDGE('',*,*,#3786,.F.);
#2750=ORIENTED_EDGE('',*,*,#3782,.T.);
#2751=ORIENTED_EDGE('',*,*,#3803,.F.);
#2752=ORIENTED_EDGE('',*,*,#3800,.T.);
#2753=ORIENTED_EDGE('',*,*,#3798,.F.);
#2754=ORIENTED_EDGE('',*,*,#3794,.T.);
#2755=ORIENTED_EDGE('',*,*,#3815,.F.);
#2756=ORIENTED_EDGE('',*,*,#3812,.T.);
#2757=ORIENTED_EDGE('',*,*,#3810,.F.);
#2758=ORIENTED_EDGE('',*,*,#3806,.T.);
#2759=ORIENTED_EDGE('',*,*,#3819,.F.);
#2760=ORIENTED_EDGE('',*,*,#3827,.T.);
#2761=ORIENTED_EDGE('',*,*,#3825,.F.);
#2762=ORIENTED_EDGE('',*,*,#3821,.T.);
#2763=ORIENTED_EDGE('',*,*,#3831,.F.);
#2764=ORIENTED_EDGE('',*,*,#3839,.T.);
#2765=ORIENTED_EDGE('',*,*,#3837,.F.);
#2766=ORIENTED_EDGE('',*,*,#3833,.T.);
#2767=ORIENTED_EDGE('',*,*,#3840,.F.);
#2768=ORIENTED_EDGE('',*,*,#3851,.T.);
#2769=ORIENTED_EDGE('',*,*,#3849,.F.);
#2770=ORIENTED_EDGE('',*,*,#3845,.T.);
#2771=ORIENTED_EDGE('',*,*,#3852,.F.);
#2772=ORIENTED_EDGE('',*,*,#3863,.T.);
#2773=ORIENTED_EDGE('',*,*,#3861,.F.);
#2774=ORIENTED_EDGE('',*,*,#3857,.T.);
#2775=ORIENTED_EDGE('',*,*,#3990,.T.);
#2776=ORIENTED_EDGE('',*,*,#3647,.F.);
#2777=ORIENTED_EDGE('',*,*,#3661,.F.);
#2778=ORIENTED_EDGE('',*,*,#3991,.T.);
#2779=ORIENTED_EDGE('',*,*,#3980,.F.);
#2780=ORIENTED_EDGE('',*,*,#3978,.F.);
#2781=ORIENTED_EDGE('',*,*,#3986,.F.);
#2782=ORIENTED_EDGE('',*,*,#3985,.F.);
#2783=ORIENTED_EDGE('',*,*,#3992,.T.);
#2784=ORIENTED_EDGE('',*,*,#3663,.F.);
#2785=ORIENTED_EDGE('',*,*,#3652,.F.);
#2786=ORIENTED_EDGE('',*,*,#3657,.F.);
#2787=ORIENTED_EDGE('',*,*,#3648,.F.);
#2788=ORIENTED_EDGE('',*,*,#3990,.F.);
#2789=ORIENTED_EDGE('',*,*,#3984,.F.);
#2790=ORIENTED_EDGE('',*,*,#3993,.T.);
#2791=ORIENTED_EDGE('',*,*,#3994,.T.);
#2792=ORIENTED_EDGE('',*,*,#4000,.T.);
#2793=ORIENTED_EDGE('',*,*,#3997,.T.);
#2794=ORIENTED_EDGE('',*,*,#3677,.F.);
#2795=ORIENTED_EDGE('',*,*,#3674,.T.);
#2796=ORIENTED_EDGE('',*,*,#3672,.F.);
#2797=ORIENTED_EDGE('',*,*,#3668,.T.);
#2798=ORIENTED_EDGE('',*,*,#3689,.F.);
#2799=ORIENTED_EDGE('',*,*,#3686,.T.);
#2800=ORIENTED_EDGE('',*,*,#3684,.F.);
#2801=ORIENTED_EDGE('',*,*,#3680,.T.);
#2802=ORIENTED_EDGE('',*,*,#3701,.F.);
#2803=ORIENTED_EDGE('',*,*,#3698,.T.);
#2804=ORIENTED_EDGE('',*,*,#3696,.F.);
#2805=ORIENTED_EDGE('',*,*,#3692,.T.);
#2806=ORIENTED_EDGE('',*,*,#3705,.F.);
#2807=ORIENTED_EDGE('',*,*,#3713,.T.);
#2808=ORIENTED_EDGE('',*,*,#3711,.F.);
#2809=ORIENTED_EDGE('',*,*,#3707,.T.);
#2810=ORIENTED_EDGE('',*,*,#3717,.F.);
#2811=ORIENTED_EDGE('',*,*,#3725,.T.);
#2812=ORIENTED_EDGE('',*,*,#3723,.F.);
#2813=ORIENTED_EDGE('',*,*,#3719,.T.);
#2814=ORIENTED_EDGE('',*,*,#3994,.F.);
#2815=ORIENTED_EDGE('',*,*,#3993,.F.);
#2816=ORIENTED_EDGE('',*,*,#3983,.F.);
#2817=ORIENTED_EDGE('',*,*,#4004,.T.);
#2818=ORIENTED_EDGE('',*,*,#4001,.T.);
#2819=ORIENTED_EDGE('',*,*,#3995,.T.);
#2820=ORIENTED_EDGE('',*,*,#3996,.T.);
#2821=ORIENTED_EDGE('',*,*,#3664,.F.);
#2822=ORIENTED_EDGE('',*,*,#3992,.F.);
#2823=ORIENTED_EDGE('',*,*,#3997,.F.);
#2824=ORIENTED_EDGE('',*,*,#3998,.T.);
#2825=ORIENTED_EDGE('',*,*,#3999,.T.);
#2826=ORIENTED_EDGE('',*,*,#3995,.F.);
#2827=ORIENTED_EDGE('',*,*,#4000,.F.);
#2828=ORIENTED_EDGE('',*,*,#4001,.F.);
#2829=ORIENTED_EDGE('',*,*,#4002,.T.);
#2830=ORIENTED_EDGE('',*,*,#4003,.T.);
#2831=ORIENTED_EDGE('',*,*,#3998,.F.);
#2832=ORIENTED_EDGE('',*,*,#4005,.F.);
#2833=ORIENTED_EDGE('',*,*,#4006,.F.);
#2834=ORIENTED_EDGE('',*,*,#4002,.F.);
#2835=ORIENTED_EDGE('',*,*,#4004,.F.);
#2836=ORIENTED_EDGE('',*,*,#4007,.T.);
#2837=ORIENTED_EDGE('',*,*,#4008,.T.);
#2838=ORIENTED_EDGE('',*,*,#4009,.T.);
#2839=ORIENTED_EDGE('',*,*,#3981,.F.);
#2840=ORIENTED_EDGE('',*,*,#4010,.T.);
#2841=ORIENTED_EDGE('',*,*,#4011,.T.);
#2842=ORIENTED_EDGE('',*,*,#4012,.T.);
#2843=ORIENTED_EDGE('',*,*,#4013,.T.);
#2844=ORIENTED_EDGE('',*,*,#4066,.T.);
#2845=ORIENTED_EDGE('',*,*,#4058,.T.);
#2846=ORIENTED_EDGE('',*,*,#4048,.T.);
#2847=ORIENTED_EDGE('',*,*,#4060,.T.);
#2848=ORIENTED_EDGE('',*,*,#4014,.T.);
#2849=ORIENTED_EDGE('',*,*,#4015,.T.);
#2850=ORIENTED_EDGE('',*,*,#4016,.T.);
#2851=ORIENTED_EDGE('',*,*,#4017,.T.);
#2852=ORIENTED_EDGE('',*,*,#4018,.T.);
#2853=ORIENTED_EDGE('',*,*,#4019,.T.);
#2854=ORIENTED_EDGE('',*,*,#4020,.T.);
#2855=ORIENTED_EDGE('',*,*,#4014,.F.);
#2856=ORIENTED_EDGE('',*,*,#4021,.T.);
#2857=ORIENTED_EDGE('',*,*,#4033,.T.);
#2858=ORIENTED_EDGE('',*,*,#4035,.T.);
#2859=ORIENTED_EDGE('',*,*,#4037,.T.);
#2860=ORIENTED_EDGE('',*,*,#4022,.T.);
#2861=ORIENTED_EDGE('',*,*,#4040,.T.);
#2862=ORIENTED_EDGE('',*,*,#4043,.T.);
#2863=ORIENTED_EDGE('',*,*,#4023,.T.);
#2864=ORIENTED_EDGE('',*,*,#4019,.F.);
#2865=ORIENTED_EDGE('',*,*,#4018,.F.);
#2866=ORIENTED_EDGE('',*,*,#4042,.T.);
#2867=ORIENTED_EDGE('',*,*,#4045,.T.);
#2868=ORIENTED_EDGE('',*,*,#3880,.F.);
#2869=ORIENTED_EDGE('',*,*,#3864,.F.);
#2870=ORIENTED_EDGE('',*,*,#3775,.F.);
#2871=ORIENTED_EDGE('',*,*,#4024,.T.);
#2872=ORIENTED_EDGE('',*,*,#4084,.T.);
#2873=ORIENTED_EDGE('',*,*,#4010,.F.);
#2874=ORIENTED_EDGE('',*,*,#4062,.T.);
#2875=ORIENTED_EDGE('',*,*,#4025,.T.);
#2876=ORIENTED_EDGE('',*,*,#4024,.F.);
#2877=ORIENTED_EDGE('',*,*,#3760,.F.);
#2878=ORIENTED_EDGE('',*,*,#4026,.T.);
#2879=ORIENTED_EDGE('',*,*,#4027,.T.);
#2880=ORIENTED_EDGE('',*,*,#4026,.F.);
#2881=ORIENTED_EDGE('',*,*,#3766,.F.);
#2882=ORIENTED_EDGE('',*,*,#4028,.T.);
#2883=ORIENTED_EDGE('',*,*,#4029,.T.);
#2884=ORIENTED_EDGE('',*,*,#4028,.F.);
#2885=ORIENTED_EDGE('',*,*,#3763,.F.);
#2886=ORIENTED_EDGE('',*,*,#4030,.T.);
#2887=ORIENTED_EDGE('',*,*,#4021,.F.);
#2888=ORIENTED_EDGE('',*,*,#4017,.F.);
#2889=ORIENTED_EDGE('',*,*,#4031,.T.);
#2890=ORIENTED_EDGE('',*,*,#4030,.F.);
#2891=ORIENTED_EDGE('',*,*,#3979,.F.);
#2892=ORIENTED_EDGE('',*,*,#3991,.F.);
#2893=ORIENTED_EDGE('',*,*,#3662,.F.);
#2894=ORIENTED_EDGE('',*,*,#4032,.T.);
#2895=ORIENTED_EDGE('',*,*,#4033,.F.);
#2896=ORIENTED_EDGE('',*,*,#4032,.F.);
#2897=ORIENTED_EDGE('',*,*,#3660,.F.);
#2898=ORIENTED_EDGE('',*,*,#4034,.T.);
#2899=ORIENTED_EDGE('',*,*,#4035,.F.);
#2900=ORIENTED_EDGE('',*,*,#4034,.F.);
#2901=ORIENTED_EDGE('',*,*,#3658,.F.);
#2902=ORIENTED_EDGE('',*,*,#4036,.T.);
#2903=ORIENTED_EDGE('',*,*,#4037,.F.);
#2904=ORIENTED_EDGE('',*,*,#4036,.F.);
#2905=ORIENTED_EDGE('',*,*,#3654,.F.);
#2906=ORIENTED_EDGE('',*,*,#4038,.T.);
#2907=ORIENTED_EDGE('',*,*,#4022,.F.);
#2908=ORIENTED_EDGE('',*,*,#4038,.F.);
#2909=ORIENTED_EDGE('',*,*,#3665,.F.);
#2910=ORIENTED_EDGE('',*,*,#3996,.F.);
#2911=ORIENTED_EDGE('',*,*,#4039,.T.);
#2912=ORIENTED_EDGE('',*,*,#4040,.F.);
#2913=ORIENTED_EDGE('',*,*,#4039,.F.);
#2914=ORIENTED_EDGE('',*,*,#3999,.F.);
#2915=ORIENTED_EDGE('',*,*,#4041,.T.);
#2916=ORIENTED_EDGE('',*,*,#4042,.F.);
#2917=ORIENTED_EDGE('',*,*,#4043,.F.);
#2918=ORIENTED_EDGE('',*,*,#4041,.F.);
#2919=ORIENTED_EDGE('',*,*,#4003,.F.);
#2920=ORIENTED_EDGE('',*,*,#4044,.T.);
#2921=ORIENTED_EDGE('',*,*,#4044,.F.);
#2922=ORIENTED_EDGE('',*,*,#4006,.T.);
#2923=ORIENTED_EDGE('',*,*,#4046,.F.);
#2924=ORIENTED_EDGE('',*,*,#4045,.F.);
#2925=ORIENTED_EDGE('',*,*,#4048,.F.);
#2926=ORIENTED_EDGE('',*,*,#4049,.F.);
#2927=ORIENTED_EDGE('',*,*,#3969,.T.);
#2928=ORIENTED_EDGE('',*,*,#4047,.F.);
#2929=ORIENTED_EDGE('',*,*,#3767,.T.);
#2930=ORIENTED_EDGE('',*,*,#4051,.F.);
#2931=ORIENTED_EDGE('',*,*,#4052,.F.);
#2932=ORIENTED_EDGE('',*,*,#4050,.F.);
#2933=ORIENTED_EDGE('',*,*,#3770,.T.);
#2934=ORIENTED_EDGE('',*,*,#4054,.F.);
#2935=ORIENTED_EDGE('',*,*,#4055,.F.);
#2936=ORIENTED_EDGE('',*,*,#4053,.F.);
#2937=ORIENTED_EDGE('',*,*,#4057,.F.);
#2938=ORIENTED_EDGE('',*,*,#4049,.T.);
#2939=ORIENTED_EDGE('',*,*,#4058,.F.);
#2940=ORIENTED_EDGE('',*,*,#4056,.F.);
#2941=ORIENTED_EDGE('',*,*,#4059,.T.);
#2942=ORIENTED_EDGE('',*,*,#4087,.T.);
#2943=ORIENTED_EDGE('',*,*,#3776,.F.);
#2944=ORIENTED_EDGE('',*,*,#4064,.T.);
#2945=ORIENTED_EDGE('',*,*,#4060,.F.);
#2946=ORIENTED_EDGE('',*,*,#4047,.T.);
#2947=ORIENTED_EDGE('',*,*,#3968,.T.);
#2948=ORIENTED_EDGE('',*,*,#4061,.T.);
#2949=ORIENTED_EDGE('',*,*,#3881,.F.);
#2950=ORIENTED_EDGE('',*,*,#4062,.F.);
#2951=ORIENTED_EDGE('',*,*,#4063,.T.);
#2952=ORIENTED_EDGE('',*,*,#4064,.F.);
#2953=ORIENTED_EDGE('',*,*,#3779,.F.);
#2954=ORIENTED_EDGE('',*,*,#3778,.F.);
#2955=ORIENTED_EDGE('',*,*,#4088,.T.);
#2956=ORIENTED_EDGE('',*,*,#4065,.T.);
#2957=ORIENTED_EDGE('',*,*,#4056,.T.);
#2958=ORIENTED_EDGE('',*,*,#4066,.F.);
#2959=ORIENTED_EDGE('',*,*,#4067,.T.);
#2960=ORIENTED_EDGE('',*,*,#4068,.T.);
#2961=ORIENTED_EDGE('',*,*,#4069,.T.);
#2962=ORIENTED_EDGE('',*,*,#4136,.T.);
#2963=ORIENTED_EDGE('',*,*,#4130,.T.);
#2964=ORIENTED_EDGE('',*,*,#3869,.F.);
#2965=ORIENTED_EDGE('',*,*,#4129,.F.);
#2966=ORIENTED_EDGE('',*,*,#4070,.F.);
#2967=ORIENTED_EDGE('',*,*,#3931,.F.);
#2968=ORIENTED_EDGE('',*,*,#4071,.F.);
#2969=ORIENTED_EDGE('',*,*,#3952,.F.);
#2970=ORIENTED_EDGE('',*,*,#4072,.F.);
#2971=ORIENTED_EDGE('',*,*,#3941,.F.);
#2972=ORIENTED_EDGE('',*,*,#4073,.F.);
#2973=ORIENTED_EDGE('',*,*,#3921,.F.);
#2974=ORIENTED_EDGE('',*,*,#3868,.F.);
#2975=ORIENTED_EDGE('',*,*,#4074,.F.);
#2976=ORIENTED_EDGE('',*,*,#3907,.F.);
#2977=ORIENTED_EDGE('',*,*,#3953,.F.);
#2978=ORIENTED_EDGE('',*,*,#3615,.F.);
#2979=ORIENTED_EDGE('',*,*,#3624,.F.);
#2980=ORIENTED_EDGE('',*,*,#4076,.T.);
#2981=ORIENTED_EDGE('',*,*,#4005,.T.);
#2982=ORIENTED_EDGE('',*,*,#3982,.F.);
#2983=ORIENTED_EDGE('',*,*,#4009,.F.);
#2984=ORIENTED_EDGE('',*,*,#4077,.T.);
#2985=ORIENTED_EDGE('',*,*,#3628,.F.);
#2986=ORIENTED_EDGE('',*,*,#4078,.T.);
#2987=ORIENTED_EDGE('',*,*,#4079,.F.);
#2988=ORIENTED_EDGE('',*,*,#4080,.T.);
#2989=ORIENTED_EDGE('',*,*,#4125,.T.);
#2990=ORIENTED_EDGE('',*,*,#4131,.T.);
#2991=ORIENTED_EDGE('',*,*,#3870,.F.);
#2992=ORIENTED_EDGE('',*,*,#4130,.F.);
#2993=ORIENTED_EDGE('',*,*,#4077,.F.);
#2994=ORIENTED_EDGE('',*,*,#4008,.F.);
#2995=ORIENTED_EDGE('',*,*,#4081,.T.);
#2996=ORIENTED_EDGE('',*,*,#3777,.F.);
#2997=ORIENTED_EDGE('',*,*,#4078,.F.);
#2998=ORIENTED_EDGE('',*,*,#3630,.F.);
#2999=ORIENTED_EDGE('',*,*,#4126,.T.);
#3000=ORIENTED_EDGE('',*,*,#4132,.T.);
#3001=ORIENTED_EDGE('',*,*,#4081,.F.);
#3002=ORIENTED_EDGE('',*,*,#4007,.F.);
#3003=ORIENTED_EDGE('',*,*,#3988,.F.);
#3004=ORIENTED_EDGE('',*,*,#3865,.F.);
#3005=ORIENTED_EDGE('',*,*,#4131,.F.);
#3006=ORIENTED_EDGE('',*,*,#3638,.F.);
#3007=ORIENTED_EDGE('',*,*,#4082,.T.);
#3008=ORIENTED_EDGE('',*,*,#4083,.T.);
#3009=ORIENTED_EDGE('',*,*,#4059,.F.);
#3010=ORIENTED_EDGE('',*,*,#4063,.F.);
#3011=ORIENTED_EDGE('',*,*,#4013,.F.);
#3012=ORIENTED_EDGE('',*,*,#4012,.F.);
#3013=ORIENTED_EDGE('',*,*,#4011,.F.);
#3014=ORIENTED_EDGE('',*,*,#4084,.F.);
#3015=ORIENTED_EDGE('',*,*,#4025,.F.);
#3016=ORIENTED_EDGE('',*,*,#4027,.F.);
#3017=ORIENTED_EDGE('',*,*,#4029,.F.);
#3018=ORIENTED_EDGE('',*,*,#4031,.F.);
#3019=ORIENTED_EDGE('',*,*,#4016,.F.);
#3020=ORIENTED_EDGE('',*,*,#4015,.F.);
#3021=ORIENTED_EDGE('',*,*,#4020,.F.);
#3022=ORIENTED_EDGE('',*,*,#4023,.F.);
#3023=ORIENTED_EDGE('',*,*,#4085,.T.);
#3024=ORIENTED_EDGE('',*,*,#4052,.T.);
#3025=ORIENTED_EDGE('',*,*,#4098,.T.);
#3026=ORIENTED_EDGE('',*,*,#4055,.T.);
#3027=ORIENTED_EDGE('',*,*,#4099,.T.);
#3028=ORIENTED_EDGE('',*,*,#3640,.F.);
#3029=ORIENTED_EDGE('',*,*,#4086,.T.);
#3030=ORIENTED_EDGE('',*,*,#4083,.F.);
#3031=ORIENTED_EDGE('',*,*,#4082,.F.);
#3032=ORIENTED_EDGE('',*,*,#3641,.F.);
#3033=ORIENTED_EDGE('',*,*,#4085,.F.);
#3034=ORIENTED_EDGE('',*,*,#4046,.T.);
#3035=ORIENTED_EDGE('',*,*,#4076,.F.);
#3036=ORIENTED_EDGE('',*,*,#4080,.F.);
#3037=ORIENTED_EDGE('',*,*,#4087,.F.);
#3038=ORIENTED_EDGE('',*,*,#4086,.F.);
#3039=ORIENTED_EDGE('',*,*,#3642,.F.);
#3040=ORIENTED_EDGE('',*,*,#4092,.F.);
#3041=ORIENTED_EDGE('',*,*,#3608,.F.);
#3042=ORIENTED_EDGE('',*,*,#3601,.T.);
#3043=ORIENTED_EDGE('',*,*,#3510,.T.);
#3044=ORIENTED_EDGE('',*,*,#4093,.F.);
#3045=ORIENTED_EDGE('',*,*,#3514,.T.);
#3046=ORIENTED_EDGE('',*,*,#3306,.T.);
#3047=ORIENTED_EDGE('',*,*,#3594,.T.);
#3048=ORIENTED_EDGE('',*,*,#4094,.F.);
#3049=ORIENTED_EDGE('',*,*,#3595,.T.);
#3050=ORIENTED_EDGE('',*,*,#3307,.T.);
#3051=ORIENTED_EDGE('',*,*,#3597,.T.);
#3052=ORIENTED_EDGE('',*,*,#4095,.F.);
#3053=ORIENTED_EDGE('',*,*,#3599,.T.);
#3054=ORIENTED_EDGE('',*,*,#3970,.T.);
#3055=ORIENTED_EDGE('',*,*,#4057,.T.);
#3056=ORIENTED_EDGE('',*,*,#4065,.F.);
#3057=ORIENTED_EDGE('',*,*,#4097,.F.);
#3058=ORIENTED_EDGE('',*,*,#3966,.T.);
#3059=ORIENTED_EDGE('',*,*,#4096,.F.);
#3060=ORIENTED_EDGE('',*,*,#4051,.T.);
#3061=ORIENTED_EDGE('',*,*,#3773,.T.);
#3062=ORIENTED_EDGE('',*,*,#4050,.T.);
#3063=ORIENTED_EDGE('',*,*,#4098,.F.);
#3064=ORIENTED_EDGE('',*,*,#4054,.T.);
#3065=ORIENTED_EDGE('',*,*,#4100,.T.);
#3066=ORIENTED_EDGE('',*,*,#4053,.T.);
#3067=ORIENTED_EDGE('',*,*,#4099,.F.);
#3068=ORIENTED_EDGE('',*,*,#4101,.F.);
#3069=ORIENTED_EDGE('',*,*,#4111,.T.);
#3070=ORIENTED_EDGE('',*,*,#3416,.F.);
#3071=ORIENTED_EDGE('',*,*,#3499,.F.);
#3072=ORIENTED_EDGE('',*,*,#3266,.F.);
#3073=ORIENTED_EDGE('',*,*,#3621,.T.);
#3074=ORIENTED_EDGE('',*,*,#4103,.F.);
#3075=ORIENTED_EDGE('',*,*,#4102,.F.);
#3076=ORIENTED_EDGE('',*,*,#4113,.F.);
#3077=ORIENTED_EDGE('',*,*,#4112,.T.);
#3078=ORIENTED_EDGE('',*,*,#3613,.F.);
#3079=ORIENTED_EDGE('',*,*,#3612,.F.);
#3080=ORIENTED_EDGE('',*,*,#3644,.T.);
#3081=ORIENTED_EDGE('',*,*,#3645,.F.);
#3082=ORIENTED_EDGE('',*,*,#4092,.T.);
#3083=ORIENTED_EDGE('',*,*,#3513,.T.);
#3084=ORIENTED_EDGE('',*,*,#3605,.F.);
#3085=ORIENTED_EDGE('',*,*,#3411,.F.);
#3086=ORIENTED_EDGE('',*,*,#4111,.F.);
#3087=ORIENTED_EDGE('',*,*,#4104,.F.);
#3088=ORIENTED_EDGE('',*,*,#3632,.F.);
#3089=ORIENTED_EDGE('',*,*,#3646,.F.);
#3090=ORIENTED_EDGE('',*,*,#3644,.F.);
#3091=ORIENTED_EDGE('',*,*,#3611,.F.);
#3092=ORIENTED_EDGE('',*,*,#4112,.F.);
#3093=ORIENTED_EDGE('',*,*,#4105,.F.);
#3094=ORIENTED_EDGE('',*,*,#4114,.F.);
#3095=ORIENTED_EDGE('',*,*,#4143,.F.);
#3096=ORIENTED_EDGE('',*,*,#3621,.F.);
#3097=ORIENTED_EDGE('',*,*,#3731,.F.);
#3098=ORIENTED_EDGE('',*,*,#3954,.F.);
#3099=ORIENTED_EDGE('',*,*,#3877,.F.);
#3100=ORIENTED_EDGE('',*,*,#4075,.T.);
#3101=ORIENTED_EDGE('',*,*,#4108,.F.);
#3102=ORIENTED_EDGE('',*,*,#4115,.F.);
#3103=ORIENTED_EDGE('',*,*,#4107,.F.);
#3104=ORIENTED_EDGE('',*,*,#4106,.F.);
#3105=ORIENTED_EDGE('',*,*,#4075,.F.);
#3106=ORIENTED_EDGE('',*,*,#3882,.F.);
#3107=ORIENTED_EDGE('',*,*,#4061,.F.);
#3108=ORIENTED_EDGE('',*,*,#3967,.T.);
#3109=ORIENTED_EDGE('',*,*,#4097,.T.);
#3110=ORIENTED_EDGE('',*,*,#4088,.F.);
#3111=ORIENTED_EDGE('',*,*,#4089,.T.);
#3112=ORIENTED_EDGE('',*,*,#4068,.F.);
#3113=ORIENTED_EDGE('',*,*,#4067,.F.);
#3114=ORIENTED_EDGE('',*,*,#4090,.T.);
#3115=ORIENTED_EDGE('',*,*,#4109,.F.);
#3116=ORIENTED_EDGE('',*,*,#4144,.F.);
#3117=ORIENTED_EDGE('',*,*,#4116,.F.);
#3118=ORIENTED_EDGE('',*,*,#4110,.F.);
#3119=ORIENTED_EDGE('',*,*,#4090,.F.);
#3120=ORIENTED_EDGE('',*,*,#4069,.F.);
#3121=ORIENTED_EDGE('',*,*,#4089,.F.);
#3122=ORIENTED_EDGE('',*,*,#4091,.F.);
#3123=ORIENTED_EDGE('',*,*,#4132,.F.);
#3124=ORIENTED_EDGE('',*,*,#4101,.T.);
#3125=ORIENTED_EDGE('',*,*,#4117,.T.);
#3126=ORIENTED_EDGE('',*,*,#4105,.T.);
#3127=ORIENTED_EDGE('',*,*,#4104,.T.);
#3128=ORIENTED_EDGE('',*,*,#4113,.T.);
#3129=ORIENTED_EDGE('',*,*,#4118,.T.);
#3130=ORIENTED_EDGE('',*,*,#4114,.T.);
#3131=ORIENTED_EDGE('',*,*,#4117,.F.);
#3132=ORIENTED_EDGE('',*,*,#4127,.T.);
#3133=ORIENTED_EDGE('',*,*,#4119,.F.);
#3134=ORIENTED_EDGE('',*,*,#4103,.T.);
#3135=ORIENTED_EDGE('',*,*,#4106,.T.);
#3136=ORIENTED_EDGE('',*,*,#4120,.T.);
#3137=ORIENTED_EDGE('',*,*,#4138,.T.);
#3138=ORIENTED_EDGE('',*,*,#4133,.T.);
#3139=ORIENTED_EDGE('',*,*,#4120,.F.);
#3140=ORIENTED_EDGE('',*,*,#4107,.T.);
#3141=ORIENTED_EDGE('',*,*,#4121,.T.);
#3142=ORIENTED_EDGE('',*,*,#4115,.T.);
#3143=ORIENTED_EDGE('',*,*,#4122,.T.);
#3144=ORIENTED_EDGE('',*,*,#4116,.T.);
#3145=ORIENTED_EDGE('',*,*,#4121,.F.);
#3146=ORIENTED_EDGE('',*,*,#4108,.T.);
#3147=ORIENTED_EDGE('',*,*,#4109,.T.);
#3148=ORIENTED_EDGE('',*,*,#4110,.T.);
#3149=ORIENTED_EDGE('',*,*,#4122,.F.);
#3150=ORIENTED_EDGE('',*,*,#4135,.T.);
#3151=ORIENTED_EDGE('',*,*,#4118,.F.);
#3152=ORIENTED_EDGE('',*,*,#4102,.T.);
#3153=ORIENTED_EDGE('',*,*,#4119,.T.);
#3154=ORIENTED_EDGE('',*,*,#4134,.F.);
#3155=ORIENTED_EDGE('',*,*,#4140,.F.);
#3156=ORIENTED_EDGE('',*,*,#4133,.F.);
#3157=ORIENTED_EDGE('',*,*,#4138,.F.);
#3158=ORIENTED_EDGE('',*,*,#4144,.T.);
#3159=ORIENTED_EDGE('',*,*,#4126,.F.);
#3160=ORIENTED_EDGE('',*,*,#4141,.F.);
#3161=ORIENTED_EDGE('',*,*,#4142,.F.);
#3162=ORIENTED_EDGE('',*,*,#4127,.F.);
#3163=ORIENTED_EDGE('',*,*,#4140,.T.);
#3164=ORIENTED_EDGE('',*,*,#4139,.T.);
#3165=ORIENTED_EDGE('',*,*,#3920,.F.);
#3166=ORIENTED_EDGE('',*,*,#4128,.F.);
#3167=ORIENTED_EDGE('',*,*,#4143,.T.);
#3168=ORIENTED_EDGE('',*,*,#4135,.F.);
#3169=ORIENTED_EDGE('',*,*,#4134,.T.);
#3170=ORIENTED_EDGE('',*,*,#4142,.T.);
#3171=ORIENTED_EDGE('',*,*,#4124,.F.);
#3172=ORIENTED_EDGE('',*,*,#4139,.F.);
#3173=ORIENTED_EDGE('',*,*,#4125,.F.);
#3174=ORIENTED_EDGE('',*,*,#4136,.F.);
#3175=ORIENTED_EDGE('',*,*,#4123,.F.);
#3176=ORIENTED_EDGE('',*,*,#4141,.T.);
#3177=ORIENTED_EDGE('',*,*,#4137,.F.);
#3178=EDGE_CURVE('',#5112,#5113,#4612,.T.);
#3179=EDGE_CURVE('',#5113,#5114,#4145,.T.);
#3180=EDGE_CURVE('',#5115,#5116,#4613,.T.);
#3181=EDGE_CURVE('',#5116,#5112,#4614,.T.);
#3182=EDGE_CURVE('',#5117,#5118,#4615,.T.);
#3183=EDGE_CURVE('',#5118,#5119,#4616,.T.);
#3184=EDGE_CURVE('',#5119,#5120,#4617,.T.);
#3185=EDGE_CURVE('',#5120,#5117,#4618,.T.);
#3186=EDGE_CURVE('',#5121,#5117,#4146,.T.);
#3187=EDGE_CURVE('',#5120,#5115,#4619,.T.);
#3188=EDGE_CURVE('',#5114,#5115,#4147,.T.);
#3189=EDGE_CURVE('',#5114,#5121,#4620,.T.);
#3190=EDGE_CURVE('',#5122,#5121,#4621,.T.);
#3191=EDGE_CURVE('',#5113,#5122,#4622,.T.);
#3192=EDGE_CURVE('',#5123,#5122,#4148,.T.);
#3193=EDGE_CURVE('',#5112,#5123,#4149,.T.);
#3194=EDGE_CURVE('',#5118,#5124,#4150,.T.);
#3195=EDGE_CURVE('',#5124,#5125,#4151,.T.);
#3196=EDGE_CURVE('',#5125,#5119,#4152,.T.);
#3197=EDGE_CURVE('',#5126,#5127,#4623,.T.);
#3198=EDGE_CURVE('',#5128,#5126,#4624,.T.);
#3199=EDGE_CURVE('',#5129,#5128,#4625,.T.);
#3200=EDGE_CURVE('',#5127,#5129,#4626,.T.);
#3201=EDGE_CURVE('',#5130,#5126,#4627,.T.);
#3202=EDGE_CURVE('',#5127,#5131,#4628,.T.);
#3203=EDGE_CURVE('',#5131,#5130,#4629,.T.);
#3204=EDGE_CURVE('',#5132,#5133,#4630,.T.);
#3205=EDGE_CURVE('',#5130,#5132,#4631,.T.);
#3206=EDGE_CURVE('',#5133,#5131,#4632,.T.);
#3207=EDGE_CURVE('',#5128,#5132,#4633,.T.);
#3208=EDGE_CURVE('',#5133,#5129,#4634,.T.);
#3209=EDGE_CURVE('',#5134,#5135,#4635,.T.);
#3210=EDGE_CURVE('',#5136,#5134,#4636,.T.);
#3211=EDGE_CURVE('',#5137,#5136,#4637,.T.);
#3212=EDGE_CURVE('',#5135,#5137,#4638,.T.);
#3213=EDGE_CURVE('',#5138,#5134,#4639,.T.);
#3214=EDGE_CURVE('',#5135,#5139,#4640,.T.);
#3215=EDGE_CURVE('',#5139,#5138,#4641,.T.);
#3216=EDGE_CURVE('',#5140,#5141,#4642,.T.);
#3217=EDGE_CURVE('',#5138,#5140,#4643,.T.);
#3218=EDGE_CURVE('',#5141,#5139,#4644,.T.);
#3219=EDGE_CURVE('',#5136,#5140,#4645,.T.);
#3220=EDGE_CURVE('',#5141,#5137,#4646,.T.);
#3221=EDGE_CURVE('',#5142,#5143,#4647,.T.);
#3222=EDGE_CURVE('',#5144,#5142,#4648,.T.);
#3223=EDGE_CURVE('',#5145,#5144,#4649,.T.);
#3224=EDGE_CURVE('',#5143,#5145,#4650,.T.);
#3225=EDGE_CURVE('',#5146,#5142,#4651,.T.);
#3226=EDGE_CURVE('',#5143,#5147,#4652,.T.);
#3227=EDGE_CURVE('',#5147,#5146,#4653,.T.);
#3228=EDGE_CURVE('',#5148,#5149,#4654,.T.);
#3229=EDGE_CURVE('',#5146,#5148,#4655,.T.);
#3230=EDGE_CURVE('',#5149,#5147,#4656,.T.);
#3231=EDGE_CURVE('',#5144,#5148,#4657,.T.);
#3232=EDGE_CURVE('',#5149,#5145,#4658,.T.);
#3233=EDGE_CURVE('',#5150,#5151,#4659,.T.);
#3234=EDGE_CURVE('',#5151,#5152,#4660,.T.);
#3235=EDGE_CURVE('',#5152,#5153,#4661,.T.);
#3236=EDGE_CURVE('',#5153,#5150,#4662,.T.);
#3237=EDGE_CURVE('',#5154,#5155,#4663,.T.);
#3238=EDGE_CURVE('',#5150,#5154,#4664,.T.);
#3239=EDGE_CURVE('',#5155,#5153,#4665,.T.);
#3240=EDGE_CURVE('',#5156,#5154,#4666,.T.);
#3241=EDGE_CURVE('',#5155,#5157,#4667,.T.);
#3242=EDGE_CURVE('',#5157,#5156,#4668,.T.);
#3243=EDGE_CURVE('',#5156,#5151,#4669,.T.);
#3244=EDGE_CURVE('',#5152,#5157,#4670,.T.);
#3245=EDGE_CURVE('',#5158,#5159,#4671,.T.);
#3246=EDGE_CURVE('',#5159,#5160,#4672,.T.);
#3247=EDGE_CURVE('',#5160,#5161,#4673,.T.);
#3248=EDGE_CURVE('',#5161,#5158,#4674,.T.);
#3249=EDGE_CURVE('',#5162,#5163,#4675,.T.);
#3250=EDGE_CURVE('',#5158,#5162,#4676,.T.);
#3251=EDGE_CURVE('',#5163,#5161,#4677,.T.);
#3252=EDGE_CURVE('',#5164,#5162,#4678,.T.);
#3253=EDGE_CURVE('',#5163,#5165,#4679,.T.);
#3254=EDGE_CURVE('',#5165,#5164,#4680,.T.);
#3255=EDGE_CURVE('',#5164,#5159,#4681,.T.);
#3256=EDGE_CURVE('',#5160,#5165,#4682,.T.);
#3257=EDGE_CURVE('',#5166,#5167,#4153,.T.);
#3258=EDGE_CURVE('',#5167,#5168,#4154,.T.);
#3259=EDGE_CURVE('',#5168,#5169,#4155,.T.);
#3260=EDGE_CURVE('',#5169,#5166,#4156,.T.);
#3261=EDGE_CURVE('',#5170,#5166,#4157,.T.);
#3262=EDGE_CURVE('',#5169,#5171,#4158,.T.);
#3263=EDGE_CURVE('',#5171,#5170,#4159,.T.);
#3264=EDGE_CURVE('',#5172,#5168,#4160,.T.);
#3265=EDGE_CURVE('',#5167,#5173,#4161,.T.);
#3266=EDGE_CURVE('',#5173,#5172,#4162,.T.);
#3267=EDGE_CURVE('',#5174,#5175,#4683,.T.);
#3268=EDGE_CURVE('',#5175,#5176,#4163,.T.);
#3269=EDGE_CURVE('',#5176,#5177,#4684,.T.);
#3270=EDGE_CURVE('',#5177,#5174,#4164,.T.);
#3271=EDGE_CURVE('',#5178,#5179,#4165,.T.);
#3272=EDGE_CURVE('',#5179,#5180,#4685,.T.);
#3273=EDGE_CURVE('',#5180,#5181,#4166,.T.);
#3274=EDGE_CURVE('',#5181,#5178,#4686,.T.);
#3275=EDGE_CURVE('',#5182,#5176,#4687,.T.);
#3276=EDGE_CURVE('',#5183,#5182,#4688,.T.);
#3277=EDGE_CURVE('',#5177,#5183,#4167,.T.);
#3278=EDGE_CURVE('',#5180,#5184,#4689,.T.);
#3279=EDGE_CURVE('',#5185,#5179,#4168,.T.);
#3280=EDGE_CURVE('',#5184,#5185,#4690,.T.);
#3281=EDGE_CURVE('',#5177,#5176,#4691,.T.);
#3282=EDGE_CURVE('',#5180,#5179,#4692,.T.);
#3283=EDGE_CURVE('',#5178,#5181,#4693,.T.);
#3284=EDGE_CURVE('',#5182,#5183,#4694,.T.);
#3285=EDGE_CURVE('',#5185,#5184,#4695,.T.);
#3286=EDGE_CURVE('',#5186,#5187,#4169,.T.);
#3287=EDGE_CURVE('',#5187,#5188,#4170,.T.);
#3288=EDGE_CURVE('',#5188,#5189,#4696,.T.);
#3289=EDGE_CURVE('',#5189,#5190,#4697,.T.);
#3290=EDGE_CURVE('',#5190,#5186,#4698,.T.);
#3291=EDGE_CURVE('',#5191,#5192,#4699,.T.);
#3292=EDGE_CURVE('',#5192,#5193,#4700,.T.);
#3293=EDGE_CURVE('',#5193,#5190,#4701,.T.);
#3294=EDGE_CURVE('',#5188,#5191,#4702,.T.);
#3295=EDGE_CURVE('',#5194,#5195,#4703,.T.);
#3296=EDGE_CURVE('',#5195,#5196,#4704,.T.);
#3297=EDGE_CURVE('',#5197,#5194,#4705,.T.);
#3298=EDGE_CURVE('',#5192,#5194,#4171,.T.);
#3299=EDGE_CURVE('',#5197,#5198,#4172,.T.);
#3300=EDGE_CURVE('',#5198,#5193,#4706,.T.);
#3301=EDGE_CURVE('',#5183,#5199,#4173,.T.);
#3302=EDGE_CURVE('',#5200,#5182,#4707,.T.);
#3303=EDGE_CURVE('',#5199,#5200,#4708,.T.);
#3304=EDGE_CURVE('',#5184,#5201,#4709,.T.);
#3305=EDGE_CURVE('',#5202,#5185,#4174,.T.);
#3306=EDGE_CURVE('',#5200,#5199,#4710,.T.);
#3307=EDGE_CURVE('',#5202,#5201,#4711,.T.);
#3308=EDGE_CURVE('',#5203,#5191,#4175,.T.);
#3309=EDGE_CURVE('',#5187,#5203,#4176,.T.);
#3310=EDGE_CURVE('',#5204,#5205,#4177,.T.);
#3311=EDGE_CURVE('',#5205,#5206,#4178,.T.);
#3312=EDGE_CURVE('',#5207,#5208,#4179,.T.);
#3313=EDGE_CURVE('',#5209,#5204,#4180,.T.);
#3314=EDGE_CURVE('',#5210,#5211,#4712,.T.);
#3315=EDGE_CURVE('',#5212,#5210,#4713,.T.);
#3316=EDGE_CURVE('',#5213,#5212,#4714,.T.);
#3317=EDGE_CURVE('',#5211,#5213,#4715,.T.);
#3318=EDGE_CURVE('',#5214,#5210,#4716,.T.);
#3319=EDGE_CURVE('',#5211,#5215,#4717,.T.);
#3320=EDGE_CURVE('',#5215,#5214,#4718,.T.);
#3321=EDGE_CURVE('',#5216,#5217,#4719,.T.);
#3322=EDGE_CURVE('',#5214,#5216,#4720,.T.);
#3323=EDGE_CURVE('',#5217,#5215,#4721,.T.);
#3324=EDGE_CURVE('',#5212,#5216,#4722,.T.);
#3325=EDGE_CURVE('',#5217,#5213,#4723,.T.);
#3326=EDGE_CURVE('',#5218,#5219,#4724,.T.);
#3327=EDGE_CURVE('',#5220,#5218,#4725,.T.);
#3328=EDGE_CURVE('',#5221,#5220,#4726,.T.);
#3329=EDGE_CURVE('',#5219,#5221,#4727,.T.);
#3330=EDGE_CURVE('',#5222,#5218,#4728,.T.);
#3331=EDGE_CURVE('',#5219,#5223,#4729,.T.);
#3332=EDGE_CURVE('',#5223,#5222,#4730,.T.);
#3333=EDGE_CURVE('',#5224,#5225,#4731,.T.);
#3334=EDGE_CURVE('',#5222,#5224,#4732,.T.);
#3335=EDGE_CURVE('',#5225,#5223,#4733,.T.);
#3336=EDGE_CURVE('',#5220,#5224,#4734,.T.);
#3337=EDGE_CURVE('',#5225,#5221,#4735,.T.);
#3338=EDGE_CURVE('',#5226,#5227,#4736,.T.);
#3339=EDGE_CURVE('',#5228,#5226,#4737,.T.);
#3340=EDGE_CURVE('',#5229,#5228,#4738,.T.);
#3341=EDGE_CURVE('',#5227,#5229,#4739,.T.);
#3342=EDGE_CURVE('',#5230,#5226,#4740,.T.);
#3343=EDGE_CURVE('',#5227,#5231,#4741,.T.);
#3344=EDGE_CURVE('',#5231,#5230,#4742,.T.);
#3345=EDGE_CURVE('',#5232,#5233,#4743,.T.);
#3346=EDGE_CURVE('',#5230,#5232,#4744,.T.);
#3347=EDGE_CURVE('',#5233,#5231,#4745,.T.);
#3348=EDGE_CURVE('',#5228,#5232,#4746,.T.);
#3349=EDGE_CURVE('',#5233,#5229,#4747,.T.);
#3350=EDGE_CURVE('',#5234,#5235,#4748,.T.);
#3351=EDGE_CURVE('',#5235,#5236,#4749,.T.);
#3352=EDGE_CURVE('',#5236,#5237,#4750,.T.);
#3353=EDGE_CURVE('',#5237,#5234,#4751,.T.);
#3354=EDGE_CURVE('',#5238,#5239,#4752,.T.);
#3355=EDGE_CURVE('',#5234,#5238,#4753,.T.);
#3356=EDGE_CURVE('',#5239,#5237,#4754,.T.);
#3357=EDGE_CURVE('',#5240,#5238,#4755,.T.);
#3358=EDGE_CURVE('',#5239,#5241,#4756,.T.);
#3359=EDGE_CURVE('',#5241,#5240,#4757,.T.);
#3360=EDGE_CURVE('',#5240,#5235,#4758,.T.);
#3361=EDGE_CURVE('',#5236,#5241,#4759,.T.);
#3362=EDGE_CURVE('',#5242,#5243,#4760,.T.);
#3363=EDGE_CURVE('',#5243,#5244,#4761,.T.);
#3364=EDGE_CURVE('',#5244,#5245,#4762,.T.);
#3365=EDGE_CURVE('',#5245,#5242,#4763,.T.);
#3366=EDGE_CURVE('',#5246,#5247,#4764,.T.);
#3367=EDGE_CURVE('',#5242,#5246,#4765,.T.);
#3368=EDGE_CURVE('',#5247,#5245,#4766,.T.);
#3369=EDGE_CURVE('',#5248,#5246,#4767,.T.);
#3370=EDGE_CURVE('',#5247,#5249,#4768,.T.);
#3371=EDGE_CURVE('',#5249,#5248,#4769,.T.);
#3372=EDGE_CURVE('',#5248,#5243,#4770,.T.);
#3373=EDGE_CURVE('',#5244,#5249,#4771,.T.);
#3374=EDGE_CURVE('',#5250,#5251,#4772,.T.);
#3375=EDGE_CURVE('',#5251,#5252,#4773,.T.);
#3376=EDGE_CURVE('',#5252,#5253,#4774,.T.);
#3377=EDGE_CURVE('',#5253,#5250,#4775,.T.);
#3378=EDGE_CURVE('',#5254,#5255,#4776,.T.);
#3379=EDGE_CURVE('',#5253,#5254,#4777,.T.);
#3380=EDGE_CURVE('',#5255,#5252,#4778,.T.);
#3381=EDGE_CURVE('',#5256,#5254,#4779,.T.);
#3382=EDGE_CURVE('',#5255,#5257,#4780,.T.);
#3383=EDGE_CURVE('',#5257,#5256,#4781,.T.);
#3384=EDGE_CURVE('',#5256,#5250,#4782,.T.);
#3385=EDGE_CURVE('',#5251,#5257,#4783,.T.);
#3386=EDGE_CURVE('',#5258,#5259,#4784,.T.);
#3387=EDGE_CURVE('',#5259,#5260,#4785,.T.);
#3388=EDGE_CURVE('',#5260,#5261,#4786,.T.);
#3389=EDGE_CURVE('',#5261,#5258,#4787,.T.);
#3390=EDGE_CURVE('',#5262,#5263,#4788,.T.);
#3391=EDGE_CURVE('',#5261,#5262,#4789,.T.);
#3392=EDGE_CURVE('',#5263,#5260,#4790,.T.);
#3393=EDGE_CURVE('',#5264,#5262,#4791,.T.);
#3394=EDGE_CURVE('',#5263,#5265,#4792,.T.);
#3395=EDGE_CURVE('',#5265,#5264,#4793,.T.);
#3396=EDGE_CURVE('',#5264,#5258,#4794,.T.);
#3397=EDGE_CURVE('',#5259,#5265,#4795,.T.);
#3398=EDGE_CURVE('',#5267,#5203,#4181,.T.);
#3399=EDGE_CURVE('',#5268,#5269,#4182,.T.);
#3400=EDGE_CURVE('',#5269,#5270,#4183,.T.);
#3401=EDGE_CURVE('',#5270,#5271,#4184,.T.);
#3402=EDGE_CURVE('',#5271,#5272,#4185,.T.);
#3403=EDGE_CURVE('',#5272,#5273,#4186,.T.);
#3404=EDGE_CURVE('',#5273,#5268,#4187,.T.);
#3405=EDGE_CURVE('',#5274,#5272,#4188,.T.);
#3406=EDGE_CURVE('',#5271,#5275,#4189,.T.);
#3407=EDGE_CURVE('',#5275,#5274,#4190,.T.);
#3408=EDGE_CURVE('',#5266,#5274,#4191,.T.);
#3409=EDGE_CURVE('',#5275,#5276,#4192,.T.);
#3410=EDGE_CURVE('',#5276,#5266,#4193,.T.);
#3411=EDGE_CURVE('',#5277,#5278,#4194,.T.);
#3412=EDGE_CURVE('',#5278,#5279,#4195,.T.);
#3413=EDGE_CURVE('',#5279,#5267,#4196,.T.);
#3414=EDGE_CURVE('',#5266,#5267,#4197,.T.);
#3415=EDGE_CURVE('',#5276,#5280,#4198,.T.);
#3416=EDGE_CURVE('',#5280,#5277,#4199,.T.);
#3417=EDGE_CURVE('',#5281,#5282,#4200,.T.);
#3418=EDGE_CURVE('',#5282,#5283,#4201,.T.);
#3419=EDGE_CURVE('',#5283,#5284,#4202,.T.);
#3420=EDGE_CURVE('',#5284,#5285,#4203,.T.);
#3421=EDGE_CURVE('',#5285,#5281,#4204,.T.);
#3422=EDGE_CURVE('',#5284,#5286,#4205,.T.);
#3423=EDGE_CURVE('',#5286,#5285,#4206,.T.);
#3424=EDGE_CURVE('',#5287,#5288,#4207,.T.);
#3425=EDGE_CURVE('',#5288,#5289,#4208,.T.);
#3426=EDGE_CURVE('',#5289,#5290,#4209,.T.);
#3427=EDGE_CURVE('',#5290,#5287,#4210,.T.);
#3428=EDGE_CURVE('',#5282,#5288,#4211,.T.);
#3429=EDGE_CURVE('',#5287,#5283,#4212,.T.);
#3430=EDGE_CURVE('',#5291,#5292,#4213,.T.);
#3431=EDGE_CURVE('',#5292,#5290,#4214,.T.);
#3432=EDGE_CURVE('',#5289,#5291,#4215,.T.);
#3433=EDGE_CURVE('',#5293,#5294,#4216,.T.);
#3434=EDGE_CURVE('',#5294,#5290,#4217,.T.);
#3435=EDGE_CURVE('',#5292,#5293,#4218,.T.);
#3436=EDGE_CURVE('',#5294,#5295,#4219,.T.);
#3437=EDGE_CURVE('',#5295,#5287,#4220,.T.);
#3438=EDGE_CURVE('',#5295,#5296,#4221,.T.);
#3439=EDGE_CURVE('',#5296,#5283,#4222,.T.);
#3440=EDGE_CURVE('',#5297,#5286,#4223,.T.);
#3441=EDGE_CURVE('',#5296,#5297,#4224,.T.);
#3442=EDGE_CURVE('',#5298,#5299,#4225,.T.);
#3443=EDGE_CURVE('',#5299,#5297,#4226,.T.);
#3444=EDGE_CURVE('',#5298,#5301,#4227,.T.);
#3445=EDGE_CURVE('',#5301,#5302,#4228,.T.);
#3446=EDGE_CURVE('',#5302,#5303,#4229,.T.);
#3447=EDGE_CURVE('',#5303,#5298,#4230,.T.);
#3448=EDGE_CURVE('',#5308,#5309,#4796,.T.);
#3449=EDGE_CURVE('',#5306,#5308,#4797,.T.);
#3450=EDGE_CURVE('',#5307,#5306,#4798,.T.);
#3451=EDGE_CURVE('',#5310,#5307,#4799,.T.);
#3452=EDGE_CURVE('',#5311,#5310,#4800,.T.);
#3453=EDGE_CURVE('',#5309,#5311,#4231,.T.);
#3454=EDGE_CURVE('',#5314,#5315,#4801,.T.);
#3455=EDGE_CURVE('',#5315,#5314,#4802,.T.);
#3456=EDGE_CURVE('',#5316,#5315,#4803,.T.);
#3457=EDGE_CURVE('',#5318,#5270,#4232,.T.);
#3458=EDGE_CURVE('',#5270,#5711,#4233,.T.);
#3459=EDGE_CURVE('',#5319,#5320,#4234,.T.);
#3460=EDGE_CURVE('',#5320,#5318,#4235,.T.);
#3461=EDGE_CURVE('',#5306,#5307,#4804,.T.);
#3462=EDGE_CURVE('',#5321,#5308,#4805,.T.);
#3463=EDGE_CURVE('',#5322,#5321,#4236,.T.);
#3464=EDGE_CURVE('',#5310,#5322,#4806,.T.);
#3465=EDGE_CURVE('',#5314,#5317,#4807,.T.);
#3466=EDGE_CURVE('',#5324,#5325,#4237,.T.);
#3467=EDGE_CURVE('',#5325,#5326,#4238,.T.);
#3468=EDGE_CURVE('',#5326,#5323,#4239,.T.);
#3469=EDGE_CURVE('',#5324,#5327,#4240,.T.);
#3470=EDGE_CURVE('',#5327,#5328,#4241,.T.);
#3471=EDGE_CURVE('',#5328,#5325,#4242,.T.);
#3472=EDGE_CURVE('',#5329,#5330,#4243,.T.);
#3473=EDGE_CURVE('',#5330,#5328,#4244,.T.);
#3474=EDGE_CURVE('',#5317,#5316,#4808,.T.);
#3475=EDGE_CURVE('',#5316,#5317,#4809,.T.);
#3476=EDGE_CURVE('',#5332,#5311,#4245,.T.);
#3477=EDGE_CURVE('',#5322,#5333,#4246,.T.);
#3478=EDGE_CURVE('',#5333,#5334,#4247,.T.);
#3479=EDGE_CURVE('',#5334,#5331,#4248,.T.);
#3480=EDGE_CURVE('',#5332,#5335,#4249,.T.);
#3481=EDGE_CURVE('',#5335,#5309,#4250,.T.);
#3482=EDGE_CURVE('',#5321,#5336,#4251,.T.);
#3483=EDGE_CURVE('',#5336,#5333,#4252,.T.);
#3484=EDGE_CURVE('',#5320,#5337,#4253,.T.);
#3485=EDGE_CURVE('',#5337,#5336,#4254,.T.);
#3486=EDGE_CURVE('',#5313,#5338,#4810,.T.);
#3487=EDGE_CURVE('',#5312,#5313,#4811,.T.);
#3488=EDGE_CURVE('',#5339,#5312,#4812,.T.);
#3489=EDGE_CURVE('',#5338,#5339,#4813,.T.);
#3490=EDGE_CURVE('',#5313,#5312,#4814,.T.);
#3491=EDGE_CURVE('',#5339,#5338,#4815,.T.);
#3492=EDGE_CURVE('',#5330,#5334,#4255,.T.);
#3493=EDGE_CURVE('',#5337,#5326,#4256,.T.);
#3494=EDGE_CURVE('',#5329,#5331,#4257,.T.);
#3495=EDGE_CURVE('',#5303,#5340,#4258,.T.);
#3496=EDGE_CURVE('',#5340,#5299,#4259,.T.);
#3497=EDGE_CURVE('',#5293,#5300,#4260,.T.);
#3498=EDGE_CURVE('',#5291,#5172,#4261,.T.);
#3499=EDGE_CURVE('',#5172,#5280,#4262,.T.);
#3500=EDGE_CURVE('',#5300,#5298,#4263,.T.);
#3501=EDGE_CURVE('',#5276,#5300,#4264,.T.);
#3502=EDGE_CURVE('',#5301,#5275,#4265,.T.);
#3503=EDGE_CURVE('',#5341,#5342,#4816,.T.);
#3504=EDGE_CURVE('',#5305,#5341,#4817,.T.);
#3505=EDGE_CURVE('',#5304,#5305,#4818,.T.);
#3506=EDGE_CURVE('',#5342,#5304,#4819,.T.);
#3507=EDGE_CURVE('',#5342,#5341,#4820,.T.);
#3508=EDGE_CURVE('',#5305,#5304,#4821,.T.);
#3509=EDGE_CURVE('',#5343,#5344,#4822,.T.);
#3510=EDGE_CURVE('',#5345,#5343,#4823,.T.);
#3511=EDGE_CURVE('',#5346,#5345,#4824,.T.);
#3512=EDGE_CURVE('',#5347,#5346,#4825,.T.);
#3513=EDGE_CURVE('',#5348,#5347,#4826,.T.);
#3514=EDGE_CURVE('',#5344,#5348,#4827,.T.);
#3515=EDGE_CURVE('',#5171,#5282,#4266,.T.);
#3516=EDGE_CURVE('',#5281,#5170,#4267,.T.);
#3517=EDGE_CURVE('',#5168,#5289,#4268,.T.);
#3518=EDGE_CURVE('',#5288,#5169,#4269,.T.);
#3519=EDGE_CURVE('',#5349,#5350,#4828,.T.);
#3520=EDGE_CURVE('',#5350,#5198,#4829,.T.);
#3521=EDGE_CURVE('',#5196,#5197,#4270,.T.);
#3522=EDGE_CURVE('',#5196,#5349,#4830,.T.);
#3523=EDGE_CURVE('',#5351,#5349,#4271,.T.);
#3524=EDGE_CURVE('',#5195,#5351,#4272,.T.);
#3525=EDGE_CURVE('',#5352,#5273,#4273,.T.);
#3526=EDGE_CURVE('',#5186,#5266,#4274,.T.);
#3527=EDGE_CURVE('',#5350,#5353,#4275,.T.);
#3528=EDGE_CURVE('',#5353,#5354,#4276,.T.);
#3529=EDGE_CURVE('',#5354,#5355,#4277,.T.);
#3530=EDGE_CURVE('',#5355,#5356,#4278,.T.);
#3531=EDGE_CURVE('',#5356,#5357,#4279,.T.);
#3532=EDGE_CURVE('',#5357,#5352,#4280,.T.);
#3533=EDGE_CURVE('',#5175,#5174,#4831,.T.);
#3534=EDGE_CURVE('',#5351,#5123,#4281,.T.);
#3535=EDGE_CURVE('',#5116,#5354,#4282,.T.);
#3536=EDGE_CURVE('',#5360,#5361,#4283,.T.);
#3537=EDGE_CURVE('',#5361,#5355,#4284,.T.);
#3538=EDGE_CURVE('',#5125,#5358,#4285,.T.);
#3539=EDGE_CURVE('',#5124,#5363,#4286,.T.);
#3540=EDGE_CURVE('',#5363,#5358,#4287,.T.);
#3541=EDGE_CURVE('',#5363,#5364,#4832,.T.);
#3542=EDGE_CURVE('',#5364,#5359,#4833,.T.);
#3543=EDGE_CURVE('',#5358,#5359,#4834,.T.);
#3544=EDGE_CURVE('',#5364,#5365,#4288,.T.);
#3545=EDGE_CURVE('',#5365,#5362,#4289,.T.);
#3546=EDGE_CURVE('',#5360,#5362,#4290,.T.);
#3547=EDGE_CURVE('',#5359,#5360,#4291,.T.);
#3548=EDGE_CURVE('',#5366,#5365,#4835,.T.);
#3549=EDGE_CURVE('',#5356,#5366,#4836,.T.);
#3550=EDGE_CURVE('',#5362,#5356,#4837,.T.);
#3551=EDGE_CURVE('',#5357,#5367,#4292,.T.);
#3552=EDGE_CURVE('',#5367,#5368,#4293,.T.);
#3553=EDGE_CURVE('',#5368,#5352,#4294,.T.);
#3554=EDGE_CURVE('',#5373,#5374,#4295,.T.);
#3555=EDGE_CURVE('',#5374,#5375,#4296,.T.);
#3556=EDGE_CURVE('',#5375,#5376,#4297,.T.);
#3557=EDGE_CURVE('',#5376,#5369,#4298,.T.);
#3558=EDGE_CURVE('',#5377,#5378,#4299,.T.);
#3559=EDGE_CURVE('',#5378,#5379,#4300,.T.);
#3560=EDGE_CURVE('',#5379,#5380,#4301,.T.);
#3561=EDGE_CURVE('',#5380,#5377,#4302,.T.);
#3562=EDGE_CURVE('',#5383,#5384,#4303,.T.);
#3563=EDGE_CURVE('',#5387,#5377,#4304,.T.);
#3564=EDGE_CURVE('',#5380,#5388,#4305,.T.);
#3565=EDGE_CURVE('',#5388,#5389,#4306,.T.);
#3566=EDGE_CURVE('',#5389,#5381,#4307,.T.);
#3567=EDGE_CURVE('',#5388,#5390,#4308,.T.);
#3568=EDGE_CURVE('',#5392,#5191,#4309,.T.);
#3569=EDGE_CURVE('',#5393,#5192,#4310,.T.);
#3570=EDGE_CURVE('',#5392,#5393,#4838,.T.);
#3571=EDGE_CURVE('',#5394,#5194,#4311,.T.);
#3572=EDGE_CURVE('',#5393,#5394,#4312,.T.);
#3573=EDGE_CURVE('',#5395,#5195,#4313,.T.);
#3574=EDGE_CURVE('',#5394,#5395,#4839,.T.);
#3575=EDGE_CURVE('',#5387,#5122,#4314,.T.);
#3576=EDGE_CURVE('',#5386,#5121,#4315,.T.);
#3577=EDGE_CURVE('',#5386,#5387,#4840,.T.);
#3578=EDGE_CURVE('',#5385,#5117,#4316,.T.);
#3579=EDGE_CURVE('',#5385,#5386,#4317,.T.);
#3580=EDGE_CURVE('',#5384,#5118,#4318,.T.);
#3581=EDGE_CURVE('',#5384,#5385,#4841,.T.);
#3582=EDGE_CURVE('',#5383,#5363,#4319,.T.);
#3583=EDGE_CURVE('',#5382,#5364,#4320,.T.);
#3584=EDGE_CURVE('',#5382,#5383,#4842,.T.);
#3585=EDGE_CURVE('',#5391,#5365,#4321,.T.);
#3586=EDGE_CURVE('',#5381,#5382,#4322,.T.);
#3587=EDGE_CURVE('',#5391,#5381,#4323,.T.);
#3588=EDGE_CURVE('',#5366,#5390,#4324,.T.);
#3589=EDGE_CURVE('',#5390,#5391,#4843,.T.);
#3590=EDGE_CURVE('',#5371,#5345,#4844,.T.);
#3591=EDGE_CURVE('',#5370,#5371,#4845,.T.);
#3592=EDGE_CURVE('',#5346,#5370,#4846,.T.);
#3593=EDGE_CURVE('',#5396,#5397,#4847,.T.);
#3594=EDGE_CURVE('',#5199,#5396,#4848,.T.);
#3595=EDGE_CURVE('',#5397,#5200,#4849,.T.);
#3596=EDGE_CURVE('',#5398,#5399,#4850,.T.);
#3597=EDGE_CURVE('',#5201,#5398,#4851,.T.);
#3598=EDGE_CURVE('',#5201,#5202,#4852,.T.);
#3599=EDGE_CURVE('',#5399,#5202,#4853,.T.);
#3600=EDGE_CURVE('',#5371,#5372,#4854,.T.);
#3601=EDGE_CURVE('',#5400,#5345,#4855,.T.);
#3602=EDGE_CURVE('',#5372,#5400,#4856,.T.);
#3603=EDGE_CURVE('',#5402,#5401,#4325,.T.);
#3604=EDGE_CURVE('',#5279,#5369,#4326,.T.);
#3605=EDGE_CURVE('',#5278,#5347,#4327,.T.);
#3606=EDGE_CURVE('',#5369,#5370,#4328,.T.);
#3607=EDGE_CURVE('',#5372,#5373,#4329,.T.);
#3608=EDGE_CURVE('',#5400,#5403,#4857,.T.);
#3609=EDGE_CURVE('',#5401,#5204,#4330,.T.);
#3610=EDGE_CURVE('',#5401,#5373,#4331,.T.);
#3611=EDGE_CURVE('',#5404,#5405,#4332,.T.);
#3612=EDGE_CURVE('',#5405,#5406,#4333,.T.);
#3613=EDGE_CURVE('',#5406,#5404,#4334,.T.);
#3614=EDGE_CURVE('',#5269,#5712,#4335,.T.);
#3615=EDGE_CURVE('',#5323,#5340,#4336,.T.);
#3616=EDGE_CURVE('',#5271,#5302,#4337,.T.);
#3617=EDGE_CURVE('',#5335,#5318,#4338,.T.);
#3618=EDGE_CURVE('',#5331,#5332,#4339,.T.);
#3619=EDGE_CURVE('',#5327,#5329,#4340,.T.);
#3620=EDGE_CURVE('',#5323,#5324,#4341,.T.);
#3621=EDGE_CURVE('',#5173,#5700,#4342,.T.);
#3622=EDGE_CURVE('',#5407,#5367,#4343,.T.);
#3623=EDGE_CURVE('',#5366,#5408,#4344,.T.);
#3624=EDGE_CURVE('',#5408,#5407,#4345,.T.);
#3625=EDGE_CURVE('',#5409,#5209,#4346,.T.);
#3626=EDGE_CURVE('',#5208,#5209,#4347,.T.);
#3627=EDGE_CURVE('',#5208,#5410,#4348,.T.);
#3628=EDGE_CURVE('',#5410,#5409,#4349,.T.);
#3629=EDGE_CURVE('',#5268,#5713,#4350,.T.);
#3630=EDGE_CURVE('',#5407,#5410,#4351,.T.);
#3631=EDGE_CURVE('',#5207,#5368,#4352,.T.);
#3632=EDGE_CURVE('',#5207,#5714,#4353,.T.);
#3633=EDGE_CURVE('',#5411,#5390,#4354,.T.);
#3634=EDGE_CURVE('',#5378,#5395,#4355,.T.);
#3635=EDGE_CURVE('',#5376,#5392,#4356,.T.);
#3636=EDGE_CURVE('',#5402,#5412,#4357,.T.);
#3637=EDGE_CURVE('',#5412,#5413,#4358,.T.);
#3638=EDGE_CURVE('',#5413,#5411,#4359,.T.);
#3639=EDGE_CURVE('',#5402,#5414,#4360,.T.);
#3640=EDGE_CURVE('',#5414,#5413,#4361,.T.);
#3641=EDGE_CURVE('',#5411,#5408,#4362,.T.);
#3642=EDGE_CURVE('',#5409,#5414,#4363,.T.);
#3643=EDGE_CURVE('',#5209,#5402,#4364,.T.);
#3644=EDGE_CURVE('',#5405,#5206,#4365,.T.);
#3645=EDGE_CURVE('',#5403,#5206,#4366,.T.);
#3646=EDGE_CURVE('',#5206,#5207,#4367,.T.);
#3647=EDGE_CURVE('',#5415,#5416,#4858,.T.);
#3648=EDGE_CURVE('',#5416,#5417,#4859,.T.);
#3649=EDGE_CURVE('',#5418,#5419,#4368,.T.);
#3650=EDGE_CURVE('',#5419,#5415,#4860,.T.);
#3651=EDGE_CURVE('',#5420,#5421,#4861,.T.);
#3652=EDGE_CURVE('',#5421,#5422,#4862,.T.);
#3653=EDGE_CURVE('',#5422,#5423,#4863,.T.);
#3654=EDGE_CURVE('',#5423,#5420,#4864,.T.);
#3655=EDGE_CURVE('',#5424,#5418,#4865,.T.);
#3656=EDGE_CURVE('',#5417,#5418,#4369,.T.);
#3657=EDGE_CURVE('',#5417,#5421,#4866,.T.);
#3658=EDGE_CURVE('',#5420,#5424,#4370,.T.);
#3659=EDGE_CURVE('',#5425,#5419,#4867,.T.);
#3660=EDGE_CURVE('',#5424,#5425,#4868,.T.);
#3661=EDGE_CURVE('',#5426,#5415,#4371,.T.);
#3662=EDGE_CURVE('',#5425,#5426,#4372,.T.);
#3663=EDGE_CURVE('',#5422,#5427,#4373,.T.);
#3664=EDGE_CURVE('',#5427,#5428,#4374,.T.);
#3665=EDGE_CURVE('',#5428,#5423,#4375,.T.);
#3666=EDGE_CURVE('',#5429,#5430,#4869,.T.);
#3667=EDGE_CURVE('',#5431,#5429,#4870,.T.);
#3668=EDGE_CURVE('',#5432,#5431,#4871,.T.);
#3669=EDGE_CURVE('',#5430,#5432,#4872,.T.);
#3670=EDGE_CURVE('',#5433,#5434,#4873,.T.);
#3671=EDGE_CURVE('',#5434,#5430,#4874,.T.);
#3672=EDGE_CURVE('',#5432,#5433,#4875,.T.);
#3673=EDGE_CURVE('',#5434,#5435,#4876,.T.);
#3674=EDGE_CURVE('',#5436,#5433,#4877,.T.);
#3675=EDGE_CURVE('',#5435,#5436,#4878,.T.);
#3676=EDGE_CURVE('',#5429,#5435,#4879,.T.);
#3677=EDGE_CURVE('',#5436,#5431,#4880,.T.);
#3678=EDGE_CURVE('',#5437,#5438,#4881,.T.);
#3679=EDGE_CURVE('',#5439,#5437,#4882,.T.);
#3680=EDGE_CURVE('',#5440,#5439,#4883,.T.);
#3681=EDGE_CURVE('',#5438,#5440,#4884,.T.);
#3682=EDGE_CURVE('',#5441,#5442,#4885,.T.);
#3683=EDGE_CURVE('',#5442,#5438,#4886,.T.);
#3684=EDGE_CURVE('',#5440,#5441,#4887,.T.);
#3685=EDGE_CURVE('',#5442,#5443,#4888,.T.);
#3686=EDGE_CURVE('',#5444,#5441,#4889,.T.);
#3687=EDGE_CURVE('',#5443,#5444,#4890,.T.);
#3688=EDGE_CURVE('',#5437,#5443,#4891,.T.);
#3689=EDGE_CURVE('',#5444,#5439,#4892,.T.);
#3690=EDGE_CURVE('',#5445,#5446,#4893,.T.);
#3691=EDGE_CURVE('',#5447,#5445,#4894,.T.);
#3692=EDGE_CURVE('',#5448,#5447,#4895,.T.);
#3693=EDGE_CURVE('',#5446,#5448,#4896,.T.);
#3694=EDGE_CURVE('',#5449,#5450,#4897,.T.);
#3695=EDGE_CURVE('',#5450,#5446,#4898,.T.);
#3696=EDGE_CURVE('',#5448,#5449,#4899,.T.);
#3697=EDGE_CURVE('',#5450,#5451,#4900,.T.);
#3698=EDGE_CURVE('',#5452,#5449,#4901,.T.);
#3699=EDGE_CURVE('',#5451,#5452,#4902,.T.);
#3700=EDGE_CURVE('',#5445,#5451,#4903,.T.);
#3701=EDGE_CURVE('',#5452,#5447,#4904,.T.);
#3702=EDGE_CURVE('',#5453,#5454,#4905,.T.);
#3703=EDGE_CURVE('',#5454,#5455,#4906,.T.);
#3704=EDGE_CURVE('',#5455,#5456,#4907,.T.);
#3705=EDGE_CURVE('',#5456,#5453,#4908,.T.);
#3706=EDGE_CURVE('',#5454,#5457,#4909,.T.);
#3707=EDGE_CURVE('',#5458,#5453,#4910,.T.);
#3708=EDGE_CURVE('',#5457,#5458,#4911,.T.);
#3709=EDGE_CURVE('',#5459,#5460,#4912,.T.);
#3710=EDGE_CURVE('',#5460,#5457,#4913,.T.);
#3711=EDGE_CURVE('',#5458,#5459,#4914,.T.);
#3712=EDGE_CURVE('',#5460,#5455,#4915,.T.);
#3713=EDGE_CURVE('',#5456,#5459,#4916,.T.);
#3714=EDGE_CURVE('',#5461,#5462,#4917,.T.);
#3715=EDGE_CURVE('',#5462,#5463,#4918,.T.);
#3716=EDGE_CURVE('',#5463,#5464,#4919,.T.);
#3717=EDGE_CURVE('',#5464,#5461,#4920,.T.);
#3718=EDGE_CURVE('',#5462,#5465,#4921,.T.);
#3719=EDGE_CURVE('',#5466,#5461,#4922,.T.);
#3720=EDGE_CURVE('',#5465,#5466,#4923,.T.);
#3721=EDGE_CURVE('',#5467,#5468,#4924,.T.);
#3722=EDGE_CURVE('',#5468,#5465,#4925,.T.);
#3723=EDGE_CURVE('',#5466,#5467,#4926,.T.);
#3724=EDGE_CURVE('',#5468,#5463,#4927,.T.);
#3725=EDGE_CURVE('',#5464,#5467,#4928,.T.);
#3726=EDGE_CURVE('',#5166,#5469,#4376,.T.);
#3727=EDGE_CURVE('',#5469,#5470,#4377,.T.);
#3728=EDGE_CURVE('',#5470,#5167,#4378,.T.);
#3729=EDGE_CURVE('',#5170,#5471,#4379,.T.);
#3730=EDGE_CURVE('',#5471,#5469,#4380,.T.);
#3731=EDGE_CURVE('',#5472,#5173,#4381,.T.);
#3732=EDGE_CURVE('',#5470,#5472,#4382,.T.);
#3733=EDGE_CURVE('',#5473,#5474,#4383,.T.);
#3734=EDGE_CURVE('',#5474,#5475,#4929,.T.);
#3735=EDGE_CURVE('',#5475,#5476,#4384,.T.);
#3736=EDGE_CURVE('',#5476,#5473,#4930,.T.);
#3737=EDGE_CURVE('',#5477,#5478,#4931,.T.);
#3738=EDGE_CURVE('',#5478,#5479,#4385,.T.);
#3739=EDGE_CURVE('',#5479,#5480,#4932,.T.);
#3740=EDGE_CURVE('',#5480,#5477,#4386,.T.);
#3741=EDGE_CURVE('',#5481,#5474,#4387,.T.);
#3742=EDGE_CURVE('',#5482,#5481,#4933,.T.);
#3743=EDGE_CURVE('',#5475,#5482,#4934,.T.);
#3744=EDGE_CURVE('',#5483,#5484,#4935,.T.);
#3745=EDGE_CURVE('',#5480,#5483,#4388,.T.);
#3746=EDGE_CURVE('',#5484,#5479,#4936,.T.);
#3747=EDGE_CURVE('',#5475,#5474,#4937,.T.);
#3748=EDGE_CURVE('',#5478,#5477,#4938,.T.);
#3749=EDGE_CURVE('',#5480,#5479,#4939,.T.);
#3750=EDGE_CURVE('',#5481,#5482,#4940,.T.);
#3751=EDGE_CURVE('',#5484,#5483,#4941,.T.);
#3752=EDGE_CURVE('',#5485,#5486,#4942,.T.);
#3753=EDGE_CURVE('',#5486,#5487,#4943,.T.);
#3754=EDGE_CURVE('',#5487,#5488,#4944,.T.);
#3755=EDGE_CURVE('',#5488,#5489,#4389,.T.);
#3756=EDGE_CURVE('',#5489,#5485,#4390,.T.);
#3757=EDGE_CURVE('',#5490,#5488,#4945,.T.);
#3758=EDGE_CURVE('',#5486,#5491,#4946,.T.);
#3759=EDGE_CURVE('',#5491,#5492,#4947,.T.);
#3760=EDGE_CURVE('',#5492,#5490,#4948,.T.);
#3761=EDGE_CURVE('',#5493,#5494,#4949,.T.);
#3762=EDGE_CURVE('',#5495,#5496,#4950,.T.);
#3763=EDGE_CURVE('',#5496,#5493,#4951,.T.);
#3764=EDGE_CURVE('',#5491,#5497,#4952,.T.);
#3765=EDGE_CURVE('',#5497,#5494,#4391,.T.);
#3766=EDGE_CURVE('',#5493,#5492,#4392,.T.);
#3767=EDGE_CURVE('',#5498,#5499,#4953,.T.);
#3768=EDGE_CURVE('',#5482,#5498,#4954,.T.);
#3769=EDGE_CURVE('',#5499,#5481,#4393,.T.);
#3770=EDGE_CURVE('',#5500,#5501,#4955,.T.);
#3771=EDGE_CURVE('',#5483,#5500,#4394,.T.);
#3772=EDGE_CURVE('',#5501,#5484,#4956,.T.);
#3773=EDGE_CURVE('',#5499,#5498,#4957,.T.);
#3774=EDGE_CURVE('',#5502,#5489,#4395,.T.);
#3775=EDGE_CURVE('',#5490,#5502,#4396,.T.);
#3776=EDGE_CURVE('',#5503,#5504,#4397,.T.);
#3777=EDGE_CURVE('',#5505,#5506,#4398,.T.);
#3778=EDGE_CURVE('',#5507,#5508,#4399,.T.);
#3779=EDGE_CURVE('',#5508,#5503,#4400,.T.);
#3780=EDGE_CURVE('',#5509,#5510,#4958,.T.);
#3781=EDGE_CURVE('',#5511,#5509,#4959,.T.);
#3782=EDGE_CURVE('',#5512,#5511,#4960,.T.);
#3783=EDGE_CURVE('',#5510,#5512,#4961,.T.);
#3784=EDGE_CURVE('',#5513,#5514,#4962,.T.);
#3785=EDGE_CURVE('',#5514,#5510,#4963,.T.);
#3786=EDGE_CURVE('',#5512,#5513,#4964,.T.);
#3787=EDGE_CURVE('',#5514,#5515,#4965,.T.);
#3788=EDGE_CURVE('',#5516,#5513,#4966,.T.);
#3789=EDGE_CURVE('',#5515,#5516,#4967,.T.);
#3790=EDGE_CURVE('',#5509,#5515,#4968,.T.);
#3791=EDGE_CURVE('',#5516,#5511,#4969,.T.);
#3792=EDGE_CURVE('',#5517,#5518,#4970,.T.);
#3793=EDGE_CURVE('',#5519,#5517,#4971,.T.);
#3794=EDGE_CURVE('',#5520,#5519,#4972,.T.);
#3795=EDGE_CURVE('',#5518,#5520,#4973,.T.);
#3796=EDGE_CURVE('',#5521,#5522,#4974,.T.);
#3797=EDGE_CURVE('',#5522,#5518,#4975,.T.);
#3798=EDGE_CURVE('',#5520,#5521,#4976,.T.);
#3799=EDGE_CURVE('',#5522,#5523,#4977,.T.);
#3800=EDGE_CURVE('',#5524,#5521,#4978,.T.);
#3801=EDGE_CURVE('',#5523,#5524,#4979,.T.);
#3802=EDGE_CURVE('',#5517,#5523,#4980,.T.);
#3803=EDGE_CURVE('',#5524,#5519,#4981,.T.);
#3804=EDGE_CURVE('',#5525,#5526,#4982,.T.);
#3805=EDGE_CURVE('',#5527,#5525,#4983,.T.);
#3806=EDGE_CURVE('',#5528,#5527,#4984,.T.);
#3807=EDGE_CURVE('',#5526,#5528,#4985,.T.);
#3808=EDGE_CURVE('',#5529,#5530,#4986,.T.);
#3809=EDGE_CURVE('',#5530,#5526,#4987,.T.);
#3810=EDGE_CURVE('',#5528,#5529,#4988,.T.);
#3811=EDGE_CURVE('',#5530,#5531,#4989,.T.);
#3812=EDGE_CURVE('',#5532,#5529,#4990,.T.);
#3813=EDGE_CURVE('',#5531,#5532,#4991,.T.);
#3814=EDGE_CURVE('',#5525,#5531,#4992,.T.);
#3815=EDGE_CURVE('',#5532,#5527,#4993,.T.);
#3816=EDGE_CURVE('',#5533,#5534,#4994,.T.);
#3817=EDGE_CURVE('',#5534,#5535,#4995,.T.);
#3818=EDGE_CURVE('',#5535,#5536,#4996,.T.);
#3819=EDGE_CURVE('',#5536,#5533,#4997,.T.);
#3820=EDGE_CURVE('',#5534,#5537,#4998,.T.);
#3821=EDGE_CURVE('',#5538,#5533,#4999,.T.);
#3822=EDGE_CURVE('',#5537,#5538,#5000,.T.);
#3823=EDGE_CURVE('',#5539,#5540,#5001,.T.);
#3824=EDGE_CURVE('',#5540,#5537,#5002,.T.);
#3825=EDGE_CURVE('',#5538,#5539,#5003,.T.);
#3826=EDGE_CURVE('',#5540,#5535,#5004,.T.);
#3827=EDGE_CURVE('',#5536,#5539,#5005,.T.);
#3828=EDGE_CURVE('',#5541,#5542,#5006,.T.);
#3829=EDGE_CURVE('',#5542,#5543,#5007,.T.);
#3830=EDGE_CURVE('',#5543,#5544,#5008,.T.);
#3831=EDGE_CURVE('',#5544,#5541,#5009,.T.);
#3832=EDGE_CURVE('',#5542,#5545,#5010,.T.);
#3833=EDGE_CURVE('',#5546,#5541,#5011,.T.);
#3834=EDGE_CURVE('',#5545,#5546,#5012,.T.);
#3835=EDGE_CURVE('',#5547,#5548,#5013,.T.);
#3836=EDGE_CURVE('',#5548,#5545,#5014,.T.);
#3837=EDGE_CURVE('',#5546,#5547,#5015,.T.);
#3838=EDGE_CURVE('',#5548,#5543,#5016,.T.);
#3839=EDGE_CURVE('',#5544,#5547,#5017,.T.);
#3840=EDGE_CURVE('',#5549,#5550,#5018,.T.);
#3841=EDGE_CURVE('',#5550,#5551,#5019,.T.);
#3842=EDGE_CURVE('',#5551,#5552,#5020,.T.);
#3843=EDGE_CURVE('',#5552,#5549,#5021,.T.);
#3844=EDGE_CURVE('',#5551,#5553,#5022,.T.);
#3845=EDGE_CURVE('',#5554,#5550,#5023,.T.);
#3846=EDGE_CURVE('',#5553,#5554,#5024,.T.);
#3847=EDGE_CURVE('',#5555,#5556,#5025,.T.);
#3848=EDGE_CURVE('',#5556,#5553,#5026,.T.);
#3849=EDGE_CURVE('',#5554,#5555,#5027,.T.);
#3850=EDGE_CURVE('',#5556,#5552,#5028,.T.);
#3851=EDGE_CURVE('',#5549,#5555,#5029,.T.);
#3852=EDGE_CURVE('',#5557,#5558,#5030,.T.);
#3853=EDGE_CURVE('',#5558,#5559,#5031,.T.);
#3854=EDGE_CURVE('',#5559,#5560,#5032,.T.);
#3855=EDGE_CURVE('',#5560,#5557,#5033,.T.);
#3856=EDGE_CURVE('',#5559,#5561,#5034,.T.);
#3857=EDGE_CURVE('',#5562,#5558,#5035,.T.);
#3858=EDGE_CURVE('',#5561,#5562,#5036,.T.);
#3859=EDGE_CURVE('',#5563,#5564,#5037,.T.);
#3860=EDGE_CURVE('',#5564,#5561,#5038,.T.);
#3861=EDGE_CURVE('',#5562,#5563,#5039,.T.);
#3862=EDGE_CURVE('',#5564,#5560,#5040,.T.);
#3863=EDGE_CURVE('',#5557,#5563,#5041,.T.);
#3864=EDGE_CURVE('',#5502,#5566,#4401,.T.);
#3865=EDGE_CURVE('',#5567,#5568,#4402,.T.);
#3866=EDGE_CURVE('',#5568,#5569,#4403,.T.);
#3867=EDGE_CURVE('',#5569,#5570,#4404,.T.);
#3868=EDGE_CURVE('',#5570,#5571,#4405,.T.);
#3869=EDGE_CURVE('',#5571,#5572,#4406,.T.);
#3870=EDGE_CURVE('',#5572,#5567,#4407,.T.);
#3871=EDGE_CURVE('',#5573,#5574,#4408,.T.);
#3872=EDGE_CURVE('',#5574,#5570,#4409,.T.);
#3873=EDGE_CURVE('',#5569,#5573,#4410,.T.);
#3874=EDGE_CURVE('',#5565,#5575,#4411,.T.);
#3875=EDGE_CURVE('',#5575,#5574,#4412,.T.);
#3876=EDGE_CURVE('',#5573,#5565,#4413,.T.);
#3877=EDGE_CURVE('',#5576,#5577,#4414,.T.);
#3878=EDGE_CURVE('',#5577,#5575,#4415,.T.);
#3879=EDGE_CURVE('',#5566,#5565,#4416,.T.);
#3880=EDGE_CURVE('',#5566,#5578,#4417,.T.);
#3881=EDGE_CURVE('',#5578,#5579,#4418,.T.);
#3882=EDGE_CURVE('',#5579,#5576,#4419,.T.);
#3883=EDGE_CURVE('',#5285,#5580,#4420,.T.);
#3884=EDGE_CURVE('',#5580,#5581,#4421,.T.);
#3885=EDGE_CURVE('',#5581,#5582,#4422,.T.);
#3886=EDGE_CURVE('',#5582,#5281,#4423,.T.);
#3887=EDGE_CURVE('',#5286,#5580,#4424,.T.);
#3888=EDGE_CURVE('',#5583,#5584,#4425,.T.);
#3889=EDGE_CURVE('',#5584,#5585,#4426,.T.);
#3890=EDGE_CURVE('',#5585,#5586,#4427,.T.);
#3891=EDGE_CURVE('',#5586,#5583,#4428,.T.);
#3892=EDGE_CURVE('',#5581,#5583,#4429,.T.);
#3893=EDGE_CURVE('',#5586,#5582,#4430,.T.);
#3894=EDGE_CURVE('',#5587,#5585,#4431,.T.);
#3895=EDGE_CURVE('',#5584,#5588,#4432,.T.);
#3896=EDGE_CURVE('',#5588,#5587,#4433,.T.);
#3897=EDGE_CURVE('',#5589,#5588,#4434,.T.);
#3898=EDGE_CURVE('',#5584,#5590,#4435,.T.);
#3899=EDGE_CURVE('',#5590,#5589,#4436,.T.);
#3900=EDGE_CURVE('',#5583,#5591,#4437,.T.);
#3901=EDGE_CURVE('',#5591,#5590,#4438,.T.);
#3902=EDGE_CURVE('',#5581,#5592,#4439,.T.);
#3903=EDGE_CURVE('',#5592,#5591,#4440,.T.);
#3904=EDGE_CURVE('',#5297,#5592,#4441,.T.);
#3905=EDGE_CURVE('',#5299,#5593,#4442,.T.);
#3906=EDGE_CURVE('',#5593,#5595,#4443,.T.);
#3907=EDGE_CURVE('',#5595,#5596,#4444,.T.);
#3908=EDGE_CURVE('',#5596,#5597,#4445,.T.);
#3909=EDGE_CURVE('',#5597,#5593,#4446,.T.);
#3910=EDGE_CURVE('',#5602,#5603,#4447,.T.);
#3911=EDGE_CURVE('',#5604,#5602,#5042,.T.);
#3912=EDGE_CURVE('',#5601,#5604,#5043,.T.);
#3913=EDGE_CURVE('',#5600,#5601,#5044,.T.);
#3914=EDGE_CURVE('',#5605,#5600,#5045,.T.);
#3915=EDGE_CURVE('',#5603,#5605,#5046,.T.);
#3916=EDGE_CURVE('',#5608,#5609,#5047,.T.);
#3917=EDGE_CURVE('',#5609,#5608,#5048,.T.);
#3918=EDGE_CURVE('',#5610,#5608,#5049,.T.);
#3919=EDGE_CURVE('',#5612,#5320,#4448,.T.);
#3920=EDGE_CURVE('',#5319,#5715,#4449,.T.);
#3921=EDGE_CURVE('',#5571,#5612,#4450,.T.);
#3922=EDGE_CURVE('',#5613,#5604,#5050,.T.);
#3923=EDGE_CURVE('',#5614,#5613,#4451,.T.);
#3924=EDGE_CURVE('',#5605,#5614,#5051,.T.);
#3925=EDGE_CURVE('',#5601,#5600,#5052,.T.);
#3926=EDGE_CURVE('',#5609,#5611,#5053,.T.);
#3927=EDGE_CURVE('',#5326,#5615,#4452,.T.);
#3928=EDGE_CURVE('',#5615,#5616,#4453,.T.);
#3929=EDGE_CURVE('',#5615,#5617,#4454,.T.);
#3930=EDGE_CURVE('',#5617,#5618,#4455,.T.);
#3931=EDGE_CURVE('',#5618,#5616,#4456,.T.);
#3932=EDGE_CURVE('',#5617,#5619,#4457,.T.);
#3933=EDGE_CURVE('',#5619,#5620,#4458,.T.);
#3934=EDGE_CURVE('',#5610,#5611,#5054,.T.);
#3935=EDGE_CURVE('',#5611,#5610,#5055,.T.);
#3936=EDGE_CURVE('',#5621,#5622,#4459,.T.);
#3937=EDGE_CURVE('',#5622,#5623,#4460,.T.);
#3938=EDGE_CURVE('',#5623,#5613,#4461,.T.);
#3939=EDGE_CURVE('',#5602,#5624,#4462,.T.);
#3940=EDGE_CURVE('',#5603,#5625,#4463,.T.);
#3941=EDGE_CURVE('',#5625,#5624,#4464,.T.);
#3942=EDGE_CURVE('',#5623,#5626,#4465,.T.);
#3943=EDGE_CURVE('',#5626,#5614,#4466,.T.);
#3944=EDGE_CURVE('',#5626,#5337,#4467,.T.);
#3945=EDGE_CURVE('',#5627,#5628,#5056,.T.);
#3946=EDGE_CURVE('',#5606,#5627,#5057,.T.);
#3947=EDGE_CURVE('',#5607,#5606,#5058,.T.);
#3948=EDGE_CURVE('',#5628,#5607,#5059,.T.);
#3949=EDGE_CURVE('',#5628,#5627,#5060,.T.);
#3950=EDGE_CURVE('',#5606,#5607,#5061,.T.);
#3951=EDGE_CURVE('',#5622,#5619,#4468,.T.);
#3952=EDGE_CURVE('',#5621,#5620,#4469,.T.);
#3953=EDGE_CURVE('',#5340,#5595,#4470,.T.);
#3954=EDGE_CURVE('',#5577,#5472,#4471,.T.);
#3955=EDGE_CURVE('',#5472,#5587,#4472,.T.);
#3956=EDGE_CURVE('',#5594,#5589,#4473,.T.);
#3957=EDGE_CURVE('',#5594,#5575,#4474,.T.);
#3958=EDGE_CURVE('',#5593,#5594,#4475,.T.);
#3959=EDGE_CURVE('',#5574,#5597,#4476,.T.);
#3960=EDGE_CURVE('',#5598,#5629,#5062,.T.);
#3961=EDGE_CURVE('',#5599,#5598,#5063,.T.);
#3962=EDGE_CURVE('',#5630,#5599,#5064,.T.);
#3963=EDGE_CURVE('',#5629,#5630,#5065,.T.);
#3964=EDGE_CURVE('',#5598,#5599,#5066,.T.);
#3965=EDGE_CURVE('',#5630,#5629,#5067,.T.);
#3966=EDGE_CURVE('',#5631,#5632,#5068,.T.);
#3967=EDGE_CURVE('',#5633,#5631,#5069,.T.);
#3968=EDGE_CURVE('',#5634,#5633,#5070,.T.);
#3969=EDGE_CURVE('',#5635,#5634,#5071,.T.);
#3970=EDGE_CURVE('',#5636,#5635,#5072,.T.);
#3971=EDGE_CURVE('',#5632,#5636,#5073,.T.);
#3972=EDGE_CURVE('',#5582,#5471,#4477,.T.);
#3973=EDGE_CURVE('',#5469,#5586,#4478,.T.);
#3974=EDGE_CURVE('',#5585,#5470,#4479,.T.);
#3975=EDGE_CURVE('',#5637,#5495,#5074,.T.);
#3976=EDGE_CURVE('',#5494,#5495,#4480,.T.);
#3977=EDGE_CURVE('',#5497,#5638,#5075,.T.);
#3978=EDGE_CURVE('',#5638,#5637,#5076,.T.);
#3979=EDGE_CURVE('',#5639,#5496,#4481,.T.);
#3980=EDGE_CURVE('',#5637,#5639,#4482,.T.);
#3981=EDGE_CURVE('',#5640,#5641,#4483,.T.);
#3982=EDGE_CURVE('',#5641,#5642,#4484,.T.);
#3983=EDGE_CURVE('',#5642,#5643,#4485,.T.);
#3984=EDGE_CURVE('',#5643,#5644,#4486,.T.);
#3985=EDGE_CURVE('',#5644,#5645,#4487,.T.);
#3986=EDGE_CURVE('',#5645,#5638,#4488,.T.);
#3987=EDGE_CURVE('',#5565,#5485,#4489,.T.);
#3988=EDGE_CURVE('',#5568,#5640,#4490,.T.);
#3989=EDGE_CURVE('',#5473,#5476,#5077,.T.);
#3990=EDGE_CURVE('',#5644,#5416,#4491,.T.);
#3991=EDGE_CURVE('',#5426,#5639,#4492,.T.);
#3992=EDGE_CURVE('',#5646,#5427,#4493,.T.);
#3993=EDGE_CURVE('',#5643,#5647,#4494,.T.);
#3994=EDGE_CURVE('',#5647,#5648,#4495,.T.);
#3995=EDGE_CURVE('',#5646,#5651,#4496,.T.);
#3996=EDGE_CURVE('',#5651,#5428,#4497,.T.);
#3997=EDGE_CURVE('',#5649,#5646,#5078,.T.);
#3998=EDGE_CURVE('',#5649,#5652,#5079,.T.);
#3999=EDGE_CURVE('',#5652,#5651,#5080,.T.);
#4000=EDGE_CURVE('',#5648,#5649,#4498,.T.);
#4001=EDGE_CURVE('',#5650,#5648,#4499,.T.);
#4002=EDGE_CURVE('',#5650,#5653,#4500,.T.);
#4003=EDGE_CURVE('',#5653,#5652,#4501,.T.);
#4004=EDGE_CURVE('',#5642,#5650,#5081,.T.);
#4005=EDGE_CURVE('',#5654,#5642,#5082,.T.);
#4006=EDGE_CURVE('',#5653,#5654,#5083,.T.);
#4007=EDGE_CURVE('',#5640,#5655,#4502,.T.);
#4008=EDGE_CURVE('',#5655,#5656,#4503,.T.);
#4009=EDGE_CURVE('',#5656,#5641,#4504,.T.);
#4010=EDGE_CURVE('',#5657,#5658,#4505,.T.);
#4011=EDGE_CURVE('',#5658,#5659,#4506,.T.);
#4012=EDGE_CURVE('',#5659,#5660,#4507,.T.);
#4013=EDGE_CURVE('',#5660,#5661,#4508,.T.);
#4014=EDGE_CURVE('',#5665,#5666,#4509,.T.);
#4015=EDGE_CURVE('',#5666,#5667,#4510,.T.);
#4016=EDGE_CURVE('',#5667,#5668,#4511,.T.);
#4017=EDGE_CURVE('',#5668,#5665,#4512,.T.);
#4018=EDGE_CURVE('',#5669,#5670,#4513,.T.);
#4019=EDGE_CURVE('',#5670,#5671,#4514,.T.);
#4020=EDGE_CURVE('',#5671,#5666,#4515,.T.);
#4021=EDGE_CURVE('',#5665,#5672,#4516,.T.);
#4022=EDGE_CURVE('',#5675,#5676,#4517,.T.);
#4023=EDGE_CURVE('',#5678,#5671,#4518,.T.);
#4024=EDGE_CURVE('',#5490,#5680,#4519,.T.);
#4025=EDGE_CURVE('',#5681,#5680,#5084,.T.);
#4026=EDGE_CURVE('',#5492,#5681,#4520,.T.);
#4027=EDGE_CURVE('',#5682,#5681,#4521,.T.);
#4028=EDGE_CURVE('',#5493,#5682,#4522,.T.);
#4029=EDGE_CURVE('',#5683,#5682,#5085,.T.);
#4030=EDGE_CURVE('',#5496,#5683,#4523,.T.);
#4031=EDGE_CURVE('',#5668,#5683,#4524,.T.);
#4032=EDGE_CURVE('',#5425,#5672,#4525,.T.);
#4033=EDGE_CURVE('',#5672,#5673,#5086,.T.);
#4034=EDGE_CURVE('',#5424,#5673,#4526,.T.);
#4035=EDGE_CURVE('',#5673,#5674,#4527,.T.);
#4036=EDGE_CURVE('',#5420,#5674,#4528,.T.);
#4037=EDGE_CURVE('',#5674,#5675,#5087,.T.);
#4038=EDGE_CURVE('',#5423,#5675,#4529,.T.);
#4039=EDGE_CURVE('',#5651,#5676,#4530,.T.);
#4040=EDGE_CURVE('',#5676,#5677,#5088,.T.);
#4041=EDGE_CURVE('',#5652,#5677,#4531,.T.);
#4042=EDGE_CURVE('',#5669,#5679,#4532,.T.);
#4043=EDGE_CURVE('',#5677,#5669,#4533,.T.);
#4044=EDGE_CURVE('',#5653,#5679,#4534,.T.);
#4045=EDGE_CURVE('',#5679,#5678,#5089,.T.);
#4046=EDGE_CURVE('',#5678,#5654,#4535,.T.);
#4047=EDGE_CURVE('',#5664,#5634,#5090,.T.);
#4048=EDGE_CURVE('',#5663,#5664,#5091,.T.);
#4049=EDGE_CURVE('',#5635,#5663,#5092,.T.);
#4050=EDGE_CURVE('',#5498,#5684,#5093,.T.);
#4051=EDGE_CURVE('',#5685,#5499,#5094,.T.);
#4052=EDGE_CURVE('',#5684,#5685,#5095,.T.);
#4053=EDGE_CURVE('',#5500,#5686,#5096,.T.);
#4054=EDGE_CURVE('',#5687,#5501,#5097,.T.);
#4055=EDGE_CURVE('',#5686,#5687,#5098,.T.);
#4056=EDGE_CURVE('',#5688,#5662,#5099,.T.);
#4057=EDGE_CURVE('',#5635,#5688,#5100,.T.);
#4058=EDGE_CURVE('',#5662,#5663,#5101,.T.);
#4059=EDGE_CURVE('',#5689,#5690,#4536,.T.);
#4060=EDGE_CURVE('',#5664,#5657,#4537,.T.);
#4061=EDGE_CURVE('',#5633,#5579,#4538,.T.);
#4062=EDGE_CURVE('',#5657,#5578,#4539,.T.);
#4063=EDGE_CURVE('',#5661,#5689,#4540,.T.);
#4064=EDGE_CURVE('',#5503,#5689,#4541,.T.);
#4065=EDGE_CURVE('',#5691,#5688,#5102,.T.);
#4066=EDGE_CURVE('',#5661,#5662,#4542,.T.);
#4067=EDGE_CURVE('',#5692,#5693,#4543,.T.);
#4068=EDGE_CURVE('',#5693,#5694,#4544,.T.);
#4069=EDGE_CURVE('',#5694,#5692,#4545,.T.);
#4070=EDGE_CURVE('',#5616,#5323,#4546,.T.);
#4071=EDGE_CURVE('',#5620,#5618,#4547,.T.);
#4072=EDGE_CURVE('',#5624,#5621,#4548,.T.);
#4073=EDGE_CURVE('',#5612,#5625,#4549,.T.);
#4074=EDGE_CURVE('',#5596,#5570,#4550,.T.);
#4075=EDGE_CURVE('',#5576,#5707,#4551,.T.);
#4076=EDGE_CURVE('',#5408,#5654,#4552,.T.);
#4077=EDGE_CURVE('',#5656,#5407,#4553,.T.);
#4078=EDGE_CURVE('',#5410,#5505,#4554,.T.);
#4079=EDGE_CURVE('',#5504,#5505,#4555,.T.);
#4080=EDGE_CURVE('',#5504,#5409,#4556,.T.);
#4081=EDGE_CURVE('',#5655,#5506,#4557,.T.);
#4082=EDGE_CURVE('',#5413,#5695,#4558,.T.);
#4083=EDGE_CURVE('',#5695,#5690,#4559,.T.);
#4084=EDGE_CURVE('',#5680,#5658,#4560,.T.);
#4085=EDGE_CURVE('',#5678,#5411,#4561,.T.);
#4086=EDGE_CURVE('',#5414,#5690,#4562,.T.);
#4087=EDGE_CURVE('',#5690,#5504,#4563,.T.);
#4088=EDGE_CURVE('',#5507,#5691,#4564,.T.);
#4089=EDGE_CURVE('',#5507,#5694,#4565,.T.);
#4090=EDGE_CURVE('',#5692,#5708,#4566,.T.);
#4091=EDGE_CURVE('',#5506,#5507,#4567,.T.);
#4092=EDGE_CURVE('',#5403,#5348,#5103,.T.);
#4093=EDGE_CURVE('',#5344,#5343,#5104,.T.);
#4094=EDGE_CURVE('',#5397,#5396,#5105,.T.);
#4095=EDGE_CURVE('',#5399,#5398,#5106,.T.);
#4096=EDGE_CURVE('',#5636,#5632,#5107,.T.);
#4097=EDGE_CURVE('',#5631,#5691,#5108,.T.);
#4098=EDGE_CURVE('',#5685,#5684,#5109,.T.);
#4099=EDGE_CURVE('',#5687,#5686,#5110,.T.);
#4100=EDGE_CURVE('',#5501,#5500,#5111,.T.);
#4101=EDGE_CURVE('',#5696,#5697,#4568,.T.);
#4102=EDGE_CURVE('',#5698,#5699,#4569,.T.);
#4103=EDGE_CURVE('',#5699,#5700,#4570,.T.);
#4104=EDGE_CURVE('',#5701,#5696,#4571,.T.);
#4105=EDGE_CURVE('',#5702,#5701,#4572,.T.);
#4106=EDGE_CURVE('',#5700,#5704,#4573,.T.);
#4107=EDGE_CURVE('',#5704,#5705,#4574,.T.);
#4108=EDGE_CURVE('',#5706,#5707,#4575,.T.);
#4109=EDGE_CURVE('',#5707,#5708,#4576,.T.);
#4110=EDGE_CURVE('',#5708,#5710,#4577,.T.);
#4111=EDGE_CURVE('',#5696,#5277,#4578,.T.);
#4112=EDGE_CURVE('',#5701,#5404,#4579,.T.);
#4113=EDGE_CURVE('',#5697,#5698,#4580,.T.);
#4114=EDGE_CURVE('',#5703,#5702,#4581,.T.);
#4115=EDGE_CURVE('',#5705,#5706,#4582,.T.);
#4116=EDGE_CURVE('',#5710,#5709,#4583,.T.);
#4117=EDGE_CURVE('',#5697,#5702,#4584,.T.);
#4118=EDGE_CURVE('',#5698,#5703,#4585,.T.);
#4119=EDGE_CURVE('',#5699,#5720,#4586,.T.);
#4120=EDGE_CURVE('',#5704,#5721,#4587,.T.);
#4121=EDGE_CURVE('',#5705,#5709,#4588,.T.);
#4122=EDGE_CURVE('',#5706,#5710,#4589,.T.);
#4123=EDGE_CURVE('',#5713,#5712,#4590,.T.);
#4124=EDGE_CURVE('',#5714,#5713,#4591,.T.);
#4125=EDGE_CURVE('',#5716,#5717,#4592,.T.);
#4126=EDGE_CURVE('',#5717,#5718,#4593,.T.);
#4127=EDGE_CURVE('',#5721,#5720,#4594,.T.);
#4128=EDGE_CURVE('',#5711,#5319,#4595,.T.);
#4129=EDGE_CURVE('',#5715,#5571,#4596,.T.);
#4130=EDGE_CURVE('',#5716,#5572,#4597,.T.);
#4131=EDGE_CURVE('',#5717,#5567,#4598,.T.);
#4132=EDGE_CURVE('',#5718,#5506,#4599,.T.);
#4133=EDGE_CURVE('',#5722,#5721,#4600,.T.);
#4134=EDGE_CURVE('',#5719,#5720,#4601,.T.);
#4135=EDGE_CURVE('',#5719,#5703,#4602,.T.);
#4136=EDGE_CURVE('',#5715,#5716,#4603,.T.);
#4137=EDGE_CURVE('',#5712,#5711,#4604,.T.);
#4138=EDGE_CURVE('',#5709,#5722,#4605,.T.);
#4139=EDGE_CURVE('',#5717,#5715,#4606,.T.);
#4140=EDGE_CURVE('',#5721,#5717,#4607,.T.);
#4141=EDGE_CURVE('',#5713,#5711,#4608,.T.);
#4142=EDGE_CURVE('',#5720,#5713,#4609,.T.);
#4143=EDGE_CURVE('',#5714,#5703,#4610,.T.);
#4144=EDGE_CURVE('',#5709,#5718,#4611,.T.);
#4145=B_SPLINE_CURVE_WITH_KNOTS('',3,(#8199,#8200,#8201,#8202,#8203,#8204,
#8205,#8206,#8207,#8208,#8209,#8210),.UNSPECIFIED.,.F.,.F.,(4,2,2,2,2,4),
(0.,1.59975805350641,3.1986138224768,4.81335463416509,5.62443231777179,
6.43656388642686),.UNSPECIFIED.);
#4146=B_SPLINE_CURVE_WITH_KNOTS('',1,(#8228,#8229),.UNSPECIFIED.,.F.,.F.,
(2,2),(0.,18.2670472711962),.UNSPECIFIED.);
#4147=B_SPLINE_CURVE_WITH_KNOTS('',3,(#8233,#8234,#8235,#8236),
 .UNSPECIFIED.,.F.,.F.,(4,4),(-1.26082494755957,0.),.UNSPECIFIED.);
#4148=B_SPLINE_CURVE_WITH_KNOTS('',1,(#8244,#8245),.UNSPECIFIED.,.F.,.F.,
(2,2),(0.,24.8886115173928),.UNSPECIFIED.);
#4149=B_SPLINE_CURVE_WITH_KNOTS('',1,(#8246,#8247),.UNSPECIFIED.,.F.,.F.,
(2,2),(0.,2.82261136740203),.UNSPECIFIED.);
#4150=B_SPLINE_CURVE_WITH_KNOTS('',1,(#8248,#8249),.UNSPECIFIED.,.F.,.F.,
(2,2),(0.,4.05949374385582),.UNSPECIFIED.);
#4151=B_SPLINE_CURVE_WITH_KNOTS('',1,(#8250,#8251),.UNSPECIFIED.,.F.,.F.,
(2,2),(0.,6.82261136740294),.UNSPECIFIED.);
#4152=B_SPLINE_CURVE_WITH_KNOTS('',1,(#8252,#8253),.UNSPECIFIED.,.F.,.F.,
(2,2),(0.,4.05949369894961),.UNSPECIFIED.);
#4153=B_SPLINE_CURVE_WITH_KNOTS('',1,(#8454,#8455),.UNSPECIFIED.,.F.,.F.,
(2,2),(0.,1.70764951248861),.UNSPECIFIED.);
#4154=B_SPLINE_CURVE_WITH_KNOTS('',1,(#8456,#8457),.UNSPECIFIED.,.F.,.F.,
(2,2),(0.,8.10792833077994),.UNSPECIFIED.);
#4155=B_SPLINE_CURVE_WITH_KNOTS('',1,(#8458,#8459),.UNSPECIFIED.,.F.,.F.,
(2,2),(0.,2.10688836269479),.UNSPECIFIED.);
#4156=B_SPLINE_CURVE_WITH_KNOTS('',1,(#8460,#8461),.UNSPECIFIED.,.F.,.F.,
(2,2),(0.,9.34199142291027),.UNSPECIFIED.);
#4157=B_SPLINE_CURVE_WITH_KNOTS('',1,(#8462,#8463),.UNSPECIFIED.,.F.,.F.,
(2,2),(0.,1.25426788661002),.UNSPECIFIED.);
#4158=B_SPLINE_CURVE_WITH_KNOTS('',1,(#8464,#8465),.UNSPECIFIED.,.F.,.F.,
(2,2),(0.,1.25426788661002),.UNSPECIFIED.);
#4159=B_SPLINE_CURVE_WITH_KNOTS('',1,(#8466,#8467),.UNSPECIFIED.,.F.,.F.,
(2,2),(0.,9.34199142291027),.UNSPECIFIED.);
#4160=B_SPLINE_CURVE_WITH_KNOTS('',1,(#8468,#8469),.UNSPECIFIED.,.F.,.F.,
(2,2),(0.,1.53457135353005),.UNSPECIFIED.);
#4161=B_SPLINE_CURVE_WITH_KNOTS('',1,(#8470,#8471),.UNSPECIFIED.,.F.,.F.,
(2,2),(0.,1.53457135353005),.UNSPECIFIED.);
#4162=B_SPLINE_CURVE_WITH_KNOTS('',1,(#8472,#8473),.UNSPECIFIED.,.F.,.F.,
(2,2),(0.,8.10792833077994),.UNSPECIFIED.);
#4163=B_SPLINE_CURVE_WITH_KNOTS('',1,(#8483,#8484),.UNSPECIFIED.,.F.,.F.,
(2,2),(0.,3.8070546452177),.UNSPECIFIED.);
#4164=B_SPLINE_CURVE_WITH_KNOTS('',1,(#8490,#8491),.UNSPECIFIED.,.F.,.F.,
(2,2),(-3.8070546452177,0.),.UNSPECIFIED.);
#4165=B_SPLINE_CURVE_WITH_KNOTS('',1,(#8492,#8493),.UNSPECIFIED.,.F.,.F.,
(2,2),(0.,3.8070546452177),.UNSPECIFIED.);
#4166=B_SPLINE_CURVE_WITH_KNOTS('',1,(#8499,#8500),.UNSPECIFIED.,.F.,.F.,
(2,2),(-3.8070546452177,0.),.UNSPECIFIED.);
#4167=B_SPLINE_CURVE_WITH_KNOTS('',1,(#8513,#8514),.UNSPECIFIED.,.F.,.F.,
(2,2),(-1.00000000000102,0.),.UNSPECIFIED.);
#4168=B_SPLINE_CURVE_WITH_KNOTS('',1,(#8517,#8518),.UNSPECIFIED.,.F.,.F.,
(2,2),(-1.00000000000102,0.),.UNSPECIFIED.);
#4169=B_SPLINE_CURVE_WITH_KNOTS('',1,(#8549,#8550),.UNSPECIFIED.,.F.,.F.,
(2,2),(0.,3.99999999996896),.UNSPECIFIED.);
#4170=B_SPLINE_CURVE_WITH_KNOTS('',1,(#8551,#8552),.UNSPECIFIED.,.F.,.F.,
(2,2),(0.,18.5861867580497),.UNSPECIFIED.);
#4171=B_SPLINE_CURVE_WITH_KNOTS('',1,(#8579,#8580),.UNSPECIFIED.,.F.,.F.,
(2,2),(0.,18.2670472711962),.UNSPECIFIED.);
#4172=B_SPLINE_CURVE_WITH_KNOTS('',3,(#8581,#8582,#8583,#8584),
 .UNSPECIFIED.,.F.,.F.,(4,4),(0.,1.26082494755966),.UNSPECIFIED.);
#4173=B_SPLINE_CURVE_WITH_KNOTS('',1,(#8588,#8589),.UNSPECIFIED.,.F.,.F.,
(2,2),(-2.82252384795402,0.),.UNSPECIFIED.);
#4174=B_SPLINE_CURVE_WITH_KNOTS('',1,(#8599,#8600),.UNSPECIFIED.,.F.,.F.,
(2,2),(-2.82261136740101,0.),.UNSPECIFIED.);
#4175=B_SPLINE_CURVE_WITH_KNOTS('',1,(#8611,#8612),.UNSPECIFIED.,.F.,.F.,
(2,2),(0.,18.5861867678557),.UNSPECIFIED.);
#4176=B_SPLINE_CURVE_WITH_KNOTS('',1,(#8613,#8614),.UNSPECIFIED.,.F.,.F.,
(2,2),(0.,2.82261136740101),.UNSPECIFIED.);
#4177=B_SPLINE_CURVE_WITH_KNOTS('',1,(#8615,#8616),.UNSPECIFIED.,.F.,.F.,
(2,2),(0.,1.18874252520607),.UNSPECIFIED.);
#4178=B_SPLINE_CURVE_WITH_KNOTS('',1,(#8617,#8618),.UNSPECIFIED.,.F.,.F.,
(2,2),(0.,3.66749570368006),.UNSPECIFIED.);
#4179=B_SPLINE_CURVE_WITH_KNOTS('',1,(#8619,#8620),.UNSPECIFIED.,.F.,.F.,
(2,2),(0.,30.4491059653801),.UNSPECIFIED.);
#4180=B_SPLINE_CURVE_WITH_KNOTS('',1,(#8621,#8622),.UNSPECIFIED.,.F.,.F.,
(2,2),(0.,26.7816102516743),.UNSPECIFIED.);
#4181=B_SPLINE_CURVE_WITH_KNOTS('',1,(#8911,#8912),.UNSPECIFIED.,.F.,.F.,
(2,2),(0.,9.92266755203661),.UNSPECIFIED.);
#4182=B_SPLINE_CURVE_WITH_KNOTS('',3,(#8913,#8914,#8915,#8916,#8917,#8918,
#8919),.UNSPECIFIED.,.F.,.F.,(4,3,4),(0.,0.247779259466114,2.00282428764133),
 .UNSPECIFIED.);
#4183=B_SPLINE_CURVE_WITH_KNOTS('',1,(#8920,#8921),.UNSPECIFIED.,.F.,.F.,
(2,2),(0.,4.92143804942998),.UNSPECIFIED.);
#4184=B_SPLINE_CURVE_WITH_KNOTS('',3,(#8922,#8923,#8924,#8925,#8926,#8927,
#8928,#8929,#8930,#8931,#8932,#8933,#8934,#8935,#8936,#8937),
 .UNSPECIFIED.,.F.,.F.,(4,3,3,3,3,4),(0.,1.75504502817522,8.12888140547557,
11.8035971433534,11.8111526321141,21.7755729531319),.UNSPECIFIED.);
#4185=B_SPLINE_CURVE_WITH_KNOTS('',1,(#8938,#8939),.UNSPECIFIED.,.F.,.F.,
(2,2),(0.,6.45053596733794),.UNSPECIFIED.);
#4186=B_SPLINE_CURVE_WITH_KNOTS('',3,(#8940,#8941,#8942,#8943,#8944,#8945,
#8946,#8947,#8948,#8949,#8950,#8951,#8952),.UNSPECIFIED.,.F.,.F.,(4,3,3,
3,4),(0.,9.96442032101781,9.97197580977849,13.6466915476571,19.7681379371387),
 .UNSPECIFIED.);
#4187=B_SPLINE_CURVE_WITH_KNOTS('',1,(#8953,#8954),.UNSPECIFIED.,.F.,.F.,
(2,2),(0.,1.52909804132196),.UNSPECIFIED.);
#4188=B_SPLINE_CURVE_WITH_KNOTS('',3,(#8955,#8956,#8957,#8958),
 .UNSPECIFIED.,.F.,.F.,(4,4),(0.,4.62212223412002),.UNSPECIFIED.);
#4189=B_SPLINE_CURVE_WITH_KNOTS('',3,(#8959,#8960,#8961,#8962),
 .UNSPECIFIED.,.F.,.F.,(4,4),(0.,4.62212223412002),.UNSPECIFIED.);
#4190=B_SPLINE_CURVE_WITH_KNOTS('',1,(#8963,#8964),.UNSPECIFIED.,.F.,.F.,
(2,2),(0.,6.45053596733794),.UNSPECIFIED.);
#4191=B_SPLINE_CURVE_WITH_KNOTS('',3,(#8965,#8966,#8967,#8968),
 .UNSPECIFIED.,.F.,.F.,(4,4),(0.,6.53176616824149),.UNSPECIFIED.);
#4192=B_SPLINE_CURVE_WITH_KNOTS('',1,(#8969,#8970),.UNSPECIFIED.,.F.,.F.,
(2,2),(0.,6.53176616824149),.UNSPECIFIED.);
#4193=B_SPLINE_CURVE_WITH_KNOTS('',1,(#8971,#8972),.UNSPECIFIED.,.F.,.F.,
(2,2),(0.,6.45053596737694),.UNSPECIFIED.);
#4194=B_SPLINE_CURVE_WITH_KNOTS('',3,(#8973,#8974,#8975,#8976),
 .UNSPECIFIED.,.F.,.F.,(4,4),(0.,4.36261236539367),.UNSPECIFIED.);
#4195=B_SPLINE_CURVE_WITH_KNOTS('',1,(#8977,#8978),.UNSPECIFIED.,.F.,.F.,
(2,2),(0.,1.188977704791),.UNSPECIFIED.);
#4196=B_SPLINE_CURVE_WITH_KNOTS('',1,(#8979,#8980),.UNSPECIFIED.,.F.,.F.,
(2,2),(0.,4.49407052704507),.UNSPECIFIED.);
#4197=B_SPLINE_CURVE_WITH_KNOTS('',1,(#8981,#8982),.UNSPECIFIED.,.F.,.F.,
(2,2),(-6.82261145003702,0.),.UNSPECIFIED.);
#4198=B_SPLINE_CURVE_WITH_KNOTS('',3,(#8983,#8984,#8985,#8986),
 .UNSPECIFIED.,.F.,.F.,(4,4),(0.,8.85668289243874),.UNSPECIFIED.);
#4199=B_SPLINE_CURVE_WITH_KNOTS('',1,(#8987,#8988),.UNSPECIFIED.,.F.,.F.,
(2,2),(0.,12.0841697545729),.UNSPECIFIED.);
#4200=B_SPLINE_CURVE_WITH_KNOTS('',1,(#8989,#8990),.UNSPECIFIED.,.F.,.F.,
(2,2),(0.,9.34199142291027),.UNSPECIFIED.);
#4201=B_SPLINE_CURVE_WITH_KNOTS('',1,(#8991,#8992),.UNSPECIFIED.,.F.,.F.,
(2,2),(0.,10.278086483808),.UNSPECIFIED.);
#4202=B_SPLINE_CURVE_WITH_KNOTS('',1,(#8993,#8994),.UNSPECIFIED.,.F.,.F.,
(2,2),(0.,1.43664556484009),.UNSPECIFIED.);
#4203=B_SPLINE_CURVE_WITH_KNOTS('',1,(#8995,#8996),.UNSPECIFIED.,.F.,.F.,
(2,2),(0.,10.8444053173331),.UNSPECIFIED.);
#4204=B_SPLINE_CURVE_WITH_KNOTS('',1,(#8997,#8998),.UNSPECIFIED.,.F.,.F.,
(2,2),(0.,2.85470224542098),.UNSPECIFIED.);
#4205=B_SPLINE_CURVE_WITH_KNOTS('',1,(#8999,#9000),.UNSPECIFIED.,.F.,.F.,
(2,2),(0.,7.90534585807018),.UNSPECIFIED.);
#4206=B_SPLINE_CURVE_WITH_KNOTS('',1,(#9001,#9002),.UNSPECIFIED.,.F.,.F.,
(2,2),(0.,7.42338423839794),.UNSPECIFIED.);
#4207=B_SPLINE_CURVE_WITH_KNOTS('',1,(#9003,#9004),.UNSPECIFIED.,.F.,.F.,
(2,2),(0.,10.278086483808),.UNSPECIFIED.);
#4208=B_SPLINE_CURVE_WITH_KNOTS('',1,(#9005,#9006),.UNSPECIFIED.,.F.,.F.,
(2,2),(0.,1.75957371165988),.UNSPECIFIED.);
#4209=B_SPLINE_CURVE_WITH_KNOTS('',1,(#9007,#9008),.UNSPECIFIED.,.F.,.F.,
(2,2),(0.,10.278086483808),.UNSPECIFIED.);
#4210=B_SPLINE_CURVE_WITH_KNOTS('',1,(#9009,#9010),.UNSPECIFIED.,.F.,.F.,
(2,2),(0.,1.75957371165988),.UNSPECIFIED.);
#4211=B_SPLINE_CURVE_WITH_KNOTS('',1,(#9011,#9012),.UNSPECIFIED.,.F.,.F.,
(2,2),(0.,1.25426788661002),.UNSPECIFIED.);
#4212=B_SPLINE_CURVE_WITH_KNOTS('',1,(#9013,#9014),.UNSPECIFIED.,.F.,.F.,
(2,2),(0.,1.25426788661002),.UNSPECIFIED.);
#4213=B_SPLINE_CURVE_WITH_KNOTS('',1,(#9015,#9016),.UNSPECIFIED.,.F.,.F.,
(2,2),(0.,10.278086483733),.UNSPECIFIED.);
#4214=B_SPLINE_CURVE_WITH_KNOTS('',1,(#9017,#9018),.UNSPECIFIED.,.F.,.F.,
(2,2),(0.,1.53457135353005),.UNSPECIFIED.);
#4215=B_SPLINE_CURVE_WITH_KNOTS('',1,(#9019,#9020),.UNSPECIFIED.,.F.,.F.,
(2,2),(0.,1.53457135353005),.UNSPECIFIED.);
#4216=B_SPLINE_CURVE_WITH_KNOTS('',1,(#9021,#9022),.UNSPECIFIED.,.F.,.F.,
(2,2),(0.,1.53457135353005),.UNSPECIFIED.);
#4217=B_SPLINE_CURVE_WITH_KNOTS('',1,(#9023,#9024),.UNSPECIFIED.,.F.,.F.,
(2,2),(0.,29.3512854079009),.UNSPECIFIED.);
#4218=B_SPLINE_CURVE_WITH_KNOTS('',1,(#9025,#9026),.UNSPECIFIED.,.F.,.F.,
(2,2),(0.,29.351285407976),.UNSPECIFIED.);
#4219=B_SPLINE_CURVE_WITH_KNOTS('',1,(#9027,#9028),.UNSPECIFIED.,.F.,.F.,
(2,2),(0.,1.75957371165988),.UNSPECIFIED.);
#4220=B_SPLINE_CURVE_WITH_KNOTS('',1,(#9029,#9030),.UNSPECIFIED.,.F.,.F.,
(2,2),(0.,29.3512854079009),.UNSPECIFIED.);
#4221=B_SPLINE_CURVE_WITH_KNOTS('',1,(#9031,#9032),.UNSPECIFIED.,.F.,.F.,
(2,2),(0.,1.25426788661002),.UNSPECIFIED.);
#4222=B_SPLINE_CURVE_WITH_KNOTS('',1,(#9033,#9034),.UNSPECIFIED.,.F.,.F.,
(2,2),(0.,29.3512854079009),.UNSPECIFIED.);
#4223=B_SPLINE_CURVE_WITH_KNOTS('',1,(#9035,#9036),.UNSPECIFIED.,.F.,.F.,
(2,2),(0.,29.35128540789),.UNSPECIFIED.);
#4224=B_SPLINE_CURVE_WITH_KNOTS('',1,(#9037,#9038),.UNSPECIFIED.,.F.,.F.,
(2,2),(0.,9.34199142291027),.UNSPECIFIED.);
#4225=B_SPLINE_CURVE_WITH_KNOTS('',1,(#9039,#9040),.UNSPECIFIED.,.F.,.F.,
(2,2),(0.,16.9646112230803),.UNSPECIFIED.);
#4226=B_SPLINE_CURVE_WITH_KNOTS('',1,(#9041,#9042),.UNSPECIFIED.,.F.,.F.,
(2,2),(0.,2.48861522572997),.UNSPECIFIED.);
#4227=B_SPLINE_CURVE_WITH_KNOTS('',1,(#9043,#9044),.UNSPECIFIED.,.F.,.F.,
(2,2),(0.,29.3512854079941),.UNSPECIFIED.);
#4228=B_SPLINE_CURVE_WITH_KNOTS('',1,(#9045,#9046),.UNSPECIFIED.,.F.,.F.,
(2,2),(0.,4.62210887848306),.UNSPECIFIED.);
#4229=B_SPLINE_CURVE_WITH_KNOTS('',1,(#9047,#9048),.UNSPECIFIED.,.F.,.F.,
(2,2),(0.,29.3512854079941),.UNSPECIFIED.);
#4230=B_SPLINE_CURVE_WITH_KNOTS('',1,(#9049,#9050),.UNSPECIFIED.,.F.,.F.,
(2,2),(0.,4.62210887848306),.UNSPECIFIED.);
#4231=B_SPLINE_CURVE_WITH_KNOTS('',1,(#9068,#9069),.UNSPECIFIED.,.F.,.F.,
(2,2),(-1.24330135973003,0.),.UNSPECIFIED.);
#4232=B_SPLINE_CURVE_WITH_KNOTS('',1,(#9082,#9083),.UNSPECIFIED.,.F.,.F.,
(2,2),(0.,3.74474887894803),.UNSPECIFIED.);
#4233=B_SPLINE_CURVE_WITH_KNOTS('',3,(#9084,#9085,#9086,#9087),
 .UNSPECIFIED.,.F.,.F.,(4,4),(0.,1.05970025634969),.UNSPECIFIED.);
#4234=B_SPLINE_CURVE_WITH_KNOTS('',1,(#9088,#9089),.UNSPECIFIED.,.F.,.F.,
(2,2),(0.,3.74474854816492),.UNSPECIFIED.);
#4235=B_SPLINE_CURVE_WITH_KNOTS('',1,(#9090,#9091),.UNSPECIFIED.,.F.,.F.,
(2,2),(0.,4.55970025634068),.UNSPECIFIED.);
#4236=B_SPLINE_CURVE_WITH_KNOTS('',1,(#9100,#9101),.UNSPECIFIED.,.F.,.F.,
(2,2),(-1.24330135973003,0.),.UNSPECIFIED.);
#4237=B_SPLINE_CURVE_WITH_KNOTS('',1,(#9109,#9110),.UNSPECIFIED.,.F.,.F.,
(2,2),(0.,15.9929806953601),.UNSPECIFIED.);
#4238=B_SPLINE_CURVE_WITH_KNOTS('',1,(#9111,#9112),.UNSPECIFIED.,.F.,.F.,
(2,2),(0.,7.53360438547998),.UNSPECIFIED.);
#4239=B_SPLINE_CURVE_WITH_KNOTS('',1,(#9113,#9114),.UNSPECIFIED.,.F.,.F.,
(2,2),(0.,19.0042665963499),.UNSPECIFIED.);
#4240=B_SPLINE_CURVE_WITH_KNOTS('',1,(#9115,#9116),.UNSPECIFIED.,.F.,.F.,
(2,2),(0.,1.39188263863002),.UNSPECIFIED.);
#4241=B_SPLINE_CURVE_WITH_KNOTS('',1,(#9117,#9118),.UNSPECIFIED.,.F.,.F.,
(2,2),(0.,15.9929806953601),.UNSPECIFIED.);
#4242=B_SPLINE_CURVE_WITH_KNOTS('',1,(#9119,#9120),.UNSPECIFIED.,.F.,.F.,
(2,2),(0.,1.39188263863002),.UNSPECIFIED.);
#4243=B_SPLINE_CURVE_WITH_KNOTS('',1,(#9121,#9122),.UNSPECIFIED.,.F.,.F.,
(2,2),(0.,9.48015977906994),.UNSPECIFIED.);
#4244=B_SPLINE_CURVE_WITH_KNOTS('',1,(#9123,#9124),.UNSPECIFIED.,.F.,.F.,
(2,2),(0.,4.95000000012033),.UNSPECIFIED.);
#4245=B_SPLINE_CURVE_WITH_KNOTS('',1,(#9135,#9136),.UNSPECIFIED.,.F.,.F.,
(2,2),(0.,11.4993830911601),.UNSPECIFIED.);
#4246=B_SPLINE_CURVE_WITH_KNOTS('',1,(#9137,#9138),.UNSPECIFIED.,.F.,.F.,
(2,2),(0.,1.97049605995994),.UNSPECIFIED.);
#4247=B_SPLINE_CURVE_WITH_KNOTS('',1,(#9139,#9140),.UNSPECIFIED.,.F.,.F.,
(2,2),(0.,3.15651317105994),.UNSPECIFIED.);
#4248=B_SPLINE_CURVE_WITH_KNOTS('',1,(#9141,#9142),.UNSPECIFIED.,.F.,.F.,
(2,2),(0.,9.48015995384003),.UNSPECIFIED.);
#4249=B_SPLINE_CURVE_WITH_KNOTS('',1,(#9143,#9144),.UNSPECIFIED.,.F.,.F.,
(2,2),(0.,1.24330135973003),.UNSPECIFIED.);
#4250=B_SPLINE_CURVE_WITH_KNOTS('',1,(#9145,#9146),.UNSPECIFIED.,.F.,.F.,
(2,2),(0.,11.4993830911601),.UNSPECIFIED.);
#4251=B_SPLINE_CURVE_WITH_KNOTS('',1,(#9147,#9148),.UNSPECIFIED.,.F.,.F.,
(2,2),(0.,1.97049605995994),.UNSPECIFIED.);
#4252=B_SPLINE_CURVE_WITH_KNOTS('',1,(#9149,#9150),.UNSPECIFIED.,.F.,.F.,
(2,2),(0.,1.24330135973003),.UNSPECIFIED.);
#4253=B_SPLINE_CURVE_WITH_KNOTS('',1,(#9151,#9152),.UNSPECIFIED.,.F.,.F.,
(2,2),(0.,17.8756940010701),.UNSPECIFIED.);
#4254=B_SPLINE_CURVE_WITH_KNOTS('',1,(#9153,#9154),.UNSPECIFIED.,.F.,.F.,
(2,2),(0.,9.32709112767998),.UNSPECIFIED.);
#4255=B_SPLINE_CURVE_WITH_KNOTS('',1,(#9179,#9180,#9181,#9182),
 .UNSPECIFIED.,.F.,.F.,(2,1,1,2),(0.,9.15672855391995,20.9329750972199,
33.06197077146),.UNSPECIFIED.);
#4256=B_SPLINE_CURVE_WITH_KNOTS('',1,(#9183,#9184),.UNSPECIFIED.,.F.,.F.,
(2,2),(0.,35.69715476982),.UNSPECIFIED.);
#4257=B_SPLINE_CURVE_WITH_KNOTS('',3,(#9185,#9186,#9187,#9188),
 .UNSPECIFIED.,.F.,.F.,(4,4),(0.,33.06197077146),.UNSPECIFIED.);
#4258=B_SPLINE_CURVE_WITH_KNOTS('',3,(#9189,#9190,#9191,#9192,#9193,#9194,
#9195,#9196,#9197,#9198,#9199,#9200,#9201),.UNSPECIFIED.,.F.,.F.,(4,3,3,
3,4),(0.,9.97199440324984,13.6468075503123,26.8342631122108,26.9519364810912),
 .UNSPECIFIED.);
#4259=B_SPLINE_CURVE_WITH_KNOTS('',1,(#9202,#9203),.UNSPECIFIED.,.F.,.F.,
(2,2),(0.,23.17415139948),.UNSPECIFIED.);
#4260=B_SPLINE_CURVE_WITH_KNOTS('',1,(#9204,#9205,#9206),.UNSPECIFIED.,
 .F.,.F.,(2,1,2),(-8.85668289230034,-1.08142884180006,0.),.UNSPECIFIED.);
#4261=B_SPLINE_CURVE_WITH_KNOTS('',1,(#9207,#9208),.UNSPECIFIED.,.F.,.F.,
(2,2),(0.,0.025821297277048),.UNSPECIFIED.);
#4262=B_SPLINE_CURVE_WITH_KNOTS('',1,(#9209,#9210),.UNSPECIFIED.,.F.,.F.,
(2,2),(0.,4.20305934555199),.UNSPECIFIED.);
#4263=B_SPLINE_CURVE_WITH_KNOTS('',1,(#9211,#9212),.UNSPECIFIED.,.F.,.F.,
(2,2),(-6.53172235248348,0.),.UNSPECIFIED.);
#4264=B_SPLINE_CURVE_WITH_KNOTS('',1,(#9213,#9214),.UNSPECIFIED.,.F.,.F.,
(2,2),(0.,43.8582525350153),.UNSPECIFIED.);
#4265=B_SPLINE_CURVE_WITH_KNOTS('',1,(#9215,#9216),.UNSPECIFIED.,.F.,.F.,
(2,2),(-14.5069671270213,0.),.UNSPECIFIED.);
#4266=B_SPLINE_CURVE_WITH_KNOTS('',1,(#9260,#9261),.UNSPECIFIED.,.F.,.F.,
(2,2),(0.,1.18464782704598),.UNSPECIFIED.);
#4267=B_SPLINE_CURVE_WITH_KNOTS('',1,(#9262,#9263),.UNSPECIFIED.,.F.,.F.,
(2,2),(0.,1.18464782704598),.UNSPECIFIED.);
#4268=B_SPLINE_CURVE_WITH_KNOTS('',1,(#9264,#9265),.UNSPECIFIED.,.F.,.F.,
(2,2),(0.,0.025821297277048),.UNSPECIFIED.);
#4269=B_SPLINE_CURVE_WITH_KNOTS('',1,(#9266,#9267),.UNSPECIFIED.,.F.,.F.,
(2,2),(0.,1.18464782704507),.UNSPECIFIED.);
#4270=B_SPLINE_CURVE_WITH_KNOTS('',3,(#9273,#9274,#9275,#9276,#9277,#9278,
#9279,#9280,#9281,#9282,#9283,#9284),.UNSPECIFIED.,.F.,.F.,(4,2,2,2,2,4),
(-6.43656388642481,-4.83680583290789,-3.23795006395414,-1.62320925227432,
-0.812131568658271,0.),.UNSPECIFIED.);
#4271=B_SPLINE_CURVE_WITH_KNOTS('',1,(#9287,#9288),.UNSPECIFIED.,.F.,.F.,
(2,2),(0.,2.82261136740203),.UNSPECIFIED.);
#4272=B_SPLINE_CURVE_WITH_KNOTS('',1,(#9289,#9290),.UNSPECIFIED.,.F.,.F.,
(2,2),(0.,37.5590107343725),.UNSPECIFIED.);
#4273=B_SPLINE_CURVE_WITH_KNOTS('',1,(#9291,#9292,#9293),.UNSPECIFIED.,
 .F.,.F.,(2,1,2),(0.,1.82458773851977,7.99550035416996),.UNSPECIFIED.);
#4274=B_SPLINE_CURVE_WITH_KNOTS('',1,(#9294,#9295,#9296,#9297),
 .UNSPECIFIED.,.F.,.F.,(2,1,1,2),(-9.92266755203661,-5.03030961930874,-1.79900473473734,
0.),.UNSPECIFIED.);
#4275=B_SPLINE_CURVE_WITH_KNOTS('',1,(#9298,#9299),.UNSPECIFIED.,.F.,.F.,
(2,2),(0.,18.68813091723),.UNSPECIFIED.);
#4276=B_SPLINE_CURVE_WITH_KNOTS('',1,(#9300,#9301),.UNSPECIFIED.,.F.,.F.,
(2,2),(0.,19.9999999998799),.UNSPECIFIED.);
#4277=B_SPLINE_CURVE_WITH_KNOTS('',1,(#9302,#9303),.UNSPECIFIED.,.F.,.F.,
(2,2),(0.,10.24415488209),.UNSPECIFIED.);
#4278=B_SPLINE_CURVE_WITH_KNOTS('',1,(#9304,#9305),.UNSPECIFIED.,.F.,.F.,
(2,2),(0.,26.0429406250501),.UNSPECIFIED.);
#4279=B_SPLINE_CURVE_WITH_KNOTS('',1,(#9306,#9307),.UNSPECIFIED.,.F.,.F.,
(2,2),(0.,6.26359025368993),.UNSPECIFIED.);
#4280=B_SPLINE_CURVE_WITH_KNOTS('',1,(#9308,#9309),.UNSPECIFIED.,.F.,.F.,
(2,2),(0.,49.9770980904),.UNSPECIFIED.);
#4281=B_SPLINE_CURVE_WITH_KNOTS('',1,(#9317,#9318),.UNSPECIFIED.,.F.,.F.,
(2,2),(-19.9999999998804,0.),.UNSPECIFIED.);
#4282=B_SPLINE_CURVE_WITH_KNOTS('',1,(#9319,#9320),.UNSPECIFIED.,.F.,.F.,
(2,2),(-18.6881309172231,0.),.UNSPECIFIED.);
#4283=B_SPLINE_CURVE_WITH_KNOTS('',1,(#9321,#9322),.UNSPECIFIED.,.F.,.F.,
(2,2),(0.,15.4654212130199),.UNSPECIFIED.);
#4284=B_SPLINE_CURVE_WITH_KNOTS('',1,(#9323,#9324),.UNSPECIFIED.,.F.,.F.,
(2,2),(0.,19.9999999998799),.UNSPECIFIED.);
#4285=B_SPLINE_CURVE_WITH_KNOTS('',1,(#9325,#9326),.UNSPECIFIED.,.F.,.F.,
(2,2),(0.,5.82016380173036),.UNSPECIFIED.);
#4286=B_SPLINE_CURVE_WITH_KNOTS('',1,(#9327,#9328),.UNSPECIFIED.,.F.,.F.,
(2,2),(0.,5.82016383303491),.UNSPECIFIED.);
#4287=B_SPLINE_CURVE_WITH_KNOTS('',1,(#9329,#9330),.UNSPECIFIED.,.F.,.F.,
(2,2),(0.,6.82200761935007),.UNSPECIFIED.);
#4288=B_SPLINE_CURVE_WITH_KNOTS('',1,(#9339,#9340,#9341),.UNSPECIFIED.,
 .F.,.F.,(2,1,2),(0.,2.00923457144066,20.7678037405622),.UNSPECIFIED.);
#4289=B_SPLINE_CURVE_WITH_KNOTS('',1,(#9342,#9343),.UNSPECIFIED.,.F.,.F.,
(2,2),(0.,6.8220076193511),.UNSPECIFIED.);
#4290=B_SPLINE_CURVE_WITH_KNOTS('',1,(#9344,#9345),.UNSPECIFIED.,.F.,.F.,
(2,2),(-18.7585691594056,0.),.UNSPECIFIED.);
#4291=B_SPLINE_CURVE_WITH_KNOTS('',1,(#9346,#9347),.UNSPECIFIED.,.F.,.F.,
(2,2),(-2.00923448073156,0.),.UNSPECIFIED.);
#4292=B_SPLINE_CURVE_WITH_KNOTS('',1,(#9356,#9357),.UNSPECIFIED.,.F.,.F.,
(2,2),(0.,1.277737449852),.UNSPECIFIED.);
#4293=B_SPLINE_CURVE_WITH_KNOTS('',1,(#9358,#9359),.UNSPECIFIED.,.F.,.F.,
(2,2),(0.,49.9770980904),.UNSPECIFIED.);
#4294=B_SPLINE_CURVE_WITH_KNOTS('',1,(#9360,#9361),.UNSPECIFIED.,.F.,.F.,
(2,2),(0.,1.277737449852),.UNSPECIFIED.);
#4295=B_SPLINE_CURVE_WITH_KNOTS('',3,(#9362,#9363,#9364,#9365,#9366,#9367,
#9368),.UNSPECIFIED.,.F.,.F.,(4,3,4),(0.,0.00755548876963559,9.97197580978744),
 .UNSPECIFIED.);
#4296=B_SPLINE_CURVE_WITH_KNOTS('',3,(#9369,#9370,#9371,#9372),
 .UNSPECIFIED.,.F.,.F.,(4,4),(0.,4.62212223412002),.UNSPECIFIED.);
#4297=B_SPLINE_CURVE_WITH_KNOTS('',3,(#9373,#9374,#9375,#9376),
 .UNSPECIFIED.,.F.,.F.,(4,4),(0.,6.53176616824149),.UNSPECIFIED.);
#4298=B_SPLINE_CURVE_WITH_KNOTS('',1,(#9377,#9378),.UNSPECIFIED.,.F.,.F.,
(2,2),(0.,4.49407052704507),.UNSPECIFIED.);
#4299=B_SPLINE_CURVE_WITH_KNOTS('',1,(#9379,#9380),.UNSPECIFIED.,.F.,.F.,
(2,2),(0.,19.9999999998799),.UNSPECIFIED.);
#4300=B_SPLINE_CURVE_WITH_KNOTS('',1,(#9381,#9382),.UNSPECIFIED.,.F.,.F.,
(2,2),(0.,22.68813091723),.UNSPECIFIED.);
#4301=B_SPLINE_CURVE_WITH_KNOTS('',1,(#9383,#9384),.UNSPECIFIED.,.F.,.F.,
(2,2),(0.,19.9999999998799),.UNSPECIFIED.);
#4302=B_SPLINE_CURVE_WITH_KNOTS('',1,(#9385,#9386),.UNSPECIFIED.,.F.,.F.,
(2,2),(0.,22.68813091723),.UNSPECIFIED.);
#4303=B_SPLINE_CURVE_WITH_KNOTS('',1,(#9387,#9388,#9389),.UNSPECIFIED.,
 .F.,.F.,(2,1,2),(0.,5.82016380172035,9.87965750067997),.UNSPECIFIED.);
#4304=B_SPLINE_CURVE_WITH_KNOTS('',1,(#9390,#9391),.UNSPECIFIED.,.F.,.F.,
(2,2),(0.,24.8886115100699),.UNSPECIFIED.);
#4305=B_SPLINE_CURVE_WITH_KNOTS('',1,(#9392,#9393),.UNSPECIFIED.,.F.,.F.,
(2,2),(0.,10.24415488209),.UNSPECIFIED.);
#4306=B_SPLINE_CURVE_WITH_KNOTS('',1,(#9394,#9395),.UNSPECIFIED.,.F.,.F.,
(2,2),(0.,19.9999999998799),.UNSPECIFIED.);
#4307=B_SPLINE_CURVE_WITH_KNOTS('',1,(#9396,#9397),.UNSPECIFIED.,.F.,.F.,
(2,2),(0.,15.4654212130199),.UNSPECIFIED.);
#4308=B_SPLINE_CURVE_WITH_KNOTS('',1,(#9398,#9399),.UNSPECIFIED.,.F.,.F.,
(2,2),(0.,26.0429406250501),.UNSPECIFIED.);
#4309=B_SPLINE_CURVE_WITH_KNOTS('',1,(#9400,#9401),.UNSPECIFIED.,.F.,.F.,
(2,2),(0.,3.179401043442),.UNSPECIFIED.);
#4310=B_SPLINE_CURVE_WITH_KNOTS('',1,(#9402,#9403),.UNSPECIFIED.,.F.,.F.,
(2,2),(0.,3.179401043442),.UNSPECIFIED.);
#4311=B_SPLINE_CURVE_WITH_KNOTS('',1,(#9407,#9408),.UNSPECIFIED.,.F.,.F.,
(2,2),(0.,3.17940104344302),.UNSPECIFIED.);
#4312=B_SPLINE_CURVE_WITH_KNOTS('',1,(#9409,#9410),.UNSPECIFIED.,.F.,.F.,
(2,2),(0.,18.2670472711962),.UNSPECIFIED.);
#4313=B_SPLINE_CURVE_WITH_KNOTS('',1,(#9411,#9412),.UNSPECIFIED.,.F.,.F.,
(2,2),(0.,3.179401043442),.UNSPECIFIED.);
#4314=B_SPLINE_CURVE_WITH_KNOTS('',1,(#9416,#9417),.UNSPECIFIED.,.F.,.F.,
(2,2),(0.,3.179401043442),.UNSPECIFIED.);
#4315=B_SPLINE_CURVE_WITH_KNOTS('',1,(#9418,#9419),.UNSPECIFIED.,.F.,.F.,
(2,2),(0.,3.17940104344302),.UNSPECIFIED.);
#4316=B_SPLINE_CURVE_WITH_KNOTS('',1,(#9423,#9424),.UNSPECIFIED.,.F.,.F.,
(2,2),(0.,3.179401043442),.UNSPECIFIED.);
#4317=B_SPLINE_CURVE_WITH_KNOTS('',1,(#9425,#9426),.UNSPECIFIED.,.F.,.F.,
(2,2),(-18.2670472711962,0.),.UNSPECIFIED.);
#4318=B_SPLINE_CURVE_WITH_KNOTS('',1,(#9427,#9428),.UNSPECIFIED.,.F.,.F.,
(2,2),(0.,3.179401043442),.UNSPECIFIED.);
#4319=B_SPLINE_CURVE_WITH_KNOTS('',1,(#9432,#9433),.UNSPECIFIED.,.F.,.F.,
(2,2),(0.,3.179401043442),.UNSPECIFIED.);
#4320=B_SPLINE_CURVE_WITH_KNOTS('',1,(#9434,#9435),.UNSPECIFIED.,.F.,.F.,
(2,2),(0.,3.179401043442),.UNSPECIFIED.);
#4321=B_SPLINE_CURVE_WITH_KNOTS('',1,(#9439,#9440),.UNSPECIFIED.,.F.,.F.,
(2,2),(0.,3.179401043442),.UNSPECIFIED.);
#4322=B_SPLINE_CURVE_WITH_KNOTS('',1,(#9441,#9442),.UNSPECIFIED.,.F.,.F.,
(2,2),(-2.00923448073156,0.),.UNSPECIFIED.);
#4323=B_SPLINE_CURVE_WITH_KNOTS('',1,(#9443,#9444),.UNSPECIFIED.,.F.,.F.,
(2,2),(-18.7585691594056,0.),.UNSPECIFIED.);
#4324=B_SPLINE_CURVE_WITH_KNOTS('',1,(#9445,#9446),.UNSPECIFIED.,.F.,.F.,
(2,2),(-3.179401043442,0.),.UNSPECIFIED.);
#4325=B_SPLINE_CURVE_WITH_KNOTS('',1,(#9488,#9489),.UNSPECIFIED.,.F.,.F.,
(2,2),(0.,26.7816102987601),.UNSPECIFIED.);
#4326=B_SPLINE_CURVE_WITH_KNOTS('',1,(#9490,#9491),.UNSPECIFIED.,.F.,.F.,
(2,2),(-3.17879729539106,0.),.UNSPECIFIED.);
#4327=B_SPLINE_CURVE_WITH_KNOTS('',1,(#9492,#9493),.UNSPECIFIED.,.F.,.F.,
(2,2),(0.,9.71149063335997),.UNSPECIFIED.);
#4328=B_SPLINE_CURVE_WITH_KNOTS('',1,(#9494,#9495),.UNSPECIFIED.,.F.,.F.,
(2,2),(-9.71149063335997,0.),.UNSPECIFIED.);
#4329=B_SPLINE_CURVE_WITH_KNOTS('',1,(#9496,#9497),.UNSPECIFIED.,.F.,.F.,
(2,2),(-3.71204868605014,0.),.UNSPECIFIED.);
#4330=B_SPLINE_CURVE_WITH_KNOTS('',1,(#9500,#9501),.UNSPECIFIED.,.F.,.F.,
(2,2),(-3.17903235035203,0.),.UNSPECIFIED.);
#4331=B_SPLINE_CURVE_WITH_KNOTS('',1,(#9502,#9503,#9504),.UNSPECIFIED.,
 .F.,.F.,(2,1,2),(0.,3.66749566661997,11.0498403776999),.UNSPECIFIED.);
#4332=B_SPLINE_CURVE_WITH_KNOTS('',1,(#9505,#9506),.UNSPECIFIED.,.F.,.F.,
(2,2),(0.,1.51584961274011),.UNSPECIFIED.);
#4333=B_SPLINE_CURVE_WITH_KNOTS('',1,(#9507,#9508),.UNSPECIFIED.,.F.,.F.,
(2,2),(0.,1.12606121913018),.UNSPECIFIED.);
#4334=B_SPLINE_CURVE_WITH_KNOTS('',3,(#9509,#9510,#9511,#9512),
 .UNSPECIFIED.,.F.,.F.,(4,4),(0.,1.89038933159333),.UNSPECIFIED.);
#4335=B_SPLINE_CURVE_WITH_KNOTS('',3,(#9513,#9514,#9515,#9516),
 .UNSPECIFIED.,.F.,.F.,(4,4),(0.,1.05970025634946),.UNSPECIFIED.);
#4336=B_SPLINE_CURVE_WITH_KNOTS('',1,(#9517,#9518),.UNSPECIFIED.,.F.,.F.,
(2,2),(0.,4.41634876342808),.UNSPECIFIED.);
#4337=B_SPLINE_CURVE_WITH_KNOTS('',1,(#9519,#9520),.UNSPECIFIED.,.F.,.F.,
(2,2),(-14.5069671271222,0.),.UNSPECIFIED.);
#4338=B_SPLINE_CURVE_WITH_KNOTS('',3,(#9521,#9522,#9523,#9524),
 .UNSPECIFIED.,.F.,.F.,(4,4),(-6.00752938919404,0.),.UNSPECIFIED.);
#4339=B_SPLINE_CURVE_WITH_KNOTS('',3,(#9525,#9526,#9527,#9528,#9529,#9530,
#9531,#9532,#9533,#9534),.UNSPECIFIED.,.F.,.F.,(4,3,3,4),(-5.8199984449917,
-5.79065129112208,-2.11583814405955,0.),.UNSPECIFIED.);
#4340=B_SPLINE_CURVE_WITH_KNOTS('',3,(#9535,#9536,#9537,#9538,#9539,#9540,
#9541,#9542,#9543,#9544),.UNSPECIFIED.,.F.,.F.,(4,3,3,4),(-8.27955529970539,
-3.70416049609699,-0.0293473490344579,0.),.UNSPECIFIED.);
#4341=B_SPLINE_CURVE_WITH_KNOTS('',3,(#9545,#9546,#9547,#9548,#9549,#9550,
#9551),.UNSPECIFIED.,.F.,.F.,(4,3,4),(-8.41820721881869,-8.29926725249822,
0.),.UNSPECIFIED.);
#4342=B_SPLINE_CURVE_WITH_KNOTS('',1,(#9552,#9553),.UNSPECIFIED.,.F.,.F.,
(2,2),(0.,12.1669838367805),.UNSPECIFIED.);
#4343=B_SPLINE_CURVE_WITH_KNOTS('',1,(#9554,#9555),.UNSPECIFIED.,.F.,.F.,
(2,2),(0.,14.29512843464),.UNSPECIFIED.);
#4344=B_SPLINE_CURVE_WITH_KNOTS('',1,(#9556,#9557),.UNSPECIFIED.,.F.,.F.,
(2,2),(0.,20.5587186883299),.UNSPECIFIED.);
#4345=B_SPLINE_CURVE_WITH_KNOTS('',1,(#9558,#9559),.UNSPECIFIED.,.F.,.F.,
(2,2),(0.,5.5442701694991),.UNSPECIFIED.);
#4346=B_SPLINE_CURVE_WITH_KNOTS('',1,(#9560,#9561),.UNSPECIFIED.,.F.,.F.,
(2,2),(0.,12.4705407792803),.UNSPECIFIED.);
#4347=B_SPLINE_CURVE_WITH_KNOTS('',1,(#9562,#9563),.UNSPECIFIED.,.F.,.F.,
(2,2),(-5.54470602114907,0.),.UNSPECIFIED.);
#4348=B_SPLINE_CURVE_WITH_KNOTS('',1,(#9564,#9565),.UNSPECIFIED.,.F.,.F.,
(2,2),(0.,12.4705406961202),.UNSPECIFIED.);
#4349=B_SPLINE_CURVE_WITH_KNOTS('',1,(#9566,#9567),.UNSPECIFIED.,.F.,.F.,
(2,2),(0.,5.54470602114907),.UNSPECIFIED.);
#4350=B_SPLINE_CURVE_WITH_KNOTS('',1,(#9568,#9569),.UNSPECIFIED.,.F.,.F.,
(2,2),(0.,2.79962808047028),.UNSPECIFIED.);
#4351=B_SPLINE_CURVE_WITH_KNOTS('',1,(#9570,#9571),.UNSPECIFIED.,.F.,.F.,
(2,2),(0.,19.5279921250199),.UNSPECIFIED.);
#4352=B_SPLINE_CURVE_WITH_KNOTS('',1,(#9572,#9573),.UNSPECIFIED.,.F.,.F.,
(2,2),(0.,1.82458773851977),.UNSPECIFIED.);
#4353=B_SPLINE_CURVE_WITH_KNOTS('',1,(#9574,#9575,#9576),.UNSPECIFIED.,
 .F.,.F.,(2,1,2),(0.,6.1709126156502,8.97054069612045),.UNSPECIFIED.);
#4354=B_SPLINE_CURVE_WITH_KNOTS('',1,(#9577,#9578),.UNSPECIFIED.,.F.,.F.,
(2,2),(0.,20.5587186883299),.UNSPECIFIED.);
#4355=B_SPLINE_CURVE_WITH_KNOTS('',1,(#9579,#9580),.UNSPECIFIED.,.F.,.F.,
(2,2),(0.,37.55901072952),.UNSPECIFIED.);
#4356=B_SPLINE_CURVE_WITH_KNOTS('',1,(#9581,#9582,#9583),.UNSPECIFIED.,
 .F.,.F.,(2,1,2),(-28.5088543100863,-18.5861867580497,0.),.UNSPECIFIED.);
#4357=B_SPLINE_CURVE_WITH_KNOTS('',1,(#9584,#9585),.UNSPECIFIED.,.F.,.F.,
(2,2),(0.,10.3688720083298),.UNSPECIFIED.);
#4358=B_SPLINE_CURVE_WITH_KNOTS('',1,(#9586,#9587,#9588),.UNSPECIFIED.,
 .F.,.F.,(2,1,2),(0.,4.65506300897005,12.4705406961202),.UNSPECIFIED.);
#4359=B_SPLINE_CURVE_WITH_KNOTS('',1,(#9589,#9590),.UNSPECIFIED.,.F.,.F.,
(2,2),(0.,9.15912011669002),.UNSPECIFIED.);
#4360=B_SPLINE_CURVE_WITH_KNOTS('',1,(#9591,#9592),.UNSPECIFIED.,.F.,.F.,
(2,2),(0.,12.4705406961202),.UNSPECIFIED.);
#4361=B_SPLINE_CURVE_WITH_KNOTS('',1,(#9593,#9594),.UNSPECIFIED.,.F.,.F.,
(2,2),(0.,10.3688720083298),.UNSPECIFIED.);
#4362=B_SPLINE_CURVE_WITH_KNOTS('',1,(#9595,#9596),.UNSPECIFIED.,.F.,.F.,
(2,2),(0.,3.179401043442),.UNSPECIFIED.);
#4363=B_SPLINE_CURVE_WITH_KNOTS('',3,(#9597,#9598,#9599,#9600),
 .UNSPECIFIED.,.F.,.F.,(4,4),(0.,3.17896519179294),.UNSPECIFIED.);
#4364=B_SPLINE_CURVE_WITH_KNOTS('',1,(#9601,#9602),.UNSPECIFIED.,.F.,.F.,
(2,2),(-3.17896519179203,0.),.UNSPECIFIED.);
#4365=B_SPLINE_CURVE_WITH_KNOTS('',1,(#9603,#9604),.UNSPECIFIED.,.F.,.F.,
(2,2),(0.,4.65506299687013),.UNSPECIFIED.);
#4366=B_SPLINE_CURVE_WITH_KNOTS('',1,(#9605,#9606),.UNSPECIFIED.,.F.,.F.,
(2,2),(-11.0943933600699,0.),.UNSPECIFIED.);
#4367=B_SPLINE_CURVE_WITH_KNOTS('',1,(#9607,#9608),.UNSPECIFIED.,.F.,.F.,
(2,2),(-4.355896337383,0.),.UNSPECIFIED.);
#4368=B_SPLINE_CURVE_WITH_KNOTS('',3,(#9614,#9615,#9616,#9617,#9618,#9619,
#9620,#9621,#9622,#9623,#9624,#9625),.UNSPECIFIED.,.F.,.F.,(4,2,2,2,2,4),
(0.,0.812131568655109,1.62320925226185,3.23795006395022,4.83680583292068,
6.43656388642717),.UNSPECIFIED.);
#4369=B_SPLINE_CURVE_WITH_KNOTS('',3,(#9642,#9643,#9644,#9645),
 .UNSPECIFIED.,.F.,.F.,(4,4),(-1.26082494755914,0.),.UNSPECIFIED.);
#4370=B_SPLINE_CURVE_WITH_KNOTS('',1,(#9649,#9650),.UNSPECIFIED.,.F.,.F.,
(2,2),(0.,18.2670472711962),.UNSPECIFIED.);
#4371=B_SPLINE_CURVE_WITH_KNOTS('',1,(#9656,#9657),.UNSPECIFIED.,.F.,.F.,
(2,2),(0.,2.82261136740203),.UNSPECIFIED.);
#4372=B_SPLINE_CURVE_WITH_KNOTS('',1,(#9658,#9659),.UNSPECIFIED.,.F.,.F.,
(2,2),(0.,24.8886115173928),.UNSPECIFIED.);
#4373=B_SPLINE_CURVE_WITH_KNOTS('',1,(#9660,#9661),.UNSPECIFIED.,.F.,.F.,
(2,2),(0.,4.05949369895006),.UNSPECIFIED.);
#4374=B_SPLINE_CURVE_WITH_KNOTS('',1,(#9662,#9663),.UNSPECIFIED.,.F.,.F.,
(2,2),(0.,6.82261136740294),.UNSPECIFIED.);
#4375=B_SPLINE_CURVE_WITH_KNOTS('',1,(#9664,#9665),.UNSPECIFIED.,.F.,.F.,
(2,2),(0.,4.05949374384627),.UNSPECIFIED.);
#4376=B_SPLINE_CURVE_WITH_KNOTS('',1,(#9866,#9867),.UNSPECIFIED.,.F.,.F.,
(2,2),(0.,9.34199142290981),.UNSPECIFIED.);
#4377=B_SPLINE_CURVE_WITH_KNOTS('',1,(#9868,#9869),.UNSPECIFIED.,.F.,.F.,
(2,2),(0.,2.10688836269452),.UNSPECIFIED.);
#4378=B_SPLINE_CURVE_WITH_KNOTS('',1,(#9870,#9871),.UNSPECIFIED.,.F.,.F.,
(2,2),(0.,8.10792833077994),.UNSPECIFIED.);
#4379=B_SPLINE_CURVE_WITH_KNOTS('',1,(#9872,#9873),.UNSPECIFIED.,.F.,.F.,
(2,2),(0.,9.34199142290981),.UNSPECIFIED.);
#4380=B_SPLINE_CURVE_WITH_KNOTS('',1,(#9874,#9875),.UNSPECIFIED.,.F.,.F.,
(2,2),(0.,1.25426788661002),.UNSPECIFIED.);
#4381=B_SPLINE_CURVE_WITH_KNOTS('',1,(#9876,#9877),.UNSPECIFIED.,.F.,.F.,
(2,2),(0.,8.10792833077994),.UNSPECIFIED.);
#4382=B_SPLINE_CURVE_WITH_KNOTS('',1,(#9878,#9879),.UNSPECIFIED.,.F.,.F.,
(2,2),(0.,1.53457135353005),.UNSPECIFIED.);
#4383=B_SPLINE_CURVE_WITH_KNOTS('',1,(#9880,#9881),.UNSPECIFIED.,.F.,.F.,
(2,2),(0.,3.8070546452177),.UNSPECIFIED.);
#4384=B_SPLINE_CURVE_WITH_KNOTS('',1,(#9887,#9888),.UNSPECIFIED.,.F.,.F.,
(2,2),(-3.8070546452177,0.),.UNSPECIFIED.);
#4385=B_SPLINE_CURVE_WITH_KNOTS('',1,(#9903,#9904),.UNSPECIFIED.,.F.,.F.,
(2,2),(0.,3.8070546452177),.UNSPECIFIED.);
#4386=B_SPLINE_CURVE_WITH_KNOTS('',1,(#9910,#9911),.UNSPECIFIED.,.F.,.F.,
(2,2),(-3.8070546452177,0.),.UNSPECIFIED.);
#4387=B_SPLINE_CURVE_WITH_KNOTS('',1,(#9912,#9913),.UNSPECIFIED.,.F.,.F.,
(2,2),(-1.00000000000102,0.),.UNSPECIFIED.);
#4388=B_SPLINE_CURVE_WITH_KNOTS('',1,(#9926,#9927),.UNSPECIFIED.,.F.,.F.,
(2,2),(-1.00000000000102,0.),.UNSPECIFIED.);
#4389=B_SPLINE_CURVE_WITH_KNOTS('',1,(#9964,#9965),.UNSPECIFIED.,.F.,.F.,
(2,2),(0.,18.5861867580402),.UNSPECIFIED.);
#4390=B_SPLINE_CURVE_WITH_KNOTS('',1,(#9966,#9967),.UNSPECIFIED.,.F.,.F.,
(2,2),(0.,3.99999999996896),.UNSPECIFIED.);
#4391=B_SPLINE_CURVE_WITH_KNOTS('',3,(#9988,#9989,#9990,#9991),
 .UNSPECIFIED.,.F.,.F.,(4,4),(0.,1.26082494755923),.UNSPECIFIED.);
#4392=B_SPLINE_CURVE_WITH_KNOTS('',1,(#9992,#9993),.UNSPECIFIED.,.F.,.F.,
(2,2),(0.,18.2670472711962),.UNSPECIFIED.);
#4393=B_SPLINE_CURVE_WITH_KNOTS('',1,(#10001,#10002),.UNSPECIFIED.,.F.,
 .F.,(2,2),(-2.82252384795402,0.),.UNSPECIFIED.);
#4394=B_SPLINE_CURVE_WITH_KNOTS('',1,(#10008,#10009),.UNSPECIFIED.,.F.,
 .F.,(2,2),(-2.82261136740101,0.),.UNSPECIFIED.);
#4395=B_SPLINE_CURVE_WITH_KNOTS('',1,(#10017,#10018),.UNSPECIFIED.,.F.,
 .F.,(2,2),(0.,2.82261136740101),.UNSPECIFIED.);
#4396=B_SPLINE_CURVE_WITH_KNOTS('',1,(#10019,#10020),.UNSPECIFIED.,.F.,
 .F.,(2,2),(0.,18.5861867678462),.UNSPECIFIED.);
#4397=B_SPLINE_CURVE_WITH_KNOTS('',1,(#10021,#10022),.UNSPECIFIED.,.F.,
 .F.,(2,2),(0.,26.7816102516743),.UNSPECIFIED.);
#4398=B_SPLINE_CURVE_WITH_KNOTS('',1,(#10023,#10024),.UNSPECIFIED.,.F.,
 .F.,(2,2),(0.,30.4491059653801),.UNSPECIFIED.);
#4399=B_SPLINE_CURVE_WITH_KNOTS('',1,(#10025,#10026),.UNSPECIFIED.,.F.,
 .F.,(2,2),(0.,3.66749570368006),.UNSPECIFIED.);
#4400=B_SPLINE_CURVE_WITH_KNOTS('',1,(#10027,#10028),.UNSPECIFIED.,.F.,
 .F.,(2,2),(0.,1.18874252520607),.UNSPECIFIED.);
#4401=B_SPLINE_CURVE_WITH_KNOTS('',1,(#10317,#10318),.UNSPECIFIED.,.F.,
 .F.,(2,2),(0.,9.92266755203661),.UNSPECIFIED.);
#4402=B_SPLINE_CURVE_WITH_KNOTS('',1,(#10319,#10320),.UNSPECIFIED.,.F.,
 .F.,(2,2),(0.,1.52909804132196),.UNSPECIFIED.);
#4403=B_SPLINE_CURVE_WITH_KNOTS('',3,(#10321,#10322,#10323,#10324,#10325,
#10326,#10327,#10328,#10329,#10330,#10331,#10332,#10333),.UNSPECIFIED.,
 .F.,.F.,(4,3,3,3,4),(0.,6.12144638948388,9.79616212736247,9.80371761612315,
19.7681379371413),.UNSPECIFIED.);
#4404=B_SPLINE_CURVE_WITH_KNOTS('',1,(#10334,#10335),.UNSPECIFIED.,.F.,
 .F.,(2,2),(0.,6.45053596733794),.UNSPECIFIED.);
#4405=B_SPLINE_CURVE_WITH_KNOTS('',3,(#10336,#10337,#10338,#10339,#10340,
#10341,#10342,#10343,#10344,#10345,#10346,#10347,#10348,#10349,#10350,#10351),
 .UNSPECIFIED.,.F.,.F.,(4,3,3,3,3,4),(0.,9.96442032101815,9.97197580977883,
13.6466915476567,20.0205279249587,21.7755729531336),.UNSPECIFIED.);
#4406=B_SPLINE_CURVE_WITH_KNOTS('',1,(#10352,#10353),.UNSPECIFIED.,.F.,
 .F.,(2,2),(0.,4.92143804942998),.UNSPECIFIED.);
#4407=B_SPLINE_CURVE_WITH_KNOTS('',3,(#10354,#10355,#10356,#10357,#10358,
#10359,#10360),.UNSPECIFIED.,.F.,.F.,(4,3,4),(0.,1.75504502817483,2.00282428764137),
 .UNSPECIFIED.);
#4408=B_SPLINE_CURVE_WITH_KNOTS('',1,(#10361,#10362),.UNSPECIFIED.,.F.,
 .F.,(2,2),(0.,6.45053596733794),.UNSPECIFIED.);
#4409=B_SPLINE_CURVE_WITH_KNOTS('',3,(#10363,#10364,#10365,#10366),
 .UNSPECIFIED.,.F.,.F.,(4,4),(0.,4.62212223412002),.UNSPECIFIED.);
#4410=B_SPLINE_CURVE_WITH_KNOTS('',3,(#10367,#10368,#10369,#10370),
 .UNSPECIFIED.,.F.,.F.,(4,4),(0.,4.62212223412002),.UNSPECIFIED.);
#4411=B_SPLINE_CURVE_WITH_KNOTS('',1,(#10371,#10372),.UNSPECIFIED.,.F.,
 .F.,(2,2),(0.,6.45053596737694),.UNSPECIFIED.);
#4412=B_SPLINE_CURVE_WITH_KNOTS('',1,(#10373,#10374),.UNSPECIFIED.,.F.,
 .F.,(2,2),(0.,6.53176616824149),.UNSPECIFIED.);
#4413=B_SPLINE_CURVE_WITH_KNOTS('',3,(#10375,#10376,#10377,#10378),
 .UNSPECIFIED.,.F.,.F.,(4,4),(0.,6.53176616824149),.UNSPECIFIED.);
#4414=B_SPLINE_CURVE_WITH_KNOTS('',1,(#10379,#10380),.UNSPECIFIED.,.F.,
 .F.,(2,2),(0.,12.0841697545729),.UNSPECIFIED.);
#4415=B_SPLINE_CURVE_WITH_KNOTS('',3,(#10381,#10382,#10383,#10384),
 .UNSPECIFIED.,.F.,.F.,(4,4),(0.,8.85668289243828),.UNSPECIFIED.);
#4416=B_SPLINE_CURVE_WITH_KNOTS('',1,(#10385,#10386),.UNSPECIFIED.,.F.,
 .F.,(2,2),(-6.82261145003702,0.),.UNSPECIFIED.);
#4417=B_SPLINE_CURVE_WITH_KNOTS('',1,(#10387,#10388),.UNSPECIFIED.,.F.,
 .F.,(2,2),(0.,4.49407052705507),.UNSPECIFIED.);
#4418=B_SPLINE_CURVE_WITH_KNOTS('',1,(#10389,#10390),.UNSPECIFIED.,.F.,
 .F.,(2,2),(0.,1.188977704791),.UNSPECIFIED.);
#4419=B_SPLINE_CURVE_WITH_KNOTS('',3,(#10391,#10392,#10393,#10394),
 .UNSPECIFIED.,.F.,.F.,(4,4),(0.,4.36261236538321),.UNSPECIFIED.);
#4420=B_SPLINE_CURVE_WITH_KNOTS('',1,(#10395,#10396),.UNSPECIFIED.,.F.,
 .F.,(2,2),(0.,10.8444053173328),.UNSPECIFIED.);
#4421=B_SPLINE_CURVE_WITH_KNOTS('',1,(#10397,#10398),.UNSPECIFIED.,.F.,
 .F.,(2,2),(0.,1.43664556484009),.UNSPECIFIED.);
#4422=B_SPLINE_CURVE_WITH_KNOTS('',1,(#10399,#10400),.UNSPECIFIED.,.F.,
 .F.,(2,2),(0.,10.278086483808),.UNSPECIFIED.);
#4423=B_SPLINE_CURVE_WITH_KNOTS('',1,(#10401,#10402),.UNSPECIFIED.,.F.,
 .F.,(2,2),(0.,9.34199142290981),.UNSPECIFIED.);
#4424=B_SPLINE_CURVE_WITH_KNOTS('',1,(#10403,#10404),.UNSPECIFIED.,.F.,
 .F.,(2,2),(0.,7.90534585806972),.UNSPECIFIED.);
#4425=B_SPLINE_CURVE_WITH_KNOTS('',1,(#10405,#10406),.UNSPECIFIED.,.F.,
 .F.,(2,2),(0.,1.75957371165956),.UNSPECIFIED.);
#4426=B_SPLINE_CURVE_WITH_KNOTS('',1,(#10407,#10408),.UNSPECIFIED.,.F.,
 .F.,(2,2),(0.,10.278086483808),.UNSPECIFIED.);
#4427=B_SPLINE_CURVE_WITH_KNOTS('',1,(#10409,#10410),.UNSPECIFIED.,.F.,
 .F.,(2,2),(0.,1.75957371165956),.UNSPECIFIED.);
#4428=B_SPLINE_CURVE_WITH_KNOTS('',1,(#10411,#10412),.UNSPECIFIED.,.F.,
 .F.,(2,2),(0.,10.278086483808),.UNSPECIFIED.);
#4429=B_SPLINE_CURVE_WITH_KNOTS('',1,(#10413,#10414),.UNSPECIFIED.,.F.,
 .F.,(2,2),(0.,1.25426788661002),.UNSPECIFIED.);
#4430=B_SPLINE_CURVE_WITH_KNOTS('',1,(#10415,#10416),.UNSPECIFIED.,.F.,
 .F.,(2,2),(0.,1.25426788661002),.UNSPECIFIED.);
#4431=B_SPLINE_CURVE_WITH_KNOTS('',1,(#10417,#10418),.UNSPECIFIED.,.F.,
 .F.,(2,2),(0.,1.53457135353005),.UNSPECIFIED.);
#4432=B_SPLINE_CURVE_WITH_KNOTS('',1,(#10419,#10420),.UNSPECIFIED.,.F.,
 .F.,(2,2),(0.,1.53457135353005),.UNSPECIFIED.);
#4433=B_SPLINE_CURVE_WITH_KNOTS('',1,(#10421,#10422),.UNSPECIFIED.,.F.,
 .F.,(2,2),(0.,10.278086483733),.UNSPECIFIED.);
#4434=B_SPLINE_CURVE_WITH_KNOTS('',1,(#10423,#10424),.UNSPECIFIED.,.F.,
 .F.,(2,2),(0.,29.351285407976),.UNSPECIFIED.);
#4435=B_SPLINE_CURVE_WITH_KNOTS('',1,(#10425,#10426),.UNSPECIFIED.,.F.,
 .F.,(2,2),(0.,29.3512854079009),.UNSPECIFIED.);
#4436=B_SPLINE_CURVE_WITH_KNOTS('',1,(#10427,#10428),.UNSPECIFIED.,.F.,
 .F.,(2,2),(0.,1.53457135353005),.UNSPECIFIED.);
#4437=B_SPLINE_CURVE_WITH_KNOTS('',1,(#10429,#10430),.UNSPECIFIED.,.F.,
 .F.,(2,2),(0.,29.3512854079009),.UNSPECIFIED.);
#4438=B_SPLINE_CURVE_WITH_KNOTS('',1,(#10431,#10432),.UNSPECIFIED.,.F.,
 .F.,(2,2),(0.,1.75957371165956),.UNSPECIFIED.);
#4439=B_SPLINE_CURVE_WITH_KNOTS('',1,(#10433,#10434),.UNSPECIFIED.,.F.,
 .F.,(2,2),(0.,29.3512854079009),.UNSPECIFIED.);
#4440=B_SPLINE_CURVE_WITH_KNOTS('',1,(#10435,#10436),.UNSPECIFIED.,.F.,
 .F.,(2,2),(0.,1.25426788661002),.UNSPECIFIED.);
#4441=B_SPLINE_CURVE_WITH_KNOTS('',1,(#10437,#10438),.UNSPECIFIED.,.F.,
 .F.,(2,2),(0.,9.34199142290981),.UNSPECIFIED.);
#4442=B_SPLINE_CURVE_WITH_KNOTS('',1,(#10439,#10440),.UNSPECIFIED.,.F.,
 .F.,(2,2),(0.,16.9646112230698),.UNSPECIFIED.);
#4443=B_SPLINE_CURVE_WITH_KNOTS('',1,(#10441,#10442),.UNSPECIFIED.,.F.,
 .F.,(2,2),(0.,4.62210887848303),.UNSPECIFIED.);
#4444=B_SPLINE_CURVE_WITH_KNOTS('',1,(#10443,#10444),.UNSPECIFIED.,.F.,
 .F.,(2,2),(0.,29.3512854079941),.UNSPECIFIED.);
#4445=B_SPLINE_CURVE_WITH_KNOTS('',1,(#10445,#10446),.UNSPECIFIED.,.F.,
 .F.,(2,2),(0.,4.62210887848303),.UNSPECIFIED.);
#4446=B_SPLINE_CURVE_WITH_KNOTS('',1,(#10447,#10448),.UNSPECIFIED.,.F.,
 .F.,(2,2),(0.,29.3512854079941),.UNSPECIFIED.);
#4447=B_SPLINE_CURVE_WITH_KNOTS('',1,(#10449,#10450),.UNSPECIFIED.,.F.,
 .F.,(2,2),(-1.24330135973003,0.),.UNSPECIFIED.);
#4448=B_SPLINE_CURVE_WITH_KNOTS('',1,(#10480,#10481),.UNSPECIFIED.,.F.,
 .F.,(2,2),(0.,4.55970025634068),.UNSPECIFIED.);
#4449=B_SPLINE_CURVE_WITH_KNOTS('',3,(#10482,#10483,#10484,#10485),
 .UNSPECIFIED.,.F.,.F.,(4,4),(0.,3.50000000000284),.UNSPECIFIED.);
#4450=B_SPLINE_CURVE_WITH_KNOTS('',1,(#10486,#10487),.UNSPECIFIED.,.F.,
 .F.,(2,2),(0.,3.74474887894803),.UNSPECIFIED.);
#4451=B_SPLINE_CURVE_WITH_KNOTS('',1,(#10493,#10494),.UNSPECIFIED.,.F.,
 .F.,(2,2),(-1.24330135973003,0.),.UNSPECIFIED.);
#4452=B_SPLINE_CURVE_WITH_KNOTS('',1,(#10505,#10506),.UNSPECIFIED.,.F.,
 .F.,(2,2),(0.,7.53360438546997),.UNSPECIFIED.);
#4453=B_SPLINE_CURVE_WITH_KNOTS('',1,(#10507,#10508),.UNSPECIFIED.,.F.,
 .F.,(2,2),(0.,15.9929806953601),.UNSPECIFIED.);
#4454=B_SPLINE_CURVE_WITH_KNOTS('',1,(#10509,#10510),.UNSPECIFIED.,.F.,
 .F.,(2,2),(0.,1.39188263863002),.UNSPECIFIED.);
#4455=B_SPLINE_CURVE_WITH_KNOTS('',1,(#10511,#10512),.UNSPECIFIED.,.F.,
 .F.,(2,2),(0.,15.9929806953601),.UNSPECIFIED.);
#4456=B_SPLINE_CURVE_WITH_KNOTS('',1,(#10513,#10514),.UNSPECIFIED.,.F.,
 .F.,(2,2),(0.,1.39188263863002),.UNSPECIFIED.);
#4457=B_SPLINE_CURVE_WITH_KNOTS('',1,(#10515,#10516),.UNSPECIFIED.,.F.,
 .F.,(2,2),(0.,4.95000000012988),.UNSPECIFIED.);
#4458=B_SPLINE_CURVE_WITH_KNOTS('',1,(#10517,#10518),.UNSPECIFIED.,.F.,
 .F.,(2,2),(0.,9.48015977906994),.UNSPECIFIED.);
#4459=B_SPLINE_CURVE_WITH_KNOTS('',1,(#10529,#10530),.UNSPECIFIED.,.F.,
 .F.,(2,2),(0.,9.48015995384003),.UNSPECIFIED.);
#4460=B_SPLINE_CURVE_WITH_KNOTS('',1,(#10531,#10532),.UNSPECIFIED.,.F.,
 .F.,(2,2),(0.,3.15651317106995),.UNSPECIFIED.);
#4461=B_SPLINE_CURVE_WITH_KNOTS('',1,(#10533,#10534),.UNSPECIFIED.,.F.,
 .F.,(2,2),(0.,1.97049605995994),.UNSPECIFIED.);
#4462=B_SPLINE_CURVE_WITH_KNOTS('',1,(#10535,#10536),.UNSPECIFIED.,.F.,
 .F.,(2,2),(0.,11.4993830911601),.UNSPECIFIED.);
#4463=B_SPLINE_CURVE_WITH_KNOTS('',1,(#10537,#10538),.UNSPECIFIED.,.F.,
 .F.,(2,2),(0.,11.4993830911601),.UNSPECIFIED.);
#4464=B_SPLINE_CURVE_WITH_KNOTS('',1,(#10539,#10540),.UNSPECIFIED.,.F.,
 .F.,(2,2),(0.,1.24330135973003),.UNSPECIFIED.);
#4465=B_SPLINE_CURVE_WITH_KNOTS('',1,(#10541,#10542),.UNSPECIFIED.,.F.,
 .F.,(2,2),(0.,1.24330135973003),.UNSPECIFIED.);
#4466=B_SPLINE_CURVE_WITH_KNOTS('',1,(#10543,#10544),.UNSPECIFIED.,.F.,
 .F.,(2,2),(0.,1.97049605995994),.UNSPECIFIED.);
#4467=B_SPLINE_CURVE_WITH_KNOTS('',1,(#10545,#10546),.UNSPECIFIED.,.F.,
 .F.,(2,2),(0.,9.32709112766997),.UNSPECIFIED.);
#4468=B_SPLINE_CURVE_WITH_KNOTS('',1,(#10571,#10572,#10573,#10574),
 .UNSPECIFIED.,.F.,.F.,(2,1,1,2),(0.,12.1289956742401,23.90524221754,33.06197077146),
 .UNSPECIFIED.);
#4469=B_SPLINE_CURVE_WITH_KNOTS('',3,(#10575,#10576,#10577,#10578),
 .UNSPECIFIED.,.F.,.F.,(4,4),(0.,33.06197077146),.UNSPECIFIED.);
#4470=B_SPLINE_CURVE_WITH_KNOTS('',3,(#10579,#10580,#10581,#10582,#10583,
#10584,#10585,#10586,#10587,#10588,#10589,#10590,#10591),.UNSPECIFIED.,
 .F.,.F.,(4,3,3,3,4),(0.,0.117673368869917,13.3051289307686,16.9799420778324,
26.9519364810827),.UNSPECIFIED.);
#4471=B_SPLINE_CURVE_WITH_KNOTS('',1,(#10592,#10593),.UNSPECIFIED.,.F.,
 .F.,(2,2),(0.,4.20305934555199),.UNSPECIFIED.);
#4472=B_SPLINE_CURVE_WITH_KNOTS('',1,(#10594,#10595),.UNSPECIFIED.,.F.,
 .F.,(2,2),(0.,0.025821297277048),.UNSPECIFIED.);
#4473=B_SPLINE_CURVE_WITH_KNOTS('',1,(#10596,#10597,#10598),
 .UNSPECIFIED.,.F.,.F.,(2,1,2),(-8.85668289228988,-7.77525405049983,0.),
 .UNSPECIFIED.);
#4474=B_SPLINE_CURVE_WITH_KNOTS('',1,(#10599,#10600),.UNSPECIFIED.,.F.,
 .F.,(2,2),(-43.8582525350153,0.),.UNSPECIFIED.);
#4475=B_SPLINE_CURVE_WITH_KNOTS('',1,(#10601,#10602),.UNSPECIFIED.,.F.,
 .F.,(2,2),(0.,6.53172235248348),.UNSPECIFIED.);
#4476=B_SPLINE_CURVE_WITH_KNOTS('',1,(#10603,#10604),.UNSPECIFIED.,.F.,
 .F.,(2,2),(0.,14.5069671270213),.UNSPECIFIED.);
#4477=B_SPLINE_CURVE_WITH_KNOTS('',1,(#10648,#10649),.UNSPECIFIED.,.F.,
 .F.,(2,2),(0.,1.18464782704598),.UNSPECIFIED.);
#4478=B_SPLINE_CURVE_WITH_KNOTS('',1,(#10650,#10651),.UNSPECIFIED.,.F.,
 .F.,(2,2),(0.,1.18464782704507),.UNSPECIFIED.);
#4479=B_SPLINE_CURVE_WITH_KNOTS('',1,(#10652,#10653),.UNSPECIFIED.,.F.,
 .F.,(2,2),(0.,0.025821297277048),.UNSPECIFIED.);
#4480=B_SPLINE_CURVE_WITH_KNOTS('',3,(#10656,#10657,#10658,#10659,#10660,
#10661,#10662,#10663,#10664,#10665,#10666,#10667),.UNSPECIFIED.,.F.,.F.,
(4,2,2,2,2,4),(-6.43656388642511,-5.6244323177668,-4.81335463415071,-3.19861382247081,
-1.59975805351699,0.),.UNSPECIFIED.);
#4481=B_SPLINE_CURVE_WITH_KNOTS('',1,(#10673,#10674),.UNSPECIFIED.,.F.,
 .F.,(2,2),(0.,37.5590107343725),.UNSPECIFIED.);
#4482=B_SPLINE_CURVE_WITH_KNOTS('',1,(#10675,#10676),.UNSPECIFIED.,.F.,
 .F.,(2,2),(0.,2.82261136740203),.UNSPECIFIED.);
#4483=B_SPLINE_CURVE_WITH_KNOTS('',1,(#10677,#10678),.UNSPECIFIED.,.F.,
 .F.,(2,2),(0.,49.9770980904),.UNSPECIFIED.);
#4484=B_SPLINE_CURVE_WITH_KNOTS('',1,(#10679,#10680),.UNSPECIFIED.,.F.,
 .F.,(2,2),(0.,6.26359025368993),.UNSPECIFIED.);
#4485=B_SPLINE_CURVE_WITH_KNOTS('',1,(#10681,#10682),.UNSPECIFIED.,.F.,
 .F.,(2,2),(0.,26.0429406250501),.UNSPECIFIED.);
#4486=B_SPLINE_CURVE_WITH_KNOTS('',1,(#10683,#10684),.UNSPECIFIED.,.F.,
 .F.,(2,2),(0.,10.24415488209),.UNSPECIFIED.);
#4487=B_SPLINE_CURVE_WITH_KNOTS('',1,(#10685,#10686),.UNSPECIFIED.,.F.,
 .F.,(2,2),(0.,19.9999999998799),.UNSPECIFIED.);
#4488=B_SPLINE_CURVE_WITH_KNOTS('',1,(#10687,#10688),.UNSPECIFIED.,.F.,
 .F.,(2,2),(0.,18.68813091722),.UNSPECIFIED.);
#4489=B_SPLINE_CURVE_WITH_KNOTS('',1,(#10689,#10690,#10691,#10692),
 .UNSPECIFIED.,.F.,.F.,(2,1,1,2),(-9.92266755203661,-8.12366281730882,-4.89235793273742,
0.),.UNSPECIFIED.);
#4490=B_SPLINE_CURVE_WITH_KNOTS('',1,(#10693,#10694,#10695),
 .UNSPECIFIED.,.F.,.F.,(2,1,2),(0.,6.17091261564974,7.99550035416996),
 .UNSPECIFIED.);
#4491=B_SPLINE_CURVE_WITH_KNOTS('',1,(#10703,#10704),.UNSPECIFIED.,.F.,
 .F.,(2,2),(0.,18.6881309172231),.UNSPECIFIED.);
#4492=B_SPLINE_CURVE_WITH_KNOTS('',1,(#10705,#10706),.UNSPECIFIED.,.F.,
 .F.,(2,2),(0.,19.9999999998804),.UNSPECIFIED.);
#4493=B_SPLINE_CURVE_WITH_KNOTS('',1,(#10707,#10708),.UNSPECIFIED.,.F.,
 .F.,(2,2),(0.,5.8201638017299),.UNSPECIFIED.);
#4494=B_SPLINE_CURVE_WITH_KNOTS('',1,(#10709,#10710),.UNSPECIFIED.,.F.,
 .F.,(2,2),(0.,19.9999999998799),.UNSPECIFIED.);
#4495=B_SPLINE_CURVE_WITH_KNOTS('',1,(#10711,#10712),.UNSPECIFIED.,.F.,
 .F.,(2,2),(0.,15.4654212130199),.UNSPECIFIED.);
#4496=B_SPLINE_CURVE_WITH_KNOTS('',1,(#10713,#10714),.UNSPECIFIED.,.F.,
 .F.,(2,2),(0.,6.82200761935007),.UNSPECIFIED.);
#4497=B_SPLINE_CURVE_WITH_KNOTS('',1,(#10715,#10716),.UNSPECIFIED.,.F.,
 .F.,(2,2),(0.,5.82016383304446),.UNSPECIFIED.);
#4498=B_SPLINE_CURVE_WITH_KNOTS('',1,(#10725,#10726),.UNSPECIFIED.,.F.,
 .F.,(2,2),(-2.00923448073505,0.),.UNSPECIFIED.);
#4499=B_SPLINE_CURVE_WITH_KNOTS('',1,(#10727,#10728),.UNSPECIFIED.,.F.,
 .F.,(2,2),(-18.758569159402,0.),.UNSPECIFIED.);
#4500=B_SPLINE_CURVE_WITH_KNOTS('',1,(#10729,#10730),.UNSPECIFIED.,.F.,
 .F.,(2,2),(0.,6.8220076193511),.UNSPECIFIED.);
#4501=B_SPLINE_CURVE_WITH_KNOTS('',1,(#10731,#10732,#10733),
 .UNSPECIFIED.,.F.,.F.,(2,1,2),(0.,18.7585691691179,20.767803740562),
 .UNSPECIFIED.);
#4502=B_SPLINE_CURVE_WITH_KNOTS('',1,(#10742,#10743),.UNSPECIFIED.,.F.,
 .F.,(2,2),(0.,1.277737449852),.UNSPECIFIED.);
#4503=B_SPLINE_CURVE_WITH_KNOTS('',1,(#10744,#10745),.UNSPECIFIED.,.F.,
 .F.,(2,2),(0.,49.9770980904),.UNSPECIFIED.);
#4504=B_SPLINE_CURVE_WITH_KNOTS('',1,(#10746,#10747),.UNSPECIFIED.,.F.,
 .F.,(2,2),(0.,1.277737449852),.UNSPECIFIED.);
#4505=B_SPLINE_CURVE_WITH_KNOTS('',1,(#10748,#10749),.UNSPECIFIED.,.F.,
 .F.,(2,2),(0.,4.49407052705507),.UNSPECIFIED.);
#4506=B_SPLINE_CURVE_WITH_KNOTS('',3,(#10750,#10751,#10752,#10753),
 .UNSPECIFIED.,.F.,.F.,(4,4),(0.,6.53176616824149),.UNSPECIFIED.);
#4507=B_SPLINE_CURVE_WITH_KNOTS('',3,(#10754,#10755,#10756,#10757),
 .UNSPECIFIED.,.F.,.F.,(4,4),(0.,4.62212223412002),.UNSPECIFIED.);
#4508=B_SPLINE_CURVE_WITH_KNOTS('',3,(#10758,#10759,#10760,#10761,#10762,
#10763,#10764),.UNSPECIFIED.,.F.,.F.,(4,3,4),(0.,9.96442032101815,9.97197580978779),
 .UNSPECIFIED.);
#4509=B_SPLINE_CURVE_WITH_KNOTS('',1,(#10765,#10766),.UNSPECIFIED.,.F.,
 .F.,(2,2),(0.,22.68813091722),.UNSPECIFIED.);
#4510=B_SPLINE_CURVE_WITH_KNOTS('',1,(#10767,#10768),.UNSPECIFIED.,.F.,
 .F.,(2,2),(0.,19.9999999998799),.UNSPECIFIED.);
#4511=B_SPLINE_CURVE_WITH_KNOTS('',1,(#10769,#10770),.UNSPECIFIED.,.F.,
 .F.,(2,2),(0.,22.68813091722),.UNSPECIFIED.);
#4512=B_SPLINE_CURVE_WITH_KNOTS('',1,(#10771,#10772),.UNSPECIFIED.,.F.,
 .F.,(2,2),(0.,19.9999999998799),.UNSPECIFIED.);
#4513=B_SPLINE_CURVE_WITH_KNOTS('',1,(#10773,#10774),.UNSPECIFIED.,.F.,
 .F.,(2,2),(0.,15.4654212130199),.UNSPECIFIED.);
#4514=B_SPLINE_CURVE_WITH_KNOTS('',1,(#10775,#10776),.UNSPECIFIED.,.F.,
 .F.,(2,2),(0.,19.9999999998799),.UNSPECIFIED.);
#4515=B_SPLINE_CURVE_WITH_KNOTS('',1,(#10777,#10778),.UNSPECIFIED.,.F.,
 .F.,(2,2),(0.,10.24415488209),.UNSPECIFIED.);
#4516=B_SPLINE_CURVE_WITH_KNOTS('',1,(#10779,#10780),.UNSPECIFIED.,.F.,
 .F.,(2,2),(0.,24.8886115100699),.UNSPECIFIED.);
#4517=B_SPLINE_CURVE_WITH_KNOTS('',1,(#10781,#10782,#10783),
 .UNSPECIFIED.,.F.,.F.,(2,1,2),(0.,4.05949369895006,9.87965750067997),
 .UNSPECIFIED.);
#4518=B_SPLINE_CURVE_WITH_KNOTS('',1,(#10784,#10785),.UNSPECIFIED.,.F.,
 .F.,(2,2),(0.,26.0429406250501),.UNSPECIFIED.);
#4519=B_SPLINE_CURVE_WITH_KNOTS('',1,(#10786,#10787),.UNSPECIFIED.,.F.,
 .F.,(2,2),(0.,3.179401043442),.UNSPECIFIED.);
#4520=B_SPLINE_CURVE_WITH_KNOTS('',1,(#10791,#10792),.UNSPECIFIED.,.F.,
 .F.,(2,2),(0.,3.179401043442),.UNSPECIFIED.);
#4521=B_SPLINE_CURVE_WITH_KNOTS('',1,(#10793,#10794),.UNSPECIFIED.,.F.,
 .F.,(2,2),(0.,18.2670472711962),.UNSPECIFIED.);
#4522=B_SPLINE_CURVE_WITH_KNOTS('',1,(#10795,#10796),.UNSPECIFIED.,.F.,
 .F.,(2,2),(0.,3.17940104344302),.UNSPECIFIED.);
#4523=B_SPLINE_CURVE_WITH_KNOTS('',1,(#10800,#10801),.UNSPECIFIED.,.F.,
 .F.,(2,2),(0.,3.179401043442),.UNSPECIFIED.);
#4524=B_SPLINE_CURVE_WITH_KNOTS('',1,(#10802,#10803),.UNSPECIFIED.,.F.,
 .F.,(2,2),(0.,37.55901072952),.UNSPECIFIED.);
#4525=B_SPLINE_CURVE_WITH_KNOTS('',1,(#10804,#10805),.UNSPECIFIED.,.F.,
 .F.,(2,2),(0.,3.179401043442),.UNSPECIFIED.);
#4526=B_SPLINE_CURVE_WITH_KNOTS('',1,(#10809,#10810),.UNSPECIFIED.,.F.,
 .F.,(2,2),(0.,3.17940104344302),.UNSPECIFIED.);
#4527=B_SPLINE_CURVE_WITH_KNOTS('',1,(#10811,#10812),.UNSPECIFIED.,.F.,
 .F.,(2,2),(-18.2670472711962,0.),.UNSPECIFIED.);
#4528=B_SPLINE_CURVE_WITH_KNOTS('',1,(#10813,#10814),.UNSPECIFIED.,.F.,
 .F.,(2,2),(0.,3.179401043442),.UNSPECIFIED.);
#4529=B_SPLINE_CURVE_WITH_KNOTS('',1,(#10818,#10819),.UNSPECIFIED.,.F.,
 .F.,(2,2),(0.,3.179401043442),.UNSPECIFIED.);
#4530=B_SPLINE_CURVE_WITH_KNOTS('',1,(#10820,#10821),.UNSPECIFIED.,.F.,
 .F.,(2,2),(0.,3.179401043442),.UNSPECIFIED.);
#4531=B_SPLINE_CURVE_WITH_KNOTS('',1,(#10825,#10826),.UNSPECIFIED.,.F.,
 .F.,(2,2),(0.,3.179401043442),.UNSPECIFIED.);
#4532=B_SPLINE_CURVE_WITH_KNOTS('',1,(#10827,#10828),.UNSPECIFIED.,.F.,
 .F.,(2,2),(-18.758569159402,0.),.UNSPECIFIED.);
#4533=B_SPLINE_CURVE_WITH_KNOTS('',1,(#10829,#10830),.UNSPECIFIED.,.F.,
 .F.,(2,2),(-2.00923448073505,0.),.UNSPECIFIED.);
#4534=B_SPLINE_CURVE_WITH_KNOTS('',1,(#10831,#10832),.UNSPECIFIED.,.F.,
 .F.,(2,2),(0.,3.179401043442),.UNSPECIFIED.);
#4535=B_SPLINE_CURVE_WITH_KNOTS('',1,(#10836,#10837),.UNSPECIFIED.,.F.,
 .F.,(2,2),(-3.179401043442,0.),.UNSPECIFIED.);
#4536=B_SPLINE_CURVE_WITH_KNOTS('',1,(#10871,#10872),.UNSPECIFIED.,.F.,
 .F.,(2,2),(0.,26.7816102987601),.UNSPECIFIED.);
#4537=B_SPLINE_CURVE_WITH_KNOTS('',1,(#10873,#10874),.UNSPECIFIED.,.F.,
 .F.,(2,2),(-9.71149063335997,0.),.UNSPECIFIED.);
#4538=B_SPLINE_CURVE_WITH_KNOTS('',1,(#10875,#10876),.UNSPECIFIED.,.F.,
 .F.,(2,2),(0.,9.71149063335997),.UNSPECIFIED.);
#4539=B_SPLINE_CURVE_WITH_KNOTS('',1,(#10877,#10878),.UNSPECIFIED.,.F.,
 .F.,(2,2),(-3.17879729539106,0.),.UNSPECIFIED.);
#4540=B_SPLINE_CURVE_WITH_KNOTS('',1,(#10879,#10880,#10881),
 .UNSPECIFIED.,.F.,.F.,(2,1,2),(0.,7.3823447110799,11.0498403776999),
 .UNSPECIFIED.);
#4541=B_SPLINE_CURVE_WITH_KNOTS('',1,(#10882,#10883),.UNSPECIFIED.,.F.,
 .F.,(2,2),(-3.17903235035203,0.),.UNSPECIFIED.);
#4542=B_SPLINE_CURVE_WITH_KNOTS('',1,(#10886,#10887),.UNSPECIFIED.,.F.,
 .F.,(2,2),(-3.71204868605014,0.),.UNSPECIFIED.);
#4543=B_SPLINE_CURVE_WITH_KNOTS('',3,(#10888,#10889,#10890,#10891),
 .UNSPECIFIED.,.F.,.F.,(4,4),(0.,1.89038933158561),.UNSPECIFIED.);
#4544=B_SPLINE_CURVE_WITH_KNOTS('',1,(#10892,#10893),.UNSPECIFIED.,.F.,
 .F.,(2,2),(0.,1.12606121913018),.UNSPECIFIED.);
#4545=B_SPLINE_CURVE_WITH_KNOTS('',1,(#10894,#10895),.UNSPECIFIED.,.F.,
 .F.,(2,2),(0.,1.51584961273011),.UNSPECIFIED.);
#4546=B_SPLINE_CURVE_WITH_KNOTS('',3,(#10896,#10897,#10898,#10899,#10900,
#10901,#10902),.UNSPECIFIED.,.F.,.F.,(4,3,4),(-8.41820721880947,-0.118939966310011,
0.),.UNSPECIFIED.);
#4547=B_SPLINE_CURVE_WITH_KNOTS('',3,(#10903,#10904,#10905,#10906,#10907,
#10908,#10909,#10910,#10911,#10912),.UNSPECIFIED.,.F.,.F.,(4,3,3,4),(-8.27955529971073,
-8.25020795067182,-4.5753948036081,0.),.UNSPECIFIED.);
#4548=B_SPLINE_CURVE_WITH_KNOTS('',3,(#10913,#10914,#10915,#10916,#10917,
#10918,#10919,#10920,#10921,#10922),.UNSPECIFIED.,.F.,.F.,(4,3,3,4),(-5.81999844499726,
-3.704160300938,-0.02934715387428,0.),.UNSPECIFIED.);
#4549=B_SPLINE_CURVE_WITH_KNOTS('',3,(#10923,#10924,#10925,#10926),
 .UNSPECIFIED.,.F.,.F.,(4,4),(-6.00752938918492,0.),.UNSPECIFIED.);
#4550=B_SPLINE_CURVE_WITH_KNOTS('',1,(#10927,#10928),.UNSPECIFIED.,.F.,
 .F.,(2,2),(-14.5069671271222,0.),.UNSPECIFIED.);
#4551=B_SPLINE_CURVE_WITH_KNOTS('',1,(#10929,#10930),.UNSPECIFIED.,.F.,
 .F.,(2,2),(0.,7.0376103819865),.UNSPECIFIED.);
#4552=B_SPLINE_CURVE_WITH_KNOTS('',1,(#10931,#10932),.UNSPECIFIED.,.F.,
 .F.,(2,2),(0.,20.5587186883199),.UNSPECIFIED.);
#4553=B_SPLINE_CURVE_WITH_KNOTS('',1,(#10933,#10934),.UNSPECIFIED.,.F.,
 .F.,(2,2),(0.,14.29512843463),.UNSPECIFIED.);
#4554=B_SPLINE_CURVE_WITH_KNOTS('',1,(#10935,#10936),.UNSPECIFIED.,.F.,
 .F.,(2,2),(0.,12.4705406961098),.UNSPECIFIED.);
#4555=B_SPLINE_CURVE_WITH_KNOTS('',1,(#10937,#10938),.UNSPECIFIED.,.F.,
 .F.,(2,2),(-5.54470602114907,0.),.UNSPECIFIED.);
#4556=B_SPLINE_CURVE_WITH_KNOTS('',1,(#10939,#10940),.UNSPECIFIED.,.F.,
 .F.,(2,2),(0.,12.4705407792699),.UNSPECIFIED.);
#4557=B_SPLINE_CURVE_WITH_KNOTS('',1,(#10941,#10942),.UNSPECIFIED.,.F.,
 .F.,(2,2),(0.,1.82458773852022),.UNSPECIFIED.);
#4558=B_SPLINE_CURVE_WITH_KNOTS('',1,(#10943,#10944,#10945),
 .UNSPECIFIED.,.F.,.F.,(2,1,2),(0.,7.81547768714972,12.4705406961098),
 .UNSPECIFIED.);
#4559=B_SPLINE_CURVE_WITH_KNOTS('',1,(#10946,#10947),.UNSPECIFIED.,.F.,
 .F.,(2,2),(0.,10.3688720083298),.UNSPECIFIED.);
#4560=B_SPLINE_CURVE_WITH_KNOTS('',1,(#10948,#10949,#10950),
 .UNSPECIFIED.,.F.,.F.,(2,1,2),(-28.5088543100768,-9.92266755203661,0.),
 .UNSPECIFIED.);
#4561=B_SPLINE_CURVE_WITH_KNOTS('',1,(#10951,#10952),.UNSPECIFIED.,.F.,
 .F.,(2,2),(0.,20.5587186883199),.UNSPECIFIED.);
#4562=B_SPLINE_CURVE_WITH_KNOTS('',1,(#10953,#10954),.UNSPECIFIED.,.F.,
 .F.,(2,2),(0.,12.4705406961098),.UNSPECIFIED.);
#4563=B_SPLINE_CURVE_WITH_KNOTS('',1,(#10955,#10956),.UNSPECIFIED.,.F.,
 .F.,(2,2),(-3.17896519179203,0.),.UNSPECIFIED.);
#4564=B_SPLINE_CURVE_WITH_KNOTS('',1,(#10957,#10958),.UNSPECIFIED.,.F.,
 .F.,(2,2),(-11.0943933600699,0.),.UNSPECIFIED.);
#4565=B_SPLINE_CURVE_WITH_KNOTS('',1,(#10959,#10960),.UNSPECIFIED.,.F.,
 .F.,(2,2),(0.,4.65506299686967),.UNSPECIFIED.);
#4566=B_SPLINE_CURVE_WITH_KNOTS('',1,(#10961,#10962),.UNSPECIFIED.,.F.,
 .F.,(2,2),(0.,5.22931017037649),.UNSPECIFIED.);
#4567=B_SPLINE_CURVE_WITH_KNOTS('',1,(#10963,#10964),.UNSPECIFIED.,.F.,
 .F.,(2,2),(-4.355896337383,0.),.UNSPECIFIED.);
#4568=B_SPLINE_CURVE_WITH_KNOTS('',1,(#11010,#11011),.UNSPECIFIED.,.F.,
 .F.,(2,2),(-16.2872291001249,-15.2310443220304),.UNSPECIFIED.);
#4569=B_SPLINE_CURVE_WITH_KNOTS('',1,(#11012,#11013),.UNSPECIFIED.,.F.,
 .F.,(2,2),(-13.3793580540713,-12.1669838367805),.UNSPECIFIED.);
#4570=B_SPLINE_CURVE_WITH_KNOTS('',1,(#11014,#11015),.UNSPECIFIED.,.F.,
 .F.,(2,2),(4.60792833077996,8.10792833077994),.UNSPECIFIED.);
#4571=B_SPLINE_CURVE_WITH_KNOTS('',1,(#11016,#11017),.UNSPECIFIED.,.F.,
 .F.,(2,2),(-1283.97638522964,-1256.38600364472),.UNSPECIFIED.);
#4572=B_SPLINE_CURVE_WITH_KNOTS('',1,(#11018,#11019),.UNSPECIFIED.,.F.,
 .F.,(2,2),(-1.0997437414686,-0.0435589633740392),.UNSPECIFIED.);
#4573=B_SPLINE_CURVE_WITH_KNOTS('',1,(#11020,#11021),.UNSPECIFIED.,.F.,
 .F.,(2,2),(-8.10792833077994,-4.60792833077996),.UNSPECIFIED.);
#4574=B_SPLINE_CURVE_WITH_KNOTS('',1,(#11022,#11023),.UNSPECIFIED.,.F.,
 .F.,(2,2),(12.1669838367805,13.3793580540713),.UNSPECIFIED.);
#4575=B_SPLINE_CURVE_WITH_KNOTS('',1,(#11024,#11025),.UNSPECIFIED.,.F.,
 .F.,(2,2),(15.2310443220304,16.2872291001249),.UNSPECIFIED.);
#4576=B_SPLINE_CURVE_WITH_KNOTS('',1,(#11026,#11027),.UNSPECIFIED.,.F.,
 .F.,(2,2),(-31.25787727695,-3.66749569202989),.UNSPECIFIED.);
#4577=B_SPLINE_CURVE_WITH_KNOTS('',1,(#11028,#11029),.UNSPECIFIED.,.F.,
 .F.,(2,2),(0.0435589633740393,1.0997437414686),.UNSPECIFIED.);
#4578=B_SPLINE_CURVE_WITH_KNOTS('',1,(#11030,#11031),.UNSPECIFIED.,.F.,
 .F.,(2,2),(1.07031794879311,8.10792833077994),.UNSPECIFIED.);
#4579=B_SPLINE_CURVE_WITH_KNOTS('',1,(#11032,#11033),.UNSPECIFIED.,.F.,
 .F.,(2,2),(1.07031794879301,6.29962811916994),.UNSPECIFIED.);
#4580=B_SPLINE_CURVE_WITH_KNOTS('',1,(#11034,#11035),.UNSPECIFIED.,.F.,
 .F.,(2,2),(1.16976282935968,4.22461092785894),.UNSPECIFIED.);
#4581=B_SPLINE_CURVE_WITH_KNOTS('',1,(#11036,#11037),.UNSPECIFIED.,.F.,
 .F.,(2,2),(-4.22461092785894,-1.16976282935968),.UNSPECIFIED.);
#4582=B_SPLINE_CURVE_WITH_KNOTS('',1,(#11038,#11039),.UNSPECIFIED.,.F.,
 .F.,(2,2),(13.6493593624407,16.7042074609399),.UNSPECIFIED.);
#4583=B_SPLINE_CURVE_WITH_KNOTS('',1,(#11040,#11041),.UNSPECIFIED.,.F.,
 .F.,(2,2),(-16.7042074609399,-13.6493593624407),.UNSPECIFIED.);
#4584=B_SPLINE_CURVE_WITH_KNOTS('',1,(#11042,#11043),.UNSPECIFIED.,.F.,
 .F.,(2,2),(1256.38600364472,1283.97638522698),.UNSPECIFIED.);
#4585=B_SPLINE_CURVE_WITH_KNOTS('',1,(#11044,#11045),.UNSPECIFIED.,.F.,
 .F.,(2,2),(1256.38600364472,1283.97638524273),.UNSPECIFIED.);
#4586=B_SPLINE_CURVE_WITH_KNOTS('',1,(#11046,#11047),.UNSPECIFIED.,.F.,
 .F.,(2,2),(1256.38600364472,1283.36626826861),.UNSPECIFIED.);
#4587=B_SPLINE_CURVE_WITH_KNOTS('',1,(#11048,#11049),.UNSPECIFIED.,.F.,
 .F.,(2,2),(1256.38600364472,1283.36626826861),.UNSPECIFIED.);
#4588=B_SPLINE_CURVE_WITH_KNOTS('',1,(#11050,#11051),.UNSPECIFIED.,.F.,
 .F.,(2,2),(1256.38600364472,1283.97638524273),.UNSPECIFIED.);
#4589=B_SPLINE_CURVE_WITH_KNOTS('',1,(#11052,#11053),.UNSPECIFIED.,.F.,
 .F.,(2,2),(1256.38600364472,1283.97638522698),.UNSPECIFIED.);
#4590=B_SPLINE_CURVE_WITH_KNOTS('',1,(#11054,#11055),.UNSPECIFIED.,.F.,
 .F.,(2,2),(4.27224228216616E-13,0.9918436767995),.UNSPECIFIED.);
#4591=B_SPLINE_CURVE_WITH_KNOTS('',1,(#11056,#11057),.UNSPECIFIED.,.F.,
 .F.,(2,2),(3.46944695195361E-18,2.80683549105944),.UNSPECIFIED.);
#4592=B_SPLINE_CURVE_WITH_KNOTS('',1,(#11058,#11059),.UNSPECIFIED.,.F.,
 .F.,(2,2),(-0.9918436767995,-4.27224228216616E-13),.UNSPECIFIED.);
#4593=B_SPLINE_CURVE_WITH_KNOTS('',1,(#11060,#11061),.UNSPECIFIED.,.F.,
 .F.,(2,2),(-2.80683549105944,-5.51642065360625E-16),.UNSPECIFIED.);
#4594=B_SPLINE_CURVE_WITH_KNOTS('',1,(#11062,#11063),.UNSPECIFIED.,.F.,
 .F.,(2,2),(8.21237421729086,15.2123742172909),.UNSPECIFIED.);
#4595=B_SPLINE_CURVE_WITH_KNOTS('',3,(#11064,#11065,#11066,#11067),
 .UNSPECIFIED.,.F.,.F.,(4,4),(1.05970025634969,4.5597002563507),
 .UNSPECIFIED.);
#4596=B_SPLINE_CURVE_WITH_KNOTS('',3,(#11068,#11069,#11070,#11071),
 .UNSPECIFIED.,.F.,.F.,(4,4),(3.50000000000284,4.5597002563407),
 .UNSPECIFIED.);
#4597=B_SPLINE_CURVE_WITH_KNOTS('',3,(#11072,#11073,#11074,#11075),
 .UNSPECIFIED.,.F.,.F.,(4,4),(3.50000000000307,4.55970025634069),
 .UNSPECIFIED.);
#4598=B_SPLINE_CURVE_WITH_KNOTS('',1,(#11076,#11077),.UNSPECIFIED.,.F.,
 .F.,(2,2),(3.5,6.29962808046002),.UNSPECIFIED.);
#4599=B_SPLINE_CURVE_WITH_KNOTS('',1,(#11078,#11079,#11080),
 .UNSPECIFIED.,.F.,.F.,(2,1,2),(3.49999999999987,6.29962808046002,12.4705406961098),
 .UNSPECIFIED.);
#4600=B_SPLINE_CURVE_WITH_KNOTS('',1,(#11081,#11082),.UNSPECIFIED.,.F.,
 .F.,(2,2),(0.,119.51932295153),.UNSPECIFIED.);
#4601=B_SPLINE_CURVE_WITH_KNOTS('',1,(#11083,#11084),.UNSPECIFIED.,.F.,
 .F.,(2,2),(0.,119.519322951513),.UNSPECIFIED.);
#4602=B_SPLINE_CURVE_WITH_KNOTS('',1,(#11085,#11086),.UNSPECIFIED.,.F.,
 .F.,(2,2),(15.2123742172909,16.0489563991374),.UNSPECIFIED.);
#4603=B_SPLINE_CURVE_WITH_KNOTS('',1,(#11087,#11088),.UNSPECIFIED.,.F.,
 .F.,(2,2),(-6.63657407717227,-1.71513582391342),.UNSPECIFIED.);
#4604=B_SPLINE_CURVE_WITH_KNOTS('',1,(#11089,#11090),.UNSPECIFIED.,.F.,
 .F.,(2,2),(1.71513582391352,6.63657407717232),.UNSPECIFIED.);
#4605=B_SPLINE_CURVE_WITH_KNOTS('',1,(#11091,#11092),.UNSPECIFIED.,.F.,
 .F.,(2,2),(7.37579203544434,8.21237421729086),.UNSPECIFIED.);
#4606=B_SPLINE_CURVE_WITH_KNOTS('',1,(#11093,#11094),.UNSPECIFIED.,.F.,
 .F.,(2,2),(466.537558129993,1027.86421493289),.UNSPECIFIED.);
#4607=B_SPLINE_CURVE_WITH_KNOTS('',1,(#11095,#11096),.UNSPECIFIED.,.F.,
 .F.,(2,2),(119.51932295153,466.537558129993),.UNSPECIFIED.);
#4608=B_SPLINE_CURVE_WITH_KNOTS('',1,(#11097,#11098),.UNSPECIFIED.,.F.,
 .F.,(2,2),(466.537558129993,1027.86421493293),.UNSPECIFIED.);
#4609=B_SPLINE_CURVE_WITH_KNOTS('',1,(#11099,#11100),.UNSPECIFIED.,.F.,
 .F.,(2,2),(119.519322951513,466.537558129993),.UNSPECIFIED.);
#4610=B_SPLINE_CURVE_WITH_KNOTS('',1,(#11101,#11102,#11103),
 .UNSPECIFIED.,.F.,.F.,(2,1,2),(-4.39945530075706,-4.16380422671855,-2.95143000942768),
 .UNSPECIFIED.);
#4611=B_SPLINE_CURVE_WITH_KNOTS('',1,(#11104,#11105,#11106),
 .UNSPECIFIED.,.F.,.F.,(2,1,2),(2.95143000942767,4.16380422671854,4.39945530075703),
 .UNSPECIFIED.);
#4612=(
BOUNDED_CURVE()
B_SPLINE_CURVE(1,(#8197,#8198),.UNSPECIFIED.,.F.,.F.)
B_SPLINE_CURVE_WITH_KNOTS((2,2),(0.,24.8886115100699),.UNSPECIFIED.)
CURVE()
GEOMETRIC_REPRESENTATION_ITEM()
RATIONAL_B_SPLINE_CURVE((1.,1.))
REPRESENTATION_ITEM('')
);
#4613=(
BOUNDED_CURVE()
B_SPLINE_CURVE(1,(#8211,#8212),.UNSPECIFIED.,.F.,.F.)
B_SPLINE_CURVE_WITH_KNOTS((2,2),(0.,29.07618864098),.UNSPECIFIED.)
CURVE()
GEOMETRIC_REPRESENTATION_ITEM()
RATIONAL_B_SPLINE_CURVE((1.,1.))
REPRESENTATION_ITEM('')
);
#4614=(
BOUNDED_CURVE()
B_SPLINE_CURVE(2,(#8213,#8214,#8215),.UNSPECIFIED.,.F.,.F.)
B_SPLINE_CURVE_WITH_KNOTS((3,3),(0.,8.00000000004013),.UNSPECIFIED.)
CURVE()
GEOMETRIC_REPRESENTATION_ITEM()
RATIONAL_B_SPLINE_CURVE((1.,0.707106781183,1.))
REPRESENTATION_ITEM('')
);
#4615=(
BOUNDED_CURVE()
B_SPLINE_CURVE(2,(#8216,#8217,#8218),.UNSPECIFIED.,.F.,.F.)
B_SPLINE_CURVE_WITH_KNOTS((3,3),(0.,3.63264939500093),.UNSPECIFIED.)
CURVE()
GEOMETRIC_REPRESENTATION_ITEM()
RATIONAL_B_SPLINE_CURVE((1.,0.98873815703365,1.))
REPRESENTATION_ITEM('')
);
#4616=(
BOUNDED_CURVE()
B_SPLINE_CURVE(1,(#8219,#8220,#8221,#8222),.UNSPECIFIED.,.F.,.F.)
B_SPLINE_CURVE_WITH_KNOTS((2,1,1,2),(0.,2.82236158824503,6.81355635397006,
6.8220076193511),.UNSPECIFIED.)
CURVE()
GEOMETRIC_REPRESENTATION_ITEM()
RATIONAL_B_SPLINE_CURVE((1.,1.,1.,1.))
REPRESENTATION_ITEM('')
);
#4617=(
BOUNDED_CURVE()
B_SPLINE_CURVE(2,(#8223,#8224,#8225),.UNSPECIFIED.,.F.,.F.)
B_SPLINE_CURVE_WITH_KNOTS((3,3),(0.,3.63264939500339),.UNSPECIFIED.)
CURVE()
GEOMETRIC_REPRESENTATION_ITEM()
RATIONAL_B_SPLINE_CURVE((1.,0.988738157032966,1.))
REPRESENTATION_ITEM('')
);
#4618=(
BOUNDED_CURVE()
B_SPLINE_CURVE(1,(#8226,#8227),.UNSPECIFIED.,.F.,.F.)
B_SPLINE_CURVE_WITH_KNOTS((2,2),(0.,6.8220076193511),.UNSPECIFIED.)
CURVE()
GEOMETRIC_REPRESENTATION_ITEM()
RATIONAL_B_SPLINE_CURVE((1.,1.))
REPRESENTATION_ITEM('')
);
#4619=(
BOUNDED_CURVE()
B_SPLINE_CURVE(2,(#8230,#8231,#8232),.UNSPECIFIED.,.F.,.F.)
B_SPLINE_CURVE_WITH_KNOTS((3,3),(0.,17.0277723915693),.UNSPECIFIED.)
CURVE()
GEOMETRIC_REPRESENTATION_ITEM()
RATIONAL_B_SPLINE_CURVE((1.,1.,1.))
REPRESENTATION_ITEM('')
);
#4620=(
BOUNDED_CURVE()
B_SPLINE_CURVE(1,(#8237,#8238),.UNSPECIFIED.,.F.,.F.)
B_SPLINE_CURVE_WITH_KNOTS((2,2),(0.,6.64283276473407),.UNSPECIFIED.)
CURVE()
GEOMETRIC_REPRESENTATION_ITEM()
RATIONAL_B_SPLINE_CURVE((1.,1.))
REPRESENTATION_ITEM('')
);
#4621=(
BOUNDED_CURVE()
B_SPLINE_CURVE(2,(#8239,#8240,#8241),.UNSPECIFIED.,.F.,.F.)
B_SPLINE_CURVE_WITH_KNOTS((3,3),(0.,5.89660450255844),.UNSPECIFIED.)
CURVE()
GEOMETRIC_REPRESENTATION_ITEM()
RATIONAL_B_SPLINE_CURVE((1.,0.804966082789698,1.))
REPRESENTATION_ITEM('')
);
#4622=(
BOUNDED_CURVE()
B_SPLINE_CURVE(1,(#8242,#8243),.UNSPECIFIED.,.F.,.F.)
B_SPLINE_CURVE_WITH_KNOTS((2,2),(0.,2.8220076193511),.UNSPECIFIED.)
CURVE()
GEOMETRIC_REPRESENTATION_ITEM()
RATIONAL_B_SPLINE_CURVE((1.,1.))
REPRESENTATION_ITEM('')
);
#4623=(
BOUNDED_CURVE()
B_SPLINE_CURVE(1,(#8254,#8255),.UNSPECIFIED.,.F.,.F.)
B_SPLINE_CURVE_WITH_KNOTS((2,2),(-2.,0.),.UNSPECIFIED.)
CURVE()
GEOMETRIC_REPRESENTATION_ITEM()
RATIONAL_B_SPLINE_CURVE((1.,1.))
REPRESENTATION_ITEM('')
);
#4624=(
BOUNDED_CURVE()
B_SPLINE_CURVE(2,(#8256,#8257,#8258,#8259,#8260),.UNSPECIFIED.,.F.,.F.)
B_SPLINE_CURVE_WITH_KNOTS((3,2,3),(-4.99999999999977,-2.5,0.),
 .UNSPECIFIED.)
CURVE()
GEOMETRIC_REPRESENTATION_ITEM()
RATIONAL_B_SPLINE_CURVE((1.,0.707106781186548,1.,0.707106781186548,1.))
REPRESENTATION_ITEM('')
);
#4625=(
BOUNDED_CURVE()
B_SPLINE_CURVE(1,(#8261,#8262),.UNSPECIFIED.,.F.,.F.)
B_SPLINE_CURVE_WITH_KNOTS((2,2),(-2.,0.),.UNSPECIFIED.)
CURVE()
GEOMETRIC_REPRESENTATION_ITEM()
RATIONAL_B_SPLINE_CURVE((1.,1.))
REPRESENTATION_ITEM('')
);
#4626=(
BOUNDED_CURVE()
B_SPLINE_CURVE(2,(#8263,#8264,#8265,#8266,#8267),.UNSPECIFIED.,.F.,.F.)
B_SPLINE_CURVE_WITH_KNOTS((3,2,3),(-4.99999999999977,-2.49999999999977,
0.),.UNSPECIFIED.)
CURVE()
GEOMETRIC_REPRESENTATION_ITEM()
RATIONAL_B_SPLINE_CURVE((1.,0.707106781186548,1.,0.707106781186548,1.))
REPRESENTATION_ITEM('')
);
#4627=(
BOUNDED_CURVE()
B_SPLINE_CURVE(2,(#8268,#8269,#8270),.UNSPECIFIED.,.F.,.F.)
B_SPLINE_CURVE_WITH_KNOTS((3,3),(0.,13.9691125397098),.UNSPECIFIED.)
CURVE()
GEOMETRIC_REPRESENTATION_ITEM()
RATIONAL_B_SPLINE_CURVE((1.,1.,1.))
REPRESENTATION_ITEM('')
);
#4628=(
BOUNDED_CURVE()
B_SPLINE_CURVE(2,(#8271,#8272,#8273),.UNSPECIFIED.,.F.,.F.)
B_SPLINE_CURVE_WITH_KNOTS((3,3),(0.,13.9691125397098),.UNSPECIFIED.)
CURVE()
GEOMETRIC_REPRESENTATION_ITEM()
RATIONAL_B_SPLINE_CURVE((1.,1.,1.))
REPRESENTATION_ITEM('')
);
#4629=(
BOUNDED_CURVE()
B_SPLINE_CURVE(1,(#8274,#8275),.UNSPECIFIED.,.F.,.F.)
B_SPLINE_CURVE_WITH_KNOTS((2,2),(0.,2.),.UNSPECIFIED.)
CURVE()
GEOMETRIC_REPRESENTATION_ITEM()
RATIONAL_B_SPLINE_CURVE((1.,1.))
REPRESENTATION_ITEM('')
);
#4630=(
BOUNDED_CURVE()
B_SPLINE_CURVE(1,(#8276,#8277),.UNSPECIFIED.,.F.,.F.)
B_SPLINE_CURVE_WITH_KNOTS((2,2),(-2.,0.),.UNSPECIFIED.)
CURVE()
GEOMETRIC_REPRESENTATION_ITEM()
RATIONAL_B_SPLINE_CURVE((1.,1.))
REPRESENTATION_ITEM('')
);
#4631=(
BOUNDED_CURVE()
B_SPLINE_CURVE(2,(#8278,#8279,#8280,#8281,#8282),.UNSPECIFIED.,.F.,.F.)
B_SPLINE_CURVE_WITH_KNOTS((3,2,3),(-5.00000000000387,-2.50000000000182,
0.),.UNSPECIFIED.)
CURVE()
GEOMETRIC_REPRESENTATION_ITEM()
RATIONAL_B_SPLINE_CURVE((1.,0.70710678118629,1.,0.70710678118629,1.))
REPRESENTATION_ITEM('')
);
#4632=(
BOUNDED_CURVE()
B_SPLINE_CURVE(2,(#8283,#8284,#8285,#8286,#8287),.UNSPECIFIED.,.F.,.F.)
B_SPLINE_CURVE_WITH_KNOTS((3,2,3),(-5.00000000000387,-2.50000000000205,
0.),.UNSPECIFIED.)
CURVE()
GEOMETRIC_REPRESENTATION_ITEM()
RATIONAL_B_SPLINE_CURVE((1.,0.70710678118629,1.,0.70710678118629,1.))
REPRESENTATION_ITEM('')
);
#4633=(
BOUNDED_CURVE()
B_SPLINE_CURVE(2,(#8288,#8289,#8290),.UNSPECIFIED.,.F.,.F.)
B_SPLINE_CURVE_WITH_KNOTS((3,3),(0.,13.9691125397098),.UNSPECIFIED.)
CURVE()
GEOMETRIC_REPRESENTATION_ITEM()
RATIONAL_B_SPLINE_CURVE((1.,1.,1.))
REPRESENTATION_ITEM('')
);
#4634=(
BOUNDED_CURVE()
B_SPLINE_CURVE(2,(#8291,#8292,#8293),.UNSPECIFIED.,.F.,.F.)
B_SPLINE_CURVE_WITH_KNOTS((3,3),(0.,13.9691125397098),.UNSPECIFIED.)
CURVE()
GEOMETRIC_REPRESENTATION_ITEM()
RATIONAL_B_SPLINE_CURVE((1.,1.,1.))
REPRESENTATION_ITEM('')
);
#4635=(
BOUNDED_CURVE()
B_SPLINE_CURVE(1,(#8294,#8295),.UNSPECIFIED.,.F.,.F.)
B_SPLINE_CURVE_WITH_KNOTS((2,2),(-2.,0.),.UNSPECIFIED.)
CURVE()
GEOMETRIC_REPRESENTATION_ITEM()
RATIONAL_B_SPLINE_CURVE((1.,1.))
REPRESENTATION_ITEM('')
);
#4636=(
BOUNDED_CURVE()
B_SPLINE_CURVE(2,(#8296,#8297,#8298,#8299,#8300),.UNSPECIFIED.,.F.,.F.)
B_SPLINE_CURVE_WITH_KNOTS((3,2,3),(-5.00000000000387,-2.50000000000182,
0.),.UNSPECIFIED.)
CURVE()
GEOMETRIC_REPRESENTATION_ITEM()
RATIONAL_B_SPLINE_CURVE((1.,0.70710678118629,1.,0.70710678118629,1.))
REPRESENTATION_ITEM('')
);
#4637=(
BOUNDED_CURVE()
B_SPLINE_CURVE(1,(#8301,#8302),.UNSPECIFIED.,.F.,.F.)
B_SPLINE_CURVE_WITH_KNOTS((2,2),(-2.,0.),.UNSPECIFIED.)
CURVE()
GEOMETRIC_REPRESENTATION_ITEM()
RATIONAL_B_SPLINE_CURVE((1.,1.))
REPRESENTATION_ITEM('')
);
#4638=(
BOUNDED_CURVE()
B_SPLINE_CURVE(2,(#8303,#8304,#8305,#8306,#8307),.UNSPECIFIED.,.F.,.F.)
B_SPLINE_CURVE_WITH_KNOTS((3,2,3),(-4.99999999999682,-2.49999999999818,
0.),.UNSPECIFIED.)
CURVE()
GEOMETRIC_REPRESENTATION_ITEM()
RATIONAL_B_SPLINE_CURVE((1.,0.707106781186805,1.,0.707106781186805,1.))
REPRESENTATION_ITEM('')
);
#4639=(
BOUNDED_CURVE()
B_SPLINE_CURVE(2,(#8308,#8309,#8310),.UNSPECIFIED.,.F.,.F.)
B_SPLINE_CURVE_WITH_KNOTS((3,3),(0.,13.9691125397098),.UNSPECIFIED.)
CURVE()
GEOMETRIC_REPRESENTATION_ITEM()
RATIONAL_B_SPLINE_CURVE((1.,1.,1.))
REPRESENTATION_ITEM('')
);
#4640=(
BOUNDED_CURVE()
B_SPLINE_CURVE(2,(#8311,#8312,#8313),.UNSPECIFIED.,.F.,.F.)
B_SPLINE_CURVE_WITH_KNOTS((3,3),(0.,13.9691125397098),.UNSPECIFIED.)
CURVE()
GEOMETRIC_REPRESENTATION_ITEM()
RATIONAL_B_SPLINE_CURVE((1.,1.,1.))
REPRESENTATION_ITEM('')
);
#4641=(
BOUNDED_CURVE()
B_SPLINE_CURVE(1,(#8314,#8315),.UNSPECIFIED.,.F.,.F.)
B_SPLINE_CURVE_WITH_KNOTS((2,2),(0.,2.),.UNSPECIFIED.)
CURVE()
GEOMETRIC_REPRESENTATION_ITEM()
RATIONAL_B_SPLINE_CURVE((1.,1.))
REPRESENTATION_ITEM('')
);
#4642=(
BOUNDED_CURVE()
B_SPLINE_CURVE(1,(#8316,#8317),.UNSPECIFIED.,.F.,.F.)
B_SPLINE_CURVE_WITH_KNOTS((2,2),(-2.,0.),.UNSPECIFIED.)
CURVE()
GEOMETRIC_REPRESENTATION_ITEM()
RATIONAL_B_SPLINE_CURVE((1.,1.))
REPRESENTATION_ITEM('')
);
#4643=(
BOUNDED_CURVE()
B_SPLINE_CURVE(2,(#8318,#8319,#8320,#8321,#8322),.UNSPECIFIED.,.F.,.F.)
B_SPLINE_CURVE_WITH_KNOTS((3,2,3),(-5.00000000000387,-2.50000000000205,
0.),.UNSPECIFIED.)
CURVE()
GEOMETRIC_REPRESENTATION_ITEM()
RATIONAL_B_SPLINE_CURVE((1.,0.70710678118629,1.,0.70710678118629,1.))
REPRESENTATION_ITEM('')
);
#4644=(
BOUNDED_CURVE()
B_SPLINE_CURVE(2,(#8323,#8324,#8325,#8326,#8327),.UNSPECIFIED.,.F.,.F.)
B_SPLINE_CURVE_WITH_KNOTS((3,2,3),(-5.00000000000159,-2.50000000000023,
0.),.UNSPECIFIED.)
CURVE()
GEOMETRIC_REPRESENTATION_ITEM()
RATIONAL_B_SPLINE_CURVE((1.,0.707106781186419,1.,0.707106781186419,1.))
REPRESENTATION_ITEM('')
);
#4645=(
BOUNDED_CURVE()
B_SPLINE_CURVE(2,(#8328,#8329,#8330),.UNSPECIFIED.,.F.,.F.)
B_SPLINE_CURVE_WITH_KNOTS((3,3),(0.,13.9691125397098),.UNSPECIFIED.)
CURVE()
GEOMETRIC_REPRESENTATION_ITEM()
RATIONAL_B_SPLINE_CURVE((1.,1.,1.))
REPRESENTATION_ITEM('')
);
#4646=(
BOUNDED_CURVE()
B_SPLINE_CURVE(2,(#8331,#8332,#8333),.UNSPECIFIED.,.F.,.F.)
B_SPLINE_CURVE_WITH_KNOTS((3,3),(0.,13.9691125397098),.UNSPECIFIED.)
CURVE()
GEOMETRIC_REPRESENTATION_ITEM()
RATIONAL_B_SPLINE_CURVE((1.,1.,1.))
REPRESENTATION_ITEM('')
);
#4647=(
BOUNDED_CURVE()
B_SPLINE_CURVE(1,(#8334,#8335),.UNSPECIFIED.,.F.,.F.)
B_SPLINE_CURVE_WITH_KNOTS((2,2),(-2.,0.),.UNSPECIFIED.)
CURVE()
GEOMETRIC_REPRESENTATION_ITEM()
RATIONAL_B_SPLINE_CURVE((1.,1.))
REPRESENTATION_ITEM('')
);
#4648=(
BOUNDED_CURVE()
B_SPLINE_CURVE(2,(#8336,#8337,#8338,#8339,#8340),.UNSPECIFIED.,.F.,.F.)
B_SPLINE_CURVE_WITH_KNOTS((3,2,3),(-4.99999999999977,-2.49999999999977,
0.),.UNSPECIFIED.)
CURVE()
GEOMETRIC_REPRESENTATION_ITEM()
RATIONAL_B_SPLINE_CURVE((1.,0.707106781186548,1.,0.707106781186548,1.))
REPRESENTATION_ITEM('')
);
#4649=(
BOUNDED_CURVE()
B_SPLINE_CURVE(1,(#8341,#8342),.UNSPECIFIED.,.F.,.F.)
B_SPLINE_CURVE_WITH_KNOTS((2,2),(-2.,0.),.UNSPECIFIED.)
CURVE()
GEOMETRIC_REPRESENTATION_ITEM()
RATIONAL_B_SPLINE_CURVE((1.,1.))
REPRESENTATION_ITEM('')
);
#4650=(
BOUNDED_CURVE()
B_SPLINE_CURVE(2,(#8343,#8344,#8345,#8346,#8347),.UNSPECIFIED.,.F.,.F.)
B_SPLINE_CURVE_WITH_KNOTS((3,2,3),(-5.00000000000387,-2.50000000000205,
0.),.UNSPECIFIED.)
CURVE()
GEOMETRIC_REPRESENTATION_ITEM()
RATIONAL_B_SPLINE_CURVE((1.,0.70710678118629,1.,0.70710678118629,1.))
REPRESENTATION_ITEM('')
);
#4651=(
BOUNDED_CURVE()
B_SPLINE_CURVE(2,(#8348,#8349,#8350),.UNSPECIFIED.,.F.,.F.)
B_SPLINE_CURVE_WITH_KNOTS((3,3),(0.,13.9691125397098),.UNSPECIFIED.)
CURVE()
GEOMETRIC_REPRESENTATION_ITEM()
RATIONAL_B_SPLINE_CURVE((1.,1.,1.))
REPRESENTATION_ITEM('')
);
#4652=(
BOUNDED_CURVE()
B_SPLINE_CURVE(2,(#8351,#8352,#8353),.UNSPECIFIED.,.F.,.F.)
B_SPLINE_CURVE_WITH_KNOTS((3,3),(0.,13.9691125397098),.UNSPECIFIED.)
CURVE()
GEOMETRIC_REPRESENTATION_ITEM()
RATIONAL_B_SPLINE_CURVE((1.,1.,1.))
REPRESENTATION_ITEM('')
);
#4653=(
BOUNDED_CURVE()
B_SPLINE_CURVE(1,(#8354,#8355),.UNSPECIFIED.,.F.,.F.)
B_SPLINE_CURVE_WITH_KNOTS((2,2),(0.,2.),.UNSPECIFIED.)
CURVE()
GEOMETRIC_REPRESENTATION_ITEM()
RATIONAL_B_SPLINE_CURVE((1.,1.))
REPRESENTATION_ITEM('')
);
#4654=(
BOUNDED_CURVE()
B_SPLINE_CURVE(1,(#8356,#8357),.UNSPECIFIED.,.F.,.F.)
B_SPLINE_CURVE_WITH_KNOTS((2,2),(-2.,0.),.UNSPECIFIED.)
CURVE()
GEOMETRIC_REPRESENTATION_ITEM()
RATIONAL_B_SPLINE_CURVE((1.,1.))
REPRESENTATION_ITEM('')
);
#4655=(
BOUNDED_CURVE()
B_SPLINE_CURVE(2,(#8358,#8359,#8360,#8361,#8362),.UNSPECIFIED.,.F.,.F.)
B_SPLINE_CURVE_WITH_KNOTS((3,2,3),(-5.00000000000387,-2.50000000000205,
0.),.UNSPECIFIED.)
CURVE()
GEOMETRIC_REPRESENTATION_ITEM()
RATIONAL_B_SPLINE_CURVE((1.,0.70710678118629,1.,0.70710678118629,1.))
REPRESENTATION_ITEM('')
);
#4656=(
BOUNDED_CURVE()
B_SPLINE_CURVE(2,(#8363,#8364,#8365,#8366,#8367),.UNSPECIFIED.,.F.,.F.)
B_SPLINE_CURVE_WITH_KNOTS((3,2,3),(-4.99999999999682,-2.49999999999773,
0.),.UNSPECIFIED.)
CURVE()
GEOMETRIC_REPRESENTATION_ITEM()
RATIONAL_B_SPLINE_CURVE((1.,0.707106781186805,1.,0.707106781186805,1.))
REPRESENTATION_ITEM('')
);
#4657=(
BOUNDED_CURVE()
B_SPLINE_CURVE(2,(#8368,#8369,#8370),.UNSPECIFIED.,.F.,.F.)
B_SPLINE_CURVE_WITH_KNOTS((3,3),(0.,13.9691125397098),.UNSPECIFIED.)
CURVE()
GEOMETRIC_REPRESENTATION_ITEM()
RATIONAL_B_SPLINE_CURVE((1.,1.,1.))
REPRESENTATION_ITEM('')
);
#4658=(
BOUNDED_CURVE()
B_SPLINE_CURVE(2,(#8371,#8372,#8373),.UNSPECIFIED.,.F.,.F.)
B_SPLINE_CURVE_WITH_KNOTS((3,3),(0.,13.9691125397098),.UNSPECIFIED.)
CURVE()
GEOMETRIC_REPRESENTATION_ITEM()
RATIONAL_B_SPLINE_CURVE((1.,1.,1.))
REPRESENTATION_ITEM('')
);
#4659=(
BOUNDED_CURVE()
B_SPLINE_CURVE(2,(#8374,#8375,#8376),.UNSPECIFIED.,.F.,.F.)
B_SPLINE_CURVE_WITH_KNOTS((3,3),(0.,13.9691125397098),.UNSPECIFIED.)
CURVE()
GEOMETRIC_REPRESENTATION_ITEM()
RATIONAL_B_SPLINE_CURVE((1.,1.,1.))
REPRESENTATION_ITEM('')
);
#4660=(
BOUNDED_CURVE()
B_SPLINE_CURVE(1,(#8377,#8378),.UNSPECIFIED.,.F.,.F.)
B_SPLINE_CURVE_WITH_KNOTS((2,2),(0.,2.),.UNSPECIFIED.)
CURVE()
GEOMETRIC_REPRESENTATION_ITEM()
RATIONAL_B_SPLINE_CURVE((1.,1.))
REPRESENTATION_ITEM('')
);
#4661=(
BOUNDED_CURVE()
B_SPLINE_CURVE(2,(#8379,#8380,#8381),.UNSPECIFIED.,.F.,.F.)
B_SPLINE_CURVE_WITH_KNOTS((3,3),(0.,13.9691125397098),.UNSPECIFIED.)
CURVE()
GEOMETRIC_REPRESENTATION_ITEM()
RATIONAL_B_SPLINE_CURVE((1.,1.,1.))
REPRESENTATION_ITEM('')
);
#4662=(
BOUNDED_CURVE()
B_SPLINE_CURVE(1,(#8382,#8383),.UNSPECIFIED.,.F.,.F.)
B_SPLINE_CURVE_WITH_KNOTS((2,2),(0.,2.),.UNSPECIFIED.)
CURVE()
GEOMETRIC_REPRESENTATION_ITEM()
RATIONAL_B_SPLINE_CURVE((1.,1.))
REPRESENTATION_ITEM('')
);
#4663=(
BOUNDED_CURVE()
B_SPLINE_CURVE(1,(#8384,#8385),.UNSPECIFIED.,.F.,.F.)
B_SPLINE_CURVE_WITH_KNOTS((2,2),(-2.,0.),.UNSPECIFIED.)
CURVE()
GEOMETRIC_REPRESENTATION_ITEM()
RATIONAL_B_SPLINE_CURVE((1.,1.))
REPRESENTATION_ITEM('')
);
#4664=(
BOUNDED_CURVE()
B_SPLINE_CURVE(2,(#8386,#8387,#8388,#8389,#8390),.UNSPECIFIED.,.F.,.F.)
B_SPLINE_CURVE_WITH_KNOTS((3,2,3),(-5.00000000000091,-2.50000000000045,
0.),.UNSPECIFIED.)
CURVE()
GEOMETRIC_REPRESENTATION_ITEM()
RATIONAL_B_SPLINE_CURVE((1.,0.707106781186548,1.,0.707106781186548,1.))
REPRESENTATION_ITEM('')
);
#4665=(
BOUNDED_CURVE()
B_SPLINE_CURVE(2,(#8391,#8392,#8393,#8394,#8395),.UNSPECIFIED.,.F.,.F.)
B_SPLINE_CURVE_WITH_KNOTS((3,2,3),(-4.99999999999682,-2.49999999999773,
0.),.UNSPECIFIED.)
CURVE()
GEOMETRIC_REPRESENTATION_ITEM()
RATIONAL_B_SPLINE_CURVE((1.,0.707106781186805,1.,0.707106781186805,1.))
REPRESENTATION_ITEM('')
);
#4666=(
BOUNDED_CURVE()
B_SPLINE_CURVE(2,(#8396,#8397,#8398),.UNSPECIFIED.,.F.,.F.)
B_SPLINE_CURVE_WITH_KNOTS((3,3),(0.,13.9691125397098),.UNSPECIFIED.)
CURVE()
GEOMETRIC_REPRESENTATION_ITEM()
RATIONAL_B_SPLINE_CURVE((1.,1.,1.))
REPRESENTATION_ITEM('')
);
#4667=(
BOUNDED_CURVE()
B_SPLINE_CURVE(2,(#8399,#8400,#8401),.UNSPECIFIED.,.F.,.F.)
B_SPLINE_CURVE_WITH_KNOTS((3,3),(0.,13.9691125397098),.UNSPECIFIED.)
CURVE()
GEOMETRIC_REPRESENTATION_ITEM()
RATIONAL_B_SPLINE_CURVE((1.,1.,1.))
REPRESENTATION_ITEM('')
);
#4668=(
BOUNDED_CURVE()
B_SPLINE_CURVE(1,(#8402,#8403),.UNSPECIFIED.,.F.,.F.)
B_SPLINE_CURVE_WITH_KNOTS((2,2),(0.,2.),.UNSPECIFIED.)
CURVE()
GEOMETRIC_REPRESENTATION_ITEM()
RATIONAL_B_SPLINE_CURVE((1.,1.))
REPRESENTATION_ITEM('')
);
#4669=(
BOUNDED_CURVE()
B_SPLINE_CURVE(2,(#8404,#8405,#8406,#8407,#8408),.UNSPECIFIED.,.F.,.F.)
B_SPLINE_CURVE_WITH_KNOTS((3,2,3),(-4.99999999999682,-2.49999999999818,
0.),.UNSPECIFIED.)
CURVE()
GEOMETRIC_REPRESENTATION_ITEM()
RATIONAL_B_SPLINE_CURVE((1.,0.707106781186805,1.,0.707106781186805,1.))
REPRESENTATION_ITEM('')
);
#4670=(
BOUNDED_CURVE()
B_SPLINE_CURVE(2,(#8409,#8410,#8411,#8412,#8413),.UNSPECIFIED.,.F.,.F.)
B_SPLINE_CURVE_WITH_KNOTS((3,2,3),(-4.99999999999682,-2.49999999999818,
0.),.UNSPECIFIED.)
CURVE()
GEOMETRIC_REPRESENTATION_ITEM()
RATIONAL_B_SPLINE_CURVE((1.,0.707106781186805,1.,0.707106781186805,1.))
REPRESENTATION_ITEM('')
);
#4671=(
BOUNDED_CURVE()
B_SPLINE_CURVE(2,(#8414,#8415,#8416),.UNSPECIFIED.,.F.,.F.)
B_SPLINE_CURVE_WITH_KNOTS((3,3),(0.,13.9691125397098),.UNSPECIFIED.)
CURVE()
GEOMETRIC_REPRESENTATION_ITEM()
RATIONAL_B_SPLINE_CURVE((1.,1.,1.))
REPRESENTATION_ITEM('')
);
#4672=(
BOUNDED_CURVE()
B_SPLINE_CURVE(1,(#8417,#8418),.UNSPECIFIED.,.F.,.F.)
B_SPLINE_CURVE_WITH_KNOTS((2,2),(0.,2.),.UNSPECIFIED.)
CURVE()
GEOMETRIC_REPRESENTATION_ITEM()
RATIONAL_B_SPLINE_CURVE((1.,1.))
REPRESENTATION_ITEM('')
);
#4673=(
BOUNDED_CURVE()
B_SPLINE_CURVE(2,(#8419,#8420,#8421),.UNSPECIFIED.,.F.,.F.)
B_SPLINE_CURVE_WITH_KNOTS((3,3),(0.,13.9691125397098),.UNSPECIFIED.)
CURVE()
GEOMETRIC_REPRESENTATION_ITEM()
RATIONAL_B_SPLINE_CURVE((1.,1.,1.))
REPRESENTATION_ITEM('')
);
#4674=(
BOUNDED_CURVE()
B_SPLINE_CURVE(1,(#8422,#8423),.UNSPECIFIED.,.F.,.F.)
B_SPLINE_CURVE_WITH_KNOTS((2,2),(0.,2.),.UNSPECIFIED.)
CURVE()
GEOMETRIC_REPRESENTATION_ITEM()
RATIONAL_B_SPLINE_CURVE((1.,1.))
REPRESENTATION_ITEM('')
);
#4675=(
BOUNDED_CURVE()
B_SPLINE_CURVE(1,(#8424,#8425),.UNSPECIFIED.,.F.,.F.)
B_SPLINE_CURVE_WITH_KNOTS((2,2),(-2.,0.),.UNSPECIFIED.)
CURVE()
GEOMETRIC_REPRESENTATION_ITEM()
RATIONAL_B_SPLINE_CURVE((1.,1.))
REPRESENTATION_ITEM('')
);
#4676=(
BOUNDED_CURVE()
B_SPLINE_CURVE(2,(#8426,#8427,#8428,#8429,#8430),.UNSPECIFIED.,.F.,.F.)
B_SPLINE_CURVE_WITH_KNOTS((3,2,3),(-5.00000000000068,-2.50000000000045,
0.),.UNSPECIFIED.)
CURVE()
GEOMETRIC_REPRESENTATION_ITEM()
RATIONAL_B_SPLINE_CURVE((1.,0.707106781186548,1.,0.707106781186548,1.))
REPRESENTATION_ITEM('')
);
#4677=(
BOUNDED_CURVE()
B_SPLINE_CURVE(2,(#8431,#8432,#8433,#8434,#8435),.UNSPECIFIED.,.F.,.F.)
B_SPLINE_CURVE_WITH_KNOTS((3,2,3),(-4.99999999999682,-2.49999999999773,
0.),.UNSPECIFIED.)
CURVE()
GEOMETRIC_REPRESENTATION_ITEM()
RATIONAL_B_SPLINE_CURVE((1.,0.707106781186805,1.,0.707106781186805,1.))
REPRESENTATION_ITEM('')
);
#4678=(
BOUNDED_CURVE()
B_SPLINE_CURVE(2,(#8436,#8437,#8438),.UNSPECIFIED.,.F.,.F.)
B_SPLINE_CURVE_WITH_KNOTS((3,3),(0.,13.9691125397098),.UNSPECIFIED.)
CURVE()
GEOMETRIC_REPRESENTATION_ITEM()
RATIONAL_B_SPLINE_CURVE((1.,1.,1.))
REPRESENTATION_ITEM('')
);
#4679=(
BOUNDED_CURVE()
B_SPLINE_CURVE(2,(#8439,#8440,#8441),.UNSPECIFIED.,.F.,.F.)
B_SPLINE_CURVE_WITH_KNOTS((3,3),(0.,13.9691125397098),.UNSPECIFIED.)
CURVE()
GEOMETRIC_REPRESENTATION_ITEM()
RATIONAL_B_SPLINE_CURVE((1.,1.,1.))
REPRESENTATION_ITEM('')
);
#4680=(
BOUNDED_CURVE()
B_SPLINE_CURVE(1,(#8442,#8443),.UNSPECIFIED.,.F.,.F.)
B_SPLINE_CURVE_WITH_KNOTS((2,2),(0.,2.),.UNSPECIFIED.)
CURVE()
GEOMETRIC_REPRESENTATION_ITEM()
RATIONAL_B_SPLINE_CURVE((1.,1.))
REPRESENTATION_ITEM('')
);
#4681=(
BOUNDED_CURVE()
B_SPLINE_CURVE(2,(#8444,#8445,#8446,#8447,#8448),.UNSPECIFIED.,.F.,.F.)
B_SPLINE_CURVE_WITH_KNOTS((3,2,3),(-5.00000000000364,-2.50000000000182,
0.),.UNSPECIFIED.)
CURVE()
GEOMETRIC_REPRESENTATION_ITEM()
RATIONAL_B_SPLINE_CURVE((1.,0.70710678118629,1.,0.70710678118629,1.))
REPRESENTATION_ITEM('')
);
#4682=(
BOUNDED_CURVE()
B_SPLINE_CURVE(2,(#8449,#8450,#8451,#8452,#8453),.UNSPECIFIED.,.F.,.F.)
B_SPLINE_CURVE_WITH_KNOTS((3,2,3),(-4.99999999999682,-2.49999999999818,
0.),.UNSPECIFIED.)
CURVE()
GEOMETRIC_REPRESENTATION_ITEM()
RATIONAL_B_SPLINE_CURVE((1.,0.707106781186805,1.,0.707106781186805,1.))
REPRESENTATION_ITEM('')
);
#4683=(
BOUNDED_CURVE()
B_SPLINE_CURVE(2,(#8474,#8475,#8476,#8477,#8478,#8479,#8480,#8481,#8482),
 .UNSPECIFIED.,.F.,.F.)
B_SPLINE_CURVE_WITH_KNOTS((3,2,2,2,3),(0.,5.0451234755329,10.0902469510802,
15.20183047822,15.2174251877406),.UNSPECIFIED.)
CURVE()
GEOMETRIC_REPRESENTATION_ITEM()
RATIONAL_B_SPLINE_CURVE((1.,0.867263328623833,1.,0.867263328623833,1.,0.864427023673251,
1.,0.999998522711853,1.))
REPRESENTATION_ITEM('')
);
#4684=(
BOUNDED_CURVE()
B_SPLINE_CURVE(2,(#8485,#8486,#8487,#8488,#8489),.UNSPECIFIED.,.F.,.F.)
B_SPLINE_CURVE_WITH_KNOTS((3,2,3),(-15.2174251877406,-7.60871259387065,
0.),.UNSPECIFIED.)
CURVE()
GEOMETRIC_REPRESENTATION_ITEM()
RATIONAL_B_SPLINE_CURVE((1.,0.707106781186548,1.,0.707106781186548,1.))
REPRESENTATION_ITEM('')
);
#4685=(
BOUNDED_CURVE()
B_SPLINE_CURVE(2,(#8494,#8495,#8496,#8497,#8498),.UNSPECIFIED.,.F.,.F.)
B_SPLINE_CURVE_WITH_KNOTS((3,2,3),(0.,7.60871259387065,15.2174251877406),
 .UNSPECIFIED.)
CURVE()
GEOMETRIC_REPRESENTATION_ITEM()
RATIONAL_B_SPLINE_CURVE((1.,0.707106781186548,1.,0.707106781186548,1.))
REPRESENTATION_ITEM('')
);
#4686=(
BOUNDED_CURVE()
B_SPLINE_CURVE(2,(#8501,#8502,#8503,#8504,#8505),.UNSPECIFIED.,.F.,.F.)
B_SPLINE_CURVE_WITH_KNOTS((3,2,3),(-15.2174251877406,-7.60871259386994,
0.),.UNSPECIFIED.)
CURVE()
GEOMETRIC_REPRESENTATION_ITEM()
RATIONAL_B_SPLINE_CURVE((1.,0.707106781186548,1.,0.707106781186548,1.))
REPRESENTATION_ITEM('')
);
#4687=(
BOUNDED_CURVE()
B_SPLINE_CURVE(1,(#8506,#8507),.UNSPECIFIED.,.F.,.F.)
B_SPLINE_CURVE_WITH_KNOTS((2,2),(-1.00000000000102,0.),.UNSPECIFIED.)
CURVE()
GEOMETRIC_REPRESENTATION_ITEM()
RATIONAL_B_SPLINE_CURVE((1.,1.))
REPRESENTATION_ITEM('')
);
#4688=(
BOUNDED_CURVE()
B_SPLINE_CURVE(2,(#8508,#8509,#8510,#8511,#8512),.UNSPECIFIED.,.F.,.F.)
B_SPLINE_CURVE_WITH_KNOTS((3,2,3),(-9.99999999999773,-4.99999999999818,
0.),.UNSPECIFIED.)
CURVE()
GEOMETRIC_REPRESENTATION_ITEM()
RATIONAL_B_SPLINE_CURVE((1.,0.707106781186644,1.,0.707106781186644,1.))
REPRESENTATION_ITEM('')
);
#4689=(
BOUNDED_CURVE()
B_SPLINE_CURVE(1,(#8515,#8516),.UNSPECIFIED.,.F.,.F.)
B_SPLINE_CURVE_WITH_KNOTS((2,2),(-1.00000000000102,0.),.UNSPECIFIED.)
CURVE()
GEOMETRIC_REPRESENTATION_ITEM()
RATIONAL_B_SPLINE_CURVE((1.,1.))
REPRESENTATION_ITEM('')
);
#4690=(
BOUNDED_CURVE()
B_SPLINE_CURVE(2,(#8519,#8520,#8521,#8522,#8523),.UNSPECIFIED.,.F.,.F.)
B_SPLINE_CURVE_WITH_KNOTS((3,2,3),(-9.99999999999955,-5.,0.),
 .UNSPECIFIED.)
CURVE()
GEOMETRIC_REPRESENTATION_ITEM()
RATIONAL_B_SPLINE_CURVE((1.,0.707106781186548,1.,0.707106781186548,1.))
REPRESENTATION_ITEM('')
);
#4691=(
BOUNDED_CURVE()
B_SPLINE_CURVE(2,(#8524,#8525,#8526,#8527,#8528),.UNSPECIFIED.,.F.,.F.)
B_SPLINE_CURVE_WITH_KNOTS((3,2,3),(-30.4348503754813,-22.8261377816106,
-15.2174251877406),.UNSPECIFIED.)
CURVE()
GEOMETRIC_REPRESENTATION_ITEM()
RATIONAL_B_SPLINE_CURVE((1.,0.707106781186548,1.,0.707106781186548,1.))
REPRESENTATION_ITEM('')
);
#4692=(
BOUNDED_CURVE()
B_SPLINE_CURVE(2,(#8529,#8530,#8531,#8532,#8533),.UNSPECIFIED.,.F.,.F.)
B_SPLINE_CURVE_WITH_KNOTS((3,2,3),(15.2174251877406,22.8261377816118,30.4348503754813),
 .UNSPECIFIED.)
CURVE()
GEOMETRIC_REPRESENTATION_ITEM()
RATIONAL_B_SPLINE_CURVE((1.,0.707106781186387,1.,0.707106781186387,1.))
REPRESENTATION_ITEM('')
);
#4693=(
BOUNDED_CURVE()
B_SPLINE_CURVE(2,(#8534,#8535,#8536,#8537,#8538),.UNSPECIFIED.,.F.,.F.)
B_SPLINE_CURVE_WITH_KNOTS((3,2,3),(-30.4348503754813,-22.8261377816113,
-15.2174251877406),.UNSPECIFIED.)
CURVE()
GEOMETRIC_REPRESENTATION_ITEM()
RATIONAL_B_SPLINE_CURVE((1.,0.707106781186548,1.,0.707106781186548,1.))
REPRESENTATION_ITEM('')
);
#4694=(
BOUNDED_CURVE()
B_SPLINE_CURVE(2,(#8539,#8540,#8541,#8542,#8543),.UNSPECIFIED.,.F.,.F.)
B_SPLINE_CURVE_WITH_KNOTS((3,2,3),(-9.99999999999955,-5.,0.),
 .UNSPECIFIED.)
CURVE()
GEOMETRIC_REPRESENTATION_ITEM()
RATIONAL_B_SPLINE_CURVE((1.,0.707106781186548,1.,0.707106781186548,1.))
REPRESENTATION_ITEM('')
);
#4695=(
BOUNDED_CURVE()
B_SPLINE_CURVE(2,(#8544,#8545,#8546,#8547,#8548),.UNSPECIFIED.,.F.,.F.)
B_SPLINE_CURVE_WITH_KNOTS((3,2,3),(-9.99999999999727,-4.99999999999795,
0.),.UNSPECIFIED.)
CURVE()
GEOMETRIC_REPRESENTATION_ITEM()
RATIONAL_B_SPLINE_CURVE((1.,0.707106781186644,1.,0.707106781186644,1.))
REPRESENTATION_ITEM('')
);
#4696=(
BOUNDED_CURVE()
B_SPLINE_CURVE(1,(#8553,#8554),.UNSPECIFIED.,.F.,.F.)
B_SPLINE_CURVE_WITH_KNOTS((2,2),(0.,3.99154798668201),.UNSPECIFIED.)
CURVE()
GEOMETRIC_REPRESENTATION_ITEM()
RATIONAL_B_SPLINE_CURVE((1.,1.))
REPRESENTATION_ITEM('')
);
#4697=(
BOUNDED_CURVE()
B_SPLINE_CURVE(1,(#8555,#8556),.UNSPECIFIED.,.F.,.F.)
B_SPLINE_CURVE_WITH_KNOTS((2,2),(0.,0.00427876869583336),.UNSPECIFIED.)
CURVE()
GEOMETRIC_REPRESENTATION_ITEM()
RATIONAL_B_SPLINE_CURVE((1.,1.))
REPRESENTATION_ITEM('')
);
#4698=(
BOUNDED_CURVE()
B_SPLINE_CURVE(2,(#8557,#8558,#8559,#8560,#8561),.UNSPECIFIED.,.F.,.F.)
B_SPLINE_CURVE_WITH_KNOTS((3,2,3),(0.,0.183386208146181,18.5858976636959),
 .UNSPECIFIED.)
CURVE()
GEOMETRIC_REPRESENTATION_ITEM()
RATIONAL_B_SPLINE_CURVE((1.,0.998956224155399,1.00000885012178,1.0000044250511,
1.))
REPRESENTATION_ITEM('')
);
#4699=(
BOUNDED_CURVE()
B_SPLINE_CURVE(2,(#8562,#8563,#8564),.UNSPECIFIED.,.F.,.F.)
B_SPLINE_CURVE_WITH_KNOTS((3,3),(0.,3.63264939500366),.UNSPECIFIED.)
CURVE()
GEOMETRIC_REPRESENTATION_ITEM()
RATIONAL_B_SPLINE_CURVE((1.,0.988738157032901,1.))
REPRESENTATION_ITEM('')
);
#4700=(
BOUNDED_CURVE()
B_SPLINE_CURVE(1,(#8565,#8566),.UNSPECIFIED.,.F.,.F.)
B_SPLINE_CURVE_WITH_KNOTS((2,2),(0.,6.8220076193511),.UNSPECIFIED.)
CURVE()
GEOMETRIC_REPRESENTATION_ITEM()
RATIONAL_B_SPLINE_CURVE((1.,1.))
REPRESENTATION_ITEM('')
);
#4701=(
BOUNDED_CURVE()
B_SPLINE_CURVE(2,(#8567,#8568,#8569),.UNSPECIFIED.,.F.,.F.)
B_SPLINE_CURVE_WITH_KNOTS((3,3),(0.,3.63302804696105),.UNSPECIFIED.)
CURVE()
GEOMETRIC_REPRESENTATION_ITEM()
RATIONAL_B_SPLINE_CURVE((1.,0.988738157033084,1.))
REPRESENTATION_ITEM('')
);
#4702=(
BOUNDED_CURVE()
B_SPLINE_CURVE(1,(#8570,#8571),.UNSPECIFIED.,.F.,.F.)
B_SPLINE_CURVE_WITH_KNOTS((2,2),(0.,2.82200761935007),.UNSPECIFIED.)
CURVE()
GEOMETRIC_REPRESENTATION_ITEM()
RATIONAL_B_SPLINE_CURVE((1.,1.))
REPRESENTATION_ITEM('')
);
#4703=(
BOUNDED_CURVE()
B_SPLINE_CURVE(2,(#8572,#8573,#8574),.UNSPECIFIED.,.F.,.F.)
B_SPLINE_CURVE_WITH_KNOTS((3,3),(0.,5.89660450255849),.UNSPECIFIED.)
CURVE()
GEOMETRIC_REPRESENTATION_ITEM()
RATIONAL_B_SPLINE_CURVE((1.,0.804966082789721,1.))
REPRESENTATION_ITEM('')
);
#4704=(
BOUNDED_CURVE()
B_SPLINE_CURVE(1,(#8575,#8576),.UNSPECIFIED.,.F.,.F.)
B_SPLINE_CURVE_WITH_KNOTS((2,2),(0.,2.8220076193511),.UNSPECIFIED.)
CURVE()
GEOMETRIC_REPRESENTATION_ITEM()
RATIONAL_B_SPLINE_CURVE((1.,1.))
REPRESENTATION_ITEM('')
);
#4705=(
BOUNDED_CURVE()
B_SPLINE_CURVE(1,(#8577,#8578),.UNSPECIFIED.,.F.,.F.)
B_SPLINE_CURVE_WITH_KNOTS((2,2),(0.,6.64283276473407),.UNSPECIFIED.)
CURVE()
GEOMETRIC_REPRESENTATION_ITEM()
RATIONAL_B_SPLINE_CURVE((1.,1.))
REPRESENTATION_ITEM('')
);
#4706=(
BOUNDED_CURVE()
B_SPLINE_CURVE(2,(#8585,#8586,#8587),.UNSPECIFIED.,.F.,.F.)
B_SPLINE_CURVE_WITH_KNOTS((3,3),(0.,17.0277723915693),.UNSPECIFIED.)
CURVE()
GEOMETRIC_REPRESENTATION_ITEM()
RATIONAL_B_SPLINE_CURVE((1.,1.,1.))
REPRESENTATION_ITEM('')
);
#4707=(
BOUNDED_CURVE()
B_SPLINE_CURVE(1,(#8590,#8591),.UNSPECIFIED.,.F.,.F.)
B_SPLINE_CURVE_WITH_KNOTS((2,2),(-2.82261136740101,0.),.UNSPECIFIED.)
CURVE()
GEOMETRIC_REPRESENTATION_ITEM()
RATIONAL_B_SPLINE_CURVE((1.,1.))
REPRESENTATION_ITEM('')
);
#4708=(
BOUNDED_CURVE()
B_SPLINE_CURVE(2,(#8592,#8593,#8594,#8595,#8596),.UNSPECIFIED.,.F.,.F.)
B_SPLINE_CURVE_WITH_KNOTS((3,2,3),(-10.0000000015604,-5.00000000078043,
0.),.UNSPECIFIED.)
CURVE()
GEOMETRIC_REPRESENTATION_ITEM()
RATIONAL_B_SPLINE_CURVE((1.,0.707106781185551,1.,0.707106781185551,1.))
REPRESENTATION_ITEM('')
);
#4709=(
BOUNDED_CURVE()
B_SPLINE_CURVE(1,(#8597,#8598),.UNSPECIFIED.,.F.,.F.)
B_SPLINE_CURVE_WITH_KNOTS((2,2),(-2.82252384795402,0.),.UNSPECIFIED.)
CURVE()
GEOMETRIC_REPRESENTATION_ITEM()
RATIONAL_B_SPLINE_CURVE((1.,1.))
REPRESENTATION_ITEM('')
);
#4710=(
BOUNDED_CURVE()
B_SPLINE_CURVE(2,(#8601,#8602,#8603,#8604,#8605),.UNSPECIFIED.,.F.,.F.)
B_SPLINE_CURVE_WITH_KNOTS((3,2,3),(-9.99999999999835,-4.99999999999895,
0.),.UNSPECIFIED.)
CURVE()
GEOMETRIC_REPRESENTATION_ITEM()
RATIONAL_B_SPLINE_CURVE((1.,0.707106781240762,1.,0.707106781240762,1.))
REPRESENTATION_ITEM('')
);
#4711=(
BOUNDED_CURVE()
B_SPLINE_CURVE(2,(#8606,#8607,#8608,#8609,#8610),.UNSPECIFIED.,.F.,.F.)
B_SPLINE_CURVE_WITH_KNOTS((3,2,3),(-10.0000000000015,-5.00000000000054,
0.),.UNSPECIFIED.)
CURVE()
GEOMETRIC_REPRESENTATION_ITEM()
RATIONAL_B_SPLINE_CURVE((1.,0.707106781240665,1.,0.707106781240665,1.))
REPRESENTATION_ITEM('')
);
#4712=(
BOUNDED_CURVE()
B_SPLINE_CURVE(1,(#8623,#8624),.UNSPECIFIED.,.F.,.F.)
B_SPLINE_CURVE_WITH_KNOTS((2,2),(-2.,0.),.UNSPECIFIED.)
CURVE()
GEOMETRIC_REPRESENTATION_ITEM()
RATIONAL_B_SPLINE_CURVE((1.,1.))
REPRESENTATION_ITEM('')
);
#4713=(
BOUNDED_CURVE()
B_SPLINE_CURVE(2,(#8625,#8626,#8627,#8628,#8629),.UNSPECIFIED.,.F.,.F.)
B_SPLINE_CURVE_WITH_KNOTS((3,2,3),(-5.00000000000364,-2.50000000000182,
0.),.UNSPECIFIED.)
CURVE()
GEOMETRIC_REPRESENTATION_ITEM()
RATIONAL_B_SPLINE_CURVE((1.,0.70710678118629,1.,0.70710678118629,1.))
REPRESENTATION_ITEM('')
);
#4714=(
BOUNDED_CURVE()
B_SPLINE_CURVE(1,(#8630,#8631),.UNSPECIFIED.,.F.,.F.)
B_SPLINE_CURVE_WITH_KNOTS((2,2),(-2.,0.),.UNSPECIFIED.)
CURVE()
GEOMETRIC_REPRESENTATION_ITEM()
RATIONAL_B_SPLINE_CURVE((1.,1.))
REPRESENTATION_ITEM('')
);
#4715=(
BOUNDED_CURVE()
B_SPLINE_CURVE(2,(#8632,#8633,#8634,#8635,#8636),.UNSPECIFIED.,.F.,.F.)
B_SPLINE_CURVE_WITH_KNOTS((3,2,3),(-4.99999999999682,-2.49999999999818,
0.),.UNSPECIFIED.)
CURVE()
GEOMETRIC_REPRESENTATION_ITEM()
RATIONAL_B_SPLINE_CURVE((1.,0.707106781186805,1.,0.707106781186805,1.))
REPRESENTATION_ITEM('')
);
#4716=(
BOUNDED_CURVE()
B_SPLINE_CURVE(2,(#8637,#8638,#8639),.UNSPECIFIED.,.F.,.F.)
B_SPLINE_CURVE_WITH_KNOTS((3,3),(0.,13.9691125397098),.UNSPECIFIED.)
CURVE()
GEOMETRIC_REPRESENTATION_ITEM()
RATIONAL_B_SPLINE_CURVE((1.,1.,1.))
REPRESENTATION_ITEM('')
);
#4717=(
BOUNDED_CURVE()
B_SPLINE_CURVE(2,(#8640,#8641,#8642),.UNSPECIFIED.,.F.,.F.)
B_SPLINE_CURVE_WITH_KNOTS((3,3),(0.,13.9691125397098),.UNSPECIFIED.)
CURVE()
GEOMETRIC_REPRESENTATION_ITEM()
RATIONAL_B_SPLINE_CURVE((1.,1.,1.))
REPRESENTATION_ITEM('')
);
#4718=(
BOUNDED_CURVE()
B_SPLINE_CURVE(1,(#8643,#8644),.UNSPECIFIED.,.F.,.F.)
B_SPLINE_CURVE_WITH_KNOTS((2,2),(0.,2.),.UNSPECIFIED.)
CURVE()
GEOMETRIC_REPRESENTATION_ITEM()
RATIONAL_B_SPLINE_CURVE((1.,1.))
REPRESENTATION_ITEM('')
);
#4719=(
BOUNDED_CURVE()
B_SPLINE_CURVE(1,(#8645,#8646),.UNSPECIFIED.,.F.,.F.)
B_SPLINE_CURVE_WITH_KNOTS((2,2),(-2.,0.),.UNSPECIFIED.)
CURVE()
GEOMETRIC_REPRESENTATION_ITEM()
RATIONAL_B_SPLINE_CURVE((1.,1.))
REPRESENTATION_ITEM('')
);
#4720=(
BOUNDED_CURVE()
B_SPLINE_CURVE(2,(#8647,#8648,#8649,#8650,#8651),.UNSPECIFIED.,.F.,.F.)
B_SPLINE_CURVE_WITH_KNOTS((3,2,3),(-5.00000000000068,-2.50000000000023,
0.),.UNSPECIFIED.)
CURVE()
GEOMETRIC_REPRESENTATION_ITEM()
RATIONAL_B_SPLINE_CURVE((1.,0.707106781186548,1.,0.707106781186548,1.))
REPRESENTATION_ITEM('')
);
#4721=(
BOUNDED_CURVE()
B_SPLINE_CURVE(2,(#8652,#8653,#8654,#8655,#8656),.UNSPECIFIED.,.F.,.F.)
B_SPLINE_CURVE_WITH_KNOTS((3,2,3),(-4.99999999999818,-2.49999999999932,
0.),.UNSPECIFIED.)
CURVE()
GEOMETRIC_REPRESENTATION_ITEM()
RATIONAL_B_SPLINE_CURVE((1.,0.707106781186676,1.,0.707106781186676,1.))
REPRESENTATION_ITEM('')
);
#4722=(
BOUNDED_CURVE()
B_SPLINE_CURVE(2,(#8657,#8658,#8659),.UNSPECIFIED.,.F.,.F.)
B_SPLINE_CURVE_WITH_KNOTS((3,3),(0.,13.9691125397098),.UNSPECIFIED.)
CURVE()
GEOMETRIC_REPRESENTATION_ITEM()
RATIONAL_B_SPLINE_CURVE((1.,1.,1.))
REPRESENTATION_ITEM('')
);
#4723=(
BOUNDED_CURVE()
B_SPLINE_CURVE(2,(#8660,#8661,#8662),.UNSPECIFIED.,.F.,.F.)
B_SPLINE_CURVE_WITH_KNOTS((3,3),(0.,13.9691125397098),.UNSPECIFIED.)
CURVE()
GEOMETRIC_REPRESENTATION_ITEM()
RATIONAL_B_SPLINE_CURVE((1.,1.,1.))
REPRESENTATION_ITEM('')
);
#4724=(
BOUNDED_CURVE()
B_SPLINE_CURVE(1,(#8663,#8664),.UNSPECIFIED.,.F.,.F.)
B_SPLINE_CURVE_WITH_KNOTS((2,2),(-2.,0.),.UNSPECIFIED.)
CURVE()
GEOMETRIC_REPRESENTATION_ITEM()
RATIONAL_B_SPLINE_CURVE((1.,1.))
REPRESENTATION_ITEM('')
);
#4725=(
BOUNDED_CURVE()
B_SPLINE_CURVE(2,(#8665,#8666,#8667,#8668,#8669),.UNSPECIFIED.,.F.,.F.)
B_SPLINE_CURVE_WITH_KNOTS((3,2,3),(-4.99999999999682,-2.49999999999818,
0.),.UNSPECIFIED.)
CURVE()
GEOMETRIC_REPRESENTATION_ITEM()
RATIONAL_B_SPLINE_CURVE((1.,0.707106781186805,1.,0.707106781186805,1.))
REPRESENTATION_ITEM('')
);
#4726=(
BOUNDED_CURVE()
B_SPLINE_CURVE(1,(#8670,#8671),.UNSPECIFIED.,.F.,.F.)
B_SPLINE_CURVE_WITH_KNOTS((2,2),(-2.,0.),.UNSPECIFIED.)
CURVE()
GEOMETRIC_REPRESENTATION_ITEM()
RATIONAL_B_SPLINE_CURVE((1.,1.))
REPRESENTATION_ITEM('')
);
#4727=(
BOUNDED_CURVE()
B_SPLINE_CURVE(2,(#8672,#8673,#8674,#8675,#8676),.UNSPECIFIED.,.F.,.F.)
B_SPLINE_CURVE_WITH_KNOTS((3,2,3),(-4.99999999999977,-2.5,0.),
 .UNSPECIFIED.)
CURVE()
GEOMETRIC_REPRESENTATION_ITEM()
RATIONAL_B_SPLINE_CURVE((1.,0.707106781186548,1.,0.707106781186548,1.))
REPRESENTATION_ITEM('')
);
#4728=(
BOUNDED_CURVE()
B_SPLINE_CURVE(2,(#8677,#8678,#8679),.UNSPECIFIED.,.F.,.F.)
B_SPLINE_CURVE_WITH_KNOTS((3,3),(0.,13.9691125397098),.UNSPECIFIED.)
CURVE()
GEOMETRIC_REPRESENTATION_ITEM()
RATIONAL_B_SPLINE_CURVE((1.,1.,1.))
REPRESENTATION_ITEM('')
);
#4729=(
BOUNDED_CURVE()
B_SPLINE_CURVE(2,(#8680,#8681,#8682),.UNSPECIFIED.,.F.,.F.)
B_SPLINE_CURVE_WITH_KNOTS((3,3),(0.,13.9691125397098),.UNSPECIFIED.)
CURVE()
GEOMETRIC_REPRESENTATION_ITEM()
RATIONAL_B_SPLINE_CURVE((1.,1.,1.))
REPRESENTATION_ITEM('')
);
#4730=(
BOUNDED_CURVE()
B_SPLINE_CURVE(1,(#8683,#8684),.UNSPECIFIED.,.F.,.F.)
B_SPLINE_CURVE_WITH_KNOTS((2,2),(0.,2.),.UNSPECIFIED.)
CURVE()
GEOMETRIC_REPRESENTATION_ITEM()
RATIONAL_B_SPLINE_CURVE((1.,1.))
REPRESENTATION_ITEM('')
);
#4731=(
BOUNDED_CURVE()
B_SPLINE_CURVE(1,(#8685,#8686),.UNSPECIFIED.,.F.,.F.)
B_SPLINE_CURVE_WITH_KNOTS((2,2),(-2.,0.),.UNSPECIFIED.)
CURVE()
GEOMETRIC_REPRESENTATION_ITEM()
RATIONAL_B_SPLINE_CURVE((1.,1.))
REPRESENTATION_ITEM('')
);
#4732=(
BOUNDED_CURVE()
B_SPLINE_CURVE(2,(#8687,#8688,#8689,#8690,#8691),.UNSPECIFIED.,.F.,.F.)
B_SPLINE_CURVE_WITH_KNOTS((3,2,3),(-5.00000000000068,-2.50000000000045,
0.),.UNSPECIFIED.)
CURVE()
GEOMETRIC_REPRESENTATION_ITEM()
RATIONAL_B_SPLINE_CURVE((1.,0.707106781186548,1.,0.707106781186548,1.))
REPRESENTATION_ITEM('')
);
#4733=(
BOUNDED_CURVE()
B_SPLINE_CURVE(2,(#8692,#8693,#8694,#8695,#8696),.UNSPECIFIED.,.F.,.F.)
B_SPLINE_CURVE_WITH_KNOTS((3,2,3),(-4.99999999999682,-2.49999999999773,
0.),.UNSPECIFIED.)
CURVE()
GEOMETRIC_REPRESENTATION_ITEM()
RATIONAL_B_SPLINE_CURVE((1.,0.707106781186805,1.,0.707106781186805,1.))
REPRESENTATION_ITEM('')
);
#4734=(
BOUNDED_CURVE()
B_SPLINE_CURVE(2,(#8697,#8698,#8699),.UNSPECIFIED.,.F.,.F.)
B_SPLINE_CURVE_WITH_KNOTS((3,3),(0.,13.9691125397098),.UNSPECIFIED.)
CURVE()
GEOMETRIC_REPRESENTATION_ITEM()
RATIONAL_B_SPLINE_CURVE((1.,1.,1.))
REPRESENTATION_ITEM('')
);
#4735=(
BOUNDED_CURVE()
B_SPLINE_CURVE(2,(#8700,#8701,#8702),.UNSPECIFIED.,.F.,.F.)
B_SPLINE_CURVE_WITH_KNOTS((3,3),(0.,13.9691125397098),.UNSPECIFIED.)
CURVE()
GEOMETRIC_REPRESENTATION_ITEM()
RATIONAL_B_SPLINE_CURVE((1.,1.,1.))
REPRESENTATION_ITEM('')
);
#4736=(
BOUNDED_CURVE()
B_SPLINE_CURVE(1,(#8703,#8704),.UNSPECIFIED.,.F.,.F.)
B_SPLINE_CURVE_WITH_KNOTS((2,2),(-2.,0.),.UNSPECIFIED.)
CURVE()
GEOMETRIC_REPRESENTATION_ITEM()
RATIONAL_B_SPLINE_CURVE((1.,1.))
REPRESENTATION_ITEM('')
);
#4737=(
BOUNDED_CURVE()
B_SPLINE_CURVE(2,(#8705,#8706,#8707,#8708,#8709),.UNSPECIFIED.,.F.,.F.)
B_SPLINE_CURVE_WITH_KNOTS((3,2,3),(-4.99999999999682,-2.49999999999818,
0.),.UNSPECIFIED.)
CURVE()
GEOMETRIC_REPRESENTATION_ITEM()
RATIONAL_B_SPLINE_CURVE((1.,0.707106781186805,1.,0.707106781186805,1.))
REPRESENTATION_ITEM('')
);
#4738=(
BOUNDED_CURVE()
B_SPLINE_CURVE(1,(#8710,#8711),.UNSPECIFIED.,.F.,.F.)
B_SPLINE_CURVE_WITH_KNOTS((2,2),(-2.,0.),.UNSPECIFIED.)
CURVE()
GEOMETRIC_REPRESENTATION_ITEM()
RATIONAL_B_SPLINE_CURVE((1.,1.))
REPRESENTATION_ITEM('')
);
#4739=(
BOUNDED_CURVE()
B_SPLINE_CURVE(2,(#8712,#8713,#8714,#8715,#8716),.UNSPECIFIED.,.F.,.F.)
B_SPLINE_CURVE_WITH_KNOTS((3,2,3),(-5.00000000000364,-2.50000000000182,
0.),.UNSPECIFIED.)
CURVE()
GEOMETRIC_REPRESENTATION_ITEM()
RATIONAL_B_SPLINE_CURVE((1.,0.70710678118629,1.,0.70710678118629,1.))
REPRESENTATION_ITEM('')
);
#4740=(
BOUNDED_CURVE()
B_SPLINE_CURVE(2,(#8717,#8718,#8719),.UNSPECIFIED.,.F.,.F.)
B_SPLINE_CURVE_WITH_KNOTS((3,3),(0.,13.9691125397098),.UNSPECIFIED.)
CURVE()
GEOMETRIC_REPRESENTATION_ITEM()
RATIONAL_B_SPLINE_CURVE((1.,1.,1.))
REPRESENTATION_ITEM('')
);
#4741=(
BOUNDED_CURVE()
B_SPLINE_CURVE(2,(#8720,#8721,#8722),.UNSPECIFIED.,.F.,.F.)
B_SPLINE_CURVE_WITH_KNOTS((3,3),(0.,13.9691125397098),.UNSPECIFIED.)
CURVE()
GEOMETRIC_REPRESENTATION_ITEM()
RATIONAL_B_SPLINE_CURVE((1.,1.,1.))
REPRESENTATION_ITEM('')
);
#4742=(
BOUNDED_CURVE()
B_SPLINE_CURVE(1,(#8723,#8724),.UNSPECIFIED.,.F.,.F.)
B_SPLINE_CURVE_WITH_KNOTS((2,2),(0.,2.),.UNSPECIFIED.)
CURVE()
GEOMETRIC_REPRESENTATION_ITEM()
RATIONAL_B_SPLINE_CURVE((1.,1.))
REPRESENTATION_ITEM('')
);
#4743=(
BOUNDED_CURVE()
B_SPLINE_CURVE(1,(#8725,#8726),.UNSPECIFIED.,.F.,.F.)
B_SPLINE_CURVE_WITH_KNOTS((2,2),(-2.,0.),.UNSPECIFIED.)
CURVE()
GEOMETRIC_REPRESENTATION_ITEM()
RATIONAL_B_SPLINE_CURVE((1.,1.))
REPRESENTATION_ITEM('')
);
#4744=(
BOUNDED_CURVE()
B_SPLINE_CURVE(2,(#8727,#8728,#8729,#8730,#8731),.UNSPECIFIED.,.F.,.F.)
B_SPLINE_CURVE_WITH_KNOTS((3,2,3),(-5.00000000000364,-2.50000000000182,
0.),.UNSPECIFIED.)
CURVE()
GEOMETRIC_REPRESENTATION_ITEM()
RATIONAL_B_SPLINE_CURVE((1.,0.70710678118629,1.,0.70710678118629,1.))
REPRESENTATION_ITEM('')
);
#4745=(
BOUNDED_CURVE()
B_SPLINE_CURVE(2,(#8732,#8733,#8734,#8735,#8736),.UNSPECIFIED.,.F.,.F.)
B_SPLINE_CURVE_WITH_KNOTS((3,2,3),(-5.00000000000068,-2.50000000000045,
0.),.UNSPECIFIED.)
CURVE()
GEOMETRIC_REPRESENTATION_ITEM()
RATIONAL_B_SPLINE_CURVE((1.,0.707106781186548,1.,0.707106781186548,1.))
REPRESENTATION_ITEM('')
);
#4746=(
BOUNDED_CURVE()
B_SPLINE_CURVE(2,(#8737,#8738,#8739),.UNSPECIFIED.,.F.,.F.)
B_SPLINE_CURVE_WITH_KNOTS((3,3),(0.,13.9691125397098),.UNSPECIFIED.)
CURVE()
GEOMETRIC_REPRESENTATION_ITEM()
RATIONAL_B_SPLINE_CURVE((1.,1.,1.))
REPRESENTATION_ITEM('')
);
#4747=(
BOUNDED_CURVE()
B_SPLINE_CURVE(2,(#8740,#8741,#8742),.UNSPECIFIED.,.F.,.F.)
B_SPLINE_CURVE_WITH_KNOTS((3,3),(0.,13.9691125397098),.UNSPECIFIED.)
CURVE()
GEOMETRIC_REPRESENTATION_ITEM()
RATIONAL_B_SPLINE_CURVE((1.,1.,1.))
REPRESENTATION_ITEM('')
);
#4748=(
BOUNDED_CURVE()
B_SPLINE_CURVE(2,(#8743,#8744,#8745),.UNSPECIFIED.,.F.,.F.)
B_SPLINE_CURVE_WITH_KNOTS((3,3),(0.,13.9691125397098),.UNSPECIFIED.)
CURVE()
GEOMETRIC_REPRESENTATION_ITEM()
RATIONAL_B_SPLINE_CURVE((1.,1.,1.))
REPRESENTATION_ITEM('')
);
#4749=(
BOUNDED_CURVE()
B_SPLINE_CURVE(1,(#8746,#8747),.UNSPECIFIED.,.F.,.F.)
B_SPLINE_CURVE_WITH_KNOTS((2,2),(0.,2.),.UNSPECIFIED.)
CURVE()
GEOMETRIC_REPRESENTATION_ITEM()
RATIONAL_B_SPLINE_CURVE((1.,1.))
REPRESENTATION_ITEM('')
);
#4750=(
BOUNDED_CURVE()
B_SPLINE_CURVE(2,(#8748,#8749,#8750),.UNSPECIFIED.,.F.,.F.)
B_SPLINE_CURVE_WITH_KNOTS((3,3),(0.,13.9691125397098),.UNSPECIFIED.)
CURVE()
GEOMETRIC_REPRESENTATION_ITEM()
RATIONAL_B_SPLINE_CURVE((1.,1.,1.))
REPRESENTATION_ITEM('')
);
#4751=(
BOUNDED_CURVE()
B_SPLINE_CURVE(1,(#8751,#8752),.UNSPECIFIED.,.F.,.F.)
B_SPLINE_CURVE_WITH_KNOTS((2,2),(0.,2.),.UNSPECIFIED.)
CURVE()
GEOMETRIC_REPRESENTATION_ITEM()
RATIONAL_B_SPLINE_CURVE((1.,1.))
REPRESENTATION_ITEM('')
);
#4752=(
BOUNDED_CURVE()
B_SPLINE_CURVE(1,(#8753,#8754),.UNSPECIFIED.,.F.,.F.)
B_SPLINE_CURVE_WITH_KNOTS((2,2),(-2.,0.),.UNSPECIFIED.)
CURVE()
GEOMETRIC_REPRESENTATION_ITEM()
RATIONAL_B_SPLINE_CURVE((1.,1.))
REPRESENTATION_ITEM('')
);
#4753=(
BOUNDED_CURVE()
B_SPLINE_CURVE(2,(#8755,#8756,#8757,#8758,#8759),.UNSPECIFIED.,.F.,.F.)
B_SPLINE_CURVE_WITH_KNOTS((3,2,3),(-5.00000000000068,-2.50000000000023,
0.),.UNSPECIFIED.)
CURVE()
GEOMETRIC_REPRESENTATION_ITEM()
RATIONAL_B_SPLINE_CURVE((1.,0.707106781186548,1.,0.707106781186548,1.))
REPRESENTATION_ITEM('')
);
#4754=(
BOUNDED_CURVE()
B_SPLINE_CURVE(2,(#8760,#8761,#8762,#8763,#8764),.UNSPECIFIED.,.F.,.F.)
B_SPLINE_CURVE_WITH_KNOTS((3,2,3),(-4.99999999999682,-2.49999999999773,
0.),.UNSPECIFIED.)
CURVE()
GEOMETRIC_REPRESENTATION_ITEM()
RATIONAL_B_SPLINE_CURVE((1.,0.707106781186805,1.,0.707106781186805,1.))
REPRESENTATION_ITEM('')
);
#4755=(
BOUNDED_CURVE()
B_SPLINE_CURVE(2,(#8765,#8766,#8767),.UNSPECIFIED.,.F.,.F.)
B_SPLINE_CURVE_WITH_KNOTS((3,3),(0.,13.9691125397098),.UNSPECIFIED.)
CURVE()
GEOMETRIC_REPRESENTATION_ITEM()
RATIONAL_B_SPLINE_CURVE((1.,1.,1.))
REPRESENTATION_ITEM('')
);
#4756=(
BOUNDED_CURVE()
B_SPLINE_CURVE(2,(#8768,#8769,#8770),.UNSPECIFIED.,.F.,.F.)
B_SPLINE_CURVE_WITH_KNOTS((3,3),(0.,13.9691125397098),.UNSPECIFIED.)
CURVE()
GEOMETRIC_REPRESENTATION_ITEM()
RATIONAL_B_SPLINE_CURVE((1.,1.,1.))
REPRESENTATION_ITEM('')
);
#4757=(
BOUNDED_CURVE()
B_SPLINE_CURVE(1,(#8771,#8772),.UNSPECIFIED.,.F.,.F.)
B_SPLINE_CURVE_WITH_KNOTS((2,2),(0.,2.),.UNSPECIFIED.)
CURVE()
GEOMETRIC_REPRESENTATION_ITEM()
RATIONAL_B_SPLINE_CURVE((1.,1.))
REPRESENTATION_ITEM('')
);
#4758=(
BOUNDED_CURVE()
B_SPLINE_CURVE(2,(#8773,#8774,#8775,#8776,#8777),.UNSPECIFIED.,.F.,.F.)
B_SPLINE_CURVE_WITH_KNOTS((3,2,3),(-5.00000000000387,-2.50000000000205,
0.),.UNSPECIFIED.)
CURVE()
GEOMETRIC_REPRESENTATION_ITEM()
RATIONAL_B_SPLINE_CURVE((1.,0.70710678118629,1.,0.70710678118629,1.))
REPRESENTATION_ITEM('')
);
#4759=(
BOUNDED_CURVE()
B_SPLINE_CURVE(2,(#8778,#8779,#8780,#8781,#8782),.UNSPECIFIED.,.F.,.F.)
B_SPLINE_CURVE_WITH_KNOTS((3,2,3),(-4.99999999999977,-2.49999999999977,
0.),.UNSPECIFIED.)
CURVE()
GEOMETRIC_REPRESENTATION_ITEM()
RATIONAL_B_SPLINE_CURVE((1.,0.707106781186548,1.,0.707106781186548,1.))
REPRESENTATION_ITEM('')
);
#4760=(
BOUNDED_CURVE()
B_SPLINE_CURVE(2,(#8783,#8784,#8785),.UNSPECIFIED.,.F.,.F.)
B_SPLINE_CURVE_WITH_KNOTS((3,3),(0.,13.9691125397098),.UNSPECIFIED.)
CURVE()
GEOMETRIC_REPRESENTATION_ITEM()
RATIONAL_B_SPLINE_CURVE((1.,1.,1.))
REPRESENTATION_ITEM('')
);
#4761=(
BOUNDED_CURVE()
B_SPLINE_CURVE(1,(#8786,#8787),.UNSPECIFIED.,.F.,.F.)
B_SPLINE_CURVE_WITH_KNOTS((2,2),(0.,2.),.UNSPECIFIED.)
CURVE()
GEOMETRIC_REPRESENTATION_ITEM()
RATIONAL_B_SPLINE_CURVE((1.,1.))
REPRESENTATION_ITEM('')
);
#4762=(
BOUNDED_CURVE()
B_SPLINE_CURVE(2,(#8788,#8789,#8790),.UNSPECIFIED.,.F.,.F.)
B_SPLINE_CURVE_WITH_KNOTS((3,3),(0.,13.9691125397098),.UNSPECIFIED.)
CURVE()
GEOMETRIC_REPRESENTATION_ITEM()
RATIONAL_B_SPLINE_CURVE((1.,1.,1.))
REPRESENTATION_ITEM('')
);
#4763=(
BOUNDED_CURVE()
B_SPLINE_CURVE(1,(#8791,#8792),.UNSPECIFIED.,.F.,.F.)
B_SPLINE_CURVE_WITH_KNOTS((2,2),(0.,2.),.UNSPECIFIED.)
CURVE()
GEOMETRIC_REPRESENTATION_ITEM()
RATIONAL_B_SPLINE_CURVE((1.,1.))
REPRESENTATION_ITEM('')
);
#4764=(
BOUNDED_CURVE()
B_SPLINE_CURVE(1,(#8793,#8794),.UNSPECIFIED.,.F.,.F.)
B_SPLINE_CURVE_WITH_KNOTS((2,2),(-2.,0.),.UNSPECIFIED.)
CURVE()
GEOMETRIC_REPRESENTATION_ITEM()
RATIONAL_B_SPLINE_CURVE((1.,1.))
REPRESENTATION_ITEM('')
);
#4765=(
BOUNDED_CURVE()
B_SPLINE_CURVE(2,(#8795,#8796,#8797,#8798,#8799),.UNSPECIFIED.,.F.,.F.)
B_SPLINE_CURVE_WITH_KNOTS((3,2,3),(-4.99999999999091,-2.49999999999591,
0.),.UNSPECIFIED.)
CURVE()
GEOMETRIC_REPRESENTATION_ITEM()
RATIONAL_B_SPLINE_CURVE((1.,0.707106781187191,1.,0.707106781187191,1.))
REPRESENTATION_ITEM('')
);
#4766=(
BOUNDED_CURVE()
B_SPLINE_CURVE(2,(#8800,#8801,#8802,#8803,#8804),.UNSPECIFIED.,.F.,.F.)
B_SPLINE_CURVE_WITH_KNOTS((3,2,3),(-4.99999999999682,-2.49999999999773,
0.),.UNSPECIFIED.)
CURVE()
GEOMETRIC_REPRESENTATION_ITEM()
RATIONAL_B_SPLINE_CURVE((1.,0.707106781186805,1.,0.707106781186805,1.))
REPRESENTATION_ITEM('')
);
#4767=(
BOUNDED_CURVE()
B_SPLINE_CURVE(2,(#8805,#8806,#8807),.UNSPECIFIED.,.F.,.F.)
B_SPLINE_CURVE_WITH_KNOTS((3,3),(0.,13.9691125397098),.UNSPECIFIED.)
CURVE()
GEOMETRIC_REPRESENTATION_ITEM()
RATIONAL_B_SPLINE_CURVE((1.,1.,1.))
REPRESENTATION_ITEM('')
);
#4768=(
BOUNDED_CURVE()
B_SPLINE_CURVE(2,(#8808,#8809,#8810),.UNSPECIFIED.,.F.,.F.)
B_SPLINE_CURVE_WITH_KNOTS((3,3),(0.,13.9691125397098),.UNSPECIFIED.)
CURVE()
GEOMETRIC_REPRESENTATION_ITEM()
RATIONAL_B_SPLINE_CURVE((1.,1.,1.))
REPRESENTATION_ITEM('')
);
#4769=(
BOUNDED_CURVE()
B_SPLINE_CURVE(1,(#8811,#8812),.UNSPECIFIED.,.F.,.F.)
B_SPLINE_CURVE_WITH_KNOTS((2,2),(0.,2.),.UNSPECIFIED.)
CURVE()
GEOMETRIC_REPRESENTATION_ITEM()
RATIONAL_B_SPLINE_CURVE((1.,1.))
REPRESENTATION_ITEM('')
);
#4770=(
BOUNDED_CURVE()
B_SPLINE_CURVE(2,(#8813,#8814,#8815,#8816,#8817),.UNSPECIFIED.,.F.,.F.)
B_SPLINE_CURVE_WITH_KNOTS((3,2,3),(-5.00000000000387,-2.50000000000205,
0.),.UNSPECIFIED.)
CURVE()
GEOMETRIC_REPRESENTATION_ITEM()
RATIONAL_B_SPLINE_CURVE((1.,0.70710678118629,1.,0.70710678118629,1.))
REPRESENTATION_ITEM('')
);
#4771=(
BOUNDED_CURVE()
B_SPLINE_CURVE(2,(#8818,#8819,#8820,#8821,#8822),.UNSPECIFIED.,.F.,.F.)
B_SPLINE_CURVE_WITH_KNOTS((3,2,3),(-4.99999999999818,-2.49999999999932,
0.),.UNSPECIFIED.)
CURVE()
GEOMETRIC_REPRESENTATION_ITEM()
RATIONAL_B_SPLINE_CURVE((1.,0.707106781186676,1.,0.707106781186676,1.))
REPRESENTATION_ITEM('')
);
#4772=(
BOUNDED_CURVE()
B_SPLINE_CURVE(1,(#8823,#8824),.UNSPECIFIED.,.F.,.F.)
B_SPLINE_CURVE_WITH_KNOTS((2,2),(0.,2.),.UNSPECIFIED.)
CURVE()
GEOMETRIC_REPRESENTATION_ITEM()
RATIONAL_B_SPLINE_CURVE((1.,1.))
REPRESENTATION_ITEM('')
);
#4773=(
BOUNDED_CURVE()
B_SPLINE_CURVE(2,(#8825,#8826,#8827),.UNSPECIFIED.,.F.,.F.)
B_SPLINE_CURVE_WITH_KNOTS((3,3),(0.,27.4393282029996),.UNSPECIFIED.)
CURVE()
GEOMETRIC_REPRESENTATION_ITEM()
RATIONAL_B_SPLINE_CURVE((1.,1.,1.))
REPRESENTATION_ITEM('')
);
#4774=(
BOUNDED_CURVE()
B_SPLINE_CURVE(1,(#8828,#8829),.UNSPECIFIED.,.F.,.F.)
B_SPLINE_CURVE_WITH_KNOTS((2,2),(0.,2.),.UNSPECIFIED.)
CURVE()
GEOMETRIC_REPRESENTATION_ITEM()
RATIONAL_B_SPLINE_CURVE((1.,1.))
REPRESENTATION_ITEM('')
);
#4775=(
BOUNDED_CURVE()
B_SPLINE_CURVE(2,(#8830,#8831,#8832,#8833,#8834),.UNSPECIFIED.,.F.,.F.)
B_SPLINE_CURVE_WITH_KNOTS((3,2,3),(0.,17.79428603626,27.4393282029996),
 .UNSPECIFIED.)
CURVE()
GEOMETRIC_REPRESENTATION_ITEM()
RATIONAL_B_SPLINE_CURVE((1.,1.,1.,1.,1.))
REPRESENTATION_ITEM('')
);
#4776=(
BOUNDED_CURVE()
B_SPLINE_CURVE(1,(#8835,#8836),.UNSPECIFIED.,.F.,.F.)
B_SPLINE_CURVE_WITH_KNOTS((2,2),(-2.,0.),.UNSPECIFIED.)
CURVE()
GEOMETRIC_REPRESENTATION_ITEM()
RATIONAL_B_SPLINE_CURVE((1.,1.))
REPRESENTATION_ITEM('')
);
#4777=(
BOUNDED_CURVE()
B_SPLINE_CURVE(2,(#8837,#8838,#8839,#8840,#8841),.UNSPECIFIED.,.F.,.F.)
B_SPLINE_CURVE_WITH_KNOTS((3,2,3),(-5.00000000000068,-2.50000000000045,
0.),.UNSPECIFIED.)
CURVE()
GEOMETRIC_REPRESENTATION_ITEM()
RATIONAL_B_SPLINE_CURVE((1.,0.707106781186548,1.,0.707106781186548,1.))
REPRESENTATION_ITEM('')
);
#4778=(
BOUNDED_CURVE()
B_SPLINE_CURVE(2,(#8842,#8843,#8844,#8845,#8846),.UNSPECIFIED.,.F.,.F.)
B_SPLINE_CURVE_WITH_KNOTS((3,2,3),(-5.00000000000182,-2.50000000000045,
0.),.UNSPECIFIED.)
CURVE()
GEOMETRIC_REPRESENTATION_ITEM()
RATIONAL_B_SPLINE_CURVE((1.,0.707106781186419,1.,0.707106781186419,1.))
REPRESENTATION_ITEM('')
);
#4779=(
BOUNDED_CURVE()
B_SPLINE_CURVE(2,(#8847,#8848,#8849,#8850,#8851),.UNSPECIFIED.,.F.,.F.)
B_SPLINE_CURVE_WITH_KNOTS((3,2,3),(0.,9.64504216673959,27.4393282029996),
 .UNSPECIFIED.)
CURVE()
GEOMETRIC_REPRESENTATION_ITEM()
RATIONAL_B_SPLINE_CURVE((1.,1.,1.,1.,1.))
REPRESENTATION_ITEM('')
);
#4780=(
BOUNDED_CURVE()
B_SPLINE_CURVE(2,(#8852,#8853,#8854),.UNSPECIFIED.,.F.,.F.)
B_SPLINE_CURVE_WITH_KNOTS((3,3),(0.,27.4393282029996),.UNSPECIFIED.)
CURVE()
GEOMETRIC_REPRESENTATION_ITEM()
RATIONAL_B_SPLINE_CURVE((1.,1.,1.))
REPRESENTATION_ITEM('')
);
#4781=(
BOUNDED_CURVE()
B_SPLINE_CURVE(1,(#8855,#8856),.UNSPECIFIED.,.F.,.F.)
B_SPLINE_CURVE_WITH_KNOTS((2,2),(0.,2.),.UNSPECIFIED.)
CURVE()
GEOMETRIC_REPRESENTATION_ITEM()
RATIONAL_B_SPLINE_CURVE((1.,1.))
REPRESENTATION_ITEM('')
);
#4782=(
BOUNDED_CURVE()
B_SPLINE_CURVE(2,(#8857,#8858,#8859,#8860,#8861),.UNSPECIFIED.,.F.,.F.)
B_SPLINE_CURVE_WITH_KNOTS((3,2,3),(-5.00000000000068,-2.50000000000023,
0.),.UNSPECIFIED.)
CURVE()
GEOMETRIC_REPRESENTATION_ITEM()
RATIONAL_B_SPLINE_CURVE((1.,0.707106781186548,1.,0.707106781186548,1.))
REPRESENTATION_ITEM('')
);
#4783=(
BOUNDED_CURVE()
B_SPLINE_CURVE(2,(#8862,#8863,#8864,#8865,#8866),.UNSPECIFIED.,.F.,.F.)
B_SPLINE_CURVE_WITH_KNOTS((3,2,3),(-5.0000000000075,-2.50000000000409,0.),
 .UNSPECIFIED.)
CURVE()
GEOMETRIC_REPRESENTATION_ITEM()
RATIONAL_B_SPLINE_CURVE((1.,0.707106781186033,1.,0.707106781186033,1.))
REPRESENTATION_ITEM('')
);
#4784=(
BOUNDED_CURVE()
B_SPLINE_CURVE(1,(#8867,#8868),.UNSPECIFIED.,.F.,.F.)
B_SPLINE_CURVE_WITH_KNOTS((2,2),(0.,2.),.UNSPECIFIED.)
CURVE()
GEOMETRIC_REPRESENTATION_ITEM()
RATIONAL_B_SPLINE_CURVE((1.,1.))
REPRESENTATION_ITEM('')
);
#4785=(
BOUNDED_CURVE()
B_SPLINE_CURVE(2,(#8869,#8870,#8871),.UNSPECIFIED.,.F.,.F.)
B_SPLINE_CURVE_WITH_KNOTS((3,3),(0.,27.4393282029996),.UNSPECIFIED.)
CURVE()
GEOMETRIC_REPRESENTATION_ITEM()
RATIONAL_B_SPLINE_CURVE((1.,1.,1.))
REPRESENTATION_ITEM('')
);
#4786=(
BOUNDED_CURVE()
B_SPLINE_CURVE(1,(#8872,#8873),.UNSPECIFIED.,.F.,.F.)
B_SPLINE_CURVE_WITH_KNOTS((2,2),(0.,2.),.UNSPECIFIED.)
CURVE()
GEOMETRIC_REPRESENTATION_ITEM()
RATIONAL_B_SPLINE_CURVE((1.,1.))
REPRESENTATION_ITEM('')
);
#4787=(
BOUNDED_CURVE()
B_SPLINE_CURVE(2,(#8874,#8875,#8876,#8877,#8878),.UNSPECIFIED.,.F.,.F.)
B_SPLINE_CURVE_WITH_KNOTS((3,2,3),(0.,17.79428603626,27.4393282029996),
 .UNSPECIFIED.)
CURVE()
GEOMETRIC_REPRESENTATION_ITEM()
RATIONAL_B_SPLINE_CURVE((1.,1.,1.,1.,1.))
REPRESENTATION_ITEM('')
);
#4788=(
BOUNDED_CURVE()
B_SPLINE_CURVE(1,(#8879,#8880),.UNSPECIFIED.,.F.,.F.)
B_SPLINE_CURVE_WITH_KNOTS((2,2),(-2.,0.),.UNSPECIFIED.)
CURVE()
GEOMETRIC_REPRESENTATION_ITEM()
RATIONAL_B_SPLINE_CURVE((1.,1.))
REPRESENTATION_ITEM('')
);
#4789=(
BOUNDED_CURVE()
B_SPLINE_CURVE(2,(#8881,#8882,#8883,#8884,#8885),.UNSPECIFIED.,.F.,.F.)
B_SPLINE_CURVE_WITH_KNOTS((3,2,3),(-5.00000000000387,-2.50000000000205,
0.),.UNSPECIFIED.)
CURVE()
GEOMETRIC_REPRESENTATION_ITEM()
RATIONAL_B_SPLINE_CURVE((1.,0.70710678118629,1.,0.70710678118629,1.))
REPRESENTATION_ITEM('')
);
#4790=(
BOUNDED_CURVE()
B_SPLINE_CURVE(2,(#8886,#8887,#8888,#8889,#8890),.UNSPECIFIED.,.F.,.F.)
B_SPLINE_CURVE_WITH_KNOTS((3,2,3),(-5.00000000000387,-2.50000000000182,
0.),.UNSPECIFIED.)
CURVE()
GEOMETRIC_REPRESENTATION_ITEM()
RATIONAL_B_SPLINE_CURVE((1.,0.70710678118629,1.,0.70710678118629,1.))
REPRESENTATION_ITEM('')
);
#4791=(
BOUNDED_CURVE()
B_SPLINE_CURVE(2,(#8891,#8892,#8893,#8894,#8895),.UNSPECIFIED.,.F.,.F.)
B_SPLINE_CURVE_WITH_KNOTS((3,2,3),(0.,9.64504216673959,27.4393282029996),
 .UNSPECIFIED.)
CURVE()
GEOMETRIC_REPRESENTATION_ITEM()
RATIONAL_B_SPLINE_CURVE((1.,1.,1.,1.,1.))
REPRESENTATION_ITEM('')
);
#4792=(
BOUNDED_CURVE()
B_SPLINE_CURVE(2,(#8896,#8897,#8898),.UNSPECIFIED.,.F.,.F.)
B_SPLINE_CURVE_WITH_KNOTS((3,3),(0.,27.4393282029996),.UNSPECIFIED.)
CURVE()
GEOMETRIC_REPRESENTATION_ITEM()
RATIONAL_B_SPLINE_CURVE((1.,1.,1.))
REPRESENTATION_ITEM('')
);
#4793=(
BOUNDED_CURVE()
B_SPLINE_CURVE(1,(#8899,#8900),.UNSPECIFIED.,.F.,.F.)
B_SPLINE_CURVE_WITH_KNOTS((2,2),(0.,2.),.UNSPECIFIED.)
CURVE()
GEOMETRIC_REPRESENTATION_ITEM()
RATIONAL_B_SPLINE_CURVE((1.,1.))
REPRESENTATION_ITEM('')
);
#4794=(
BOUNDED_CURVE()
B_SPLINE_CURVE(2,(#8901,#8902,#8903,#8904,#8905),.UNSPECIFIED.,.F.,.F.)
B_SPLINE_CURVE_WITH_KNOTS((3,2,3),(-5.00000000000227,-2.50000000000091,
0.),.UNSPECIFIED.)
CURVE()
GEOMETRIC_REPRESENTATION_ITEM()
RATIONAL_B_SPLINE_CURVE((1.,0.707106781186419,1.,0.707106781186419,1.))
REPRESENTATION_ITEM('')
);
#4795=(
BOUNDED_CURVE()
B_SPLINE_CURVE(2,(#8906,#8907,#8908,#8909,#8910),.UNSPECIFIED.,.F.,.F.)
B_SPLINE_CURVE_WITH_KNOTS((3,2,3),(-4.99999999999432,-2.49999999999727,
0.),.UNSPECIFIED.)
CURVE()
GEOMETRIC_REPRESENTATION_ITEM()
RATIONAL_B_SPLINE_CURVE((1.,0.707106781186933,1.,0.707106781186933,1.))
REPRESENTATION_ITEM('')
);
#4796=(
BOUNDED_CURVE()
B_SPLINE_CURVE(2,(#9051,#9052,#9053),.UNSPECIFIED.,.F.,.F.)
B_SPLINE_CURVE_WITH_KNOTS((3,3),(-0.453861604947598,0.),.UNSPECIFIED.)
CURVE()
GEOMETRIC_REPRESENTATION_ITEM()
RATIONAL_B_SPLINE_CURVE((1.,0.975204865329529,1.))
REPRESENTATION_ITEM('')
);
#4797=(
BOUNDED_CURVE()
B_SPLINE_CURVE(1,(#9054,#9055),.UNSPECIFIED.,.F.,.F.)
B_SPLINE_CURVE_WITH_KNOTS((2,2),(-0.0302393131399867,0.),.UNSPECIFIED.)
CURVE()
GEOMETRIC_REPRESENTATION_ITEM()
RATIONAL_B_SPLINE_CURVE((1.,1.))
REPRESENTATION_ITEM('')
);
#4798=(
BOUNDED_CURVE()
B_SPLINE_CURVE(2,(#9056,#9057,#9058,#9059,#9060),.UNSPECIFIED.,.F.,.F.)
B_SPLINE_CURVE_WITH_KNOTS((3,2,3),(-3.99999999248399,-1.99999999624234,
0.),.UNSPECIFIED.)
CURVE()
GEOMETRIC_REPRESENTATION_ITEM()
RATIONAL_B_SPLINE_CURVE((1.,0.707106781188195,1.,0.707106781188195,1.))
REPRESENTATION_ITEM('')
);
#4799=(
BOUNDED_CURVE()
B_SPLINE_CURVE(1,(#9061,#9062),.UNSPECIFIED.,.F.,.F.)
B_SPLINE_CURVE_WITH_KNOTS((2,2),(-1.27354067295005,0.),.UNSPECIFIED.)
CURVE()
GEOMETRIC_REPRESENTATION_ITEM()
RATIONAL_B_SPLINE_CURVE((1.,1.))
REPRESENTATION_ITEM('')
);
#4800=(
BOUNDED_CURVE()
B_SPLINE_CURVE(2,(#9063,#9064,#9065,#9066,#9067),.UNSPECIFIED.,.F.,.F.)
B_SPLINE_CURVE_WITH_KNOTS((3,2,3),(-3.19397904230773,-1.59698952115401,
0.),.UNSPECIFIED.)
CURVE()
GEOMETRIC_REPRESENTATION_ITEM()
RATIONAL_B_SPLINE_CURVE((1.,0.781442263728068,1.,0.781442263728068,1.))
REPRESENTATION_ITEM('')
);
#4801=(
BOUNDED_CURVE()
B_SPLINE_CURVE(2,(#9070,#9071,#9072,#9073,#9074),.UNSPECIFIED.,.F.,.F.)
B_SPLINE_CURVE_WITH_KNOTS((3,2,3),(0.,1.99999999623961,3.99999999247967),
 .UNSPECIFIED.)
CURVE()
GEOMETRIC_REPRESENTATION_ITEM()
RATIONAL_B_SPLINE_CURVE((1.,0.707106781188597,1.,0.707106781188597,1.))
REPRESENTATION_ITEM('')
);
#4802=(
BOUNDED_CURVE()
B_SPLINE_CURVE(2,(#9075,#9076,#9077,#9078,#9079),.UNSPECIFIED.,.F.,.F.)
B_SPLINE_CURVE_WITH_KNOTS((3,2,3),(0.,1.99999999626212,3.99999999252469),
 .UNSPECIFIED.)
CURVE()
GEOMETRIC_REPRESENTATION_ITEM()
RATIONAL_B_SPLINE_CURVE((1.,0.707106781184739,1.,0.707106781184739,1.))
REPRESENTATION_ITEM('')
);
#4803=(
BOUNDED_CURVE()
B_SPLINE_CURVE(1,(#9080,#9081),.UNSPECIFIED.,.F.,.F.)
B_SPLINE_CURVE_WITH_KNOTS((2,2),(-1.24991246705895,0.),.UNSPECIFIED.)
CURVE()
GEOMETRIC_REPRESENTATION_ITEM()
RATIONAL_B_SPLINE_CURVE((1.,1.))
REPRESENTATION_ITEM('')
);
#4804=(
BOUNDED_CURVE()
B_SPLINE_CURVE(2,(#9092,#9093,#9094,#9095,#9096),.UNSPECIFIED.,.F.,.F.)
B_SPLINE_CURVE_WITH_KNOTS((3,2,3),(-3.99999999252128,-1.99999999626098,
0.),.UNSPECIFIED.)
CURVE()
GEOMETRIC_REPRESENTATION_ITEM()
RATIONAL_B_SPLINE_CURVE((1.,0.70710678118506,1.,0.70710678118506,1.))
REPRESENTATION_ITEM('')
);
#4805=(
BOUNDED_CURVE()
B_SPLINE_CURVE(2,(#9097,#9098,#9099),.UNSPECIFIED.,.F.,.F.)
B_SPLINE_CURVE_WITH_KNOTS((3,3),(-0.453864714436261,0.),.UNSPECIFIED.)
CURVE()
GEOMETRIC_REPRESENTATION_ITEM()
RATIONAL_B_SPLINE_CURVE((1.,0.975204538110234,1.))
REPRESENTATION_ITEM('')
);
#4806=(
BOUNDED_CURVE()
B_SPLINE_CURVE(2,(#9102,#9103,#9104,#9105,#9106),.UNSPECIFIED.,.F.,.F.)
B_SPLINE_CURVE_WITH_KNOTS((3,2,3),(-3.19397419960978,-1.5969870998049,0.),
 .UNSPECIFIED.)
CURVE()
GEOMETRIC_REPRESENTATION_ITEM()
RATIONAL_B_SPLINE_CURVE((1.,0.781442725035432,1.,0.781442725035432,1.))
REPRESENTATION_ITEM('')
);
#4807=(
BOUNDED_CURVE()
B_SPLINE_CURVE(1,(#9107,#9108),.UNSPECIFIED.,.F.,.F.)
B_SPLINE_CURVE_WITH_KNOTS((2,2),(0.,1.24991246710897),.UNSPECIFIED.)
CURVE()
GEOMETRIC_REPRESENTATION_ITEM()
RATIONAL_B_SPLINE_CURVE((1.,1.))
REPRESENTATION_ITEM('')
);
#4808=(
BOUNDED_CURVE()
B_SPLINE_CURVE(2,(#9125,#9126,#9127,#9128,#9129),.UNSPECIFIED.,.F.,.F.)
B_SPLINE_CURVE_WITH_KNOTS((3,2,3),(0.,1.99999999772595,3.99999999545121),
 .UNSPECIFIED.)
CURVE()
GEOMETRIC_REPRESENTATION_ITEM()
RATIONAL_B_SPLINE_CURVE((1.,0.707106780926128,1.,0.707106780926128,1.))
REPRESENTATION_ITEM('')
);
#4809=(
BOUNDED_CURVE()
B_SPLINE_CURVE(2,(#9130,#9131,#9132,#9133,#9134),.UNSPECIFIED.,.F.,.F.)
B_SPLINE_CURVE_WITH_KNOTS((3,2,3),(0.,1.99999999772004,3.99999999544166),
 .UNSPECIFIED.)
CURVE()
GEOMETRIC_REPRESENTATION_ITEM()
RATIONAL_B_SPLINE_CURVE((1.,0.707106780926932,1.,0.707106780926932,1.))
REPRESENTATION_ITEM('')
);
#4810=(
BOUNDED_CURVE()
B_SPLINE_CURVE(1,(#9155,#9156),.UNSPECIFIED.,.F.,.F.)
B_SPLINE_CURVE_WITH_KNOTS((2,2),(-4.55831893488903,0.),.UNSPECIFIED.)
CURVE()
GEOMETRIC_REPRESENTATION_ITEM()
RATIONAL_B_SPLINE_CURVE((1.,1.))
REPRESENTATION_ITEM('')
);
#4811=(
BOUNDED_CURVE()
B_SPLINE_CURVE(2,(#9157,#9158,#9159,#9160,#9161),.UNSPECIFIED.,.F.,.F.)
B_SPLINE_CURVE_WITH_KNOTS((3,2,3),(-7.99999998500845,-3.99999999250445,
0.),.UNSPECIFIED.)
CURVE()
GEOMETRIC_REPRESENTATION_ITEM()
RATIONAL_B_SPLINE_CURVE((1.,0.707106781186568,1.,0.707106781186568,1.))
REPRESENTATION_ITEM('')
);
#4812=(
BOUNDED_CURVE()
B_SPLINE_CURVE(1,(#9162,#9163),.UNSPECIFIED.,.F.,.F.)
B_SPLINE_CURVE_WITH_KNOTS((2,2),(-4.55831893488903,0.),.UNSPECIFIED.)
CURVE()
GEOMETRIC_REPRESENTATION_ITEM()
RATIONAL_B_SPLINE_CURVE((1.,1.))
REPRESENTATION_ITEM('')
);
#4813=(
BOUNDED_CURVE()
B_SPLINE_CURVE(2,(#9164,#9165,#9166,#9167,#9168),.UNSPECIFIED.,.F.,.F.)
B_SPLINE_CURVE_WITH_KNOTS((3,2,3),(-7.99999998500845,-3.99999999250354,
0.),.UNSPECIFIED.)
CURVE()
GEOMETRIC_REPRESENTATION_ITEM()
RATIONAL_B_SPLINE_CURVE((1.,0.707106781186568,1.,0.707106781186568,1.))
REPRESENTATION_ITEM('')
);
#4814=(
BOUNDED_CURVE()
B_SPLINE_CURVE(2,(#9169,#9170,#9171,#9172,#9173),.UNSPECIFIED.,.F.,.F.)
B_SPLINE_CURVE_WITH_KNOTS((3,2,3),(-7.99999998501095,-3.99999999250559,
0.),.UNSPECIFIED.)
CURVE()
GEOMETRIC_REPRESENTATION_ITEM()
RATIONAL_B_SPLINE_CURVE((1.,0.707106781186487,1.,0.707106781186487,1.))
REPRESENTATION_ITEM('')
);
#4815=(
BOUNDED_CURVE()
B_SPLINE_CURVE(2,(#9174,#9175,#9176,#9177,#9178),.UNSPECIFIED.,.F.,.F.)
B_SPLINE_CURVE_WITH_KNOTS((3,2,3),(-7.99999998500868,-3.99999999250422,
0.),.UNSPECIFIED.)
CURVE()
GEOMETRIC_REPRESENTATION_ITEM()
RATIONAL_B_SPLINE_CURVE((1.,0.707106781186608,1.,0.707106781186608,1.))
REPRESENTATION_ITEM('')
);
#4816=(
BOUNDED_CURVE()
B_SPLINE_CURVE(2,(#9217,#9218,#9219,#9220,#9221),.UNSPECIFIED.,.F.,.F.)
B_SPLINE_CURVE_WITH_KNOTS((3,2,3),(-7.99999998501027,-3.99999999250491,
0.),.UNSPECIFIED.)
CURVE()
GEOMETRIC_REPRESENTATION_ITEM()
RATIONAL_B_SPLINE_CURVE((1.,0.707106781186527,1.,0.707106781186527,1.))
REPRESENTATION_ITEM('')
);
#4817=(
BOUNDED_CURVE()
B_SPLINE_CURVE(1,(#9222,#9223),.UNSPECIFIED.,.F.,.F.)
B_SPLINE_CURVE_WITH_KNOTS((2,2),(-2.98374001946399,0.),.UNSPECIFIED.)
CURVE()
GEOMETRIC_REPRESENTATION_ITEM()
RATIONAL_B_SPLINE_CURVE((1.,1.))
REPRESENTATION_ITEM('')
);
#4818=(
BOUNDED_CURVE()
B_SPLINE_CURVE(2,(#9224,#9225,#9226,#9227,#9228),.UNSPECIFIED.,.F.,.F.)
B_SPLINE_CURVE_WITH_KNOTS((3,2,3),(-7.99999998500481,-3.99999999250263,
0.),.UNSPECIFIED.)
CURVE()
GEOMETRIC_REPRESENTATION_ITEM()
RATIONAL_B_SPLINE_CURVE((1.,0.707106781186688,1.,0.707106781186688,1.))
REPRESENTATION_ITEM('')
);
#4819=(
BOUNDED_CURVE()
B_SPLINE_CURVE(1,(#9229,#9230),.UNSPECIFIED.,.F.,.F.)
B_SPLINE_CURVE_WITH_KNOTS((2,2),(-2.98374001946399,0.),.UNSPECIFIED.)
CURVE()
GEOMETRIC_REPRESENTATION_ITEM()
RATIONAL_B_SPLINE_CURVE((1.,1.))
REPRESENTATION_ITEM('')
);
#4820=(
BOUNDED_CURVE()
B_SPLINE_CURVE(2,(#9231,#9232,#9233,#9234,#9235),.UNSPECIFIED.,.F.,.F.)
B_SPLINE_CURVE_WITH_KNOTS((3,2,3),(-7.99999998500777,-3.99999999250354,
0.),.UNSPECIFIED.)
CURVE()
GEOMETRIC_REPRESENTATION_ITEM()
RATIONAL_B_SPLINE_CURVE((1.,0.707106781186608,1.,0.707106781186608,1.))
REPRESENTATION_ITEM('')
);
#4821=(
BOUNDED_CURVE()
B_SPLINE_CURVE(2,(#9236,#9237,#9238,#9239,#9240),.UNSPECIFIED.,.F.,.F.)
B_SPLINE_CURVE_WITH_KNOTS((3,2,3),(-7.99999998500981,-3.99999999250491,
0.),.UNSPECIFIED.)
CURVE()
GEOMETRIC_REPRESENTATION_ITEM()
RATIONAL_B_SPLINE_CURVE((1.,0.707106781186608,1.,0.707106781186608,1.))
REPRESENTATION_ITEM('')
);
#4822=(
BOUNDED_CURVE()
B_SPLINE_CURVE(2,(#9241,#9242,#9243,#9244,#9245),.UNSPECIFIED.,.F.,.F.)
B_SPLINE_CURVE_WITH_KNOTS((3,2,3),(-16.2629016616411,-8.13145083082077,
0.),.UNSPECIFIED.)
CURVE()
GEOMETRIC_REPRESENTATION_ITEM()
RATIONAL_B_SPLINE_CURVE((1.,0.707106781186548,1.,0.707106781186548,1.))
REPRESENTATION_ITEM('')
);
#4823=(
BOUNDED_CURVE()
B_SPLINE_CURVE(1,(#9246,#9247),.UNSPECIFIED.,.F.,.F.)
B_SPLINE_CURVE_WITH_KNOTS((2,2),(-14.003829650284,0.),.UNSPECIFIED.)
CURVE()
GEOMETRIC_REPRESENTATION_ITEM()
RATIONAL_B_SPLINE_CURVE((1.,1.))
REPRESENTATION_ITEM('')
);
#4824=(
BOUNDED_CURVE()
B_SPLINE_CURVE(2,(#9248,#9249,#9250),.UNSPECIFIED.,.F.,.F.)
B_SPLINE_CURVE_WITH_KNOTS((3,3),(-4.373646864819,0.),.UNSPECIFIED.)
CURVE()
GEOMETRIC_REPRESENTATION_ITEM()
RATIONAL_B_SPLINE_CURVE((1.,0.88068922246068,1.))
REPRESENTATION_ITEM('')
);
#4825=(
BOUNDED_CURVE()
B_SPLINE_CURVE(1,(#9251,#9252),.UNSPECIFIED.,.F.,.F.)
B_SPLINE_CURVE_WITH_KNOTS((2,2),(-1.18889022606606,0.),.UNSPECIFIED.)
CURVE()
GEOMETRIC_REPRESENTATION_ITEM()
RATIONAL_B_SPLINE_CURVE((1.,1.))
REPRESENTATION_ITEM('')
);
#4826=(
BOUNDED_CURVE()
B_SPLINE_CURVE(2,(#9253,#9254,#9255,#9256,#9257),.UNSPECIFIED.,.F.,.F.)
B_SPLINE_CURVE_WITH_KNOTS((3,2,3),(-9.71881354959763,-4.85940677479909,
0.),.UNSPECIFIED.)
CURVE()
GEOMETRIC_REPRESENTATION_ITEM()
RATIONAL_B_SPLINE_CURVE((1.,0.858398076330674,1.,0.858398076330674,1.))
REPRESENTATION_ITEM('')
);
#4827=(
BOUNDED_CURVE()
B_SPLINE_CURVE(1,(#9258,#9259),.UNSPECIFIED.,.F.,.F.)
B_SPLINE_CURVE_WITH_KNOTS((2,2),(-12.814939424217,0.),.UNSPECIFIED.)
CURVE()
GEOMETRIC_REPRESENTATION_ITEM()
RATIONAL_B_SPLINE_CURVE((1.,1.))
REPRESENTATION_ITEM('')
);
#4828=(
BOUNDED_CURVE()
B_SPLINE_CURVE(2,(#9268,#9269,#9270),.UNSPECIFIED.,.F.,.F.)
B_SPLINE_CURVE_WITH_KNOTS((3,3),(0.,8.00000000004013),.UNSPECIFIED.)
CURVE()
GEOMETRIC_REPRESENTATION_ITEM()
RATIONAL_B_SPLINE_CURVE((1.,0.707106781183,1.))
REPRESENTATION_ITEM('')
);
#4829=(
BOUNDED_CURVE()
B_SPLINE_CURVE(1,(#9271,#9272),.UNSPECIFIED.,.F.,.F.)
B_SPLINE_CURVE_WITH_KNOTS((2,2),(0.,41.7465878604301),.UNSPECIFIED.)
CURVE()
GEOMETRIC_REPRESENTATION_ITEM()
RATIONAL_B_SPLINE_CURVE((1.,1.))
REPRESENTATION_ITEM('')
);
#4830=(
BOUNDED_CURVE()
B_SPLINE_CURVE(1,(#9285,#9286),.UNSPECIFIED.,.F.,.F.)
B_SPLINE_CURVE_WITH_KNOTS((2,2),(0.,37.55901072952),.UNSPECIFIED.)
CURVE()
GEOMETRIC_REPRESENTATION_ITEM()
RATIONAL_B_SPLINE_CURVE((1.,1.))
REPRESENTATION_ITEM('')
);
#4831=(
BOUNDED_CURVE()
B_SPLINE_CURVE(2,(#9310,#9311,#9312,#9313,#9314,#9315,#9316),
 .UNSPECIFIED.,.F.,.F.)
B_SPLINE_CURVE_WITH_KNOTS((3,2,2,3),(-17.1575011624861,-12.6422330812124,
-8.10614057821732,0.),.UNSPECIFIED.)
CURVE()
GEOMETRIC_REPRESENTATION_ITEM()
RATIONAL_B_SPLINE_CURVE((1.,0.906366877919351,1.,0.905639323581098,0.999999999999981,
0.766933127964566,1.))
REPRESENTATION_ITEM('')
);
#4832=(
BOUNDED_CURVE()
B_SPLINE_CURVE(2,(#9331,#9332,#9333),.UNSPECIFIED.,.F.,.F.)
B_SPLINE_CURVE_WITH_KNOTS((3,3),(0.,5.45403316496141),.UNSPECIFIED.)
CURVE()
GEOMETRIC_REPRESENTATION_ITEM()
RATIONAL_B_SPLINE_CURVE((1.,0.82625196869234,1.))
REPRESENTATION_ITEM('')
);
#4833=(
BOUNDED_CURVE()
B_SPLINE_CURVE(1,(#9334,#9335),.UNSPECIFIED.,.F.,.F.)
B_SPLINE_CURVE_WITH_KNOTS((2,2),(0.,6.8220076193511),.UNSPECIFIED.)
CURVE()
GEOMETRIC_REPRESENTATION_ITEM()
RATIONAL_B_SPLINE_CURVE((1.,1.))
REPRESENTATION_ITEM('')
);
#4834=(
BOUNDED_CURVE()
B_SPLINE_CURVE(2,(#9336,#9337,#9338),.UNSPECIFIED.,.F.,.F.)
B_SPLINE_CURVE_WITH_KNOTS((3,3),(-5.45403316496468,0.),.UNSPECIFIED.)
CURVE()
GEOMETRIC_REPRESENTATION_ITEM()
RATIONAL_B_SPLINE_CURVE((1.,0.826251968691814,1.))
REPRESENTATION_ITEM('')
);
#4835=(
BOUNDED_CURVE()
B_SPLINE_CURVE(2,(#9348,#9349,#9350),.UNSPECIFIED.,.F.,.F.)
B_SPLINE_CURVE_WITH_KNOTS((3,3),(-5.45403316495963,0.),.UNSPECIFIED.)
CURVE()
GEOMETRIC_REPRESENTATION_ITEM()
RATIONAL_B_SPLINE_CURVE((1.,0.826251968691201,1.))
REPRESENTATION_ITEM('')
);
#4836=(
BOUNDED_CURVE()
B_SPLINE_CURVE(1,(#9351,#9352),.UNSPECIFIED.,.F.,.F.)
B_SPLINE_CURVE_WITH_KNOTS((2,2),(-6.8220076193511,0.),.UNSPECIFIED.)
CURVE()
GEOMETRIC_REPRESENTATION_ITEM()
RATIONAL_B_SPLINE_CURVE((1.,1.))
REPRESENTATION_ITEM('')
);
#4837=(
BOUNDED_CURVE()
B_SPLINE_CURVE(2,(#9353,#9354,#9355),.UNSPECIFIED.,.F.,.F.)
B_SPLINE_CURVE_WITH_KNOTS((3,3),(-5.45403316495941,0.),.UNSPECIFIED.)
CURVE()
GEOMETRIC_REPRESENTATION_ITEM()
RATIONAL_B_SPLINE_CURVE((1.,0.826251968691296,1.))
REPRESENTATION_ITEM('')
);
#4838=(
BOUNDED_CURVE()
B_SPLINE_CURVE(2,(#9404,#9405,#9406),.UNSPECIFIED.,.F.,.F.)
B_SPLINE_CURVE_WITH_KNOTS((3,3),(0.,3.63264939500339),.UNSPECIFIED.)
CURVE()
GEOMETRIC_REPRESENTATION_ITEM()
RATIONAL_B_SPLINE_CURVE((1.,0.988738157032976,1.))
REPRESENTATION_ITEM('')
);
#4839=(
BOUNDED_CURVE()
B_SPLINE_CURVE(2,(#9413,#9414,#9415),.UNSPECIFIED.,.F.,.F.)
B_SPLINE_CURVE_WITH_KNOTS((3,3),(0.,5.89660450255789),.UNSPECIFIED.)
CURVE()
GEOMETRIC_REPRESENTATION_ITEM()
RATIONAL_B_SPLINE_CURVE((1.,0.804966082789766,1.))
REPRESENTATION_ITEM('')
);
#4840=(
BOUNDED_CURVE()
B_SPLINE_CURVE(2,(#9420,#9421,#9422),.UNSPECIFIED.,.F.,.F.)
B_SPLINE_CURVE_WITH_KNOTS((3,3),(-5.8966045025602,0.),.UNSPECIFIED.)
CURVE()
GEOMETRIC_REPRESENTATION_ITEM()
RATIONAL_B_SPLINE_CURVE((1.,0.804966082789354,1.))
REPRESENTATION_ITEM('')
);
#4841=(
BOUNDED_CURVE()
B_SPLINE_CURVE(2,(#9429,#9430,#9431),.UNSPECIFIED.,.F.,.F.)
B_SPLINE_CURVE_WITH_KNOTS((3,3),(-3.63264939500073,0.),.UNSPECIFIED.)
CURVE()
GEOMETRIC_REPRESENTATION_ITEM()
RATIONAL_B_SPLINE_CURVE((1.,0.988738157033696,1.))
REPRESENTATION_ITEM('')
);
#4842=(
BOUNDED_CURVE()
B_SPLINE_CURVE(2,(#9436,#9437,#9438),.UNSPECIFIED.,.F.,.F.)
B_SPLINE_CURVE_WITH_KNOTS((3,3),(-5.45403316496141,0.),.UNSPECIFIED.)
CURVE()
GEOMETRIC_REPRESENTATION_ITEM()
RATIONAL_B_SPLINE_CURVE((1.,0.82625196869234,1.))
REPRESENTATION_ITEM('')
);
#4843=(
BOUNDED_CURVE()
B_SPLINE_CURVE(2,(#9447,#9448,#9449),.UNSPECIFIED.,.F.,.F.)
B_SPLINE_CURVE_WITH_KNOTS((3,3),(-5.45403316496063,0.),.UNSPECIFIED.)
CURVE()
GEOMETRIC_REPRESENTATION_ITEM()
RATIONAL_B_SPLINE_CURVE((1.,0.826251968691116,1.))
REPRESENTATION_ITEM('')
);
#4844=(
BOUNDED_CURVE()
B_SPLINE_CURVE(1,(#9450,#9451),.UNSPECIFIED.,.F.,.F.)
B_SPLINE_CURVE_WITH_KNOTS((2,2),(-3.17888481483794,0.),.UNSPECIFIED.)
CURVE()
GEOMETRIC_REPRESENTATION_ITEM()
RATIONAL_B_SPLINE_CURVE((1.,1.))
REPRESENTATION_ITEM('')
);
#4845=(
BOUNDED_CURVE()
B_SPLINE_CURVE(2,(#9452,#9453,#9454),.UNSPECIFIED.,.F.,.F.)
B_SPLINE_CURVE_WITH_KNOTS((3,3),(-4.3736468648191,0.),.UNSPECIFIED.)
CURVE()
GEOMETRIC_REPRESENTATION_ITEM()
RATIONAL_B_SPLINE_CURVE((1.,0.880689222460596,1.))
REPRESENTATION_ITEM('')
);
#4846=(
BOUNDED_CURVE()
B_SPLINE_CURVE(1,(#9455,#9456),.UNSPECIFIED.,.F.,.F.)
B_SPLINE_CURVE_WITH_KNOTS((2,2),(-3.17888481483897,0.),.UNSPECIFIED.)
CURVE()
GEOMETRIC_REPRESENTATION_ITEM()
RATIONAL_B_SPLINE_CURVE((1.,1.))
REPRESENTATION_ITEM('')
);
#4847=(
BOUNDED_CURVE()
B_SPLINE_CURVE(2,(#9457,#9458,#9459,#9460,#9461),.UNSPECIFIED.,.F.,.F.)
B_SPLINE_CURVE_WITH_KNOTS((3,2,3),(-9.99999999999955,-4.99999999999955,
0.),.UNSPECIFIED.)
CURVE()
GEOMETRIC_REPRESENTATION_ITEM()
RATIONAL_B_SPLINE_CURVE((1.,0.707106781186548,1.,0.707106781186548,1.))
REPRESENTATION_ITEM('')
);
#4848=(
BOUNDED_CURVE()
B_SPLINE_CURVE(1,(#9462,#9463),.UNSPECIFIED.,.F.,.F.)
B_SPLINE_CURVE_WITH_KNOTS((2,2),(-3.17888481483806,0.),.UNSPECIFIED.)
CURVE()
GEOMETRIC_REPRESENTATION_ITEM()
RATIONAL_B_SPLINE_CURVE((1.,1.))
REPRESENTATION_ITEM('')
);
#4849=(
BOUNDED_CURVE()
B_SPLINE_CURVE(1,(#9464,#9465),.UNSPECIFIED.,.F.,.F.)
B_SPLINE_CURVE_WITH_KNOTS((2,2),(-3.17879729539106,0.),.UNSPECIFIED.)
CURVE()
GEOMETRIC_REPRESENTATION_ITEM()
RATIONAL_B_SPLINE_CURVE((1.,1.))
REPRESENTATION_ITEM('')
);
#4850=(
BOUNDED_CURVE()
B_SPLINE_CURVE(2,(#9466,#9467,#9468,#9469,#9470),.UNSPECIFIED.,.F.,.F.)
B_SPLINE_CURVE_WITH_KNOTS((3,2,3),(-9.99999999999955,-5.,0.),
 .UNSPECIFIED.)
CURVE()
GEOMETRIC_REPRESENTATION_ITEM()
RATIONAL_B_SPLINE_CURVE((1.,0.707106781186548,1.,0.707106781186548,1.))
REPRESENTATION_ITEM('')
);
#4851=(
BOUNDED_CURVE()
B_SPLINE_CURVE(1,(#9471,#9472),.UNSPECIFIED.,.F.,.F.)
B_SPLINE_CURVE_WITH_KNOTS((2,2),(-3.17888481483806,0.),.UNSPECIFIED.)
CURVE()
GEOMETRIC_REPRESENTATION_ITEM()
RATIONAL_B_SPLINE_CURVE((1.,1.))
REPRESENTATION_ITEM('')
);
#4852=(
BOUNDED_CURVE()
B_SPLINE_CURVE(2,(#9473,#9474,#9475,#9476,#9477),.UNSPECIFIED.,.F.,.F.)
B_SPLINE_CURVE_WITH_KNOTS((3,2,3),(0.,5.00000000075883,10.0000000015177),
 .UNSPECIFIED.)
CURVE()
GEOMETRIC_REPRESENTATION_ITEM()
RATIONAL_B_SPLINE_CURVE((1.,0.70710678118703,1.,0.70710678118703,1.))
REPRESENTATION_ITEM('')
);
#4853=(
BOUNDED_CURVE()
B_SPLINE_CURVE(1,(#9478,#9479),.UNSPECIFIED.,.F.,.F.)
B_SPLINE_CURVE_WITH_KNOTS((2,2),(-3.17879729539106,0.),.UNSPECIFIED.)
CURVE()
GEOMETRIC_REPRESENTATION_ITEM()
RATIONAL_B_SPLINE_CURVE((1.,1.))
REPRESENTATION_ITEM('')
);
#4854=(
BOUNDED_CURVE()
B_SPLINE_CURVE(2,(#9480,#9481,#9482),.UNSPECIFIED.,.F.,.F.)
B_SPLINE_CURVE_WITH_KNOTS((3,3),(-4.37364686482022,0.),.UNSPECIFIED.)
CURVE()
GEOMETRIC_REPRESENTATION_ITEM()
RATIONAL_B_SPLINE_CURVE((1.,0.880689222460379,1.))
REPRESENTATION_ITEM('')
);
#4855=(
BOUNDED_CURVE()
B_SPLINE_CURVE(2,(#9483,#9484,#9485),.UNSPECIFIED.,.F.,.F.)
B_SPLINE_CURVE_WITH_KNOTS((3,3),(-4.37364686481829,0.),.UNSPECIFIED.)
CURVE()
GEOMETRIC_REPRESENTATION_ITEM()
RATIONAL_B_SPLINE_CURVE((1.,0.880689222460798,1.))
REPRESENTATION_ITEM('')
);
#4856=(
BOUNDED_CURVE()
B_SPLINE_CURVE(1,(#9486,#9487),.UNSPECIFIED.,.F.,.F.)
B_SPLINE_CURVE_WITH_KNOTS((2,2),(-3.17888481483897,0.),.UNSPECIFIED.)
CURVE()
GEOMETRIC_REPRESENTATION_ITEM()
RATIONAL_B_SPLINE_CURVE((1.,1.))
REPRESENTATION_ITEM('')
);
#4857=(
BOUNDED_CURVE()
B_SPLINE_CURVE(1,(#9498,#9499),.UNSPECIFIED.,.F.,.F.)
B_SPLINE_CURVE_WITH_KNOTS((2,2),(0.,1.18889022606606),.UNSPECIFIED.)
CURVE()
GEOMETRIC_REPRESENTATION_ITEM()
RATIONAL_B_SPLINE_CURVE((1.,1.))
REPRESENTATION_ITEM('')
);
#4858=(
BOUNDED_CURVE()
B_SPLINE_CURVE(2,(#9609,#9610,#9611),.UNSPECIFIED.,.F.,.F.)
B_SPLINE_CURVE_WITH_KNOTS((3,3),(0.,8.00000000004229),.UNSPECIFIED.)
CURVE()
GEOMETRIC_REPRESENTATION_ITEM()
RATIONAL_B_SPLINE_CURVE((1.,0.70710678118285,1.))
REPRESENTATION_ITEM('')
);
#4859=(
BOUNDED_CURVE()
B_SPLINE_CURVE(1,(#9612,#9613),.UNSPECIFIED.,.F.,.F.)
B_SPLINE_CURVE_WITH_KNOTS((2,2),(0.,29.07618864098),.UNSPECIFIED.)
CURVE()
GEOMETRIC_REPRESENTATION_ITEM()
RATIONAL_B_SPLINE_CURVE((1.,1.))
REPRESENTATION_ITEM('')
);
#4860=(
BOUNDED_CURVE()
B_SPLINE_CURVE(1,(#9626,#9627),.UNSPECIFIED.,.F.,.F.)
B_SPLINE_CURVE_WITH_KNOTS((2,2),(0.,24.8886115100699),.UNSPECIFIED.)
CURVE()
GEOMETRIC_REPRESENTATION_ITEM()
RATIONAL_B_SPLINE_CURVE((1.,1.))
REPRESENTATION_ITEM('')
);
#4861=(
BOUNDED_CURVE()
B_SPLINE_CURVE(1,(#9628,#9629),.UNSPECIFIED.,.F.,.F.)
B_SPLINE_CURVE_WITH_KNOTS((2,2),(0.,6.8220076193511),.UNSPECIFIED.)
CURVE()
GEOMETRIC_REPRESENTATION_ITEM()
RATIONAL_B_SPLINE_CURVE((1.,1.))
REPRESENTATION_ITEM('')
);
#4862=(
BOUNDED_CURVE()
B_SPLINE_CURVE(2,(#9630,#9631,#9632),.UNSPECIFIED.,.F.,.F.)
B_SPLINE_CURVE_WITH_KNOTS((3,3),(0.,3.63264939500316),.UNSPECIFIED.)
CURVE()
GEOMETRIC_REPRESENTATION_ITEM()
RATIONAL_B_SPLINE_CURVE((1.,0.98873815703291,1.))
REPRESENTATION_ITEM('')
);
#4863=(
BOUNDED_CURVE()
B_SPLINE_CURVE(1,(#9633,#9634,#9635,#9636),.UNSPECIFIED.,.F.,.F.)
B_SPLINE_CURVE_WITH_KNOTS((2,1,1,2),(0.,0.00845126538104068,3.99964603110607,
6.8220076193511),.UNSPECIFIED.)
CURVE()
GEOMETRIC_REPRESENTATION_ITEM()
RATIONAL_B_SPLINE_CURVE((1.,1.,1.,1.))
REPRESENTATION_ITEM('')
);
#4864=(
BOUNDED_CURVE()
B_SPLINE_CURVE(2,(#9637,#9638,#9639),.UNSPECIFIED.,.F.,.F.)
B_SPLINE_CURVE_WITH_KNOTS((3,3),(0.,3.63264939500054),.UNSPECIFIED.)
CURVE()
GEOMETRIC_REPRESENTATION_ITEM()
RATIONAL_B_SPLINE_CURVE((1.,0.988738157033598,1.))
REPRESENTATION_ITEM('')
);
#4865=(
BOUNDED_CURVE()
B_SPLINE_CURVE(1,(#9640,#9641),.UNSPECIFIED.,.F.,.F.)
B_SPLINE_CURVE_WITH_KNOTS((2,2),(0.,6.64283276473407),.UNSPECIFIED.)
CURVE()
GEOMETRIC_REPRESENTATION_ITEM()
RATIONAL_B_SPLINE_CURVE((1.,1.))
REPRESENTATION_ITEM('')
);
#4866=(
BOUNDED_CURVE()
B_SPLINE_CURVE(2,(#9646,#9647,#9648),.UNSPECIFIED.,.F.,.F.)
B_SPLINE_CURVE_WITH_KNOTS((3,3),(0.,17.0277723915697),.UNSPECIFIED.)
CURVE()
GEOMETRIC_REPRESENTATION_ITEM()
RATIONAL_B_SPLINE_CURVE((1.,1.,1.))
REPRESENTATION_ITEM('')
);
#4867=(
BOUNDED_CURVE()
B_SPLINE_CURVE(1,(#9651,#9652),.UNSPECIFIED.,.F.,.F.)
B_SPLINE_CURVE_WITH_KNOTS((2,2),(0.,2.8220076193511),.UNSPECIFIED.)
CURVE()
GEOMETRIC_REPRESENTATION_ITEM()
RATIONAL_B_SPLINE_CURVE((1.,1.))
REPRESENTATION_ITEM('')
);
#4868=(
BOUNDED_CURVE()
B_SPLINE_CURVE(2,(#9653,#9654,#9655),.UNSPECIFIED.,.F.,.F.)
B_SPLINE_CURVE_WITH_KNOTS((3,3),(0.,5.89660450255803),.UNSPECIFIED.)
CURVE()
GEOMETRIC_REPRESENTATION_ITEM()
RATIONAL_B_SPLINE_CURVE((1.,0.804966082789742,1.))
REPRESENTATION_ITEM('')
);
#4869=(
BOUNDED_CURVE()
B_SPLINE_CURVE(2,(#9666,#9667,#9668,#9669,#9670),.UNSPECIFIED.,.F.,.F.)
B_SPLINE_CURVE_WITH_KNOTS((3,2,3),(-4.99999999999818,-2.49999999999886,
0.),.UNSPECIFIED.)
CURVE()
GEOMETRIC_REPRESENTATION_ITEM()
RATIONAL_B_SPLINE_CURVE((1.,0.707106781186676,1.,0.707106781186676,1.))
REPRESENTATION_ITEM('')
);
#4870=(
BOUNDED_CURVE()
B_SPLINE_CURVE(1,(#9671,#9672),.UNSPECIFIED.,.F.,.F.)
B_SPLINE_CURVE_WITH_KNOTS((2,2),(-2.,0.),.UNSPECIFIED.)
CURVE()
GEOMETRIC_REPRESENTATION_ITEM()
RATIONAL_B_SPLINE_CURVE((1.,1.))
REPRESENTATION_ITEM('')
);
#4871=(
BOUNDED_CURVE()
B_SPLINE_CURVE(2,(#9673,#9674,#9675,#9676,#9677),.UNSPECIFIED.,.F.,.F.)
B_SPLINE_CURVE_WITH_KNOTS((3,2,3),(-5.00000000000068,-2.50000000000023,
0.),.UNSPECIFIED.)
CURVE()
GEOMETRIC_REPRESENTATION_ITEM()
RATIONAL_B_SPLINE_CURVE((1.,0.707106781186548,1.,0.707106781186548,1.))
REPRESENTATION_ITEM('')
);
#4872=(
BOUNDED_CURVE()
B_SPLINE_CURVE(1,(#9678,#9679),.UNSPECIFIED.,.F.,.F.)
B_SPLINE_CURVE_WITH_KNOTS((2,2),(-2.,0.),.UNSPECIFIED.)
CURVE()
GEOMETRIC_REPRESENTATION_ITEM()
RATIONAL_B_SPLINE_CURVE((1.,1.))
REPRESENTATION_ITEM('')
);
#4873=(
BOUNDED_CURVE()
B_SPLINE_CURVE(1,(#9680,#9681),.UNSPECIFIED.,.F.,.F.)
B_SPLINE_CURVE_WITH_KNOTS((2,2),(0.,2.),.UNSPECIFIED.)
CURVE()
GEOMETRIC_REPRESENTATION_ITEM()
RATIONAL_B_SPLINE_CURVE((1.,1.))
REPRESENTATION_ITEM('')
);
#4874=(
BOUNDED_CURVE()
B_SPLINE_CURVE(2,(#9682,#9683,#9684),.UNSPECIFIED.,.F.,.F.)
B_SPLINE_CURVE_WITH_KNOTS((3,3),(0.,13.9691125397098),.UNSPECIFIED.)
CURVE()
GEOMETRIC_REPRESENTATION_ITEM()
RATIONAL_B_SPLINE_CURVE((1.,1.,1.))
REPRESENTATION_ITEM('')
);
#4875=(
BOUNDED_CURVE()
B_SPLINE_CURVE(2,(#9685,#9686,#9687),.UNSPECIFIED.,.F.,.F.)
B_SPLINE_CURVE_WITH_KNOTS((3,3),(0.,13.9691125397098),.UNSPECIFIED.)
CURVE()
GEOMETRIC_REPRESENTATION_ITEM()
RATIONAL_B_SPLINE_CURVE((1.,1.,1.))
REPRESENTATION_ITEM('')
);
#4876=(
BOUNDED_CURVE()
B_SPLINE_CURVE(2,(#9688,#9689,#9690,#9691,#9692),.UNSPECIFIED.,.F.,.F.)
B_SPLINE_CURVE_WITH_KNOTS((3,2,3),(-4.99999999999977,-2.49999999999977,
0.),.UNSPECIFIED.)
CURVE()
GEOMETRIC_REPRESENTATION_ITEM()
RATIONAL_B_SPLINE_CURVE((1.,0.707106781186548,1.,0.707106781186548,1.))
REPRESENTATION_ITEM('')
);
#4877=(
BOUNDED_CURVE()
B_SPLINE_CURVE(2,(#9693,#9694,#9695,#9696,#9697),.UNSPECIFIED.,.F.,.F.)
B_SPLINE_CURVE_WITH_KNOTS((3,2,3),(-4.99999999999636,-2.49999999999864,
0.),.UNSPECIFIED.)
CURVE()
GEOMETRIC_REPRESENTATION_ITEM()
RATIONAL_B_SPLINE_CURVE((1.,0.707106781186805,1.,0.707106781186805,1.))
REPRESENTATION_ITEM('')
);
#4878=(
BOUNDED_CURVE()
B_SPLINE_CURVE(1,(#9698,#9699),.UNSPECIFIED.,.F.,.F.)
B_SPLINE_CURVE_WITH_KNOTS((2,2),(-2.,0.),.UNSPECIFIED.)
CURVE()
GEOMETRIC_REPRESENTATION_ITEM()
RATIONAL_B_SPLINE_CURVE((1.,1.))
REPRESENTATION_ITEM('')
);
#4879=(
BOUNDED_CURVE()
B_SPLINE_CURVE(2,(#9700,#9701,#9702),.UNSPECIFIED.,.F.,.F.)
B_SPLINE_CURVE_WITH_KNOTS((3,3),(0.,13.9691125397098),.UNSPECIFIED.)
CURVE()
GEOMETRIC_REPRESENTATION_ITEM()
RATIONAL_B_SPLINE_CURVE((1.,1.,1.))
REPRESENTATION_ITEM('')
);
#4880=(
BOUNDED_CURVE()
B_SPLINE_CURVE(2,(#9703,#9704,#9705),.UNSPECIFIED.,.F.,.F.)
B_SPLINE_CURVE_WITH_KNOTS((3,3),(0.,13.9691125397098),.UNSPECIFIED.)
CURVE()
GEOMETRIC_REPRESENTATION_ITEM()
RATIONAL_B_SPLINE_CURVE((1.,1.,1.))
REPRESENTATION_ITEM('')
);
#4881=(
BOUNDED_CURVE()
B_SPLINE_CURVE(2,(#9706,#9707,#9708,#9709,#9710),.UNSPECIFIED.,.F.,.F.)
B_SPLINE_CURVE_WITH_KNOTS((3,2,3),(-5.00000000000864,-2.50000000000455,
0.),.UNSPECIFIED.)
CURVE()
GEOMETRIC_REPRESENTATION_ITEM()
RATIONAL_B_SPLINE_CURVE((1.,0.707106781185904,1.,0.707106781185904,1.))
REPRESENTATION_ITEM('')
);
#4882=(
BOUNDED_CURVE()
B_SPLINE_CURVE(1,(#9711,#9712),.UNSPECIFIED.,.F.,.F.)
B_SPLINE_CURVE_WITH_KNOTS((2,2),(-2.,0.),.UNSPECIFIED.)
CURVE()
GEOMETRIC_REPRESENTATION_ITEM()
RATIONAL_B_SPLINE_CURVE((1.,1.))
REPRESENTATION_ITEM('')
);
#4883=(
BOUNDED_CURVE()
B_SPLINE_CURVE(2,(#9713,#9714,#9715,#9716,#9717),.UNSPECIFIED.,.F.,.F.)
B_SPLINE_CURVE_WITH_KNOTS((3,2,3),(-5.00000000000159,-2.50000000000136,
0.),.UNSPECIFIED.)
CURVE()
GEOMETRIC_REPRESENTATION_ITEM()
RATIONAL_B_SPLINE_CURVE((1.,0.707106781186419,1.,0.707106781186419,1.))
REPRESENTATION_ITEM('')
);
#4884=(
BOUNDED_CURVE()
B_SPLINE_CURVE(1,(#9718,#9719),.UNSPECIFIED.,.F.,.F.)
B_SPLINE_CURVE_WITH_KNOTS((2,2),(-2.,0.),.UNSPECIFIED.)
CURVE()
GEOMETRIC_REPRESENTATION_ITEM()
RATIONAL_B_SPLINE_CURVE((1.,1.))
REPRESENTATION_ITEM('')
);
#4885=(
BOUNDED_CURVE()
B_SPLINE_CURVE(1,(#9720,#9721),.UNSPECIFIED.,.F.,.F.)
B_SPLINE_CURVE_WITH_KNOTS((2,2),(0.,2.),.UNSPECIFIED.)
CURVE()
GEOMETRIC_REPRESENTATION_ITEM()
RATIONAL_B_SPLINE_CURVE((1.,1.))
REPRESENTATION_ITEM('')
);
#4886=(
BOUNDED_CURVE()
B_SPLINE_CURVE(2,(#9722,#9723,#9724),.UNSPECIFIED.,.F.,.F.)
B_SPLINE_CURVE_WITH_KNOTS((3,3),(0.,13.9691125397098),.UNSPECIFIED.)
CURVE()
GEOMETRIC_REPRESENTATION_ITEM()
RATIONAL_B_SPLINE_CURVE((1.,1.,1.))
REPRESENTATION_ITEM('')
);
#4887=(
BOUNDED_CURVE()
B_SPLINE_CURVE(2,(#9725,#9726,#9727),.UNSPECIFIED.,.F.,.F.)
B_SPLINE_CURVE_WITH_KNOTS((3,3),(0.,13.9691125397098),.UNSPECIFIED.)
CURVE()
GEOMETRIC_REPRESENTATION_ITEM()
RATIONAL_B_SPLINE_CURVE((1.,1.,1.))
REPRESENTATION_ITEM('')
);
#4888=(
BOUNDED_CURVE()
B_SPLINE_CURVE(2,(#9728,#9729,#9730,#9731,#9732),.UNSPECIFIED.,.F.,.F.)
B_SPLINE_CURVE_WITH_KNOTS((3,2,3),(-5.00000000000114,-2.50000000000091,
0.),.UNSPECIFIED.)
CURVE()
GEOMETRIC_REPRESENTATION_ITEM()
RATIONAL_B_SPLINE_CURVE((1.,0.707106781186419,1.,0.707106781186419,1.))
REPRESENTATION_ITEM('')
);
#4889=(
BOUNDED_CURVE()
B_SPLINE_CURVE(2,(#9733,#9734,#9735,#9736,#9737),.UNSPECIFIED.,.F.,.F.)
B_SPLINE_CURVE_WITH_KNOTS((3,2,3),(-5.00000000000114,-2.50000000000068,
0.),.UNSPECIFIED.)
CURVE()
GEOMETRIC_REPRESENTATION_ITEM()
RATIONAL_B_SPLINE_CURVE((1.,0.707106781186419,1.,0.707106781186419,1.))
REPRESENTATION_ITEM('')
);
#4890=(
BOUNDED_CURVE()
B_SPLINE_CURVE(1,(#9738,#9739),.UNSPECIFIED.,.F.,.F.)
B_SPLINE_CURVE_WITH_KNOTS((2,2),(-2.,0.),.UNSPECIFIED.)
CURVE()
GEOMETRIC_REPRESENTATION_ITEM()
RATIONAL_B_SPLINE_CURVE((1.,1.))
REPRESENTATION_ITEM('')
);
#4891=(
BOUNDED_CURVE()
B_SPLINE_CURVE(2,(#9740,#9741,#9742),.UNSPECIFIED.,.F.,.F.)
B_SPLINE_CURVE_WITH_KNOTS((3,3),(0.,13.9691125397098),.UNSPECIFIED.)
CURVE()
GEOMETRIC_REPRESENTATION_ITEM()
RATIONAL_B_SPLINE_CURVE((1.,1.,1.))
REPRESENTATION_ITEM('')
);
#4892=(
BOUNDED_CURVE()
B_SPLINE_CURVE(2,(#9743,#9744,#9745),.UNSPECIFIED.,.F.,.F.)
B_SPLINE_CURVE_WITH_KNOTS((3,3),(0.,13.9691125397098),.UNSPECIFIED.)
CURVE()
GEOMETRIC_REPRESENTATION_ITEM()
RATIONAL_B_SPLINE_CURVE((1.,1.,1.))
REPRESENTATION_ITEM('')
);
#4893=(
BOUNDED_CURVE()
B_SPLINE_CURVE(2,(#9746,#9747,#9748,#9749,#9750),.UNSPECIFIED.,.F.,.F.)
B_SPLINE_CURVE_WITH_KNOTS((3,2,3),(-5.00000000000068,-2.50000000000023,
0.),.UNSPECIFIED.)
CURVE()
GEOMETRIC_REPRESENTATION_ITEM()
RATIONAL_B_SPLINE_CURVE((1.,0.707106781186548,1.,0.707106781186548,1.))
REPRESENTATION_ITEM('')
);
#4894=(
BOUNDED_CURVE()
B_SPLINE_CURVE(1,(#9751,#9752),.UNSPECIFIED.,.F.,.F.)
B_SPLINE_CURVE_WITH_KNOTS((2,2),(-2.,0.),.UNSPECIFIED.)
CURVE()
GEOMETRIC_REPRESENTATION_ITEM()
RATIONAL_B_SPLINE_CURVE((1.,1.))
REPRESENTATION_ITEM('')
);
#4895=(
BOUNDED_CURVE()
B_SPLINE_CURVE(2,(#9753,#9754,#9755,#9756,#9757),.UNSPECIFIED.,.F.,.F.)
B_SPLINE_CURVE_WITH_KNOTS((3,2,3),(-5.00000000000068,-2.50000000000045,
0.),.UNSPECIFIED.)
CURVE()
GEOMETRIC_REPRESENTATION_ITEM()
RATIONAL_B_SPLINE_CURVE((1.,0.707106781186548,1.,0.707106781186548,1.))
REPRESENTATION_ITEM('')
);
#4896=(
BOUNDED_CURVE()
B_SPLINE_CURVE(1,(#9758,#9759),.UNSPECIFIED.,.F.,.F.)
B_SPLINE_CURVE_WITH_KNOTS((2,2),(-2.,0.),.UNSPECIFIED.)
CURVE()
GEOMETRIC_REPRESENTATION_ITEM()
RATIONAL_B_SPLINE_CURVE((1.,1.))
REPRESENTATION_ITEM('')
);
#4897=(
BOUNDED_CURVE()
B_SPLINE_CURVE(1,(#9760,#9761),.UNSPECIFIED.,.F.,.F.)
B_SPLINE_CURVE_WITH_KNOTS((2,2),(0.,2.),.UNSPECIFIED.)
CURVE()
GEOMETRIC_REPRESENTATION_ITEM()
RATIONAL_B_SPLINE_CURVE((1.,1.))
REPRESENTATION_ITEM('')
);
#4898=(
BOUNDED_CURVE()
B_SPLINE_CURVE(2,(#9762,#9763,#9764),.UNSPECIFIED.,.F.,.F.)
B_SPLINE_CURVE_WITH_KNOTS((3,3),(0.,13.9691125397098),.UNSPECIFIED.)
CURVE()
GEOMETRIC_REPRESENTATION_ITEM()
RATIONAL_B_SPLINE_CURVE((1.,1.,1.))
REPRESENTATION_ITEM('')
);
#4899=(
BOUNDED_CURVE()
B_SPLINE_CURVE(2,(#9765,#9766,#9767),.UNSPECIFIED.,.F.,.F.)
B_SPLINE_CURVE_WITH_KNOTS((3,3),(0.,13.9691125397098),.UNSPECIFIED.)
CURVE()
GEOMETRIC_REPRESENTATION_ITEM()
RATIONAL_B_SPLINE_CURVE((1.,1.,1.))
REPRESENTATION_ITEM('')
);
#4900=(
BOUNDED_CURVE()
B_SPLINE_CURVE(2,(#9768,#9769,#9770,#9771,#9772),.UNSPECIFIED.,.F.,.F.)
B_SPLINE_CURVE_WITH_KNOTS((3,2,3),(-4.99999999999977,-2.5,0.),
 .UNSPECIFIED.)
CURVE()
GEOMETRIC_REPRESENTATION_ITEM()
RATIONAL_B_SPLINE_CURVE((1.,0.707106781186548,1.,0.707106781186548,1.))
REPRESENTATION_ITEM('')
);
#4901=(
BOUNDED_CURVE()
B_SPLINE_CURVE(2,(#9773,#9774,#9775,#9776,#9777),.UNSPECIFIED.,.F.,.F.)
B_SPLINE_CURVE_WITH_KNOTS((3,2,3),(-5.00000000000136,-2.50000000000091,
0.),.UNSPECIFIED.)
CURVE()
GEOMETRIC_REPRESENTATION_ITEM()
RATIONAL_B_SPLINE_CURVE((1.,0.707106781186419,1.,0.707106781186419,1.))
REPRESENTATION_ITEM('')
);
#4902=(
BOUNDED_CURVE()
B_SPLINE_CURVE(1,(#9778,#9779),.UNSPECIFIED.,.F.,.F.)
B_SPLINE_CURVE_WITH_KNOTS((2,2),(-2.,0.),.UNSPECIFIED.)
CURVE()
GEOMETRIC_REPRESENTATION_ITEM()
RATIONAL_B_SPLINE_CURVE((1.,1.))
REPRESENTATION_ITEM('')
);
#4903=(
BOUNDED_CURVE()
B_SPLINE_CURVE(2,(#9780,#9781,#9782),.UNSPECIFIED.,.F.,.F.)
B_SPLINE_CURVE_WITH_KNOTS((3,3),(0.,13.9691125397098),.UNSPECIFIED.)
CURVE()
GEOMETRIC_REPRESENTATION_ITEM()
RATIONAL_B_SPLINE_CURVE((1.,1.,1.))
REPRESENTATION_ITEM('')
);
#4904=(
BOUNDED_CURVE()
B_SPLINE_CURVE(2,(#9783,#9784,#9785),.UNSPECIFIED.,.F.,.F.)
B_SPLINE_CURVE_WITH_KNOTS((3,3),(0.,13.9691125397098),.UNSPECIFIED.)
CURVE()
GEOMETRIC_REPRESENTATION_ITEM()
RATIONAL_B_SPLINE_CURVE((1.,1.,1.))
REPRESENTATION_ITEM('')
);
#4905=(
BOUNDED_CURVE()
B_SPLINE_CURVE(1,(#9786,#9787),.UNSPECIFIED.,.F.,.F.)
B_SPLINE_CURVE_WITH_KNOTS((2,2),(0.,2.),.UNSPECIFIED.)
CURVE()
GEOMETRIC_REPRESENTATION_ITEM()
RATIONAL_B_SPLINE_CURVE((1.,1.))
REPRESENTATION_ITEM('')
);
#4906=(
BOUNDED_CURVE()
B_SPLINE_CURVE(2,(#9788,#9789,#9790),.UNSPECIFIED.,.F.,.F.)
B_SPLINE_CURVE_WITH_KNOTS((3,3),(0.,13.9691125397098),.UNSPECIFIED.)
CURVE()
GEOMETRIC_REPRESENTATION_ITEM()
RATIONAL_B_SPLINE_CURVE((1.,1.,1.))
REPRESENTATION_ITEM('')
);
#4907=(
BOUNDED_CURVE()
B_SPLINE_CURVE(1,(#9791,#9792),.UNSPECIFIED.,.F.,.F.)
B_SPLINE_CURVE_WITH_KNOTS((2,2),(0.,2.),.UNSPECIFIED.)
CURVE()
GEOMETRIC_REPRESENTATION_ITEM()
RATIONAL_B_SPLINE_CURVE((1.,1.))
REPRESENTATION_ITEM('')
);
#4908=(
BOUNDED_CURVE()
B_SPLINE_CURVE(2,(#9793,#9794,#9795),.UNSPECIFIED.,.F.,.F.)
B_SPLINE_CURVE_WITH_KNOTS((3,3),(0.,13.9691125397098),.UNSPECIFIED.)
CURVE()
GEOMETRIC_REPRESENTATION_ITEM()
RATIONAL_B_SPLINE_CURVE((1.,1.,1.))
REPRESENTATION_ITEM('')
);
#4909=(
BOUNDED_CURVE()
B_SPLINE_CURVE(2,(#9796,#9797,#9798,#9799,#9800),.UNSPECIFIED.,.F.,.F.)
B_SPLINE_CURVE_WITH_KNOTS((3,2,3),(-4.99999999999636,-2.49999999999864,
0.),.UNSPECIFIED.)
CURVE()
GEOMETRIC_REPRESENTATION_ITEM()
RATIONAL_B_SPLINE_CURVE((1.,0.707106781186805,1.,0.707106781186805,1.))
REPRESENTATION_ITEM('')
);
#4910=(
BOUNDED_CURVE()
B_SPLINE_CURVE(2,(#9801,#9802,#9803,#9804,#9805),.UNSPECIFIED.,.F.,.F.)
B_SPLINE_CURVE_WITH_KNOTS((3,2,3),(-4.99999999999636,-2.49999999999864,
0.),.UNSPECIFIED.)
CURVE()
GEOMETRIC_REPRESENTATION_ITEM()
RATIONAL_B_SPLINE_CURVE((1.,0.707106781186805,1.,0.707106781186805,1.))
REPRESENTATION_ITEM('')
);
#4911=(
BOUNDED_CURVE()
B_SPLINE_CURVE(1,(#9806,#9807),.UNSPECIFIED.,.F.,.F.)
B_SPLINE_CURVE_WITH_KNOTS((2,2),(-2.,0.),.UNSPECIFIED.)
CURVE()
GEOMETRIC_REPRESENTATION_ITEM()
RATIONAL_B_SPLINE_CURVE((1.,1.))
REPRESENTATION_ITEM('')
);
#4912=(
BOUNDED_CURVE()
B_SPLINE_CURVE(1,(#9808,#9809),.UNSPECIFIED.,.F.,.F.)
B_SPLINE_CURVE_WITH_KNOTS((2,2),(0.,2.),.UNSPECIFIED.)
CURVE()
GEOMETRIC_REPRESENTATION_ITEM()
RATIONAL_B_SPLINE_CURVE((1.,1.))
REPRESENTATION_ITEM('')
);
#4913=(
BOUNDED_CURVE()
B_SPLINE_CURVE(2,(#9810,#9811,#9812),.UNSPECIFIED.,.F.,.F.)
B_SPLINE_CURVE_WITH_KNOTS((3,3),(0.,13.9691125397098),.UNSPECIFIED.)
CURVE()
GEOMETRIC_REPRESENTATION_ITEM()
RATIONAL_B_SPLINE_CURVE((1.,1.,1.))
REPRESENTATION_ITEM('')
);
#4914=(
BOUNDED_CURVE()
B_SPLINE_CURVE(2,(#9813,#9814,#9815),.UNSPECIFIED.,.F.,.F.)
B_SPLINE_CURVE_WITH_KNOTS((3,3),(0.,13.9691125397098),.UNSPECIFIED.)
CURVE()
GEOMETRIC_REPRESENTATION_ITEM()
RATIONAL_B_SPLINE_CURVE((1.,1.,1.))
REPRESENTATION_ITEM('')
);
#4915=(
BOUNDED_CURVE()
B_SPLINE_CURVE(2,(#9816,#9817,#9818,#9819,#9820),.UNSPECIFIED.,.F.,.F.)
B_SPLINE_CURVE_WITH_KNOTS((3,2,3),(-5.00000000000091,-2.50000000000045,
0.),.UNSPECIFIED.)
CURVE()
GEOMETRIC_REPRESENTATION_ITEM()
RATIONAL_B_SPLINE_CURVE((1.,0.707106781186548,1.,0.707106781186548,1.))
REPRESENTATION_ITEM('')
);
#4916=(
BOUNDED_CURVE()
B_SPLINE_CURVE(2,(#9821,#9822,#9823,#9824,#9825),.UNSPECIFIED.,.F.,.F.)
B_SPLINE_CURVE_WITH_KNOTS((3,2,3),(-5.00000000000364,-2.50000000000182,
0.),.UNSPECIFIED.)
CURVE()
GEOMETRIC_REPRESENTATION_ITEM()
RATIONAL_B_SPLINE_CURVE((1.,0.70710678118629,1.,0.70710678118629,1.))
REPRESENTATION_ITEM('')
);
#4917=(
BOUNDED_CURVE()
B_SPLINE_CURVE(1,(#9826,#9827),.UNSPECIFIED.,.F.,.F.)
B_SPLINE_CURVE_WITH_KNOTS((2,2),(0.,2.),.UNSPECIFIED.)
CURVE()
GEOMETRIC_REPRESENTATION_ITEM()
RATIONAL_B_SPLINE_CURVE((1.,1.))
REPRESENTATION_ITEM('')
);
#4918=(
BOUNDED_CURVE()
B_SPLINE_CURVE(2,(#9828,#9829,#9830),.UNSPECIFIED.,.F.,.F.)
B_SPLINE_CURVE_WITH_KNOTS((3,3),(0.,13.9691125397098),.UNSPECIFIED.)
CURVE()
GEOMETRIC_REPRESENTATION_ITEM()
RATIONAL_B_SPLINE_CURVE((1.,1.,1.))
REPRESENTATION_ITEM('')
);
#4919=(
BOUNDED_CURVE()
B_SPLINE_CURVE(1,(#9831,#9832),.UNSPECIFIED.,.F.,.F.)
B_SPLINE_CURVE_WITH_KNOTS((2,2),(0.,2.),.UNSPECIFIED.)
CURVE()
GEOMETRIC_REPRESENTATION_ITEM()
RATIONAL_B_SPLINE_CURVE((1.,1.))
REPRESENTATION_ITEM('')
);
#4920=(
BOUNDED_CURVE()
B_SPLINE_CURVE(2,(#9833,#9834,#9835),.UNSPECIFIED.,.F.,.F.)
B_SPLINE_CURVE_WITH_KNOTS((3,3),(0.,13.9691125397098),.UNSPECIFIED.)
CURVE()
GEOMETRIC_REPRESENTATION_ITEM()
RATIONAL_B_SPLINE_CURVE((1.,1.,1.))
REPRESENTATION_ITEM('')
);
#4921=(
BOUNDED_CURVE()
B_SPLINE_CURVE(2,(#9836,#9837,#9838,#9839,#9840),.UNSPECIFIED.,.F.,.F.)
B_SPLINE_CURVE_WITH_KNOTS((3,2,3),(-4.99999999999636,-2.49999999999864,
0.),.UNSPECIFIED.)
CURVE()
GEOMETRIC_REPRESENTATION_ITEM()
RATIONAL_B_SPLINE_CURVE((1.,0.707106781186805,1.,0.707106781186805,1.))
REPRESENTATION_ITEM('')
);
#4922=(
BOUNDED_CURVE()
B_SPLINE_CURVE(2,(#9841,#9842,#9843,#9844,#9845),.UNSPECIFIED.,.F.,.F.)
B_SPLINE_CURVE_WITH_KNOTS((3,2,3),(-5.00000000000136,-2.50000000000091,
0.),.UNSPECIFIED.)
CURVE()
GEOMETRIC_REPRESENTATION_ITEM()
RATIONAL_B_SPLINE_CURVE((1.,0.707106781186419,1.,0.707106781186419,1.))
REPRESENTATION_ITEM('')
);
#4923=(
BOUNDED_CURVE()
B_SPLINE_CURVE(1,(#9846,#9847),.UNSPECIFIED.,.F.,.F.)
B_SPLINE_CURVE_WITH_KNOTS((2,2),(-2.,0.),.UNSPECIFIED.)
CURVE()
GEOMETRIC_REPRESENTATION_ITEM()
RATIONAL_B_SPLINE_CURVE((1.,1.))
REPRESENTATION_ITEM('')
);
#4924=(
BOUNDED_CURVE()
B_SPLINE_CURVE(1,(#9848,#9849),.UNSPECIFIED.,.F.,.F.)
B_SPLINE_CURVE_WITH_KNOTS((2,2),(0.,2.),.UNSPECIFIED.)
CURVE()
GEOMETRIC_REPRESENTATION_ITEM()
RATIONAL_B_SPLINE_CURVE((1.,1.))
REPRESENTATION_ITEM('')
);
#4925=(
BOUNDED_CURVE()
B_SPLINE_CURVE(2,(#9850,#9851,#9852),.UNSPECIFIED.,.F.,.F.)
B_SPLINE_CURVE_WITH_KNOTS((3,3),(0.,13.9691125397098),.UNSPECIFIED.)
CURVE()
GEOMETRIC_REPRESENTATION_ITEM()
RATIONAL_B_SPLINE_CURVE((1.,1.,1.))
REPRESENTATION_ITEM('')
);
#4926=(
BOUNDED_CURVE()
B_SPLINE_CURVE(2,(#9853,#9854,#9855),.UNSPECIFIED.,.F.,.F.)
B_SPLINE_CURVE_WITH_KNOTS((3,3),(0.,13.9691125397098),.UNSPECIFIED.)
CURVE()
GEOMETRIC_REPRESENTATION_ITEM()
RATIONAL_B_SPLINE_CURVE((1.,1.,1.))
REPRESENTATION_ITEM('')
);
#4927=(
BOUNDED_CURVE()
B_SPLINE_CURVE(2,(#9856,#9857,#9858,#9859,#9860),.UNSPECIFIED.,.F.,.F.)
B_SPLINE_CURVE_WITH_KNOTS((3,2,3),(-4.99999999999818,-2.49999999999886,
0.),.UNSPECIFIED.)
CURVE()
GEOMETRIC_REPRESENTATION_ITEM()
RATIONAL_B_SPLINE_CURVE((1.,0.707106781186676,1.,0.707106781186676,1.))
REPRESENTATION_ITEM('')
);
#4928=(
BOUNDED_CURVE()
B_SPLINE_CURVE(2,(#9861,#9862,#9863,#9864,#9865),.UNSPECIFIED.,.F.,.F.)
B_SPLINE_CURVE_WITH_KNOTS((3,2,3),(-4.99999999999795,-2.49999999999886,
0.),.UNSPECIFIED.)
CURVE()
GEOMETRIC_REPRESENTATION_ITEM()
RATIONAL_B_SPLINE_CURVE((1.,0.707106781186676,1.,0.707106781186676,1.))
REPRESENTATION_ITEM('')
);
#4929=(
BOUNDED_CURVE()
B_SPLINE_CURVE(2,(#9882,#9883,#9884,#9885,#9886),.UNSPECIFIED.,.F.,.F.)
B_SPLINE_CURVE_WITH_KNOTS((3,2,3),(0.,7.60871259387065,15.2174251877406),
 .UNSPECIFIED.)
CURVE()
GEOMETRIC_REPRESENTATION_ITEM()
RATIONAL_B_SPLINE_CURVE((1.,0.707106781186548,1.,0.707106781186548,1.))
REPRESENTATION_ITEM('')
);
#4930=(
BOUNDED_CURVE()
B_SPLINE_CURVE(2,(#9889,#9890,#9891,#9892,#9893,#9894,#9895,#9896,#9897),
 .UNSPECIFIED.,.F.,.F.)
B_SPLINE_CURVE_WITH_KNOTS((3,2,2,2,3),(-15.2174251877406,-15.20183047822,
-10.0902469510806,-5.04512347554109,0.),.UNSPECIFIED.)
CURVE()
GEOMETRIC_REPRESENTATION_ITEM()
RATIONAL_B_SPLINE_CURVE((1.,0.999998522711853,1.,0.864427023673251,1.,0.867263328623833,
1.,0.867263328623833,1.))
REPRESENTATION_ITEM('')
);
#4931=(
BOUNDED_CURVE()
B_SPLINE_CURVE(2,(#9898,#9899,#9900,#9901,#9902),.UNSPECIFIED.,.F.,.F.)
B_SPLINE_CURVE_WITH_KNOTS((3,2,3),(0.,7.60871259387048,15.2174251877406),
 .UNSPECIFIED.)
CURVE()
GEOMETRIC_REPRESENTATION_ITEM()
RATIONAL_B_SPLINE_CURVE((1.,0.707106781186548,1.,0.707106781186548,1.))
REPRESENTATION_ITEM('')
);
#4932=(
BOUNDED_CURVE()
B_SPLINE_CURVE(2,(#9905,#9906,#9907,#9908,#9909),.UNSPECIFIED.,.F.,.F.)
B_SPLINE_CURVE_WITH_KNOTS((3,2,3),(-15.2174251877406,-7.60871259387065,
0.),.UNSPECIFIED.)
CURVE()
GEOMETRIC_REPRESENTATION_ITEM()
RATIONAL_B_SPLINE_CURVE((1.,0.707106781186548,1.,0.707106781186548,1.))
REPRESENTATION_ITEM('')
);
#4933=(
BOUNDED_CURVE()
B_SPLINE_CURVE(2,(#9914,#9915,#9916,#9917,#9918),.UNSPECIFIED.,.F.,.F.)
B_SPLINE_CURVE_WITH_KNOTS((3,2,3),(-9.99999999999773,-4.99999999999909,
0.),.UNSPECIFIED.)
CURVE()
GEOMETRIC_REPRESENTATION_ITEM()
RATIONAL_B_SPLINE_CURVE((1.,0.707106781186644,1.,0.707106781186644,1.))
REPRESENTATION_ITEM('')
);
#4934=(
BOUNDED_CURVE()
B_SPLINE_CURVE(1,(#9919,#9920),.UNSPECIFIED.,.F.,.F.)
B_SPLINE_CURVE_WITH_KNOTS((2,2),(-1.00000000000102,0.),.UNSPECIFIED.)
CURVE()
GEOMETRIC_REPRESENTATION_ITEM()
RATIONAL_B_SPLINE_CURVE((1.,1.))
REPRESENTATION_ITEM('')
);
#4935=(
BOUNDED_CURVE()
B_SPLINE_CURVE(2,(#9921,#9922,#9923,#9924,#9925),.UNSPECIFIED.,.F.,.F.)
B_SPLINE_CURVE_WITH_KNOTS((3,2,3),(-9.99999999999773,-4.99999999999864,
0.),.UNSPECIFIED.)
CURVE()
GEOMETRIC_REPRESENTATION_ITEM()
RATIONAL_B_SPLINE_CURVE((1.,0.707106781186644,1.,0.707106781186644,1.))
REPRESENTATION_ITEM('')
);
#4936=(
BOUNDED_CURVE()
B_SPLINE_CURVE(1,(#9928,#9929),.UNSPECIFIED.,.F.,.F.)
B_SPLINE_CURVE_WITH_KNOTS((2,2),(-1.00000000000102,0.),.UNSPECIFIED.)
CURVE()
GEOMETRIC_REPRESENTATION_ITEM()
RATIONAL_B_SPLINE_CURVE((1.,1.))
REPRESENTATION_ITEM('')
);
#4937=(
BOUNDED_CURVE()
B_SPLINE_CURVE(2,(#9930,#9931,#9932,#9933,#9934),.UNSPECIFIED.,.F.,.F.)
B_SPLINE_CURVE_WITH_KNOTS((3,2,3),(15.2174251877406,22.8261377816109,30.4348503754813),
 .UNSPECIFIED.)
CURVE()
GEOMETRIC_REPRESENTATION_ITEM()
RATIONAL_B_SPLINE_CURVE((1.,0.70710678118658,1.,0.70710678118658,1.))
REPRESENTATION_ITEM('')
);
#4938=(
BOUNDED_CURVE()
B_SPLINE_CURVE(2,(#9935,#9936,#9937,#9938,#9939),.UNSPECIFIED.,.F.,.F.)
B_SPLINE_CURVE_WITH_KNOTS((3,2,3),(15.2174251877406,22.8261377816108,30.4348503754813),
 .UNSPECIFIED.)
CURVE()
GEOMETRIC_REPRESENTATION_ITEM()
RATIONAL_B_SPLINE_CURVE((1.,0.707106781186548,1.,0.707106781186548,1.))
REPRESENTATION_ITEM('')
);
#4939=(
BOUNDED_CURVE()
B_SPLINE_CURVE(2,(#9940,#9941,#9942,#9943,#9944),.UNSPECIFIED.,.F.,.F.)
B_SPLINE_CURVE_WITH_KNOTS((3,2,3),(-30.4348503754813,-22.8261377816106,
-15.2174251877406),.UNSPECIFIED.)
CURVE()
GEOMETRIC_REPRESENTATION_ITEM()
RATIONAL_B_SPLINE_CURVE((1.,0.707106781186548,1.,0.707106781186548,1.))
REPRESENTATION_ITEM('')
);
#4940=(
BOUNDED_CURVE()
B_SPLINE_CURVE(2,(#9945,#9946,#9947,#9948,#9949),.UNSPECIFIED.,.F.,.F.)
B_SPLINE_CURVE_WITH_KNOTS((3,2,3),(-9.99999999999841,-4.99999999999932,
0.),.UNSPECIFIED.)
CURVE()
GEOMETRIC_REPRESENTATION_ITEM()
RATIONAL_B_SPLINE_CURVE((1.,0.707106781186612,1.,0.707106781186612,1.))
REPRESENTATION_ITEM('')
);
#4941=(
BOUNDED_CURVE()
B_SPLINE_CURVE(2,(#9950,#9951,#9952,#9953,#9954),.UNSPECIFIED.,.F.,.F.)
B_SPLINE_CURVE_WITH_KNOTS((3,2,3),(-9.99999999999727,-4.99999999999886,
0.),.UNSPECIFIED.)
CURVE()
GEOMETRIC_REPRESENTATION_ITEM()
RATIONAL_B_SPLINE_CURVE((1.,0.707106781186644,1.,0.707106781186644,1.))
REPRESENTATION_ITEM('')
);
#4942=(
BOUNDED_CURVE()
B_SPLINE_CURVE(2,(#9955,#9956,#9957,#9958,#9959),.UNSPECIFIED.,.F.,.F.)
B_SPLINE_CURVE_WITH_KNOTS((3,2,3),(0.,18.4025114555416,18.5858976636864),
 .UNSPECIFIED.)
CURVE()
GEOMETRIC_REPRESENTATION_ITEM()
RATIONAL_B_SPLINE_CURVE((1.,1.0000044250511,1.00000885012178,0.998956224155399,
1.))
REPRESENTATION_ITEM('')
);
#4943=(
BOUNDED_CURVE()
B_SPLINE_CURVE(1,(#9960,#9961),.UNSPECIFIED.,.F.,.F.)
B_SPLINE_CURVE_WITH_KNOTS((2,2),(0.,0.00427876869583336),.UNSPECIFIED.)
CURVE()
GEOMETRIC_REPRESENTATION_ITEM()
RATIONAL_B_SPLINE_CURVE((1.,1.))
REPRESENTATION_ITEM('')
);
#4944=(
BOUNDED_CURVE()
B_SPLINE_CURVE(1,(#9962,#9963),.UNSPECIFIED.,.F.,.F.)
B_SPLINE_CURVE_WITH_KNOTS((2,2),(0.,3.99154798668201),.UNSPECIFIED.)
CURVE()
GEOMETRIC_REPRESENTATION_ITEM()
RATIONAL_B_SPLINE_CURVE((1.,1.))
REPRESENTATION_ITEM('')
);
#4945=(
BOUNDED_CURVE()
B_SPLINE_CURVE(1,(#9968,#9969),.UNSPECIFIED.,.F.,.F.)
B_SPLINE_CURVE_WITH_KNOTS((2,2),(0.,2.82200761935007),.UNSPECIFIED.)
CURVE()
GEOMETRIC_REPRESENTATION_ITEM()
RATIONAL_B_SPLINE_CURVE((1.,1.))
REPRESENTATION_ITEM('')
);
#4946=(
BOUNDED_CURVE()
B_SPLINE_CURVE(2,(#9970,#9971,#9972),.UNSPECIFIED.,.F.,.F.)
B_SPLINE_CURVE_WITH_KNOTS((3,3),(0.,3.63302804696061),.UNSPECIFIED.)
CURVE()
GEOMETRIC_REPRESENTATION_ITEM()
RATIONAL_B_SPLINE_CURVE((1.,0.988738157033084,1.))
REPRESENTATION_ITEM('')
);
#4947=(
BOUNDED_CURVE()
B_SPLINE_CURVE(1,(#9973,#9974),.UNSPECIFIED.,.F.,.F.)
B_SPLINE_CURVE_WITH_KNOTS((2,2),(0.,6.8220076193511),.UNSPECIFIED.)
CURVE()
GEOMETRIC_REPRESENTATION_ITEM()
RATIONAL_B_SPLINE_CURVE((1.,1.))
REPRESENTATION_ITEM('')
);
#4948=(
BOUNDED_CURVE()
B_SPLINE_CURVE(2,(#9975,#9976,#9977),.UNSPECIFIED.,.F.,.F.)
B_SPLINE_CURVE_WITH_KNOTS((3,3),(0.,3.63264939500311),.UNSPECIFIED.)
CURVE()
GEOMETRIC_REPRESENTATION_ITEM()
RATIONAL_B_SPLINE_CURVE((1.,0.988738157032915,1.))
REPRESENTATION_ITEM('')
);
#4949=(
BOUNDED_CURVE()
B_SPLINE_CURVE(1,(#9978,#9979),.UNSPECIFIED.,.F.,.F.)
B_SPLINE_CURVE_WITH_KNOTS((2,2),(0.,6.64283276473407),.UNSPECIFIED.)
CURVE()
GEOMETRIC_REPRESENTATION_ITEM()
RATIONAL_B_SPLINE_CURVE((1.,1.))
REPRESENTATION_ITEM('')
);
#4950=(
BOUNDED_CURVE()
B_SPLINE_CURVE(1,(#9980,#9981),.UNSPECIFIED.,.F.,.F.)
B_SPLINE_CURVE_WITH_KNOTS((2,2),(0.,2.8220076193511),.UNSPECIFIED.)
CURVE()
GEOMETRIC_REPRESENTATION_ITEM()
RATIONAL_B_SPLINE_CURVE((1.,1.))
REPRESENTATION_ITEM('')
);
#4951=(
BOUNDED_CURVE()
B_SPLINE_CURVE(2,(#9982,#9983,#9984),.UNSPECIFIED.,.F.,.F.)
B_SPLINE_CURVE_WITH_KNOTS((3,3),(0.,5.8966045025594),.UNSPECIFIED.)
CURVE()
GEOMETRIC_REPRESENTATION_ITEM()
RATIONAL_B_SPLINE_CURVE((1.,0.804966082789454,1.))
REPRESENTATION_ITEM('')
);
#4952=(
BOUNDED_CURVE()
B_SPLINE_CURVE(2,(#9985,#9986,#9987),.UNSPECIFIED.,.F.,.F.)
B_SPLINE_CURVE_WITH_KNOTS((3,3),(0.,17.0277723915697),.UNSPECIFIED.)
CURVE()
GEOMETRIC_REPRESENTATION_ITEM()
RATIONAL_B_SPLINE_CURVE((1.,1.,1.))
REPRESENTATION_ITEM('')
);
#4953=(
BOUNDED_CURVE()
B_SPLINE_CURVE(2,(#9994,#9995,#9996,#9997,#9998),.UNSPECIFIED.,.F.,.F.)
B_SPLINE_CURVE_WITH_KNOTS((3,2,3),(-10.000000001559,-5.00000000077998,0.),
 .UNSPECIFIED.)
CURVE()
GEOMETRIC_REPRESENTATION_ITEM()
RATIONAL_B_SPLINE_CURVE((1.,0.707106781185583,1.,0.707106781185583,1.))
REPRESENTATION_ITEM('')
);
#4954=(
BOUNDED_CURVE()
B_SPLINE_CURVE(1,(#9999,#10000),.UNSPECIFIED.,.F.,.F.)
B_SPLINE_CURVE_WITH_KNOTS((2,2),(-2.82261136740101,0.),.UNSPECIFIED.)
CURVE()
GEOMETRIC_REPRESENTATION_ITEM()
RATIONAL_B_SPLINE_CURVE((1.,1.))
REPRESENTATION_ITEM('')
);
#4955=(
BOUNDED_CURVE()
B_SPLINE_CURVE(2,(#10003,#10004,#10005,#10006,#10007),.UNSPECIFIED.,.F.,
 .F.)
B_SPLINE_CURVE_WITH_KNOTS((3,2,3),(-10.0000000015204,-5.00000000075974,
0.),.UNSPECIFIED.)
CURVE()
GEOMETRIC_REPRESENTATION_ITEM()
RATIONAL_B_SPLINE_CURVE((1.,0.707106781186966,1.,0.707106781186966,1.))
REPRESENTATION_ITEM('')
);
#4956=(
BOUNDED_CURVE()
B_SPLINE_CURVE(1,(#10010,#10011),.UNSPECIFIED.,.F.,.F.)
B_SPLINE_CURVE_WITH_KNOTS((2,2),(-2.82252384795402,0.),.UNSPECIFIED.)
CURVE()
GEOMETRIC_REPRESENTATION_ITEM()
RATIONAL_B_SPLINE_CURVE((1.,1.))
REPRESENTATION_ITEM('')
);
#4957=(
BOUNDED_CURVE()
B_SPLINE_CURVE(2,(#10012,#10013,#10014,#10015,#10016),.UNSPECIFIED.,.F.,
 .F.)
B_SPLINE_CURVE_WITH_KNOTS((3,2,3),(-10.0000000000015,-5.00000000000077,
0.),.UNSPECIFIED.)
CURVE()
GEOMETRIC_REPRESENTATION_ITEM()
RATIONAL_B_SPLINE_CURVE((1.,0.707106781240665,1.,0.707106781240665,1.))
REPRESENTATION_ITEM('')
);
#4958=(
BOUNDED_CURVE()
B_SPLINE_CURVE(2,(#10029,#10030,#10031,#10032,#10033),.UNSPECIFIED.,.F.,
 .F.)
B_SPLINE_CURVE_WITH_KNOTS((3,2,3),(-4.99999999999818,-2.49999999999886,
0.),.UNSPECIFIED.)
CURVE()
GEOMETRIC_REPRESENTATION_ITEM()
RATIONAL_B_SPLINE_CURVE((1.,0.707106781186676,1.,0.707106781186676,1.))
REPRESENTATION_ITEM('')
);
#4959=(
BOUNDED_CURVE()
B_SPLINE_CURVE(1,(#10034,#10035),.UNSPECIFIED.,.F.,.F.)
B_SPLINE_CURVE_WITH_KNOTS((2,2),(-2.,0.),.UNSPECIFIED.)
CURVE()
GEOMETRIC_REPRESENTATION_ITEM()
RATIONAL_B_SPLINE_CURVE((1.,1.))
REPRESENTATION_ITEM('')
);
#4960=(
BOUNDED_CURVE()
B_SPLINE_CURVE(2,(#10036,#10037,#10038,#10039,#10040),.UNSPECIFIED.,.F.,
 .F.)
B_SPLINE_CURVE_WITH_KNOTS((3,2,3),(-4.99999999999818,-2.49999999999886,
0.),.UNSPECIFIED.)
CURVE()
GEOMETRIC_REPRESENTATION_ITEM()
RATIONAL_B_SPLINE_CURVE((1.,0.707106781186676,1.,0.707106781186676,1.))
REPRESENTATION_ITEM('')
);
#4961=(
BOUNDED_CURVE()
B_SPLINE_CURVE(1,(#10041,#10042),.UNSPECIFIED.,.F.,.F.)
B_SPLINE_CURVE_WITH_KNOTS((2,2),(-2.,0.),.UNSPECIFIED.)
CURVE()
GEOMETRIC_REPRESENTATION_ITEM()
RATIONAL_B_SPLINE_CURVE((1.,1.))
REPRESENTATION_ITEM('')
);
#4962=(
BOUNDED_CURVE()
B_SPLINE_CURVE(1,(#10043,#10044),.UNSPECIFIED.,.F.,.F.)
B_SPLINE_CURVE_WITH_KNOTS((2,2),(0.,2.),.UNSPECIFIED.)
CURVE()
GEOMETRIC_REPRESENTATION_ITEM()
RATIONAL_B_SPLINE_CURVE((1.,1.))
REPRESENTATION_ITEM('')
);
#4963=(
BOUNDED_CURVE()
B_SPLINE_CURVE(2,(#10045,#10046,#10047),.UNSPECIFIED.,.F.,.F.)
B_SPLINE_CURVE_WITH_KNOTS((3,3),(0.,13.9691125397098),.UNSPECIFIED.)
CURVE()
GEOMETRIC_REPRESENTATION_ITEM()
RATIONAL_B_SPLINE_CURVE((1.,1.,1.))
REPRESENTATION_ITEM('')
);
#4964=(
BOUNDED_CURVE()
B_SPLINE_CURVE(2,(#10048,#10049,#10050),.UNSPECIFIED.,.F.,.F.)
B_SPLINE_CURVE_WITH_KNOTS((3,3),(0.,13.9691125397098),.UNSPECIFIED.)
CURVE()
GEOMETRIC_REPRESENTATION_ITEM()
RATIONAL_B_SPLINE_CURVE((1.,1.,1.))
REPRESENTATION_ITEM('')
);
#4965=(
BOUNDED_CURVE()
B_SPLINE_CURVE(2,(#10051,#10052,#10053,#10054,#10055),.UNSPECIFIED.,.F.,
 .F.)
B_SPLINE_CURVE_WITH_KNOTS((3,2,3),(-4.99999999999636,-2.49999999999864,
0.),.UNSPECIFIED.)
CURVE()
GEOMETRIC_REPRESENTATION_ITEM()
RATIONAL_B_SPLINE_CURVE((1.,0.707106781186805,1.,0.707106781186805,1.))
REPRESENTATION_ITEM('')
);
#4966=(
BOUNDED_CURVE()
B_SPLINE_CURVE(2,(#10056,#10057,#10058,#10059,#10060),.UNSPECIFIED.,.F.,
 .F.)
B_SPLINE_CURVE_WITH_KNOTS((3,2,3),(-5.00000000000659,-2.50000000000296,
0.),.UNSPECIFIED.)
CURVE()
GEOMETRIC_REPRESENTATION_ITEM()
RATIONAL_B_SPLINE_CURVE((1.,0.707106781186033,1.,0.707106781186033,1.))
REPRESENTATION_ITEM('')
);
#4967=(
BOUNDED_CURVE()
B_SPLINE_CURVE(1,(#10061,#10062),.UNSPECIFIED.,.F.,.F.)
B_SPLINE_CURVE_WITH_KNOTS((2,2),(-2.,0.),.UNSPECIFIED.)
CURVE()
GEOMETRIC_REPRESENTATION_ITEM()
RATIONAL_B_SPLINE_CURVE((1.,1.))
REPRESENTATION_ITEM('')
);
#4968=(
BOUNDED_CURVE()
B_SPLINE_CURVE(2,(#10063,#10064,#10065),.UNSPECIFIED.,.F.,.F.)
B_SPLINE_CURVE_WITH_KNOTS((3,3),(0.,13.9691125397098),.UNSPECIFIED.)
CURVE()
GEOMETRIC_REPRESENTATION_ITEM()
RATIONAL_B_SPLINE_CURVE((1.,1.,1.))
REPRESENTATION_ITEM('')
);
#4969=(
BOUNDED_CURVE()
B_SPLINE_CURVE(2,(#10066,#10067,#10068),.UNSPECIFIED.,.F.,.F.)
B_SPLINE_CURVE_WITH_KNOTS((3,3),(0.,13.9691125397098),.UNSPECIFIED.)
CURVE()
GEOMETRIC_REPRESENTATION_ITEM()
RATIONAL_B_SPLINE_CURVE((1.,1.,1.))
REPRESENTATION_ITEM('')
);
#4970=(
BOUNDED_CURVE()
B_SPLINE_CURVE(2,(#10069,#10070,#10071,#10072,#10073),.UNSPECIFIED.,.F.,
 .F.)
B_SPLINE_CURVE_WITH_KNOTS((3,2,3),(-4.99999999999818,-2.49999999999886,
0.),.UNSPECIFIED.)
CURVE()
GEOMETRIC_REPRESENTATION_ITEM()
RATIONAL_B_SPLINE_CURVE((1.,0.707106781186676,1.,0.707106781186676,1.))
REPRESENTATION_ITEM('')
);
#4971=(
BOUNDED_CURVE()
B_SPLINE_CURVE(1,(#10074,#10075),.UNSPECIFIED.,.F.,.F.)
B_SPLINE_CURVE_WITH_KNOTS((2,2),(-2.,0.),.UNSPECIFIED.)
CURVE()
GEOMETRIC_REPRESENTATION_ITEM()
RATIONAL_B_SPLINE_CURVE((1.,1.))
REPRESENTATION_ITEM('')
);
#4972=(
BOUNDED_CURVE()
B_SPLINE_CURVE(2,(#10076,#10077,#10078,#10079,#10080),.UNSPECIFIED.,.F.,
 .F.)
B_SPLINE_CURVE_WITH_KNOTS((3,2,3),(-4.99999999999795,-2.49999999999886,
0.),.UNSPECIFIED.)
CURVE()
GEOMETRIC_REPRESENTATION_ITEM()
RATIONAL_B_SPLINE_CURVE((1.,0.707106781186676,1.,0.707106781186676,1.))
REPRESENTATION_ITEM('')
);
#4973=(
BOUNDED_CURVE()
B_SPLINE_CURVE(1,(#10081,#10082),.UNSPECIFIED.,.F.,.F.)
B_SPLINE_CURVE_WITH_KNOTS((2,2),(-2.,0.),.UNSPECIFIED.)
CURVE()
GEOMETRIC_REPRESENTATION_ITEM()
RATIONAL_B_SPLINE_CURVE((1.,1.))
REPRESENTATION_ITEM('')
);
#4974=(
BOUNDED_CURVE()
B_SPLINE_CURVE(1,(#10083,#10084),.UNSPECIFIED.,.F.,.F.)
B_SPLINE_CURVE_WITH_KNOTS((2,2),(0.,2.),.UNSPECIFIED.)
CURVE()
GEOMETRIC_REPRESENTATION_ITEM()
RATIONAL_B_SPLINE_CURVE((1.,1.))
REPRESENTATION_ITEM('')
);
#4975=(
BOUNDED_CURVE()
B_SPLINE_CURVE(2,(#10085,#10086,#10087),.UNSPECIFIED.,.F.,.F.)
B_SPLINE_CURVE_WITH_KNOTS((3,3),(0.,13.9691125397098),.UNSPECIFIED.)
CURVE()
GEOMETRIC_REPRESENTATION_ITEM()
RATIONAL_B_SPLINE_CURVE((1.,1.,1.))
REPRESENTATION_ITEM('')
);
#4976=(
BOUNDED_CURVE()
B_SPLINE_CURVE(2,(#10088,#10089,#10090),.UNSPECIFIED.,.F.,.F.)
B_SPLINE_CURVE_WITH_KNOTS((3,3),(0.,13.9691125397098),.UNSPECIFIED.)
CURVE()
GEOMETRIC_REPRESENTATION_ITEM()
RATIONAL_B_SPLINE_CURVE((1.,1.,1.))
REPRESENTATION_ITEM('')
);
#4977=(
BOUNDED_CURVE()
B_SPLINE_CURVE(2,(#10091,#10092,#10093,#10094,#10095),.UNSPECIFIED.,.F.,
 .F.)
B_SPLINE_CURVE_WITH_KNOTS((3,2,3),(-5.00000000000387,-2.50000000000205,
0.),.UNSPECIFIED.)
CURVE()
GEOMETRIC_REPRESENTATION_ITEM()
RATIONAL_B_SPLINE_CURVE((1.,0.70710678118629,1.,0.70710678118629,1.))
REPRESENTATION_ITEM('')
);
#4978=(
BOUNDED_CURVE()
B_SPLINE_CURVE(2,(#10096,#10097,#10098,#10099,#10100),.UNSPECIFIED.,.F.,
 .F.)
B_SPLINE_CURVE_WITH_KNOTS((3,2,3),(-5.00000000000387,-2.50000000000182,
0.),.UNSPECIFIED.)
CURVE()
GEOMETRIC_REPRESENTATION_ITEM()
RATIONAL_B_SPLINE_CURVE((1.,0.70710678118629,1.,0.70710678118629,1.))
REPRESENTATION_ITEM('')
);
#4979=(
BOUNDED_CURVE()
B_SPLINE_CURVE(1,(#10101,#10102),.UNSPECIFIED.,.F.,.F.)
B_SPLINE_CURVE_WITH_KNOTS((2,2),(-2.,0.),.UNSPECIFIED.)
CURVE()
GEOMETRIC_REPRESENTATION_ITEM()
RATIONAL_B_SPLINE_CURVE((1.,1.))
REPRESENTATION_ITEM('')
);
#4980=(
BOUNDED_CURVE()
B_SPLINE_CURVE(2,(#10103,#10104,#10105),.UNSPECIFIED.,.F.,.F.)
B_SPLINE_CURVE_WITH_KNOTS((3,3),(0.,13.9691125397098),.UNSPECIFIED.)
CURVE()
GEOMETRIC_REPRESENTATION_ITEM()
RATIONAL_B_SPLINE_CURVE((1.,1.,1.))
REPRESENTATION_ITEM('')
);
#4981=(
BOUNDED_CURVE()
B_SPLINE_CURVE(2,(#10106,#10107,#10108),.UNSPECIFIED.,.F.,.F.)
B_SPLINE_CURVE_WITH_KNOTS((3,3),(0.,13.9691125397098),.UNSPECIFIED.)
CURVE()
GEOMETRIC_REPRESENTATION_ITEM()
RATIONAL_B_SPLINE_CURVE((1.,1.,1.))
REPRESENTATION_ITEM('')
);
#4982=(
BOUNDED_CURVE()
B_SPLINE_CURVE(2,(#10109,#10110,#10111,#10112,#10113),.UNSPECIFIED.,.F.,
 .F.)
B_SPLINE_CURVE_WITH_KNOTS((3,2,3),(-5.00000000000068,-2.50000000000045,
0.),.UNSPECIFIED.)
CURVE()
GEOMETRIC_REPRESENTATION_ITEM()
RATIONAL_B_SPLINE_CURVE((1.,0.707106781186548,1.,0.707106781186548,1.))
REPRESENTATION_ITEM('')
);
#4983=(
BOUNDED_CURVE()
B_SPLINE_CURVE(1,(#10114,#10115),.UNSPECIFIED.,.F.,.F.)
B_SPLINE_CURVE_WITH_KNOTS((2,2),(-2.,0.),.UNSPECIFIED.)
CURVE()
GEOMETRIC_REPRESENTATION_ITEM()
RATIONAL_B_SPLINE_CURVE((1.,1.))
REPRESENTATION_ITEM('')
);
#4984=(
BOUNDED_CURVE()
B_SPLINE_CURVE(2,(#10116,#10117,#10118,#10119,#10120),.UNSPECIFIED.,.F.,
 .F.)
B_SPLINE_CURVE_WITH_KNOTS((3,2,3),(-5.00000000000068,-2.50000000000023,
0.),.UNSPECIFIED.)
CURVE()
GEOMETRIC_REPRESENTATION_ITEM()
RATIONAL_B_SPLINE_CURVE((1.,0.707106781186548,1.,0.707106781186548,1.))
REPRESENTATION_ITEM('')
);
#4985=(
BOUNDED_CURVE()
B_SPLINE_CURVE(1,(#10121,#10122),.UNSPECIFIED.,.F.,.F.)
B_SPLINE_CURVE_WITH_KNOTS((2,2),(-2.,0.),.UNSPECIFIED.)
CURVE()
GEOMETRIC_REPRESENTATION_ITEM()
RATIONAL_B_SPLINE_CURVE((1.,1.))
REPRESENTATION_ITEM('')
);
#4986=(
BOUNDED_CURVE()
B_SPLINE_CURVE(1,(#10123,#10124),.UNSPECIFIED.,.F.,.F.)
B_SPLINE_CURVE_WITH_KNOTS((2,2),(0.,2.),.UNSPECIFIED.)
CURVE()
GEOMETRIC_REPRESENTATION_ITEM()
RATIONAL_B_SPLINE_CURVE((1.,1.))
REPRESENTATION_ITEM('')
);
#4987=(
BOUNDED_CURVE()
B_SPLINE_CURVE(2,(#10125,#10126,#10127),.UNSPECIFIED.,.F.,.F.)
B_SPLINE_CURVE_WITH_KNOTS((3,3),(0.,13.9691125397098),.UNSPECIFIED.)
CURVE()
GEOMETRIC_REPRESENTATION_ITEM()
RATIONAL_B_SPLINE_CURVE((1.,1.,1.))
REPRESENTATION_ITEM('')
);
#4988=(
BOUNDED_CURVE()
B_SPLINE_CURVE(2,(#10128,#10129,#10130),.UNSPECIFIED.,.F.,.F.)
B_SPLINE_CURVE_WITH_KNOTS((3,3),(0.,13.9691125397098),.UNSPECIFIED.)
CURVE()
GEOMETRIC_REPRESENTATION_ITEM()
RATIONAL_B_SPLINE_CURVE((1.,1.,1.))
REPRESENTATION_ITEM('')
);
#4989=(
BOUNDED_CURVE()
B_SPLINE_CURVE(2,(#10131,#10132,#10133,#10134,#10135),.UNSPECIFIED.,.F.,
 .F.)
B_SPLINE_CURVE_WITH_KNOTS((3,2,3),(-5.00000000000659,-2.50000000000318,
0.),.UNSPECIFIED.)
CURVE()
GEOMETRIC_REPRESENTATION_ITEM()
RATIONAL_B_SPLINE_CURVE((1.,0.707106781186033,1.,0.707106781186033,1.))
REPRESENTATION_ITEM('')
);
#4990=(
BOUNDED_CURVE()
B_SPLINE_CURVE(2,(#10136,#10137,#10138,#10139,#10140),.UNSPECIFIED.,.F.,
 .F.)
B_SPLINE_CURVE_WITH_KNOTS((3,2,3),(-5.00000000000136,-2.50000000000091,
0.),.UNSPECIFIED.)
CURVE()
GEOMETRIC_REPRESENTATION_ITEM()
RATIONAL_B_SPLINE_CURVE((1.,0.707106781186419,1.,0.707106781186419,1.))
REPRESENTATION_ITEM('')
);
#4991=(
BOUNDED_CURVE()
B_SPLINE_CURVE(1,(#10141,#10142),.UNSPECIFIED.,.F.,.F.)
B_SPLINE_CURVE_WITH_KNOTS((2,2),(-2.,0.),.UNSPECIFIED.)
CURVE()
GEOMETRIC_REPRESENTATION_ITEM()
RATIONAL_B_SPLINE_CURVE((1.,1.))
REPRESENTATION_ITEM('')
);
#4992=(
BOUNDED_CURVE()
B_SPLINE_CURVE(2,(#10143,#10144,#10145),.UNSPECIFIED.,.F.,.F.)
B_SPLINE_CURVE_WITH_KNOTS((3,3),(0.,13.9691125397098),.UNSPECIFIED.)
CURVE()
GEOMETRIC_REPRESENTATION_ITEM()
RATIONAL_B_SPLINE_CURVE((1.,1.,1.))
REPRESENTATION_ITEM('')
);
#4993=(
BOUNDED_CURVE()
B_SPLINE_CURVE(2,(#10146,#10147,#10148),.UNSPECIFIED.,.F.,.F.)
B_SPLINE_CURVE_WITH_KNOTS((3,3),(0.,13.9691125397098),.UNSPECIFIED.)
CURVE()
GEOMETRIC_REPRESENTATION_ITEM()
RATIONAL_B_SPLINE_CURVE((1.,1.,1.))
REPRESENTATION_ITEM('')
);
#4994=(
BOUNDED_CURVE()
B_SPLINE_CURVE(1,(#10149,#10150),.UNSPECIFIED.,.F.,.F.)
B_SPLINE_CURVE_WITH_KNOTS((2,2),(0.,2.),.UNSPECIFIED.)
CURVE()
GEOMETRIC_REPRESENTATION_ITEM()
RATIONAL_B_SPLINE_CURVE((1.,1.))
REPRESENTATION_ITEM('')
);
#4995=(
BOUNDED_CURVE()
B_SPLINE_CURVE(2,(#10151,#10152,#10153),.UNSPECIFIED.,.F.,.F.)
B_SPLINE_CURVE_WITH_KNOTS((3,3),(0.,13.9691125397098),.UNSPECIFIED.)
CURVE()
GEOMETRIC_REPRESENTATION_ITEM()
RATIONAL_B_SPLINE_CURVE((1.,1.,1.))
REPRESENTATION_ITEM('')
);
#4996=(
BOUNDED_CURVE()
B_SPLINE_CURVE(1,(#10154,#10155),.UNSPECIFIED.,.F.,.F.)
B_SPLINE_CURVE_WITH_KNOTS((2,2),(0.,2.),.UNSPECIFIED.)
CURVE()
GEOMETRIC_REPRESENTATION_ITEM()
RATIONAL_B_SPLINE_CURVE((1.,1.))
REPRESENTATION_ITEM('')
);
#4997=(
BOUNDED_CURVE()
B_SPLINE_CURVE(2,(#10156,#10157,#10158),.UNSPECIFIED.,.F.,.F.)
B_SPLINE_CURVE_WITH_KNOTS((3,3),(0.,13.9691125397098),.UNSPECIFIED.)
CURVE()
GEOMETRIC_REPRESENTATION_ITEM()
RATIONAL_B_SPLINE_CURVE((1.,1.,1.))
REPRESENTATION_ITEM('')
);
#4998=(
BOUNDED_CURVE()
B_SPLINE_CURVE(2,(#10159,#10160,#10161,#10162,#10163),.UNSPECIFIED.,.F.,
 .F.)
B_SPLINE_CURVE_WITH_KNOTS((3,2,3),(-5.00000000000659,-2.50000000000318,
0.),.UNSPECIFIED.)
CURVE()
GEOMETRIC_REPRESENTATION_ITEM()
RATIONAL_B_SPLINE_CURVE((1.,0.707106781186033,1.,0.707106781186033,1.))
REPRESENTATION_ITEM('')
);
#4999=(
BOUNDED_CURVE()
B_SPLINE_CURVE(2,(#10164,#10165,#10166,#10167,#10168),.UNSPECIFIED.,.F.,
 .F.)
B_SPLINE_CURVE_WITH_KNOTS((3,2,3),(-4.99999999999977,-2.5,0.),
 .UNSPECIFIED.)
CURVE()
GEOMETRIC_REPRESENTATION_ITEM()
RATIONAL_B_SPLINE_CURVE((1.,0.707106781186548,1.,0.707106781186548,1.))
REPRESENTATION_ITEM('')
);
#5000=(
BOUNDED_CURVE()
B_SPLINE_CURVE(1,(#10169,#10170),.UNSPECIFIED.,.F.,.F.)
B_SPLINE_CURVE_WITH_KNOTS((2,2),(-2.,0.),.UNSPECIFIED.)
CURVE()
GEOMETRIC_REPRESENTATION_ITEM()
RATIONAL_B_SPLINE_CURVE((1.,1.))
REPRESENTATION_ITEM('')
);
#5001=(
BOUNDED_CURVE()
B_SPLINE_CURVE(1,(#10171,#10172),.UNSPECIFIED.,.F.,.F.)
B_SPLINE_CURVE_WITH_KNOTS((2,2),(0.,2.),.UNSPECIFIED.)
CURVE()
GEOMETRIC_REPRESENTATION_ITEM()
RATIONAL_B_SPLINE_CURVE((1.,1.))
REPRESENTATION_ITEM('')
);
#5002=(
BOUNDED_CURVE()
B_SPLINE_CURVE(2,(#10173,#10174,#10175),.UNSPECIFIED.,.F.,.F.)
B_SPLINE_CURVE_WITH_KNOTS((3,3),(0.,13.9691125397098),.UNSPECIFIED.)
CURVE()
GEOMETRIC_REPRESENTATION_ITEM()
RATIONAL_B_SPLINE_CURVE((1.,1.,1.))
REPRESENTATION_ITEM('')
);
#5003=(
BOUNDED_CURVE()
B_SPLINE_CURVE(2,(#10176,#10177,#10178),.UNSPECIFIED.,.F.,.F.)
B_SPLINE_CURVE_WITH_KNOTS((3,3),(0.,13.9691125397098),.UNSPECIFIED.)
CURVE()
GEOMETRIC_REPRESENTATION_ITEM()
RATIONAL_B_SPLINE_CURVE((1.,1.,1.))
REPRESENTATION_ITEM('')
);
#5004=(
BOUNDED_CURVE()
B_SPLINE_CURVE(2,(#10179,#10180,#10181,#10182,#10183),.UNSPECIFIED.,.F.,
 .F.)
B_SPLINE_CURVE_WITH_KNOTS((3,2,3),(-5.00000000000182,-2.50000000000136,
0.),.UNSPECIFIED.)
CURVE()
GEOMETRIC_REPRESENTATION_ITEM()
RATIONAL_B_SPLINE_CURVE((1.,0.707106781186419,1.,0.707106781186419,1.))
REPRESENTATION_ITEM('')
);
#5005=(
BOUNDED_CURVE()
B_SPLINE_CURVE(2,(#10184,#10185,#10186,#10187,#10188),.UNSPECIFIED.,.F.,
 .F.)
B_SPLINE_CURVE_WITH_KNOTS((3,2,3),(-5.00000000000182,-2.50000000000136,
0.),.UNSPECIFIED.)
CURVE()
GEOMETRIC_REPRESENTATION_ITEM()
RATIONAL_B_SPLINE_CURVE((1.,0.707106781186419,1.,0.707106781186419,1.))
REPRESENTATION_ITEM('')
);
#5006=(
BOUNDED_CURVE()
B_SPLINE_CURVE(1,(#10189,#10190),.UNSPECIFIED.,.F.,.F.)
B_SPLINE_CURVE_WITH_KNOTS((2,2),(0.,2.),.UNSPECIFIED.)
CURVE()
GEOMETRIC_REPRESENTATION_ITEM()
RATIONAL_B_SPLINE_CURVE((1.,1.))
REPRESENTATION_ITEM('')
);
#5007=(
BOUNDED_CURVE()
B_SPLINE_CURVE(2,(#10191,#10192,#10193),.UNSPECIFIED.,.F.,.F.)
B_SPLINE_CURVE_WITH_KNOTS((3,3),(0.,13.9691125397098),.UNSPECIFIED.)
CURVE()
GEOMETRIC_REPRESENTATION_ITEM()
RATIONAL_B_SPLINE_CURVE((1.,1.,1.))
REPRESENTATION_ITEM('')
);
#5008=(
BOUNDED_CURVE()
B_SPLINE_CURVE(1,(#10194,#10195),.UNSPECIFIED.,.F.,.F.)
B_SPLINE_CURVE_WITH_KNOTS((2,2),(0.,2.),.UNSPECIFIED.)
CURVE()
GEOMETRIC_REPRESENTATION_ITEM()
RATIONAL_B_SPLINE_CURVE((1.,1.))
REPRESENTATION_ITEM('')
);
#5009=(
BOUNDED_CURVE()
B_SPLINE_CURVE(2,(#10196,#10197,#10198),.UNSPECIFIED.,.F.,.F.)
B_SPLINE_CURVE_WITH_KNOTS((3,3),(0.,13.9691125397098),.UNSPECIFIED.)
CURVE()
GEOMETRIC_REPRESENTATION_ITEM()
RATIONAL_B_SPLINE_CURVE((1.,1.,1.))
REPRESENTATION_ITEM('')
);
#5010=(
BOUNDED_CURVE()
B_SPLINE_CURVE(2,(#10199,#10200,#10201,#10202,#10203),.UNSPECIFIED.,.F.,
 .F.)
B_SPLINE_CURVE_WITH_KNOTS((3,2,3),(-4.99999999999636,-2.49999999999864,
0.),.UNSPECIFIED.)
CURVE()
GEOMETRIC_REPRESENTATION_ITEM()
RATIONAL_B_SPLINE_CURVE((1.,0.707106781186805,1.,0.707106781186805,1.))
REPRESENTATION_ITEM('')
);
#5011=(
BOUNDED_CURVE()
B_SPLINE_CURVE(2,(#10204,#10205,#10206,#10207,#10208),.UNSPECIFIED.,.F.,
 .F.)
B_SPLINE_CURVE_WITH_KNOTS((3,2,3),(-5.00000000000387,-2.50000000000205,
0.),.UNSPECIFIED.)
CURVE()
GEOMETRIC_REPRESENTATION_ITEM()
RATIONAL_B_SPLINE_CURVE((1.,0.70710678118629,1.,0.70710678118629,1.))
REPRESENTATION_ITEM('')
);
#5012=(
BOUNDED_CURVE()
B_SPLINE_CURVE(1,(#10209,#10210),.UNSPECIFIED.,.F.,.F.)
B_SPLINE_CURVE_WITH_KNOTS((2,2),(-2.,0.),.UNSPECIFIED.)
CURVE()
GEOMETRIC_REPRESENTATION_ITEM()
RATIONAL_B_SPLINE_CURVE((1.,1.))
REPRESENTATION_ITEM('')
);
#5013=(
BOUNDED_CURVE()
B_SPLINE_CURVE(1,(#10211,#10212),.UNSPECIFIED.,.F.,.F.)
B_SPLINE_CURVE_WITH_KNOTS((2,2),(0.,2.),.UNSPECIFIED.)
CURVE()
GEOMETRIC_REPRESENTATION_ITEM()
RATIONAL_B_SPLINE_CURVE((1.,1.))
REPRESENTATION_ITEM('')
);
#5014=(
BOUNDED_CURVE()
B_SPLINE_CURVE(2,(#10213,#10214,#10215),.UNSPECIFIED.,.F.,.F.)
B_SPLINE_CURVE_WITH_KNOTS((3,3),(0.,13.9691125397098),.UNSPECIFIED.)
CURVE()
GEOMETRIC_REPRESENTATION_ITEM()
RATIONAL_B_SPLINE_CURVE((1.,1.,1.))
REPRESENTATION_ITEM('')
);
#5015=(
BOUNDED_CURVE()
B_SPLINE_CURVE(2,(#10216,#10217,#10218),.UNSPECIFIED.,.F.,.F.)
B_SPLINE_CURVE_WITH_KNOTS((3,3),(0.,13.9691125397098),.UNSPECIFIED.)
CURVE()
GEOMETRIC_REPRESENTATION_ITEM()
RATIONAL_B_SPLINE_CURVE((1.,1.,1.))
REPRESENTATION_ITEM('')
);
#5016=(
BOUNDED_CURVE()
B_SPLINE_CURVE(2,(#10219,#10220,#10221,#10222,#10223),.UNSPECIFIED.,.F.,
 .F.)
B_SPLINE_CURVE_WITH_KNOTS((3,2,3),(-5.00000000000068,-2.50000000000045,
0.),.UNSPECIFIED.)
CURVE()
GEOMETRIC_REPRESENTATION_ITEM()
RATIONAL_B_SPLINE_CURVE((1.,0.707106781186548,1.,0.707106781186548,1.))
REPRESENTATION_ITEM('')
);
#5017=(
BOUNDED_CURVE()
B_SPLINE_CURVE(2,(#10224,#10225,#10226,#10227,#10228),.UNSPECIFIED.,.F.,
 .F.)
B_SPLINE_CURVE_WITH_KNOTS((3,2,3),(-5.00000000000068,-2.50000000000023,
0.),.UNSPECIFIED.)
CURVE()
GEOMETRIC_REPRESENTATION_ITEM()
RATIONAL_B_SPLINE_CURVE((1.,0.707106781186548,1.,0.707106781186548,1.))
REPRESENTATION_ITEM('')
);
#5018=(
BOUNDED_CURVE()
B_SPLINE_CURVE(2,(#10229,#10230,#10231,#10232,#10233),.UNSPECIFIED.,.F.,
 .F.)
B_SPLINE_CURVE_WITH_KNOTS((3,2,3),(0.,9.64504216674004,27.4393282030001),
 .UNSPECIFIED.)
CURVE()
GEOMETRIC_REPRESENTATION_ITEM()
RATIONAL_B_SPLINE_CURVE((1.,1.,1.,1.,1.))
REPRESENTATION_ITEM('')
);
#5019=(
BOUNDED_CURVE()
B_SPLINE_CURVE(1,(#10234,#10235),.UNSPECIFIED.,.F.,.F.)
B_SPLINE_CURVE_WITH_KNOTS((2,2),(0.,2.),.UNSPECIFIED.)
CURVE()
GEOMETRIC_REPRESENTATION_ITEM()
RATIONAL_B_SPLINE_CURVE((1.,1.))
REPRESENTATION_ITEM('')
);
#5020=(
BOUNDED_CURVE()
B_SPLINE_CURVE(2,(#10236,#10237,#10238),.UNSPECIFIED.,.F.,.F.)
B_SPLINE_CURVE_WITH_KNOTS((3,3),(0.,27.4393282030001),.UNSPECIFIED.)
CURVE()
GEOMETRIC_REPRESENTATION_ITEM()
RATIONAL_B_SPLINE_CURVE((1.,1.,1.))
REPRESENTATION_ITEM('')
);
#5021=(
BOUNDED_CURVE()
B_SPLINE_CURVE(1,(#10239,#10240),.UNSPECIFIED.,.F.,.F.)
B_SPLINE_CURVE_WITH_KNOTS((2,2),(0.,2.),.UNSPECIFIED.)
CURVE()
GEOMETRIC_REPRESENTATION_ITEM()
RATIONAL_B_SPLINE_CURVE((1.,1.))
REPRESENTATION_ITEM('')
);
#5022=(
BOUNDED_CURVE()
B_SPLINE_CURVE(2,(#10241,#10242,#10243,#10244,#10245),.UNSPECIFIED.,.F.,
 .F.)
B_SPLINE_CURVE_WITH_KNOTS((3,2,3),(-5.00000000000659,-2.50000000000318,
0.),.UNSPECIFIED.)
CURVE()
GEOMETRIC_REPRESENTATION_ITEM()
RATIONAL_B_SPLINE_CURVE((1.,0.707106781186033,1.,0.707106781186033,1.))
REPRESENTATION_ITEM('')
);
#5023=(
BOUNDED_CURVE()
B_SPLINE_CURVE(2,(#10246,#10247,#10248,#10249,#10250),.UNSPECIFIED.,.F.,
 .F.)
B_SPLINE_CURVE_WITH_KNOTS((3,2,3),(-5.00000000000136,-2.50000000000091,
0.),.UNSPECIFIED.)
CURVE()
GEOMETRIC_REPRESENTATION_ITEM()
RATIONAL_B_SPLINE_CURVE((1.,0.707106781186419,1.,0.707106781186419,1.))
REPRESENTATION_ITEM('')
);
#5024=(
BOUNDED_CURVE()
B_SPLINE_CURVE(1,(#10251,#10252),.UNSPECIFIED.,.F.,.F.)
B_SPLINE_CURVE_WITH_KNOTS((2,2),(-2.,0.),.UNSPECIFIED.)
CURVE()
GEOMETRIC_REPRESENTATION_ITEM()
RATIONAL_B_SPLINE_CURVE((1.,1.))
REPRESENTATION_ITEM('')
);
#5025=(
BOUNDED_CURVE()
B_SPLINE_CURVE(1,(#10253,#10254),.UNSPECIFIED.,.F.,.F.)
B_SPLINE_CURVE_WITH_KNOTS((2,2),(0.,2.),.UNSPECIFIED.)
CURVE()
GEOMETRIC_REPRESENTATION_ITEM()
RATIONAL_B_SPLINE_CURVE((1.,1.))
REPRESENTATION_ITEM('')
);
#5026=(
BOUNDED_CURVE()
B_SPLINE_CURVE(2,(#10255,#10256,#10257),.UNSPECIFIED.,.F.,.F.)
B_SPLINE_CURVE_WITH_KNOTS((3,3),(0.,27.4393282030001),.UNSPECIFIED.)
CURVE()
GEOMETRIC_REPRESENTATION_ITEM()
RATIONAL_B_SPLINE_CURVE((1.,1.,1.))
REPRESENTATION_ITEM('')
);
#5027=(
BOUNDED_CURVE()
B_SPLINE_CURVE(2,(#10258,#10259,#10260,#10261,#10262),.UNSPECIFIED.,.F.,
 .F.)
B_SPLINE_CURVE_WITH_KNOTS((3,2,3),(0.,17.79428603626,27.4393282030001),
 .UNSPECIFIED.)
CURVE()
GEOMETRIC_REPRESENTATION_ITEM()
RATIONAL_B_SPLINE_CURVE((1.,1.,1.,1.,1.))
REPRESENTATION_ITEM('')
);
#5028=(
BOUNDED_CURVE()
B_SPLINE_CURVE(2,(#10263,#10264,#10265,#10266,#10267),.UNSPECIFIED.,.F.,
 .F.)
B_SPLINE_CURVE_WITH_KNOTS((3,2,3),(-5.00000000000227,-2.50000000000182,
0.),.UNSPECIFIED.)
CURVE()
GEOMETRIC_REPRESENTATION_ITEM()
RATIONAL_B_SPLINE_CURVE((1.,0.707106781186419,1.,0.707106781186419,1.))
REPRESENTATION_ITEM('')
);
#5029=(
BOUNDED_CURVE()
B_SPLINE_CURVE(2,(#10268,#10269,#10270,#10271,#10272),.UNSPECIFIED.,.F.,
 .F.)
B_SPLINE_CURVE_WITH_KNOTS((3,2,3),(-4.99999999999977,-2.5,0.),
 .UNSPECIFIED.)
CURVE()
GEOMETRIC_REPRESENTATION_ITEM()
RATIONAL_B_SPLINE_CURVE((1.,0.707106781186548,1.,0.707106781186548,1.))
REPRESENTATION_ITEM('')
);
#5030=(
BOUNDED_CURVE()
B_SPLINE_CURVE(2,(#10273,#10274,#10275,#10276,#10277),.UNSPECIFIED.,.F.,
 .F.)
B_SPLINE_CURVE_WITH_KNOTS((3,2,3),(0.,9.64504216674004,27.4393282030001),
 .UNSPECIFIED.)
CURVE()
GEOMETRIC_REPRESENTATION_ITEM()
RATIONAL_B_SPLINE_CURVE((1.,1.,1.,1.,1.))
REPRESENTATION_ITEM('')
);
#5031=(
BOUNDED_CURVE()
B_SPLINE_CURVE(1,(#10278,#10279),.UNSPECIFIED.,.F.,.F.)
B_SPLINE_CURVE_WITH_KNOTS((2,2),(0.,2.),.UNSPECIFIED.)
CURVE()
GEOMETRIC_REPRESENTATION_ITEM()
RATIONAL_B_SPLINE_CURVE((1.,1.))
REPRESENTATION_ITEM('')
);
#5032=(
BOUNDED_CURVE()
B_SPLINE_CURVE(2,(#10280,#10281,#10282),.UNSPECIFIED.,.F.,.F.)
B_SPLINE_CURVE_WITH_KNOTS((3,3),(0.,27.4393282030001),.UNSPECIFIED.)
CURVE()
GEOMETRIC_REPRESENTATION_ITEM()
RATIONAL_B_SPLINE_CURVE((1.,1.,1.))
REPRESENTATION_ITEM('')
);
#5033=(
BOUNDED_CURVE()
B_SPLINE_CURVE(1,(#10283,#10284),.UNSPECIFIED.,.F.,.F.)
B_SPLINE_CURVE_WITH_KNOTS((2,2),(0.,2.),.UNSPECIFIED.)
CURVE()
GEOMETRIC_REPRESENTATION_ITEM()
RATIONAL_B_SPLINE_CURVE((1.,1.))
REPRESENTATION_ITEM('')
);
#5034=(
BOUNDED_CURVE()
B_SPLINE_CURVE(2,(#10285,#10286,#10287,#10288,#10289),.UNSPECIFIED.,.F.,
 .F.)
B_SPLINE_CURVE_WITH_KNOTS((3,2,3),(-5.00000000000659,-2.50000000000318,
0.),.UNSPECIFIED.)
CURVE()
GEOMETRIC_REPRESENTATION_ITEM()
RATIONAL_B_SPLINE_CURVE((1.,0.707106781186033,1.,0.707106781186033,1.))
REPRESENTATION_ITEM('')
);
#5035=(
BOUNDED_CURVE()
B_SPLINE_CURVE(2,(#10290,#10291,#10292,#10293,#10294),.UNSPECIFIED.,.F.,
 .F.)
B_SPLINE_CURVE_WITH_KNOTS((3,2,3),(-5.00000000000387,-2.50000000000182,
0.),.UNSPECIFIED.)
CURVE()
GEOMETRIC_REPRESENTATION_ITEM()
RATIONAL_B_SPLINE_CURVE((1.,0.70710678118629,1.,0.70710678118629,1.))
REPRESENTATION_ITEM('')
);
#5036=(
BOUNDED_CURVE()
B_SPLINE_CURVE(1,(#10295,#10296),.UNSPECIFIED.,.F.,.F.)
B_SPLINE_CURVE_WITH_KNOTS((2,2),(-2.,0.),.UNSPECIFIED.)
CURVE()
GEOMETRIC_REPRESENTATION_ITEM()
RATIONAL_B_SPLINE_CURVE((1.,1.))
REPRESENTATION_ITEM('')
);
#5037=(
BOUNDED_CURVE()
B_SPLINE_CURVE(1,(#10297,#10298),.UNSPECIFIED.,.F.,.F.)
B_SPLINE_CURVE_WITH_KNOTS((2,2),(0.,2.),.UNSPECIFIED.)
CURVE()
GEOMETRIC_REPRESENTATION_ITEM()
RATIONAL_B_SPLINE_CURVE((1.,1.))
REPRESENTATION_ITEM('')
);
#5038=(
BOUNDED_CURVE()
B_SPLINE_CURVE(2,(#10299,#10300,#10301),.UNSPECIFIED.,.F.,.F.)
B_SPLINE_CURVE_WITH_KNOTS((3,3),(0.,27.4393282030001),.UNSPECIFIED.)
CURVE()
GEOMETRIC_REPRESENTATION_ITEM()
RATIONAL_B_SPLINE_CURVE((1.,1.,1.))
REPRESENTATION_ITEM('')
);
#5039=(
BOUNDED_CURVE()
B_SPLINE_CURVE(2,(#10302,#10303,#10304,#10305,#10306),.UNSPECIFIED.,.F.,
 .F.)
B_SPLINE_CURVE_WITH_KNOTS((3,2,3),(0.,17.79428603626,27.4393282030001),
 .UNSPECIFIED.)
CURVE()
GEOMETRIC_REPRESENTATION_ITEM()
RATIONAL_B_SPLINE_CURVE((1.,1.,1.,1.,1.))
REPRESENTATION_ITEM('')
);
#5040=(
BOUNDED_CURVE()
B_SPLINE_CURVE(2,(#10307,#10308,#10309,#10310,#10311),.UNSPECIFIED.,.F.,
 .F.)
B_SPLINE_CURVE_WITH_KNOTS((3,2,3),(-4.99999999999909,-2.49999999999932,
0.),.UNSPECIFIED.)
CURVE()
GEOMETRIC_REPRESENTATION_ITEM()
RATIONAL_B_SPLINE_CURVE((1.,0.707106781186676,1.,0.707106781186676,1.))
REPRESENTATION_ITEM('')
);
#5041=(
BOUNDED_CURVE()
B_SPLINE_CURVE(2,(#10312,#10313,#10314,#10315,#10316),.UNSPECIFIED.,.F.,
 .F.)
B_SPLINE_CURVE_WITH_KNOTS((3,2,3),(-4.99999999999886,-2.49999999999932,
0.),.UNSPECIFIED.)
CURVE()
GEOMETRIC_REPRESENTATION_ITEM()
RATIONAL_B_SPLINE_CURVE((1.,0.707106781186676,1.,0.707106781186676,1.))
REPRESENTATION_ITEM('')
);
#5042=(
BOUNDED_CURVE()
B_SPLINE_CURVE(2,(#10451,#10452,#10453,#10454,#10455),.UNSPECIFIED.,.F.,
 .F.)
B_SPLINE_CURVE_WITH_KNOTS((3,2,3),(-3.19397904230636,-1.5969895211527,0.),
 .UNSPECIFIED.)
CURVE()
GEOMETRIC_REPRESENTATION_ITEM()
RATIONAL_B_SPLINE_CURVE((1.,0.781442263728203,1.,0.781442263728203,1.))
REPRESENTATION_ITEM('')
);
#5043=(
BOUNDED_CURVE()
B_SPLINE_CURVE(1,(#10456,#10457),.UNSPECIFIED.,.F.,.F.)
B_SPLINE_CURVE_WITH_KNOTS((2,2),(-1.27354067295005,0.),.UNSPECIFIED.)
CURVE()
GEOMETRIC_REPRESENTATION_ITEM()
RATIONAL_B_SPLINE_CURVE((1.,1.))
REPRESENTATION_ITEM('')
);
#5044=(
BOUNDED_CURVE()
B_SPLINE_CURVE(2,(#10458,#10459,#10460,#10461,#10462),.UNSPECIFIED.,.F.,
 .F.)
B_SPLINE_CURVE_WITH_KNOTS((3,2,3),(-3.99999999248399,-1.99999999624279,
0.),.UNSPECIFIED.)
CURVE()
GEOMETRIC_REPRESENTATION_ITEM()
RATIONAL_B_SPLINE_CURVE((1.,0.707106781188356,1.,0.707106781188356,1.))
REPRESENTATION_ITEM('')
);
#5045=(
BOUNDED_CURVE()
B_SPLINE_CURVE(1,(#10463,#10464),.UNSPECIFIED.,.F.,.F.)
B_SPLINE_CURVE_WITH_KNOTS((2,2),(-0.0302393131399867,0.),.UNSPECIFIED.)
CURVE()
GEOMETRIC_REPRESENTATION_ITEM()
RATIONAL_B_SPLINE_CURVE((1.,1.))
REPRESENTATION_ITEM('')
);
#5046=(
BOUNDED_CURVE()
B_SPLINE_CURVE(2,(#10465,#10466,#10467),.UNSPECIFIED.,.F.,.F.)
B_SPLINE_CURVE_WITH_KNOTS((3,3),(-0.453861604944061,0.),.UNSPECIFIED.)
CURVE()
GEOMETRIC_REPRESENTATION_ITEM()
RATIONAL_B_SPLINE_CURVE((1.,0.975204865337851,1.))
REPRESENTATION_ITEM('')
);
#5047=(
BOUNDED_CURVE()
B_SPLINE_CURVE(2,(#10468,#10469,#10470,#10471,#10472),.UNSPECIFIED.,.F.,
 .F.)
B_SPLINE_CURVE_WITH_KNOTS((3,2,3),(0.,1.99999999626053,3.99999999252105),
 .UNSPECIFIED.)
CURVE()
GEOMETRIC_REPRESENTATION_ITEM()
RATIONAL_B_SPLINE_CURVE((1.,0.70710678118506,1.,0.70710678118506,1.))
REPRESENTATION_ITEM('')
);
#5048=(
BOUNDED_CURVE()
B_SPLINE_CURVE(2,(#10473,#10474,#10475,#10476,#10477),.UNSPECIFIED.,.F.,
 .F.)
B_SPLINE_CURVE_WITH_KNOTS((3,2,3),(0.,1.99999999624438,3.99999999248922),
 .UNSPECIFIED.)
CURVE()
GEOMETRIC_REPRESENTATION_ITEM()
RATIONAL_B_SPLINE_CURVE((1.,0.707106781188035,1.,0.707106781188035,1.))
REPRESENTATION_ITEM('')
);
#5049=(
BOUNDED_CURVE()
B_SPLINE_CURVE(1,(#10478,#10479),.UNSPECIFIED.,.F.,.F.)
B_SPLINE_CURVE_WITH_KNOTS((2,2),(-1.24991246710897,0.),.UNSPECIFIED.)
CURVE()
GEOMETRIC_REPRESENTATION_ITEM()
RATIONAL_B_SPLINE_CURVE((1.,1.))
REPRESENTATION_ITEM('')
);
#5050=(
BOUNDED_CURVE()
B_SPLINE_CURVE(2,(#10488,#10489,#10490,#10491,#10492),.UNSPECIFIED.,.F.,
 .F.)
B_SPLINE_CURVE_WITH_KNOTS((3,2,3),(-3.19397419961052,-1.59698709980498,
0.),.UNSPECIFIED.)
CURVE()
GEOMETRIC_REPRESENTATION_ITEM()
RATIONAL_B_SPLINE_CURVE((1.,0.781442725035462,1.,0.781442725035462,1.))
REPRESENTATION_ITEM('')
);
#5051=(
BOUNDED_CURVE()
B_SPLINE_CURVE(2,(#10495,#10496,#10497),.UNSPECIFIED.,.F.,.F.)
B_SPLINE_CURVE_WITH_KNOTS((3,3),(-0.453864714436653,0.),.UNSPECIFIED.)
CURVE()
GEOMETRIC_REPRESENTATION_ITEM()
RATIONAL_B_SPLINE_CURVE((1.,0.975204538109855,1.))
REPRESENTATION_ITEM('')
);
#5052=(
BOUNDED_CURVE()
B_SPLINE_CURVE(2,(#10498,#10499,#10500,#10501,#10502),.UNSPECIFIED.,.F.,
 .F.)
B_SPLINE_CURVE_WITH_KNOTS((3,2,3),(-3.99999999252128,-1.99999999626075,
0.),.UNSPECIFIED.)
CURVE()
GEOMETRIC_REPRESENTATION_ITEM()
RATIONAL_B_SPLINE_CURVE((1.,0.70710678118506,1.,0.70710678118506,1.))
REPRESENTATION_ITEM('')
);
#5053=(
BOUNDED_CURVE()
B_SPLINE_CURVE(1,(#10503,#10504),.UNSPECIFIED.,.F.,.F.)
B_SPLINE_CURVE_WITH_KNOTS((2,2),(0.,1.24991246705895),.UNSPECIFIED.)
CURVE()
GEOMETRIC_REPRESENTATION_ITEM()
RATIONAL_B_SPLINE_CURVE((1.,1.))
REPRESENTATION_ITEM('')
);
#5054=(
BOUNDED_CURVE()
B_SPLINE_CURVE(2,(#10519,#10520,#10521,#10522,#10523),.UNSPECIFIED.,.F.,
 .F.)
B_SPLINE_CURVE_WITH_KNOTS((3,2,3),(0.,1.9999999977214,3.9999999954428),
 .UNSPECIFIED.)
CURVE()
GEOMETRIC_REPRESENTATION_ITEM()
RATIONAL_B_SPLINE_CURVE((1.,0.707106780926852,1.,0.707106780926852,1.))
REPRESENTATION_ITEM('')
);
#5055=(
BOUNDED_CURVE()
B_SPLINE_CURVE(2,(#10524,#10525,#10526,#10527,#10528),.UNSPECIFIED.,.F.,
 .F.)
B_SPLINE_CURVE_WITH_KNOTS((3,2,3),(0.,1.9999999977239,3.99999999544735),
 .UNSPECIFIED.)
CURVE()
GEOMETRIC_REPRESENTATION_ITEM()
RATIONAL_B_SPLINE_CURVE((1.,0.70710678092645,1.,0.70710678092645,1.))
REPRESENTATION_ITEM('')
);
#5056=(
BOUNDED_CURVE()
B_SPLINE_CURVE(2,(#10547,#10548,#10549,#10550,#10551),.UNSPECIFIED.,.F.,
 .F.)
B_SPLINE_CURVE_WITH_KNOTS((3,2,3),(-7.99999998501004,-3.99999999250536,
0.),.UNSPECIFIED.)
CURVE()
GEOMETRIC_REPRESENTATION_ITEM()
RATIONAL_B_SPLINE_CURVE((1.,0.707106781185643,1.,0.707106781185643,1.))
REPRESENTATION_ITEM('')
);
#5057=(
BOUNDED_CURVE()
B_SPLINE_CURVE(1,(#10552,#10553),.UNSPECIFIED.,.F.,.F.)
B_SPLINE_CURVE_WITH_KNOTS((2,2),(-4.55831893488903,0.),.UNSPECIFIED.)
CURVE()
GEOMETRIC_REPRESENTATION_ITEM()
RATIONAL_B_SPLINE_CURVE((1.,1.))
REPRESENTATION_ITEM('')
);
#5058=(
BOUNDED_CURVE()
B_SPLINE_CURVE(2,(#10554,#10555,#10556,#10557,#10558),.UNSPECIFIED.,.F.,
 .F.)
B_SPLINE_CURVE_WITH_KNOTS((3,2,3),(-7.9999999850064,-3.99999999250354,0.),
 .UNSPECIFIED.)
CURVE()
GEOMETRIC_REPRESENTATION_ITEM()
RATIONAL_B_SPLINE_CURVE((1.,0.707106781185643,1.,0.707106781185643,1.))
REPRESENTATION_ITEM('')
);
#5059=(
BOUNDED_CURVE()
B_SPLINE_CURVE(1,(#10559,#10560),.UNSPECIFIED.,.F.,.F.)
B_SPLINE_CURVE_WITH_KNOTS((2,2),(-4.55831893488903,0.),.UNSPECIFIED.)
CURVE()
GEOMETRIC_REPRESENTATION_ITEM()
RATIONAL_B_SPLINE_CURVE((1.,1.))
REPRESENTATION_ITEM('')
);
#5060=(
BOUNDED_CURVE()
B_SPLINE_CURVE(2,(#10561,#10562,#10563,#10564,#10565),.UNSPECIFIED.,.F.,
 .F.)
B_SPLINE_CURVE_WITH_KNOTS((3,2,3),(-7.99999998501209,-3.99999999250582,
0.),.UNSPECIFIED.)
CURVE()
GEOMETRIC_REPRESENTATION_ITEM()
RATIONAL_B_SPLINE_CURVE((1.,0.707106781185442,1.,0.707106781185442,1.))
REPRESENTATION_ITEM('')
);
#5061=(
BOUNDED_CURVE()
B_SPLINE_CURVE(2,(#10566,#10567,#10568,#10569,#10570),.UNSPECIFIED.,.F.,
 .F.)
B_SPLINE_CURVE_WITH_KNOTS((3,2,3),(-7.99999998500527,-3.99999999250263,
0.),.UNSPECIFIED.)
CURVE()
GEOMETRIC_REPRESENTATION_ITEM()
RATIONAL_B_SPLINE_CURVE((1.,0.707106781185764,1.,0.707106781185764,1.))
REPRESENTATION_ITEM('')
);
#5062=(
BOUNDED_CURVE()
B_SPLINE_CURVE(1,(#10605,#10606),.UNSPECIFIED.,.F.,.F.)
B_SPLINE_CURVE_WITH_KNOTS((2,2),(-2.98374001946399,0.),.UNSPECIFIED.)
CURVE()
GEOMETRIC_REPRESENTATION_ITEM()
RATIONAL_B_SPLINE_CURVE((1.,1.))
REPRESENTATION_ITEM('')
);
#5063=(
BOUNDED_CURVE()
B_SPLINE_CURVE(2,(#10607,#10608,#10609,#10610,#10611),.UNSPECIFIED.,.F.,
 .F.)
B_SPLINE_CURVE_WITH_KNOTS((3,2,3),(-7.9999999850089,-3.99999999250422,0.),
 .UNSPECIFIED.)
CURVE()
GEOMETRIC_REPRESENTATION_ITEM()
RATIONAL_B_SPLINE_CURVE((1.,0.707106781185683,1.,0.707106781185683,1.))
REPRESENTATION_ITEM('')
);
#5064=(
BOUNDED_CURVE()
B_SPLINE_CURVE(1,(#10612,#10613),.UNSPECIFIED.,.F.,.F.)
B_SPLINE_CURVE_WITH_KNOTS((2,2),(-2.98374001946399,0.),.UNSPECIFIED.)
CURVE()
GEOMETRIC_REPRESENTATION_ITEM()
RATIONAL_B_SPLINE_CURVE((1.,1.))
REPRESENTATION_ITEM('')
);
#5065=(
BOUNDED_CURVE()
B_SPLINE_CURVE(2,(#10614,#10615,#10616,#10617,#10618),.UNSPECIFIED.,.F.,
 .F.)
B_SPLINE_CURVE_WITH_KNOTS((3,2,3),(-7.9999999850089,-3.99999999250468,0.),
 .UNSPECIFIED.)
CURVE()
GEOMETRIC_REPRESENTATION_ITEM()
RATIONAL_B_SPLINE_CURVE((1.,0.707106781185683,1.,0.707106781185683,1.))
REPRESENTATION_ITEM('')
);
#5066=(
BOUNDED_CURVE()
B_SPLINE_CURVE(2,(#10619,#10620,#10621,#10622,#10623),.UNSPECIFIED.,.F.,
 .F.)
B_SPLINE_CURVE_WITH_KNOTS((3,2,3),(-7.99999998500754,-3.99999999250354,
0.),.UNSPECIFIED.)
CURVE()
GEOMETRIC_REPRESENTATION_ITEM()
RATIONAL_B_SPLINE_CURVE((1.,0.707106781185683,1.,0.707106781185683,1.))
REPRESENTATION_ITEM('')
);
#5067=(
BOUNDED_CURVE()
B_SPLINE_CURVE(2,(#10624,#10625,#10626,#10627,#10628),.UNSPECIFIED.,.F.,
 .F.)
B_SPLINE_CURVE_WITH_KNOTS((3,2,3),(-7.99999998500754,-3.999999992504,0.),
 .UNSPECIFIED.)
CURVE()
GEOMETRIC_REPRESENTATION_ITEM()
RATIONAL_B_SPLINE_CURVE((1.,0.707106781185683,1.,0.707106781185683,1.))
REPRESENTATION_ITEM('')
);
#5068=(
BOUNDED_CURVE()
B_SPLINE_CURVE(1,(#10629,#10630),.UNSPECIFIED.,.F.,.F.)
B_SPLINE_CURVE_WITH_KNOTS((2,2),(-12.814939424217,0.),.UNSPECIFIED.)
CURVE()
GEOMETRIC_REPRESENTATION_ITEM()
RATIONAL_B_SPLINE_CURVE((1.,1.))
REPRESENTATION_ITEM('')
);
#5069=(
BOUNDED_CURVE()
B_SPLINE_CURVE(2,(#10631,#10632,#10633,#10634,#10635),.UNSPECIFIED.,.F.,
 .F.)
B_SPLINE_CURVE_WITH_KNOTS((3,2,3),(-9.71881354959973,-4.85940677479961,
0.),.UNSPECIFIED.)
CURVE()
GEOMETRIC_REPRESENTATION_ITEM()
RATIONAL_B_SPLINE_CURVE((1.,0.858398076330573,1.,0.858398076330573,1.))
REPRESENTATION_ITEM('')
);
#5070=(
BOUNDED_CURVE()
B_SPLINE_CURVE(1,(#10636,#10637),.UNSPECIFIED.,.F.,.F.)
B_SPLINE_CURVE_WITH_KNOTS((2,2),(-1.18889022606606,0.),.UNSPECIFIED.)
CURVE()
GEOMETRIC_REPRESENTATION_ITEM()
RATIONAL_B_SPLINE_CURVE((1.,1.))
REPRESENTATION_ITEM('')
);
#5071=(
BOUNDED_CURVE()
B_SPLINE_CURVE(2,(#10638,#10639,#10640),.UNSPECIFIED.,.F.,.F.)
B_SPLINE_CURVE_WITH_KNOTS((3,3),(-4.37364686482361,0.),.UNSPECIFIED.)
CURVE()
GEOMETRIC_REPRESENTATION_ITEM()
RATIONAL_B_SPLINE_CURVE((1.,0.880689222459872,1.))
REPRESENTATION_ITEM('')
);
#5072=(
BOUNDED_CURVE()
B_SPLINE_CURVE(1,(#10641,#10642),.UNSPECIFIED.,.F.,.F.)
B_SPLINE_CURVE_WITH_KNOTS((2,2),(-14.003829650284,0.),.UNSPECIFIED.)
CURVE()
GEOMETRIC_REPRESENTATION_ITEM()
RATIONAL_B_SPLINE_CURVE((1.,1.))
REPRESENTATION_ITEM('')
);
#5073=(
BOUNDED_CURVE()
B_SPLINE_CURVE(2,(#10643,#10644,#10645,#10646,#10647),.UNSPECIFIED.,.F.,
 .F.)
B_SPLINE_CURVE_WITH_KNOTS((3,2,3),(-16.2629016616424,-8.13145083082122,
0.),.UNSPECIFIED.)
CURVE()
GEOMETRIC_REPRESENTATION_ITEM()
RATIONAL_B_SPLINE_CURVE((1.,0.707106781186053,1.,0.707106781186053,1.))
REPRESENTATION_ITEM('')
);
#5074=(
BOUNDED_CURVE()
B_SPLINE_CURVE(1,(#10654,#10655),.UNSPECIFIED.,.F.,.F.)
B_SPLINE_CURVE_WITH_KNOTS((2,2),(0.,37.55901072952),.UNSPECIFIED.)
CURVE()
GEOMETRIC_REPRESENTATION_ITEM()
RATIONAL_B_SPLINE_CURVE((1.,1.))
REPRESENTATION_ITEM('')
);
#5075=(
BOUNDED_CURVE()
B_SPLINE_CURVE(1,(#10668,#10669),.UNSPECIFIED.,.F.,.F.)
B_SPLINE_CURVE_WITH_KNOTS((2,2),(0.,41.7465878604301),.UNSPECIFIED.)
CURVE()
GEOMETRIC_REPRESENTATION_ITEM()
RATIONAL_B_SPLINE_CURVE((1.,1.))
REPRESENTATION_ITEM('')
);
#5076=(
BOUNDED_CURVE()
B_SPLINE_CURVE(2,(#10670,#10671,#10672),.UNSPECIFIED.,.F.,.F.)
B_SPLINE_CURVE_WITH_KNOTS((3,3),(0.,8.00000000004229),.UNSPECIFIED.)
CURVE()
GEOMETRIC_REPRESENTATION_ITEM()
RATIONAL_B_SPLINE_CURVE((1.,0.70710678118285,1.))
REPRESENTATION_ITEM('')
);
#5077=(
BOUNDED_CURVE()
B_SPLINE_CURVE(2,(#10696,#10697,#10698,#10699,#10700,#10701,#10702),
 .UNSPECIFIED.,.F.,.F.)
B_SPLINE_CURVE_WITH_KNOTS((3,2,2,3),(-17.1575011624855,-9.05136058426768,
-4.51526808127373,0.),.UNSPECIFIED.)
CURVE()
GEOMETRIC_REPRESENTATION_ITEM()
RATIONAL_B_SPLINE_CURVE((1.,0.766933127964566,0.999999999999981,0.905639323581098,
1.,0.906366877919351,1.))
REPRESENTATION_ITEM('')
);
#5078=(
BOUNDED_CURVE()
B_SPLINE_CURVE(2,(#10717,#10718,#10719),.UNSPECIFIED.,.F.,.F.)
B_SPLINE_CURVE_WITH_KNOTS((3,3),(-5.45403316495925,0.),.UNSPECIFIED.)
CURVE()
GEOMETRIC_REPRESENTATION_ITEM()
RATIONAL_B_SPLINE_CURVE((1.,0.826251968691186,1.))
REPRESENTATION_ITEM('')
);
#5079=(
BOUNDED_CURVE()
B_SPLINE_CURVE(1,(#10720,#10721),.UNSPECIFIED.,.F.,.F.)
B_SPLINE_CURVE_WITH_KNOTS((2,2),(0.,6.8220076193511),.UNSPECIFIED.)
CURVE()
GEOMETRIC_REPRESENTATION_ITEM()
RATIONAL_B_SPLINE_CURVE((1.,1.))
REPRESENTATION_ITEM('')
);
#5080=(
BOUNDED_CURVE()
B_SPLINE_CURVE(2,(#10722,#10723,#10724),.UNSPECIFIED.,.F.,.F.)
B_SPLINE_CURVE_WITH_KNOTS((3,3),(0.,5.4540331649587),.UNSPECIFIED.)
CURVE()
GEOMETRIC_REPRESENTATION_ITEM()
RATIONAL_B_SPLINE_CURVE((1.,0.826251968691411,1.))
REPRESENTATION_ITEM('')
);
#5081=(
BOUNDED_CURVE()
B_SPLINE_CURVE(2,(#10734,#10735,#10736),.UNSPECIFIED.,.F.,.F.)
B_SPLINE_CURVE_WITH_KNOTS((3,3),(-5.45403316496245,0.),.UNSPECIFIED.)
CURVE()
GEOMETRIC_REPRESENTATION_ITEM()
RATIONAL_B_SPLINE_CURVE((1.,0.826251968692267,1.))
REPRESENTATION_ITEM('')
);
#5082=(
BOUNDED_CURVE()
B_SPLINE_CURVE(1,(#10737,#10738),.UNSPECIFIED.,.F.,.F.)
B_SPLINE_CURVE_WITH_KNOTS((2,2),(-6.8220076193511,0.),.UNSPECIFIED.)
CURVE()
GEOMETRIC_REPRESENTATION_ITEM()
RATIONAL_B_SPLINE_CURVE((1.,1.))
REPRESENTATION_ITEM('')
);
#5083=(
BOUNDED_CURVE()
B_SPLINE_CURVE(2,(#10739,#10740,#10741),.UNSPECIFIED.,.F.,.F.)
B_SPLINE_CURVE_WITH_KNOTS((3,3),(-5.45403316496232,0.),.UNSPECIFIED.)
CURVE()
GEOMETRIC_REPRESENTATION_ITEM()
RATIONAL_B_SPLINE_CURVE((1.,0.826251968692403,1.))
REPRESENTATION_ITEM('')
);
#5084=(
BOUNDED_CURVE()
B_SPLINE_CURVE(2,(#10788,#10789,#10790),.UNSPECIFIED.,.F.,.F.)
B_SPLINE_CURVE_WITH_KNOTS((3,3),(0.,3.6326493950033),.UNSPECIFIED.)
CURVE()
GEOMETRIC_REPRESENTATION_ITEM()
RATIONAL_B_SPLINE_CURVE((1.,0.988738157032851,1.))
REPRESENTATION_ITEM('')
);
#5085=(
BOUNDED_CURVE()
B_SPLINE_CURVE(2,(#10797,#10798,#10799),.UNSPECIFIED.,.F.,.F.)
B_SPLINE_CURVE_WITH_KNOTS((3,3),(0.,5.89660450255714),.UNSPECIFIED.)
CURVE()
GEOMETRIC_REPRESENTATION_ITEM()
RATIONAL_B_SPLINE_CURVE((1.,0.804966082789866,1.))
REPRESENTATION_ITEM('')
);
#5086=(
BOUNDED_CURVE()
B_SPLINE_CURVE(2,(#10806,#10807,#10808),.UNSPECIFIED.,.F.,.F.)
B_SPLINE_CURVE_WITH_KNOTS((3,3),(-5.8966045025605,0.),.UNSPECIFIED.)
CURVE()
GEOMETRIC_REPRESENTATION_ITEM()
RATIONAL_B_SPLINE_CURVE((1.,0.804966082789454,1.))
REPRESENTATION_ITEM('')
);
#5087=(
BOUNDED_CURVE()
B_SPLINE_CURVE(2,(#10815,#10816,#10817),.UNSPECIFIED.,.F.,.F.)
B_SPLINE_CURVE_WITH_KNOTS((3,3),(-3.63264939500056,0.),.UNSPECIFIED.)
CURVE()
GEOMETRIC_REPRESENTATION_ITEM()
RATIONAL_B_SPLINE_CURVE((1.,0.988738157033631,1.))
REPRESENTATION_ITEM('')
);
#5088=(
BOUNDED_CURVE()
B_SPLINE_CURVE(2,(#10822,#10823,#10824),.UNSPECIFIED.,.F.,.F.)
B_SPLINE_CURVE_WITH_KNOTS((3,3),(-5.45403316495832,0.),.UNSPECIFIED.)
CURVE()
GEOMETRIC_REPRESENTATION_ITEM()
RATIONAL_B_SPLINE_CURVE((1.,0.826251968691431,1.))
REPRESENTATION_ITEM('')
);
#5089=(
BOUNDED_CURVE()
B_SPLINE_CURVE(2,(#10833,#10834,#10835),.UNSPECIFIED.,.F.,.F.)
B_SPLINE_CURVE_WITH_KNOTS((3,3),(-5.45403316496245,0.),.UNSPECIFIED.)
CURVE()
GEOMETRIC_REPRESENTATION_ITEM()
RATIONAL_B_SPLINE_CURVE((1.,0.826251968692317,1.))
REPRESENTATION_ITEM('')
);
#5090=(
BOUNDED_CURVE()
B_SPLINE_CURVE(1,(#10838,#10839),.UNSPECIFIED.,.F.,.F.)
B_SPLINE_CURVE_WITH_KNOTS((2,2),(-3.17888481483897,0.),.UNSPECIFIED.)
CURVE()
GEOMETRIC_REPRESENTATION_ITEM()
RATIONAL_B_SPLINE_CURVE((1.,1.))
REPRESENTATION_ITEM('')
);
#5091=(
BOUNDED_CURVE()
B_SPLINE_CURVE(2,(#10840,#10841,#10842),.UNSPECIFIED.,.F.,.F.)
B_SPLINE_CURVE_WITH_KNOTS((3,3),(-4.37364686481948,0.),.UNSPECIFIED.)
CURVE()
GEOMETRIC_REPRESENTATION_ITEM()
RATIONAL_B_SPLINE_CURVE((1.,0.880689222460586,1.))
REPRESENTATION_ITEM('')
);
#5092=(
BOUNDED_CURVE()
B_SPLINE_CURVE(1,(#10843,#10844),.UNSPECIFIED.,.F.,.F.)
B_SPLINE_CURVE_WITH_KNOTS((2,2),(-3.17888481483794,0.),.UNSPECIFIED.)
CURVE()
GEOMETRIC_REPRESENTATION_ITEM()
RATIONAL_B_SPLINE_CURVE((1.,1.))
REPRESENTATION_ITEM('')
);
#5093=(
BOUNDED_CURVE()
B_SPLINE_CURVE(1,(#10845,#10846),.UNSPECIFIED.,.F.,.F.)
B_SPLINE_CURVE_WITH_KNOTS((2,2),(-3.17879729539106,0.),.UNSPECIFIED.)
CURVE()
GEOMETRIC_REPRESENTATION_ITEM()
RATIONAL_B_SPLINE_CURVE((1.,1.))
REPRESENTATION_ITEM('')
);
#5094=(
BOUNDED_CURVE()
B_SPLINE_CURVE(1,(#10847,#10848),.UNSPECIFIED.,.F.,.F.)
B_SPLINE_CURVE_WITH_KNOTS((2,2),(-3.17888481483806,0.),.UNSPECIFIED.)
CURVE()
GEOMETRIC_REPRESENTATION_ITEM()
RATIONAL_B_SPLINE_CURVE((1.,1.))
REPRESENTATION_ITEM('')
);
#5095=(
BOUNDED_CURVE()
B_SPLINE_CURVE(2,(#10849,#10850,#10851,#10852,#10853),.UNSPECIFIED.,.F.,
 .F.)
B_SPLINE_CURVE_WITH_KNOTS((3,2,3),(-9.99999999999955,-5.,0.),
 .UNSPECIFIED.)
CURVE()
GEOMETRIC_REPRESENTATION_ITEM()
RATIONAL_B_SPLINE_CURVE((1.,0.707106781186548,1.,0.707106781186548,1.))
REPRESENTATION_ITEM('')
);
#5096=(
BOUNDED_CURVE()
B_SPLINE_CURVE(1,(#10854,#10855),.UNSPECIFIED.,.F.,.F.)
B_SPLINE_CURVE_WITH_KNOTS((2,2),(-3.17879729539106,0.),.UNSPECIFIED.)
CURVE()
GEOMETRIC_REPRESENTATION_ITEM()
RATIONAL_B_SPLINE_CURVE((1.,1.))
REPRESENTATION_ITEM('')
);
#5097=(
BOUNDED_CURVE()
B_SPLINE_CURVE(1,(#10856,#10857),.UNSPECIFIED.,.F.,.F.)
B_SPLINE_CURVE_WITH_KNOTS((2,2),(-3.17888481483806,0.),.UNSPECIFIED.)
CURVE()
GEOMETRIC_REPRESENTATION_ITEM()
RATIONAL_B_SPLINE_CURVE((1.,1.))
REPRESENTATION_ITEM('')
);
#5098=(
BOUNDED_CURVE()
B_SPLINE_CURVE(2,(#10858,#10859,#10860,#10861,#10862),.UNSPECIFIED.,.F.,
 .F.)
B_SPLINE_CURVE_WITH_KNOTS((3,2,3),(-10.0000000000011,-5.00000000000023,
0.),.UNSPECIFIED.)
CURVE()
GEOMETRIC_REPRESENTATION_ITEM()
RATIONAL_B_SPLINE_CURVE((1.,0.707106781186515,1.,0.707106781186515,1.))
REPRESENTATION_ITEM('')
);
#5099=(
BOUNDED_CURVE()
B_SPLINE_CURVE(1,(#10863,#10864),.UNSPECIFIED.,.F.,.F.)
B_SPLINE_CURVE_WITH_KNOTS((2,2),(-3.17888481483897,0.),.UNSPECIFIED.)
CURVE()
GEOMETRIC_REPRESENTATION_ITEM()
RATIONAL_B_SPLINE_CURVE((1.,1.))
REPRESENTATION_ITEM('')
);
#5100=(
BOUNDED_CURVE()
B_SPLINE_CURVE(2,(#10865,#10866,#10867),.UNSPECIFIED.,.F.,.F.)
B_SPLINE_CURVE_WITH_KNOTS((3,3),(-4.37364686482176,0.),.UNSPECIFIED.)
CURVE()
GEOMETRIC_REPRESENTATION_ITEM()
RATIONAL_B_SPLINE_CURVE((1.,0.880689222460054,1.))
REPRESENTATION_ITEM('')
);
#5101=(
BOUNDED_CURVE()
B_SPLINE_CURVE(2,(#10868,#10869,#10870),.UNSPECIFIED.,.F.,.F.)
B_SPLINE_CURVE_WITH_KNOTS((3,3),(-4.37364686482108,0.),.UNSPECIFIED.)
CURVE()
GEOMETRIC_REPRESENTATION_ITEM()
RATIONAL_B_SPLINE_CURVE((1.,0.880689222460244,1.))
REPRESENTATION_ITEM('')
);
#5102=(
BOUNDED_CURVE()
B_SPLINE_CURVE(1,(#10884,#10885),.UNSPECIFIED.,.F.,.F.)
B_SPLINE_CURVE_WITH_KNOTS((2,2),(0.,1.18889022606606),.UNSPECIFIED.)
CURVE()
GEOMETRIC_REPRESENTATION_ITEM()
RATIONAL_B_SPLINE_CURVE((1.,1.))
REPRESENTATION_ITEM('')
);
#5103=(
BOUNDED_CURVE()
B_SPLINE_CURVE(2,(#10965,#10966,#10967,#10968,#10969),.UNSPECIFIED.,.F.,
 .F.)
B_SPLINE_CURVE_WITH_KNOTS((3,2,3),(-9.7188135496232,-4.85940677481162,0.),
 .UNSPECIFIED.)
CURVE()
GEOMETRIC_REPRESENTATION_ITEM()
RATIONAL_B_SPLINE_CURVE((1.,0.858398076329562,1.,0.858398076329562,1.))
REPRESENTATION_ITEM('')
);
#5104=(
BOUNDED_CURVE()
B_SPLINE_CURVE(2,(#10970,#10971,#10972,#10973,#10974),.UNSPECIFIED.,.F.,
 .F.)
B_SPLINE_CURVE_WITH_KNOTS((3,2,3),(-16.2629016616397,-8.13145083082031,
0.),.UNSPECIFIED.)
CURVE()
GEOMETRIC_REPRESENTATION_ITEM()
RATIONAL_B_SPLINE_CURVE((1.,0.707106781186548,1.,0.707106781186548,1.))
REPRESENTATION_ITEM('')
);
#5105=(
BOUNDED_CURVE()
B_SPLINE_CURVE(2,(#10975,#10976,#10977,#10978,#10979),.UNSPECIFIED.,.F.,
 .F.)
B_SPLINE_CURVE_WITH_KNOTS((3,2,3),(-9.99999999999955,-5.,0.),
 .UNSPECIFIED.)
CURVE()
GEOMETRIC_REPRESENTATION_ITEM()
RATIONAL_B_SPLINE_CURVE((1.,0.707106781186548,1.,0.707106781186548,1.))
REPRESENTATION_ITEM('')
);
#5106=(
BOUNDED_CURVE()
B_SPLINE_CURVE(2,(#10980,#10981,#10982,#10983,#10984),.UNSPECIFIED.,.F.,
 .F.)
B_SPLINE_CURVE_WITH_KNOTS((3,2,3),(-10.0000000000055,-5.00000000000296,
0.),.UNSPECIFIED.)
CURVE()
GEOMETRIC_REPRESENTATION_ITEM()
RATIONAL_B_SPLINE_CURVE((1.,0.707106781186355,1.,0.707106781186355,1.))
REPRESENTATION_ITEM('')
);
#5107=(
BOUNDED_CURVE()
B_SPLINE_CURVE(2,(#10985,#10986,#10987,#10988,#10989),.UNSPECIFIED.,.F.,
 .F.)
B_SPLINE_CURVE_WITH_KNOTS((3,2,3),(-16.2629016616397,-8.13145083081963,
0.),.UNSPECIFIED.)
CURVE()
GEOMETRIC_REPRESENTATION_ITEM()
RATIONAL_B_SPLINE_CURVE((1.,0.707106781186132,1.,0.707106781186132,1.))
REPRESENTATION_ITEM('')
);
#5108=(
BOUNDED_CURVE()
B_SPLINE_CURVE(2,(#10990,#10991,#10992,#10993,#10994),.UNSPECIFIED.,.F.,
 .F.)
B_SPLINE_CURVE_WITH_KNOTS((3,2,3),(-9.71881354961741,-4.8594067748087,0.),
 .UNSPECIFIED.)
CURVE()
GEOMETRIC_REPRESENTATION_ITEM()
RATIONAL_B_SPLINE_CURVE((1.,0.858398076329744,1.,0.858398076329744,1.))
REPRESENTATION_ITEM('')
);
#5109=(
BOUNDED_CURVE()
B_SPLINE_CURVE(2,(#10995,#10996,#10997,#10998,#10999),.UNSPECIFIED.,.F.,
 .F.)
B_SPLINE_CURVE_WITH_KNOTS((3,2,3),(-9.99999999999955,-4.99999999999977,
0.),.UNSPECIFIED.)
CURVE()
GEOMETRIC_REPRESENTATION_ITEM()
RATIONAL_B_SPLINE_CURVE((1.,0.70710678118658,1.,0.70710678118658,1.))
REPRESENTATION_ITEM('')
);
#5110=(
BOUNDED_CURVE()
B_SPLINE_CURVE(2,(#11000,#11001,#11002,#11003,#11004),.UNSPECIFIED.,.F.,
 .F.)
B_SPLINE_CURVE_WITH_KNOTS((3,2,3),(-10.,-5.00000000000023,0.),
 .UNSPECIFIED.)
CURVE()
GEOMETRIC_REPRESENTATION_ITEM()
RATIONAL_B_SPLINE_CURVE((1.,0.707106781186548,1.,0.707106781186548,1.))
REPRESENTATION_ITEM('')
);
#5111=(
BOUNDED_CURVE()
B_SPLINE_CURVE(2,(#11005,#11006,#11007,#11008,#11009),.UNSPECIFIED.,.F.,
 .F.)
B_SPLINE_CURVE_WITH_KNOTS((3,2,3),(0.,4.99999999999895,9.99999999999835),
 .UNSPECIFIED.)
CURVE()
GEOMETRIC_REPRESENTATION_ITEM()
RATIONAL_B_SPLINE_CURVE((1.,0.707106781240762,1.,0.707106781240762,1.))
REPRESENTATION_ITEM('')
);
#5112=VERTEX_POINT('',#7586);
#5113=VERTEX_POINT('',#7587);
#5114=VERTEX_POINT('',#7588);
#5115=VERTEX_POINT('',#7589);
#5116=VERTEX_POINT('',#7590);
#5117=VERTEX_POINT('',#7591);
#5118=VERTEX_POINT('',#7592);
#5119=VERTEX_POINT('',#7593);
#5120=VERTEX_POINT('',#7594);
#5121=VERTEX_POINT('',#7595);
#5122=VERTEX_POINT('',#7596);
#5123=VERTEX_POINT('',#7597);
#5124=VERTEX_POINT('',#7598);
#5125=VERTEX_POINT('',#7599);
#5126=VERTEX_POINT('',#7600);
#5127=VERTEX_POINT('',#7601);
#5128=VERTEX_POINT('',#7602);
#5129=VERTEX_POINT('',#7603);
#5130=VERTEX_POINT('',#7604);
#5131=VERTEX_POINT('',#7605);
#5132=VERTEX_POINT('',#7606);
#5133=VERTEX_POINT('',#7607);
#5134=VERTEX_POINT('',#7608);
#5135=VERTEX_POINT('',#7609);
#5136=VERTEX_POINT('',#7610);
#5137=VERTEX_POINT('',#7611);
#5138=VERTEX_POINT('',#7612);
#5139=VERTEX_POINT('',#7613);
#5140=VERTEX_POINT('',#7614);
#5141=VERTEX_POINT('',#7615);
#5142=VERTEX_POINT('',#7616);
#5143=VERTEX_POINT('',#7617);
#5144=VERTEX_POINT('',#7618);
#5145=VERTEX_POINT('',#7619);
#5146=VERTEX_POINT('',#7620);
#5147=VERTEX_POINT('',#7621);
#5148=VERTEX_POINT('',#7622);
#5149=VERTEX_POINT('',#7623);
#5150=VERTEX_POINT('',#7624);
#5151=VERTEX_POINT('',#7625);
#5152=VERTEX_POINT('',#7626);
#5153=VERTEX_POINT('',#7627);
#5154=VERTEX_POINT('',#7628);
#5155=VERTEX_POINT('',#7629);
#5156=VERTEX_POINT('',#7630);
#5157=VERTEX_POINT('',#7631);
#5158=VERTEX_POINT('',#7632);
#5159=VERTEX_POINT('',#7633);
#5160=VERTEX_POINT('',#7634);
#5161=VERTEX_POINT('',#7635);
#5162=VERTEX_POINT('',#7636);
#5163=VERTEX_POINT('',#7637);
#5164=VERTEX_POINT('',#7638);
#5165=VERTEX_POINT('',#7639);
#5166=VERTEX_POINT('',#7640);
#5167=VERTEX_POINT('',#7641);
#5168=VERTEX_POINT('',#7642);
#5169=VERTEX_POINT('',#7643);
#5170=VERTEX_POINT('',#7644);
#5171=VERTEX_POINT('',#7645);
#5172=VERTEX_POINT('',#7646);
#5173=VERTEX_POINT('',#7647);
#5174=VERTEX_POINT('',#7648);
#5175=VERTEX_POINT('',#7649);
#5176=VERTEX_POINT('',#7650);
#5177=VERTEX_POINT('',#7651);
#5178=VERTEX_POINT('',#7652);
#5179=VERTEX_POINT('',#7653);
#5180=VERTEX_POINT('',#7654);
#5181=VERTEX_POINT('',#7655);
#5182=VERTEX_POINT('',#7656);
#5183=VERTEX_POINT('',#7657);
#5184=VERTEX_POINT('',#7658);
#5185=VERTEX_POINT('',#7659);
#5186=VERTEX_POINT('',#7660);
#5187=VERTEX_POINT('',#7661);
#5188=VERTEX_POINT('',#7662);
#5189=VERTEX_POINT('',#7663);
#5190=VERTEX_POINT('',#7664);
#5191=VERTEX_POINT('',#7665);
#5192=VERTEX_POINT('',#7666);
#5193=VERTEX_POINT('',#7667);
#5194=VERTEX_POINT('',#7668);
#5195=VERTEX_POINT('',#7669);
#5196=VERTEX_POINT('',#7670);
#5197=VERTEX_POINT('',#7671);
#5198=VERTEX_POINT('',#7672);
#5199=VERTEX_POINT('',#7673);
#5200=VERTEX_POINT('',#7674);
#5201=VERTEX_POINT('',#7675);
#5202=VERTEX_POINT('',#7676);
#5203=VERTEX_POINT('',#7677);
#5204=VERTEX_POINT('',#7678);
#5205=VERTEX_POINT('',#7679);
#5206=VERTEX_POINT('',#7680);
#5207=VERTEX_POINT('',#7681);
#5208=VERTEX_POINT('',#7682);
#5209=VERTEX_POINT('',#7683);
#5210=VERTEX_POINT('',#7684);
#5211=VERTEX_POINT('',#7685);
#5212=VERTEX_POINT('',#7686);
#5213=VERTEX_POINT('',#7687);
#5214=VERTEX_POINT('',#7688);
#5215=VERTEX_POINT('',#7689);
#5216=VERTEX_POINT('',#7690);
#5217=VERTEX_POINT('',#7691);
#5218=VERTEX_POINT('',#7692);
#5219=VERTEX_POINT('',#7693);
#5220=VERTEX_POINT('',#7694);
#5221=VERTEX_POINT('',#7695);
#5222=VERTEX_POINT('',#7696);
#5223=VERTEX_POINT('',#7697);
#5224=VERTEX_POINT('',#7698);
#5225=VERTEX_POINT('',#7699);
#5226=VERTEX_POINT('',#7700);
#5227=VERTEX_POINT('',#7701);
#5228=VERTEX_POINT('',#7702);
#5229=VERTEX_POINT('',#7703);
#5230=VERTEX_POINT('',#7704);
#5231=VERTEX_POINT('',#7705);
#5232=VERTEX_POINT('',#7706);
#5233=VERTEX_POINT('',#7707);
#5234=VERTEX_POINT('',#7708);
#5235=VERTEX_POINT('',#7709);
#5236=VERTEX_POINT('',#7710);
#5237=VERTEX_POINT('',#7711);
#5238=VERTEX_POINT('',#7712);
#5239=VERTEX_POINT('',#7713);
#5240=VERTEX_POINT('',#7714);
#5241=VERTEX_POINT('',#7715);
#5242=VERTEX_POINT('',#7716);
#5243=VERTEX_POINT('',#7717);
#5244=VERTEX_POINT('',#7718);
#5245=VERTEX_POINT('',#7719);
#5246=VERTEX_POINT('',#7720);
#5247=VERTEX_POINT('',#7721);
#5248=VERTEX_POINT('',#7722);
#5249=VERTEX_POINT('',#7723);
#5250=VERTEX_POINT('',#7724);
#5251=VERTEX_POINT('',#7725);
#5252=VERTEX_POINT('',#7726);
#5253=VERTEX_POINT('',#7727);
#5254=VERTEX_POINT('',#7728);
#5255=VERTEX_POINT('',#7729);
#5256=VERTEX_POINT('',#7730);
#5257=VERTEX_POINT('',#7731);
#5258=VERTEX_POINT('',#7732);
#5259=VERTEX_POINT('',#7733);
#5260=VERTEX_POINT('',#7734);
#5261=VERTEX_POINT('',#7735);
#5262=VERTEX_POINT('',#7736);
#5263=VERTEX_POINT('',#7737);
#5264=VERTEX_POINT('',#7738);
#5265=VERTEX_POINT('',#7739);
#5266=VERTEX_POINT('',#7740);
#5267=VERTEX_POINT('',#7741);
#5268=VERTEX_POINT('',#7742);
#5269=VERTEX_POINT('',#7743);
#5270=VERTEX_POINT('',#7744);
#5271=VERTEX_POINT('',#7745);
#5272=VERTEX_POINT('',#7746);
#5273=VERTEX_POINT('',#7747);
#5274=VERTEX_POINT('',#7748);
#5275=VERTEX_POINT('',#7749);
#5276=VERTEX_POINT('',#7750);
#5277=VERTEX_POINT('',#7751);
#5278=VERTEX_POINT('',#7752);
#5279=VERTEX_POINT('',#7753);
#5280=VERTEX_POINT('',#7754);
#5281=VERTEX_POINT('',#7755);
#5282=VERTEX_POINT('',#7756);
#5283=VERTEX_POINT('',#7757);
#5284=VERTEX_POINT('',#7758);
#5285=VERTEX_POINT('',#7759);
#5286=VERTEX_POINT('',#7760);
#5287=VERTEX_POINT('',#7761);
#5288=VERTEX_POINT('',#7762);
#5289=VERTEX_POINT('',#7763);
#5290=VERTEX_POINT('',#7764);
#5291=VERTEX_POINT('',#7765);
#5292=VERTEX_POINT('',#7766);
#5293=VERTEX_POINT('',#7767);
#5294=VERTEX_POINT('',#7768);
#5295=VERTEX_POINT('',#7769);
#5296=VERTEX_POINT('',#7770);
#5297=VERTEX_POINT('',#7771);
#5298=VERTEX_POINT('',#7772);
#5299=VERTEX_POINT('',#7773);
#5300=VERTEX_POINT('',#7774);
#5301=VERTEX_POINT('',#7775);
#5302=VERTEX_POINT('',#7776);
#5303=VERTEX_POINT('',#7777);
#5304=VERTEX_POINT('',#7778);
#5305=VERTEX_POINT('',#7779);
#5306=VERTEX_POINT('',#7780);
#5307=VERTEX_POINT('',#7781);
#5308=VERTEX_POINT('',#7782);
#5309=VERTEX_POINT('',#7783);
#5310=VERTEX_POINT('',#7784);
#5311=VERTEX_POINT('',#7785);
#5312=VERTEX_POINT('',#7786);
#5313=VERTEX_POINT('',#7787);
#5314=VERTEX_POINT('',#7788);
#5315=VERTEX_POINT('',#7789);
#5316=VERTEX_POINT('',#7790);
#5317=VERTEX_POINT('',#7791);
#5318=VERTEX_POINT('',#7792);
#5319=VERTEX_POINT('',#7793);
#5320=VERTEX_POINT('',#7794);
#5321=VERTEX_POINT('',#7795);
#5322=VERTEX_POINT('',#7796);
#5323=VERTEX_POINT('',#7797);
#5324=VERTEX_POINT('',#7798);
#5325=VERTEX_POINT('',#7799);
#5326=VERTEX_POINT('',#7800);
#5327=VERTEX_POINT('',#7801);
#5328=VERTEX_POINT('',#7802);
#5329=VERTEX_POINT('',#7803);
#5330=VERTEX_POINT('',#7804);
#5331=VERTEX_POINT('',#7805);
#5332=VERTEX_POINT('',#7806);
#5333=VERTEX_POINT('',#7807);
#5334=VERTEX_POINT('',#7808);
#5335=VERTEX_POINT('',#7809);
#5336=VERTEX_POINT('',#7810);
#5337=VERTEX_POINT('',#7811);
#5338=VERTEX_POINT('',#7812);
#5339=VERTEX_POINT('',#7813);
#5340=VERTEX_POINT('',#7814);
#5341=VERTEX_POINT('',#7815);
#5342=VERTEX_POINT('',#7816);
#5343=VERTEX_POINT('',#7817);
#5344=VERTEX_POINT('',#7818);
#5345=VERTEX_POINT('',#7819);
#5346=VERTEX_POINT('',#7820);
#5347=VERTEX_POINT('',#7821);
#5348=VERTEX_POINT('',#7822);
#5349=VERTEX_POINT('',#7823);
#5350=VERTEX_POINT('',#7824);
#5351=VERTEX_POINT('',#7825);
#5352=VERTEX_POINT('',#7826);
#5353=VERTEX_POINT('',#7827);
#5354=VERTEX_POINT('',#7828);
#5355=VERTEX_POINT('',#7829);
#5356=VERTEX_POINT('',#7830);
#5357=VERTEX_POINT('',#7831);
#5358=VERTEX_POINT('',#7832);
#5359=VERTEX_POINT('',#7833);
#5360=VERTEX_POINT('',#7834);
#5361=VERTEX_POINT('',#7835);
#5362=VERTEX_POINT('',#7836);
#5363=VERTEX_POINT('',#7837);
#5364=VERTEX_POINT('',#7838);
#5365=VERTEX_POINT('',#7839);
#5366=VERTEX_POINT('',#7840);
#5367=VERTEX_POINT('',#7841);
#5368=VERTEX_POINT('',#7842);
#5369=VERTEX_POINT('',#7843);
#5370=VERTEX_POINT('',#7844);
#5371=VERTEX_POINT('',#7845);
#5372=VERTEX_POINT('',#7846);
#5373=VERTEX_POINT('',#7847);
#5374=VERTEX_POINT('',#7848);
#5375=VERTEX_POINT('',#7849);
#5376=VERTEX_POINT('',#7850);
#5377=VERTEX_POINT('',#7851);
#5378=VERTEX_POINT('',#7852);
#5379=VERTEX_POINT('',#7853);
#5380=VERTEX_POINT('',#7854);
#5381=VERTEX_POINT('',#7855);
#5382=VERTEX_POINT('',#7856);
#5383=VERTEX_POINT('',#7857);
#5384=VERTEX_POINT('',#7858);
#5385=VERTEX_POINT('',#7859);
#5386=VERTEX_POINT('',#7860);
#5387=VERTEX_POINT('',#7861);
#5388=VERTEX_POINT('',#7862);
#5389=VERTEX_POINT('',#7863);
#5390=VERTEX_POINT('',#7864);
#5391=VERTEX_POINT('',#7865);
#5392=VERTEX_POINT('',#7866);
#5393=VERTEX_POINT('',#7867);
#5394=VERTEX_POINT('',#7868);
#5395=VERTEX_POINT('',#7869);
#5396=VERTEX_POINT('',#7870);
#5397=VERTEX_POINT('',#7871);
#5398=VERTEX_POINT('',#7872);
#5399=VERTEX_POINT('',#7873);
#5400=VERTEX_POINT('',#7874);
#5401=VERTEX_POINT('',#7875);
#5402=VERTEX_POINT('',#7876);
#5403=VERTEX_POINT('',#7877);
#5404=VERTEX_POINT('',#7878);
#5405=VERTEX_POINT('',#7879);
#5406=VERTEX_POINT('',#7880);
#5407=VERTEX_POINT('',#7881);
#5408=VERTEX_POINT('',#7882);
#5409=VERTEX_POINT('',#7883);
#5410=VERTEX_POINT('',#7884);
#5411=VERTEX_POINT('',#7885);
#5412=VERTEX_POINT('',#7886);
#5413=VERTEX_POINT('',#7887);
#5414=VERTEX_POINT('',#7888);
#5415=VERTEX_POINT('',#7889);
#5416=VERTEX_POINT('',#7890);
#5417=VERTEX_POINT('',#7891);
#5418=VERTEX_POINT('',#7892);
#5419=VERTEX_POINT('',#7893);
#5420=VERTEX_POINT('',#7894);
#5421=VERTEX_POINT('',#7895);
#5422=VERTEX_POINT('',#7896);
#5423=VERTEX_POINT('',#7897);
#5424=VERTEX_POINT('',#7898);
#5425=VERTEX_POINT('',#7899);
#5426=VERTEX_POINT('',#7900);
#5427=VERTEX_POINT('',#7901);
#5428=VERTEX_POINT('',#7902);
#5429=VERTEX_POINT('',#7903);
#5430=VERTEX_POINT('',#7904);
#5431=VERTEX_POINT('',#7905);
#5432=VERTEX_POINT('',#7906);
#5433=VERTEX_POINT('',#7907);
#5434=VERTEX_POINT('',#7908);
#5435=VERTEX_POINT('',#7909);
#5436=VERTEX_POINT('',#7910);
#5437=VERTEX_POINT('',#7911);
#5438=VERTEX_POINT('',#7912);
#5439=VERTEX_POINT('',#7913);
#5440=VERTEX_POINT('',#7914);
#5441=VERTEX_POINT('',#7915);
#5442=VERTEX_POINT('',#7916);
#5443=VERTEX_POINT('',#7917);
#5444=VERTEX_POINT('',#7918);
#5445=VERTEX_POINT('',#7919);
#5446=VERTEX_POINT('',#7920);
#5447=VERTEX_POINT('',#7921);
#5448=VERTEX_POINT('',#7922);
#5449=VERTEX_POINT('',#7923);
#5450=VERTEX_POINT('',#7924);
#5451=VERTEX_POINT('',#7925);
#5452=VERTEX_POINT('',#7926);
#5453=VERTEX_POINT('',#7927);
#5454=VERTEX_POINT('',#7928);
#5455=VERTEX_POINT('',#7929);
#5456=VERTEX_POINT('',#7930);
#5457=VERTEX_POINT('',#7931);
#5458=VERTEX_POINT('',#7932);
#5459=VERTEX_POINT('',#7933);
#5460=VERTEX_POINT('',#7934);
#5461=VERTEX_POINT('',#7935);
#5462=VERTEX_POINT('',#7936);
#5463=VERTEX_POINT('',#7937);
#5464=VERTEX_POINT('',#7938);
#5465=VERTEX_POINT('',#7939);
#5466=VERTEX_POINT('',#7940);
#5467=VERTEX_POINT('',#7941);
#5468=VERTEX_POINT('',#7942);
#5469=VERTEX_POINT('',#7943);
#5470=VERTEX_POINT('',#7944);
#5471=VERTEX_POINT('',#7945);
#5472=VERTEX_POINT('',#7946);
#5473=VERTEX_POINT('',#7947);
#5474=VERTEX_POINT('',#7948);
#5475=VERTEX_POINT('',#7949);
#5476=VERTEX_POINT('',#7950);
#5477=VERTEX_POINT('',#7951);
#5478=VERTEX_POINT('',#7952);
#5479=VERTEX_POINT('',#7953);
#5480=VERTEX_POINT('',#7954);
#5481=VERTEX_POINT('',#7955);
#5482=VERTEX_POINT('',#7956);
#5483=VERTEX_POINT('',#7957);
#5484=VERTEX_POINT('',#7958);
#5485=VERTEX_POINT('',#7959);
#5486=VERTEX_POINT('',#7960);
#5487=VERTEX_POINT('',#7961);
#5488=VERTEX_POINT('',#7962);
#5489=VERTEX_POINT('',#7963);
#5490=VERTEX_POINT('',#7964);
#5491=VERTEX_POINT('',#7965);
#5492=VERTEX_POINT('',#7966);
#5493=VERTEX_POINT('',#7967);
#5494=VERTEX_POINT('',#7968);
#5495=VERTEX_POINT('',#7969);
#5496=VERTEX_POINT('',#7970);
#5497=VERTEX_POINT('',#7971);
#5498=VERTEX_POINT('',#7972);
#5499=VERTEX_POINT('',#7973);
#5500=VERTEX_POINT('',#7974);
#5501=VERTEX_POINT('',#7975);
#5502=VERTEX_POINT('',#7976);
#5503=VERTEX_POINT('',#7977);
#5504=VERTEX_POINT('',#7978);
#5505=VERTEX_POINT('',#7979);
#5506=VERTEX_POINT('',#7980);
#5507=VERTEX_POINT('',#7981);
#5508=VERTEX_POINT('',#7982);
#5509=VERTEX_POINT('',#7983);
#5510=VERTEX_POINT('',#7984);
#5511=VERTEX_POINT('',#7985);
#5512=VERTEX_POINT('',#7986);
#5513=VERTEX_POINT('',#7987);
#5514=VERTEX_POINT('',#7988);
#5515=VERTEX_POINT('',#7989);
#5516=VERTEX_POINT('',#7990);
#5517=VERTEX_POINT('',#7991);
#5518=VERTEX_POINT('',#7992);
#5519=VERTEX_POINT('',#7993);
#5520=VERTEX_POINT('',#7994);
#5521=VERTEX_POINT('',#7995);
#5522=VERTEX_POINT('',#7996);
#5523=VERTEX_POINT('',#7997);
#5524=VERTEX_POINT('',#7998);
#5525=VERTEX_POINT('',#7999);
#5526=VERTEX_POINT('',#8000);
#5527=VERTEX_POINT('',#8001);
#5528=VERTEX_POINT('',#8002);
#5529=VERTEX_POINT('',#8003);
#5530=VERTEX_POINT('',#8004);
#5531=VERTEX_POINT('',#8005);
#5532=VERTEX_POINT('',#8006);
#5533=VERTEX_POINT('',#8007);
#5534=VERTEX_POINT('',#8008);
#5535=VERTEX_POINT('',#8009);
#5536=VERTEX_POINT('',#8010);
#5537=VERTEX_POINT('',#8011);
#5538=VERTEX_POINT('',#8012);
#5539=VERTEX_POINT('',#8013);
#5540=VERTEX_POINT('',#8014);
#5541=VERTEX_POINT('',#8015);
#5542=VERTEX_POINT('',#8016);
#5543=VERTEX_POINT('',#8017);
#5544=VERTEX_POINT('',#8018);
#5545=VERTEX_POINT('',#8019);
#5546=VERTEX_POINT('',#8020);
#5547=VERTEX_POINT('',#8021);
#5548=VERTEX_POINT('',#8022);
#5549=VERTEX_POINT('',#8023);
#5550=VERTEX_POINT('',#8024);
#5551=VERTEX_POINT('',#8025);
#5552=VERTEX_POINT('',#8026);
#5553=VERTEX_POINT('',#8027);
#5554=VERTEX_POINT('',#8028);
#5555=VERTEX_POINT('',#8029);
#5556=VERTEX_POINT('',#8030);
#5557=VERTEX_POINT('',#8031);
#5558=VERTEX_POINT('',#8032);
#5559=VERTEX_POINT('',#8033);
#5560=VERTEX_POINT('',#8034);
#5561=VERTEX_POINT('',#8035);
#5562=VERTEX_POINT('',#8036);
#5563=VERTEX_POINT('',#8037);
#5564=VERTEX_POINT('',#8038);
#5565=VERTEX_POINT('',#8039);
#5566=VERTEX_POINT('',#8040);
#5567=VERTEX_POINT('',#8041);
#5568=VERTEX_POINT('',#8042);
#5569=VERTEX_POINT('',#8043);
#5570=VERTEX_POINT('',#8044);
#5571=VERTEX_POINT('',#8045);
#5572=VERTEX_POINT('',#8046);
#5573=VERTEX_POINT('',#8047);
#5574=VERTEX_POINT('',#8048);
#5575=VERTEX_POINT('',#8049);
#5576=VERTEX_POINT('',#8050);
#5577=VERTEX_POINT('',#8051);
#5578=VERTEX_POINT('',#8052);
#5579=VERTEX_POINT('',#8053);
#5580=VERTEX_POINT('',#8054);
#5581=VERTEX_POINT('',#8055);
#5582=VERTEX_POINT('',#8056);
#5583=VERTEX_POINT('',#8057);
#5584=VERTEX_POINT('',#8058);
#5585=VERTEX_POINT('',#8059);
#5586=VERTEX_POINT('',#8060);
#5587=VERTEX_POINT('',#8061);
#5588=VERTEX_POINT('',#8062);
#5589=VERTEX_POINT('',#8063);
#5590=VERTEX_POINT('',#8064);
#5591=VERTEX_POINT('',#8065);
#5592=VERTEX_POINT('',#8066);
#5593=VERTEX_POINT('',#8067);
#5594=VERTEX_POINT('',#8068);
#5595=VERTEX_POINT('',#8069);
#5596=VERTEX_POINT('',#8070);
#5597=VERTEX_POINT('',#8071);
#5598=VERTEX_POINT('',#8072);
#5599=VERTEX_POINT('',#8073);
#5600=VERTEX_POINT('',#8074);
#5601=VERTEX_POINT('',#8075);
#5602=VERTEX_POINT('',#8076);
#5603=VERTEX_POINT('',#8077);
#5604=VERTEX_POINT('',#8078);
#5605=VERTEX_POINT('',#8079);
#5606=VERTEX_POINT('',#8080);
#5607=VERTEX_POINT('',#8081);
#5608=VERTEX_POINT('',#8082);
#5609=VERTEX_POINT('',#8083);
#5610=VERTEX_POINT('',#8084);
#5611=VERTEX_POINT('',#8085);
#5612=VERTEX_POINT('',#8086);
#5613=VERTEX_POINT('',#8087);
#5614=VERTEX_POINT('',#8088);
#5615=VERTEX_POINT('',#8089);
#5616=VERTEX_POINT('',#8090);
#5617=VERTEX_POINT('',#8091);
#5618=VERTEX_POINT('',#8092);
#5619=VERTEX_POINT('',#8093);
#5620=VERTEX_POINT('',#8094);
#5621=VERTEX_POINT('',#8095);
#5622=VERTEX_POINT('',#8096);
#5623=VERTEX_POINT('',#8097);
#5624=VERTEX_POINT('',#8098);
#5625=VERTEX_POINT('',#8099);
#5626=VERTEX_POINT('',#8100);
#5627=VERTEX_POINT('',#8101);
#5628=VERTEX_POINT('',#8102);
#5629=VERTEX_POINT('',#8103);
#5630=VERTEX_POINT('',#8104);
#5631=VERTEX_POINT('',#8105);
#5632=VERTEX_POINT('',#8106);
#5633=VERTEX_POINT('',#8107);
#5634=VERTEX_POINT('',#8108);
#5635=VERTEX_POINT('',#8109);
#5636=VERTEX_POINT('',#8110);
#5637=VERTEX_POINT('',#8111);
#5638=VERTEX_POINT('',#8112);
#5639=VERTEX_POINT('',#8113);
#5640=VERTEX_POINT('',#8114);
#5641=VERTEX_POINT('',#8115);
#5642=VERTEX_POINT('',#8116);
#5643=VERTEX_POINT('',#8117);
#5644=VERTEX_POINT('',#8118);
#5645=VERTEX_POINT('',#8119);
#5646=VERTEX_POINT('',#8120);
#5647=VERTEX_POINT('',#8121);
#5648=VERTEX_POINT('',#8122);
#5649=VERTEX_POINT('',#8123);
#5650=VERTEX_POINT('',#8124);
#5651=VERTEX_POINT('',#8125);
#5652=VERTEX_POINT('',#8126);
#5653=VERTEX_POINT('',#8127);
#5654=VERTEX_POINT('',#8128);
#5655=VERTEX_POINT('',#8129);
#5656=VERTEX_POINT('',#8130);
#5657=VERTEX_POINT('',#8131);
#5658=VERTEX_POINT('',#8132);
#5659=VERTEX_POINT('',#8133);
#5660=VERTEX_POINT('',#8134);
#5661=VERTEX_POINT('',#8135);
#5662=VERTEX_POINT('',#8136);
#5663=VERTEX_POINT('',#8137);
#5664=VERTEX_POINT('',#8138);
#5665=VERTEX_POINT('',#8139);
#5666=VERTEX_POINT('',#8140);
#5667=VERTEX_POINT('',#8141);
#5668=VERTEX_POINT('',#8142);
#5669=VERTEX_POINT('',#8143);
#5670=VERTEX_POINT('',#8144);
#5671=VERTEX_POINT('',#8145);
#5672=VERTEX_POINT('',#8146);
#5673=VERTEX_POINT('',#8147);
#5674=VERTEX_POINT('',#8148);
#5675=VERTEX_POINT('',#8149);
#5676=VERTEX_POINT('',#8150);
#5677=VERTEX_POINT('',#8151);
#5678=VERTEX_POINT('',#8152);
#5679=VERTEX_POINT('',#8153);
#5680=VERTEX_POINT('',#8154);
#5681=VERTEX_POINT('',#8155);
#5682=VERTEX_POINT('',#8156);
#5683=VERTEX_POINT('',#8157);
#5684=VERTEX_POINT('',#8158);
#5685=VERTEX_POINT('',#8159);
#5686=VERTEX_POINT('',#8160);
#5687=VERTEX_POINT('',#8161);
#5688=VERTEX_POINT('',#8162);
#5689=VERTEX_POINT('',#8163);
#5690=VERTEX_POINT('',#8164);
#5691=VERTEX_POINT('',#8165);
#5692=VERTEX_POINT('',#8166);
#5693=VERTEX_POINT('',#8167);
#5694=VERTEX_POINT('',#8168);
#5695=VERTEX_POINT('',#8169);
#5696=VERTEX_POINT('',#8170);
#5697=VERTEX_POINT('',#8171);
#5698=VERTEX_POINT('',#8172);
#5699=VERTEX_POINT('',#8173);
#5700=VERTEX_POINT('',#8174);
#5701=VERTEX_POINT('',#8175);
#5702=VERTEX_POINT('',#8176);
#5703=VERTEX_POINT('',#8177);
#5704=VERTEX_POINT('',#8178);
#5705=VERTEX_POINT('',#8179);
#5706=VERTEX_POINT('',#8180);
#5707=VERTEX_POINT('',#8181);
#5708=VERTEX_POINT('',#8182);
#5709=VERTEX_POINT('',#8183);
#5710=VERTEX_POINT('',#8184);
#5711=VERTEX_POINT('',#8185);
#5712=VERTEX_POINT('',#8186);
#5713=VERTEX_POINT('',#8187);
#5714=VERTEX_POINT('',#8188);
#5715=VERTEX_POINT('',#8189);
#5716=VERTEX_POINT('',#8190);
#5717=VERTEX_POINT('',#8191);
#5718=VERTEX_POINT('',#8192);
#5719=VERTEX_POINT('',#8193);
#5720=VERTEX_POINT('',#8194);
#5721=VERTEX_POINT('',#8195);
#5722=VERTEX_POINT('',#8196);
#5723=CYLINDRICAL_SURFACE('',#6200,4.00000000000227);
#5724=CYLINDRICAL_SURFACE('',#6201,12.0000000000095);
#5725=CYLINDRICAL_SURFACE('',#6203,4.);
#5726=CYLINDRICAL_SURFACE('',#6206,1.25);
#5727=CYLINDRICAL_SURFACE('',#6208,1.25000000000045);
#5728=CYLINDRICAL_SURFACE('',#6211,1.25);
#5729=CYLINDRICAL_SURFACE('',#6213,1.25);
#5730=CYLINDRICAL_SURFACE('',#6216,1.25000000000045);
#5731=CYLINDRICAL_SURFACE('',#6218,1.25000000000045);
#5732=CYLINDRICAL_SURFACE('',#6222,1.25);
#5733=CYLINDRICAL_SURFACE('',#6224,1.24999999999909);
#5734=CYLINDRICAL_SURFACE('',#6227,1.25);
#5735=CYLINDRICAL_SURFACE('',#6229,1.25);
#5736=CYLINDRICAL_SURFACE('',#6234,2.49999999999932);
#5737=CYLINDRICAL_SURFACE('',#6235,2.49999999999955);
#5738=CYLINDRICAL_SURFACE('',#6236,2.5);
#5739=CYLINDRICAL_SURFACE('',#6237,2.5);
#5740=CYLINDRICAL_SURFACE('',#6239,12.0000000000123);
#5741=CYLINDRICAL_SURFACE('',#6240,4.);
#5742=CYLINDRICAL_SURFACE('',#6242,2.49999999999932);
#5743=CYLINDRICAL_SURFACE('',#6243,2.49999999999955);
#5744=CYLINDRICAL_SURFACE('',#6244,2.5);
#5745=CYLINDRICAL_SURFACE('',#6245,2.5);
#5746=CYLINDRICAL_SURFACE('',#6248,1.25000000000091);
#5747=CYLINDRICAL_SURFACE('',#6250,1.25);
#5748=CYLINDRICAL_SURFACE('',#6253,1.25);
#5749=CYLINDRICAL_SURFACE('',#6255,1.25000000000091);
#5750=CYLINDRICAL_SURFACE('',#6258,1.25);
#5751=CYLINDRICAL_SURFACE('',#6260,1.25000000000045);
#5752=CYLINDRICAL_SURFACE('',#6264,1.25);
#5753=CYLINDRICAL_SURFACE('',#6266,1.25000000000045);
#5754=CYLINDRICAL_SURFACE('',#6269,1.25);
#5755=CYLINDRICAL_SURFACE('',#6271,1.25);
#5756=CYLINDRICAL_SURFACE('',#6274,1.25);
#5757=CYLINDRICAL_SURFACE('',#6276,1.25);
#5758=CYLINDRICAL_SURFACE('',#6279,1.25);
#5759=CYLINDRICAL_SURFACE('',#6281,1.25);
#5760=CYLINDRICAL_SURFACE('',#6299,0.999999998124849);
#5761=CYLINDRICAL_SURFACE('',#6301,0.999999998125986);
#5762=CYLINDRICAL_SURFACE('',#6303,0.999999998125986);
#5763=CYLINDRICAL_SURFACE('',#6304,0.999999998125077);
#5764=CYLINDRICAL_SURFACE('',#6312,1.99999999624947);
#5765=CYLINDRICAL_SURFACE('',#6313,1.99999999624924);
#5766=CYLINDRICAL_SURFACE('',#6319,1.9999999962497);
#5767=CYLINDRICAL_SURFACE('',#6320,1.99999999624833);
#5768=CYLINDRICAL_SURFACE('',#6321,4.06572541540754);
#5769=CYLINDRICAL_SURFACE('',#6327,4.00000000000227);
#5770=CYLINDRICAL_SURFACE('',#6333,3.99999999999909);
#5771=CYLINDRICAL_SURFACE('',#6335,4.);
#5772=CYLINDRICAL_SURFACE('',#6342,12.000000000003);
#5773=CYLINDRICAL_SURFACE('',#6344,3.99999999999636);
#5774=CYLINDRICAL_SURFACE('',#6346,3.99999999999636);
#5775=CYLINDRICAL_SURFACE('',#6348,12.0000000002171);
#5776=CYLINDRICAL_SURFACE('',#6350,3.99999999999591);
#5777=CYLINDRICAL_SURFACE('',#6352,4.00000000000136);
#5778=CYLINDRICAL_SURFACE('',#6353,4.06572541540709);
#5779=CYLINDRICAL_SURFACE('',#6354,2.5);
#5780=CYLINDRICAL_SURFACE('',#6355,2.50000000000023);
#5781=CYLINDRICAL_SURFACE('',#6356,4.06572541540709);
#5782=CYLINDRICAL_SURFACE('',#6371,4.00000000000182);
#5783=CYLINDRICAL_SURFACE('',#6372,12.0000000000086);
#5784=CYLINDRICAL_SURFACE('',#6374,4.);
#5785=CYLINDRICAL_SURFACE('',#6377,1.25);
#5786=CYLINDRICAL_SURFACE('',#6379,1.25);
#5787=CYLINDRICAL_SURFACE('',#6382,1.25);
#5788=CYLINDRICAL_SURFACE('',#6384,1.24999999999955);
#5789=CYLINDRICAL_SURFACE('',#6387,1.25000000000091);
#5790=CYLINDRICAL_SURFACE('',#6389,1.24999999999909);
#5791=CYLINDRICAL_SURFACE('',#6393,1.24999999999955);
#5792=CYLINDRICAL_SURFACE('',#6395,1.25);
#5793=CYLINDRICAL_SURFACE('',#6398,1.24999999999909);
#5794=CYLINDRICAL_SURFACE('',#6400,1.25);
#5795=CYLINDRICAL_SURFACE('',#6405,2.5);
#5796=CYLINDRICAL_SURFACE('',#6406,2.50000000000045);
#5797=CYLINDRICAL_SURFACE('',#6407,2.50000000000068);
#5798=CYLINDRICAL_SURFACE('',#6408,2.50000000000045);
#5799=CYLINDRICAL_SURFACE('',#6410,12.0000000000123);
#5800=CYLINDRICAL_SURFACE('',#6411,4.);
#5801=CYLINDRICAL_SURFACE('',#6413,2.5);
#5802=CYLINDRICAL_SURFACE('',#6414,2.50000000000045);
#5803=CYLINDRICAL_SURFACE('',#6415,2.50000000000068);
#5804=CYLINDRICAL_SURFACE('',#6416,2.50000000000045);
#5805=CYLINDRICAL_SURFACE('',#6419,1.25);
#5806=CYLINDRICAL_SURFACE('',#6421,1.25000000000045);
#5807=CYLINDRICAL_SURFACE('',#6424,1.25);
#5808=CYLINDRICAL_SURFACE('',#6426,1.25000000000091);
#5809=CYLINDRICAL_SURFACE('',#6429,1.24999999999955);
#5810=CYLINDRICAL_SURFACE('',#6431,1.24999999999955);
#5811=CYLINDRICAL_SURFACE('',#6435,1.25000000000091);
#5812=CYLINDRICAL_SURFACE('',#6437,1.25000000000091);
#5813=CYLINDRICAL_SURFACE('',#6440,1.24999999999909);
#5814=CYLINDRICAL_SURFACE('',#6442,1.25000000000045);
#5815=CYLINDRICAL_SURFACE('',#6445,1.24999999999909);
#5816=CYLINDRICAL_SURFACE('',#6447,1.25000000000045);
#5817=CYLINDRICAL_SURFACE('',#6450,1.24999999999955);
#5818=CYLINDRICAL_SURFACE('',#6452,1.24999999999955);
#5819=CYLINDRICAL_SURFACE('',#6470,0.999999998124849);
#5820=CYLINDRICAL_SURFACE('',#6472,0.999999998125077);
#5821=CYLINDRICAL_SURFACE('',#6474,0.999999998125986);
#5822=CYLINDRICAL_SURFACE('',#6475,0.999999998125759);
#5823=CYLINDRICAL_SURFACE('',#6483,1.99999999624924);
#5824=CYLINDRICAL_SURFACE('',#6484,1.99999999624879);
#5825=CYLINDRICAL_SURFACE('',#6490,1.99999999624924);
#5826=CYLINDRICAL_SURFACE('',#6491,1.99999999624833);
#5827=CYLINDRICAL_SURFACE('',#6492,4.06572541540709);
#5828=CYLINDRICAL_SURFACE('',#6498,4.00000000000182);
#5829=CYLINDRICAL_SURFACE('',#6504,4.00000000000091);
#5830=CYLINDRICAL_SURFACE('',#6506,4.00000000000023);
#5831=CYLINDRICAL_SURFACE('',#6513,12.0000000000091);
#5832=CYLINDRICAL_SURFACE('',#6515,4.00000000000182);
#5833=CYLINDRICAL_SURFACE('',#6517,3.99999999999955);
#5834=CYLINDRICAL_SURFACE('',#6519,12.000000000226);
#5835=CYLINDRICAL_SURFACE('',#6521,3.99999999999591);
#5836=CYLINDRICAL_SURFACE('',#6523,3.99999999999886);
#5837=CYLINDRICAL_SURFACE('',#6524,4.06572541540709);
#5838=CYLINDRICAL_SURFACE('',#6525,2.50000000000045);
#5839=CYLINDRICAL_SURFACE('',#6526,2.49999999999955);
#5840=CYLINDRICAL_SURFACE('',#6527,4.06572541540709);
#5841=CYLINDRICAL_SURFACE('',#6542,4.06572541540754);
#5842=CYLINDRICAL_SURFACE('',#6543,2.5);
#5843=CYLINDRICAL_SURFACE('',#6544,2.50000000000023);
#5844=CYLINDRICAL_SURFACE('',#6545,4.06572541540731);
#5845=CYLINDRICAL_SURFACE('',#6546,2.50000000000023);
#5846=CYLINDRICAL_SURFACE('',#6547,2.50000000000045);
#5847=PLANE('',#6193);
#5848=PLANE('',#6194);
#5849=PLANE('',#6195);
#5850=PLANE('',#6196);
#5851=PLANE('',#6197);
#5852=PLANE('',#6198);
#5853=PLANE('',#6199);
#5854=PLANE('',#6202);
#5855=PLANE('',#6204);
#5856=PLANE('',#6205);
#5857=PLANE('',#6207);
#5858=PLANE('',#6209);
#5859=PLANE('',#6210);
#5860=PLANE('',#6212);
#5861=PLANE('',#6214);
#5862=PLANE('',#6215);
#5863=PLANE('',#6217);
#5864=PLANE('',#6219);
#5865=PLANE('',#6220);
#5866=PLANE('',#6221);
#5867=PLANE('',#6223);
#5868=PLANE('',#6225);
#5869=PLANE('',#6226);
#5870=PLANE('',#6228);
#5871=PLANE('',#6230);
#5872=PLANE('',#6231);
#5873=PLANE('',#6232);
#5874=PLANE('',#6233);
#5875=PLANE('',#6238);
#5876=PLANE('',#6241);
#5877=PLANE('',#6246);
#5878=PLANE('',#6247);
#5879=PLANE('',#6249);
#5880=PLANE('',#6251);
#5881=PLANE('',#6252);
#5882=PLANE('',#6254);
#5883=PLANE('',#6256);
#5884=PLANE('',#6257);
#5885=PLANE('',#6259);
#5886=PLANE('',#6261);
#5887=PLANE('',#6262);
#5888=PLANE('',#6263);
#5889=PLANE('',#6265);
#5890=PLANE('',#6267);
#5891=PLANE('',#6268);
#5892=PLANE('',#6270);
#5893=PLANE('',#6272);
#5894=PLANE('',#6273);
#5895=PLANE('',#6275);
#5896=PLANE('',#6277);
#5897=PLANE('',#6278);
#5898=PLANE('',#6280);
#5899=PLANE('',#6282);
#5900=PLANE('',#6283);
#5901=PLANE('',#6284);
#5902=PLANE('',#6285);
#5903=PLANE('',#6286);
#5904=PLANE('',#6287);
#5905=PLANE('',#6288);
#5906=PLANE('',#6289);
#5907=PLANE('',#6290);
#5908=PLANE('',#6291);
#5909=PLANE('',#6292);
#5910=PLANE('',#6293);
#5911=PLANE('',#6294);
#5912=PLANE('',#6295);
#5913=PLANE('',#6296);
#5914=PLANE('',#6297);
#5915=PLANE('',#6298);
#5916=PLANE('',#6300);
#5917=PLANE('',#6302);
#5918=PLANE('',#6305);
#5919=PLANE('',#6306);
#5920=PLANE('',#6307);
#5921=PLANE('',#6308);
#5922=PLANE('',#6309);
#5923=PLANE('',#6310);
#5924=PLANE('',#6311);
#5925=PLANE('',#6314);
#5926=PLANE('',#6315);
#5927=PLANE('',#6316);
#5928=PLANE('',#6317);
#5929=PLANE('',#6318);
#5930=PLANE('',#6322);
#5931=PLANE('',#6323);
#5932=PLANE('',#6324);
#5933=PLANE('',#6325);
#5934=PLANE('',#6326);
#5935=PLANE('',#6328);
#5936=PLANE('',#6329);
#5937=PLANE('',#6330);
#5938=PLANE('',#6331);
#5939=PLANE('',#6332);
#5940=PLANE('',#6334);
#5941=PLANE('',#6336);
#5942=PLANE('',#6337);
#5943=PLANE('',#6338);
#5944=PLANE('',#6339);
#5945=PLANE('',#6340);
#5946=PLANE('',#6341);
#5947=PLANE('',#6343);
#5948=PLANE('',#6345);
#5949=PLANE('',#6347);
#5950=PLANE('',#6349);
#5951=PLANE('',#6351);
#5952=PLANE('',#6357);
#5953=PLANE('',#6358);
#5954=PLANE('',#6359);
#5955=PLANE('',#6360);
#5956=PLANE('',#6361);
#5957=PLANE('',#6362);
#5958=PLANE('',#6363);
#5959=PLANE('',#6364);
#5960=PLANE('',#6365);
#5961=PLANE('',#6366);
#5962=PLANE('',#6367);
#5963=PLANE('',#6368);
#5964=PLANE('',#6369);
#5965=PLANE('',#6370);
#5966=PLANE('',#6373);
#5967=PLANE('',#6375);
#5968=PLANE('',#6376);
#5969=PLANE('',#6378);
#5970=PLANE('',#6380);
#5971=PLANE('',#6381);
#5972=PLANE('',#6383);
#5973=PLANE('',#6385);
#5974=PLANE('',#6386);
#5975=PLANE('',#6388);
#5976=PLANE('',#6390);
#5977=PLANE('',#6391);
#5978=PLANE('',#6392);
#5979=PLANE('',#6394);
#5980=PLANE('',#6396);
#5981=PLANE('',#6397);
#5982=PLANE('',#6399);
#5983=PLANE('',#6401);
#5984=PLANE('',#6402);
#5985=PLANE('',#6403);
#5986=PLANE('',#6404);
#5987=PLANE('',#6409);
#5988=PLANE('',#6412);
#5989=PLANE('',#6417);
#5990=PLANE('',#6418);
#5991=PLANE('',#6420);
#5992=PLANE('',#6422);
#5993=PLANE('',#6423);
#5994=PLANE('',#6425);
#5995=PLANE('',#6427);
#5996=PLANE('',#6428);
#5997=PLANE('',#6430);
#5998=PLANE('',#6432);
#5999=PLANE('',#6433);
#6000=PLANE('',#6434);
#6001=PLANE('',#6436);
#6002=PLANE('',#6438);
#6003=PLANE('',#6439);
#6004=PLANE('',#6441);
#6005=PLANE('',#6443);
#6006=PLANE('',#6444);
#6007=PLANE('',#6446);
#6008=PLANE('',#6448);
#6009=PLANE('',#6449);
#6010=PLANE('',#6451);
#6011=PLANE('',#6453);
#6012=PLANE('',#6454);
#6013=PLANE('',#6455);
#6014=PLANE('',#6456);
#6015=PLANE('',#6457);
#6016=PLANE('',#6458);
#6017=PLANE('',#6459);
#6018=PLANE('',#6460);
#6019=PLANE('',#6461);
#6020=PLANE('',#6462);
#6021=PLANE('',#6463);
#6022=PLANE('',#6464);
#6023=PLANE('',#6465);
#6024=PLANE('',#6466);
#6025=PLANE('',#6467);
#6026=PLANE('',#6468);
#6027=PLANE('',#6469);
#6028=PLANE('',#6471);
#6029=PLANE('',#6473);
#6030=PLANE('',#6476);
#6031=PLANE('',#6477);
#6032=PLANE('',#6478);
#6033=PLANE('',#6479);
#6034=PLANE('',#6480);
#6035=PLANE('',#6481);
#6036=PLANE('',#6482);
#6037=PLANE('',#6485);
#6038=PLANE('',#6486);
#6039=PLANE('',#6487);
#6040=PLANE('',#6488);
#6041=PLANE('',#6489);
#6042=PLANE('',#6493);
#6043=PLANE('',#6494);
#6044=PLANE('',#6495);
#6045=PLANE('',#6496);
#6046=PLANE('',#6497);
#6047=PLANE('',#6499);
#6048=PLANE('',#6500);
#6049=PLANE('',#6501);
#6050=PLANE('',#6502);
#6051=PLANE('',#6503);
#6052=PLANE('',#6505);
#6053=PLANE('',#6507);
#6054=PLANE('',#6508);
#6055=PLANE('',#6509);
#6056=PLANE('',#6510);
#6057=PLANE('',#6511);
#6058=PLANE('',#6512);
#6059=PLANE('',#6514);
#6060=PLANE('',#6516);
#6061=PLANE('',#6518);
#6062=PLANE('',#6520);
#6063=PLANE('',#6522);
#6064=PLANE('',#6528);
#6065=PLANE('',#6529);
#6066=PLANE('',#6530);
#6067=PLANE('',#6531);
#6068=PLANE('',#6532);
#6069=PLANE('',#6533);
#6070=PLANE('',#6534);
#6071=PLANE('',#6535);
#6072=PLANE('',#6536);
#6073=PLANE('',#6537);
#6074=PLANE('',#6538);
#6075=PLANE('',#6539);
#6076=PLANE('',#6540);
#6077=PLANE('',#6541);
#6078=PLANE('',#6548);
#6079=PLANE('',#6549);
#6080=PLANE('',#6550);
#6081=PLANE('',#6551);
#6082=PLANE('',#6552);
#6083=PLANE('',#6553);
#6084=B_SPLINE_SURFACE_WITH_KNOTS('',3,1,((#6961,#6962),(#6963,#6964),(#6965,
#6966),(#6967,#6968),(#6969,#6970),(#6971,#6972),(#6973,#6974),(#6975,#6976),
(#6977,#6978),(#6979,#6980),(#6981,#6982),(#6983,#6984),(#6985,#6986),(#6987,
#6988),(#6989,#6990),(#6991,#6992)),.UNSPECIFIED.,.F.,.F.,.F.,(4,3,3,3,
3,4),(2,2),(89.792966649589,91.5721732454544,97.9983800980328,101.673271168041,
101.680829028466,111.644245254229),(-1.23299774168473E-7,13.2731475000867),
 .UNSPECIFIED.);
#6085=B_SPLINE_SURFACE_WITH_KNOTS('',1,1,((#6993,#6994),(#6995,#6996)),
 .UNSPECIFIED.,.F.,.F.,.F.,(2,2),(2,2),(0.,6.53172235248348),(-43.8582525350153,
0.),.UNSPECIFIED.);
#6086=B_SPLINE_SURFACE_WITH_KNOTS('',1,3,((#7025,#7026,#7027,#7028,#7029,
#7030,#7031,#7032,#7033,#7034,#7035,#7036,#7037,#7038,#7039,#7040,#7041,
#7042,#7043),(#7044,#7045,#7046,#7047,#7048,#7049,#7050,#7051,#7052,#7053,
#7054,#7055,#7056,#7057,#7058,#7059,#7060,#7061,#7062)),.UNSPECIFIED.,.F.,
 .F.,.F.,(2,2),(4,3,3,3,3,3,4),(0.,726.330523791265),(-110.068182252157,
-71.0878231182306,-67.4216770926847,-55.0340911260783,-42.6465051594719,
-38.980359133926,0.),.UNSPECIFIED.);
#6087=B_SPLINE_SURFACE_WITH_KNOTS('',1,3,((#7103,#7104,#7105,#7106,#7107,
#7108,#7109,#7110,#7111,#7112,#7113,#7114,#7115,#7116,#7117,#7118),(#7119,
#7120,#7121,#7122,#7123,#7124,#7125,#7126,#7127,#7128,#7129,#7130,#7131,
#7132,#7133,#7134)),.UNSPECIFIED.,.F.,.F.,.F.,(2,2),(4,3,3,3,3,4),(-1.23299971677149E-7,
13.2731475000867),(89.7929666495901,91.5721732454544,97.9983800980328,101.673271168041,
101.680829028466,111.644245254228),.UNSPECIFIED.);
#6088=B_SPLINE_SURFACE_WITH_KNOTS('',1,1,((#7135,#7136),(#7137,#7138)),
 .UNSPECIFIED.,.F.,.F.,.F.,(2,2),(2,2),(-43.8582525350153,0.),(0.,6.53172235248348),
 .UNSPECIFIED.);
#6089=B_SPLINE_SURFACE_WITH_KNOTS('',3,1,((#7167,#7168),(#7169,#7170),(#7171,
#7172),(#7173,#7174),(#7175,#7176),(#7177,#7178),(#7179,#7180),(#7181,#7182),
(#7183,#7184),(#7185,#7186),(#7187,#7188),(#7189,#7190),(#7191,#7192),(#7193,
#7194),(#7195,#7196),(#7197,#7198),(#7199,#7200),(#7201,#7202),(#7203,#7204)),
 .UNSPECIFIED.,.F.,.F.,.F.,(4,3,3,3,3,3,4),(2,2),(-110.068182252157,-71.0878231182306,
-67.4216770926847,-55.0340911260783,-42.6465051594719,-38.980359133926,
0.),(0.,726.330523791265),.UNSPECIFIED.);
#6090=B_SPLINE_SURFACE_WITH_KNOTS('',1,1,((#7212,#7213),(#7214,#7215)),
 .UNSPECIFIED.,.F.,.F.,.F.,(2,2),(2,2),(0.,1288.49052730001),(7.,8.21237421729086),
 .UNSPECIFIED.);
#6091=B_SPLINE_SURFACE_WITH_KNOTS('',1,1,((#7216,#7217),(#7218,#7219)),
 .UNSPECIFIED.,.F.,.F.,.F.,(2,2),(2,2),(0.,1288.49052730001),(8.21237421729086,
15.2123742172909),.UNSPECIFIED.);
#6092=B_SPLINE_SURFACE_WITH_KNOTS('',1,1,((#7220,#7221),(#7222,#7223)),
 .UNSPECIFIED.,.F.,.F.,.F.,(2,2),(2,2),(0.,1288.49052730001),(15.2123742172909,
16.4247484345817),.UNSPECIFIED.);
#6093=B_SPLINE_SURFACE_WITH_KNOTS('',1,1,((#7578,#7579),(#7580,#7581)),
 .UNSPECIFIED.,.F.,.F.,.F.,(2,2),(2,2),(0.,1288.49052730001),(7.,8.21237421729086),
 .UNSPECIFIED.);
#6094=B_SPLINE_SURFACE_WITH_KNOTS('',1,1,((#7582,#7583),(#7584,#7585)),
 .UNSPECIFIED.,.F.,.F.,.F.,(2,2),(2,2),(0.,1288.49052730001),(15.2123742172909,
16.4247484345817),.UNSPECIFIED.);
#6095=(
BOUNDED_SURFACE()
B_SPLINE_SURFACE(2,1,((#6921,#6922),(#6923,#6924),(#6925,#6926),(#6927,
#6928),(#6929,#6930)),.UNSPECIFIED.,.F.,.F.,.F.)
B_SPLINE_SURFACE_WITH_KNOTS((3,2,3),(2,2),(0.,7.60871259387032,15.2174251877406),
(0.,3.8070546452177),.UNSPECIFIED.)
GEOMETRIC_REPRESENTATION_ITEM()
RATIONAL_B_SPLINE_SURFACE(((1.,1.),(0.707106781186548,0.707106781186548),
(1.,1.),(0.707106781186548,0.707106781186548),(1.,1.)))
REPRESENTATION_ITEM('')
SURFACE()
);
#6096=(
BOUNDED_SURFACE()
B_SPLINE_SURFACE(1,2,((#6931,#6932,#6933,#6934,#6935),(#6936,#6937,#6938,
#6939,#6940)),.UNSPECIFIED.,.F.,.F.,.F.)
B_SPLINE_SURFACE_WITH_KNOTS((2,2),(3,2,3),(0.,3.8070546452177),(0.,7.60871259387032,
15.2174251877406),.UNSPECIFIED.)
GEOMETRIC_REPRESENTATION_ITEM()
RATIONAL_B_SPLINE_SURFACE(((1.,0.707106781186548,1.,0.707106781186548,1.),
(1.,0.707106781186548,1.,0.707106781186548,1.)))
REPRESENTATION_ITEM('')
SURFACE()
);
#6097=(
BOUNDED_SURFACE()
B_SPLINE_SURFACE(2,1,((#6941,#6942),(#6943,#6944),(#6945,#6946),(#6947,
#6948),(#6949,#6950)),.UNSPECIFIED.,.F.,.F.,.F.)
B_SPLINE_SURFACE_WITH_KNOTS((3,2,3),(2,2),(15.2174251877406,22.826137781611,
30.4348503754813),(-1.05249142734465E-13,3.807054645218),.UNSPECIFIED.)
GEOMETRIC_REPRESENTATION_ITEM()
RATIONAL_B_SPLINE_SURFACE(((1.,1.),(0.707106781186548,0.707106781186548),
(1.,1.),(0.707106781186548,0.707106781186548),(1.,1.)))
REPRESENTATION_ITEM('')
SURFACE()
);
#6098=(
BOUNDED_SURFACE()
B_SPLINE_SURFACE(1,2,((#6951,#6952,#6953,#6954,#6955),(#6956,#6957,#6958,
#6959,#6960)),.UNSPECIFIED.,.F.,.F.,.F.)
B_SPLINE_SURFACE_WITH_KNOTS((2,2),(3,2,3),(0.,3.8070546452177),(15.2174251877406,
22.826137781611,30.4348503754813),.UNSPECIFIED.)
GEOMETRIC_REPRESENTATION_ITEM()
RATIONAL_B_SPLINE_SURFACE(((1.,0.707106781186548,1.,0.707106781186548,1.),
(1.,0.707106781186548,1.,0.707106781186548,1.)))
REPRESENTATION_ITEM('')
SURFACE()
);
#6099=(
BOUNDED_SURFACE()
B_SPLINE_SURFACE(3,2,((#6997,#6998,#6999,#7000,#7001,#7002,#7003),(#7004,
#7005,#7006,#7007,#7008,#7009,#7010),(#7011,#7012,#7013,#7014,#7015,#7016,
#7017),(#7018,#7019,#7020,#7021,#7022,#7023,#7024)),.UNSPECIFIED.,.F.,.F.,
 .F.)
B_SPLINE_SURFACE_WITH_KNOTS((4,4),(3,2,2,3),(0.,19.9999999998804),(0.,18.6881309172231,
24.9714662483921,27.7940776157946),.UNSPECIFIED.)
GEOMETRIC_REPRESENTATION_ITEM()
RATIONAL_B_SPLINE_SURFACE(((1.,1.,1.,0.707106781182387,1.,1.,1.),(1.,1.,
1.,0.707106781182387,1.,1.,1.),(1.,1.,1.,0.707106781182387,1.,1.,1.),(1.,
1.,1.,0.707106781182387,1.,1.,1.)))
REPRESENTATION_ITEM('')
SURFACE()
);
#6100=(
BOUNDED_SURFACE()
B_SPLINE_SURFACE(1,2,((#7063,#7064,#7065,#7066,#7067),(#7068,#7069,#7070,
#7071,#7072)),.UNSPECIFIED.,.F.,.F.,.F.)
B_SPLINE_SURFACE_WITH_KNOTS((2,2),(3,2,3),(0.,3.8070546452177),(0.,7.60871259387032,
15.2174251877406),.UNSPECIFIED.)
GEOMETRIC_REPRESENTATION_ITEM()
RATIONAL_B_SPLINE_SURFACE(((1.,0.707106781186548,1.,0.707106781186548,1.),
(1.,0.707106781186548,1.,0.707106781186548,1.)))
REPRESENTATION_ITEM('')
SURFACE()
);
#6101=(
BOUNDED_SURFACE()
B_SPLINE_SURFACE(2,1,((#7073,#7074),(#7075,#7076),(#7077,#7078),(#7079,
#7080),(#7081,#7082)),.UNSPECIFIED.,.F.,.F.,.F.)
B_SPLINE_SURFACE_WITH_KNOTS((3,2,3),(2,2),(0.,7.60871259387032,15.2174251877406),
(0.,3.8070546452177),.UNSPECIFIED.)
GEOMETRIC_REPRESENTATION_ITEM()
RATIONAL_B_SPLINE_SURFACE(((1.,1.),(0.707106781186548,0.707106781186548),
(1.,1.),(0.707106781186548,0.707106781186548),(1.,1.)))
REPRESENTATION_ITEM('')
SURFACE()
);
#6102=(
BOUNDED_SURFACE()
B_SPLINE_SURFACE(1,2,((#7083,#7084,#7085,#7086,#7087),(#7088,#7089,#7090,
#7091,#7092)),.UNSPECIFIED.,.F.,.F.,.F.)
B_SPLINE_SURFACE_WITH_KNOTS((2,2),(3,2,3),(-1.05249142734465E-13,3.807054645218),
(15.2174251877406,22.826137781611,30.4348503754813),.UNSPECIFIED.)
GEOMETRIC_REPRESENTATION_ITEM()
RATIONAL_B_SPLINE_SURFACE(((1.,0.707106781186548,1.,0.707106781186548,1.),
(1.,0.707106781186548,1.,0.707106781186548,1.)))
REPRESENTATION_ITEM('')
SURFACE()
);
#6103=(
BOUNDED_SURFACE()
B_SPLINE_SURFACE(2,1,((#7093,#7094),(#7095,#7096),(#7097,#7098),(#7099,
#7100),(#7101,#7102)),.UNSPECIFIED.,.F.,.F.,.F.)
B_SPLINE_SURFACE_WITH_KNOTS((3,2,3),(2,2),(15.2174251877406,22.826137781611,
30.4348503754813),(0.,3.8070546452177),.UNSPECIFIED.)
GEOMETRIC_REPRESENTATION_ITEM()
RATIONAL_B_SPLINE_SURFACE(((1.,1.),(0.707106781186548,0.707106781186548),
(1.,1.),(0.707106781186548,0.707106781186548),(1.,1.)))
REPRESENTATION_ITEM('')
SURFACE()
);
#6104=(
BOUNDED_SURFACE()
B_SPLINE_SURFACE(2,3,((#7139,#7140,#7141,#7142),(#7143,#7144,#7145,#7146),
(#7147,#7148,#7149,#7150),(#7151,#7152,#7153,#7154),(#7155,#7156,#7157,
#7158),(#7159,#7160,#7161,#7162),(#7163,#7164,#7165,#7166)),
 .UNSPECIFIED.,.F.,.F.,.F.)
B_SPLINE_SURFACE_WITH_KNOTS((3,2,2,3),(4,4),(0.,18.6881309172231,24.9714662483921,
27.7940776157946),(0.,19.9999999998804),.UNSPECIFIED.)
GEOMETRIC_REPRESENTATION_ITEM()
RATIONAL_B_SPLINE_SURFACE(((1.,1.,1.,1.),(1.,1.,1.,1.),(1.,1.,1.,1.),(0.707106781182387,
0.707106781182387,0.707106781182387,0.707106781182387),(1.,1.,1.,1.),(1.,
1.,1.,1.),(1.,1.,1.,1.)))
REPRESENTATION_ITEM('')
SURFACE()
);
#6105=SHAPE_DEFINITION_REPRESENTATION(#6106,#6191);
#6106=PRODUCT_DEFINITION_SHAPE('Document','',#6108);
#6107=PRODUCT_DEFINITION_CONTEXT('3D Mechanical Parts',#6180,'design');
#6108=PRODUCT_DEFINITION('A','First version',#6150,#6107);
#6109=DATE_TIME_ROLE('classification_date');
#6110=DATE_TIME_ROLE('creation_date');
#6111=APPLIED_DATE_AND_TIME_ASSIGNMENT(#6135,#6109,(#6114));
#6112=APPLIED_DATE_AND_TIME_ASSIGNMENT(#6137,#6110,(#6108));
#6113=SECURITY_CLASSIFICATION_LEVEL('unclassified');
#6114=SECURITY_CLASSIFICATION('A','Security for version',#6113);
#6115=APPLIED_SECURITY_CLASSIFICATION_ASSIGNMENT(#6114,(#6150));
#6116=APPROVAL_ROLE('Version approval');
#6117=APPROVAL_ROLE('Version Security approval');
#6118=APPROVAL_ROLE('Definition approval');
#6119=APPROVAL_PERSON_ORGANIZATION(#6168,#6144,#6116);
#6120=APPROVAL_PERSON_ORGANIZATION(#6169,#6145,#6117);
#6121=APPROVAL_PERSON_ORGANIZATION(#6172,#6146,#6118);
#6122=COORDINATED_UNIVERSAL_TIME_OFFSET(5,0,.BEHIND.);
#6123=LOCAL_TIME(0,0,0.,#6122);
#6124=LOCAL_TIME(0,0,0.,#6122);
#6125=LOCAL_TIME(0,0,0.,#6122);
#6126=LOCAL_TIME(0,0,0.,#6122);
#6127=LOCAL_TIME(0,0,0.,#6122);
#6128=CALENDAR_DATE(1999,1,1);
#6129=CALENDAR_DATE(1999,1,1);
#6130=CALENDAR_DATE(1999,1,1);
#6131=CALENDAR_DATE(1999,1,1);
#6132=CALENDAR_DATE(1999,1,1);
#6133=DATE_AND_TIME(#6128,#6123);
#6134=DATE_AND_TIME(#6129,#6124);
#6135=DATE_AND_TIME(#6130,#6125);
#6136=DATE_AND_TIME(#6131,#6126);
#6137=DATE_AND_TIME(#6132,#6127);
#6138=APPROVAL_DATE_TIME(#6133,#6144);
#6139=APPROVAL_DATE_TIME(#6134,#6145);
#6140=APPROVAL_DATE_TIME(#6136,#6146);
#6141=APPROVAL_STATUS('not_yet_approved');
#6142=APPROVAL_STATUS('not_yet_approved');
#6143=APPROVAL_STATUS('approved');
#6144=APPROVAL(#6141,'Version approval');
#6145=APPROVAL(#6142,'Version Security approval');
#6146=APPROVAL(#6143,'Definition approval');
#6147=APPLIED_APPROVAL_ASSIGNMENT(#6144,(#6150));
#6148=APPLIED_APPROVAL_ASSIGNMENT(#6145,(#6114));
#6149=APPLIED_APPROVAL_ASSIGNMENT(#6146,(#6108));
#6150=PRODUCT_DEFINITION_FORMATION_WITH_SPECIFIED_SOURCE('A',
'First version',#6182,.MADE.);
#6151=PERSON_AND_ORGANIZATION_ROLE('design_owner');
#6152=PERSON_AND_ORGANIZATION_ROLE('creator');
#6153=PERSON_AND_ORGANIZATION_ROLE('design_supplier');
#6154=PERSON_AND_ORGANIZATION_ROLE('classification_officer');
#6155=PERSON_AND_ORGANIZATION_ROLE('creator');
#6156=ORGANIZATION('STI','lab','lab');
#6157=ORGANIZATION('STI','unknown','unknown');
#6158=ORGANIZATION('STI','unknown','unknown');
#6159=ORGANIZATION('STI','unknown','unknown');
#6160=ORGANIZATION('STI','unknown','unknown');
#6161=ORGANIZATION('STI','unknown','unknown');
#6162=ORGANIZATION('STI','unknown','unknown');
#6163=PERSON('1','Box','vc60',$,$,$);
#6164=PERSON('2','last','first',$,$,$);
#6165=PERSON('3','President','Mr.',$,$,$);
#6166=PERSON_AND_ORGANIZATION(#6163,#6156);
#6167=PERSON_AND_ORGANIZATION(#6164,#6157);
#6168=PERSON_AND_ORGANIZATION(#6165,#6158);
#6169=PERSON_AND_ORGANIZATION(#6165,#6159);
#6170=PERSON_AND_ORGANIZATION(#6165,#6160);
#6171=PERSON_AND_ORGANIZATION(#6164,#6161);
#6172=PERSON_AND_ORGANIZATION(#6165,#6162);
#6173=APPLIED_PERSON_AND_ORGANIZATION_ASSIGNMENT(#6166,#6151,(#6182));
#6174=APPLIED_PERSON_AND_ORGANIZATION_ASSIGNMENT(#6167,#6152,(#6150));
#6175=APPLIED_PERSON_AND_ORGANIZATION_ASSIGNMENT(#6167,#6153,(#6150));
#6176=APPLIED_PERSON_AND_ORGANIZATION_ASSIGNMENT(#6170,#6154,(#6114));
#6177=APPLIED_PERSON_AND_ORGANIZATION_ASSIGNMENT(#6171,#6155,(#6108));
#6178=PRODUCT_RELATED_PRODUCT_CATEGORY('detail','detail',(#6182));
#6179=APPLICATION_PROTOCOL_DEFINITION('International Standard',
'config_control_design',1994,#6180);
#6180=APPLICATION_CONTEXT(
'configuration controlled 3d designs of mechanical parts and assemblie
s');
#6181=PRODUCT_CONTEXT('3D Mechanical Parts',#6180,'mechanical');
#6182=PRODUCT('Document','Document','',(#6181));
#6183=(
LENGTH_UNIT()
NAMED_UNIT(*)
SI_UNIT(.MILLI.,.METRE.)
);
#6184=(
NAMED_UNIT(*)
PLANE_ANGLE_UNIT()
SI_UNIT($,.RADIAN.)
);
#6185=DIMENSIONAL_EXPONENTS(0.,0.,0.,0.,0.,0.,0.);
#6186=PLANE_ANGLE_MEASURE_WITH_UNIT(PLANE_ANGLE_MEASURE(0.01745329252),
#6184);
#6187=(
CONVERSION_BASED_UNIT('DEGREES',#6186)
NAMED_UNIT(#6185)
PLANE_ANGLE_UNIT()
);
#6188=(
NAMED_UNIT(*)
SI_UNIT($,.STERADIAN.)
SOLID_ANGLE_UNIT()
);
#6189=UNCERTAINTY_MEASURE_WITH_UNIT(LENGTH_MEASURE(0.01),#6183,
'DISTANCE_ACCURACY_VALUE',
'Maximum model space distance between geometric entities at asserted c
onnectivities');
#6190=(
GEOMETRIC_REPRESENTATION_CONTEXT(3)
GLOBAL_UNCERTAINTY_ASSIGNED_CONTEXT((#6189))
GLOBAL_UNIT_ASSIGNED_CONTEXT((#6188,#6187,#6183))
REPRESENTATION_CONTEXT('ID1','3D')
);
#6191=SHAPE_REPRESENTATION('Document',(#6192,#6554),#6190);
#6192=AXIS2_PLACEMENT_3D('',#6920,#6555,#6556);
#6193=AXIS2_PLACEMENT_3D('',#7205,#6557,$);
#6194=AXIS2_PLACEMENT_3D('',#7206,#6558,$);
#6195=AXIS2_PLACEMENT_3D('',#7207,#6559,$);
#6196=AXIS2_PLACEMENT_3D('',#7208,#6560,$);
#6197=AXIS2_PLACEMENT_3D('',#7209,#6561,$);
#6198=AXIS2_PLACEMENT_3D('',#7210,#6562,$);
#6199=AXIS2_PLACEMENT_3D('',#7211,#6563,$);
#6200=AXIS2_PLACEMENT_3D('',#7224,#6564,$);
#6201=AXIS2_PLACEMENT_3D('',#7225,#6565,$);
#6202=AXIS2_PLACEMENT_3D('',#7226,#6566,$);
#6203=AXIS2_PLACEMENT_3D('',#7227,#6567,$);
#6204=AXIS2_PLACEMENT_3D('',#7228,#6568,$);
#6205=AXIS2_PLACEMENT_3D('',#7229,#6569,$);
#6206=AXIS2_PLACEMENT_3D('',#7230,#6570,$);
#6207=AXIS2_PLACEMENT_3D('',#7231,#6571,$);
#6208=AXIS2_PLACEMENT_3D('',#7232,#6572,$);
#6209=AXIS2_PLACEMENT_3D('',#7233,#6573,$);
#6210=AXIS2_PLACEMENT_3D('',#7234,#6574,$);
#6211=AXIS2_PLACEMENT_3D('',#7235,#6575,$);
#6212=AXIS2_PLACEMENT_3D('',#7236,#6576,$);
#6213=AXIS2_PLACEMENT_3D('',#7237,#6577,$);
#6214=AXIS2_PLACEMENT_3D('',#7238,#6578,$);
#6215=AXIS2_PLACEMENT_3D('',#7239,#6579,$);
#6216=AXIS2_PLACEMENT_3D('',#7240,#6580,$);
#6217=AXIS2_PLACEMENT_3D('',#7241,#6581,$);
#6218=AXIS2_PLACEMENT_3D('',#7242,#6582,$);
#6219=AXIS2_PLACEMENT_3D('',#7243,#6583,$);
#6220=AXIS2_PLACEMENT_3D('',#7244,#6584,$);
#6221=AXIS2_PLACEMENT_3D('',#7245,#6585,$);
#6222=AXIS2_PLACEMENT_3D('',#7246,#6586,$);
#6223=AXIS2_PLACEMENT_3D('',#7247,#6587,$);
#6224=AXIS2_PLACEMENT_3D('',#7248,#6588,$);
#6225=AXIS2_PLACEMENT_3D('',#7249,#6589,$);
#6226=AXIS2_PLACEMENT_3D('',#7250,#6590,$);
#6227=AXIS2_PLACEMENT_3D('',#7251,#6591,$);
#6228=AXIS2_PLACEMENT_3D('',#7252,#6592,$);
#6229=AXIS2_PLACEMENT_3D('',#7253,#6593,$);
#6230=AXIS2_PLACEMENT_3D('',#7254,#6594,$);
#6231=AXIS2_PLACEMENT_3D('',#7255,#6595,$);
#6232=AXIS2_PLACEMENT_3D('',#7256,#6596,$);
#6233=AXIS2_PLACEMENT_3D('',#7257,#6597,$);
#6234=AXIS2_PLACEMENT_3D('',#7258,#6598,$);
#6235=AXIS2_PLACEMENT_3D('',#7259,#6599,$);
#6236=AXIS2_PLACEMENT_3D('',#7260,#6600,$);
#6237=AXIS2_PLACEMENT_3D('',#7261,#6601,$);
#6238=AXIS2_PLACEMENT_3D('',#7262,#6602,$);
#6239=AXIS2_PLACEMENT_3D('',#7263,#6603,$);
#6240=AXIS2_PLACEMENT_3D('',#7264,#6604,$);
#6241=AXIS2_PLACEMENT_3D('',#7265,#6605,$);
#6242=AXIS2_PLACEMENT_3D('',#7266,#6606,$);
#6243=AXIS2_PLACEMENT_3D('',#7267,#6607,$);
#6244=AXIS2_PLACEMENT_3D('',#7268,#6608,$);
#6245=AXIS2_PLACEMENT_3D('',#7269,#6609,$);
#6246=AXIS2_PLACEMENT_3D('',#7270,#6610,$);
#6247=AXIS2_PLACEMENT_3D('',#7271,#6611,$);
#6248=AXIS2_PLACEMENT_3D('',#7272,#6612,$);
#6249=AXIS2_PLACEMENT_3D('',#7273,#6613,$);
#6250=AXIS2_PLACEMENT_3D('',#7274,#6614,$);
#6251=AXIS2_PLACEMENT_3D('',#7275,#6615,$);
#6252=AXIS2_PLACEMENT_3D('',#7276,#6616,$);
#6253=AXIS2_PLACEMENT_3D('',#7277,#6617,$);
#6254=AXIS2_PLACEMENT_3D('',#7278,#6618,$);
#6255=AXIS2_PLACEMENT_3D('',#7279,#6619,$);
#6256=AXIS2_PLACEMENT_3D('',#7280,#6620,$);
#6257=AXIS2_PLACEMENT_3D('',#7281,#6621,$);
#6258=AXIS2_PLACEMENT_3D('',#7282,#6622,$);
#6259=AXIS2_PLACEMENT_3D('',#7283,#6623,$);
#6260=AXIS2_PLACEMENT_3D('',#7284,#6624,$);
#6261=AXIS2_PLACEMENT_3D('',#7285,#6625,$);
#6262=AXIS2_PLACEMENT_3D('',#7286,#6626,$);
#6263=AXIS2_PLACEMENT_3D('',#7287,#6627,$);
#6264=AXIS2_PLACEMENT_3D('',#7288,#6628,$);
#6265=AXIS2_PLACEMENT_3D('',#7289,#6629,$);
#6266=AXIS2_PLACEMENT_3D('',#7290,#6630,$);
#6267=AXIS2_PLACEMENT_3D('',#7291,#6631,$);
#6268=AXIS2_PLACEMENT_3D('',#7292,#6632,$);
#6269=AXIS2_PLACEMENT_3D('',#7293,#6633,$);
#6270=AXIS2_PLACEMENT_3D('',#7294,#6634,$);
#6271=AXIS2_PLACEMENT_3D('',#7295,#6635,$);
#6272=AXIS2_PLACEMENT_3D('',#7296,#6636,$);
#6273=AXIS2_PLACEMENT_3D('',#7297,#6637,$);
#6274=AXIS2_PLACEMENT_3D('',#7298,#6638,$);
#6275=AXIS2_PLACEMENT_3D('',#7299,#6639,$);
#6276=AXIS2_PLACEMENT_3D('',#7300,#6640,$);
#6277=AXIS2_PLACEMENT_3D('',#7301,#6641,$);
#6278=AXIS2_PLACEMENT_3D('',#7302,#6642,$);
#6279=AXIS2_PLACEMENT_3D('',#7303,#6643,$);
#6280=AXIS2_PLACEMENT_3D('',#7304,#6644,$);
#6281=AXIS2_PLACEMENT_3D('',#7305,#6645,$);
#6282=AXIS2_PLACEMENT_3D('',#7306,#6646,$);
#6283=AXIS2_PLACEMENT_3D('',#7307,#6647,$);
#6284=AXIS2_PLACEMENT_3D('',#7308,#6648,$);
#6285=AXIS2_PLACEMENT_3D('',#7309,#6649,$);
#6286=AXIS2_PLACEMENT_3D('',#7310,#6650,$);
#6287=AXIS2_PLACEMENT_3D('',#7311,#6651,$);
#6288=AXIS2_PLACEMENT_3D('',#7312,#6652,$);
#6289=AXIS2_PLACEMENT_3D('',#7313,#6653,$);
#6290=AXIS2_PLACEMENT_3D('',#7314,#6654,$);
#6291=AXIS2_PLACEMENT_3D('',#7315,#6655,$);
#6292=AXIS2_PLACEMENT_3D('',#7316,#6656,$);
#6293=AXIS2_PLACEMENT_3D('',#7317,#6657,$);
#6294=AXIS2_PLACEMENT_3D('',#7318,#6658,$);
#6295=AXIS2_PLACEMENT_3D('',#7319,#6659,$);
#6296=AXIS2_PLACEMENT_3D('',#7320,#6660,$);
#6297=AXIS2_PLACEMENT_3D('',#7321,#6661,$);
#6298=AXIS2_PLACEMENT_3D('',#7322,#6662,$);
#6299=AXIS2_PLACEMENT_3D('',#7323,#6663,$);
#6300=AXIS2_PLACEMENT_3D('',#7324,#6664,$);
#6301=AXIS2_PLACEMENT_3D('',#7325,#6665,$);
#6302=AXIS2_PLACEMENT_3D('',#7326,#6666,$);
#6303=AXIS2_PLACEMENT_3D('',#7327,#6667,$);
#6304=AXIS2_PLACEMENT_3D('',#7328,#6668,$);
#6305=AXIS2_PLACEMENT_3D('',#7329,#6669,$);
#6306=AXIS2_PLACEMENT_3D('',#7330,#6670,$);
#6307=AXIS2_PLACEMENT_3D('',#7331,#6671,$);
#6308=AXIS2_PLACEMENT_3D('',#7332,#6672,$);
#6309=AXIS2_PLACEMENT_3D('',#7333,#6673,$);
#6310=AXIS2_PLACEMENT_3D('',#7334,#6674,$);
#6311=AXIS2_PLACEMENT_3D('',#7335,#6675,$);
#6312=AXIS2_PLACEMENT_3D('',#7336,#6676,$);
#6313=AXIS2_PLACEMENT_3D('',#7337,#6677,$);
#6314=AXIS2_PLACEMENT_3D('',#7338,#6678,$);
#6315=AXIS2_PLACEMENT_3D('',#7339,#6679,$);
#6316=AXIS2_PLACEMENT_3D('',#7340,#6680,$);
#6317=AXIS2_PLACEMENT_3D('',#7341,#6681,$);
#6318=AXIS2_PLACEMENT_3D('',#7342,#6682,$);
#6319=AXIS2_PLACEMENT_3D('',#7343,#6683,$);
#6320=AXIS2_PLACEMENT_3D('',#7344,#6684,$);
#6321=AXIS2_PLACEMENT_3D('',#7345,#6685,$);
#6322=AXIS2_PLACEMENT_3D('',#7346,#6686,$);
#6323=AXIS2_PLACEMENT_3D('',#7347,#6687,$);
#6324=AXIS2_PLACEMENT_3D('',#7348,#6688,$);
#6325=AXIS2_PLACEMENT_3D('',#7349,#6689,$);
#6326=AXIS2_PLACEMENT_3D('',#7350,#6690,$);
#6327=AXIS2_PLACEMENT_3D('',#7351,#6691,$);
#6328=AXIS2_PLACEMENT_3D('',#7352,#6692,$);
#6329=AXIS2_PLACEMENT_3D('',#7353,#6693,$);
#6330=AXIS2_PLACEMENT_3D('',#7354,#6694,$);
#6331=AXIS2_PLACEMENT_3D('',#7355,#6695,$);
#6332=AXIS2_PLACEMENT_3D('',#7356,#6696,$);
#6333=AXIS2_PLACEMENT_3D('',#7357,#6697,$);
#6334=AXIS2_PLACEMENT_3D('',#7358,#6698,$);
#6335=AXIS2_PLACEMENT_3D('',#7359,#6699,$);
#6336=AXIS2_PLACEMENT_3D('',#7360,#6700,$);
#6337=AXIS2_PLACEMENT_3D('',#7361,#6701,$);
#6338=AXIS2_PLACEMENT_3D('',#7362,#6702,$);
#6339=AXIS2_PLACEMENT_3D('',#7363,#6703,$);
#6340=AXIS2_PLACEMENT_3D('',#7364,#6704,$);
#6341=AXIS2_PLACEMENT_3D('',#7365,#6705,$);
#6342=AXIS2_PLACEMENT_3D('',#7366,#6706,$);
#6343=AXIS2_PLACEMENT_3D('',#7367,#6707,$);
#6344=AXIS2_PLACEMENT_3D('',#7368,#6708,$);
#6345=AXIS2_PLACEMENT_3D('',#7369,#6709,$);
#6346=AXIS2_PLACEMENT_3D('',#7370,#6710,$);
#6347=AXIS2_PLACEMENT_3D('',#7371,#6711,$);
#6348=AXIS2_PLACEMENT_3D('',#7372,#6712,$);
#6349=AXIS2_PLACEMENT_3D('',#7373,#6713,$);
#6350=AXIS2_PLACEMENT_3D('',#7374,#6714,$);
#6351=AXIS2_PLACEMENT_3D('',#7375,#6715,$);
#6352=AXIS2_PLACEMENT_3D('',#7376,#6716,$);
#6353=AXIS2_PLACEMENT_3D('',#7377,#6717,$);
#6354=AXIS2_PLACEMENT_3D('',#7378,#6718,$);
#6355=AXIS2_PLACEMENT_3D('',#7379,#6719,$);
#6356=AXIS2_PLACEMENT_3D('',#7380,#6720,$);
#6357=AXIS2_PLACEMENT_3D('',#7381,#6721,$);
#6358=AXIS2_PLACEMENT_3D('',#7382,#6722,$);
#6359=AXIS2_PLACEMENT_3D('',#7383,#6723,$);
#6360=AXIS2_PLACEMENT_3D('',#7384,#6724,$);
#6361=AXIS2_PLACEMENT_3D('',#7385,#6725,$);
#6362=AXIS2_PLACEMENT_3D('',#7386,#6726,$);
#6363=AXIS2_PLACEMENT_3D('',#7387,#6727,$);
#6364=AXIS2_PLACEMENT_3D('',#7388,#6728,$);
#6365=AXIS2_PLACEMENT_3D('',#7389,#6729,$);
#6366=AXIS2_PLACEMENT_3D('',#7390,#6730,$);
#6367=AXIS2_PLACEMENT_3D('',#7391,#6731,$);
#6368=AXIS2_PLACEMENT_3D('',#7392,#6732,$);
#6369=AXIS2_PLACEMENT_3D('',#7393,#6733,$);
#6370=AXIS2_PLACEMENT_3D('',#7394,#6734,$);
#6371=AXIS2_PLACEMENT_3D('',#7395,#6735,$);
#6372=AXIS2_PLACEMENT_3D('',#7396,#6736,$);
#6373=AXIS2_PLACEMENT_3D('',#7397,#6737,$);
#6374=AXIS2_PLACEMENT_3D('',#7398,#6738,$);
#6375=AXIS2_PLACEMENT_3D('',#7399,#6739,$);
#6376=AXIS2_PLACEMENT_3D('',#7400,#6740,$);
#6377=AXIS2_PLACEMENT_3D('',#7401,#6741,$);
#6378=AXIS2_PLACEMENT_3D('',#7402,#6742,$);
#6379=AXIS2_PLACEMENT_3D('',#7403,#6743,$);
#6380=AXIS2_PLACEMENT_3D('',#7404,#6744,$);
#6381=AXIS2_PLACEMENT_3D('',#7405,#6745,$);
#6382=AXIS2_PLACEMENT_3D('',#7406,#6746,$);
#6383=AXIS2_PLACEMENT_3D('',#7407,#6747,$);
#6384=AXIS2_PLACEMENT_3D('',#7408,#6748,$);
#6385=AXIS2_PLACEMENT_3D('',#7409,#6749,$);
#6386=AXIS2_PLACEMENT_3D('',#7410,#6750,$);
#6387=AXIS2_PLACEMENT_3D('',#7411,#6751,$);
#6388=AXIS2_PLACEMENT_3D('',#7412,#6752,$);
#6389=AXIS2_PLACEMENT_3D('',#7413,#6753,$);
#6390=AXIS2_PLACEMENT_3D('',#7414,#6754,$);
#6391=AXIS2_PLACEMENT_3D('',#7415,#6755,$);
#6392=AXIS2_PLACEMENT_3D('',#7416,#6756,$);
#6393=AXIS2_PLACEMENT_3D('',#7417,#6757,$);
#6394=AXIS2_PLACEMENT_3D('',#7418,#6758,$);
#6395=AXIS2_PLACEMENT_3D('',#7419,#6759,$);
#6396=AXIS2_PLACEMENT_3D('',#7420,#6760,$);
#6397=AXIS2_PLACEMENT_3D('',#7421,#6761,$);
#6398=AXIS2_PLACEMENT_3D('',#7422,#6762,$);
#6399=AXIS2_PLACEMENT_3D('',#7423,#6763,$);
#6400=AXIS2_PLACEMENT_3D('',#7424,#6764,$);
#6401=AXIS2_PLACEMENT_3D('',#7425,#6765,$);
#6402=AXIS2_PLACEMENT_3D('',#7426,#6766,$);
#6403=AXIS2_PLACEMENT_3D('',#7427,#6767,$);
#6404=AXIS2_PLACEMENT_3D('',#7428,#6768,$);
#6405=AXIS2_PLACEMENT_3D('',#7429,#6769,$);
#6406=AXIS2_PLACEMENT_3D('',#7430,#6770,$);
#6407=AXIS2_PLACEMENT_3D('',#7431,#6771,$);
#6408=AXIS2_PLACEMENT_3D('',#7432,#6772,$);
#6409=AXIS2_PLACEMENT_3D('',#7433,#6773,$);
#6410=AXIS2_PLACEMENT_3D('',#7434,#6774,$);
#6411=AXIS2_PLACEMENT_3D('',#7435,#6775,$);
#6412=AXIS2_PLACEMENT_3D('',#7436,#6776,$);
#6413=AXIS2_PLACEMENT_3D('',#7437,#6777,$);
#6414=AXIS2_PLACEMENT_3D('',#7438,#6778,$);
#6415=AXIS2_PLACEMENT_3D('',#7439,#6779,$);
#6416=AXIS2_PLACEMENT_3D('',#7440,#6780,$);
#6417=AXIS2_PLACEMENT_3D('',#7441,#6781,$);
#6418=AXIS2_PLACEMENT_3D('',#7442,#6782,$);
#6419=AXIS2_PLACEMENT_3D('',#7443,#6783,$);
#6420=AXIS2_PLACEMENT_3D('',#7444,#6784,$);
#6421=AXIS2_PLACEMENT_3D('',#7445,#6785,$);
#6422=AXIS2_PLACEMENT_3D('',#7446,#6786,$);
#6423=AXIS2_PLACEMENT_3D('',#7447,#6787,$);
#6424=AXIS2_PLACEMENT_3D('',#7448,#6788,$);
#6425=AXIS2_PLACEMENT_3D('',#7449,#6789,$);
#6426=AXIS2_PLACEMENT_3D('',#7450,#6790,$);
#6427=AXIS2_PLACEMENT_3D('',#7451,#6791,$);
#6428=AXIS2_PLACEMENT_3D('',#7452,#6792,$);
#6429=AXIS2_PLACEMENT_3D('',#7453,#6793,$);
#6430=AXIS2_PLACEMENT_3D('',#7454,#6794,$);
#6431=AXIS2_PLACEMENT_3D('',#7455,#6795,$);
#6432=AXIS2_PLACEMENT_3D('',#7456,#6796,$);
#6433=AXIS2_PLACEMENT_3D('',#7457,#6797,$);
#6434=AXIS2_PLACEMENT_3D('',#7458,#6798,$);
#6435=AXIS2_PLACEMENT_3D('',#7459,#6799,$);
#6436=AXIS2_PLACEMENT_3D('',#7460,#6800,$);
#6437=AXIS2_PLACEMENT_3D('',#7461,#6801,$);
#6438=AXIS2_PLACEMENT_3D('',#7462,#6802,$);
#6439=AXIS2_PLACEMENT_3D('',#7463,#6803,$);
#6440=AXIS2_PLACEMENT_3D('',#7464,#6804,$);
#6441=AXIS2_PLACEMENT_3D('',#7465,#6805,$);
#6442=AXIS2_PLACEMENT_3D('',#7466,#6806,$);
#6443=AXIS2_PLACEMENT_3D('',#7467,#6807,$);
#6444=AXIS2_PLACEMENT_3D('',#7468,#6808,$);
#6445=AXIS2_PLACEMENT_3D('',#7469,#6809,$);
#6446=AXIS2_PLACEMENT_3D('',#7470,#6810,$);
#6447=AXIS2_PLACEMENT_3D('',#7471,#6811,$);
#6448=AXIS2_PLACEMENT_3D('',#7472,#6812,$);
#6449=AXIS2_PLACEMENT_3D('',#7473,#6813,$);
#6450=AXIS2_PLACEMENT_3D('',#7474,#6814,$);
#6451=AXIS2_PLACEMENT_3D('',#7475,#6815,$);
#6452=AXIS2_PLACEMENT_3D('',#7476,#6816,$);
#6453=AXIS2_PLACEMENT_3D('',#7477,#6817,$);
#6454=AXIS2_PLACEMENT_3D('',#7478,#6818,$);
#6455=AXIS2_PLACEMENT_3D('',#7479,#6819,$);
#6456=AXIS2_PLACEMENT_3D('',#7480,#6820,$);
#6457=AXIS2_PLACEMENT_3D('',#7481,#6821,$);
#6458=AXIS2_PLACEMENT_3D('',#7482,#6822,$);
#6459=AXIS2_PLACEMENT_3D('',#7483,#6823,$);
#6460=AXIS2_PLACEMENT_3D('',#7484,#6824,$);
#6461=AXIS2_PLACEMENT_3D('',#7485,#6825,$);
#6462=AXIS2_PLACEMENT_3D('',#7486,#6826,$);
#6463=AXIS2_PLACEMENT_3D('',#7487,#6827,$);
#6464=AXIS2_PLACEMENT_3D('',#7488,#6828,$);
#6465=AXIS2_PLACEMENT_3D('',#7489,#6829,$);
#6466=AXIS2_PLACEMENT_3D('',#7490,#6830,$);
#6467=AXIS2_PLACEMENT_3D('',#7491,#6831,$);
#6468=AXIS2_PLACEMENT_3D('',#7492,#6832,$);
#6469=AXIS2_PLACEMENT_3D('',#7493,#6833,$);
#6470=AXIS2_PLACEMENT_3D('',#7494,#6834,$);
#6471=AXIS2_PLACEMENT_3D('',#7495,#6835,$);
#6472=AXIS2_PLACEMENT_3D('',#7496,#6836,$);
#6473=AXIS2_PLACEMENT_3D('',#7497,#6837,$);
#6474=AXIS2_PLACEMENT_3D('',#7498,#6838,$);
#6475=AXIS2_PLACEMENT_3D('',#7499,#6839,$);
#6476=AXIS2_PLACEMENT_3D('',#7500,#6840,$);
#6477=AXIS2_PLACEMENT_3D('',#7501,#6841,$);
#6478=AXIS2_PLACEMENT_3D('',#7502,#6842,$);
#6479=AXIS2_PLACEMENT_3D('',#7503,#6843,$);
#6480=AXIS2_PLACEMENT_3D('',#7504,#6844,$);
#6481=AXIS2_PLACEMENT_3D('',#7505,#6845,$);
#6482=AXIS2_PLACEMENT_3D('',#7506,#6846,$);
#6483=AXIS2_PLACEMENT_3D('',#7507,#6847,$);
#6484=AXIS2_PLACEMENT_3D('',#7508,#6848,$);
#6485=AXIS2_PLACEMENT_3D('',#7509,#6849,$);
#6486=AXIS2_PLACEMENT_3D('',#7510,#6850,$);
#6487=AXIS2_PLACEMENT_3D('',#7511,#6851,$);
#6488=AXIS2_PLACEMENT_3D('',#7512,#6852,$);
#6489=AXIS2_PLACEMENT_3D('',#7513,#6853,$);
#6490=AXIS2_PLACEMENT_3D('',#7514,#6854,$);
#6491=AXIS2_PLACEMENT_3D('',#7515,#6855,$);
#6492=AXIS2_PLACEMENT_3D('',#7516,#6856,$);
#6493=AXIS2_PLACEMENT_3D('',#7517,#6857,$);
#6494=AXIS2_PLACEMENT_3D('',#7518,#6858,$);
#6495=AXIS2_PLACEMENT_3D('',#7519,#6859,$);
#6496=AXIS2_PLACEMENT_3D('',#7520,#6860,$);
#6497=AXIS2_PLACEMENT_3D('',#7521,#6861,$);
#6498=AXIS2_PLACEMENT_3D('',#7522,#6862,$);
#6499=AXIS2_PLACEMENT_3D('',#7523,#6863,$);
#6500=AXIS2_PLACEMENT_3D('',#7524,#6864,$);
#6501=AXIS2_PLACEMENT_3D('',#7525,#6865,$);
#6502=AXIS2_PLACEMENT_3D('',#7526,#6866,$);
#6503=AXIS2_PLACEMENT_3D('',#7527,#6867,$);
#6504=AXIS2_PLACEMENT_3D('',#7528,#6868,$);
#6505=AXIS2_PLACEMENT_3D('',#7529,#6869,$);
#6506=AXIS2_PLACEMENT_3D('',#7530,#6870,$);
#6507=AXIS2_PLACEMENT_3D('',#7531,#6871,$);
#6508=AXIS2_PLACEMENT_3D('',#7532,#6872,$);
#6509=AXIS2_PLACEMENT_3D('',#7533,#6873,$);
#6510=AXIS2_PLACEMENT_3D('',#7534,#6874,$);
#6511=AXIS2_PLACEMENT_3D('',#7535,#6875,$);
#6512=AXIS2_PLACEMENT_3D('',#7536,#6876,$);
#6513=AXIS2_PLACEMENT_3D('',#7537,#6877,$);
#6514=AXIS2_PLACEMENT_3D('',#7538,#6878,$);
#6515=AXIS2_PLACEMENT_3D('',#7539,#6879,$);
#6516=AXIS2_PLACEMENT_3D('',#7540,#6880,$);
#6517=AXIS2_PLACEMENT_3D('',#7541,#6881,$);
#6518=AXIS2_PLACEMENT_3D('',#7542,#6882,$);
#6519=AXIS2_PLACEMENT_3D('',#7543,#6883,$);
#6520=AXIS2_PLACEMENT_3D('',#7544,#6884,$);
#6521=AXIS2_PLACEMENT_3D('',#7545,#6885,$);
#6522=AXIS2_PLACEMENT_3D('',#7546,#6886,$);
#6523=AXIS2_PLACEMENT_3D('',#7547,#6887,$);
#6524=AXIS2_PLACEMENT_3D('',#7548,#6888,$);
#6525=AXIS2_PLACEMENT_3D('',#7549,#6889,$);
#6526=AXIS2_PLACEMENT_3D('',#7550,#6890,$);
#6527=AXIS2_PLACEMENT_3D('',#7551,#6891,$);
#6528=AXIS2_PLACEMENT_3D('',#7552,#6892,$);
#6529=AXIS2_PLACEMENT_3D('',#7553,#6893,$);
#6530=AXIS2_PLACEMENT_3D('',#7554,#6894,$);
#6531=AXIS2_PLACEMENT_3D('',#7555,#6895,$);
#6532=AXIS2_PLACEMENT_3D('',#7556,#6896,$);
#6533=AXIS2_PLACEMENT_3D('',#7557,#6897,$);
#6534=AXIS2_PLACEMENT_3D('',#7558,#6898,$);
#6535=AXIS2_PLACEMENT_3D('',#7559,#6899,$);
#6536=AXIS2_PLACEMENT_3D('',#7560,#6900,$);
#6537=AXIS2_PLACEMENT_3D('',#7561,#6901,$);
#6538=AXIS2_PLACEMENT_3D('',#7562,#6902,$);
#6539=AXIS2_PLACEMENT_3D('',#7563,#6903,$);
#6540=AXIS2_PLACEMENT_3D('',#7564,#6904,$);
#6541=AXIS2_PLACEMENT_3D('',#7565,#6905,$);
#6542=AXIS2_PLACEMENT_3D('',#7566,#6906,$);
#6543=AXIS2_PLACEMENT_3D('',#7567,#6907,$);
#6544=AXIS2_PLACEMENT_3D('',#7568,#6908,$);
#6545=AXIS2_PLACEMENT_3D('',#7569,#6909,$);
#6546=AXIS2_PLACEMENT_3D('',#7570,#6910,$);
#6547=AXIS2_PLACEMENT_3D('',#7571,#6911,$);
#6548=AXIS2_PLACEMENT_3D('',#7572,#6912,$);
#6549=AXIS2_PLACEMENT_3D('',#7573,#6913,$);
#6550=AXIS2_PLACEMENT_3D('',#7574,#6914,$);
#6551=AXIS2_PLACEMENT_3D('',#7575,#6915,$);
#6552=AXIS2_PLACEMENT_3D('',#7576,#6916,$);
#6553=AXIS2_PLACEMENT_3D('',#7577,#6917,$);
#6554=AXIS2_PLACEMENT_3D('',#11107,#6918,#6919);
#6555=DIRECTION('',(0.,0.,1.));
#6556=DIRECTION('',(1.,0.,0.));
#6557=DIRECTION('',(1.,0.,0.));
#6558=DIRECTION('',(0.606146756975851,0.,0.795352820456217));
#6559=DIRECTION('',(0.,0.,-1.));
#6560=DIRECTION('',(-1.,0.,0.));
#6561=DIRECTION('',(-0.606146756975851,0.,0.795352820456217));
#6562=DIRECTION('',(-1.,0.,0.));
#6563=DIRECTION('',(1.,0.,0.));
#6564=DIRECTION('',(0.,1.,0.));
#6565=DIRECTION('',(0.,6.82121026329179E-13,1.));
#6566=DIRECTION('',(-0.295940788883132,-0.955206286346164,0.));
#6567=DIRECTION('',(0.,0.,-1.));
#6568=DIRECTION('',(-1.,0.,0.));
#6569=DIRECTION('',(0.,-1.,0.));
#6570=DIRECTION('',(0.,0.,-1.));
#6571=DIRECTION('',(0.,1.,0.));
#6572=DIRECTION('',(0.,0.,-1.));
#6573=DIRECTION('',(0.,-1.,0.));
#6574=DIRECTION('',(0.,0.,1.));
#6575=DIRECTION('',(0.,0.,-1.));
#6576=DIRECTION('',(0.,1.,0.));
#6577=DIRECTION('',(0.,0.,-1.));
#6578=DIRECTION('',(0.,-1.,0.));
#6579=DIRECTION('',(0.,0.,1.));
#6580=DIRECTION('',(0.,0.,-1.));
#6581=DIRECTION('',(0.,1.,0.));
#6582=DIRECTION('',(0.,0.,-1.));
#6583=DIRECTION('',(0.,-1.,0.));
#6584=DIRECTION('',(0.,0.,1.));
#6585=DIRECTION('',(0.,1.,0.));
#6586=DIRECTION('',(0.,0.,-1.));
#6587=DIRECTION('',(0.,-1.,0.));
#6588=DIRECTION('',(0.,0.,-1.));
#6589=DIRECTION('',(0.,0.,1.));
#6590=DIRECTION('',(0.,1.,0.));
#6591=DIRECTION('',(0.,0.,-1.));
#6592=DIRECTION('',(0.,-1.,0.));
#6593=DIRECTION('',(0.,0.,-1.));
#6594=DIRECTION('',(0.,0.,1.));
#6595=DIRECTION('',(0.,-0.67860911814459,0.73449960161393));
#6596=DIRECTION('',(0.,0.,1.));
#6597=DIRECTION('',(0.,0.,1.));
#6598=DIRECTION('',(0.,0.,1.));
#6599=DIRECTION('',(0.,0.,-1.));
#6600=DIRECTION('',(0.,0.,1.));
#6601=DIRECTION('',(0.,0.,-1.));
#6602=DIRECTION('',(0.,1.,0.));
#6603=DIRECTION('',(0.,0.,-1.));
#6604=DIRECTION('',(0.,0.,-1.));
#6605=DIRECTION('',(-0.295940788883134,0.955206286346163,0.));
#6606=DIRECTION('',(0.,0.,1.));
#6607=DIRECTION('',(0.,0.,-1.));
#6608=DIRECTION('',(0.,0.,1.));
#6609=DIRECTION('',(0.,0.,-1.));
#6610=DIRECTION('',(0.,1.,0.));
#6611=DIRECTION('',(1.,0.,0.));
#6612=DIRECTION('',(0.,0.,-1.));
#6613=DIRECTION('',(0.,1.,0.));
#6614=DIRECTION('',(0.,0.,-1.));
#6615=DIRECTION('',(0.,-1.,0.));
#6616=DIRECTION('',(0.,0.,1.));
#6617=DIRECTION('',(0.,0.,-1.));
#6618=DIRECTION('',(0.,1.,0.));
#6619=DIRECTION('',(0.,0.,-1.));
#6620=DIRECTION('',(0.,-1.,0.));
#6621=DIRECTION('',(0.,0.,1.));
#6622=DIRECTION('',(0.,0.,-1.));
#6623=DIRECTION('',(0.,1.,0.));
#6624=DIRECTION('',(0.,0.,-1.));
#6625=DIRECTION('',(0.,-1.,0.));
#6626=DIRECTION('',(0.,0.,1.));
#6627=DIRECTION('',(0.,1.,0.));
#6628=DIRECTION('',(0.,0.,-1.));
#6629=DIRECTION('',(0.,-1.,0.));
#6630=DIRECTION('',(0.,0.,-1.));
#6631=DIRECTION('',(0.,0.,1.));
#6632=DIRECTION('',(0.,1.,0.));
#6633=DIRECTION('',(0.,0.,-1.));
#6634=DIRECTION('',(0.,-1.,0.));
#6635=DIRECTION('',(0.,0.,-1.));
#6636=DIRECTION('',(0.,0.,1.));
#6637=DIRECTION('',(0.,1.,0.));
#6638=DIRECTION('',(0.,0.,-1.));
#6639=DIRECTION('',(0.,-1.,0.));
#6640=DIRECTION('',(0.,0.,-1.));
#6641=DIRECTION('',(0.,0.,1.));
#6642=DIRECTION('',(0.,1.,0.));
#6643=DIRECTION('',(0.,0.,-1.));
#6644=DIRECTION('',(0.,-1.,0.));
#6645=DIRECTION('',(0.,0.,-1.));
#6646=DIRECTION('',(0.,0.,1.));
#6647=DIRECTION('',(0.,1.,0.));
#6648=DIRECTION('',(-0.997062853688683,-0.0765876347342106,0.));
#6649=DIRECTION('',(-0.99999999999977,-6.78724916269855E-7,0.));
#6650=DIRECTION('',(4.94719721189077E-6,0.999999999987763,0.));
#6651=DIRECTION('',(0.,1.,0.));
#6652=DIRECTION('',(0.,1.,0.));
#6653=DIRECTION('',(0.712824861106676,-0.701342083001047,0.));
#6654=DIRECTION('',(1.,0.,0.));
#6655=DIRECTION('',(1.,0.,0.));
#6656=DIRECTION('',(1.,0.,0.));
#6657=DIRECTION('',(0.712824861106959,-0.70134208300076,2.49166761179523E-15));
#6658=DIRECTION('',(1.,0.,0.));
#6659=DIRECTION('',(0.,1.,0.));
#6660=DIRECTION('',(0.,0.,1.));
#6661=DIRECTION('',(-0.997062854936919,-0.0765876184839265,0.));
#6662=DIRECTION('',(0.,0.,-1.));
#6663=DIRECTION('',(0.,0.,-1.));
#6664=DIRECTION('',(0.,0.,1.));
#6665=DIRECTION('',(-5.16987884783268E-26,-4.54747351738615E-13,1.));
#6666=DIRECTION('',(-5.62194713893444E-7,-0.999999999999842,0.));
#6667=DIRECTION('',(0.,0.,-1.));
#6668=DIRECTION('',(0.,9.09494703478161E-13,1.));
#6669=DIRECTION('',(0.,0.,-1.));
#6670=DIRECTION('',(1.,0.,0.));
#6671=DIRECTION('',(0.,0.,-1.));
#6672=DIRECTION('',(0.,0.,1.));
#6673=DIRECTION('',(1.,0.,0.));
#6674=DIRECTION('',(1.,0.,0.));
#6675=DIRECTION('',(0.,0.,1.));
#6676=DIRECTION('',(0.,0.,1.));
#6677=DIRECTION('',(0.,0.,1.));
#6678=DIRECTION('',(0.,-1.,0.));
#6679=DIRECTION('',(1.,4.26325641456066E-14,2.62716781662674E-9));
#6680=DIRECTION('',(0.,0.,1.));
#6681=DIRECTION('',(-0.997062854936919,-0.0765876184839265,0.));
#6682=DIRECTION('',(0.,1.,0.));
#6683=DIRECTION('',(0.,0.,-1.));
#6684=DIRECTION('',(0.,0.,-1.));
#6685=DIRECTION('',(0.,0.,-1.));
#6686=DIRECTION('',(0.,0.,-1.));
#6687=DIRECTION('',(0.,1.,0.));
#6688=DIRECTION('',(0.712824861106705,-0.701342083001018,0.));
#6689=DIRECTION('',(1.,0.,0.));
#6690=DIRECTION('',(1.,0.,0.));
#6691=DIRECTION('',(0.,1.,0.));
#6692=DIRECTION('',(-1.,0.,0.));
#6693=DIRECTION('',(0.,0.,1.));
#6694=DIRECTION('',(0.,0.,1.));
#6695=DIRECTION('',(0.,0.,1.));
#6696=DIRECTION('',(0.,-1.,0.));
#6697=DIRECTION('',(0.,0.,1.));
#6698=DIRECTION('',(0.930856632914067,-0.365384631532152,0.));
#6699=DIRECTION('',(0.,0.,-1.));
#6700=DIRECTION('',(1.,0.,0.));
#6701=DIRECTION('',(0.,0.,-1.));
#6702=DIRECTION('',(0.,0.,-1.));
#6703=DIRECTION('',(0.,0.,-1.));
#6704=DIRECTION('',(0.,0.,-1.));
#6705=DIRECTION('',(0.,1.,0.));
#6706=DIRECTION('',(-1.72329294281806E-26,9.09494701772739E-13,1.));
#6707=DIRECTION('',(-0.295940788883154,0.955206286346157,0.));
#6708=DIRECTION('',(-4.54747350886826E-13,2.27373675443426E-13,1.));
#6709=DIRECTION('',(-1.,0.,0.));
#6710=DIRECTION('',(0.,0.,1.));
#6711=DIRECTION('',(-0.295940788883188,-0.955206286346146,0.));
#6712=DIRECTION('',(4.54747350878179E-13,2.50111042983029E-12,1.));
#6713=DIRECTION('',(0.,-1.,0.));
#6714=DIRECTION('',(-1.29246970711668E-26,2.27373675443452E-13,1.));
#6715=DIRECTION('',(0.930856632914094,-0.365384631532084,0.));
#6716=DIRECTION('',(4.54747350886309E-13,-4.54747350886412E-13,-1.));
#6717=DIRECTION('',(0.,0.,1.));
#6718=DIRECTION('',(0.,0.,1.));
#6719=DIRECTION('',(0.,0.,1.));
#6720=DIRECTION('',(0.,0.,1.));
#6721=DIRECTION('',(0.999999999999999,-2.8421709430404E-14,5.23164089827339E-8));
#6722=DIRECTION('',(1.,0.,0.));
#6723=DIRECTION('',(1.,0.,0.));
#6724=DIRECTION('',(0.,0.,-1.));
#6725=DIRECTION('',(-5.62194884423668E-7,-0.999999999999842,0.));
#6726=DIRECTION('',(0.,-1.,0.));
#6727=DIRECTION('',(0.,1.,0.));
#6728=DIRECTION('',(0.,0.,-1.));
#6729=DIRECTION('',(0.,0.,1.));
#6730=DIRECTION('',(0.,-1.,0.));
#6731=DIRECTION('',(0.,0.,-1.));
#6732=DIRECTION('',(0.,0.,-1.));
#6733=DIRECTION('',(0.,-1.,0.));
#6734=DIRECTION('',(0.,1.,-2.96772668662015E-8));
#6735=DIRECTION('',(0.,-1.,0.));
#6736=DIRECTION('',(0.,-6.82121026329205E-13,-1.));
#6737=DIRECTION('',(0.295940788883121,-0.955206286346167,0.));
#6738=DIRECTION('',(0.,0.,1.));
#6739=DIRECTION('',(1.,0.,0.));
#6740=DIRECTION('',(0.,-1.,0.));
#6741=DIRECTION('',(0.,0.,1.));
#6742=DIRECTION('',(0.,1.,0.));
#6743=DIRECTION('',(0.,0.,1.));
#6744=DIRECTION('',(0.,-1.,0.));
#6745=DIRECTION('',(0.,0.,1.));
#6746=DIRECTION('',(0.,0.,1.));
#6747=DIRECTION('',(0.,1.,0.));
#6748=DIRECTION('',(0.,0.,1.));
#6749=DIRECTION('',(0.,-1.,0.));
#6750=DIRECTION('',(0.,0.,1.));
#6751=DIRECTION('',(0.,0.,1.));
#6752=DIRECTION('',(0.,1.,0.));
#6753=DIRECTION('',(0.,0.,1.));
#6754=DIRECTION('',(0.,-1.,0.));
#6755=DIRECTION('',(0.,0.,1.));
#6756=DIRECTION('',(0.,1.,0.));
#6757=DIRECTION('',(0.,0.,1.));
#6758=DIRECTION('',(0.,-1.,0.));
#6759=DIRECTION('',(0.,0.,1.));
#6760=DIRECTION('',(0.,0.,1.));
#6761=DIRECTION('',(0.,1.,0.));
#6762=DIRECTION('',(0.,0.,1.));
#6763=DIRECTION('',(0.,-1.,0.));
#6764=DIRECTION('',(0.,0.,1.));
#6765=DIRECTION('',(0.,0.,1.));
#6766=DIRECTION('',(0.,-0.67860911814459,0.73449960161393));
#6767=DIRECTION('',(0.,0.,1.));
#6768=DIRECTION('',(0.,0.,1.));
#6769=DIRECTION('',(0.,0.,-1.));
#6770=DIRECTION('',(0.,0.,1.));
#6771=DIRECTION('',(0.,0.,-1.));
#6772=DIRECTION('',(0.,0.,1.));
#6773=DIRECTION('',(0.,1.,0.));
#6774=DIRECTION('',(0.,0.,1.));
#6775=DIRECTION('',(0.,0.,1.));
#6776=DIRECTION('',(0.295940788883149,0.955206286346159,0.));
#6777=DIRECTION('',(0.,0.,-1.));
#6778=DIRECTION('',(0.,0.,1.));
#6779=DIRECTION('',(0.,0.,-1.));
#6780=DIRECTION('',(0.,0.,1.));
#6781=DIRECTION('',(0.,1.,0.));
#6782=DIRECTION('',(-1.,0.,0.));
#6783=DIRECTION('',(0.,0.,1.));
#6784=DIRECTION('',(0.,1.,0.));
#6785=DIRECTION('',(0.,0.,1.));
#6786=DIRECTION('',(0.,-1.,0.));
#6787=DIRECTION('',(0.,0.,1.));
#6788=DIRECTION('',(0.,0.,1.));
#6789=DIRECTION('',(0.,1.,0.));
#6790=DIRECTION('',(0.,0.,1.));
#6791=DIRECTION('',(0.,-1.,0.));
#6792=DIRECTION('',(0.,0.,1.));
#6793=DIRECTION('',(0.,0.,1.));
#6794=DIRECTION('',(0.,1.,0.));
#6795=DIRECTION('',(0.,0.,1.));
#6796=DIRECTION('',(0.,-1.,0.));
#6797=DIRECTION('',(0.,0.,1.));
#6798=DIRECTION('',(0.,1.,0.));
#6799=DIRECTION('',(0.,0.,1.));
#6800=DIRECTION('',(0.,-1.,0.));
#6801=DIRECTION('',(0.,0.,1.));
#6802=DIRECTION('',(0.,0.,1.));
#6803=DIRECTION('',(0.,1.,0.));
#6804=DIRECTION('',(0.,0.,1.));
#6805=DIRECTION('',(0.,-1.,0.));
#6806=DIRECTION('',(0.,0.,1.));
#6807=DIRECTION('',(0.,0.,1.));
#6808=DIRECTION('',(0.,1.,0.));
#6809=DIRECTION('',(0.,0.,1.));
#6810=DIRECTION('',(0.,-1.,0.));
#6811=DIRECTION('',(0.,0.,1.));
#6812=DIRECTION('',(0.,0.,1.));
#6813=DIRECTION('',(0.,1.,0.));
#6814=DIRECTION('',(0.,0.,1.));
#6815=DIRECTION('',(0.,-1.,0.));
#6816=DIRECTION('',(0.,0.,1.));
#6817=DIRECTION('',(0.,0.,1.));
#6818=DIRECTION('',(0.,1.,0.));
#6819=DIRECTION('',(0.997062853688691,-0.0765876347340965,0.));
#6820=DIRECTION('',(0.99999999999977,-6.78724973113274E-7,0.));
#6821=DIRECTION('',(-4.94719722610163E-6,0.999999999987763,0.));
#6822=DIRECTION('',(0.,1.,0.));
#6823=DIRECTION('',(0.,1.,0.));
#6824=DIRECTION('',(-0.712824861106847,-0.701342083000874,9.96667044718253E-15));
#6825=DIRECTION('',(-1.,0.,0.));
#6826=DIRECTION('',(-1.,0.,0.));
#6827=DIRECTION('',(-1.,0.,0.));
#6828=DIRECTION('',(-0.712824861106874,-0.701342083000846,4.98333522359107E-15));
#6829=DIRECTION('',(-1.,0.,0.));
#6830=DIRECTION('',(0.,1.,0.));
#6831=DIRECTION('',(0.,0.,1.));
#6832=DIRECTION('',(0.997062854936919,-0.0765876184839287,0.));
#6833=DIRECTION('',(0.,0.,-1.));
#6834=DIRECTION('',(0.,0.,1.));
#6835=DIRECTION('',(0.,0.,1.));
#6836=DIRECTION('',(0.,4.54747351739081E-13,-1.));
#6837=DIRECTION('',(5.62194699682557E-7,-0.999999999999842,0.));
#6838=DIRECTION('',(0.,0.,1.));
#6839=DIRECTION('',(2.06795153913472E-25,-9.09494703477541E-13,-1.));
#6840=DIRECTION('',(0.,0.,-1.));
#6841=DIRECTION('',(-1.,0.,0.));
#6842=DIRECTION('',(0.,0.,-1.));
#6843=DIRECTION('',(0.,0.,1.));
#6844=DIRECTION('',(-1.,0.,0.));
#6845=DIRECTION('',(-1.,0.,0.));
#6846=DIRECTION('',(0.,0.,1.));
#6847=DIRECTION('',(0.,0.,-1.));
#6848=DIRECTION('',(0.,0.,-1.));
#6849=DIRECTION('',(0.,-1.,0.));
#6850=DIRECTION('',(-1.,0.,2.62716071119938E-9));
#6851=DIRECTION('',(0.,0.,1.));
#6852=DIRECTION('',(0.997062854936911,-0.0765876184840395,0.));
#6853=DIRECTION('',(0.,1.,0.));
#6854=DIRECTION('',(0.,0.,1.));
#6855=DIRECTION('',(0.,0.,1.));
#6856=DIRECTION('',(0.,0.,1.));
#6857=DIRECTION('',(0.,0.,-1.));
#6858=DIRECTION('',(0.,1.,0.));
#6859=DIRECTION('',(-0.712824861106705,-0.701342083001018,0.));
#6860=DIRECTION('',(-1.,0.,0.));
#6861=DIRECTION('',(-1.,0.,0.));
#6862=DIRECTION('',(0.,-1.,0.));
#6863=DIRECTION('',(1.,0.,0.));
#6864=DIRECTION('',(0.,0.,1.));
#6865=DIRECTION('',(0.,0.,1.));
#6866=DIRECTION('',(0.,0.,1.));
#6867=DIRECTION('',(0.,-1.,0.));
#6868=DIRECTION('',(0.,0.,-1.));
#6869=DIRECTION('',(-0.930856632914067,-0.365384631532152,0.));
#6870=DIRECTION('',(0.,0.,1.));
#6871=DIRECTION('',(-1.,0.,0.));
#6872=DIRECTION('',(0.,0.,-1.));
#6873=DIRECTION('',(0.,0.,-1.));
#6874=DIRECTION('',(0.,0.,-1.));
#6875=DIRECTION('',(0.,0.,-1.));
#6876=DIRECTION('',(0.,1.,0.));
#6877=DIRECTION('',(-1.72329294281623E-26,-9.09494701772256E-13,-1.));
#6878=DIRECTION('',(0.295940788883149,0.955206286346159,0.));
#6879=DIRECTION('',(-4.54747350886206E-13,-2.27373675443116E-13,-1.));
#6880=DIRECTION('',(1.,0.,0.));
#6881=DIRECTION('',(0.,0.,-1.));
#6882=DIRECTION('',(0.295940788883187,-0.955206286346147,0.));
#6883=DIRECTION('',(4.5474735087797E-13,-2.50111042982845E-12,-1.));
#6884=DIRECTION('',(0.,-1.,0.));
#6885=DIRECTION('',(-1.29246970711668E-26,-2.27373675443452E-13,-1.));
#6886=DIRECTION('',(-0.930856632914106,-0.365384631532052,0.));
#6887=DIRECTION('',(4.54747350886516E-13,4.54747350886645E-13,1.));
#6888=DIRECTION('',(0.,0.,-1.));
#6889=DIRECTION('',(0.,0.,-1.));
#6890=DIRECTION('',(0.,0.,-1.));
#6891=DIRECTION('',(0.,0.,-1.));
#6892=DIRECTION('',(-0.999999999999999,-7.10542735760094E-14,5.23160110788012E-8));
#6893=DIRECTION('',(-1.,0.,0.));
#6894=DIRECTION('',(-1.,0.,0.));
#6895=DIRECTION('',(0.,0.,-1.));
#6896=DIRECTION('',(5.62194827580218E-7,-0.999999999999842,0.));
#6897=DIRECTION('',(0.,-1.,0.));
#6898=DIRECTION('',(0.,1.,0.));
#6899=DIRECTION('',(0.,0.,-1.));
#6900=DIRECTION('',(0.,0.,1.));
#6901=DIRECTION('',(0.,-1.,0.));
#6902=DIRECTION('',(0.,0.,-1.));
#6903=DIRECTION('',(0.,0.,-1.));
#6904=DIRECTION('',(0.,-1.,0.));
#6905=DIRECTION('',(0.,1.,-2.96772952879101E-8));
#6906=DIRECTION('',(0.,0.,-1.));
#6907=DIRECTION('',(0.,0.,1.));
#6908=DIRECTION('',(0.,0.,1.));
#6909=DIRECTION('',(0.,0.,1.));
#6910=DIRECTION('',(0.,0.,-1.));
#6911=DIRECTION('',(0.,0.,-1.));
#6912=DIRECTION('',(0.,1.,0.));
#6913=DIRECTION('',(0.,0.,-1.));
#6914=DIRECTION('',(0.,-1.,-8.50801029628213E-9));
#6915=DIRECTION('',(0.,1.,0.));
#6916=DIRECTION('',(0.,0.,-1.));
#6917=DIRECTION('',(0.,-1.,-8.50795345286327E-9));
#6918=DIRECTION('',(0.,0.,1.));
#6919=DIRECTION('',(1.,0.,0.));
#6920=CARTESIAN_POINT('',(0.,0.,0.));
#6921=CARTESIAN_POINT('',(2932.23189935016,-1327.36225406052,651.756621623164));
#6922=CARTESIAN_POINT('',(2929.88804247064,-1327.36225406052,648.756621623164));
#6923=CARTESIAN_POINT('',(2932.23189935016,-1322.518397181,651.756621623164));
#6924=CARTESIAN_POINT('',(2929.88804247064,-1324.86225406052,648.756621623164));
#6925=CARTESIAN_POINT('',(2927.38804247064,-1322.518397181,651.756621623164));
#6926=CARTESIAN_POINT('',(2927.38804247064,-1324.86225406052,648.756621623164));
#6927=CARTESIAN_POINT('',(2922.54418559112,-1322.518397181,651.756621623164));
#6928=CARTESIAN_POINT('',(2924.88804247064,-1324.86225406052,648.756621623164));
#6929=CARTESIAN_POINT('',(2922.54418559112,-1327.36225406052,651.756621623164));
#6930=CARTESIAN_POINT('',(2924.88804247064,-1327.36225406052,648.756621623164));
#6931=CARTESIAN_POINT('',(2932.23189935016,-1267.36225406302,651.756621623164));
#6932=CARTESIAN_POINT('',(2932.23189935016,-1272.20611094254,651.756621623164));
#6933=CARTESIAN_POINT('',(2927.38804247064,-1272.20611094254,651.756621623164));
#6934=CARTESIAN_POINT('',(2922.54418559112,-1272.20611094254,651.756621623164));
#6935=CARTESIAN_POINT('',(2922.54418559112,-1267.36225406302,651.756621623164));
#6936=CARTESIAN_POINT('',(2929.88804247064,-1267.36225406302,648.756621623164));
#6937=CARTESIAN_POINT('',(2929.88804247064,-1269.86225406302,648.756621623164));
#6938=CARTESIAN_POINT('',(2927.38804247064,-1269.86225406302,648.756621623164));
#6939=CARTESIAN_POINT('',(2924.88804247064,-1269.86225406302,648.756621623164));
#6940=CARTESIAN_POINT('',(2924.88804247064,-1267.36225406302,648.756621623164));
#6941=CARTESIAN_POINT('',(2922.54418559112,-1327.36225406052,651.756621623164));
#6942=CARTESIAN_POINT('',(2924.88804247064,-1327.36225406052,648.756621623164));
#6943=CARTESIAN_POINT('',(2922.54418559112,-1332.20611094004,651.756621623165));
#6944=CARTESIAN_POINT('',(2924.88804247064,-1329.86225406052,648.756621623164));
#6945=CARTESIAN_POINT('',(2927.38804247064,-1332.20611094004,651.756621623165));
#6946=CARTESIAN_POINT('',(2927.38804247064,-1329.86225406052,648.756621623164));
#6947=CARTESIAN_POINT('',(2932.23189935016,-1332.20611094004,651.756621623165));
#6948=CARTESIAN_POINT('',(2929.88804247064,-1329.86225406052,648.756621623164));
#6949=CARTESIAN_POINT('',(2932.23189935016,-1327.36225406052,651.756621623164));
#6950=CARTESIAN_POINT('',(2929.88804247064,-1327.36225406052,648.756621623164));
#6951=CARTESIAN_POINT('',(2922.54418559112,-1267.36225406302,651.756621623164));
#6952=CARTESIAN_POINT('',(2922.54418559112,-1262.5183971835,651.756621623164));
#6953=CARTESIAN_POINT('',(2927.38804247064,-1262.5183971835,651.756621623164));
#6954=CARTESIAN_POINT('',(2932.23189935016,-1262.5183971835,651.756621623164));
#6955=CARTESIAN_POINT('',(2932.23189935016,-1267.36225406302,651.756621623164));
#6956=CARTESIAN_POINT('',(2924.88804247064,-1267.36225406302,648.756621623164));
#6957=CARTESIAN_POINT('',(2924.88804247064,-1264.86225406302,648.756621623164));
#6958=CARTESIAN_POINT('',(2927.38804247064,-1264.86225406302,648.756621623164));
#6959=CARTESIAN_POINT('',(2929.88804247064,-1264.86225406302,648.756621623164));
#6960=CARTESIAN_POINT('',(2929.88804247064,-1267.36225406302,648.756621623164));
#6961=CARTESIAN_POINT('',(2962.91813244514,-1284.9632928017,658.207157713802));
#6962=CARTESIAN_POINT('',(2962.91813244514,-1284.9632928017,644.934010090415));
#6963=CARTESIAN_POINT('',(2962.38442981259,-1284.70676476308,658.207157713802));
#6964=CARTESIAN_POINT('',(2962.38442981259,-1284.70676476308,644.934010090415));
#6965=CARTESIAN_POINT('',(2961.87108570222,-1284.4184856834,658.207157713802));
#6966=CARTESIAN_POINT('',(2961.87108570222,-1284.4184856834,644.934010090415));
#6967=CARTESIAN_POINT('',(2961.38634810514,-1284.1108038021,658.207157713802));
#6968=CARTESIAN_POINT('',(2961.38634810514,-1284.1108038021,644.934010090415));
#6969=CARTESIAN_POINT('',(2959.63555419772,-1282.99950654263,658.207157713802));
#6970=CARTESIAN_POINT('',(2959.63555419772,-1282.99950654263,644.934010090415));
#6971=CARTESIAN_POINT('',(2958.01065909341,-1281.48204628543,658.207157713802));
#6972=CARTESIAN_POINT('',(2958.01065909341,-1281.48204628543,644.934010090415));
#6973=CARTESIAN_POINT('',(2956.81774577727,-1279.78196836944,658.207157713802));
#6974=CARTESIAN_POINT('',(2956.81774577727,-1279.78196836944,644.934010090415));
#6975=CARTESIAN_POINT('',(2956.10448784412,-1278.76547031869,658.207157713802));
#6976=CARTESIAN_POINT('',(2956.10448784412,-1278.76547031869,644.934010090415));
#6977=CARTESIAN_POINT('',(2955.55848379104,-1277.7025774626,658.207157713802));
#6978=CARTESIAN_POINT('',(2955.55848379104,-1277.7025774626,644.934010090415));
#6979=CARTESIAN_POINT('',(2955.00729200537,-1276.59404054396,658.207157713802));
#6980=CARTESIAN_POINT('',(2955.00729200537,-1276.59404054396,644.934010090415));
#6981=CARTESIAN_POINT('',(2955.00617071719,-1276.59178544985,658.207157713802));
#6982=CARTESIAN_POINT('',(2955.00617071719,-1276.59178544985,644.934010090415));
#6983=CARTESIAN_POINT('',(2955.00504947578,-1276.58953031324,658.207157713802));
#6984=CARTESIAN_POINT('',(2955.00504947578,-1276.58953031324,644.934010090415));
#6985=CARTESIAN_POINT('',(2955.00392828117,-1276.58727513415,658.207157713802));
#6986=CARTESIAN_POINT('',(2955.00392828117,-1276.58727513415,644.934010090415));
#6987=CARTESIAN_POINT('',(2953.53603838689,-1273.63475059876,658.207157713802));
#6988=CARTESIAN_POINT('',(2953.53603838689,-1273.63475059876,644.934010090415));
#6989=CARTESIAN_POINT('',(2952.14835653052,-1270.60940562749,658.207157713802));
#6990=CARTESIAN_POINT('',(2952.14835653052,-1270.60940562749,644.934010090415));
#6991=CARTESIAN_POINT('',(2950.86722332101,-1267.52627238206,658.207157713802));
#6992=CARTESIAN_POINT('',(2950.86722332101,-1267.52627238206,644.934010090415));
#6993=CARTESIAN_POINT('',(2950.51322147841,-1262.91772599721,702.065410125517));
#6994=CARTESIAN_POINT('',(2950.51322591165,-1262.91772599721,658.207157590502));
#6995=CARTESIAN_POINT('',(2950.51322147841,-1256.38600364472,702.06541012504));
#6996=CARTESIAN_POINT('',(2950.51322147838,-1256.38595982897,658.207157590502));
#6997=CARTESIAN_POINT('',(2920.87617338812,-1323.70932846336,651.756621623164));
#6998=CARTESIAN_POINT('',(2911.5321079295,-1323.70932846336,651.756621623164));
#6999=CARTESIAN_POINT('',(2902.18804247089,-1323.70932846336,651.756621623164));
#7000=CARTESIAN_POINT('',(2898.18804247087,-1323.70932846335,651.756621623188));
#7001=CARTESIAN_POINT('',(2898.18804247089,-1323.70932846336,647.756621623164));
#7002=CARTESIAN_POINT('',(2898.18804247089,-1323.70932846336,646.345315939463));
#7003=CARTESIAN_POINT('',(2898.18804247089,-1323.70932846336,644.934010255762));
#7004=CARTESIAN_POINT('',(2920.87617338812,-1317.04266179673,651.756621623164));
#7005=CARTESIAN_POINT('',(2911.5321079295,-1317.04266179673,651.756621623164));
#7006=CARTESIAN_POINT('',(2902.18804247089,-1317.04266179673,651.756621623164));
#7007=CARTESIAN_POINT('',(2898.18804247087,-1317.04266179673,651.756621623188));
#7008=CARTESIAN_POINT('',(2898.18804247089,-1317.04266179673,647.756621623165));
#7009=CARTESIAN_POINT('',(2898.18804247089,-1317.04266179673,646.345315939463));
#7010=CARTESIAN_POINT('',(2898.18804247089,-1317.04266179673,644.934010255762));
#7011=CARTESIAN_POINT('',(2920.87617338812,-1310.3759951301,651.756621623164));
#7012=CARTESIAN_POINT('',(2911.5321079295,-1310.3759951301,651.756621623164));
#7013=CARTESIAN_POINT('',(2902.18804247089,-1310.3759951301,651.756621623164));
#7014=CARTESIAN_POINT('',(2898.18804247087,-1310.3759951301,651.756621623188));
#7015=CARTESIAN_POINT('',(2898.18804247089,-1310.3759951301,647.756621623164));
#7016=CARTESIAN_POINT('',(2898.18804247089,-1310.3759951301,646.345315939463));
#7017=CARTESIAN_POINT('',(2898.18804247089,-1310.3759951301,644.934010255762));
#7018=CARTESIAN_POINT('',(2920.87617338812,-1303.70932846348,651.756621623164));
#7019=CARTESIAN_POINT('',(2911.5321079295,-1303.70932846348,651.756621623164));
#7020=CARTESIAN_POINT('',(2902.18804247089,-1303.70932846348,651.756621623164));
#7021=CARTESIAN_POINT('',(2898.18804247087,-1303.70932846347,651.756621623188));
#7022=CARTESIAN_POINT('',(2898.18804247089,-1303.70932846348,647.756621623164));
#7023=CARTESIAN_POINT('',(2898.18804247089,-1303.70932846348,646.345315939463));
#7024=CARTESIAN_POINT('',(2898.18804247089,-1303.70932846348,644.934010255762));
#7025=CARTESIAN_POINT('',(2991.91893251019,-1239.49721975374,644.389253774565));
#7026=CARTESIAN_POINT('',(2990.20773224524,-1252.37749986236,644.389253774565));
#7027=CARTESIAN_POINT('',(2985.69174992013,-1265.04317008761,644.389253774565));
#7028=CARTESIAN_POINT('',(2979.9483733976,-1276.59404054396,644.389253774565));
#7029=CARTESIAN_POINT('',(2979.40820246334,-1277.68041272616,644.389253774565));
#7030=CARTESIAN_POINT('',(2978.85717447722,-1278.75692382303,644.389253774565));
#7031=CARTESIAN_POINT('',(2978.1379196257,-1279.78196836944,644.389253774565));
#7032=CARTESIAN_POINT('',(2975.70762054787,-1283.24550401414,644.389253774565));
#7033=CARTESIAN_POINT('',(2971.35666719638,-1286.12144355827,644.389253774565));
#7034=CARTESIAN_POINT('',(2967.47783270149,-1286.09186796042,644.389253774565));
#7035=CARTESIAN_POINT('',(2963.5989982066,-1286.12144355827,644.389253774565));
#7036=CARTESIAN_POINT('',(2959.2480448551,-1283.24550401414,644.389253774565));
#7037=CARTESIAN_POINT('',(2956.81774577727,-1279.78196836944,644.389253774565));
#7038=CARTESIAN_POINT('',(2956.09849092576,-1278.75692382303,644.389253774565));
#7039=CARTESIAN_POINT('',(2955.54746293963,-1277.68041272616,644.389253774565));
#7040=CARTESIAN_POINT('',(2955.00729200537,-1276.59404054396,644.389253774565));
#7041=CARTESIAN_POINT('',(2949.26391548285,-1265.04317008761,644.389253774565));
#7042=CARTESIAN_POINT('',(2944.74793315773,-1252.37749986236,644.389253774565));
#7043=CARTESIAN_POINT('',(2943.03673289278,-1239.49721975374,644.389253774565));
#7044=CARTESIAN_POINT('',(2991.91893251019,-1239.49721975374,707.560918161269));
#7045=CARTESIAN_POINT('',(2990.20773224524,-1252.37749986236,707.560918161269));
#7046=CARTESIAN_POINT('',(2985.69174992013,-1265.04317008761,707.560918161269));
#7047=CARTESIAN_POINT('',(2979.9483733976,-1276.59404054396,707.560918161269));
#7048=CARTESIAN_POINT('',(2979.40820246334,-1277.68041272616,707.560918161269));
#7049=CARTESIAN_POINT('',(2978.85717447722,-1278.75692382303,707.560918161269));
#7050=CARTESIAN_POINT('',(2978.1379196257,-1279.78196836944,707.560918161269));
#7051=CARTESIAN_POINT('',(2975.70762054787,-1283.24550401414,707.560918161269));
#7052=CARTESIAN_POINT('',(2971.35666719638,-1286.12144355827,707.560918161269));
#7053=CARTESIAN_POINT('',(2967.47783270149,-1286.09186796042,707.560918161269));
#7054=CARTESIAN_POINT('',(2963.5989982066,-1286.12144355827,707.560918161269));
#7055=CARTESIAN_POINT('',(2959.2480448551,-1283.24550401414,707.560918161269));
#7056=CARTESIAN_POINT('',(2956.81774577727,-1279.78196836944,707.560918161269));
#7057=CARTESIAN_POINT('',(2956.09849092576,-1278.75692382303,707.560918161269));
#7058=CARTESIAN_POINT('',(2955.54746293963,-1277.68041272616,707.560918161269));
#7059=CARTESIAN_POINT('',(2955.00729200537,-1276.59404054396,707.560918161269));
#7060=CARTESIAN_POINT('',(2949.26391548285,-1265.04317008761,707.560918161269));
#7061=CARTESIAN_POINT('',(2944.74793315773,-1252.37749986236,707.560918161269));
#7062=CARTESIAN_POINT('',(2943.03673289278,-1239.49721975374,707.560918161269));
#7063=CARTESIAN_POINT('',(3002.72376605281,-1327.36225406052,651.756621623164));
#7064=CARTESIAN_POINT('',(3002.72376605281,-1322.518397181,651.756621623164));
#7065=CARTESIAN_POINT('',(3007.56762293233,-1322.518397181,651.756621623164));
#7066=CARTESIAN_POINT('',(3012.41147981185,-1322.518397181,651.756621623164));
#7067=CARTESIAN_POINT('',(3012.41147981185,-1327.36225406052,651.756621623164));
#7068=CARTESIAN_POINT('',(3005.06762293233,-1327.36225406052,648.756621623164));
#7069=CARTESIAN_POINT('',(3005.06762293233,-1324.86225406052,648.756621623164));
#7070=CARTESIAN_POINT('',(3007.56762293233,-1324.86225406052,648.756621623164));
#7071=CARTESIAN_POINT('',(3010.06762293233,-1324.86225406052,648.756621623164));
#7072=CARTESIAN_POINT('',(3010.06762293233,-1327.36225406052,648.756621623164));
#7073=CARTESIAN_POINT('',(3002.72376605281,-1267.36225406302,651.756621623164));
#7074=CARTESIAN_POINT('',(3005.06762293233,-1267.36225406302,648.756621623164));
#7075=CARTESIAN_POINT('',(3002.72376605281,-1272.20611094254,651.756621623164));
#7076=CARTESIAN_POINT('',(3005.06762293233,-1269.86225406302,648.756621623164));
#7077=CARTESIAN_POINT('',(3007.56762293233,-1272.20611094254,651.756621623164));
#7078=CARTESIAN_POINT('',(3007.56762293233,-1269.86225406302,648.756621623164));
#7079=CARTESIAN_POINT('',(3012.41147981185,-1272.20611094254,651.756621623164));
#7080=CARTESIAN_POINT('',(3010.06762293233,-1269.86225406302,648.756621623164));
#7081=CARTESIAN_POINT('',(3012.41147981185,-1267.36225406302,651.756621623164));
#7082=CARTESIAN_POINT('',(3010.06762293233,-1267.36225406302,648.756621623164));
#7083=CARTESIAN_POINT('',(3012.41147981185,-1327.36225406052,651.756621623164));
#7084=CARTESIAN_POINT('',(3012.41147981185,-1332.20611094004,651.756621623165));
#7085=CARTESIAN_POINT('',(3007.56762293233,-1332.20611094004,651.756621623165));
#7086=CARTESIAN_POINT('',(3002.72376605281,-1332.20611094004,651.756621623165));
#7087=CARTESIAN_POINT('',(3002.72376605281,-1327.36225406052,651.756621623164));
#7088=CARTESIAN_POINT('',(3010.06762293233,-1327.36225406052,648.756621623164));
#7089=CARTESIAN_POINT('',(3010.06762293233,-1329.86225406052,648.756621623164));
#7090=CARTESIAN_POINT('',(3007.56762293233,-1329.86225406052,648.756621623164));
#7091=CARTESIAN_POINT('',(3005.06762293233,-1329.86225406052,648.756621623164));
#7092=CARTESIAN_POINT('',(3005.06762293233,-1327.36225406052,648.756621623164));
#7093=CARTESIAN_POINT('',(3012.41147981185,-1267.36225406302,651.756621623164));
#7094=CARTESIAN_POINT('',(3010.06762293233,-1267.36225406302,648.756621623164));
#7095=CARTESIAN_POINT('',(3012.41147981185,-1262.5183971835,651.756621623164));
#7096=CARTESIAN_POINT('',(3010.06762293233,-1264.86225406302,648.756621623164));
#7097=CARTESIAN_POINT('',(3007.56762293233,-1262.5183971835,651.756621623164));
#7098=CARTESIAN_POINT('',(3007.56762293233,-1264.86225406302,648.756621623164));
#7099=CARTESIAN_POINT('',(3002.72376605281,-1262.5183971835,651.756621623164));
#7100=CARTESIAN_POINT('',(3005.06762293233,-1264.86225406302,648.756621623164));
#7101=CARTESIAN_POINT('',(3002.72376605281,-1267.36225406302,651.756621623164));
#7102=CARTESIAN_POINT('',(3005.06762293233,-1267.36225406302,648.756621623164));
#7103=CARTESIAN_POINT('',(2972.03753295783,-1284.9632928017,658.207157713802));
#7104=CARTESIAN_POINT('',(2972.57123559038,-1284.70676476308,658.207157713802));
#7105=CARTESIAN_POINT('',(2973.08457970075,-1284.4184856834,658.207157713802));
#7106=CARTESIAN_POINT('',(2973.56931729783,-1284.1108038021,658.207157713802));
#7107=CARTESIAN_POINT('',(2975.32011120525,-1282.99950654263,658.207157713802));
#7108=CARTESIAN_POINT('',(2976.94500630957,-1281.48204628543,658.207157713802));
#7109=CARTESIAN_POINT('',(2978.1379196257,-1279.78196836944,658.207157713802));
#7110=CARTESIAN_POINT('',(2978.85117755885,-1278.76547031869,658.207157713802));
#7111=CARTESIAN_POINT('',(2979.39718161193,-1277.7025774626,658.207157713802));
#7112=CARTESIAN_POINT('',(2979.9483733976,-1276.59404054396,658.207157713802));
#7113=CARTESIAN_POINT('',(2979.94949468579,-1276.59178544985,658.207157713802));
#7114=CARTESIAN_POINT('',(2979.95061592719,-1276.58953031324,658.207157713802));
#7115=CARTESIAN_POINT('',(2979.9517371218,-1276.58727513415,658.207157713802));
#7116=CARTESIAN_POINT('',(2981.41962701608,-1273.63475059876,658.207157713802));
#7117=CARTESIAN_POINT('',(2982.80730887246,-1270.60940562749,658.207157713802));
#7118=CARTESIAN_POINT('',(2984.08844208196,-1267.52627238206,658.207157713802));
#7119=CARTESIAN_POINT('',(2972.03753295783,-1284.9632928017,644.934010090415));
#7120=CARTESIAN_POINT('',(2972.57123559038,-1284.70676476308,644.934010090415));
#7121=CARTESIAN_POINT('',(2973.08457970075,-1284.4184856834,644.934010090415));
#7122=CARTESIAN_POINT('',(2973.56931729783,-1284.1108038021,644.934010090415));
#7123=CARTESIAN_POINT('',(2975.32011120525,-1282.99950654263,644.934010090415));
#7124=CARTESIAN_POINT('',(2976.94500630957,-1281.48204628543,644.934010090415));
#7125=CARTESIAN_POINT('',(2978.1379196257,-1279.78196836944,644.934010090415));
#7126=CARTESIAN_POINT('',(2978.85117755885,-1278.76547031869,644.934010090415));
#7127=CARTESIAN_POINT('',(2979.39718161193,-1277.7025774626,644.934010090415));
#7128=CARTESIAN_POINT('',(2979.9483733976,-1276.59404054396,644.934010090415));
#7129=CARTESIAN_POINT('',(2979.94949468579,-1276.59178544985,644.934010090415));
#7130=CARTESIAN_POINT('',(2979.95061592719,-1276.58953031324,644.934010090415));
#7131=CARTESIAN_POINT('',(2979.9517371218,-1276.58727513415,644.934010090415));
#7132=CARTESIAN_POINT('',(2981.41962701608,-1273.63475059876,644.934010090415));
#7133=CARTESIAN_POINT('',(2982.80730887246,-1270.60940562749,644.934010090415));
#7134=CARTESIAN_POINT('',(2984.08844208196,-1267.52627238206,644.934010090415));
#7135=CARTESIAN_POINT('',(2984.44244392456,-1262.91772599721,702.065410125517));
#7136=CARTESIAN_POINT('',(2984.44244392456,-1256.38600364472,702.06541012504));
#7137=CARTESIAN_POINT('',(2984.44243949132,-1262.91772599721,658.207157590502));
#7138=CARTESIAN_POINT('',(2984.4424439246,-1256.38595982897,658.207157590502));
#7139=CARTESIAN_POINT('',(3014.07949201486,-1323.70932846336,651.756621623164));
#7140=CARTESIAN_POINT('',(3014.07949201486,-1317.04266179673,651.756621623164));
#7141=CARTESIAN_POINT('',(3014.07949201486,-1310.3759951301,651.756621623164));
#7142=CARTESIAN_POINT('',(3014.07949201486,-1303.70932846348,651.756621623164));
#7143=CARTESIAN_POINT('',(3023.42355747347,-1323.70932846336,651.756621623164));
#7144=CARTESIAN_POINT('',(3023.42355747347,-1317.04266179673,651.756621623164));
#7145=CARTESIAN_POINT('',(3023.42355747347,-1310.3759951301,651.756621623164));
#7146=CARTESIAN_POINT('',(3023.42355747347,-1303.70932846348,651.756621623164));
#7147=CARTESIAN_POINT('',(3032.76762293208,-1323.70932846336,651.756621623164));
#7148=CARTESIAN_POINT('',(3032.76762293208,-1317.04266179673,651.756621623164));
#7149=CARTESIAN_POINT('',(3032.76762293208,-1310.3759951301,651.756621623164));
#7150=CARTESIAN_POINT('',(3032.76762293208,-1303.70932846348,651.756621623164));
#7151=CARTESIAN_POINT('',(3036.7676229321,-1323.70932846335,651.756621623188));
#7152=CARTESIAN_POINT('',(3036.7676229321,-1317.04266179673,651.756621623188));
#7153=CARTESIAN_POINT('',(3036.7676229321,-1310.3759951301,651.756621623188));
#7154=CARTESIAN_POINT('',(3036.7676229321,-1303.70932846347,651.756621623188));
#7155=CARTESIAN_POINT('',(3036.76762293208,-1323.70932846336,647.756621623164));
#7156=CARTESIAN_POINT('',(3036.76762293208,-1317.04266179673,647.756621623165));
#7157=CARTESIAN_POINT('',(3036.76762293208,-1310.3759951301,647.756621623164));
#7158=CARTESIAN_POINT('',(3036.76762293208,-1303.70932846348,647.756621623164));
#7159=CARTESIAN_POINT('',(3036.76762293208,-1323.70932846336,646.345315939463));
#7160=CARTESIAN_POINT('',(3036.76762293208,-1317.04266179673,646.345315939463));
#7161=CARTESIAN_POINT('',(3036.76762293208,-1310.3759951301,646.345315939463));
#7162=CARTESIAN_POINT('',(3036.76762293208,-1303.70932846348,646.345315939463));
#7163=CARTESIAN_POINT('',(3036.76762293208,-1323.70932846336,644.934010255762));
#7164=CARTESIAN_POINT('',(3036.76762293208,-1317.04266179673,644.934010255762));
#7165=CARTESIAN_POINT('',(3036.76762293208,-1310.3759951301,644.934010255762));
#7166=CARTESIAN_POINT('',(3036.76762293208,-1303.70932846348,644.934010255762));
#7167=CARTESIAN_POINT('',(2943.03673289278,-1239.49721975374,644.389253774565));
#7168=CARTESIAN_POINT('',(2943.03673289278,-1239.49721975374,707.560918161269));
#7169=CARTESIAN_POINT('',(2944.74793315773,-1252.37749986236,644.389253774565));
#7170=CARTESIAN_POINT('',(2944.74793315773,-1252.37749986236,707.560918161269));
#7171=CARTESIAN_POINT('',(2949.26391548285,-1265.04317008761,644.389253774565));
#7172=CARTESIAN_POINT('',(2949.26391548285,-1265.04317008761,707.560918161269));
#7173=CARTESIAN_POINT('',(2955.00729200537,-1276.59404054396,644.389253774565));
#7174=CARTESIAN_POINT('',(2955.00729200537,-1276.59404054396,707.560918161269));
#7175=CARTESIAN_POINT('',(2955.54746293963,-1277.68041272616,644.389253774565));
#7176=CARTESIAN_POINT('',(2955.54746293963,-1277.68041272616,707.560918161269));
#7177=CARTESIAN_POINT('',(2956.09849092576,-1278.75692382303,644.389253774565));
#7178=CARTESIAN_POINT('',(2956.09849092576,-1278.75692382303,707.560918161269));
#7179=CARTESIAN_POINT('',(2956.81774577727,-1279.78196836944,644.389253774565));
#7180=CARTESIAN_POINT('',(2956.81774577727,-1279.78196836944,707.560918161269));
#7181=CARTESIAN_POINT('',(2959.2480448551,-1283.24550401414,644.389253774565));
#7182=CARTESIAN_POINT('',(2959.2480448551,-1283.24550401414,707.560918161269));
#7183=CARTESIAN_POINT('',(2963.5989982066,-1286.12144355827,644.389253774565));
#7184=CARTESIAN_POINT('',(2963.5989982066,-1286.12144355827,707.560918161269));
#7185=CARTESIAN_POINT('',(2967.47783270149,-1286.09186796042,644.389253774565));
#7186=CARTESIAN_POINT('',(2967.47783270149,-1286.09186796042,707.560918161269));
#7187=CARTESIAN_POINT('',(2971.35666719638,-1286.12144355827,644.389253774565));
#7188=CARTESIAN_POINT('',(2971.35666719638,-1286.12144355827,707.560918161269));
#7189=CARTESIAN_POINT('',(2975.70762054787,-1283.24550401414,644.389253774565));
#7190=CARTESIAN_POINT('',(2975.70762054787,-1283.24550401414,707.560918161269));
#7191=CARTESIAN_POINT('',(2978.1379196257,-1279.78196836944,644.389253774565));
#7192=CARTESIAN_POINT('',(2978.1379196257,-1279.78196836944,707.560918161269));
#7193=CARTESIAN_POINT('',(2978.85717447722,-1278.75692382303,644.389253774565));
#7194=CARTESIAN_POINT('',(2978.85717447722,-1278.75692382303,707.560918161269));
#7195=CARTESIAN_POINT('',(2979.40820246334,-1277.68041272616,644.389253774565));
#7196=CARTESIAN_POINT('',(2979.40820246334,-1277.68041272616,707.560918161269));
#7197=CARTESIAN_POINT('',(2979.9483733976,-1276.59404054396,644.389253774565));
#7198=CARTESIAN_POINT('',(2979.9483733976,-1276.59404054396,707.560918161269));
#7199=CARTESIAN_POINT('',(2985.69174992013,-1265.04317008761,644.389253774565));
#7200=CARTESIAN_POINT('',(2985.69174992013,-1265.04317008761,707.560918161269));
#7201=CARTESIAN_POINT('',(2990.20773224524,-1252.37749986236,644.389253774565));
#7202=CARTESIAN_POINT('',(2990.20773224524,-1252.37749986236,707.560918161269));
#7203=CARTESIAN_POINT('',(2991.91893251019,-1239.49721975374,644.389253774565));
#7204=CARTESIAN_POINT('',(2991.91893251019,-1239.49721975374,707.560918161269));
#7205=CARTESIAN_POINT('',(2966.4075147527,0.,646.009409784664));
#7206=CARTESIAN_POINT('',(2966.4075147527,0.,647.179172614024));
#7207=CARTESIAN_POINT('',(2963.97783270149,0.,650.243233099274));
#7208=CARTESIAN_POINT('',(2970.97783270149,0.,650.243233099274));
#7209=CARTESIAN_POINT('',(2970.97783270149,0.,649.030858881983));
#7210=CARTESIAN_POINT('',(2968.54815065028,0.,647.179172614024));
#7211=CARTESIAN_POINT('',(2963.97783270149,0.,649.030858881983));
#7212=CARTESIAN_POINT('',(2970.97783270149,-1284.34484188162,648.956971405623));
#7213=CARTESIAN_POINT('',(2970.97783270149,-1283.15613300265,649.195345992815));
#7214=CARTESIAN_POINT('',(2970.97783270149,-1286.61022703399,660.253827654548));
#7215=CARTESIAN_POINT('',(2970.97783270149,-1285.42151815502,660.49220224174));
#7216=CARTESIAN_POINT('',(2970.97783270149,-1283.15613300265,649.195345992815));
#7217=CARTESIAN_POINT('',(2963.97783270149,-1283.15613300265,649.195345992815));
#7218=CARTESIAN_POINT('',(2970.97783270149,-1285.42151815502,660.49220224174));
#7219=CARTESIAN_POINT('',(2963.97783270149,-1285.42151815502,660.49220224174));
#7220=CARTESIAN_POINT('',(2963.97783270149,-1283.15613300265,649.195345992815));
#7221=CARTESIAN_POINT('',(2963.97783270149,-1284.34484188162,648.956971405623));
#7222=CARTESIAN_POINT('',(2963.97783270149,-1285.42151815502,660.49220224174));
#7223=CARTESIAN_POINT('',(2963.97783270149,-1286.61022703399,660.253827654548));
#7224=CARTESIAN_POINT('',(2902.18804247088,-1338.24742278384,647.756621623176));
#7225=CARTESIAN_POINT('',(2922.00436716839,-1346.36225406266,648.345617813481));
#7226=CARTESIAN_POINT('',(2920.3413699666,-1358.40975779112,652.558822385099));
#7227=CARTESIAN_POINT('',(2902.18804247089,-1348.59793997343,648.25603038618));
#7228=CARTESIAN_POINT('',(2898.18804247089,-1321.10046731235,644.531749119022));
#7229=CARTESIAN_POINT('',(2921.47841779849,-1358.36225406267,652.558882759905));
#7230=CARTESIAN_POINT('',(2918.36286897434,-1346.22996108688,650.756621623164));
#7231=CARTESIAN_POINT('',(2902.87684518066,-1347.47996108688,649.436621623164));
#7232=CARTESIAN_POINT('',(2904.39375643464,-1346.22996108688,650.756621623164));
#7233=CARTESIAN_POINT('',(2902.87684518066,-1344.97996108688,652.076621623164));
#7234=CARTESIAN_POINT('',(2901.37684518066,-1347.84996108688,649.756621623164));
#7235=CARTESIAN_POINT('',(2918.36286897434,-1331.22996108688,650.756621623164));
#7236=CARTESIAN_POINT('',(2902.87684518066,-1332.47996108688,649.436621623164));
#7237=CARTESIAN_POINT('',(2904.39375643464,-1331.22996108688,650.756621623164));
#7238=CARTESIAN_POINT('',(2902.87684518066,-1329.97996108688,652.076621623164));
#7239=CARTESIAN_POINT('',(2901.37684518066,-1332.84996108688,649.756621623164));
#7240=CARTESIAN_POINT('',(2918.36286897434,-1336.22996108688,650.756621623164));
#7241=CARTESIAN_POINT('',(2902.87684518066,-1337.47996108688,649.436621623164));
#7242=CARTESIAN_POINT('',(2904.39375643464,-1336.22996108688,650.756621623164));
#7243=CARTESIAN_POINT('',(2902.87684518066,-1334.97996108688,652.076621623164));
#7244=CARTESIAN_POINT('',(2901.37684518066,-1337.84996108688,649.756621623164));
#7245=CARTESIAN_POINT('',(2902.87684518066,-1342.47996108688,649.436621623164));
#7246=CARTESIAN_POINT('',(2904.39375643464,-1341.22996108688,650.756621623164));
#7247=CARTESIAN_POINT('',(2902.87684518066,-1339.97996108688,652.076621623164));
#7248=CARTESIAN_POINT('',(2918.36286897434,-1341.22996108688,650.756621623164));
#7249=CARTESIAN_POINT('',(2901.37684518066,-1342.84996108688,649.756621623164));
#7250=CARTESIAN_POINT('',(2902.87684518066,-1327.47996108688,649.436621623164));
#7251=CARTESIAN_POINT('',(2904.39375643464,-1326.22996108688,650.756621623164));
#7252=CARTESIAN_POINT('',(2902.87684518066,-1324.97996108688,652.076621623164));
#7253=CARTESIAN_POINT('',(2918.36286897434,-1326.22996108688,650.756621623164));
#7254=CARTESIAN_POINT('',(2901.37684518066,-1327.84996108688,649.756621623164));
#7255=CARTESIAN_POINT('',(2968.53203184378,-1259.42482100854,661.020433937848));
#7256=CARTESIAN_POINT('',(2957.08164213629,-1260.67453756014,661.251390406285));
#7257=CARTESIAN_POINT('',(2958.43911153763,-1258.1940321336,662.410216936054));
#7258=CARTESIAN_POINT('',(2927.38804247064,-1327.36225406052,648.256621623163));
#7259=CARTESIAN_POINT('',(2927.38804247064,-1267.36225406302,648.256621623163));
#7260=CARTESIAN_POINT('',(2927.38804247064,-1327.36225406052,648.256621623164));
#7261=CARTESIAN_POINT('',(2927.38804247064,-1267.36225406302,648.256621623164));
#7262=CARTESIAN_POINT('',(2920.02574849259,-1256.38600364472,647.236621623163));
#7263=CARTESIAN_POINT('',(2922.00436716839,-1268.38600364474,648.345617813488));
#7264=CARTESIAN_POINT('',(2902.18804247089,-1266.15031773396,648.25603038618));
#7265=CARTESIAN_POINT('',(2899.11598705055,-1262.91452088087,652.558822385099));
#7266=CARTESIAN_POINT('',(2927.38804247064,-1327.36225406052,646.345315939463));
#7267=CARTESIAN_POINT('',(2927.38804247064,-1267.36225406302,646.345315939462));
#7268=CARTESIAN_POINT('',(2927.38804247064,-1327.36225406052,646.345315939462));
#7269=CARTESIAN_POINT('',(2927.38804247064,-1267.36225406302,646.345315939463));
#7270=CARTESIAN_POINT('',(2920.02574849259,-1256.38600364472,644.531749119022));
#7271=CARTESIAN_POINT('',(2955.00729200537,-1317.59040182067,644.259707550048));
#7272=CARTESIAN_POINT('',(2918.36286897434,-1286.229961087,650.756621623164));
#7273=CARTESIAN_POINT('',(2902.87684518066,-1287.479961087,649.436621623164));
#7274=CARTESIAN_POINT('',(2904.39375643464,-1286.229961087,650.756621623164));
#7275=CARTESIAN_POINT('',(2902.87684518066,-1284.979961087,652.076621623164));
#7276=CARTESIAN_POINT('',(2901.37684518066,-1287.849961087,649.756621623164));
#7277=CARTESIAN_POINT('',(2918.36286897434,-1291.229961087,650.756621623164));
#7278=CARTESIAN_POINT('',(2902.87684518066,-1292.479961087,649.436621623164));
#7279=CARTESIAN_POINT('',(2904.39375643464,-1291.229961087,650.756621623164));
#7280=CARTESIAN_POINT('',(2902.87684518066,-1289.979961087,652.076621623164));
#7281=CARTESIAN_POINT('',(2901.37684518066,-1292.849961087,649.756621623164));
#7282=CARTESIAN_POINT('',(2918.36286897434,-1296.229961087,650.756621623164));
#7283=CARTESIAN_POINT('',(2902.87684518066,-1297.479961087,649.436621623164));
#7284=CARTESIAN_POINT('',(2904.39375643464,-1296.229961087,650.756621623164));
#7285=CARTESIAN_POINT('',(2902.87684518066,-1294.979961087,652.076621623164));
#7286=CARTESIAN_POINT('',(2901.37684518066,-1297.849961087,649.756621623164));
#7287=CARTESIAN_POINT('',(2902.87684518066,-1272.47996108712,649.436621623164));
#7288=CARTESIAN_POINT('',(2904.39375643464,-1271.22996108712,650.756621623164));
#7289=CARTESIAN_POINT('',(2902.87684518066,-1269.97996108712,652.076621623164));
#7290=CARTESIAN_POINT('',(2918.36286897434,-1271.22996108712,650.756621623164));
#7291=CARTESIAN_POINT('',(2901.37684518066,-1272.84996108712,649.756621623164));
#7292=CARTESIAN_POINT('',(2902.87684518066,-1302.479961087,649.436621623164));
#7293=CARTESIAN_POINT('',(2904.39375643464,-1301.229961087,650.756621623164));
#7294=CARTESIAN_POINT('',(2902.87684518066,-1299.979961087,652.076621623164));
#7295=CARTESIAN_POINT('',(2918.36286897434,-1301.229961087,650.756621623164));
#7296=CARTESIAN_POINT('',(2901.37684518066,-1302.849961087,649.756621623164));
#7297=CARTESIAN_POINT('',(2901.52982361433,-1282.479961087,649.436621623164));
#7298=CARTESIAN_POINT('',(2904.39375643464,-1281.229961087,650.756621623164));
#7299=CARTESIAN_POINT('',(2901.52982361433,-1279.979961087,652.076621623164));
#7300=CARTESIAN_POINT('',(2931.83308463763,-1281.229961087,650.756621623164));
#7301=CARTESIAN_POINT('',(2900.02982361433,-1282.849961087,649.756621623164));
#7302=CARTESIAN_POINT('',(2901.52982361433,-1277.479961087,649.436621623164));
#7303=CARTESIAN_POINT('',(2904.39375643464,-1276.229961087,650.756621623164));
#7304=CARTESIAN_POINT('',(2901.52982361433,-1274.979961087,652.076621623164));
#7305=CARTESIAN_POINT('',(2931.83308463763,-1276.229961087,650.756621623164));
#7306=CARTESIAN_POINT('',(2900.02982361433,-1277.849961087,649.756621623164));
#7307=CARTESIAN_POINT('',(2939.47828717125,-1256.38600364472,644.131749028084));
#7308=CARTESIAN_POINT('',(2950.46795876854,-1262.32841171634,650.99156802643));
#7309=CARTESIAN_POINT('',(2950.5132209536,-1255.6127831307,650.991568026387));
#7310=CARTESIAN_POINT('',(2949.50755259549,-1256.38595485373,659.654472336438));
#7311=CARTESIAN_POINT('',(2957.08164213629,-1260.42911077148,661.288229584949));
#7312=CARTESIAN_POINT('',(2958.66195225761,-1260.42911077148,664.428402054912));
#7313=CARTESIAN_POINT('',(2957.89341719453,-1259.42123607619,661.28822958495));
#7314=CARTESIAN_POINT('',(2958.13584127858,-1260.67453756014,661.28822958495));
#7315=CARTESIAN_POINT('',(2959.36990437071,-1258.1940321336,661.28822958495));
#7316=CARTESIAN_POINT('',(2959.36990437071,-1258.1940321336,669.658996176266));
#7317=CARTESIAN_POINT('',(2957.89341719453,-1259.42123607619,669.658996176349));
#7318=CARTESIAN_POINT('',(2958.13584127858,-1260.67453756014,669.658996176349));
#7319=CARTESIAN_POINT('',(2957.08164213629,-1260.42911077149,669.658996176349));
#7320=CARTESIAN_POINT('',(2948.6967603561,-1263.69089823246,702.065410125989));
#7321=CARTESIAN_POINT('',(2950.46795444733,-1262.32841304904,669.658996176714));
#7322=CARTESIAN_POINT('',(2959.7684332264,-1272.00973582079,661.92166727961));
#7323=CARTESIAN_POINT('',(2957.24869315498,-1269.48973227704,662.558437616085));
#7324=CARTESIAN_POINT('',(2954.72842051656,-1275.81168326584,697.5070911911));
#7325=CARTESIAN_POINT('',(2957.24868753422,-1273.29167972135,696.882134957541));
#7326=CARTESIAN_POINT('',(2968.05380279459,-1284.96329568895,662.446381480645));
#7327=CARTESIAN_POINT('',(2957.24869315498,-1269.48973227704,662.558437616084));
#7328=CARTESIAN_POINT('',(2957.24868753422,-1273.29167972283,696.882134957541));
#7329=CARTESIAN_POINT('',(2968.35119314004,-1288.11229462005,697.64906136257));
#7330=CARTESIAN_POINT('',(2959.94422831601,-1284.79988012897,695.997990460077));
#7331=CARTESIAN_POINT('',(2960.55922831602,-1284.79988012897,696.25717872394));
#7332=CARTESIAN_POINT('',(2954.55857708564,-1282.97406510692,663.19520795261));
#7333=CARTESIAN_POINT('',(2958.15074157382,-1282.69068853033,661.707576456777));
#7334=CARTESIAN_POINT('',(2958.15074157382,-1269.37514703003,661.707576456777));
#7335=CARTESIAN_POINT('',(2957.09803246104,-1286.87086476525,661.95190659275));
#7336=CARTESIAN_POINT('',(2957.2484240607,-1273.2916797217,699.786250658544));
#7337=CARTESIAN_POINT('',(2957.2484240607,-1273.2916797217,699.786250658544));
#7338=CARTESIAN_POINT('',(2953.62586787733,-1267.08760136407,701.338776839552));
#7339=CARTESIAN_POINT('',(2954.99422841174,-1266.01958536869,659.769010875149));
#7340=CARTESIAN_POINT('',(2948.6967603561,-1288.52929253664,702.065410125989));
#7341=CARTESIAN_POINT('',(2950.46795434244,-1262.32841168355,656.63646087779));
#7342=CARTESIAN_POINT('',(2949.50755318915,-1256.38600364472,653.701332337048));
#7343=CARTESIAN_POINT('',(2957.24842968226,-1269.48973227665,660.429797269878));
#7344=CARTESIAN_POINT('',(2957.24842968226,-1269.48973227665,660.429797269878));
#7345=CARTESIAN_POINT('',(2957.24842968226,-1269.48973227665,651.936012435004));
#7346=CARTESIAN_POINT('',(2962.24730018075,-1274.48860277514,658.937927260146));
#7347=CARTESIAN_POINT('',(2957.08164213629,-1260.42911077148,661.01292562358));
#7348=CARTESIAN_POINT('',(2957.89341719453,-1259.42123607619,661.012925623581));
#7349=CARTESIAN_POINT('',(2958.13584127858,-1260.67453756014,661.01292562358));
#7350=CARTESIAN_POINT('',(2959.36990437071,-1258.1940321336,661.687634806326));
#7351=CARTESIAN_POINT('',(2902.18804247088,-1282.83603453326,647.756621623176));
#7352=CARTESIAN_POINT('',(2898.18804247089,-1262.27441666101,644.531749119022));
#7353=CARTESIAN_POINT('',(2896.16902625588,-1341.8302356971,651.756621623164));
#7354=CARTESIAN_POINT('',(2898.65268725787,-1361.9475466226,651.756621623164));
#7355=CARTESIAN_POINT('',(2918.15187932561,-1356.07348334532,651.756621623164));
#7356=CARTESIAN_POINT('',(2925.36184448717,-1358.36225406267,652.558882759905));
#7357=CARTESIAN_POINT('',(2931.88402466907,-1354.36225406267,648.345617813489));
#7358=CARTESIAN_POINT('',(2934.79179237624,-1357.90177113921,644.131749119022));
#7359=CARTESIAN_POINT('',(2946.91911401315,-1337.95348334543,648.345617813489));
#7360=CARTESIAN_POINT('',(2953.18270426685,-1339.07119315449,650.231110428327));
#7361=CARTESIAN_POINT('',(2955.57669905807,-1278.73484861547,641.755212795024));
#7362=CARTESIAN_POINT('',(2923.26498647984,-1325.82932846335,641.755212960371));
#7363=CARTESIAN_POINT('',(2940.27694981415,-1361.9475466226,641.755212960371));
#7364=CARTESIAN_POINT('',(2949.64340807567,-1356.07348334532,641.755212960371));
#7365=CARTESIAN_POINT('',(3012.95129823458,-1256.38600364472,641.755212795024));
#7366=CARTESIAN_POINT('',(2922.00436716839,-1268.38600364473,643.344913482102));
#7367=CARTESIAN_POINT('',(2899.11598705055,-1262.91452088087,645.372554108158));
#7368=CARTESIAN_POINT('',(2902.18804247089,-1266.15031773396,643.344913482093));
#7369=CARTESIAN_POINT('',(2898.18804247089,-1257.78555551001,641.317272856027));
#7370=CARTESIAN_POINT('',(2902.18804247089,-1348.59793997344,643.344913482093));
#7371=CARTESIAN_POINT('',(2920.3413699666,-1358.40975779112,645.372554108158));
#7372=CARTESIAN_POINT('',(2922.00436716842,-1346.36225406245,643.344913482063));
#7373=CARTESIAN_POINT('',(2920.89640141832,-1358.36225406267,645.372554108157));
#7374=CARTESIAN_POINT('',(2931.88402466907,-1354.36225406267,643.344913482092));
#7375=CARTESIAN_POINT('',(2934.79179237624,-1357.90177113921,641.317272856027));
#7376=CARTESIAN_POINT('',(2946.91911401316,-1337.95348334545,643.344913482093));
#7377=CARTESIAN_POINT('',(2957.24842968226,-1269.48973227665,643.344655202444));
#7378=CARTESIAN_POINT('',(2927.38804247064,-1327.36225406052,643.34465536779));
#7379=CARTESIAN_POINT('',(2927.38804247064,-1267.36225406302,643.34465536779));
#7380=CARTESIAN_POINT('',(2957.24842968226,-1269.48973227665,643.344655202444));
#7381=CARTESIAN_POINT('',(2955.00729202828,-1284.84571989179,641.317309719058));
#7382=CARTESIAN_POINT('',(2955.00729200537,-1267.18862175872,641.198435290934));
#7383=CARTESIAN_POINT('',(2955.00729200537,-1289.24006982804,641.198435290934));
#7384=CARTESIAN_POINT('',(2961.44978954359,-1284.20899135157,646.122987835929));
#7385=CARTESIAN_POINT('',(2972.03753295783,-1284.96329792858,658.207158044584));
#7386=CARTESIAN_POINT('',(2944.74324214433,-1333.95348334545,652.558822385099));
#7387=CARTESIAN_POINT('',(2953.64023784428,-1314.42549122043,644.259707550048));
#7388=CARTESIAN_POINT('',(2968.22779550954,-1285.18198637615,653.285719664372));
#7389=CARTESIAN_POINT('',(2951.63319142339,-1339.07119315449,650.478884173312));
#7390=CARTESIAN_POINT('',(2951.63319142339,-1283.97638525505,653.686403213478));
#7391=CARTESIAN_POINT('',(2974.52681172455,-1341.8302356971,641.755212960371));
#7392=CARTESIAN_POINT('',(2968.8448867711,-1325.95125042959,641.75521296037));
#7393=CARTESIAN_POINT('',(2944.74324214433,-1333.95348334545,645.372554108157));
#7394=CARTESIAN_POINT('',(2953.64023784428,-1314.42549123343,641.317316437629));
#7395=CARTESIAN_POINT('',(3032.76762293209,-1338.24742278384,647.756621623175));
#7396=CARTESIAN_POINT('',(3012.95129823458,-1346.36225406266,648.345617813481));
#7397=CARTESIAN_POINT('',(3035.83967835242,-1351.83373682653,652.558822385099));
#7398=CARTESIAN_POINT('',(3032.76762293208,-1348.59793997343,648.25603038618));
#7399=CARTESIAN_POINT('',(3036.76762293208,-1351.20680112444,644.531749119022));
#7400=CARTESIAN_POINT('',(3008.36585516573,-1358.36225406267,652.558882759905));
#7401=CARTESIAN_POINT('',(3016.59279642863,-1346.22996108688,650.756621623164));
#7402=CARTESIAN_POINT('',(3015.07588517466,-1347.47996108688,649.436621623164));
#7403=CARTESIAN_POINT('',(3030.56190896833,-1346.22996108688,650.756621623164));
#7404=CARTESIAN_POINT('',(3015.07588517466,-1344.97996108688,652.076621623164));
#7405=CARTESIAN_POINT('',(3013.57588517466,-1347.84996108688,649.756621623164));
#7406=CARTESIAN_POINT('',(3016.59279642863,-1331.22996108688,650.756621623164));
#7407=CARTESIAN_POINT('',(3015.07588517466,-1332.47996108688,649.436621623164));
#7408=CARTESIAN_POINT('',(3030.56190896833,-1331.22996108688,650.756621623164));
#7409=CARTESIAN_POINT('',(3015.07588517466,-1329.97996108688,652.076621623164));
#7410=CARTESIAN_POINT('',(3013.57588517466,-1332.84996108688,649.756621623164));
#7411=CARTESIAN_POINT('',(3016.59279642863,-1336.22996108688,650.756621623164));
#7412=CARTESIAN_POINT('',(3015.07588517466,-1337.47996108688,649.436621623164));
#7413=CARTESIAN_POINT('',(3030.56190896833,-1336.22996108688,650.756621623164));
#7414=CARTESIAN_POINT('',(3015.07588517466,-1334.97996108688,652.076621623164));
#7415=CARTESIAN_POINT('',(3013.57588517466,-1337.84996108688,649.756621623164));
#7416=CARTESIAN_POINT('',(3015.07588517466,-1342.47996108688,649.436621623164));
#7417=CARTESIAN_POINT('',(3030.56190896833,-1341.22996108688,650.756621623164));
#7418=CARTESIAN_POINT('',(3015.07588517466,-1339.97996108688,652.076621623164));
#7419=CARTESIAN_POINT('',(3016.59279642863,-1341.22996108688,650.756621623164));
#7420=CARTESIAN_POINT('',(3013.57588517466,-1342.84996108688,649.756621623164));
#7421=CARTESIAN_POINT('',(3015.07588517466,-1327.47996108688,649.436621623164));
#7422=CARTESIAN_POINT('',(3030.56190896833,-1326.22996108688,650.756621623164));
#7423=CARTESIAN_POINT('',(3015.07588517466,-1324.97996108688,652.076621623164));
#7424=CARTESIAN_POINT('',(3016.59279642863,-1326.22996108688,650.756621623164));
#7425=CARTESIAN_POINT('',(3013.57588517466,-1327.84996108688,649.756621623164));
#7426=CARTESIAN_POINT('',(2977.87402326669,-1259.42482100854,661.020433937848));
#7427=CARTESIAN_POINT('',(2966.4236335592,-1260.67453756014,661.251390406285));
#7428=CARTESIAN_POINT('',(2966.54703986841,-1258.1940321336,662.410216936054));
#7429=CARTESIAN_POINT('',(3007.56762293233,-1327.36225406052,648.256621623163));
#7430=CARTESIAN_POINT('',(3007.56762293233,-1267.36225406302,648.256621623163));
#7431=CARTESIAN_POINT('',(3007.56762293233,-1327.36225406052,648.256621623164));
#7432=CARTESIAN_POINT('',(3007.56762293233,-1267.36225406302,648.256621623164));
#7433=CARTESIAN_POINT('',(2992.38649280074,-1256.38600364472,647.236621623163));
#7434=CARTESIAN_POINT('',(3012.95129823458,-1268.38600364474,648.345617813488));
#7435=CARTESIAN_POINT('',(3032.76762293208,-1266.15031773396,648.25603038618));
#7436=CARTESIAN_POINT('',(3014.61429543637,-1256.33849991628,652.558822385099));
#7437=CARTESIAN_POINT('',(3007.56762293233,-1327.36225406052,646.345315939463));
#7438=CARTESIAN_POINT('',(3007.56762293233,-1267.36225406302,646.345315939462));
#7439=CARTESIAN_POINT('',(3007.56762293233,-1327.36225406052,646.345315939462));
#7440=CARTESIAN_POINT('',(3007.56762293233,-1267.36225406302,646.345315939463));
#7441=CARTESIAN_POINT('',(2992.38649280074,-1256.38600364472,644.531749119022));
#7442=CARTESIAN_POINT('',(2979.9483733976,-1280.81147461775,644.259707550048));
#7443=CARTESIAN_POINT('',(3016.59279642863,-1286.229961087,650.756621623164));
#7444=CARTESIAN_POINT('',(3015.07588517466,-1287.479961087,649.436621623164));
#7445=CARTESIAN_POINT('',(3030.56190896833,-1286.229961087,650.756621623164));
#7446=CARTESIAN_POINT('',(3015.07588517466,-1284.979961087,652.076621623164));
#7447=CARTESIAN_POINT('',(3013.57588517466,-1287.849961087,649.756621623164));
#7448=CARTESIAN_POINT('',(3016.59279642863,-1291.229961087,650.756621623164));
#7449=CARTESIAN_POINT('',(3015.07588517466,-1292.479961087,649.436621623164));
#7450=CARTESIAN_POINT('',(3030.56190896833,-1291.229961087,650.756621623164));
#7451=CARTESIAN_POINT('',(3015.07588517466,-1289.979961087,652.076621623164));
#7452=CARTESIAN_POINT('',(3013.57588517466,-1292.849961087,649.756621623164));
#7453=CARTESIAN_POINT('',(3016.59279642863,-1296.229961087,650.756621623164));
#7454=CARTESIAN_POINT('',(3015.07588517466,-1297.479961087,649.436621623164));
#7455=CARTESIAN_POINT('',(3030.56190896833,-1296.229961087,650.756621623164));
#7456=CARTESIAN_POINT('',(3015.07588517466,-1294.979961087,652.076621623164));
#7457=CARTESIAN_POINT('',(3013.57588517466,-1297.849961087,649.756621623164));
#7458=CARTESIAN_POINT('',(3015.07588517466,-1272.47996108712,649.436621623164));
#7459=CARTESIAN_POINT('',(3030.56190896833,-1271.22996108712,650.756621623164));
#7460=CARTESIAN_POINT('',(3015.07588517466,-1269.97996108712,652.076621623164));
#7461=CARTESIAN_POINT('',(3016.59279642863,-1271.22996108712,650.756621623164));
#7462=CARTESIAN_POINT('',(3013.57588517466,-1272.84996108712,649.756621623164));
#7463=CARTESIAN_POINT('',(3015.07588517466,-1302.479961087,649.436621623164));
#7464=CARTESIAN_POINT('',(3030.56190896833,-1301.229961087,650.756621623164));
#7465=CARTESIAN_POINT('',(3015.07588517466,-1299.979961087,652.076621623164));
#7466=CARTESIAN_POINT('',(3016.59279642863,-1301.229961087,650.756621623164));
#7467=CARTESIAN_POINT('',(3013.57588517466,-1302.849961087,649.756621623164));
#7468=CARTESIAN_POINT('',(3000.25864794504,-1282.479961087,649.436621623164));
#7469=CARTESIAN_POINT('',(3030.56190896833,-1281.229961087,650.756621623164));
#7470=CARTESIAN_POINT('',(3000.25864794504,-1279.979961087,652.076621623164));
#7471=CARTESIAN_POINT('',(3003.12258076534,-1281.229961087,650.756621623164));
#7472=CARTESIAN_POINT('',(2998.75864794504,-1282.849961087,649.756621623164));
#7473=CARTESIAN_POINT('',(3000.25864794504,-1277.479961087,649.436621623164));
#7474=CARTESIAN_POINT('',(3030.56190896833,-1276.229961087,650.756621623164));
#7475=CARTESIAN_POINT('',(3000.25864794504,-1274.979961087,652.076621623164));
#7476=CARTESIAN_POINT('',(3003.12258076534,-1276.229961087,650.756621623164));
#7477=CARTESIAN_POINT('',(2998.75864794504,-1277.849961087,649.756621623164));
#7478=CARTESIAN_POINT('',(2983.33017716941,-1256.38600364472,644.131749028084));
#7479=CARTESIAN_POINT('',(2984.04317493885,-1268.11558666293,650.99156802643));
#7480=CARTESIAN_POINT('',(2984.44243896655,-1263.69090269548,650.991568026387));
#7481=CARTESIAN_POINT('',(2974.58009214938,-1256.38600861997,659.654472336438));
#7482=CARTESIAN_POINT('',(2966.4236335592,-1260.42911077148,661.288229584949));
#7483=CARTESIAN_POINT('',(2966.56729811568,-1260.42911077148,664.428402054912));
#7484=CARTESIAN_POINT('',(2975.34333694822,-1257.67418180693,661.28822958495));
#7485=CARTESIAN_POINT('',(2976.8198241244,-1258.92941609621,661.28822958495));
#7486=CARTESIAN_POINT('',(2975.58576103227,-1256.11254650937,661.28822958495));
#7487=CARTESIAN_POINT('',(2975.58576103227,-1256.11254650937,669.658996176266));
#7488=CARTESIAN_POINT('',(2975.34333694822,-1257.67418180693,669.658996176349));
#7489=CARTESIAN_POINT('',(2976.8198241244,-1258.92941609621,669.658996176349));
#7490=CARTESIAN_POINT('',(2966.4236335592,-1260.42911077149,669.658996176349));
#7491=CARTESIAN_POINT('',(2965.66137157918,-1263.69089823246,702.065410125989));
#7492=CARTESIAN_POINT('',(2984.04318058211,-1268.11557201959,669.658996176714));
#7493=CARTESIAN_POINT('',(2980.22723926486,-1272.00973582079,661.92166727961));
#7494=CARTESIAN_POINT('',(2977.70697224799,-1269.48973227704,662.558437616085));
#7495=CARTESIAN_POINT('',(2975.18723779813,-1275.81168326584,697.5070911911));
#7496=CARTESIAN_POINT('',(2977.70697786876,-1273.29167972135,696.882134957541));
#7497=CARTESIAN_POINT('',(2972.61350305093,-1284.96329247789,662.446381480645));
#7498=CARTESIAN_POINT('',(2977.70697224799,-1269.48973227704,662.558437616084));
#7499=CARTESIAN_POINT('',(2977.70697786876,-1273.29167972283,696.882134957542));
#7500=CARTESIAN_POINT('',(2975.88479752551,-1288.11229462005,697.64906136257));
#7501=CARTESIAN_POINT('',(2975.01143708696,-1265.36830329453,695.997990460077));
#7502=CARTESIAN_POINT('',(2980.5764370871,-1284.79988012897,696.25717872394));
#7503=CARTESIAN_POINT('',(2976.36927251205,-1282.97406510692,663.19520795261));
#7504=CARTESIAN_POINT('',(2976.80492382916,-1268.65142882093,661.707576456777));
#7505=CARTESIAN_POINT('',(2976.80492382916,-1266.77055175807,661.707576456777));
#7506=CARTESIAN_POINT('',(2966.42512358872,-1286.87086476525,661.95190659275));
#7507=CARTESIAN_POINT('',(2977.70724134227,-1273.2916797217,699.786250658544));
#7508=CARTESIAN_POINT('',(2977.70724134227,-1273.2916797217,699.786250658544));
#7509=CARTESIAN_POINT('',(2966.10947226293,-1267.08760136407,701.338776839552));
#7510=CARTESIAN_POINT('',(2979.96143709609,-1266.01958536869,699.683375801531));
#7511=CARTESIAN_POINT('',(2965.66137157918,-1288.52929253664,702.065410125989));
#7512=CARTESIAN_POINT('',(2984.04317942835,-1268.11558704003,656.63646087779));
#7513=CARTESIAN_POINT('',(2974.58009274304,-1256.38600364472,653.701332337048));
#7514=CARTESIAN_POINT('',(2977.70723572071,-1269.48973227665,660.429797269878));
#7515=CARTESIAN_POINT('',(2977.70723572071,-1269.48973227665,660.429797269878));
#7516=CARTESIAN_POINT('',(2977.70723572071,-1269.48973227665,651.936012435004));
#7517=CARTESIAN_POINT('',(2982.70610621921,-1274.48860277514,658.937927260146));
#7518=CARTESIAN_POINT('',(2966.4236335592,-1260.42911077148,661.01292562358));
#7519=CARTESIAN_POINT('',(2975.34333694822,-1257.67418180693,661.012925623581));
#7520=CARTESIAN_POINT('',(2976.8198241244,-1258.92941609621,661.01292562358));
#7521=CARTESIAN_POINT('',(2975.58576103227,-1256.11254650937,661.687634806326));
#7522=CARTESIAN_POINT('',(3032.76762293209,-1282.83603453326,647.756621623175));
#7523=CARTESIAN_POINT('',(3036.76762293208,-1307.58522953643,644.531749119022));
#7524=CARTESIAN_POINT('',(2967.75844456694,-1341.8302356971,651.756621623164));
#7525=CARTESIAN_POINT('',(2995.07871558882,-1361.9475466226,651.756621623164));
#7526=CARTESIAN_POINT('',(2985.3122573273,-1356.07348334532,651.756621623164));
#7527=CARTESIAN_POINT('',(3002.36962435373,-1358.36225406267,652.558882759905));
#7528=CARTESIAN_POINT('',(3003.0716407339,-1354.36225406267,648.345617813489));
#7529=CARTESIAN_POINT('',(2990.94431909697,-1334.41396626891,644.131749119022));
#7530=CARTESIAN_POINT('',(2988.03655138982,-1337.95348334543,648.345617813489));
#7531=CARTESIAN_POINT('',(2981.77296113612,-1278.85867544601,650.231110428327));
#7532=CARTESIAN_POINT('',(2985.0118509773,-1278.73484861547,641.755212795024));
#7533=CARTESIAN_POINT('',(3039.1564360238,-1325.82932846335,641.755212960371));
#7534=CARTESIAN_POINT('',(3040.70297814511,-1361.9475466226,641.755212960371));
#7535=CARTESIAN_POINT('',(3016.80378607736,-1356.07348334532,641.755212960371));
#7536=CARTESIAN_POINT('',(2922.00436716839,-1256.38600364472,641.755212795021));
#7537=CARTESIAN_POINT('',(3012.95129823458,-1268.38600364473,643.344913482101));
#7538=CARTESIAN_POINT('',(3014.61429543637,-1256.33849991628,645.372554108158));
#7539=CARTESIAN_POINT('',(3032.76762293208,-1266.15031773396,643.344913482093));
#7540=CARTESIAN_POINT('',(3036.76762293208,-1356.96270219738,641.317272856027));
#7541=CARTESIAN_POINT('',(3032.76762293208,-1348.59793997343,643.344913482093));
#7542=CARTESIAN_POINT('',(3035.83967835242,-1351.83373682653,645.372554108159));
#7543=CARTESIAN_POINT('',(3012.95129823455,-1346.36225406244,643.344913482062));
#7544=CARTESIAN_POINT('',(3001.96367498383,-1358.36225406267,645.372554108157));
#7545=CARTESIAN_POINT('',(3003.0716407339,-1354.36225406267,643.344913482091));
#7546=CARTESIAN_POINT('',(2990.94431909698,-1334.41396626891,641.317272856027));
#7547=CARTESIAN_POINT('',(2988.03655138981,-1337.95348334545,643.344913482093));
#7548=CARTESIAN_POINT('',(2977.70723572071,-1269.48973227665,643.344655202443));
#7549=CARTESIAN_POINT('',(3007.56762293233,-1327.36225406052,643.34465536779));
#7550=CARTESIAN_POINT('',(3007.56762293233,-1267.36225406302,643.34465536779));
#7551=CARTESIAN_POINT('',(2977.70723572071,-1269.48973227665,643.344655202444));
#7552=CARTESIAN_POINT('',(2979.94837358682,-1284.84571989179,645.372148552036));
#7553=CARTESIAN_POINT('',(2979.9483733976,-1255.29483299868,641.198435290934));
#7554=CARTESIAN_POINT('',(2979.9483733976,-1271.28580295155,641.198435290934));
#7555=CARTESIAN_POINT('',(2975.56489539466,-1284.20899135157,646.122987835929));
#7556=CARTESIAN_POINT('',(2962.91813244514,-1284.96329792858,658.207158044584));
#7557=CARTESIAN_POINT('',(2965.30196083266,-1333.95348334545,652.558822385099));
#7558=CARTESIAN_POINT('',(2966.11077862356,-1314.42549122043,644.259707550048));
#7559=CARTESIAN_POINT('',(2974.52742359,-1285.18198637615,653.285719664372));
#7560=CARTESIAN_POINT('',(2965.92831985803,-1339.07119315449,650.478884173312));
#7561=CARTESIAN_POINT('',(2965.92831985803,-1283.97638525505,653.686403213478));
#7562=CARTESIAN_POINT('',(3043.81660195514,-1341.8302356971,641.755212960371));
#7563=CARTESIAN_POINT('',(2981.31542746721,-1325.95125042959,641.75521296037));
#7564=CARTESIAN_POINT('',(2965.30196083266,-1333.95348334545,645.372554108157));
#7565=CARTESIAN_POINT('',(2966.11077862356,-1314.42549123343,641.317316437629));
#7566=CARTESIAN_POINT('',(2957.24842968226,-1269.48973227665,651.936012435004));
#7567=CARTESIAN_POINT('',(2927.38804247064,-1327.36225406052,643.34465536779));
#7568=CARTESIAN_POINT('',(2927.38804247064,-1267.36225406302,643.34465536779));
#7569=CARTESIAN_POINT('',(2977.70723572071,-1269.48973227665,651.936012435004));
#7570=CARTESIAN_POINT('',(3007.56762293233,-1327.36225406052,643.34465536779));
#7571=CARTESIAN_POINT('',(3007.56762293233,-1267.36225406302,643.34465536779));
#7572=CARTESIAN_POINT('',(2958.43911153763,-1256.38600364472,644.374264925917));
#7573=CARTESIAN_POINT('',(2968.84488677437,-1286.85542554642,646.122987835929));
#7574=CARTESIAN_POINT('',(2953.64023789983,-1283.97638525978,651.034473808071));
#7575=CARTESIAN_POINT('',(2966.54703986841,-1256.38600364472,644.374264925917));
#7576=CARTESIAN_POINT('',(2981.31542750314,-1286.85542554642,646.122987835929));
#7577=CARTESIAN_POINT('',(2966.11077862861,-1283.97638525978,651.034473808071));
#7578=CARTESIAN_POINT('',(2970.97783270149,-1284.34484188162,648.956971405623));
#7579=CARTESIAN_POINT('',(2970.97783270149,-1283.15613300265,649.195345992815));
#7580=CARTESIAN_POINT('',(2970.97783270149,-1286.61022703399,660.253827654548));
#7581=CARTESIAN_POINT('',(2970.97783270149,-1285.42151815502,660.49220224174));
#7582=CARTESIAN_POINT('',(2963.97783270149,-1283.15613300265,649.195345992815));
#7583=CARTESIAN_POINT('',(2963.97783270149,-1284.34484188162,648.956971405623));
#7584=CARTESIAN_POINT('',(2963.97783270149,-1285.42151815502,660.49220224174));
#7585=CARTESIAN_POINT('',(2963.97783270149,-1286.61022703399,660.253827654548));
#7586=CARTESIAN_POINT('',(2898.18804247089,-1323.70932846336,647.756621623164));
#7587=CARTESIAN_POINT('',(2898.18804247089,-1348.59793997343,647.756621623164));
#7588=CARTESIAN_POINT('',(2901.00427931536,-1352.41876511882,651.577446768548));
#7589=CARTESIAN_POINT('',(2902.18804247089,-1352.78551710434,651.756621623164));
#7590=CARTESIAN_POINT('',(2902.18804247089,-1323.70932846336,651.756621623164));
#7591=CARTESIAN_POINT('',(2918.45307770179,-1357.82472949882,644.934614003813));
#7592=CARTESIAN_POINT('',(2922.00436716839,-1358.36225406267,644.934614003813));
#7593=CARTESIAN_POINT('',(2922.00436716839,-1358.36225406267,651.756621623164));
#7594=CARTESIAN_POINT('',(2918.45307770179,-1357.82472949882,651.756621623164));
#7595=CARTESIAN_POINT('',(2901.00427931536,-1352.41876511882,644.934614003814));
#7596=CARTESIAN_POINT('',(2898.18804247089,-1348.59793997343,644.934614003813));
#7597=CARTESIAN_POINT('',(2898.18804247089,-1323.70932846336,644.934010255762));
#7598=CARTESIAN_POINT('',(2926.06386086735,-1358.36225406267,644.934010255762));
#7599=CARTESIAN_POINT('',(2926.06386086734,-1358.36225406267,651.756621623165));
#7600=CARTESIAN_POINT('',(2918.36286897434,-1347.47996108688,651.756621623164));
#7601=CARTESIAN_POINT('',(2918.36286897434,-1347.47996108688,649.756621623164));
#7602=CARTESIAN_POINT('',(2918.36286897434,-1344.97996108688,651.756621623164));
#7603=CARTESIAN_POINT('',(2918.36286897434,-1344.97996108688,649.756621623164));
#7604=CARTESIAN_POINT('',(2904.39375643463,-1347.47996108688,651.756621623164));
#7605=CARTESIAN_POINT('',(2904.39375643463,-1347.47996108688,649.756621623164));
#7606=CARTESIAN_POINT('',(2904.39375643463,-1344.97996108688,651.756621623164));
#7607=CARTESIAN_POINT('',(2904.39375643463,-1344.97996108688,649.756621623164));
#7608=CARTESIAN_POINT('',(2918.36286897434,-1332.47996108688,651.756621623164));
#7609=CARTESIAN_POINT('',(2918.36286897434,-1332.47996108688,649.756621623164));
#7610=CARTESIAN_POINT('',(2918.36286897434,-1329.97996108688,651.756621623164));
#7611=CARTESIAN_POINT('',(2918.36286897434,-1329.97996108688,649.756621623164));
#7612=CARTESIAN_POINT('',(2904.39375643463,-1332.47996108688,651.756621623164));
#7613=CARTESIAN_POINT('',(2904.39375643463,-1332.47996108688,649.756621623164));
#7614=CARTESIAN_POINT('',(2904.39375643463,-1329.97996108688,651.756621623164));
#7615=CARTESIAN_POINT('',(2904.39375643463,-1329.97996108688,649.756621623164));
#7616=CARTESIAN_POINT('',(2918.36286897434,-1337.47996108688,651.756621623164));
#7617=CARTESIAN_POINT('',(2918.36286897434,-1337.47996108688,649.756621623164));
#7618=CARTESIAN_POINT('',(2918.36286897434,-1334.97996108688,651.756621623164));
#7619=CARTESIAN_POINT('',(2918.36286897434,-1334.97996108688,649.756621623164));
#7620=CARTESIAN_POINT('',(2904.39375643463,-1337.47996108688,651.756621623164));
#7621=CARTESIAN_POINT('',(2904.39375643463,-1337.47996108688,649.756621623164));
#7622=CARTESIAN_POINT('',(2904.39375643463,-1334.97996108688,651.756621623164));
#7623=CARTESIAN_POINT('',(2904.39375643463,-1334.97996108688,649.756621623164));
#7624=CARTESIAN_POINT('',(2904.39375643463,-1342.47996108688,651.756621623164));
#7625=CARTESIAN_POINT('',(2918.36286897434,-1342.47996108688,651.756621623164));
#7626=CARTESIAN_POINT('',(2918.36286897434,-1342.47996108688,649.756621623164));
#7627=CARTESIAN_POINT('',(2904.39375643463,-1342.47996108688,649.756621623164));
#7628=CARTESIAN_POINT('',(2904.39375643463,-1339.97996108688,651.756621623164));
#7629=CARTESIAN_POINT('',(2904.39375643463,-1339.97996108688,649.756621623164));
#7630=CARTESIAN_POINT('',(2918.36286897434,-1339.97996108688,651.756621623164));
#7631=CARTESIAN_POINT('',(2918.36286897434,-1339.97996108688,649.756621623164));
#7632=CARTESIAN_POINT('',(2904.39375643463,-1327.47996108688,651.756621623164));
#7633=CARTESIAN_POINT('',(2918.36286897434,-1327.47996108688,651.756621623164));
#7634=CARTESIAN_POINT('',(2918.36286897434,-1327.47996108688,649.756621623164));
#7635=CARTESIAN_POINT('',(2904.39375643463,-1327.47996108688,649.756621623164));
#7636=CARTESIAN_POINT('',(2904.39375643463,-1324.97996108688,651.756621623164));
#7637=CARTESIAN_POINT('',(2904.39375643463,-1324.97996108688,649.756621623164));
#7638=CARTESIAN_POINT('',(2918.36286897434,-1324.97996108688,651.756621623164));
#7639=CARTESIAN_POINT('',(2918.36286897434,-1324.97996108688,649.756621623164));
#7640=CARTESIAN_POINT('',(2967.47783270149,-1259.17484288487,661.251390406285));
#7641=CARTESIAN_POINT('',(2967.47783270149,-1257.92057499825,662.410216936054));
#7642=CARTESIAN_POINT('',(2959.36990437071,-1257.92057499825,662.410216936054));
#7643=CARTESIAN_POINT('',(2958.13584127858,-1259.17484288487,661.251390406286));
#7644=CARTESIAN_POINT('',(2967.47783270149,-1260.42911077148,661.251390406285));
#7645=CARTESIAN_POINT('',(2958.13584127858,-1260.42911077148,661.251390406285));
#7646=CARTESIAN_POINT('',(2959.36990437071,-1256.38600364472,662.410216936054));
#7647=CARTESIAN_POINT('',(2967.47783270149,-1256.38600364472,662.410216936054));
#7648=CARTESIAN_POINT('',(2932.23189935016,-1327.36225406052,651.756621623164));
#7649=CARTESIAN_POINT('',(2922.54418559112,-1327.36225406052,651.756621623164));
#7650=CARTESIAN_POINT('',(2924.88804247064,-1327.36225406052,648.756621623164));
#7651=CARTESIAN_POINT('',(2929.88804247064,-1327.36225406052,648.756621623164));
#7652=CARTESIAN_POINT('',(2932.23189935016,-1267.36225406302,651.756621623164));
#7653=CARTESIAN_POINT('',(2929.88804247064,-1267.36225406302,648.756621623164));
#7654=CARTESIAN_POINT('',(2924.88804247064,-1267.36225406302,648.756621623164));
#7655=CARTESIAN_POINT('',(2922.54418559112,-1267.36225406302,651.756621623164));
#7656=CARTESIAN_POINT('',(2924.88804247064,-1327.36225406052,647.756621623163));
#7657=CARTESIAN_POINT('',(2929.88804247064,-1327.36225406052,647.756621623163));
#7658=CARTESIAN_POINT('',(2924.88804247064,-1267.36225406302,647.756621623163));
#7659=CARTESIAN_POINT('',(2929.88804247064,-1267.36225406302,647.756621623163));
#7660=CARTESIAN_POINT('',(2940.59055392644,-1256.38600364472,651.756621623132));
#7661=CARTESIAN_POINT('',(2940.59055392644,-1256.38600364472,647.756621623163));
#7662=CARTESIAN_POINT('',(2922.00436716839,-1256.38600364472,647.756621623163));
#7663=CARTESIAN_POINT('',(2922.00436716839,-1256.38600364472,651.748169609845));
#7664=CARTESIAN_POINT('',(2922.00475202211,-1256.38600364472,651.752431035565));
#7665=CARTESIAN_POINT('',(2922.00436716839,-1256.38600364472,644.934614003813));
#7666=CARTESIAN_POINT('',(2918.45307770179,-1256.92352820857,644.934614003813));
#7667=CARTESIAN_POINT('',(2918.45307770179,-1256.92352820857,651.756621623164));
#7668=CARTESIAN_POINT('',(2901.00427931536,-1262.32949258857,644.934614003814));
#7669=CARTESIAN_POINT('',(2898.18804247089,-1266.15031773396,644.934614003813));
#7670=CARTESIAN_POINT('',(2898.18804247089,-1266.15031773396,647.756621623164));
#7671=CARTESIAN_POINT('',(2901.00427931536,-1262.32949258857,651.577446768548));
#7672=CARTESIAN_POINT('',(2902.18804247089,-1261.96274060305,651.756621623164));
#7673=CARTESIAN_POINT('',(2929.88804247064,-1327.36225406052,644.934097775209));
#7674=CARTESIAN_POINT('',(2924.88804247064,-1327.36225406052,644.934010255762));
#7675=CARTESIAN_POINT('',(2924.88804247064,-1267.36225406302,644.934097775209));
#7676=CARTESIAN_POINT('',(2929.88804247064,-1267.36225406302,644.934010255762));
#7677=CARTESIAN_POINT('',(2940.59055392644,-1256.38600364472,644.934010255762));
#7678=CARTESIAN_POINT('',(2955.00729200537,-1287.64388092167,644.934245310723));
#7679=CARTESIAN_POINT('',(2955.00729200537,-1287.64388092167,646.122987835929));
#7680=CARTESIAN_POINT('',(2955.00729197271,-1283.97638521799,646.122987835929));
#7681=CARTESIAN_POINT('',(2955.00729200537,-1283.97638525505,650.478884173312));
#7682=CARTESIAN_POINT('',(2955.00729200537,-1314.42549122043,650.478884173312));
#7683=CARTESIAN_POINT('',(2955.00729192221,-1314.42549117326,644.934178152163));
#7684=CARTESIAN_POINT('',(2918.36286897434,-1287.479961087,651.756621623164));
#7685=CARTESIAN_POINT('',(2918.36286897434,-1287.479961087,649.756621623164));
#7686=CARTESIAN_POINT('',(2918.36286897434,-1284.979961087,651.756621623164));
#7687=CARTESIAN_POINT('',(2918.36286897434,-1284.979961087,649.756621623164));
#7688=CARTESIAN_POINT('',(2904.39375643463,-1287.479961087,651.756621623164));
#7689=CARTESIAN_POINT('',(2904.39375643463,-1287.479961087,649.756621623164));
#7690=CARTESIAN_POINT('',(2904.39375643463,-1284.979961087,651.756621623164));
#7691=CARTESIAN_POINT('',(2904.39375643463,-1284.979961087,649.756621623164));
#7692=CARTESIAN_POINT('',(2918.36286897434,-1292.479961087,651.756621623164));
#7693=CARTESIAN_POINT('',(2918.36286897434,-1292.479961087,649.756621623164));
#7694=CARTESIAN_POINT('',(2918.36286897434,-1289.979961087,651.756621623164));
#7695=CARTESIAN_POINT('',(2918.36286897434,-1289.979961087,649.756621623164));
#7696=CARTESIAN_POINT('',(2904.39375643463,-1292.479961087,651.756621623164));
#7697=CARTESIAN_POINT('',(2904.39375643463,-1292.479961087,649.756621623164));
#7698=CARTESIAN_POINT('',(2904.39375643463,-1289.979961087,651.756621623164));
#7699=CARTESIAN_POINT('',(2904.39375643463,-1289.979961087,649.756621623164));
#7700=CARTESIAN_POINT('',(2918.36286897434,-1297.479961087,651.756621623164));
#7701=CARTESIAN_POINT('',(2918.36286897434,-1297.479961087,649.756621623164));
#7702=CARTESIAN_POINT('',(2918.36286897434,-1294.979961087,651.756621623164));
#7703=CARTESIAN_POINT('',(2918.36286897434,-1294.979961087,649.756621623164));
#7704=CARTESIAN_POINT('',(2904.39375643463,-1297.479961087,651.756621623164));
#7705=CARTESIAN_POINT('',(2904.39375643463,-1297.479961087,649.756621623164));
#7706=CARTESIAN_POINT('',(2904.39375643463,-1294.979961087,651.756621623164));
#7707=CARTESIAN_POINT('',(2904.39375643463,-1294.979961087,649.756621623164));
#7708=CARTESIAN_POINT('',(2904.39375643463,-1272.47996108712,651.756621623164));
#7709=CARTESIAN_POINT('',(2918.36286897434,-1272.47996108712,651.756621623164));
#7710=CARTESIAN_POINT('',(2918.36286897434,-1272.47996108712,649.756621623164));
#7711=CARTESIAN_POINT('',(2904.39375643463,-1272.47996108712,649.756621623164));
#7712=CARTESIAN_POINT('',(2904.39375643463,-1269.97996108712,651.756621623164));
#7713=CARTESIAN_POINT('',(2904.39375643463,-1269.97996108712,649.756621623164));
#7714=CARTESIAN_POINT('',(2918.36286897434,-1269.97996108712,651.756621623164));
#7715=CARTESIAN_POINT('',(2918.36286897434,-1269.97996108712,649.756621623164));
#7716=CARTESIAN_POINT('',(2904.39375643463,-1302.479961087,651.756621623164));
#7717=CARTESIAN_POINT('',(2918.36286897434,-1302.479961087,651.756621623164));
#7718=CARTESIAN_POINT('',(2918.36286897434,-1302.479961087,649.756621623164));
#7719=CARTESIAN_POINT('',(2904.39375643463,-1302.479961087,649.756621623164));
#7720=CARTESIAN_POINT('',(2904.39375643463,-1299.979961087,651.756621623164));
#7721=CARTESIAN_POINT('',(2904.39375643463,-1299.979961087,649.756621623164));
#7722=CARTESIAN_POINT('',(2918.36286897434,-1299.979961087,651.756621623164));
#7723=CARTESIAN_POINT('',(2918.36286897434,-1299.979961087,649.756621623164));
#7724=CARTESIAN_POINT('',(2931.83308463763,-1282.479961087,651.756621623164));
#7725=CARTESIAN_POINT('',(2931.83308463763,-1282.479961087,649.756621623164));
#7726=CARTESIAN_POINT('',(2904.39375643463,-1282.479961087,649.756621623164));
#7727=CARTESIAN_POINT('',(2904.39375643463,-1282.479961087,651.756621623164));
#7728=CARTESIAN_POINT('',(2904.39375643463,-1279.979961087,651.756621623164));
#7729=CARTESIAN_POINT('',(2904.39375643463,-1279.979961087,649.756621623164));
#7730=CARTESIAN_POINT('',(2931.83308463763,-1279.979961087,651.756621623164));
#7731=CARTESIAN_POINT('',(2931.83308463763,-1279.979961087,649.756621623164));
#7732=CARTESIAN_POINT('',(2931.83308463763,-1277.479961087,651.756621623164));
#7733=CARTESIAN_POINT('',(2931.83308463763,-1277.479961087,649.756621623164));
#7734=CARTESIAN_POINT('',(2904.39375643463,-1277.479961087,649.756621623164));
#7735=CARTESIAN_POINT('',(2904.39375643463,-1277.479961087,651.756621623164));
#7736=CARTESIAN_POINT('',(2904.39375643463,-1274.979961087,651.756621623164));
#7737=CARTESIAN_POINT('',(2904.39375643463,-1274.979961087,649.756621623164));
#7738=CARTESIAN_POINT('',(2931.83308463763,-1274.979961087,651.756621623164));
#7739=CARTESIAN_POINT('',(2931.83308463763,-1274.979961087,649.756621623164));
#7740=CARTESIAN_POINT('',(2950.51322147838,-1256.38595982897,651.756621623125));
#7741=CARTESIAN_POINT('',(2950.51322147838,-1256.38595982897,644.934010173088));
#7742=CARTESIAN_POINT('',(2961.17820462102,-1283.97638525505,653.285719664372));
#7743=CARTESIAN_POINT('',(2962.91813244514,-1284.9632928017,653.285719664372));
#7744=CARTESIAN_POINT('',(2962.91813244514,-1284.9632928017,658.207157713802));
#7745=CARTESIAN_POINT('',(2950.86722332101,-1267.52627238206,658.207157590502));
#7746=CARTESIAN_POINT('',(2950.86722332101,-1267.52627238206,651.756621623164));
#7747=CARTESIAN_POINT('',(2961.17820462102,-1283.97638525505,651.75662162305));
#7748=CARTESIAN_POINT('',(2950.51322591165,-1262.91772599721,651.756621623164));
#7749=CARTESIAN_POINT('',(2950.51322591165,-1262.91772599721,658.207157590502));
#7750=CARTESIAN_POINT('',(2950.51322147838,-1256.38595982897,658.207157590502));
#7751=CARTESIAN_POINT('',(2959.36990437071,-1256.38600364472,646.122987835929));
#7752=CARTESIAN_POINT('',(2955.00729200537,-1256.38598206202,646.122987835929));
#7753=CARTESIAN_POINT('',(2955.00729200537,-1256.38598206202,644.934010131138));
#7754=CARTESIAN_POINT('',(2959.36990437071,-1256.38600364472,658.207157590502));
#7755=CARTESIAN_POINT('',(2967.47783270149,-1260.42911077148,662.436038233331));
#7756=CARTESIAN_POINT('',(2958.13584127858,-1260.42911077148,662.436038233331));
#7757=CARTESIAN_POINT('',(2958.13584127858,-1260.42911077148,672.714124717139));
#7758=CARTESIAN_POINT('',(2959.57248684342,-1260.42911077148,672.71412471715));
#7759=CARTESIAN_POINT('',(2967.47783270149,-1260.42911077148,665.290740478752));
#7760=CARTESIAN_POINT('',(2967.47783270149,-1260.42911077148,672.71412471715));
#7761=CARTESIAN_POINT('',(2958.13584127858,-1259.17484288487,672.714124717139));
#7762=CARTESIAN_POINT('',(2958.13584127858,-1259.17484288487,662.436038233331));
#7763=CARTESIAN_POINT('',(2959.36990437071,-1257.92057499825,662.436038233331));
#7764=CARTESIAN_POINT('',(2959.36990437071,-1257.92057499825,672.714124717139));
#7765=CARTESIAN_POINT('',(2959.36990437071,-1256.38600364472,662.436038233331));
#7766=CARTESIAN_POINT('',(2959.36990437071,-1256.38600364472,672.714124717064));
#7767=CARTESIAN_POINT('',(2959.36990437071,-1256.38600364472,702.06541012504));
#7768=CARTESIAN_POINT('',(2959.36990437071,-1257.92057499825,702.06541012504));
#7769=CARTESIAN_POINT('',(2958.13584127858,-1259.17484288487,702.06541012504));
#7770=CARTESIAN_POINT('',(2958.13584127858,-1260.42911077148,702.06541012504));
#7771=CARTESIAN_POINT('',(2967.47783270149,-1260.42911077148,702.06541012504));
#7772=CARTESIAN_POINT('',(2950.51322147841,-1262.91772599721,702.065410125517));
#7773=CARTESIAN_POINT('',(2967.47783270149,-1262.91772599721,702.065410125284));
#7774=CARTESIAN_POINT('',(2950.51322147841,-1256.38600364472,702.06541012504));
#7775=CARTESIAN_POINT('',(2950.51322246736,-1262.91772599721,672.714124717523));
#7776=CARTESIAN_POINT('',(2950.86721778978,-1267.52625907142,672.714124717617));
#7777=CARTESIAN_POINT('',(2950.86721778978,-1267.52625907142,702.065410125611));
#7778=CARTESIAN_POINT('',(2959.24842967851,-1269.48973523385,661.92166727961));
#7779=CARTESIAN_POINT('',(2955.24842968601,-1269.48972931945,661.92166727961));
#7780=CARTESIAN_POINT('',(2958.24869315311,-1269.48973375564,661.92166727961));
#7781=CARTESIAN_POINT('',(2956.24869315686,-1269.48973079844,661.92166727961));
#7782=CARTESIAN_POINT('',(2958.24869315311,-1269.48973375564,661.95190659275));
#7783=CARTESIAN_POINT('',(2958.15074157381,-1269.92136713005,661.95190659275));
#7784=CARTESIAN_POINT('',(2956.24869315686,-1269.48973079844,663.19520795256));
#7785=CARTESIAN_POINT('',(2958.15074157381,-1269.92136713005,663.19520795248));
#7786=CARTESIAN_POINT('',(2959.24842405695,-1273.2916826789,697.507091191099));
#7787=CARTESIAN_POINT('',(2955.24842406445,-1273.2916767645,697.507091191099));
#7788=CARTESIAN_POINT('',(2958.24868753155,-1273.29168120069,697.507091191099));
#7789=CARTESIAN_POINT('',(2956.2486875353,-1273.29167824349,697.507091191099));
#7790=CARTESIAN_POINT('',(2956.2486875353,-1273.29167824349,696.25717872404));
#7791=CARTESIAN_POINT('',(2958.24868753155,-1273.29168120069,696.25717872399));
#7792=CARTESIAN_POINT('',(2962.91813244515,-1284.9632928017,661.95190659275));
#7793=CARTESIAN_POINT('',(2967.47783270149,-1284.96329536514,658.207158044584));
#7794=CARTESIAN_POINT('',(2967.47783270149,-1284.96329536514,661.951906592749));
#7795=CARTESIAN_POINT('',(2958.15074157381,-1269.05809742403,661.95190659275));
#7796=CARTESIAN_POINT('',(2958.15074157381,-1269.05809742403,663.19520795248));
#7797=CARTESIAN_POINT('',(2967.47783270149,-1286.09186796042,697.64906136257));
#7798=CARTESIAN_POINT('',(2959.94422831601,-1283.08058205943,697.64906136257));
#7799=CARTESIAN_POINT('',(2959.94422831601,-1267.08760136407,697.64906136257));
#7800=CARTESIAN_POINT('',(2967.47783270149,-1267.08760136407,697.64906136257));
#7801=CARTESIAN_POINT('',(2959.94422831601,-1283.08058205943,696.25717872394));
#7802=CARTESIAN_POINT('',(2959.94422831601,-1267.08760136407,696.25717872394));
#7803=CARTESIAN_POINT('',(2954.99422831589,-1276.56776114314,696.25717872407));
#7804=CARTESIAN_POINT('',(2954.99422831589,-1267.08760136407,696.25717872407));
#7805=CARTESIAN_POINT('',(2954.99422840275,-1276.56776131791,663.19520795261));
#7806=CARTESIAN_POINT('',(2958.15074157381,-1281.42075022121,663.19520795248));
#7807=CARTESIAN_POINT('',(2958.15074157381,-1267.08760136407,663.19520795248));
#7808=CARTESIAN_POINT('',(2954.99422840275,-1267.08760136407,663.19520795261));
#7809=CARTESIAN_POINT('',(2958.15074157381,-1281.42075022121,661.95190659275));
#7810=CARTESIAN_POINT('',(2958.15074157381,-1267.08760136407,661.95190659275));
#7811=CARTESIAN_POINT('',(2967.47783270149,-1267.08760136407,661.95190659275));
#7812=CARTESIAN_POINT('',(2955.24842406445,-1273.2916767645,702.065410125988));
#7813=CARTESIAN_POINT('',(2959.24842405695,-1273.2916826789,702.065410125988));
#7814=CARTESIAN_POINT('',(2967.47783270149,-1286.09187739669,702.065410125988));
#7815=CARTESIAN_POINT('',(2955.24842968601,-1269.48972931945,658.937927260146));
#7816=CARTESIAN_POINT('',(2959.24842967851,-1269.48973523385,658.937927260146));
#7817=CARTESIAN_POINT('',(2953.18270426685,-1269.48973227665,658.937927260146));
#7818=CARTESIAN_POINT('',(2961.31415509767,-1269.48973227665,658.937927260146));
#7819=CARTESIAN_POINT('',(2953.18270426685,-1269.48973227665,644.934097609862));
#7820=CARTESIAN_POINT('',(2955.00729200537,-1266.09747269538,644.934097609863));
#7821=CARTESIAN_POINT('',(2955.00729200537,-1266.09747269538,646.122987835929));
#7822=CARTESIAN_POINT('',(2961.31415509767,-1269.48973227665,646.122987835929));
#7823=CARTESIAN_POINT('',(2898.18804247089,-1303.70932846348,647.756621623164));
#7824=CARTESIAN_POINT('',(2902.18804247089,-1303.70932846348,651.756621623164));
#7825=CARTESIAN_POINT('',(2898.18804247089,-1303.70932846348,644.934010255762));
#7826=CARTESIAN_POINT('',(2953.18270426685,-1283.97638525505,651.756621623164));
#7827=CARTESIAN_POINT('',(2920.87617338812,-1303.70932846348,651.756621623164));
#7828=CARTESIAN_POINT('',(2920.87617338812,-1323.70932846336,651.756621623164));
#7829=CARTESIAN_POINT('',(2920.87617338811,-1333.95348334545,651.756621623164));
#7830=CARTESIAN_POINT('',(2946.91911401316,-1333.95348334545,651.756621623164));
#7831=CARTESIAN_POINT('',(2953.18270426685,-1333.95348334545,651.756621623164));
#7832=CARTESIAN_POINT('',(2931.88402466907,-1358.36225406267,651.756621623163));
#7833=CARTESIAN_POINT('',(2935.60745120073,-1355.8237925888,651.756621623164));
#7834=CARTESIAN_POINT('',(2936.34159460113,-1353.95348334533,651.756621623165));
#7835=CARTESIAN_POINT('',(2920.87617338811,-1353.95348334533,651.756621623164));
#7836=CARTESIAN_POINT('',(2943.19568748151,-1336.49194481932,651.756621623164));
#7837=CARTESIAN_POINT('',(2931.88402466907,-1358.36225406267,644.934614003813));
#7838=CARTESIAN_POINT('',(2935.60745120073,-1355.8237925888,644.934614003813));
#7839=CARTESIAN_POINT('',(2943.19568748151,-1336.49194481932,644.934614003813));
#7840=CARTESIAN_POINT('',(2946.91911401316,-1333.95348334545,644.934614003813));
#7841=CARTESIAN_POINT('',(2953.18270426685,-1333.95348334545,650.478884173312));
#7842=CARTESIAN_POINT('',(2953.18270426685,-1283.97638525505,650.478884173312));
#7843=CARTESIAN_POINT('',(2955.00729200537,-1256.38598206202,641.755212835747));
#7844=CARTESIAN_POINT('',(2955.00729200537,-1266.09747269538,641.755212795024));
#7845=CARTESIAN_POINT('',(2953.18270426685,-1269.48973227665,641.755212795024));
#7846=CARTESIAN_POINT('',(2955.00729200537,-1272.88199185792,641.755212795024));
#7847=CARTESIAN_POINT('',(2955.00729200537,-1276.59404054397,641.755212841466));
#7848=CARTESIAN_POINT('',(2950.86722332101,-1267.52627238206,641.755212795024));
#7849=CARTESIAN_POINT('',(2950.51322591165,-1262.91772599721,641.755212795024));
#7850=CARTESIAN_POINT('',(2950.51322147838,-1256.38595982897,641.755212877697));
#7851=CARTESIAN_POINT('',(2898.18804247089,-1323.70932846336,641.755212960371));
#7852=CARTESIAN_POINT('',(2898.18804247089,-1303.70932846348,641.755212960371));
#7853=CARTESIAN_POINT('',(2920.87617338812,-1303.70932846348,641.755212960371));
#7854=CARTESIAN_POINT('',(2920.87617338812,-1323.70932846336,641.755212960371));
#7855=CARTESIAN_POINT('',(2936.34159460113,-1353.95348334533,641.755212960371));
#7856=CARTESIAN_POINT('',(2935.60745120073,-1355.8237925888,641.755212960371));
#7857=CARTESIAN_POINT('',(2931.88402466907,-1358.36225406267,641.755212960371));
#7858=CARTESIAN_POINT('',(2922.00436716839,-1358.36225406267,641.755212960371));
#7859=CARTESIAN_POINT('',(2918.45307770179,-1357.82472949882,641.755212960371));
#7860=CARTESIAN_POINT('',(2901.00427931536,-1352.41876511882,641.755212960371));
#7861=CARTESIAN_POINT('',(2898.18804247089,-1348.59793997343,641.755212960371));
#7862=CARTESIAN_POINT('',(2920.87617338811,-1333.95348334545,641.755212960371));
#7863=CARTESIAN_POINT('',(2920.87617338811,-1353.95348334533,641.755212960371));
#7864=CARTESIAN_POINT('',(2946.91911401316,-1333.95348334545,641.755212960371));
#7865=CARTESIAN_POINT('',(2943.19568748151,-1336.49194481932,641.755212960371));
#7866=CARTESIAN_POINT('',(2922.00436716839,-1256.38600364472,641.755212960371));
#7867=CARTESIAN_POINT('',(2918.45307770179,-1256.92352820857,641.755212960371));
#7868=CARTESIAN_POINT('',(2901.00427931536,-1262.32949258857,641.755212960371));
#7869=CARTESIAN_POINT('',(2898.18804247089,-1266.15031773396,641.755212960371));
#7870=CARTESIAN_POINT('',(2929.88804247064,-1327.36225406052,641.755212960371));
#7871=CARTESIAN_POINT('',(2924.88804247064,-1327.36225406052,641.755212960371));
#7872=CARTESIAN_POINT('',(2924.88804247064,-1267.36225406302,641.755212960371));
#7873=CARTESIAN_POINT('',(2929.88804247064,-1267.36225406302,641.755212960371));
#7874=CARTESIAN_POINT('',(2955.00729200537,-1272.88199185792,644.934097609863));
#7875=CARTESIAN_POINT('',(2955.00729200537,-1287.64388092167,641.755212960371));
#7876=CARTESIAN_POINT('',(2955.00729200537,-1314.42549122043,641.755212960371));
#7877=CARTESIAN_POINT('',(2955.00729200537,-1272.88199185792,646.122987835929));
#7878=CARTESIAN_POINT('',(2961.17820458232,-1283.97638522964,646.122987835929));
#7879=CARTESIAN_POINT('',(2959.66235496958,-1283.97638522966,646.122987835929));
#7880=CARTESIAN_POINT('',(2959.66235496958,-1282.85032401053,646.122987835929));
#7881=CARTESIAN_POINT('',(2967.47783270149,-1333.95348334545,650.478884173312));
#7882=CARTESIAN_POINT('',(2967.47783270149,-1333.95348334545,644.934614003813));
#7883=CARTESIAN_POINT('',(2967.47783270149,-1314.42549117326,644.934178152163));
#7884=CARTESIAN_POINT('',(2967.47783270149,-1314.42549122043,650.478884173312));
#7885=CARTESIAN_POINT('',(2967.47783270149,-1333.95348334545,641.755212960371));
#7886=CARTESIAN_POINT('',(2955.00729200537,-1324.79436322876,641.755212960371));
#7887=CARTESIAN_POINT('',(2967.47783270149,-1324.79436322876,641.755212960371));
#7888=CARTESIAN_POINT('',(2967.47783270149,-1314.42549122043,641.75521296037));
#7889=CARTESIAN_POINT('',(3036.76762293208,-1323.70932846336,647.756621623164));
#7890=CARTESIAN_POINT('',(3032.76762293208,-1323.70932846336,651.756621623164));
#7891=CARTESIAN_POINT('',(3032.76762293208,-1352.78551710434,651.756621623164));
#7892=CARTESIAN_POINT('',(3033.95138608761,-1352.41876511882,651.577446768548));
#7893=CARTESIAN_POINT('',(3036.76762293208,-1348.59793997343,647.756621623164));
#7894=CARTESIAN_POINT('',(3016.50258770118,-1357.82472949882,644.934614003813));
#7895=CARTESIAN_POINT('',(3016.50258770118,-1357.82472949882,651.756621623164));
#7896=CARTESIAN_POINT('',(3012.95129823458,-1358.36225406267,651.756621623164));
#7897=CARTESIAN_POINT('',(3012.95129823458,-1358.36225406267,644.934614003813));
#7898=CARTESIAN_POINT('',(3033.95138608761,-1352.41876511882,644.934614003814));
#7899=CARTESIAN_POINT('',(3036.76762293208,-1348.59793997343,644.934614003813));
#7900=CARTESIAN_POINT('',(3036.76762293208,-1323.70932846336,644.934010255762));
#7901=CARTESIAN_POINT('',(3008.89180453563,-1358.36225406267,651.756621623165));
#7902=CARTESIAN_POINT('',(3008.89180453563,-1358.36225406267,644.934010255762));
#7903=CARTESIAN_POINT('',(3016.59279642863,-1344.97996108688,649.756621623164));
#7904=CARTESIAN_POINT('',(3016.59279642863,-1347.47996108688,649.756621623164));
#7905=CARTESIAN_POINT('',(3016.59279642863,-1344.97996108688,651.756621623164));
#7906=CARTESIAN_POINT('',(3016.59279642863,-1347.47996108688,651.756621623164));
#7907=CARTESIAN_POINT('',(3030.56190896834,-1347.47996108688,651.756621623164));
#7908=CARTESIAN_POINT('',(3030.56190896834,-1347.47996108688,649.756621623164));
#7909=CARTESIAN_POINT('',(3030.56190896834,-1344.97996108688,649.756621623164));
#7910=CARTESIAN_POINT('',(3030.56190896834,-1344.97996108688,651.756621623164));
#7911=CARTESIAN_POINT('',(3016.59279642863,-1329.97996108688,649.756621623164));
#7912=CARTESIAN_POINT('',(3016.59279642863,-1332.47996108688,649.756621623164));
#7913=CARTESIAN_POINT('',(3016.59279642863,-1329.97996108688,651.756621623164));
#7914=CARTESIAN_POINT('',(3016.59279642863,-1332.47996108688,651.756621623164));
#7915=CARTESIAN_POINT('',(3030.56190896834,-1332.47996108688,651.756621623164));
#7916=CARTESIAN_POINT('',(3030.56190896834,-1332.47996108688,649.756621623164));
#7917=CARTESIAN_POINT('',(3030.56190896834,-1329.97996108688,649.756621623164));
#7918=CARTESIAN_POINT('',(3030.56190896834,-1329.97996108688,651.756621623164));
#7919=CARTESIAN_POINT('',(3016.59279642863,-1334.97996108688,649.756621623164));
#7920=CARTESIAN_POINT('',(3016.59279642863,-1337.47996108688,649.756621623164));
#7921=CARTESIAN_POINT('',(3016.59279642863,-1334.97996108688,651.756621623164));
#7922=CARTESIAN_POINT('',(3016.59279642863,-1337.47996108688,651.756621623164));
#7923=CARTESIAN_POINT('',(3030.56190896834,-1337.47996108688,651.756621623164));
#7924=CARTESIAN_POINT('',(3030.56190896834,-1337.47996108688,649.756621623164));
#7925=CARTESIAN_POINT('',(3030.56190896834,-1334.97996108688,649.756621623164));
#7926=CARTESIAN_POINT('',(3030.56190896834,-1334.97996108688,651.756621623164));
#7927=CARTESIAN_POINT('',(3030.56190896834,-1342.47996108688,651.756621623164));
#7928=CARTESIAN_POINT('',(3030.56190896834,-1342.47996108688,649.756621623164));
#7929=CARTESIAN_POINT('',(3016.59279642863,-1342.47996108688,649.756621623164));
#7930=CARTESIAN_POINT('',(3016.59279642863,-1342.47996108688,651.756621623164));
#7931=CARTESIAN_POINT('',(3030.56190896834,-1339.97996108688,649.756621623164));
#7932=CARTESIAN_POINT('',(3030.56190896834,-1339.97996108688,651.756621623164));
#7933=CARTESIAN_POINT('',(3016.59279642863,-1339.97996108688,651.756621623164));
#7934=CARTESIAN_POINT('',(3016.59279642863,-1339.97996108688,649.756621623164));
#7935=CARTESIAN_POINT('',(3030.56190896834,-1327.47996108688,651.756621623164));
#7936=CARTESIAN_POINT('',(3030.56190896834,-1327.47996108688,649.756621623164));
#7937=CARTESIAN_POINT('',(3016.59279642863,-1327.47996108688,649.756621623164));
#7938=CARTESIAN_POINT('',(3016.59279642863,-1327.47996108688,651.756621623164));
#7939=CARTESIAN_POINT('',(3030.56190896834,-1324.97996108688,649.756621623164));
#7940=CARTESIAN_POINT('',(3030.56190896834,-1324.97996108688,651.756621623164));
#7941=CARTESIAN_POINT('',(3016.59279642863,-1324.97996108688,651.756621623164));
#7942=CARTESIAN_POINT('',(3016.59279642863,-1324.97996108688,649.756621623164));
#7943=CARTESIAN_POINT('',(2976.8198241244,-1259.17484288487,661.251390406286));
#7944=CARTESIAN_POINT('',(2975.58576103227,-1257.92057499825,662.410216936054));
#7945=CARTESIAN_POINT('',(2976.8198241244,-1260.42911077148,661.251390406285));
#7946=CARTESIAN_POINT('',(2975.58576103227,-1256.38600364472,662.410216936054));
#7947=CARTESIAN_POINT('',(3002.72376605281,-1327.36225406052,651.756621623164));
#7948=CARTESIAN_POINT('',(3005.06762293233,-1327.36225406052,648.756621623164));
#7949=CARTESIAN_POINT('',(3010.06762293233,-1327.36225406052,648.756621623164));
#7950=CARTESIAN_POINT('',(3012.41147981185,-1327.36225406052,651.756621623164));
#7951=CARTESIAN_POINT('',(3002.72376605281,-1267.36225406302,651.756621623164));
#7952=CARTESIAN_POINT('',(3012.41147981185,-1267.36225406302,651.756621623164));
#7953=CARTESIAN_POINT('',(3010.06762293233,-1267.36225406302,648.756621623164));
#7954=CARTESIAN_POINT('',(3005.06762293233,-1267.36225406302,648.756621623164));
#7955=CARTESIAN_POINT('',(3005.06762293233,-1327.36225406052,647.756621623163));
#7956=CARTESIAN_POINT('',(3010.06762293233,-1327.36225406052,647.756621623163));
#7957=CARTESIAN_POINT('',(3005.06762293233,-1267.36225406302,647.756621623163));
#7958=CARTESIAN_POINT('',(3010.06762293233,-1267.36225406302,647.756621623163));
#7959=CARTESIAN_POINT('',(2994.36511147654,-1256.38600364472,651.756621623132));
#7960=CARTESIAN_POINT('',(3012.95091338086,-1256.38600364472,651.752431035565));
#7961=CARTESIAN_POINT('',(3012.95129823458,-1256.38600364472,651.748169609845));
#7962=CARTESIAN_POINT('',(3012.95129823458,-1256.38600364472,647.756621623163));
#7963=CARTESIAN_POINT('',(2994.36511147654,-1256.38600364472,647.756621623163));
#7964=CARTESIAN_POINT('',(3012.95129823458,-1256.38600364472,644.934614003813));
#7965=CARTESIAN_POINT('',(3016.50258770118,-1256.92352820857,651.756621623164));
#7966=CARTESIAN_POINT('',(3016.50258770118,-1256.92352820857,644.934614003813));
#7967=CARTESIAN_POINT('',(3033.95138608761,-1262.32949258857,644.934614003814));
#7968=CARTESIAN_POINT('',(3033.95138608761,-1262.32949258857,651.577446768548));
#7969=CARTESIAN_POINT('',(3036.76762293208,-1266.15031773396,647.756621623164));
#7970=CARTESIAN_POINT('',(3036.76762293208,-1266.15031773396,644.934614003813));
#7971=CARTESIAN_POINT('',(3032.76762293208,-1261.96274060305,651.756621623164));
#7972=CARTESIAN_POINT('',(3010.06762293233,-1327.36225406052,644.934010255762));
#7973=CARTESIAN_POINT('',(3005.06762293233,-1327.36225406052,644.934097775209));
#7974=CARTESIAN_POINT('',(3005.06762293233,-1267.36225406302,644.934010255762));
#7975=CARTESIAN_POINT('',(3010.06762293233,-1267.36225406302,644.934097775209));
#7976=CARTESIAN_POINT('',(2994.36511147654,-1256.38600364472,644.934010255762));
#7977=CARTESIAN_POINT('',(2979.9483733976,-1287.64388092167,644.934245310723));
#7978=CARTESIAN_POINT('',(2979.94837348076,-1314.42549117326,644.934178152163));
#7979=CARTESIAN_POINT('',(2979.9483733976,-1314.42549122043,650.478884173312));
#7980=CARTESIAN_POINT('',(2979.9483733976,-1283.97638525505,650.478884173312));
#7981=CARTESIAN_POINT('',(2979.94837343026,-1283.97638521799,646.122987835929));
#7982=CARTESIAN_POINT('',(2979.9483733976,-1287.64388092167,646.122987835929));
#7983=CARTESIAN_POINT('',(3016.59279642863,-1284.979961087,649.756621623164));
#7984=CARTESIAN_POINT('',(3016.59279642863,-1287.479961087,649.756621623164));
#7985=CARTESIAN_POINT('',(3016.59279642863,-1284.979961087,651.756621623164));
#7986=CARTESIAN_POINT('',(3016.59279642863,-1287.479961087,651.756621623164));
#7987=CARTESIAN_POINT('',(3030.56190896834,-1287.479961087,651.756621623164));
#7988=CARTESIAN_POINT('',(3030.56190896834,-1287.479961087,649.756621623164));
#7989=CARTESIAN_POINT('',(3030.56190896834,-1284.979961087,649.756621623164));
#7990=CARTESIAN_POINT('',(3030.56190896834,-1284.979961087,651.756621623164));
#7991=CARTESIAN_POINT('',(3016.59279642863,-1289.979961087,649.756621623164));
#7992=CARTESIAN_POINT('',(3016.59279642863,-1292.479961087,649.756621623164));
#7993=CARTESIAN_POINT('',(3016.59279642863,-1289.979961087,651.756621623164));
#7994=CARTESIAN_POINT('',(3016.59279642863,-1292.479961087,651.756621623164));
#7995=CARTESIAN_POINT('',(3030.56190896834,-1292.479961087,651.756621623164));
#7996=CARTESIAN_POINT('',(3030.56190896834,-1292.479961087,649.756621623164));
#7997=CARTESIAN_POINT('',(3030.56190896834,-1289.979961087,649.756621623164));
#7998=CARTESIAN_POINT('',(3030.56190896834,-1289.979961087,651.756621623164));
#7999=CARTESIAN_POINT('',(3016.59279642863,-1294.979961087,649.756621623164));
#8000=CARTESIAN_POINT('',(3016.59279642863,-1297.479961087,649.756621623164));
#8001=CARTESIAN_POINT('',(3016.59279642863,-1294.979961087,651.756621623164));
#8002=CARTESIAN_POINT('',(3016.59279642863,-1297.479961087,651.756621623164));
#8003=CARTESIAN_POINT('',(3030.56190896834,-1297.479961087,651.756621623164));
#8004=CARTESIAN_POINT('',(3030.56190896834,-1297.479961087,649.756621623164));
#8005=CARTESIAN_POINT('',(3030.56190896834,-1294.979961087,649.756621623164));
#8006=CARTESIAN_POINT('',(3030.56190896834,-1294.979961087,651.756621623164));
#8007=CARTESIAN_POINT('',(3030.56190896834,-1272.47996108712,651.756621623164));
#8008=CARTESIAN_POINT('',(3030.56190896834,-1272.47996108712,649.756621623164));
#8009=CARTESIAN_POINT('',(3016.59279642863,-1272.47996108712,649.756621623164));
#8010=CARTESIAN_POINT('',(3016.59279642863,-1272.47996108712,651.756621623164));
#8011=CARTESIAN_POINT('',(3030.56190896834,-1269.97996108712,649.756621623164));
#8012=CARTESIAN_POINT('',(3030.56190896834,-1269.97996108712,651.756621623164));
#8013=CARTESIAN_POINT('',(3016.59279642863,-1269.97996108712,651.756621623164));
#8014=CARTESIAN_POINT('',(3016.59279642863,-1269.97996108712,649.756621623164));
#8015=CARTESIAN_POINT('',(3030.56190896834,-1302.479961087,651.756621623164));
#8016=CARTESIAN_POINT('',(3030.56190896834,-1302.479961087,649.756621623164));
#8017=CARTESIAN_POINT('',(3016.59279642863,-1302.479961087,649.756621623164));
#8018=CARTESIAN_POINT('',(3016.59279642863,-1302.479961087,651.756621623164));
#8019=CARTESIAN_POINT('',(3030.56190896834,-1299.979961087,649.756621623164));
#8020=CARTESIAN_POINT('',(3030.56190896834,-1299.979961087,651.756621623164));
#8021=CARTESIAN_POINT('',(3016.59279642863,-1299.979961087,651.756621623164));
#8022=CARTESIAN_POINT('',(3016.59279642863,-1299.979961087,649.756621623164));
#8023=CARTESIAN_POINT('',(3003.12258076534,-1282.479961087,651.756621623164));
#8024=CARTESIAN_POINT('',(3030.56190896834,-1282.479961087,651.756621623164));
#8025=CARTESIAN_POINT('',(3030.56190896834,-1282.479961087,649.756621623164));
#8026=CARTESIAN_POINT('',(3003.12258076534,-1282.479961087,649.756621623164));
#8027=CARTESIAN_POINT('',(3030.56190896834,-1279.979961087,649.756621623164));
#8028=CARTESIAN_POINT('',(3030.56190896834,-1279.979961087,651.756621623164));
#8029=CARTESIAN_POINT('',(3003.12258076534,-1279.979961087,651.756621623164));
#8030=CARTESIAN_POINT('',(3003.12258076534,-1279.979961087,649.756621623164));
#8031=CARTESIAN_POINT('',(3003.12258076534,-1277.479961087,651.756621623164));
#8032=CARTESIAN_POINT('',(3030.56190896834,-1277.479961087,651.756621623164));
#8033=CARTESIAN_POINT('',(3030.56190896834,-1277.479961087,649.756621623164));
#8034=CARTESIAN_POINT('',(3003.12258076534,-1277.479961087,649.756621623164));
#8035=CARTESIAN_POINT('',(3030.56190896834,-1274.979961087,649.756621623164));
#8036=CARTESIAN_POINT('',(3030.56190896834,-1274.979961087,651.756621623164));
#8037=CARTESIAN_POINT('',(3003.12258076534,-1274.979961087,651.756621623164));
#8038=CARTESIAN_POINT('',(3003.12258076534,-1274.979961087,649.756621623164));
#8039=CARTESIAN_POINT('',(2984.4424439246,-1256.38595982897,651.756621623125));
#8040=CARTESIAN_POINT('',(2984.4424439246,-1256.38595982897,644.934010173088));
#8041=CARTESIAN_POINT('',(2973.77746078195,-1283.97638525505,653.285719664372));
#8042=CARTESIAN_POINT('',(2973.77746078195,-1283.97638525505,651.75662162305));
#8043=CARTESIAN_POINT('',(2984.08844208196,-1267.52627238206,651.756621623164));
#8044=CARTESIAN_POINT('',(2984.08844208196,-1267.52627238206,658.207157590502));
#8045=CARTESIAN_POINT('',(2972.03753295783,-1284.9632928017,658.207157713802));
#8046=CARTESIAN_POINT('',(2972.03753295783,-1284.9632928017,653.285719664372));
#8047=CARTESIAN_POINT('',(2984.44243949132,-1262.91772599721,651.756621623164));
#8048=CARTESIAN_POINT('',(2984.44243949132,-1262.91772599721,658.207157590502));
#8049=CARTESIAN_POINT('',(2984.4424439246,-1256.38595982897,658.207157590502));
#8050=CARTESIAN_POINT('',(2975.58576103227,-1256.38600364472,646.122987835929));
#8051=CARTESIAN_POINT('',(2975.58576103227,-1256.38600364472,658.207157590502));
#8052=CARTESIAN_POINT('',(2979.9483733976,-1256.38598206202,644.934010131138));
#8053=CARTESIAN_POINT('',(2979.9483733976,-1256.38598206202,646.122987835929));
#8054=CARTESIAN_POINT('',(2975.38317855956,-1260.42911077148,672.71412471715));
#8055=CARTESIAN_POINT('',(2976.8198241244,-1260.42911077148,672.714124717139));
#8056=CARTESIAN_POINT('',(2976.8198241244,-1260.42911077148,662.436038233331));
#8057=CARTESIAN_POINT('',(2976.8198241244,-1259.17484288487,672.714124717139));
#8058=CARTESIAN_POINT('',(2975.58576103227,-1257.92057499825,672.714124717139));
#8059=CARTESIAN_POINT('',(2975.58576103227,-1257.92057499825,662.436038233331));
#8060=CARTESIAN_POINT('',(2976.8198241244,-1259.17484288487,662.436038233331));
#8061=CARTESIAN_POINT('',(2975.58576103227,-1256.38600364472,662.436038233331));
#8062=CARTESIAN_POINT('',(2975.58576103227,-1256.38600364472,672.714124717064));
#8063=CARTESIAN_POINT('',(2975.58576103227,-1256.38600364472,702.06541012504));
#8064=CARTESIAN_POINT('',(2975.58576103227,-1257.92057499825,702.06541012504));
#8065=CARTESIAN_POINT('',(2976.8198241244,-1259.17484288487,702.06541012504));
#8066=CARTESIAN_POINT('',(2976.8198241244,-1260.42911077148,702.06541012504));
#8067=CARTESIAN_POINT('',(2984.44244392456,-1262.91772599721,702.065410125517));
#8068=CARTESIAN_POINT('',(2984.44244392456,-1256.38600364472,702.06541012504));
#8069=CARTESIAN_POINT('',(2984.08844761319,-1267.52625907142,702.065410125611));
#8070=CARTESIAN_POINT('',(2984.08844761319,-1267.52625907142,672.714124717617));
#8071=CARTESIAN_POINT('',(2984.44244293561,-1262.91772599721,672.714124717523));
#8072=CARTESIAN_POINT('',(2975.70723572447,-1269.48973523385,661.92166727961));
#8073=CARTESIAN_POINT('',(2979.70723571696,-1269.48972931945,661.92166727961));
#8074=CARTESIAN_POINT('',(2976.70697224986,-1269.48973375564,661.92166727961));
#8075=CARTESIAN_POINT('',(2978.70697224611,-1269.48973079844,661.92166727961));
#8076=CARTESIAN_POINT('',(2976.80492382916,-1269.92136713005,663.19520795248));
#8077=CARTESIAN_POINT('',(2976.80492382916,-1269.92136713005,661.95190659275));
#8078=CARTESIAN_POINT('',(2978.70697224611,-1269.48973079844,663.19520795256));
#8079=CARTESIAN_POINT('',(2976.70697224986,-1269.48973375564,661.95190659275));
#8080=CARTESIAN_POINT('',(2975.70724134603,-1273.2916826789,697.507091191099));
#8081=CARTESIAN_POINT('',(2979.70724133852,-1273.2916767645,697.507091191099));
#8082=CARTESIAN_POINT('',(2976.70697787143,-1273.29168120069,697.507091191099));
#8083=CARTESIAN_POINT('',(2978.70697786768,-1273.29167824349,697.507091191099));
#8084=CARTESIAN_POINT('',(2976.70697787143,-1273.29168120069,696.25717872399));
#8085=CARTESIAN_POINT('',(2978.70697786768,-1273.29167824349,696.25717872404));
#8086=CARTESIAN_POINT('',(2972.03753295783,-1284.9632928017,661.95190659275));
#8087=CARTESIAN_POINT('',(2976.80492382916,-1269.05809742403,663.19520795248));
#8088=CARTESIAN_POINT('',(2976.80492382916,-1269.05809742403,661.95190659275));
#8089=CARTESIAN_POINT('',(2975.01143708696,-1267.08760136407,697.64906136257));
#8090=CARTESIAN_POINT('',(2975.01143708696,-1283.08058205943,697.64906136257));
#8091=CARTESIAN_POINT('',(2975.01143708696,-1267.08760136407,696.25717872394));
#8092=CARTESIAN_POINT('',(2975.01143708696,-1283.08058205943,696.25717872394));
#8093=CARTESIAN_POINT('',(2979.96143708709,-1267.08760136407,696.25717872407));
#8094=CARTESIAN_POINT('',(2979.96143708709,-1276.56776114314,696.25717872407));
#8095=CARTESIAN_POINT('',(2979.96143700023,-1276.56776131791,663.19520795261));
#8096=CARTESIAN_POINT('',(2979.96143700023,-1267.08760136407,663.19520795261));
#8097=CARTESIAN_POINT('',(2976.80492382916,-1267.08760136407,663.19520795248));
#8098=CARTESIAN_POINT('',(2976.80492382916,-1281.42075022121,663.19520795248));
#8099=CARTESIAN_POINT('',(2976.80492382916,-1281.42075022121,661.95190659275));
#8100=CARTESIAN_POINT('',(2976.80492382916,-1267.08760136407,661.95190659275));
#8101=CARTESIAN_POINT('',(2975.70724134603,-1273.2916826789,702.065410125988));
#8102=CARTESIAN_POINT('',(2979.70724133852,-1273.2916767645,702.065410125988));
#8103=CARTESIAN_POINT('',(2975.70723572447,-1269.48973523385,658.937927260146));
#8104=CARTESIAN_POINT('',(2979.70723571696,-1269.48972931945,658.937927260146));
#8105=CARTESIAN_POINT('',(2973.6415103053,-1269.48973227665,646.122987835929));
#8106=CARTESIAN_POINT('',(2973.64151030531,-1269.48973227665,658.937927260146));
#8107=CARTESIAN_POINT('',(2979.9483733976,-1266.09747269538,646.122987835929));
#8108=CARTESIAN_POINT('',(2979.9483733976,-1266.09747269538,644.934097609863));
#8109=CARTESIAN_POINT('',(2981.77296113612,-1269.48973227665,644.934097609862));
#8110=CARTESIAN_POINT('',(2981.77296113612,-1269.48973227665,658.937927260146));
#8111=CARTESIAN_POINT('',(3036.76762293208,-1303.70932846348,647.756621623164));
#8112=CARTESIAN_POINT('',(3032.76762293208,-1303.70932846348,651.756621623164));
#8113=CARTESIAN_POINT('',(3036.76762293208,-1303.70932846348,644.934010255762));
#8114=CARTESIAN_POINT('',(2981.77296113612,-1283.97638525505,651.756621623164));
#8115=CARTESIAN_POINT('',(2981.77296113612,-1333.95348334545,651.756621623164));
#8116=CARTESIAN_POINT('',(2988.03655138981,-1333.95348334545,651.756621623164));
#8117=CARTESIAN_POINT('',(3014.07949201486,-1333.95348334545,651.756621623164));
#8118=CARTESIAN_POINT('',(3014.07949201486,-1323.70932846336,651.756621623164));
#8119=CARTESIAN_POINT('',(3014.07949201486,-1303.70932846348,651.756621623164));
#8120=CARTESIAN_POINT('',(3003.0716407339,-1358.36225406267,651.756621623163));
#8121=CARTESIAN_POINT('',(3014.07949201486,-1353.95348334533,651.756621623164));
#8122=CARTESIAN_POINT('',(2998.61407080184,-1353.95348334533,651.756621623165));
#8123=CARTESIAN_POINT('',(2999.34821420225,-1355.8237925888,651.756621623164));
#8124=CARTESIAN_POINT('',(2991.75997792147,-1336.49194481932,651.756621623164));
#8125=CARTESIAN_POINT('',(3003.0716407339,-1358.36225406267,644.934614003813));
#8126=CARTESIAN_POINT('',(2999.34821420225,-1355.8237925888,644.934614003813));
#8127=CARTESIAN_POINT('',(2991.75997792147,-1336.49194481932,644.934614003813));
#8128=CARTESIAN_POINT('',(2988.03655138981,-1333.95348334545,644.934614003813));
#8129=CARTESIAN_POINT('',(2981.77296113612,-1283.97638525505,650.478884173312));
#8130=CARTESIAN_POINT('',(2981.77296113612,-1333.95348334545,650.478884173312));
#8131=CARTESIAN_POINT('',(2979.9483733976,-1256.38598206202,641.755212835747));
#8132=CARTESIAN_POINT('',(2984.4424439246,-1256.38595982897,641.755212877697));
#8133=CARTESIAN_POINT('',(2984.44243949132,-1262.91772599721,641.755212795024));
#8134=CARTESIAN_POINT('',(2984.08844208196,-1267.52627238206,641.755212795024));
#8135=CARTESIAN_POINT('',(2979.9483733976,-1276.59404054397,641.755212841466));
#8136=CARTESIAN_POINT('',(2979.9483733976,-1272.88199185792,641.755212795024));
#8137=CARTESIAN_POINT('',(2981.77296113612,-1269.48973227665,641.755212795024));
#8138=CARTESIAN_POINT('',(2979.9483733976,-1266.09747269538,641.755212795024));
#8139=CARTESIAN_POINT('',(3036.76762293208,-1323.70932846336,641.755212960371));
#8140=CARTESIAN_POINT('',(3014.07949201486,-1323.70932846336,641.755212960371));
#8141=CARTESIAN_POINT('',(3014.07949201486,-1303.70932846348,641.755212960371));
#8142=CARTESIAN_POINT('',(3036.76762293208,-1303.70932846348,641.755212960371));
#8143=CARTESIAN_POINT('',(2998.61407080184,-1353.95348334533,641.755212960371));
#8144=CARTESIAN_POINT('',(3014.07949201486,-1353.95348334533,641.755212960371));
#8145=CARTESIAN_POINT('',(3014.07949201486,-1333.95348334545,641.755212960371));
#8146=CARTESIAN_POINT('',(3036.76762293208,-1348.59793997343,641.755212960371));
#8147=CARTESIAN_POINT('',(3033.95138608761,-1352.41876511882,641.755212960371));
#8148=CARTESIAN_POINT('',(3016.50258770118,-1357.82472949882,641.755212960371));
#8149=CARTESIAN_POINT('',(3012.95129823458,-1358.36225406267,641.755212960371));
#8150=CARTESIAN_POINT('',(3003.0716407339,-1358.36225406267,641.755212960371));
#8151=CARTESIAN_POINT('',(2999.34821420225,-1355.8237925888,641.755212960371));
#8152=CARTESIAN_POINT('',(2988.03655138981,-1333.95348334545,641.755212960371));
#8153=CARTESIAN_POINT('',(2991.75997792147,-1336.49194481932,641.755212960371));
#8154=CARTESIAN_POINT('',(3012.95129823458,-1256.38600364472,641.755212960371));
#8155=CARTESIAN_POINT('',(3016.50258770118,-1256.92352820857,641.755212960371));
#8156=CARTESIAN_POINT('',(3033.95138608761,-1262.32949258857,641.755212960371));
#8157=CARTESIAN_POINT('',(3036.76762293208,-1266.15031773396,641.755212960371));
#8158=CARTESIAN_POINT('',(3010.06762293233,-1327.36225406052,641.755212960371));
#8159=CARTESIAN_POINT('',(3005.06762293233,-1327.36225406052,641.755212960371));
#8160=CARTESIAN_POINT('',(3005.06762293233,-1267.36225406302,641.755212960371));
#8161=CARTESIAN_POINT('',(3010.06762293233,-1267.36225406302,641.755212960371));
#8162=CARTESIAN_POINT('',(2979.9483733976,-1272.88199185792,644.934097609863));
#8163=CARTESIAN_POINT('',(2979.9483733976,-1287.64388092167,641.755212960371));
#8164=CARTESIAN_POINT('',(2979.9483733976,-1314.42549122043,641.755212960371));
#8165=CARTESIAN_POINT('',(2979.9483733976,-1272.88199185792,646.122987835929));
#8166=CARTESIAN_POINT('',(2973.77746082066,-1283.97638522964,646.122987835929));
#8167=CARTESIAN_POINT('',(2975.29331043339,-1282.85032401053,646.122987835929));
#8168=CARTESIAN_POINT('',(2975.29331043339,-1283.97638522966,646.122987835929));
#8169=CARTESIAN_POINT('',(2979.9483733976,-1324.79436322876,641.755212960371));
#8170=CARTESIAN_POINT('',(2966.4075147527,-1256.38600364472,646.122987835929));
#8171=CARTESIAN_POINT('',(2966.4075147527,-1256.38600364472,647.179172614024));
#8172=CARTESIAN_POINT('',(2963.97783270149,-1256.38600364472,649.030858881983));
#8173=CARTESIAN_POINT('',(2963.97783270149,-1256.38600364472,650.243233099274));
#8174=CARTESIAN_POINT('',(2967.47783270149,-1256.38600364472,650.243233099274));
#8175=CARTESIAN_POINT('',(2966.4075147527,-1283.97638522964,646.122987835929));
#8176=CARTESIAN_POINT('',(2966.4075147527,-1283.97638522698,647.179172614024));
#8177=CARTESIAN_POINT('',(2963.97783270149,-1283.97638524273,649.030858881983));
#8178=CARTESIAN_POINT('',(2970.97783270149,-1256.38600364472,650.243233099274));
#8179=CARTESIAN_POINT('',(2970.97783270149,-1256.38600364472,649.030858881983));
#8180=CARTESIAN_POINT('',(2968.54815065028,-1256.38600364472,647.179172614024));
#8181=CARTESIAN_POINT('',(2968.54815065028,-1256.38600364472,646.122987835929));
#8182=CARTESIAN_POINT('',(2968.54815065028,-1283.97638522964,646.122987835929));
#8183=CARTESIAN_POINT('',(2970.97783270149,-1283.97638524273,649.030858881983));
#8184=CARTESIAN_POINT('',(2968.54815065028,-1283.97638522698,647.179172614024));
#8185=CARTESIAN_POINT('',(2963.97783270149,-1284.96329339746,658.207157790678));
#8186=CARTESIAN_POINT('',(2963.97783270149,-1284.96329339746,653.285719664372));
#8187=CARTESIAN_POINT('',(2963.97783270149,-1283.97638525505,653.285719664372));
#8188=CARTESIAN_POINT('',(2963.97783270149,-1283.97638525505,650.478884173312));
#8189=CARTESIAN_POINT('',(2970.97783270149,-1284.96329339746,658.207157790678));
#8190=CARTESIAN_POINT('',(2970.97783270149,-1284.96329339746,653.285719664372));
#8191=CARTESIAN_POINT('',(2970.97783270149,-1283.97638525505,653.285719664372));
#8192=CARTESIAN_POINT('',(2970.97783270149,-1283.97638525505,650.478884173312));
#8193=CARTESIAN_POINT('',(2963.97783270149,-1283.15613300265,649.195345992815));
#8194=CARTESIAN_POINT('',(2963.97783270149,-1283.36626826861,650.243233099273));
#8195=CARTESIAN_POINT('',(2970.97783270149,-1283.36626826861,650.243233099274));
#8196=CARTESIAN_POINT('',(2970.97783270149,-1283.15613300265,649.195345992815));
#8197=CARTESIAN_POINT('',(2898.18804247089,-1323.70932846336,647.756621623164));
#8198=CARTESIAN_POINT('',(2898.18804247089,-1348.59793997343,647.756621623164));
#8199=CARTESIAN_POINT('',(2898.18804247089,-1348.59793997343,647.756621623164));
#8200=CARTESIAN_POINT('',(2898.18804247089,-1348.97288617487,648.131567824601));
#8201=CARTESIAN_POINT('',(2898.24077649856,-1349.34991393828,648.508595588007));
#8202=CARTESIAN_POINT('',(2898.45482731653,-1350.08431578218,649.242997431915));
#8203=CARTESIAN_POINT('',(2898.61754953363,-1350.44647332373,649.605154973462));
#8204=CARTESIAN_POINT('',(2899.06502044513,-1351.13083033873,650.289511988464));
#8205=CARTESIAN_POINT('',(2899.35505456809,-1351.45849438519,650.617176034926));
#8206=CARTESIAN_POINT('',(2899.89418686423,-1351.88288357431,651.041565224039));
#8207=CARTESIAN_POINT('',(2900.09235557044,-1352.0137506425,651.172432292228));
#8208=CARTESIAN_POINT('',(2900.52384189726,-1352.2435205471,651.402202196827));
#8209=CARTESIAN_POINT('',(2900.75654844076,-1352.34201345637,651.500695106097));
#8210=CARTESIAN_POINT('',(2901.00427931536,-1352.41876511882,651.577446768548));
#8211=CARTESIAN_POINT('',(2902.18804247089,-1352.78551710434,651.756621623164));
#8212=CARTESIAN_POINT('',(2902.18804247089,-1323.70932846336,651.756621623164));
#8213=CARTESIAN_POINT('',(2902.18804247089,-1323.70932846336,651.756621623164));
#8214=CARTESIAN_POINT('',(2898.18804247087,-1323.70932846335,651.756621623184));
#8215=CARTESIAN_POINT('',(2898.18804247089,-1323.70932846336,647.756621623164));
#8216=CARTESIAN_POINT('',(2918.45307770179,-1357.82472949882,644.934614003813));
#8217=CARTESIAN_POINT('',(2920.18804247089,-1358.36225406266,644.934614003814));
#8218=CARTESIAN_POINT('',(2922.00436716839,-1358.36225406267,644.934614003813));
#8219=CARTESIAN_POINT('',(2922.00436716839,-1358.36225406267,644.934614003813));
#8220=CARTESIAN_POINT('',(2922.00436716839,-1358.36225406267,647.756975592058));
#8221=CARTESIAN_POINT('',(2922.00436716839,-1358.36225406267,651.748170357783));
#8222=CARTESIAN_POINT('',(2922.00436716839,-1358.36225406267,651.756621623164));
#8223=CARTESIAN_POINT('',(2922.00436716839,-1358.36225406267,651.756621623164));
#8224=CARTESIAN_POINT('',(2920.18804247089,-1358.36225406267,651.756621623165));
#8225=CARTESIAN_POINT('',(2918.45307770179,-1357.82472949882,651.756621623164));
#8226=CARTESIAN_POINT('',(2918.45307770179,-1357.82472949882,651.756621623164));
#8227=CARTESIAN_POINT('',(2918.45307770179,-1357.82472949882,644.934614003813));
#8228=CARTESIAN_POINT('',(2901.00427931536,-1352.41876511882,644.934614003814));
#8229=CARTESIAN_POINT('',(2918.45307770179,-1357.82472949882,644.934614003813));
#8230=CARTESIAN_POINT('',(2918.45307770179,-1357.82472949882,651.756621623164));
#8231=CARTESIAN_POINT('',(2910.32056008634,-1355.30512330158,651.756621623164));
#8232=CARTESIAN_POINT('',(2902.18804247089,-1352.78551710434,651.756621623164));
#8233=CARTESIAN_POINT('',(2901.00427931536,-1352.41876511882,651.577446768548));
#8234=CARTESIAN_POINT('',(2901.38839685618,-1352.53777192361,651.696453573338));
#8235=CARTESIAN_POINT('',(2901.78748960187,-1352.6614183272,651.756621623164));
#8236=CARTESIAN_POINT('',(2902.18804247089,-1352.78551710434,651.756621623164));
#8237=CARTESIAN_POINT('',(2901.00427931536,-1352.41876511882,651.577446768548));
#8238=CARTESIAN_POINT('',(2901.00427931536,-1352.41876511882,644.934614003814));
#8239=CARTESIAN_POINT('',(2898.18804247089,-1348.59793997343,644.934614003813));
#8240=CARTESIAN_POINT('',(2898.18804247089,-1351.54624222471,644.934614003812));
#8241=CARTESIAN_POINT('',(2901.00427931536,-1352.41876511882,644.934614003814));
#8242=CARTESIAN_POINT('',(2898.18804247089,-1348.59793997343,647.756621623164));
#8243=CARTESIAN_POINT('',(2898.18804247089,-1348.59793997343,644.934614003813));
#8244=CARTESIAN_POINT('',(2898.18804247089,-1323.70932846336,644.934010255762));
#8245=CARTESIAN_POINT('',(2898.18804247089,-1348.59793997343,644.934614003813));
#8246=CARTESIAN_POINT('',(2898.18804247089,-1323.70932846336,647.756621623164));
#8247=CARTESIAN_POINT('',(2898.18804247089,-1323.70932846336,644.934010255762));
#8248=CARTESIAN_POINT('',(2922.00436716839,-1358.36225406267,644.934614003813));
#8249=CARTESIAN_POINT('',(2926.06386086735,-1358.36225406267,644.934010255762));
#8250=CARTESIAN_POINT('',(2926.06386086735,-1358.36225406267,644.934010255762));
#8251=CARTESIAN_POINT('',(2926.06386086734,-1358.36225406267,651.756621623165));
#8252=CARTESIAN_POINT('',(2926.06386086734,-1358.36225406267,651.756621623165));
#8253=CARTESIAN_POINT('',(2922.00436716839,-1358.36225406267,651.756621623164));
#8254=CARTESIAN_POINT('',(2918.36286897434,-1347.47996108688,651.756621623164));
#8255=CARTESIAN_POINT('',(2918.36286897434,-1347.47996108688,649.756621623164));
#8256=CARTESIAN_POINT('',(2918.36286897434,-1344.97996108688,651.756621623164));
#8257=CARTESIAN_POINT('',(2919.61286897434,-1344.97996108688,651.756621623164));
#8258=CARTESIAN_POINT('',(2919.61286897434,-1346.22996108688,651.756621623164));
#8259=CARTESIAN_POINT('',(2919.61286897434,-1347.47996108688,651.756621623164));
#8260=CARTESIAN_POINT('',(2918.36286897434,-1347.47996108688,651.756621623164));
#8261=CARTESIAN_POINT('',(2918.36286897434,-1344.97996108688,649.756621623164));
#8262=CARTESIAN_POINT('',(2918.36286897434,-1344.97996108688,651.756621623164));
#8263=CARTESIAN_POINT('',(2918.36286897434,-1347.47996108688,649.756621623164));
#8264=CARTESIAN_POINT('',(2919.61286897434,-1347.47996108688,649.756621623164));
#8265=CARTESIAN_POINT('',(2919.61286897434,-1346.22996108688,649.756621623164));
#8266=CARTESIAN_POINT('',(2919.61286897434,-1344.97996108688,649.756621623164));
#8267=CARTESIAN_POINT('',(2918.36286897434,-1344.97996108688,649.756621623164));
#8268=CARTESIAN_POINT('',(2904.39375643463,-1347.47996108688,651.756621623164));
#8269=CARTESIAN_POINT('',(2911.37831270449,-1347.47996108688,651.756621623164));
#8270=CARTESIAN_POINT('',(2918.36286897434,-1347.47996108688,651.756621623164));
#8271=CARTESIAN_POINT('',(2918.36286897434,-1347.47996108688,649.756621623164));
#8272=CARTESIAN_POINT('',(2911.37831270449,-1347.47996108688,649.756621623164));
#8273=CARTESIAN_POINT('',(2904.39375643463,-1347.47996108688,649.756621623164));
#8274=CARTESIAN_POINT('',(2904.39375643463,-1347.47996108688,649.756621623164));
#8275=CARTESIAN_POINT('',(2904.39375643463,-1347.47996108688,651.756621623164));
#8276=CARTESIAN_POINT('',(2904.39375643463,-1344.97996108688,651.756621623164));
#8277=CARTESIAN_POINT('',(2904.39375643463,-1344.97996108688,649.756621623164));
#8278=CARTESIAN_POINT('',(2904.39375643463,-1347.47996108688,651.756621623164));
#8279=CARTESIAN_POINT('',(2903.14375643463,-1347.47996108688,651.756621623164));
#8280=CARTESIAN_POINT('',(2903.14375643463,-1346.22996108688,651.756621623164));
#8281=CARTESIAN_POINT('',(2903.14375643463,-1344.97996108688,651.756621623164));
#8282=CARTESIAN_POINT('',(2904.39375643463,-1344.97996108688,651.756621623164));
#8283=CARTESIAN_POINT('',(2904.39375643463,-1344.97996108688,649.756621623164));
#8284=CARTESIAN_POINT('',(2903.14375643463,-1344.97996108688,649.756621623164));
#8285=CARTESIAN_POINT('',(2903.14375643463,-1346.22996108688,649.756621623164));
#8286=CARTESIAN_POINT('',(2903.14375643463,-1347.47996108688,649.756621623164));
#8287=CARTESIAN_POINT('',(2904.39375643463,-1347.47996108688,649.756621623164));
#8288=CARTESIAN_POINT('',(2918.36286897434,-1344.97996108688,651.756621623164));
#8289=CARTESIAN_POINT('',(2911.37831270449,-1344.97996108688,651.756621623164));
#8290=CARTESIAN_POINT('',(2904.39375643463,-1344.97996108688,651.756621623164));
#8291=CARTESIAN_POINT('',(2904.39375643463,-1344.97996108688,649.756621623164));
#8292=CARTESIAN_POINT('',(2911.37831270449,-1344.97996108688,649.756621623164));
#8293=CARTESIAN_POINT('',(2918.36286897434,-1344.97996108688,649.756621623164));
#8294=CARTESIAN_POINT('',(2918.36286897434,-1332.47996108688,651.756621623164));
#8295=CARTESIAN_POINT('',(2918.36286897434,-1332.47996108688,649.756621623164));
#8296=CARTESIAN_POINT('',(2918.36286897434,-1329.97996108688,651.756621623164));
#8297=CARTESIAN_POINT('',(2919.61286897434,-1329.97996108688,651.756621623164));
#8298=CARTESIAN_POINT('',(2919.61286897434,-1331.22996108688,651.756621623164));
#8299=CARTESIAN_POINT('',(2919.61286897434,-1332.47996108688,651.756621623164));
#8300=CARTESIAN_POINT('',(2918.36286897434,-1332.47996108688,651.756621623164));
#8301=CARTESIAN_POINT('',(2918.36286897434,-1329.97996108688,649.756621623164));
#8302=CARTESIAN_POINT('',(2918.36286897434,-1329.97996108688,651.756621623164));
#8303=CARTESIAN_POINT('',(2918.36286897434,-1332.47996108688,649.756621623164));
#8304=CARTESIAN_POINT('',(2919.61286897434,-1332.47996108688,649.756621623164));
#8305=CARTESIAN_POINT('',(2919.61286897434,-1331.22996108688,649.756621623164));
#8306=CARTESIAN_POINT('',(2919.61286897434,-1329.97996108688,649.756621623164));
#8307=CARTESIAN_POINT('',(2918.36286897434,-1329.97996108688,649.756621623164));
#8308=CARTESIAN_POINT('',(2904.39375643463,-1332.47996108688,651.756621623164));
#8309=CARTESIAN_POINT('',(2911.37831270449,-1332.47996108688,651.756621623164));
#8310=CARTESIAN_POINT('',(2918.36286897434,-1332.47996108688,651.756621623164));
#8311=CARTESIAN_POINT('',(2918.36286897434,-1332.47996108688,649.756621623164));
#8312=CARTESIAN_POINT('',(2911.37831270449,-1332.47996108688,649.756621623164));
#8313=CARTESIAN_POINT('',(2904.39375643463,-1332.47996108688,649.756621623164));
#8314=CARTESIAN_POINT('',(2904.39375643463,-1332.47996108688,649.756621623164));
#8315=CARTESIAN_POINT('',(2904.39375643463,-1332.47996108688,651.756621623164));
#8316=CARTESIAN_POINT('',(2904.39375643463,-1329.97996108688,651.756621623164));
#8317=CARTESIAN_POINT('',(2904.39375643463,-1329.97996108688,649.756621623164));
#8318=CARTESIAN_POINT('',(2904.39375643463,-1332.47996108688,651.756621623164));
#8319=CARTESIAN_POINT('',(2903.14375643463,-1332.47996108688,651.756621623164));
#8320=CARTESIAN_POINT('',(2903.14375643463,-1331.22996108688,651.756621623164));
#8321=CARTESIAN_POINT('',(2903.14375643463,-1329.97996108688,651.756621623164));
#8322=CARTESIAN_POINT('',(2904.39375643463,-1329.97996108688,651.756621623164));
#8323=CARTESIAN_POINT('',(2904.39375643463,-1329.97996108688,649.756621623164));
#8324=CARTESIAN_POINT('',(2903.14375643463,-1329.97996108688,649.756621623164));
#8325=CARTESIAN_POINT('',(2903.14375643463,-1331.22996108688,649.756621623164));
#8326=CARTESIAN_POINT('',(2903.14375643463,-1332.47996108688,649.756621623164));
#8327=CARTESIAN_POINT('',(2904.39375643463,-1332.47996108688,649.756621623164));
#8328=CARTESIAN_POINT('',(2918.36286897434,-1329.97996108688,651.756621623164));
#8329=CARTESIAN_POINT('',(2911.37831270449,-1329.97996108688,651.756621623164));
#8330=CARTESIAN_POINT('',(2904.39375643463,-1329.97996108688,651.756621623164));
#8331=CARTESIAN_POINT('',(2904.39375643463,-1329.97996108688,649.756621623164));
#8332=CARTESIAN_POINT('',(2911.37831270449,-1329.97996108688,649.756621623164));
#8333=CARTESIAN_POINT('',(2918.36286897434,-1329.97996108688,649.756621623164));
#8334=CARTESIAN_POINT('',(2918.36286897434,-1337.47996108688,651.756621623164));
#8335=CARTESIAN_POINT('',(2918.36286897434,-1337.47996108688,649.756621623164));
#8336=CARTESIAN_POINT('',(2918.36286897434,-1334.97996108688,651.756621623164));
#8337=CARTESIAN_POINT('',(2919.61286897434,-1334.97996108688,651.756621623164));
#8338=CARTESIAN_POINT('',(2919.61286897434,-1336.22996108688,651.756621623164));
#8339=CARTESIAN_POINT('',(2919.61286897434,-1337.47996108688,651.756621623164));
#8340=CARTESIAN_POINT('',(2918.36286897434,-1337.47996108688,651.756621623164));
#8341=CARTESIAN_POINT('',(2918.36286897434,-1334.97996108688,649.756621623164));
#8342=CARTESIAN_POINT('',(2918.36286897434,-1334.97996108688,651.756621623164));
#8343=CARTESIAN_POINT('',(2918.36286897434,-1337.47996108688,649.756621623164));
#8344=CARTESIAN_POINT('',(2919.61286897434,-1337.47996108688,649.756621623164));
#8345=CARTESIAN_POINT('',(2919.61286897434,-1336.22996108688,649.756621623164));
#8346=CARTESIAN_POINT('',(2919.61286897434,-1334.97996108688,649.756621623164));
#8347=CARTESIAN_POINT('',(2918.36286897434,-1334.97996108688,649.756621623164));
#8348=CARTESIAN_POINT('',(2904.39375643463,-1337.47996108688,651.756621623164));
#8349=CARTESIAN_POINT('',(2911.37831270449,-1337.47996108688,651.756621623164));
#8350=CARTESIAN_POINT('',(2918.36286897434,-1337.47996108688,651.756621623164));
#8351=CARTESIAN_POINT('',(2918.36286897434,-1337.47996108688,649.756621623164));
#8352=CARTESIAN_POINT('',(2911.37831270449,-1337.47996108688,649.756621623164));
#8353=CARTESIAN_POINT('',(2904.39375643463,-1337.47996108688,649.756621623164));
#8354=CARTESIAN_POINT('',(2904.39375643463,-1337.47996108688,649.756621623164));
#8355=CARTESIAN_POINT('',(2904.39375643463,-1337.47996108688,651.756621623164));
#8356=CARTESIAN_POINT('',(2904.39375643463,-1334.97996108688,651.756621623164));
#8357=CARTESIAN_POINT('',(2904.39375643463,-1334.97996108688,649.756621623164));
#8358=CARTESIAN_POINT('',(2904.39375643463,-1337.47996108688,651.756621623164));
#8359=CARTESIAN_POINT('',(2903.14375643463,-1337.47996108688,651.756621623164));
#8360=CARTESIAN_POINT('',(2903.14375643463,-1336.22996108688,651.756621623164));
#8361=CARTESIAN_POINT('',(2903.14375643463,-1334.97996108688,651.756621623164));
#8362=CARTESIAN_POINT('',(2904.39375643463,-1334.97996108688,651.756621623164));
#8363=CARTESIAN_POINT('',(2904.39375643463,-1334.97996108688,649.756621623164));
#8364=CARTESIAN_POINT('',(2903.14375643463,-1334.97996108688,649.756621623164));
#8365=CARTESIAN_POINT('',(2903.14375643463,-1336.22996108688,649.756621623164));
#8366=CARTESIAN_POINT('',(2903.14375643463,-1337.47996108688,649.756621623164));
#8367=CARTESIAN_POINT('',(2904.39375643463,-1337.47996108688,649.756621623164));
#8368=CARTESIAN_POINT('',(2918.36286897434,-1334.97996108688,651.756621623164));
#8369=CARTESIAN_POINT('',(2911.37831270449,-1334.97996108688,651.756621623164));
#8370=CARTESIAN_POINT('',(2904.39375643463,-1334.97996108688,651.756621623164));
#8371=CARTESIAN_POINT('',(2904.39375643463,-1334.97996108688,649.756621623164));
#8372=CARTESIAN_POINT('',(2911.37831270449,-1334.97996108688,649.756621623164));
#8373=CARTESIAN_POINT('',(2918.36286897434,-1334.97996108688,649.756621623164));
#8374=CARTESIAN_POINT('',(2904.39375643463,-1342.47996108688,651.756621623164));
#8375=CARTESIAN_POINT('',(2911.37831270449,-1342.47996108688,651.756621623164));
#8376=CARTESIAN_POINT('',(2918.36286897434,-1342.47996108688,651.756621623164));
#8377=CARTESIAN_POINT('',(2918.36286897434,-1342.47996108688,651.756621623164));
#8378=CARTESIAN_POINT('',(2918.36286897434,-1342.47996108688,649.756621623164));
#8379=CARTESIAN_POINT('',(2918.36286897434,-1342.47996108688,649.756621623164));
#8380=CARTESIAN_POINT('',(2911.37831270449,-1342.47996108688,649.756621623164));
#8381=CARTESIAN_POINT('',(2904.39375643463,-1342.47996108688,649.756621623164));
#8382=CARTESIAN_POINT('',(2904.39375643463,-1342.47996108688,649.756621623164));
#8383=CARTESIAN_POINT('',(2904.39375643463,-1342.47996108688,651.756621623164));
#8384=CARTESIAN_POINT('',(2904.39375643463,-1339.97996108688,651.756621623164));
#8385=CARTESIAN_POINT('',(2904.39375643463,-1339.97996108688,649.756621623164));
#8386=CARTESIAN_POINT('',(2904.39375643463,-1342.47996108688,651.756621623164));
#8387=CARTESIAN_POINT('',(2903.14375643463,-1342.47996108688,651.756621623164));
#8388=CARTESIAN_POINT('',(2903.14375643463,-1341.22996108688,651.756621623164));
#8389=CARTESIAN_POINT('',(2903.14375643463,-1339.97996108688,651.756621623164));
#8390=CARTESIAN_POINT('',(2904.39375643463,-1339.97996108688,651.756621623164));
#8391=CARTESIAN_POINT('',(2904.39375643463,-1339.97996108688,649.756621623164));
#8392=CARTESIAN_POINT('',(2903.14375643463,-1339.97996108688,649.756621623164));
#8393=CARTESIAN_POINT('',(2903.14375643463,-1341.22996108688,649.756621623164));
#8394=CARTESIAN_POINT('',(2903.14375643463,-1342.47996108688,649.756621623164));
#8395=CARTESIAN_POINT('',(2904.39375643463,-1342.47996108688,649.756621623164));
#8396=CARTESIAN_POINT('',(2918.36286897434,-1339.97996108688,651.756621623164));
#8397=CARTESIAN_POINT('',(2911.37831270449,-1339.97996108688,651.756621623164));
#8398=CARTESIAN_POINT('',(2904.39375643463,-1339.97996108688,651.756621623164));
#8399=CARTESIAN_POINT('',(2904.39375643463,-1339.97996108688,649.756621623164));
#8400=CARTESIAN_POINT('',(2911.37831270449,-1339.97996108688,649.756621623164));
#8401=CARTESIAN_POINT('',(2918.36286897434,-1339.97996108688,649.756621623164));
#8402=CARTESIAN_POINT('',(2918.36286897434,-1339.97996108688,649.756621623164));
#8403=CARTESIAN_POINT('',(2918.36286897434,-1339.97996108688,651.756621623164));
#8404=CARTESIAN_POINT('',(2918.36286897434,-1339.97996108688,651.756621623164));
#8405=CARTESIAN_POINT('',(2919.61286897434,-1339.97996108688,651.756621623164));
#8406=CARTESIAN_POINT('',(2919.61286897434,-1341.22996108688,651.756621623164));
#8407=CARTESIAN_POINT('',(2919.61286897434,-1342.47996108688,651.756621623164));
#8408=CARTESIAN_POINT('',(2918.36286897434,-1342.47996108688,651.756621623164));
#8409=CARTESIAN_POINT('',(2918.36286897434,-1342.47996108688,649.756621623164));
#8410=CARTESIAN_POINT('',(2919.61286897434,-1342.47996108688,649.756621623164));
#8411=CARTESIAN_POINT('',(2919.61286897434,-1341.22996108688,649.756621623164));
#8412=CARTESIAN_POINT('',(2919.61286897434,-1339.97996108688,649.756621623164));
#8413=CARTESIAN_POINT('',(2918.36286897434,-1339.97996108688,649.756621623164));
#8414=CARTESIAN_POINT('',(2904.39375643463,-1327.47996108688,651.756621623164));
#8415=CARTESIAN_POINT('',(2911.37831270449,-1327.47996108688,651.756621623164));
#8416=CARTESIAN_POINT('',(2918.36286897434,-1327.47996108688,651.756621623164));
#8417=CARTESIAN_POINT('',(2918.36286897434,-1327.47996108688,651.756621623164));
#8418=CARTESIAN_POINT('',(2918.36286897434,-1327.47996108688,649.756621623164));
#8419=CARTESIAN_POINT('',(2918.36286897434,-1327.47996108688,649.756621623164));
#8420=CARTESIAN_POINT('',(2911.37831270449,-1327.47996108688,649.756621623164));
#8421=CARTESIAN_POINT('',(2904.39375643463,-1327.47996108688,649.756621623164));
#8422=CARTESIAN_POINT('',(2904.39375643463,-1327.47996108688,649.756621623164));
#8423=CARTESIAN_POINT('',(2904.39375643463,-1327.47996108688,651.756621623164));
#8424=CARTESIAN_POINT('',(2904.39375643463,-1324.97996108688,651.756621623164));
#8425=CARTESIAN_POINT('',(2904.39375643463,-1324.97996108688,649.756621623164));
#8426=CARTESIAN_POINT('',(2904.39375643463,-1327.47996108688,651.756621623164));
#8427=CARTESIAN_POINT('',(2903.14375643463,-1327.47996108688,651.756621623164));
#8428=CARTESIAN_POINT('',(2903.14375643463,-1326.22996108688,651.756621623164));
#8429=CARTESIAN_POINT('',(2903.14375643463,-1324.97996108688,651.756621623164));
#8430=CARTESIAN_POINT('',(2904.39375643463,-1324.97996108688,651.756621623164));
#8431=CARTESIAN_POINT('',(2904.39375643463,-1324.97996108688,649.756621623164));
#8432=CARTESIAN_POINT('',(2903.14375643463,-1324.97996108688,649.756621623164));
#8433=CARTESIAN_POINT('',(2903.14375643463,-1326.22996108688,649.756621623164));
#8434=CARTESIAN_POINT('',(2903.14375643463,-1327.47996108688,649.756621623164));
#8435=CARTESIAN_POINT('',(2904.39375643463,-1327.47996108688,649.756621623164));
#8436=CARTESIAN_POINT('',(2918.36286897434,-1324.97996108688,651.756621623164));
#8437=CARTESIAN_POINT('',(2911.37831270449,-1324.97996108688,651.756621623164));
#8438=CARTESIAN_POINT('',(2904.39375643463,-1324.97996108688,651.756621623164));
#8439=CARTESIAN_POINT('',(2904.39375643463,-1324.97996108688,649.756621623164));
#8440=CARTESIAN_POINT('',(2911.37831270449,-1324.97996108688,649.756621623164));
#8441=CARTESIAN_POINT('',(2918.36286897434,-1324.97996108688,649.756621623164));
#8442=CARTESIAN_POINT('',(2918.36286897434,-1324.97996108688,649.756621623164));
#8443=CARTESIAN_POINT('',(2918.36286897434,-1324.97996108688,651.756621623164));
#8444=CARTESIAN_POINT('',(2918.36286897434,-1324.97996108688,651.756621623164));
#8445=CARTESIAN_POINT('',(2919.61286897434,-1324.97996108688,651.756621623164));
#8446=CARTESIAN_POINT('',(2919.61286897434,-1326.22996108688,651.756621623164));
#8447=CARTESIAN_POINT('',(2919.61286897434,-1327.47996108688,651.756621623164));
#8448=CARTESIAN_POINT('',(2918.36286897434,-1327.47996108688,651.756621623164));
#8449=CARTESIAN_POINT('',(2918.36286897434,-1327.47996108688,649.756621623164));
#8450=CARTESIAN_POINT('',(2919.61286897434,-1327.47996108688,649.756621623164));
#8451=CARTESIAN_POINT('',(2919.61286897434,-1326.22996108688,649.756621623164));
#8452=CARTESIAN_POINT('',(2919.61286897434,-1324.97996108688,649.756621623164));
#8453=CARTESIAN_POINT('',(2918.36286897434,-1324.97996108688,649.756621623164));
#8454=CARTESIAN_POINT('',(2967.47783270149,-1259.17484288487,661.251390406285));
#8455=CARTESIAN_POINT('',(2967.47783270149,-1257.92057499825,662.410216936054));
#8456=CARTESIAN_POINT('',(2967.47783270149,-1257.92057499825,662.410216936054));
#8457=CARTESIAN_POINT('',(2959.36990437071,-1257.92057499825,662.410216936054));
#8458=CARTESIAN_POINT('',(2959.36990437071,-1257.92057499825,662.410216936054));
#8459=CARTESIAN_POINT('',(2958.13584127858,-1259.17484288487,661.251390406286));
#8460=CARTESIAN_POINT('',(2958.13584127858,-1259.17484288487,661.251390406286));
#8461=CARTESIAN_POINT('',(2967.47783270149,-1259.17484288487,661.251390406285));
#8462=CARTESIAN_POINT('',(2967.47783270149,-1260.42911077148,661.251390406285));
#8463=CARTESIAN_POINT('',(2967.47783270149,-1259.17484288487,661.251390406285));
#8464=CARTESIAN_POINT('',(2958.13584127858,-1259.17484288487,661.251390406286));
#8465=CARTESIAN_POINT('',(2958.13584127858,-1260.42911077148,661.251390406285));
#8466=CARTESIAN_POINT('',(2958.13584127858,-1260.42911077148,661.251390406285));
#8467=CARTESIAN_POINT('',(2967.47783270149,-1260.42911077148,661.251390406285));
#8468=CARTESIAN_POINT('',(2959.36990437071,-1256.38600364472,662.410216936054));
#8469=CARTESIAN_POINT('',(2959.36990437071,-1257.92057499825,662.410216936054));
#8470=CARTESIAN_POINT('',(2967.47783270149,-1257.92057499825,662.410216936054));
#8471=CARTESIAN_POINT('',(2967.47783270149,-1256.38600364472,662.410216936054));
#8472=CARTESIAN_POINT('',(2967.47783270149,-1256.38600364472,662.410216936054));
#8473=CARTESIAN_POINT('',(2959.36990437071,-1256.38600364472,662.410216936054));
#8474=CARTESIAN_POINT('',(2932.23189935016,-1327.36225406052,651.756621623164));
#8475=CARTESIAN_POINT('',(2932.23189935016,-1324.58165376236,651.756621623164));
#8476=CARTESIAN_POINT('',(2929.83075765545,-1323.17942104985,651.756621623164));
#8477=CARTESIAN_POINT('',(2927.42961596073,-1321.77718833733,651.756621623165));
#8478=CARTESIAN_POINT('',(2925.00786592788,-1323.14352094564,651.756621623165));
#8479=CARTESIAN_POINT('',(2922.55421387461,-1324.52785242674,651.756621623165));
#8480=CARTESIAN_POINT('',(2922.54421609292,-1327.34506418528,651.756621623164));
#8481=CARTESIAN_POINT('',(2922.54418654542,-1327.35339019001,651.756621623165));
#8482=CARTESIAN_POINT('',(2922.54418559112,-1327.36225406052,651.756621623164));
#8483=CARTESIAN_POINT('',(2922.54418559112,-1327.36225406052,651.756621623164));
#8484=CARTESIAN_POINT('',(2924.88804247064,-1327.36225406052,648.756621623164));
#8485=CARTESIAN_POINT('',(2924.88804247064,-1327.36225406052,648.756621623164));
#8486=CARTESIAN_POINT('',(2924.88804247064,-1324.86225406052,648.756621623164));
#8487=CARTESIAN_POINT('',(2927.38804247064,-1324.86225406052,648.756621623164));
#8488=CARTESIAN_POINT('',(2929.88804247064,-1324.86225406052,648.756621623164));
#8489=CARTESIAN_POINT('',(2929.88804247064,-1327.36225406052,648.756621623164));
#8490=CARTESIAN_POINT('',(2929.88804247064,-1327.36225406052,648.756621623164));
#8491=CARTESIAN_POINT('',(2932.23189935016,-1327.36225406052,651.756621623164));
#8492=CARTESIAN_POINT('',(2932.23189935016,-1267.36225406302,651.756621623164));
#8493=CARTESIAN_POINT('',(2929.88804247064,-1267.36225406302,648.756621623164));
#8494=CARTESIAN_POINT('',(2929.88804247064,-1267.36225406302,648.756621623164));
#8495=CARTESIAN_POINT('',(2929.88804247064,-1269.86225406302,648.756621623164));
#8496=CARTESIAN_POINT('',(2927.38804247064,-1269.86225406302,648.756621623164));
#8497=CARTESIAN_POINT('',(2924.88804247064,-1269.86225406302,648.756621623164));
#8498=CARTESIAN_POINT('',(2924.88804247064,-1267.36225406302,648.756621623164));
#8499=CARTESIAN_POINT('',(2924.88804247064,-1267.36225406302,648.756621623164));
#8500=CARTESIAN_POINT('',(2922.54418559112,-1267.36225406302,651.756621623164));
#8501=CARTESIAN_POINT('',(2922.54418559112,-1267.36225406302,651.756621623164));
#8502=CARTESIAN_POINT('',(2922.54418559112,-1272.20611094254,651.756621623165));
#8503=CARTESIAN_POINT('',(2927.38804247064,-1272.20611094254,651.756621623165));
#8504=CARTESIAN_POINT('',(2932.23189935016,-1272.20611094254,651.756621623165));
#8505=CARTESIAN_POINT('',(2932.23189935016,-1267.36225406302,651.756621623164));
#8506=CARTESIAN_POINT('',(2924.88804247064,-1327.36225406052,647.756621623163));
#8507=CARTESIAN_POINT('',(2924.88804247064,-1327.36225406052,648.756621623164));
#8508=CARTESIAN_POINT('',(2929.88804247064,-1327.36225406052,647.756621623163));
#8509=CARTESIAN_POINT('',(2929.88804247064,-1324.86225406052,647.756621623163));
#8510=CARTESIAN_POINT('',(2927.38804247064,-1324.86225406052,647.756621623163));
#8511=CARTESIAN_POINT('',(2924.88804247064,-1324.86225406052,647.756621623163));
#8512=CARTESIAN_POINT('',(2924.88804247064,-1327.36225406052,647.756621623163));
#8513=CARTESIAN_POINT('',(2929.88804247064,-1327.36225406052,648.756621623164));
#8514=CARTESIAN_POINT('',(2929.88804247064,-1327.36225406052,647.756621623163));
#8515=CARTESIAN_POINT('',(2924.88804247064,-1267.36225406302,648.756621623164));
#8516=CARTESIAN_POINT('',(2924.88804247064,-1267.36225406302,647.756621623163));
#8517=CARTESIAN_POINT('',(2929.88804247064,-1267.36225406302,647.756621623163));
#8518=CARTESIAN_POINT('',(2929.88804247064,-1267.36225406302,648.756621623164));
#8519=CARTESIAN_POINT('',(2924.88804247064,-1267.36225406302,647.756621623163));
#8520=CARTESIAN_POINT('',(2924.88804247064,-1269.86225406302,647.756621623163));
#8521=CARTESIAN_POINT('',(2927.38804247064,-1269.86225406302,647.756621623163));
#8522=CARTESIAN_POINT('',(2929.88804247064,-1269.86225406302,647.756621623163));
#8523=CARTESIAN_POINT('',(2929.88804247064,-1267.36225406302,647.756621623163));
#8524=CARTESIAN_POINT('',(2929.88804247064,-1327.36225406052,648.756621623164));
#8525=CARTESIAN_POINT('',(2929.88804247064,-1329.86225406052,648.756621623165));
#8526=CARTESIAN_POINT('',(2927.38804247064,-1329.86225406052,648.756621623165));
#8527=CARTESIAN_POINT('',(2924.88804247064,-1329.86225406052,648.756621623165));
#8528=CARTESIAN_POINT('',(2924.88804247064,-1327.36225406052,648.756621623164));
#8529=CARTESIAN_POINT('',(2924.88804247064,-1267.36225406302,648.756621623164));
#8530=CARTESIAN_POINT('',(2924.88804247064,-1264.86225406302,648.756621623165));
#8531=CARTESIAN_POINT('',(2927.38804247064,-1264.86225406302,648.756621623165));
#8532=CARTESIAN_POINT('',(2929.88804247064,-1264.86225406302,648.756621623165));
#8533=CARTESIAN_POINT('',(2929.88804247064,-1267.36225406302,648.756621623164));
#8534=CARTESIAN_POINT('',(2932.23189935016,-1267.36225406302,651.756621623164));
#8535=CARTESIAN_POINT('',(2932.23189935016,-1262.5183971835,651.756621623165));
#8536=CARTESIAN_POINT('',(2927.38804247064,-1262.5183971835,651.756621623165));
#8537=CARTESIAN_POINT('',(2922.54418559112,-1262.5183971835,651.756621623165));
#8538=CARTESIAN_POINT('',(2922.54418559112,-1267.36225406302,651.756621623164));
#8539=CARTESIAN_POINT('',(2924.88804247064,-1327.36225406052,647.756621623163));
#8540=CARTESIAN_POINT('',(2924.88804247064,-1329.86225406052,647.756621623163));
#8541=CARTESIAN_POINT('',(2927.38804247064,-1329.86225406052,647.756621623163));
#8542=CARTESIAN_POINT('',(2929.88804247064,-1329.86225406052,647.756621623163));
#8543=CARTESIAN_POINT('',(2929.88804247064,-1327.36225406052,647.756621623163));
#8544=CARTESIAN_POINT('',(2929.88804247064,-1267.36225406302,647.756621623163));
#8545=CARTESIAN_POINT('',(2929.88804247064,-1264.86225406302,647.756621623164));
#8546=CARTESIAN_POINT('',(2927.38804247064,-1264.86225406302,647.756621623164));
#8547=CARTESIAN_POINT('',(2924.88804247064,-1264.86225406302,647.756621623164));
#8548=CARTESIAN_POINT('',(2924.88804247064,-1267.36225406302,647.756621623163));
#8549=CARTESIAN_POINT('',(2940.59055392644,-1256.38600364472,651.756621623132));
#8550=CARTESIAN_POINT('',(2940.59055392644,-1256.38600364472,647.756621623163));
#8551=CARTESIAN_POINT('',(2940.59055392644,-1256.38600364472,647.756621623163));
#8552=CARTESIAN_POINT('',(2922.00436716839,-1256.38600364472,647.756621623163));
#8553=CARTESIAN_POINT('',(2922.00436716839,-1256.38600364472,647.756621623163));
#8554=CARTESIAN_POINT('',(2922.00436716839,-1256.38600364472,651.748169609845));
#8555=CARTESIAN_POINT('',(2922.00436716839,-1256.38600364472,651.748169609845));
#8556=CARTESIAN_POINT('',(2922.00475202211,-1256.38600364472,651.752431035565));
#8557=CARTESIAN_POINT('',(2922.00475202211,-1256.38600364472,651.752431035565));
#8558=CARTESIAN_POINT('',(2922.09639765056,-1256.38600364473,651.756621623164));
#8559=CARTESIAN_POINT('',(2922.18804247089,-1256.38600364472,651.756621623165));
#8560=CARTESIAN_POINT('',(2931.38929819865,-1256.38600364472,651.756621623148));
#8561=CARTESIAN_POINT('',(2940.59055392644,-1256.38600364472,651.756621623132));
#8562=CARTESIAN_POINT('',(2922.00436716839,-1256.38600364472,644.934614003813));
#8563=CARTESIAN_POINT('',(2920.18804247089,-1256.38600364472,644.934614003813));
#8564=CARTESIAN_POINT('',(2918.45307770179,-1256.92352820857,644.934614003813));
#8565=CARTESIAN_POINT('',(2918.45307770179,-1256.92352820857,644.934614003813));
#8566=CARTESIAN_POINT('',(2918.45307770179,-1256.92352820857,651.756621623164));
#8567=CARTESIAN_POINT('',(2918.45307770179,-1256.92352820857,651.756621623164));
#8568=CARTESIAN_POINT('',(2920.18823489775,-1256.38600364472,651.754526329364));
#8569=CARTESIAN_POINT('',(2922.00475202211,-1256.38600364472,651.752431035565));
#8570=CARTESIAN_POINT('',(2922.00436716839,-1256.38600364472,647.756621623163));
#8571=CARTESIAN_POINT('',(2922.00436716839,-1256.38600364472,644.934614003813));
#8572=CARTESIAN_POINT('',(2901.00427931536,-1262.32949258857,644.934614003814));
#8573=CARTESIAN_POINT('',(2898.18804247089,-1263.20201548268,644.934614003813));
#8574=CARTESIAN_POINT('',(2898.18804247089,-1266.15031773396,644.934614003813));
#8575=CARTESIAN_POINT('',(2898.18804247089,-1266.15031773396,644.934614003813));
#8576=CARTESIAN_POINT('',(2898.18804247089,-1266.15031773396,647.756621623164));
#8577=CARTESIAN_POINT('',(2901.00427931536,-1262.32949258857,651.577446768548));
#8578=CARTESIAN_POINT('',(2901.00427931536,-1262.32949258857,644.934614003814));
#8579=CARTESIAN_POINT('',(2918.45307770179,-1256.92352820857,644.934614003813));
#8580=CARTESIAN_POINT('',(2901.00427931536,-1262.32949258857,644.934614003814));
#8581=CARTESIAN_POINT('',(2901.00427931536,-1262.32949258857,651.577446768548));
#8582=CARTESIAN_POINT('',(2901.38839685618,-1262.21048578379,651.696453573338));
#8583=CARTESIAN_POINT('',(2901.78748960187,-1262.08683938019,651.756621623164));
#8584=CARTESIAN_POINT('',(2902.18804247089,-1261.96274060305,651.756621623164));
#8585=CARTESIAN_POINT('',(2902.18804247089,-1261.96274060305,651.756621623164));
#8586=CARTESIAN_POINT('',(2910.32056008634,-1259.44313440581,651.756621623164));
#8587=CARTESIAN_POINT('',(2918.45307770179,-1256.92352820857,651.756621623164));
#8588=CARTESIAN_POINT('',(2929.88804247064,-1327.36225406052,647.756621623163));
#8589=CARTESIAN_POINT('',(2929.88804247064,-1327.36225406052,644.934097775209));
#8590=CARTESIAN_POINT('',(2924.88804247064,-1327.36225406052,644.934010255762));
#8591=CARTESIAN_POINT('',(2924.88804247064,-1327.36225406052,647.756621623163));
#8592=CARTESIAN_POINT('',(2929.88804247064,-1327.36225406052,644.934097775209));
#8593=CARTESIAN_POINT('',(2929.88804247065,-1324.86225406013,644.934097775209));
#8594=CARTESIAN_POINT('',(2927.38804247064,-1324.86225406013,644.934054015486));
#8595=CARTESIAN_POINT('',(2924.88804247063,-1324.86225406013,644.934010255763));
#8596=CARTESIAN_POINT('',(2924.88804247064,-1327.36225406052,644.934010255762));
#8597=CARTESIAN_POINT('',(2924.88804247064,-1267.36225406302,647.756621623163));
#8598=CARTESIAN_POINT('',(2924.88804247064,-1267.36225406302,644.934097775209));
#8599=CARTESIAN_POINT('',(2929.88804247064,-1267.36225406302,644.934010255762));
#8600=CARTESIAN_POINT('',(2929.88804247064,-1267.36225406302,647.756621623163));
#8601=CARTESIAN_POINT('',(2924.88804247064,-1327.36225406052,644.934010255762));
#8602=CARTESIAN_POINT('',(2924.88804247102,-1329.86225406052,644.934010255761));
#8603=CARTESIAN_POINT('',(2927.38804247064,-1329.86225406052,644.934054015485));
#8604=CARTESIAN_POINT('',(2929.88804247026,-1329.86225406052,644.934097775208));
#8605=CARTESIAN_POINT('',(2929.88804247064,-1327.36225406052,644.934097775209));
#8606=CARTESIAN_POINT('',(2929.88804247064,-1267.36225406302,644.934010255762));
#8607=CARTESIAN_POINT('',(2929.88804247026,-1264.86225406302,644.934010255761));
#8608=CARTESIAN_POINT('',(2927.38804247064,-1264.86225406302,644.934054015485));
#8609=CARTESIAN_POINT('',(2924.88804247102,-1264.86225406302,644.934097775208));
#8610=CARTESIAN_POINT('',(2924.88804247064,-1267.36225406302,644.934097775209));
#8611=CARTESIAN_POINT('',(2940.59055392644,-1256.38600364472,644.934010255762));
#8612=CARTESIAN_POINT('',(2922.00436716839,-1256.38600364472,644.934614003813));
#8613=CARTESIAN_POINT('',(2940.59055392644,-1256.38600364472,647.756621623163));
#8614=CARTESIAN_POINT('',(2940.59055392644,-1256.38600364472,644.934010255762));
#8615=CARTESIAN_POINT('',(2955.00729200537,-1287.64388092167,644.934245310723));
#8616=CARTESIAN_POINT('',(2955.00729200537,-1287.64388092167,646.122987835929));
#8617=CARTESIAN_POINT('',(2955.00729200537,-1287.64388092167,646.122987835929));
#8618=CARTESIAN_POINT('',(2955.00729197271,-1283.97638521799,646.122987835929));
#8619=CARTESIAN_POINT('',(2955.00729200537,-1283.97638525505,650.478884173312));
#8620=CARTESIAN_POINT('',(2955.00729200537,-1314.42549122043,650.478884173312));
#8621=CARTESIAN_POINT('',(2955.00729192221,-1314.42549117326,644.934178152163));
#8622=CARTESIAN_POINT('',(2955.00729200537,-1287.64388092167,644.934245310723));
#8623=CARTESIAN_POINT('',(2918.36286897434,-1287.479961087,651.756621623164));
#8624=CARTESIAN_POINT('',(2918.36286897434,-1287.479961087,649.756621623164));
#8625=CARTESIAN_POINT('',(2918.36286897434,-1284.979961087,651.756621623164));
#8626=CARTESIAN_POINT('',(2919.61286897434,-1284.979961087,651.756621623164));
#8627=CARTESIAN_POINT('',(2919.61286897434,-1286.229961087,651.756621623164));
#8628=CARTESIAN_POINT('',(2919.61286897434,-1287.479961087,651.756621623164));
#8629=CARTESIAN_POINT('',(2918.36286897434,-1287.479961087,651.756621623164));
#8630=CARTESIAN_POINT('',(2918.36286897434,-1284.979961087,649.756621623164));
#8631=CARTESIAN_POINT('',(2918.36286897434,-1284.979961087,651.756621623164));
#8632=CARTESIAN_POINT('',(2918.36286897434,-1287.479961087,649.756621623164));
#8633=CARTESIAN_POINT('',(2919.61286897434,-1287.479961087,649.756621623164));
#8634=CARTESIAN_POINT('',(2919.61286897434,-1286.229961087,649.756621623164));
#8635=CARTESIAN_POINT('',(2919.61286897434,-1284.979961087,649.756621623164));
#8636=CARTESIAN_POINT('',(2918.36286897434,-1284.979961087,649.756621623164));
#8637=CARTESIAN_POINT('',(2904.39375643463,-1287.479961087,651.756621623164));
#8638=CARTESIAN_POINT('',(2911.37831270449,-1287.479961087,651.756621623164));
#8639=CARTESIAN_POINT('',(2918.36286897434,-1287.479961087,651.756621623164));
#8640=CARTESIAN_POINT('',(2918.36286897434,-1287.479961087,649.756621623164));
#8641=CARTESIAN_POINT('',(2911.37831270449,-1287.479961087,649.756621623164));
#8642=CARTESIAN_POINT('',(2904.39375643463,-1287.479961087,649.756621623164));
#8643=CARTESIAN_POINT('',(2904.39375643463,-1287.479961087,649.756621623164));
#8644=CARTESIAN_POINT('',(2904.39375643463,-1287.479961087,651.756621623164));
#8645=CARTESIAN_POINT('',(2904.39375643463,-1284.979961087,651.756621623164));
#8646=CARTESIAN_POINT('',(2904.39375643463,-1284.979961087,649.756621623164));
#8647=CARTESIAN_POINT('',(2904.39375643463,-1287.479961087,651.756621623164));
#8648=CARTESIAN_POINT('',(2903.14375643463,-1287.479961087,651.756621623164));
#8649=CARTESIAN_POINT('',(2903.14375643463,-1286.229961087,651.756621623164));
#8650=CARTESIAN_POINT('',(2903.14375643463,-1284.979961087,651.756621623164));
#8651=CARTESIAN_POINT('',(2904.39375643463,-1284.979961087,651.756621623164));
#8652=CARTESIAN_POINT('',(2904.39375643463,-1284.979961087,649.756621623164));
#8653=CARTESIAN_POINT('',(2903.14375643463,-1284.979961087,649.756621623164));
#8654=CARTESIAN_POINT('',(2903.14375643463,-1286.229961087,649.756621623164));
#8655=CARTESIAN_POINT('',(2903.14375643463,-1287.479961087,649.756621623164));
#8656=CARTESIAN_POINT('',(2904.39375643463,-1287.479961087,649.756621623164));
#8657=CARTESIAN_POINT('',(2918.36286897434,-1284.979961087,651.756621623164));
#8658=CARTESIAN_POINT('',(2911.37831270449,-1284.979961087,651.756621623164));
#8659=CARTESIAN_POINT('',(2904.39375643463,-1284.979961087,651.756621623164));
#8660=CARTESIAN_POINT('',(2904.39375643463,-1284.979961087,649.756621623164));
#8661=CARTESIAN_POINT('',(2911.37831270449,-1284.979961087,649.756621623164));
#8662=CARTESIAN_POINT('',(2918.36286897434,-1284.979961087,649.756621623164));
#8663=CARTESIAN_POINT('',(2918.36286897434,-1292.479961087,651.756621623164));
#8664=CARTESIAN_POINT('',(2918.36286897434,-1292.479961087,649.756621623164));
#8665=CARTESIAN_POINT('',(2918.36286897434,-1289.979961087,651.756621623164));
#8666=CARTESIAN_POINT('',(2919.61286897434,-1289.979961087,651.756621623164));
#8667=CARTESIAN_POINT('',(2919.61286897434,-1291.229961087,651.756621623164));
#8668=CARTESIAN_POINT('',(2919.61286897434,-1292.479961087,651.756621623164));
#8669=CARTESIAN_POINT('',(2918.36286897434,-1292.479961087,651.756621623164));
#8670=CARTESIAN_POINT('',(2918.36286897434,-1289.979961087,649.756621623164));
#8671=CARTESIAN_POINT('',(2918.36286897434,-1289.979961087,651.756621623164));
#8672=CARTESIAN_POINT('',(2918.36286897434,-1292.479961087,649.756621623164));
#8673=CARTESIAN_POINT('',(2919.61286897434,-1292.479961087,649.756621623164));
#8674=CARTESIAN_POINT('',(2919.61286897434,-1291.229961087,649.756621623164));
#8675=CARTESIAN_POINT('',(2919.61286897434,-1289.979961087,649.756621623164));
#8676=CARTESIAN_POINT('',(2918.36286897434,-1289.979961087,649.756621623164));
#8677=CARTESIAN_POINT('',(2904.39375643463,-1292.479961087,651.756621623164));
#8678=CARTESIAN_POINT('',(2911.37831270449,-1292.479961087,651.756621623164));
#8679=CARTESIAN_POINT('',(2918.36286897434,-1292.479961087,651.756621623164));
#8680=CARTESIAN_POINT('',(2918.36286897434,-1292.479961087,649.756621623164));
#8681=CARTESIAN_POINT('',(2911.37831270449,-1292.479961087,649.756621623164));
#8682=CARTESIAN_POINT('',(2904.39375643463,-1292.479961087,649.756621623164));
#8683=CARTESIAN_POINT('',(2904.39375643463,-1292.479961087,649.756621623164));
#8684=CARTESIAN_POINT('',(2904.39375643463,-1292.479961087,651.756621623164));
#8685=CARTESIAN_POINT('',(2904.39375643463,-1289.979961087,651.756621623164));
#8686=CARTESIAN_POINT('',(2904.39375643463,-1289.979961087,649.756621623164));
#8687=CARTESIAN_POINT('',(2904.39375643463,-1292.479961087,651.756621623164));
#8688=CARTESIAN_POINT('',(2903.14375643463,-1292.479961087,651.756621623164));
#8689=CARTESIAN_POINT('',(2903.14375643463,-1291.229961087,651.756621623164));
#8690=CARTESIAN_POINT('',(2903.14375643463,-1289.979961087,651.756621623164));
#8691=CARTESIAN_POINT('',(2904.39375643463,-1289.979961087,651.756621623164));
#8692=CARTESIAN_POINT('',(2904.39375643463,-1289.979961087,649.756621623164));
#8693=CARTESIAN_POINT('',(2903.14375643463,-1289.979961087,649.756621623164));
#8694=CARTESIAN_POINT('',(2903.14375643463,-1291.229961087,649.756621623164));
#8695=CARTESIAN_POINT('',(2903.14375643463,-1292.479961087,649.756621623164));
#8696=CARTESIAN_POINT('',(2904.39375643463,-1292.479961087,649.756621623164));
#8697=CARTESIAN_POINT('',(2918.36286897434,-1289.979961087,651.756621623164));
#8698=CARTESIAN_POINT('',(2911.37831270449,-1289.979961087,651.756621623164));
#8699=CARTESIAN_POINT('',(2904.39375643463,-1289.979961087,651.756621623164));
#8700=CARTESIAN_POINT('',(2904.39375643463,-1289.979961087,649.756621623164));
#8701=CARTESIAN_POINT('',(2911.37831270449,-1289.979961087,649.756621623164));
#8702=CARTESIAN_POINT('',(2918.36286897434,-1289.979961087,649.756621623164));
#8703=CARTESIAN_POINT('',(2918.36286897434,-1297.479961087,651.756621623164));
#8704=CARTESIAN_POINT('',(2918.36286897434,-1297.479961087,649.756621623164));
#8705=CARTESIAN_POINT('',(2918.36286897434,-1294.979961087,651.756621623164));
#8706=CARTESIAN_POINT('',(2919.61286897434,-1294.979961087,651.756621623164));
#8707=CARTESIAN_POINT('',(2919.61286897434,-1296.229961087,651.756621623164));
#8708=CARTESIAN_POINT('',(2919.61286897434,-1297.479961087,651.756621623164));
#8709=CARTESIAN_POINT('',(2918.36286897434,-1297.479961087,651.756621623164));
#8710=CARTESIAN_POINT('',(2918.36286897434,-1294.979961087,649.756621623164));
#8711=CARTESIAN_POINT('',(2918.36286897434,-1294.979961087,651.756621623164));
#8712=CARTESIAN_POINT('',(2918.36286897434,-1297.479961087,649.756621623164));
#8713=CARTESIAN_POINT('',(2919.61286897434,-1297.479961087,649.756621623164));
#8714=CARTESIAN_POINT('',(2919.61286897434,-1296.229961087,649.756621623164));
#8715=CARTESIAN_POINT('',(2919.61286897434,-1294.979961087,649.756621623164));
#8716=CARTESIAN_POINT('',(2918.36286897434,-1294.979961087,649.756621623164));
#8717=CARTESIAN_POINT('',(2904.39375643463,-1297.479961087,651.756621623164));
#8718=CARTESIAN_POINT('',(2911.37831270449,-1297.479961087,651.756621623164));
#8719=CARTESIAN_POINT('',(2918.36286897434,-1297.479961087,651.756621623164));
#8720=CARTESIAN_POINT('',(2918.36286897434,-1297.479961087,649.756621623164));
#8721=CARTESIAN_POINT('',(2911.37831270449,-1297.479961087,649.756621623164));
#8722=CARTESIAN_POINT('',(2904.39375643463,-1297.479961087,649.756621623164));
#8723=CARTESIAN_POINT('',(2904.39375643463,-1297.479961087,649.756621623164));
#8724=CARTESIAN_POINT('',(2904.39375643463,-1297.479961087,651.756621623164));
#8725=CARTESIAN_POINT('',(2904.39375643463,-1294.979961087,651.756621623164));
#8726=CARTESIAN_POINT('',(2904.39375643463,-1294.979961087,649.756621623164));
#8727=CARTESIAN_POINT('',(2904.39375643463,-1297.479961087,651.756621623164));
#8728=CARTESIAN_POINT('',(2903.14375643463,-1297.479961087,651.756621623164));
#8729=CARTESIAN_POINT('',(2903.14375643463,-1296.229961087,651.756621623164));
#8730=CARTESIAN_POINT('',(2903.14375643463,-1294.979961087,651.756621623164));
#8731=CARTESIAN_POINT('',(2904.39375643463,-1294.979961087,651.756621623164));
#8732=CARTESIAN_POINT('',(2904.39375643463,-1294.979961087,649.756621623164));
#8733=CARTESIAN_POINT('',(2903.14375643463,-1294.979961087,649.756621623164));
#8734=CARTESIAN_POINT('',(2903.14375643463,-1296.229961087,649.756621623164));
#8735=CARTESIAN_POINT('',(2903.14375643463,-1297.479961087,649.756621623164));
#8736=CARTESIAN_POINT('',(2904.39375643463,-1297.479961087,649.756621623164));
#8737=CARTESIAN_POINT('',(2918.36286897434,-1294.979961087,651.756621623164));
#8738=CARTESIAN_POINT('',(2911.37831270449,-1294.979961087,651.756621623164));
#8739=CARTESIAN_POINT('',(2904.39375643463,-1294.979961087,651.756621623164));
#8740=CARTESIAN_POINT('',(2904.39375643463,-1294.979961087,649.756621623164));
#8741=CARTESIAN_POINT('',(2911.37831270449,-1294.979961087,649.756621623164));
#8742=CARTESIAN_POINT('',(2918.36286897434,-1294.979961087,649.756621623164));
#8743=CARTESIAN_POINT('',(2904.39375643463,-1272.47996108712,651.756621623164));
#8744=CARTESIAN_POINT('',(2911.37831270449,-1272.47996108712,651.756621623164));
#8745=CARTESIAN_POINT('',(2918.36286897434,-1272.47996108712,651.756621623164));
#8746=CARTESIAN_POINT('',(2918.36286897434,-1272.47996108712,651.756621623164));
#8747=CARTESIAN_POINT('',(2918.36286897434,-1272.47996108712,649.756621623164));
#8748=CARTESIAN_POINT('',(2918.36286897434,-1272.47996108712,649.756621623164));
#8749=CARTESIAN_POINT('',(2911.37831270449,-1272.47996108712,649.756621623164));
#8750=CARTESIAN_POINT('',(2904.39375643463,-1272.47996108712,649.756621623164));
#8751=CARTESIAN_POINT('',(2904.39375643463,-1272.47996108712,649.756621623164));
#8752=CARTESIAN_POINT('',(2904.39375643463,-1272.47996108712,651.756621623164));
#8753=CARTESIAN_POINT('',(2904.39375643463,-1269.97996108712,651.756621623164));
#8754=CARTESIAN_POINT('',(2904.39375643463,-1269.97996108712,649.756621623164));
#8755=CARTESIAN_POINT('',(2904.39375643463,-1272.47996108712,651.756621623164));
#8756=CARTESIAN_POINT('',(2903.14375643463,-1272.47996108712,651.756621623164));
#8757=CARTESIAN_POINT('',(2903.14375643463,-1271.22996108712,651.756621623164));
#8758=CARTESIAN_POINT('',(2903.14375643463,-1269.97996108712,651.756621623164));
#8759=CARTESIAN_POINT('',(2904.39375643463,-1269.97996108712,651.756621623164));
#8760=CARTESIAN_POINT('',(2904.39375643463,-1269.97996108712,649.756621623164));
#8761=CARTESIAN_POINT('',(2903.14375643463,-1269.97996108712,649.756621623164));
#8762=CARTESIAN_POINT('',(2903.14375643463,-1271.22996108712,649.756621623164));
#8763=CARTESIAN_POINT('',(2903.14375643463,-1272.47996108712,649.756621623164));
#8764=CARTESIAN_POINT('',(2904.39375643463,-1272.47996108712,649.756621623164));
#8765=CARTESIAN_POINT('',(2918.36286897434,-1269.97996108712,651.756621623164));
#8766=CARTESIAN_POINT('',(2911.37831270449,-1269.97996108712,651.756621623164));
#8767=CARTESIAN_POINT('',(2904.39375643463,-1269.97996108712,651.756621623164));
#8768=CARTESIAN_POINT('',(2904.39375643463,-1269.97996108712,649.756621623164));
#8769=CARTESIAN_POINT('',(2911.37831270449,-1269.97996108712,649.756621623164));
#8770=CARTESIAN_POINT('',(2918.36286897434,-1269.97996108712,649.756621623164));
#8771=CARTESIAN_POINT('',(2918.36286897434,-1269.97996108712,649.756621623164));
#8772=CARTESIAN_POINT('',(2918.36286897434,-1269.97996108712,651.756621623164));
#8773=CARTESIAN_POINT('',(2918.36286897434,-1269.97996108712,651.756621623164));
#8774=CARTESIAN_POINT('',(2919.61286897434,-1269.97996108712,651.756621623164));
#8775=CARTESIAN_POINT('',(2919.61286897434,-1271.22996108712,651.756621623164));
#8776=CARTESIAN_POINT('',(2919.61286897434,-1272.47996108712,651.756621623164));
#8777=CARTESIAN_POINT('',(2918.36286897434,-1272.47996108712,651.756621623164));
#8778=CARTESIAN_POINT('',(2918.36286897434,-1272.47996108712,649.756621623164));
#8779=CARTESIAN_POINT('',(2919.61286897434,-1272.47996108712,649.756621623164));
#8780=CARTESIAN_POINT('',(2919.61286897434,-1271.22996108712,649.756621623164));
#8781=CARTESIAN_POINT('',(2919.61286897434,-1269.97996108712,649.756621623164));
#8782=CARTESIAN_POINT('',(2918.36286897434,-1269.97996108712,649.756621623164));
#8783=CARTESIAN_POINT('',(2904.39375643463,-1302.479961087,651.756621623164));
#8784=CARTESIAN_POINT('',(2911.37831270449,-1302.479961087,651.756621623164));
#8785=CARTESIAN_POINT('',(2918.36286897434,-1302.479961087,651.756621623164));
#8786=CARTESIAN_POINT('',(2918.36286897434,-1302.479961087,651.756621623164));
#8787=CARTESIAN_POINT('',(2918.36286897434,-1302.479961087,649.756621623164));
#8788=CARTESIAN_POINT('',(2918.36286897434,-1302.479961087,649.756621623164));
#8789=CARTESIAN_POINT('',(2911.37831270449,-1302.479961087,649.756621623164));
#8790=CARTESIAN_POINT('',(2904.39375643463,-1302.479961087,649.756621623164));
#8791=CARTESIAN_POINT('',(2904.39375643463,-1302.479961087,649.756621623164));
#8792=CARTESIAN_POINT('',(2904.39375643463,-1302.479961087,651.756621623164));
#8793=CARTESIAN_POINT('',(2904.39375643463,-1299.979961087,651.756621623164));
#8794=CARTESIAN_POINT('',(2904.39375643463,-1299.979961087,649.756621623164));
#8795=CARTESIAN_POINT('',(2904.39375643463,-1302.479961087,651.756621623164));
#8796=CARTESIAN_POINT('',(2903.14375643463,-1302.479961087,651.756621623164));
#8797=CARTESIAN_POINT('',(2903.14375643463,-1301.229961087,651.756621623164));
#8798=CARTESIAN_POINT('',(2903.14375643463,-1299.979961087,651.756621623164));
#8799=CARTESIAN_POINT('',(2904.39375643463,-1299.979961087,651.756621623164));
#8800=CARTESIAN_POINT('',(2904.39375643463,-1299.979961087,649.756621623164));
#8801=CARTESIAN_POINT('',(2903.14375643463,-1299.979961087,649.756621623164));
#8802=CARTESIAN_POINT('',(2903.14375643463,-1301.229961087,649.756621623164));
#8803=CARTESIAN_POINT('',(2903.14375643463,-1302.479961087,649.756621623164));
#8804=CARTESIAN_POINT('',(2904.39375643463,-1302.479961087,649.756621623164));
#8805=CARTESIAN_POINT('',(2918.36286897434,-1299.979961087,651.756621623164));
#8806=CARTESIAN_POINT('',(2911.37831270449,-1299.979961087,651.756621623164));
#8807=CARTESIAN_POINT('',(2904.39375643463,-1299.979961087,651.756621623164));
#8808=CARTESIAN_POINT('',(2904.39375643463,-1299.979961087,649.756621623164));
#8809=CARTESIAN_POINT('',(2911.37831270449,-1299.979961087,649.756621623164));
#8810=CARTESIAN_POINT('',(2918.36286897434,-1299.979961087,649.756621623164));
#8811=CARTESIAN_POINT('',(2918.36286897434,-1299.979961087,649.756621623164));
#8812=CARTESIAN_POINT('',(2918.36286897434,-1299.979961087,651.756621623164));
#8813=CARTESIAN_POINT('',(2918.36286897434,-1299.979961087,651.756621623164));
#8814=CARTESIAN_POINT('',(2919.61286897434,-1299.979961087,651.756621623164));
#8815=CARTESIAN_POINT('',(2919.61286897434,-1301.229961087,651.756621623164));
#8816=CARTESIAN_POINT('',(2919.61286897434,-1302.479961087,651.756621623164));
#8817=CARTESIAN_POINT('',(2918.36286897434,-1302.479961087,651.756621623164));
#8818=CARTESIAN_POINT('',(2918.36286897434,-1302.479961087,649.756621623164));
#8819=CARTESIAN_POINT('',(2919.61286897434,-1302.479961087,649.756621623164));
#8820=CARTESIAN_POINT('',(2919.61286897434,-1301.229961087,649.756621623164));
#8821=CARTESIAN_POINT('',(2919.61286897434,-1299.979961087,649.756621623164));
#8822=CARTESIAN_POINT('',(2918.36286897434,-1299.979961087,649.756621623164));
#8823=CARTESIAN_POINT('',(2931.83308463763,-1282.479961087,651.756621623164));
#8824=CARTESIAN_POINT('',(2931.83308463763,-1282.479961087,649.756621623164));
#8825=CARTESIAN_POINT('',(2931.83308463763,-1282.479961087,649.756621623164));
#8826=CARTESIAN_POINT('',(2918.11342053613,-1282.479961087,649.756621623164));
#8827=CARTESIAN_POINT('',(2904.39375643463,-1282.479961087,649.756621623164));
#8828=CARTESIAN_POINT('',(2904.39375643463,-1282.479961087,649.756621623164));
#8829=CARTESIAN_POINT('',(2904.39375643463,-1282.479961087,651.756621623164));
#8830=CARTESIAN_POINT('',(2904.39375643463,-1282.479961087,651.756621623164));
#8831=CARTESIAN_POINT('',(2913.29089945276,-1282.479961087,651.756621623164));
#8832=CARTESIAN_POINT('',(2922.18804247089,-1282.479961087,651.756621623164));
#8833=CARTESIAN_POINT('',(2927.01056355426,-1282.479961087,651.756621623164));
#8834=CARTESIAN_POINT('',(2931.83308463763,-1282.479961087,651.756621623164));
#8835=CARTESIAN_POINT('',(2904.39375643463,-1279.979961087,651.756621623164));
#8836=CARTESIAN_POINT('',(2904.39375643463,-1279.979961087,649.756621623164));
#8837=CARTESIAN_POINT('',(2904.39375643463,-1282.479961087,651.756621623164));
#8838=CARTESIAN_POINT('',(2903.14375643463,-1282.479961087,651.756621623164));
#8839=CARTESIAN_POINT('',(2903.14375643463,-1281.229961087,651.756621623164));
#8840=CARTESIAN_POINT('',(2903.14375643463,-1279.979961087,651.756621623164));
#8841=CARTESIAN_POINT('',(2904.39375643463,-1279.979961087,651.756621623164));
#8842=CARTESIAN_POINT('',(2904.39375643463,-1279.979961087,649.756621623164));
#8843=CARTESIAN_POINT('',(2903.14375643463,-1279.979961087,649.756621623164));
#8844=CARTESIAN_POINT('',(2903.14375643463,-1281.229961087,649.756621623164));
#8845=CARTESIAN_POINT('',(2903.14375643463,-1282.479961087,649.756621623164));
#8846=CARTESIAN_POINT('',(2904.39375643463,-1282.479961087,649.756621623164));
#8847=CARTESIAN_POINT('',(2931.83308463763,-1279.979961087,651.756621623164));
#8848=CARTESIAN_POINT('',(2927.01056355426,-1279.979961087,651.756621623164));
#8849=CARTESIAN_POINT('',(2922.18804247089,-1279.979961087,651.756621623164));
#8850=CARTESIAN_POINT('',(2913.29089945276,-1279.979961087,651.756621623164));
#8851=CARTESIAN_POINT('',(2904.39375643463,-1279.979961087,651.756621623164));
#8852=CARTESIAN_POINT('',(2904.39375643463,-1279.979961087,649.756621623164));
#8853=CARTESIAN_POINT('',(2918.11342053613,-1279.979961087,649.756621623164));
#8854=CARTESIAN_POINT('',(2931.83308463763,-1279.979961087,649.756621623164));
#8855=CARTESIAN_POINT('',(2931.83308463763,-1279.979961087,649.756621623164));
#8856=CARTESIAN_POINT('',(2931.83308463763,-1279.979961087,651.756621623164));
#8857=CARTESIAN_POINT('',(2931.83308463763,-1279.979961087,651.756621623164));
#8858=CARTESIAN_POINT('',(2933.08308463763,-1279.979961087,651.756621623164));
#8859=CARTESIAN_POINT('',(2933.08308463763,-1281.229961087,651.756621623164));
#8860=CARTESIAN_POINT('',(2933.08308463763,-1282.479961087,651.756621623164));
#8861=CARTESIAN_POINT('',(2931.83308463763,-1282.479961087,651.756621623164));
#8862=CARTESIAN_POINT('',(2931.83308463763,-1282.479961087,649.756621623164));
#8863=CARTESIAN_POINT('',(2933.08308463763,-1282.479961087,649.756621623164));
#8864=CARTESIAN_POINT('',(2933.08308463763,-1281.229961087,649.756621623164));
#8865=CARTESIAN_POINT('',(2933.08308463763,-1279.979961087,649.756621623164));
#8866=CARTESIAN_POINT('',(2931.83308463763,-1279.979961087,649.756621623164));
#8867=CARTESIAN_POINT('',(2931.83308463763,-1277.479961087,651.756621623164));
#8868=CARTESIAN_POINT('',(2931.83308463763,-1277.479961087,649.756621623164));
#8869=CARTESIAN_POINT('',(2931.83308463763,-1277.479961087,649.756621623164));
#8870=CARTESIAN_POINT('',(2918.11342053613,-1277.479961087,649.756621623164));
#8871=CARTESIAN_POINT('',(2904.39375643463,-1277.479961087,649.756621623164));
#8872=CARTESIAN_POINT('',(2904.39375643463,-1277.479961087,649.756621623164));
#8873=CARTESIAN_POINT('',(2904.39375643463,-1277.479961087,651.756621623164));
#8874=CARTESIAN_POINT('',(2904.39375643463,-1277.479961087,651.756621623164));
#8875=CARTESIAN_POINT('',(2913.29089945276,-1277.479961087,651.756621623164));
#8876=CARTESIAN_POINT('',(2922.18804247089,-1277.479961087,651.756621623164));
#8877=CARTESIAN_POINT('',(2927.01056355426,-1277.479961087,651.756621623164));
#8878=CARTESIAN_POINT('',(2931.83308463763,-1277.479961087,651.756621623164));
#8879=CARTESIAN_POINT('',(2904.39375643463,-1274.979961087,651.756621623164));
#8880=CARTESIAN_POINT('',(2904.39375643463,-1274.979961087,649.756621623164));
#8881=CARTESIAN_POINT('',(2904.39375643463,-1277.479961087,651.756621623164));
#8882=CARTESIAN_POINT('',(2903.14375643463,-1277.479961087,651.756621623164));
#8883=CARTESIAN_POINT('',(2903.14375643463,-1276.229961087,651.756621623164));
#8884=CARTESIAN_POINT('',(2903.14375643463,-1274.979961087,651.756621623164));
#8885=CARTESIAN_POINT('',(2904.39375643463,-1274.979961087,651.756621623164));
#8886=CARTESIAN_POINT('',(2904.39375643463,-1274.979961087,649.756621623164));
#8887=CARTESIAN_POINT('',(2903.14375643463,-1274.979961087,649.756621623164));
#8888=CARTESIAN_POINT('',(2903.14375643463,-1276.229961087,649.756621623164));
#8889=CARTESIAN_POINT('',(2903.14375643463,-1277.479961087,649.756621623164));
#8890=CARTESIAN_POINT('',(2904.39375643463,-1277.479961087,649.756621623164));
#8891=CARTESIAN_POINT('',(2931.83308463763,-1274.979961087,651.756621623164));
#8892=CARTESIAN_POINT('',(2927.01056355426,-1274.979961087,651.756621623164));
#8893=CARTESIAN_POINT('',(2922.18804247089,-1274.979961087,651.756621623164));
#8894=CARTESIAN_POINT('',(2913.29089945276,-1274.979961087,651.756621623164));
#8895=CARTESIAN_POINT('',(2904.39375643463,-1274.979961087,651.756621623164));
#8896=CARTESIAN_POINT('',(2904.39375643463,-1274.979961087,649.756621623164));
#8897=CARTESIAN_POINT('',(2918.11342053613,-1274.979961087,649.756621623164));
#8898=CARTESIAN_POINT('',(2931.83308463763,-1274.979961087,649.756621623164));
#8899=CARTESIAN_POINT('',(2931.83308463763,-1274.979961087,649.756621623164));
#8900=CARTESIAN_POINT('',(2931.83308463763,-1274.979961087,651.756621623164));
#8901=CARTESIAN_POINT('',(2931.83308463763,-1274.979961087,651.756621623164));
#8902=CARTESIAN_POINT('',(2933.08308463763,-1274.979961087,651.756621623164));
#8903=CARTESIAN_POINT('',(2933.08308463763,-1276.229961087,651.756621623164));
#8904=CARTESIAN_POINT('',(2933.08308463763,-1277.479961087,651.756621623164));
#8905=CARTESIAN_POINT('',(2931.83308463763,-1277.479961087,651.756621623164));
#8906=CARTESIAN_POINT('',(2931.83308463763,-1277.479961087,649.756621623164));
#8907=CARTESIAN_POINT('',(2933.08308463763,-1277.479961087,649.756621623164));
#8908=CARTESIAN_POINT('',(2933.08308463763,-1276.229961087,649.756621623164));
#8909=CARTESIAN_POINT('',(2933.08308463763,-1274.979961087,649.756621623164));
#8910=CARTESIAN_POINT('',(2931.83308463763,-1274.979961087,649.756621623164));
#8911=CARTESIAN_POINT('',(2950.51322147838,-1256.38595982897,644.934010173088));
#8912=CARTESIAN_POINT('',(2940.59055392644,-1256.38600364472,644.934010255762));
#8913=CARTESIAN_POINT('',(2961.17820462102,-1283.97638525505,653.285719664372));
#8914=CARTESIAN_POINT('',(2961.2473740859,-1284.02182370291,653.285719664372));
#8915=CARTESIAN_POINT('',(2961.31676165327,-1284.06663456383,653.285719664372));
#8916=CARTESIAN_POINT('',(2961.38634810514,-1284.1108038021,653.285719664372));
#8917=CARTESIAN_POINT('',(2961.87108570222,-1284.4184856834,653.285719664372));
#8918=CARTESIAN_POINT('',(2962.38442981259,-1284.70676476308,653.285719664372));
#8919=CARTESIAN_POINT('',(2962.91813244514,-1284.9632928017,653.285719664372));
#8920=CARTESIAN_POINT('',(2962.91813244514,-1284.9632928017,653.285719664372));
#8921=CARTESIAN_POINT('',(2962.91813244514,-1284.9632928017,658.207157713802));
#8922=CARTESIAN_POINT('',(2962.91813244514,-1284.9632928017,658.207157713802));
#8923=CARTESIAN_POINT('',(2962.38442981259,-1284.70676476308,658.20715771081));
#8924=CARTESIAN_POINT('',(2961.87108570222,-1284.4184856834,658.207157707732));
#8925=CARTESIAN_POINT('',(2961.38634810514,-1284.1108038021,658.207157704657));
#8926=CARTESIAN_POINT('',(2959.63555419772,-1282.99950654263,658.207157693548));
#8927=CARTESIAN_POINT('',(2958.01065909341,-1281.48204628543,658.207157680912));
#8928=CARTESIAN_POINT('',(2956.81774577727,-1279.78196836944,658.207157668831));
#8929=CARTESIAN_POINT('',(2956.10448784412,-1278.76547031869,658.207157661608));
#8930=CARTESIAN_POINT('',(2955.55848379104,-1277.7025774626,658.207157654716));
#8931=CARTESIAN_POINT('',(2955.00729200537,-1276.59404054396,658.207157647588));
#8932=CARTESIAN_POINT('',(2955.00617071719,-1276.59178544985,658.207157647573));
#8933=CARTESIAN_POINT('',(2955.00504947578,-1276.58953031324,658.207157647559));
#8934=CARTESIAN_POINT('',(2955.00392828117,-1276.58727513415,658.207157647544));
#8935=CARTESIAN_POINT('',(2953.53603838689,-1273.63475059876,658.20715762856));
#8936=CARTESIAN_POINT('',(2952.14835653052,-1270.60940562749,658.207157609493));
#8937=CARTESIAN_POINT('',(2950.86722332101,-1267.52627238206,658.207157590502));
#8938=CARTESIAN_POINT('',(2950.86722332101,-1267.52627238206,658.207157590502));
#8939=CARTESIAN_POINT('',(2950.86722332101,-1267.52627238206,651.756621623164));
#8940=CARTESIAN_POINT('',(2950.86722332101,-1267.52627238206,651.756621623164));
#8941=CARTESIAN_POINT('',(2952.14835653052,-1270.60940562749,651.756621623164));
#8942=CARTESIAN_POINT('',(2953.53603838689,-1273.63475059876,651.756621623164));
#8943=CARTESIAN_POINT('',(2955.00392828117,-1276.58727513415,651.756621623164));
#8944=CARTESIAN_POINT('',(2955.00504947578,-1276.58953031324,651.756621623164));
#8945=CARTESIAN_POINT('',(2955.00617071719,-1276.59178544985,651.756621623164));
#8946=CARTESIAN_POINT('',(2955.00729200537,-1276.59404054396,651.756621623164));
#8947=CARTESIAN_POINT('',(2955.55848379104,-1277.7025774626,651.756621623164));
#8948=CARTESIAN_POINT('',(2956.10448784412,-1278.7654703187,651.756621623164));
#8949=CARTESIAN_POINT('',(2956.81774577727,-1279.78196836944,651.756621623164));
#8950=CARTESIAN_POINT('',(2957.96324597145,-1281.41447557389,651.756621623164));
#8951=CARTESIAN_POINT('',(2959.50707156399,-1282.8785931525,651.756621623164));
#8952=CARTESIAN_POINT('',(2961.17820462102,-1283.97638525505,651.75662162305));
#8953=CARTESIAN_POINT('',(2961.17820462102,-1283.97638525505,651.75662162305));
#8954=CARTESIAN_POINT('',(2961.17820462102,-1283.97638525505,653.285719664372));
#8955=CARTESIAN_POINT('',(2950.51322591165,-1262.91772599721,651.756621623164));
#8956=CARTESIAN_POINT('',(2950.6312250481,-1264.45390812549,651.756621623164));
#8957=CARTESIAN_POINT('',(2950.74922418456,-1265.99009025378,651.756621623164));
#8958=CARTESIAN_POINT('',(2950.86722332101,-1267.52627238206,651.756621623164));
#8959=CARTESIAN_POINT('',(2950.86722332101,-1267.52627238206,658.207157590502));
#8960=CARTESIAN_POINT('',(2950.74922418456,-1265.99009025378,658.207157590502));
#8961=CARTESIAN_POINT('',(2950.6312250481,-1264.45390812549,658.207157590502));
#8962=CARTESIAN_POINT('',(2950.51322591165,-1262.91772599721,658.207157590502));
#8963=CARTESIAN_POINT('',(2950.51322591165,-1262.91772599721,658.207157590502));
#8964=CARTESIAN_POINT('',(2950.51322591165,-1262.91772599721,651.756621623164));
#8965=CARTESIAN_POINT('',(2950.51322147838,-1256.38595982897,651.756621623125));
#8966=CARTESIAN_POINT('',(2950.51322295614,-1258.56321521838,651.756621623169));
#8967=CARTESIAN_POINT('',(2950.5132244339,-1260.74047060779,651.756621623167));
#8968=CARTESIAN_POINT('',(2950.51322591165,-1262.91772599721,651.756621623164));
#8969=CARTESIAN_POINT('',(2950.51322591165,-1262.91772599721,658.207157590502));
#8970=CARTESIAN_POINT('',(2950.51322147838,-1256.38595982897,658.207157590502));
#8971=CARTESIAN_POINT('',(2950.51322147838,-1256.38595982897,658.207157590502));
#8972=CARTESIAN_POINT('',(2950.51322147838,-1256.38595982897,651.756621623125));
#8973=CARTESIAN_POINT('',(2959.36990437071,-1256.38600364472,646.122987835929));
#8974=CARTESIAN_POINT('',(2957.91570024893,-1256.38599645049,646.122987835929));
#8975=CARTESIAN_POINT('',(2956.46149612715,-1256.38598925625,646.122987835929));
#8976=CARTESIAN_POINT('',(2955.00729200537,-1256.38598206202,646.122987835929));
#8977=CARTESIAN_POINT('',(2955.00729200537,-1256.38598206202,646.122987835929));
#8978=CARTESIAN_POINT('',(2955.00729200537,-1256.38598206202,644.934010131138));
#8979=CARTESIAN_POINT('',(2955.00729200537,-1256.38598206202,644.934010131138));
#8980=CARTESIAN_POINT('',(2950.51322147838,-1256.38595982897,644.934010173088));
#8981=CARTESIAN_POINT('',(2950.51322147838,-1256.38595982897,651.756621623125));
#8982=CARTESIAN_POINT('',(2950.51322147838,-1256.38595982897,644.934010173088));
#8983=CARTESIAN_POINT('',(2950.51322147838,-1256.38595982897,658.207157590502));
#8984=CARTESIAN_POINT('',(2953.46544910915,-1256.38597443422,658.207157590502));
#8985=CARTESIAN_POINT('',(2956.41767673993,-1256.38598903947,658.207157590502));
#8986=CARTESIAN_POINT('',(2959.36990437071,-1256.38600364472,658.207157590502));
#8987=CARTESIAN_POINT('',(2959.36990437071,-1256.38600364472,658.207157590502));
#8988=CARTESIAN_POINT('',(2959.36990437071,-1256.38600364472,646.122987835929));
#8989=CARTESIAN_POINT('',(2967.47783270149,-1260.42911077148,662.436038233331));
#8990=CARTESIAN_POINT('',(2958.13584127858,-1260.42911077148,662.436038233331));
#8991=CARTESIAN_POINT('',(2958.13584127858,-1260.42911077148,662.436038233331));
#8992=CARTESIAN_POINT('',(2958.13584127858,-1260.42911077148,672.714124717139));
#8993=CARTESIAN_POINT('',(2958.13584127858,-1260.42911077148,672.714124717139));
#8994=CARTESIAN_POINT('',(2959.57248684342,-1260.42911077148,672.71412471715));
#8995=CARTESIAN_POINT('',(2959.57248684342,-1260.42911077148,672.71412471715));
#8996=CARTESIAN_POINT('',(2967.47783270149,-1260.42911077148,665.290740478752));
#8997=CARTESIAN_POINT('',(2967.47783270149,-1260.42911077148,665.290740478752));
#8998=CARTESIAN_POINT('',(2967.47783270149,-1260.42911077148,662.436038233331));
#8999=CARTESIAN_POINT('',(2959.57248684342,-1260.42911077148,672.71412471715));
#9000=CARTESIAN_POINT('',(2967.47783270149,-1260.42911077148,672.71412471715));
#9001=CARTESIAN_POINT('',(2967.47783270149,-1260.42911077148,672.71412471715));
#9002=CARTESIAN_POINT('',(2967.47783270149,-1260.42911077148,665.290740478752));
#9003=CARTESIAN_POINT('',(2958.13584127858,-1259.17484288487,672.714124717139));
#9004=CARTESIAN_POINT('',(2958.13584127858,-1259.17484288487,662.436038233331));
#9005=CARTESIAN_POINT('',(2958.13584127858,-1259.17484288487,662.436038233331));
#9006=CARTESIAN_POINT('',(2959.36990437071,-1257.92057499825,662.436038233331));
#9007=CARTESIAN_POINT('',(2959.36990437071,-1257.92057499825,662.436038233331));
#9008=CARTESIAN_POINT('',(2959.36990437071,-1257.92057499825,672.714124717139));
#9009=CARTESIAN_POINT('',(2959.36990437071,-1257.92057499825,672.714124717139));
#9010=CARTESIAN_POINT('',(2958.13584127858,-1259.17484288487,672.714124717139));
#9011=CARTESIAN_POINT('',(2958.13584127858,-1260.42911077148,662.436038233331));
#9012=CARTESIAN_POINT('',(2958.13584127858,-1259.17484288487,662.436038233331));
#9013=CARTESIAN_POINT('',(2958.13584127858,-1259.17484288487,672.714124717139));
#9014=CARTESIAN_POINT('',(2958.13584127858,-1260.42911077148,672.714124717139));
#9015=CARTESIAN_POINT('',(2959.36990437071,-1256.38600364472,662.436038233331));
#9016=CARTESIAN_POINT('',(2959.36990437071,-1256.38600364472,672.714124717064));
#9017=CARTESIAN_POINT('',(2959.36990437071,-1256.38600364472,672.714124717064));
#9018=CARTESIAN_POINT('',(2959.36990437071,-1257.92057499825,672.714124717139));
#9019=CARTESIAN_POINT('',(2959.36990437071,-1257.92057499825,662.436038233331));
#9020=CARTESIAN_POINT('',(2959.36990437071,-1256.38600364472,662.436038233331));
#9021=CARTESIAN_POINT('',(2959.36990437071,-1256.38600364472,702.06541012504));
#9022=CARTESIAN_POINT('',(2959.36990437071,-1257.92057499825,702.06541012504));
#9023=CARTESIAN_POINT('',(2959.36990437071,-1257.92057499825,702.06541012504));
#9024=CARTESIAN_POINT('',(2959.36990437071,-1257.92057499825,672.714124717139));
#9025=CARTESIAN_POINT('',(2959.36990437071,-1256.38600364472,672.714124717064));
#9026=CARTESIAN_POINT('',(2959.36990437071,-1256.38600364472,702.06541012504));
#9027=CARTESIAN_POINT('',(2959.36990437071,-1257.92057499825,702.06541012504));
#9028=CARTESIAN_POINT('',(2958.13584127858,-1259.17484288487,702.06541012504));
#9029=CARTESIAN_POINT('',(2958.13584127858,-1259.17484288487,702.06541012504));
#9030=CARTESIAN_POINT('',(2958.13584127858,-1259.17484288487,672.714124717139));
#9031=CARTESIAN_POINT('',(2958.13584127858,-1259.17484288487,702.06541012504));
#9032=CARTESIAN_POINT('',(2958.13584127858,-1260.42911077148,702.06541012504));
#9033=CARTESIAN_POINT('',(2958.13584127858,-1260.42911077148,702.06541012504));
#9034=CARTESIAN_POINT('',(2958.13584127858,-1260.42911077148,672.714124717139));
#9035=CARTESIAN_POINT('',(2967.47783270149,-1260.42911077148,702.06541012504));
#9036=CARTESIAN_POINT('',(2967.47783270149,-1260.42911077148,672.71412471715));
#9037=CARTESIAN_POINT('',(2958.13584127858,-1260.42911077148,702.06541012504));
#9038=CARTESIAN_POINT('',(2967.47783270149,-1260.42911077148,702.06541012504));
#9039=CARTESIAN_POINT('',(2950.51322147841,-1262.91772599721,702.065410125517));
#9040=CARTESIAN_POINT('',(2967.47783270149,-1262.91772599721,702.065410125284));
#9041=CARTESIAN_POINT('',(2967.47783270149,-1262.91772599721,702.065410125284));
#9042=CARTESIAN_POINT('',(2967.47783270149,-1260.42911077148,702.06541012504));
#9043=CARTESIAN_POINT('',(2950.51322147841,-1262.91772599721,702.065410125517));
#9044=CARTESIAN_POINT('',(2950.51322246736,-1262.91772599721,672.714124717523));
#9045=CARTESIAN_POINT('',(2950.51322246736,-1262.91772599721,672.714124717523));
#9046=CARTESIAN_POINT('',(2950.86721778978,-1267.52625907142,672.714124717617));
#9047=CARTESIAN_POINT('',(2950.86721778978,-1267.52625907142,672.714124717617));
#9048=CARTESIAN_POINT('',(2950.86721778978,-1267.52625907142,702.065410125611));
#9049=CARTESIAN_POINT('',(2950.86721778978,-1267.52625907142,702.065410125611));
#9050=CARTESIAN_POINT('',(2950.51322147841,-1262.91772599721,702.065410125517));
#9051=CARTESIAN_POINT('',(2958.24869315311,-1269.48973375564,661.95190659275));
#9052=CARTESIAN_POINT('',(2958.24869281757,-1269.71666455811,661.951906592749));
#9053=CARTESIAN_POINT('',(2958.15074157381,-1269.92136713005,661.95190659275));
#9054=CARTESIAN_POINT('',(2958.24869315311,-1269.48973375564,661.92166727961));
#9055=CARTESIAN_POINT('',(2958.24869315311,-1269.48973375564,661.95190659275));
#9056=CARTESIAN_POINT('',(2956.24869315686,-1269.48973079844,661.92166727961));
#9057=CARTESIAN_POINT('',(2956.24869167827,-1270.48973079656,661.92166727961));
#9058=CARTESIAN_POINT('',(2957.24869167638,-1270.48973227516,661.92166727961));
#9059=CARTESIAN_POINT('',(2958.2486916745,-1270.48973375376,661.92166727961));
#9060=CARTESIAN_POINT('',(2958.24869315311,-1269.48973375564,661.92166727961));
#9061=CARTESIAN_POINT('',(2956.24869315686,-1269.48973079844,663.19520795256));
#9062=CARTESIAN_POINT('',(2956.24869315686,-1269.48973079844,661.92166727961));
#9063=CARTESIAN_POINT('',(2958.15074157381,-1269.92136713005,663.19520795248));
#9064=CARTESIAN_POINT('',(2957.80608340455,-1270.64164806762,663.195207952487));
#9065=CARTESIAN_POINT('',(2957.02738769038,-1270.46493681332,663.19520795252));
#9066=CARTESIAN_POINT('',(2956.24869197621,-1270.28822555902,663.195207952553));
#9067=CARTESIAN_POINT('',(2956.24869315686,-1269.48973079844,663.19520795256));
#9068=CARTESIAN_POINT('',(2958.15074157381,-1269.92136713005,661.95190659275));
#9069=CARTESIAN_POINT('',(2958.15074157381,-1269.92136713005,663.19520795248));
#9070=CARTESIAN_POINT('',(2958.24868753155,-1273.29168120069,697.507091191099));
#9071=CARTESIAN_POINT('',(2958.24868605294,-1274.29168119881,697.507091191099));
#9072=CARTESIAN_POINT('',(2957.24868605483,-1274.29167972021,697.507091191099));
#9073=CARTESIAN_POINT('',(2956.24868605671,-1274.29167824161,697.507091191099));
#9074=CARTESIAN_POINT('',(2956.2486875353,-1273.29167824349,697.507091191099));
#9075=CARTESIAN_POINT('',(2956.2486875353,-1273.29167824349,697.507091191099));
#9076=CARTESIAN_POINT('',(2956.2486890139,-1272.29167824536,697.507091191099));
#9077=CARTESIAN_POINT('',(2957.24868901202,-1272.29167972396,697.507091191099));
#9078=CARTESIAN_POINT('',(2958.24868901015,-1272.29168120256,697.507091191099));
#9079=CARTESIAN_POINT('',(2958.24868753155,-1273.29168120069,697.507091191099));
#9080=CARTESIAN_POINT('',(2956.2486875353,-1273.29167824349,696.25717872404));
#9081=CARTESIAN_POINT('',(2956.2486875353,-1273.29167824349,697.507091191099));
#9082=CARTESIAN_POINT('',(2962.91813244515,-1284.9632928017,661.95190659275));
#9083=CARTESIAN_POINT('',(2962.91813244514,-1284.9632928017,658.207157713802));
#9084=CARTESIAN_POINT('',(2962.91813244514,-1284.9632928017,658.207157713802));
#9085=CARTESIAN_POINT('',(2963.27136586392,-1284.96329300029,658.207157739427));
#9086=CARTESIAN_POINT('',(2963.62459928271,-1284.96329319887,658.207157765053));
#9087=CARTESIAN_POINT('',(2963.97783270149,-1284.96329339746,658.207157790678));
#9088=CARTESIAN_POINT('',(2967.47783270149,-1284.96329536514,658.207158044584));
#9089=CARTESIAN_POINT('',(2967.47783270149,-1284.96329536514,661.951906592749));
#9090=CARTESIAN_POINT('',(2967.47783270149,-1284.96329536514,661.951906592749));
#9091=CARTESIAN_POINT('',(2962.91813244515,-1284.9632928017,661.95190659275));
#9092=CARTESIAN_POINT('',(2958.24869315311,-1269.48973375564,661.92166727961));
#9093=CARTESIAN_POINT('',(2958.24869463171,-1268.48973375751,661.921667279609));
#9094=CARTESIAN_POINT('',(2957.24869463358,-1268.48973227891,661.921667279609));
#9095=CARTESIAN_POINT('',(2956.24869463546,-1268.48973080031,661.921667279609));
#9096=CARTESIAN_POINT('',(2956.24869315686,-1269.48973079844,661.92166727961));
#9097=CARTESIAN_POINT('',(2958.15074157381,-1269.05809742403,661.95190659275));
#9098=CARTESIAN_POINT('',(2958.24869348865,-1269.26280139842,661.951906592749));
#9099=CARTESIAN_POINT('',(2958.24869315311,-1269.48973375564,661.95190659275));
#9100=CARTESIAN_POINT('',(2958.15074157381,-1269.05809742403,663.19520795248));
#9101=CARTESIAN_POINT('',(2958.15074157381,-1269.05809742403,661.95190659275));
#9102=CARTESIAN_POINT('',(2956.24869315686,-1269.48973079844,663.19520795256));
#9103=CARTESIAN_POINT('',(2956.24869433752,-1268.69123724854,663.195207952553));
#9104=CARTESIAN_POINT('',(2957.02738913232,-1268.51452741354,663.19520795252));
#9105=CARTESIAN_POINT('',(2957.80608392712,-1268.33781757854,663.195207952487));
#9106=CARTESIAN_POINT('',(2958.15074157381,-1269.05809742403,663.19520795248));
#9107=CARTESIAN_POINT('',(2958.24868753155,-1273.29168120069,697.507091191099));
#9108=CARTESIAN_POINT('',(2958.24868753155,-1273.29168120069,696.25717872399));
#9109=CARTESIAN_POINT('',(2959.94422831601,-1283.08058205943,697.64906136257));
#9110=CARTESIAN_POINT('',(2959.94422831601,-1267.08760136407,697.64906136257));
#9111=CARTESIAN_POINT('',(2959.94422831601,-1267.08760136407,697.64906136257));
#9112=CARTESIAN_POINT('',(2967.47783270149,-1267.08760136407,697.64906136257));
#9113=CARTESIAN_POINT('',(2967.47783270149,-1267.08760136407,697.64906136257));
#9114=CARTESIAN_POINT('',(2967.47783270149,-1286.09186796042,697.64906136257));
#9115=CARTESIAN_POINT('',(2959.94422831601,-1283.08058205943,697.64906136257));
#9116=CARTESIAN_POINT('',(2959.94422831601,-1283.08058205943,696.25717872394));
#9117=CARTESIAN_POINT('',(2959.94422831601,-1283.08058205943,696.25717872394));
#9118=CARTESIAN_POINT('',(2959.94422831601,-1267.08760136407,696.25717872394));
#9119=CARTESIAN_POINT('',(2959.94422831601,-1267.08760136407,696.25717872394));
#9120=CARTESIAN_POINT('',(2959.94422831601,-1267.08760136407,697.64906136257));
#9121=CARTESIAN_POINT('',(2954.99422831589,-1276.56776114314,696.25717872407));
#9122=CARTESIAN_POINT('',(2954.99422831589,-1267.08760136407,696.25717872407));
#9123=CARTESIAN_POINT('',(2954.99422831589,-1267.08760136407,696.25717872407));
#9124=CARTESIAN_POINT('',(2959.94422831601,-1267.08760136407,696.25717872394));
#9125=CARTESIAN_POINT('',(2958.24868753155,-1273.29168120069,696.25717872399));
#9126=CARTESIAN_POINT('',(2958.24868901089,-1272.29168120183,696.257178723985));
#9127=CARTESIAN_POINT('',(2957.24868901202,-1272.29167972323,696.25717872401));
#9128=CARTESIAN_POINT('',(2956.24868901316,-1272.29167824463,696.257178724035));
#9129=CARTESIAN_POINT('',(2956.2486875353,-1273.29167824349,696.25717872404));
#9130=CARTESIAN_POINT('',(2956.2486875353,-1273.29167824349,696.25717872404));
#9131=CARTESIAN_POINT('',(2956.24868605597,-1274.29167824235,696.257178724035));
#9132=CARTESIAN_POINT('',(2957.24868605482,-1274.29167972095,696.25717872401));
#9133=CARTESIAN_POINT('',(2958.24868605369,-1274.29168119955,696.257178723985));
#9134=CARTESIAN_POINT('',(2958.24868753155,-1273.29168120069,696.25717872399));
#9135=CARTESIAN_POINT('',(2958.15074157381,-1281.42075022121,663.19520795248));
#9136=CARTESIAN_POINT('',(2958.15074157381,-1269.92136713005,663.19520795248));
#9137=CARTESIAN_POINT('',(2958.15074157381,-1269.05809742403,663.19520795248));
#9138=CARTESIAN_POINT('',(2958.15074157381,-1267.08760136407,663.19520795248));
#9139=CARTESIAN_POINT('',(2958.15074157381,-1267.08760136407,663.19520795248));
#9140=CARTESIAN_POINT('',(2954.99422840275,-1267.08760136407,663.19520795261));
#9141=CARTESIAN_POINT('',(2954.99422840275,-1267.08760136407,663.19520795261));
#9142=CARTESIAN_POINT('',(2954.99422840275,-1276.56776131791,663.19520795261));
#9143=CARTESIAN_POINT('',(2958.15074157381,-1281.42075022121,663.19520795248));
#9144=CARTESIAN_POINT('',(2958.15074157381,-1281.42075022121,661.95190659275));
#9145=CARTESIAN_POINT('',(2958.15074157381,-1281.42075022121,661.95190659275));
#9146=CARTESIAN_POINT('',(2958.15074157381,-1269.92136713005,661.95190659275));
#9147=CARTESIAN_POINT('',(2958.15074157381,-1269.05809742403,661.95190659275));
#9148=CARTESIAN_POINT('',(2958.15074157381,-1267.08760136407,661.95190659275));
#9149=CARTESIAN_POINT('',(2958.15074157381,-1267.08760136407,661.95190659275));
#9150=CARTESIAN_POINT('',(2958.15074157381,-1267.08760136407,663.19520795248));
#9151=CARTESIAN_POINT('',(2967.47783270149,-1284.96329536514,661.951906592749));
#9152=CARTESIAN_POINT('',(2967.47783270149,-1267.08760136407,661.95190659275));
#9153=CARTESIAN_POINT('',(2967.47783270149,-1267.08760136407,661.95190659275));
#9154=CARTESIAN_POINT('',(2958.15074157381,-1267.08760136407,661.95190659275));
#9155=CARTESIAN_POINT('',(2955.24842406445,-1273.2916767645,697.507091191099));
#9156=CARTESIAN_POINT('',(2955.24842406445,-1273.2916767645,702.065410125988));
#9157=CARTESIAN_POINT('',(2959.24842405695,-1273.2916826789,697.507091191099));
#9158=CARTESIAN_POINT('',(2959.24842701415,-1271.29168268265,697.507091191099));
#9159=CARTESIAN_POINT('',(2957.2484270179,-1271.29167972545,697.507091191099));
#9160=CARTESIAN_POINT('',(2955.24842702165,-1271.29167676825,697.507091191099));
#9161=CARTESIAN_POINT('',(2955.24842406445,-1273.2916767645,697.507091191099));
#9162=CARTESIAN_POINT('',(2959.24842405695,-1273.2916826789,702.065410125988));
#9163=CARTESIAN_POINT('',(2959.24842405695,-1273.2916826789,697.507091191099));
#9164=CARTESIAN_POINT('',(2955.24842406445,-1273.2916767645,702.065410125988));
#9165=CARTESIAN_POINT('',(2955.24842702165,-1271.29167676825,702.065410125987));
#9166=CARTESIAN_POINT('',(2957.2484270179,-1271.29167972545,702.065410125987));
#9167=CARTESIAN_POINT('',(2959.24842701415,-1271.29168268265,702.065410125987));
#9168=CARTESIAN_POINT('',(2959.24842405695,-1273.2916826789,702.065410125988));
#9169=CARTESIAN_POINT('',(2955.24842406445,-1273.2916767645,697.507091191099));
#9170=CARTESIAN_POINT('',(2955.24842110725,-1275.29167676075,697.507091191099));
#9171=CARTESIAN_POINT('',(2957.2484211035,-1275.29167971795,697.507091191099));
#9172=CARTESIAN_POINT('',(2959.24842109975,-1275.29168267515,697.507091191099));
#9173=CARTESIAN_POINT('',(2959.24842405695,-1273.2916826789,697.507091191099));
#9174=CARTESIAN_POINT('',(2959.24842405695,-1273.2916826789,702.065410125988));
#9175=CARTESIAN_POINT('',(2959.24842109975,-1275.29168267515,702.065410125989));
#9176=CARTESIAN_POINT('',(2957.2484211035,-1275.29167971795,702.065410125989));
#9177=CARTESIAN_POINT('',(2955.24842110725,-1275.29167676075,702.065410125989));
#9178=CARTESIAN_POINT('',(2955.24842406445,-1273.2916767645,702.065410125988));
#9179=CARTESIAN_POINT('',(2954.99422831589,-1267.08760136407,696.25717872407));
#9180=CARTESIAN_POINT('',(2954.99422833994,-1267.08760136407,687.10045017015));
#9181=CARTESIAN_POINT('',(2954.99422837088,-1267.08760136407,675.32420362685));
#9182=CARTESIAN_POINT('',(2954.99422840275,-1267.08760136407,663.19520795261));
#9183=CARTESIAN_POINT('',(2967.47783270149,-1267.08760136407,661.95190659275));
#9184=CARTESIAN_POINT('',(2967.47783270149,-1267.08760136407,697.64906136257));
#9185=CARTESIAN_POINT('',(2954.99422831589,-1276.56776114314,696.25717872407));
#9186=CARTESIAN_POINT('',(2954.99422834484,-1276.5677612014,685.23652180025));
#9187=CARTESIAN_POINT('',(2954.99422837379,-1276.56776125965,674.21586487643));
#9188=CARTESIAN_POINT('',(2954.99422840275,-1276.56776131791,663.19520795261));
#9189=CARTESIAN_POINT('',(2950.86721778978,-1267.52625907142,702.065410125611));
#9190=CARTESIAN_POINT('',(2952.14933108356,-1270.61175185996,702.065410125989));
#9191=CARTESIAN_POINT('',(2953.53815619765,-1273.63936791695,702.065410125989));
#9192=CARTESIAN_POINT('',(2955.00729200537,-1276.59404054396,702.065410125989));
#9193=CARTESIAN_POINT('',(2955.54746293964,-1277.68041272616,702.065410125989));
#9194=CARTESIAN_POINT('',(2956.09849092576,-1278.75692382303,702.065410125989));
#9195=CARTESIAN_POINT('',(2956.81774577727,-1279.78196836944,702.065410125988));
#9196=CARTESIAN_POINT('',(2959.22349827886,-1283.21052151238,702.065410125988));
#9197=CARTESIAN_POINT('',(2963.51130289449,-1286.06328832123,702.065410125988));
#9198=CARTESIAN_POINT('',(2967.36015933261,-1286.09187729462,702.065410125988));
#9199=CARTESIAN_POINT('',(2967.3993837889,-1286.09187732865,702.065410125989));
#9200=CARTESIAN_POINT('',(2967.4386082452,-1286.09187736267,702.065410125989));
#9201=CARTESIAN_POINT('',(2967.47783270149,-1286.09187739669,702.065410125988));
#9202=CARTESIAN_POINT('',(2967.47783270149,-1286.09187739669,702.065410125988));
#9203=CARTESIAN_POINT('',(2967.47783270149,-1262.91772599721,702.065410125284));
#9204=CARTESIAN_POINT('',(2959.36990437071,-1256.38600364472,702.06541012504));
#9205=CARTESIAN_POINT('',(2951.59465032021,-1256.38600364472,702.06541012504));
#9206=CARTESIAN_POINT('',(2950.51322147841,-1256.38600364472,702.06541012504));
#9207=CARTESIAN_POINT('',(2959.36990437071,-1256.38600364472,662.436038233331));
#9208=CARTESIAN_POINT('',(2959.36990437071,-1256.38600364472,662.410216936054));
#9209=CARTESIAN_POINT('',(2959.36990437071,-1256.38600364472,662.410216936054));
#9210=CARTESIAN_POINT('',(2959.36990437071,-1256.38600364472,658.207157590502));
#9211=CARTESIAN_POINT('',(2950.51322147841,-1256.38600364472,702.06541012504));
#9212=CARTESIAN_POINT('',(2950.51322147841,-1262.91772599721,702.065410125517));
#9213=CARTESIAN_POINT('',(2950.51322147838,-1256.38595982897,658.207157590502));
#9214=CARTESIAN_POINT('',(2950.51322147841,-1256.38600364472,702.06541012504));
#9215=CARTESIAN_POINT('',(2950.51322246736,-1262.91772599721,672.714124717523));
#9216=CARTESIAN_POINT('',(2950.51322591165,-1262.91772599721,658.207157590502));
#9217=CARTESIAN_POINT('',(2955.24842968601,-1269.48972931945,658.937927260146));
#9218=CARTESIAN_POINT('',(2955.24842672881,-1271.4897293157,658.937927260146));
#9219=CARTESIAN_POINT('',(2957.24842672506,-1271.4897322729,658.937927260146));
#9220=CARTESIAN_POINT('',(2959.24842672131,-1271.4897352301,658.937927260146));
#9221=CARTESIAN_POINT('',(2959.24842967851,-1269.48973523385,658.937927260146));
#9222=CARTESIAN_POINT('',(2955.24842968601,-1269.48972931945,661.92166727961));
#9223=CARTESIAN_POINT('',(2955.24842968601,-1269.48972931945,658.937927260146));
#9224=CARTESIAN_POINT('',(2959.24842967851,-1269.48973523385,661.92166727961));
#9225=CARTESIAN_POINT('',(2959.24842672131,-1271.4897352301,661.92166727961));
#9226=CARTESIAN_POINT('',(2957.24842672506,-1271.4897322729,661.92166727961));
#9227=CARTESIAN_POINT('',(2955.24842672881,-1271.4897293157,661.92166727961));
#9228=CARTESIAN_POINT('',(2955.24842968601,-1269.48972931945,661.92166727961));
#9229=CARTESIAN_POINT('',(2959.24842967851,-1269.48973523385,658.937927260146));
#9230=CARTESIAN_POINT('',(2959.24842967851,-1269.48973523385,661.92166727961));
#9231=CARTESIAN_POINT('',(2959.24842967851,-1269.48973523385,658.937927260146));
#9232=CARTESIAN_POINT('',(2959.24843263571,-1267.4897352376,658.937927260146));
#9233=CARTESIAN_POINT('',(2957.24843263946,-1267.4897322804,658.937927260146));
#9234=CARTESIAN_POINT('',(2955.24843264321,-1267.4897293232,658.937927260146));
#9235=CARTESIAN_POINT('',(2955.24842968601,-1269.48972931945,658.937927260146));
#9236=CARTESIAN_POINT('',(2955.24842968601,-1269.48972931945,661.92166727961));
#9237=CARTESIAN_POINT('',(2955.24843264321,-1267.4897293232,661.92166727961));
#9238=CARTESIAN_POINT('',(2957.24843263946,-1267.4897322804,661.92166727961));
#9239=CARTESIAN_POINT('',(2959.24843263571,-1267.4897352376,661.92166727961));
#9240=CARTESIAN_POINT('',(2959.24842967851,-1269.48973523385,661.92166727961));
#9241=CARTESIAN_POINT('',(2953.18270426685,-1269.48973227665,658.937927260146));
#9242=CARTESIAN_POINT('',(2953.18270426685,-1265.42400686124,658.937927260146));
#9243=CARTESIAN_POINT('',(2957.24842968226,-1265.42400686124,658.937927260146));
#9244=CARTESIAN_POINT('',(2961.31415509767,-1265.42400686124,658.937927260146));
#9245=CARTESIAN_POINT('',(2961.31415509767,-1269.48973227665,658.937927260146));
#9246=CARTESIAN_POINT('',(2953.18270426685,-1269.48973227665,644.934097609862));
#9247=CARTESIAN_POINT('',(2953.18270426685,-1269.48973227665,658.937927260146));
#9248=CARTESIAN_POINT('',(2955.00729200537,-1266.09747269538,644.934097609863));
#9249=CARTESIAN_POINT('',(2953.18270426685,-1267.30290884424,644.934097609863));
#9250=CARTESIAN_POINT('',(2953.18270426685,-1269.48973227665,644.934097609862));
#9251=CARTESIAN_POINT('',(2955.00729200537,-1266.09747269538,646.122987835929));
#9252=CARTESIAN_POINT('',(2955.00729200537,-1266.09747269538,644.934097609863));
#9253=CARTESIAN_POINT('',(2961.31415509767,-1269.48973227665,646.122987835929));
#9254=CARTESIAN_POINT('',(2961.31415509767,-1267.06002888925,646.122987835929));
#9255=CARTESIAN_POINT('',(2959.17434151061,-1265.90909172182,646.122987835929));
#9256=CARTESIAN_POINT('',(2957.03452792355,-1264.75815455439,646.122987835929));
#9257=CARTESIAN_POINT('',(2955.00729200537,-1266.09747269538,646.122987835929));
#9258=CARTESIAN_POINT('',(2961.31415509767,-1269.48973227665,658.937927260146));
#9259=CARTESIAN_POINT('',(2961.31415509767,-1269.48973227665,646.122987835929));
#9260=CARTESIAN_POINT('',(2958.13584127858,-1260.42911077148,661.251390406285));
#9261=CARTESIAN_POINT('',(2958.13584127858,-1260.42911077148,662.436038233331));
#9262=CARTESIAN_POINT('',(2967.47783270149,-1260.42911077148,662.436038233331));
#9263=CARTESIAN_POINT('',(2967.47783270149,-1260.42911077148,661.251390406285));
#9264=CARTESIAN_POINT('',(2959.36990437071,-1257.92057499825,662.410216936054));
#9265=CARTESIAN_POINT('',(2959.36990437071,-1257.92057499825,662.436038233331));
#9266=CARTESIAN_POINT('',(2958.13584127858,-1259.17484288487,662.436038233331));
#9267=CARTESIAN_POINT('',(2958.13584127858,-1259.17484288487,661.251390406286));
#9268=CARTESIAN_POINT('',(2898.18804247089,-1303.70932846348,647.756621623164));
#9269=CARTESIAN_POINT('',(2898.18804247087,-1303.70932846347,651.756621623184));
#9270=CARTESIAN_POINT('',(2902.18804247089,-1303.70932846348,651.756621623164));
#9271=CARTESIAN_POINT('',(2902.18804247089,-1303.70932846348,651.756621623164));
#9272=CARTESIAN_POINT('',(2902.18804247089,-1261.96274060305,651.756621623164));
#9273=CARTESIAN_POINT('',(2898.18804247089,-1266.15031773396,647.756621623164));
#9274=CARTESIAN_POINT('',(2898.18804247089,-1265.77537153252,648.131567824602));
#9275=CARTESIAN_POINT('',(2898.24077649856,-1265.39834376912,648.508595588007));
#9276=CARTESIAN_POINT('',(2898.45482731653,-1264.66394192521,649.24299743191));
#9277=CARTESIAN_POINT('',(2898.61754953363,-1264.30178438366,649.605154973467));
#9278=CARTESIAN_POINT('',(2899.06502044513,-1263.61742736866,650.289511988461));
#9279=CARTESIAN_POINT('',(2899.3550545681,-1263.28976332219,650.617176034928));
#9280=CARTESIAN_POINT('',(2899.89418686423,-1262.86537413308,651.04156522404));
#9281=CARTESIAN_POINT('',(2900.09235557043,-1262.7345070649,651.172432292227));
#9282=CARTESIAN_POINT('',(2900.52384189726,-1262.5047371603,651.402202196827));
#9283=CARTESIAN_POINT('',(2900.75654844076,-1262.40624425103,651.500695106097));
#9284=CARTESIAN_POINT('',(2901.00427931536,-1262.32949258857,651.577446768548));
#9285=CARTESIAN_POINT('',(2898.18804247089,-1266.15031773396,647.756621623164));
#9286=CARTESIAN_POINT('',(2898.18804247089,-1303.70932846348,647.756621623164));
#9287=CARTESIAN_POINT('',(2898.18804247089,-1303.70932846348,644.934010255762));
#9288=CARTESIAN_POINT('',(2898.18804247089,-1303.70932846348,647.756621623164));
#9289=CARTESIAN_POINT('',(2898.18804247089,-1266.15031773396,644.934614003813));
#9290=CARTESIAN_POINT('',(2898.18804247089,-1303.70932846348,644.934010255762));
#9291=CARTESIAN_POINT('',(2953.18270426685,-1283.97638525505,651.756621623164));
#9292=CARTESIAN_POINT('',(2955.00729200537,-1283.97638525505,651.75662162305));
#9293=CARTESIAN_POINT('',(2961.17820462102,-1283.97638525505,651.75662162305));
#9294=CARTESIAN_POINT('',(2940.59055392644,-1256.38600364472,651.756621623132));
#9295=CARTESIAN_POINT('',(2945.48291185912,-1256.38598204142,651.756621623125));
#9296=CARTESIAN_POINT('',(2948.71421674366,-1256.38596777287,651.756621623125));
#9297=CARTESIAN_POINT('',(2950.51322147838,-1256.38595982897,651.756621623125));
#9298=CARTESIAN_POINT('',(2902.18804247089,-1303.70932846348,651.756621623164));
#9299=CARTESIAN_POINT('',(2920.87617338812,-1303.70932846348,651.756621623164));
#9300=CARTESIAN_POINT('',(2920.87617338812,-1303.70932846348,651.756621623164));
#9301=CARTESIAN_POINT('',(2920.87617338812,-1323.70932846336,651.756621623164));
#9302=CARTESIAN_POINT('',(2920.87617338812,-1323.70932846336,651.756621623164));
#9303=CARTESIAN_POINT('',(2920.87617338811,-1333.95348334545,651.756621623164));
#9304=CARTESIAN_POINT('',(2920.87617338811,-1333.95348334545,651.756621623164));
#9305=CARTESIAN_POINT('',(2946.91911401316,-1333.95348334545,651.756621623164));
#9306=CARTESIAN_POINT('',(2946.91911401316,-1333.95348334545,651.756621623164));
#9307=CARTESIAN_POINT('',(2953.18270426685,-1333.95348334545,651.756621623164));
#9308=CARTESIAN_POINT('',(2953.18270426685,-1333.95348334545,651.756621623164));
#9309=CARTESIAN_POINT('',(2953.18270426685,-1283.97638525505,651.756621623164));
#9310=CARTESIAN_POINT('',(2922.54418559112,-1327.36225406052,651.756621623164));
#9311=CARTESIAN_POINT('',(2922.54393492603,-1329.61961918054,651.756621623164));
#9312=CARTESIAN_POINT('',(2924.27302173664,-1331.07164690788,651.756621623164));
#9313=CARTESIAN_POINT('',(2926.009876221,-1332.53019766088,651.756621623165));
#9314=CARTESIAN_POINT('',(2928.24236729187,-1332.13017588969,651.756621623164));
#9315=CARTESIAN_POINT('',(2932.23189935016,-1331.41532434963,651.756621623164));
#9316=CARTESIAN_POINT('',(2932.23189935016,-1327.36225406052,651.756621623164));
#9317=CARTESIAN_POINT('',(2898.18804247089,-1303.70932846348,644.934010255762));
#9318=CARTESIAN_POINT('',(2898.18804247089,-1323.70932846336,644.934010255762));
#9319=CARTESIAN_POINT('',(2902.18804247089,-1323.70932846336,651.756621623164));
#9320=CARTESIAN_POINT('',(2920.87617338812,-1323.70932846336,651.756621623164));
#9321=CARTESIAN_POINT('',(2936.34159460113,-1353.95348334533,651.756621623165));
#9322=CARTESIAN_POINT('',(2920.87617338811,-1353.95348334533,651.756621623164));
#9323=CARTESIAN_POINT('',(2920.87617338811,-1353.95348334533,651.756621623164));
#9324=CARTESIAN_POINT('',(2920.87617338811,-1333.95348334545,651.756621623164));
#9325=CARTESIAN_POINT('',(2926.06386086734,-1358.36225406267,651.756621623165));
#9326=CARTESIAN_POINT('',(2931.88402466907,-1358.36225406267,651.756621623163));
#9327=CARTESIAN_POINT('',(2926.06386086735,-1358.36225406267,644.934010255762));
#9328=CARTESIAN_POINT('',(2931.88402466907,-1358.36225406267,644.934614003813));
#9329=CARTESIAN_POINT('',(2931.88402466907,-1358.36225406267,644.934614003813));
#9330=CARTESIAN_POINT('',(2931.88402466907,-1358.36225406267,651.756621623163));
#9331=CARTESIAN_POINT('',(2931.88402466907,-1358.36225406267,644.934614003813));
#9332=CARTESIAN_POINT('',(2934.61104125155,-1358.36225406267,644.934614003813));
#9333=CARTESIAN_POINT('',(2935.60745120073,-1355.8237925888,644.934614003813));
#9334=CARTESIAN_POINT('',(2935.60745120073,-1355.8237925888,644.934614003813));
#9335=CARTESIAN_POINT('',(2935.60745120073,-1355.8237925888,651.756621623164));
#9336=CARTESIAN_POINT('',(2931.88402466907,-1358.36225406267,651.756621623163));
#9337=CARTESIAN_POINT('',(2934.61104125155,-1358.36225406267,651.756621623165));
#9338=CARTESIAN_POINT('',(2935.60745120073,-1355.8237925888,651.756621623164));
#9339=CARTESIAN_POINT('',(2935.60745120073,-1355.8237925888,644.934614003813));
#9340=CARTESIAN_POINT('',(2936.34159460113,-1353.95348334533,644.934010255762));
#9341=CARTESIAN_POINT('',(2943.19568748151,-1336.49194481932,644.934614003813));
#9342=CARTESIAN_POINT('',(2943.19568748151,-1336.49194481932,644.934614003813));
#9343=CARTESIAN_POINT('',(2943.19568748151,-1336.49194481932,651.756621623164));
#9344=CARTESIAN_POINT('',(2936.34159460113,-1353.95348334533,651.756621623165));
#9345=CARTESIAN_POINT('',(2943.19568748151,-1336.49194481932,651.756621623164));
#9346=CARTESIAN_POINT('',(2935.60745120073,-1355.8237925888,651.756621623164));
#9347=CARTESIAN_POINT('',(2936.34159460113,-1353.95348334533,651.756621623165));
#9348=CARTESIAN_POINT('',(2946.91911401316,-1333.95348334545,644.934614003813));
#9349=CARTESIAN_POINT('',(2944.19209743068,-1333.95348334545,644.934614003813));
#9350=CARTESIAN_POINT('',(2943.19568748151,-1336.49194481932,644.934614003813));
#9351=CARTESIAN_POINT('',(2946.91911401316,-1333.95348334545,651.756621623164));
#9352=CARTESIAN_POINT('',(2946.91911401316,-1333.95348334545,644.934614003813));
#9353=CARTESIAN_POINT('',(2943.19568748151,-1336.49194481932,651.756621623164));
#9354=CARTESIAN_POINT('',(2944.19209743068,-1333.95348334545,651.756621623165));
#9355=CARTESIAN_POINT('',(2946.91911401316,-1333.95348334545,651.756621623164));
#9356=CARTESIAN_POINT('',(2953.18270426685,-1333.95348334545,651.756621623164));
#9357=CARTESIAN_POINT('',(2953.18270426685,-1333.95348334545,650.478884173312));
#9358=CARTESIAN_POINT('',(2953.18270426685,-1333.95348334545,650.478884173312));
#9359=CARTESIAN_POINT('',(2953.18270426685,-1283.97638525505,650.478884173312));
#9360=CARTESIAN_POINT('',(2953.18270426685,-1283.97638525505,650.478884173312));
#9361=CARTESIAN_POINT('',(2953.18270426685,-1283.97638525505,651.756621623164));
#9362=CARTESIAN_POINT('',(2955.00729200537,-1276.59404054397,641.755212841466));
#9363=CARTESIAN_POINT('',(2955.00617071719,-1276.59178544985,641.755212841454));
#9364=CARTESIAN_POINT('',(2955.00504947578,-1276.58953031325,641.755212841442));
#9365=CARTESIAN_POINT('',(2955.00392828117,-1276.58727513415,641.75521284143));
#9366=CARTESIAN_POINT('',(2953.53603838689,-1273.63475059876,641.75521282603));
#9367=CARTESIAN_POINT('',(2952.14835653052,-1270.60940562749,641.75521281052));
#9368=CARTESIAN_POINT('',(2950.86722332101,-1267.52627238206,641.755212795024));
#9369=CARTESIAN_POINT('',(2950.86722332101,-1267.52627238206,641.755212795024));
#9370=CARTESIAN_POINT('',(2950.74922418456,-1265.99009025378,641.755212795024));
#9371=CARTESIAN_POINT('',(2950.6312250481,-1264.45390812549,641.755212795024));
#9372=CARTESIAN_POINT('',(2950.51322591165,-1262.91772599721,641.755212795024));
#9373=CARTESIAN_POINT('',(2950.51322591165,-1262.91772599721,641.755212795024));
#9374=CARTESIAN_POINT('',(2950.51322443389,-1260.74047060779,641.755212822582));
#9375=CARTESIAN_POINT('',(2950.51322295613,-1258.56321521838,641.755212850139));
#9376=CARTESIAN_POINT('',(2950.51322147838,-1256.38595982897,641.755212877697));
#9377=CARTESIAN_POINT('',(2950.51322147838,-1256.38595982897,641.755212877697));
#9378=CARTESIAN_POINT('',(2955.00729200537,-1256.38598206202,641.755212835747));
#9379=CARTESIAN_POINT('',(2898.18804247089,-1323.70932846336,641.755212960371));
#9380=CARTESIAN_POINT('',(2898.18804247089,-1303.70932846348,641.755212960371));
#9381=CARTESIAN_POINT('',(2898.18804247089,-1303.70932846348,641.755212960371));
#9382=CARTESIAN_POINT('',(2920.87617338812,-1303.70932846348,641.755212960371));
#9383=CARTESIAN_POINT('',(2920.87617338812,-1303.70932846348,641.755212960371));
#9384=CARTESIAN_POINT('',(2920.87617338812,-1323.70932846336,641.755212960371));
#9385=CARTESIAN_POINT('',(2920.87617338812,-1323.70932846336,641.755212960371));
#9386=CARTESIAN_POINT('',(2898.18804247089,-1323.70932846336,641.755212960371));
#9387=CARTESIAN_POINT('',(2931.88402466907,-1358.36225406267,641.755212960371));
#9388=CARTESIAN_POINT('',(2926.06386086735,-1358.36225406267,641.755212960371));
#9389=CARTESIAN_POINT('',(2922.00436716839,-1358.36225406267,641.755212960371));
#9390=CARTESIAN_POINT('',(2898.18804247089,-1348.59793997343,641.755212960371));
#9391=CARTESIAN_POINT('',(2898.18804247089,-1323.70932846336,641.755212960371));
#9392=CARTESIAN_POINT('',(2920.87617338812,-1323.70932846336,641.755212960371));
#9393=CARTESIAN_POINT('',(2920.87617338811,-1333.95348334545,641.755212960371));
#9394=CARTESIAN_POINT('',(2920.87617338811,-1333.95348334545,641.755212960371));
#9395=CARTESIAN_POINT('',(2920.87617338811,-1353.95348334533,641.755212960371));
#9396=CARTESIAN_POINT('',(2920.87617338811,-1353.95348334533,641.755212960371));
#9397=CARTESIAN_POINT('',(2936.34159460113,-1353.95348334533,641.755212960371));
#9398=CARTESIAN_POINT('',(2920.87617338811,-1333.95348334545,641.755212960371));
#9399=CARTESIAN_POINT('',(2946.91911401316,-1333.95348334545,641.755212960371));
#9400=CARTESIAN_POINT('',(2922.00436716839,-1256.38600364472,641.755212960371));
#9401=CARTESIAN_POINT('',(2922.00436716839,-1256.38600364472,644.934614003813));
#9402=CARTESIAN_POINT('',(2918.45307770179,-1256.92352820857,641.755212960371));
#9403=CARTESIAN_POINT('',(2918.45307770179,-1256.92352820857,644.934614003813));
#9404=CARTESIAN_POINT('',(2922.00436716839,-1256.38600364472,641.755212960371));
#9405=CARTESIAN_POINT('',(2920.18804247089,-1256.38600364472,641.75521296037));
#9406=CARTESIAN_POINT('',(2918.45307770179,-1256.92352820857,641.755212960371));
#9407=CARTESIAN_POINT('',(2901.00427931536,-1262.32949258857,641.755212960371));
#9408=CARTESIAN_POINT('',(2901.00427931536,-1262.32949258857,644.934614003814));
#9409=CARTESIAN_POINT('',(2918.45307770179,-1256.92352820857,641.755212960371));
#9410=CARTESIAN_POINT('',(2901.00427931536,-1262.32949258857,641.755212960371));
#9411=CARTESIAN_POINT('',(2898.18804247089,-1266.15031773396,641.755212960371));
#9412=CARTESIAN_POINT('',(2898.18804247089,-1266.15031773396,644.934614003813));
#9413=CARTESIAN_POINT('',(2901.00427931536,-1262.32949258857,641.755212960371));
#9414=CARTESIAN_POINT('',(2898.18804247089,-1263.20201548268,641.75521296037));
#9415=CARTESIAN_POINT('',(2898.18804247089,-1266.15031773396,641.755212960371));
#9416=CARTESIAN_POINT('',(2898.18804247089,-1348.59793997343,641.755212960371));
#9417=CARTESIAN_POINT('',(2898.18804247089,-1348.59793997343,644.934614003813));
#9418=CARTESIAN_POINT('',(2901.00427931536,-1352.41876511882,641.755212960371));
#9419=CARTESIAN_POINT('',(2901.00427931536,-1352.41876511882,644.934614003814));
#9420=CARTESIAN_POINT('',(2901.00427931536,-1352.41876511882,641.755212960371));
#9421=CARTESIAN_POINT('',(2898.18804247089,-1351.54624222471,641.75521296037));
#9422=CARTESIAN_POINT('',(2898.18804247089,-1348.59793997343,641.755212960371));
#9423=CARTESIAN_POINT('',(2918.45307770179,-1357.82472949882,641.755212960371));
#9424=CARTESIAN_POINT('',(2918.45307770179,-1357.82472949882,644.934614003813));
#9425=CARTESIAN_POINT('',(2918.45307770179,-1357.82472949882,641.755212960371));
#9426=CARTESIAN_POINT('',(2901.00427931536,-1352.41876511882,641.755212960371));
#9427=CARTESIAN_POINT('',(2922.00436716839,-1358.36225406267,641.755212960371));
#9428=CARTESIAN_POINT('',(2922.00436716839,-1358.36225406267,644.934614003813));
#9429=CARTESIAN_POINT('',(2922.00436716839,-1358.36225406267,641.755212960371));
#9430=CARTESIAN_POINT('',(2920.18804247089,-1358.36225406266,641.755212960372));
#9431=CARTESIAN_POINT('',(2918.45307770179,-1357.82472949882,641.755212960371));
#9432=CARTESIAN_POINT('',(2931.88402466907,-1358.36225406267,641.755212960371));
#9433=CARTESIAN_POINT('',(2931.88402466907,-1358.36225406267,644.934614003813));
#9434=CARTESIAN_POINT('',(2935.60745120073,-1355.8237925888,641.755212960371));
#9435=CARTESIAN_POINT('',(2935.60745120073,-1355.8237925888,644.934614003813));
#9436=CARTESIAN_POINT('',(2935.60745120073,-1355.8237925888,641.755212960371));
#9437=CARTESIAN_POINT('',(2934.61104125155,-1358.36225406267,641.755212960371));
#9438=CARTESIAN_POINT('',(2931.88402466907,-1358.36225406267,641.755212960371));
#9439=CARTESIAN_POINT('',(2943.19568748151,-1336.49194481932,641.755212960371));
#9440=CARTESIAN_POINT('',(2943.19568748151,-1336.49194481932,644.934614003813));
#9441=CARTESIAN_POINT('',(2936.34159460113,-1353.95348334533,641.755212960371));
#9442=CARTESIAN_POINT('',(2935.60745120073,-1355.8237925888,641.755212960371));
#9443=CARTESIAN_POINT('',(2943.19568748151,-1336.49194481932,641.755212960371));
#9444=CARTESIAN_POINT('',(2936.34159460113,-1353.95348334533,641.755212960371));
#9445=CARTESIAN_POINT('',(2946.91911401316,-1333.95348334545,644.934614003813));
#9446=CARTESIAN_POINT('',(2946.91911401316,-1333.95348334545,641.755212960371));
#9447=CARTESIAN_POINT('',(2946.91911401316,-1333.95348334545,641.755212960371));
#9448=CARTESIAN_POINT('',(2944.19209743068,-1333.95348334545,641.75521296037));
#9449=CARTESIAN_POINT('',(2943.19568748151,-1336.49194481932,641.755212960371));
#9450=CARTESIAN_POINT('',(2953.18270426685,-1269.48973227665,641.755212795024));
#9451=CARTESIAN_POINT('',(2953.18270426685,-1269.48973227665,644.934097609862));
#9452=CARTESIAN_POINT('',(2955.00729200537,-1266.09747269538,641.755212795024));
#9453=CARTESIAN_POINT('',(2953.18270426685,-1267.30290884424,641.755212795024));
#9454=CARTESIAN_POINT('',(2953.18270426685,-1269.48973227665,641.755212795024));
#9455=CARTESIAN_POINT('',(2955.00729200537,-1266.09747269538,644.934097609863));
#9456=CARTESIAN_POINT('',(2955.00729200537,-1266.09747269538,641.755212795024));
#9457=CARTESIAN_POINT('',(2929.88804247064,-1327.36225406052,641.755212960371));
#9458=CARTESIAN_POINT('',(2929.88804247064,-1324.86225406052,641.755212960371));
#9459=CARTESIAN_POINT('',(2927.38804247064,-1324.86225406052,641.755212960371));
#9460=CARTESIAN_POINT('',(2924.88804247064,-1324.86225406052,641.755212960371));
#9461=CARTESIAN_POINT('',(2924.88804247064,-1327.36225406052,641.755212960371));
#9462=CARTESIAN_POINT('',(2929.88804247064,-1327.36225406052,644.934097775209));
#9463=CARTESIAN_POINT('',(2929.88804247064,-1327.36225406052,641.755212960371));
#9464=CARTESIAN_POINT('',(2924.88804247064,-1327.36225406052,641.755212960371));
#9465=CARTESIAN_POINT('',(2924.88804247064,-1327.36225406052,644.934010255762));
#9466=CARTESIAN_POINT('',(2924.88804247064,-1267.36225406302,641.755212960371));
#9467=CARTESIAN_POINT('',(2924.88804247064,-1269.86225406302,641.755212960371));
#9468=CARTESIAN_POINT('',(2927.38804247064,-1269.86225406302,641.755212960371));
#9469=CARTESIAN_POINT('',(2929.88804247064,-1269.86225406302,641.755212960371));
#9470=CARTESIAN_POINT('',(2929.88804247064,-1267.36225406302,641.755212960371));
#9471=CARTESIAN_POINT('',(2924.88804247064,-1267.36225406302,644.934097775209));
#9472=CARTESIAN_POINT('',(2924.88804247064,-1267.36225406302,641.755212960371));
#9473=CARTESIAN_POINT('',(2924.88804247064,-1267.36225406302,644.934097775209));
#9474=CARTESIAN_POINT('',(2924.88804247064,-1269.8622540634,644.934097775208));
#9475=CARTESIAN_POINT('',(2927.38804247064,-1269.8622540634,644.934054015485));
#9476=CARTESIAN_POINT('',(2929.88804247064,-1269.8622540634,644.934010255762));
#9477=CARTESIAN_POINT('',(2929.88804247064,-1267.36225406302,644.934010255762));
#9478=CARTESIAN_POINT('',(2929.88804247064,-1267.36225406302,641.755212960371));
#9479=CARTESIAN_POINT('',(2929.88804247064,-1267.36225406302,644.934010255762));
#9480=CARTESIAN_POINT('',(2953.18270426685,-1269.48973227665,641.755212795024));
#9481=CARTESIAN_POINT('',(2953.18270426685,-1271.67655570906,641.755212795024));
#9482=CARTESIAN_POINT('',(2955.00729200537,-1272.88199185792,641.755212795024));
#9483=CARTESIAN_POINT('',(2955.00729200537,-1272.88199185792,644.934097609863));
#9484=CARTESIAN_POINT('',(2953.18270426685,-1271.67655570906,644.934097609863));
#9485=CARTESIAN_POINT('',(2953.18270426685,-1269.48973227665,644.934097609862));
#9486=CARTESIAN_POINT('',(2955.00729200537,-1272.88199185792,641.755212795024));
#9487=CARTESIAN_POINT('',(2955.00729200537,-1272.88199185792,644.934097609863));
#9488=CARTESIAN_POINT('',(2955.00729200537,-1314.42549122043,641.755212960371));
#9489=CARTESIAN_POINT('',(2955.00729200537,-1287.64388092167,641.755212960371));
#9490=CARTESIAN_POINT('',(2955.00729200537,-1256.38598206202,644.934010131138));
#9491=CARTESIAN_POINT('',(2955.00729200537,-1256.38598206202,641.755212835747));
#9492=CARTESIAN_POINT('',(2955.00729200537,-1256.38598206202,646.122987835929));
#9493=CARTESIAN_POINT('',(2955.00729200537,-1266.09747269538,646.122987835929));
#9494=CARTESIAN_POINT('',(2955.00729200537,-1256.38598206202,641.755212835747));
#9495=CARTESIAN_POINT('',(2955.00729200537,-1266.09747269538,641.755212795024));
#9496=CARTESIAN_POINT('',(2955.00729200537,-1272.88199185792,641.755212795024));
#9497=CARTESIAN_POINT('',(2955.00729200537,-1276.59404054397,641.755212841466));
#9498=CARTESIAN_POINT('',(2955.00729200537,-1272.88199185792,644.934097609863));
#9499=CARTESIAN_POINT('',(2955.00729200537,-1272.88199185792,646.122987835929));
#9500=CARTESIAN_POINT('',(2955.00729200537,-1287.64388092167,641.755212960371));
#9501=CARTESIAN_POINT('',(2955.00729200537,-1287.64388092167,644.934245310723));
#9502=CARTESIAN_POINT('',(2955.00729200537,-1287.64388092167,641.755212960371));
#9503=CARTESIAN_POINT('',(2955.00729200537,-1283.97638525505,641.755212960371));
#9504=CARTESIAN_POINT('',(2955.00729200537,-1276.59404054397,641.755212841466));
#9505=CARTESIAN_POINT('',(2961.17820458232,-1283.97638522964,646.122987835929));
#9506=CARTESIAN_POINT('',(2959.66235496958,-1283.97638522966,646.122987835929));
#9507=CARTESIAN_POINT('',(2959.66235496958,-1283.97638522966,646.122987835929));
#9508=CARTESIAN_POINT('',(2959.66235496958,-1282.85032401053,646.122987835929));
#9509=CARTESIAN_POINT('',(2959.66235496958,-1282.85032401053,646.122987835929));
#9510=CARTESIAN_POINT('',(2960.14984024756,-1283.25721146714,646.122987835929));
#9511=CARTESIAN_POINT('',(2960.65785079401,-1283.63455710271,646.122987835929));
#9512=CARTESIAN_POINT('',(2961.17820458232,-1283.97638522964,646.122987835929));
#9513=CARTESIAN_POINT('',(2962.91813244514,-1284.9632928017,653.285719664372));
#9514=CARTESIAN_POINT('',(2963.27136586392,-1284.96329300029,653.285719664372));
#9515=CARTESIAN_POINT('',(2963.62459928271,-1284.96329319887,653.285719664372));
#9516=CARTESIAN_POINT('',(2963.97783270149,-1284.96329339746,653.285719664372));
#9517=CARTESIAN_POINT('',(2967.47783270149,-1286.09186796042,697.64906136257));
#9518=CARTESIAN_POINT('',(2967.47783270149,-1286.09187739669,702.065410125988));
#9519=CARTESIAN_POINT('',(2950.86722332101,-1267.52627238206,658.207157590502));
#9520=CARTESIAN_POINT('',(2950.86721778978,-1267.52625907142,672.714124717617));
#9521=CARTESIAN_POINT('',(2958.15074157381,-1281.42075022121,661.95190659275));
#9522=CARTESIAN_POINT('',(2959.50157621135,-1282.86928474553,661.95190659275));
#9523=CARTESIAN_POINT('',(2961.16399795044,-1284.121130915,661.95190659275));
#9524=CARTESIAN_POINT('',(2962.91813244515,-1284.9632928017,661.95190659275));
#9525=CARTESIAN_POINT('',(2954.99422840275,-1276.56776131791,663.19520795261));
#9526=CARTESIAN_POINT('',(2954.99858223073,-1276.57652170076,663.19520795261));
#9527=CARTESIAN_POINT('',(2955.00293676516,-1276.58528144288,663.19520795261));
#9528=CARTESIAN_POINT('',(2955.00729200537,-1276.59404054396,663.19520795261));
#9529=CARTESIAN_POINT('',(2955.54746293963,-1277.68041272616,663.19520795261));
#9530=CARTESIAN_POINT('',(2956.09849092576,-1278.75692382303,663.19520795261));
#9531=CARTESIAN_POINT('',(2956.81774577727,-1279.78196836944,663.19520795261));
#9532=CARTESIAN_POINT('',(2957.21438589138,-1280.34723919798,663.19520795261));
#9533=CARTESIAN_POINT('',(2957.66218512031,-1280.89685864315,663.19520795261));
#9534=CARTESIAN_POINT('',(2958.15074157381,-1281.42075022121,663.19520795248));
#9535=CARTESIAN_POINT('',(2959.94422831601,-1283.08058205943,696.25717872394));
#9536=CARTESIAN_POINT('',(2958.73725548824,-1282.11661326353,696.25717872394));
#9537=CARTESIAN_POINT('',(2957.66169443334,-1280.98472003044,696.25717872394));
#9538=CARTESIAN_POINT('',(2956.81774577727,-1279.78196836944,696.25717872394));
#9539=CARTESIAN_POINT('',(2956.09849092576,-1278.75692382303,696.25717872394));
#9540=CARTESIAN_POINT('',(2955.54746293963,-1277.68041272616,696.25717872394));
#9541=CARTESIAN_POINT('',(2955.00729200537,-1276.59404054396,696.25717872394));
#9542=CARTESIAN_POINT('',(2955.00293673621,-1276.58528138467,696.25717872394));
#9543=CARTESIAN_POINT('',(2954.99858217285,-1276.57652158432,696.25717872394));
#9544=CARTESIAN_POINT('',(2954.99422831589,-1276.56776114314,696.25717872407));
#9545=CARTESIAN_POINT('',(2967.47783270149,-1286.09186796042,697.64906136257));
#9546=CARTESIAN_POINT('',(2967.43818604605,-1286.0918679018,697.64906136257));
#9547=CARTESIAN_POINT('',(2967.39853939061,-1286.09186784318,697.64906136257));
#9548=CARTESIAN_POINT('',(2967.35889273517,-1286.09186778456,697.64906136257));
#9549=CARTESIAN_POINT('',(2964.86059192506,-1286.07290893845,697.64906136257));
#9550=CARTESIAN_POINT('',(2962.17746404214,-1284.86419267959,697.64906136257));
#9551=CARTESIAN_POINT('',(2959.94422831601,-1283.08058205943,697.64906136257));
#9552=CARTESIAN_POINT('',(2967.47783270149,-1256.38600364472,662.410216936054));
#9553=CARTESIAN_POINT('',(2967.47783270149,-1256.38600364472,650.243233099274));
#9554=CARTESIAN_POINT('',(2967.47783270149,-1333.95348334545,650.478884173312));
#9555=CARTESIAN_POINT('',(2953.18270426685,-1333.95348334545,650.478884173312));
#9556=CARTESIAN_POINT('',(2946.91911401316,-1333.95348334545,644.934614003813));
#9557=CARTESIAN_POINT('',(2967.47783270149,-1333.95348334545,644.934614003813));
#9558=CARTESIAN_POINT('',(2967.47783270149,-1333.95348334545,644.934614003813));
#9559=CARTESIAN_POINT('',(2967.47783270149,-1333.95348334545,650.478884173312));
#9560=CARTESIAN_POINT('',(2967.47783270149,-1314.42549117326,644.934178152163));
#9561=CARTESIAN_POINT('',(2955.00729192221,-1314.42549117326,644.934178152163));
#9562=CARTESIAN_POINT('',(2955.00729200537,-1314.42549122043,650.478884173312));
#9563=CARTESIAN_POINT('',(2955.00729192221,-1314.42549117326,644.934178152163));
#9564=CARTESIAN_POINT('',(2955.00729200537,-1314.42549122043,650.478884173312));
#9565=CARTESIAN_POINT('',(2967.47783270149,-1314.42549122043,650.478884173312));
#9566=CARTESIAN_POINT('',(2967.47783270149,-1314.42549122043,650.478884173312));
#9567=CARTESIAN_POINT('',(2967.47783270149,-1314.42549117326,644.934178152163));
#9568=CARTESIAN_POINT('',(2961.17820462102,-1283.97638525505,653.285719664372));
#9569=CARTESIAN_POINT('',(2963.97783270149,-1283.97638525505,653.285719664372));
#9570=CARTESIAN_POINT('',(2967.47783270149,-1333.95348334545,650.478884173312));
#9571=CARTESIAN_POINT('',(2967.47783270149,-1314.42549122043,650.478884173312));
#9572=CARTESIAN_POINT('',(2955.00729200537,-1283.97638525505,650.478884173312));
#9573=CARTESIAN_POINT('',(2953.18270426685,-1283.97638525505,650.478884173312));
#9574=CARTESIAN_POINT('',(2955.00729200537,-1283.97638525505,650.478884173312));
#9575=CARTESIAN_POINT('',(2961.17820462102,-1283.97638525505,650.478884173312));
#9576=CARTESIAN_POINT('',(2963.97783270149,-1283.97638525505,650.478884173312));
#9577=CARTESIAN_POINT('',(2967.47783270149,-1333.95348334545,641.755212960371));
#9578=CARTESIAN_POINT('',(2946.91911401316,-1333.95348334545,641.755212960371));
#9579=CARTESIAN_POINT('',(2898.18804247089,-1303.70932846348,641.755212960371));
#9580=CARTESIAN_POINT('',(2898.18804247089,-1266.15031773396,641.755212960371));
#9581=CARTESIAN_POINT('',(2950.51322147838,-1256.38595982897,641.755212877697));
#9582=CARTESIAN_POINT('',(2940.59055392644,-1256.38600364472,641.755212960371));
#9583=CARTESIAN_POINT('',(2922.00436716839,-1256.38600364472,641.755212960371));
#9584=CARTESIAN_POINT('',(2955.00729200537,-1314.42549122043,641.755212960371));
#9585=CARTESIAN_POINT('',(2955.00729200537,-1324.79436322876,641.755212960371));
#9586=CARTESIAN_POINT('',(2955.00729200537,-1324.79436322876,641.755212960371));
#9587=CARTESIAN_POINT('',(2959.66235501434,-1324.79436322876,641.755212960371));
#9588=CARTESIAN_POINT('',(2967.47783270149,-1324.79436322876,641.755212960371));
#9589=CARTESIAN_POINT('',(2967.47783270149,-1324.79436322876,641.755212960371));
#9590=CARTESIAN_POINT('',(2967.47783270149,-1333.95348334545,641.755212960371));
#9591=CARTESIAN_POINT('',(2955.00729200537,-1314.42549122043,641.755212960371));
#9592=CARTESIAN_POINT('',(2967.47783270149,-1314.42549122043,641.75521296037));
#9593=CARTESIAN_POINT('',(2967.47783270149,-1314.42549122043,641.75521296037));
#9594=CARTESIAN_POINT('',(2967.47783270149,-1324.79436322876,641.755212960371));
#9595=CARTESIAN_POINT('',(2967.47783270149,-1333.95348334545,641.755212960371));
#9596=CARTESIAN_POINT('',(2967.47783270149,-1333.95348334545,644.934614003813));
#9597=CARTESIAN_POINT('',(2967.47783270149,-1314.42549117326,644.934178152163));
#9598=CARTESIAN_POINT('',(2967.47783270149,-1314.42549115753,643.874523088232));
#9599=CARTESIAN_POINT('',(2967.47783270149,-1314.42549118898,642.814868024301));
#9600=CARTESIAN_POINT('',(2967.47783270149,-1314.42549122043,641.75521296037));
#9601=CARTESIAN_POINT('',(2955.00729192221,-1314.42549117326,644.934178152163));
#9602=CARTESIAN_POINT('',(2955.00729200537,-1314.42549122043,641.755212960371));
#9603=CARTESIAN_POINT('',(2959.66235496958,-1283.97638522966,646.122987835929));
#9604=CARTESIAN_POINT('',(2955.00729197271,-1283.97638521799,646.122987835929));
#9605=CARTESIAN_POINT('',(2955.00729200537,-1272.88199185792,646.122987835929));
#9606=CARTESIAN_POINT('',(2955.00729197271,-1283.97638521799,646.122987835929));
#9607=CARTESIAN_POINT('',(2955.00729197271,-1283.97638521799,646.122987835929));
#9608=CARTESIAN_POINT('',(2955.00729200537,-1283.97638525505,650.478884173312));
#9609=CARTESIAN_POINT('',(3036.76762293208,-1323.70932846336,647.756621623164));
#9610=CARTESIAN_POINT('',(3036.7676229321,-1323.70932846335,651.756621623185));
#9611=CARTESIAN_POINT('',(3032.76762293208,-1323.70932846336,651.756621623164));
#9612=CARTESIAN_POINT('',(3032.76762293208,-1323.70932846336,651.756621623164));
#9613=CARTESIAN_POINT('',(3032.76762293208,-1352.78551710434,651.756621623164));
#9614=CARTESIAN_POINT('',(3033.95138608761,-1352.41876511882,651.577446768548));
#9615=CARTESIAN_POINT('',(3034.19911696221,-1352.34201345637,651.500695106097));
#9616=CARTESIAN_POINT('',(3034.43182350571,-1352.2435205471,651.402202196827));
#9617=CARTESIAN_POINT('',(3034.86330983253,-1352.0137506425,651.172432292228));
#9618=CARTESIAN_POINT('',(3035.06147853874,-1351.88288357431,651.041565224039));
#9619=CARTESIAN_POINT('',(3035.60061083488,-1351.45849438519,650.617176034926));
#9620=CARTESIAN_POINT('',(3035.89064495784,-1351.13083033873,650.289511988464));
#9621=CARTESIAN_POINT('',(3036.33811586934,-1350.44647332373,649.605154973462));
#9622=CARTESIAN_POINT('',(3036.50083808644,-1350.08431578218,649.242997431915));
#9623=CARTESIAN_POINT('',(3036.71488890441,-1349.34991393828,648.508595588007));
#9624=CARTESIAN_POINT('',(3036.76762293208,-1348.97288617487,648.131567824601));
#9625=CARTESIAN_POINT('',(3036.76762293208,-1348.59793997343,647.756621623164));
#9626=CARTESIAN_POINT('',(3036.76762293208,-1348.59793997343,647.756621623164));
#9627=CARTESIAN_POINT('',(3036.76762293208,-1323.70932846336,647.756621623164));
#9628=CARTESIAN_POINT('',(3016.50258770118,-1357.82472949882,644.934614003813));
#9629=CARTESIAN_POINT('',(3016.50258770118,-1357.82472949882,651.756621623164));
#9630=CARTESIAN_POINT('',(3016.50258770118,-1357.82472949882,651.756621623164));
#9631=CARTESIAN_POINT('',(3014.76762293208,-1358.36225406267,651.756621623165));
#9632=CARTESIAN_POINT('',(3012.95129823458,-1358.36225406267,651.756621623164));
#9633=CARTESIAN_POINT('',(3012.95129823458,-1358.36225406267,651.756621623164));
#9634=CARTESIAN_POINT('',(3012.95129823458,-1358.36225406267,651.748170357783));
#9635=CARTESIAN_POINT('',(3012.95129823458,-1358.36225406267,647.756975592058));
#9636=CARTESIAN_POINT('',(3012.95129823458,-1358.36225406267,644.934614003813));
#9637=CARTESIAN_POINT('',(3012.95129823458,-1358.36225406267,644.934614003813));
#9638=CARTESIAN_POINT('',(3014.76762293208,-1358.36225406266,644.934614003814));
#9639=CARTESIAN_POINT('',(3016.50258770118,-1357.82472949882,644.934614003813));
#9640=CARTESIAN_POINT('',(3033.95138608761,-1352.41876511882,644.934614003814));
#9641=CARTESIAN_POINT('',(3033.95138608761,-1352.41876511882,651.577446768548));
#9642=CARTESIAN_POINT('',(3032.76762293208,-1352.78551710434,651.756621623164));
#9643=CARTESIAN_POINT('',(3033.1681758011,-1352.6614183272,651.756621623164));
#9644=CARTESIAN_POINT('',(3033.56726854679,-1352.53777192361,651.696453573338));
#9645=CARTESIAN_POINT('',(3033.95138608761,-1352.41876511882,651.577446768548));
#9646=CARTESIAN_POINT('',(3032.76762293208,-1352.78551710434,651.756621623164));
#9647=CARTESIAN_POINT('',(3024.63510531663,-1355.30512330158,651.756621623164));
#9648=CARTESIAN_POINT('',(3016.50258770118,-1357.82472949882,651.756621623164));
#9649=CARTESIAN_POINT('',(3016.50258770118,-1357.82472949882,644.934614003813));
#9650=CARTESIAN_POINT('',(3033.95138608761,-1352.41876511882,644.934614003814));
#9651=CARTESIAN_POINT('',(3036.76762293208,-1348.59793997343,644.934614003813));
#9652=CARTESIAN_POINT('',(3036.76762293208,-1348.59793997343,647.756621623164));
#9653=CARTESIAN_POINT('',(3033.95138608761,-1352.41876511882,644.934614003814));
#9654=CARTESIAN_POINT('',(3036.76762293208,-1351.54624222471,644.934614003812));
#9655=CARTESIAN_POINT('',(3036.76762293208,-1348.59793997343,644.934614003813));
#9656=CARTESIAN_POINT('',(3036.76762293208,-1323.70932846336,644.934010255762));
#9657=CARTESIAN_POINT('',(3036.76762293208,-1323.70932846336,647.756621623164));
#9658=CARTESIAN_POINT('',(3036.76762293208,-1348.59793997343,644.934614003813));
#9659=CARTESIAN_POINT('',(3036.76762293208,-1323.70932846336,644.934010255762));
#9660=CARTESIAN_POINT('',(3012.95129823458,-1358.36225406267,651.756621623164));
#9661=CARTESIAN_POINT('',(3008.89180453563,-1358.36225406267,651.756621623165));
#9662=CARTESIAN_POINT('',(3008.89180453563,-1358.36225406267,651.756621623165));
#9663=CARTESIAN_POINT('',(3008.89180453563,-1358.36225406267,644.934010255762));
#9664=CARTESIAN_POINT('',(3008.89180453563,-1358.36225406267,644.934010255762));
#9665=CARTESIAN_POINT('',(3012.95129823458,-1358.36225406267,644.934614003813));
#9666=CARTESIAN_POINT('',(3016.59279642863,-1344.97996108688,649.756621623164));
#9667=CARTESIAN_POINT('',(3015.34279642863,-1344.97996108688,649.756621623164));
#9668=CARTESIAN_POINT('',(3015.34279642863,-1346.22996108688,649.756621623164));
#9669=CARTESIAN_POINT('',(3015.34279642863,-1347.47996108688,649.756621623164));
#9670=CARTESIAN_POINT('',(3016.59279642863,-1347.47996108688,649.756621623164));
#9671=CARTESIAN_POINT('',(3016.59279642863,-1344.97996108688,651.756621623164));
#9672=CARTESIAN_POINT('',(3016.59279642863,-1344.97996108688,649.756621623164));
#9673=CARTESIAN_POINT('',(3016.59279642863,-1347.47996108688,651.756621623164));
#9674=CARTESIAN_POINT('',(3015.34279642863,-1347.47996108688,651.756621623164));
#9675=CARTESIAN_POINT('',(3015.34279642863,-1346.22996108688,651.756621623164));
#9676=CARTESIAN_POINT('',(3015.34279642863,-1344.97996108688,651.756621623164));
#9677=CARTESIAN_POINT('',(3016.59279642863,-1344.97996108688,651.756621623164));
#9678=CARTESIAN_POINT('',(3016.59279642863,-1347.47996108688,649.756621623164));
#9679=CARTESIAN_POINT('',(3016.59279642863,-1347.47996108688,651.756621623164));
#9680=CARTESIAN_POINT('',(3030.56190896834,-1347.47996108688,651.756621623164));
#9681=CARTESIAN_POINT('',(3030.56190896834,-1347.47996108688,649.756621623164));
#9682=CARTESIAN_POINT('',(3030.56190896834,-1347.47996108688,649.756621623164));
#9683=CARTESIAN_POINT('',(3023.57735269848,-1347.47996108688,649.756621623164));
#9684=CARTESIAN_POINT('',(3016.59279642863,-1347.47996108688,649.756621623164));
#9685=CARTESIAN_POINT('',(3016.59279642863,-1347.47996108688,651.756621623164));
#9686=CARTESIAN_POINT('',(3023.57735269848,-1347.47996108688,651.756621623164));
#9687=CARTESIAN_POINT('',(3030.56190896834,-1347.47996108688,651.756621623164));
#9688=CARTESIAN_POINT('',(3030.56190896834,-1347.47996108688,649.756621623164));
#9689=CARTESIAN_POINT('',(3031.81190896834,-1347.47996108688,649.756621623164));
#9690=CARTESIAN_POINT('',(3031.81190896834,-1346.22996108688,649.756621623164));
#9691=CARTESIAN_POINT('',(3031.81190896834,-1344.97996108688,649.756621623164));
#9692=CARTESIAN_POINT('',(3030.56190896834,-1344.97996108688,649.756621623164));
#9693=CARTESIAN_POINT('',(3030.56190896834,-1344.97996108688,651.756621623164));
#9694=CARTESIAN_POINT('',(3031.81190896834,-1344.97996108688,651.756621623164));
#9695=CARTESIAN_POINT('',(3031.81190896834,-1346.22996108688,651.756621623164));
#9696=CARTESIAN_POINT('',(3031.81190896834,-1347.47996108688,651.756621623164));
#9697=CARTESIAN_POINT('',(3030.56190896834,-1347.47996108688,651.756621623164));
#9698=CARTESIAN_POINT('',(3030.56190896834,-1344.97996108688,649.756621623164));
#9699=CARTESIAN_POINT('',(3030.56190896834,-1344.97996108688,651.756621623164));
#9700=CARTESIAN_POINT('',(3016.59279642863,-1344.97996108688,649.756621623164));
#9701=CARTESIAN_POINT('',(3023.57735269848,-1344.97996108688,649.756621623164));
#9702=CARTESIAN_POINT('',(3030.56190896834,-1344.97996108688,649.756621623164));
#9703=CARTESIAN_POINT('',(3030.56190896834,-1344.97996108688,651.756621623164));
#9704=CARTESIAN_POINT('',(3023.57735269848,-1344.97996108688,651.756621623164));
#9705=CARTESIAN_POINT('',(3016.59279642863,-1344.97996108688,651.756621623164));
#9706=CARTESIAN_POINT('',(3016.59279642863,-1329.97996108688,649.756621623164));
#9707=CARTESIAN_POINT('',(3015.34279642863,-1329.97996108688,649.756621623164));
#9708=CARTESIAN_POINT('',(3015.34279642863,-1331.22996108688,649.756621623164));
#9709=CARTESIAN_POINT('',(3015.34279642863,-1332.47996108688,649.756621623164));
#9710=CARTESIAN_POINT('',(3016.59279642863,-1332.47996108688,649.756621623164));
#9711=CARTESIAN_POINT('',(3016.59279642863,-1329.97996108688,651.756621623164));
#9712=CARTESIAN_POINT('',(3016.59279642863,-1329.97996108688,649.756621623164));
#9713=CARTESIAN_POINT('',(3016.59279642863,-1332.47996108688,651.756621623164));
#9714=CARTESIAN_POINT('',(3015.34279642863,-1332.47996108688,651.756621623164));
#9715=CARTESIAN_POINT('',(3015.34279642863,-1331.22996108688,651.756621623164));
#9716=CARTESIAN_POINT('',(3015.34279642863,-1329.97996108688,651.756621623164));
#9717=CARTESIAN_POINT('',(3016.59279642863,-1329.97996108688,651.756621623164));
#9718=CARTESIAN_POINT('',(3016.59279642863,-1332.47996108688,649.756621623164));
#9719=CARTESIAN_POINT('',(3016.59279642863,-1332.47996108688,651.756621623164));
#9720=CARTESIAN_POINT('',(3030.56190896834,-1332.47996108688,651.756621623164));
#9721=CARTESIAN_POINT('',(3030.56190896834,-1332.47996108688,649.756621623164));
#9722=CARTESIAN_POINT('',(3030.56190896834,-1332.47996108688,649.756621623164));
#9723=CARTESIAN_POINT('',(3023.57735269848,-1332.47996108688,649.756621623164));
#9724=CARTESIAN_POINT('',(3016.59279642863,-1332.47996108688,649.756621623164));
#9725=CARTESIAN_POINT('',(3016.59279642863,-1332.47996108688,651.756621623164));
#9726=CARTESIAN_POINT('',(3023.57735269848,-1332.47996108688,651.756621623164));
#9727=CARTESIAN_POINT('',(3030.56190896834,-1332.47996108688,651.756621623164));
#9728=CARTESIAN_POINT('',(3030.56190896834,-1332.47996108688,649.756621623164));
#9729=CARTESIAN_POINT('',(3031.81190896834,-1332.47996108688,649.756621623164));
#9730=CARTESIAN_POINT('',(3031.81190896834,-1331.22996108688,649.756621623164));
#9731=CARTESIAN_POINT('',(3031.81190896834,-1329.97996108688,649.756621623164));
#9732=CARTESIAN_POINT('',(3030.56190896834,-1329.97996108688,649.756621623164));
#9733=CARTESIAN_POINT('',(3030.56190896834,-1329.97996108688,651.756621623164));
#9734=CARTESIAN_POINT('',(3031.81190896834,-1329.97996108688,651.756621623164));
#9735=CARTESIAN_POINT('',(3031.81190896834,-1331.22996108688,651.756621623164));
#9736=CARTESIAN_POINT('',(3031.81190896834,-1332.47996108688,651.756621623164));
#9737=CARTESIAN_POINT('',(3030.56190896834,-1332.47996108688,651.756621623164));
#9738=CARTESIAN_POINT('',(3030.56190896834,-1329.97996108688,649.756621623164));
#9739=CARTESIAN_POINT('',(3030.56190896834,-1329.97996108688,651.756621623164));
#9740=CARTESIAN_POINT('',(3016.59279642863,-1329.97996108688,649.756621623164));
#9741=CARTESIAN_POINT('',(3023.57735269848,-1329.97996108688,649.756621623164));
#9742=CARTESIAN_POINT('',(3030.56190896834,-1329.97996108688,649.756621623164));
#9743=CARTESIAN_POINT('',(3030.56190896834,-1329.97996108688,651.756621623164));
#9744=CARTESIAN_POINT('',(3023.57735269848,-1329.97996108688,651.756621623164));
#9745=CARTESIAN_POINT('',(3016.59279642863,-1329.97996108688,651.756621623164));
#9746=CARTESIAN_POINT('',(3016.59279642863,-1334.97996108688,649.756621623164));
#9747=CARTESIAN_POINT('',(3015.34279642863,-1334.97996108688,649.756621623164));
#9748=CARTESIAN_POINT('',(3015.34279642863,-1336.22996108688,649.756621623164));
#9749=CARTESIAN_POINT('',(3015.34279642863,-1337.47996108688,649.756621623164));
#9750=CARTESIAN_POINT('',(3016.59279642863,-1337.47996108688,649.756621623164));
#9751=CARTESIAN_POINT('',(3016.59279642863,-1334.97996108688,651.756621623164));
#9752=CARTESIAN_POINT('',(3016.59279642863,-1334.97996108688,649.756621623164));
#9753=CARTESIAN_POINT('',(3016.59279642863,-1337.47996108688,651.756621623164));
#9754=CARTESIAN_POINT('',(3015.34279642863,-1337.47996108688,651.756621623164));
#9755=CARTESIAN_POINT('',(3015.34279642863,-1336.22996108688,651.756621623164));
#9756=CARTESIAN_POINT('',(3015.34279642863,-1334.97996108688,651.756621623164));
#9757=CARTESIAN_POINT('',(3016.59279642863,-1334.97996108688,651.756621623164));
#9758=CARTESIAN_POINT('',(3016.59279642863,-1337.47996108688,649.756621623164));
#9759=CARTESIAN_POINT('',(3016.59279642863,-1337.47996108688,651.756621623164));
#9760=CARTESIAN_POINT('',(3030.56190896834,-1337.47996108688,651.756621623164));
#9761=CARTESIAN_POINT('',(3030.56190896834,-1337.47996108688,649.756621623164));
#9762=CARTESIAN_POINT('',(3030.56190896834,-1337.47996108688,649.756621623164));
#9763=CARTESIAN_POINT('',(3023.57735269848,-1337.47996108688,649.756621623164));
#9764=CARTESIAN_POINT('',(3016.59279642863,-1337.47996108688,649.756621623164));
#9765=CARTESIAN_POINT('',(3016.59279642863,-1337.47996108688,651.756621623164));
#9766=CARTESIAN_POINT('',(3023.57735269848,-1337.47996108688,651.756621623164));
#9767=CARTESIAN_POINT('',(3030.56190896834,-1337.47996108688,651.756621623164));
#9768=CARTESIAN_POINT('',(3030.56190896834,-1337.47996108688,649.756621623164));
#9769=CARTESIAN_POINT('',(3031.81190896834,-1337.47996108688,649.756621623164));
#9770=CARTESIAN_POINT('',(3031.81190896834,-1336.22996108688,649.756621623164));
#9771=CARTESIAN_POINT('',(3031.81190896834,-1334.97996108688,649.756621623164));
#9772=CARTESIAN_POINT('',(3030.56190896834,-1334.97996108688,649.756621623164));
#9773=CARTESIAN_POINT('',(3030.56190896834,-1334.97996108688,651.756621623164));
#9774=CARTESIAN_POINT('',(3031.81190896834,-1334.97996108688,651.756621623164));
#9775=CARTESIAN_POINT('',(3031.81190896834,-1336.22996108688,651.756621623164));
#9776=CARTESIAN_POINT('',(3031.81190896834,-1337.47996108688,651.756621623164));
#9777=CARTESIAN_POINT('',(3030.56190896834,-1337.47996108688,651.756621623164));
#9778=CARTESIAN_POINT('',(3030.56190896834,-1334.97996108688,649.756621623164));
#9779=CARTESIAN_POINT('',(3030.56190896834,-1334.97996108688,651.756621623164));
#9780=CARTESIAN_POINT('',(3016.59279642863,-1334.97996108688,649.756621623164));
#9781=CARTESIAN_POINT('',(3023.57735269848,-1334.97996108688,649.756621623164));
#9782=CARTESIAN_POINT('',(3030.56190896834,-1334.97996108688,649.756621623164));
#9783=CARTESIAN_POINT('',(3030.56190896834,-1334.97996108688,651.756621623164));
#9784=CARTESIAN_POINT('',(3023.57735269848,-1334.97996108688,651.756621623164));
#9785=CARTESIAN_POINT('',(3016.59279642863,-1334.97996108688,651.756621623164));
#9786=CARTESIAN_POINT('',(3030.56190896834,-1342.47996108688,651.756621623164));
#9787=CARTESIAN_POINT('',(3030.56190896834,-1342.47996108688,649.756621623164));
#9788=CARTESIAN_POINT('',(3030.56190896834,-1342.47996108688,649.756621623164));
#9789=CARTESIAN_POINT('',(3023.57735269848,-1342.47996108688,649.756621623164));
#9790=CARTESIAN_POINT('',(3016.59279642863,-1342.47996108688,649.756621623164));
#9791=CARTESIAN_POINT('',(3016.59279642863,-1342.47996108688,649.756621623164));
#9792=CARTESIAN_POINT('',(3016.59279642863,-1342.47996108688,651.756621623164));
#9793=CARTESIAN_POINT('',(3016.59279642863,-1342.47996108688,651.756621623164));
#9794=CARTESIAN_POINT('',(3023.57735269848,-1342.47996108688,651.756621623164));
#9795=CARTESIAN_POINT('',(3030.56190896834,-1342.47996108688,651.756621623164));
#9796=CARTESIAN_POINT('',(3030.56190896834,-1342.47996108688,649.756621623164));
#9797=CARTESIAN_POINT('',(3031.81190896834,-1342.47996108688,649.756621623164));
#9798=CARTESIAN_POINT('',(3031.81190896834,-1341.22996108688,649.756621623164));
#9799=CARTESIAN_POINT('',(3031.81190896834,-1339.97996108688,649.756621623164));
#9800=CARTESIAN_POINT('',(3030.56190896834,-1339.97996108688,649.756621623164));
#9801=CARTESIAN_POINT('',(3030.56190896834,-1339.97996108688,651.756621623164));
#9802=CARTESIAN_POINT('',(3031.81190896834,-1339.97996108688,651.756621623164));
#9803=CARTESIAN_POINT('',(3031.81190896834,-1341.22996108688,651.756621623164));
#9804=CARTESIAN_POINT('',(3031.81190896834,-1342.47996108688,651.756621623164));
#9805=CARTESIAN_POINT('',(3030.56190896834,-1342.47996108688,651.756621623164));
#9806=CARTESIAN_POINT('',(3030.56190896834,-1339.97996108688,649.756621623164));
#9807=CARTESIAN_POINT('',(3030.56190896834,-1339.97996108688,651.756621623164));
#9808=CARTESIAN_POINT('',(3016.59279642863,-1339.97996108688,651.756621623164));
#9809=CARTESIAN_POINT('',(3016.59279642863,-1339.97996108688,649.756621623164));
#9810=CARTESIAN_POINT('',(3016.59279642863,-1339.97996108688,649.756621623164));
#9811=CARTESIAN_POINT('',(3023.57735269848,-1339.97996108688,649.756621623164));
#9812=CARTESIAN_POINT('',(3030.56190896834,-1339.97996108688,649.756621623164));
#9813=CARTESIAN_POINT('',(3030.56190896834,-1339.97996108688,651.756621623164));
#9814=CARTESIAN_POINT('',(3023.57735269848,-1339.97996108688,651.756621623164));
#9815=CARTESIAN_POINT('',(3016.59279642863,-1339.97996108688,651.756621623164));
#9816=CARTESIAN_POINT('',(3016.59279642863,-1339.97996108688,649.756621623164));
#9817=CARTESIAN_POINT('',(3015.34279642863,-1339.97996108688,649.756621623164));
#9818=CARTESIAN_POINT('',(3015.34279642863,-1341.22996108688,649.756621623164));
#9819=CARTESIAN_POINT('',(3015.34279642863,-1342.47996108688,649.756621623164));
#9820=CARTESIAN_POINT('',(3016.59279642863,-1342.47996108688,649.756621623164));
#9821=CARTESIAN_POINT('',(3016.59279642863,-1342.47996108688,651.756621623164));
#9822=CARTESIAN_POINT('',(3015.34279642863,-1342.47996108688,651.756621623164));
#9823=CARTESIAN_POINT('',(3015.34279642863,-1341.22996108688,651.756621623164));
#9824=CARTESIAN_POINT('',(3015.34279642863,-1339.97996108688,651.756621623164));
#9825=CARTESIAN_POINT('',(3016.59279642863,-1339.97996108688,651.756621623164));
#9826=CARTESIAN_POINT('',(3030.56190896834,-1327.47996108688,651.756621623164));
#9827=CARTESIAN_POINT('',(3030.56190896834,-1327.47996108688,649.756621623164));
#9828=CARTESIAN_POINT('',(3030.56190896834,-1327.47996108688,649.756621623164));
#9829=CARTESIAN_POINT('',(3023.57735269848,-1327.47996108688,649.756621623164));
#9830=CARTESIAN_POINT('',(3016.59279642863,-1327.47996108688,649.756621623164));
#9831=CARTESIAN_POINT('',(3016.59279642863,-1327.47996108688,649.756621623164));
#9832=CARTESIAN_POINT('',(3016.59279642863,-1327.47996108688,651.756621623164));
#9833=CARTESIAN_POINT('',(3016.59279642863,-1327.47996108688,651.756621623164));
#9834=CARTESIAN_POINT('',(3023.57735269848,-1327.47996108688,651.756621623164));
#9835=CARTESIAN_POINT('',(3030.56190896834,-1327.47996108688,651.756621623164));
#9836=CARTESIAN_POINT('',(3030.56190896834,-1327.47996108688,649.756621623164));
#9837=CARTESIAN_POINT('',(3031.81190896834,-1327.47996108688,649.756621623164));
#9838=CARTESIAN_POINT('',(3031.81190896834,-1326.22996108688,649.756621623164));
#9839=CARTESIAN_POINT('',(3031.81190896834,-1324.97996108688,649.756621623164));
#9840=CARTESIAN_POINT('',(3030.56190896834,-1324.97996108688,649.756621623164));
#9841=CARTESIAN_POINT('',(3030.56190896834,-1324.97996108688,651.756621623164));
#9842=CARTESIAN_POINT('',(3031.81190896834,-1324.97996108688,651.756621623164));
#9843=CARTESIAN_POINT('',(3031.81190896834,-1326.22996108688,651.756621623164));
#9844=CARTESIAN_POINT('',(3031.81190896834,-1327.47996108688,651.756621623164));
#9845=CARTESIAN_POINT('',(3030.56190896834,-1327.47996108688,651.756621623164));
#9846=CARTESIAN_POINT('',(3030.56190896834,-1324.97996108688,649.756621623164));
#9847=CARTESIAN_POINT('',(3030.56190896834,-1324.97996108688,651.756621623164));
#9848=CARTESIAN_POINT('',(3016.59279642863,-1324.97996108688,651.756621623164));
#9849=CARTESIAN_POINT('',(3016.59279642863,-1324.97996108688,649.756621623164));
#9850=CARTESIAN_POINT('',(3016.59279642863,-1324.97996108688,649.756621623164));
#9851=CARTESIAN_POINT('',(3023.57735269848,-1324.97996108688,649.756621623164));
#9852=CARTESIAN_POINT('',(3030.56190896834,-1324.97996108688,649.756621623164));
#9853=CARTESIAN_POINT('',(3030.56190896834,-1324.97996108688,651.756621623164));
#9854=CARTESIAN_POINT('',(3023.57735269848,-1324.97996108688,651.756621623164));
#9855=CARTESIAN_POINT('',(3016.59279642863,-1324.97996108688,651.756621623164));
#9856=CARTESIAN_POINT('',(3016.59279642863,-1324.97996108688,649.756621623164));
#9857=CARTESIAN_POINT('',(3015.34279642863,-1324.97996108688,649.756621623164));
#9858=CARTESIAN_POINT('',(3015.34279642863,-1326.22996108688,649.756621623164));
#9859=CARTESIAN_POINT('',(3015.34279642863,-1327.47996108688,649.756621623164));
#9860=CARTESIAN_POINT('',(3016.59279642863,-1327.47996108688,649.756621623164));
#9861=CARTESIAN_POINT('',(3016.59279642863,-1327.47996108688,651.756621623164));
#9862=CARTESIAN_POINT('',(3015.34279642863,-1327.47996108688,651.756621623164));
#9863=CARTESIAN_POINT('',(3015.34279642863,-1326.22996108688,651.756621623164));
#9864=CARTESIAN_POINT('',(3015.34279642863,-1324.97996108688,651.756621623164));
#9865=CARTESIAN_POINT('',(3016.59279642863,-1324.97996108688,651.756621623164));
#9866=CARTESIAN_POINT('',(2967.47783270149,-1259.17484288487,661.251390406285));
#9867=CARTESIAN_POINT('',(2976.8198241244,-1259.17484288487,661.251390406286));
#9868=CARTESIAN_POINT('',(2976.8198241244,-1259.17484288487,661.251390406286));
#9869=CARTESIAN_POINT('',(2975.58576103227,-1257.92057499825,662.410216936054));
#9870=CARTESIAN_POINT('',(2975.58576103227,-1257.92057499825,662.410216936054));
#9871=CARTESIAN_POINT('',(2967.47783270149,-1257.92057499825,662.410216936054));
#9872=CARTESIAN_POINT('',(2967.47783270149,-1260.42911077148,661.251390406285));
#9873=CARTESIAN_POINT('',(2976.8198241244,-1260.42911077148,661.251390406285));
#9874=CARTESIAN_POINT('',(2976.8198241244,-1260.42911077148,661.251390406285));
#9875=CARTESIAN_POINT('',(2976.8198241244,-1259.17484288487,661.251390406286));
#9876=CARTESIAN_POINT('',(2975.58576103227,-1256.38600364472,662.410216936054));
#9877=CARTESIAN_POINT('',(2967.47783270149,-1256.38600364472,662.410216936054));
#9878=CARTESIAN_POINT('',(2975.58576103227,-1257.92057499825,662.410216936054));
#9879=CARTESIAN_POINT('',(2975.58576103227,-1256.38600364472,662.410216936054));
#9880=CARTESIAN_POINT('',(3002.72376605281,-1327.36225406052,651.756621623164));
#9881=CARTESIAN_POINT('',(3005.06762293233,-1327.36225406052,648.756621623164));
#9882=CARTESIAN_POINT('',(3005.06762293233,-1327.36225406052,648.756621623164));
#9883=CARTESIAN_POINT('',(3005.06762293233,-1324.86225406052,648.756621623164));
#9884=CARTESIAN_POINT('',(3007.56762293233,-1324.86225406052,648.756621623164));
#9885=CARTESIAN_POINT('',(3010.06762293233,-1324.86225406052,648.756621623164));
#9886=CARTESIAN_POINT('',(3010.06762293233,-1327.36225406052,648.756621623164));
#9887=CARTESIAN_POINT('',(3010.06762293233,-1327.36225406052,648.756621623164));
#9888=CARTESIAN_POINT('',(3012.41147981185,-1327.36225406052,651.756621623164));
#9889=CARTESIAN_POINT('',(3012.41147981185,-1327.36225406052,651.756621623164));
#9890=CARTESIAN_POINT('',(3012.41147885755,-1327.35339019001,651.756621623165));
#9891=CARTESIAN_POINT('',(3012.41144931005,-1327.34506418528,651.756621623164));
#9892=CARTESIAN_POINT('',(3012.40145152836,-1324.52785242674,651.756621623165));
#9893=CARTESIAN_POINT('',(3009.94779947509,-1323.14352094564,651.756621623165));
#9894=CARTESIAN_POINT('',(3007.52604944224,-1321.77718833733,651.756621623165));
#9895=CARTESIAN_POINT('',(3005.12490774753,-1323.17942104985,651.756621623164));
#9896=CARTESIAN_POINT('',(3002.72376605281,-1324.58165376236,651.756621623164));
#9897=CARTESIAN_POINT('',(3002.72376605281,-1327.36225406052,651.756621623164));
#9898=CARTESIAN_POINT('',(3002.72376605281,-1267.36225406302,651.756621623164));
#9899=CARTESIAN_POINT('',(3002.72376605281,-1272.20611094254,651.756621623165));
#9900=CARTESIAN_POINT('',(3007.56762293233,-1272.20611094254,651.756621623165));
#9901=CARTESIAN_POINT('',(3012.41147981185,-1272.20611094254,651.756621623165));
#9902=CARTESIAN_POINT('',(3012.41147981185,-1267.36225406302,651.756621623164));
#9903=CARTESIAN_POINT('',(3012.41147981185,-1267.36225406302,651.756621623164));
#9904=CARTESIAN_POINT('',(3010.06762293233,-1267.36225406302,648.756621623164));
#9905=CARTESIAN_POINT('',(3010.06762293233,-1267.36225406302,648.756621623164));
#9906=CARTESIAN_POINT('',(3010.06762293233,-1269.86225406302,648.756621623164));
#9907=CARTESIAN_POINT('',(3007.56762293233,-1269.86225406302,648.756621623164));
#9908=CARTESIAN_POINT('',(3005.06762293233,-1269.86225406302,648.756621623164));
#9909=CARTESIAN_POINT('',(3005.06762293233,-1267.36225406302,648.756621623164));
#9910=CARTESIAN_POINT('',(3005.06762293233,-1267.36225406302,648.756621623164));
#9911=CARTESIAN_POINT('',(3002.72376605281,-1267.36225406302,651.756621623164));
#9912=CARTESIAN_POINT('',(3005.06762293233,-1327.36225406052,647.756621623163));
#9913=CARTESIAN_POINT('',(3005.06762293233,-1327.36225406052,648.756621623164));
#9914=CARTESIAN_POINT('',(3010.06762293233,-1327.36225406052,647.756621623163));
#9915=CARTESIAN_POINT('',(3010.06762293233,-1324.86225406052,647.756621623163));
#9916=CARTESIAN_POINT('',(3007.56762293233,-1324.86225406052,647.756621623163));
#9917=CARTESIAN_POINT('',(3005.06762293233,-1324.86225406052,647.756621623163));
#9918=CARTESIAN_POINT('',(3005.06762293233,-1327.36225406052,647.756621623163));
#9919=CARTESIAN_POINT('',(3010.06762293233,-1327.36225406052,648.756621623164));
#9920=CARTESIAN_POINT('',(3010.06762293233,-1327.36225406052,647.756621623163));
#9921=CARTESIAN_POINT('',(3005.06762293233,-1267.36225406302,647.756621623163));
#9922=CARTESIAN_POINT('',(3005.06762293233,-1269.86225406302,647.756621623163));
#9923=CARTESIAN_POINT('',(3007.56762293233,-1269.86225406302,647.756621623163));
#9924=CARTESIAN_POINT('',(3010.06762293233,-1269.86225406302,647.756621623163));
#9925=CARTESIAN_POINT('',(3010.06762293233,-1267.36225406302,647.756621623163));
#9926=CARTESIAN_POINT('',(3005.06762293233,-1267.36225406302,648.756621623164));
#9927=CARTESIAN_POINT('',(3005.06762293233,-1267.36225406302,647.756621623163));
#9928=CARTESIAN_POINT('',(3010.06762293233,-1267.36225406302,647.756621623163));
#9929=CARTESIAN_POINT('',(3010.06762293233,-1267.36225406302,648.756621623164));
#9930=CARTESIAN_POINT('',(3010.06762293233,-1327.36225406052,648.756621623164));
#9931=CARTESIAN_POINT('',(3010.06762293233,-1329.86225406052,648.756621623165));
#9932=CARTESIAN_POINT('',(3007.56762293233,-1329.86225406052,648.756621623165));
#9933=CARTESIAN_POINT('',(3005.06762293233,-1329.86225406052,648.756621623165));
#9934=CARTESIAN_POINT('',(3005.06762293233,-1327.36225406052,648.756621623164));
#9935=CARTESIAN_POINT('',(3012.41147981185,-1267.36225406302,651.756621623164));
#9936=CARTESIAN_POINT('',(3012.41147981185,-1262.5183971835,651.756621623165));
#9937=CARTESIAN_POINT('',(3007.56762293233,-1262.5183971835,651.756621623165));
#9938=CARTESIAN_POINT('',(3002.72376605281,-1262.5183971835,651.756621623165));
#9939=CARTESIAN_POINT('',(3002.72376605281,-1267.36225406302,651.756621623164));
#9940=CARTESIAN_POINT('',(3005.06762293233,-1267.36225406302,648.756621623164));
#9941=CARTESIAN_POINT('',(3005.06762293233,-1264.86225406302,648.756621623165));
#9942=CARTESIAN_POINT('',(3007.56762293233,-1264.86225406302,648.756621623165));
#9943=CARTESIAN_POINT('',(3010.06762293233,-1264.86225406302,648.756621623165));
#9944=CARTESIAN_POINT('',(3010.06762293233,-1267.36225406302,648.756621623164));
#9945=CARTESIAN_POINT('',(3005.06762293233,-1327.36225406052,647.756621623163));
#9946=CARTESIAN_POINT('',(3005.06762293233,-1329.86225406052,647.756621623163));
#9947=CARTESIAN_POINT('',(3007.56762293233,-1329.86225406052,647.756621623163));
#9948=CARTESIAN_POINT('',(3010.06762293233,-1329.86225406052,647.756621623163));
#9949=CARTESIAN_POINT('',(3010.06762293233,-1327.36225406052,647.756621623163));
#9950=CARTESIAN_POINT('',(3010.06762293233,-1267.36225406302,647.756621623163));
#9951=CARTESIAN_POINT('',(3010.06762293233,-1264.86225406302,647.756621623164));
#9952=CARTESIAN_POINT('',(3007.56762293233,-1264.86225406302,647.756621623164));
#9953=CARTESIAN_POINT('',(3005.06762293233,-1264.86225406302,647.756621623164));
#9954=CARTESIAN_POINT('',(3005.06762293233,-1267.36225406302,647.756621623163));
#9955=CARTESIAN_POINT('',(2994.36511147654,-1256.38600364472,651.756621623132));
#9956=CARTESIAN_POINT('',(3003.56636720432,-1256.38600364472,651.756621623148));
#9957=CARTESIAN_POINT('',(3012.76762293208,-1256.38600364472,651.756621623165));
#9958=CARTESIAN_POINT('',(3012.85926775242,-1256.38600364473,651.756621623164));
#9959=CARTESIAN_POINT('',(3012.95091338086,-1256.38600364472,651.752431035565));
#9960=CARTESIAN_POINT('',(3012.95091338086,-1256.38600364472,651.752431035565));
#9961=CARTESIAN_POINT('',(3012.95129823458,-1256.38600364472,651.748169609845));
#9962=CARTESIAN_POINT('',(3012.95129823458,-1256.38600364472,651.748169609845));
#9963=CARTESIAN_POINT('',(3012.95129823458,-1256.38600364472,647.756621623163));
#9964=CARTESIAN_POINT('',(3012.95129823458,-1256.38600364472,647.756621623163));
#9965=CARTESIAN_POINT('',(2994.36511147654,-1256.38600364472,647.756621623163));
#9966=CARTESIAN_POINT('',(2994.36511147654,-1256.38600364472,647.756621623163));
#9967=CARTESIAN_POINT('',(2994.36511147654,-1256.38600364472,651.756621623132));
#9968=CARTESIAN_POINT('',(3012.95129823458,-1256.38600364472,644.934614003813));
#9969=CARTESIAN_POINT('',(3012.95129823458,-1256.38600364472,647.756621623163));
#9970=CARTESIAN_POINT('',(3012.95091338086,-1256.38600364472,651.752431035565));
#9971=CARTESIAN_POINT('',(3014.76743050522,-1256.38600364472,651.754526329364));
#9972=CARTESIAN_POINT('',(3016.50258770118,-1256.92352820857,651.756621623164));
#9973=CARTESIAN_POINT('',(3016.50258770118,-1256.92352820857,651.756621623164));
#9974=CARTESIAN_POINT('',(3016.50258770118,-1256.92352820857,644.934614003813));
#9975=CARTESIAN_POINT('',(3016.50258770118,-1256.92352820857,644.934614003813));
#9976=CARTESIAN_POINT('',(3014.76762293208,-1256.38600364472,644.934614003813));
#9977=CARTESIAN_POINT('',(3012.95129823458,-1256.38600364472,644.934614003813));
#9978=CARTESIAN_POINT('',(3033.95138608761,-1262.32949258857,644.934614003814));
#9979=CARTESIAN_POINT('',(3033.95138608761,-1262.32949258857,651.577446768548));
#9980=CARTESIAN_POINT('',(3036.76762293208,-1266.15031773396,647.756621623164));
#9981=CARTESIAN_POINT('',(3036.76762293208,-1266.15031773396,644.934614003813));
#9982=CARTESIAN_POINT('',(3036.76762293208,-1266.15031773396,644.934614003813));
#9983=CARTESIAN_POINT('',(3036.76762293208,-1263.20201548268,644.934614003812));
#9984=CARTESIAN_POINT('',(3033.95138608761,-1262.32949258857,644.934614003814));
#9985=CARTESIAN_POINT('',(3016.50258770118,-1256.92352820857,651.756621623164));
#9986=CARTESIAN_POINT('',(3024.63510531663,-1259.44313440581,651.756621623164));
#9987=CARTESIAN_POINT('',(3032.76762293208,-1261.96274060305,651.756621623164));
#9988=CARTESIAN_POINT('',(3032.76762293208,-1261.96274060305,651.756621623164));
#9989=CARTESIAN_POINT('',(3033.1681758011,-1262.08683938019,651.756621623164));
#9990=CARTESIAN_POINT('',(3033.56726854679,-1262.21048578379,651.696453573338));
#9991=CARTESIAN_POINT('',(3033.95138608761,-1262.32949258857,651.577446768548));
#9992=CARTESIAN_POINT('',(3033.95138608761,-1262.32949258857,644.934614003814));
#9993=CARTESIAN_POINT('',(3016.50258770118,-1256.92352820857,644.934614003813));
#9994=CARTESIAN_POINT('',(3010.06762293233,-1327.36225406052,644.934010255762));
#9995=CARTESIAN_POINT('',(3010.06762293234,-1324.86225406013,644.934010255763));
#9996=CARTESIAN_POINT('',(3007.56762293233,-1324.86225406013,644.934054015486));
#9997=CARTESIAN_POINT('',(3005.06762293232,-1324.86225406013,644.93409777521));
#9998=CARTESIAN_POINT('',(3005.06762293233,-1327.36225406052,644.934097775209));
#9999=CARTESIAN_POINT('',(3010.06762293233,-1327.36225406052,647.756621623163));
#10000=CARTESIAN_POINT('',(3010.06762293233,-1327.36225406052,644.934010255762));
#10001=CARTESIAN_POINT('',(3005.06762293233,-1327.36225406052,644.934097775209));
#10002=CARTESIAN_POINT('',(3005.06762293233,-1327.36225406052,647.756621623163));
#10003=CARTESIAN_POINT('',(3005.06762293233,-1267.36225406302,644.934010255762));
#10004=CARTESIAN_POINT('',(3005.06762293233,-1269.8622540634,644.934010255761));
#10005=CARTESIAN_POINT('',(3007.56762293233,-1269.8622540634,644.934054015485));
#10006=CARTESIAN_POINT('',(3010.06762293233,-1269.8622540634,644.934097775208));
#10007=CARTESIAN_POINT('',(3010.06762293233,-1267.36225406302,644.934097775209));
#10008=CARTESIAN_POINT('',(3005.06762293233,-1267.36225406302,647.756621623163));
#10009=CARTESIAN_POINT('',(3005.06762293233,-1267.36225406302,644.934010255762));
#10010=CARTESIAN_POINT('',(3010.06762293233,-1267.36225406302,644.934097775209));
#10011=CARTESIAN_POINT('',(3010.06762293233,-1267.36225406302,647.756621623163));
#10012=CARTESIAN_POINT('',(3005.06762293233,-1327.36225406052,644.934097775209));
#10013=CARTESIAN_POINT('',(3005.06762293271,-1329.86225406052,644.934097775208));
#10014=CARTESIAN_POINT('',(3007.56762293233,-1329.86225406052,644.934054015485));
#10015=CARTESIAN_POINT('',(3010.06762293195,-1329.86225406052,644.934010255761));
#10016=CARTESIAN_POINT('',(3010.06762293233,-1327.36225406052,644.934010255762));
#10017=CARTESIAN_POINT('',(2994.36511147654,-1256.38600364472,644.934010255762));
#10018=CARTESIAN_POINT('',(2994.36511147654,-1256.38600364472,647.756621623163));
#10019=CARTESIAN_POINT('',(3012.95129823458,-1256.38600364472,644.934614003813));
#10020=CARTESIAN_POINT('',(2994.36511147654,-1256.38600364472,644.934010255762));
#10021=CARTESIAN_POINT('',(2979.9483733976,-1287.64388092167,644.934245310723));
#10022=CARTESIAN_POINT('',(2979.94837348076,-1314.42549117326,644.934178152163));
#10023=CARTESIAN_POINT('',(2979.9483733976,-1314.42549122043,650.478884173312));
#10024=CARTESIAN_POINT('',(2979.9483733976,-1283.97638525505,650.478884173312));
#10025=CARTESIAN_POINT('',(2979.94837343026,-1283.97638521799,646.122987835929));
#10026=CARTESIAN_POINT('',(2979.9483733976,-1287.64388092167,646.122987835929));
#10027=CARTESIAN_POINT('',(2979.9483733976,-1287.64388092167,646.122987835929));
#10028=CARTESIAN_POINT('',(2979.9483733976,-1287.64388092167,644.934245310723));
#10029=CARTESIAN_POINT('',(3016.59279642863,-1284.979961087,649.756621623164));
#10030=CARTESIAN_POINT('',(3015.34279642863,-1284.979961087,649.756621623164));
#10031=CARTESIAN_POINT('',(3015.34279642863,-1286.229961087,649.756621623164));
#10032=CARTESIAN_POINT('',(3015.34279642863,-1287.479961087,649.756621623164));
#10033=CARTESIAN_POINT('',(3016.59279642863,-1287.479961087,649.756621623164));
#10034=CARTESIAN_POINT('',(3016.59279642863,-1284.979961087,651.756621623164));
#10035=CARTESIAN_POINT('',(3016.59279642863,-1284.979961087,649.756621623164));
#10036=CARTESIAN_POINT('',(3016.59279642863,-1287.479961087,651.756621623164));
#10037=CARTESIAN_POINT('',(3015.34279642863,-1287.479961087,651.756621623164));
#10038=CARTESIAN_POINT('',(3015.34279642863,-1286.229961087,651.756621623164));
#10039=CARTESIAN_POINT('',(3015.34279642863,-1284.979961087,651.756621623164));
#10040=CARTESIAN_POINT('',(3016.59279642863,-1284.979961087,651.756621623164));
#10041=CARTESIAN_POINT('',(3016.59279642863,-1287.479961087,649.756621623164));
#10042=CARTESIAN_POINT('',(3016.59279642863,-1287.479961087,651.756621623164));
#10043=CARTESIAN_POINT('',(3030.56190896834,-1287.479961087,651.756621623164));
#10044=CARTESIAN_POINT('',(3030.56190896834,-1287.479961087,649.756621623164));
#10045=CARTESIAN_POINT('',(3030.56190896834,-1287.479961087,649.756621623164));
#10046=CARTESIAN_POINT('',(3023.57735269848,-1287.479961087,649.756621623164));
#10047=CARTESIAN_POINT('',(3016.59279642863,-1287.479961087,649.756621623164));
#10048=CARTESIAN_POINT('',(3016.59279642863,-1287.479961087,651.756621623164));
#10049=CARTESIAN_POINT('',(3023.57735269848,-1287.479961087,651.756621623164));
#10050=CARTESIAN_POINT('',(3030.56190896834,-1287.479961087,651.756621623164));
#10051=CARTESIAN_POINT('',(3030.56190896834,-1287.479961087,649.756621623164));
#10052=CARTESIAN_POINT('',(3031.81190896834,-1287.479961087,649.756621623164));
#10053=CARTESIAN_POINT('',(3031.81190896834,-1286.229961087,649.756621623164));
#10054=CARTESIAN_POINT('',(3031.81190896834,-1284.979961087,649.756621623164));
#10055=CARTESIAN_POINT('',(3030.56190896834,-1284.979961087,649.756621623164));
#10056=CARTESIAN_POINT('',(3030.56190896834,-1284.979961087,651.756621623164));
#10057=CARTESIAN_POINT('',(3031.81190896834,-1284.979961087,651.756621623164));
#10058=CARTESIAN_POINT('',(3031.81190896834,-1286.229961087,651.756621623164));
#10059=CARTESIAN_POINT('',(3031.81190896834,-1287.479961087,651.756621623164));
#10060=CARTESIAN_POINT('',(3030.56190896834,-1287.479961087,651.756621623164));
#10061=CARTESIAN_POINT('',(3030.56190896834,-1284.979961087,649.756621623164));
#10062=CARTESIAN_POINT('',(3030.56190896834,-1284.979961087,651.756621623164));
#10063=CARTESIAN_POINT('',(3016.59279642863,-1284.979961087,649.756621623164));
#10064=CARTESIAN_POINT('',(3023.57735269848,-1284.979961087,649.756621623164));
#10065=CARTESIAN_POINT('',(3030.56190896834,-1284.979961087,649.756621623164));
#10066=CARTESIAN_POINT('',(3030.56190896834,-1284.979961087,651.756621623164));
#10067=CARTESIAN_POINT('',(3023.57735269848,-1284.979961087,651.756621623164));
#10068=CARTESIAN_POINT('',(3016.59279642863,-1284.979961087,651.756621623164));
#10069=CARTESIAN_POINT('',(3016.59279642863,-1289.979961087,649.756621623164));
#10070=CARTESIAN_POINT('',(3015.34279642863,-1289.979961087,649.756621623164));
#10071=CARTESIAN_POINT('',(3015.34279642863,-1291.229961087,649.756621623164));
#10072=CARTESIAN_POINT('',(3015.34279642863,-1292.479961087,649.756621623164));
#10073=CARTESIAN_POINT('',(3016.59279642863,-1292.479961087,649.756621623164));
#10074=CARTESIAN_POINT('',(3016.59279642863,-1289.979961087,651.756621623164));
#10075=CARTESIAN_POINT('',(3016.59279642863,-1289.979961087,649.756621623164));
#10076=CARTESIAN_POINT('',(3016.59279642863,-1292.479961087,651.756621623164));
#10077=CARTESIAN_POINT('',(3015.34279642863,-1292.479961087,651.756621623164));
#10078=CARTESIAN_POINT('',(3015.34279642863,-1291.229961087,651.756621623164));
#10079=CARTESIAN_POINT('',(3015.34279642863,-1289.979961087,651.756621623164));
#10080=CARTESIAN_POINT('',(3016.59279642863,-1289.979961087,651.756621623164));
#10081=CARTESIAN_POINT('',(3016.59279642863,-1292.479961087,649.756621623164));
#10082=CARTESIAN_POINT('',(3016.59279642863,-1292.479961087,651.756621623164));
#10083=CARTESIAN_POINT('',(3030.56190896834,-1292.479961087,651.756621623164));
#10084=CARTESIAN_POINT('',(3030.56190896834,-1292.479961087,649.756621623164));
#10085=CARTESIAN_POINT('',(3030.56190896834,-1292.479961087,649.756621623164));
#10086=CARTESIAN_POINT('',(3023.57735269848,-1292.479961087,649.756621623164));
#10087=CARTESIAN_POINT('',(3016.59279642863,-1292.479961087,649.756621623164));
#10088=CARTESIAN_POINT('',(3016.59279642863,-1292.479961087,651.756621623164));
#10089=CARTESIAN_POINT('',(3023.57735269848,-1292.479961087,651.756621623164));
#10090=CARTESIAN_POINT('',(3030.56190896834,-1292.479961087,651.756621623164));
#10091=CARTESIAN_POINT('',(3030.56190896834,-1292.479961087,649.756621623164));
#10092=CARTESIAN_POINT('',(3031.81190896834,-1292.479961087,649.756621623164));
#10093=CARTESIAN_POINT('',(3031.81190896834,-1291.229961087,649.756621623164));
#10094=CARTESIAN_POINT('',(3031.81190896834,-1289.979961087,649.756621623164));
#10095=CARTESIAN_POINT('',(3030.56190896834,-1289.979961087,649.756621623164));
#10096=CARTESIAN_POINT('',(3030.56190896834,-1289.979961087,651.756621623164));
#10097=CARTESIAN_POINT('',(3031.81190896834,-1289.979961087,651.756621623164));
#10098=CARTESIAN_POINT('',(3031.81190896834,-1291.229961087,651.756621623164));
#10099=CARTESIAN_POINT('',(3031.81190896834,-1292.479961087,651.756621623164));
#10100=CARTESIAN_POINT('',(3030.56190896834,-1292.479961087,651.756621623164));
#10101=CARTESIAN_POINT('',(3030.56190896834,-1289.979961087,649.756621623164));
#10102=CARTESIAN_POINT('',(3030.56190896834,-1289.979961087,651.756621623164));
#10103=CARTESIAN_POINT('',(3016.59279642863,-1289.979961087,649.756621623164));
#10104=CARTESIAN_POINT('',(3023.57735269848,-1289.979961087,649.756621623164));
#10105=CARTESIAN_POINT('',(3030.56190896834,-1289.979961087,649.756621623164));
#10106=CARTESIAN_POINT('',(3030.56190896834,-1289.979961087,651.756621623164));
#10107=CARTESIAN_POINT('',(3023.57735269848,-1289.979961087,651.756621623164));
#10108=CARTESIAN_POINT('',(3016.59279642863,-1289.979961087,651.756621623164));
#10109=CARTESIAN_POINT('',(3016.59279642863,-1294.979961087,649.756621623164));
#10110=CARTESIAN_POINT('',(3015.34279642863,-1294.979961087,649.756621623164));
#10111=CARTESIAN_POINT('',(3015.34279642863,-1296.229961087,649.756621623164));
#10112=CARTESIAN_POINT('',(3015.34279642863,-1297.479961087,649.756621623164));
#10113=CARTESIAN_POINT('',(3016.59279642863,-1297.479961087,649.756621623164));
#10114=CARTESIAN_POINT('',(3016.59279642863,-1294.979961087,651.756621623164));
#10115=CARTESIAN_POINT('',(3016.59279642863,-1294.979961087,649.756621623164));
#10116=CARTESIAN_POINT('',(3016.59279642863,-1297.479961087,651.756621623164));
#10117=CARTESIAN_POINT('',(3015.34279642863,-1297.479961087,651.756621623164));
#10118=CARTESIAN_POINT('',(3015.34279642863,-1296.229961087,651.756621623164));
#10119=CARTESIAN_POINT('',(3015.34279642863,-1294.979961087,651.756621623164));
#10120=CARTESIAN_POINT('',(3016.59279642863,-1294.979961087,651.756621623164));
#10121=CARTESIAN_POINT('',(3016.59279642863,-1297.479961087,649.756621623164));
#10122=CARTESIAN_POINT('',(3016.59279642863,-1297.479961087,651.756621623164));
#10123=CARTESIAN_POINT('',(3030.56190896834,-1297.479961087,651.756621623164));
#10124=CARTESIAN_POINT('',(3030.56190896834,-1297.479961087,649.756621623164));
#10125=CARTESIAN_POINT('',(3030.56190896834,-1297.479961087,649.756621623164));
#10126=CARTESIAN_POINT('',(3023.57735269848,-1297.479961087,649.756621623164));
#10127=CARTESIAN_POINT('',(3016.59279642863,-1297.479961087,649.756621623164));
#10128=CARTESIAN_POINT('',(3016.59279642863,-1297.479961087,651.756621623164));
#10129=CARTESIAN_POINT('',(3023.57735269848,-1297.479961087,651.756621623164));
#10130=CARTESIAN_POINT('',(3030.56190896834,-1297.479961087,651.756621623164));
#10131=CARTESIAN_POINT('',(3030.56190896834,-1297.479961087,649.756621623164));
#10132=CARTESIAN_POINT('',(3031.81190896834,-1297.479961087,649.756621623164));
#10133=CARTESIAN_POINT('',(3031.81190896834,-1296.229961087,649.756621623164));
#10134=CARTESIAN_POINT('',(3031.81190896834,-1294.979961087,649.756621623164));
#10135=CARTESIAN_POINT('',(3030.56190896834,-1294.979961087,649.756621623164));
#10136=CARTESIAN_POINT('',(3030.56190896834,-1294.979961087,651.756621623164));
#10137=CARTESIAN_POINT('',(3031.81190896834,-1294.979961087,651.756621623164));
#10138=CARTESIAN_POINT('',(3031.81190896834,-1296.229961087,651.756621623164));
#10139=CARTESIAN_POINT('',(3031.81190896834,-1297.479961087,651.756621623164));
#10140=CARTESIAN_POINT('',(3030.56190896834,-1297.479961087,651.756621623164));
#10141=CARTESIAN_POINT('',(3030.56190896834,-1294.979961087,649.756621623164));
#10142=CARTESIAN_POINT('',(3030.56190896834,-1294.979961087,651.756621623164));
#10143=CARTESIAN_POINT('',(3016.59279642863,-1294.979961087,649.756621623164));
#10144=CARTESIAN_POINT('',(3023.57735269848,-1294.979961087,649.756621623164));
#10145=CARTESIAN_POINT('',(3030.56190896834,-1294.979961087,649.756621623164));
#10146=CARTESIAN_POINT('',(3030.56190896834,-1294.979961087,651.756621623164));
#10147=CARTESIAN_POINT('',(3023.57735269848,-1294.979961087,651.756621623164));
#10148=CARTESIAN_POINT('',(3016.59279642863,-1294.979961087,651.756621623164));
#10149=CARTESIAN_POINT('',(3030.56190896834,-1272.47996108712,651.756621623164));
#10150=CARTESIAN_POINT('',(3030.56190896834,-1272.47996108712,649.756621623164));
#10151=CARTESIAN_POINT('',(3030.56190896834,-1272.47996108712,649.756621623164));
#10152=CARTESIAN_POINT('',(3023.57735269848,-1272.47996108712,649.756621623164));
#10153=CARTESIAN_POINT('',(3016.59279642863,-1272.47996108712,649.756621623164));
#10154=CARTESIAN_POINT('',(3016.59279642863,-1272.47996108712,649.756621623164));
#10155=CARTESIAN_POINT('',(3016.59279642863,-1272.47996108712,651.756621623164));
#10156=CARTESIAN_POINT('',(3016.59279642863,-1272.47996108712,651.756621623164));
#10157=CARTESIAN_POINT('',(3023.57735269848,-1272.47996108712,651.756621623164));
#10158=CARTESIAN_POINT('',(3030.56190896834,-1272.47996108712,651.756621623164));
#10159=CARTESIAN_POINT('',(3030.56190896834,-1272.47996108712,649.756621623164));
#10160=CARTESIAN_POINT('',(3031.81190896834,-1272.47996108712,649.756621623164));
#10161=CARTESIAN_POINT('',(3031.81190896834,-1271.22996108712,649.756621623164));
#10162=CARTESIAN_POINT('',(3031.81190896834,-1269.97996108712,649.756621623164));
#10163=CARTESIAN_POINT('',(3030.56190896834,-1269.97996108712,649.756621623164));
#10164=CARTESIAN_POINT('',(3030.56190896834,-1269.97996108712,651.756621623164));
#10165=CARTESIAN_POINT('',(3031.81190896834,-1269.97996108712,651.756621623164));
#10166=CARTESIAN_POINT('',(3031.81190896834,-1271.22996108712,651.756621623164));
#10167=CARTESIAN_POINT('',(3031.81190896834,-1272.47996108712,651.756621623164));
#10168=CARTESIAN_POINT('',(3030.56190896834,-1272.47996108712,651.756621623164));
#10169=CARTESIAN_POINT('',(3030.56190896834,-1269.97996108712,649.756621623164));
#10170=CARTESIAN_POINT('',(3030.56190896834,-1269.97996108712,651.756621623164));
#10171=CARTESIAN_POINT('',(3016.59279642863,-1269.97996108712,651.756621623164));
#10172=CARTESIAN_POINT('',(3016.59279642863,-1269.97996108712,649.756621623164));
#10173=CARTESIAN_POINT('',(3016.59279642863,-1269.97996108712,649.756621623164));
#10174=CARTESIAN_POINT('',(3023.57735269848,-1269.97996108712,649.756621623164));
#10175=CARTESIAN_POINT('',(3030.56190896834,-1269.97996108712,649.756621623164));
#10176=CARTESIAN_POINT('',(3030.56190896834,-1269.97996108712,651.756621623164));
#10177=CARTESIAN_POINT('',(3023.57735269848,-1269.97996108712,651.756621623164));
#10178=CARTESIAN_POINT('',(3016.59279642863,-1269.97996108712,651.756621623164));
#10179=CARTESIAN_POINT('',(3016.59279642863,-1269.97996108712,649.756621623164));
#10180=CARTESIAN_POINT('',(3015.34279642863,-1269.97996108712,649.756621623164));
#10181=CARTESIAN_POINT('',(3015.34279642863,-1271.22996108712,649.756621623164));
#10182=CARTESIAN_POINT('',(3015.34279642863,-1272.47996108712,649.756621623164));
#10183=CARTESIAN_POINT('',(3016.59279642863,-1272.47996108712,649.756621623164));
#10184=CARTESIAN_POINT('',(3016.59279642863,-1272.47996108712,651.756621623164));
#10185=CARTESIAN_POINT('',(3015.34279642863,-1272.47996108712,651.756621623164));
#10186=CARTESIAN_POINT('',(3015.34279642863,-1271.22996108712,651.756621623164));
#10187=CARTESIAN_POINT('',(3015.34279642863,-1269.97996108712,651.756621623164));
#10188=CARTESIAN_POINT('',(3016.59279642863,-1269.97996108712,651.756621623164));
#10189=CARTESIAN_POINT('',(3030.56190896834,-1302.479961087,651.756621623164));
#10190=CARTESIAN_POINT('',(3030.56190896834,-1302.479961087,649.756621623164));
#10191=CARTESIAN_POINT('',(3030.56190896834,-1302.479961087,649.756621623164));
#10192=CARTESIAN_POINT('',(3023.57735269848,-1302.479961087,649.756621623164));
#10193=CARTESIAN_POINT('',(3016.59279642863,-1302.479961087,649.756621623164));
#10194=CARTESIAN_POINT('',(3016.59279642863,-1302.479961087,649.756621623164));
#10195=CARTESIAN_POINT('',(3016.59279642863,-1302.479961087,651.756621623164));
#10196=CARTESIAN_POINT('',(3016.59279642863,-1302.479961087,651.756621623164));
#10197=CARTESIAN_POINT('',(3023.57735269848,-1302.479961087,651.756621623164));
#10198=CARTESIAN_POINT('',(3030.56190896834,-1302.479961087,651.756621623164));
#10199=CARTESIAN_POINT('',(3030.56190896834,-1302.479961087,649.756621623164));
#10200=CARTESIAN_POINT('',(3031.81190896834,-1302.479961087,649.756621623164));
#10201=CARTESIAN_POINT('',(3031.81190896834,-1301.229961087,649.756621623164));
#10202=CARTESIAN_POINT('',(3031.81190896834,-1299.979961087,649.756621623164));
#10203=CARTESIAN_POINT('',(3030.56190896834,-1299.979961087,649.756621623164));
#10204=CARTESIAN_POINT('',(3030.56190896834,-1299.979961087,651.756621623164));
#10205=CARTESIAN_POINT('',(3031.81190896834,-1299.979961087,651.756621623164));
#10206=CARTESIAN_POINT('',(3031.81190896834,-1301.229961087,651.756621623164));
#10207=CARTESIAN_POINT('',(3031.81190896834,-1302.479961087,651.756621623164));
#10208=CARTESIAN_POINT('',(3030.56190896834,-1302.479961087,651.756621623164));
#10209=CARTESIAN_POINT('',(3030.56190896834,-1299.979961087,649.756621623164));
#10210=CARTESIAN_POINT('',(3030.56190896834,-1299.979961087,651.756621623164));
#10211=CARTESIAN_POINT('',(3016.59279642863,-1299.979961087,651.756621623164));
#10212=CARTESIAN_POINT('',(3016.59279642863,-1299.979961087,649.756621623164));
#10213=CARTESIAN_POINT('',(3016.59279642863,-1299.979961087,649.756621623164));
#10214=CARTESIAN_POINT('',(3023.57735269848,-1299.979961087,649.756621623164));
#10215=CARTESIAN_POINT('',(3030.56190896834,-1299.979961087,649.756621623164));
#10216=CARTESIAN_POINT('',(3030.56190896834,-1299.979961087,651.756621623164));
#10217=CARTESIAN_POINT('',(3023.57735269848,-1299.979961087,651.756621623164));
#10218=CARTESIAN_POINT('',(3016.59279642863,-1299.979961087,651.756621623164));
#10219=CARTESIAN_POINT('',(3016.59279642863,-1299.979961087,649.756621623164));
#10220=CARTESIAN_POINT('',(3015.34279642863,-1299.979961087,649.756621623164));
#10221=CARTESIAN_POINT('',(3015.34279642863,-1301.229961087,649.756621623164));
#10222=CARTESIAN_POINT('',(3015.34279642863,-1302.479961087,649.756621623164));
#10223=CARTESIAN_POINT('',(3016.59279642863,-1302.479961087,649.756621623164));
#10224=CARTESIAN_POINT('',(3016.59279642863,-1302.479961087,651.756621623164));
#10225=CARTESIAN_POINT('',(3015.34279642863,-1302.479961087,651.756621623164));
#10226=CARTESIAN_POINT('',(3015.34279642863,-1301.229961087,651.756621623164));
#10227=CARTESIAN_POINT('',(3015.34279642863,-1299.979961087,651.756621623164));
#10228=CARTESIAN_POINT('',(3016.59279642863,-1299.979961087,651.756621623164));
#10229=CARTESIAN_POINT('',(3003.12258076534,-1282.479961087,651.756621623164));
#10230=CARTESIAN_POINT('',(3007.94510184871,-1282.479961087,651.756621623164));
#10231=CARTESIAN_POINT('',(3012.76762293208,-1282.479961087,651.756621623164));
#10232=CARTESIAN_POINT('',(3021.66476595021,-1282.479961087,651.756621623164));
#10233=CARTESIAN_POINT('',(3030.56190896834,-1282.479961087,651.756621623164));
#10234=CARTESIAN_POINT('',(3030.56190896834,-1282.479961087,651.756621623164));
#10235=CARTESIAN_POINT('',(3030.56190896834,-1282.479961087,649.756621623164));
#10236=CARTESIAN_POINT('',(3030.56190896834,-1282.479961087,649.756621623164));
#10237=CARTESIAN_POINT('',(3016.84224486684,-1282.479961087,649.756621623164));
#10238=CARTESIAN_POINT('',(3003.12258076534,-1282.479961087,649.756621623164));
#10239=CARTESIAN_POINT('',(3003.12258076534,-1282.479961087,649.756621623164));
#10240=CARTESIAN_POINT('',(3003.12258076534,-1282.479961087,651.756621623164));
#10241=CARTESIAN_POINT('',(3030.56190896834,-1282.479961087,649.756621623164));
#10242=CARTESIAN_POINT('',(3031.81190896834,-1282.479961087,649.756621623164));
#10243=CARTESIAN_POINT('',(3031.81190896834,-1281.229961087,649.756621623164));
#10244=CARTESIAN_POINT('',(3031.81190896834,-1279.979961087,649.756621623164));
#10245=CARTESIAN_POINT('',(3030.56190896834,-1279.979961087,649.756621623164));
#10246=CARTESIAN_POINT('',(3030.56190896834,-1279.979961087,651.756621623164));
#10247=CARTESIAN_POINT('',(3031.81190896834,-1279.979961087,651.756621623164));
#10248=CARTESIAN_POINT('',(3031.81190896834,-1281.229961087,651.756621623164));
#10249=CARTESIAN_POINT('',(3031.81190896834,-1282.479961087,651.756621623164));
#10250=CARTESIAN_POINT('',(3030.56190896834,-1282.479961087,651.756621623164));
#10251=CARTESIAN_POINT('',(3030.56190896834,-1279.979961087,649.756621623164));
#10252=CARTESIAN_POINT('',(3030.56190896834,-1279.979961087,651.756621623164));
#10253=CARTESIAN_POINT('',(3003.12258076534,-1279.979961087,651.756621623164));
#10254=CARTESIAN_POINT('',(3003.12258076534,-1279.979961087,649.756621623164));
#10255=CARTESIAN_POINT('',(3003.12258076534,-1279.979961087,649.756621623164));
#10256=CARTESIAN_POINT('',(3016.84224486684,-1279.979961087,649.756621623164));
#10257=CARTESIAN_POINT('',(3030.56190896834,-1279.979961087,649.756621623164));
#10258=CARTESIAN_POINT('',(3030.56190896834,-1279.979961087,651.756621623164));
#10259=CARTESIAN_POINT('',(3021.66476595021,-1279.979961087,651.756621623164));
#10260=CARTESIAN_POINT('',(3012.76762293208,-1279.979961087,651.756621623164));
#10261=CARTESIAN_POINT('',(3007.94510184871,-1279.979961087,651.756621623164));
#10262=CARTESIAN_POINT('',(3003.12258076534,-1279.979961087,651.756621623164));
#10263=CARTESIAN_POINT('',(3003.12258076534,-1279.979961087,649.756621623164));
#10264=CARTESIAN_POINT('',(3001.87258076534,-1279.979961087,649.756621623164));
#10265=CARTESIAN_POINT('',(3001.87258076534,-1281.229961087,649.756621623164));
#10266=CARTESIAN_POINT('',(3001.87258076534,-1282.479961087,649.756621623164));
#10267=CARTESIAN_POINT('',(3003.12258076534,-1282.479961087,649.756621623164));
#10268=CARTESIAN_POINT('',(3003.12258076534,-1282.479961087,651.756621623164));
#10269=CARTESIAN_POINT('',(3001.87258076534,-1282.479961087,651.756621623164));
#10270=CARTESIAN_POINT('',(3001.87258076534,-1281.229961087,651.756621623164));
#10271=CARTESIAN_POINT('',(3001.87258076534,-1279.979961087,651.756621623164));
#10272=CARTESIAN_POINT('',(3003.12258076534,-1279.979961087,651.756621623164));
#10273=CARTESIAN_POINT('',(3003.12258076534,-1277.479961087,651.756621623164));
#10274=CARTESIAN_POINT('',(3007.94510184871,-1277.479961087,651.756621623164));
#10275=CARTESIAN_POINT('',(3012.76762293208,-1277.479961087,651.756621623164));
#10276=CARTESIAN_POINT('',(3021.66476595021,-1277.479961087,651.756621623164));
#10277=CARTESIAN_POINT('',(3030.56190896834,-1277.479961087,651.756621623164));
#10278=CARTESIAN_POINT('',(3030.56190896834,-1277.479961087,651.756621623164));
#10279=CARTESIAN_POINT('',(3030.56190896834,-1277.479961087,649.756621623164));
#10280=CARTESIAN_POINT('',(3030.56190896834,-1277.479961087,649.756621623164));
#10281=CARTESIAN_POINT('',(3016.84224486684,-1277.479961087,649.756621623164));
#10282=CARTESIAN_POINT('',(3003.12258076534,-1277.479961087,649.756621623164));
#10283=CARTESIAN_POINT('',(3003.12258076534,-1277.479961087,649.756621623164));
#10284=CARTESIAN_POINT('',(3003.12258076534,-1277.479961087,651.756621623164));
#10285=CARTESIAN_POINT('',(3030.56190896834,-1277.479961087,649.756621623164));
#10286=CARTESIAN_POINT('',(3031.81190896834,-1277.479961087,649.756621623164));
#10287=CARTESIAN_POINT('',(3031.81190896834,-1276.229961087,649.756621623164));
#10288=CARTESIAN_POINT('',(3031.81190896834,-1274.979961087,649.756621623164));
#10289=CARTESIAN_POINT('',(3030.56190896834,-1274.979961087,649.756621623164));
#10290=CARTESIAN_POINT('',(3030.56190896834,-1274.979961087,651.756621623164));
#10291=CARTESIAN_POINT('',(3031.81190896834,-1274.979961087,651.756621623164));
#10292=CARTESIAN_POINT('',(3031.81190896834,-1276.229961087,651.756621623164));
#10293=CARTESIAN_POINT('',(3031.81190896834,-1277.479961087,651.756621623164));
#10294=CARTESIAN_POINT('',(3030.56190896834,-1277.479961087,651.756621623164));
#10295=CARTESIAN_POINT('',(3030.56190896834,-1274.979961087,649.756621623164));
#10296=CARTESIAN_POINT('',(3030.56190896834,-1274.979961087,651.756621623164));
#10297=CARTESIAN_POINT('',(3003.12258076534,-1274.979961087,651.756621623164));
#10298=CARTESIAN_POINT('',(3003.12258076534,-1274.979961087,649.756621623164));
#10299=CARTESIAN_POINT('',(3003.12258076534,-1274.979961087,649.756621623164));
#10300=CARTESIAN_POINT('',(3016.84224486684,-1274.979961087,649.756621623164));
#10301=CARTESIAN_POINT('',(3030.56190896834,-1274.979961087,649.756621623164));
#10302=CARTESIAN_POINT('',(3030.56190896834,-1274.979961087,651.756621623164));
#10303=CARTESIAN_POINT('',(3021.66476595021,-1274.979961087,651.756621623164));
#10304=CARTESIAN_POINT('',(3012.76762293208,-1274.979961087,651.756621623164));
#10305=CARTESIAN_POINT('',(3007.94510184871,-1274.979961087,651.756621623164));
#10306=CARTESIAN_POINT('',(3003.12258076534,-1274.979961087,651.756621623164));
#10307=CARTESIAN_POINT('',(3003.12258076534,-1274.979961087,649.756621623164));
#10308=CARTESIAN_POINT('',(3001.87258076534,-1274.979961087,649.756621623164));
#10309=CARTESIAN_POINT('',(3001.87258076534,-1276.229961087,649.756621623164));
#10310=CARTESIAN_POINT('',(3001.87258076534,-1277.479961087,649.756621623164));
#10311=CARTESIAN_POINT('',(3003.12258076534,-1277.479961087,649.756621623164));
#10312=CARTESIAN_POINT('',(3003.12258076534,-1277.479961087,651.756621623164));
#10313=CARTESIAN_POINT('',(3001.87258076534,-1277.479961087,651.756621623164));
#10314=CARTESIAN_POINT('',(3001.87258076534,-1276.229961087,651.756621623164));
#10315=CARTESIAN_POINT('',(3001.87258076534,-1274.979961087,651.756621623164));
#10316=CARTESIAN_POINT('',(3003.12258076534,-1274.979961087,651.756621623164));
#10317=CARTESIAN_POINT('',(2994.36511147654,-1256.38600364472,644.934010255762));
#10318=CARTESIAN_POINT('',(2984.4424439246,-1256.38595982897,644.934010173088));
#10319=CARTESIAN_POINT('',(2973.77746078195,-1283.97638525505,653.285719664372));
#10320=CARTESIAN_POINT('',(2973.77746078195,-1283.97638525505,651.75662162305));
#10321=CARTESIAN_POINT('',(2973.77746078195,-1283.97638525505,651.75662162305));
#10322=CARTESIAN_POINT('',(2975.44859383899,-1282.8785931525,651.756621623164));
#10323=CARTESIAN_POINT('',(2976.99241943153,-1281.41447557389,651.756621623164));
#10324=CARTESIAN_POINT('',(2978.1379196257,-1279.78196836944,651.756621623164));
#10325=CARTESIAN_POINT('',(2978.85117755885,-1278.7654703187,651.756621623164));
#10326=CARTESIAN_POINT('',(2979.39718161193,-1277.7025774626,651.756621623164));
#10327=CARTESIAN_POINT('',(2979.9483733976,-1276.59404054396,651.756621623164));
#10328=CARTESIAN_POINT('',(2979.94949468579,-1276.59178544985,651.756621623164));
#10329=CARTESIAN_POINT('',(2979.95061592719,-1276.58953031324,651.756621623164));
#10330=CARTESIAN_POINT('',(2979.9517371218,-1276.58727513415,651.756621623164));
#10331=CARTESIAN_POINT('',(2981.41962701608,-1273.63475059876,651.756621623164));
#10332=CARTESIAN_POINT('',(2982.80730887246,-1270.60940562749,651.756621623164));
#10333=CARTESIAN_POINT('',(2984.08844208196,-1267.52627238206,651.756621623164));
#10334=CARTESIAN_POINT('',(2984.08844208196,-1267.52627238206,651.756621623164));
#10335=CARTESIAN_POINT('',(2984.08844208196,-1267.52627238206,658.207157590502));
#10336=CARTESIAN_POINT('',(2984.08844208196,-1267.52627238206,658.207157590502));
#10337=CARTESIAN_POINT('',(2982.80730887246,-1270.60940562749,658.207157609493));
#10338=CARTESIAN_POINT('',(2981.41962701608,-1273.63475059876,658.20715762856));
#10339=CARTESIAN_POINT('',(2979.9517371218,-1276.58727513415,658.207157647544));
#10340=CARTESIAN_POINT('',(2979.95061592719,-1276.58953031324,658.207157647559));
#10341=CARTESIAN_POINT('',(2979.94949468579,-1276.59178544985,658.207157647573));
#10342=CARTESIAN_POINT('',(2979.9483733976,-1276.59404054396,658.207157647588));
#10343=CARTESIAN_POINT('',(2979.39718161193,-1277.7025774626,658.207157654716));
#10344=CARTESIAN_POINT('',(2978.85117755885,-1278.76547031869,658.207157661608));
#10345=CARTESIAN_POINT('',(2978.1379196257,-1279.78196836944,658.207157668831));
#10346=CARTESIAN_POINT('',(2976.94500630957,-1281.48204628543,658.207157680912));
#10347=CARTESIAN_POINT('',(2975.32011120525,-1282.99950654263,658.207157693548));
#10348=CARTESIAN_POINT('',(2973.56931729783,-1284.1108038021,658.207157704657));
#10349=CARTESIAN_POINT('',(2973.08457970075,-1284.4184856834,658.207157707732));
#10350=CARTESIAN_POINT('',(2972.57123559038,-1284.70676476308,658.20715771081));
#10351=CARTESIAN_POINT('',(2972.03753295783,-1284.9632928017,658.207157713802));
#10352=CARTESIAN_POINT('',(2972.03753295783,-1284.9632928017,658.207157713802));
#10353=CARTESIAN_POINT('',(2972.03753295783,-1284.9632928017,653.285719664372));
#10354=CARTESIAN_POINT('',(2972.03753295783,-1284.9632928017,653.285719664372));
#10355=CARTESIAN_POINT('',(2972.57123559038,-1284.70676476308,653.285719664372));
#10356=CARTESIAN_POINT('',(2973.08457970075,-1284.4184856834,653.285719664372));
#10357=CARTESIAN_POINT('',(2973.56931729783,-1284.1108038021,653.285719664372));
#10358=CARTESIAN_POINT('',(2973.6389037497,-1284.06663456383,653.285719664372));
#10359=CARTESIAN_POINT('',(2973.70829131708,-1284.02182370291,653.285719664372));
#10360=CARTESIAN_POINT('',(2973.77746078195,-1283.97638525505,653.285719664372));
#10361=CARTESIAN_POINT('',(2984.44243949132,-1262.91772599721,651.756621623164));
#10362=CARTESIAN_POINT('',(2984.44243949132,-1262.91772599721,658.207157590502));
#10363=CARTESIAN_POINT('',(2984.44243949132,-1262.91772599721,658.207157590502));
#10364=CARTESIAN_POINT('',(2984.32444035487,-1264.45390812549,658.207157590502));
#10365=CARTESIAN_POINT('',(2984.20644121841,-1265.99009025378,658.207157590502));
#10366=CARTESIAN_POINT('',(2984.08844208196,-1267.52627238206,658.207157590502));
#10367=CARTESIAN_POINT('',(2984.08844208196,-1267.52627238206,651.756621623164));
#10368=CARTESIAN_POINT('',(2984.20644121841,-1265.99009025378,651.756621623164));
#10369=CARTESIAN_POINT('',(2984.32444035487,-1264.45390812549,651.756621623164));
#10370=CARTESIAN_POINT('',(2984.44243949132,-1262.91772599721,651.756621623164));
#10371=CARTESIAN_POINT('',(2984.4424439246,-1256.38595982897,651.756621623125));
#10372=CARTESIAN_POINT('',(2984.4424439246,-1256.38595982897,658.207157590502));
#10373=CARTESIAN_POINT('',(2984.4424439246,-1256.38595982897,658.207157590502));
#10374=CARTESIAN_POINT('',(2984.44243949132,-1262.91772599721,658.207157590502));
#10375=CARTESIAN_POINT('',(2984.44243949132,-1262.91772599721,651.756621623164));
#10376=CARTESIAN_POINT('',(2984.44244096908,-1260.74047060779,651.756621623167));
#10377=CARTESIAN_POINT('',(2984.44244244683,-1258.56321521838,651.756621623169));
#10378=CARTESIAN_POINT('',(2984.4424439246,-1256.38595982897,651.756621623125));
#10379=CARTESIAN_POINT('',(2975.58576103227,-1256.38600364472,646.122987835929));
#10380=CARTESIAN_POINT('',(2975.58576103227,-1256.38600364472,658.207157590502));
#10381=CARTESIAN_POINT('',(2975.58576103227,-1256.38600364472,658.207157590502));
#10382=CARTESIAN_POINT('',(2978.53798866304,-1256.38598903947,658.207157590502));
#10383=CARTESIAN_POINT('',(2981.49021629382,-1256.38597443422,658.207157590502));
#10384=CARTESIAN_POINT('',(2984.4424439246,-1256.38595982897,658.207157590502));
#10385=CARTESIAN_POINT('',(2984.4424439246,-1256.38595982897,644.934010173088));
#10386=CARTESIAN_POINT('',(2984.4424439246,-1256.38595982897,651.756621623125));
#10387=CARTESIAN_POINT('',(2984.4424439246,-1256.38595982897,644.934010173088));
#10388=CARTESIAN_POINT('',(2979.9483733976,-1256.38598206202,644.934010131138));
#10389=CARTESIAN_POINT('',(2979.9483733976,-1256.38598206202,644.934010131138));
#10390=CARTESIAN_POINT('',(2979.9483733976,-1256.38598206202,646.122987835929));
#10391=CARTESIAN_POINT('',(2979.9483733976,-1256.38598206202,646.122987835929));
#10392=CARTESIAN_POINT('',(2978.49416927582,-1256.38598925625,646.122987835929));
#10393=CARTESIAN_POINT('',(2977.03996515404,-1256.38599645049,646.122987835929));
#10394=CARTESIAN_POINT('',(2975.58576103227,-1256.38600364472,646.122987835929));
#10395=CARTESIAN_POINT('',(2967.47783270149,-1260.42911077148,665.290740478752));
#10396=CARTESIAN_POINT('',(2975.38317855956,-1260.42911077148,672.71412471715));
#10397=CARTESIAN_POINT('',(2975.38317855956,-1260.42911077148,672.71412471715));
#10398=CARTESIAN_POINT('',(2976.8198241244,-1260.42911077148,672.714124717139));
#10399=CARTESIAN_POINT('',(2976.8198241244,-1260.42911077148,672.714124717139));
#10400=CARTESIAN_POINT('',(2976.8198241244,-1260.42911077148,662.436038233331));
#10401=CARTESIAN_POINT('',(2976.8198241244,-1260.42911077148,662.436038233331));
#10402=CARTESIAN_POINT('',(2967.47783270149,-1260.42911077148,662.436038233331));
#10403=CARTESIAN_POINT('',(2967.47783270149,-1260.42911077148,672.71412471715));
#10404=CARTESIAN_POINT('',(2975.38317855956,-1260.42911077148,672.71412471715));
#10405=CARTESIAN_POINT('',(2976.8198241244,-1259.17484288487,672.714124717139));
#10406=CARTESIAN_POINT('',(2975.58576103227,-1257.92057499825,672.714124717139));
#10407=CARTESIAN_POINT('',(2975.58576103227,-1257.92057499825,672.714124717139));
#10408=CARTESIAN_POINT('',(2975.58576103227,-1257.92057499825,662.436038233331));
#10409=CARTESIAN_POINT('',(2975.58576103227,-1257.92057499825,662.436038233331));
#10410=CARTESIAN_POINT('',(2976.8198241244,-1259.17484288487,662.436038233331));
#10411=CARTESIAN_POINT('',(2976.8198241244,-1259.17484288487,662.436038233331));
#10412=CARTESIAN_POINT('',(2976.8198241244,-1259.17484288487,672.714124717139));
#10413=CARTESIAN_POINT('',(2976.8198241244,-1260.42911077148,672.714124717139));
#10414=CARTESIAN_POINT('',(2976.8198241244,-1259.17484288487,672.714124717139));
#10415=CARTESIAN_POINT('',(2976.8198241244,-1259.17484288487,662.436038233331));
#10416=CARTESIAN_POINT('',(2976.8198241244,-1260.42911077148,662.436038233331));
#10417=CARTESIAN_POINT('',(2975.58576103227,-1256.38600364472,662.436038233331));
#10418=CARTESIAN_POINT('',(2975.58576103227,-1257.92057499825,662.436038233331));
#10419=CARTESIAN_POINT('',(2975.58576103227,-1257.92057499825,672.714124717139));
#10420=CARTESIAN_POINT('',(2975.58576103227,-1256.38600364472,672.714124717064));
#10421=CARTESIAN_POINT('',(2975.58576103227,-1256.38600364472,672.714124717064));
#10422=CARTESIAN_POINT('',(2975.58576103227,-1256.38600364472,662.436038233331));
#10423=CARTESIAN_POINT('',(2975.58576103227,-1256.38600364472,702.06541012504));
#10424=CARTESIAN_POINT('',(2975.58576103227,-1256.38600364472,672.714124717064));
#10425=CARTESIAN_POINT('',(2975.58576103227,-1257.92057499825,672.714124717139));
#10426=CARTESIAN_POINT('',(2975.58576103227,-1257.92057499825,702.06541012504));
#10427=CARTESIAN_POINT('',(2975.58576103227,-1257.92057499825,702.06541012504));
#10428=CARTESIAN_POINT('',(2975.58576103227,-1256.38600364472,702.06541012504));
#10429=CARTESIAN_POINT('',(2976.8198241244,-1259.17484288487,672.714124717139));
#10430=CARTESIAN_POINT('',(2976.8198241244,-1259.17484288487,702.06541012504));
#10431=CARTESIAN_POINT('',(2976.8198241244,-1259.17484288487,702.06541012504));
#10432=CARTESIAN_POINT('',(2975.58576103227,-1257.92057499825,702.06541012504));
#10433=CARTESIAN_POINT('',(2976.8198241244,-1260.42911077148,672.714124717139));
#10434=CARTESIAN_POINT('',(2976.8198241244,-1260.42911077148,702.06541012504));
#10435=CARTESIAN_POINT('',(2976.8198241244,-1260.42911077148,702.06541012504));
#10436=CARTESIAN_POINT('',(2976.8198241244,-1259.17484288487,702.06541012504));
#10437=CARTESIAN_POINT('',(2967.47783270149,-1260.42911077148,702.06541012504));
#10438=CARTESIAN_POINT('',(2976.8198241244,-1260.42911077148,702.06541012504));
#10439=CARTESIAN_POINT('',(2967.47783270149,-1262.91772599721,702.065410125284));
#10440=CARTESIAN_POINT('',(2984.44244392456,-1262.91772599721,702.065410125517));
#10441=CARTESIAN_POINT('',(2984.44244392456,-1262.91772599721,702.065410125517));
#10442=CARTESIAN_POINT('',(2984.08844761319,-1267.52625907142,702.065410125611));
#10443=CARTESIAN_POINT('',(2984.08844761319,-1267.52625907142,702.065410125611));
#10444=CARTESIAN_POINT('',(2984.08844761319,-1267.52625907142,672.714124717617));
#10445=CARTESIAN_POINT('',(2984.08844761319,-1267.52625907142,672.714124717617));
#10446=CARTESIAN_POINT('',(2984.44244293561,-1262.91772599721,672.714124717523));
#10447=CARTESIAN_POINT('',(2984.44244293561,-1262.91772599721,672.714124717523));
#10448=CARTESIAN_POINT('',(2984.44244392456,-1262.91772599721,702.065410125517));
#10449=CARTESIAN_POINT('',(2976.80492382916,-1269.92136713005,663.19520795248));
#10450=CARTESIAN_POINT('',(2976.80492382916,-1269.92136713005,661.95190659275));
#10451=CARTESIAN_POINT('',(2978.70697224611,-1269.48973079844,663.19520795256));
#10452=CARTESIAN_POINT('',(2978.70697342676,-1270.28822555902,663.195207952553));
#10453=CARTESIAN_POINT('',(2977.92827771259,-1270.46493681332,663.19520795252));
#10454=CARTESIAN_POINT('',(2977.14958199842,-1270.64164806762,663.195207952487));
#10455=CARTESIAN_POINT('',(2976.80492382916,-1269.92136713005,663.19520795248));
#10456=CARTESIAN_POINT('',(2978.70697224611,-1269.48973079844,661.92166727961));
#10457=CARTESIAN_POINT('',(2978.70697224611,-1269.48973079844,663.19520795256));
#10458=CARTESIAN_POINT('',(2976.70697224986,-1269.48973375564,661.92166727961));
#10459=CARTESIAN_POINT('',(2976.70697372847,-1270.48973375376,661.92166727961));
#10460=CARTESIAN_POINT('',(2977.70697372658,-1270.48973227516,661.92166727961));
#10461=CARTESIAN_POINT('',(2978.70697372471,-1270.48973079656,661.92166727961));
#10462=CARTESIAN_POINT('',(2978.70697224611,-1269.48973079844,661.92166727961));
#10463=CARTESIAN_POINT('',(2976.70697224986,-1269.48973375564,661.95190659275));
#10464=CARTESIAN_POINT('',(2976.70697224986,-1269.48973375564,661.92166727961));
#10465=CARTESIAN_POINT('',(2976.80492382916,-1269.92136713005,661.95190659275));
#10466=CARTESIAN_POINT('',(2976.70697258541,-1269.71666455811,661.951906592749));
#10467=CARTESIAN_POINT('',(2976.70697224986,-1269.48973375564,661.95190659275));
#10468=CARTESIAN_POINT('',(2976.70697787143,-1273.29168120069,697.507091191099));
#10469=CARTESIAN_POINT('',(2976.70697639283,-1272.29168120256,697.507091191099));
#10470=CARTESIAN_POINT('',(2977.70697639095,-1272.29167972396,697.507091191099));
#10471=CARTESIAN_POINT('',(2978.70697638908,-1272.29167824536,697.507091191099));
#10472=CARTESIAN_POINT('',(2978.70697786768,-1273.29167824349,697.507091191099));
#10473=CARTESIAN_POINT('',(2978.70697786768,-1273.29167824349,697.507091191099));
#10474=CARTESIAN_POINT('',(2978.70697934628,-1274.29167824161,697.507091191099));
#10475=CARTESIAN_POINT('',(2977.70697934816,-1274.29167972021,697.507091191099));
#10476=CARTESIAN_POINT('',(2976.70697935003,-1274.29168119881,697.507091191099));
#10477=CARTESIAN_POINT('',(2976.70697787143,-1273.29168120069,697.507091191099));
#10478=CARTESIAN_POINT('',(2976.70697787143,-1273.29168120069,696.25717872399));
#10479=CARTESIAN_POINT('',(2976.70697787143,-1273.29168120069,697.507091191099));
#10480=CARTESIAN_POINT('',(2972.03753295783,-1284.9632928017,661.95190659275));
#10481=CARTESIAN_POINT('',(2967.47783270149,-1284.96329536514,661.951906592749));
#10482=CARTESIAN_POINT('',(2967.47783270149,-1284.96329536514,658.207158044584));
#10483=CARTESIAN_POINT('',(2968.64449936815,-1284.96329470925,658.207157959949));
#10484=CARTESIAN_POINT('',(2969.81116603482,-1284.96329405335,658.207157875313));
#10485=CARTESIAN_POINT('',(2970.97783270149,-1284.96329339746,658.207157790678));
#10486=CARTESIAN_POINT('',(2972.03753295783,-1284.9632928017,658.207157713802));
#10487=CARTESIAN_POINT('',(2972.03753295783,-1284.9632928017,661.95190659275));
#10488=CARTESIAN_POINT('',(2976.80492382916,-1269.05809742403,663.19520795248));
#10489=CARTESIAN_POINT('',(2977.14958147585,-1268.33781757854,663.195207952487));
#10490=CARTESIAN_POINT('',(2977.92827627065,-1268.51452741354,663.19520795252));
#10491=CARTESIAN_POINT('',(2978.70697106545,-1268.69123724854,663.195207952553));
#10492=CARTESIAN_POINT('',(2978.70697224611,-1269.48973079844,663.19520795256));
#10493=CARTESIAN_POINT('',(2976.80492382916,-1269.05809742403,661.95190659275));
#10494=CARTESIAN_POINT('',(2976.80492382916,-1269.05809742403,663.19520795248));
#10495=CARTESIAN_POINT('',(2976.70697224986,-1269.48973375564,661.95190659275));
#10496=CARTESIAN_POINT('',(2976.70697191432,-1269.26280139842,661.951906592749));
#10497=CARTESIAN_POINT('',(2976.80492382916,-1269.05809742403,661.95190659275));
#10498=CARTESIAN_POINT('',(2978.70697224611,-1269.48973079844,661.92166727961));
#10499=CARTESIAN_POINT('',(2978.70697076751,-1268.48973080031,661.921667279609));
#10500=CARTESIAN_POINT('',(2977.70697076938,-1268.48973227891,661.921667279609));
#10501=CARTESIAN_POINT('',(2976.70697077126,-1268.48973375751,661.921667279609));
#10502=CARTESIAN_POINT('',(2976.70697224986,-1269.48973375564,661.92166727961));
#10503=CARTESIAN_POINT('',(2978.70697786768,-1273.29167824349,697.507091191099));
#10504=CARTESIAN_POINT('',(2978.70697786768,-1273.29167824349,696.25717872404));
#10505=CARTESIAN_POINT('',(2967.47783270149,-1267.08760136407,697.64906136257));
#10506=CARTESIAN_POINT('',(2975.01143708696,-1267.08760136407,697.64906136257));
#10507=CARTESIAN_POINT('',(2975.01143708696,-1267.08760136407,697.64906136257));
#10508=CARTESIAN_POINT('',(2975.01143708696,-1283.08058205943,697.64906136257));
#10509=CARTESIAN_POINT('',(2975.01143708696,-1267.08760136407,697.64906136257));
#10510=CARTESIAN_POINT('',(2975.01143708696,-1267.08760136407,696.25717872394));
#10511=CARTESIAN_POINT('',(2975.01143708696,-1267.08760136407,696.25717872394));
#10512=CARTESIAN_POINT('',(2975.01143708696,-1283.08058205943,696.25717872394));
#10513=CARTESIAN_POINT('',(2975.01143708696,-1283.08058205943,696.25717872394));
#10514=CARTESIAN_POINT('',(2975.01143708696,-1283.08058205943,697.64906136257));
#10515=CARTESIAN_POINT('',(2975.01143708696,-1267.08760136407,696.25717872394));
#10516=CARTESIAN_POINT('',(2979.96143708709,-1267.08760136407,696.25717872407));
#10517=CARTESIAN_POINT('',(2979.96143708709,-1267.08760136407,696.25717872407));
#10518=CARTESIAN_POINT('',(2979.96143708709,-1276.56776114314,696.25717872407));
#10519=CARTESIAN_POINT('',(2976.70697787143,-1273.29168120069,696.25717872399));
#10520=CARTESIAN_POINT('',(2976.70697934929,-1274.29168119955,696.257178723985));
#10521=CARTESIAN_POINT('',(2977.70697934816,-1274.29167972095,696.25717872401));
#10522=CARTESIAN_POINT('',(2978.70697934701,-1274.29167824235,696.257178724035));
#10523=CARTESIAN_POINT('',(2978.70697786768,-1273.29167824349,696.25717872404));
#10524=CARTESIAN_POINT('',(2978.70697786768,-1273.29167824349,696.25717872404));
#10525=CARTESIAN_POINT('',(2978.70697638982,-1272.29167824463,696.257178724035));
#10526=CARTESIAN_POINT('',(2977.70697639096,-1272.29167972323,696.25717872401));
#10527=CARTESIAN_POINT('',(2976.70697639209,-1272.29168120183,696.257178723985));
#10528=CARTESIAN_POINT('',(2976.70697787143,-1273.29168120069,696.25717872399));
#10529=CARTESIAN_POINT('',(2979.96143700023,-1276.56776131791,663.19520795261));
#10530=CARTESIAN_POINT('',(2979.96143700023,-1267.08760136407,663.19520795261));
#10531=CARTESIAN_POINT('',(2979.96143700023,-1267.08760136407,663.19520795261));
#10532=CARTESIAN_POINT('',(2976.80492382916,-1267.08760136407,663.19520795248));
#10533=CARTESIAN_POINT('',(2976.80492382916,-1267.08760136407,663.19520795248));
#10534=CARTESIAN_POINT('',(2976.80492382916,-1269.05809742403,663.19520795248));
#10535=CARTESIAN_POINT('',(2976.80492382916,-1269.92136713005,663.19520795248));
#10536=CARTESIAN_POINT('',(2976.80492382916,-1281.42075022121,663.19520795248));
#10537=CARTESIAN_POINT('',(2976.80492382916,-1269.92136713005,661.95190659275));
#10538=CARTESIAN_POINT('',(2976.80492382916,-1281.42075022121,661.95190659275));
#10539=CARTESIAN_POINT('',(2976.80492382916,-1281.42075022121,661.95190659275));
#10540=CARTESIAN_POINT('',(2976.80492382916,-1281.42075022121,663.19520795248));
#10541=CARTESIAN_POINT('',(2976.80492382916,-1267.08760136407,663.19520795248));
#10542=CARTESIAN_POINT('',(2976.80492382916,-1267.08760136407,661.95190659275));
#10543=CARTESIAN_POINT('',(2976.80492382916,-1267.08760136407,661.95190659275));
#10544=CARTESIAN_POINT('',(2976.80492382916,-1269.05809742403,661.95190659275));
#10545=CARTESIAN_POINT('',(2976.80492382916,-1267.08760136407,661.95190659275));
#10546=CARTESIAN_POINT('',(2967.47783270149,-1267.08760136407,661.95190659275));
#10547=CARTESIAN_POINT('',(2975.70724134603,-1273.2916826789,702.065410125988));
#10548=CARTESIAN_POINT('',(2975.70723838882,-1271.29168268265,702.065410125987));
#10549=CARTESIAN_POINT('',(2977.70723838508,-1271.29167972545,702.065410125987));
#10550=CARTESIAN_POINT('',(2979.70723838132,-1271.29167676825,702.065410125987));
#10551=CARTESIAN_POINT('',(2979.70724133852,-1273.2916767645,702.065410125988));
#10552=CARTESIAN_POINT('',(2975.70724134603,-1273.2916826789,697.507091191099));
#10553=CARTESIAN_POINT('',(2975.70724134603,-1273.2916826789,702.065410125988));
#10554=CARTESIAN_POINT('',(2979.70724133852,-1273.2916767645,697.507091191099));
#10555=CARTESIAN_POINT('',(2979.70723838132,-1271.29167676825,697.507091191099));
#10556=CARTESIAN_POINT('',(2977.70723838507,-1271.29167972545,697.507091191099));
#10557=CARTESIAN_POINT('',(2975.70723838882,-1271.29168268265,697.507091191099));
#10558=CARTESIAN_POINT('',(2975.70724134603,-1273.2916826789,697.507091191099));
#10559=CARTESIAN_POINT('',(2979.70724133852,-1273.2916767645,702.065410125988));
#10560=CARTESIAN_POINT('',(2979.70724133852,-1273.2916767645,697.507091191099));
#10561=CARTESIAN_POINT('',(2979.70724133852,-1273.2916767645,702.065410125988));
#10562=CARTESIAN_POINT('',(2979.70724429573,-1275.29167676075,702.065410125989));
#10563=CARTESIAN_POINT('',(2977.70724429947,-1275.29167971795,702.065410125989));
#10564=CARTESIAN_POINT('',(2975.70724430322,-1275.29168267515,702.065410125989));
#10565=CARTESIAN_POINT('',(2975.70724134603,-1273.2916826789,702.065410125988));
#10566=CARTESIAN_POINT('',(2975.70724134603,-1273.2916826789,697.507091191099));
#10567=CARTESIAN_POINT('',(2975.70724430322,-1275.29168267515,697.507091191099));
#10568=CARTESIAN_POINT('',(2977.70724429947,-1275.29167971795,697.507091191099));
#10569=CARTESIAN_POINT('',(2979.70724429572,-1275.29167676075,697.507091191099));
#10570=CARTESIAN_POINT('',(2979.70724133852,-1273.2916767645,697.507091191099));
#10571=CARTESIAN_POINT('',(2979.96143700023,-1267.08760136407,663.19520795261));
#10572=CARTESIAN_POINT('',(2979.96143703209,-1267.08760136407,675.32420362685));
#10573=CARTESIAN_POINT('',(2979.96143706303,-1267.08760136407,687.10045017015));
#10574=CARTESIAN_POINT('',(2979.96143708709,-1267.08760136407,696.25717872407));
#10575=CARTESIAN_POINT('',(2979.96143700023,-1276.56776131791,663.19520795261));
#10576=CARTESIAN_POINT('',(2979.96143702918,-1276.56776125965,674.21586487643));
#10577=CARTESIAN_POINT('',(2979.96143705813,-1276.5677612014,685.23652180025));
#10578=CARTESIAN_POINT('',(2979.96143708709,-1276.56776114314,696.25717872407));
#10579=CARTESIAN_POINT('',(2967.47783270149,-1286.09187739669,702.065410125988));
#10580=CARTESIAN_POINT('',(2967.51705715778,-1286.09187736267,702.065410125989));
#10581=CARTESIAN_POINT('',(2967.55628161407,-1286.09187732865,702.065410125989));
#10582=CARTESIAN_POINT('',(2967.59550607036,-1286.09187729462,702.065410125988));
#10583=CARTESIAN_POINT('',(2971.44436250848,-1286.06328832123,702.065410125988));
#10584=CARTESIAN_POINT('',(2975.73216712411,-1283.21052151238,702.065410125988));
#10585=CARTESIAN_POINT('',(2978.1379196257,-1279.78196836944,702.065410125988));
#10586=CARTESIAN_POINT('',(2978.85717447722,-1278.75692382303,702.065410125989));
#10587=CARTESIAN_POINT('',(2979.40820246334,-1277.68041272616,702.065410125989));
#10588=CARTESIAN_POINT('',(2979.9483733976,-1276.59404054396,702.065410125989));
#10589=CARTESIAN_POINT('',(2981.41750920532,-1273.63936791695,702.065410125989));
#10590=CARTESIAN_POINT('',(2982.80633431942,-1270.61175185996,702.065410125989));
#10591=CARTESIAN_POINT('',(2984.08844761319,-1267.52625907142,702.065410125611));
#10592=CARTESIAN_POINT('',(2975.58576103227,-1256.38600364472,658.207157590502));
#10593=CARTESIAN_POINT('',(2975.58576103227,-1256.38600364472,662.410216936054));
#10594=CARTESIAN_POINT('',(2975.58576103227,-1256.38600364472,662.410216936054));
#10595=CARTESIAN_POINT('',(2975.58576103227,-1256.38600364472,662.436038233331));
#10596=CARTESIAN_POINT('',(2984.44244392456,-1256.38600364472,702.06541012504));
#10597=CARTESIAN_POINT('',(2983.36101508277,-1256.38600364472,702.06541012504));
#10598=CARTESIAN_POINT('',(2975.58576103227,-1256.38600364472,702.06541012504));
#10599=CARTESIAN_POINT('',(2984.44244392456,-1256.38600364472,702.06541012504));
#10600=CARTESIAN_POINT('',(2984.4424439246,-1256.38595982897,658.207157590502));
#10601=CARTESIAN_POINT('',(2984.44244392456,-1262.91772599721,702.065410125517));
#10602=CARTESIAN_POINT('',(2984.44244392456,-1256.38600364472,702.06541012504));
#10603=CARTESIAN_POINT('',(2984.44243949132,-1262.91772599721,658.207157590502));
#10604=CARTESIAN_POINT('',(2984.44244293561,-1262.91772599721,672.714124717523));
#10605=CARTESIAN_POINT('',(2975.70723572447,-1269.48973523385,661.92166727961));
#10606=CARTESIAN_POINT('',(2975.70723572447,-1269.48973523385,658.937927260146));
#10607=CARTESIAN_POINT('',(2979.70723571696,-1269.48972931945,661.92166727961));
#10608=CARTESIAN_POINT('',(2979.70723867417,-1271.4897293157,661.92166727961));
#10609=CARTESIAN_POINT('',(2977.70723867792,-1271.4897322729,661.92166727961));
#10610=CARTESIAN_POINT('',(2975.70723868167,-1271.4897352301,661.92166727961));
#10611=CARTESIAN_POINT('',(2975.70723572447,-1269.48973523385,661.92166727961));
#10612=CARTESIAN_POINT('',(2979.70723571696,-1269.48972931945,658.937927260146));
#10613=CARTESIAN_POINT('',(2979.70723571696,-1269.48972931945,661.92166727961));
#10614=CARTESIAN_POINT('',(2975.70723572447,-1269.48973523385,658.937927260146));
#10615=CARTESIAN_POINT('',(2975.70723868167,-1271.4897352301,658.937927260146));
#10616=CARTESIAN_POINT('',(2977.70723867792,-1271.4897322729,658.937927260146));
#10617=CARTESIAN_POINT('',(2979.70723867417,-1271.4897293157,658.937927260146));
#10618=CARTESIAN_POINT('',(2979.70723571696,-1269.48972931945,658.937927260146));
#10619=CARTESIAN_POINT('',(2975.70723572447,-1269.48973523385,661.92166727961));
#10620=CARTESIAN_POINT('',(2975.70723276727,-1267.4897352376,661.92166727961));
#10621=CARTESIAN_POINT('',(2977.70723276352,-1267.4897322804,661.92166727961));
#10622=CARTESIAN_POINT('',(2979.70723275976,-1267.4897293232,661.92166727961));
#10623=CARTESIAN_POINT('',(2979.70723571696,-1269.48972931945,661.92166727961));
#10624=CARTESIAN_POINT('',(2979.70723571696,-1269.48972931945,658.937927260146));
#10625=CARTESIAN_POINT('',(2979.70723275976,-1267.4897293232,658.937927260146));
#10626=CARTESIAN_POINT('',(2977.70723276352,-1267.4897322804,658.937927260146));
#10627=CARTESIAN_POINT('',(2975.70723276727,-1267.4897352376,658.937927260146));
#10628=CARTESIAN_POINT('',(2975.70723572447,-1269.48973523385,658.937927260146));
#10629=CARTESIAN_POINT('',(2973.6415103053,-1269.48973227665,646.122987835929));
#10630=CARTESIAN_POINT('',(2973.64151030531,-1269.48973227665,658.937927260146));
#10631=CARTESIAN_POINT('',(2979.9483733976,-1266.09747269538,646.122987835929));
#10632=CARTESIAN_POINT('',(2977.92113747942,-1264.75815455439,646.122987835929));
#10633=CARTESIAN_POINT('',(2975.78132389236,-1265.90909172182,646.122987835929));
#10634=CARTESIAN_POINT('',(2973.6415103053,-1267.06002888925,646.122987835929));
#10635=CARTESIAN_POINT('',(2973.6415103053,-1269.48973227665,646.122987835929));
#10636=CARTESIAN_POINT('',(2979.9483733976,-1266.09747269538,644.934097609863));
#10637=CARTESIAN_POINT('',(2979.9483733976,-1266.09747269538,646.122987835929));
#10638=CARTESIAN_POINT('',(2981.77296113612,-1269.48973227665,644.934097609862));
#10639=CARTESIAN_POINT('',(2981.77296113612,-1267.30290884424,644.934097609863));
#10640=CARTESIAN_POINT('',(2979.9483733976,-1266.09747269538,644.934097609863));
#10641=CARTESIAN_POINT('',(2981.77296113612,-1269.48973227665,658.937927260146));
#10642=CARTESIAN_POINT('',(2981.77296113612,-1269.48973227665,644.934097609862));
#10643=CARTESIAN_POINT('',(2973.64151030531,-1269.48973227665,658.937927260146));
#10644=CARTESIAN_POINT('',(2973.6415103053,-1265.42400686124,658.937927260146));
#10645=CARTESIAN_POINT('',(2977.70723572072,-1265.42400686124,658.937927260146));
#10646=CARTESIAN_POINT('',(2981.77296113613,-1265.42400686124,658.937927260146));
#10647=CARTESIAN_POINT('',(2981.77296113612,-1269.48973227665,658.937927260146));
#10648=CARTESIAN_POINT('',(2976.8198241244,-1260.42911077148,662.436038233331));
#10649=CARTESIAN_POINT('',(2976.8198241244,-1260.42911077148,661.251390406285));
#10650=CARTESIAN_POINT('',(2976.8198241244,-1259.17484288487,661.251390406286));
#10651=CARTESIAN_POINT('',(2976.8198241244,-1259.17484288487,662.436038233331));
#10652=CARTESIAN_POINT('',(2975.58576103227,-1257.92057499825,662.436038233331));
#10653=CARTESIAN_POINT('',(2975.58576103227,-1257.92057499825,662.410216936054));
#10654=CARTESIAN_POINT('',(3036.76762293208,-1303.70932846348,647.756621623164));
#10655=CARTESIAN_POINT('',(3036.76762293208,-1266.15031773396,647.756621623164));
#10656=CARTESIAN_POINT('',(3033.95138608761,-1262.32949258857,651.577446768548));
#10657=CARTESIAN_POINT('',(3034.19911696221,-1262.40624425103,651.500695106097));
#10658=CARTESIAN_POINT('',(3034.43182350571,-1262.5047371603,651.402202196827));
#10659=CARTESIAN_POINT('',(3034.86330983254,-1262.7345070649,651.172432292227));
#10660=CARTESIAN_POINT('',(3035.06147853874,-1262.86537413308,651.04156522404));
#10661=CARTESIAN_POINT('',(3035.60061083487,-1263.28976332219,650.617176034928));
#10662=CARTESIAN_POINT('',(3035.89064495784,-1263.61742736866,650.289511988461));
#10663=CARTESIAN_POINT('',(3036.33811586934,-1264.30178438366,649.605154973467));
#10664=CARTESIAN_POINT('',(3036.50083808644,-1264.66394192521,649.24299743191));
#10665=CARTESIAN_POINT('',(3036.71488890441,-1265.39834376912,648.508595588007));
#10666=CARTESIAN_POINT('',(3036.76762293208,-1265.77537153252,648.131567824602));
#10667=CARTESIAN_POINT('',(3036.76762293208,-1266.15031773396,647.756621623164));
#10668=CARTESIAN_POINT('',(3032.76762293208,-1261.96274060305,651.756621623164));
#10669=CARTESIAN_POINT('',(3032.76762293208,-1303.70932846348,651.756621623164));
#10670=CARTESIAN_POINT('',(3032.76762293208,-1303.70932846348,651.756621623164));
#10671=CARTESIAN_POINT('',(3036.7676229321,-1303.70932846347,651.756621623185));
#10672=CARTESIAN_POINT('',(3036.76762293208,-1303.70932846348,647.756621623164));
#10673=CARTESIAN_POINT('',(3036.76762293208,-1303.70932846348,644.934010255762));
#10674=CARTESIAN_POINT('',(3036.76762293208,-1266.15031773396,644.934614003813));
#10675=CARTESIAN_POINT('',(3036.76762293208,-1303.70932846348,647.756621623164));
#10676=CARTESIAN_POINT('',(3036.76762293208,-1303.70932846348,644.934010255762));
#10677=CARTESIAN_POINT('',(2981.77296113612,-1283.97638525505,651.756621623164));
#10678=CARTESIAN_POINT('',(2981.77296113612,-1333.95348334545,651.756621623164));
#10679=CARTESIAN_POINT('',(2981.77296113612,-1333.95348334545,651.756621623164));
#10680=CARTESIAN_POINT('',(2988.03655138981,-1333.95348334545,651.756621623164));
#10681=CARTESIAN_POINT('',(2988.03655138981,-1333.95348334545,651.756621623164));
#10682=CARTESIAN_POINT('',(3014.07949201486,-1333.95348334545,651.756621623164));
#10683=CARTESIAN_POINT('',(3014.07949201486,-1333.95348334545,651.756621623164));
#10684=CARTESIAN_POINT('',(3014.07949201486,-1323.70932846336,651.756621623164));
#10685=CARTESIAN_POINT('',(3014.07949201486,-1323.70932846336,651.756621623164));
#10686=CARTESIAN_POINT('',(3014.07949201486,-1303.70932846348,651.756621623164));
#10687=CARTESIAN_POINT('',(3014.07949201486,-1303.70932846348,651.756621623164));
#10688=CARTESIAN_POINT('',(3032.76762293208,-1303.70932846348,651.756621623164));
#10689=CARTESIAN_POINT('',(2984.4424439246,-1256.38595982897,651.756621623125));
#10690=CARTESIAN_POINT('',(2986.24144865931,-1256.38596777287,651.756621623125));
#10691=CARTESIAN_POINT('',(2989.47275354385,-1256.38598204142,651.756621623125));
#10692=CARTESIAN_POINT('',(2994.36511147654,-1256.38600364472,651.756621623132));
#10693=CARTESIAN_POINT('',(2973.77746078195,-1283.97638525505,651.75662162305));
#10694=CARTESIAN_POINT('',(2979.9483733976,-1283.97638525505,651.75662162305));
#10695=CARTESIAN_POINT('',(2981.77296113612,-1283.97638525505,651.756621623164));
#10696=CARTESIAN_POINT('',(3002.72376605281,-1327.36225406052,651.756621623164));
#10697=CARTESIAN_POINT('',(3002.72376605281,-1331.41532434963,651.756621623164));
#10698=CARTESIAN_POINT('',(3006.7132981111,-1332.13017588969,651.756621623164));
#10699=CARTESIAN_POINT('',(3008.94578918197,-1332.53019766088,651.756621623165));
#10700=CARTESIAN_POINT('',(3010.68264366633,-1331.07164690788,651.756621623164));
#10701=CARTESIAN_POINT('',(3012.41173047694,-1329.61961918054,651.756621623164));
#10702=CARTESIAN_POINT('',(3012.41147981185,-1327.36225406052,651.756621623164));
#10703=CARTESIAN_POINT('',(3014.07949201486,-1323.70932846336,651.756621623164));
#10704=CARTESIAN_POINT('',(3032.76762293208,-1323.70932846336,651.756621623164));
#10705=CARTESIAN_POINT('',(3036.76762293208,-1323.70932846336,644.934010255762));
#10706=CARTESIAN_POINT('',(3036.76762293208,-1303.70932846348,644.934010255762));
#10707=CARTESIAN_POINT('',(3003.0716407339,-1358.36225406267,651.756621623163));
#10708=CARTESIAN_POINT('',(3008.89180453563,-1358.36225406267,651.756621623165));
#10709=CARTESIAN_POINT('',(3014.07949201486,-1333.95348334545,651.756621623164));
#10710=CARTESIAN_POINT('',(3014.07949201486,-1353.95348334533,651.756621623164));
#10711=CARTESIAN_POINT('',(3014.07949201486,-1353.95348334533,651.756621623164));
#10712=CARTESIAN_POINT('',(2998.61407080184,-1353.95348334533,651.756621623165));
#10713=CARTESIAN_POINT('',(3003.0716407339,-1358.36225406267,651.756621623163));
#10714=CARTESIAN_POINT('',(3003.0716407339,-1358.36225406267,644.934614003813));
#10715=CARTESIAN_POINT('',(3003.0716407339,-1358.36225406267,644.934614003813));
#10716=CARTESIAN_POINT('',(3008.89180453563,-1358.36225406267,644.934010255762));
#10717=CARTESIAN_POINT('',(2999.34821420225,-1355.8237925888,651.756621623164));
#10718=CARTESIAN_POINT('',(3000.34462415142,-1358.36225406267,651.756621623165));
#10719=CARTESIAN_POINT('',(3003.0716407339,-1358.36225406267,651.756621623163));
#10720=CARTESIAN_POINT('',(2999.34821420225,-1355.8237925888,651.756621623164));
#10721=CARTESIAN_POINT('',(2999.34821420225,-1355.8237925888,644.934614003813));
#10722=CARTESIAN_POINT('',(2999.34821420225,-1355.8237925888,644.934614003813));
#10723=CARTESIAN_POINT('',(3000.34462415142,-1358.36225406267,644.934614003813));
#10724=CARTESIAN_POINT('',(3003.0716407339,-1358.36225406267,644.934614003813));
#10725=CARTESIAN_POINT('',(2998.61407080184,-1353.95348334533,651.756621623165));
#10726=CARTESIAN_POINT('',(2999.34821420225,-1355.8237925888,651.756621623164));
#10727=CARTESIAN_POINT('',(2991.75997792147,-1336.49194481932,651.756621623164));
#10728=CARTESIAN_POINT('',(2998.61407080184,-1353.95348334533,651.756621623165));
#10729=CARTESIAN_POINT('',(2991.75997792147,-1336.49194481932,651.756621623164));
#10730=CARTESIAN_POINT('',(2991.75997792147,-1336.49194481932,644.934614003813));
#10731=CARTESIAN_POINT('',(2991.75997792147,-1336.49194481932,644.934614003813));
#10732=CARTESIAN_POINT('',(2998.61407080184,-1353.95348334533,644.934010255762));
#10733=CARTESIAN_POINT('',(2999.34821420225,-1355.8237925888,644.934614003813));
#10734=CARTESIAN_POINT('',(2988.03655138981,-1333.95348334545,651.756621623164));
#10735=CARTESIAN_POINT('',(2990.76356797229,-1333.95348334545,651.756621623165));
#10736=CARTESIAN_POINT('',(2991.75997792147,-1336.49194481932,651.756621623164));
#10737=CARTESIAN_POINT('',(2988.03655138981,-1333.95348334545,644.934614003813));
#10738=CARTESIAN_POINT('',(2988.03655138981,-1333.95348334545,651.756621623164));
#10739=CARTESIAN_POINT('',(2991.75997792147,-1336.49194481932,644.934614003813));
#10740=CARTESIAN_POINT('',(2990.76356797229,-1333.95348334545,644.934614003813));
#10741=CARTESIAN_POINT('',(2988.03655138981,-1333.95348334545,644.934614003813));
#10742=CARTESIAN_POINT('',(2981.77296113612,-1283.97638525505,651.756621623164));
#10743=CARTESIAN_POINT('',(2981.77296113612,-1283.97638525505,650.478884173312));
#10744=CARTESIAN_POINT('',(2981.77296113612,-1283.97638525505,650.478884173312));
#10745=CARTESIAN_POINT('',(2981.77296113612,-1333.95348334545,650.478884173312));
#10746=CARTESIAN_POINT('',(2981.77296113612,-1333.95348334545,650.478884173312));
#10747=CARTESIAN_POINT('',(2981.77296113612,-1333.95348334545,651.756621623164));
#10748=CARTESIAN_POINT('',(2979.9483733976,-1256.38598206202,641.755212835747));
#10749=CARTESIAN_POINT('',(2984.4424439246,-1256.38595982897,641.755212877697));
#10750=CARTESIAN_POINT('',(2984.4424439246,-1256.38595982897,641.755212877697));
#10751=CARTESIAN_POINT('',(2984.44244244684,-1258.56321521838,641.755212850139));
#10752=CARTESIAN_POINT('',(2984.44244096908,-1260.74047060779,641.755212822582));
#10753=CARTESIAN_POINT('',(2984.44243949132,-1262.91772599721,641.755212795024));
#10754=CARTESIAN_POINT('',(2984.44243949132,-1262.91772599721,641.755212795024));
#10755=CARTESIAN_POINT('',(2984.32444035487,-1264.45390812549,641.755212795024));
#10756=CARTESIAN_POINT('',(2984.20644121841,-1265.99009025378,641.755212795024));
#10757=CARTESIAN_POINT('',(2984.08844208196,-1267.52627238206,641.755212795024));
#10758=CARTESIAN_POINT('',(2984.08844208196,-1267.52627238206,641.755212795024));
#10759=CARTESIAN_POINT('',(2982.80730887246,-1270.60940562749,641.75521281052));
#10760=CARTESIAN_POINT('',(2981.41962701608,-1273.63475059876,641.75521282603));
#10761=CARTESIAN_POINT('',(2979.9517371218,-1276.58727513415,641.75521284143));
#10762=CARTESIAN_POINT('',(2979.95061592719,-1276.58953031325,641.755212841442));
#10763=CARTESIAN_POINT('',(2979.94949468579,-1276.59178544985,641.755212841454));
#10764=CARTESIAN_POINT('',(2979.9483733976,-1276.59404054397,641.755212841466));
#10765=CARTESIAN_POINT('',(3036.76762293208,-1323.70932846336,641.755212960371));
#10766=CARTESIAN_POINT('',(3014.07949201486,-1323.70932846336,641.755212960371));
#10767=CARTESIAN_POINT('',(3014.07949201486,-1323.70932846336,641.755212960371));
#10768=CARTESIAN_POINT('',(3014.07949201486,-1303.70932846348,641.755212960371));
#10769=CARTESIAN_POINT('',(3014.07949201486,-1303.70932846348,641.755212960371));
#10770=CARTESIAN_POINT('',(3036.76762293208,-1303.70932846348,641.755212960371));
#10771=CARTESIAN_POINT('',(3036.76762293208,-1303.70932846348,641.755212960371));
#10772=CARTESIAN_POINT('',(3036.76762293208,-1323.70932846336,641.755212960371));
#10773=CARTESIAN_POINT('',(2998.61407080184,-1353.95348334533,641.755212960371));
#10774=CARTESIAN_POINT('',(3014.07949201486,-1353.95348334533,641.755212960371));
#10775=CARTESIAN_POINT('',(3014.07949201486,-1353.95348334533,641.755212960371));
#10776=CARTESIAN_POINT('',(3014.07949201486,-1333.95348334545,641.755212960371));
#10777=CARTESIAN_POINT('',(3014.07949201486,-1333.95348334545,641.755212960371));
#10778=CARTESIAN_POINT('',(3014.07949201486,-1323.70932846336,641.755212960371));
#10779=CARTESIAN_POINT('',(3036.76762293208,-1323.70932846336,641.755212960371));
#10780=CARTESIAN_POINT('',(3036.76762293208,-1348.59793997343,641.755212960371));
#10781=CARTESIAN_POINT('',(3012.95129823458,-1358.36225406267,641.755212960371));
#10782=CARTESIAN_POINT('',(3008.89180453563,-1358.36225406267,641.755212960371));
#10783=CARTESIAN_POINT('',(3003.0716407339,-1358.36225406267,641.755212960371));
#10784=CARTESIAN_POINT('',(2988.03655138981,-1333.95348334545,641.755212960371));
#10785=CARTESIAN_POINT('',(3014.07949201486,-1333.95348334545,641.755212960371));
#10786=CARTESIAN_POINT('',(3012.95129823458,-1256.38600364472,644.934614003813));
#10787=CARTESIAN_POINT('',(3012.95129823458,-1256.38600364472,641.755212960371));
#10788=CARTESIAN_POINT('',(3016.50258770118,-1256.92352820857,641.755212960371));
#10789=CARTESIAN_POINT('',(3014.76762293208,-1256.38600364472,641.75521296037));
#10790=CARTESIAN_POINT('',(3012.95129823458,-1256.38600364472,641.755212960371));
#10791=CARTESIAN_POINT('',(3016.50258770118,-1256.92352820857,644.934614003813));
#10792=CARTESIAN_POINT('',(3016.50258770118,-1256.92352820857,641.755212960371));
#10793=CARTESIAN_POINT('',(3033.95138608761,-1262.32949258857,641.755212960371));
#10794=CARTESIAN_POINT('',(3016.50258770118,-1256.92352820857,641.755212960371));
#10795=CARTESIAN_POINT('',(3033.95138608761,-1262.32949258857,644.934614003814));
#10796=CARTESIAN_POINT('',(3033.95138608761,-1262.32949258857,641.755212960371));
#10797=CARTESIAN_POINT('',(3036.76762293208,-1266.15031773396,641.755212960371));
#10798=CARTESIAN_POINT('',(3036.76762293208,-1263.20201548268,641.75521296037));
#10799=CARTESIAN_POINT('',(3033.95138608761,-1262.32949258857,641.755212960371));
#10800=CARTESIAN_POINT('',(3036.76762293208,-1266.15031773396,644.934614003813));
#10801=CARTESIAN_POINT('',(3036.76762293208,-1266.15031773396,641.755212960371));
#10802=CARTESIAN_POINT('',(3036.76762293208,-1303.70932846348,641.755212960371));
#10803=CARTESIAN_POINT('',(3036.76762293208,-1266.15031773396,641.755212960371));
#10804=CARTESIAN_POINT('',(3036.76762293208,-1348.59793997343,644.934614003813));
#10805=CARTESIAN_POINT('',(3036.76762293208,-1348.59793997343,641.755212960371));
#10806=CARTESIAN_POINT('',(3036.76762293208,-1348.59793997343,641.755212960371));
#10807=CARTESIAN_POINT('',(3036.76762293208,-1351.54624222471,641.75521296037));
#10808=CARTESIAN_POINT('',(3033.95138608761,-1352.41876511882,641.755212960371));
#10809=CARTESIAN_POINT('',(3033.95138608761,-1352.41876511882,644.934614003814));
#10810=CARTESIAN_POINT('',(3033.95138608761,-1352.41876511882,641.755212960371));
#10811=CARTESIAN_POINT('',(3033.95138608761,-1352.41876511882,641.755212960371));
#10812=CARTESIAN_POINT('',(3016.50258770118,-1357.82472949882,641.755212960371));
#10813=CARTESIAN_POINT('',(3016.50258770118,-1357.82472949882,644.934614003813));
#10814=CARTESIAN_POINT('',(3016.50258770118,-1357.82472949882,641.755212960371));
#10815=CARTESIAN_POINT('',(3016.50258770118,-1357.82472949882,641.755212960371));
#10816=CARTESIAN_POINT('',(3014.76762293208,-1358.36225406266,641.755212960372));
#10817=CARTESIAN_POINT('',(3012.95129823458,-1358.36225406267,641.755212960371));
#10818=CARTESIAN_POINT('',(3012.95129823458,-1358.36225406267,644.934614003813));
#10819=CARTESIAN_POINT('',(3012.95129823458,-1358.36225406267,641.755212960371));
#10820=CARTESIAN_POINT('',(3003.0716407339,-1358.36225406267,644.934614003813));
#10821=CARTESIAN_POINT('',(3003.0716407339,-1358.36225406267,641.755212960371));
#10822=CARTESIAN_POINT('',(3003.0716407339,-1358.36225406267,641.755212960371));
#10823=CARTESIAN_POINT('',(3000.34462415142,-1358.36225406267,641.755212960371));
#10824=CARTESIAN_POINT('',(2999.34821420225,-1355.8237925888,641.755212960371));
#10825=CARTESIAN_POINT('',(2999.34821420225,-1355.8237925888,644.934614003813));
#10826=CARTESIAN_POINT('',(2999.34821420225,-1355.8237925888,641.755212960371));
#10827=CARTESIAN_POINT('',(2998.61407080184,-1353.95348334533,641.755212960371));
#10828=CARTESIAN_POINT('',(2991.75997792147,-1336.49194481932,641.755212960371));
#10829=CARTESIAN_POINT('',(2999.34821420225,-1355.8237925888,641.755212960371));
#10830=CARTESIAN_POINT('',(2998.61407080184,-1353.95348334533,641.755212960371));
#10831=CARTESIAN_POINT('',(2991.75997792147,-1336.49194481932,644.934614003813));
#10832=CARTESIAN_POINT('',(2991.75997792147,-1336.49194481932,641.755212960371));
#10833=CARTESIAN_POINT('',(2991.75997792147,-1336.49194481932,641.755212960371));
#10834=CARTESIAN_POINT('',(2990.76356797229,-1333.95348334545,641.75521296037));
#10835=CARTESIAN_POINT('',(2988.03655138981,-1333.95348334545,641.755212960371));
#10836=CARTESIAN_POINT('',(2988.03655138981,-1333.95348334545,641.755212960371));
#10837=CARTESIAN_POINT('',(2988.03655138981,-1333.95348334545,644.934614003813));
#10838=CARTESIAN_POINT('',(2979.9483733976,-1266.09747269538,641.755212795024));
#10839=CARTESIAN_POINT('',(2979.9483733976,-1266.09747269538,644.934097609863));
#10840=CARTESIAN_POINT('',(2981.77296113612,-1269.48973227665,641.755212795024));
#10841=CARTESIAN_POINT('',(2981.77296113612,-1267.30290884424,641.755212795024));
#10842=CARTESIAN_POINT('',(2979.9483733976,-1266.09747269538,641.755212795024));
#10843=CARTESIAN_POINT('',(2981.77296113612,-1269.48973227665,644.934097609862));
#10844=CARTESIAN_POINT('',(2981.77296113612,-1269.48973227665,641.755212795024));
#10845=CARTESIAN_POINT('',(3010.06762293233,-1327.36225406052,644.934010255762));
#10846=CARTESIAN_POINT('',(3010.06762293233,-1327.36225406052,641.755212960371));
#10847=CARTESIAN_POINT('',(3005.06762293233,-1327.36225406052,641.755212960371));
#10848=CARTESIAN_POINT('',(3005.06762293233,-1327.36225406052,644.934097775209));
#10849=CARTESIAN_POINT('',(3010.06762293233,-1327.36225406052,641.755212960371));
#10850=CARTESIAN_POINT('',(3010.06762293233,-1324.86225406052,641.755212960371));
#10851=CARTESIAN_POINT('',(3007.56762293233,-1324.86225406052,641.755212960371));
#10852=CARTESIAN_POINT('',(3005.06762293233,-1324.86225406052,641.755212960371));
#10853=CARTESIAN_POINT('',(3005.06762293233,-1327.36225406052,641.755212960371));
#10854=CARTESIAN_POINT('',(3005.06762293233,-1267.36225406302,644.934010255762));
#10855=CARTESIAN_POINT('',(3005.06762293233,-1267.36225406302,641.755212960371));
#10856=CARTESIAN_POINT('',(3010.06762293233,-1267.36225406302,641.755212960371));
#10857=CARTESIAN_POINT('',(3010.06762293233,-1267.36225406302,644.934097775209));
#10858=CARTESIAN_POINT('',(3005.06762293233,-1267.36225406302,641.755212960371));
#10859=CARTESIAN_POINT('',(3005.06762293233,-1269.86225406302,641.755212960371));
#10860=CARTESIAN_POINT('',(3007.56762293233,-1269.86225406302,641.755212960371));
#10861=CARTESIAN_POINT('',(3010.06762293233,-1269.86225406302,641.755212960371));
#10862=CARTESIAN_POINT('',(3010.06762293233,-1267.36225406302,641.755212960371));
#10863=CARTESIAN_POINT('',(2979.9483733976,-1272.88199185792,644.934097609863));
#10864=CARTESIAN_POINT('',(2979.9483733976,-1272.88199185792,641.755212795024));
#10865=CARTESIAN_POINT('',(2981.77296113612,-1269.48973227665,644.934097609862));
#10866=CARTESIAN_POINT('',(2981.77296113612,-1271.67655570906,644.934097609863));
#10867=CARTESIAN_POINT('',(2979.9483733976,-1272.88199185792,644.934097609863));
#10868=CARTESIAN_POINT('',(2979.9483733976,-1272.88199185792,641.755212795024));
#10869=CARTESIAN_POINT('',(2981.77296113612,-1271.67655570906,641.755212795024));
#10870=CARTESIAN_POINT('',(2981.77296113612,-1269.48973227665,641.755212795024));
#10871=CARTESIAN_POINT('',(2979.9483733976,-1287.64388092167,641.755212960371));
#10872=CARTESIAN_POINT('',(2979.9483733976,-1314.42549122043,641.755212960371));
#10873=CARTESIAN_POINT('',(2979.9483733976,-1266.09747269538,641.755212795024));
#10874=CARTESIAN_POINT('',(2979.9483733976,-1256.38598206202,641.755212835747));
#10875=CARTESIAN_POINT('',(2979.9483733976,-1266.09747269538,646.122987835929));
#10876=CARTESIAN_POINT('',(2979.9483733976,-1256.38598206202,646.122987835929));
#10877=CARTESIAN_POINT('',(2979.9483733976,-1256.38598206202,641.755212835747));
#10878=CARTESIAN_POINT('',(2979.9483733976,-1256.38598206202,644.934010131138));
#10879=CARTESIAN_POINT('',(2979.9483733976,-1276.59404054397,641.755212841466));
#10880=CARTESIAN_POINT('',(2979.9483733976,-1283.97638525505,641.755212960371));
#10881=CARTESIAN_POINT('',(2979.9483733976,-1287.64388092167,641.755212960371));
#10882=CARTESIAN_POINT('',(2979.9483733976,-1287.64388092167,644.934245310723));
#10883=CARTESIAN_POINT('',(2979.9483733976,-1287.64388092167,641.755212960371));
#10884=CARTESIAN_POINT('',(2979.9483733976,-1272.88199185792,646.122987835929));
#10885=CARTESIAN_POINT('',(2979.9483733976,-1272.88199185792,644.934097609863));
#10886=CARTESIAN_POINT('',(2979.9483733976,-1276.59404054397,641.755212841466));
#10887=CARTESIAN_POINT('',(2979.9483733976,-1272.88199185792,641.755212795024));
#10888=CARTESIAN_POINT('',(2973.77746082066,-1283.97638522964,646.122987835929));
#10889=CARTESIAN_POINT('',(2974.29781460897,-1283.63455710271,646.122987835929));
#10890=CARTESIAN_POINT('',(2974.80582515542,-1283.25721146714,646.122987835929));
#10891=CARTESIAN_POINT('',(2975.29331043339,-1282.85032401053,646.122987835929));
#10892=CARTESIAN_POINT('',(2975.29331043339,-1282.85032401053,646.122987835929));
#10893=CARTESIAN_POINT('',(2975.29331043339,-1283.97638522966,646.122987835929));
#10894=CARTESIAN_POINT('',(2975.29331043339,-1283.97638522966,646.122987835929));
#10895=CARTESIAN_POINT('',(2973.77746082066,-1283.97638522964,646.122987835929));
#10896=CARTESIAN_POINT('',(2975.01143708696,-1283.08058205943,697.64906136257));
#10897=CARTESIAN_POINT('',(2972.77820136083,-1284.86419267959,697.64906136257));
#10898=CARTESIAN_POINT('',(2970.09507347792,-1286.07290893845,697.64906136257));
#10899=CARTESIAN_POINT('',(2967.5967726678,-1286.09186778456,697.64906136257));
#10900=CARTESIAN_POINT('',(2967.55712601236,-1286.09186784318,697.64906136257));
#10901=CARTESIAN_POINT('',(2967.51747935692,-1286.0918679018,697.64906136257));
#10902=CARTESIAN_POINT('',(2967.47783270149,-1286.09186796042,697.64906136257));
#10903=CARTESIAN_POINT('',(2979.96143708709,-1276.56776114314,696.25717872407));
#10904=CARTESIAN_POINT('',(2979.95708323012,-1276.57652158432,696.25717872394));
#10905=CARTESIAN_POINT('',(2979.95272866676,-1276.58528138467,696.25717872394));
#10906=CARTESIAN_POINT('',(2979.9483733976,-1276.59404054396,696.25717872394));
#10907=CARTESIAN_POINT('',(2979.40820246334,-1277.68041272616,696.25717872394));
#10908=CARTESIAN_POINT('',(2978.85717447722,-1278.75692382303,696.25717872394));
#10909=CARTESIAN_POINT('',(2978.1379196257,-1279.78196836944,696.25717872394));
#10910=CARTESIAN_POINT('',(2977.29397096963,-1280.98472003044,696.25717872394));
#10911=CARTESIAN_POINT('',(2976.21840991473,-1282.11661326353,696.25717872394));
#10912=CARTESIAN_POINT('',(2975.01143708696,-1283.08058205943,696.25717872394));
#10913=CARTESIAN_POINT('',(2976.80492382916,-1281.42075022121,663.19520795248));
#10914=CARTESIAN_POINT('',(2977.29348028266,-1280.89685864315,663.19520795261));
#10915=CARTESIAN_POINT('',(2977.74127951159,-1280.34723919798,663.19520795261));
#10916=CARTESIAN_POINT('',(2978.1379196257,-1279.78196836944,663.19520795261));
#10917=CARTESIAN_POINT('',(2978.85717447722,-1278.75692382303,663.19520795261));
#10918=CARTESIAN_POINT('',(2979.40820246334,-1277.68041272616,663.19520795261));
#10919=CARTESIAN_POINT('',(2979.9483733976,-1276.59404054396,663.19520795261));
#10920=CARTESIAN_POINT('',(2979.95272863781,-1276.58528144288,663.19520795261));
#10921=CARTESIAN_POINT('',(2979.95708317224,-1276.57652170076,663.19520795261));
#10922=CARTESIAN_POINT('',(2979.96143700023,-1276.56776131791,663.19520795261));
#10923=CARTESIAN_POINT('',(2972.03753295783,-1284.9632928017,661.95190659275));
#10924=CARTESIAN_POINT('',(2973.79166745253,-1284.121130915,661.95190659275));
#10925=CARTESIAN_POINT('',(2975.45408919162,-1282.86928474553,661.95190659275));
#10926=CARTESIAN_POINT('',(2976.80492382916,-1281.42075022121,661.95190659275));
#10927=CARTESIAN_POINT('',(2984.08844761319,-1267.52625907142,672.714124717617));
#10928=CARTESIAN_POINT('',(2984.08844208196,-1267.52627238206,658.207157590502));
#10929=CARTESIAN_POINT('',(2975.58576103227,-1256.38600364472,646.122987835929));
#10930=CARTESIAN_POINT('',(2968.54815065028,-1256.38600364472,646.122987835929));
#10931=CARTESIAN_POINT('',(2967.47783270149,-1333.95348334545,644.934614003813));
#10932=CARTESIAN_POINT('',(2988.03655138981,-1333.95348334545,644.934614003813));
#10933=CARTESIAN_POINT('',(2981.77296113612,-1333.95348334545,650.478884173312));
#10934=CARTESIAN_POINT('',(2967.47783270149,-1333.95348334545,650.478884173312));
#10935=CARTESIAN_POINT('',(2967.47783270149,-1314.42549122043,650.478884173312));
#10936=CARTESIAN_POINT('',(2979.9483733976,-1314.42549122043,650.478884173312));
#10937=CARTESIAN_POINT('',(2979.94837348076,-1314.42549117326,644.934178152163));
#10938=CARTESIAN_POINT('',(2979.9483733976,-1314.42549122043,650.478884173312));
#10939=CARTESIAN_POINT('',(2979.94837348076,-1314.42549117326,644.934178152163));
#10940=CARTESIAN_POINT('',(2967.47783270149,-1314.42549117326,644.934178152163));
#10941=CARTESIAN_POINT('',(2981.77296113612,-1283.97638525505,650.478884173312));
#10942=CARTESIAN_POINT('',(2979.9483733976,-1283.97638525505,650.478884173312));
#10943=CARTESIAN_POINT('',(2967.47783270149,-1324.79436322876,641.755212960371));
#10944=CARTESIAN_POINT('',(2975.29331038864,-1324.79436322876,641.755212960371));
#10945=CARTESIAN_POINT('',(2979.9483733976,-1324.79436322876,641.755212960371));
#10946=CARTESIAN_POINT('',(2979.9483733976,-1324.79436322876,641.755212960371));
#10947=CARTESIAN_POINT('',(2979.9483733976,-1314.42549122043,641.755212960371));
#10948=CARTESIAN_POINT('',(3012.95129823458,-1256.38600364472,641.755212960371));
#10949=CARTESIAN_POINT('',(2994.36511147654,-1256.38600364472,641.755212960371));
#10950=CARTESIAN_POINT('',(2984.4424439246,-1256.38595982897,641.755212877697));
#10951=CARTESIAN_POINT('',(2988.03655138981,-1333.95348334545,641.755212960371));
#10952=CARTESIAN_POINT('',(2967.47783270149,-1333.95348334545,641.755212960371));
#10953=CARTESIAN_POINT('',(2967.47783270149,-1314.42549122043,641.75521296037));
#10954=CARTESIAN_POINT('',(2979.9483733976,-1314.42549122043,641.755212960371));
#10955=CARTESIAN_POINT('',(2979.9483733976,-1314.42549122043,641.755212960371));
#10956=CARTESIAN_POINT('',(2979.94837348076,-1314.42549117326,644.934178152163));
#10957=CARTESIAN_POINT('',(2979.94837343026,-1283.97638521799,646.122987835929));
#10958=CARTESIAN_POINT('',(2979.9483733976,-1272.88199185792,646.122987835929));
#10959=CARTESIAN_POINT('',(2979.94837343026,-1283.97638521799,646.122987835929));
#10960=CARTESIAN_POINT('',(2975.29331043339,-1283.97638522966,646.122987835929));
#10961=CARTESIAN_POINT('',(2973.77746082066,-1283.97638522964,646.122987835929));
#10962=CARTESIAN_POINT('',(2968.54815065028,-1283.97638522964,646.122987835929));
#10963=CARTESIAN_POINT('',(2979.9483733976,-1283.97638525505,650.478884173312));
#10964=CARTESIAN_POINT('',(2979.94837343026,-1283.97638521799,646.122987835929));
#10965=CARTESIAN_POINT('',(2955.00729200537,-1272.88199185792,646.122987835929));
#10966=CARTESIAN_POINT('',(2957.03452792355,-1274.22130999893,646.122987835929));
#10967=CARTESIAN_POINT('',(2959.17434151061,-1273.07037283149,646.122987835929));
#10968=CARTESIAN_POINT('',(2961.31415509768,-1271.91943566406,646.122987835929));
#10969=CARTESIAN_POINT('',(2961.31415509767,-1269.48973227665,646.122987835929));
#10970=CARTESIAN_POINT('',(2961.31415509767,-1269.48973227665,658.937927260146));
#10971=CARTESIAN_POINT('',(2961.31415509767,-1273.55545769206,658.937927260146));
#10972=CARTESIAN_POINT('',(2957.24842968226,-1273.55545769206,658.937927260146));
#10973=CARTESIAN_POINT('',(2953.18270426685,-1273.55545769206,658.937927260146));
#10974=CARTESIAN_POINT('',(2953.18270426685,-1269.48973227665,658.937927260146));
#10975=CARTESIAN_POINT('',(2924.88804247064,-1327.36225406052,641.755212960371));
#10976=CARTESIAN_POINT('',(2924.88804247064,-1329.86225406052,641.755212960371));
#10977=CARTESIAN_POINT('',(2927.38804247064,-1329.86225406052,641.755212960371));
#10978=CARTESIAN_POINT('',(2929.88804247064,-1329.86225406052,641.755212960371));
#10979=CARTESIAN_POINT('',(2929.88804247064,-1327.36225406052,641.755212960371));
#10980=CARTESIAN_POINT('',(2929.88804247064,-1267.36225406302,641.755212960371));
#10981=CARTESIAN_POINT('',(2929.88804247064,-1264.86225406302,641.755212960371));
#10982=CARTESIAN_POINT('',(2927.38804247064,-1264.86225406302,641.755212960371));
#10983=CARTESIAN_POINT('',(2924.88804247064,-1264.86225406302,641.755212960371));
#10984=CARTESIAN_POINT('',(2924.88804247064,-1267.36225406302,641.755212960371));
#10985=CARTESIAN_POINT('',(2981.77296113612,-1269.48973227665,658.937927260146));
#10986=CARTESIAN_POINT('',(2981.77296113612,-1273.55545769206,658.937927260146));
#10987=CARTESIAN_POINT('',(2977.70723572071,-1273.55545769206,658.937927260146));
#10988=CARTESIAN_POINT('',(2973.64151030531,-1273.55545769206,658.937927260146));
#10989=CARTESIAN_POINT('',(2973.64151030531,-1269.48973227665,658.937927260146));
#10990=CARTESIAN_POINT('',(2973.6415103053,-1269.48973227665,646.122987835929));
#10991=CARTESIAN_POINT('',(2973.6415103053,-1271.91943566405,646.122987835929));
#10992=CARTESIAN_POINT('',(2975.78132389236,-1273.07037283149,646.122987835929));
#10993=CARTESIAN_POINT('',(2977.92113747942,-1274.22130999892,646.122987835929));
#10994=CARTESIAN_POINT('',(2979.9483733976,-1272.88199185792,646.122987835929));
#10995=CARTESIAN_POINT('',(3005.06762293233,-1327.36225406052,641.755212960371));
#10996=CARTESIAN_POINT('',(3005.06762293233,-1329.86225406052,641.755212960371));
#10997=CARTESIAN_POINT('',(3007.56762293233,-1329.86225406052,641.755212960371));
#10998=CARTESIAN_POINT('',(3010.06762293233,-1329.86225406052,641.755212960371));
#10999=CARTESIAN_POINT('',(3010.06762293233,-1327.36225406052,641.755212960371));
#11000=CARTESIAN_POINT('',(3010.06762293233,-1267.36225406302,641.755212960371));
#11001=CARTESIAN_POINT('',(3010.06762293233,-1264.86225406302,641.755212960371));
#11002=CARTESIAN_POINT('',(3007.56762293233,-1264.86225406302,641.755212960371));
#11003=CARTESIAN_POINT('',(3005.06762293233,-1264.86225406302,641.755212960371));
#11004=CARTESIAN_POINT('',(3005.06762293233,-1267.36225406302,641.755212960371));
#11005=CARTESIAN_POINT('',(3010.06762293233,-1267.36225406302,644.934097775209));
#11006=CARTESIAN_POINT('',(3010.06762293195,-1264.86225406302,644.934097775208));
#11007=CARTESIAN_POINT('',(3007.56762293233,-1264.86225406302,644.934054015485));
#11008=CARTESIAN_POINT('',(3005.06762293271,-1264.86225406302,644.934010255761));
#11009=CARTESIAN_POINT('',(3005.06762293233,-1267.36225406302,644.934010255762));
#11010=CARTESIAN_POINT('',(2966.4075147527,-1256.38600364472,646.122987835929));
#11011=CARTESIAN_POINT('',(2966.4075147527,-1256.38600364472,647.179172614024));
#11012=CARTESIAN_POINT('',(2963.97783270149,-1256.38600364472,649.030858881983));
#11013=CARTESIAN_POINT('',(2963.97783270149,-1256.38600364472,650.243233099274));
#11014=CARTESIAN_POINT('',(2963.97783270149,-1256.38600364472,650.243233099274));
#11015=CARTESIAN_POINT('',(2967.47783270149,-1256.38600364472,650.243233099274));
#11016=CARTESIAN_POINT('',(2966.4075147527,-1283.97638522964,646.122987835929));
#11017=CARTESIAN_POINT('',(2966.4075147527,-1256.38600364472,646.122987835929));
#11018=CARTESIAN_POINT('',(2966.4075147527,-1283.97638522698,647.179172614024));
#11019=CARTESIAN_POINT('',(2966.4075147527,-1283.97638522964,646.122987835929));
#11020=CARTESIAN_POINT('',(2967.47783270149,-1256.38600364472,650.243233099274));
#11021=CARTESIAN_POINT('',(2970.97783270149,-1256.38600364472,650.243233099274));
#11022=CARTESIAN_POINT('',(2970.97783270149,-1256.38600364472,650.243233099274));
#11023=CARTESIAN_POINT('',(2970.97783270149,-1256.38600364472,649.030858881983));
#11024=CARTESIAN_POINT('',(2968.54815065028,-1256.38600364472,647.179172614024));
#11025=CARTESIAN_POINT('',(2968.54815065028,-1256.38600364472,646.122987835929));
#11026=CARTESIAN_POINT('',(2968.54815065028,-1256.38600364472,646.122987835929));
#11027=CARTESIAN_POINT('',(2968.54815065028,-1283.97638522964,646.122987835929));
#11028=CARTESIAN_POINT('',(2968.54815065028,-1283.97638522964,646.122987835929));
#11029=CARTESIAN_POINT('',(2968.54815065028,-1283.97638522698,647.179172614024));
#11030=CARTESIAN_POINT('',(2966.4075147527,-1256.38600364472,646.122987835929));
#11031=CARTESIAN_POINT('',(2959.36990437071,-1256.38600364472,646.122987835929));
#11032=CARTESIAN_POINT('',(2966.4075147527,-1283.97638522964,646.122987835929));
#11033=CARTESIAN_POINT('',(2961.17820458232,-1283.97638522964,646.122987835929));
#11034=CARTESIAN_POINT('',(2966.4075147527,-1256.38600364472,647.179172614024));
#11035=CARTESIAN_POINT('',(2963.97783270149,-1256.38600364472,649.030858881983));
#11036=CARTESIAN_POINT('',(2963.97783270149,-1283.97638524273,649.030858881983));
#11037=CARTESIAN_POINT('',(2966.4075147527,-1283.97638522698,647.179172614024));
#11038=CARTESIAN_POINT('',(2970.97783270149,-1256.38600364472,649.030858881983));
#11039=CARTESIAN_POINT('',(2968.54815065028,-1256.38600364472,647.179172614024));
#11040=CARTESIAN_POINT('',(2968.54815065028,-1283.97638522698,647.179172614024));
#11041=CARTESIAN_POINT('',(2970.97783270149,-1283.97638524273,649.030858881983));
#11042=CARTESIAN_POINT('',(2966.4075147527,-1256.38600364472,647.179172614024));
#11043=CARTESIAN_POINT('',(2966.4075147527,-1283.97638522698,647.179172614024));
#11044=CARTESIAN_POINT('',(2963.97783270149,-1256.38600364472,649.030858881983));
#11045=CARTESIAN_POINT('',(2963.97783270149,-1283.97638524273,649.030858881983));
#11046=CARTESIAN_POINT('',(2963.97783270149,-1256.38600364472,650.243233099274));
#11047=CARTESIAN_POINT('',(2963.97783270149,-1283.36626826861,650.243233099273));
#11048=CARTESIAN_POINT('',(2970.97783270149,-1256.38600364472,650.243233099274));
#11049=CARTESIAN_POINT('',(2970.97783270149,-1283.36626826861,650.243233099274));
#11050=CARTESIAN_POINT('',(2970.97783270149,-1256.38600364472,649.030858881983));
#11051=CARTESIAN_POINT('',(2970.97783270149,-1283.97638524273,649.030858881983));
#11052=CARTESIAN_POINT('',(2968.54815065028,-1256.38600364472,647.179172614024));
#11053=CARTESIAN_POINT('',(2968.54815065028,-1283.97638522698,647.179172614024));
#11054=CARTESIAN_POINT('',(2963.97783270149,-1283.97638525505,653.285719664372));
#11055=CARTESIAN_POINT('',(2963.97783270149,-1284.96329339746,653.285719664372));
#11056=CARTESIAN_POINT('',(2963.97783270149,-1283.97638525505,650.478884173312));
#11057=CARTESIAN_POINT('',(2963.97783270149,-1283.97638525505,653.285719664372));
#11058=CARTESIAN_POINT('',(2970.97783270149,-1284.96329339746,653.285719664372));
#11059=CARTESIAN_POINT('',(2970.97783270149,-1283.97638525505,653.285719664372));
#11060=CARTESIAN_POINT('',(2970.97783270149,-1283.97638525505,653.285719664372));
#11061=CARTESIAN_POINT('',(2970.97783270149,-1283.97638525505,650.478884173312));
#11062=CARTESIAN_POINT('',(2970.97783270149,-1283.36626826861,650.243233099274));
#11063=CARTESIAN_POINT('',(2963.97783270149,-1283.36626826861,650.243233099273));
#11064=CARTESIAN_POINT('',(2963.97783270149,-1284.96329339746,658.207157790678));
#11065=CARTESIAN_POINT('',(2965.14449936816,-1284.96329405335,658.207157875314));
#11066=CARTESIAN_POINT('',(2966.31116603482,-1284.96329470925,658.207157959949));
#11067=CARTESIAN_POINT('',(2967.47783270149,-1284.96329536514,658.207158044584));
#11068=CARTESIAN_POINT('',(2970.97783270149,-1284.96329339746,658.207157790678));
#11069=CARTESIAN_POINT('',(2971.33106612027,-1284.96329319887,658.207157765052));
#11070=CARTESIAN_POINT('',(2971.68429953905,-1284.96329300029,658.207157739427));
#11071=CARTESIAN_POINT('',(2972.03753295783,-1284.9632928017,658.207157713802));
#11072=CARTESIAN_POINT('',(2970.97783270149,-1284.96329339746,653.285719664372));
#11073=CARTESIAN_POINT('',(2971.33106612027,-1284.96329319887,653.285719664372));
#11074=CARTESIAN_POINT('',(2971.68429953905,-1284.96329300029,653.285719664372));
#11075=CARTESIAN_POINT('',(2972.03753295783,-1284.9632928017,653.285719664372));
#11076=CARTESIAN_POINT('',(2970.97783270149,-1283.97638525505,653.285719664372));
#11077=CARTESIAN_POINT('',(2973.77746078195,-1283.97638525505,653.285719664372));
#11078=CARTESIAN_POINT('',(2970.97783270149,-1283.97638525505,650.478884173312));
#11079=CARTESIAN_POINT('',(2973.77746078195,-1283.97638525505,650.478884173312));
#11080=CARTESIAN_POINT('',(2979.9483733976,-1283.97638525505,650.478884173312));
#11081=CARTESIAN_POINT('',(2970.97783270149,-1283.15613300265,649.195345992815));
#11082=CARTESIAN_POINT('',(2970.97783270149,-1283.36626826861,650.243233099274));
#11083=CARTESIAN_POINT('',(2963.97783270149,-1283.15613300265,649.195345992815));
#11084=CARTESIAN_POINT('',(2963.97783270149,-1283.36626826861,650.243233099273));
#11085=CARTESIAN_POINT('',(2963.97783270149,-1283.15613300265,649.195345992815));
#11086=CARTESIAN_POINT('',(2963.97783270149,-1283.97638524273,649.030858881983));
#11087=CARTESIAN_POINT('',(2970.97783270149,-1284.96329339746,658.207157790678));
#11088=CARTESIAN_POINT('',(2970.97783270149,-1284.96329339746,653.285719664372));
#11089=CARTESIAN_POINT('',(2963.97783270149,-1284.96329339746,653.285719664372));
#11090=CARTESIAN_POINT('',(2963.97783270149,-1284.96329339746,658.207157790678));
#11091=CARTESIAN_POINT('',(2970.97783270149,-1283.97638524273,649.030858881983));
#11092=CARTESIAN_POINT('',(2970.97783270149,-1283.15613300265,649.195345992815));
#11093=CARTESIAN_POINT('',(2970.97783270149,-1283.97638525505,653.285719664372));
#11094=CARTESIAN_POINT('',(2970.97783270149,-1284.96329339746,658.207157790678));
#11095=CARTESIAN_POINT('',(2970.97783270149,-1283.36626826861,650.243233099274));
#11096=CARTESIAN_POINT('',(2970.97783270149,-1283.97638525505,653.285719664372));
#11097=CARTESIAN_POINT('',(2963.97783270149,-1283.97638525505,653.285719664372));
#11098=CARTESIAN_POINT('',(2963.97783270149,-1284.96329339746,658.207157790678));
#11099=CARTESIAN_POINT('',(2963.97783270149,-1283.36626826861,650.243233099273));
#11100=CARTESIAN_POINT('',(2963.97783270149,-1283.97638525505,653.285719664372));
#11101=CARTESIAN_POINT('',(2963.97783270149,-1283.97638525505,650.478884173312));
#11102=CARTESIAN_POINT('',(2963.97783270149,-1283.97638525305,650.243233099274));
#11103=CARTESIAN_POINT('',(2963.97783270149,-1283.97638524273,649.030858881983));
#11104=CARTESIAN_POINT('',(2970.97783270149,-1283.97638524273,649.030858881983));
#11105=CARTESIAN_POINT('',(2970.97783270149,-1283.97638525305,650.243233099274));
#11106=CARTESIAN_POINT('',(2970.97783270149,-1283.97638525505,650.478884173312));
#11107=CARTESIAN_POINT('',(0.,0.,0.));
ENDSEC;
END-ISO-10303-21;
