ISO-10303-21;
HEADER;
/* Generated by software containing ST-Developer
 * from STEP Tools, Inc. (www.steptools.com) 
 */
/* OPTION: using custom schema-name function */

FILE_DESCRIPTION(
/* description */ (''),
/* implementation_level */ '2;1');

FILE_NAME(
/* name */ 'O_C995~1',
/* time_stamp */ '2026-05-24T21:13:03+08:00',
/* author */ (''),
/* organization */ (''),
/* preprocessor_version */ 'ST-DEVELOPER v16.5',
/* originating_system */ '',
/* authorisation */ '');

FILE_SCHEMA (('CONFIG_CONTROL_DESIGN'));
ENDSEC;

DATA;
#10=SHAPE_REPRESENTATION_RELATIONSHIP('','',#2920,#12);
#11=MANIFOLD_SOLID_BREP('brep_1',#13);
#12=ADVANCED_BREP_SHAPE_REPRESENTATION('brep_rep_0',(#11,#2922),#2919);
#13=CLOSED_SHELL('',(#34,#35,#36,#37,#38,#39,#40,#41,#42,#43,#44,#45,#46,
#47,#48,#49,#50,#51,#52,#53,#54,#55,#56,#57,#58,#59,#60,#61,#62,#63,#64,
#65,#66,#67,#68,#69,#70,#71,#72,#73,#74,#75,#76,#77,#78,#79,#80,#81,#82,
#83,#84,#85,#86,#87,#88,#89,#90,#91,#92,#93,#94,#95,#96,#97,#98,#99,#100,
#101,#102,#103,#104,#105,#106,#107,#108,#109,#110,#111,#112,#113,#114,#115,
#116,#117));
#14=FACE_BOUND('',#224,.T.);
#15=FACE_BOUND('',#227,.T.);
#16=FACE_BOUND('',#241,.T.);
#17=FACE_BOUND('',#242,.T.);
#18=FACE_BOUND('',#243,.T.);
#19=FACE_BOUND('',#244,.T.);
#20=FACE_BOUND('',#245,.T.);
#21=FACE_BOUND('',#246,.T.);
#22=FACE_BOUND('',#259,.T.);
#23=FACE_BOUND('',#260,.T.);
#24=FACE_BOUND('',#261,.T.);
#25=FACE_BOUND('',#262,.T.);
#26=FACE_BOUND('',#281,.T.);
#27=FACE_BOUND('',#283,.T.);
#28=FACE_BOUND('',#285,.T.);
#29=FACE_BOUND('',#287,.T.);
#30=FACE_BOUND('',#292,.T.);
#31=FACE_BOUND('',#295,.T.);
#32=FACE_BOUND('',#297,.T.);
#33=FACE_BOUND('',#301,.T.);
#34=ADVANCED_FACE('',(#118),#2804,.T.);
#35=ADVANCED_FACE('',(#119),#2805,.T.);
#36=ADVANCED_FACE('',(#120),#2750,.T.);
#37=ADVANCED_FACE('',(#121),#2751,.T.);
#38=ADVANCED_FACE('',(#122),#2752,.T.);
#39=ADVANCED_FACE('',(#123),#2753,.T.);
#40=ADVANCED_FACE('',(#124),#2754,.T.);
#41=ADVANCED_FACE('',(#125),#2755,.T.);
#42=ADVANCED_FACE('',(#126),#2756,.T.);
#43=ADVANCED_FACE('',(#127),#2757,.T.);
#44=ADVANCED_FACE('',(#128),#2758,.T.);
#45=ADVANCED_FACE('',(#129),#2759,.T.);
#46=ADVANCED_FACE('',(#130),#2760,.T.);
#47=ADVANCED_FACE('',(#131),#2761,.T.);
#48=ADVANCED_FACE('',(#132),#2762,.T.);
#49=ADVANCED_FACE('',(#133),#2763,.T.);
#50=ADVANCED_FACE('',(#134),#2764,.T.);
#51=ADVANCED_FACE('',(#135),#2765,.T.);
#52=ADVANCED_FACE('',(#136),#2766,.T.);
#53=ADVANCED_FACE('',(#137),#2767,.T.);
#54=ADVANCED_FACE('',(#138),#2768,.T.);
#55=ADVANCED_FACE('',(#139,#14),#2769,.T.);
#56=ADVANCED_FACE('',(#140),#2806,.T.);
#57=ADVANCED_FACE('',(#141,#15),#2770,.T.);
#58=ADVANCED_FACE('',(#142),#2771,.T.);
#59=ADVANCED_FACE('',(#143),#2772,.T.);
#60=ADVANCED_FACE('',(#144),#2807,.T.);
#61=ADVANCED_FACE('',(#145),#2808,.T.);
#62=ADVANCED_FACE('',(#146),#2809,.T.);
#63=ADVANCED_FACE('',(#147),#2773,.T.);
#64=ADVANCED_FACE('',(#148),#2774,.T.);
#65=ADVANCED_FACE('',(#149),#2775,.T.);
#66=ADVANCED_FACE('',(#150),#2810,.T.);
#67=ADVANCED_FACE('',(#151),#2776,.T.);
#68=ADVANCED_FACE('',(#152),#2811,.T.);
#69=ADVANCED_FACE('',(#153),#2777,.T.);
#70=ADVANCED_FACE('',(#154,#16,#17,#18,#19,#20,#21),#2778,.T.);
#71=ADVANCED_FACE('',(#155),#2779,.T.);
#72=ADVANCED_FACE('',(#156),#2812,.T.);
#73=ADVANCED_FACE('',(#157),#2780,.T.);
#74=ADVANCED_FACE('',(#158),#2813,.T.);
#75=ADVANCED_FACE('',(#159),#2781,.T.);
#76=ADVANCED_FACE('',(#160),#2814,.T.);
#77=ADVANCED_FACE('',(#161),#2782,.T.);
#78=ADVANCED_FACE('',(#162),#2815,.T.);
#79=ADVANCED_FACE('',(#163),#2783,.T.);
#80=ADVANCED_FACE('',(#164),#2784,.T.);
#81=ADVANCED_FACE('',(#165),#2785,.T.);
#82=ADVANCED_FACE('',(#166,#22,#23,#24,#25),#2786,.T.);
#83=ADVANCED_FACE('',(#167),#2787,.T.);
#84=ADVANCED_FACE('',(#168),#2788,.T.);
#85=ADVANCED_FACE('',(#169),#2789,.T.);
#86=ADVANCED_FACE('',(#170),#2790,.T.);
#87=ADVANCED_FACE('',(#171),#2791,.T.);
#88=ADVANCED_FACE('',(#172),#2792,.T.);
#89=ADVANCED_FACE('',(#173),#2793,.T.);
#90=ADVANCED_FACE('',(#174),#2794,.T.);
#91=ADVANCED_FACE('',(#175),#2816,.T.);
#92=ADVANCED_FACE('',(#176),#2817,.T.);
#93=ADVANCED_FACE('',(#177),#2818,.T.);
#94=ADVANCED_FACE('',(#178),#2819,.T.);
#95=ADVANCED_FACE('',(#179),#2820,.T.);
#96=ADVANCED_FACE('',(#180),#2821,.T.);
#97=ADVANCED_FACE('',(#181),#2822,.T.);
#98=ADVANCED_FACE('',(#182),#2823,.T.);
#99=ADVANCED_FACE('',(#183),#2824,.T.);
#100=ADVANCED_FACE('',(#184,#26),#2795,.T.);
#101=ADVANCED_FACE('',(#185,#27),#2796,.T.);
#102=ADVANCED_FACE('',(#186,#28),#2797,.T.);
#103=ADVANCED_FACE('',(#187,#29),#2798,.T.);
#104=ADVANCED_FACE('',(#188),#2825,.T.);
#105=ADVANCED_FACE('',(#189),#2799,.T.);
#106=ADVANCED_FACE('',(#190),#2826,.T.);
#107=ADVANCED_FACE('',(#191,#30),#2800,.T.);
#108=ADVANCED_FACE('',(#192),#2827,.T.);
#109=ADVANCED_FACE('',(#193,#31),#2801,.T.);
#110=ADVANCED_FACE('',(#194,#32),#2802,.T.);
#111=ADVANCED_FACE('',(#195),#2828,.T.);
#112=ADVANCED_FACE('',(#196),#2829,.T.);
#113=ADVANCED_FACE('',(#197,#33),#2803,.T.);
#114=ADVANCED_FACE('',(#198),#2830,.T.);
#115=ADVANCED_FACE('',(#199),#2831,.T.);
#116=ADVANCED_FACE('',(#200),#2832,.T.);
#117=ADVANCED_FACE('',(#201),#2833,.T.);
#118=FACE_OUTER_BOUND('',#202,.T.);
#119=FACE_OUTER_BOUND('',#203,.T.);
#120=FACE_OUTER_BOUND('',#204,.T.);
#121=FACE_OUTER_BOUND('',#205,.T.);
#122=FACE_OUTER_BOUND('',#206,.T.);
#123=FACE_OUTER_BOUND('',#207,.T.);
#124=FACE_OUTER_BOUND('',#208,.T.);
#125=FACE_OUTER_BOUND('',#209,.T.);
#126=FACE_OUTER_BOUND('',#210,.T.);
#127=FACE_OUTER_BOUND('',#211,.T.);
#128=FACE_OUTER_BOUND('',#212,.T.);
#129=FACE_OUTER_BOUND('',#213,.T.);
#130=FACE_OUTER_BOUND('',#214,.T.);
#131=FACE_OUTER_BOUND('',#215,.T.);
#132=FACE_OUTER_BOUND('',#216,.T.);
#133=FACE_OUTER_BOUND('',#217,.T.);
#134=FACE_OUTER_BOUND('',#218,.T.);
#135=FACE_OUTER_BOUND('',#219,.T.);
#136=FACE_OUTER_BOUND('',#220,.T.);
#137=FACE_OUTER_BOUND('',#221,.T.);
#138=FACE_OUTER_BOUND('',#222,.T.);
#139=FACE_OUTER_BOUND('',#223,.T.);
#140=FACE_OUTER_BOUND('',#225,.T.);
#141=FACE_OUTER_BOUND('',#226,.T.);
#142=FACE_OUTER_BOUND('',#228,.T.);
#143=FACE_OUTER_BOUND('',#229,.T.);
#144=FACE_OUTER_BOUND('',#230,.T.);
#145=FACE_OUTER_BOUND('',#231,.T.);
#146=FACE_OUTER_BOUND('',#232,.T.);
#147=FACE_OUTER_BOUND('',#233,.T.);
#148=FACE_OUTER_BOUND('',#234,.T.);
#149=FACE_OUTER_BOUND('',#235,.T.);
#150=FACE_OUTER_BOUND('',#236,.T.);
#151=FACE_OUTER_BOUND('',#237,.T.);
#152=FACE_OUTER_BOUND('',#238,.T.);
#153=FACE_OUTER_BOUND('',#239,.T.);
#154=FACE_OUTER_BOUND('',#240,.T.);
#155=FACE_OUTER_BOUND('',#247,.T.);
#156=FACE_OUTER_BOUND('',#248,.T.);
#157=FACE_OUTER_BOUND('',#249,.T.);
#158=FACE_OUTER_BOUND('',#250,.T.);
#159=FACE_OUTER_BOUND('',#251,.T.);
#160=FACE_OUTER_BOUND('',#252,.T.);
#161=FACE_OUTER_BOUND('',#253,.T.);
#162=FACE_OUTER_BOUND('',#254,.T.);
#163=FACE_OUTER_BOUND('',#255,.T.);
#164=FACE_OUTER_BOUND('',#256,.T.);
#165=FACE_OUTER_BOUND('',#257,.T.);
#166=FACE_OUTER_BOUND('',#258,.T.);
#167=FACE_OUTER_BOUND('',#263,.T.);
#168=FACE_OUTER_BOUND('',#264,.T.);
#169=FACE_OUTER_BOUND('',#265,.T.);
#170=FACE_OUTER_BOUND('',#266,.T.);
#171=FACE_OUTER_BOUND('',#267,.T.);
#172=FACE_OUTER_BOUND('',#268,.T.);
#173=FACE_OUTER_BOUND('',#269,.T.);
#174=FACE_OUTER_BOUND('',#270,.T.);
#175=FACE_OUTER_BOUND('',#271,.T.);
#176=FACE_OUTER_BOUND('',#272,.T.);
#177=FACE_OUTER_BOUND('',#273,.T.);
#178=FACE_OUTER_BOUND('',#274,.T.);
#179=FACE_OUTER_BOUND('',#275,.T.);
#180=FACE_OUTER_BOUND('',#276,.T.);
#181=FACE_OUTER_BOUND('',#277,.T.);
#182=FACE_OUTER_BOUND('',#278,.T.);
#183=FACE_OUTER_BOUND('',#279,.T.);
#184=FACE_OUTER_BOUND('',#280,.T.);
#185=FACE_OUTER_BOUND('',#282,.T.);
#186=FACE_OUTER_BOUND('',#284,.T.);
#187=FACE_OUTER_BOUND('',#286,.T.);
#188=FACE_OUTER_BOUND('',#288,.T.);
#189=FACE_OUTER_BOUND('',#289,.T.);
#190=FACE_OUTER_BOUND('',#290,.T.);
#191=FACE_OUTER_BOUND('',#291,.T.);
#192=FACE_OUTER_BOUND('',#293,.T.);
#193=FACE_OUTER_BOUND('',#294,.T.);
#194=FACE_OUTER_BOUND('',#296,.T.);
#195=FACE_OUTER_BOUND('',#298,.T.);
#196=FACE_OUTER_BOUND('',#299,.T.);
#197=FACE_OUTER_BOUND('',#300,.T.);
#198=FACE_OUTER_BOUND('',#302,.T.);
#199=FACE_OUTER_BOUND('',#303,.T.);
#200=FACE_OUTER_BOUND('',#304,.T.);
#201=FACE_OUTER_BOUND('',#305,.T.);
#202=EDGE_LOOP('',(#306,#307,#308,#309));
#203=EDGE_LOOP('',(#310,#311,#312,#313));
#204=EDGE_LOOP('',(#314,#315,#316,#317,#318));
#205=EDGE_LOOP('',(#319,#320,#321,#322,#323));
#206=EDGE_LOOP('',(#324,#325,#326,#327));
#207=EDGE_LOOP('',(#328,#329,#330,#331));
#208=EDGE_LOOP('',(#332,#333,#334,#335));
#209=EDGE_LOOP('',(#336,#337,#338,#339));
#210=EDGE_LOOP('',(#340,#341,#342,#343));
#211=EDGE_LOOP('',(#344,#345,#346,#347));
#212=EDGE_LOOP('',(#348,#349,#350,#351));
#213=EDGE_LOOP('',(#352,#353,#354,#355));
#214=EDGE_LOOP('',(#356,#357,#358,#359));
#215=EDGE_LOOP('',(#360,#361,#362,#363));
#216=EDGE_LOOP('',(#364,#365,#366,#367));
#217=EDGE_LOOP('',(#368,#369,#370,#371));
#218=EDGE_LOOP('',(#372,#373,#374,#375));
#219=EDGE_LOOP('',(#376,#377,#378,#379));
#220=EDGE_LOOP('',(#380,#381,#382,#383));
#221=EDGE_LOOP('',(#384,#385,#386,#387));
#222=EDGE_LOOP('',(#388,#389,#390,#391));
#223=EDGE_LOOP('',(#392,#393,#394,#395,#396,#397,#398,#399,#400,#401,#402,
#403));
#224=EDGE_LOOP('',(#404));
#225=EDGE_LOOP('',(#405,#406,#407,#408));
#226=EDGE_LOOP('',(#409));
#227=EDGE_LOOP('',(#410,#411));
#228=EDGE_LOOP('',(#412,#413));
#229=EDGE_LOOP('',(#414,#415,#416,#417,#418));
#230=EDGE_LOOP('',(#419,#420,#421,#422));
#231=EDGE_LOOP('',(#423,#424,#425,#426));
#232=EDGE_LOOP('',(#427,#428,#429,#430));
#233=EDGE_LOOP('',(#431,#432,#433,#434,#435));
#234=EDGE_LOOP('',(#436,#437,#438,#439,#440,#441,#442,#443,#444,#445,#446,
#447));
#235=EDGE_LOOP('',(#448,#449,#450,#451));
#236=EDGE_LOOP('',(#452,#453,#454,#455));
#237=EDGE_LOOP('',(#456,#457,#458,#459,#460,#461));
#238=EDGE_LOOP('',(#462,#463,#464,#465));
#239=EDGE_LOOP('',(#466,#467,#468,#469,#470,#471,#472));
#240=EDGE_LOOP('',(#473,#474,#475,#476,#477,#478,#479,#480,#481,#482,#483,
#484,#485,#486,#487,#488,#489,#490,#491,#492,#493,#494));
#241=EDGE_LOOP('',(#495,#496));
#242=EDGE_LOOP('',(#497,#498));
#243=EDGE_LOOP('',(#499,#500));
#244=EDGE_LOOP('',(#501,#502));
#245=EDGE_LOOP('',(#503,#504,#505,#506));
#246=EDGE_LOOP('',(#507,#508,#509,#510));
#247=EDGE_LOOP('',(#511,#512,#513,#514));
#248=EDGE_LOOP('',(#515,#516,#517,#518));
#249=EDGE_LOOP('',(#519,#520,#521,#522));
#250=EDGE_LOOP('',(#523,#524,#525,#526));
#251=EDGE_LOOP('',(#527,#528,#529,#530));
#252=EDGE_LOOP('',(#531,#532,#533,#534));
#253=EDGE_LOOP('',(#535,#536,#537,#538));
#254=EDGE_LOOP('',(#539,#540,#541,#542));
#255=EDGE_LOOP('',(#543,#544,#545));
#256=EDGE_LOOP('',(#546,#547,#548,#549));
#257=EDGE_LOOP('',(#550,#551,#552,#553));
#258=EDGE_LOOP('',(#554,#555,#556,#557,#558,#559,#560,#561,#562,#563,#564,
#565,#566,#567,#568,#569));
#259=EDGE_LOOP('',(#570));
#260=EDGE_LOOP('',(#571));
#261=EDGE_LOOP('',(#572));
#262=EDGE_LOOP('',(#573));
#263=EDGE_LOOP('',(#574,#575,#576,#577,#578,#579));
#264=EDGE_LOOP('',(#580,#581,#582,#583));
#265=EDGE_LOOP('',(#584,#585,#586,#587,#588,#589,#590));
#266=EDGE_LOOP('',(#591,#592,#593,#594,#595,#596,#597));
#267=EDGE_LOOP('',(#598,#599,#600,#601,#602,#603));
#268=EDGE_LOOP('',(#604,#605,#606,#607));
#269=EDGE_LOOP('',(#608,#609,#610,#611,#612,#613,#614));
#270=EDGE_LOOP('',(#615,#616,#617,#618,#619,#620,#621));
#271=EDGE_LOOP('',(#622,#623,#624,#625));
#272=EDGE_LOOP('',(#626,#627,#628,#629));
#273=EDGE_LOOP('',(#630,#631,#632,#633));
#274=EDGE_LOOP('',(#634,#635,#636,#637));
#275=EDGE_LOOP('',(#638,#639,#640,#641));
#276=EDGE_LOOP('',(#642,#643,#644,#645));
#277=EDGE_LOOP('',(#646,#647,#648,#649));
#278=EDGE_LOOP('',(#650,#651,#652,#653));
#279=EDGE_LOOP('',(#654,#655,#656,#657));
#280=EDGE_LOOP('',(#658));
#281=EDGE_LOOP('',(#659,#660));
#282=EDGE_LOOP('',(#661));
#283=EDGE_LOOP('',(#662,#663));
#284=EDGE_LOOP('',(#664));
#285=EDGE_LOOP('',(#665,#666));
#286=EDGE_LOOP('',(#667));
#287=EDGE_LOOP('',(#668,#669));
#288=EDGE_LOOP('',(#670,#671,#672,#673));
#289=EDGE_LOOP('',(#674,#675,#676,#677));
#290=EDGE_LOOP('',(#678,#679,#680,#681));
#291=EDGE_LOOP('',(#682,#683));
#292=EDGE_LOOP('',(#684,#685));
#293=EDGE_LOOP('',(#686,#687,#688,#689));
#294=EDGE_LOOP('',(#690,#691));
#295=EDGE_LOOP('',(#692,#693));
#296=EDGE_LOOP('',(#694,#695));
#297=EDGE_LOOP('',(#696,#697));
#298=EDGE_LOOP('',(#698,#699,#700,#701));
#299=EDGE_LOOP('',(#702,#703,#704,#705));
#300=EDGE_LOOP('',(#706,#707));
#301=EDGE_LOOP('',(#708,#709));
#302=EDGE_LOOP('',(#710,#711,#712,#713));
#303=EDGE_LOOP('',(#714,#715,#716,#717));
#304=EDGE_LOOP('',(#718,#719,#720,#721));
#305=EDGE_LOOP('',(#722,#723,#724,#725));
#306=ORIENTED_EDGE('',*,*,#2231,.T.);
#307=ORIENTED_EDGE('',*,*,#2232,.T.);
#308=ORIENTED_EDGE('',*,*,#2233,.T.);
#309=ORIENTED_EDGE('',*,*,#2234,.T.);
#310=ORIENTED_EDGE('',*,*,#2235,.T.);
#311=ORIENTED_EDGE('',*,*,#2236,.T.);
#312=ORIENTED_EDGE('',*,*,#2237,.T.);
#313=ORIENTED_EDGE('',*,*,#2238,.T.);
#314=ORIENTED_EDGE('',*,*,#2239,.T.);
#315=ORIENTED_EDGE('',*,*,#2238,.F.);
#316=ORIENTED_EDGE('',*,*,#2240,.T.);
#317=ORIENTED_EDGE('',*,*,#2241,.T.);
#318=ORIENTED_EDGE('',*,*,#2242,.T.);
#319=ORIENTED_EDGE('',*,*,#2243,.T.);
#320=ORIENTED_EDGE('',*,*,#2244,.T.);
#321=ORIENTED_EDGE('',*,*,#2245,.T.);
#322=ORIENTED_EDGE('',*,*,#2233,.F.);
#323=ORIENTED_EDGE('',*,*,#2246,.T.);
#324=ORIENTED_EDGE('',*,*,#2247,.T.);
#325=ORIENTED_EDGE('',*,*,#2248,.T.);
#326=ORIENTED_EDGE('',*,*,#2249,.T.);
#327=ORIENTED_EDGE('',*,*,#2250,.T.);
#328=ORIENTED_EDGE('',*,*,#2251,.T.);
#329=ORIENTED_EDGE('',*,*,#2252,.T.);
#330=ORIENTED_EDGE('',*,*,#2253,.T.);
#331=ORIENTED_EDGE('',*,*,#2248,.F.);
#332=ORIENTED_EDGE('',*,*,#2244,.F.);
#333=ORIENTED_EDGE('',*,*,#2254,.T.);
#334=ORIENTED_EDGE('',*,*,#2251,.F.);
#335=ORIENTED_EDGE('',*,*,#2247,.F.);
#336=ORIENTED_EDGE('',*,*,#2255,.T.);
#337=ORIENTED_EDGE('',*,*,#2256,.T.);
#338=ORIENTED_EDGE('',*,*,#2257,.T.);
#339=ORIENTED_EDGE('',*,*,#2258,.T.);
#340=ORIENTED_EDGE('',*,*,#2259,.T.);
#341=ORIENTED_EDGE('',*,*,#2260,.T.);
#342=ORIENTED_EDGE('',*,*,#2261,.T.);
#343=ORIENTED_EDGE('',*,*,#2256,.F.);
#344=ORIENTED_EDGE('',*,*,#2259,.F.);
#345=ORIENTED_EDGE('',*,*,#2255,.F.);
#346=ORIENTED_EDGE('',*,*,#2262,.T.);
#347=ORIENTED_EDGE('',*,*,#2241,.F.);
#348=ORIENTED_EDGE('',*,*,#2263,.T.);
#349=ORIENTED_EDGE('',*,*,#2264,.T.);
#350=ORIENTED_EDGE('',*,*,#2265,.T.);
#351=ORIENTED_EDGE('',*,*,#2266,.T.);
#352=ORIENTED_EDGE('',*,*,#2267,.T.);
#353=ORIENTED_EDGE('',*,*,#2268,.T.);
#354=ORIENTED_EDGE('',*,*,#2269,.T.);
#355=ORIENTED_EDGE('',*,*,#2264,.F.);
#356=ORIENTED_EDGE('',*,*,#2270,.T.);
#357=ORIENTED_EDGE('',*,*,#2271,.T.);
#358=ORIENTED_EDGE('',*,*,#2272,.T.);
#359=ORIENTED_EDGE('',*,*,#2268,.F.);
#360=ORIENTED_EDGE('',*,*,#2270,.F.);
#361=ORIENTED_EDGE('',*,*,#2267,.F.);
#362=ORIENTED_EDGE('',*,*,#2263,.F.);
#363=ORIENTED_EDGE('',*,*,#2273,.T.);
#364=ORIENTED_EDGE('',*,*,#2274,.T.);
#365=ORIENTED_EDGE('',*,*,#2265,.F.);
#366=ORIENTED_EDGE('',*,*,#2269,.F.);
#367=ORIENTED_EDGE('',*,*,#2272,.F.);
#368=ORIENTED_EDGE('',*,*,#2275,.T.);
#369=ORIENTED_EDGE('',*,*,#2276,.T.);
#370=ORIENTED_EDGE('',*,*,#2277,.T.);
#371=ORIENTED_EDGE('',*,*,#2278,.T.);
#372=ORIENTED_EDGE('',*,*,#2279,.T.);
#373=ORIENTED_EDGE('',*,*,#2280,.T.);
#374=ORIENTED_EDGE('',*,*,#2281,.T.);
#375=ORIENTED_EDGE('',*,*,#2276,.F.);
#376=ORIENTED_EDGE('',*,*,#2282,.T.);
#377=ORIENTED_EDGE('',*,*,#2283,.T.);
#378=ORIENTED_EDGE('',*,*,#2284,.T.);
#379=ORIENTED_EDGE('',*,*,#2280,.F.);
#380=ORIENTED_EDGE('',*,*,#2285,.T.);
#381=ORIENTED_EDGE('',*,*,#2282,.F.);
#382=ORIENTED_EDGE('',*,*,#2279,.F.);
#383=ORIENTED_EDGE('',*,*,#2275,.F.);
#384=ORIENTED_EDGE('',*,*,#2277,.F.);
#385=ORIENTED_EDGE('',*,*,#2281,.F.);
#386=ORIENTED_EDGE('',*,*,#2284,.F.);
#387=ORIENTED_EDGE('',*,*,#2286,.T.);
#388=ORIENTED_EDGE('',*,*,#2287,.T.);
#389=ORIENTED_EDGE('',*,*,#2288,.T.);
#390=ORIENTED_EDGE('',*,*,#2289,.T.);
#391=ORIENTED_EDGE('',*,*,#2290,.T.);
#392=ORIENTED_EDGE('',*,*,#2291,.T.);
#393=ORIENTED_EDGE('',*,*,#2292,.T.);
#394=ORIENTED_EDGE('',*,*,#2293,.T.);
#395=ORIENTED_EDGE('',*,*,#2294,.T.);
#396=ORIENTED_EDGE('',*,*,#2258,.F.);
#397=ORIENTED_EDGE('',*,*,#2295,.T.);
#398=ORIENTED_EDGE('',*,*,#2296,.T.);
#399=ORIENTED_EDGE('',*,*,#2297,.T.);
#400=ORIENTED_EDGE('',*,*,#2252,.F.);
#401=ORIENTED_EDGE('',*,*,#2298,.T.);
#402=ORIENTED_EDGE('',*,*,#2299,.T.);
#403=ORIENTED_EDGE('',*,*,#2300,.T.);
#404=ORIENTED_EDGE('',*,*,#2301,.T.);
#405=ORIENTED_EDGE('',*,*,#2302,.T.);
#406=ORIENTED_EDGE('',*,*,#2303,.T.);
#407=ORIENTED_EDGE('',*,*,#2304,.T.);
#408=ORIENTED_EDGE('',*,*,#2305,.T.);
#409=ORIENTED_EDGE('',*,*,#2301,.F.);
#410=ORIENTED_EDGE('',*,*,#2302,.F.);
#411=ORIENTED_EDGE('',*,*,#2306,.T.);
#412=ORIENTED_EDGE('',*,*,#2304,.F.);
#413=ORIENTED_EDGE('',*,*,#2307,.T.);
#414=ORIENTED_EDGE('',*,*,#2242,.F.);
#415=ORIENTED_EDGE('',*,*,#2262,.F.);
#416=ORIENTED_EDGE('',*,*,#2294,.F.);
#417=ORIENTED_EDGE('',*,*,#2308,.T.);
#418=ORIENTED_EDGE('',*,*,#2309,.T.);
#419=ORIENTED_EDGE('',*,*,#2293,.F.);
#420=ORIENTED_EDGE('',*,*,#2310,.T.);
#421=ORIENTED_EDGE('',*,*,#2311,.T.);
#422=ORIENTED_EDGE('',*,*,#2308,.F.);
#423=ORIENTED_EDGE('',*,*,#2312,.T.);
#424=ORIENTED_EDGE('',*,*,#2300,.F.);
#425=ORIENTED_EDGE('',*,*,#2313,.T.);
#426=ORIENTED_EDGE('',*,*,#2314,.T.);
#427=ORIENTED_EDGE('',*,*,#2313,.F.);
#428=ORIENTED_EDGE('',*,*,#2299,.F.);
#429=ORIENTED_EDGE('',*,*,#2315,.T.);
#430=ORIENTED_EDGE('',*,*,#2316,.T.);
#431=ORIENTED_EDGE('',*,*,#2315,.F.);
#432=ORIENTED_EDGE('',*,*,#2298,.F.);
#433=ORIENTED_EDGE('',*,*,#2254,.F.);
#434=ORIENTED_EDGE('',*,*,#2243,.F.);
#435=ORIENTED_EDGE('',*,*,#2317,.T.);
#436=ORIENTED_EDGE('',*,*,#2318,.T.);
#437=ORIENTED_EDGE('',*,*,#2314,.F.);
#438=ORIENTED_EDGE('',*,*,#2316,.F.);
#439=ORIENTED_EDGE('',*,*,#2317,.F.);
#440=ORIENTED_EDGE('',*,*,#2319,.T.);
#441=ORIENTED_EDGE('',*,*,#2320,.T.);
#442=ORIENTED_EDGE('',*,*,#2321,.T.);
#443=ORIENTED_EDGE('',*,*,#2322,.T.);
#444=ORIENTED_EDGE('',*,*,#2323,.T.);
#445=ORIENTED_EDGE('',*,*,#2309,.F.);
#446=ORIENTED_EDGE('',*,*,#2311,.F.);
#447=ORIENTED_EDGE('',*,*,#2324,.T.);
#448=ORIENTED_EDGE('',*,*,#2325,.T.);
#449=ORIENTED_EDGE('',*,*,#2326,.T.);
#450=ORIENTED_EDGE('',*,*,#2288,.F.);
#451=ORIENTED_EDGE('',*,*,#2327,.T.);
#452=ORIENTED_EDGE('',*,*,#2328,.T.);
#453=ORIENTED_EDGE('',*,*,#2329,.T.);
#454=ORIENTED_EDGE('',*,*,#2330,.T.);
#455=ORIENTED_EDGE('',*,*,#2331,.T.);
#456=ORIENTED_EDGE('',*,*,#2332,.T.);
#457=ORIENTED_EDGE('',*,*,#2333,.T.);
#458=ORIENTED_EDGE('',*,*,#2334,.T.);
#459=ORIENTED_EDGE('',*,*,#2335,.T.);
#460=ORIENTED_EDGE('',*,*,#2330,.F.);
#461=ORIENTED_EDGE('',*,*,#2336,.T.);
#462=ORIENTED_EDGE('',*,*,#2337,.T.);
#463=ORIENTED_EDGE('',*,*,#2338,.T.);
#464=ORIENTED_EDGE('',*,*,#2332,.F.);
#465=ORIENTED_EDGE('',*,*,#2339,.T.);
#466=ORIENTED_EDGE('',*,*,#2340,.T.);
#467=ORIENTED_EDGE('',*,*,#2341,.T.);
#468=ORIENTED_EDGE('',*,*,#2236,.F.);
#469=ORIENTED_EDGE('',*,*,#2342,.T.);
#470=ORIENTED_EDGE('',*,*,#2231,.F.);
#471=ORIENTED_EDGE('',*,*,#2343,.T.);
#472=ORIENTED_EDGE('',*,*,#2344,.T.);
#473=ORIENTED_EDGE('',*,*,#2345,.T.);
#474=ORIENTED_EDGE('',*,*,#2260,.F.);
#475=ORIENTED_EDGE('',*,*,#2240,.F.);
#476=ORIENTED_EDGE('',*,*,#2237,.F.);
#477=ORIENTED_EDGE('',*,*,#2341,.F.);
#478=ORIENTED_EDGE('',*,*,#2346,.T.);
#479=ORIENTED_EDGE('',*,*,#2347,.T.);
#480=ORIENTED_EDGE('',*,*,#2348,.T.);
#481=ORIENTED_EDGE('',*,*,#2349,.T.);
#482=ORIENTED_EDGE('',*,*,#2350,.T.);
#483=ORIENTED_EDGE('',*,*,#2351,.T.);
#484=ORIENTED_EDGE('',*,*,#2352,.T.);
#485=ORIENTED_EDGE('',*,*,#2353,.T.);
#486=ORIENTED_EDGE('',*,*,#2354,.T.);
#487=ORIENTED_EDGE('',*,*,#2343,.F.);
#488=ORIENTED_EDGE('',*,*,#2234,.F.);
#489=ORIENTED_EDGE('',*,*,#2245,.F.);
#490=ORIENTED_EDGE('',*,*,#2250,.F.);
#491=ORIENTED_EDGE('',*,*,#2355,.T.);
#492=ORIENTED_EDGE('',*,*,#2339,.F.);
#493=ORIENTED_EDGE('',*,*,#2336,.F.);
#494=ORIENTED_EDGE('',*,*,#2329,.F.);
#495=ORIENTED_EDGE('',*,*,#2356,.T.);
#496=ORIENTED_EDGE('',*,*,#2357,.T.);
#497=ORIENTED_EDGE('',*,*,#2358,.T.);
#498=ORIENTED_EDGE('',*,*,#2359,.T.);
#499=ORIENTED_EDGE('',*,*,#2360,.T.);
#500=ORIENTED_EDGE('',*,*,#2361,.T.);
#501=ORIENTED_EDGE('',*,*,#2362,.T.);
#502=ORIENTED_EDGE('',*,*,#2363,.T.);
#503=ORIENTED_EDGE('',*,*,#2271,.F.);
#504=ORIENTED_EDGE('',*,*,#2273,.F.);
#505=ORIENTED_EDGE('',*,*,#2266,.F.);
#506=ORIENTED_EDGE('',*,*,#2274,.F.);
#507=ORIENTED_EDGE('',*,*,#2286,.F.);
#508=ORIENTED_EDGE('',*,*,#2283,.F.);
#509=ORIENTED_EDGE('',*,*,#2285,.F.);
#510=ORIENTED_EDGE('',*,*,#2278,.F.);
#511=ORIENTED_EDGE('',*,*,#2349,.F.);
#512=ORIENTED_EDGE('',*,*,#2364,.T.);
#513=ORIENTED_EDGE('',*,*,#2365,.T.);
#514=ORIENTED_EDGE('',*,*,#2366,.T.);
#515=ORIENTED_EDGE('',*,*,#2344,.F.);
#516=ORIENTED_EDGE('',*,*,#2354,.F.);
#517=ORIENTED_EDGE('',*,*,#2367,.T.);
#518=ORIENTED_EDGE('',*,*,#2368,.T.);
#519=ORIENTED_EDGE('',*,*,#2353,.F.);
#520=ORIENTED_EDGE('',*,*,#2369,.T.);
#521=ORIENTED_EDGE('',*,*,#2370,.T.);
#522=ORIENTED_EDGE('',*,*,#2367,.F.);
#523=ORIENTED_EDGE('',*,*,#2364,.F.);
#524=ORIENTED_EDGE('',*,*,#2348,.F.);
#525=ORIENTED_EDGE('',*,*,#2371,.T.);
#526=ORIENTED_EDGE('',*,*,#2372,.T.);
#527=ORIENTED_EDGE('',*,*,#2351,.F.);
#528=ORIENTED_EDGE('',*,*,#2373,.T.);
#529=ORIENTED_EDGE('',*,*,#2365,.F.);
#530=ORIENTED_EDGE('',*,*,#2374,.T.);
#531=ORIENTED_EDGE('',*,*,#2375,.T.);
#532=ORIENTED_EDGE('',*,*,#2346,.F.);
#533=ORIENTED_EDGE('',*,*,#2340,.F.);
#534=ORIENTED_EDGE('',*,*,#2368,.F.);
#535=ORIENTED_EDGE('',*,*,#2347,.F.);
#536=ORIENTED_EDGE('',*,*,#2375,.F.);
#537=ORIENTED_EDGE('',*,*,#2370,.F.);
#538=ORIENTED_EDGE('',*,*,#2371,.F.);
#539=ORIENTED_EDGE('',*,*,#2369,.F.);
#540=ORIENTED_EDGE('',*,*,#2352,.F.);
#541=ORIENTED_EDGE('',*,*,#2374,.F.);
#542=ORIENTED_EDGE('',*,*,#2372,.F.);
#543=ORIENTED_EDGE('',*,*,#2350,.F.);
#544=ORIENTED_EDGE('',*,*,#2366,.F.);
#545=ORIENTED_EDGE('',*,*,#2373,.F.);
#546=ORIENTED_EDGE('',*,*,#2376,.T.);
#547=ORIENTED_EDGE('',*,*,#2290,.F.);
#548=ORIENTED_EDGE('',*,*,#2377,.T.);
#549=ORIENTED_EDGE('',*,*,#2296,.F.);
#550=ORIENTED_EDGE('',*,*,#2325,.F.);
#551=ORIENTED_EDGE('',*,*,#2378,.T.);
#552=ORIENTED_EDGE('',*,*,#2321,.F.);
#553=ORIENTED_EDGE('',*,*,#2379,.T.);
#554=ORIENTED_EDGE('',*,*,#2380,.T.);
#555=ORIENTED_EDGE('',*,*,#2381,.T.);
#556=ORIENTED_EDGE('',*,*,#2334,.F.);
#557=ORIENTED_EDGE('',*,*,#2382,.T.);
#558=ORIENTED_EDGE('',*,*,#2383,.T.);
#559=ORIENTED_EDGE('',*,*,#2384,.T.);
#560=ORIENTED_EDGE('',*,*,#2385,.T.);
#561=ORIENTED_EDGE('',*,*,#2319,.F.);
#562=ORIENTED_EDGE('',*,*,#2246,.F.);
#563=ORIENTED_EDGE('',*,*,#2232,.F.);
#564=ORIENTED_EDGE('',*,*,#2342,.F.);
#565=ORIENTED_EDGE('',*,*,#2235,.F.);
#566=ORIENTED_EDGE('',*,*,#2239,.F.);
#567=ORIENTED_EDGE('',*,*,#2323,.F.);
#568=ORIENTED_EDGE('',*,*,#2386,.T.);
#569=ORIENTED_EDGE('',*,*,#2387,.T.);
#570=ORIENTED_EDGE('',*,*,#2388,.T.);
#571=ORIENTED_EDGE('',*,*,#2389,.T.);
#572=ORIENTED_EDGE('',*,*,#2390,.T.);
#573=ORIENTED_EDGE('',*,*,#2391,.T.);
#574=ORIENTED_EDGE('',*,*,#2327,.F.);
#575=ORIENTED_EDGE('',*,*,#2287,.F.);
#576=ORIENTED_EDGE('',*,*,#2376,.F.);
#577=ORIENTED_EDGE('',*,*,#2392,.T.);
#578=ORIENTED_EDGE('',*,*,#2393,.T.);
#579=ORIENTED_EDGE('',*,*,#2394,.T.);
#580=ORIENTED_EDGE('',*,*,#2395,.T.);
#581=ORIENTED_EDGE('',*,*,#2392,.F.);
#582=ORIENTED_EDGE('',*,*,#2295,.F.);
#583=ORIENTED_EDGE('',*,*,#2257,.F.);
#584=ORIENTED_EDGE('',*,*,#2386,.F.);
#585=ORIENTED_EDGE('',*,*,#2322,.F.);
#586=ORIENTED_EDGE('',*,*,#2378,.F.);
#587=ORIENTED_EDGE('',*,*,#2394,.F.);
#588=ORIENTED_EDGE('',*,*,#2381,.F.);
#589=ORIENTED_EDGE('',*,*,#2380,.F.);
#590=ORIENTED_EDGE('',*,*,#2387,.F.);
#591=ORIENTED_EDGE('',*,*,#2328,.F.);
#592=ORIENTED_EDGE('',*,*,#2331,.F.);
#593=ORIENTED_EDGE('',*,*,#2335,.F.);
#594=ORIENTED_EDGE('',*,*,#2393,.F.);
#595=ORIENTED_EDGE('',*,*,#2395,.F.);
#596=ORIENTED_EDGE('',*,*,#2261,.F.);
#597=ORIENTED_EDGE('',*,*,#2345,.F.);
#598=ORIENTED_EDGE('',*,*,#2326,.F.);
#599=ORIENTED_EDGE('',*,*,#2396,.T.);
#600=ORIENTED_EDGE('',*,*,#2397,.T.);
#601=ORIENTED_EDGE('',*,*,#2398,.T.);
#602=ORIENTED_EDGE('',*,*,#2377,.F.);
#603=ORIENTED_EDGE('',*,*,#2289,.F.);
#604=ORIENTED_EDGE('',*,*,#2253,.F.);
#605=ORIENTED_EDGE('',*,*,#2297,.F.);
#606=ORIENTED_EDGE('',*,*,#2398,.F.);
#607=ORIENTED_EDGE('',*,*,#2399,.T.);
#608=ORIENTED_EDGE('',*,*,#2384,.F.);
#609=ORIENTED_EDGE('',*,*,#2383,.F.);
#610=ORIENTED_EDGE('',*,*,#2382,.F.);
#611=ORIENTED_EDGE('',*,*,#2396,.F.);
#612=ORIENTED_EDGE('',*,*,#2379,.F.);
#613=ORIENTED_EDGE('',*,*,#2320,.F.);
#614=ORIENTED_EDGE('',*,*,#2385,.F.);
#615=ORIENTED_EDGE('',*,*,#2249,.F.);
#616=ORIENTED_EDGE('',*,*,#2399,.F.);
#617=ORIENTED_EDGE('',*,*,#2397,.F.);
#618=ORIENTED_EDGE('',*,*,#2333,.F.);
#619=ORIENTED_EDGE('',*,*,#2338,.F.);
#620=ORIENTED_EDGE('',*,*,#2337,.F.);
#621=ORIENTED_EDGE('',*,*,#2355,.F.);
#622=ORIENTED_EDGE('',*,*,#2303,.F.);
#623=ORIENTED_EDGE('',*,*,#2306,.F.);
#624=ORIENTED_EDGE('',*,*,#2305,.F.);
#625=ORIENTED_EDGE('',*,*,#2307,.F.);
#626=ORIENTED_EDGE('',*,*,#2400,.T.);
#627=ORIENTED_EDGE('',*,*,#2401,.T.);
#628=ORIENTED_EDGE('',*,*,#2363,.F.);
#629=ORIENTED_EDGE('',*,*,#2402,.T.);
#630=ORIENTED_EDGE('',*,*,#2403,.T.);
#631=ORIENTED_EDGE('',*,*,#2404,.T.);
#632=ORIENTED_EDGE('',*,*,#2357,.F.);
#633=ORIENTED_EDGE('',*,*,#2405,.T.);
#634=ORIENTED_EDGE('',*,*,#2406,.T.);
#635=ORIENTED_EDGE('',*,*,#2407,.T.);
#636=ORIENTED_EDGE('',*,*,#2361,.F.);
#637=ORIENTED_EDGE('',*,*,#2408,.T.);
#638=ORIENTED_EDGE('',*,*,#2409,.T.);
#639=ORIENTED_EDGE('',*,*,#2410,.T.);
#640=ORIENTED_EDGE('',*,*,#2359,.F.);
#641=ORIENTED_EDGE('',*,*,#2411,.T.);
#642=ORIENTED_EDGE('',*,*,#2412,.T.);
#643=ORIENTED_EDGE('',*,*,#2402,.F.);
#644=ORIENTED_EDGE('',*,*,#2362,.F.);
#645=ORIENTED_EDGE('',*,*,#2401,.F.);
#646=ORIENTED_EDGE('',*,*,#2413,.T.);
#647=ORIENTED_EDGE('',*,*,#2405,.F.);
#648=ORIENTED_EDGE('',*,*,#2356,.F.);
#649=ORIENTED_EDGE('',*,*,#2404,.F.);
#650=ORIENTED_EDGE('',*,*,#2414,.T.);
#651=ORIENTED_EDGE('',*,*,#2408,.F.);
#652=ORIENTED_EDGE('',*,*,#2360,.F.);
#653=ORIENTED_EDGE('',*,*,#2407,.F.);
#654=ORIENTED_EDGE('',*,*,#2415,.T.);
#655=ORIENTED_EDGE('',*,*,#2411,.F.);
#656=ORIENTED_EDGE('',*,*,#2358,.F.);
#657=ORIENTED_EDGE('',*,*,#2410,.F.);
#658=ORIENTED_EDGE('',*,*,#2391,.F.);
#659=ORIENTED_EDGE('',*,*,#2416,.T.);
#660=ORIENTED_EDGE('',*,*,#2417,.T.);
#661=ORIENTED_EDGE('',*,*,#2390,.F.);
#662=ORIENTED_EDGE('',*,*,#2418,.T.);
#663=ORIENTED_EDGE('',*,*,#2419,.T.);
#664=ORIENTED_EDGE('',*,*,#2388,.F.);
#665=ORIENTED_EDGE('',*,*,#2420,.T.);
#666=ORIENTED_EDGE('',*,*,#2421,.T.);
#667=ORIENTED_EDGE('',*,*,#2389,.F.);
#668=ORIENTED_EDGE('',*,*,#2422,.T.);
#669=ORIENTED_EDGE('',*,*,#2423,.T.);
#670=ORIENTED_EDGE('',*,*,#2424,.T.);
#671=ORIENTED_EDGE('',*,*,#2324,.F.);
#672=ORIENTED_EDGE('',*,*,#2310,.F.);
#673=ORIENTED_EDGE('',*,*,#2292,.F.);
#674=ORIENTED_EDGE('',*,*,#2424,.F.);
#675=ORIENTED_EDGE('',*,*,#2291,.F.);
#676=ORIENTED_EDGE('',*,*,#2312,.F.);
#677=ORIENTED_EDGE('',*,*,#2318,.F.);
#678=ORIENTED_EDGE('',*,*,#2416,.F.);
#679=ORIENTED_EDGE('',*,*,#2425,.T.);
#680=ORIENTED_EDGE('',*,*,#2426,.T.);
#681=ORIENTED_EDGE('',*,*,#2427,.T.);
#682=ORIENTED_EDGE('',*,*,#2428,.T.);
#683=ORIENTED_EDGE('',*,*,#2426,.F.);
#684=ORIENTED_EDGE('',*,*,#2400,.F.);
#685=ORIENTED_EDGE('',*,*,#2412,.F.);
#686=ORIENTED_EDGE('',*,*,#2418,.F.);
#687=ORIENTED_EDGE('',*,*,#2429,.T.);
#688=ORIENTED_EDGE('',*,*,#2430,.T.);
#689=ORIENTED_EDGE('',*,*,#2431,.T.);
#690=ORIENTED_EDGE('',*,*,#2432,.T.);
#691=ORIENTED_EDGE('',*,*,#2430,.F.);
#692=ORIENTED_EDGE('',*,*,#2413,.F.);
#693=ORIENTED_EDGE('',*,*,#2403,.F.);
#694=ORIENTED_EDGE('',*,*,#2433,.T.);
#695=ORIENTED_EDGE('',*,*,#2434,.T.);
#696=ORIENTED_EDGE('',*,*,#2414,.F.);
#697=ORIENTED_EDGE('',*,*,#2406,.F.);
#698=ORIENTED_EDGE('',*,*,#2422,.F.);
#699=ORIENTED_EDGE('',*,*,#2435,.T.);
#700=ORIENTED_EDGE('',*,*,#2434,.F.);
#701=ORIENTED_EDGE('',*,*,#2436,.T.);
#702=ORIENTED_EDGE('',*,*,#2420,.F.);
#703=ORIENTED_EDGE('',*,*,#2437,.T.);
#704=ORIENTED_EDGE('',*,*,#2438,.T.);
#705=ORIENTED_EDGE('',*,*,#2439,.T.);
#706=ORIENTED_EDGE('',*,*,#2440,.T.);
#707=ORIENTED_EDGE('',*,*,#2438,.F.);
#708=ORIENTED_EDGE('',*,*,#2409,.F.);
#709=ORIENTED_EDGE('',*,*,#2415,.F.);
#710=ORIENTED_EDGE('',*,*,#2427,.F.);
#711=ORIENTED_EDGE('',*,*,#2428,.F.);
#712=ORIENTED_EDGE('',*,*,#2425,.F.);
#713=ORIENTED_EDGE('',*,*,#2417,.F.);
#714=ORIENTED_EDGE('',*,*,#2431,.F.);
#715=ORIENTED_EDGE('',*,*,#2432,.F.);
#716=ORIENTED_EDGE('',*,*,#2429,.F.);
#717=ORIENTED_EDGE('',*,*,#2419,.F.);
#718=ORIENTED_EDGE('',*,*,#2436,.F.);
#719=ORIENTED_EDGE('',*,*,#2433,.F.);
#720=ORIENTED_EDGE('',*,*,#2435,.F.);
#721=ORIENTED_EDGE('',*,*,#2423,.F.);
#722=ORIENTED_EDGE('',*,*,#2439,.F.);
#723=ORIENTED_EDGE('',*,*,#2440,.F.);
#724=ORIENTED_EDGE('',*,*,#2437,.F.);
#725=ORIENTED_EDGE('',*,*,#2421,.F.);
#726=PCURVE('',#2804,#1146);
#727=PCURVE('',#2804,#1147);
#728=PCURVE('',#2804,#1148);
#729=PCURVE('',#2804,#1149);
#730=PCURVE('',#2805,#1150);
#731=PCURVE('',#2805,#1151);
#732=PCURVE('',#2805,#1152);
#733=PCURVE('',#2805,#1153);
#734=PCURVE('',#2750,#1154);
#735=PCURVE('',#2750,#1155);
#736=PCURVE('',#2750,#1156);
#737=PCURVE('',#2750,#1157);
#738=PCURVE('',#2750,#1158);
#739=PCURVE('',#2751,#1159);
#740=PCURVE('',#2751,#1160);
#741=PCURVE('',#2751,#1161);
#742=PCURVE('',#2751,#1162);
#743=PCURVE('',#2751,#1163);
#744=PCURVE('',#2752,#1164);
#745=PCURVE('',#2752,#1165);
#746=PCURVE('',#2752,#1166);
#747=PCURVE('',#2752,#1167);
#748=PCURVE('',#2753,#1168);
#749=PCURVE('',#2753,#1169);
#750=PCURVE('',#2753,#1170);
#751=PCURVE('',#2753,#1171);
#752=PCURVE('',#2754,#1172);
#753=PCURVE('',#2754,#1173);
#754=PCURVE('',#2754,#1174);
#755=PCURVE('',#2754,#1175);
#756=PCURVE('',#2755,#1176);
#757=PCURVE('',#2755,#1177);
#758=PCURVE('',#2755,#1178);
#759=PCURVE('',#2755,#1179);
#760=PCURVE('',#2756,#1180);
#761=PCURVE('',#2756,#1181);
#762=PCURVE('',#2756,#1182);
#763=PCURVE('',#2756,#1183);
#764=PCURVE('',#2757,#1184);
#765=PCURVE('',#2757,#1185);
#766=PCURVE('',#2757,#1186);
#767=PCURVE('',#2757,#1187);
#768=PCURVE('',#2758,#1188);
#769=PCURVE('',#2758,#1189);
#770=PCURVE('',#2758,#1190);
#771=PCURVE('',#2758,#1191);
#772=PCURVE('',#2759,#1192);
#773=PCURVE('',#2759,#1193);
#774=PCURVE('',#2759,#1194);
#775=PCURVE('',#2759,#1195);
#776=PCURVE('',#2760,#1196);
#777=PCURVE('',#2760,#1197);
#778=PCURVE('',#2760,#1198);
#779=PCURVE('',#2760,#1199);
#780=PCURVE('',#2761,#1200);
#781=PCURVE('',#2761,#1201);
#782=PCURVE('',#2761,#1202);
#783=PCURVE('',#2761,#1203);
#784=PCURVE('',#2762,#1204);
#785=PCURVE('',#2762,#1205);
#786=PCURVE('',#2762,#1206);
#787=PCURVE('',#2762,#1207);
#788=PCURVE('',#2763,#1208);
#789=PCURVE('',#2763,#1209);
#790=PCURVE('',#2763,#1210);
#791=PCURVE('',#2763,#1211);
#792=PCURVE('',#2764,#1212);
#793=PCURVE('',#2764,#1213);
#794=PCURVE('',#2764,#1214);
#795=PCURVE('',#2764,#1215);
#796=PCURVE('',#2765,#1216);
#797=PCURVE('',#2765,#1217);
#798=PCURVE('',#2765,#1218);
#799=PCURVE('',#2765,#1219);
#800=PCURVE('',#2766,#1220);
#801=PCURVE('',#2766,#1221);
#802=PCURVE('',#2766,#1222);
#803=PCURVE('',#2766,#1223);
#804=PCURVE('',#2767,#1224);
#805=PCURVE('',#2767,#1225);
#806=PCURVE('',#2767,#1226);
#807=PCURVE('',#2767,#1227);
#808=PCURVE('',#2768,#1228);
#809=PCURVE('',#2768,#1229);
#810=PCURVE('',#2768,#1230);
#811=PCURVE('',#2768,#1231);
#812=PCURVE('',#2769,#1232);
#813=PCURVE('',#2769,#1233);
#814=PCURVE('',#2769,#1234);
#815=PCURVE('',#2769,#1235);
#816=PCURVE('',#2769,#1236);
#817=PCURVE('',#2769,#1237);
#818=PCURVE('',#2769,#1238);
#819=PCURVE('',#2769,#1239);
#820=PCURVE('',#2769,#1240);
#821=PCURVE('',#2769,#1241);
#822=PCURVE('',#2769,#1242);
#823=PCURVE('',#2769,#1243);
#824=PCURVE('',#2769,#1244);
#825=PCURVE('',#2806,#1245);
#826=PCURVE('',#2806,#1246);
#827=PCURVE('',#2806,#1247);
#828=PCURVE('',#2806,#1248);
#829=PCURVE('',#2770,#1249);
#830=PCURVE('',#2770,#1250);
#831=PCURVE('',#2770,#1251);
#832=PCURVE('',#2771,#1252);
#833=PCURVE('',#2771,#1253);
#834=PCURVE('',#2772,#1254);
#835=PCURVE('',#2772,#1255);
#836=PCURVE('',#2772,#1256);
#837=PCURVE('',#2772,#1257);
#838=PCURVE('',#2772,#1258);
#839=PCURVE('',#2807,#1259);
#840=PCURVE('',#2807,#1260);
#841=PCURVE('',#2807,#1261);
#842=PCURVE('',#2807,#1262);
#843=PCURVE('',#2808,#1263);
#844=PCURVE('',#2808,#1264);
#845=PCURVE('',#2808,#1265);
#846=PCURVE('',#2808,#1266);
#847=PCURVE('',#2809,#1267);
#848=PCURVE('',#2809,#1268);
#849=PCURVE('',#2809,#1269);
#850=PCURVE('',#2809,#1270);
#851=PCURVE('',#2773,#1271);
#852=PCURVE('',#2773,#1272);
#853=PCURVE('',#2773,#1273);
#854=PCURVE('',#2773,#1274);
#855=PCURVE('',#2773,#1275);
#856=PCURVE('',#2774,#1276);
#857=PCURVE('',#2774,#1277);
#858=PCURVE('',#2774,#1278);
#859=PCURVE('',#2774,#1279);
#860=PCURVE('',#2774,#1280);
#861=PCURVE('',#2774,#1281);
#862=PCURVE('',#2774,#1282);
#863=PCURVE('',#2774,#1283);
#864=PCURVE('',#2774,#1284);
#865=PCURVE('',#2774,#1285);
#866=PCURVE('',#2774,#1286);
#867=PCURVE('',#2774,#1287);
#868=PCURVE('',#2775,#1288);
#869=PCURVE('',#2775,#1289);
#870=PCURVE('',#2775,#1290);
#871=PCURVE('',#2775,#1291);
#872=PCURVE('',#2810,#1292);
#873=PCURVE('',#2810,#1293);
#874=PCURVE('',#2810,#1294);
#875=PCURVE('',#2810,#1295);
#876=PCURVE('',#2776,#1296);
#877=PCURVE('',#2776,#1297);
#878=PCURVE('',#2776,#1298);
#879=PCURVE('',#2776,#1299);
#880=PCURVE('',#2776,#1300);
#881=PCURVE('',#2776,#1301);
#882=PCURVE('',#2811,#1302);
#883=PCURVE('',#2811,#1303);
#884=PCURVE('',#2811,#1304);
#885=PCURVE('',#2811,#1305);
#886=PCURVE('',#2777,#1306);
#887=PCURVE('',#2777,#1307);
#888=PCURVE('',#2777,#1308);
#889=PCURVE('',#2777,#1309);
#890=PCURVE('',#2777,#1310);
#891=PCURVE('',#2777,#1311);
#892=PCURVE('',#2777,#1312);
#893=PCURVE('',#2778,#1313);
#894=PCURVE('',#2778,#1314);
#895=PCURVE('',#2778,#1315);
#896=PCURVE('',#2778,#1316);
#897=PCURVE('',#2778,#1317);
#898=PCURVE('',#2778,#1318);
#899=PCURVE('',#2778,#1319);
#900=PCURVE('',#2778,#1320);
#901=PCURVE('',#2778,#1321);
#902=PCURVE('',#2778,#1322);
#903=PCURVE('',#2778,#1323);
#904=PCURVE('',#2778,#1324);
#905=PCURVE('',#2778,#1325);
#906=PCURVE('',#2778,#1326);
#907=PCURVE('',#2778,#1327);
#908=PCURVE('',#2778,#1328);
#909=PCURVE('',#2778,#1329);
#910=PCURVE('',#2778,#1330);
#911=PCURVE('',#2778,#1331);
#912=PCURVE('',#2778,#1332);
#913=PCURVE('',#2778,#1333);
#914=PCURVE('',#2778,#1334);
#915=PCURVE('',#2778,#1335);
#916=PCURVE('',#2778,#1336);
#917=PCURVE('',#2778,#1337);
#918=PCURVE('',#2778,#1338);
#919=PCURVE('',#2778,#1339);
#920=PCURVE('',#2778,#1340);
#921=PCURVE('',#2778,#1341);
#922=PCURVE('',#2778,#1342);
#923=PCURVE('',#2778,#1343);
#924=PCURVE('',#2778,#1344);
#925=PCURVE('',#2778,#1345);
#926=PCURVE('',#2778,#1346);
#927=PCURVE('',#2778,#1347);
#928=PCURVE('',#2778,#1348);
#929=PCURVE('',#2778,#1349);
#930=PCURVE('',#2778,#1350);
#931=PCURVE('',#2779,#1351);
#932=PCURVE('',#2779,#1352);
#933=PCURVE('',#2779,#1353);
#934=PCURVE('',#2779,#1354);
#935=PCURVE('',#2812,#1355);
#936=PCURVE('',#2812,#1356);
#937=PCURVE('',#2812,#1357);
#938=PCURVE('',#2812,#1358);
#939=PCURVE('',#2780,#1359);
#940=PCURVE('',#2780,#1360);
#941=PCURVE('',#2780,#1361);
#942=PCURVE('',#2780,#1362);
#943=PCURVE('',#2813,#1363);
#944=PCURVE('',#2813,#1364);
#945=PCURVE('',#2813,#1365);
#946=PCURVE('',#2813,#1366);
#947=PCURVE('',#2781,#1367);
#948=PCURVE('',#2781,#1368);
#949=PCURVE('',#2781,#1369);
#950=PCURVE('',#2781,#1370);
#951=PCURVE('',#2814,#1371);
#952=PCURVE('',#2814,#1372);
#953=PCURVE('',#2814,#1373);
#954=PCURVE('',#2814,#1374);
#955=PCURVE('',#2782,#1375);
#956=PCURVE('',#2782,#1376);
#957=PCURVE('',#2782,#1377);
#958=PCURVE('',#2782,#1378);
#959=PCURVE('',#2815,#1379);
#960=PCURVE('',#2815,#1380);
#961=PCURVE('',#2815,#1381);
#962=PCURVE('',#2815,#1382);
#963=PCURVE('',#2783,#1383);
#964=PCURVE('',#2783,#1384);
#965=PCURVE('',#2783,#1385);
#966=PCURVE('',#2784,#1386);
#967=PCURVE('',#2784,#1387);
#968=PCURVE('',#2784,#1388);
#969=PCURVE('',#2784,#1389);
#970=PCURVE('',#2785,#1390);
#971=PCURVE('',#2785,#1391);
#972=PCURVE('',#2785,#1392);
#973=PCURVE('',#2785,#1393);
#974=PCURVE('',#2786,#1394);
#975=PCURVE('',#2786,#1395);
#976=PCURVE('',#2786,#1396);
#977=PCURVE('',#2786,#1397);
#978=PCURVE('',#2786,#1398);
#979=PCURVE('',#2786,#1399);
#980=PCURVE('',#2786,#1400);
#981=PCURVE('',#2786,#1401);
#982=PCURVE('',#2786,#1402);
#983=PCURVE('',#2786,#1403);
#984=PCURVE('',#2786,#1404);
#985=PCURVE('',#2786,#1405);
#986=PCURVE('',#2786,#1406);
#987=PCURVE('',#2786,#1407);
#988=PCURVE('',#2786,#1408);
#989=PCURVE('',#2786,#1409);
#990=PCURVE('',#2786,#1410);
#991=PCURVE('',#2786,#1411);
#992=PCURVE('',#2786,#1412);
#993=PCURVE('',#2786,#1413);
#994=PCURVE('',#2787,#1414);
#995=PCURVE('',#2787,#1415);
#996=PCURVE('',#2787,#1416);
#997=PCURVE('',#2787,#1417);
#998=PCURVE('',#2787,#1418);
#999=PCURVE('',#2787,#1419);
#1000=PCURVE('',#2788,#1420);
#1001=PCURVE('',#2788,#1421);
#1002=PCURVE('',#2788,#1422);
#1003=PCURVE('',#2788,#1423);
#1004=PCURVE('',#2789,#1424);
#1005=PCURVE('',#2789,#1425);
#1006=PCURVE('',#2789,#1426);
#1007=PCURVE('',#2789,#1427);
#1008=PCURVE('',#2789,#1428);
#1009=PCURVE('',#2789,#1429);
#1010=PCURVE('',#2789,#1430);
#1011=PCURVE('',#2790,#1431);
#1012=PCURVE('',#2790,#1432);
#1013=PCURVE('',#2790,#1433);
#1014=PCURVE('',#2790,#1434);
#1015=PCURVE('',#2790,#1435);
#1016=PCURVE('',#2790,#1436);
#1017=PCURVE('',#2790,#1437);
#1018=PCURVE('',#2791,#1438);
#1019=PCURVE('',#2791,#1439);
#1020=PCURVE('',#2791,#1440);
#1021=PCURVE('',#2791,#1441);
#1022=PCURVE('',#2791,#1442);
#1023=PCURVE('',#2791,#1443);
#1024=PCURVE('',#2792,#1444);
#1025=PCURVE('',#2792,#1445);
#1026=PCURVE('',#2792,#1446);
#1027=PCURVE('',#2792,#1447);
#1028=PCURVE('',#2793,#1448);
#1029=PCURVE('',#2793,#1449);
#1030=PCURVE('',#2793,#1450);
#1031=PCURVE('',#2793,#1451);
#1032=PCURVE('',#2793,#1452);
#1033=PCURVE('',#2793,#1453);
#1034=PCURVE('',#2793,#1454);
#1035=PCURVE('',#2794,#1455);
#1036=PCURVE('',#2794,#1456);
#1037=PCURVE('',#2794,#1457);
#1038=PCURVE('',#2794,#1458);
#1039=PCURVE('',#2794,#1459);
#1040=PCURVE('',#2794,#1460);
#1041=PCURVE('',#2794,#1461);
#1042=PCURVE('',#2816,#1462);
#1043=PCURVE('',#2816,#1463);
#1044=PCURVE('',#2816,#1464);
#1045=PCURVE('',#2816,#1465);
#1046=PCURVE('',#2817,#1466);
#1047=PCURVE('',#2817,#1467);
#1048=PCURVE('',#2817,#1468);
#1049=PCURVE('',#2817,#1469);
#1050=PCURVE('',#2818,#1470);
#1051=PCURVE('',#2818,#1471);
#1052=PCURVE('',#2818,#1472);
#1053=PCURVE('',#2818,#1473);
#1054=PCURVE('',#2819,#1474);
#1055=PCURVE('',#2819,#1475);
#1056=PCURVE('',#2819,#1476);
#1057=PCURVE('',#2819,#1477);
#1058=PCURVE('',#2820,#1478);
#1059=PCURVE('',#2820,#1479);
#1060=PCURVE('',#2820,#1480);
#1061=PCURVE('',#2820,#1481);
#1062=PCURVE('',#2821,#1482);
#1063=PCURVE('',#2821,#1483);
#1064=PCURVE('',#2821,#1484);
#1065=PCURVE('',#2821,#1485);
#1066=PCURVE('',#2822,#1486);
#1067=PCURVE('',#2822,#1487);
#1068=PCURVE('',#2822,#1488);
#1069=PCURVE('',#2822,#1489);
#1070=PCURVE('',#2823,#1490);
#1071=PCURVE('',#2823,#1491);
#1072=PCURVE('',#2823,#1492);
#1073=PCURVE('',#2823,#1493);
#1074=PCURVE('',#2824,#1494);
#1075=PCURVE('',#2824,#1495);
#1076=PCURVE('',#2824,#1496);
#1077=PCURVE('',#2824,#1497);
#1078=PCURVE('',#2795,#1498);
#1079=PCURVE('',#2795,#1499);
#1080=PCURVE('',#2795,#1500);
#1081=PCURVE('',#2796,#1501);
#1082=PCURVE('',#2796,#1502);
#1083=PCURVE('',#2796,#1503);
#1084=PCURVE('',#2797,#1504);
#1085=PCURVE('',#2797,#1505);
#1086=PCURVE('',#2797,#1506);
#1087=PCURVE('',#2798,#1507);
#1088=PCURVE('',#2798,#1508);
#1089=PCURVE('',#2798,#1509);
#1090=PCURVE('',#2825,#1510);
#1091=PCURVE('',#2825,#1511);
#1092=PCURVE('',#2825,#1512);
#1093=PCURVE('',#2825,#1513);
#1094=PCURVE('',#2799,#1514);
#1095=PCURVE('',#2799,#1515);
#1096=PCURVE('',#2799,#1516);
#1097=PCURVE('',#2799,#1517);
#1098=PCURVE('',#2826,#1518);
#1099=PCURVE('',#2826,#1519);
#1100=PCURVE('',#2826,#1520);
#1101=PCURVE('',#2826,#1521);
#1102=PCURVE('',#2800,#1522);
#1103=PCURVE('',#2800,#1523);
#1104=PCURVE('',#2800,#1524);
#1105=PCURVE('',#2800,#1525);
#1106=PCURVE('',#2827,#1526);
#1107=PCURVE('',#2827,#1527);
#1108=PCURVE('',#2827,#1528);
#1109=PCURVE('',#2827,#1529);
#1110=PCURVE('',#2801,#1530);
#1111=PCURVE('',#2801,#1531);
#1112=PCURVE('',#2801,#1532);
#1113=PCURVE('',#2801,#1533);
#1114=PCURVE('',#2802,#1534);
#1115=PCURVE('',#2802,#1535);
#1116=PCURVE('',#2802,#1536);
#1117=PCURVE('',#2802,#1537);
#1118=PCURVE('',#2828,#1538);
#1119=PCURVE('',#2828,#1539);
#1120=PCURVE('',#2828,#1540);
#1121=PCURVE('',#2828,#1541);
#1122=PCURVE('',#2829,#1542);
#1123=PCURVE('',#2829,#1543);
#1124=PCURVE('',#2829,#1544);
#1125=PCURVE('',#2829,#1545);
#1126=PCURVE('',#2803,#1546);
#1127=PCURVE('',#2803,#1547);
#1128=PCURVE('',#2803,#1548);
#1129=PCURVE('',#2803,#1549);
#1130=PCURVE('',#2830,#1550);
#1131=PCURVE('',#2830,#1551);
#1132=PCURVE('',#2830,#1552);
#1133=PCURVE('',#2830,#1553);
#1134=PCURVE('',#2831,#1554);
#1135=PCURVE('',#2831,#1555);
#1136=PCURVE('',#2831,#1556);
#1137=PCURVE('',#2831,#1557);
#1138=PCURVE('',#2832,#1558);
#1139=PCURVE('',#2832,#1559);
#1140=PCURVE('',#2832,#1560);
#1141=PCURVE('',#2832,#1561);
#1142=PCURVE('',#2833,#1562);
#1143=PCURVE('',#2833,#1563);
#1144=PCURVE('',#2833,#1564);
#1145=PCURVE('',#2833,#1565);
#1146=DEFINITIONAL_REPRESENTATION('',(#1566),#5542);
#1147=DEFINITIONAL_REPRESENTATION('',(#1567),#5542);
#1148=DEFINITIONAL_REPRESENTATION('',(#1568),#5542);
#1149=DEFINITIONAL_REPRESENTATION('',(#1569),#5542);
#1150=DEFINITIONAL_REPRESENTATION('',(#1570),#5542);
#1151=DEFINITIONAL_REPRESENTATION('',(#1571),#5542);
#1152=DEFINITIONAL_REPRESENTATION('',(#1572),#5542);
#1153=DEFINITIONAL_REPRESENTATION('',(#1573),#5542);
#1154=DEFINITIONAL_REPRESENTATION('',(#1575),#5542);
#1155=DEFINITIONAL_REPRESENTATION('',(#2449),#5542);
#1156=DEFINITIONAL_REPRESENTATION('',(#1577),#5542);
#1157=DEFINITIONAL_REPRESENTATION('',(#1579),#5542);
#1158=DEFINITIONAL_REPRESENTATION('',(#1581),#5542);
#1159=DEFINITIONAL_REPRESENTATION('',(#1583),#5542);
#1160=DEFINITIONAL_REPRESENTATION('',(#1585),#5542);
#1161=DEFINITIONAL_REPRESENTATION('',(#1587),#5542);
#1162=DEFINITIONAL_REPRESENTATION('',(#2450),#5542);
#1163=DEFINITIONAL_REPRESENTATION('',(#1589),#5542);
#1164=DEFINITIONAL_REPRESENTATION('',(#1591),#5542);
#1165=DEFINITIONAL_REPRESENTATION('',(#1593),#5542);
#1166=DEFINITIONAL_REPRESENTATION('',(#1595),#5542);
#1167=DEFINITIONAL_REPRESENTATION('',(#1597),#5542);
#1168=DEFINITIONAL_REPRESENTATION('',(#1599),#5542);
#1169=DEFINITIONAL_REPRESENTATION('',(#1601),#5542);
#1170=DEFINITIONAL_REPRESENTATION('',(#1603),#5542);
#1171=DEFINITIONAL_REPRESENTATION('',(#1604),#5542);
#1172=DEFINITIONAL_REPRESENTATION('',(#1605),#5542);
#1173=DEFINITIONAL_REPRESENTATION('',(#2452),#5542);
#1174=DEFINITIONAL_REPRESENTATION('',(#1606),#5542);
#1175=DEFINITIONAL_REPRESENTATION('',(#1607),#5542);
#1176=DEFINITIONAL_REPRESENTATION('',(#1609),#5542);
#1177=DEFINITIONAL_REPRESENTATION('',(#1611),#5542);
#1178=DEFINITIONAL_REPRESENTATION('',(#1613),#5542);
#1179=DEFINITIONAL_REPRESENTATION('',(#1615),#5542);
#1180=DEFINITIONAL_REPRESENTATION('',(#1617),#5542);
#1181=DEFINITIONAL_REPRESENTATION('',(#1619),#5542);
#1182=DEFINITIONAL_REPRESENTATION('',(#1621),#5542);
#1183=DEFINITIONAL_REPRESENTATION('',(#1622),#5542);
#1184=DEFINITIONAL_REPRESENTATION('',(#1623),#5542);
#1185=DEFINITIONAL_REPRESENTATION('',(#1624),#5542);
#1186=DEFINITIONAL_REPRESENTATION('',(#2454),#5542);
#1187=DEFINITIONAL_REPRESENTATION('',(#1625),#5542);
#1188=DEFINITIONAL_REPRESENTATION('',(#1627),#5542);
#1189=DEFINITIONAL_REPRESENTATION('',(#1629),#5542);
#1190=DEFINITIONAL_REPRESENTATION('',(#1631),#5542);
#1191=DEFINITIONAL_REPRESENTATION('',(#1633),#5542);
#1192=DEFINITIONAL_REPRESENTATION('',(#1635),#5542);
#1193=DEFINITIONAL_REPRESENTATION('',(#1637),#5542);
#1194=DEFINITIONAL_REPRESENTATION('',(#1639),#5542);
#1195=DEFINITIONAL_REPRESENTATION('',(#1640),#5542);
#1196=DEFINITIONAL_REPRESENTATION('',(#1642),#5542);
#1197=DEFINITIONAL_REPRESENTATION('',(#1644),#5542);
#1198=DEFINITIONAL_REPRESENTATION('',(#1646),#5542);
#1199=DEFINITIONAL_REPRESENTATION('',(#1647),#5542);
#1200=DEFINITIONAL_REPRESENTATION('',(#1648),#5542);
#1201=DEFINITIONAL_REPRESENTATION('',(#1649),#5542);
#1202=DEFINITIONAL_REPRESENTATION('',(#1650),#5542);
#1203=DEFINITIONAL_REPRESENTATION('',(#1652),#5542);
#1204=DEFINITIONAL_REPRESENTATION('',(#1654),#5542);
#1205=DEFINITIONAL_REPRESENTATION('',(#1655),#5542);
#1206=DEFINITIONAL_REPRESENTATION('',(#1656),#5542);
#1207=DEFINITIONAL_REPRESENTATION('',(#1657),#5542);
#1208=DEFINITIONAL_REPRESENTATION('',(#1659),#5542);
#1209=DEFINITIONAL_REPRESENTATION('',(#1661),#5542);
#1210=DEFINITIONAL_REPRESENTATION('',(#1663),#5542);
#1211=DEFINITIONAL_REPRESENTATION('',(#1665),#5542);
#1212=DEFINITIONAL_REPRESENTATION('',(#1667),#5542);
#1213=DEFINITIONAL_REPRESENTATION('',(#1669),#5542);
#1214=DEFINITIONAL_REPRESENTATION('',(#1671),#5542);
#1215=DEFINITIONAL_REPRESENTATION('',(#1672),#5542);
#1216=DEFINITIONAL_REPRESENTATION('',(#1674),#5542);
#1217=DEFINITIONAL_REPRESENTATION('',(#1676),#5542);
#1218=DEFINITIONAL_REPRESENTATION('',(#1678),#5542);
#1219=DEFINITIONAL_REPRESENTATION('',(#1679),#5542);
#1220=DEFINITIONAL_REPRESENTATION('',(#1681),#5542);
#1221=DEFINITIONAL_REPRESENTATION('',(#1682),#5542);
#1222=DEFINITIONAL_REPRESENTATION('',(#1683),#5542);
#1223=DEFINITIONAL_REPRESENTATION('',(#1684),#5542);
#1224=DEFINITIONAL_REPRESENTATION('',(#1685),#5542);
#1225=DEFINITIONAL_REPRESENTATION('',(#1686),#5542);
#1226=DEFINITIONAL_REPRESENTATION('',(#1687),#5542);
#1227=DEFINITIONAL_REPRESENTATION('',(#1689),#5542);
#1228=DEFINITIONAL_REPRESENTATION('',(#1691),#5542);
#1229=DEFINITIONAL_REPRESENTATION('',(#1693),#5542);
#1230=DEFINITIONAL_REPRESENTATION('',(#1695),#5542);
#1231=DEFINITIONAL_REPRESENTATION('',(#2456),#5542);
#1232=DEFINITIONAL_REPRESENTATION('',(#1697),#5542);
#1233=DEFINITIONAL_REPRESENTATION('',(#2458),#5542);
#1234=DEFINITIONAL_REPRESENTATION('',(#2460),#5542);
#1235=DEFINITIONAL_REPRESENTATION('',(#1699),#5542);
#1236=DEFINITIONAL_REPRESENTATION('',(#1700),#5542);
#1237=DEFINITIONAL_REPRESENTATION('',(#1702),#5542);
#1238=DEFINITIONAL_REPRESENTATION('',(#2462),#5542);
#1239=DEFINITIONAL_REPRESENTATION('',(#1704),#5542);
#1240=DEFINITIONAL_REPRESENTATION('',(#1705),#5542);
#1241=DEFINITIONAL_REPRESENTATION('',(#1707),#5542);
#1242=DEFINITIONAL_REPRESENTATION('',(#2464),#5542);
#1243=DEFINITIONAL_REPRESENTATION('',(#2466),#5542);
#1244=DEFINITIONAL_REPRESENTATION('',(#2468),#5542);
#1245=DEFINITIONAL_REPRESENTATION('',(#1708),#5542);
#1246=DEFINITIONAL_REPRESENTATION('',(#1709),#5542);
#1247=DEFINITIONAL_REPRESENTATION('',(#1710),#5542);
#1248=DEFINITIONAL_REPRESENTATION('',(#1711),#5542);
#1249=DEFINITIONAL_REPRESENTATION('',(#2473),#5542);
#1250=DEFINITIONAL_REPRESENTATION('',(#2474),#5542);
#1251=DEFINITIONAL_REPRESENTATION('',(#2476),#5542);
#1252=DEFINITIONAL_REPRESENTATION('',(#2477),#5542);
#1253=DEFINITIONAL_REPRESENTATION('',(#2479),#5542);
#1254=DEFINITIONAL_REPRESENTATION('',(#1712),#5542);
#1255=DEFINITIONAL_REPRESENTATION('',(#2480),#5542);
#1256=DEFINITIONAL_REPRESENTATION('',(#1713),#5542);
#1257=DEFINITIONAL_REPRESENTATION('',(#1715),#5542);
#1258=DEFINITIONAL_REPRESENTATION('',(#1717),#5542);
#1259=DEFINITIONAL_REPRESENTATION('',(#1718),#5542);
#1260=DEFINITIONAL_REPRESENTATION('',(#1719),#5542);
#1261=DEFINITIONAL_REPRESENTATION('',(#1720),#5542);
#1262=DEFINITIONAL_REPRESENTATION('',(#1721),#5542);
#1263=DEFINITIONAL_REPRESENTATION('',(#1722),#5542);
#1264=DEFINITIONAL_REPRESENTATION('',(#1723),#5542);
#1265=DEFINITIONAL_REPRESENTATION('',(#1724),#5542);
#1266=DEFINITIONAL_REPRESENTATION('',(#1725),#5542);
#1267=DEFINITIONAL_REPRESENTATION('',(#1726),#5542);
#1268=DEFINITIONAL_REPRESENTATION('',(#1727),#5542);
#1269=DEFINITIONAL_REPRESENTATION('',(#1728),#5542);
#1270=DEFINITIONAL_REPRESENTATION('',(#1729),#5542);
#1271=DEFINITIONAL_REPRESENTATION('',(#2488),#5542);
#1272=DEFINITIONAL_REPRESENTATION('',(#1730),#5542);
#1273=DEFINITIONAL_REPRESENTATION('',(#2489),#5542);
#1274=DEFINITIONAL_REPRESENTATION('',(#1731),#5542);
#1275=DEFINITIONAL_REPRESENTATION('',(#1733),#5542);
#1276=DEFINITIONAL_REPRESENTATION('',(#1735),#5542);
#1277=DEFINITIONAL_REPRESENTATION('',(#2490),#5542);
#1278=DEFINITIONAL_REPRESENTATION('',(#2491),#5542);
#1279=DEFINITIONAL_REPRESENTATION('',(#1736),#5542);
#1280=DEFINITIONAL_REPRESENTATION('',(#1738),#5542);
#1281=DEFINITIONAL_REPRESENTATION('',(#1740),#5542);
#1282=DEFINITIONAL_REPRESENTATION('',(#1742),#5542);
#1283=DEFINITIONAL_REPRESENTATION('',(#1744),#5542);
#1284=DEFINITIONAL_REPRESENTATION('',(#1746),#5542);
#1285=DEFINITIONAL_REPRESENTATION('',(#1747),#5542);
#1286=DEFINITIONAL_REPRESENTATION('',(#2492),#5542);
#1287=DEFINITIONAL_REPRESENTATION('',(#2494),#5542);
#1288=DEFINITIONAL_REPRESENTATION('',(#1749),#5542);
#1289=DEFINITIONAL_REPRESENTATION('',(#1751),#5542);
#1290=DEFINITIONAL_REPRESENTATION('',(#1752),#5542);
#1291=DEFINITIONAL_REPRESENTATION('',(#1754),#5542);
#1292=DEFINITIONAL_REPRESENTATION('',(#1756),#5542);
#1293=DEFINITIONAL_REPRESENTATION('',(#1757),#5542);
#1294=DEFINITIONAL_REPRESENTATION('',(#1758),#5542);
#1295=DEFINITIONAL_REPRESENTATION('',(#1760),#5542);
#1296=DEFINITIONAL_REPRESENTATION('',(#1762),#5542);
#1297=DEFINITIONAL_REPRESENTATION('',(#1764),#5542);
#1298=DEFINITIONAL_REPRESENTATION('',(#1766),#5542);
#1299=DEFINITIONAL_REPRESENTATION('',(#1768),#5542);
#1300=DEFINITIONAL_REPRESENTATION('',(#2497),#5542);
#1301=DEFINITIONAL_REPRESENTATION('',(#1770),#5542);
#1302=DEFINITIONAL_REPRESENTATION('',(#1772),#5542);
#1303=DEFINITIONAL_REPRESENTATION('',(#1774),#5542);
#1304=DEFINITIONAL_REPRESENTATION('',(#1775),#5542);
#1305=DEFINITIONAL_REPRESENTATION('',(#1776),#5542);
#1306=DEFINITIONAL_REPRESENTATION('',(#2500),#5542);
#1307=DEFINITIONAL_REPRESENTATION('',(#1778),#5542);
#1308=DEFINITIONAL_REPRESENTATION('',(#2501),#5542);
#1309=DEFINITIONAL_REPRESENTATION('',(#1780),#5542);
#1310=DEFINITIONAL_REPRESENTATION('',(#2502),#5542);
#1311=DEFINITIONAL_REPRESENTATION('',(#1782),#5542);
#1312=DEFINITIONAL_REPRESENTATION('',(#2504),#5542);
#1313=DEFINITIONAL_REPRESENTATION('',(#1784),#5542);
#1314=DEFINITIONAL_REPRESENTATION('',(#1785),#5542);
#1315=DEFINITIONAL_REPRESENTATION('',(#1786),#5542);
#1316=DEFINITIONAL_REPRESENTATION('',(#2505),#5542);
#1317=DEFINITIONAL_REPRESENTATION('',(#1787),#5542);
#1318=DEFINITIONAL_REPRESENTATION('',(#1789),#5542);
#1319=DEFINITIONAL_REPRESENTATION('',(#1791),#5542);
#1320=DEFINITIONAL_REPRESENTATION('',(#1793),#5542);
#1321=DEFINITIONAL_REPRESENTATION('',(#1795),#5542);
#1322=DEFINITIONAL_REPRESENTATION('',(#1797),#5542);
#1323=DEFINITIONAL_REPRESENTATION('',(#1799),#5542);
#1324=DEFINITIONAL_REPRESENTATION('',(#1801),#5542);
#1325=DEFINITIONAL_REPRESENTATION('',(#1803),#5542);
#1326=DEFINITIONAL_REPRESENTATION('',(#1805),#5542);
#1327=DEFINITIONAL_REPRESENTATION('',(#1806),#5542);
#1328=DEFINITIONAL_REPRESENTATION('',(#2506),#5542);
#1329=DEFINITIONAL_REPRESENTATION('',(#1807),#5542);
#1330=DEFINITIONAL_REPRESENTATION('',(#1808),#5542);
#1331=DEFINITIONAL_REPRESENTATION('',(#1810),#5542);
#1332=DEFINITIONAL_REPRESENTATION('',(#2507),#5542);
#1333=DEFINITIONAL_REPRESENTATION('',(#1811),#5542);
#1334=DEFINITIONAL_REPRESENTATION('',(#2508),#5542);
#1335=DEFINITIONAL_REPRESENTATION('',(#2510),#5542);
#1336=DEFINITIONAL_REPRESENTATION('',(#2512),#5542);
#1337=DEFINITIONAL_REPRESENTATION('',(#2514),#5542);
#1338=DEFINITIONAL_REPRESENTATION('',(#2516),#5542);
#1339=DEFINITIONAL_REPRESENTATION('',(#2518),#5542);
#1340=DEFINITIONAL_REPRESENTATION('',(#2520),#5542);
#1341=DEFINITIONAL_REPRESENTATION('',(#2522),#5542);
#1342=DEFINITIONAL_REPRESENTATION('',(#2524),#5542);
#1343=DEFINITIONAL_REPRESENTATION('',(#1812),#5542);
#1344=DEFINITIONAL_REPRESENTATION('',(#1813),#5542);
#1345=DEFINITIONAL_REPRESENTATION('',(#1814),#5542);
#1346=DEFINITIONAL_REPRESENTATION('',(#1815),#5542);
#1347=DEFINITIONAL_REPRESENTATION('',(#1816),#5542);
#1348=DEFINITIONAL_REPRESENTATION('',(#1817),#5542);
#1349=DEFINITIONAL_REPRESENTATION('',(#1818),#5542);
#1350=DEFINITIONAL_REPRESENTATION('',(#1819),#5542);
#1351=DEFINITIONAL_REPRESENTATION('',(#1820),#5542);
#1352=DEFINITIONAL_REPRESENTATION('',(#2526),#5542);
#1353=DEFINITIONAL_REPRESENTATION('',(#1822),#5542);
#1354=DEFINITIONAL_REPRESENTATION('',(#2528),#5542);
#1355=DEFINITIONAL_REPRESENTATION('',(#1823),#5542);
#1356=DEFINITIONAL_REPRESENTATION('',(#1824),#5542);
#1357=DEFINITIONAL_REPRESENTATION('',(#1825),#5542);
#1358=DEFINITIONAL_REPRESENTATION('',(#1827),#5542);
#1359=DEFINITIONAL_REPRESENTATION('',(#1828),#5542);
#1360=DEFINITIONAL_REPRESENTATION('',(#2531),#5542);
#1361=DEFINITIONAL_REPRESENTATION('',(#1830),#5542);
#1362=DEFINITIONAL_REPRESENTATION('',(#2532),#5542);
#1363=DEFINITIONAL_REPRESENTATION('',(#1831),#5542);
#1364=DEFINITIONAL_REPRESENTATION('',(#1832),#5542);
#1365=DEFINITIONAL_REPRESENTATION('',(#1833),#5542);
#1366=DEFINITIONAL_REPRESENTATION('',(#1835),#5542);
#1367=DEFINITIONAL_REPRESENTATION('',(#1836),#5542);
#1368=DEFINITIONAL_REPRESENTATION('',(#2535),#5542);
#1369=DEFINITIONAL_REPRESENTATION('',(#1837),#5542);
#1370=DEFINITIONAL_REPRESENTATION('',(#2537),#5542);
#1371=DEFINITIONAL_REPRESENTATION('',(#1838),#5542);
#1372=DEFINITIONAL_REPRESENTATION('',(#1839),#5542);
#1373=DEFINITIONAL_REPRESENTATION('',(#1840),#5542);
#1374=DEFINITIONAL_REPRESENTATION('',(#1841),#5542);
#1375=DEFINITIONAL_REPRESENTATION('',(#1842),#5542);
#1376=DEFINITIONAL_REPRESENTATION('',(#2539),#5542);
#1377=DEFINITIONAL_REPRESENTATION('',(#1843),#5542);
#1378=DEFINITIONAL_REPRESENTATION('',(#2540),#5542);
#1379=DEFINITIONAL_REPRESENTATION('',(#1844),#5542);
#1380=DEFINITIONAL_REPRESENTATION('',(#1845),#5542);
#1381=DEFINITIONAL_REPRESENTATION('',(#1846),#5542);
#1382=DEFINITIONAL_REPRESENTATION('',(#1847),#5542);
#1383=DEFINITIONAL_REPRESENTATION('',(#1848),#5542);
#1384=DEFINITIONAL_REPRESENTATION('',(#2541),#5542);
#1385=DEFINITIONAL_REPRESENTATION('',(#2542),#5542);
#1386=DEFINITIONAL_REPRESENTATION('',(#1850),#5542);
#1387=DEFINITIONAL_REPRESENTATION('',(#2543),#5542);
#1388=DEFINITIONAL_REPRESENTATION('',(#1852),#5542);
#1389=DEFINITIONAL_REPRESENTATION('',(#2544),#5542);
#1390=DEFINITIONAL_REPRESENTATION('',(#1853),#5542);
#1391=DEFINITIONAL_REPRESENTATION('',(#1855),#5542);
#1392=DEFINITIONAL_REPRESENTATION('',(#1856),#5542);
#1393=DEFINITIONAL_REPRESENTATION('',(#1858),#5542);
#1394=DEFINITIONAL_REPRESENTATION('',(#1860),#5542);
#1395=DEFINITIONAL_REPRESENTATION('',(#1862),#5542);
#1396=DEFINITIONAL_REPRESENTATION('',(#1863),#5542);
#1397=DEFINITIONAL_REPRESENTATION('',(#1865),#5542);
#1398=DEFINITIONAL_REPRESENTATION('',(#1867),#5542);
#1399=DEFINITIONAL_REPRESENTATION('',(#1869),#5542);
#1400=DEFINITIONAL_REPRESENTATION('',(#1871),#5542);
#1401=DEFINITIONAL_REPRESENTATION('',(#1872),#5542);
#1402=DEFINITIONAL_REPRESENTATION('',(#1873),#5542);
#1403=DEFINITIONAL_REPRESENTATION('',(#2545),#5542);
#1404=DEFINITIONAL_REPRESENTATION('',(#1874),#5542);
#1405=DEFINITIONAL_REPRESENTATION('',(#2546),#5542);
#1406=DEFINITIONAL_REPRESENTATION('',(#1875),#5542);
#1407=DEFINITIONAL_REPRESENTATION('',(#1876),#5542);
#1408=DEFINITIONAL_REPRESENTATION('',(#1878),#5542);
#1409=DEFINITIONAL_REPRESENTATION('',(#1880),#5542);
#1410=DEFINITIONAL_REPRESENTATION('',(#2548),#5542);
#1411=DEFINITIONAL_REPRESENTATION('',(#2550),#5542);
#1412=DEFINITIONAL_REPRESENTATION('',(#2552),#5542);
#1413=DEFINITIONAL_REPRESENTATION('',(#2554),#5542);
#1414=DEFINITIONAL_REPRESENTATION('',(#1881),#5542);
#1415=DEFINITIONAL_REPRESENTATION('',(#1882),#5542);
#1416=DEFINITIONAL_REPRESENTATION('',(#1883),#5542);
#1417=DEFINITIONAL_REPRESENTATION('',(#1885),#5542);
#1418=DEFINITIONAL_REPRESENTATION('',(#1887),#5542);
#1419=DEFINITIONAL_REPRESENTATION('',(#1889),#5542);
#1420=DEFINITIONAL_REPRESENTATION('',(#1891),#5542);
#1421=DEFINITIONAL_REPRESENTATION('',(#1892),#5542);
#1422=DEFINITIONAL_REPRESENTATION('',(#1893),#5542);
#1423=DEFINITIONAL_REPRESENTATION('',(#1894),#5542);
#1424=DEFINITIONAL_REPRESENTATION('',(#1895),#5542);
#1425=DEFINITIONAL_REPRESENTATION('',(#1896),#5542);
#1426=DEFINITIONAL_REPRESENTATION('',(#1897),#5542);
#1427=DEFINITIONAL_REPRESENTATION('',(#1898),#5542);
#1428=DEFINITIONAL_REPRESENTATION('',(#1899),#5542);
#1429=DEFINITIONAL_REPRESENTATION('',(#1900),#5542);
#1430=DEFINITIONAL_REPRESENTATION('',(#1901),#5542);
#1431=DEFINITIONAL_REPRESENTATION('',(#1902),#5542);
#1432=DEFINITIONAL_REPRESENTATION('',(#1903),#5542);
#1433=DEFINITIONAL_REPRESENTATION('',(#1904),#5542);
#1434=DEFINITIONAL_REPRESENTATION('',(#1905),#5542);
#1435=DEFINITIONAL_REPRESENTATION('',(#1906),#5542);
#1436=DEFINITIONAL_REPRESENTATION('',(#1907),#5542);
#1437=DEFINITIONAL_REPRESENTATION('',(#1908),#5542);
#1438=DEFINITIONAL_REPRESENTATION('',(#1909),#5542);
#1439=DEFINITIONAL_REPRESENTATION('',(#1911),#5542);
#1440=DEFINITIONAL_REPRESENTATION('',(#1913),#5542);
#1441=DEFINITIONAL_REPRESENTATION('',(#1915),#5542);
#1442=DEFINITIONAL_REPRESENTATION('',(#1916),#5542);
#1443=DEFINITIONAL_REPRESENTATION('',(#1917),#5542);
#1444=DEFINITIONAL_REPRESENTATION('',(#1918),#5542);
#1445=DEFINITIONAL_REPRESENTATION('',(#1919),#5542);
#1446=DEFINITIONAL_REPRESENTATION('',(#1920),#5542);
#1447=DEFINITIONAL_REPRESENTATION('',(#1922),#5542);
#1448=DEFINITIONAL_REPRESENTATION('',(#1923),#5542);
#1449=DEFINITIONAL_REPRESENTATION('',(#1924),#5542);
#1450=DEFINITIONAL_REPRESENTATION('',(#1925),#5542);
#1451=DEFINITIONAL_REPRESENTATION('',(#1926),#5542);
#1452=DEFINITIONAL_REPRESENTATION('',(#1927),#5542);
#1453=DEFINITIONAL_REPRESENTATION('',(#1928),#5542);
#1454=DEFINITIONAL_REPRESENTATION('',(#1929),#5542);
#1455=DEFINITIONAL_REPRESENTATION('',(#1930),#5542);
#1456=DEFINITIONAL_REPRESENTATION('',(#1931),#5542);
#1457=DEFINITIONAL_REPRESENTATION('',(#1932),#5542);
#1458=DEFINITIONAL_REPRESENTATION('',(#1933),#5542);
#1459=DEFINITIONAL_REPRESENTATION('',(#1934),#5542);
#1460=DEFINITIONAL_REPRESENTATION('',(#1935),#5542);
#1461=DEFINITIONAL_REPRESENTATION('',(#1936),#5542);
#1462=DEFINITIONAL_REPRESENTATION('',(#1937),#5542);
#1463=DEFINITIONAL_REPRESENTATION('',(#1938),#5542);
#1464=DEFINITIONAL_REPRESENTATION('',(#1939),#5542);
#1465=DEFINITIONAL_REPRESENTATION('',(#1940),#5542);
#1466=DEFINITIONAL_REPRESENTATION('',(#1941),#5542);
#1467=DEFINITIONAL_REPRESENTATION('',(#1943),#5542);
#1468=DEFINITIONAL_REPRESENTATION('',(#1944),#5542);
#1469=DEFINITIONAL_REPRESENTATION('',(#1946),#5542);
#1470=DEFINITIONAL_REPRESENTATION('',(#1947),#5542);
#1471=DEFINITIONAL_REPRESENTATION('',(#1949),#5542);
#1472=DEFINITIONAL_REPRESENTATION('',(#1950),#5542);
#1473=DEFINITIONAL_REPRESENTATION('',(#1952),#5542);
#1474=DEFINITIONAL_REPRESENTATION('',(#1953),#5542);
#1475=DEFINITIONAL_REPRESENTATION('',(#1955),#5542);
#1476=DEFINITIONAL_REPRESENTATION('',(#1956),#5542);
#1477=DEFINITIONAL_REPRESENTATION('',(#1958),#5542);
#1478=DEFINITIONAL_REPRESENTATION('',(#1959),#5542);
#1479=DEFINITIONAL_REPRESENTATION('',(#1961),#5542);
#1480=DEFINITIONAL_REPRESENTATION('',(#1962),#5542);
#1481=DEFINITIONAL_REPRESENTATION('',(#1964),#5542);
#1482=DEFINITIONAL_REPRESENTATION('',(#1965),#5542);
#1483=DEFINITIONAL_REPRESENTATION('',(#1966),#5542);
#1484=DEFINITIONAL_REPRESENTATION('',(#1967),#5542);
#1485=DEFINITIONAL_REPRESENTATION('',(#1968),#5542);
#1486=DEFINITIONAL_REPRESENTATION('',(#1969),#5542);
#1487=DEFINITIONAL_REPRESENTATION('',(#1970),#5542);
#1488=DEFINITIONAL_REPRESENTATION('',(#1971),#5542);
#1489=DEFINITIONAL_REPRESENTATION('',(#1972),#5542);
#1490=DEFINITIONAL_REPRESENTATION('',(#1973),#5542);
#1491=DEFINITIONAL_REPRESENTATION('',(#1974),#5542);
#1492=DEFINITIONAL_REPRESENTATION('',(#1975),#5542);
#1493=DEFINITIONAL_REPRESENTATION('',(#1976),#5542);
#1494=DEFINITIONAL_REPRESENTATION('',(#1977),#5542);
#1495=DEFINITIONAL_REPRESENTATION('',(#1978),#5542);
#1496=DEFINITIONAL_REPRESENTATION('',(#1979),#5542);
#1497=DEFINITIONAL_REPRESENTATION('',(#1980),#5542);
#1498=DEFINITIONAL_REPRESENTATION('',(#2563),#5542);
#1499=DEFINITIONAL_REPRESENTATION('',(#2565),#5542);
#1500=DEFINITIONAL_REPRESENTATION('',(#2567),#5542);
#1501=DEFINITIONAL_REPRESENTATION('',(#2568),#5542);
#1502=DEFINITIONAL_REPRESENTATION('',(#2570),#5542);
#1503=DEFINITIONAL_REPRESENTATION('',(#2572),#5542);
#1504=DEFINITIONAL_REPRESENTATION('',(#2573),#5542);
#1505=DEFINITIONAL_REPRESENTATION('',(#2575),#5542);
#1506=DEFINITIONAL_REPRESENTATION('',(#2577),#5542);
#1507=DEFINITIONAL_REPRESENTATION('',(#2578),#5542);
#1508=DEFINITIONAL_REPRESENTATION('',(#2580),#5542);
#1509=DEFINITIONAL_REPRESENTATION('',(#2582),#5542);
#1510=DEFINITIONAL_REPRESENTATION('',(#1981),#5542);
#1511=DEFINITIONAL_REPRESENTATION('',(#1982),#5542);
#1512=DEFINITIONAL_REPRESENTATION('',(#1983),#5542);
#1513=DEFINITIONAL_REPRESENTATION('',(#1984),#5542);
#1514=DEFINITIONAL_REPRESENTATION('',(#1985),#5542);
#1515=DEFINITIONAL_REPRESENTATION('',(#1986),#5542);
#1516=DEFINITIONAL_REPRESENTATION('',(#1987),#5542);
#1517=DEFINITIONAL_REPRESENTATION('',(#1988),#5542);
#1518=DEFINITIONAL_REPRESENTATION('',(#1989),#5542);
#1519=DEFINITIONAL_REPRESENTATION('',(#1990),#5542);
#1520=DEFINITIONAL_REPRESENTATION('',(#1991),#5542);
#1521=DEFINITIONAL_REPRESENTATION('',(#1992),#5542);
#1522=DEFINITIONAL_REPRESENTATION('',(#2588),#5542);
#1523=DEFINITIONAL_REPRESENTATION('',(#2589),#5542);
#1524=DEFINITIONAL_REPRESENTATION('',(#2590),#5542);
#1525=DEFINITIONAL_REPRESENTATION('',(#2591),#5542);
#1526=DEFINITIONAL_REPRESENTATION('',(#1993),#5542);
#1527=DEFINITIONAL_REPRESENTATION('',(#1994),#5542);
#1528=DEFINITIONAL_REPRESENTATION('',(#1995),#5542);
#1529=DEFINITIONAL_REPRESENTATION('',(#1996),#5542);
#1530=DEFINITIONAL_REPRESENTATION('',(#2596),#5542);
#1531=DEFINITIONAL_REPRESENTATION('',(#2597),#5542);
#1532=DEFINITIONAL_REPRESENTATION('',(#2598),#5542);
#1533=DEFINITIONAL_REPRESENTATION('',(#2599),#5542);
#1534=DEFINITIONAL_REPRESENTATION('',(#2601),#5542);
#1535=DEFINITIONAL_REPRESENTATION('',(#2603),#5542);
#1536=DEFINITIONAL_REPRESENTATION('',(#2604),#5542);
#1537=DEFINITIONAL_REPRESENTATION('',(#2605),#5542);
#1538=DEFINITIONAL_REPRESENTATION('',(#1997),#5542);
#1539=DEFINITIONAL_REPRESENTATION('',(#1998),#5542);
#1540=DEFINITIONAL_REPRESENTATION('',(#1999),#5542);
#1541=DEFINITIONAL_REPRESENTATION('',(#2000),#5542);
#1542=DEFINITIONAL_REPRESENTATION('',(#2001),#5542);
#1543=DEFINITIONAL_REPRESENTATION('',(#2002),#5542);
#1544=DEFINITIONAL_REPRESENTATION('',(#2003),#5542);
#1545=DEFINITIONAL_REPRESENTATION('',(#2004),#5542);
#1546=DEFINITIONAL_REPRESENTATION('',(#2612),#5542);
#1547=DEFINITIONAL_REPRESENTATION('',(#2613),#5542);
#1548=DEFINITIONAL_REPRESENTATION('',(#2614),#5542);
#1549=DEFINITIONAL_REPRESENTATION('',(#2615),#5542);
#1550=DEFINITIONAL_REPRESENTATION('',(#2005),#5542);
#1551=DEFINITIONAL_REPRESENTATION('',(#2006),#5542);
#1552=DEFINITIONAL_REPRESENTATION('',(#2007),#5542);
#1553=DEFINITIONAL_REPRESENTATION('',(#2008),#5542);
#1554=DEFINITIONAL_REPRESENTATION('',(#2009),#5542);
#1555=DEFINITIONAL_REPRESENTATION('',(#2010),#5542);
#1556=DEFINITIONAL_REPRESENTATION('',(#2011),#5542);
#1557=DEFINITIONAL_REPRESENTATION('',(#2012),#5542);
#1558=DEFINITIONAL_REPRESENTATION('',(#2013),#5542);
#1559=DEFINITIONAL_REPRESENTATION('',(#2014),#5542);
#1560=DEFINITIONAL_REPRESENTATION('',(#2015),#5542);
#1561=DEFINITIONAL_REPRESENTATION('',(#2016),#5542);
#1562=DEFINITIONAL_REPRESENTATION('',(#2017),#5542);
#1563=DEFINITIONAL_REPRESENTATION('',(#2018),#5542);
#1564=DEFINITIONAL_REPRESENTATION('',(#2019),#5542);
#1565=DEFINITIONAL_REPRESENTATION('',(#2020),#5542);
#1566=B_SPLINE_CURVE_WITH_KNOTS('',1,(#3758,#3759),.UNSPECIFIED.,.F.,.F.,
(2,2),(0.,8.079401205099),.UNSPECIFIED.);
#1567=B_SPLINE_CURVE_WITH_KNOTS('',1,(#3763,#3764),.UNSPECIFIED.,.F.,.F.,
(2,2),(0.,4.00000000000011),.UNSPECIFIED.);
#1568=B_SPLINE_CURVE_WITH_KNOTS('',1,(#3769,#3770),.UNSPECIFIED.,.F.,.F.,
(2,2),(0.,8.079401205099),.UNSPECIFIED.);
#1569=B_SPLINE_CURVE_WITH_KNOTS('',1,(#3774,#3775),.UNSPECIFIED.,.F.,.F.,
(2,2),(0.,4.00000000000196),.UNSPECIFIED.);
#1570=B_SPLINE_CURVE_WITH_KNOTS('',1,(#3779,#3780),.UNSPECIFIED.,.F.,.F.,
(2,2),(0.,4.00000000000199),.UNSPECIFIED.);
#1571=B_SPLINE_CURVE_WITH_KNOTS('',1,(#3785,#3786),.UNSPECIFIED.,.F.,.F.,
(2,2),(0.,8.079401205099),.UNSPECIFIED.);
#1572=B_SPLINE_CURVE_WITH_KNOTS('',1,(#3790,#3791),.UNSPECIFIED.,.F.,.F.,
(2,2),(0.,3.99999999999994),.UNSPECIFIED.);
#1573=B_SPLINE_CURVE_WITH_KNOTS('',1,(#3796,#3797),.UNSPECIFIED.,.F.,.F.,
(2,2),(0.,8.079401205099),.UNSPECIFIED.);
#1574=B_SPLINE_CURVE_WITH_KNOTS('',1,(#3798,#3799),.UNSPECIFIED.,.F.,.F.,
(2,2),(0.,44.92668593926),.UNSPECIFIED.);
#1575=B_SPLINE_CURVE_WITH_KNOTS('',1,(#3800,#3801),.UNSPECIFIED.,.F.,.F.,
(2,2),(0.,44.92668593926),.UNSPECIFIED.);
#1576=B_SPLINE_CURVE_WITH_KNOTS('',1,(#3806,#3807),.UNSPECIFIED.,.F.,.F.,
(2,2),(0.,35.57335334549),.UNSPECIFIED.);
#1577=B_SPLINE_CURVE_WITH_KNOTS('',1,(#3808,#3809),.UNSPECIFIED.,.F.,.F.,
(2,2),(0.,35.57335334549),.UNSPECIFIED.);
#1578=B_SPLINE_CURVE_WITH_KNOTS('',1,(#3810,#3811),.UNSPECIFIED.,.F.,.F.,
(2,2),(0.,9.35333259377001),.UNSPECIFIED.);
#1579=B_SPLINE_CURVE_WITH_KNOTS('',1,(#3812,#3813),.UNSPECIFIED.,.F.,.F.,
(2,2),(0.,9.35333259377001),.UNSPECIFIED.);
#1580=B_SPLINE_CURVE_WITH_KNOTS('',1,(#3814,#3815),.UNSPECIFIED.,.F.,.F.,
(2,2),(0.,8.079401205099),.UNSPECIFIED.);
#1581=B_SPLINE_CURVE_WITH_KNOTS('',1,(#3816,#3817),.UNSPECIFIED.,.F.,.F.,
(2,2),(0.,8.079401205099),.UNSPECIFIED.);
#1582=B_SPLINE_CURVE_WITH_KNOTS('',1,(#3818,#3819),.UNSPECIFIED.,.F.,.F.,
(2,2),(0.,8.079401205099),.UNSPECIFIED.);
#1583=B_SPLINE_CURVE_WITH_KNOTS('',1,(#3820,#3821),.UNSPECIFIED.,.F.,.F.,
(2,2),(0.,8.079401205099),.UNSPECIFIED.);
#1584=B_SPLINE_CURVE_WITH_KNOTS('',1,(#3822,#3823),.UNSPECIFIED.,.F.,.F.,
(2,2),(0.,9.35333259377001),.UNSPECIFIED.);
#1585=B_SPLINE_CURVE_WITH_KNOTS('',1,(#3824,#3825),.UNSPECIFIED.,.F.,.F.,
(2,2),(0.,9.35333259377001),.UNSPECIFIED.);
#1586=B_SPLINE_CURVE_WITH_KNOTS('',1,(#3826,#3827),.UNSPECIFIED.,.F.,.F.,
(2,2),(0.,35.57335334549),.UNSPECIFIED.);
#1587=B_SPLINE_CURVE_WITH_KNOTS('',1,(#3828,#3829),.UNSPECIFIED.,.F.,.F.,
(2,2),(0.,35.57335334549),.UNSPECIFIED.);
#1588=B_SPLINE_CURVE_WITH_KNOTS('',1,(#3834,#3835),.UNSPECIFIED.,.F.,.F.,
(2,2),(0.,44.92668593926),.UNSPECIFIED.);
#1589=B_SPLINE_CURVE_WITH_KNOTS('',1,(#3836,#3837),.UNSPECIFIED.,.F.,.F.,
(2,2),(0.,44.92668593926),.UNSPECIFIED.);
#1590=B_SPLINE_CURVE_WITH_KNOTS('',1,(#3838,#3839),.UNSPECIFIED.,.F.,.F.,
(2,2),(0.,12.),.UNSPECIFIED.);
#1591=B_SPLINE_CURVE_WITH_KNOTS('',1,(#3840,#3841),.UNSPECIFIED.,.F.,.F.,
(2,2),(0.,12.),.UNSPECIFIED.);
#1592=B_SPLINE_CURVE_WITH_KNOTS('',1,(#3842,#3843),.UNSPECIFIED.,.F.,.F.,
(2,2),(0.,10.00816379292),.UNSPECIFIED.);
#1593=B_SPLINE_CURVE_WITH_KNOTS('',1,(#3844,#3845),.UNSPECIFIED.,.F.,.F.,
(2,2),(0.,10.00816379292),.UNSPECIFIED.);
#1594=B_SPLINE_CURVE_WITH_KNOTS('',1,(#3846,#3847),.UNSPECIFIED.,.F.,.F.,
(2,2),(0.,12.),.UNSPECIFIED.);
#1595=B_SPLINE_CURVE_WITH_KNOTS('',1,(#3848,#3849),.UNSPECIFIED.,.F.,.F.,
(2,2),(0.,12.),.UNSPECIFIED.);
#1596=B_SPLINE_CURVE_WITH_KNOTS('',1,(#3850,#3851),.UNSPECIFIED.,.F.,.F.,
(2,2),(0.,10.0081637929202),.UNSPECIFIED.);
#1597=B_SPLINE_CURVE_WITH_KNOTS('',1,(#3852,#3853),.UNSPECIFIED.,.F.,.F.,
(2,2),(0.,10.0081637929202),.UNSPECIFIED.);
#1598=B_SPLINE_CURVE_WITH_KNOTS('',1,(#3854,#3855),.UNSPECIFIED.,.F.,.F.,
(2,2),(0.,9.35333259377001),.UNSPECIFIED.);
#1599=B_SPLINE_CURVE_WITH_KNOTS('',1,(#3856,#3857),.UNSPECIFIED.,.F.,.F.,
(2,2),(0.,9.35333259377001),.UNSPECIFIED.);
#1600=B_SPLINE_CURVE_WITH_KNOTS('',1,(#3858,#3859),.UNSPECIFIED.,.F.,.F.,
(2,2),(0.,10.0081637929202),.UNSPECIFIED.);
#1601=B_SPLINE_CURVE_WITH_KNOTS('',1,(#3860,#3861),.UNSPECIFIED.,.F.,.F.,
(2,2),(0.,10.0081637929202),.UNSPECIFIED.);
#1602=B_SPLINE_CURVE_WITH_KNOTS('',1,(#3862,#3863,#3864,#3865),
 .UNSPECIFIED.,.F.,.F.,(2,1,1,2),(0.,3.00493405871001,8.29459734894999,
9.35333259377001),.UNSPECIFIED.);
#1603=B_SPLINE_CURVE_WITH_KNOTS('',1,(#3866,#3867,#3868,#3869),
 .UNSPECIFIED.,.F.,.F.,(2,1,1,2),(0.,3.00493405871001,8.29459734894999,
9.35333259377001),.UNSPECIFIED.);
#1604=B_SPLINE_CURVE_WITH_KNOTS('',1,(#3870,#3871),.UNSPECIFIED.,.F.,.F.,
(2,2),(0.,10.00816379292),.UNSPECIFIED.);
#1605=B_SPLINE_CURVE_WITH_KNOTS('',1,(#3872,#3873),.UNSPECIFIED.,.F.,.F.,
(2,2),(0.,9.35333259377001),.UNSPECIFIED.);
#1606=B_SPLINE_CURVE_WITH_KNOTS('',1,(#3878,#3879),.UNSPECIFIED.,.F.,.F.,
(2,2),(0.,9.35333259377001),.UNSPECIFIED.);
#1607=B_SPLINE_CURVE_WITH_KNOTS('',1,(#3880,#3881),.UNSPECIFIED.,.F.,.F.,
(2,2),(0.,12.),.UNSPECIFIED.);
#1608=B_SPLINE_CURVE_WITH_KNOTS('',1,(#3882,#3883),.UNSPECIFIED.,.F.,.F.,
(2,2),(0.,9.35333259377001),.UNSPECIFIED.);
#1609=B_SPLINE_CURVE_WITH_KNOTS('',1,(#3884,#3885),.UNSPECIFIED.,.F.,.F.,
(2,2),(0.,9.35333259377001),.UNSPECIFIED.);
#1610=B_SPLINE_CURVE_WITH_KNOTS('',1,(#3886,#3887),.UNSPECIFIED.,.F.,.F.,
(2,2),(0.,10.00816379291),.UNSPECIFIED.);
#1611=B_SPLINE_CURVE_WITH_KNOTS('',1,(#3888,#3889),.UNSPECIFIED.,.F.,.F.,
(2,2),(0.,10.00816379291),.UNSPECIFIED.);
#1612=B_SPLINE_CURVE_WITH_KNOTS('',1,(#3890,#3891,#3892,#3893),
 .UNSPECIFIED.,.F.,.F.,(2,1,1,2),(0.,1.05873524482001,6.34839853506,9.35333259377001),
 .UNSPECIFIED.);
#1613=B_SPLINE_CURVE_WITH_KNOTS('',1,(#3894,#3895,#3896,#3897),
 .UNSPECIFIED.,.F.,.F.,(2,1,1,2),(0.,1.05873524482001,6.34839853506,9.35333259377001),
 .UNSPECIFIED.);
#1614=B_SPLINE_CURVE_WITH_KNOTS('',1,(#3898,#3899),.UNSPECIFIED.,.F.,.F.,
(2,2),(0.,10.00816379291),.UNSPECIFIED.);
#1615=B_SPLINE_CURVE_WITH_KNOTS('',1,(#3900,#3901),.UNSPECIFIED.,.F.,.F.,
(2,2),(0.,10.00816379291),.UNSPECIFIED.);
#1616=B_SPLINE_CURVE_WITH_KNOTS('',1,(#3902,#3903),.UNSPECIFIED.,.F.,.F.,
(2,2),(0.,12.),.UNSPECIFIED.);
#1617=B_SPLINE_CURVE_WITH_KNOTS('',1,(#3904,#3905),.UNSPECIFIED.,.F.,.F.,
(2,2),(0.,12.),.UNSPECIFIED.);
#1618=B_SPLINE_CURVE_WITH_KNOTS('',1,(#3906,#3907),.UNSPECIFIED.,.F.,.F.,
(2,2),(0.,10.00816379291),.UNSPECIFIED.);
#1619=B_SPLINE_CURVE_WITH_KNOTS('',1,(#3908,#3909),.UNSPECIFIED.,.F.,.F.,
(2,2),(0.,10.00816379291),.UNSPECIFIED.);
#1620=B_SPLINE_CURVE_WITH_KNOTS('',1,(#3910,#3911),.UNSPECIFIED.,.F.,.F.,
(2,2),(0.,12.),.UNSPECIFIED.);
#1621=B_SPLINE_CURVE_WITH_KNOTS('',1,(#3912,#3913),.UNSPECIFIED.,.F.,.F.,
(2,2),(0.,12.),.UNSPECIFIED.);
#1622=B_SPLINE_CURVE_WITH_KNOTS('',1,(#3914,#3915),.UNSPECIFIED.,.F.,.F.,
(2,2),(0.,10.00816379291),.UNSPECIFIED.);
#1623=B_SPLINE_CURVE_WITH_KNOTS('',1,(#3916,#3917),.UNSPECIFIED.,.F.,.F.,
(2,2),(0.,12.),.UNSPECIFIED.);
#1624=B_SPLINE_CURVE_WITH_KNOTS('',1,(#3918,#3919),.UNSPECIFIED.,.F.,.F.,
(2,2),(0.,9.35333259377001),.UNSPECIFIED.);
#1625=B_SPLINE_CURVE_WITH_KNOTS('',1,(#3924,#3925),.UNSPECIFIED.,.F.,.F.,
(2,2),(0.,9.35333259377001),.UNSPECIFIED.);
#1626=B_SPLINE_CURVE_WITH_KNOTS('',1,(#3926,#3927),.UNSPECIFIED.,.F.,.F.,
(2,2),(11.6122623962265,15.0745468578272),.UNSPECIFIED.);
#1627=B_SPLINE_CURVE_WITH_KNOTS('',1,(#3928,#3929),.UNSPECIFIED.,.F.,.F.,
(2,2),(11.6122623962265,15.0745468578272),.UNSPECIFIED.);
#1628=B_SPLINE_CURVE_WITH_KNOTS('',1,(#3930,#3931),.UNSPECIFIED.,.F.,.F.,
(2,2),(0.,1651.64727444472),.UNSPECIFIED.);
#1629=B_SPLINE_CURVE_WITH_KNOTS('',1,(#3932,#3933),.UNSPECIFIED.,.F.,.F.,
(2,2),(0.,1651.64727444472),.UNSPECIFIED.);
#1630=B_SPLINE_CURVE_WITH_KNOTS('',1,(#3934,#3935),.UNSPECIFIED.,.F.,.F.,
(2,2),(-15.0745468578272,-11.6122623962265),.UNSPECIFIED.);
#1631=B_SPLINE_CURVE_WITH_KNOTS('',1,(#3936,#3937),.UNSPECIFIED.,.F.,.F.,
(2,2),(-15.0745468578272,-11.6122623962265),.UNSPECIFIED.);
#1632=B_SPLINE_CURVE_WITH_KNOTS('',1,(#3938,#3939),.UNSPECIFIED.,.F.,.F.,
(2,2),(-1651.64727444472,0.),.UNSPECIFIED.);
#1633=B_SPLINE_CURVE_WITH_KNOTS('',1,(#3940,#3941),.UNSPECIFIED.,.F.,.F.,
(2,2),(-1651.64727444472,0.),.UNSPECIFIED.);
#1634=B_SPLINE_CURVE_WITH_KNOTS('',1,(#3942,#3943),.UNSPECIFIED.,.F.,.F.,
(2,2),(15.0745468578272,26.6868092540536),.UNSPECIFIED.);
#1635=B_SPLINE_CURVE_WITH_KNOTS('',1,(#3944,#3945),.UNSPECIFIED.,.F.,.F.,
(2,2),(15.0745468578272,26.6868092540536),.UNSPECIFIED.);
#1636=B_SPLINE_CURVE_WITH_KNOTS('',1,(#3946,#3947),.UNSPECIFIED.,.F.,.F.,
(2,2),(0.,1651.64727444472),.UNSPECIFIED.);
#1637=B_SPLINE_CURVE_WITH_KNOTS('',1,(#3948,#3949),.UNSPECIFIED.,.F.,.F.,
(2,2),(0.,1651.64727444472),.UNSPECIFIED.);
#1638=B_SPLINE_CURVE_WITH_KNOTS('',1,(#3950,#3951),.UNSPECIFIED.,.F.,.F.,
(2,2),(-26.6868092540536,-15.0745468578272),.UNSPECIFIED.);
#1639=B_SPLINE_CURVE_WITH_KNOTS('',1,(#3952,#3953),.UNSPECIFIED.,.F.,.F.,
(2,2),(-26.6868092540536,-15.0745468578272),.UNSPECIFIED.);
#1640=B_SPLINE_CURVE_WITH_KNOTS('',1,(#3954,#3955),.UNSPECIFIED.,.F.,.F.,
(2,2),(0.,1651.64727444472),.UNSPECIFIED.);
#1641=B_SPLINE_CURVE_WITH_KNOTS('',1,(#3956,#3957),.UNSPECIFIED.,.F.,.F.,
(2,2),(26.6868092540536,30.1490937156543),.UNSPECIFIED.);
#1642=B_SPLINE_CURVE_WITH_KNOTS('',1,(#3958,#3959),.UNSPECIFIED.,.F.,.F.,
(2,2),(26.6868092540536,30.1490937156543),.UNSPECIFIED.);
#1643=B_SPLINE_CURVE_WITH_KNOTS('',1,(#3960,#3961),.UNSPECIFIED.,.F.,.F.,
(2,2),(0.,1651.64727444472),.UNSPECIFIED.);
#1644=B_SPLINE_CURVE_WITH_KNOTS('',1,(#3962,#3963),.UNSPECIFIED.,.F.,.F.,
(2,2),(0.,1651.64727444472),.UNSPECIFIED.);
#1645=B_SPLINE_CURVE_WITH_KNOTS('',1,(#3964,#3965),.UNSPECIFIED.,.F.,.F.,
(2,2),(-30.1490937156543,-26.6868092540536),.UNSPECIFIED.);
#1646=B_SPLINE_CURVE_WITH_KNOTS('',1,(#3966,#3967),.UNSPECIFIED.,.F.,.F.,
(2,2),(-30.1490937156543,-26.6868092540536),.UNSPECIFIED.);
#1647=B_SPLINE_CURVE_WITH_KNOTS('',1,(#3968,#3969),.UNSPECIFIED.,.F.,.F.,
(2,2),(0.,1651.64727444472),.UNSPECIFIED.);
#1648=B_SPLINE_CURVE_WITH_KNOTS('',1,(#3970,#3971),.UNSPECIFIED.,.F.,.F.,
(2,2),(26.6868092540536,30.1490937156543),.UNSPECIFIED.);
#1649=B_SPLINE_CURVE_WITH_KNOTS('',1,(#3972,#3973),.UNSPECIFIED.,.F.,.F.,
(2,2),(15.0745468578272,26.6868092540536),.UNSPECIFIED.);
#1650=B_SPLINE_CURVE_WITH_KNOTS('',1,(#3974,#3975),.UNSPECIFIED.,.F.,.F.,
(2,2),(11.6122623962265,15.0745468578272),.UNSPECIFIED.);
#1651=B_SPLINE_CURVE_WITH_KNOTS('',1,(#3976,#3977),.UNSPECIFIED.,.F.,.F.,
(2,2),(0.,11.61226239623),.UNSPECIFIED.);
#1652=B_SPLINE_CURVE_WITH_KNOTS('',1,(#3978,#3979),.UNSPECIFIED.,.F.,.F.,
(2,2),(0.,11.61226239623),.UNSPECIFIED.);
#1653=B_SPLINE_CURVE_WITH_KNOTS('',1,(#3980,#3981),.UNSPECIFIED.,.F.,.F.,
(2,2),(0.,11.61226239623),.UNSPECIFIED.);
#1654=B_SPLINE_CURVE_WITH_KNOTS('',1,(#3982,#3983),.UNSPECIFIED.,.F.,.F.,
(2,2),(0.,11.61226239623),.UNSPECIFIED.);
#1655=B_SPLINE_CURVE_WITH_KNOTS('',1,(#3984,#3985),.UNSPECIFIED.,.F.,.F.,
(2,2),(-15.0745468578272,-11.6122623962265),.UNSPECIFIED.);
#1656=B_SPLINE_CURVE_WITH_KNOTS('',1,(#3986,#3987),.UNSPECIFIED.,.F.,.F.,
(2,2),(-26.6868092540536,-15.0745468578272),.UNSPECIFIED.);
#1657=B_SPLINE_CURVE_WITH_KNOTS('',1,(#3988,#3989),.UNSPECIFIED.,.F.,.F.,
(2,2),(-30.1490937156543,-26.6868092540536),.UNSPECIFIED.);
#1658=B_SPLINE_CURVE_WITH_KNOTS('',1,(#3990,#3991),.UNSPECIFIED.,.F.,.F.,
(2,2),(0.,3.46228446160069),.UNSPECIFIED.);
#1659=B_SPLINE_CURVE_WITH_KNOTS('',1,(#3992,#3993),.UNSPECIFIED.,.F.,.F.,
(2,2),(0.,3.46228446160069),.UNSPECIFIED.);
#1660=B_SPLINE_CURVE_WITH_KNOTS('',1,(#3994,#3995),.UNSPECIFIED.,.F.,.F.,
(2,2),(0.,1651.64727444472),.UNSPECIFIED.);
#1661=B_SPLINE_CURVE_WITH_KNOTS('',1,(#3996,#3997),.UNSPECIFIED.,.F.,.F.,
(2,2),(0.,1651.64727444472),.UNSPECIFIED.);
#1662=B_SPLINE_CURVE_WITH_KNOTS('',1,(#3998,#3999),.UNSPECIFIED.,.F.,.F.,
(2,2),(-3.46228446160069,0.),.UNSPECIFIED.);
#1663=B_SPLINE_CURVE_WITH_KNOTS('',1,(#4000,#4001),.UNSPECIFIED.,.F.,.F.,
(2,2),(-3.46228446160069,0.),.UNSPECIFIED.);
#1664=B_SPLINE_CURVE_WITH_KNOTS('',1,(#4002,#4003),.UNSPECIFIED.,.F.,.F.,
(2,2),(-1651.64727444472,0.),.UNSPECIFIED.);
#1665=B_SPLINE_CURVE_WITH_KNOTS('',1,(#4004,#4005),.UNSPECIFIED.,.F.,.F.,
(2,2),(-1651.64727444472,0.),.UNSPECIFIED.);
#1666=B_SPLINE_CURVE_WITH_KNOTS('',1,(#4006,#4007),.UNSPECIFIED.,.F.,.F.,
(2,2),(3.46228446160069,15.0745468578272),.UNSPECIFIED.);
#1667=B_SPLINE_CURVE_WITH_KNOTS('',1,(#4008,#4009),.UNSPECIFIED.,.F.,.F.,
(2,2),(3.46228446160069,15.0745468578272),.UNSPECIFIED.);
#1668=B_SPLINE_CURVE_WITH_KNOTS('',1,(#4010,#4011),.UNSPECIFIED.,.F.,.F.,
(2,2),(0.,1651.64727444472),.UNSPECIFIED.);
#1669=B_SPLINE_CURVE_WITH_KNOTS('',1,(#4012,#4013),.UNSPECIFIED.,.F.,.F.,
(2,2),(0.,1651.64727444472),.UNSPECIFIED.);
#1670=B_SPLINE_CURVE_WITH_KNOTS('',1,(#4014,#4015),.UNSPECIFIED.,.F.,.F.,
(2,2),(-15.0745468578272,-3.46228446160069),.UNSPECIFIED.);
#1671=B_SPLINE_CURVE_WITH_KNOTS('',1,(#4016,#4017),.UNSPECIFIED.,.F.,.F.,
(2,2),(-15.0745468578272,-3.46228446160069),.UNSPECIFIED.);
#1672=B_SPLINE_CURVE_WITH_KNOTS('',1,(#4018,#4019),.UNSPECIFIED.,.F.,.F.,
(2,2),(0.,1651.64727444472),.UNSPECIFIED.);
#1673=B_SPLINE_CURVE_WITH_KNOTS('',1,(#4020,#4021),.UNSPECIFIED.,.F.,.F.,
(2,2),(15.0745468578272,18.5368313194278),.UNSPECIFIED.);
#1674=B_SPLINE_CURVE_WITH_KNOTS('',1,(#4022,#4023),.UNSPECIFIED.,.F.,.F.,
(2,2),(15.0745468578272,18.5368313194278),.UNSPECIFIED.);
#1675=B_SPLINE_CURVE_WITH_KNOTS('',1,(#4024,#4025),.UNSPECIFIED.,.F.,.F.,
(2,2),(0.,1651.64727444472),.UNSPECIFIED.);
#1676=B_SPLINE_CURVE_WITH_KNOTS('',1,(#4026,#4027),.UNSPECIFIED.,.F.,.F.,
(2,2),(0.,1651.64727444472),.UNSPECIFIED.);
#1677=B_SPLINE_CURVE_WITH_KNOTS('',1,(#4028,#4029),.UNSPECIFIED.,.F.,.F.,
(2,2),(-18.5368313194278,-15.0745468578272),.UNSPECIFIED.);
#1678=B_SPLINE_CURVE_WITH_KNOTS('',1,(#4030,#4031),.UNSPECIFIED.,.F.,.F.,
(2,2),(-18.5368313194278,-15.0745468578272),.UNSPECIFIED.);
#1679=B_SPLINE_CURVE_WITH_KNOTS('',1,(#4032,#4033),.UNSPECIFIED.,.F.,.F.,
(2,2),(0.,1651.64727444472),.UNSPECIFIED.);
#1680=B_SPLINE_CURVE_WITH_KNOTS('',1,(#4034,#4035),.UNSPECIFIED.,.F.,.F.,
(2,2),(0.,11.61226239623),.UNSPECIFIED.);
#1681=B_SPLINE_CURVE_WITH_KNOTS('',1,(#4036,#4037),.UNSPECIFIED.,.F.,.F.,
(2,2),(0.,11.61226239623),.UNSPECIFIED.);
#1682=B_SPLINE_CURVE_WITH_KNOTS('',1,(#4038,#4039),.UNSPECIFIED.,.F.,.F.,
(2,2),(15.0745468578272,18.5368313194278),.UNSPECIFIED.);
#1683=B_SPLINE_CURVE_WITH_KNOTS('',1,(#4040,#4041),.UNSPECIFIED.,.F.,.F.,
(2,2),(3.46228446160069,15.0745468578272),.UNSPECIFIED.);
#1684=B_SPLINE_CURVE_WITH_KNOTS('',1,(#4042,#4043),.UNSPECIFIED.,.F.,.F.,
(2,2),(0.,3.46228446160069),.UNSPECIFIED.);
#1685=B_SPLINE_CURVE_WITH_KNOTS('',1,(#4044,#4045),.UNSPECIFIED.,.F.,.F.,
(2,2),(-3.46228446160069,0.),.UNSPECIFIED.);
#1686=B_SPLINE_CURVE_WITH_KNOTS('',1,(#4046,#4047),.UNSPECIFIED.,.F.,.F.,
(2,2),(-15.0745468578272,-3.46228446160069),.UNSPECIFIED.);
#1687=B_SPLINE_CURVE_WITH_KNOTS('',1,(#4048,#4049),.UNSPECIFIED.,.F.,.F.,
(2,2),(-18.5368313194278,-15.0745468578272),.UNSPECIFIED.);
#1688=B_SPLINE_CURVE_WITH_KNOTS('',1,(#4050,#4051),.UNSPECIFIED.,.F.,.F.,
(2,2),(0.,11.61226239623),.UNSPECIFIED.);
#1689=B_SPLINE_CURVE_WITH_KNOTS('',1,(#4052,#4053),.UNSPECIFIED.,.F.,.F.,
(2,2),(0.,11.61226239623),.UNSPECIFIED.);
#1690=B_SPLINE_CURVE_WITH_KNOTS('',1,(#4054,#4055),.UNSPECIFIED.,.F.,.F.,
(2,2),(0.,1.93601641418999),.UNSPECIFIED.);
#1691=B_SPLINE_CURVE_WITH_KNOTS('',1,(#4056,#4057),.UNSPECIFIED.,.F.,.F.,
(2,2),(0.,1.93601641418999),.UNSPECIFIED.);
#1692=B_SPLINE_CURVE_WITH_KNOTS('',1,(#4058,#4059),.UNSPECIFIED.,.F.,.F.,
(2,2),(0.,18.7999999999999),.UNSPECIFIED.);
#1693=B_SPLINE_CURVE_WITH_KNOTS('',1,(#4060,#4061),.UNSPECIFIED.,.F.,.F.,
(2,2),(0.,18.7999999999999),.UNSPECIFIED.);
#1694=B_SPLINE_CURVE_WITH_KNOTS('',1,(#4062,#4063),.UNSPECIFIED.,.F.,.F.,
(2,2),(0.,1.93601641418999),.UNSPECIFIED.);
#1695=B_SPLINE_CURVE_WITH_KNOTS('',1,(#4064,#4065),.UNSPECIFIED.,.F.,.F.,
(2,2),(0.,1.93601641418999),.UNSPECIFIED.);
#1696=B_SPLINE_CURVE_WITH_KNOTS('',1,(#4072,#4073),.UNSPECIFIED.,.F.,.F.,
(2,2),(0.,14.6306254631158),.UNSPECIFIED.);
#1697=B_SPLINE_CURVE_WITH_KNOTS('',1,(#4074,#4075),.UNSPECIFIED.,.F.,.F.,
(2,2),(0.,14.6306254631158),.UNSPECIFIED.);
#1698=B_SPLINE_CURVE_WITH_KNOTS('',1,(#4088,#4089),.UNSPECIFIED.,.F.,.F.,
(2,2),(-22.6533212828039,0.),.UNSPECIFIED.);
#1699=B_SPLINE_CURVE_WITH_KNOTS('',1,(#4090,#4091),.UNSPECIFIED.,.F.,.F.,
(2,2),(-22.6533212828039,0.),.UNSPECIFIED.);
#1700=B_SPLINE_CURVE_WITH_KNOTS('',1,(#4092,#4093),.UNSPECIFIED.,.F.,.F.,
(2,2),(0.,10.00816379291),.UNSPECIFIED.);
#1701=B_SPLINE_CURVE_WITH_KNOTS('',1,(#4094,#4095),.UNSPECIFIED.,.F.,.F.,
(2,2),(0.,3.),.UNSPECIFIED.);
#1702=B_SPLINE_CURVE_WITH_KNOTS('',1,(#4096,#4097),.UNSPECIFIED.,.F.,.F.,
(2,2),(0.,3.),.UNSPECIFIED.);
#1703=B_SPLINE_CURVE_WITH_KNOTS('',1,(#4104,#4105),.UNSPECIFIED.,.F.,.F.,
(2,2),(0.,3.),.UNSPECIFIED.);
#1704=B_SPLINE_CURVE_WITH_KNOTS('',1,(#4106,#4107),.UNSPECIFIED.,.F.,.F.,
(2,2),(0.,3.),.UNSPECIFIED.);
#1705=B_SPLINE_CURVE_WITH_KNOTS('',1,(#4108,#4109),.UNSPECIFIED.,.F.,.F.,
(2,2),(0.,10.0081637929202),.UNSPECIFIED.);
#1706=B_SPLINE_CURVE_WITH_KNOTS('',1,(#4110,#4111),.UNSPECIFIED.,.F.,.F.,
(2,2),(-22.6533212828172,0.),.UNSPECIFIED.);
#1707=B_SPLINE_CURVE_WITH_KNOTS('',1,(#4112,#4113),.UNSPECIFIED.,.F.,.F.,
(2,2),(-22.6533212828172,0.),.UNSPECIFIED.);
#1708=B_SPLINE_CURVE_WITH_KNOTS('',1,(#4153,#4154),.UNSPECIFIED.,.F.,.F.,
(2,2),(0.,36.5999999999997),.UNSPECIFIED.);
#1709=B_SPLINE_CURVE_WITH_KNOTS('',1,(#4157,#4158),.UNSPECIFIED.,.F.,.F.,
(2,2),(0.,17.175099474093),.UNSPECIFIED.);
#1710=B_SPLINE_CURVE_WITH_KNOTS('',1,(#4164,#4165),.UNSPECIFIED.,.F.,.F.,
(2,2),(0.,36.6000000000044),.UNSPECIFIED.);
#1711=B_SPLINE_CURVE_WITH_KNOTS('',1,(#4168,#4169),.UNSPECIFIED.,.F.,.F.,
(2,2),(0.,17.175099474093),.UNSPECIFIED.);
#1712=B_SPLINE_CURVE_WITH_KNOTS('',1,(#4211,#4212),.UNSPECIFIED.,.F.,.F.,
(2,2),(0.,8.079401205099),.UNSPECIFIED.);
#1713=B_SPLINE_CURVE_WITH_KNOTS('',1,(#4215,#4216),.UNSPECIFIED.,.F.,.F.,
(2,2),(-22.6533212828039,0.),.UNSPECIFIED.);
#1714=B_SPLINE_CURVE_WITH_KNOTS('',1,(#4217,#4218),.UNSPECIFIED.,.F.,.F.,
(2,2),(0.,20.079401205099),.UNSPECIFIED.);
#1715=B_SPLINE_CURVE_WITH_KNOTS('',1,(#4219,#4220),.UNSPECIFIED.,.F.,.F.,
(2,2),(0.,20.079401205099),.UNSPECIFIED.);
#1716=B_SPLINE_CURVE_WITH_KNOTS('',1,(#4221,#4222),.UNSPECIFIED.,.F.,.F.,
(2,2),(0.,22.6533212828039),.UNSPECIFIED.);
#1717=B_SPLINE_CURVE_WITH_KNOTS('',1,(#4223,#4224),.UNSPECIFIED.,.F.,.F.,
(2,2),(0.,22.6533212828039),.UNSPECIFIED.);
#1718=B_SPLINE_CURVE_WITH_KNOTS('',1,(#4225,#4226),.UNSPECIFIED.,.F.,.F.,
(2,2),(0.,0.27822708979433),.UNSPECIFIED.);
#1719=B_SPLINE_CURVE_WITH_KNOTS('',1,(#4229,#4230),.UNSPECIFIED.,.F.,.F.,
(2,2),(-20.079401205099,0.),.UNSPECIFIED.);
#1720=B_SPLINE_CURVE_WITH_KNOTS('',1,(#4234,#4235),.UNSPECIFIED.,.F.,.F.,
(2,2),(-0.27822708979433,0.),.UNSPECIFIED.);
#1721=B_SPLINE_CURVE_WITH_KNOTS('',1,(#4236,#4237),.UNSPECIFIED.,.F.,.F.,
(2,2),(0.,20.079401205099),.UNSPECIFIED.);
#1722=B_SPLINE_CURVE_WITH_KNOTS('',1,(#4240,#4241),.UNSPECIFIED.,.F.,.F.,
(2,2),(0.,20.079401205099),.UNSPECIFIED.);
#1723=B_SPLINE_CURVE_WITH_KNOTS('',1,(#4242,#4243),.UNSPECIFIED.,.F.,.F.,
(2,2),(-8.20828341803527,0.),.UNSPECIFIED.);
#1724=B_SPLINE_CURVE_WITH_KNOTS('',1,(#4246,#4247),.UNSPECIFIED.,.F.,.F.,
(2,2),(0.,20.079401205099),.UNSPECIFIED.);
#1725=B_SPLINE_CURVE_WITH_KNOTS('',1,(#4251,#4252),.UNSPECIFIED.,.F.,.F.,
(2,2),(0.,8.20828341803583),.UNSPECIFIED.);
#1726=B_SPLINE_CURVE_WITH_KNOTS('',1,(#4253,#4254),.UNSPECIFIED.,.F.,.F.,
(2,2),(0.,20.079401205099),.UNSPECIFIED.);
#1727=B_SPLINE_CURVE_WITH_KNOTS('',1,(#4255,#4256),.UNSPECIFIED.,.F.,.F.,
(2,2),(0.,0.278227089785657),.UNSPECIFIED.);
#1728=B_SPLINE_CURVE_WITH_KNOTS('',1,(#4259,#4260),.UNSPECIFIED.,.F.,.F.,
(2,2),(-20.079401205099,0.),.UNSPECIFIED.);
#1729=B_SPLINE_CURVE_WITH_KNOTS('',1,(#4264,#4265),.UNSPECIFIED.,.F.,.F.,
(2,2),(-0.278227089785655,0.),.UNSPECIFIED.);
#1730=B_SPLINE_CURVE_WITH_KNOTS('',1,(#4268,#4269),.UNSPECIFIED.,.F.,.F.,
(2,2),(-22.6533212828172,0.),.UNSPECIFIED.);
#1731=B_SPLINE_CURVE_WITH_KNOTS('',1,(#4272,#4273),.UNSPECIFIED.,.F.,.F.,
(2,2),(0.,8.079401205099),.UNSPECIFIED.);
#1732=B_SPLINE_CURVE_WITH_KNOTS('',1,(#4274,#4275),.UNSPECIFIED.,.F.,.F.,
(2,2),(0.,22.6533212828172),.UNSPECIFIED.);
#1733=B_SPLINE_CURVE_WITH_KNOTS('',1,(#4276,#4277),.UNSPECIFIED.,.F.,.F.,
(2,2),(0.,22.6533212828172),.UNSPECIFIED.);
#1734=B_SPLINE_CURVE_WITH_KNOTS('',1,(#4278,#4279),.UNSPECIFIED.,.F.,.F.,
(2,2),(0.,14.6306254631156),.UNSPECIFIED.);
#1735=B_SPLINE_CURVE_WITH_KNOTS('',1,(#4280,#4281),.UNSPECIFIED.,.F.,.F.,
(2,2),(0.,14.6306254631156),.UNSPECIFIED.);
#1736=B_SPLINE_CURVE_WITH_KNOTS('',1,(#4288,#4289),.UNSPECIFIED.,.F.,.F.,
(2,2),(0.,22.6533212828172),.UNSPECIFIED.);
#1737=B_SPLINE_CURVE_WITH_KNOTS('',1,(#4290,#4291),.UNSPECIFIED.,.F.,.F.,
(2,2),(0.,10.0081637929202),.UNSPECIFIED.);
#1738=B_SPLINE_CURVE_WITH_KNOTS('',1,(#4292,#4293),.UNSPECIFIED.,.F.,.F.,
(2,2),(0.,10.0081637929202),.UNSPECIFIED.);
#1739=B_SPLINE_CURVE_WITH_KNOTS('',1,(#4294,#4295),.UNSPECIFIED.,.F.,.F.,
(2,2),(0.,3.),.UNSPECIFIED.);
#1740=B_SPLINE_CURVE_WITH_KNOTS('',1,(#4296,#4297),.UNSPECIFIED.,.F.,.F.,
(2,2),(0.,3.),.UNSPECIFIED.);
#1741=B_SPLINE_CURVE_WITH_KNOTS('',1,(#4298,#4299),.UNSPECIFIED.,.F.,.F.,
(2,2),(0.,18.7999999999999),.UNSPECIFIED.);
#1742=B_SPLINE_CURVE_WITH_KNOTS('',1,(#4300,#4301),.UNSPECIFIED.,.F.,.F.,
(2,2),(0.,18.7999999999999),.UNSPECIFIED.);
#1743=B_SPLINE_CURVE_WITH_KNOTS('',1,(#4302,#4303),.UNSPECIFIED.,.F.,.F.,
(2,2),(0.,3.),.UNSPECIFIED.);
#1744=B_SPLINE_CURVE_WITH_KNOTS('',1,(#4304,#4305),.UNSPECIFIED.,.F.,.F.,
(2,2),(0.,3.),.UNSPECIFIED.);
#1745=B_SPLINE_CURVE_WITH_KNOTS('',1,(#4306,#4307),.UNSPECIFIED.,.F.,.F.,
(2,2),(0.,10.00816379291),.UNSPECIFIED.);
#1746=B_SPLINE_CURVE_WITH_KNOTS('',1,(#4308,#4309),.UNSPECIFIED.,.F.,.F.,
(2,2),(0.,10.00816379291),.UNSPECIFIED.);
#1747=B_SPLINE_CURVE_WITH_KNOTS('',1,(#4310,#4311),.UNSPECIFIED.,.F.,.F.,
(2,2),(0.,22.6533212828039),.UNSPECIFIED.);
#1748=B_SPLINE_CURVE_WITH_KNOTS('',1,(#4321,#4322),.UNSPECIFIED.,.F.,.F.,
(2,2),(0.,18.7999999999999),.UNSPECIFIED.);
#1749=B_SPLINE_CURVE_WITH_KNOTS('',1,(#4323,#4324),.UNSPECIFIED.,.F.,.F.,
(2,2),(0.,18.7999999999999),.UNSPECIFIED.);
#1750=B_SPLINE_CURVE_WITH_KNOTS('',1,(#4325,#4326),.UNSPECIFIED.,.F.,.F.,
(2,2),(0.,8.079401205099),.UNSPECIFIED.);
#1751=B_SPLINE_CURVE_WITH_KNOTS('',1,(#4327,#4328),.UNSPECIFIED.,.F.,.F.,
(2,2),(0.,8.079401205099),.UNSPECIFIED.);
#1752=B_SPLINE_CURVE_WITH_KNOTS('',1,(#4329,#4330),.UNSPECIFIED.,.F.,.F.,
(2,2),(0.,18.7999999999999),.UNSPECIFIED.);
#1753=B_SPLINE_CURVE_WITH_KNOTS('',1,(#4331,#4332),.UNSPECIFIED.,.F.,.F.,
(2,2),(0.,8.079401205099),.UNSPECIFIED.);
#1754=B_SPLINE_CURVE_WITH_KNOTS('',1,(#4333,#4334),.UNSPECIFIED.,.F.,.F.,
(2,2),(0.,8.079401205099),.UNSPECIFIED.);
#1755=B_SPLINE_CURVE_WITH_KNOTS('',1,(#4335,#4336),.UNSPECIFIED.,.F.,.F.,
(2,2),(0.,8.079401205099),.UNSPECIFIED.);
#1756=B_SPLINE_CURVE_WITH_KNOTS('',1,(#4337,#4338),.UNSPECIFIED.,.F.,.F.,
(2,2),(0.,8.079401205099),.UNSPECIFIED.);
#1757=B_SPLINE_CURVE_WITH_KNOTS('',1,(#4342,#4343),.UNSPECIFIED.,.F.,.F.,
(2,2),(0.,0.147893444300725),.UNSPECIFIED.);
#1758=B_SPLINE_CURVE_WITH_KNOTS('',1,(#4346,#4347),.UNSPECIFIED.,.F.,.F.,
(2,2),(0.,8.079401205099),.UNSPECIFIED.);
#1759=B_SPLINE_CURVE_WITH_KNOTS('',1,(#4348,#4349),.UNSPECIFIED.,.F.,.F.,
(2,2),(0.,0.147540819475633),.UNSPECIFIED.);
#1760=B_SPLINE_CURVE_WITH_KNOTS('',1,(#4350,#4351),.UNSPECIFIED.,.F.,.F.,
(2,2),(0.,0.147540819475633),.UNSPECIFIED.);
#1761=B_SPLINE_CURVE_WITH_KNOTS('',1,(#4352,#4353),.UNSPECIFIED.,.F.,.F.,
(2,2),(0.,8.079401205099),.UNSPECIFIED.);
#1762=B_SPLINE_CURVE_WITH_KNOTS('',1,(#4354,#4355),.UNSPECIFIED.,.F.,.F.,
(2,2),(0.,8.079401205099),.UNSPECIFIED.);
#1763=B_SPLINE_CURVE_WITH_KNOTS('',1,(#4356,#4357),.UNSPECIFIED.,.F.,.F.,
(2,2),(0.,1.93110920066974),.UNSPECIFIED.);
#1764=B_SPLINE_CURVE_WITH_KNOTS('',1,(#4358,#4359),.UNSPECIFIED.,.F.,.F.,
(2,2),(0.,1.93110920066974),.UNSPECIFIED.);
#1765=B_SPLINE_CURVE_WITH_KNOTS('',1,(#4360,#4361,#4362,#4363,#4364,#4365),
 .UNSPECIFIED.,.F.,.F.,(2,1,1,1,1,2),(-18.7999999999997,-15.1806737984498,
-13.9668647878197,-4.8168518680998,-3.6030428574697,0.),.UNSPECIFIED.);
#1766=B_SPLINE_CURVE_WITH_KNOTS('',1,(#4366,#4367,#4368,#4369,#4370,#4371),
 .UNSPECIFIED.,.F.,.F.,(2,1,1,1,1,2),(-18.7999999999997,-15.1806737984498,
-13.9668647878197,-4.8168518680998,-3.6030428574697,0.),.UNSPECIFIED.);
#1767=B_SPLINE_CURVE_WITH_KNOTS('',1,(#4372,#4373),.UNSPECIFIED.,.F.,.F.,
(2,2),(0.,1.93110920066956),.UNSPECIFIED.);
#1768=B_SPLINE_CURVE_WITH_KNOTS('',1,(#4374,#4375),.UNSPECIFIED.,.F.,.F.,
(2,2),(0.,1.93110920066956),.UNSPECIFIED.);
#1769=B_SPLINE_CURVE_WITH_KNOTS('',1,(#4378,#4379,#4380,#4381,#4382,#4383),
 .UNSPECIFIED.,.F.,.F.,(2,1,1,1,1,2),(0.,5.5341252129499,6.74793422358,
15.8979471432999,17.11175615393,22.6621647109598),.UNSPECIFIED.);
#1770=B_SPLINE_CURVE_WITH_KNOTS('',1,(#4384,#4385,#4386,#4387,#4388,#4389),
 .UNSPECIFIED.,.F.,.F.,(2,1,1,1,1,2),(0.,5.5341252129499,6.74793422358,
15.8979471432999,17.11175615393,22.6621647109598),.UNSPECIFIED.);
#1771=B_SPLINE_CURVE_WITH_KNOTS('',1,(#4390,#4391),.UNSPECIFIED.,.F.,.F.,
(2,2),(0.,8.079401205099),.UNSPECIFIED.);
#1772=B_SPLINE_CURVE_WITH_KNOTS('',1,(#4392,#4393),.UNSPECIFIED.,.F.,.F.,
(2,2),(0.,8.079401205099),.UNSPECIFIED.);
#1773=B_SPLINE_CURVE_WITH_KNOTS('',1,(#4394,#4395),.UNSPECIFIED.,.F.,.F.,
(2,2),(0.,0.147540819475252),.UNSPECIFIED.);
#1774=B_SPLINE_CURVE_WITH_KNOTS('',1,(#4396,#4397),.UNSPECIFIED.,.F.,.F.,
(2,2),(0.,0.147540819475252),.UNSPECIFIED.);
#1775=B_SPLINE_CURVE_WITH_KNOTS('',1,(#4398,#4399),.UNSPECIFIED.,.F.,.F.,
(2,2),(0.,8.079401205099),.UNSPECIFIED.);
#1776=B_SPLINE_CURVE_WITH_KNOTS('',1,(#4403,#4404),.UNSPECIFIED.,.F.,.F.,
(2,2),(0.,0.147893444310715),.UNSPECIFIED.);
#1777=B_SPLINE_CURVE_WITH_KNOTS('',1,(#4411,#4412),.UNSPECIFIED.,.F.,.F.,
(2,2),(0.,7.79228035557),.UNSPECIFIED.);
#1778=B_SPLINE_CURVE_WITH_KNOTS('',1,(#4413,#4414),.UNSPECIFIED.,.F.,.F.,
(2,2),(0.,7.79228035557),.UNSPECIFIED.);
#1779=B_SPLINE_CURVE_WITH_KNOTS('',1,(#4419,#4420),.UNSPECIFIED.,.F.,.F.,
(2,2),(0.,40.8163275858299),.UNSPECIFIED.);
#1780=B_SPLINE_CURVE_WITH_KNOTS('',1,(#4421,#4422),.UNSPECIFIED.,.F.,.F.,
(2,2),(0.,40.8163275858299),.UNSPECIFIED.);
#1781=B_SPLINE_CURVE_WITH_KNOTS('',1,(#4427,#4428),.UNSPECIFIED.,.F.,.F.,
(2,2),(0.,7.79228039500982),.UNSPECIFIED.);
#1782=B_SPLINE_CURVE_WITH_KNOTS('',1,(#4429,#4430),.UNSPECIFIED.,.F.,.F.,
(2,2),(0.,7.79228039500982),.UNSPECIFIED.);
#1783=B_SPLINE_CURVE_WITH_KNOTS('',1,(#4437,#4438),.UNSPECIFIED.,.F.,.F.,
(2,2),(0.,0.921728609099702),.UNSPECIFIED.);
#1784=B_SPLINE_CURVE_WITH_KNOTS('',1,(#4439,#4440),.UNSPECIFIED.,.F.,.F.,
(2,2),(0.,0.921728609099702),.UNSPECIFIED.);
#1785=B_SPLINE_CURVE_WITH_KNOTS('',1,(#4441,#4442),.UNSPECIFIED.,.F.,.F.,
(2,2),(0.,10.00816379291),.UNSPECIFIED.);
#1786=B_SPLINE_CURVE_WITH_KNOTS('',1,(#4443,#4444),.UNSPECIFIED.,.F.,.F.,
(2,2),(0.,35.57335334549),.UNSPECIFIED.);
#1787=B_SPLINE_CURVE_WITH_KNOTS('',1,(#4448,#4449),.UNSPECIFIED.,.F.,.F.,
(2,2),(0.,7.79228035557),.UNSPECIFIED.);
#1788=B_SPLINE_CURVE_WITH_KNOTS('',1,(#4450,#4451),.UNSPECIFIED.,.F.,.F.,
(2,2),(0.,3.57282308798997),.UNSPECIFIED.);
#1789=B_SPLINE_CURVE_WITH_KNOTS('',1,(#4452,#4453),.UNSPECIFIED.,.F.,.F.,
(2,2),(0.,3.57282308798997),.UNSPECIFIED.);
#1790=B_SPLINE_CURVE_WITH_KNOTS('',1,(#4454,#4455,#4456),.UNSPECIFIED.,
 .F.,.F.,(2,1,2),(0.,2.59626160316,4.5418475974798),.UNSPECIFIED.);
#1791=B_SPLINE_CURVE_WITH_KNOTS('',1,(#4457,#4458,#4459),.UNSPECIFIED.,
 .F.,.F.,(2,1,2),(0.,2.59626160316,4.5418475974798),.UNSPECIFIED.);
#1792=B_SPLINE_CURVE_WITH_KNOTS('',1,(#4460,#4461),.UNSPECIFIED.,.F.,.F.,
(2,2),(0.,3.05457053619),.UNSPECIFIED.);
#1793=B_SPLINE_CURVE_WITH_KNOTS('',1,(#4462,#4463),.UNSPECIFIED.,.F.,.F.,
(2,2),(0.,3.05457053619),.UNSPECIFIED.);
#1794=B_SPLINE_CURVE_WITH_KNOTS('',1,(#4464,#4465),.UNSPECIFIED.,.F.,.F.,
(2,2),(0.,1.6455215076703),.UNSPECIFIED.);
#1795=B_SPLINE_CURVE_WITH_KNOTS('',1,(#4466,#4467),.UNSPECIFIED.,.F.,.F.,
(2,2),(0.,1.6455215076703),.UNSPECIFIED.);
#1796=B_SPLINE_CURVE_WITH_KNOTS('',1,(#4468,#4469,#4470,#4471),
 .UNSPECIFIED.,.F.,.F.,(2,1,1,2),(0.,1.7813023125998,11.0757263517899,12.8570286249396),
 .UNSPECIFIED.);
#1797=B_SPLINE_CURVE_WITH_KNOTS('',1,(#4472,#4473,#4474,#4475),
 .UNSPECIFIED.,.F.,.F.,(2,1,1,2),(0.,1.7813023125998,11.0757263517899,12.8570286249396),
 .UNSPECIFIED.);
#1798=B_SPLINE_CURVE_WITH_KNOTS('',1,(#4476,#4477),.UNSPECIFIED.,.F.,.F.,
(2,2),(0.,1.64552150767036),.UNSPECIFIED.);
#1799=B_SPLINE_CURVE_WITH_KNOTS('',1,(#4478,#4479),.UNSPECIFIED.,.F.,.F.,
(2,2),(0.,1.64552150767036),.UNSPECIFIED.);
#1800=B_SPLINE_CURVE_WITH_KNOTS('',1,(#4480,#4481),.UNSPECIFIED.,.F.,.F.,
(2,2),(0.,3.05457053619),.UNSPECIFIED.);
#1801=B_SPLINE_CURVE_WITH_KNOTS('',1,(#4482,#4483),.UNSPECIFIED.,.F.,.F.,
(2,2),(0.,3.05457053619),.UNSPECIFIED.);
#1802=B_SPLINE_CURVE_WITH_KNOTS('',1,(#4484,#4485,#4486),.UNSPECIFIED.,
 .F.,.F.,(2,1,2),(0.,1.94558599432003,4.54184759748),.UNSPECIFIED.);
#1803=B_SPLINE_CURVE_WITH_KNOTS('',1,(#4487,#4488,#4489),.UNSPECIFIED.,
 .F.,.F.,(2,1,2),(0.,1.94558599432003,4.54184759748),.UNSPECIFIED.);
#1804=B_SPLINE_CURVE_WITH_KNOTS('',1,(#4490,#4491),.UNSPECIFIED.,.F.,.F.,
(2,2),(0.,3.57282308798997),.UNSPECIFIED.);
#1805=B_SPLINE_CURVE_WITH_KNOTS('',1,(#4492,#4493),.UNSPECIFIED.,.F.,.F.,
(2,2),(0.,3.57282308798997),.UNSPECIFIED.);
#1806=B_SPLINE_CURVE_WITH_KNOTS('',1,(#4494,#4495),.UNSPECIFIED.,.F.,.F.,
(2,2),(0.,7.79228039500982),.UNSPECIFIED.);
#1807=B_SPLINE_CURVE_WITH_KNOTS('',1,(#4499,#4500),.UNSPECIFIED.,.F.,.F.,
(2,2),(0.,35.57335334549),.UNSPECIFIED.);
#1808=B_SPLINE_CURVE_WITH_KNOTS('',1,(#4501,#4502),.UNSPECIFIED.,.F.,.F.,
(2,2),(0.,10.0081637929202),.UNSPECIFIED.);
#1809=B_SPLINE_CURVE_WITH_KNOTS('',1,(#4503,#4504),.UNSPECIFIED.,.F.,.F.,
(2,2),(0.,0.92172860909),.UNSPECIFIED.);
#1810=B_SPLINE_CURVE_WITH_KNOTS('',1,(#4505,#4506),.UNSPECIFIED.,.F.,.F.,
(2,2),(0.,0.92172860909),.UNSPECIFIED.);
#1811=B_SPLINE_CURVE_WITH_KNOTS('',1,(#4510,#4511,#4512,#4513,#4514,#4515),
 .UNSPECIFIED.,.F.,.F.,(2,1,1,1,1,2),(0.,5.5341252129499,6.74793422358,
15.8979471432999,17.11175615393,22.6621647109598),.UNSPECIFIED.);
#1812=B_SPLINE_CURVE_WITH_KNOTS('',1,(#4599,#4600),.UNSPECIFIED.,.F.,.F.,
(2,2),(0.,1651.64727444472),.UNSPECIFIED.);
#1813=B_SPLINE_CURVE_WITH_KNOTS('',1,(#4601,#4602),.UNSPECIFIED.,.F.,.F.,
(2,2),(0.,11.61226239623),.UNSPECIFIED.);
#1814=B_SPLINE_CURVE_WITH_KNOTS('',1,(#4603,#4604),.UNSPECIFIED.,.F.,.F.,
(2,2),(-1651.64727444472,0.),.UNSPECIFIED.);
#1815=B_SPLINE_CURVE_WITH_KNOTS('',1,(#4605,#4606),.UNSPECIFIED.,.F.,.F.,
(2,2),(0.,11.61226239623),.UNSPECIFIED.);
#1816=B_SPLINE_CURVE_WITH_KNOTS('',1,(#4607,#4608),.UNSPECIFIED.,.F.,.F.,
(2,2),(0.,11.61226239623),.UNSPECIFIED.);
#1817=B_SPLINE_CURVE_WITH_KNOTS('',1,(#4609,#4610),.UNSPECIFIED.,.F.,.F.,
(2,2),(0.,1651.64727444472),.UNSPECIFIED.);
#1818=B_SPLINE_CURVE_WITH_KNOTS('',1,(#4611,#4612),.UNSPECIFIED.,.F.,.F.,
(2,2),(0.,11.61226239623),.UNSPECIFIED.);
#1819=B_SPLINE_CURVE_WITH_KNOTS('',1,(#4613,#4614),.UNSPECIFIED.,.F.,.F.,
(2,2),(-1651.64727444472,0.),.UNSPECIFIED.);
#1820=B_SPLINE_CURVE_WITH_KNOTS('',1,(#4615,#4616),.UNSPECIFIED.,.F.,.F.,
(2,2),(0.,1.6455215076703),.UNSPECIFIED.);
#1821=B_SPLINE_CURVE_WITH_KNOTS('',1,(#4623,#4624),.UNSPECIFIED.,.F.,.F.,
(2,2),(0.,1.00816179066),.UNSPECIFIED.);
#1822=B_SPLINE_CURVE_WITH_KNOTS('',1,(#4625,#4626),.UNSPECIFIED.,.F.,.F.,
(2,2),(0.,1.00816179066),.UNSPECIFIED.);
#1823=B_SPLINE_CURVE_WITH_KNOTS('',1,(#4633,#4634),.UNSPECIFIED.,.F.,.F.,
(2,2),(-15.8226054928019,0.),.UNSPECIFIED.);
#1824=B_SPLINE_CURVE_WITH_KNOTS('',1,(#4635,#4636),.UNSPECIFIED.,.F.,.F.,
(2,2),(0.,3.57282308798997),.UNSPECIFIED.);
#1825=B_SPLINE_CURVE_WITH_KNOTS('',1,(#4640,#4641),.UNSPECIFIED.,.F.,.F.,
(2,2),(0.,15.8226054927985),.UNSPECIFIED.);
#1826=B_SPLINE_CURVE_WITH_KNOTS('',1,(#4642,#4643),.UNSPECIFIED.,.F.,.F.,
(2,2),(0.,3.57282308798997),.UNSPECIFIED.);
#1827=B_SPLINE_CURVE_WITH_KNOTS('',1,(#4644,#4645),.UNSPECIFIED.,.F.,.F.,
(2,2),(0.,3.57282308798997),.UNSPECIFIED.);
#1828=B_SPLINE_CURVE_WITH_KNOTS('',1,(#4646,#4647,#4648),.UNSPECIFIED.,
 .F.,.F.,(2,1,2),(0.,1.94558599432003,4.54184759748),.UNSPECIFIED.);
#1829=B_SPLINE_CURVE_WITH_KNOTS('',1,(#4655,#4656),.UNSPECIFIED.,.F.,.F.,
(2,2),(0.,3.35231241849401),.UNSPECIFIED.);
#1830=B_SPLINE_CURVE_WITH_KNOTS('',1,(#4657,#4658),.UNSPECIFIED.,.F.,.F.,
(2,2),(0.,3.35231241849401),.UNSPECIFIED.);
#1831=B_SPLINE_CURVE_WITH_KNOTS('',1,(#4662,#4663),.UNSPECIFIED.,.F.,.F.,
(2,2),(-9.19479348604074,0.),.UNSPECIFIED.);
#1832=B_SPLINE_CURVE_WITH_KNOTS('',1,(#4664,#4665),.UNSPECIFIED.,.F.,.F.,
(2,2),(0.,3.05457053619),.UNSPECIFIED.);
#1833=B_SPLINE_CURVE_WITH_KNOTS('',1,(#4669,#4670),.UNSPECIFIED.,.F.,.F.,
(2,2),(0.,9.19479348603996),.UNSPECIFIED.);
#1834=B_SPLINE_CURVE_WITH_KNOTS('',1,(#4671,#4672),.UNSPECIFIED.,.F.,.F.,
(2,2),(0.,3.05457053619),.UNSPECIFIED.);
#1835=B_SPLINE_CURVE_WITH_KNOTS('',1,(#4673,#4674),.UNSPECIFIED.,.F.,.F.,
(2,2),(0.,3.05457053619),.UNSPECIFIED.);
#1836=B_SPLINE_CURVE_WITH_KNOTS('',1,(#4675,#4676),.UNSPECIFIED.,.F.,.F.,
(2,2),(0.,1.64552150767036),.UNSPECIFIED.);
#1837=B_SPLINE_CURVE_WITH_KNOTS('',1,(#4683,#4684),.UNSPECIFIED.,.F.,.F.,
(2,2),(0.,1.00816179066),.UNSPECIFIED.);
#1838=B_SPLINE_CURVE_WITH_KNOTS('',1,(#4694,#4695),.UNSPECIFIED.,.F.,.F.,
(2,2),(0.,15.8226055422802),.UNSPECIFIED.);
#1839=B_SPLINE_CURVE_WITH_KNOTS('',1,(#4696,#4697),.UNSPECIFIED.,.F.,.F.,
(2,2),(0.,3.57282308798997),.UNSPECIFIED.);
#1840=B_SPLINE_CURVE_WITH_KNOTS('',1,(#4698,#4699),.UNSPECIFIED.,.F.,.F.,
(2,2),(-15.8226055422822,0.),.UNSPECIFIED.);
#1841=B_SPLINE_CURVE_WITH_KNOTS('',1,(#4700,#4701),.UNSPECIFIED.,.F.,.F.,
(2,2),(0.,3.57282308798997),.UNSPECIFIED.);
#1842=B_SPLINE_CURVE_WITH_KNOTS('',1,(#4702,#4703,#4704),.UNSPECIFIED.,
 .F.,.F.,(2,1,2),(0.,2.59626160316,4.5418475974798),.UNSPECIFIED.);
#1843=B_SPLINE_CURVE_WITH_KNOTS('',1,(#4708,#4709),.UNSPECIFIED.,.F.,.F.,
(2,2),(0.,3.35231241849401),.UNSPECIFIED.);
#1844=B_SPLINE_CURVE_WITH_KNOTS('',1,(#4713,#4714),.UNSPECIFIED.,.F.,.F.,
(2,2),(-9.19479344110425,0.),.UNSPECIFIED.);
#1845=B_SPLINE_CURVE_WITH_KNOTS('',1,(#4715,#4716),.UNSPECIFIED.,.F.,.F.,
(2,2),(0.,3.05457053619),.UNSPECIFIED.);
#1846=B_SPLINE_CURVE_WITH_KNOTS('',1,(#4717,#4718),.UNSPECIFIED.,.F.,.F.,
(2,2),(-9.19479344110576,0.),.UNSPECIFIED.);
#1847=B_SPLINE_CURVE_WITH_KNOTS('',1,(#4719,#4720),.UNSPECIFIED.,.F.,.F.,
(2,2),(0.,3.05457053619),.UNSPECIFIED.);
#1848=B_SPLINE_CURVE_WITH_KNOTS('',1,(#4721,#4722,#4723,#4724),
 .UNSPECIFIED.,.F.,.F.,(2,1,1,2),(0.,1.7813023125998,11.0757263517899,12.8570286249396),
 .UNSPECIFIED.);
#1849=B_SPLINE_CURVE_WITH_KNOTS('',1,(#4731,#4732),.UNSPECIFIED.,.F.,.F.,
(2,2),(0.,12.),.UNSPECIFIED.);
#1850=B_SPLINE_CURVE_WITH_KNOTS('',1,(#4733,#4734),.UNSPECIFIED.,.F.,.F.,
(2,2),(0.,12.),.UNSPECIFIED.);
#1851=B_SPLINE_CURVE_WITH_KNOTS('',1,(#4738,#4739),.UNSPECIFIED.,.F.,.F.,
(2,2),(0.,12.),.UNSPECIFIED.);
#1852=B_SPLINE_CURVE_WITH_KNOTS('',1,(#4740,#4741),.UNSPECIFIED.,.F.,.F.,
(2,2),(0.,12.),.UNSPECIFIED.);
#1853=B_SPLINE_CURVE_WITH_KNOTS('',1,(#4745,#4746),.UNSPECIFIED.,.F.,.F.,
(2,2),(0.,18.7999999999999),.UNSPECIFIED.);
#1854=B_SPLINE_CURVE_WITH_KNOTS('',1,(#4747,#4748),.UNSPECIFIED.,.F.,.F.,
(2,2),(0.,1.93601641418999),.UNSPECIFIED.);
#1855=B_SPLINE_CURVE_WITH_KNOTS('',1,(#4749,#4750),.UNSPECIFIED.,.F.,.F.,
(2,2),(0.,1.93601641418999),.UNSPECIFIED.);
#1856=B_SPLINE_CURVE_WITH_KNOTS('',1,(#4751,#4752),.UNSPECIFIED.,.F.,.F.,
(2,2),(0.,18.7999999999999),.UNSPECIFIED.);
#1857=B_SPLINE_CURVE_WITH_KNOTS('',1,(#4753,#4754),.UNSPECIFIED.,.F.,.F.,
(2,2),(0.,1.93601641418999),.UNSPECIFIED.);
#1858=B_SPLINE_CURVE_WITH_KNOTS('',1,(#4755,#4756),.UNSPECIFIED.,.F.,.F.,
(2,2),(0.,1.93601641418999),.UNSPECIFIED.);
#1859=B_SPLINE_CURVE_WITH_KNOTS('',1,(#4757,#4758),.UNSPECIFIED.,.F.,.F.,
(2,2),(-0.147540819475633,0.),.UNSPECIFIED.);
#1860=B_SPLINE_CURVE_WITH_KNOTS('',1,(#4759,#4760),.UNSPECIFIED.,.F.,.F.,
(2,2),(-0.147540819475633,0.),.UNSPECIFIED.);
#1861=B_SPLINE_CURVE_WITH_KNOTS('',1,(#4761,#4762),.UNSPECIFIED.,.F.,.F.,
(2,2),(-1.93110920066956,0.),.UNSPECIFIED.);
#1862=B_SPLINE_CURVE_WITH_KNOTS('',1,(#4763,#4764),.UNSPECIFIED.,.F.,.F.,
(2,2),(-1.93110920066956,0.),.UNSPECIFIED.);
#1863=B_SPLINE_CURVE_WITH_KNOTS('',1,(#4765,#4766,#4767,#4768,#4769,#4770),
 .UNSPECIFIED.,.F.,.F.,(2,1,1,1,1,2),(-18.7999999999997,-15.1806737984498,
-13.9668647878197,-4.8168518680998,-3.6030428574697,0.),.UNSPECIFIED.);
#1864=B_SPLINE_CURVE_WITH_KNOTS('',1,(#4771,#4772),.UNSPECIFIED.,.F.,.F.,
(2,2),(-1.93110920066974,0.),.UNSPECIFIED.);
#1865=B_SPLINE_CURVE_WITH_KNOTS('',1,(#4773,#4774),.UNSPECIFIED.,.F.,.F.,
(2,2),(-1.93110920066974,0.),.UNSPECIFIED.);
#1866=B_SPLINE_CURVE_WITH_KNOTS('',1,(#4775,#4776),.UNSPECIFIED.,.F.,.F.,
(2,2),(-0.147540819475252,0.),.UNSPECIFIED.);
#1867=B_SPLINE_CURVE_WITH_KNOTS('',1,(#4777,#4778),.UNSPECIFIED.,.F.,.F.,
(2,2),(-0.147540819475252,0.),.UNSPECIFIED.);
#1868=B_SPLINE_CURVE_WITH_KNOTS('',1,(#4779,#4780),.UNSPECIFIED.,.F.,.F.,
(2,2),(0.,0.9217286091),.UNSPECIFIED.);
#1869=B_SPLINE_CURVE_WITH_KNOTS('',1,(#4781,#4782),.UNSPECIFIED.,.F.,.F.,
(2,2),(0.,0.9217286091),.UNSPECIFIED.);
#1870=B_SPLINE_CURVE_WITH_KNOTS('',1,(#4783,#4784,#4785,#4786),
 .UNSPECIFIED.,.F.,.F.,(2,1,1,2),(0.,1.05873524482001,6.34839853506,9.35333259377001),
 .UNSPECIFIED.);
#1871=B_SPLINE_CURVE_WITH_KNOTS('',1,(#4787,#4788,#4789,#4790),
 .UNSPECIFIED.,.F.,.F.,(2,1,1,2),(0.,1.05873524482001,6.34839853506,9.35333259377001),
 .UNSPECIFIED.);
#1872=B_SPLINE_CURVE_WITH_KNOTS('',1,(#4791,#4792),.UNSPECIFIED.,.F.,.F.,
(2,2),(0.,10.0081637929202),.UNSPECIFIED.);
#1873=B_SPLINE_CURVE_WITH_KNOTS('',1,(#4793,#4794),.UNSPECIFIED.,.F.,.F.,
(2,2),(0.,44.92668593926),.UNSPECIFIED.);
#1874=B_SPLINE_CURVE_WITH_KNOTS('',1,(#4798,#4799),.UNSPECIFIED.,.F.,.F.,
(2,2),(0.,40.8163275858299),.UNSPECIFIED.);
#1875=B_SPLINE_CURVE_WITH_KNOTS('',1,(#4803,#4804),.UNSPECIFIED.,.F.,.F.,
(2,2),(0.,44.92668593926),.UNSPECIFIED.);
#1876=B_SPLINE_CURVE_WITH_KNOTS('',1,(#4805,#4806),.UNSPECIFIED.,.F.,.F.,
(2,2),(0.,10.00816379291),.UNSPECIFIED.);
#1877=B_SPLINE_CURVE_WITH_KNOTS('',1,(#4807,#4808,#4809,#4810),
 .UNSPECIFIED.,.F.,.F.,(2,1,1,2),(0.,3.00493405871001,8.29459734894999,
9.35333259377001),.UNSPECIFIED.);
#1878=B_SPLINE_CURVE_WITH_KNOTS('',1,(#4811,#4812,#4813,#4814),
 .UNSPECIFIED.,.F.,.F.,(2,1,1,2),(0.,3.00493405871001,8.29459734894999,
9.35333259377001),.UNSPECIFIED.);
#1879=B_SPLINE_CURVE_WITH_KNOTS('',1,(#4815,#4816),.UNSPECIFIED.,.F.,.F.,
(2,2),(0.,0.921728609100001),.UNSPECIFIED.);
#1880=B_SPLINE_CURVE_WITH_KNOTS('',1,(#4817,#4818),.UNSPECIFIED.,.F.,.F.,
(2,2),(0.,0.921728609100001),.UNSPECIFIED.);
#1881=B_SPLINE_CURVE_WITH_KNOTS('',1,(#4923,#4924),.UNSPECIFIED.,.F.,.F.,
(2,2),(0.,8.079401205099),.UNSPECIFIED.);
#1882=B_SPLINE_CURVE_WITH_KNOTS('',1,(#4925,#4926),.UNSPECIFIED.,.F.,.F.,
(2,2),(0.,1.93601641418999),.UNSPECIFIED.);
#1883=B_SPLINE_CURVE_WITH_KNOTS('',1,(#4927,#4928),.UNSPECIFIED.,.F.,.F.,
(2,2),(0.,12.),.UNSPECIFIED.);
#1884=B_SPLINE_CURVE_WITH_KNOTS('',1,(#4929,#4930),.UNSPECIFIED.,.F.,.F.,
(2,2),(0.,9.35333259377001),.UNSPECIFIED.);
#1885=B_SPLINE_CURVE_WITH_KNOTS('',1,(#4931,#4932),.UNSPECIFIED.,.F.,.F.,
(2,2),(0.,9.35333259377001),.UNSPECIFIED.);
#1886=B_SPLINE_CURVE_WITH_KNOTS('',1,(#4933,#4934),.UNSPECIFIED.,.F.,.F.,
(2,2),(0.,20.079401205099),.UNSPECIFIED.);
#1887=B_SPLINE_CURVE_WITH_KNOTS('',1,(#4935,#4936),.UNSPECIFIED.,.F.,.F.,
(2,2),(0.,20.079401205099),.UNSPECIFIED.);
#1888=B_SPLINE_CURVE_WITH_KNOTS('',1,(#4937,#4938),.UNSPECIFIED.,.F.,.F.,
(2,2),(0.,7.41731617958001),.UNSPECIFIED.);
#1889=B_SPLINE_CURVE_WITH_KNOTS('',1,(#4939,#4940),.UNSPECIFIED.,.F.,.F.,
(2,2),(0.,7.41731617958001),.UNSPECIFIED.);
#1890=B_SPLINE_CURVE_WITH_KNOTS('',1,(#4941,#4942),.UNSPECIFIED.,.F.,.F.,
(2,2),(0.,3.),.UNSPECIFIED.);
#1891=B_SPLINE_CURVE_WITH_KNOTS('',1,(#4943,#4944),.UNSPECIFIED.,.F.,.F.,
(2,2),(0.,3.),.UNSPECIFIED.);
#1892=B_SPLINE_CURVE_WITH_KNOTS('',1,(#4945,#4946),.UNSPECIFIED.,.F.,.F.,
(2,2),(0.,9.35333259377001),.UNSPECIFIED.);
#1893=B_SPLINE_CURVE_WITH_KNOTS('',1,(#4947,#4948),.UNSPECIFIED.,.F.,.F.,
(2,2),(0.,3.),.UNSPECIFIED.);
#1894=B_SPLINE_CURVE_WITH_KNOTS('',1,(#4949,#4950,#4951,#4952),
 .UNSPECIFIED.,.F.,.F.,(2,1,1,2),(0.,1.05873524482001,6.34839853506,9.35333259377001),
 .UNSPECIFIED.);
#1895=B_SPLINE_CURVE_WITH_KNOTS('',1,(#4953,#4954,#4955,#4956),
 .UNSPECIFIED.,.F.,.F.,(2,1,1,2),(0.,3.00493405871001,8.29459734894999,
9.35333259377001),.UNSPECIFIED.);
#1896=B_SPLINE_CURVE_WITH_KNOTS('',1,(#4957,#4958),.UNSPECIFIED.,.F.,.F.,
(2,2),(0.,3.),.UNSPECIFIED.);
#1897=B_SPLINE_CURVE_WITH_KNOTS('',1,(#4959,#4960),.UNSPECIFIED.,.F.,.F.,
(2,2),(0.,1.93601641418999),.UNSPECIFIED.);
#1898=B_SPLINE_CURVE_WITH_KNOTS('',1,(#4961,#4962),.UNSPECIFIED.,.F.,.F.,
(2,2),(0.,7.41731617958001),.UNSPECIFIED.);
#1899=B_SPLINE_CURVE_WITH_KNOTS('',1,(#4963,#4964),.UNSPECIFIED.,.F.,.F.,
(2,2),(-1.93110920066956,0.),.UNSPECIFIED.);
#1900=B_SPLINE_CURVE_WITH_KNOTS('',1,(#4965,#4966),.UNSPECIFIED.,.F.,.F.,
(2,2),(-0.147540819475633,0.),.UNSPECIFIED.);
#1901=B_SPLINE_CURVE_WITH_KNOTS('',1,(#4967,#4968),.UNSPECIFIED.,.F.,.F.,
(2,2),(0.,0.921728609100001),.UNSPECIFIED.);
#1902=B_SPLINE_CURVE_WITH_KNOTS('',1,(#4969,#4970),.UNSPECIFIED.,.F.,.F.,
(2,2),(0.,8.079401205099),.UNSPECIFIED.);
#1903=B_SPLINE_CURVE_WITH_KNOTS('',1,(#4971,#4972),.UNSPECIFIED.,.F.,.F.,
(2,2),(0.,0.147540819475633),.UNSPECIFIED.);
#1904=B_SPLINE_CURVE_WITH_KNOTS('',1,(#4973,#4974),.UNSPECIFIED.,.F.,.F.,
(2,2),(0.,1.93110920066956),.UNSPECIFIED.);
#1905=B_SPLINE_CURVE_WITH_KNOTS('',1,(#4975,#4976),.UNSPECIFIED.,.F.,.F.,
(2,2),(0.,20.079401205099),.UNSPECIFIED.);
#1906=B_SPLINE_CURVE_WITH_KNOTS('',1,(#4977,#4978),.UNSPECIFIED.,.F.,.F.,
(2,2),(0.,3.),.UNSPECIFIED.);
#1907=B_SPLINE_CURVE_WITH_KNOTS('',1,(#4979,#4980),.UNSPECIFIED.,.F.,.F.,
(2,2),(0.,12.),.UNSPECIFIED.);
#1908=B_SPLINE_CURVE_WITH_KNOTS('',1,(#4981,#4982),.UNSPECIFIED.,.F.,.F.,
(2,2),(0.,0.921728609099702),.UNSPECIFIED.);
#1909=B_SPLINE_CURVE_WITH_KNOTS('',1,(#4983,#4984),.UNSPECIFIED.,.F.,.F.,
(2,2),(0.,8.079401205099),.UNSPECIFIED.);
#1910=B_SPLINE_CURVE_WITH_KNOTS('',1,(#4985,#4986),.UNSPECIFIED.,.F.,.F.,
(2,2),(0.,7.41731617958001),.UNSPECIFIED.);
#1911=B_SPLINE_CURVE_WITH_KNOTS('',1,(#4987,#4988),.UNSPECIFIED.,.F.,.F.,
(2,2),(0.,7.41731617958001),.UNSPECIFIED.);
#1912=B_SPLINE_CURVE_WITH_KNOTS('',1,(#4989,#4990),.UNSPECIFIED.,.F.,.F.,
(2,2),(0.,20.079401205099),.UNSPECIFIED.);
#1913=B_SPLINE_CURVE_WITH_KNOTS('',1,(#4991,#4992),.UNSPECIFIED.,.F.,.F.,
(2,2),(0.,20.079401205099),.UNSPECIFIED.);
#1914=B_SPLINE_CURVE_WITH_KNOTS('',1,(#4993,#4994),.UNSPECIFIED.,.F.,.F.,
(2,2),(0.,9.35333259377001),.UNSPECIFIED.);
#1915=B_SPLINE_CURVE_WITH_KNOTS('',1,(#4995,#4996),.UNSPECIFIED.,.F.,.F.,
(2,2),(0.,9.35333259377001),.UNSPECIFIED.);
#1916=B_SPLINE_CURVE_WITH_KNOTS('',1,(#4997,#4998),.UNSPECIFIED.,.F.,.F.,
(2,2),(0.,12.),.UNSPECIFIED.);
#1917=B_SPLINE_CURVE_WITH_KNOTS('',1,(#4999,#5000),.UNSPECIFIED.,.F.,.F.,
(2,2),(0.,1.93601641418999),.UNSPECIFIED.);
#1918=B_SPLINE_CURVE_WITH_KNOTS('',1,(#5001,#5002,#5003,#5004),
 .UNSPECIFIED.,.F.,.F.,(2,1,1,2),(0.,3.00493405871001,8.29459734894999,
9.35333259377001),.UNSPECIFIED.);
#1919=B_SPLINE_CURVE_WITH_KNOTS('',1,(#5005,#5006),.UNSPECIFIED.,.F.,.F.,
(2,2),(0.,3.),.UNSPECIFIED.);
#1920=B_SPLINE_CURVE_WITH_KNOTS('',1,(#5007,#5008),.UNSPECIFIED.,.F.,.F.,
(2,2),(0.,9.35333259377001),.UNSPECIFIED.);
#1921=B_SPLINE_CURVE_WITH_KNOTS('',1,(#5009,#5010),.UNSPECIFIED.,.F.,.F.,
(2,2),(0.,3.),.UNSPECIFIED.);
#1922=B_SPLINE_CURVE_WITH_KNOTS('',1,(#5011,#5012),.UNSPECIFIED.,.F.,.F.,
(2,2),(0.,3.),.UNSPECIFIED.);
#1923=B_SPLINE_CURVE_WITH_KNOTS('',1,(#5013,#5014),.UNSPECIFIED.,.F.,.F.,
(2,2),(0.,0.9217286091),.UNSPECIFIED.);
#1924=B_SPLINE_CURVE_WITH_KNOTS('',1,(#5015,#5016),.UNSPECIFIED.,.F.,.F.,
(2,2),(-0.147540819475252,0.),.UNSPECIFIED.);
#1925=B_SPLINE_CURVE_WITH_KNOTS('',1,(#5017,#5018),.UNSPECIFIED.,.F.,.F.,
(2,2),(-1.93110920066974,0.),.UNSPECIFIED.);
#1926=B_SPLINE_CURVE_WITH_KNOTS('',1,(#5019,#5020),.UNSPECIFIED.,.F.,.F.,
(2,2),(0.,7.41731617958001),.UNSPECIFIED.);
#1927=B_SPLINE_CURVE_WITH_KNOTS('',1,(#5021,#5022),.UNSPECIFIED.,.F.,.F.,
(2,2),(0.,1.93601641418999),.UNSPECIFIED.);
#1928=B_SPLINE_CURVE_WITH_KNOTS('',1,(#5023,#5024),.UNSPECIFIED.,.F.,.F.,
(2,2),(0.,3.),.UNSPECIFIED.);
#1929=B_SPLINE_CURVE_WITH_KNOTS('',1,(#5025,#5026,#5027,#5028),
 .UNSPECIFIED.,.F.,.F.,(2,1,1,2),(0.,1.05873524482001,6.34839853506,9.35333259377001),
 .UNSPECIFIED.);
#1930=B_SPLINE_CURVE_WITH_KNOTS('',1,(#5029,#5030),.UNSPECIFIED.,.F.,.F.,
(2,2),(0.,12.),.UNSPECIFIED.);
#1931=B_SPLINE_CURVE_WITH_KNOTS('',1,(#5031,#5032),.UNSPECIFIED.,.F.,.F.,
(2,2),(0.,3.),.UNSPECIFIED.);
#1932=B_SPLINE_CURVE_WITH_KNOTS('',1,(#5033,#5034),.UNSPECIFIED.,.F.,.F.,
(2,2),(0.,20.079401205099),.UNSPECIFIED.);
#1933=B_SPLINE_CURVE_WITH_KNOTS('',1,(#5035,#5036),.UNSPECIFIED.,.F.,.F.,
(2,2),(0.,1.93110920066974),.UNSPECIFIED.);
#1934=B_SPLINE_CURVE_WITH_KNOTS('',1,(#5037,#5038),.UNSPECIFIED.,.F.,.F.,
(2,2),(0.,0.147540819475252),.UNSPECIFIED.);
#1935=B_SPLINE_CURVE_WITH_KNOTS('',1,(#5039,#5040),.UNSPECIFIED.,.F.,.F.,
(2,2),(0.,8.079401205099),.UNSPECIFIED.);
#1936=B_SPLINE_CURVE_WITH_KNOTS('',1,(#5041,#5042),.UNSPECIFIED.,.F.,.F.,
(2,2),(0.,0.92172860909),.UNSPECIFIED.);
#1937=B_SPLINE_CURVE_WITH_KNOTS('',1,(#5043,#5044),.UNSPECIFIED.,.F.,.F.,
(2,2),(0.,17.175099474093),.UNSPECIFIED.);
#1938=B_SPLINE_CURVE_WITH_KNOTS('',1,(#5045,#5046),.UNSPECIFIED.,.F.,.F.,
(2,2),(-36.5999999999955,0.),.UNSPECIFIED.);
#1939=B_SPLINE_CURVE_WITH_KNOTS('',1,(#5047,#5048),.UNSPECIFIED.,.F.,.F.,
(2,2),(0.,17.175099474093),.UNSPECIFIED.);
#1940=B_SPLINE_CURVE_WITH_KNOTS('',1,(#5049,#5050),.UNSPECIFIED.,.F.,.F.,
(2,2),(-36.5999999999994,0.),.UNSPECIFIED.);
#1941=B_SPLINE_CURVE_WITH_KNOTS('',1,(#5056,#5057),.UNSPECIFIED.,.F.,.F.,
(2,2),(1.57079630916536,4.71238899800579),.UNSPECIFIED.);
#1942=B_SPLINE_CURVE_WITH_KNOTS('',1,(#5058,#5059),.UNSPECIFIED.,.F.,.F.,
(2,2),(2.07642500341018,5.07694347230361),.UNSPECIFIED.);
#1943=B_SPLINE_CURVE_WITH_KNOTS('',1,(#5060,#5061),.UNSPECIFIED.,.F.,.F.,
(2,2),(2.07642500341018,5.07694347230361),.UNSPECIFIED.);
#1944=B_SPLINE_CURVE_WITH_KNOTS('',1,(#5062,#5063),.UNSPECIFIED.,.F.,.F.,
(2,2),(-6.79999999999983,0.),.UNSPECIFIED.);
#1945=B_SPLINE_CURVE_WITH_KNOTS('',1,(#5064,#5065),.UNSPECIFIED.,.F.,.F.,
(2,2),(-5.0771104284017,-2.07659195950717),.UNSPECIFIED.);
#1946=B_SPLINE_CURVE_WITH_KNOTS('',1,(#5066,#5067),.UNSPECIFIED.,.F.,.F.,
(2,2),(-5.0771104284017,-2.07659195950717),.UNSPECIFIED.);
#1947=B_SPLINE_CURVE_WITH_KNOTS('',1,(#5073,#5074),.UNSPECIFIED.,.F.,.F.,
(2,2),(1.57079630916649,4.71238899800572),.UNSPECIFIED.);
#1948=B_SPLINE_CURVE_WITH_KNOTS('',1,(#5075,#5076),.UNSPECIFIED.,.F.,.F.,
(2,2),(2.0764246950892,5.0769431639826),.UNSPECIFIED.);
#1949=B_SPLINE_CURVE_WITH_KNOTS('',1,(#5077,#5078),.UNSPECIFIED.,.F.,.F.,
(2,2),(2.0764246950892,5.0769431639826),.UNSPECIFIED.);
#1950=B_SPLINE_CURVE_WITH_KNOTS('',1,(#5079,#5080),.UNSPECIFIED.,.F.,.F.,
(2,2),(-6.79999999999943,0.),.UNSPECIFIED.);
#1951=B_SPLINE_CURVE_WITH_KNOTS('',1,(#5081,#5082),.UNSPECIFIED.,.F.,.F.,
(2,2),(0.,3.00051846889453),.UNSPECIFIED.);
#1952=B_SPLINE_CURVE_WITH_KNOTS('',1,(#5083,#5084),.UNSPECIFIED.,.F.,.F.,
(2,2),(0.,3.00051846889453),.UNSPECIFIED.);
#1953=B_SPLINE_CURVE_WITH_KNOTS('',1,(#5090,#5091),.UNSPECIFIED.,.F.,.F.,
(2,2),(1.57079630914473,4.71238899802478),.UNSPECIFIED.);
#1954=B_SPLINE_CURVE_WITH_KNOTS('',1,(#5092,#5093),.UNSPECIFIED.,.F.,.F.,
(2,2),(2.07761657238514,5.07813504128654),.UNSPECIFIED.);
#1955=B_SPLINE_CURVE_WITH_KNOTS('',1,(#5094,#5095),.UNSPECIFIED.,.F.,.F.,
(2,2),(2.07761657238514,5.07813504128654),.UNSPECIFIED.);
#1956=B_SPLINE_CURVE_WITH_KNOTS('',1,(#5096,#5097),.UNSPECIFIED.,.F.,.F.,
(2,2),(-6.80000000002119,0.),.UNSPECIFIED.);
#1957=B_SPLINE_CURVE_WITH_KNOTS('',1,(#5098,#5099),.UNSPECIFIED.,.F.,.F.,
(2,2),(0.,3.00051846890252),.UNSPECIFIED.);
#1958=B_SPLINE_CURVE_WITH_KNOTS('',1,(#5100,#5101),.UNSPECIFIED.,.F.,.F.,
(2,2),(0.,3.00051846890252),.UNSPECIFIED.);
#1959=B_SPLINE_CURVE_WITH_KNOTS('',1,(#5107,#5108),.UNSPECIFIED.,.F.,.F.,
(2,2),(1.57079630914738,4.71238899802587),.UNSPECIFIED.);
#1960=B_SPLINE_CURVE_WITH_KNOTS('',1,(#5109,#5110),.UNSPECIFIED.,.F.,.F.,
(2,2),(-3.00051846890139,0.),.UNSPECIFIED.);
#1961=B_SPLINE_CURVE_WITH_KNOTS('',1,(#5111,#5112),.UNSPECIFIED.,.F.,.F.,
(2,2),(-3.00051846890139,0.),.UNSPECIFIED.);
#1962=B_SPLINE_CURVE_WITH_KNOTS('',1,(#5113,#5114),.UNSPECIFIED.,.F.,.F.,
(2,2),(-6.80000000000195,0.),.UNSPECIFIED.);
#1963=B_SPLINE_CURVE_WITH_KNOTS('',1,(#5115,#5116),.UNSPECIFIED.,.F.,.F.,
(2,2),(0.,3.00051846890252),.UNSPECIFIED.);
#1964=B_SPLINE_CURVE_WITH_KNOTS('',1,(#5117,#5118),.UNSPECIFIED.,.F.,.F.,
(2,2),(0.,3.00051846890252),.UNSPECIFIED.);
#1965=B_SPLINE_CURVE_WITH_KNOTS('',1,(#5124,#5125),.UNSPECIFIED.,.F.,.F.,
(2,2),(1.57079634441599,4.71238896275515),.UNSPECIFIED.);
#1966=B_SPLINE_CURVE_WITH_KNOTS('',1,(#5126,#5127),.UNSPECIFIED.,.F.,.F.,
(2,2),(-5.0771104284017,-2.07659195950717),.UNSPECIFIED.);
#1967=B_SPLINE_CURVE_WITH_KNOTS('',1,(#5128,#5129),.UNSPECIFIED.,.F.,.F.,
(2,2),(-6.80000000000369,0.),.UNSPECIFIED.);
#1968=B_SPLINE_CURVE_WITH_KNOTS('',1,(#5130,#5131),.UNSPECIFIED.,.F.,.F.,
(2,2),(2.07642500341018,5.07694347230361),.UNSPECIFIED.);
#1969=B_SPLINE_CURVE_WITH_KNOTS('',1,(#5137,#5138),.UNSPECIFIED.,.F.,.F.,
(2,2),(1.57079634441697,4.7123889627552),.UNSPECIFIED.);
#1970=B_SPLINE_CURVE_WITH_KNOTS('',1,(#5139,#5140),.UNSPECIFIED.,.F.,.F.,
(2,2),(0.,3.00051846889453),.UNSPECIFIED.);
#1971=B_SPLINE_CURVE_WITH_KNOTS('',1,(#5141,#5142),.UNSPECIFIED.,.F.,.F.,
(2,2),(-6.8000000000006,0.),.UNSPECIFIED.);
#1972=B_SPLINE_CURVE_WITH_KNOTS('',1,(#5143,#5144),.UNSPECIFIED.,.F.,.F.,
(2,2),(2.0764246950892,5.0769431639826),.UNSPECIFIED.);
#1973=B_SPLINE_CURVE_WITH_KNOTS('',1,(#5150,#5151),.UNSPECIFIED.,.F.,.F.,
(2,2),(1.57079634443607,4.71238896273451),.UNSPECIFIED.);
#1974=B_SPLINE_CURVE_WITH_KNOTS('',1,(#5152,#5153),.UNSPECIFIED.,.F.,.F.,
(2,2),(0.,3.00051846890252),.UNSPECIFIED.);
#1975=B_SPLINE_CURVE_WITH_KNOTS('',1,(#5154,#5155),.UNSPECIFIED.,.F.,.F.,
(2,2),(-6.79999999997761,0.),.UNSPECIFIED.);
#1976=B_SPLINE_CURVE_WITH_KNOTS('',1,(#5156,#5157),.UNSPECIFIED.,.F.,.F.,
(2,2),(2.07761657238514,5.07813504128654),.UNSPECIFIED.);
#1977=B_SPLINE_CURVE_WITH_KNOTS('',1,(#5163,#5164),.UNSPECIFIED.,.F.,.F.,
(2,2),(1.57079634443607,4.71238896273717),.UNSPECIFIED.);
#1978=B_SPLINE_CURVE_WITH_KNOTS('',1,(#5165,#5166),.UNSPECIFIED.,.F.,.F.,
(2,2),(0.,3.00051846890252),.UNSPECIFIED.);
#1979=B_SPLINE_CURVE_WITH_KNOTS('',1,(#5167,#5168),.UNSPECIFIED.,.F.,.F.,
(2,2),(-6.8000000000021,0.),.UNSPECIFIED.);
#1980=B_SPLINE_CURVE_WITH_KNOTS('',1,(#5169,#5170),.UNSPECIFIED.,.F.,.F.,
(2,2),(-3.00051846890139,0.),.UNSPECIFIED.);
#1981=B_SPLINE_CURVE_WITH_KNOTS('',1,(#5321,#5322),.UNSPECIFIED.,.F.,.F.,
(2,2),(0.,20.079401205099),.UNSPECIFIED.);
#1982=B_SPLINE_CURVE_WITH_KNOTS('',1,(#5323,#5324),.UNSPECIFIED.,.F.,.F.,
(2,2),(-8.20828341803537,0.),.UNSPECIFIED.);
#1983=B_SPLINE_CURVE_WITH_KNOTS('',1,(#5325,#5326),.UNSPECIFIED.,.F.,.F.,
(2,2),(-20.079401205099,0.),.UNSPECIFIED.);
#1984=B_SPLINE_CURVE_WITH_KNOTS('',1,(#5327,#5328),.UNSPECIFIED.,.F.,.F.,
(2,2),(-8.20828341803541,0.),.UNSPECIFIED.);
#1985=B_SPLINE_CURVE_WITH_KNOTS('',1,(#5329,#5330),.UNSPECIFIED.,.F.,.F.,
(2,2),(0.,20.079401205099),.UNSPECIFIED.);
#1986=B_SPLINE_CURVE_WITH_KNOTS('',1,(#5331,#5332),.UNSPECIFIED.,.F.,.F.,
(2,2),(0.,14.6306254631158),.UNSPECIFIED.);
#1987=B_SPLINE_CURVE_WITH_KNOTS('',1,(#5333,#5334),.UNSPECIFIED.,.F.,.F.,
(2,2),(0.,20.079401205099),.UNSPECIFIED.);
#1988=B_SPLINE_CURVE_WITH_KNOTS('',1,(#5335,#5336),.UNSPECIFIED.,.F.,.F.,
(2,2),(0.,14.6306254631156),.UNSPECIFIED.);
#1989=B_SPLINE_CURVE_WITH_KNOTS('',1,(#5337,#5338),.UNSPECIFIED.,.F.,.F.,
(2,2),(-24.6312292265132,-12.3156146132566),.UNSPECIFIED.);
#1990=B_SPLINE_CURVE_WITH_KNOTS('',1,(#5341,#5342),.UNSPECIFIED.,.F.,.F.,
(2,2),(104.481843899449,109.561245104548),.UNSPECIFIED.);
#1991=B_SPLINE_CURVE_WITH_KNOTS('',1,(#5348,#5349),.UNSPECIFIED.,.F.,.F.,
(2,2),(0.,9.67266109835974),.UNSPECIFIED.);
#1992=B_SPLINE_CURVE_WITH_KNOTS('',1,(#5352,#5353),.UNSPECIFIED.,.F.,.F.,
(2,2),(-109.561245104548,-104.481843899449),.UNSPECIFIED.);
#1993=B_SPLINE_CURVE_WITH_KNOTS('',1,(#5379,#5380,#5381),.UNSPECIFIED.,
 .F.,.F.,(2,1,2),(-24.7060898787251,-24.6312292265128,-12.390475265471),
 .UNSPECIFIED.);
#1994=B_SPLINE_CURVE_WITH_KNOTS('',1,(#5384,#5385),.UNSPECIFIED.,.F.,.F.,
(2,2),(104.481843899449,109.561245104548),.UNSPECIFIED.);
#1995=B_SPLINE_CURVE_WITH_KNOTS('',1,(#5391,#5392),.UNSPECIFIED.,.F.,.F.,
(2,2),(0.,9.67266109835974),.UNSPECIFIED.);
#1996=B_SPLINE_CURVE_WITH_KNOTS('',1,(#5395,#5396),.UNSPECIFIED.,.F.,.F.,
(2,2),(-109.561245104548,-104.481843899449),.UNSPECIFIED.);
#1997=B_SPLINE_CURVE_WITH_KNOTS('',1,(#5452,#5453,#5454),.UNSPECIFIED.,
 .F.,.F.,(2,1,2),(-24.7060898787248,-24.6312292265128,-12.3904752654712),
 .UNSPECIFIED.);
#1998=B_SPLINE_CURVE_WITH_KNOTS('',1,(#5457,#5458),.UNSPECIFIED.,.F.,.F.,
(2,2),(104.481843899449,109.561245104548),.UNSPECIFIED.);
#1999=B_SPLINE_CURVE_WITH_KNOTS('',1,(#5459,#5460),.UNSPECIFIED.,.F.,.F.,
(2,2),(-9.67266109835974,0.),.UNSPECIFIED.);
#2000=B_SPLINE_CURVE_WITH_KNOTS('',1,(#5463,#5464),.UNSPECIFIED.,.F.,.F.,
(2,2),(-109.561245104548,-104.481843899449),.UNSPECIFIED.);
#2001=B_SPLINE_CURVE_WITH_KNOTS('',1,(#5465,#5466),.UNSPECIFIED.,.F.,.F.,
(2,2),(-24.6312292265121,-12.315614613256),.UNSPECIFIED.);
#2002=B_SPLINE_CURVE_WITH_KNOTS('',1,(#5469,#5470),.UNSPECIFIED.,.F.,.F.,
(2,2),(104.481843899449,109.561245104548),.UNSPECIFIED.);
#2003=B_SPLINE_CURVE_WITH_KNOTS('',1,(#5476,#5477),.UNSPECIFIED.,.F.,.F.,
(2,2),(0.,9.67266109835974),.UNSPECIFIED.);
#2004=B_SPLINE_CURVE_WITH_KNOTS('',1,(#5480,#5481),.UNSPECIFIED.,.F.,.F.,
(2,2),(-109.561245104548,-104.481843899449),.UNSPECIFIED.);
#2005=B_SPLINE_CURVE_WITH_KNOTS('',1,(#5507,#5508),.UNSPECIFIED.,.F.,.F.,
(2,2),(-109.561245104548,-104.481843899449),.UNSPECIFIED.);
#2006=B_SPLINE_CURVE_WITH_KNOTS('',1,(#5509,#5510),.UNSPECIFIED.,.F.,.F.,
(2,2),(-19.3453221967195,-9.67266109835974),.UNSPECIFIED.);
#2007=B_SPLINE_CURVE_WITH_KNOTS('',1,(#5511,#5512),.UNSPECIFIED.,.F.,.F.,
(2,2),(104.481843899449,109.561245104548),.UNSPECIFIED.);
#2008=B_SPLINE_CURVE_WITH_KNOTS('',1,(#5513,#5514),.UNSPECIFIED.,.F.,.F.,
(2,2),(-12.3156146132566,0.),.UNSPECIFIED.);
#2009=B_SPLINE_CURVE_WITH_KNOTS('',1,(#5515,#5516),.UNSPECIFIED.,.F.,.F.,
(2,2),(-109.561245104548,-104.481843899449),.UNSPECIFIED.);
#2010=B_SPLINE_CURVE_WITH_KNOTS('',1,(#5517,#5518),.UNSPECIFIED.,.F.,.F.,
(2,2),(-19.3453221967195,-9.67266109835974),.UNSPECIFIED.);
#2011=B_SPLINE_CURVE_WITH_KNOTS('',1,(#5519,#5520),.UNSPECIFIED.,.F.,.F.,
(2,2),(104.481843899449,109.561245104548),.UNSPECIFIED.);
#2012=B_SPLINE_CURVE_WITH_KNOTS('',1,(#5521,#5522,#5523),.UNSPECIFIED.,
 .F.,.F.,(2,1,2),(-12.390475265471,-12.3156146132569,-0.0748606522122819),
 .UNSPECIFIED.);
#2013=B_SPLINE_CURVE_WITH_KNOTS('',1,(#5524,#5525),.UNSPECIFIED.,.F.,.F.,
(2,2),(-109.561245104548,-104.481843899449),.UNSPECIFIED.);
#2014=B_SPLINE_CURVE_WITH_KNOTS('',1,(#5526,#5527),.UNSPECIFIED.,.F.,.F.,
(2,2),(-19.3453221967195,-9.67266109835974),.UNSPECIFIED.);
#2015=B_SPLINE_CURVE_WITH_KNOTS('',1,(#5528,#5529),.UNSPECIFIED.,.F.,.F.,
(2,2),(104.481843899449,109.561245104548),.UNSPECIFIED.);
#2016=B_SPLINE_CURVE_WITH_KNOTS('',1,(#5530,#5531,#5532),.UNSPECIFIED.,
 .F.,.F.,(2,1,2),(-12.3904752654712,-12.3156146132565,-0.0748606522119836),
 .UNSPECIFIED.);
#2017=B_SPLINE_CURVE_WITH_KNOTS('',1,(#5533,#5534),.UNSPECIFIED.,.F.,.F.,
(2,2),(-109.561245104548,-104.481843899449),.UNSPECIFIED.);
#2018=B_SPLINE_CURVE_WITH_KNOTS('',1,(#5535,#5536),.UNSPECIFIED.,.F.,.F.,
(2,2),(-19.3453221967195,-9.67266109835974),.UNSPECIFIED.);
#2019=B_SPLINE_CURVE_WITH_KNOTS('',1,(#5537,#5538),.UNSPECIFIED.,.F.,.F.,
(2,2),(104.481843899449,109.561245104548),.UNSPECIFIED.);
#2020=B_SPLINE_CURVE_WITH_KNOTS('',1,(#5539,#5540),.UNSPECIFIED.,.F.,.F.,
(2,2),(-12.315614613256,0.),.UNSPECIFIED.);
#2021=SURFACE_CURVE('',#2441,(#726,#890),.PCURVE_S1.);
#2022=SURFACE_CURVE('',#2442,(#727,#983),.PCURVE_S1.);
#2023=SURFACE_CURVE('',#2443,(#728,#742),.PCURVE_S1.);
#2024=SURFACE_CURVE('',#2444,(#729,#908),.PCURVE_S1.);
#2025=SURFACE_CURVE('',#2445,(#730,#985),.PCURVE_S1.);
#2026=SURFACE_CURVE('',#2446,(#731,#888),.PCURVE_S1.);
#2027=SURFACE_CURVE('',#2447,(#732,#896),.PCURVE_S1.);
#2028=SURFACE_CURVE('',#2448,(#733,#735),.PCURVE_S1.);
#2029=SURFACE_CURVE('',#1574,(#734,#986),.PCURVE_S1.);
#2030=SURFACE_CURVE('',#1576,(#736,#895),.PCURVE_S1.);
#2031=SURFACE_CURVE('',#1578,(#737,#767),.PCURVE_S1.);
#2032=SURFACE_CURVE('',#1580,(#738,#834),.PCURVE_S1.);
#2033=SURFACE_CURVE('',#1582,(#739,#854),.PCURVE_S1.);
#2034=SURFACE_CURVE('',#1584,(#740,#752),.PCURVE_S1.);
#2035=SURFACE_CURVE('',#1586,(#741,#909),.PCURVE_S1.);
#2036=SURFACE_CURVE('',#1588,(#743,#982),.PCURVE_S1.);
#2037=SURFACE_CURVE('',#1590,(#744,#755),.PCURVE_S1.);
#2038=SURFACE_CURVE('',#1592,(#745,#751),.PCURVE_S1.);
#2039=SURFACE_CURVE('',#1594,(#746,#1035),.PCURVE_S1.);
#2040=SURFACE_CURVE('',#1596,(#747,#910),.PCURVE_S1.);
#2041=SURFACE_CURVE('',#1598,(#748,#754),.PCURVE_S1.);
#2042=SURFACE_CURVE('',#1600,(#749,#820),.PCURVE_S1.);
#2043=SURFACE_CURVE('',#1602,(#750,#1024),.PCURVE_S1.);
#2044=SURFACE_CURVE('',#2451,(#753,#853),.PCURVE_S1.);
#2045=SURFACE_CURVE('',#1608,(#756,#765),.PCURVE_S1.);
#2046=SURFACE_CURVE('',#1610,(#757,#763),.PCURVE_S1.);
#2047=SURFACE_CURVE('',#1612,(#758,#1003),.PCURVE_S1.);
#2048=SURFACE_CURVE('',#1614,(#759,#816),.PCURVE_S1.);
#2049=SURFACE_CURVE('',#1616,(#760,#764),.PCURVE_S1.);
#2050=SURFACE_CURVE('',#1618,(#761,#894),.PCURVE_S1.);
#2051=SURFACE_CURVE('',#1620,(#762,#1016),.PCURVE_S1.);
#2052=SURFACE_CURVE('',#2453,(#766,#835),.PCURVE_S1.);
#2053=SURFACE_CURVE('',#1626,(#768,#782),.PCURVE_S1.);
#2054=SURFACE_CURVE('',#1628,(#769,#775),.PCURVE_S1.);
#2055=SURFACE_CURVE('',#1630,(#770,#785),.PCURVE_S1.);
#2056=SURFACE_CURVE('',#1632,(#771,#925),.PCURVE_S1.);
#2057=SURFACE_CURVE('',#1634,(#772,#781),.PCURVE_S1.);
#2058=SURFACE_CURVE('',#1636,(#773,#779),.PCURVE_S1.);
#2059=SURFACE_CURVE('',#1638,(#774,#786),.PCURVE_S1.);
#2060=SURFACE_CURVE('',#1641,(#776,#780),.PCURVE_S1.);
#2061=SURFACE_CURVE('',#1643,(#777,#923),.PCURVE_S1.);
#2062=SURFACE_CURVE('',#1645,(#778,#787),.PCURVE_S1.);
#2063=SURFACE_CURVE('',#1651,(#783,#924),.PCURVE_S1.);
#2064=SURFACE_CURVE('',#1653,(#784,#926),.PCURVE_S1.);
#2065=SURFACE_CURVE('',#1658,(#788,#803),.PCURVE_S1.);
#2066=SURFACE_CURVE('',#1660,(#789,#795),.PCURVE_S1.);
#2067=SURFACE_CURVE('',#1662,(#790,#804),.PCURVE_S1.);
#2068=SURFACE_CURVE('',#1664,(#791,#930),.PCURVE_S1.);
#2069=SURFACE_CURVE('',#1666,(#792,#802),.PCURVE_S1.);
#2070=SURFACE_CURVE('',#1668,(#793,#799),.PCURVE_S1.);
#2071=SURFACE_CURVE('',#1670,(#794,#805),.PCURVE_S1.);
#2072=SURFACE_CURVE('',#1673,(#796,#801),.PCURVE_S1.);
#2073=SURFACE_CURVE('',#1675,(#797,#928),.PCURVE_S1.);
#2074=SURFACE_CURVE('',#1677,(#798,#806),.PCURVE_S1.);
#2075=SURFACE_CURVE('',#1680,(#800,#929),.PCURVE_S1.);
#2076=SURFACE_CURVE('',#1688,(#807,#927),.PCURVE_S1.);
#2077=SURFACE_CURVE('',#1690,(#808,#995),.PCURVE_S1.);
#2078=SURFACE_CURVE('',#1692,(#809,#870),.PCURVE_S1.);
#2079=SURFACE_CURVE('',#1694,(#810,#1023),.PCURVE_S1.);
#2080=SURFACE_CURVE('',#2455,(#811,#967),.PCURVE_S1.);
#2081=SURFACE_CURVE('',#1696,(#812,#1095),.PCURVE_S1.);
#2082=SURFACE_CURVE('',#2457,(#813,#1093),.PCURVE_S1.);
#2083=SURFACE_CURVE('',#2459,(#814,#839),.PCURVE_S1.);
#2084=SURFACE_CURVE('',#1698,(#815,#836),.PCURVE_S1.);
#2085=SURFACE_CURVE('',#1701,(#817,#1002),.PCURVE_S1.);
#2086=SURFACE_CURVE('',#2461,(#818,#969),.PCURVE_S1.);
#2087=SURFACE_CURVE('',#1703,(#819,#1025),.PCURVE_S1.);
#2088=SURFACE_CURVE('',#1706,(#821,#852),.PCURVE_S1.);
#2089=SURFACE_CURVE('',#2463,(#822,#848),.PCURVE_S1.);
#2090=SURFACE_CURVE('',#2465,(#823,#844),.PCURVE_S1.);
#2091=SURFACE_CURVE('',#2467,(#824,#829),.PCURVE_S1.);
#2092=SURFACE_CURVE('',#2469,(#825,#830),.PCURVE_S1.);
#2093=SURFACE_CURVE('',#2470,(#826,#1042),.PCURVE_S1.);
#2094=SURFACE_CURVE('',#2471,(#827,#832),.PCURVE_S1.);
#2095=SURFACE_CURVE('',#2472,(#828,#1044),.PCURVE_S1.);
#2096=SURFACE_CURVE('',#2475,(#831,#1043),.PCURVE_S1.);
#2097=SURFACE_CURVE('',#2478,(#833,#1045),.PCURVE_S1.);
#2098=SURFACE_CURVE('',#1714,(#837,#842),.PCURVE_S1.);
#2099=SURFACE_CURVE('',#1716,(#838,#865),.PCURVE_S1.);
#2100=SURFACE_CURVE('',#2481,(#840,#1092),.PCURVE_S1.);
#2101=SURFACE_CURVE('',#2482,(#841,#866),.PCURVE_S1.);
#2102=SURFACE_CURVE('',#2483,(#843,#1096),.PCURVE_S1.);
#2103=SURFACE_CURVE('',#2484,(#845,#847),.PCURVE_S1.);
#2104=SURFACE_CURVE('',#2485,(#846,#857),.PCURVE_S1.);
#2105=SURFACE_CURVE('',#2486,(#849,#851),.PCURVE_S1.);
#2106=SURFACE_CURVE('',#2487,(#850,#858),.PCURVE_S1.);
#2107=SURFACE_CURVE('',#1732,(#855,#859),.PCURVE_S1.);
#2108=SURFACE_CURVE('',#1734,(#856,#1097),.PCURVE_S1.);
#2109=SURFACE_CURVE('',#1737,(#860,#981),.PCURVE_S1.);
#2110=SURFACE_CURVE('',#1739,(#861,#1033),.PCURVE_S1.);
#2111=SURFACE_CURVE('',#1741,(#862,#972),.PCURVE_S1.);
#2112=SURFACE_CURVE('',#1743,(#863,#1005),.PCURVE_S1.);
#2113=SURFACE_CURVE('',#1745,(#864,#987),.PCURVE_S1.);
#2114=SURFACE_CURVE('',#2493,(#867,#1091),.PCURVE_S1.);
#2115=SURFACE_CURVE('',#1748,(#868,#970),.PCURVE_S1.);
#2116=SURFACE_CURVE('',#1750,(#869,#1018),.PCURVE_S1.);
#2117=SURFACE_CURVE('',#1753,(#871,#994),.PCURVE_S1.);
#2118=SURFACE_CURVE('',#1755,(#872,#1011),.PCURVE_S1.);
#2119=SURFACE_CURVE('',#2495,(#873,#914),.PCURVE_S1.);
#2120=SURFACE_CURVE('',#2496,(#874,#880),.PCURVE_S1.);
#2121=SURFACE_CURVE('',#1759,(#875,#1012),.PCURVE_S1.);
#2122=SURFACE_CURVE('',#1761,(#876,#884),.PCURVE_S1.);
#2123=SURFACE_CURVE('',#1763,(#877,#1038),.PCURVE_S1.);
#2124=SURFACE_CURVE('',#1765,(#878,#976),.PCURVE_S1.);
#2125=SURFACE_CURVE('',#1767,(#879,#1013),.PCURVE_S1.);
#2126=SURFACE_CURVE('',#1769,(#881,#913),.PCURVE_S1.);
#2127=SURFACE_CURVE('',#1771,(#882,#1040),.PCURVE_S1.);
#2128=SURFACE_CURVE('',#1773,(#883,#1039),.PCURVE_S1.);
#2129=SURFACE_CURVE('',#2498,(#885,#912),.PCURVE_S1.);
#2130=SURFACE_CURVE('',#2499,(#886,#953),.PCURVE_S1.);
#2131=SURFACE_CURVE('',#1777,(#887,#897),.PCURVE_S1.);
#2132=SURFACE_CURVE('',#1779,(#889,#984),.PCURVE_S1.);
#2133=SURFACE_CURVE('',#1781,(#891,#907),.PCURVE_S1.);
#2134=SURFACE_CURVE('',#2503,(#892,#935),.PCURVE_S1.);
#2135=SURFACE_CURVE('',#1783,(#893,#1017),.PCURVE_S1.);
#2136=SURFACE_CURVE('',#1788,(#898,#952),.PCURVE_S1.);
#2137=SURFACE_CURVE('',#1790,(#899,#955),.PCURVE_S1.);
#2138=SURFACE_CURVE('',#1792,(#900,#944),.PCURVE_S1.);
#2139=SURFACE_CURVE('',#1794,(#901,#931),.PCURVE_S1.);
#2140=SURFACE_CURVE('',#1796,(#902,#963),.PCURVE_S1.);
#2141=SURFACE_CURVE('',#1798,(#903,#947),.PCURVE_S1.);
#2142=SURFACE_CURVE('',#1800,(#904,#960),.PCURVE_S1.);
#2143=SURFACE_CURVE('',#1802,(#905,#939),.PCURVE_S1.);
#2144=SURFACE_CURVE('',#1804,(#906,#936),.PCURVE_S1.);
#2145=SURFACE_CURVE('',#1809,(#911,#1041),.PCURVE_S1.);
#2146=SURFACE_CURVE('',#2509,(#915,#1068),.PCURVE_S1.);
#2147=SURFACE_CURVE('',#2511,(#916,#1052),.PCURVE_S1.);
#2148=SURFACE_CURVE('',#2513,(#917,#1076),.PCURVE_S1.);
#2149=SURFACE_CURVE('',#2515,(#918,#1060),.PCURVE_S1.);
#2150=SURFACE_CURVE('',#2517,(#919,#1072),.PCURVE_S1.);
#2151=SURFACE_CURVE('',#2519,(#920,#1056),.PCURVE_S1.);
#2152=SURFACE_CURVE('',#2521,(#921,#1064),.PCURVE_S1.);
#2153=SURFACE_CURVE('',#2523,(#922,#1048),.PCURVE_S1.);
#2154=SURFACE_CURVE('',#2525,(#932,#943),.PCURVE_S1.);
#2155=SURFACE_CURVE('',#1821,(#933,#949),.PCURVE_S1.);
#2156=SURFACE_CURVE('',#2527,(#934,#964),.PCURVE_S1.);
#2157=SURFACE_CURVE('',#2529,(#937,#942),.PCURVE_S1.);
#2158=SURFACE_CURVE('',#1826,(#938,#954),.PCURVE_S1.);
#2159=SURFACE_CURVE('',#2530,(#940,#959),.PCURVE_S1.);
#2160=SURFACE_CURVE('',#1829,(#941,#957),.PCURVE_S1.);
#2161=SURFACE_CURVE('',#2533,(#945,#958),.PCURVE_S1.);
#2162=SURFACE_CURVE('',#1834,(#946,#962),.PCURVE_S1.);
#2163=SURFACE_CURVE('',#2534,(#948,#965),.PCURVE_S1.);
#2164=SURFACE_CURVE('',#2536,(#950,#961),.PCURVE_S1.);
#2165=SURFACE_CURVE('',#2538,(#951,#956),.PCURVE_S1.);
#2166=SURFACE_CURVE('',#1849,(#966,#996),.PCURVE_S1.);
#2167=SURFACE_CURVE('',#1851,(#968,#1022),.PCURVE_S1.);
#2168=SURFACE_CURVE('',#1854,(#971,#1006),.PCURVE_S1.);
#2169=SURFACE_CURVE('',#1857,(#973,#1032),.PCURVE_S1.);
#2170=SURFACE_CURVE('',#1859,(#974,#1009),.PCURVE_S1.);
#2171=SURFACE_CURVE('',#1861,(#975,#1008),.PCURVE_S1.);
#2172=SURFACE_CURVE('',#1864,(#977,#1030),.PCURVE_S1.);
#2173=SURFACE_CURVE('',#1866,(#978,#1029),.PCURVE_S1.);
#2174=SURFACE_CURVE('',#1868,(#979,#1028),.PCURVE_S1.);
#2175=SURFACE_CURVE('',#1870,(#980,#1034),.PCURVE_S1.);
#2176=SURFACE_CURVE('',#1877,(#988,#1004),.PCURVE_S1.);
#2177=SURFACE_CURVE('',#1879,(#989,#1010),.PCURVE_S1.);
#2178=SURFACE_CURVE('',#2547,(#990,#1084),.PCURVE_S1.);
#2179=SURFACE_CURVE('',#2549,(#991,#1087),.PCURVE_S1.);
#2180=SURFACE_CURVE('',#2551,(#992,#1081),.PCURVE_S1.);
#2181=SURFACE_CURVE('',#2553,(#993,#1078),.PCURVE_S1.);
#2182=SURFACE_CURVE('',#1884,(#997,#1001),.PCURVE_S1.);
#2183=SURFACE_CURVE('',#1886,(#998,#1014),.PCURVE_S1.);
#2184=SURFACE_CURVE('',#1888,(#999,#1007),.PCURVE_S1.);
#2185=SURFACE_CURVE('',#1890,(#1000,#1015),.PCURVE_S1.);
#2186=SURFACE_CURVE('',#1910,(#1019,#1031),.PCURVE_S1.);
#2187=SURFACE_CURVE('',#1912,(#1020,#1037),.PCURVE_S1.);
#2188=SURFACE_CURVE('',#1914,(#1021,#1026),.PCURVE_S1.);
#2189=SURFACE_CURVE('',#1921,(#1027,#1036),.PCURVE_S1.);
#2190=SURFACE_CURVE('',#2555,(#1046,#1104),.PCURVE_S1.);
#2191=SURFACE_CURVE('',#1942,(#1047,#1065),.PCURVE_S1.);
#2192=SURFACE_CURVE('',#1945,(#1049,#1063),.PCURVE_S1.);
#2193=SURFACE_CURVE('',#2556,(#1050,#1113),.PCURVE_S1.);
#2194=SURFACE_CURVE('',#1948,(#1051,#1069),.PCURVE_S1.);
#2195=SURFACE_CURVE('',#1951,(#1053,#1067),.PCURVE_S1.);
#2196=SURFACE_CURVE('',#2557,(#1054,#1117),.PCURVE_S1.);
#2197=SURFACE_CURVE('',#1954,(#1055,#1073),.PCURVE_S1.);
#2198=SURFACE_CURVE('',#1957,(#1057,#1071),.PCURVE_S1.);
#2199=SURFACE_CURVE('',#2558,(#1058,#1128),.PCURVE_S1.);
#2200=SURFACE_CURVE('',#1960,(#1059,#1077),.PCURVE_S1.);
#2201=SURFACE_CURVE('',#1963,(#1061,#1075),.PCURVE_S1.);
#2202=SURFACE_CURVE('',#2559,(#1062,#1105),.PCURVE_S1.);
#2203=SURFACE_CURVE('',#2560,(#1066,#1112),.PCURVE_S1.);
#2204=SURFACE_CURVE('',#2561,(#1070,#1116),.PCURVE_S1.);
#2205=SURFACE_CURVE('',#2562,(#1074,#1129),.PCURVE_S1.);
#2206=SURFACE_CURVE('',#2564,(#1079,#1098),.PCURVE_S1.);
#2207=SURFACE_CURVE('',#2566,(#1080,#1133),.PCURVE_S1.);
#2208=SURFACE_CURVE('',#2569,(#1082,#1106),.PCURVE_S1.);
#2209=SURFACE_CURVE('',#2571,(#1083,#1137),.PCURVE_S1.);
#2210=SURFACE_CURVE('',#2574,(#1085,#1122),.PCURVE_S1.);
#2211=SURFACE_CURVE('',#2576,(#1086,#1145),.PCURVE_S1.);
#2212=SURFACE_CURVE('',#2579,(#1088,#1118),.PCURVE_S1.);
#2213=SURFACE_CURVE('',#2581,(#1089,#1141),.PCURVE_S1.);
#2214=SURFACE_CURVE('',#2583,(#1090,#1094),.PCURVE_S1.);
#2215=SURFACE_CURVE('',#2584,(#1099,#1132),.PCURVE_S1.);
#2216=SURFACE_CURVE('',#2585,(#1100,#1103),.PCURVE_S1.);
#2217=SURFACE_CURVE('',#2586,(#1101,#1130),.PCURVE_S1.);
#2218=SURFACE_CURVE('',#2587,(#1102,#1131),.PCURVE_S1.);
#2219=SURFACE_CURVE('',#2592,(#1107,#1136),.PCURVE_S1.);
#2220=SURFACE_CURVE('',#2593,(#1108,#1111),.PCURVE_S1.);
#2221=SURFACE_CURVE('',#2594,(#1109,#1134),.PCURVE_S1.);
#2222=SURFACE_CURVE('',#2595,(#1110,#1135),.PCURVE_S1.);
#2223=SURFACE_CURVE('',#2600,(#1114,#1139),.PCURVE_S1.);
#2224=SURFACE_CURVE('',#2602,(#1115,#1120),.PCURVE_S1.);
#2225=SURFACE_CURVE('',#2606,(#1119,#1140),.PCURVE_S1.);
#2226=SURFACE_CURVE('',#2607,(#1121,#1138),.PCURVE_S1.);
#2227=SURFACE_CURVE('',#2608,(#1123,#1144),.PCURVE_S1.);
#2228=SURFACE_CURVE('',#2609,(#1124,#1127),.PCURVE_S1.);
#2229=SURFACE_CURVE('',#2610,(#1125,#1142),.PCURVE_S1.);
#2230=SURFACE_CURVE('',#2611,(#1126,#1143),.PCURVE_S1.);
#2231=EDGE_CURVE('',#2616,#2617,#2021,.T.);
#2232=EDGE_CURVE('',#2617,#2618,#2022,.T.);
#2233=EDGE_CURVE('',#2618,#2619,#2023,.T.);
#2234=EDGE_CURVE('',#2619,#2616,#2024,.T.);
#2235=EDGE_CURVE('',#2620,#2621,#2025,.T.);
#2236=EDGE_CURVE('',#2621,#2622,#2026,.T.);
#2237=EDGE_CURVE('',#2622,#2623,#2027,.T.);
#2238=EDGE_CURVE('',#2623,#2620,#2028,.T.);
#2239=EDGE_CURVE('',#2624,#2620,#2029,.T.);
#2240=EDGE_CURVE('',#2623,#2625,#2030,.T.);
#2241=EDGE_CURVE('',#2625,#2626,#2031,.T.);
#2242=EDGE_CURVE('',#2626,#2624,#2032,.T.);
#2243=EDGE_CURVE('',#2627,#2628,#2033,.T.);
#2244=EDGE_CURVE('',#2628,#2629,#2034,.T.);
#2245=EDGE_CURVE('',#2629,#2619,#2035,.T.);
#2246=EDGE_CURVE('',#2618,#2627,#2036,.T.);
#2247=EDGE_CURVE('',#2629,#2630,#2037,.T.);
#2248=EDGE_CURVE('',#2630,#2631,#2038,.T.);
#2249=EDGE_CURVE('',#2631,#2632,#2039,.T.);
#2250=EDGE_CURVE('',#2632,#2629,#2040,.T.);
#2251=EDGE_CURVE('',#2630,#2633,#2041,.T.);
#2252=EDGE_CURVE('',#2633,#2634,#2042,.T.);
#2253=EDGE_CURVE('',#2634,#2631,#2043,.T.);
#2254=EDGE_CURVE('',#2628,#2633,#2044,.T.);
#2255=EDGE_CURVE('',#2635,#2636,#2045,.T.);
#2256=EDGE_CURVE('',#2636,#2637,#2046,.T.);
#2257=EDGE_CURVE('',#2637,#2638,#2047,.T.);
#2258=EDGE_CURVE('',#2638,#2635,#2048,.T.);
#2259=EDGE_CURVE('',#2636,#2625,#2049,.T.);
#2260=EDGE_CURVE('',#2625,#2639,#2050,.T.);
#2261=EDGE_CURVE('',#2639,#2637,#2051,.T.);
#2262=EDGE_CURVE('',#2635,#2626,#2052,.T.);
#2263=EDGE_CURVE('',#2640,#2641,#2053,.T.);
#2264=EDGE_CURVE('',#2641,#2642,#2054,.T.);
#2265=EDGE_CURVE('',#2642,#2643,#2055,.T.);
#2266=EDGE_CURVE('',#2643,#2640,#2056,.T.);
#2267=EDGE_CURVE('',#2641,#2644,#2057,.T.);
#2268=EDGE_CURVE('',#2644,#2645,#2058,.T.);
#2269=EDGE_CURVE('',#2645,#2642,#2059,.T.);
#2270=EDGE_CURVE('',#2644,#2646,#2060,.T.);
#2271=EDGE_CURVE('',#2646,#2647,#2061,.T.);
#2272=EDGE_CURVE('',#2647,#2645,#2062,.T.);
#2273=EDGE_CURVE('',#2640,#2646,#2063,.T.);
#2274=EDGE_CURVE('',#2647,#2643,#2064,.T.);
#2275=EDGE_CURVE('',#2648,#2649,#2065,.T.);
#2276=EDGE_CURVE('',#2649,#2650,#2066,.T.);
#2277=EDGE_CURVE('',#2650,#2651,#2067,.T.);
#2278=EDGE_CURVE('',#2651,#2648,#2068,.T.);
#2279=EDGE_CURVE('',#2649,#2652,#2069,.T.);
#2280=EDGE_CURVE('',#2652,#2653,#2070,.T.);
#2281=EDGE_CURVE('',#2653,#2650,#2071,.T.);
#2282=EDGE_CURVE('',#2652,#2654,#2072,.T.);
#2283=EDGE_CURVE('',#2654,#2655,#2073,.T.);
#2284=EDGE_CURVE('',#2655,#2653,#2074,.T.);
#2285=EDGE_CURVE('',#2648,#2654,#2075,.T.);
#2286=EDGE_CURVE('',#2655,#2651,#2076,.T.);
#2287=EDGE_CURVE('',#2656,#2657,#2077,.T.);
#2288=EDGE_CURVE('',#2657,#2658,#2078,.T.);
#2289=EDGE_CURVE('',#2658,#2659,#2079,.T.);
#2290=EDGE_CURVE('',#2659,#2656,#2080,.T.);
#2291=EDGE_CURVE('',#2660,#2661,#2081,.T.);
#2292=EDGE_CURVE('',#2661,#2662,#2082,.T.);
#2293=EDGE_CURVE('',#2662,#2663,#2083,.T.);
#2294=EDGE_CURVE('',#2663,#2635,#2084,.T.);
#2295=EDGE_CURVE('',#2638,#2664,#2085,.T.);
#2296=EDGE_CURVE('',#2664,#2665,#2086,.T.);
#2297=EDGE_CURVE('',#2665,#2634,#2087,.T.);
#2298=EDGE_CURVE('',#2633,#2666,#2088,.T.);
#2299=EDGE_CURVE('',#2666,#2667,#2089,.T.);
#2300=EDGE_CURVE('',#2667,#2660,#2090,.T.);
#2301=EDGE_CURVE('',#2668,#2668,#2091,.T.);
#2302=EDGE_CURVE('',#2669,#2670,#2092,.T.);
#2303=EDGE_CURVE('',#2670,#2671,#2093,.T.);
#2304=EDGE_CURVE('',#2671,#2672,#2094,.T.);
#2305=EDGE_CURVE('',#2672,#2669,#2095,.T.);
#2306=EDGE_CURVE('',#2669,#2670,#2096,.T.);
#2307=EDGE_CURVE('',#2671,#2672,#2097,.T.);
#2308=EDGE_CURVE('',#2663,#2673,#2098,.T.);
#2309=EDGE_CURVE('',#2673,#2624,#2099,.T.);
#2310=EDGE_CURVE('',#2662,#2674,#2100,.T.);
#2311=EDGE_CURVE('',#2674,#2673,#2101,.T.);
#2312=EDGE_CURVE('',#2675,#2660,#2102,.T.);
#2313=EDGE_CURVE('',#2667,#2676,#2103,.T.);
#2314=EDGE_CURVE('',#2676,#2675,#2104,.T.);
#2315=EDGE_CURVE('',#2666,#2677,#2105,.T.);
#2316=EDGE_CURVE('',#2677,#2676,#2106,.T.);
#2317=EDGE_CURVE('',#2627,#2677,#2107,.T.);
#2318=EDGE_CURVE('',#2678,#2675,#2108,.T.);
#2319=EDGE_CURVE('',#2627,#2679,#2109,.T.);
#2320=EDGE_CURVE('',#2679,#2680,#2110,.T.);
#2321=EDGE_CURVE('',#2680,#2681,#2111,.T.);
#2322=EDGE_CURVE('',#2681,#2682,#2112,.T.);
#2323=EDGE_CURVE('',#2682,#2624,#2113,.T.);
#2324=EDGE_CURVE('',#2674,#2678,#2114,.T.);
#2325=EDGE_CURVE('',#2683,#2684,#2115,.T.);
#2326=EDGE_CURVE('',#2684,#2658,#2116,.T.);
#2327=EDGE_CURVE('',#2657,#2683,#2117,.T.);
#2328=EDGE_CURVE('',#2685,#2686,#2118,.T.);
#2329=EDGE_CURVE('',#2686,#2687,#2119,.T.);
#2330=EDGE_CURVE('',#2687,#2688,#2120,.T.);
#2331=EDGE_CURVE('',#2688,#2685,#2121,.T.);
#2332=EDGE_CURVE('',#2689,#2690,#2122,.T.);
#2333=EDGE_CURVE('',#2690,#2691,#2123,.T.);
#2334=EDGE_CURVE('',#2691,#2692,#2124,.T.);
#2335=EDGE_CURVE('',#2692,#2688,#2125,.T.);
#2336=EDGE_CURVE('',#2687,#2689,#2126,.T.);
#2337=EDGE_CURVE('',#2693,#2694,#2127,.T.);
#2338=EDGE_CURVE('',#2694,#2690,#2128,.T.);
#2339=EDGE_CURVE('',#2689,#2693,#2129,.T.);
#2340=EDGE_CURVE('',#2695,#2696,#2130,.T.);
#2341=EDGE_CURVE('',#2696,#2622,#2131,.T.);
#2342=EDGE_CURVE('',#2621,#2617,#2132,.T.);
#2343=EDGE_CURVE('',#2616,#2697,#2133,.T.);
#2344=EDGE_CURVE('',#2697,#2695,#2134,.T.);
#2345=EDGE_CURVE('',#2686,#2639,#2135,.T.);
#2346=EDGE_CURVE('',#2696,#2698,#2136,.T.);
#2347=EDGE_CURVE('',#2698,#2699,#2137,.T.);
#2348=EDGE_CURVE('',#2699,#2700,#2138,.T.);
#2349=EDGE_CURVE('',#2700,#2701,#2139,.T.);
#2350=EDGE_CURVE('',#2701,#2702,#2140,.T.);
#2351=EDGE_CURVE('',#2702,#2703,#2141,.T.);
#2352=EDGE_CURVE('',#2703,#2704,#2142,.T.);
#2353=EDGE_CURVE('',#2704,#2705,#2143,.T.);
#2354=EDGE_CURVE('',#2705,#2697,#2144,.T.);
#2355=EDGE_CURVE('',#2632,#2693,#2145,.T.);
#2356=EDGE_CURVE('',#2707,#2706,#2146,.T.);
#2357=EDGE_CURVE('',#2706,#2707,#2147,.T.);
#2358=EDGE_CURVE('',#2709,#2708,#2148,.T.);
#2359=EDGE_CURVE('',#2708,#2709,#2149,.T.);
#2360=EDGE_CURVE('',#2711,#2710,#2150,.T.);
#2361=EDGE_CURVE('',#2710,#2711,#2151,.T.);
#2362=EDGE_CURVE('',#2713,#2712,#2152,.T.);
#2363=EDGE_CURVE('',#2712,#2713,#2153,.T.);
#2364=EDGE_CURVE('',#2700,#2714,#2154,.T.);
#2365=EDGE_CURVE('',#2714,#2715,#2155,.T.);
#2366=EDGE_CURVE('',#2715,#2701,#2156,.T.);
#2367=EDGE_CURVE('',#2705,#2716,#2157,.T.);
#2368=EDGE_CURVE('',#2716,#2695,#2158,.T.);
#2369=EDGE_CURVE('',#2704,#2717,#2159,.T.);
#2370=EDGE_CURVE('',#2717,#2716,#2160,.T.);
#2371=EDGE_CURVE('',#2699,#2717,#2161,.T.);
#2372=EDGE_CURVE('',#2717,#2714,#2162,.T.);
#2373=EDGE_CURVE('',#2702,#2715,#2163,.T.);
#2374=EDGE_CURVE('',#2714,#2703,#2164,.T.);
#2375=EDGE_CURVE('',#2716,#2698,#2165,.T.);
#2376=EDGE_CURVE('',#2664,#2656,#2166,.T.);
#2377=EDGE_CURVE('',#2659,#2665,#2167,.T.);
#2378=EDGE_CURVE('',#2683,#2681,#2168,.T.);
#2379=EDGE_CURVE('',#2680,#2684,#2169,.T.);
#2380=EDGE_CURVE('',#2685,#2688,#2170,.T.);
#2381=EDGE_CURVE('',#2688,#2692,#2171,.T.);
#2382=EDGE_CURVE('',#2691,#2690,#2172,.T.);
#2383=EDGE_CURVE('',#2690,#2694,#2173,.T.);
#2384=EDGE_CURVE('',#2694,#2718,#2174,.T.);
#2385=EDGE_CURVE('',#2718,#2679,#2175,.T.);
#2386=EDGE_CURVE('',#2682,#2719,#2176,.T.);
#2387=EDGE_CURVE('',#2719,#2685,#2177,.T.);
#2388=EDGE_CURVE('',#2720,#2720,#2178,.T.);
#2389=EDGE_CURVE('',#2721,#2721,#2179,.T.);
#2390=EDGE_CURVE('',#2722,#2722,#2180,.T.);
#2391=EDGE_CURVE('',#2723,#2723,#2181,.T.);
#2392=EDGE_CURVE('',#2664,#2724,#2182,.T.);
#2393=EDGE_CURVE('',#2724,#2692,#2183,.T.);
#2394=EDGE_CURVE('',#2692,#2683,#2184,.T.);
#2395=EDGE_CURVE('',#2637,#2724,#2185,.T.);
#2396=EDGE_CURVE('',#2684,#2691,#2186,.T.);
#2397=EDGE_CURVE('',#2691,#2725,#2187,.T.);
#2398=EDGE_CURVE('',#2725,#2665,#2188,.T.);
#2399=EDGE_CURVE('',#2725,#2631,#2189,.T.);
#2400=EDGE_CURVE('',#2728,#2729,#2190,.T.);
#2401=EDGE_CURVE('',#2729,#2713,#2191,.T.);
#2402=EDGE_CURVE('',#2712,#2728,#2192,.T.);
#2403=EDGE_CURVE('',#2730,#2731,#2193,.T.);
#2404=EDGE_CURVE('',#2731,#2707,#2194,.T.);
#2405=EDGE_CURVE('',#2706,#2730,#2195,.T.);
#2406=EDGE_CURVE('',#2732,#2733,#2196,.T.);
#2407=EDGE_CURVE('',#2733,#2711,#2197,.T.);
#2408=EDGE_CURVE('',#2710,#2732,#2198,.T.);
#2409=EDGE_CURVE('',#2734,#2735,#2199,.T.);
#2410=EDGE_CURVE('',#2735,#2709,#2200,.T.);
#2411=EDGE_CURVE('',#2708,#2734,#2201,.T.);
#2412=EDGE_CURVE('',#2729,#2728,#2202,.T.);
#2413=EDGE_CURVE('',#2731,#2730,#2203,.T.);
#2414=EDGE_CURVE('',#2733,#2732,#2204,.T.);
#2415=EDGE_CURVE('',#2735,#2734,#2205,.T.);
#2416=EDGE_CURVE('',#2726,#2742,#2206,.T.);
#2417=EDGE_CURVE('',#2742,#2726,#2207,.T.);
#2418=EDGE_CURVE('',#2736,#2744,#2208,.T.);
#2419=EDGE_CURVE('',#2744,#2736,#2209,.T.);
#2420=EDGE_CURVE('',#2727,#2748,#2210,.T.);
#2421=EDGE_CURVE('',#2748,#2727,#2211,.T.);
#2422=EDGE_CURVE('',#2737,#2746,#2212,.T.);
#2423=EDGE_CURVE('',#2746,#2737,#2213,.T.);
#2424=EDGE_CURVE('',#2661,#2678,#2214,.T.);
#2425=EDGE_CURVE('',#2726,#2738,#2215,.T.);
#2426=EDGE_CURVE('',#2738,#2743,#2216,.T.);
#2427=EDGE_CURVE('',#2743,#2742,#2217,.T.);
#2428=EDGE_CURVE('',#2738,#2743,#2218,.T.);
#2429=EDGE_CURVE('',#2736,#2739,#2219,.T.);
#2430=EDGE_CURVE('',#2739,#2745,#2220,.T.);
#2431=EDGE_CURVE('',#2745,#2744,#2221,.T.);
#2432=EDGE_CURVE('',#2739,#2745,#2222,.T.);
#2433=EDGE_CURVE('',#2740,#2747,#2223,.T.);
#2434=EDGE_CURVE('',#2747,#2740,#2224,.T.);
#2435=EDGE_CURVE('',#2737,#2740,#2225,.T.);
#2436=EDGE_CURVE('',#2747,#2746,#2226,.T.);
#2437=EDGE_CURVE('',#2727,#2741,#2227,.T.);
#2438=EDGE_CURVE('',#2741,#2749,#2228,.T.);
#2439=EDGE_CURVE('',#2749,#2748,#2229,.T.);
#2440=EDGE_CURVE('',#2741,#2749,#2230,.T.);
#2441=(
BOUNDED_CURVE()
B_SPLINE_CURVE(3,(#3754,#3755,#3756,#3757),.UNSPECIFIED.,.F.,.F.)
B_SPLINE_CURVE_WITH_KNOTS((4,4),(0.,8.079401205099),.UNSPECIFIED.)
CURVE()
GEOMETRIC_REPRESENTATION_ITEM()
RATIONAL_B_SPLINE_CURVE((1.,1.,1.,1.))
REPRESENTATION_ITEM('')
);
#2442=(
BOUNDED_CURVE()
B_SPLINE_CURVE(2,(#3760,#3761,#3762),.UNSPECIFIED.,.F.,.F.)
B_SPLINE_CURVE_WITH_KNOTS((3,3),(0.,4.00000000000011),.UNSPECIFIED.)
CURVE()
GEOMETRIC_REPRESENTATION_ITEM()
RATIONAL_B_SPLINE_CURVE((1.,0.707106781186529,1.))
REPRESENTATION_ITEM('')
);
#2443=(
BOUNDED_CURVE()
B_SPLINE_CURVE(3,(#3765,#3766,#3767,#3768),.UNSPECIFIED.,.F.,.F.)
B_SPLINE_CURVE_WITH_KNOTS((4,4),(0.,8.079401205099),.UNSPECIFIED.)
CURVE()
GEOMETRIC_REPRESENTATION_ITEM()
RATIONAL_B_SPLINE_CURVE((1.,1.,1.,1.))
REPRESENTATION_ITEM('')
);
#2444=(
BOUNDED_CURVE()
B_SPLINE_CURVE(2,(#3771,#3772,#3773),.UNSPECIFIED.,.F.,.F.)
B_SPLINE_CURVE_WITH_KNOTS((3,3),(0.,4.00000000000196),.UNSPECIFIED.)
CURVE()
GEOMETRIC_REPRESENTATION_ITEM()
RATIONAL_B_SPLINE_CURVE((1.,0.70710678118621,1.))
REPRESENTATION_ITEM('')
);
#2445=(
BOUNDED_CURVE()
B_SPLINE_CURVE(2,(#3776,#3777,#3778),.UNSPECIFIED.,.F.,.F.)
B_SPLINE_CURVE_WITH_KNOTS((3,3),(0.,4.00000000000199),.UNSPECIFIED.)
CURVE()
GEOMETRIC_REPRESENTATION_ITEM()
RATIONAL_B_SPLINE_CURVE((1.,0.707106781186196,1.))
REPRESENTATION_ITEM('')
);
#2446=(
BOUNDED_CURVE()
B_SPLINE_CURVE(3,(#3781,#3782,#3783,#3784),.UNSPECIFIED.,.F.,.F.)
B_SPLINE_CURVE_WITH_KNOTS((4,4),(0.,8.079401205099),.UNSPECIFIED.)
CURVE()
GEOMETRIC_REPRESENTATION_ITEM()
RATIONAL_B_SPLINE_CURVE((1.,0.999999999999999,1.,1.))
REPRESENTATION_ITEM('')
);
#2447=(
BOUNDED_CURVE()
B_SPLINE_CURVE(2,(#3787,#3788,#3789),.UNSPECIFIED.,.F.,.F.)
B_SPLINE_CURVE_WITH_KNOTS((3,3),(0.,3.99999999999994),.UNSPECIFIED.)
CURVE()
GEOMETRIC_REPRESENTATION_ITEM()
RATIONAL_B_SPLINE_CURVE((1.,0.707106781186551,1.))
REPRESENTATION_ITEM('')
);
#2448=(
BOUNDED_CURVE()
B_SPLINE_CURVE(3,(#3792,#3793,#3794,#3795),.UNSPECIFIED.,.F.,.F.)
B_SPLINE_CURVE_WITH_KNOTS((4,4),(0.,8.079401205099),.UNSPECIFIED.)
CURVE()
GEOMETRIC_REPRESENTATION_ITEM()
RATIONAL_B_SPLINE_CURVE((1.,1.,0.999999999999999,1.))
REPRESENTATION_ITEM('')
);
#2449=(
BOUNDED_CURVE()
B_SPLINE_CURVE(3,(#3802,#3803,#3804,#3805),.UNSPECIFIED.,.F.,.F.)
B_SPLINE_CURVE_WITH_KNOTS((4,4),(0.,8.079401205099),.UNSPECIFIED.)
CURVE()
GEOMETRIC_REPRESENTATION_ITEM()
RATIONAL_B_SPLINE_CURVE((1.,1.,0.999999999999999,1.))
REPRESENTATION_ITEM('')
);
#2450=(
BOUNDED_CURVE()
B_SPLINE_CURVE(3,(#3830,#3831,#3832,#3833),.UNSPECIFIED.,.F.,.F.)
B_SPLINE_CURVE_WITH_KNOTS((4,4),(0.,8.079401205099),.UNSPECIFIED.)
CURVE()
GEOMETRIC_REPRESENTATION_ITEM()
RATIONAL_B_SPLINE_CURVE((1.,1.,1.,1.))
REPRESENTATION_ITEM('')
);
#2451=(
BOUNDED_CURVE()
B_SPLINE_CURVE(1,(#3874,#3875),.UNSPECIFIED.,.F.,.F.)
B_SPLINE_CURVE_WITH_KNOTS((2,2),(0.,12.),.UNSPECIFIED.)
CURVE()
GEOMETRIC_REPRESENTATION_ITEM()
RATIONAL_B_SPLINE_CURVE((1.,1.))
REPRESENTATION_ITEM('')
);
#2452=(
BOUNDED_CURVE()
B_SPLINE_CURVE(1,(#3876,#3877),.UNSPECIFIED.,.F.,.F.)
B_SPLINE_CURVE_WITH_KNOTS((2,2),(0.,12.),.UNSPECIFIED.)
CURVE()
GEOMETRIC_REPRESENTATION_ITEM()
RATIONAL_B_SPLINE_CURVE((1.,1.))
REPRESENTATION_ITEM('')
);
#2453=(
BOUNDED_CURVE()
B_SPLINE_CURVE(1,(#3920,#3921),.UNSPECIFIED.,.F.,.F.)
B_SPLINE_CURVE_WITH_KNOTS((2,2),(0.,12.),.UNSPECIFIED.)
CURVE()
GEOMETRIC_REPRESENTATION_ITEM()
RATIONAL_B_SPLINE_CURVE((1.,1.))
REPRESENTATION_ITEM('')
);
#2454=(
BOUNDED_CURVE()
B_SPLINE_CURVE(1,(#3922,#3923),.UNSPECIFIED.,.F.,.F.)
B_SPLINE_CURVE_WITH_KNOTS((2,2),(0.,12.),.UNSPECIFIED.)
CURVE()
GEOMETRIC_REPRESENTATION_ITEM()
RATIONAL_B_SPLINE_CURVE((1.,1.))
REPRESENTATION_ITEM('')
);
#2455=(
BOUNDED_CURVE()
B_SPLINE_CURVE(2,(#4066,#4067,#4068),.UNSPECIFIED.,.F.,.F.)
B_SPLINE_CURVE_WITH_KNOTS((3,3),(0.,18.7999999999999),.UNSPECIFIED.)
CURVE()
GEOMETRIC_REPRESENTATION_ITEM()
RATIONAL_B_SPLINE_CURVE((1.,1.,1.))
REPRESENTATION_ITEM('')
);
#2456=(
BOUNDED_CURVE()
B_SPLINE_CURVE(2,(#4069,#4070,#4071),.UNSPECIFIED.,.F.,.F.)
B_SPLINE_CURVE_WITH_KNOTS((3,3),(0.,18.7999999999999),.UNSPECIFIED.)
CURVE()
GEOMETRIC_REPRESENTATION_ITEM()
RATIONAL_B_SPLINE_CURVE((1.,1.,1.))
REPRESENTATION_ITEM('')
);
#2457=(
BOUNDED_CURVE()
B_SPLINE_CURVE(2,(#4076,#4077,#4078),.UNSPECIFIED.,.F.,.F.)
B_SPLINE_CURVE_WITH_KNOTS((3,3),(-8.20828341803541,0.),.UNSPECIFIED.)
CURVE()
GEOMETRIC_REPRESENTATION_ITEM()
RATIONAL_B_SPLINE_CURVE((1.,0.961594347396972,1.))
REPRESENTATION_ITEM('')
);
#2458=(
BOUNDED_CURVE()
B_SPLINE_CURVE(2,(#4079,#4080,#4081),.UNSPECIFIED.,.F.,.F.)
B_SPLINE_CURVE_WITH_KNOTS((3,3),(-8.20828341803541,0.),.UNSPECIFIED.)
CURVE()
GEOMETRIC_REPRESENTATION_ITEM()
RATIONAL_B_SPLINE_CURVE((1.,0.961594347396972,1.))
REPRESENTATION_ITEM('')
);
#2459=(
BOUNDED_CURVE()
B_SPLINE_CURVE(2,(#4082,#4083,#4084),.UNSPECIFIED.,.F.,.F.)
B_SPLINE_CURVE_WITH_KNOTS((3,3),(0.,0.27822708979433),.UNSPECIFIED.)
CURVE()
GEOMETRIC_REPRESENTATION_ITEM()
RATIONAL_B_SPLINE_CURVE((1.,0.999731322510015,1.))
REPRESENTATION_ITEM('')
);
#2460=(
BOUNDED_CURVE()
B_SPLINE_CURVE(2,(#4085,#4086,#4087),.UNSPECIFIED.,.F.,.F.)
B_SPLINE_CURVE_WITH_KNOTS((3,3),(0.,0.27822708979433),.UNSPECIFIED.)
CURVE()
GEOMETRIC_REPRESENTATION_ITEM()
RATIONAL_B_SPLINE_CURVE((1.,0.999731322510015,1.))
REPRESENTATION_ITEM('')
);
#2461=(
BOUNDED_CURVE()
B_SPLINE_CURVE(2,(#4098,#4099,#4100),.UNSPECIFIED.,.F.,.F.)
B_SPLINE_CURVE_WITH_KNOTS((3,3),(0.,18.7999999999999),.UNSPECIFIED.)
CURVE()
GEOMETRIC_REPRESENTATION_ITEM()
RATIONAL_B_SPLINE_CURVE((1.,1.,1.))
REPRESENTATION_ITEM('')
);
#2462=(
BOUNDED_CURVE()
B_SPLINE_CURVE(2,(#4101,#4102,#4103),.UNSPECIFIED.,.F.,.F.)
B_SPLINE_CURVE_WITH_KNOTS((3,3),(0.,18.7999999999999),.UNSPECIFIED.)
CURVE()
GEOMETRIC_REPRESENTATION_ITEM()
RATIONAL_B_SPLINE_CURVE((1.,1.,1.))
REPRESENTATION_ITEM('')
);
#2463=(
BOUNDED_CURVE()
B_SPLINE_CURVE(2,(#4114,#4115,#4116),.UNSPECIFIED.,.F.,.F.)
B_SPLINE_CURVE_WITH_KNOTS((3,3),(0.,0.278227089785657),.UNSPECIFIED.)
CURVE()
GEOMETRIC_REPRESENTATION_ITEM()
RATIONAL_B_SPLINE_CURVE((1.,0.999731322508917,1.))
REPRESENTATION_ITEM('')
);
#2464=(
BOUNDED_CURVE()
B_SPLINE_CURVE(2,(#4117,#4118,#4119),.UNSPECIFIED.,.F.,.F.)
B_SPLINE_CURVE_WITH_KNOTS((3,3),(0.,0.278227089785657),.UNSPECIFIED.)
CURVE()
GEOMETRIC_REPRESENTATION_ITEM()
RATIONAL_B_SPLINE_CURVE((1.,0.999731322508917,1.))
REPRESENTATION_ITEM('')
);
#2465=(
BOUNDED_CURVE()
B_SPLINE_CURVE(2,(#4120,#4121,#4122),.UNSPECIFIED.,.F.,.F.)
B_SPLINE_CURVE_WITH_KNOTS((3,3),(-8.20828341803527,0.),.UNSPECIFIED.)
CURVE()
GEOMETRIC_REPRESENTATION_ITEM()
RATIONAL_B_SPLINE_CURVE((1.,0.961594347396979,1.))
REPRESENTATION_ITEM('')
);
#2466=(
BOUNDED_CURVE()
B_SPLINE_CURVE(2,(#4123,#4124,#4125),.UNSPECIFIED.,.F.,.F.)
B_SPLINE_CURVE_WITH_KNOTS((3,3),(-8.20828341803527,0.),.UNSPECIFIED.)
CURVE()
GEOMETRIC_REPRESENTATION_ITEM()
RATIONAL_B_SPLINE_CURVE((1.,0.961594347396979,1.))
REPRESENTATION_ITEM('')
);
#2467=(
BOUNDED_CURVE()
B_SPLINE_CURVE(2,(#4126,#4127,#4128,#4129,#4130,#4131,#4132,#4133,#4134,
#4135,#4136),.UNSPECIFIED.,.T.,.F.)
B_SPLINE_CURVE_WITH_KNOTS((3,2,2,2,2,3),(0.,24.2922752320001,48.5922752319901,
72.8922752320001,97.1922752319904,97.1961382299981),.UNSPECIFIED.)
CURVE()
GEOMETRIC_REPRESENTATION_ITEM()
RATIONAL_B_SPLINE_CURVE((1.,0.707219181801177,1.,0.707106781186548,1.,0.707106781186548,
1.,0.707106781186548,1.,0.999999987364093,1.))
REPRESENTATION_ITEM('')
);
#2468=(
BOUNDED_CURVE()
B_SPLINE_CURVE(2,(#4137,#4138,#4139,#4140,#4141,#4142,#4143,#4144,#4145,
#4146,#4147),.UNSPECIFIED.,.T.,.F.)
B_SPLINE_CURVE_WITH_KNOTS((3,2,2,2,2,3),(0.,24.2922752320001,48.5922752319901,
72.8922752320001,97.1922752319904,97.1961382299981),.UNSPECIFIED.)
CURVE()
GEOMETRIC_REPRESENTATION_ITEM()
RATIONAL_B_SPLINE_CURVE((1.,0.707219181801177,1.,0.707106781186548,1.,0.707106781186548,
1.,0.707106781186548,1.,0.999999987364093,1.))
REPRESENTATION_ITEM('')
);
#2469=(
BOUNDED_CURVE()
B_SPLINE_CURVE(2,(#4148,#4149,#4150,#4151,#4152),.UNSPECIFIED.,.F.,.F.)
B_SPLINE_CURVE_WITH_KNOTS((3,2,3),(0.,18.2999999999999,36.5999999999997),
 .UNSPECIFIED.)
CURVE()
GEOMETRIC_REPRESENTATION_ITEM()
RATIONAL_B_SPLINE_CURVE((1.,0.707106781186553,1.,0.707106781186553,1.))
REPRESENTATION_ITEM('')
);
#2470=(
BOUNDED_CURVE()
B_SPLINE_CURVE(1,(#4155,#4156),.UNSPECIFIED.,.F.,.F.)
B_SPLINE_CURVE_WITH_KNOTS((2,2),(0.,17.175099474093),.UNSPECIFIED.)
CURVE()
GEOMETRIC_REPRESENTATION_ITEM()
RATIONAL_B_SPLINE_CURVE((1.,1.))
REPRESENTATION_ITEM('')
);
#2471=(
BOUNDED_CURVE()
B_SPLINE_CURVE(2,(#4159,#4160,#4161,#4162,#4163),.UNSPECIFIED.,.F.,.F.)
B_SPLINE_CURVE_WITH_KNOTS((3,2,3),(0.,18.3000000000022,36.6000000000044),
 .UNSPECIFIED.)
CURVE()
GEOMETRIC_REPRESENTATION_ITEM()
RATIONAL_B_SPLINE_CURVE((1.,0.707106781186504,1.,0.707106781186504,1.))
REPRESENTATION_ITEM('')
);
#2472=(
BOUNDED_CURVE()
B_SPLINE_CURVE(1,(#4166,#4167),.UNSPECIFIED.,.F.,.F.)
B_SPLINE_CURVE_WITH_KNOTS((2,2),(0.,17.175099474093),.UNSPECIFIED.)
CURVE()
GEOMETRIC_REPRESENTATION_ITEM()
RATIONAL_B_SPLINE_CURVE((1.,1.))
REPRESENTATION_ITEM('')
);
#2473=(
BOUNDED_CURVE()
B_SPLINE_CURVE(2,(#4170,#4171,#4172,#4173,#4174,#4175,#4176,#4177,#4178,
#4179,#4180),.UNSPECIFIED.,.T.,.F.)
B_SPLINE_CURVE_WITH_KNOTS((3,2,2,2,2,3),(0.,24.2922752320001,48.5922752319901,
72.8922752320001,97.1922752319904,97.1961382299981),.UNSPECIFIED.)
CURVE()
GEOMETRIC_REPRESENTATION_ITEM()
RATIONAL_B_SPLINE_CURVE((1.,0.707219181801177,1.,0.707106781186548,1.,0.707106781186548,
1.,0.707106781186548,1.,0.999999987364093,1.))
REPRESENTATION_ITEM('')
);
#2474=(
BOUNDED_CURVE()
B_SPLINE_CURVE(2,(#4181,#4182,#4183,#4184,#4185),.UNSPECIFIED.,.F.,.F.)
B_SPLINE_CURVE_WITH_KNOTS((3,2,3),(0.,18.2999999999999,36.5999999999997),
 .UNSPECIFIED.)
CURVE()
GEOMETRIC_REPRESENTATION_ITEM()
RATIONAL_B_SPLINE_CURVE((1.,0.707106781186553,1.,0.707106781186553,1.))
REPRESENTATION_ITEM('')
);
#2475=(
BOUNDED_CURVE()
B_SPLINE_CURVE(2,(#4186,#4187,#4188,#4189,#4190),.UNSPECIFIED.,.F.,.F.)
B_SPLINE_CURVE_WITH_KNOTS((3,2,3),(-36.5999999999955,-18.2999999999978,
0.),.UNSPECIFIED.)
CURVE()
GEOMETRIC_REPRESENTATION_ITEM()
RATIONAL_B_SPLINE_CURVE((1.,0.707106781186594,1.,0.707106781186594,1.))
REPRESENTATION_ITEM('')
);
#2476=(
BOUNDED_CURVE()
B_SPLINE_CURVE(2,(#4191,#4192,#4193,#4194,#4195),.UNSPECIFIED.,.F.,.F.)
B_SPLINE_CURVE_WITH_KNOTS((3,2,3),(-36.5999999999955,-18.2999999999978,
0.),.UNSPECIFIED.)
CURVE()
GEOMETRIC_REPRESENTATION_ITEM()
RATIONAL_B_SPLINE_CURVE((1.,0.707106781186594,1.,0.707106781186594,1.))
REPRESENTATION_ITEM('')
);
#2477=(
BOUNDED_CURVE()
B_SPLINE_CURVE(2,(#4196,#4197,#4198,#4199,#4200),.UNSPECIFIED.,.F.,.F.)
B_SPLINE_CURVE_WITH_KNOTS((3,2,3),(0.,18.3000000000022,36.6000000000044),
 .UNSPECIFIED.)
CURVE()
GEOMETRIC_REPRESENTATION_ITEM()
RATIONAL_B_SPLINE_CURVE((1.,0.707106781186504,1.,0.707106781186504,1.))
REPRESENTATION_ITEM('')
);
#2478=(
BOUNDED_CURVE()
B_SPLINE_CURVE(2,(#4201,#4202,#4203,#4204,#4205),.UNSPECIFIED.,.F.,.F.)
B_SPLINE_CURVE_WITH_KNOTS((3,2,3),(-36.5999999999994,-18.2999999999997,
0.),.UNSPECIFIED.)
CURVE()
GEOMETRIC_REPRESENTATION_ITEM()
RATIONAL_B_SPLINE_CURVE((1.,0.707106781186552,1.,0.707106781186552,1.))
REPRESENTATION_ITEM('')
);
#2479=(
BOUNDED_CURVE()
B_SPLINE_CURVE(2,(#4206,#4207,#4208,#4209,#4210),.UNSPECIFIED.,.F.,.F.)
B_SPLINE_CURVE_WITH_KNOTS((3,2,3),(-36.5999999999994,-18.2999999999997,
0.),.UNSPECIFIED.)
CURVE()
GEOMETRIC_REPRESENTATION_ITEM()
RATIONAL_B_SPLINE_CURVE((1.,0.707106781186552,1.,0.707106781186552,1.))
REPRESENTATION_ITEM('')
);
#2480=(
BOUNDED_CURVE()
B_SPLINE_CURVE(1,(#4213,#4214),.UNSPECIFIED.,.F.,.F.)
B_SPLINE_CURVE_WITH_KNOTS((2,2),(0.,12.),.UNSPECIFIED.)
CURVE()
GEOMETRIC_REPRESENTATION_ITEM()
RATIONAL_B_SPLINE_CURVE((1.,1.))
REPRESENTATION_ITEM('')
);
#2481=(
BOUNDED_CURVE()
B_SPLINE_CURVE(1,(#4227,#4228),.UNSPECIFIED.,.F.,.F.)
B_SPLINE_CURVE_WITH_KNOTS((2,2),(-20.079401205099,0.),.UNSPECIFIED.)
CURVE()
GEOMETRIC_REPRESENTATION_ITEM()
RATIONAL_B_SPLINE_CURVE((1.,1.))
REPRESENTATION_ITEM('')
);
#2482=(
BOUNDED_CURVE()
B_SPLINE_CURVE(2,(#4231,#4232,#4233),.UNSPECIFIED.,.F.,.F.)
B_SPLINE_CURVE_WITH_KNOTS((3,3),(-0.27822708979433,0.),.UNSPECIFIED.)
CURVE()
GEOMETRIC_REPRESENTATION_ITEM()
RATIONAL_B_SPLINE_CURVE((1.,0.999731322510015,1.))
REPRESENTATION_ITEM('')
);
#2483=(
BOUNDED_CURVE()
B_SPLINE_CURVE(1,(#4238,#4239),.UNSPECIFIED.,.F.,.F.)
B_SPLINE_CURVE_WITH_KNOTS((2,2),(0.,20.079401205099),.UNSPECIFIED.)
CURVE()
GEOMETRIC_REPRESENTATION_ITEM()
RATIONAL_B_SPLINE_CURVE((1.,1.))
REPRESENTATION_ITEM('')
);
#2484=(
BOUNDED_CURVE()
B_SPLINE_CURVE(1,(#4244,#4245),.UNSPECIFIED.,.F.,.F.)
B_SPLINE_CURVE_WITH_KNOTS((2,2),(0.,20.079401205099),.UNSPECIFIED.)
CURVE()
GEOMETRIC_REPRESENTATION_ITEM()
RATIONAL_B_SPLINE_CURVE((1.,1.))
REPRESENTATION_ITEM('')
);
#2485=(
BOUNDED_CURVE()
B_SPLINE_CURVE(2,(#4248,#4249,#4250),.UNSPECIFIED.,.F.,.F.)
B_SPLINE_CURVE_WITH_KNOTS((3,3),(0.,8.20828341803583),.UNSPECIFIED.)
CURVE()
GEOMETRIC_REPRESENTATION_ITEM()
RATIONAL_B_SPLINE_CURVE((1.,0.96159434739693,1.))
REPRESENTATION_ITEM('')
);
#2486=(
BOUNDED_CURVE()
B_SPLINE_CURVE(1,(#4257,#4258),.UNSPECIFIED.,.F.,.F.)
B_SPLINE_CURVE_WITH_KNOTS((2,2),(-20.079401205099,0.),.UNSPECIFIED.)
CURVE()
GEOMETRIC_REPRESENTATION_ITEM()
RATIONAL_B_SPLINE_CURVE((1.,1.))
REPRESENTATION_ITEM('')
);
#2487=(
BOUNDED_CURVE()
B_SPLINE_CURVE(2,(#4261,#4262,#4263),.UNSPECIFIED.,.F.,.F.)
B_SPLINE_CURVE_WITH_KNOTS((3,3),(-0.278227089785655,0.),.UNSPECIFIED.)
CURVE()
GEOMETRIC_REPRESENTATION_ITEM()
RATIONAL_B_SPLINE_CURVE((1.,0.999731322508929,1.))
REPRESENTATION_ITEM('')
);
#2488=(
BOUNDED_CURVE()
B_SPLINE_CURVE(1,(#4266,#4267),.UNSPECIFIED.,.F.,.F.)
B_SPLINE_CURVE_WITH_KNOTS((2,2),(-20.079401205099,0.),.UNSPECIFIED.)
CURVE()
GEOMETRIC_REPRESENTATION_ITEM()
RATIONAL_B_SPLINE_CURVE((1.,1.))
REPRESENTATION_ITEM('')
);
#2489=(
BOUNDED_CURVE()
B_SPLINE_CURVE(1,(#4270,#4271),.UNSPECIFIED.,.F.,.F.)
B_SPLINE_CURVE_WITH_KNOTS((2,2),(0.,12.),.UNSPECIFIED.)
CURVE()
GEOMETRIC_REPRESENTATION_ITEM()
RATIONAL_B_SPLINE_CURVE((1.,1.))
REPRESENTATION_ITEM('')
);
#2490=(
BOUNDED_CURVE()
B_SPLINE_CURVE(2,(#4282,#4283,#4284),.UNSPECIFIED.,.F.,.F.)
B_SPLINE_CURVE_WITH_KNOTS((3,3),(0.,8.20828341803583),.UNSPECIFIED.)
CURVE()
GEOMETRIC_REPRESENTATION_ITEM()
RATIONAL_B_SPLINE_CURVE((1.,0.96159434739693,1.))
REPRESENTATION_ITEM('')
);
#2491=(
BOUNDED_CURVE()
B_SPLINE_CURVE(2,(#4285,#4286,#4287),.UNSPECIFIED.,.F.,.F.)
B_SPLINE_CURVE_WITH_KNOTS((3,3),(-0.278227089785655,0.),.UNSPECIFIED.)
CURVE()
GEOMETRIC_REPRESENTATION_ITEM()
RATIONAL_B_SPLINE_CURVE((1.,0.999731322508929,1.))
REPRESENTATION_ITEM('')
);
#2492=(
BOUNDED_CURVE()
B_SPLINE_CURVE(2,(#4312,#4313,#4314),.UNSPECIFIED.,.F.,.F.)
B_SPLINE_CURVE_WITH_KNOTS((3,3),(-0.27822708979433,0.),.UNSPECIFIED.)
CURVE()
GEOMETRIC_REPRESENTATION_ITEM()
RATIONAL_B_SPLINE_CURVE((1.,0.999731322510015,1.))
REPRESENTATION_ITEM('')
);
#2493=(
BOUNDED_CURVE()
B_SPLINE_CURVE(2,(#4315,#4316,#4317),.UNSPECIFIED.,.F.,.F.)
B_SPLINE_CURVE_WITH_KNOTS((3,3),(-8.20828341803537,0.),.UNSPECIFIED.)
CURVE()
GEOMETRIC_REPRESENTATION_ITEM()
RATIONAL_B_SPLINE_CURVE((1.,0.961594347396975,1.))
REPRESENTATION_ITEM('')
);
#2494=(
BOUNDED_CURVE()
B_SPLINE_CURVE(2,(#4318,#4319,#4320),.UNSPECIFIED.,.F.,.F.)
B_SPLINE_CURVE_WITH_KNOTS((3,3),(-8.20828341803537,0.),.UNSPECIFIED.)
CURVE()
GEOMETRIC_REPRESENTATION_ITEM()
RATIONAL_B_SPLINE_CURVE((1.,0.961594347396975,1.))
REPRESENTATION_ITEM('')
);
#2495=(
BOUNDED_CURVE()
B_SPLINE_CURVE(2,(#4339,#4340,#4341),.UNSPECIFIED.,.F.,.F.)
B_SPLINE_CURVE_WITH_KNOTS((3,3),(0.,0.147893444300725),.UNSPECIFIED.)
CURVE()
GEOMETRIC_REPRESENTATION_ITEM()
RATIONAL_B_SPLINE_CURVE((1.,0.997615683193163,1.))
REPRESENTATION_ITEM('')
);
#2496=(
BOUNDED_CURVE()
B_SPLINE_CURVE(1,(#4344,#4345),.UNSPECIFIED.,.F.,.F.)
B_SPLINE_CURVE_WITH_KNOTS((2,2),(0.,8.079401205099),.UNSPECIFIED.)
CURVE()
GEOMETRIC_REPRESENTATION_ITEM()
RATIONAL_B_SPLINE_CURVE((1.,1.))
REPRESENTATION_ITEM('')
);
#2497=(
BOUNDED_CURVE()
B_SPLINE_CURVE(1,(#4376,#4377),.UNSPECIFIED.,.F.,.F.)
B_SPLINE_CURVE_WITH_KNOTS((2,2),(0.,8.079401205099),.UNSPECIFIED.)
CURVE()
GEOMETRIC_REPRESENTATION_ITEM()
RATIONAL_B_SPLINE_CURVE((1.,1.))
REPRESENTATION_ITEM('')
);
#2498=(
BOUNDED_CURVE()
B_SPLINE_CURVE(2,(#4400,#4401,#4402),.UNSPECIFIED.,.F.,.F.)
B_SPLINE_CURVE_WITH_KNOTS((3,3),(0.,0.147893444310715),.UNSPECIFIED.)
CURVE()
GEOMETRIC_REPRESENTATION_ITEM()
RATIONAL_B_SPLINE_CURVE((1.,0.997615683191722,1.))
REPRESENTATION_ITEM('')
);
#2499=(
BOUNDED_CURVE()
B_SPLINE_CURVE(2,(#4405,#4406,#4407),.UNSPECIFIED.,.F.,.F.)
B_SPLINE_CURVE_WITH_KNOTS((3,3),(-15.8226055422822,0.),.UNSPECIFIED.)
CURVE()
GEOMETRIC_REPRESENTATION_ITEM()
RATIONAL_B_SPLINE_CURVE((1.,0.892934973164073,1.))
REPRESENTATION_ITEM('')
);
#2500=(
BOUNDED_CURVE()
B_SPLINE_CURVE(2,(#4408,#4409,#4410),.UNSPECIFIED.,.F.,.F.)
B_SPLINE_CURVE_WITH_KNOTS((3,3),(-15.8226055422822,0.),.UNSPECIFIED.)
CURVE()
GEOMETRIC_REPRESENTATION_ITEM()
RATIONAL_B_SPLINE_CURVE((1.,0.892934973164073,1.))
REPRESENTATION_ITEM('')
);
#2501=(
BOUNDED_CURVE()
B_SPLINE_CURVE(3,(#4415,#4416,#4417,#4418),.UNSPECIFIED.,.F.,.F.)
B_SPLINE_CURVE_WITH_KNOTS((4,4),(0.,8.079401205099),.UNSPECIFIED.)
CURVE()
GEOMETRIC_REPRESENTATION_ITEM()
RATIONAL_B_SPLINE_CURVE((1.,0.999999999999999,1.,1.))
REPRESENTATION_ITEM('')
);
#2502=(
BOUNDED_CURVE()
B_SPLINE_CURVE(3,(#4423,#4424,#4425,#4426),.UNSPECIFIED.,.F.,.F.)
B_SPLINE_CURVE_WITH_KNOTS((4,4),(0.,8.079401205099),.UNSPECIFIED.)
CURVE()
GEOMETRIC_REPRESENTATION_ITEM()
RATIONAL_B_SPLINE_CURVE((1.,1.,1.,1.))
REPRESENTATION_ITEM('')
);
#2503=(
BOUNDED_CURVE()
B_SPLINE_CURVE(2,(#4431,#4432,#4433),.UNSPECIFIED.,.F.,.F.)
B_SPLINE_CURVE_WITH_KNOTS((3,3),(-15.8226054928019,0.),.UNSPECIFIED.)
CURVE()
GEOMETRIC_REPRESENTATION_ITEM()
RATIONAL_B_SPLINE_CURVE((1.,0.892934973730119,1.))
REPRESENTATION_ITEM('')
);
#2504=(
BOUNDED_CURVE()
B_SPLINE_CURVE(2,(#4434,#4435,#4436),.UNSPECIFIED.,.F.,.F.)
B_SPLINE_CURVE_WITH_KNOTS((3,3),(-15.8226054928019,0.),.UNSPECIFIED.)
CURVE()
GEOMETRIC_REPRESENTATION_ITEM()
RATIONAL_B_SPLINE_CURVE((1.,0.892934973730119,1.))
REPRESENTATION_ITEM('')
);
#2505=(
BOUNDED_CURVE()
B_SPLINE_CURVE(2,(#4445,#4446,#4447),.UNSPECIFIED.,.F.,.F.)
B_SPLINE_CURVE_WITH_KNOTS((3,3),(0.,3.99999999999994),.UNSPECIFIED.)
CURVE()
GEOMETRIC_REPRESENTATION_ITEM()
RATIONAL_B_SPLINE_CURVE((1.,0.707106781186551,1.))
REPRESENTATION_ITEM('')
);
#2506=(
BOUNDED_CURVE()
B_SPLINE_CURVE(2,(#4496,#4497,#4498),.UNSPECIFIED.,.F.,.F.)
B_SPLINE_CURVE_WITH_KNOTS((3,3),(0.,4.00000000000196),.UNSPECIFIED.)
CURVE()
GEOMETRIC_REPRESENTATION_ITEM()
RATIONAL_B_SPLINE_CURVE((1.,0.70710678118621,1.))
REPRESENTATION_ITEM('')
);
#2507=(
BOUNDED_CURVE()
B_SPLINE_CURVE(2,(#4507,#4508,#4509),.UNSPECIFIED.,.F.,.F.)
B_SPLINE_CURVE_WITH_KNOTS((3,3),(0.,0.147893444310715),.UNSPECIFIED.)
CURVE()
GEOMETRIC_REPRESENTATION_ITEM()
RATIONAL_B_SPLINE_CURVE((1.,0.997615683191722,1.))
REPRESENTATION_ITEM('')
);
#2508=(
BOUNDED_CURVE()
B_SPLINE_CURVE(2,(#4516,#4517,#4518),.UNSPECIFIED.,.F.,.F.)
B_SPLINE_CURVE_WITH_KNOTS((3,3),(0.,0.147893444300725),.UNSPECIFIED.)
CURVE()
GEOMETRIC_REPRESENTATION_ITEM()
RATIONAL_B_SPLINE_CURVE((1.,0.997615683193163,1.))
REPRESENTATION_ITEM('')
);
#2509=(
BOUNDED_CURVE()
B_SPLINE_CURVE(2,(#4519,#4520,#4521,#4522,#4523),.UNSPECIFIED.,.F.,.F.)
B_SPLINE_CURVE_WITH_KNOTS((3,2,3),(-6.8000000000006,-3.40000000000029,0.),
 .UNSPECIFIED.)
CURVE()
GEOMETRIC_REPRESENTATION_ITEM()
RATIONAL_B_SPLINE_CURVE((1.,0.707106781186513,1.,0.707106781186513,1.))
REPRESENTATION_ITEM('')
);
#2510=(
BOUNDED_CURVE()
B_SPLINE_CURVE(2,(#4524,#4525,#4526,#4527,#4528),.UNSPECIFIED.,.F.,.F.)
B_SPLINE_CURVE_WITH_KNOTS((3,2,3),(-6.8000000000006,-3.40000000000029,0.),
 .UNSPECIFIED.)
CURVE()
GEOMETRIC_REPRESENTATION_ITEM()
RATIONAL_B_SPLINE_CURVE((1.,0.707106781186513,1.,0.707106781186513,1.))
REPRESENTATION_ITEM('')
);
#2511=(
BOUNDED_CURVE()
B_SPLINE_CURVE(2,(#4529,#4530,#4531,#4532,#4533),.UNSPECIFIED.,.F.,.F.)
B_SPLINE_CURVE_WITH_KNOTS((3,2,3),(-6.79999999999943,-3.3999999999997,0.),
 .UNSPECIFIED.)
CURVE()
GEOMETRIC_REPRESENTATION_ITEM()
RATIONAL_B_SPLINE_CURVE((1.,0.707106781186576,1.,0.707106781186576,1.))
REPRESENTATION_ITEM('')
);
#2512=(
BOUNDED_CURVE()
B_SPLINE_CURVE(2,(#4534,#4535,#4536,#4537,#4538),.UNSPECIFIED.,.F.,.F.)
B_SPLINE_CURVE_WITH_KNOTS((3,2,3),(-6.79999999999943,-3.3999999999997,0.),
 .UNSPECIFIED.)
CURVE()
GEOMETRIC_REPRESENTATION_ITEM()
RATIONAL_B_SPLINE_CURVE((1.,0.707106781186576,1.,0.707106781186576,1.))
REPRESENTATION_ITEM('')
);
#2513=(
BOUNDED_CURVE()
B_SPLINE_CURVE(2,(#4539,#4540,#4541,#4542,#4543),.UNSPECIFIED.,.F.,.F.)
B_SPLINE_CURVE_WITH_KNOTS((3,2,3),(-6.8000000000021,-3.40000000000104,0.),
 .UNSPECIFIED.)
CURVE()
GEOMETRIC_REPRESENTATION_ITEM()
RATIONAL_B_SPLINE_CURVE((1.,0.70710678118644,1.,0.70710678118644,1.))
REPRESENTATION_ITEM('')
);
#2514=(
BOUNDED_CURVE()
B_SPLINE_CURVE(2,(#4544,#4545,#4546,#4547,#4548),.UNSPECIFIED.,.F.,.F.)
B_SPLINE_CURVE_WITH_KNOTS((3,2,3),(-6.8000000000021,-3.40000000000104,0.),
 .UNSPECIFIED.)
CURVE()
GEOMETRIC_REPRESENTATION_ITEM()
RATIONAL_B_SPLINE_CURVE((1.,0.70710678118644,1.,0.70710678118644,1.))
REPRESENTATION_ITEM('')
);
#2515=(
BOUNDED_CURVE()
B_SPLINE_CURVE(2,(#4549,#4550,#4551,#4552,#4553),.UNSPECIFIED.,.F.,.F.)
B_SPLINE_CURVE_WITH_KNOTS((3,2,3),(-6.80000000000195,-3.40000000000096,
0.),.UNSPECIFIED.)
CURVE()
GEOMETRIC_REPRESENTATION_ITEM()
RATIONAL_B_SPLINE_CURVE((1.,0.707106781186443,1.,0.707106781186443,1.))
REPRESENTATION_ITEM('')
);
#2516=(
BOUNDED_CURVE()
B_SPLINE_CURVE(2,(#4554,#4555,#4556,#4557,#4558),.UNSPECIFIED.,.F.,.F.)
B_SPLINE_CURVE_WITH_KNOTS((3,2,3),(-6.80000000000195,-3.40000000000096,
0.),.UNSPECIFIED.)
CURVE()
GEOMETRIC_REPRESENTATION_ITEM()
RATIONAL_B_SPLINE_CURVE((1.,0.707106781186443,1.,0.707106781186443,1.))
REPRESENTATION_ITEM('')
);
#2517=(
BOUNDED_CURVE()
B_SPLINE_CURVE(2,(#4559,#4560,#4561,#4562,#4563),.UNSPECIFIED.,.F.,.F.)
B_SPLINE_CURVE_WITH_KNOTS((3,2,3),(-6.79999999997761,-3.39999999998879,
0.),.UNSPECIFIED.)
CURVE()
GEOMETRIC_REPRESENTATION_ITEM()
RATIONAL_B_SPLINE_CURVE((1.,0.707106781187715,1.,0.707106781187715,1.))
REPRESENTATION_ITEM('')
);
#2518=(
BOUNDED_CURVE()
B_SPLINE_CURVE(2,(#4564,#4565,#4566,#4567,#4568),.UNSPECIFIED.,.F.,.F.)
B_SPLINE_CURVE_WITH_KNOTS((3,2,3),(-6.79999999997761,-3.39999999998879,
0.),.UNSPECIFIED.)
CURVE()
GEOMETRIC_REPRESENTATION_ITEM()
RATIONAL_B_SPLINE_CURVE((1.,0.707106781187715,1.,0.707106781187715,1.))
REPRESENTATION_ITEM('')
);
#2519=(
BOUNDED_CURVE()
B_SPLINE_CURVE(2,(#4569,#4570,#4571,#4572,#4573),.UNSPECIFIED.,.F.,.F.)
B_SPLINE_CURVE_WITH_KNOTS((3,2,3),(-6.80000000002119,-3.40000000001061,
0.),.UNSPECIFIED.)
CURVE()
GEOMETRIC_REPRESENTATION_ITEM()
RATIONAL_B_SPLINE_CURVE((1.,0.707106781185447,1.,0.707106781185447,1.))
REPRESENTATION_ITEM('')
);
#2520=(
BOUNDED_CURVE()
B_SPLINE_CURVE(2,(#4574,#4575,#4576,#4577,#4578),.UNSPECIFIED.,.F.,.F.)
B_SPLINE_CURVE_WITH_KNOTS((3,2,3),(-6.80000000002119,-3.40000000001061,
0.),.UNSPECIFIED.)
CURVE()
GEOMETRIC_REPRESENTATION_ITEM()
RATIONAL_B_SPLINE_CURVE((1.,0.707106781185447,1.,0.707106781185447,1.))
REPRESENTATION_ITEM('')
);
#2521=(
BOUNDED_CURVE()
B_SPLINE_CURVE(2,(#4579,#4580,#4581,#4582,#4583),.UNSPECIFIED.,.F.,.F.)
B_SPLINE_CURVE_WITH_KNOTS((3,2,3),(-6.80000000000369,-3.40000000000185,
0.),.UNSPECIFIED.)
CURVE()
GEOMETRIC_REPRESENTATION_ITEM()
RATIONAL_B_SPLINE_CURVE((1.,0.707106781186354,1.,0.707106781186354,1.))
REPRESENTATION_ITEM('')
);
#2522=(
BOUNDED_CURVE()
B_SPLINE_CURVE(2,(#4584,#4585,#4586,#4587,#4588),.UNSPECIFIED.,.F.,.F.)
B_SPLINE_CURVE_WITH_KNOTS((3,2,3),(-6.80000000000369,-3.40000000000185,
0.),.UNSPECIFIED.)
CURVE()
GEOMETRIC_REPRESENTATION_ITEM()
RATIONAL_B_SPLINE_CURVE((1.,0.707106781186354,1.,0.707106781186354,1.))
REPRESENTATION_ITEM('')
);
#2523=(
BOUNDED_CURVE()
B_SPLINE_CURVE(2,(#4589,#4590,#4591,#4592,#4593),.UNSPECIFIED.,.F.,.F.)
B_SPLINE_CURVE_WITH_KNOTS((3,2,3),(-6.79999999999983,-3.39999999999991,
0.),.UNSPECIFIED.)
CURVE()
GEOMETRIC_REPRESENTATION_ITEM()
RATIONAL_B_SPLINE_CURVE((1.,0.707106781186555,1.,0.707106781186555,1.))
REPRESENTATION_ITEM('')
);
#2524=(
BOUNDED_CURVE()
B_SPLINE_CURVE(2,(#4594,#4595,#4596,#4597,#4598),.UNSPECIFIED.,.F.,.F.)
B_SPLINE_CURVE_WITH_KNOTS((3,2,3),(-6.79999999999983,-3.39999999999991,
0.),.UNSPECIFIED.)
CURVE()
GEOMETRIC_REPRESENTATION_ITEM()
RATIONAL_B_SPLINE_CURVE((1.,0.707106781186555,1.,0.707106781186555,1.))
REPRESENTATION_ITEM('')
);
#2525=(
BOUNDED_CURVE()
B_SPLINE_CURVE(2,(#4617,#4618,#4619),.UNSPECIFIED.,.F.,.F.)
B_SPLINE_CURVE_WITH_KNOTS((3,3),(-9.19479348604074,0.),.UNSPECIFIED.)
CURVE()
GEOMETRIC_REPRESENTATION_ITEM()
RATIONAL_B_SPLINE_CURVE((1.,0.937074989146746,1.))
REPRESENTATION_ITEM('')
);
#2526=(
BOUNDED_CURVE()
B_SPLINE_CURVE(2,(#4620,#4621,#4622),.UNSPECIFIED.,.F.,.F.)
B_SPLINE_CURVE_WITH_KNOTS((3,3),(-9.19479348604074,0.),.UNSPECIFIED.)
CURVE()
GEOMETRIC_REPRESENTATION_ITEM()
RATIONAL_B_SPLINE_CURVE((1.,0.937074989146746,1.))
REPRESENTATION_ITEM('')
);
#2527=(
BOUNDED_CURVE()
B_SPLINE_CURVE(2,(#4627,#4628,#4629),.UNSPECIFIED.,.F.,.F.)
B_SPLINE_CURVE_WITH_KNOTS((3,3),(0.,7.05074208464448),.UNSPECIFIED.)
CURVE()
GEOMETRIC_REPRESENTATION_ITEM()
RATIONAL_B_SPLINE_CURVE((1.,0.954856027394245,1.))
REPRESENTATION_ITEM('')
);
#2528=(
BOUNDED_CURVE()
B_SPLINE_CURVE(2,(#4630,#4631,#4632),.UNSPECIFIED.,.F.,.F.)
B_SPLINE_CURVE_WITH_KNOTS((3,3),(0.,7.05074208464448),.UNSPECIFIED.)
CURVE()
GEOMETRIC_REPRESENTATION_ITEM()
RATIONAL_B_SPLINE_CURVE((1.,0.954856027394245,1.))
REPRESENTATION_ITEM('')
);
#2529=(
BOUNDED_CURVE()
B_SPLINE_CURVE(2,(#4637,#4638,#4639),.UNSPECIFIED.,.F.,.F.)
B_SPLINE_CURVE_WITH_KNOTS((3,3),(0.,15.8226054927985),.UNSPECIFIED.)
CURVE()
GEOMETRIC_REPRESENTATION_ITEM()
RATIONAL_B_SPLINE_CURVE((1.,0.892934973729744,1.))
REPRESENTATION_ITEM('')
);
#2530=(
BOUNDED_CURVE()
B_SPLINE_CURVE(2,(#4649,#4650,#4651),.UNSPECIFIED.,.F.,.F.)
B_SPLINE_CURVE_WITH_KNOTS((3,3),(-9.19479344110425,0.),.UNSPECIFIED.)
CURVE()
GEOMETRIC_REPRESENTATION_ITEM()
RATIONAL_B_SPLINE_CURVE((1.,0.937074989704764,1.))
REPRESENTATION_ITEM('')
);
#2531=(
BOUNDED_CURVE()
B_SPLINE_CURVE(2,(#4652,#4653,#4654),.UNSPECIFIED.,.F.,.F.)
B_SPLINE_CURVE_WITH_KNOTS((3,3),(-9.19479344110425,0.),.UNSPECIFIED.)
CURVE()
GEOMETRIC_REPRESENTATION_ITEM()
RATIONAL_B_SPLINE_CURVE((1.,0.937074989704764,1.))
REPRESENTATION_ITEM('')
);
#2532=(
BOUNDED_CURVE()
B_SPLINE_CURVE(2,(#4659,#4660,#4661),.UNSPECIFIED.,.F.,.F.)
B_SPLINE_CURVE_WITH_KNOTS((3,3),(0.,15.8226054927985),.UNSPECIFIED.)
CURVE()
GEOMETRIC_REPRESENTATION_ITEM()
RATIONAL_B_SPLINE_CURVE((1.,0.892934973729744,1.))
REPRESENTATION_ITEM('')
);
#2533=(
BOUNDED_CURVE()
B_SPLINE_CURVE(2,(#4666,#4667,#4668),.UNSPECIFIED.,.F.,.F.)
B_SPLINE_CURVE_WITH_KNOTS((3,3),(0.,9.19479348603996),.UNSPECIFIED.)
CURVE()
GEOMETRIC_REPRESENTATION_ITEM()
RATIONAL_B_SPLINE_CURVE((1.,0.937074989146749,1.))
REPRESENTATION_ITEM('')
);
#2534=(
BOUNDED_CURVE()
B_SPLINE_CURVE(2,(#4677,#4678,#4679),.UNSPECIFIED.,.F.,.F.)
B_SPLINE_CURVE_WITH_KNOTS((3,3),(0.,7.05074204138563),.UNSPECIFIED.)
CURVE()
GEOMETRIC_REPRESENTATION_ITEM()
RATIONAL_B_SPLINE_CURVE((1.,0.954856027911322,1.))
REPRESENTATION_ITEM('')
);
#2535=(
BOUNDED_CURVE()
B_SPLINE_CURVE(2,(#4680,#4681,#4682),.UNSPECIFIED.,.F.,.F.)
B_SPLINE_CURVE_WITH_KNOTS((3,3),(0.,7.05074204138563),.UNSPECIFIED.)
CURVE()
GEOMETRIC_REPRESENTATION_ITEM()
RATIONAL_B_SPLINE_CURVE((1.,0.954856027911322,1.))
REPRESENTATION_ITEM('')
);
#2536=(
BOUNDED_CURVE()
B_SPLINE_CURVE(2,(#4685,#4686,#4687),.UNSPECIFIED.,.F.,.F.)
B_SPLINE_CURVE_WITH_KNOTS((3,3),(-9.19479344110576,0.),.UNSPECIFIED.)
CURVE()
GEOMETRIC_REPRESENTATION_ITEM()
RATIONAL_B_SPLINE_CURVE((1.,0.937074989704685,1.))
REPRESENTATION_ITEM('')
);
#2537=(
BOUNDED_CURVE()
B_SPLINE_CURVE(2,(#4688,#4689,#4690),.UNSPECIFIED.,.F.,.F.)
B_SPLINE_CURVE_WITH_KNOTS((3,3),(-9.19479344110576,0.),.UNSPECIFIED.)
CURVE()
GEOMETRIC_REPRESENTATION_ITEM()
RATIONAL_B_SPLINE_CURVE((1.,0.937074989704685,1.))
REPRESENTATION_ITEM('')
);
#2538=(
BOUNDED_CURVE()
B_SPLINE_CURVE(2,(#4691,#4692,#4693),.UNSPECIFIED.,.F.,.F.)
B_SPLINE_CURVE_WITH_KNOTS((3,3),(0.,15.8226055422802),.UNSPECIFIED.)
CURVE()
GEOMETRIC_REPRESENTATION_ITEM()
RATIONAL_B_SPLINE_CURVE((1.,0.892934973164187,1.))
REPRESENTATION_ITEM('')
);
#2539=(
BOUNDED_CURVE()
B_SPLINE_CURVE(2,(#4705,#4706,#4707),.UNSPECIFIED.,.F.,.F.)
B_SPLINE_CURVE_WITH_KNOTS((3,3),(0.,15.8226055422802),.UNSPECIFIED.)
CURVE()
GEOMETRIC_REPRESENTATION_ITEM()
RATIONAL_B_SPLINE_CURVE((1.,0.892934973164187,1.))
REPRESENTATION_ITEM('')
);
#2540=(
BOUNDED_CURVE()
B_SPLINE_CURVE(2,(#4710,#4711,#4712),.UNSPECIFIED.,.F.,.F.)
B_SPLINE_CURVE_WITH_KNOTS((3,3),(0.,9.19479348603996),.UNSPECIFIED.)
CURVE()
GEOMETRIC_REPRESENTATION_ITEM()
RATIONAL_B_SPLINE_CURVE((1.,0.937074989146749,1.))
REPRESENTATION_ITEM('')
);
#2541=(
BOUNDED_CURVE()
B_SPLINE_CURVE(2,(#4725,#4726,#4727),.UNSPECIFIED.,.F.,.F.)
B_SPLINE_CURVE_WITH_KNOTS((3,3),(0.,7.05074208464448),.UNSPECIFIED.)
CURVE()
GEOMETRIC_REPRESENTATION_ITEM()
RATIONAL_B_SPLINE_CURVE((1.,0.954856027394245,1.))
REPRESENTATION_ITEM('')
);
#2542=(
BOUNDED_CURVE()
B_SPLINE_CURVE(2,(#4728,#4729,#4730),.UNSPECIFIED.,.F.,.F.)
B_SPLINE_CURVE_WITH_KNOTS((3,3),(0.,7.05074204138563),.UNSPECIFIED.)
CURVE()
GEOMETRIC_REPRESENTATION_ITEM()
RATIONAL_B_SPLINE_CURVE((1.,0.954856027911322,1.))
REPRESENTATION_ITEM('')
);
#2543=(
BOUNDED_CURVE()
B_SPLINE_CURVE(2,(#4735,#4736,#4737),.UNSPECIFIED.,.F.,.F.)
B_SPLINE_CURVE_WITH_KNOTS((3,3),(0.,18.7999999999999),.UNSPECIFIED.)
CURVE()
GEOMETRIC_REPRESENTATION_ITEM()
RATIONAL_B_SPLINE_CURVE((1.,1.,1.))
REPRESENTATION_ITEM('')
);
#2544=(
BOUNDED_CURVE()
B_SPLINE_CURVE(2,(#4742,#4743,#4744),.UNSPECIFIED.,.F.,.F.)
B_SPLINE_CURVE_WITH_KNOTS((3,3),(0.,18.7999999999999),.UNSPECIFIED.)
CURVE()
GEOMETRIC_REPRESENTATION_ITEM()
RATIONAL_B_SPLINE_CURVE((1.,1.,1.))
REPRESENTATION_ITEM('')
);
#2545=(
BOUNDED_CURVE()
B_SPLINE_CURVE(2,(#4795,#4796,#4797),.UNSPECIFIED.,.F.,.F.)
B_SPLINE_CURVE_WITH_KNOTS((3,3),(0.,4.00000000000011),.UNSPECIFIED.)
CURVE()
GEOMETRIC_REPRESENTATION_ITEM()
RATIONAL_B_SPLINE_CURVE((1.,0.707106781186529,1.))
REPRESENTATION_ITEM('')
);
#2546=(
BOUNDED_CURVE()
B_SPLINE_CURVE(2,(#4800,#4801,#4802),.UNSPECIFIED.,.F.,.F.)
B_SPLINE_CURVE_WITH_KNOTS((3,3),(0.,4.00000000000199),.UNSPECIFIED.)
CURVE()
GEOMETRIC_REPRESENTATION_ITEM()
RATIONAL_B_SPLINE_CURVE((1.,0.707106781186196,1.))
REPRESENTATION_ITEM('')
);
#2547=(
BOUNDED_CURVE()
B_SPLINE_CURVE(2,(#4819,#4820,#4821,#4822,#4823,#4824,#4825,#4826,#4827,
#4828,#4829,#4830,#4831),.UNSPECIFIED.,.T.,.F.)
B_SPLINE_CURVE_WITH_KNOTS((3,2,2,2,2,2,3),(0.,0.0334676472090357,7.79239324512329,
15.4846710298508,15.5181386770599,23.2770642749742,30.9693420597018),
 .UNSPECIFIED.)
CURVE()
GEOMETRIC_REPRESENTATION_ITEM()
RATIONAL_B_SPLINE_CURVE((1.,0.999990697254626,1.,0.707106781186548,1.,0.708890279301718,
0.996454724078103,0.99821650188483,1.,0.707106781186548,1.,0.710150236283757,
1.))
REPRESENTATION_ITEM('')
);
#2548=(
BOUNDED_CURVE()
B_SPLINE_CURVE(2,(#4832,#4833,#4834,#4835,#4836,#4837,#4838,#4839,#4840,
#4841,#4842,#4843,#4844),.UNSPECIFIED.,.T.,.F.)
B_SPLINE_CURVE_WITH_KNOTS((3,2,2,2,2,2,3),(0.,0.0334676472090357,7.79239324512329,
15.4846710298508,15.5181386770599,23.2770642749742,30.9693420597018),
 .UNSPECIFIED.)
CURVE()
GEOMETRIC_REPRESENTATION_ITEM()
RATIONAL_B_SPLINE_CURVE((1.,0.999990697254626,1.,0.707106781186548,1.,0.708890279301718,
0.996454724078103,0.99821650188483,1.,0.707106781186548,1.,0.710150236283757,
1.))
REPRESENTATION_ITEM('')
);
#2549=(
BOUNDED_CURVE()
B_SPLINE_CURVE(2,(#4845,#4846,#4847,#4848,#4849,#4850,#4851,#4852,#4853,
#4854,#4855,#4856,#4857),.UNSPECIFIED.,.T.,.F.)
B_SPLINE_CURVE_WITH_KNOTS((3,2,2,2,2,2,3),(0.,0.0334676472090856,7.79239324512343,
15.4846710285309,15.5181386764099,23.2770642743241,30.9693420590517),
 .UNSPECIFIED.)
CURVE()
GEOMETRIC_REPRESENTATION_ITEM()
RATIONAL_B_SPLINE_CURVE((1.,0.999990697254626,1.,0.707106781186548,1.,0.708890279337348,
0.996454724007711,0.9982165018492,1.,0.707106781186547,1.,0.71015023628369,
1.))
REPRESENTATION_ITEM('')
);
#2550=(
BOUNDED_CURVE()
B_SPLINE_CURVE(2,(#4858,#4859,#4860,#4861,#4862,#4863,#4864,#4865,#4866,
#4867,#4868,#4869,#4870),.UNSPECIFIED.,.T.,.F.)
B_SPLINE_CURVE_WITH_KNOTS((3,2,2,2,2,2,3),(0.,0.0334676472090856,7.79239324512343,
15.4846710285309,15.5181386764099,23.2770642743241,30.9693420590517),
 .UNSPECIFIED.)
CURVE()
GEOMETRIC_REPRESENTATION_ITEM()
RATIONAL_B_SPLINE_CURVE((1.,0.999990697254626,1.,0.707106781186548,1.,0.708890279337348,
0.996454724007711,0.9982165018492,1.,0.707106781186547,1.,0.71015023628369,
1.))
REPRESENTATION_ITEM('')
);
#2551=(
BOUNDED_CURVE()
B_SPLINE_CURVE(2,(#4871,#4872,#4873,#4874,#4875,#4876,#4877,#4878,#4879,
#4880,#4881,#4882,#4883),.UNSPECIFIED.,.T.,.F.)
B_SPLINE_CURVE_WITH_KNOTS((3,2,2,2,2,2,3),(0.,0.0334676471190518,7.79239324503307,
15.4846710296006,15.5181386768896,23.2770642748039,30.9693420597115),
 .UNSPECIFIED.)
CURVE()
GEOMETRIC_REPRESENTATION_ITEM()
RATIONAL_B_SPLINE_CURVE((1.,0.999990697254673,1.,0.707106781186548,1.,0.70889027930625,
0.996454724069149,0.998216501880297,1.,0.707106781186547,1.,0.710150236276003,
1.))
REPRESENTATION_ITEM('')
);
#2552=(
BOUNDED_CURVE()
B_SPLINE_CURVE(2,(#4884,#4885,#4886,#4887,#4888,#4889,#4890,#4891,#4892,
#4893,#4894,#4895,#4896),.UNSPECIFIED.,.T.,.F.)
B_SPLINE_CURVE_WITH_KNOTS((3,2,2,2,2,2,3),(0.,0.0334676471190518,7.79239324503307,
15.4846710296006,15.5181386768896,23.2770642748039,30.9693420597115),
 .UNSPECIFIED.)
CURVE()
GEOMETRIC_REPRESENTATION_ITEM()
RATIONAL_B_SPLINE_CURVE((1.,0.999990697254673,1.,0.707106781186548,1.,0.70889027930625,
0.996454724069149,0.998216501880297,1.,0.707106781186547,1.,0.710150236276003,
1.))
REPRESENTATION_ITEM('')
);
#2553=(
BOUNDED_CURVE()
B_SPLINE_CURVE(2,(#4897,#4898,#4899,#4900,#4901,#4902,#4903,#4904,#4905,
#4906,#4907,#4908,#4909),.UNSPECIFIED.,.T.,.F.)
B_SPLINE_CURVE_WITH_KNOTS((3,2,2,2,2,2,3),(0.,0.0334676471192314,7.79239324503335,
15.4846710296106,15.5181386768998,23.2770642748139,30.9693420597216),
 .UNSPECIFIED.)
CURVE()
GEOMETRIC_REPRESENTATION_ITEM()
RATIONAL_B_SPLINE_CURVE((1.,0.999990697254673,1.,0.707106781186548,1.,0.708890279306192,
0.996454724069264,0.998216501880356,1.,0.707106781186547,1.,0.710150236276045,
1.))
REPRESENTATION_ITEM('')
);
#2554=(
BOUNDED_CURVE()
B_SPLINE_CURVE(2,(#4910,#4911,#4912,#4913,#4914,#4915,#4916,#4917,#4918,
#4919,#4920,#4921,#4922),.UNSPECIFIED.,.T.,.F.)
B_SPLINE_CURVE_WITH_KNOTS((3,2,2,2,2,2,3),(0.,0.0334676471192314,7.79239324503335,
15.4846710296106,15.5181386768998,23.2770642748139,30.9693420597216),
 .UNSPECIFIED.)
CURVE()
GEOMETRIC_REPRESENTATION_ITEM()
RATIONAL_B_SPLINE_CURVE((1.,0.999990697254673,1.,0.707106781186548,1.,0.708890279306192,
0.996454724069264,0.998216501880356,1.,0.707106781186547,1.,0.710150236276045,
1.))
REPRESENTATION_ITEM('')
);
#2555=(
BOUNDED_CURVE()
B_SPLINE_CURVE(2,(#5051,#5052,#5053,#5054,#5055),.UNSPECIFIED.,.F.,.F.)
B_SPLINE_CURVE_WITH_KNOTS((3,2,3),(1.57079630916536,3.14159265358558,4.71238899800579),
 .UNSPECIFIED.)
CURVE()
GEOMETRIC_REPRESENTATION_ITEM()
RATIONAL_B_SPLINE_CURVE((1.,0.707106775576276,1.,0.707106775576276,1.))
REPRESENTATION_ITEM('')
);
#2556=(
BOUNDED_CURVE()
B_SPLINE_CURVE(2,(#5068,#5069,#5070,#5071,#5072),.UNSPECIFIED.,.F.,.F.)
B_SPLINE_CURVE_WITH_KNOTS((3,2,3),(1.57079630916649,3.14159265358611,4.71238899800572),
 .UNSPECIFIED.)
CURVE()
GEOMETRIC_REPRESENTATION_ITEM()
RATIONAL_B_SPLINE_CURVE((1.,0.707106775576183,1.,0.707106775576183,1.))
REPRESENTATION_ITEM('')
);
#2557=(
BOUNDED_CURVE()
B_SPLINE_CURVE(2,(#5085,#5086,#5087,#5088,#5089),.UNSPECIFIED.,.F.,.F.)
B_SPLINE_CURVE_WITH_KNOTS((3,2,3),(1.57079630914473,3.14159265358476,4.71238899802478),
 .UNSPECIFIED.)
CURVE()
GEOMETRIC_REPRESENTATION_ITEM()
RATIONAL_B_SPLINE_CURVE((1.,0.707106775569749,1.,0.707106775569749,1.))
REPRESENTATION_ITEM('')
);
#2558=(
BOUNDED_CURVE()
B_SPLINE_CURVE(2,(#5102,#5103,#5104,#5105,#5106),.UNSPECIFIED.,.F.,.F.)
B_SPLINE_CURVE_WITH_KNOTS((3,2,3),(1.57079630914738,3.14159265358662,4.71238899802587),
 .UNSPECIFIED.)
CURVE()
GEOMETRIC_REPRESENTATION_ITEM()
RATIONAL_B_SPLINE_CURVE((1.,0.707106775570107,1.,0.707106775570107,1.))
REPRESENTATION_ITEM('')
);
#2559=(
BOUNDED_CURVE()
B_SPLINE_CURVE(2,(#5119,#5120,#5121,#5122,#5123),.UNSPECIFIED.,.F.,.F.)
B_SPLINE_CURVE_WITH_KNOTS((3,2,3),(1.57079634441599,3.14159265358557,4.71238896275515),
 .UNSPECIFIED.)
CURVE()
GEOMETRIC_REPRESENTATION_ITEM()
RATIONAL_B_SPLINE_CURVE((1.,0.707106786796906,1.,0.707106786796906,1.))
REPRESENTATION_ITEM('')
);
#2560=(
BOUNDED_CURVE()
B_SPLINE_CURVE(2,(#5132,#5133,#5134,#5135,#5136),.UNSPECIFIED.,.F.,.F.)
B_SPLINE_CURVE_WITH_KNOTS((3,2,3),(1.57079634441697,3.14159265358609,4.7123889627552),
 .UNSPECIFIED.)
CURVE()
GEOMETRIC_REPRESENTATION_ITEM()
RATIONAL_B_SPLINE_CURVE((1.,0.707106786796778,1.,0.707106786796778,1.))
REPRESENTATION_ITEM('')
);
#2561=(
BOUNDED_CURVE()
B_SPLINE_CURVE(2,(#5145,#5146,#5147,#5148,#5149),.UNSPECIFIED.,.F.,.F.)
B_SPLINE_CURVE_WITH_KNOTS((3,2,3),(1.57079634443607,3.14159265358529,4.71238896273451),
 .UNSPECIFIED.)
CURVE()
GEOMETRIC_REPRESENTATION_ITEM()
RATIONAL_B_SPLINE_CURVE((1.,0.707106786803343,1.,0.707106786803343,1.))
REPRESENTATION_ITEM('')
);
#2562=(
BOUNDED_CURVE()
B_SPLINE_CURVE(2,(#5158,#5159,#5160,#5161,#5162),.UNSPECIFIED.,.F.,.F.)
B_SPLINE_CURVE_WITH_KNOTS((3,2,3),(1.57079634443607,3.14159265358662,4.71238896273717),
 .UNSPECIFIED.)
CURVE()
GEOMETRIC_REPRESENTATION_ITEM()
RATIONAL_B_SPLINE_CURVE((1.,0.707106786803005,1.,0.707106786803005,1.))
REPRESENTATION_ITEM('')
);
#2563=(
BOUNDED_CURVE()
B_SPLINE_CURVE(2,(#5171,#5172,#5173,#5174,#5175,#5176,#5177,#5178,#5179,
#5180,#5181,#5182,#5183),.UNSPECIFIED.,.T.,.F.)
B_SPLINE_CURVE_WITH_KNOTS((3,2,2,2,2,2,3),(0.,0.033467647119231,7.79239324503335,
15.4846710296106,15.5181386768998,23.2770642748139,30.9693420597216),
 .UNSPECIFIED.)
CURVE()
GEOMETRIC_REPRESENTATION_ITEM()
RATIONAL_B_SPLINE_CURVE((1.,0.999990697254673,1.,0.707106781186548,1.,0.708890279306192,
0.996454724069264,0.998216501880356,1.,0.707106781186547,1.,0.710150236276045,
1.))
REPRESENTATION_ITEM('')
);
#2564=(
BOUNDED_CURVE()
B_SPLINE_CURVE(2,(#5184,#5185,#5186,#5187,#5188),.UNSPECIFIED.,.F.,.F.)
B_SPLINE_CURVE_WITH_KNOTS((3,2,3),(-24.6312292265132,-18.4734219198849,
-12.3156146132566),.UNSPECIFIED.)
CURVE()
GEOMETRIC_REPRESENTATION_ITEM()
RATIONAL_B_SPLINE_CURVE((1.,0.707106781186549,1.,0.707106781186549,1.))
REPRESENTATION_ITEM('')
);
#2565=(
BOUNDED_CURVE()
B_SPLINE_CURVE(2,(#5189,#5190,#5191,#5192,#5193),.UNSPECIFIED.,.F.,.F.)
B_SPLINE_CURVE_WITH_KNOTS((3,2,3),(-24.6312292265132,-18.4734219198849,
-12.3156146132566),.UNSPECIFIED.)
CURVE()
GEOMETRIC_REPRESENTATION_ITEM()
RATIONAL_B_SPLINE_CURVE((1.,0.707106781186548,1.,0.707106781186548,1.))
REPRESENTATION_ITEM('')
);
#2566=(
BOUNDED_CURVE()
B_SPLINE_CURVE(2,(#5194,#5195,#5196,#5197,#5198),.UNSPECIFIED.,.F.,.F.)
B_SPLINE_CURVE_WITH_KNOTS((3,2,3),(-12.3156146132566,-6.15780730662832,
0.),.UNSPECIFIED.)
CURVE()
GEOMETRIC_REPRESENTATION_ITEM()
RATIONAL_B_SPLINE_CURVE((1.,0.707106781186556,1.,0.707106781186556,1.))
REPRESENTATION_ITEM('')
);
#2567=(
BOUNDED_CURVE()
B_SPLINE_CURVE(2,(#5199,#5200,#5201,#5202,#5203),.UNSPECIFIED.,.F.,.F.)
B_SPLINE_CURVE_WITH_KNOTS((3,2,3),(-12.3156146132566,-6.15780730662832,
0.),.UNSPECIFIED.)
CURVE()
GEOMETRIC_REPRESENTATION_ITEM()
RATIONAL_B_SPLINE_CURVE((1.,0.707106781186544,1.,0.707106781186544,1.))
REPRESENTATION_ITEM('')
);
#2568=(
BOUNDED_CURVE()
B_SPLINE_CURVE(2,(#5204,#5205,#5206,#5207,#5208,#5209,#5210,#5211,#5212,
#5213,#5214,#5215,#5216),.UNSPECIFIED.,.T.,.F.)
B_SPLINE_CURVE_WITH_KNOTS((3,2,2,2,2,2,3),(0.,0.0334676471190534,7.79239324503307,
15.4846710296006,15.5181386768896,23.2770642748039,30.9693420597115),
 .UNSPECIFIED.)
CURVE()
GEOMETRIC_REPRESENTATION_ITEM()
RATIONAL_B_SPLINE_CURVE((1.,0.999990697254673,1.,0.707106781186548,1.,0.70889027930625,
0.996454724069149,0.998216501880297,1.,0.707106781186547,1.,0.710150236276003,
1.))
REPRESENTATION_ITEM('')
);
#2569=(
BOUNDED_CURVE()
B_SPLINE_CURVE(2,(#5217,#5218,#5219,#5220,#5221,#5222,#5223),
 .UNSPECIFIED.,.F.,.F.)
B_SPLINE_CURVE_WITH_KNOTS((3,2,2,3),(-24.7060898787251,-24.6312292265128,
-18.4734219198847,-12.390475265471),.UNSPECIFIED.)
CURVE()
GEOMETRIC_REPRESENTATION_ITEM()
RATIONAL_B_SPLINE_CURVE((1.,0.999962789191552,1.,0.707106781186546,1.,0.713180478690353,
1.))
REPRESENTATION_ITEM('')
);
#2570=(
BOUNDED_CURVE()
B_SPLINE_CURVE(2,(#5224,#5225,#5226,#5227,#5228,#5229,#5230),
 .UNSPECIFIED.,.F.,.F.)
B_SPLINE_CURVE_WITH_KNOTS((3,2,2,3),(-24.7060898787251,-24.6312292265127,
-18.4734219198846,-12.390475265471),.UNSPECIFIED.)
CURVE()
GEOMETRIC_REPRESENTATION_ITEM()
RATIONAL_B_SPLINE_CURVE((1.,0.999962789191551,1.,0.707106781186544,1.,0.713180478690347,
1.))
REPRESENTATION_ITEM('')
);
#2571=(
BOUNDED_CURVE()
B_SPLINE_CURVE(2,(#5231,#5232,#5233,#5234,#5235,#5236,#5237),
 .UNSPECIFIED.,.F.,.F.)
B_SPLINE_CURVE_WITH_KNOTS((3,2,2,3),(-12.390475265471,-12.3156146132565,
-6.1952376327344,-0.0748606522122819),.UNSPECIFIED.)
CURVE()
GEOMETRIC_REPRESENTATION_ITEM()
RATIONAL_B_SPLINE_CURVE((1.,0.999962789191548,1.,0.710150236285169,1.,0.710150236285169,
1.))
REPRESENTATION_ITEM('')
);
#2572=(
BOUNDED_CURVE()
B_SPLINE_CURVE(2,(#5238,#5239,#5240,#5241,#5242,#5243,#5244),
 .UNSPECIFIED.,.F.,.F.)
B_SPLINE_CURVE_WITH_KNOTS((3,2,2,3),(-12.390475265471,-12.3156146132566,
-6.15780730662824,-0.0748606522122819),.UNSPECIFIED.)
CURVE()
GEOMETRIC_REPRESENTATION_ITEM()
RATIONAL_B_SPLINE_CURVE((1.,0.999962789191548,1.,0.707106781186538,1.,0.713180478690172,
1.))
REPRESENTATION_ITEM('')
);
#2573=(
BOUNDED_CURVE()
B_SPLINE_CURVE(2,(#5245,#5246,#5247,#5248,#5249,#5250,#5251,#5252,#5253,
#5254,#5255,#5256,#5257),.UNSPECIFIED.,.T.,.F.)
B_SPLINE_CURVE_WITH_KNOTS((3,2,2,2,2,2,3),(0.,0.0334676472090365,7.79239324512329,
15.4846710298508,15.5181386770599,23.2770642749742,30.9693420597018),
 .UNSPECIFIED.)
CURVE()
GEOMETRIC_REPRESENTATION_ITEM()
RATIONAL_B_SPLINE_CURVE((1.,0.999990697254626,1.,0.707106781186548,1.,0.708890279301718,
0.996454724078103,0.99821650188483,1.,0.707106781186548,1.,0.710150236283757,
1.))
REPRESENTATION_ITEM('')
);
#2574=(
BOUNDED_CURVE()
B_SPLINE_CURVE(2,(#5258,#5259,#5260,#5261,#5262),.UNSPECIFIED.,.F.,.F.)
B_SPLINE_CURVE_WITH_KNOTS((3,2,3),(-24.6312292265121,-18.473421919884,-12.315614613256),
 .UNSPECIFIED.)
CURVE()
GEOMETRIC_REPRESENTATION_ITEM()
RATIONAL_B_SPLINE_CURVE((1.,0.707106781186577,1.,0.707106781186582,1.))
REPRESENTATION_ITEM('')
);
#2575=(
BOUNDED_CURVE()
B_SPLINE_CURVE(2,(#5263,#5264,#5265,#5266,#5267),.UNSPECIFIED.,.F.,.F.)
B_SPLINE_CURVE_WITH_KNOTS((3,2,3),(-24.6312292265121,-18.473421919884,-12.315614613256),
 .UNSPECIFIED.)
CURVE()
GEOMETRIC_REPRESENTATION_ITEM()
RATIONAL_B_SPLINE_CURVE((1.,0.707106781186565,1.,0.707106781186574,1.))
REPRESENTATION_ITEM('')
);
#2576=(
BOUNDED_CURVE()
B_SPLINE_CURVE(2,(#5268,#5269,#5270,#5271,#5272),.UNSPECIFIED.,.F.,.F.)
B_SPLINE_CURVE_WITH_KNOTS((3,2,3),(-12.315614613256,-6.15780730662799,0.),
 .UNSPECIFIED.)
CURVE()
GEOMETRIC_REPRESENTATION_ITEM()
RATIONAL_B_SPLINE_CURVE((1.,0.707106781186566,1.,0.70710678118657,1.))
REPRESENTATION_ITEM('')
);
#2577=(
BOUNDED_CURVE()
B_SPLINE_CURVE(2,(#5273,#5274,#5275,#5276,#5277),.UNSPECIFIED.,.F.,.F.)
B_SPLINE_CURVE_WITH_KNOTS((3,2,3),(-12.315614613256,-6.15780730662793,0.),
 .UNSPECIFIED.)
CURVE()
GEOMETRIC_REPRESENTATION_ITEM()
RATIONAL_B_SPLINE_CURVE((1.,0.70710678118656,1.,0.707106781186569,1.))
REPRESENTATION_ITEM('')
);
#2578=(
BOUNDED_CURVE()
B_SPLINE_CURVE(2,(#5278,#5279,#5280,#5281,#5282,#5283,#5284,#5285,#5286,
#5287,#5288,#5289,#5290),.UNSPECIFIED.,.T.,.F.)
B_SPLINE_CURVE_WITH_KNOTS((3,2,2,2,2,2,3),(0.,0.0334676472090862,7.79239324512343,
15.4846710285309,15.5181386764099,23.2770642743241,30.9693420590517),
 .UNSPECIFIED.)
CURVE()
GEOMETRIC_REPRESENTATION_ITEM()
RATIONAL_B_SPLINE_CURVE((1.,0.999990697254626,1.,0.707106781186548,1.,0.708890279337348,
0.996454724007711,0.9982165018492,1.,0.707106781186547,1.,0.71015023628369,
1.))
REPRESENTATION_ITEM('')
);
#2579=(
BOUNDED_CURVE()
B_SPLINE_CURVE(2,(#5291,#5292,#5293,#5294,#5295,#5296,#5297),
 .UNSPECIFIED.,.F.,.F.)
B_SPLINE_CURVE_WITH_KNOTS((3,2,2,3),(-24.7060898787248,-24.6312292265128,
-18.4734219198846,-12.3904752654712),.UNSPECIFIED.)
CURVE()
GEOMETRIC_REPRESENTATION_ITEM()
RATIONAL_B_SPLINE_CURVE((1.,0.999962789191551,1.,0.707106781186551,1.,0.713180478690374,
1.))
REPRESENTATION_ITEM('')
);
#2580=(
BOUNDED_CURVE()
B_SPLINE_CURVE(2,(#5298,#5299,#5300,#5301,#5302,#5303,#5304),
 .UNSPECIFIED.,.F.,.F.)
B_SPLINE_CURVE_WITH_KNOTS((3,2,2,3),(-24.7060898787248,-24.6312292265128,
-18.4734219198846,-12.3904752654712),.UNSPECIFIED.)
CURVE()
GEOMETRIC_REPRESENTATION_ITEM()
RATIONAL_B_SPLINE_CURVE((1.,0.999962789191551,1.,0.707106781186556,1.,0.713180478690384,
1.))
REPRESENTATION_ITEM('')
);
#2581=(
BOUNDED_CURVE()
B_SPLINE_CURVE(2,(#5305,#5306,#5307,#5308,#5309,#5310,#5311),
 .UNSPECIFIED.,.F.,.F.)
B_SPLINE_CURVE_WITH_KNOTS((3,2,2,3),(-12.3904752654712,-12.3156146132565,
-6.19523763273422,-0.0748606522119836),.UNSPECIFIED.)
CURVE()
GEOMETRIC_REPRESENTATION_ITEM()
RATIONAL_B_SPLINE_CURVE((1.,0.999962789191548,1.,0.710150236285172,1.,0.710150236285172,
1.))
REPRESENTATION_ITEM('')
);
#2582=(
BOUNDED_CURVE()
B_SPLINE_CURVE(2,(#5312,#5313,#5314,#5315,#5316,#5317,#5318),
 .UNSPECIFIED.,.F.,.F.)
B_SPLINE_CURVE_WITH_KNOTS((3,2,2,3),(-12.3904752654712,-12.3156146132564,
-6.15780730662822,-0.0748606522119836),.UNSPECIFIED.)
CURVE()
GEOMETRIC_REPRESENTATION_ITEM()
RATIONAL_B_SPLINE_CURVE((1.,0.999962789191548,1.,0.707106781186552,1.,0.713180478690154,
1.))
REPRESENTATION_ITEM('')
);
#2583=(
BOUNDED_CURVE()
B_SPLINE_CURVE(1,(#5319,#5320),.UNSPECIFIED.,.F.,.F.)
B_SPLINE_CURVE_WITH_KNOTS((2,2),(0.,20.079401205099),.UNSPECIFIED.)
CURVE()
GEOMETRIC_REPRESENTATION_ITEM()
RATIONAL_B_SPLINE_CURVE((1.,1.))
REPRESENTATION_ITEM('')
);
#2584=(
BOUNDED_CURVE()
B_SPLINE_CURVE(1,(#5339,#5340),.UNSPECIFIED.,.F.,.F.)
B_SPLINE_CURVE_WITH_KNOTS((2,2),(104.481843899449,109.561245104548),
 .UNSPECIFIED.)
CURVE()
GEOMETRIC_REPRESENTATION_ITEM()
RATIONAL_B_SPLINE_CURVE((1.,1.))
REPRESENTATION_ITEM('')
);
#2585=(
BOUNDED_CURVE()
B_SPLINE_CURVE(2,(#5343,#5344,#5345,#5346,#5347),.UNSPECIFIED.,.F.,.F.)
B_SPLINE_CURVE_WITH_KNOTS((3,2,3),(0.,4.83633054917987,9.67266109835974),
 .UNSPECIFIED.)
CURVE()
GEOMETRIC_REPRESENTATION_ITEM()
RATIONAL_B_SPLINE_CURVE((1.,0.707106781186548,1.,0.707106781186548,1.))
REPRESENTATION_ITEM('')
);
#2586=(
BOUNDED_CURVE()
B_SPLINE_CURVE(1,(#5350,#5351),.UNSPECIFIED.,.F.,.F.)
B_SPLINE_CURVE_WITH_KNOTS((2,2),(-109.561245104548,-104.481843899449),
 .UNSPECIFIED.)
CURVE()
GEOMETRIC_REPRESENTATION_ITEM()
RATIONAL_B_SPLINE_CURVE((1.,1.))
REPRESENTATION_ITEM('')
);
#2587=(
BOUNDED_CURVE()
B_SPLINE_CURVE(2,(#5354,#5355,#5356,#5357,#5358),.UNSPECIFIED.,.F.,.F.)
B_SPLINE_CURVE_WITH_KNOTS((3,2,3),(-19.3453221967195,-14.5089916475396,
-9.67266109835974),.UNSPECIFIED.)
CURVE()
GEOMETRIC_REPRESENTATION_ITEM()
RATIONAL_B_SPLINE_CURVE((1.,0.707106781186548,1.,0.707106781186548,1.))
REPRESENTATION_ITEM('')
);
#2588=(
BOUNDED_CURVE()
B_SPLINE_CURVE(2,(#5359,#5360,#5361,#5362,#5363),.UNSPECIFIED.,.F.,.F.)
B_SPLINE_CURVE_WITH_KNOTS((3,2,3),(-19.3453221967195,-14.5089916475396,
-9.67266109835974),.UNSPECIFIED.)
CURVE()
GEOMETRIC_REPRESENTATION_ITEM()
RATIONAL_B_SPLINE_CURVE((1.,0.707106781186548,1.,0.707106781186548,1.))
REPRESENTATION_ITEM('')
);
#2589=(
BOUNDED_CURVE()
B_SPLINE_CURVE(2,(#5364,#5365,#5366,#5367,#5368),.UNSPECIFIED.,.F.,.F.)
B_SPLINE_CURVE_WITH_KNOTS((3,2,3),(0.,4.83633054917987,9.67266109835974),
 .UNSPECIFIED.)
CURVE()
GEOMETRIC_REPRESENTATION_ITEM()
RATIONAL_B_SPLINE_CURVE((1.,0.707106781186548,1.,0.707106781186548,1.))
REPRESENTATION_ITEM('')
);
#2590=(
BOUNDED_CURVE()
B_SPLINE_CURVE(2,(#5369,#5370,#5371,#5372,#5373),.UNSPECIFIED.,.F.,.F.)
B_SPLINE_CURVE_WITH_KNOTS((3,2,3),(1.57079630916536,3.14159265358558,4.71238899800579),
 .UNSPECIFIED.)
CURVE()
GEOMETRIC_REPRESENTATION_ITEM()
RATIONAL_B_SPLINE_CURVE((1.,0.707106775576277,1.,0.707106775576277,1.))
REPRESENTATION_ITEM('')
);
#2591=(
BOUNDED_CURVE()
B_SPLINE_CURVE(2,(#5374,#5375,#5376,#5377,#5378),.UNSPECIFIED.,.F.,.F.)
B_SPLINE_CURVE_WITH_KNOTS((3,2,3),(1.57079634441599,3.14159265358557,4.71238896275515),
 .UNSPECIFIED.)
CURVE()
GEOMETRIC_REPRESENTATION_ITEM()
RATIONAL_B_SPLINE_CURVE((1.,0.707106786796897,1.,0.707106786796897,1.))
REPRESENTATION_ITEM('')
);
#2592=(
BOUNDED_CURVE()
B_SPLINE_CURVE(1,(#5382,#5383),.UNSPECIFIED.,.F.,.F.)
B_SPLINE_CURVE_WITH_KNOTS((2,2),(104.481843899449,109.561245104548),
 .UNSPECIFIED.)
CURVE()
GEOMETRIC_REPRESENTATION_ITEM()
RATIONAL_B_SPLINE_CURVE((1.,1.))
REPRESENTATION_ITEM('')
);
#2593=(
BOUNDED_CURVE()
B_SPLINE_CURVE(2,(#5386,#5387,#5388,#5389,#5390),.UNSPECIFIED.,.F.,.F.)
B_SPLINE_CURVE_WITH_KNOTS((3,2,3),(0.,4.83633054917987,9.67266109835974),
 .UNSPECIFIED.)
CURVE()
GEOMETRIC_REPRESENTATION_ITEM()
RATIONAL_B_SPLINE_CURVE((1.,0.707106781186548,1.,0.707106781186548,1.))
REPRESENTATION_ITEM('')
);
#2594=(
BOUNDED_CURVE()
B_SPLINE_CURVE(1,(#5393,#5394),.UNSPECIFIED.,.F.,.F.)
B_SPLINE_CURVE_WITH_KNOTS((2,2),(-109.561245104548,-104.481843899449),
 .UNSPECIFIED.)
CURVE()
GEOMETRIC_REPRESENTATION_ITEM()
RATIONAL_B_SPLINE_CURVE((1.,1.))
REPRESENTATION_ITEM('')
);
#2595=(
BOUNDED_CURVE()
B_SPLINE_CURVE(2,(#5397,#5398,#5399,#5400,#5401),.UNSPECIFIED.,.F.,.F.)
B_SPLINE_CURVE_WITH_KNOTS((3,2,3),(-19.3453221967195,-14.5089916475396,
-9.67266109835974),.UNSPECIFIED.)
CURVE()
GEOMETRIC_REPRESENTATION_ITEM()
RATIONAL_B_SPLINE_CURVE((1.,0.707106781186548,1.,0.707106781186548,1.))
REPRESENTATION_ITEM('')
);
#2596=(
BOUNDED_CURVE()
B_SPLINE_CURVE(2,(#5402,#5403,#5404,#5405,#5406),.UNSPECIFIED.,.F.,.F.)
B_SPLINE_CURVE_WITH_KNOTS((3,2,3),(-19.3453221967195,-14.5089916475396,
-9.67266109835974),.UNSPECIFIED.)
CURVE()
GEOMETRIC_REPRESENTATION_ITEM()
RATIONAL_B_SPLINE_CURVE((1.,0.707106781186548,1.,0.707106781186548,1.))
REPRESENTATION_ITEM('')
);
#2597=(
BOUNDED_CURVE()
B_SPLINE_CURVE(2,(#5407,#5408,#5409,#5410,#5411),.UNSPECIFIED.,.F.,.F.)
B_SPLINE_CURVE_WITH_KNOTS((3,2,3),(0.,4.83633054917987,9.67266109835974),
 .UNSPECIFIED.)
CURVE()
GEOMETRIC_REPRESENTATION_ITEM()
RATIONAL_B_SPLINE_CURVE((1.,0.707106781186548,1.,0.707106781186548,1.))
REPRESENTATION_ITEM('')
);
#2598=(
BOUNDED_CURVE()
B_SPLINE_CURVE(2,(#5412,#5413,#5414,#5415,#5416),.UNSPECIFIED.,.F.,.F.)
B_SPLINE_CURVE_WITH_KNOTS((3,2,3),(1.57079634441697,3.14159265358609,4.7123889627552),
 .UNSPECIFIED.)
CURVE()
GEOMETRIC_REPRESENTATION_ITEM()
RATIONAL_B_SPLINE_CURVE((1.,0.707106786796772,1.,0.707106786796772,1.))
REPRESENTATION_ITEM('')
);
#2599=(
BOUNDED_CURVE()
B_SPLINE_CURVE(2,(#5417,#5418,#5419,#5420,#5421),.UNSPECIFIED.,.F.,.F.)
B_SPLINE_CURVE_WITH_KNOTS((3,2,3),(1.57079630916649,3.14159265358611,4.71238899800572),
 .UNSPECIFIED.)
CURVE()
GEOMETRIC_REPRESENTATION_ITEM()
RATIONAL_B_SPLINE_CURVE((1.,0.707106775576182,1.,0.707106775576182,1.))
REPRESENTATION_ITEM('')
);
#2600=(
BOUNDED_CURVE()
B_SPLINE_CURVE(2,(#5422,#5423,#5424,#5425,#5426),.UNSPECIFIED.,.F.,.F.)
B_SPLINE_CURVE_WITH_KNOTS((3,2,3),(-19.3453221967195,-14.5089916475396,
-9.67266109835974),.UNSPECIFIED.)
CURVE()
GEOMETRIC_REPRESENTATION_ITEM()
RATIONAL_B_SPLINE_CURVE((1.,0.707106781186548,1.,0.707106781186548,1.))
REPRESENTATION_ITEM('')
);
#2601=(
BOUNDED_CURVE()
B_SPLINE_CURVE(2,(#5427,#5428,#5429,#5430,#5431),.UNSPECIFIED.,.F.,.F.)
B_SPLINE_CURVE_WITH_KNOTS((3,2,3),(-19.3453221967195,-14.5089916475396,
-9.67266109835974),.UNSPECIFIED.)
CURVE()
GEOMETRIC_REPRESENTATION_ITEM()
RATIONAL_B_SPLINE_CURVE((1.,0.707106781186548,1.,0.707106781186548,1.))
REPRESENTATION_ITEM('')
);
#2602=(
BOUNDED_CURVE()
B_SPLINE_CURVE(2,(#5432,#5433,#5434,#5435,#5436),.UNSPECIFIED.,.F.,.F.)
B_SPLINE_CURVE_WITH_KNOTS((3,2,3),(-9.67266109835974,-4.83633054917987,
0.),.UNSPECIFIED.)
CURVE()
GEOMETRIC_REPRESENTATION_ITEM()
RATIONAL_B_SPLINE_CURVE((1.,0.707106781186548,1.,0.707106781186548,1.))
REPRESENTATION_ITEM('')
);
#2603=(
BOUNDED_CURVE()
B_SPLINE_CURVE(2,(#5437,#5438,#5439,#5440,#5441),.UNSPECIFIED.,.F.,.F.)
B_SPLINE_CURVE_WITH_KNOTS((3,2,3),(-9.67266109835974,-4.83633054917987,
0.),.UNSPECIFIED.)
CURVE()
GEOMETRIC_REPRESENTATION_ITEM()
RATIONAL_B_SPLINE_CURVE((1.,0.707106781186548,1.,0.707106781186548,1.))
REPRESENTATION_ITEM('')
);
#2604=(
BOUNDED_CURVE()
B_SPLINE_CURVE(2,(#5442,#5443,#5444,#5445,#5446),.UNSPECIFIED.,.F.,.F.)
B_SPLINE_CURVE_WITH_KNOTS((3,2,3),(1.57079634443607,3.14159265358529,4.71238896273451),
 .UNSPECIFIED.)
CURVE()
GEOMETRIC_REPRESENTATION_ITEM()
RATIONAL_B_SPLINE_CURVE((1.,0.707106786803343,1.,0.707106786803343,1.))
REPRESENTATION_ITEM('')
);
#2605=(
BOUNDED_CURVE()
B_SPLINE_CURVE(2,(#5447,#5448,#5449,#5450,#5451),.UNSPECIFIED.,.F.,.F.)
B_SPLINE_CURVE_WITH_KNOTS((3,2,3),(1.57079630914473,3.14159265358476,4.71238899802478),
 .UNSPECIFIED.)
CURVE()
GEOMETRIC_REPRESENTATION_ITEM()
RATIONAL_B_SPLINE_CURVE((1.,0.707106775569749,1.,0.707106775569749,1.))
REPRESENTATION_ITEM('')
);
#2606=(
BOUNDED_CURVE()
B_SPLINE_CURVE(1,(#5455,#5456),.UNSPECIFIED.,.F.,.F.)
B_SPLINE_CURVE_WITH_KNOTS((2,2),(104.481843899449,109.561245104548),
 .UNSPECIFIED.)
CURVE()
GEOMETRIC_REPRESENTATION_ITEM()
RATIONAL_B_SPLINE_CURVE((1.,1.))
REPRESENTATION_ITEM('')
);
#2607=(
BOUNDED_CURVE()
B_SPLINE_CURVE(1,(#5461,#5462),.UNSPECIFIED.,.F.,.F.)
B_SPLINE_CURVE_WITH_KNOTS((2,2),(-109.561245104548,-104.481843899449),
 .UNSPECIFIED.)
CURVE()
GEOMETRIC_REPRESENTATION_ITEM()
RATIONAL_B_SPLINE_CURVE((1.,1.))
REPRESENTATION_ITEM('')
);
#2608=(
BOUNDED_CURVE()
B_SPLINE_CURVE(1,(#5467,#5468),.UNSPECIFIED.,.F.,.F.)
B_SPLINE_CURVE_WITH_KNOTS((2,2),(104.481843899449,109.561245104548),
 .UNSPECIFIED.)
CURVE()
GEOMETRIC_REPRESENTATION_ITEM()
RATIONAL_B_SPLINE_CURVE((1.,1.))
REPRESENTATION_ITEM('')
);
#2609=(
BOUNDED_CURVE()
B_SPLINE_CURVE(2,(#5471,#5472,#5473,#5474,#5475),.UNSPECIFIED.,.F.,.F.)
B_SPLINE_CURVE_WITH_KNOTS((3,2,3),(0.,4.83633054917987,9.67266109835974),
 .UNSPECIFIED.)
CURVE()
GEOMETRIC_REPRESENTATION_ITEM()
RATIONAL_B_SPLINE_CURVE((1.,0.707106781186548,1.,0.707106781186548,1.))
REPRESENTATION_ITEM('')
);
#2610=(
BOUNDED_CURVE()
B_SPLINE_CURVE(1,(#5478,#5479),.UNSPECIFIED.,.F.,.F.)
B_SPLINE_CURVE_WITH_KNOTS((2,2),(-109.561245104548,-104.481843899449),
 .UNSPECIFIED.)
CURVE()
GEOMETRIC_REPRESENTATION_ITEM()
RATIONAL_B_SPLINE_CURVE((1.,1.))
REPRESENTATION_ITEM('')
);
#2611=(
BOUNDED_CURVE()
B_SPLINE_CURVE(2,(#5482,#5483,#5484,#5485,#5486),.UNSPECIFIED.,.F.,.F.)
B_SPLINE_CURVE_WITH_KNOTS((3,2,3),(-19.3453221967195,-14.5089916475396,
-9.67266109835974),.UNSPECIFIED.)
CURVE()
GEOMETRIC_REPRESENTATION_ITEM()
RATIONAL_B_SPLINE_CURVE((1.,0.707106781186548,1.,0.707106781186548,1.))
REPRESENTATION_ITEM('')
);
#2612=(
BOUNDED_CURVE()
B_SPLINE_CURVE(2,(#5487,#5488,#5489,#5490,#5491),.UNSPECIFIED.,.F.,.F.)
B_SPLINE_CURVE_WITH_KNOTS((3,2,3),(-19.3453221967195,-14.5089916475396,
-9.67266109835974),.UNSPECIFIED.)
CURVE()
GEOMETRIC_REPRESENTATION_ITEM()
RATIONAL_B_SPLINE_CURVE((1.,0.707106781186548,1.,0.707106781186548,1.))
REPRESENTATION_ITEM('')
);
#2613=(
BOUNDED_CURVE()
B_SPLINE_CURVE(2,(#5492,#5493,#5494,#5495,#5496),.UNSPECIFIED.,.F.,.F.)
B_SPLINE_CURVE_WITH_KNOTS((3,2,3),(0.,4.83633054917987,9.67266109835974),
 .UNSPECIFIED.)
CURVE()
GEOMETRIC_REPRESENTATION_ITEM()
RATIONAL_B_SPLINE_CURVE((1.,0.707106781186548,1.,0.707106781186548,1.))
REPRESENTATION_ITEM('')
);
#2614=(
BOUNDED_CURVE()
B_SPLINE_CURVE(2,(#5497,#5498,#5499,#5500,#5501),.UNSPECIFIED.,.F.,.F.)
B_SPLINE_CURVE_WITH_KNOTS((3,2,3),(1.57079630914738,3.14159265358662,4.71238899802587),
 .UNSPECIFIED.)
CURVE()
GEOMETRIC_REPRESENTATION_ITEM()
RATIONAL_B_SPLINE_CURVE((1.,0.707106775570113,1.,0.707106775570113,1.))
REPRESENTATION_ITEM('')
);
#2615=(
BOUNDED_CURVE()
B_SPLINE_CURVE(2,(#5502,#5503,#5504,#5505,#5506),.UNSPECIFIED.,.F.,.F.)
B_SPLINE_CURVE_WITH_KNOTS((3,2,3),(1.57079634443607,3.14159265358662,4.71238896273717),
 .UNSPECIFIED.)
CURVE()
GEOMETRIC_REPRESENTATION_ITEM()
RATIONAL_B_SPLINE_CURVE((1.,0.707106786803005,1.,0.707106786803005,1.))
REPRESENTATION_ITEM('')
);
#2616=VERTEX_POINT('',#3620);
#2617=VERTEX_POINT('',#3621);
#2618=VERTEX_POINT('',#3622);
#2619=VERTEX_POINT('',#3623);
#2620=VERTEX_POINT('',#3624);
#2621=VERTEX_POINT('',#3625);
#2622=VERTEX_POINT('',#3626);
#2623=VERTEX_POINT('',#3627);
#2624=VERTEX_POINT('',#3628);
#2625=VERTEX_POINT('',#3629);
#2626=VERTEX_POINT('',#3630);
#2627=VERTEX_POINT('',#3631);
#2628=VERTEX_POINT('',#3632);
#2629=VERTEX_POINT('',#3633);
#2630=VERTEX_POINT('',#3634);
#2631=VERTEX_POINT('',#3635);
#2632=VERTEX_POINT('',#3636);
#2633=VERTEX_POINT('',#3637);
#2634=VERTEX_POINT('',#3638);
#2635=VERTEX_POINT('',#3639);
#2636=VERTEX_POINT('',#3640);
#2637=VERTEX_POINT('',#3641);
#2638=VERTEX_POINT('',#3642);
#2639=VERTEX_POINT('',#3643);
#2640=VERTEX_POINT('',#3644);
#2641=VERTEX_POINT('',#3645);
#2642=VERTEX_POINT('',#3646);
#2643=VERTEX_POINT('',#3647);
#2644=VERTEX_POINT('',#3648);
#2645=VERTEX_POINT('',#3649);
#2646=VERTEX_POINT('',#3650);
#2647=VERTEX_POINT('',#3651);
#2648=VERTEX_POINT('',#3652);
#2649=VERTEX_POINT('',#3653);
#2650=VERTEX_POINT('',#3654);
#2651=VERTEX_POINT('',#3655);
#2652=VERTEX_POINT('',#3656);
#2653=VERTEX_POINT('',#3657);
#2654=VERTEX_POINT('',#3658);
#2655=VERTEX_POINT('',#3659);
#2656=VERTEX_POINT('',#3660);
#2657=VERTEX_POINT('',#3661);
#2658=VERTEX_POINT('',#3662);
#2659=VERTEX_POINT('',#3663);
#2660=VERTEX_POINT('',#3664);
#2661=VERTEX_POINT('',#3665);
#2662=VERTEX_POINT('',#3666);
#2663=VERTEX_POINT('',#3667);
#2664=VERTEX_POINT('',#3668);
#2665=VERTEX_POINT('',#3669);
#2666=VERTEX_POINT('',#3670);
#2667=VERTEX_POINT('',#3671);
#2668=VERTEX_POINT('',#3672);
#2669=VERTEX_POINT('',#3673);
#2670=VERTEX_POINT('',#3674);
#2671=VERTEX_POINT('',#3675);
#2672=VERTEX_POINT('',#3676);
#2673=VERTEX_POINT('',#3677);
#2674=VERTEX_POINT('',#3678);
#2675=VERTEX_POINT('',#3679);
#2676=VERTEX_POINT('',#3680);
#2677=VERTEX_POINT('',#3681);
#2678=VERTEX_POINT('',#3682);
#2679=VERTEX_POINT('',#3683);
#2680=VERTEX_POINT('',#3684);
#2681=VERTEX_POINT('',#3685);
#2682=VERTEX_POINT('',#3686);
#2683=VERTEX_POINT('',#3687);
#2684=VERTEX_POINT('',#3688);
#2685=VERTEX_POINT('',#3689);
#2686=VERTEX_POINT('',#3690);
#2687=VERTEX_POINT('',#3691);
#2688=VERTEX_POINT('',#3692);
#2689=VERTEX_POINT('',#3693);
#2690=VERTEX_POINT('',#3694);
#2691=VERTEX_POINT('',#3695);
#2692=VERTEX_POINT('',#3696);
#2693=VERTEX_POINT('',#3697);
#2694=VERTEX_POINT('',#3698);
#2695=VERTEX_POINT('',#3699);
#2696=VERTEX_POINT('',#3700);
#2697=VERTEX_POINT('',#3701);
#2698=VERTEX_POINT('',#3702);
#2699=VERTEX_POINT('',#3703);
#2700=VERTEX_POINT('',#3704);
#2701=VERTEX_POINT('',#3705);
#2702=VERTEX_POINT('',#3706);
#2703=VERTEX_POINT('',#3707);
#2704=VERTEX_POINT('',#3708);
#2705=VERTEX_POINT('',#3709);
#2706=VERTEX_POINT('',#3710);
#2707=VERTEX_POINT('',#3711);
#2708=VERTEX_POINT('',#3712);
#2709=VERTEX_POINT('',#3713);
#2710=VERTEX_POINT('',#3714);
#2711=VERTEX_POINT('',#3715);
#2712=VERTEX_POINT('',#3716);
#2713=VERTEX_POINT('',#3717);
#2714=VERTEX_POINT('',#3718);
#2715=VERTEX_POINT('',#3719);
#2716=VERTEX_POINT('',#3720);
#2717=VERTEX_POINT('',#3721);
#2718=VERTEX_POINT('',#3722);
#2719=VERTEX_POINT('',#3723);
#2720=VERTEX_POINT('',#3724);
#2721=VERTEX_POINT('',#3725);
#2722=VERTEX_POINT('',#3726);
#2723=VERTEX_POINT('',#3727);
#2724=VERTEX_POINT('',#3728);
#2725=VERTEX_POINT('',#3729);
#2726=VERTEX_POINT('',#3730);
#2727=VERTEX_POINT('',#3731);
#2728=VERTEX_POINT('',#3732);
#2729=VERTEX_POINT('',#3733);
#2730=VERTEX_POINT('',#3734);
#2731=VERTEX_POINT('',#3735);
#2732=VERTEX_POINT('',#3736);
#2733=VERTEX_POINT('',#3737);
#2734=VERTEX_POINT('',#3738);
#2735=VERTEX_POINT('',#3739);
#2736=VERTEX_POINT('',#3740);
#2737=VERTEX_POINT('',#3741);
#2738=VERTEX_POINT('',#3742);
#2739=VERTEX_POINT('',#3743);
#2740=VERTEX_POINT('',#3744);
#2741=VERTEX_POINT('',#3745);
#2742=VERTEX_POINT('',#3746);
#2743=VERTEX_POINT('',#3747);
#2744=VERTEX_POINT('',#3748);
#2745=VERTEX_POINT('',#3749);
#2746=VERTEX_POINT('',#3750);
#2747=VERTEX_POINT('',#3751);
#2748=VERTEX_POINT('',#3752);
#2749=VERTEX_POINT('',#3753);
#2750=B_SPLINE_SURFACE_WITH_KNOTS('',1,1,((#2964,#2965),(#2966,#2967)),
 .UNSPECIFIED.,.F.,.F.,.F.,(2,2),(2,2),(-27.076011563556,27.076011563556),
(-4.96764072305949,4.9676407230595),.UNSPECIFIED.);
#2751=B_SPLINE_SURFACE_WITH_KNOTS('',1,1,((#2968,#2969),(#2970,#2971)),
 .UNSPECIFIED.,.F.,.F.,.F.,(2,2),(2,2),(-27.076011563556,27.076011563556),
(-4.96764072305949,4.9676407230595),.UNSPECIFIED.);
#2752=B_SPLINE_SURFACE_WITH_KNOTS('',1,1,((#2972,#2973),(#2974,#2975)),
 .UNSPECIFIED.,.F.,.F.,.F.,(2,2),(2,2),(-7.32000000000001,7.31999999999999),
(-6.12489827575211,6.12489827575211),.UNSPECIFIED.);
#2753=B_SPLINE_SURFACE_WITH_KNOTS('',1,1,((#2976,#2977),(#2978,#2979)),
 .UNSPECIFIED.,.F.,.F.,.F.,(2,2),(2,2),(-6.12489827575212,6.12489827575212),
(-5.731999556262,5.731999556262),.UNSPECIFIED.);
#2754=B_SPLINE_SURFACE_WITH_KNOTS('',1,1,((#2980,#2981),(#2982,#2983)),
 .UNSPECIFIED.,.F.,.F.,.F.,(2,2),(2,2),(-5.73199955626203,5.73199955626197),
(-7.31999999999998,7.32000000000003),.UNSPECIFIED.);
#2755=B_SPLINE_SURFACE_WITH_KNOTS('',1,1,((#2984,#2985),(#2986,#2987)),
 .UNSPECIFIED.,.F.,.F.,.F.,(2,2),(2,2),(-6.124898275746,6.12489827574601),
(-5.731999556262,5.731999556262),.UNSPECIFIED.);
#2756=B_SPLINE_SURFACE_WITH_KNOTS('',1,1,((#2988,#2989),(#2990,#2991)),
 .UNSPECIFIED.,.F.,.F.,.F.,(2,2),(2,2),(-7.32000000000001,7.31999999999999),
(-6.12489827574601,6.124898275746),.UNSPECIFIED.);
#2757=B_SPLINE_SURFACE_WITH_KNOTS('',1,1,((#2992,#2993),(#2994,#2995)),
 .UNSPECIFIED.,.F.,.F.,.F.,(2,2),(2,2),(-5.73199955626197,5.73199955626203),
(-7.31999999999998,7.32000000000003),.UNSPECIFIED.);
#2758=B_SPLINE_SURFACE_WITH_KNOTS('',1,1,((#2996,#2997),(#2998,#2999)),
 .UNSPECIFIED.,.F.,.F.,.F.,(2,2),(2,2),(11.6122623962265,15.0745468578272),
(0.,1651.64727444472),.UNSPECIFIED.);
#2759=B_SPLINE_SURFACE_WITH_KNOTS('',1,1,((#3000,#3001),(#3002,#3003)),
 .UNSPECIFIED.,.F.,.F.,.F.,(2,2),(2,2),(15.0745468578272,26.6868092540536),
(0.,1651.64727444472),.UNSPECIFIED.);
#2760=B_SPLINE_SURFACE_WITH_KNOTS('',1,1,((#3004,#3005),(#3006,#3007)),
 .UNSPECIFIED.,.F.,.F.,.F.,(2,2),(2,2),(26.6868092540536,30.1490937156543),
(0.,1651.64727444472),.UNSPECIFIED.);
#2761=B_SPLINE_SURFACE_WITH_KNOTS('',1,1,((#3008,#3009),(#3010,#3011)),
 .UNSPECIFIED.,.F.,.F.,.F.,(2,2),(2,2),(-7.08735743773804,7.08735743773798),
(-2.19737067696001,2.19737067696001),.UNSPECIFIED.);
#2762=B_SPLINE_SURFACE_WITH_KNOTS('',1,1,((#3012,#3013),(#3014,#3015)),
 .UNSPECIFIED.,.F.,.F.,.F.,(2,2),(2,2),(-7.08735743773801,7.08735743773801),
(-2.19737067696001,2.19737067696001),.UNSPECIFIED.);
#2763=B_SPLINE_SURFACE_WITH_KNOTS('',1,1,((#3016,#3017),(#3018,#3019)),
 .UNSPECIFIED.,.F.,.F.,.F.,(2,2),(2,2),(0.,3.46228446160069),(0.,1651.64727444472),
 .UNSPECIFIED.);
#2764=B_SPLINE_SURFACE_WITH_KNOTS('',1,1,((#3020,#3021),(#3022,#3023)),
 .UNSPECIFIED.,.F.,.F.,.F.,(2,2),(2,2),(3.46228446160069,15.0745468578272),
(0.,1651.64727444472),.UNSPECIFIED.);
#2765=B_SPLINE_SURFACE_WITH_KNOTS('',1,1,((#3024,#3025),(#3026,#3027)),
 .UNSPECIFIED.,.F.,.F.,.F.,(2,2),(2,2),(15.0745468578272,18.5368313194278),
(0.,1651.64727444472),.UNSPECIFIED.);
#2766=B_SPLINE_SURFACE_WITH_KNOTS('',1,1,((#3028,#3029),(#3030,#3031)),
 .UNSPECIFIED.,.F.,.F.,.F.,(2,2),(2,2),(-7.08735743773801,7.08735743773801),
(-2.19737067696001,2.19737067696001),.UNSPECIFIED.);
#2767=B_SPLINE_SURFACE_WITH_KNOTS('',1,1,((#3032,#3033),(#3034,#3035)),
 .UNSPECIFIED.,.F.,.F.,.F.,(2,2),(2,2),(-7.08735743773804,7.08735743773798),
(-2.19737067696001,2.19737067696001),.UNSPECIFIED.);
#2768=B_SPLINE_SURFACE_WITH_KNOTS('',1,1,((#3036,#3037),(#3038,#3039)),
 .UNSPECIFIED.,.F.,.F.,.F.,(2,2),(2,2),(-11.4,11.4),(-1.28160984851399,
1.28160984851402),.UNSPECIFIED.);
#2769=B_SPLINE_SURFACE_WITH_KNOTS('',1,1,((#3040,#3041),(#3042,#3043)),
 .UNSPECIFIED.,.F.,.F.,.F.,(2,2),(2,2),(-27.0097965514981,27.0097965514981),
(-17.234174125596,17.234174125596),.UNSPECIFIED.);
#2770=B_SPLINE_SURFACE_WITH_KNOTS('',1,1,((#3062,#3063),(#3064,#3065)),
 .UNSPECIFIED.,.F.,.F.,.F.,(2,2),(2,2),(-14.702317430412,14.702317430412),
(-14.704634860692,14.704634860692),.UNSPECIFIED.);
#2771=B_SPLINE_SURFACE_WITH_KNOTS('',1,1,((#3066,#3067),(#3068,#3069)),
 .UNSPECIFIED.,.F.,.F.,.F.,(2,2),(2,2),(-11.1000000000968,11.1000000000968),
(-11.1000000000965,11.1000000000965),.UNSPECIFIED.);
#2772=B_SPLINE_SURFACE_WITH_KNOTS('',1,1,((#3070,#3071),(#3072,#3073)),
 .UNSPECIFIED.,.F.,.F.,.F.,(2,2),(2,2),(-13.7513626615829,13.7513626615829),
(-12.1676407230595,12.1676407230595),.UNSPECIFIED.);
#2773=B_SPLINE_SURFACE_WITH_KNOTS('',1,1,((#3128,#3129),(#3130,#3131)),
 .UNSPECIFIED.,.F.,.F.,.F.,(2,2),(2,2),(-13.7513626615906,13.7513626615905),
(-12.1676407230595,12.1676407230595),.UNSPECIFIED.);
#2774=B_SPLINE_SURFACE_WITH_KNOTS('',1,1,((#3132,#3133),(#3134,#3135)),
 .UNSPECIFIED.,.F.,.F.,.F.,(2,2),(2,2),(-27.0097965514981,27.0097965514981),
(-17.234174125596,17.234174125596),.UNSPECIFIED.);
#2775=B_SPLINE_SURFACE_WITH_KNOTS('',1,1,((#3136,#3137),(#3138,#3139)),
 .UNSPECIFIED.,.F.,.F.,.F.,(2,2),(2,2),(-4.9676407230595,4.96764072305949),
(-11.4,11.4),.UNSPECIFIED.);
#2776=B_SPLINE_SURFACE_WITH_KNOTS('',1,1,((#3158,#3159),(#3160,#3161)),
 .UNSPECIFIED.,.F.,.F.,.F.,(2,2),(2,2),(-4.96764072305949,4.9676407230595),
(-13.7172988265762,13.7172988265762),.UNSPECIFIED.);
#2777=B_SPLINE_SURFACE_WITH_KNOTS('',1,1,((#3180,#3181),(#3182,#3183)),
 .UNSPECIFIED.,.F.,.F.,.F.,(2,2),(2,2),(-4.9676407230595,4.96764072305949),
(-24.6097965514979,24.6097965514979),.UNSPECIFIED.);
#2778=B_SPLINE_SURFACE_WITH_KNOTS('',1,1,((#3184,#3185),(#3186,#3187)),
 .UNSPECIFIED.,.F.,.F.,.F.,(2,2),(2,2),(-27.0097965514985,27.0097965514985),
(-22.6640120072945,22.6640120072945),.UNSPECIFIED.);
#2779=B_SPLINE_SURFACE_WITH_KNOTS('',1,1,((#3188,#3189),(#3190,#3191)),
 .UNSPECIFIED.,.F.,.F.,.F.,(2,2),(2,2),(-1.92489707880452,1.92489707880449),
(-4.96442150392215,4.96442150392215),.UNSPECIFIED.);
#2780=B_SPLINE_SURFACE_WITH_KNOTS('',1,1,((#3210,#3211),(#3212,#3213)),
 .UNSPECIFIED.,.F.,.F.,.F.,(2,2),(2,2),(-3.936284525491,3.93628452549099),
(-7.68953003873398,7.68953003873398),.UNSPECIFIED.);
#2781=B_SPLINE_SURFACE_WITH_KNOTS('',1,1,((#3232,#3233),(#3234,#3235)),
 .UNSPECIFIED.,.F.,.F.,.F.,(2,2),(2,2),(-1.924897074396,1.924897074396),
(-4.96442148025198,4.96442148025198),.UNSPECIFIED.);
#2782=B_SPLINE_SURFACE_WITH_KNOTS('',1,1,((#3254,#3255),(#3256,#3257)),
 .UNSPECIFIED.,.F.,.F.,.F.,(2,2),(2,2),(-3.93628453145699,3.93628453145701),
(-7.68953006241005,7.68953006241005),.UNSPECIFIED.);
#2783=B_SPLINE_SURFACE_WITH_KNOTS('',1,1,((#3276,#3277),(#3278,#3279)),
 .UNSPECIFIED.,.F.,.F.,.F.,(2,2),(2,2),(-1.320000003681,1.320000003681),
(-7.83421717496378,7.83421717496378),.UNSPECIFIED.);
#2784=B_SPLINE_SURFACE_WITH_KNOTS('',1,1,((#3280,#3281),(#3282,#3283)),
 .UNSPECIFIED.,.F.,.F.,.F.,(2,2),(2,2),(-7.32000000000001,7.31999999999999),
(-11.4,11.4),.UNSPECIFIED.);
#2785=B_SPLINE_SURFACE_WITH_KNOTS('',1,1,((#3284,#3285),(#3286,#3287)),
 .UNSPECIFIED.,.F.,.F.,.F.,(2,2),(2,2),(-11.4,11.4),(-1.28160984851399,
1.28160984851402),.UNSPECIFIED.);
#2786=B_SPLINE_SURFACE_WITH_KNOTS('',1,1,((#3288,#3289),(#3290,#3291)),
 .UNSPECIFIED.,.F.,.F.,.F.,(2,2),(2,2),(-27.0097965514988,27.0097965514988),
(-28.2760115635565,28.2760115635565),.UNSPECIFIED.);
#2787=B_SPLINE_SURFACE_WITH_KNOTS('',1,1,((#3292,#3293),(#3294,#3295)),
 .UNSPECIFIED.,.F.,.F.,.F.,(2,2),(2,2),(-5.731999556262,5.731999556262),
(-12.1676407230595,12.1676407230595),.UNSPECIFIED.);
#2788=B_SPLINE_SURFACE_WITH_KNOTS('',1,1,((#3296,#3297),(#3298,#3299)),
 .UNSPECIFIED.,.F.,.F.,.F.,(2,2),(2,2),(-1.92,1.92),(-5.731999556262,5.731999556262),
 .UNSPECIFIED.);
#2789=B_SPLINE_SURFACE_WITH_KNOTS('',1,1,((#3300,#3301),(#3302,#3303)),
 .UNSPECIFIED.,.F.,.F.,.F.,(2,2),(2,2),(-1.9200000000001,1.9200000000001),
(-5.7381089960825,5.7381089960825),.UNSPECIFIED.);
#2790=B_SPLINE_SURFACE_WITH_KNOTS('',1,1,((#3304,#3305),(#3306,#3307)),
 .UNSPECIFIED.,.F.,.F.,.F.,(2,2),(2,2),(-12.1676407230595,12.1676407230595),
(-1.9200000000001,1.9200000000001),.UNSPECIFIED.);
#2791=B_SPLINE_SURFACE_WITH_KNOTS('',1,1,((#3308,#3309),(#3310,#3311)),
 .UNSPECIFIED.,.F.,.F.,.F.,(2,2),(2,2),(-5.731999556262,5.731999556262),
(-12.1676407230595,12.1676407230595),.UNSPECIFIED.);
#2792=B_SPLINE_SURFACE_WITH_KNOTS('',1,1,((#3312,#3313),(#3314,#3315)),
 .UNSPECIFIED.,.F.,.F.,.F.,(2,2),(2,2),(-1.92000000000004,1.92000000000004),
(-5.731999556262,5.731999556262),.UNSPECIFIED.);
#2793=B_SPLINE_SURFACE_WITH_KNOTS('',1,1,((#3316,#3317),(#3318,#3319)),
 .UNSPECIFIED.,.F.,.F.,.F.,(2,2),(2,2),(-1.92000000000004,1.92000000000004),
(-5.7381089960825,5.7381089960825),.UNSPECIFIED.);
#2794=B_SPLINE_SURFACE_WITH_KNOTS('',1,1,((#3320,#3321),(#3322,#3323)),
 .UNSPECIFIED.,.F.,.F.,.F.,(2,2),(2,2),(-12.1676407230595,12.1676407230595),
(-1.92,1.92),.UNSPECIFIED.);
#2795=B_SPLINE_SURFACE_WITH_KNOTS('',1,1,((#3486,#3487),(#3488,#3489)),
 .UNSPECIFIED.,.F.,.F.,.F.,(2,2),(2,2),(-4.81534255865995,4.81534255865996),
(-4.775355358812,4.775355358812),.UNSPECIFIED.);
#2796=B_SPLINE_SURFACE_WITH_KNOTS('',1,1,((#3490,#3491),(#3492,#3493)),
 .UNSPECIFIED.,.F.,.F.,.F.,(2,2),(2,2),(-4.81534255865999,4.81534255865999),
(-4.77535535881205,4.77535535881194),.UNSPECIFIED.);
#2797=B_SPLINE_SURFACE_WITH_KNOTS('',1,1,((#3494,#3495),(#3496,#3497)),
 .UNSPECIFIED.,.F.,.F.,.F.,(2,2),(2,2),(-4.81534255866005,4.81534255866005),
(-4.77535535876399,4.77535535876402),.UNSPECIFIED.);
#2798=B_SPLINE_SURFACE_WITH_KNOTS('',1,1,((#3498,#3499),(#3500,#3501)),
 .UNSPECIFIED.,.F.,.F.,.F.,(2,2),(2,2),(-4.81534255866012,4.81534255866012),
(-4.775355358758,4.77535535875803),.UNSPECIFIED.);
#2799=B_SPLINE_SURFACE_WITH_KNOTS('',1,1,((#3520,#3521),(#3522,#3523)),
 .UNSPECIFIED.,.F.,.F.,.F.,(2,2),(2,2),(-20.079401205099,2.8421709430404E-14),
(-14.6306254631158,0.),.UNSPECIFIED.);
#2800=B_SPLINE_SURFACE_WITH_KNOTS('',1,1,((#3534,#3535),(#3536,#3537)),
 .UNSPECIFIED.,.F.,.F.,.F.,(2,2),(2,2),(-3.84862956664159,3.84862956664159),
(-3.84862956664159,3.84862956664159),.UNSPECIFIED.);
#2801=B_SPLINE_SURFACE_WITH_KNOTS('',1,1,((#3548,#3549),(#3550,#3551)),
 .UNSPECIFIED.,.F.,.F.,.F.,(2,2),(2,2),(-3.84862956664159,3.84862956664159),
(-3.84862956664159,3.84862956664159),.UNSPECIFIED.);
#2802=B_SPLINE_SURFACE_WITH_KNOTS('',1,1,((#3552,#3553),(#3554,#3555)),
 .UNSPECIFIED.,.F.,.F.,.F.,(2,2),(2,2),(-3.84862956664159,3.84862956664159),
(-3.84862956664159,3.84862956664159),.UNSPECIFIED.);
#2803=B_SPLINE_SURFACE_WITH_KNOTS('',1,1,((#3576,#3577),(#3578,#3579)),
 .UNSPECIFIED.,.F.,.F.,.F.,(2,2),(2,2),(-3.84862956664159,3.84862956664159),
(-3.84862956664159,3.84862956664159),.UNSPECIFIED.);
#2804=(
BOUNDED_SURFACE()
B_SPLINE_SURFACE(2,1,((#2928,#2929),(#2930,#2931),(#2932,#2933),(#2934,
#2935),(#2936,#2937),(#2938,#2939),(#2940,#2941),(#2942,#2943),(#2944,#2945)),
 .UNSPECIFIED.,.T.,.F.,.F.)
B_SPLINE_SURFACE_WITH_KNOTS((3,2,2,2,3),(2,2),(0.,1.5707963267949,3.14159265358979,
4.71238898038469,6.28318530717959),(0.,9.93528144612127),.UNSPECIFIED.)
GEOMETRIC_REPRESENTATION_ITEM()
RATIONAL_B_SPLINE_SURFACE(((1.,1.),(0.707106781186548,0.707106781186548),
(1.,1.),(0.707106781186548,0.707106781186548),(1.,1.),(0.707106781186548,
0.707106781186548),(1.,1.),(0.707106781186548,0.707106781186548),(1.,1.)))
REPRESENTATION_ITEM('')
SURFACE()
);
#2805=(
BOUNDED_SURFACE()
B_SPLINE_SURFACE(2,1,((#2946,#2947),(#2948,#2949),(#2950,#2951),(#2952,
#2953),(#2954,#2955),(#2956,#2957),(#2958,#2959),(#2960,#2961),(#2962,#2963)),
 .UNSPECIFIED.,.T.,.F.,.F.)
B_SPLINE_SURFACE_WITH_KNOTS((3,2,2,2,3),(2,2),(0.,1.5707963267949,3.14159265358979,
4.71238898038469,6.28318530717959),(0.,9.93528144612003),.UNSPECIFIED.)
GEOMETRIC_REPRESENTATION_ITEM()
RATIONAL_B_SPLINE_SURFACE(((1.,1.),(0.707106781186548,0.707106781186548),
(1.,1.),(0.707106781186548,0.707106781186548),(1.,1.),(0.707106781186548,
0.707106781186548),(1.,1.),(0.707106781186548,0.707106781186548),(1.,1.)))
REPRESENTATION_ITEM('')
SURFACE()
);
#2806=(
BOUNDED_SURFACE()
B_SPLINE_SURFACE(1,2,((#3044,#3045,#3046,#3047,#3048,#3049,#3050,#3051,
#3052),(#3053,#3054,#3055,#3056,#3057,#3058,#3059,#3060,#3061)),
 .UNSPECIFIED.,.F.,.F.,.F.)
B_SPLINE_SURFACE_WITH_KNOTS((2,2),(3,2,2,2,3),(0.,20.8501193689116),(0.,
1.5707963267949,3.14159265358979,4.71238898038469,6.28318530717959),
 .UNSPECIFIED.)
GEOMETRIC_REPRESENTATION_ITEM()
RATIONAL_B_SPLINE_SURFACE(((1.,0.707106781186548,1.,0.707106781186548,1.,
0.707106781186548,1.,0.707106781186548,1.),(1.,0.707106781186548,1.,0.707106781186548,
1.,0.707106781186548,1.,0.707106781186548,1.)))
REPRESENTATION_ITEM('')
SURFACE()
);
#2807=(
BOUNDED_SURFACE()
B_SPLINE_SURFACE(2,1,((#3074,#3075),(#3076,#3077),(#3078,#3079),(#3080,
#3081),(#3082,#3083),(#3084,#3085),(#3086,#3087),(#3088,#3089),(#3090,#3091)),
 .UNSPECIFIED.,.T.,.F.,.F.)
B_SPLINE_SURFACE_WITH_KNOTS((3,2,2,2,3),(2,2),(0.,1.5707963267949,3.14159265358979,
4.71238898038469,6.28318530717959),(0.,24.3352814461601),.UNSPECIFIED.)
GEOMETRIC_REPRESENTATION_ITEM()
RATIONAL_B_SPLINE_SURFACE(((1.,1.),(0.707106781186548,0.707106781186548),
(1.,1.),(0.707106781186548,0.707106781186548),(1.,1.),(0.707106781186548,
0.707106781186548),(1.,1.),(0.707106781186548,0.707106781186548),(1.,1.)))
REPRESENTATION_ITEM('')
SURFACE()
);
#2808=(
BOUNDED_SURFACE()
B_SPLINE_SURFACE(2,1,((#3092,#3093),(#3094,#3095),(#3096,#3097),(#3098,
#3099),(#3100,#3101),(#3102,#3103),(#3104,#3105),(#3106,#3107),(#3108,#3109)),
 .UNSPECIFIED.,.T.,.F.,.F.)
B_SPLINE_SURFACE_WITH_KNOTS((3,2,2,2,3),(2,2),(0.,1.5707963267949,3.14159265358979,
4.71238898038469,6.28318530717959),(0.,24.3352814461188),.UNSPECIFIED.)
GEOMETRIC_REPRESENTATION_ITEM()
RATIONAL_B_SPLINE_SURFACE(((1.,1.),(0.707106781186548,0.707106781186548),
(1.,1.),(0.707106781186548,0.707106781186548),(1.,1.),(0.707106781186548,
0.707106781186548),(1.,1.),(0.707106781186548,0.707106781186548),(1.,1.)))
REPRESENTATION_ITEM('')
SURFACE()
);
#2809=(
BOUNDED_SURFACE()
B_SPLINE_SURFACE(2,1,((#3110,#3111),(#3112,#3113),(#3114,#3115),(#3116,
#3117),(#3118,#3119),(#3120,#3121),(#3122,#3123),(#3124,#3125),(#3126,#3127)),
 .UNSPECIFIED.,.T.,.F.,.F.)
B_SPLINE_SURFACE_WITH_KNOTS((3,2,2,2,3),(2,2),(0.,1.5707963267949,3.14159265358979,
4.71238898038469,6.28318530717959),(0.,24.3352814461613),.UNSPECIFIED.)
GEOMETRIC_REPRESENTATION_ITEM()
RATIONAL_B_SPLINE_SURFACE(((1.,1.),(0.707106781186548,0.707106781186548),
(1.,1.),(0.707106781186548,0.707106781186548),(1.,1.),(0.707106781186548,
0.707106781186548),(1.,1.),(0.707106781186548,0.707106781186548),(1.,1.)))
REPRESENTATION_ITEM('')
SURFACE()
);
#2810=(
BOUNDED_SURFACE()
B_SPLINE_SURFACE(1,2,((#3140,#3141,#3142,#3143,#3144,#3145,#3146,#3147,
#3148),(#3149,#3150,#3151,#3152,#3153,#3154,#3155,#3156,#3157)),
 .UNSPECIFIED.,.F.,.F.,.F.)
B_SPLINE_SURFACE_WITH_KNOTS((2,2),(3,2,2,2,3),(0.,9.93528144611895),(0.,
1.5707963267949,3.14159265358979,4.71238898038469,6.28318530717959),
 .UNSPECIFIED.)
GEOMETRIC_REPRESENTATION_ITEM()
RATIONAL_B_SPLINE_SURFACE(((1.,0.707106781186548,1.,0.707106781186548,1.,
0.707106781186548,1.,0.707106781186548,1.),(1.,0.707106781186548,1.,0.707106781186548,
1.,0.707106781186548,1.,0.707106781186548,1.)))
REPRESENTATION_ITEM('')
SURFACE()
);
#2811=(
BOUNDED_SURFACE()
B_SPLINE_SURFACE(1,2,((#3162,#3163,#3164,#3165,#3166,#3167,#3168,#3169,
#3170),(#3171,#3172,#3173,#3174,#3175,#3176,#3177,#3178,#3179)),
 .UNSPECIFIED.,.F.,.F.,.F.)
B_SPLINE_SURFACE_WITH_KNOTS((2,2),(3,2,2,2,3),(0.,9.93528144611895),(0.,
1.5707963267949,3.14159265358979,4.71238898038469,6.28318530717959),
 .UNSPECIFIED.)
GEOMETRIC_REPRESENTATION_ITEM()
RATIONAL_B_SPLINE_SURFACE(((1.,0.707106781186548,1.,0.707106781186548,1.,
0.707106781186548,1.,0.707106781186548,1.),(1.,0.707106781186548,1.,0.707106781186548,
1.,0.707106781186548,1.,0.707106781186548,1.)))
REPRESENTATION_ITEM('')
SURFACE()
);
#2812=(
BOUNDED_SURFACE()
B_SPLINE_SURFACE(1,2,((#3192,#3193,#3194,#3195,#3196,#3197,#3198,#3199,
#3200),(#3201,#3202,#3203,#3204,#3205,#3206,#3207,#3208,#3209)),
 .UNSPECIFIED.,.F.,.F.,.F.)
B_SPLINE_SURFACE_WITH_KNOTS((2,2),(3,2,2,2,3),(0.,4.52738770558909),(0.,
1.5707963267949,3.14159265358979,4.71238898038469,6.28318530717959),
 .UNSPECIFIED.)
GEOMETRIC_REPRESENTATION_ITEM()
RATIONAL_B_SPLINE_SURFACE(((1.,0.707106781186548,1.,0.707106781186548,1.,
0.707106781186548,1.,0.707106781186548,1.),(1.,0.707106781186548,1.,0.707106781186548,
1.,0.707106781186548,1.,0.707106781186548,1.)))
REPRESENTATION_ITEM('')
SURFACE()
);
#2813=(
BOUNDED_SURFACE()
B_SPLINE_SURFACE(1,2,((#3214,#3215,#3216,#3217,#3218,#3219,#3220,#3221,
#3222),(#3223,#3224,#3225,#3226,#3227,#3228,#3229,#3230,#3231)),
 .UNSPECIFIED.,.F.,.F.,.F.)
B_SPLINE_SURFACE_WITH_KNOTS((2,2),(3,2,2,2,3),(0.,3.90548464342925),(0.,
1.5707963267949,3.14159265358979,4.71238898038469,6.28318530717959),
 .UNSPECIFIED.)
GEOMETRIC_REPRESENTATION_ITEM()
RATIONAL_B_SPLINE_SURFACE(((1.,0.707106781186548,1.,0.707106781186548,1.,
0.707106781186548,1.,0.707106781186548,1.),(1.,0.707106781186548,1.,0.707106781186548,
1.,0.707106781186548,1.,0.707106781186548,1.)))
REPRESENTATION_ITEM('')
SURFACE()
);
#2814=(
BOUNDED_SURFACE()
B_SPLINE_SURFACE(1,2,((#3236,#3237,#3238,#3239,#3240,#3241,#3242,#3243,
#3244),(#3245,#3246,#3247,#3248,#3249,#3250,#3251,#3252,#3253)),
 .UNSPECIFIED.,.F.,.F.,.F.)
B_SPLINE_SURFACE_WITH_KNOTS((2,2),(3,2,2,2,3),(0.,4.52738770558804),(0.,
1.5707963267949,3.14159265358979,4.71238898038469,6.28318530717959),
 .UNSPECIFIED.)
GEOMETRIC_REPRESENTATION_ITEM()
RATIONAL_B_SPLINE_SURFACE(((1.,0.707106781186548,1.,0.707106781186548,1.,
0.707106781186548,1.,0.707106781186548,1.),(1.,0.707106781186548,1.,0.707106781186548,
1.,0.707106781186548,1.,0.707106781186548,1.)))
REPRESENTATION_ITEM('')
SURFACE()
);
#2815=(
BOUNDED_SURFACE()
B_SPLINE_SURFACE(1,2,((#3258,#3259,#3260,#3261,#3262,#3263,#3264,#3265,
#3266),(#3267,#3268,#3269,#3270,#3271,#3272,#3273,#3274,#3275)),
 .UNSPECIFIED.,.F.,.F.,.F.)
B_SPLINE_SURFACE_WITH_KNOTS((2,2),(3,2,2,2,3),(0.,3.90548464342871),(0.,
1.5707963267949,3.14159265358979,4.71238898038469,6.28318530717959),
 .UNSPECIFIED.)
GEOMETRIC_REPRESENTATION_ITEM()
RATIONAL_B_SPLINE_SURFACE(((1.,0.707106781186548,1.,0.707106781186548,1.,
0.707106781186548,1.,0.707106781186548,1.),(1.,0.707106781186548,1.,0.707106781186548,
1.,0.707106781186548,1.,0.707106781186548,1.)))
REPRESENTATION_ITEM('')
SURFACE()
);
#2816=(
BOUNDED_SURFACE()
B_SPLINE_SURFACE(1,2,((#3324,#3325,#3326,#3327,#3328,#3329,#3330,#3331,
#3332),(#3333,#3334,#3335,#3336,#3337,#3338,#3339,#3340,#3341)),
 .UNSPECIFIED.,.F.,.F.,.F.)
B_SPLINE_SURFACE_WITH_KNOTS((2,2),(3,2,2,2,3),(0.,20.8501193689116),(0.,
1.5707963267949,3.14159265358979,4.71238898038469,6.28318530717959),
 .UNSPECIFIED.)
GEOMETRIC_REPRESENTATION_ITEM()
RATIONAL_B_SPLINE_SURFACE(((1.,0.707106781186548,1.,0.707106781186548,1.,
0.707106781186548,1.,0.707106781186548,1.),(1.,0.707106781186548,1.,0.707106781186548,
1.,0.707106781186548,1.,0.707106781186548,1.)))
REPRESENTATION_ITEM('')
SURFACE()
);
#2817=(
BOUNDED_SURFACE()
B_SPLINE_SURFACE(1,2,((#3342,#3343,#3344,#3345,#3346,#3347,#3348,#3349,
#3350),(#3351,#3352,#3353,#3354,#3355,#3356,#3357,#3358,#3359)),
 .UNSPECIFIED.,.F.,.F.,.F.)
B_SPLINE_SURFACE_WITH_KNOTS((2,2),(3,2,2,2,3),(0.,6.33253254957121),(0.,
1.5707963267949,3.14159265358979,4.71238898038469,6.28318530717959),
 .UNSPECIFIED.)
GEOMETRIC_REPRESENTATION_ITEM()
RATIONAL_B_SPLINE_SURFACE(((1.,0.707106781186548,1.,0.707106781186548,1.,
0.707106781186548,1.,0.707106781186548,1.),(1.,0.707106781186548,1.,0.707106781186548,
1.,0.707106781186548,1.,0.707106781186548,1.)))
REPRESENTATION_ITEM('')
SURFACE()
);
#2818=(
BOUNDED_SURFACE()
B_SPLINE_SURFACE(1,2,((#3360,#3361,#3362,#3363,#3364,#3365,#3366,#3367,
#3368),(#3369,#3370,#3371,#3372,#3373,#3374,#3375,#3376,#3377)),
 .UNSPECIFIED.,.F.,.F.,.F.)
B_SPLINE_SURFACE_WITH_KNOTS((2,2),(3,2,2,2,3),(0.,6.332532179586),(0.,1.5707963267949,
3.14159265358979,4.71238898038469,6.28318530717959),.UNSPECIFIED.)
GEOMETRIC_REPRESENTATION_ITEM()
RATIONAL_B_SPLINE_SURFACE(((1.,0.707106781186548,1.,0.707106781186548,1.,
0.707106781186548,1.,0.707106781186548,1.),(1.,0.707106781186548,1.,0.707106781186548,
1.,0.707106781186548,1.,0.707106781186548,1.)))
REPRESENTATION_ITEM('')
SURFACE()
);
#2819=(
BOUNDED_SURFACE()
B_SPLINE_SURFACE(1,2,((#3378,#3379,#3380,#3381,#3382,#3383,#3384,#3385,
#3386),(#3387,#3388,#3389,#3390,#3391,#3392,#3393,#3394,#3395)),
 .UNSPECIFIED.,.F.,.F.,.F.)
B_SPLINE_SURFACE_WITH_KNOTS((2,2),(3,2,2,2,3),(0.,6.33396243233284),(0.,
1.5707963267949,3.14159265358979,4.71238898038469,6.28318530717959),
 .UNSPECIFIED.)
GEOMETRIC_REPRESENTATION_ITEM()
RATIONAL_B_SPLINE_SURFACE(((1.,0.707106781186548,1.,0.707106781186548,1.,
0.707106781186548,1.,0.707106781186548,1.),(1.,0.707106781186548,1.,0.707106781186548,
1.,0.707106781186548,1.,0.707106781186548,1.)))
REPRESENTATION_ITEM('')
SURFACE()
);
#2820=(
BOUNDED_SURFACE()
B_SPLINE_SURFACE(1,2,((#3396,#3397,#3398,#3399,#3400,#3401,#3402,#3403,
#3404),(#3405,#3406,#3407,#3408,#3409,#3410,#3411,#3412,#3413)),
 .UNSPECIFIED.,.F.,.F.,.F.)
B_SPLINE_SURFACE_WITH_KNOTS((2,2),(3,2,2,2,3),(0.,6.33396280231798),(0.,
1.5707963267949,3.14159265358979,4.71238898038469,6.28318530717959),
 .UNSPECIFIED.)
GEOMETRIC_REPRESENTATION_ITEM()
RATIONAL_B_SPLINE_SURFACE(((1.,0.707106781186548,1.,0.707106781186548,1.,
0.707106781186548,1.,0.707106781186548,1.),(1.,0.707106781186548,1.,0.707106781186548,
1.,0.707106781186548,1.,0.707106781186548,1.)))
REPRESENTATION_ITEM('')
SURFACE()
);
#2821=(
BOUNDED_SURFACE()
B_SPLINE_SURFACE(1,2,((#3414,#3415,#3416,#3417,#3418,#3419,#3420,#3421,
#3422),(#3423,#3424,#3425,#3426,#3427,#3428,#3429,#3430,#3431)),
 .UNSPECIFIED.,.F.,.F.,.F.)
B_SPLINE_SURFACE_WITH_KNOTS((2,2),(3,2,2,2,3),(0.,6.33253250674679),(0.,
1.5707963267949,3.14159265358979,4.71238898038469,6.28318530717959),
 .UNSPECIFIED.)
GEOMETRIC_REPRESENTATION_ITEM()
RATIONAL_B_SPLINE_SURFACE(((1.,0.707106781186548,1.,0.707106781186548,1.,
0.707106781186548,1.,0.707106781186548,1.),(1.,0.707106781186548,1.,0.707106781186548,
1.,0.707106781186548,1.,0.707106781186548,1.)))
REPRESENTATION_ITEM('')
SURFACE()
);
#2822=(
BOUNDED_SURFACE()
B_SPLINE_SURFACE(1,2,((#3432,#3433,#3434,#3435,#3436,#3437,#3438,#3439,
#3440),(#3441,#3442,#3443,#3444,#3445,#3446,#3447,#3448,#3449)),
 .UNSPECIFIED.,.F.,.F.,.F.)
B_SPLINE_SURFACE_WITH_KNOTS((2,2),(3,2,2,2,3),(0.,6.33253213676039),(0.,
1.5707963267949,3.14159265358979,4.71238898038469,6.28318530717959),
 .UNSPECIFIED.)
GEOMETRIC_REPRESENTATION_ITEM()
RATIONAL_B_SPLINE_SURFACE(((1.,0.707106781186548,1.,0.707106781186548,1.,
0.707106781186548,1.,0.707106781186548,1.),(1.,0.707106781186548,1.,0.707106781186548,
1.,0.707106781186548,1.,0.707106781186548,1.)))
REPRESENTATION_ITEM('')
SURFACE()
);
#2823=(
BOUNDED_SURFACE()
B_SPLINE_SURFACE(1,2,((#3450,#3451,#3452,#3453,#3454,#3455,#3456,#3457,
#3458),(#3459,#3460,#3461,#3462,#3463,#3464,#3465,#3466,#3467)),
 .UNSPECIFIED.,.F.,.F.,.F.)
B_SPLINE_SURFACE_WITH_KNOTS((2,2),(3,2,2,2,3),(0.,6.33396238950721),(0.,
1.5707963267949,3.14159265358979,4.71238898038469,6.28318530717959),
 .UNSPECIFIED.)
GEOMETRIC_REPRESENTATION_ITEM()
RATIONAL_B_SPLINE_SURFACE(((1.,0.707106781186548,1.,0.707106781186548,1.,
0.707106781186548,1.,0.707106781186548,1.),(1.,0.707106781186548,1.,0.707106781186548,
1.,0.707106781186548,1.,0.707106781186548,1.)))
REPRESENTATION_ITEM('')
SURFACE()
);
#2824=(
BOUNDED_SURFACE()
B_SPLINE_SURFACE(1,2,((#3468,#3469,#3470,#3471,#3472,#3473,#3474,#3475,
#3476),(#3477,#3478,#3479,#3480,#3481,#3482,#3483,#3484,#3485)),
 .UNSPECIFIED.,.F.,.F.,.F.)
B_SPLINE_SURFACE_WITH_KNOTS((2,2),(3,2,2,2,3),(0.,6.33396275949363),(0.,
1.5707963267949,3.14159265358979,4.71238898038469,6.28318530717959),
 .UNSPECIFIED.)
GEOMETRIC_REPRESENTATION_ITEM()
RATIONAL_B_SPLINE_SURFACE(((1.,0.707106781186548,1.,0.707106781186548,1.,
0.707106781186548,1.,0.707106781186548,1.),(1.,0.707106781186548,1.,0.707106781186548,
1.,0.707106781186548,1.,0.707106781186548,1.)))
REPRESENTATION_ITEM('')
SURFACE()
);
#2825=(
BOUNDED_SURFACE()
B_SPLINE_SURFACE(2,1,((#3502,#3503),(#3504,#3505),(#3506,#3507),(#3508,
#3509),(#3510,#3511),(#3512,#3513),(#3514,#3515),(#3516,#3517),(#3518,#3519)),
 .UNSPECIFIED.,.T.,.F.,.F.)
B_SPLINE_SURFACE_WITH_KNOTS((3,2,2,2,3),(2,2),(0.,1.5707963267949,3.14159265358979,
4.71238898038469,6.28318530717959),(0.,24.3352814461188),.UNSPECIFIED.)
GEOMETRIC_REPRESENTATION_ITEM()
RATIONAL_B_SPLINE_SURFACE(((1.,1.),(0.707106781186548,0.707106781186548),
(1.,1.),(0.707106781186548,0.707106781186548),(1.,1.),(0.707106781186548,
0.707106781186548),(1.,1.),(0.707106781186548,0.707106781186548),(1.,1.)))
REPRESENTATION_ITEM('')
SURFACE()
);
#2826=(
BOUNDED_SURFACE()
B_SPLINE_SURFACE(1,2,((#3524,#3525,#3526,#3527,#3528),(#3529,#3530,#3531,
#3532,#3533)),.UNSPECIFIED.,.F.,.F.,.F.)
B_SPLINE_SURFACE_WITH_KNOTS((2,2),(3,2,3),(0.,109.561245104548),(0.,4.83633054917987,
9.67266109835974),.UNSPECIFIED.)
GEOMETRIC_REPRESENTATION_ITEM()
RATIONAL_B_SPLINE_SURFACE(((1.,0.707106781186548,1.,0.707106781186548,1.),
(1.,0.707106781186548,1.,0.707106781186548,1.)))
REPRESENTATION_ITEM('')
SURFACE()
);
#2827=(
BOUNDED_SURFACE()
B_SPLINE_SURFACE(1,2,((#3538,#3539,#3540,#3541,#3542),(#3543,#3544,#3545,
#3546,#3547)),.UNSPECIFIED.,.F.,.F.,.F.)
B_SPLINE_SURFACE_WITH_KNOTS((2,2),(3,2,3),(0.,109.561245104548),(0.,4.83633054917987,
9.67266109835974),.UNSPECIFIED.)
GEOMETRIC_REPRESENTATION_ITEM()
RATIONAL_B_SPLINE_SURFACE(((1.,0.707106781186548,1.,0.707106781186548,1.),
(1.,0.707106781186548,1.,0.707106781186548,1.)))
REPRESENTATION_ITEM('')
SURFACE()
);
#2828=(
BOUNDED_SURFACE()
B_SPLINE_SURFACE(1,2,((#3556,#3557,#3558,#3559,#3560),(#3561,#3562,#3563,
#3564,#3565)),.UNSPECIFIED.,.F.,.F.,.F.)
B_SPLINE_SURFACE_WITH_KNOTS((2,2),(3,2,3),(0.,109.561245104548),(0.,4.83633054917987,
9.67266109835974),.UNSPECIFIED.)
GEOMETRIC_REPRESENTATION_ITEM()
RATIONAL_B_SPLINE_SURFACE(((1.,0.707106781186548,1.,0.707106781186548,1.),
(1.,0.707106781186548,1.,0.707106781186548,1.)))
REPRESENTATION_ITEM('')
SURFACE()
);
#2829=(
BOUNDED_SURFACE()
B_SPLINE_SURFACE(1,2,((#3566,#3567,#3568,#3569,#3570),(#3571,#3572,#3573,
#3574,#3575)),.UNSPECIFIED.,.F.,.F.,.F.)
B_SPLINE_SURFACE_WITH_KNOTS((2,2),(3,2,3),(0.,109.561245104548),(0.,4.83633054917987,
9.67266109835974),.UNSPECIFIED.)
GEOMETRIC_REPRESENTATION_ITEM()
RATIONAL_B_SPLINE_SURFACE(((1.,0.707106781186548,1.,0.707106781186548,1.),
(1.,0.707106781186548,1.,0.707106781186548,1.)))
REPRESENTATION_ITEM('')
SURFACE()
);
#2830=(
BOUNDED_SURFACE()
B_SPLINE_SURFACE(1,2,((#3580,#3581,#3582,#3583,#3584),(#3585,#3586,#3587,
#3588,#3589)),.UNSPECIFIED.,.F.,.F.,.F.)
B_SPLINE_SURFACE_WITH_KNOTS((2,2),(3,2,3),(0.,109.561245104548),(9.67266109835974,
14.5089916475396,19.3453221967195),.UNSPECIFIED.)
GEOMETRIC_REPRESENTATION_ITEM()
RATIONAL_B_SPLINE_SURFACE(((1.,0.707106781186548,1.,0.707106781186548,1.),
(1.,0.707106781186548,1.,0.707106781186548,1.)))
REPRESENTATION_ITEM('')
SURFACE()
);
#2831=(
BOUNDED_SURFACE()
B_SPLINE_SURFACE(1,2,((#3590,#3591,#3592,#3593,#3594),(#3595,#3596,#3597,
#3598,#3599)),.UNSPECIFIED.,.F.,.F.,.F.)
B_SPLINE_SURFACE_WITH_KNOTS((2,2),(3,2,3),(0.,109.561245104548),(9.67266109835974,
14.5089916475396,19.3453221967195),.UNSPECIFIED.)
GEOMETRIC_REPRESENTATION_ITEM()
RATIONAL_B_SPLINE_SURFACE(((1.,0.707106781186548,1.,0.707106781186548,1.),
(1.,0.707106781186548,1.,0.707106781186548,1.)))
REPRESENTATION_ITEM('')
SURFACE()
);
#2832=(
BOUNDED_SURFACE()
B_SPLINE_SURFACE(1,2,((#3600,#3601,#3602,#3603,#3604),(#3605,#3606,#3607,
#3608,#3609)),.UNSPECIFIED.,.F.,.F.,.F.)
B_SPLINE_SURFACE_WITH_KNOTS((2,2),(3,2,3),(0.,109.561245104548),(9.67266109835974,
14.5089916475396,19.3453221967195),.UNSPECIFIED.)
GEOMETRIC_REPRESENTATION_ITEM()
RATIONAL_B_SPLINE_SURFACE(((1.,0.707106781186548,1.,0.707106781186548,1.),
(1.,0.707106781186548,1.,0.707106781186548,1.)))
REPRESENTATION_ITEM('')
SURFACE()
);
#2833=(
BOUNDED_SURFACE()
B_SPLINE_SURFACE(1,2,((#3610,#3611,#3612,#3613,#3614),(#3615,#3616,#3617,
#3618,#3619)),.UNSPECIFIED.,.F.,.F.,.F.)
B_SPLINE_SURFACE_WITH_KNOTS((2,2),(3,2,3),(0.,109.561245104548),(9.67266109835974,
14.5089916475396,19.3453221967195),.UNSPECIFIED.)
GEOMETRIC_REPRESENTATION_ITEM()
RATIONAL_B_SPLINE_SURFACE(((1.,0.707106781186548,1.,0.707106781186548,1.),
(1.,0.707106781186548,1.,0.707106781186548,1.)))
REPRESENTATION_ITEM('')
SURFACE()
);
#2834=SHAPE_DEFINITION_REPRESENTATION(#2835,#2920);
#2835=PRODUCT_DEFINITION_SHAPE('Document','',#2837);
#2836=PRODUCT_DEFINITION_CONTEXT('3D Mechanical Parts',#2909,'design');
#2837=PRODUCT_DEFINITION('A','First version',#2879,#2836);
#2838=DATE_TIME_ROLE('classification_date');
#2839=DATE_TIME_ROLE('creation_date');
#2840=APPLIED_DATE_AND_TIME_ASSIGNMENT(#2864,#2838,(#2843));
#2841=APPLIED_DATE_AND_TIME_ASSIGNMENT(#2866,#2839,(#2837));
#2842=SECURITY_CLASSIFICATION_LEVEL('unclassified');
#2843=SECURITY_CLASSIFICATION('A','Security for version',#2842);
#2844=APPLIED_SECURITY_CLASSIFICATION_ASSIGNMENT(#2843,(#2879));
#2845=APPROVAL_ROLE('Version approval');
#2846=APPROVAL_ROLE('Version Security approval');
#2847=APPROVAL_ROLE('Definition approval');
#2848=APPROVAL_PERSON_ORGANIZATION(#2897,#2873,#2845);
#2849=APPROVAL_PERSON_ORGANIZATION(#2898,#2874,#2846);
#2850=APPROVAL_PERSON_ORGANIZATION(#2901,#2875,#2847);
#2851=COORDINATED_UNIVERSAL_TIME_OFFSET(5,0,.BEHIND.);
#2852=LOCAL_TIME(0,0,0.,#2851);
#2853=LOCAL_TIME(0,0,0.,#2851);
#2854=LOCAL_TIME(0,0,0.,#2851);
#2855=LOCAL_TIME(0,0,0.,#2851);
#2856=LOCAL_TIME(0,0,0.,#2851);
#2857=CALENDAR_DATE(1999,1,1);
#2858=CALENDAR_DATE(1999,1,1);
#2859=CALENDAR_DATE(1999,1,1);
#2860=CALENDAR_DATE(1999,1,1);
#2861=CALENDAR_DATE(1999,1,1);
#2862=DATE_AND_TIME(#2857,#2852);
#2863=DATE_AND_TIME(#2858,#2853);
#2864=DATE_AND_TIME(#2859,#2854);
#2865=DATE_AND_TIME(#2860,#2855);
#2866=DATE_AND_TIME(#2861,#2856);
#2867=APPROVAL_DATE_TIME(#2862,#2873);
#2868=APPROVAL_DATE_TIME(#2863,#2874);
#2869=APPROVAL_DATE_TIME(#2865,#2875);
#2870=APPROVAL_STATUS('not_yet_approved');
#2871=APPROVAL_STATUS('not_yet_approved');
#2872=APPROVAL_STATUS('approved');
#2873=APPROVAL(#2870,'Version approval');
#2874=APPROVAL(#2871,'Version Security approval');
#2875=APPROVAL(#2872,'Definition approval');
#2876=APPLIED_APPROVAL_ASSIGNMENT(#2873,(#2879));
#2877=APPLIED_APPROVAL_ASSIGNMENT(#2874,(#2843));
#2878=APPLIED_APPROVAL_ASSIGNMENT(#2875,(#2837));
#2879=PRODUCT_DEFINITION_FORMATION_WITH_SPECIFIED_SOURCE('A',
'First version',#2911,.MADE.);
#2880=PERSON_AND_ORGANIZATION_ROLE('design_owner');
#2881=PERSON_AND_ORGANIZATION_ROLE('creator');
#2882=PERSON_AND_ORGANIZATION_ROLE('design_supplier');
#2883=PERSON_AND_ORGANIZATION_ROLE('classification_officer');
#2884=PERSON_AND_ORGANIZATION_ROLE('creator');
#2885=ORGANIZATION('STI','lab','lab');
#2886=ORGANIZATION('STI','unknown','unknown');
#2887=ORGANIZATION('STI','unknown','unknown');
#2888=ORGANIZATION('STI','unknown','unknown');
#2889=ORGANIZATION('STI','unknown','unknown');
#2890=ORGANIZATION('STI','unknown','unknown');
#2891=ORGANIZATION('STI','unknown','unknown');
#2892=PERSON('1','Box','vc60',$,$,$);
#2893=PERSON('2','last','first',$,$,$);
#2894=PERSON('3','President','Mr.',$,$,$);
#2895=PERSON_AND_ORGANIZATION(#2892,#2885);
#2896=PERSON_AND_ORGANIZATION(#2893,#2886);
#2897=PERSON_AND_ORGANIZATION(#2894,#2887);
#2898=PERSON_AND_ORGANIZATION(#2894,#2888);
#2899=PERSON_AND_ORGANIZATION(#2894,#2889);
#2900=PERSON_AND_ORGANIZATION(#2893,#2890);
#2901=PERSON_AND_ORGANIZATION(#2894,#2891);
#2902=APPLIED_PERSON_AND_ORGANIZATION_ASSIGNMENT(#2895,#2880,(#2911));
#2903=APPLIED_PERSON_AND_ORGANIZATION_ASSIGNMENT(#2896,#2881,(#2879));
#2904=APPLIED_PERSON_AND_ORGANIZATION_ASSIGNMENT(#2896,#2882,(#2879));
#2905=APPLIED_PERSON_AND_ORGANIZATION_ASSIGNMENT(#2899,#2883,(#2843));
#2906=APPLIED_PERSON_AND_ORGANIZATION_ASSIGNMENT(#2900,#2884,(#2837));
#2907=PRODUCT_RELATED_PRODUCT_CATEGORY('detail','detail',(#2911));
#2908=APPLICATION_PROTOCOL_DEFINITION('International Standard',
'config_control_design',1994,#2909);
#2909=APPLICATION_CONTEXT(
'configuration controlled 3d designs of mechanical parts and assemblie
s');
#2910=PRODUCT_CONTEXT('3D Mechanical Parts',#2909,'mechanical');
#2911=PRODUCT('Document','Document','',(#2910));
#2912=(
LENGTH_UNIT()
NAMED_UNIT(*)
SI_UNIT(.MILLI.,.METRE.)
);
#2913=(
NAMED_UNIT(*)
PLANE_ANGLE_UNIT()
SI_UNIT($,.RADIAN.)
);
#2914=DIMENSIONAL_EXPONENTS(0.,0.,0.,0.,0.,0.,0.);
#2915=PLANE_ANGLE_MEASURE_WITH_UNIT(PLANE_ANGLE_MEASURE(0.01745329252),
#2913);
#2916=(
CONVERSION_BASED_UNIT('DEGREES',#2915)
NAMED_UNIT(#2914)
PLANE_ANGLE_UNIT()
);
#2917=(
NAMED_UNIT(*)
SI_UNIT($,.STERADIAN.)
SOLID_ANGLE_UNIT()
);
#2918=UNCERTAINTY_MEASURE_WITH_UNIT(LENGTH_MEASURE(0.01),#2912,
'DISTANCE_ACCURACY_VALUE',
'Maximum model space distance between geometric entities at asserted c
onnectivities');
#2919=(
GEOMETRIC_REPRESENTATION_CONTEXT(3)
GLOBAL_UNCERTAINTY_ASSIGNED_CONTEXT((#2918))
GLOBAL_UNIT_ASSIGNED_CONTEXT((#2917,#2916,#2912))
REPRESENTATION_CONTEXT('ID1','3D')
);
#2920=SHAPE_REPRESENTATION('Document',(#2921,#2922),#2919);
#2921=AXIS2_PLACEMENT_3D('',#2927,#2923,#2924);
#2922=AXIS2_PLACEMENT_3D('',#5541,#2925,#2926);
#2923=DIRECTION('',(0.,0.,1.));
#2924=DIRECTION('',(1.,0.,0.));
#2925=DIRECTION('',(0.,0.,1.));
#2926=DIRECTION('',(1.,0.,0.));
#2927=CARTESIAN_POINT('',(0.,0.,0.));
#2928=CARTESIAN_POINT('',(24.3283295068166,-221.043258959554,105.633305101502));
#2929=CARTESIAN_POINT('',(24.3283295068143,-221.043258959552,115.568586547624));
#2930=CARTESIAN_POINT('',(24.3283295068166,-223.043258959553,105.633305101503));
#2931=CARTESIAN_POINT('',(24.3283295068143,-223.043258959551,115.568586547624));
#2932=CARTESIAN_POINT('',(26.3283295068157,-223.043258959553,105.633305101503));
#2933=CARTESIAN_POINT('',(26.3283295068134,-223.043258959551,115.568586547625));
#2934=CARTESIAN_POINT('',(28.3283295068148,-223.043258959553,105.633305101504));
#2935=CARTESIAN_POINT('',(28.3283295068125,-223.043258959551,115.568586547625));
#2936=CARTESIAN_POINT('',(28.3283295068148,-221.043258959554,105.633305101503));
#2937=CARTESIAN_POINT('',(28.3283295068125,-221.043258959552,115.568586547625));
#2938=CARTESIAN_POINT('',(28.3283295068148,-219.043258959555,105.633305101503));
#2939=CARTESIAN_POINT('',(28.3283295068126,-219.043258959553,115.568586547624));
#2940=CARTESIAN_POINT('',(26.3283295068157,-219.043258959555,105.633305101502));
#2941=CARTESIAN_POINT('',(26.3283295068135,-219.043258959553,115.568586547624));
#2942=CARTESIAN_POINT('',(24.3283295068166,-219.043258959555,105.633305101502));
#2943=CARTESIAN_POINT('',(24.3283295068144,-219.043258959553,115.568586547623));
#2944=CARTESIAN_POINT('',(24.3283295068166,-221.043258959554,105.633305101502));
#2945=CARTESIAN_POINT('',(24.3283295068143,-221.043258959552,115.568586547624));
#2946=CARTESIAN_POINT('',(-12.4879980790147,-221.043258959552,105.633305101504));
#2947=CARTESIAN_POINT('',(-12.487998079017,-221.043258959554,115.568586547624));
#2948=CARTESIAN_POINT('',(-12.4879980790147,-219.043258959552,105.633305101505));
#2949=CARTESIAN_POINT('',(-12.487998079017,-219.043258959554,115.568586547625));
#2950=CARTESIAN_POINT('',(-14.4879980790145,-219.043258959552,105.633305101504));
#2951=CARTESIAN_POINT('',(-14.4879980790166,-219.043258959554,115.568586547624));
#2952=CARTESIAN_POINT('',(-16.4879980790143,-219.043258959552,105.633305101504));
#2953=CARTESIAN_POINT('',(-16.4879980790165,-219.043258959554,115.568586547624));
#2954=CARTESIAN_POINT('',(-16.4879980790143,-221.043258959552,105.633305101503));
#2955=CARTESIAN_POINT('',(-16.4879980790164,-221.043258959554,115.568586547624));
#2956=CARTESIAN_POINT('',(-16.4879980790143,-223.043258959552,105.633305101503));
#2957=CARTESIAN_POINT('',(-16.4879980790165,-223.043258959554,115.568586547623));
#2958=CARTESIAN_POINT('',(-14.4879980790145,-223.043258959552,105.633305101503));
#2959=CARTESIAN_POINT('',(-14.4879980790166,-223.043258959554,115.568586547624));
#2960=CARTESIAN_POINT('',(-12.4879980790147,-223.043258959552,105.633305101504));
#2961=CARTESIAN_POINT('',(-12.4879980790169,-223.043258959554,115.568586547624));
#2962=CARTESIAN_POINT('',(-12.4879980790147,-221.043258959552,105.633305101504));
#2963=CARTESIAN_POINT('',(-12.487998079017,-221.043258959554,115.568586547624));
#2964=CARTESIAN_POINT('',(-16.4879980790156,-171.503904426367,105.633305101504));
#2965=CARTESIAN_POINT('',(-16.4879980790156,-171.503904426367,115.568586547623));
#2966=CARTESIAN_POINT('',(-16.4879980790156,-225.655927553479,105.633305101504));
#2967=CARTESIAN_POINT('',(-16.4879980790156,-225.655927553479,115.568586547623));
#2968=CARTESIAN_POINT('',(28.3283295068145,-225.655927553479,105.633305101504));
#2969=CARTESIAN_POINT('',(28.3283295068145,-225.655927553479,115.568586547623));
#2970=CARTESIAN_POINT('',(28.3283295068145,-171.503904426367,105.633305101504));
#2971=CARTESIAN_POINT('',(28.3283295068145,-171.503904426367,115.568586547623));
#2972=CARTESIAN_POINT('',(17.1993493346023,-185.469905614063,127.960646427113));
#2973=CARTESIAN_POINT('',(29.4491458861066,-185.469905614063,127.960646427113));
#2974=CARTESIAN_POINT('',(17.1993493346023,-185.469905614063,113.320646427113));
#2975=CARTESIAN_POINT('',(29.4491458861066,-185.469905614063,113.320646427113));
#2976=CARTESIAN_POINT('',(17.1993493346023,-186.52523887344,126.640646427113));
#2977=CARTESIAN_POINT('',(17.1993493346023,-175.061239760916,126.640646427113));
#2978=CARTESIAN_POINT('',(29.4491458861066,-186.52523887344,126.640646427113));
#2979=CARTESIAN_POINT('',(29.4491458861066,-175.061239760916,126.640646427113));
#2980=CARTESIAN_POINT('',(28.3283295068145,-186.52523887344,113.320646427113));
#2981=CARTESIAN_POINT('',(28.3283295068145,-186.52523887344,127.960646427113));
#2982=CARTESIAN_POINT('',(28.3283295068145,-175.061239760916,113.320646427113));
#2983=CARTESIAN_POINT('',(28.3283295068145,-175.061239760916,127.960646427113));
#2984=CARTESIAN_POINT('',(-17.6088144583066,-186.52523887344,126.640646427113));
#2985=CARTESIAN_POINT('',(-17.6088144583066,-175.061239760916,126.640646427113));
#2986=CARTESIAN_POINT('',(-5.35901790681455,-186.52523887344,126.640646427113));
#2987=CARTESIAN_POINT('',(-5.35901790681456,-175.061239760916,126.640646427113));
#2988=CARTESIAN_POINT('',(-17.6088144583066,-185.469905614063,127.960646427113));
#2989=CARTESIAN_POINT('',(-5.35901790681456,-185.469905614063,127.960646427113));
#2990=CARTESIAN_POINT('',(-17.6088144583066,-185.469905614063,113.320646427113));
#2991=CARTESIAN_POINT('',(-5.35901790681456,-185.469905614063,113.320646427113));
#2992=CARTESIAN_POINT('',(-16.4879980790156,-175.061239760916,113.320646427113));
#2993=CARTESIAN_POINT('',(-16.4879980790156,-175.061239760916,127.960646427113));
#2994=CARTESIAN_POINT('',(-16.4879980790156,-186.52523887344,113.320646427113));
#2995=CARTESIAN_POINT('',(-16.4879980790156,-186.52523887344,127.960646427113));
#2996=CARTESIAN_POINT('',(-12.4798342860956,-197.617498426683,114.640646427113));
#2997=CARTESIAN_POINT('',(-6.47983428609555,-197.617498426683,114.640646427113));
#2998=CARTESIAN_POINT('',(-12.4798342860956,-197.617498426683,118.102930888713));
#2999=CARTESIAN_POINT('',(-6.47983428609555,-197.617498426683,118.102930888713));
#3000=CARTESIAN_POINT('',(-12.4798342860956,-197.617498426683,118.102930888713));
#3001=CARTESIAN_POINT('',(-6.47983428609555,-197.617498426683,118.102930888713));
#3002=CARTESIAN_POINT('',(-12.4798342860956,-209.229760822913,118.102930888713));
#3003=CARTESIAN_POINT('',(-6.47983428609555,-209.229760822913,118.102930888713));
#3004=CARTESIAN_POINT('',(-12.4798342860956,-209.229760822913,118.102930888713));
#3005=CARTESIAN_POINT('',(-6.47983428609555,-209.229760822913,118.102930888713));
#3006=CARTESIAN_POINT('',(-12.4798342860956,-209.229760822913,114.640646427113));
#3007=CARTESIAN_POINT('',(-6.47983428609555,-209.229760822913,114.640646427113));
#3008=CARTESIAN_POINT('',(-12.4798342860956,-196.33627218706,114.174417980953));
#3009=CARTESIAN_POINT('',(-12.4798342860956,-196.33627218706,118.569159334873));
#3010=CARTESIAN_POINT('',(-12.4798342860956,-210.510987062536,114.174417980953));
#3011=CARTESIAN_POINT('',(-12.4798342860956,-210.510987062536,118.569159334873));
#3012=CARTESIAN_POINT('',(-6.47983428609555,-210.510987062536,114.174417980953));
#3013=CARTESIAN_POINT('',(-6.47983428609555,-210.510987062536,118.569159334873));
#3014=CARTESIAN_POINT('',(-6.47983428609555,-196.33627218706,114.174417980953));
#3015=CARTESIAN_POINT('',(-6.47983428609555,-196.33627218706,118.569159334873));
#3016=CARTESIAN_POINT('',(24.3201657138844,-209.229760822913,114.640646427113));
#3017=CARTESIAN_POINT('',(18.3201657138844,-209.229760822913,114.640646427113));
#3018=CARTESIAN_POINT('',(24.3201657138844,-209.229760822913,118.102930888713));
#3019=CARTESIAN_POINT('',(18.3201657138844,-209.229760822913,118.102930888713));
#3020=CARTESIAN_POINT('',(24.3201657138844,-209.229760822913,118.102930888713));
#3021=CARTESIAN_POINT('',(18.3201657138844,-209.229760822913,118.102930888713));
#3022=CARTESIAN_POINT('',(24.3201657138844,-197.617498426683,118.102930888713));
#3023=CARTESIAN_POINT('',(18.3201657138844,-197.617498426683,118.102930888713));
#3024=CARTESIAN_POINT('',(24.3201657138844,-197.617498426683,118.102930888713));
#3025=CARTESIAN_POINT('',(18.3201657138844,-197.617498426683,118.102930888713));
#3026=CARTESIAN_POINT('',(24.3201657138844,-197.617498426683,114.640646427113));
#3027=CARTESIAN_POINT('',(18.3201657138844,-197.617498426683,114.640646427113));
#3028=CARTESIAN_POINT('',(24.3201657138844,-210.510987062536,114.174417980953));
#3029=CARTESIAN_POINT('',(24.3201657138844,-210.510987062536,118.569159334873));
#3030=CARTESIAN_POINT('',(24.3201657138844,-196.33627218706,114.174417980953));
#3031=CARTESIAN_POINT('',(24.3201657138844,-196.33627218706,118.569159334873));
#3032=CARTESIAN_POINT('',(18.3201657138844,-196.33627218706,114.174417980953));
#3033=CARTESIAN_POINT('',(18.3201657138844,-196.33627218706,118.569159334873));
#3034=CARTESIAN_POINT('',(18.3201657138844,-210.510987062536,114.174417980953));
#3035=CARTESIAN_POINT('',(18.3201657138844,-210.510987062536,118.569159334873));
#3036=CARTESIAN_POINT('',(-5.47983428610556,-178.366191075902,114.640646427113));
#3037=CARTESIAN_POINT('',(-5.47983428610556,-175.802971378874,114.640646427113));
#3038=CARTESIAN_POINT('',(17.3201657138943,-178.366191075902,114.640646427113));
#3039=CARTESIAN_POINT('',(17.3201657138943,-175.802971378874,114.640646427113));
#3040=CARTESIAN_POINT('',(-21.0896308375986,-179.088935374559,126.640646427112));
#3041=CARTESIAN_POINT('',(-21.0896308375986,-144.620587123367,126.640646427112));
#3042=CARTESIAN_POINT('',(32.9299622653976,-179.088935374559,126.640646427112));
#3043=CARTESIAN_POINT('',(32.9299622653976,-144.620587123367,126.640646427112));
#3044=CARTESIAN_POINT('',(5.92016571389453,-152.821399567753,107.628037005611));
#3045=CARTESIAN_POINT('',(-3.22983428610537,-152.821399567753,107.628037005611));
#3046=CARTESIAN_POINT('',(-3.22983428610536,-161.971399567753,107.628037005611));
#3047=CARTESIAN_POINT('',(-3.22983428610537,-171.121399567753,107.628037005611));
#3048=CARTESIAN_POINT('',(5.92016571389453,-171.121399567753,107.628037005611));
#3049=CARTESIAN_POINT('',(15.0701657138944,-171.121399567753,107.628037005611));
#3050=CARTESIAN_POINT('',(15.0701657138944,-161.971399567753,107.628037005611));
#3051=CARTESIAN_POINT('',(15.0701657138944,-152.821399567753,107.628037005611));
#3052=CARTESIAN_POINT('',(5.92016571389453,-152.821399567753,107.628037005611));
#3053=CARTESIAN_POINT('',(5.92016571389453,-152.821399567753,128.478156374522));
#3054=CARTESIAN_POINT('',(-3.22983428610537,-152.821399567753,128.478156374522));
#3055=CARTESIAN_POINT('',(-3.22983428610536,-161.971399567753,128.478156374522));
#3056=CARTESIAN_POINT('',(-3.22983428610537,-171.121399567753,128.478156374522));
#3057=CARTESIAN_POINT('',(5.92016571389453,-171.121399567753,128.478156374522));
#3058=CARTESIAN_POINT('',(15.0701657138944,-171.121399567753,128.478156374522));
#3059=CARTESIAN_POINT('',(15.0701657138944,-161.971399567753,128.478156374522));
#3060=CARTESIAN_POINT('',(15.0701657138944,-152.821399567753,128.478156374522));
#3061=CARTESIAN_POINT('',(5.92016571389453,-152.821399567753,128.478156374522));
#3062=CARTESIAN_POINT('',(-8.78022052460766,-176.676034428445,126.640646427113));
#3063=CARTESIAN_POINT('',(-8.78022052460767,-147.266764707061,126.640646427113));
#3064=CARTESIAN_POINT('',(20.6244143362163,-176.676034428445,126.640646427113));
#3065=CARTESIAN_POINT('',(20.6244143362163,-147.266764707061,126.640646427113));
#3066=CARTESIAN_POINT('',(-5.17983428620186,-173.07139956785,109.46554695302));
#3067=CARTESIAN_POINT('',(-5.17983428620186,-150.871399567657,109.46554695302));
#3068=CARTESIAN_POINT('',(17.0201657139917,-173.07139956785,109.46554695302));
#3069=CARTESIAN_POINT('',(17.0201657139917,-150.871399567657,109.46554695302));
#3070=CARTESIAN_POINT('',(-5.92913022348635,-153.369758685215,104.433305101504));
#3071=CARTESIAN_POINT('',(-5.92913022348635,-153.369758685215,128.768586547623));
#3072=CARTESIAN_POINT('',(-17.5088962539201,-178.315879002449,104.433305101504));
#3073=CARTESIAN_POINT('',(-17.5088962539201,-178.315879002449,128.768586547623));
#3074=CARTESIAN_POINT('',(-7.50777785212895,-158.095308717012,128.7685865476));
#3075=CARTESIAN_POINT('',(-7.50777785366726,-158.095308716254,104.43330510144));
#3076=CARTESIAN_POINT('',(-7.50777785212896,-152.095308716329,128.768586547787));
#3077=CARTESIAN_POINT('',(-7.50777785366726,-152.095308715571,104.433305101627));
#3078=CARTESIAN_POINT('',(-1.50777785144646,-152.095308716329,128.768586547408));
#3079=CARTESIAN_POINT('',(-1.50777785298466,-152.095308715571,104.433305101248));
#3080=CARTESIAN_POINT('',(4.49222214923614,-152.095308716329,128.768586547028));
#3081=CARTESIAN_POINT('',(4.49222214769784,-152.095308715571,104.433305100868));
#3082=CARTESIAN_POINT('',(4.49222214923614,-158.095308717012,128.768586546842));
#3083=CARTESIAN_POINT('',(4.49222214769785,-158.095308716254,104.433305100681));
#3084=CARTESIAN_POINT('',(4.49222214923614,-164.095308717695,128.768586546655));
#3085=CARTESIAN_POINT('',(4.49222214769784,-164.095308716937,104.433305100495));
#3086=CARTESIAN_POINT('',(-1.50777785144646,-164.095308717695,128.768586547034));
#3087=CARTESIAN_POINT('',(-1.50777785298466,-164.095308716937,104.433305100874));
#3088=CARTESIAN_POINT('',(-7.50777785212896,-164.095308717695,128.768586547413));
#3089=CARTESIAN_POINT('',(-7.50777785366716,-164.095308716937,104.433305101253));
#3090=CARTESIAN_POINT('',(-7.50777785212895,-158.095308717012,128.7685865476));
#3091=CARTESIAN_POINT('',(-7.50777785366726,-158.095308716254,104.43330510144));
#3092=CARTESIAN_POINT('',(-8.45828437622745,-161.971399567753,128.768586547623));
#3093=CARTESIAN_POINT('',(-8.45828437622745,-161.971399567753,104.433305101504));
#3094=CARTESIAN_POINT('',(-8.45828437622747,-147.592949477631,128.768586547623));
#3095=CARTESIAN_POINT('',(-8.45828437622747,-147.592949477631,104.433305101504));
#3096=CARTESIAN_POINT('',(5.92016571389453,-147.592949477631,128.768586547623));
#3097=CARTESIAN_POINT('',(5.92016571389453,-147.592949477631,104.433305101504));
#3098=CARTESIAN_POINT('',(20.2986158040165,-147.592949477631,128.768586547623));
#3099=CARTESIAN_POINT('',(20.2986158040165,-147.592949477631,104.433305101504));
#3100=CARTESIAN_POINT('',(20.2986158040165,-161.971399567753,128.768586547623));
#3101=CARTESIAN_POINT('',(20.2986158040165,-161.971399567753,104.433305101504));
#3102=CARTESIAN_POINT('',(20.2986158040165,-176.349849657875,128.768586547623));
#3103=CARTESIAN_POINT('',(20.2986158040165,-176.349849657875,104.433305101504));
#3104=CARTESIAN_POINT('',(5.92016571389453,-176.349849657875,128.768586547623));
#3105=CARTESIAN_POINT('',(5.92016571389453,-176.349849657875,104.433305101504));
#3106=CARTESIAN_POINT('',(-8.45828437622747,-176.349849657875,128.768586547623));
#3107=CARTESIAN_POINT('',(-8.45828437622747,-176.349849657875,104.433305101504));
#3108=CARTESIAN_POINT('',(-8.45828437622745,-161.971399567753,128.768586547623));
#3109=CARTESIAN_POINT('',(-8.45828437622745,-161.971399567753,104.433305101504));
#3110=CARTESIAN_POINT('',(7.34810928013944,-158.095308716642,128.768586546843));
#3111=CARTESIAN_POINT('',(7.34810928167764,-158.095308715884,104.433305100681));
#3112=CARTESIAN_POINT('',(7.34810928013944,-152.095308716796,128.76858654703));
#3113=CARTESIAN_POINT('',(7.34810928167764,-152.095308716038,104.433305100868));
#3114=CARTESIAN_POINT('',(13.3481092799853,-152.095308716796,128.768586547409));
#3115=CARTESIAN_POINT('',(13.3481092815235,-152.095308716038,104.433305101248));
#3116=CARTESIAN_POINT('',(19.3481092798312,-152.095308716796,128.768586547788));
#3117=CARTESIAN_POINT('',(19.3481092813694,-152.095308716038,104.433305101627));
#3118=CARTESIAN_POINT('',(19.3481092798312,-158.095308716642,128.768586547601));
#3119=CARTESIAN_POINT('',(19.3481092813694,-158.095308715884,104.43330510144));
#3120=CARTESIAN_POINT('',(19.3481092798312,-164.095308716488,128.768586547414));
#3121=CARTESIAN_POINT('',(19.3481092813694,-164.09530871573,104.433305101253));
#3122=CARTESIAN_POINT('',(13.3481092799853,-164.095308716488,128.768586547035));
#3123=CARTESIAN_POINT('',(13.3481092815235,-164.09530871573,104.433305100874));
#3124=CARTESIAN_POINT('',(7.34810928013944,-164.095308716488,128.768586546656));
#3125=CARTESIAN_POINT('',(7.34810928167774,-164.09530871573,104.433305100494));
#3126=CARTESIAN_POINT('',(7.34810928013944,-158.095308716642,128.768586546843));
#3127=CARTESIAN_POINT('',(7.34810928167764,-158.095308715884,104.433305100681));
#3128=CARTESIAN_POINT('',(29.3492276817143,-178.315879002452,104.433305101504));
#3129=CARTESIAN_POINT('',(29.3492276817143,-178.315879002452,128.768586547623));
#3130=CARTESIAN_POINT('',(17.7694616512742,-153.369758685204,104.433305101504));
#3131=CARTESIAN_POINT('',(17.7694616512742,-153.369758685204,128.768586547623));
#3132=CARTESIAN_POINT('',(32.9299622653976,-179.088935374559,106.561245222014));
#3133=CARTESIAN_POINT('',(32.9299622653975,-144.620587123367,106.561245222014));
#3134=CARTESIAN_POINT('',(-21.0896308375986,-179.088935374559,106.561245222014));
#3135=CARTESIAN_POINT('',(-21.0896308375986,-144.620587123367,106.561245222014));
#3136=CARTESIAN_POINT('',(-5.47983428610556,-178.052589434483,115.568586547623));
#3137=CARTESIAN_POINT('',(17.3201657138943,-178.052589434483,115.568586547623));
#3138=CARTESIAN_POINT('',(-5.47983428610557,-178.052589434483,105.633305101504));
#3139=CARTESIAN_POINT('',(17.3201657138943,-178.052589434483,105.633305101504));
#3140=CARTESIAN_POINT('',(-5.41091664158446,-183.342252724721,105.633305101505));
#3141=CARTESIAN_POINT('',(-6.47983428610507,-183.342252724721,105.633305101504));
#3142=CARTESIAN_POINT('',(-6.47983428610506,-184.411170369242,105.633305101504));
#3143=CARTESIAN_POINT('',(-6.47983428610507,-185.480088013762,105.633305101504));
#3144=CARTESIAN_POINT('',(-5.41091664158446,-185.480088013762,105.633305101504));
#3145=CARTESIAN_POINT('',(-4.34199899706375,-185.480088013762,105.633305101504));
#3146=CARTESIAN_POINT('',(-4.34199899706375,-184.411170369242,105.633305101505));
#3147=CARTESIAN_POINT('',(-4.34199899706375,-183.342252724721,105.633305101505));
#3148=CARTESIAN_POINT('',(-5.41091664158446,-183.342252724721,105.633305101505));
#3149=CARTESIAN_POINT('',(-5.41091664158665,-183.342252724723,115.568586547623));
#3150=CARTESIAN_POINT('',(-6.47983428610736,-183.342252724723,115.568586547623));
#3151=CARTESIAN_POINT('',(-6.47983428610736,-184.411170369244,115.568586547623));
#3152=CARTESIAN_POINT('',(-6.47983428610736,-185.480088013765,115.568586547623));
#3153=CARTESIAN_POINT('',(-5.41091664158677,-185.480088013765,115.568586547623));
#3154=CARTESIAN_POINT('',(-4.34199899706606,-185.480088013765,115.568586547623));
#3155=CARTESIAN_POINT('',(-4.34199899706606,-184.411170369244,115.568586547623));
#3156=CARTESIAN_POINT('',(-4.34199899706606,-183.342252724723,115.568586547624));
#3157=CARTESIAN_POINT('',(-5.41091664158665,-183.342252724723,115.568586547623));
#3158=CARTESIAN_POINT('',(-7.79713311268156,-185.480088013763,105.633305101504));
#3159=CARTESIAN_POINT('',(19.6374645404708,-185.480088013763,105.633305101504));
#3160=CARTESIAN_POINT('',(-7.79713311268156,-185.480088013763,115.568586547623));
#3161=CARTESIAN_POINT('',(19.6374645404708,-185.480088013763,115.568586547623));
#3162=CARTESIAN_POINT('',(18.3201657138954,-184.411170369242,105.633305101504));
#3163=CARTESIAN_POINT('',(18.3201657138954,-183.34225272472,105.633305101504));
#3164=CARTESIAN_POINT('',(17.2512480693734,-183.34225272472,105.633305101505));
#3165=CARTESIAN_POINT('',(16.1823304248514,-183.34225272472,105.633305101505));
#3166=CARTESIAN_POINT('',(16.1823304248514,-184.411170369242,105.633305101505));
#3167=CARTESIAN_POINT('',(16.1823304248514,-185.480088013764,105.633305101504));
#3168=CARTESIAN_POINT('',(17.2512480693734,-185.480088013764,105.633305101504));
#3169=CARTESIAN_POINT('',(18.3201657138954,-185.480088013764,105.633305101504));
#3170=CARTESIAN_POINT('',(18.3201657138954,-184.411170369242,105.633305101504));
#3171=CARTESIAN_POINT('',(18.3201657138976,-184.411170369244,115.568586547623));
#3172=CARTESIAN_POINT('',(18.3201657138976,-183.342252724722,115.568586547623));
#3173=CARTESIAN_POINT('',(17.2512480693756,-183.342252724722,115.568586547623));
#3174=CARTESIAN_POINT('',(16.1823304248536,-183.342252724722,115.568586547624));
#3175=CARTESIAN_POINT('',(16.1823304248536,-184.411170369244,115.568586547623));
#3176=CARTESIAN_POINT('',(16.1823304248536,-185.480088013766,115.568586547623));
#3177=CARTESIAN_POINT('',(17.2512480693756,-185.480088013766,115.568586547623));
#3178=CARTESIAN_POINT('',(18.3201657138976,-185.480088013766,115.568586547623));
#3179=CARTESIAN_POINT('',(18.3201657138976,-184.411170369244,115.568586547623));
#3180=CARTESIAN_POINT('',(-18.6896308375986,-223.043258959553,115.568586547623));
#3181=CARTESIAN_POINT('',(30.5299622653973,-223.043258959553,115.568586547623));
#3182=CARTESIAN_POINT('',(-18.6896308375986,-223.043258959553,105.633305101504));
#3183=CARTESIAN_POINT('',(30.5299622653973,-223.043258959553,105.633305101504));
#3184=CARTESIAN_POINT('',(-21.0896308375987,-226.920594294103,114.640646427113));
#3185=CARTESIAN_POINT('',(-21.0896308375987,-181.592570279514,114.640646427113));
#3186=CARTESIAN_POINT('',(32.9299622653983,-226.920594294103,114.640646427113));
#3187=CARTESIAN_POINT('',(32.9299622653983,-181.592570279514,114.640646427113));
#3188=CARTESIAN_POINT('',(-3.08127370995276,-216.415865335373,115.061462606914));
#3189=CARTESIAN_POINT('',(6.84756929789154,-216.415865335373,115.061462606914));
#3190=CARTESIAN_POINT('',(-3.08127370995276,-216.415865335373,111.211668449305));
#3191=CARTESIAN_POINT('',(6.84756929789154,-216.415865335373,111.211668449305));
#3192=CARTESIAN_POINT('',(5.92016569417434,-218.993153562764,139.664018769083));
#3193=CARTESIAN_POINT('',(-9.77175758138656,-218.993153562764,139.664018769083));
#3194=CARTESIAN_POINT('',(-9.77175758138657,-218.993153562764,123.972095493522));
#3195=CARTESIAN_POINT('',(-9.77175758138656,-218.993153562764,108.280172217961));
#3196=CARTESIAN_POINT('',(5.92016569417434,-218.993153562764,108.280172217961));
#3197=CARTESIAN_POINT('',(21.6120889697352,-218.993153562764,108.280172217961));
#3198=CARTESIAN_POINT('',(21.6120889697352,-218.993153562764,123.972095493522));
#3199=CARTESIAN_POINT('',(21.6120889697352,-218.993153562764,139.664018769083));
#3200=CARTESIAN_POINT('',(5.92016569417434,-218.993153562764,139.664018769083));
#3201=CARTESIAN_POINT('',(5.92016569417434,-223.520541268353,139.664018769083));
#3202=CARTESIAN_POINT('',(-9.77175758138656,-223.520541268353,139.664018769083));
#3203=CARTESIAN_POINT('',(-9.77175758138657,-223.520541268353,123.972095493522));
#3204=CARTESIAN_POINT('',(-9.77175758138656,-223.520541268353,108.280172217961));
#3205=CARTESIAN_POINT('',(5.92016569417434,-223.520541268353,108.280172217961));
#3206=CARTESIAN_POINT('',(21.6120889697352,-223.520541268353,108.280172217961));
#3207=CARTESIAN_POINT('',(21.6120889697352,-223.520541268353,123.972095493522));
#3208=CARTESIAN_POINT('',(21.6120889697352,-223.520541268353,139.664018769083));
#3209=CARTESIAN_POINT('',(5.92016569417434,-223.520541268353,139.664018769083));
#3210=CARTESIAN_POINT('',(4.53857737411554,-219.470435871563,115.396693848028));
#3211=CARTESIAN_POINT('',(19.9176374515835,-219.470435871563,115.396693848028));
#3212=CARTESIAN_POINT('',(4.53857737411554,-219.470435871563,107.524124797046));
#3213=CARTESIAN_POINT('',(19.9176374515835,-219.470435871563,107.524124797046));
#3214=CARTESIAN_POINT('',(5.92016569417434,-215.990408281754,136.311706350591));
#3215=CARTESIAN_POINT('',(-6.41944516289426,-215.990408281754,136.311706350591));
#3216=CARTESIAN_POINT('',(-6.41944516289426,-215.990408281754,123.972095493522));
#3217=CARTESIAN_POINT('',(-6.41944516289426,-215.990408281754,111.632484636453));
#3218=CARTESIAN_POINT('',(5.92016569417434,-215.990408281754,111.632484636453));
#3219=CARTESIAN_POINT('',(18.2597765512429,-215.990408281754,111.632484636453));
#3220=CARTESIAN_POINT('',(18.259776551243,-215.990408281754,123.972095493522));
#3221=CARTESIAN_POINT('',(18.259776551243,-215.990408281754,136.311706350591));
#3222=CARTESIAN_POINT('',(5.92016569417434,-215.990408281754,136.311706350591));
#3223=CARTESIAN_POINT('',(5.92016569417434,-219.895892925183,136.311706350591));
#3224=CARTESIAN_POINT('',(-6.41944516289426,-219.895892925183,136.311706350591));
#3225=CARTESIAN_POINT('',(-6.41944516289426,-219.895892925183,123.972095493522));
#3226=CARTESIAN_POINT('',(-6.41944516289426,-219.895892925183,111.632484636453));
#3227=CARTESIAN_POINT('',(5.92016569417434,-219.895892925183,111.632484636453));
#3228=CARTESIAN_POINT('',(18.2597765512429,-219.895892925183,111.632484636453));
#3229=CARTESIAN_POINT('',(18.259776551243,-219.895892925183,123.972095493522));
#3230=CARTESIAN_POINT('',(18.259776551243,-219.895892925183,136.311706350591));
#3231=CARTESIAN_POINT('',(5.92016569417434,-219.895892925183,136.311706350591));
#3232=CARTESIAN_POINT('',(4.99276213385254,-216.415865335373,115.061462606179));
#3233=CARTESIAN_POINT('',(14.9216050943565,-216.415865335373,115.061462606179));
#3234=CARTESIAN_POINT('',(4.99276213385254,-216.415865335373,111.211668457387));
#3235=CARTESIAN_POINT('',(14.9216050943565,-216.415865335373,111.211668457387));
#3236=CARTESIAN_POINT('',(5.92016569417434,-218.993153562764,139.664018769083));
#3237=CARTESIAN_POINT('',(-9.77175758138656,-218.993153562764,139.664018769083));
#3238=CARTESIAN_POINT('',(-9.77175758138657,-218.993153562764,123.972095493522));
#3239=CARTESIAN_POINT('',(-9.77175758138656,-218.993153562764,108.280172217961));
#3240=CARTESIAN_POINT('',(5.92016569417434,-218.993153562764,108.280172217961));
#3241=CARTESIAN_POINT('',(21.6120889697352,-218.993153562764,108.280172217961));
#3242=CARTESIAN_POINT('',(21.6120889697352,-218.993153562764,123.972095493522));
#3243=CARTESIAN_POINT('',(21.6120889697352,-218.993153562764,139.664018769083));
#3244=CARTESIAN_POINT('',(5.92016569417434,-218.993153562764,139.664018769083));
#3245=CARTESIAN_POINT('',(5.92016569417434,-223.520541268352,139.664018769083));
#3246=CARTESIAN_POINT('',(-9.77175758138656,-223.520541268352,139.664018769083));
#3247=CARTESIAN_POINT('',(-9.77175758138657,-223.520541268352,123.972095493522));
#3248=CARTESIAN_POINT('',(-9.77175758138656,-223.520541268352,108.280172217961));
#3249=CARTESIAN_POINT('',(5.92016569417434,-223.520541268352,108.280172217961));
#3250=CARTESIAN_POINT('',(21.6120889697352,-223.520541268352,108.280172217961));
#3251=CARTESIAN_POINT('',(21.6120889697352,-223.520541268352,123.972095493522));
#3252=CARTESIAN_POINT('',(21.6120889697352,-223.520541268352,139.664018769083));
#3253=CARTESIAN_POINT('',(5.92016569417434,-223.520541268352,139.664018769083));
#3254=CARTESIAN_POINT('',(-8.07730606718055,-219.470435871563,115.396693849022));
#3255=CARTESIAN_POINT('',(7.30175405763955,-219.470435871563,115.396693849022));
#3256=CARTESIAN_POINT('',(-8.07730606718055,-219.470435871563,107.524124786108));
#3257=CARTESIAN_POINT('',(7.30175405763955,-219.470435871563,107.524124786108));
#3258=CARTESIAN_POINT('',(5.92016569417434,-215.990408281754,136.311706350591));
#3259=CARTESIAN_POINT('',(-6.41944516289426,-215.990408281754,136.311706350591));
#3260=CARTESIAN_POINT('',(-6.41944516289426,-215.990408281754,123.972095493522));
#3261=CARTESIAN_POINT('',(-6.41944516289426,-215.990408281754,111.632484636453));
#3262=CARTESIAN_POINT('',(5.92016569417434,-215.990408281754,111.632484636453));
#3263=CARTESIAN_POINT('',(18.2597765512429,-215.990408281754,111.632484636453));
#3264=CARTESIAN_POINT('',(18.259776551243,-215.990408281754,123.972095493522));
#3265=CARTESIAN_POINT('',(18.259776551243,-215.990408281754,136.311706350591));
#3266=CARTESIAN_POINT('',(5.92016569417434,-215.990408281754,136.311706350591));
#3267=CARTESIAN_POINT('',(5.92016569417434,-219.895892925183,136.311706350591));
#3268=CARTESIAN_POINT('',(-6.41944516289426,-219.895892925183,136.311706350591));
#3269=CARTESIAN_POINT('',(-6.41944516289426,-219.895892925183,123.972095493522));
#3270=CARTESIAN_POINT('',(-6.41944516289426,-219.895892925183,111.632484636453));
#3271=CARTESIAN_POINT('',(5.92016569417434,-219.895892925183,111.632484636453));
#3272=CARTESIAN_POINT('',(18.2597765512429,-219.895892925183,111.632484636453));
#3273=CARTESIAN_POINT('',(18.259776551243,-219.895892925183,123.972095493522));
#3274=CARTESIAN_POINT('',(18.259776551243,-219.895892925183,136.311706350591));
#3275=CARTESIAN_POINT('',(5.92016569417434,-219.895892925183,136.311706350591));
#3276=CARTESIAN_POINT('',(-1.91405148078945,-216.415865335373,114.960646427726));
#3277=CARTESIAN_POINT('',(13.7543828691381,-216.415865335373,114.960646427726));
#3278=CARTESIAN_POINT('',(-1.91405148078945,-216.415865335373,112.320646420364));
#3279=CARTESIAN_POINT('',(13.7543828691381,-216.415865335373,112.320646420364));
#3280=CARTESIAN_POINT('',(-5.47983428610557,-176.116573020293,127.960646427113));
#3281=CARTESIAN_POINT('',(17.3201657138943,-176.116573020293,127.960646427113));
#3282=CARTESIAN_POINT('',(-5.47983428610557,-176.116573020293,113.320646427113));
#3283=CARTESIAN_POINT('',(17.3201657138943,-176.116573020293,113.320646427113));
#3284=CARTESIAN_POINT('',(17.3201657138943,-178.366191075902,106.561245222014));
#3285=CARTESIAN_POINT('',(17.3201657138943,-175.802971378874,106.561245222014));
#3286=CARTESIAN_POINT('',(-5.47983428610556,-178.366191075902,106.561245222014));
#3287=CARTESIAN_POINT('',(-5.47983428610556,-175.802971378874,106.561245222014));
#3288=CARTESIAN_POINT('',(32.9299622653977,-227.85592755348,106.561245222014));
#3289=CARTESIAN_POINT('',(32.9299622653977,-171.303904426367,106.561245222014));
#3290=CARTESIAN_POINT('',(-21.0896308376,-227.85592755348,106.561245222014));
#3291=CARTESIAN_POINT('',(-21.0896308376,-171.303904426367,106.561245222014));
#3292=CARTESIAN_POINT('',(-3.47983428610556,-186.52523887344,104.433305101504));
#3293=CARTESIAN_POINT('',(-3.47983428610556,-186.52523887344,128.768586547623));
#3294=CARTESIAN_POINT('',(-3.47983428610556,-175.061239760916,104.433305101504));
#3295=CARTESIAN_POINT('',(-3.47983428610556,-175.061239760916,128.768586547623));
#3296=CARTESIAN_POINT('',(-6.89983428610556,-186.52523887344,126.640646427113));
#3297=CARTESIAN_POINT('',(-6.89983428610556,-175.061239760916,126.640646427113));
#3298=CARTESIAN_POINT('',(-3.05983428610556,-186.52523887344,126.640646427113));
#3299=CARTESIAN_POINT('',(-3.05983428610556,-175.061239760916,126.640646427113));
#3300=CARTESIAN_POINT('',(-3.05983428610536,-186.536439513111,106.561245222014));
#3301=CARTESIAN_POINT('',(-3.05983428610536,-175.060221520946,106.561245222014));
#3302=CARTESIAN_POINT('',(-6.89983428610556,-186.536439513111,106.561245222014));
#3303=CARTESIAN_POINT('',(-6.89983428610556,-175.060221520946,106.561245222014));
#3304=CARTESIAN_POINT('',(-6.89983428610556,-185.469905614063,128.768586547623));
#3305=CARTESIAN_POINT('',(-3.05983428610536,-185.469905614063,128.768586547623));
#3306=CARTESIAN_POINT('',(-6.89983428610556,-185.469905614063,104.433305101504));
#3307=CARTESIAN_POINT('',(-3.05983428610536,-185.469905614063,104.433305101504));
#3308=CARTESIAN_POINT('',(15.3201657138944,-175.061239760916,104.433305101504));
#3309=CARTESIAN_POINT('',(15.3201657138944,-175.061239760916,128.768586547623));
#3310=CARTESIAN_POINT('',(15.3201657138944,-186.52523887344,104.433305101504));
#3311=CARTESIAN_POINT('',(15.3201657138944,-186.52523887344,128.768586547623));
#3312=CARTESIAN_POINT('',(14.9001657138943,-186.52523887344,126.640646427113));
#3313=CARTESIAN_POINT('',(14.9001657138943,-175.061239760916,126.640646427113));
#3314=CARTESIAN_POINT('',(18.7401657138944,-186.52523887344,126.640646427113));
#3315=CARTESIAN_POINT('',(18.7401657138944,-175.061239760916,126.640646427113));
#3316=CARTESIAN_POINT('',(18.7401657138944,-186.536439513111,106.561245222014));
#3317=CARTESIAN_POINT('',(18.7401657138944,-175.060221520946,106.561245222014));
#3318=CARTESIAN_POINT('',(14.9001657138943,-186.536439513111,106.561245222014));
#3319=CARTESIAN_POINT('',(14.9001657138943,-175.060221520946,106.561245222014));
#3320=CARTESIAN_POINT('',(14.9001657138944,-185.469905614063,128.768586547623));
#3321=CARTESIAN_POINT('',(18.7401657138944,-185.469905614063,128.768586547623));
#3322=CARTESIAN_POINT('',(14.9001657138944,-185.469905614063,104.433305101504));
#3323=CARTESIAN_POINT('',(18.7401657138944,-185.469905614063,104.433305101504));
#3324=CARTESIAN_POINT('',(5.92016571389453,-171.121399567753,107.628037005611));
#3325=CARTESIAN_POINT('',(15.0701657138949,-171.121399567753,107.628037005611));
#3326=CARTESIAN_POINT('',(15.0701657138949,-161.971399567753,107.628037005611));
#3327=CARTESIAN_POINT('',(15.0701657138949,-152.821399567753,107.628037005611));
#3328=CARTESIAN_POINT('',(5.92016571389453,-152.821399567753,107.628037005611));
#3329=CARTESIAN_POINT('',(-3.22983428610577,-152.821399567753,107.628037005611));
#3330=CARTESIAN_POINT('',(-3.22983428610576,-161.971399567753,107.628037005611));
#3331=CARTESIAN_POINT('',(-3.22983428610577,-171.121399567753,107.628037005611));
#3332=CARTESIAN_POINT('',(5.92016571389453,-171.121399567753,107.628037005611));
#3333=CARTESIAN_POINT('',(5.92016571389453,-171.121399567753,128.478156374522));
#3334=CARTESIAN_POINT('',(15.0701657138949,-171.121399567753,128.478156374522));
#3335=CARTESIAN_POINT('',(15.0701657138949,-161.971399567753,128.478156374522));
#3336=CARTESIAN_POINT('',(15.0701657138949,-152.821399567753,128.478156374522));
#3337=CARTESIAN_POINT('',(5.92016571389453,-152.821399567753,128.478156374522));
#3338=CARTESIAN_POINT('',(-3.22983428610577,-152.821399567753,128.478156374522));
#3339=CARTESIAN_POINT('',(-3.22983428610576,-161.971399567753,128.478156374522));
#3340=CARTESIAN_POINT('',(-3.22983428610577,-171.121399567753,128.478156374522));
#3341=CARTESIAN_POINT('',(5.92016571389453,-171.121399567753,128.478156374522));
#3342=CARTESIAN_POINT('',(-9.51485367476586,-192.143718521973,115.268875938193));
#3343=CARTESIAN_POINT('',(-9.51485367476585,-193.843718521973,115.268875938193));
#3344=CARTESIAN_POINT('',(-11.2148536747657,-193.843718521973,115.268875938193));
#3345=CARTESIAN_POINT('',(-12.9148536747655,-193.843718521973,115.268875938193));
#3346=CARTESIAN_POINT('',(-12.9148536747655,-192.143718521973,115.268875938193));
#3347=CARTESIAN_POINT('',(-12.9148536747655,-190.443718521973,115.268875938193));
#3348=CARTESIAN_POINT('',(-11.2148536747657,-190.443718521973,115.268875938193));
#3349=CARTESIAN_POINT('',(-9.51485367476585,-190.443718521973,115.268875938193));
#3350=CARTESIAN_POINT('',(-9.51485367476586,-192.143718521973,115.268875938193));
#3351=CARTESIAN_POINT('',(-9.51485367476586,-192.143718521973,108.936343388621));
#3352=CARTESIAN_POINT('',(-9.51485367476585,-193.843718521973,108.936343388621));
#3353=CARTESIAN_POINT('',(-11.2148536747657,-193.843718521973,108.936343388621));
#3354=CARTESIAN_POINT('',(-12.9148536747655,-193.843718521973,108.936343388621));
#3355=CARTESIAN_POINT('',(-12.9148536747655,-192.143718521973,108.936343388621));
#3356=CARTESIAN_POINT('',(-12.9148536747655,-190.443718521973,108.936343388621));
#3357=CARTESIAN_POINT('',(-11.2148536747657,-190.443718521973,108.936343388621));
#3358=CARTESIAN_POINT('',(-9.51485367476585,-190.443718521973,108.936343388621));
#3359=CARTESIAN_POINT('',(-9.51485367476586,-192.143718521973,108.936343388621));
#3360=CARTESIAN_POINT('',(24.7551851025647,-192.143718521973,115.26887590736));
#3361=CARTESIAN_POINT('',(24.7551851025647,-193.843718521973,115.26887590736));
#3362=CARTESIAN_POINT('',(23.0551851025644,-193.843718521973,115.26887590736));
#3363=CARTESIAN_POINT('',(21.3551851025641,-193.843718521973,115.26887590736));
#3364=CARTESIAN_POINT('',(21.3551851025641,-192.143718521973,115.26887590736));
#3365=CARTESIAN_POINT('',(21.3551851025641,-190.443718521973,115.26887590736));
#3366=CARTESIAN_POINT('',(23.0551851025644,-190.443718521973,115.26887590736));
#3367=CARTESIAN_POINT('',(24.7551851025647,-190.443718521973,115.26887590736));
#3368=CARTESIAN_POINT('',(24.7551851025647,-192.143718521973,115.26887590736));
#3369=CARTESIAN_POINT('',(24.7551851025647,-192.143718521973,108.936343727774));
#3370=CARTESIAN_POINT('',(24.7551851025647,-193.843718521973,108.936343727774));
#3371=CARTESIAN_POINT('',(23.0551851025644,-193.843718521973,108.936343727774));
#3372=CARTESIAN_POINT('',(21.3551851025641,-193.843718521973,108.936343727774));
#3373=CARTESIAN_POINT('',(21.3551851025641,-192.143718521973,108.936343727774));
#3374=CARTESIAN_POINT('',(21.3551851025641,-190.443718521973,108.936343727774));
#3375=CARTESIAN_POINT('',(23.0551851025644,-190.443718521973,108.936343727774));
#3376=CARTESIAN_POINT('',(24.7551851025647,-190.443718521973,108.936343727774));
#3377=CARTESIAN_POINT('',(24.7551851025647,-192.143718521973,108.936343727774));
#3378=CARTESIAN_POINT('',(24.755184842225,-216.415864926563,115.268995095089));
#3379=CARTESIAN_POINT('',(24.755184842225,-218.115864926563,115.268995095089));
#3380=CARTESIAN_POINT('',(23.0551848422245,-218.115864926563,115.268995095089));
#3381=CARTESIAN_POINT('',(21.355184842224,-218.115864926563,115.268995095089));
#3382=CARTESIAN_POINT('',(21.355184842224,-216.415864926563,115.268995095089));
#3383=CARTESIAN_POINT('',(21.355184842224,-214.715864926562,115.268995095089));
#3384=CARTESIAN_POINT('',(23.0551848422245,-214.715864926562,115.268995095089));
#3385=CARTESIAN_POINT('',(24.755184842225,-214.715864926562,115.268995095089));
#3386=CARTESIAN_POINT('',(24.755184842225,-216.415864926563,115.268995095089));
#3387=CARTESIAN_POINT('',(24.755184842225,-216.415864926563,108.935032662757));
#3388=CARTESIAN_POINT('',(24.755184842225,-218.115864926563,108.935032662757));
#3389=CARTESIAN_POINT('',(23.0551848422245,-218.115864926563,108.935032662757));
#3390=CARTESIAN_POINT('',(21.355184842224,-218.115864926563,108.935032662757));
#3391=CARTESIAN_POINT('',(21.355184842224,-216.415864926563,108.935032662757));
#3392=CARTESIAN_POINT('',(21.355184842224,-214.715864926562,108.935032662757));
#3393=CARTESIAN_POINT('',(23.0551848422245,-214.715864926562,108.935032662757));
#3394=CARTESIAN_POINT('',(24.755184842225,-214.715864926562,108.935032662757));
#3395=CARTESIAN_POINT('',(24.755184842225,-216.415864926563,108.935032662757));
#3396=CARTESIAN_POINT('',(-9.51485393510526,-216.415864926563,115.268995125921));
#3397=CARTESIAN_POINT('',(-9.51485393510525,-218.115864926563,115.268995125921));
#3398=CARTESIAN_POINT('',(-11.2148539351056,-218.115864926563,115.268995125921));
#3399=CARTESIAN_POINT('',(-12.9148539351059,-218.115864926563,115.268995125921));
#3400=CARTESIAN_POINT('',(-12.9148539351059,-216.415864926563,115.268995125921));
#3401=CARTESIAN_POINT('',(-12.9148539351059,-214.715864926563,115.268995125921));
#3402=CARTESIAN_POINT('',(-11.2148539351056,-214.715864926563,115.268995125921));
#3403=CARTESIAN_POINT('',(-9.51485393510525,-214.715864926563,115.268995125921));
#3404=CARTESIAN_POINT('',(-9.51485393510526,-216.415864926563,115.268995125921));
#3405=CARTESIAN_POINT('',(-9.51485393510526,-216.415864926563,108.935032323604));
#3406=CARTESIAN_POINT('',(-9.51485393510525,-218.115864926563,108.935032323604));
#3407=CARTESIAN_POINT('',(-11.2148539351056,-218.115864926563,108.935032323604));
#3408=CARTESIAN_POINT('',(-12.9148539351059,-218.115864926563,108.935032323604));
#3409=CARTESIAN_POINT('',(-12.9148539351059,-216.415864926563,108.935032323604));
#3410=CARTESIAN_POINT('',(-12.9148539351059,-214.715864926563,108.935032323604));
#3411=CARTESIAN_POINT('',(-11.2148539351056,-214.715864926563,108.935032323604));
#3412=CARTESIAN_POINT('',(-9.51485393510525,-214.715864926563,108.935032323604));
#3413=CARTESIAN_POINT('',(-9.51485393510526,-216.415864926563,108.935032323604));
#3414=CARTESIAN_POINT('',(-12.9148536747655,-192.143718521973,115.268875934624));
#3415=CARTESIAN_POINT('',(-12.9148536747655,-190.443718521973,115.268875934624));
#3416=CARTESIAN_POINT('',(-11.2148536747657,-190.443718521973,115.268875934624));
#3417=CARTESIAN_POINT('',(-9.51485367476585,-190.443718521973,115.268875934624));
#3418=CARTESIAN_POINT('',(-9.51485367476586,-192.143718521973,115.268875934624));
#3419=CARTESIAN_POINT('',(-9.51485367476585,-193.843718521973,115.268875934624));
#3420=CARTESIAN_POINT('',(-11.2148536747657,-193.843718521973,115.268875934624));
#3421=CARTESIAN_POINT('',(-12.9148536747655,-193.843718521973,115.268875934624));
#3422=CARTESIAN_POINT('',(-12.9148536747655,-192.143718521973,115.268875934624));
#3423=CARTESIAN_POINT('',(-12.9148536747655,-192.143718521973,108.936343427877));
#3424=CARTESIAN_POINT('',(-12.9148536747655,-190.443718521973,108.936343427877));
#3425=CARTESIAN_POINT('',(-11.2148536747657,-190.443718521973,108.936343427877));
#3426=CARTESIAN_POINT('',(-9.51485367476585,-190.443718521973,108.936343427877));
#3427=CARTESIAN_POINT('',(-9.51485367476586,-192.143718521973,108.936343427877));
#3428=CARTESIAN_POINT('',(-9.51485367476585,-193.843718521973,108.936343427877));
#3429=CARTESIAN_POINT('',(-11.2148536747657,-193.843718521973,108.936343427877));
#3430=CARTESIAN_POINT('',(-12.9148536747655,-193.843718521973,108.936343427877));
#3431=CARTESIAN_POINT('',(-12.9148536747655,-192.143718521973,108.936343427877));
#3432=CARTESIAN_POINT('',(21.3551851025641,-192.143718521973,115.268875903792));
#3433=CARTESIAN_POINT('',(21.3551851025641,-190.443718521973,115.268875903792));
#3434=CARTESIAN_POINT('',(23.0551851025644,-190.443718521973,115.268875903792));
#3435=CARTESIAN_POINT('',(24.7551851025646,-190.443718521973,115.268875903792));
#3436=CARTESIAN_POINT('',(24.7551851025646,-192.143718521973,115.268875903792));
#3437=CARTESIAN_POINT('',(24.7551851025646,-193.843718521973,115.268875903792));
#3438=CARTESIAN_POINT('',(23.0551851025644,-193.843718521973,115.268875903792));
#3439=CARTESIAN_POINT('',(21.3551851025641,-193.843718521973,115.268875903792));
#3440=CARTESIAN_POINT('',(21.3551851025641,-192.143718521973,115.268875903792));
#3441=CARTESIAN_POINT('',(21.3551851025641,-192.143718521973,108.936343767031));
#3442=CARTESIAN_POINT('',(21.3551851025641,-190.443718521973,108.936343767031));
#3443=CARTESIAN_POINT('',(23.0551851025644,-190.443718521973,108.936343767031));
#3444=CARTESIAN_POINT('',(24.7551851025646,-190.443718521973,108.936343767031));
#3445=CARTESIAN_POINT('',(24.7551851025646,-192.143718521973,108.936343767031));
#3446=CARTESIAN_POINT('',(24.7551851025646,-193.843718521973,108.936343767031));
#3447=CARTESIAN_POINT('',(23.0551851025644,-193.843718521973,108.936343767031));
#3448=CARTESIAN_POINT('',(21.3551851025641,-193.843718521973,108.936343767031));
#3449=CARTESIAN_POINT('',(21.3551851025641,-192.143718521973,108.936343767031));
#3450=CARTESIAN_POINT('',(21.3551848422244,-216.415864926563,115.268995091521));
#3451=CARTESIAN_POINT('',(21.3551848422244,-214.715864926563,115.268995091521));
#3452=CARTESIAN_POINT('',(23.0551848422245,-214.715864926563,115.268995091521));
#3453=CARTESIAN_POINT('',(24.7551848422245,-214.715864926563,115.268995091521));
#3454=CARTESIAN_POINT('',(24.7551848422245,-216.415864926563,115.268995091521));
#3455=CARTESIAN_POINT('',(24.7551848422245,-218.115864926563,115.268995091521));
#3456=CARTESIAN_POINT('',(23.0551848422245,-218.115864926563,115.268995091521));
#3457=CARTESIAN_POINT('',(21.3551848422244,-218.115864926563,115.268995091521));
#3458=CARTESIAN_POINT('',(21.3551848422244,-216.415864926563,115.268995091521));
#3459=CARTESIAN_POINT('',(21.3551848422244,-216.415864926563,108.935032702013));
#3460=CARTESIAN_POINT('',(21.3551848422244,-214.715864926563,108.935032702013));
#3461=CARTESIAN_POINT('',(23.0551848422245,-214.715864926563,108.935032702013));
#3462=CARTESIAN_POINT('',(24.7551848422245,-214.715864926563,108.935032702013));
#3463=CARTESIAN_POINT('',(24.7551848422245,-216.415864926563,108.935032702013));
#3464=CARTESIAN_POINT('',(24.7551848422245,-218.115864926563,108.935032702013));
#3465=CARTESIAN_POINT('',(23.0551848422245,-218.115864926563,108.935032702013));
#3466=CARTESIAN_POINT('',(21.3551848422244,-218.115864926563,108.935032702013));
#3467=CARTESIAN_POINT('',(21.3551848422244,-216.415864926563,108.935032702013));
#3468=CARTESIAN_POINT('',(-12.9148539351052,-216.415864926563,115.268995122353));
#3469=CARTESIAN_POINT('',(-12.9148539351052,-214.715864926563,115.268995122353));
#3470=CARTESIAN_POINT('',(-11.2148539351056,-214.715864926563,115.268995122353));
#3471=CARTESIAN_POINT('',(-9.51485393510597,-214.715864926563,115.268995122353));
#3472=CARTESIAN_POINT('',(-9.51485393510596,-216.415864926563,115.268995122353));
#3473=CARTESIAN_POINT('',(-9.51485393510597,-218.115864926563,115.268995122353));
#3474=CARTESIAN_POINT('',(-11.2148539351056,-218.115864926563,115.268995122353));
#3475=CARTESIAN_POINT('',(-12.9148539351052,-218.115864926563,115.268995122353));
#3476=CARTESIAN_POINT('',(-12.9148539351052,-216.415864926563,115.268995122353));
#3477=CARTESIAN_POINT('',(-12.9148539351052,-216.415864926563,108.935032362859));
#3478=CARTESIAN_POINT('',(-12.9148539351052,-214.715864926563,108.935032362859));
#3479=CARTESIAN_POINT('',(-11.2148539351056,-214.715864926563,108.935032362859));
#3480=CARTESIAN_POINT('',(-9.51485393510597,-214.715864926563,108.935032362859));
#3481=CARTESIAN_POINT('',(-9.51485393510596,-216.415864926563,108.935032362859));
#3482=CARTESIAN_POINT('',(-9.51485393510597,-218.115864926563,108.935032362859));
#3483=CARTESIAN_POINT('',(-11.2148539351056,-218.115864926563,108.935032362859));
#3484=CARTESIAN_POINT('',(-12.9148539351052,-218.115864926563,108.935032362859));
#3485=CARTESIAN_POINT('',(-12.9148539351052,-216.415864926563,108.935032362859));
#3486=CARTESIAN_POINT('',(-6.39951111610564,-196.919073880735,106.561245222014));
#3487=CARTESIAN_POINT('',(-6.39951111610566,-187.368363163111,106.561245222014));
#3488=CARTESIAN_POINT('',(-16.0301962334256,-196.919073880735,106.561245222014));
#3489=CARTESIAN_POINT('',(-16.0301962334256,-187.368363163111,106.561245222014));
#3490=CARTESIAN_POINT('',(27.8705276612245,-196.919073880735,106.561245222014));
#3491=CARTESIAN_POINT('',(27.8705276612245,-187.368363163111,106.561245222014));
#3492=CARTESIAN_POINT('',(18.2398425439045,-196.919073880735,106.561245222014));
#3493=CARTESIAN_POINT('',(18.2398425439045,-187.368363163111,106.561245222014));
#3494=CARTESIAN_POINT('',(-6.39951137644546,-221.191220285327,106.561245222014));
#3495=CARTESIAN_POINT('',(-6.39951137644546,-211.640509567799,106.561245222014));
#3496=CARTESIAN_POINT('',(-16.0301964937656,-221.191220285327,106.561245222014));
#3497=CARTESIAN_POINT('',(-16.0301964937656,-211.640509567799,106.561245222014));
#3498=CARTESIAN_POINT('',(27.8705274008845,-221.191220285316,106.561245222014));
#3499=CARTESIAN_POINT('',(27.8705274008845,-211.6405095678,106.561245222014));
#3500=CARTESIAN_POINT('',(18.2398422835643,-221.191220285316,106.561245222014));
#3501=CARTESIAN_POINT('',(18.2398422835643,-211.6405095678,106.561245222014));
#3502=CARTESIAN_POINT('',(-8.45828437622745,-161.971399567753,128.768586547623));
#3503=CARTESIAN_POINT('',(-8.45828437622745,-161.971399567753,104.433305101504));
#3504=CARTESIAN_POINT('',(-8.45828437622747,-147.592949477631,128.768586547623));
#3505=CARTESIAN_POINT('',(-8.45828437622747,-147.592949477631,104.433305101504));
#3506=CARTESIAN_POINT('',(5.92016571389453,-147.592949477631,128.768586547623));
#3507=CARTESIAN_POINT('',(5.92016571389453,-147.592949477631,104.433305101504));
#3508=CARTESIAN_POINT('',(20.2986158040165,-147.592949477631,128.768586547623));
#3509=CARTESIAN_POINT('',(20.2986158040165,-147.592949477631,104.433305101504));
#3510=CARTESIAN_POINT('',(20.2986158040165,-161.971399567753,128.768586547623));
#3511=CARTESIAN_POINT('',(20.2986158040165,-161.971399567753,104.433305101504));
#3512=CARTESIAN_POINT('',(20.2986158040165,-176.349849657875,128.768586547623));
#3513=CARTESIAN_POINT('',(20.2986158040165,-176.349849657875,104.433305101504));
#3514=CARTESIAN_POINT('',(5.92016571389453,-176.349849657875,128.768586547623));
#3515=CARTESIAN_POINT('',(5.92016571389453,-176.349849657875,104.433305101504));
#3516=CARTESIAN_POINT('',(-8.45828437622747,-176.349849657875,128.768586547623));
#3517=CARTESIAN_POINT('',(-8.45828437622747,-176.349849657875,104.433305101504));
#3518=CARTESIAN_POINT('',(-8.45828437622745,-161.971399567753,128.768586547623));
#3519=CARTESIAN_POINT('',(-8.45828437622745,-161.971399567753,104.433305101504));
#3520=CARTESIAN_POINT('',(-1.39514701766336,-149.592949477633,106.561245222014));
#3521=CARTESIAN_POINT('',(13.2354784454524,-149.592949477633,106.561245222014));
#3522=CARTESIAN_POINT('',(-1.39514701766336,-149.592949477633,126.640646427113));
#3523=CARTESIAN_POINT('',(13.2354784454524,-149.592949477633,126.640646427113));
#3524=CARTESIAN_POINT('',(-8.13606458994556,-192.117157693973,2.07940132256498));
#3525=CARTESIAN_POINT('',(-8.16262541794551,-189.038368609154,2.07940132256498));
#3526=CARTESIAN_POINT('',(-11.2414145027647,-189.064929437154,2.07940132256498));
#3527=CARTESIAN_POINT('',(-14.3202035875839,-189.091490265154,2.07940132256498));
#3528=CARTESIAN_POINT('',(-14.2936427595839,-192.170279349973,2.07940132256498));
#3529=CARTESIAN_POINT('',(-8.13606458994556,-192.117157693973,111.640646427113));
#3530=CARTESIAN_POINT('',(-8.16262541794551,-189.038368609154,111.640646427113));
#3531=CARTESIAN_POINT('',(-11.2414145027647,-189.064929437154,111.640646427113));
#3532=CARTESIAN_POINT('',(-14.3202035875839,-189.091490265154,111.640646427113));
#3533=CARTESIAN_POINT('',(-14.2936427595839,-192.170279349973,111.640646427113));
#3534=CARTESIAN_POINT('',(-15.0301389957888,-196.025405912997,111.640646427113));
#3535=CARTESIAN_POINT('',(-7.33316628374081,-195.959003842997,111.640646427113));
#3536=CARTESIAN_POINT('',(-15.0965410657887,-188.328433200949,111.640646427113));
#3537=CARTESIAN_POINT('',(-7.39956835374071,-188.262031130949,111.640646427113));
#3538=CARTESIAN_POINT('',(19.9763960177343,-192.117157693973,2.07940132256498));
#3539=CARTESIAN_POINT('',(19.9498351897343,-195.195946778792,2.07940132256498));
#3540=CARTESIAN_POINT('',(23.0286242745535,-195.222507606792,2.07940132256498));
#3541=CARTESIAN_POINT('',(26.1074133593727,-195.249068434792,2.07940132256498));
#3542=CARTESIAN_POINT('',(26.1339741873727,-192.170279349973,2.07940132256498));
#3543=CARTESIAN_POINT('',(19.9763960177343,-192.117157693973,111.640646427113));
#3544=CARTESIAN_POINT('',(19.9498351897343,-195.195946778792,111.640646427113));
#3545=CARTESIAN_POINT('',(23.0286242745535,-195.222507606792,111.640646427113));
#3546=CARTESIAN_POINT('',(26.1074133593727,-195.249068434792,111.640646427113));
#3547=CARTESIAN_POINT('',(26.1339741873727,-192.170279349973,111.640646427113));
#3548=CARTESIAN_POINT('',(19.1734977115295,-195.959003842997,111.640646427113));
#3549=CARTESIAN_POINT('',(26.8704704235775,-196.025405912997,111.640646427113));
#3550=CARTESIAN_POINT('',(19.2398997815294,-188.262031130949,111.640646427113));
#3551=CARTESIAN_POINT('',(26.9368724935774,-188.328433200949,111.640646427113));
#3552=CARTESIAN_POINT('',(19.1734974511882,-220.231150247587,111.640646427113));
#3553=CARTESIAN_POINT('',(26.8704701632362,-220.297552317587,111.640646427113));
#3554=CARTESIAN_POINT('',(19.2398995211881,-212.534177535539,111.640646427113));
#3555=CARTESIAN_POINT('',(26.9368722332361,-212.600579605539,111.640646427113));
#3556=CARTESIAN_POINT('',(19.976395757393,-216.389304098563,2.07940132256498));
#3557=CARTESIAN_POINT('',(19.949834929393,-219.468093183382,2.07940132256498));
#3558=CARTESIAN_POINT('',(23.0286240142122,-219.494654011382,2.07940132256498));
#3559=CARTESIAN_POINT('',(26.1074130990314,-219.521214839382,2.07940132256498));
#3560=CARTESIAN_POINT('',(26.1339739270313,-216.442425754563,2.07940132256498));
#3561=CARTESIAN_POINT('',(19.976395757393,-216.389304098563,111.640646427113));
#3562=CARTESIAN_POINT('',(19.949834929393,-219.468093183382,111.640646427113));
#3563=CARTESIAN_POINT('',(23.0286240142122,-219.494654011382,111.640646427113));
#3564=CARTESIAN_POINT('',(26.1074130990314,-219.521214839382,111.640646427113));
#3565=CARTESIAN_POINT('',(26.1339739270313,-216.442425754563,111.640646427113));
#3566=CARTESIAN_POINT('',(-8.13606485028689,-216.389304098563,2.07940132256498));
#3567=CARTESIAN_POINT('',(-8.16262567828683,-213.310515013744,2.07940132256498));
#3568=CARTESIAN_POINT('',(-11.241414763106,-213.337075841744,2.07940132256498));
#3569=CARTESIAN_POINT('',(-14.3202038479252,-213.363636669744,2.07940132256498));
#3570=CARTESIAN_POINT('',(-14.2936430199252,-216.442425754563,2.07940132256498));
#3571=CARTESIAN_POINT('',(-8.13606485028689,-216.389304098563,111.640646427113));
#3572=CARTESIAN_POINT('',(-8.16262567828683,-213.310515013744,111.640646427113));
#3573=CARTESIAN_POINT('',(-11.241414763106,-213.337075841744,111.640646427113));
#3574=CARTESIAN_POINT('',(-14.3202038479252,-213.363636669744,111.640646427113));
#3575=CARTESIAN_POINT('',(-14.2936430199252,-216.442425754563,111.640646427113));
#3576=CARTESIAN_POINT('',(-15.0301392561301,-220.297552317587,111.640646427113));
#3577=CARTESIAN_POINT('',(-7.33316654408213,-220.231150247587,111.640646427113));
#3578=CARTESIAN_POINT('',(-15.09654132613,-212.600579605539,111.640646427113));
#3579=CARTESIAN_POINT('',(-7.39956861408203,-212.534177535539,111.640646427113));
#3580=CARTESIAN_POINT('',(-14.2936427595839,-192.170279349973,2.07940132256498));
#3581=CARTESIAN_POINT('',(-14.267081931584,-195.249068434792,2.07940132256498));
#3582=CARTESIAN_POINT('',(-11.1882928467648,-195.222507606792,2.07940132256498));
#3583=CARTESIAN_POINT('',(-8.10950376194559,-195.195946778792,2.07940132256498));
#3584=CARTESIAN_POINT('',(-8.13606458994556,-192.117157693973,2.07940132256498));
#3585=CARTESIAN_POINT('',(-14.2936427595839,-192.170279349973,111.640646427113));
#3586=CARTESIAN_POINT('',(-14.267081931584,-195.249068434792,111.640646427113));
#3587=CARTESIAN_POINT('',(-11.1882928467648,-195.222507606792,111.640646427113));
#3588=CARTESIAN_POINT('',(-8.10950376194559,-195.195946778792,111.640646427113));
#3589=CARTESIAN_POINT('',(-8.13606458994556,-192.117157693973,111.640646427113));
#3590=CARTESIAN_POINT('',(26.1339741873727,-192.170279349973,2.07940132256498));
#3591=CARTESIAN_POINT('',(26.1605350153726,-189.091490265154,2.07940132256498));
#3592=CARTESIAN_POINT('',(23.0817459305534,-189.064929437154,2.07940132256498));
#3593=CARTESIAN_POINT('',(20.0029568457342,-189.038368609154,2.07940132256498));
#3594=CARTESIAN_POINT('',(19.9763960177343,-192.117157693973,2.07940132256498));
#3595=CARTESIAN_POINT('',(26.1339741873727,-192.170279349973,111.640646427113));
#3596=CARTESIAN_POINT('',(26.1605350153726,-189.091490265154,111.640646427113));
#3597=CARTESIAN_POINT('',(23.0817459305534,-189.064929437154,111.640646427113));
#3598=CARTESIAN_POINT('',(20.0029568457342,-189.038368609154,111.640646427113));
#3599=CARTESIAN_POINT('',(19.9763960177343,-192.117157693973,111.640646427113));
#3600=CARTESIAN_POINT('',(26.1339739270313,-216.442425754563,2.07940132256498));
#3601=CARTESIAN_POINT('',(26.1605347550313,-213.363636669744,2.07940132256498));
#3602=CARTESIAN_POINT('',(23.0817456702121,-213.337075841744,2.07940132256498));
#3603=CARTESIAN_POINT('',(20.0029565853929,-213.310515013744,2.07940132256498));
#3604=CARTESIAN_POINT('',(19.976395757393,-216.389304098563,2.07940132256498));
#3605=CARTESIAN_POINT('',(26.1339739270313,-216.442425754563,111.640646427113));
#3606=CARTESIAN_POINT('',(26.1605347550313,-213.363636669744,111.640646427113));
#3607=CARTESIAN_POINT('',(23.0817456702121,-213.337075841744,111.640646427113));
#3608=CARTESIAN_POINT('',(20.0029565853929,-213.310515013744,111.640646427113));
#3609=CARTESIAN_POINT('',(19.976395757393,-216.389304098563,111.640646427113));
#3610=CARTESIAN_POINT('',(-14.2936430199252,-216.442425754563,2.07940132256498));
#3611=CARTESIAN_POINT('',(-14.2670821919253,-219.521214839382,2.07940132256498));
#3612=CARTESIAN_POINT('',(-11.1882931071061,-219.494654011382,2.07940132256498));
#3613=CARTESIAN_POINT('',(-8.10950402228692,-219.468093183382,2.07940132256498));
#3614=CARTESIAN_POINT('',(-8.13606485028689,-216.389304098563,2.07940132256498));
#3615=CARTESIAN_POINT('',(-14.2936430199252,-216.442425754563,111.640646427113));
#3616=CARTESIAN_POINT('',(-14.2670821919253,-219.521214839382,111.640646427113));
#3617=CARTESIAN_POINT('',(-11.1882931071061,-219.494654011382,111.640646427113));
#3618=CARTESIAN_POINT('',(-8.10950402228692,-219.468093183382,111.640646427113));
#3619=CARTESIAN_POINT('',(-8.13606485028689,-216.389304098563,111.640646427113));
#3620=CARTESIAN_POINT('',(26.3283295068143,-223.043258959553,114.640646427113));
#3621=CARTESIAN_POINT('',(26.3283295068143,-223.043258959553,106.561245222014));
#3622=CARTESIAN_POINT('',(28.3283295068143,-221.043258959553,106.561245222014));
#3623=CARTESIAN_POINT('',(28.3283295068143,-221.043258959553,114.640646427113));
#3624=CARTESIAN_POINT('',(-16.4879980790156,-221.043258959553,106.561245222014));
#3625=CARTESIAN_POINT('',(-14.4879980790156,-223.043258959553,106.561245222014));
#3626=CARTESIAN_POINT('',(-14.4879980790156,-223.043258959553,114.640646427113));
#3627=CARTESIAN_POINT('',(-16.4879980790156,-221.043258959553,114.640646427113));
#3628=CARTESIAN_POINT('',(-16.4879980790156,-176.116573020293,106.561245222014));
#3629=CARTESIAN_POINT('',(-16.4879980790156,-185.469905614063,114.640646427113));
#3630=CARTESIAN_POINT('',(-16.4879980790156,-176.116573020293,114.640646427113));
#3631=CARTESIAN_POINT('',(28.3283295068145,-176.116573020293,106.561245222014));
#3632=CARTESIAN_POINT('',(28.3283295068143,-176.116573020293,114.640646427113));
#3633=CARTESIAN_POINT('',(28.3283295068145,-185.469905614063,114.640646427113));
#3634=CARTESIAN_POINT('',(28.3283295068143,-185.469905614063,126.640646427113));
#3635=CARTESIAN_POINT('',(18.3201657138944,-185.469905614063,126.640646427113));
#3636=CARTESIAN_POINT('',(18.3201657138944,-185.469905614063,114.640646427113));
#3637=CARTESIAN_POINT('',(28.3283295068145,-176.116573020293,126.640646427113));
#3638=CARTESIAN_POINT('',(18.3201657138944,-176.116573020293,126.640646427113));
#3639=CARTESIAN_POINT('',(-16.4879980790156,-176.116573020293,126.640646427113));
#3640=CARTESIAN_POINT('',(-16.4879980790156,-185.469905614063,126.640646427113));
#3641=CARTESIAN_POINT('',(-6.47983428610556,-185.469905614063,126.640646427113));
#3642=CARTESIAN_POINT('',(-6.47983428610556,-176.116573020293,126.640646427113));
#3643=CARTESIAN_POINT('',(-6.47983428610556,-185.469905614063,114.640646427113));
#3644=CARTESIAN_POINT('',(-12.4798342860956,-197.617498426683,114.640646427113));
#3645=CARTESIAN_POINT('',(-12.4798342860956,-197.617498426683,118.102930888713));
#3646=CARTESIAN_POINT('',(-6.47983428609555,-197.617498426683,118.102930888713));
#3647=CARTESIAN_POINT('',(-6.47983428609555,-197.617498426683,114.640646427113));
#3648=CARTESIAN_POINT('',(-12.4798342860956,-209.229760822913,118.102930888713));
#3649=CARTESIAN_POINT('',(-6.47983428609555,-209.229760822913,118.102930888713));
#3650=CARTESIAN_POINT('',(-12.4798342860956,-209.229760822913,114.640646427113));
#3651=CARTESIAN_POINT('',(-6.47983428609555,-209.229760822913,114.640646427113));
#3652=CARTESIAN_POINT('',(24.3201657138863,-209.229760822913,114.640646427113));
#3653=CARTESIAN_POINT('',(24.3201657138844,-209.229760822913,118.102930888713));
#3654=CARTESIAN_POINT('',(18.3201657138844,-209.229760822913,118.102930888713));
#3655=CARTESIAN_POINT('',(18.3201657138863,-209.229760822913,114.640646427113));
#3656=CARTESIAN_POINT('',(24.3201657138844,-197.617498426683,118.102930888713));
#3657=CARTESIAN_POINT('',(18.3201657138844,-197.617498426683,118.102930888713));
#3658=CARTESIAN_POINT('',(24.3201657138863,-197.617498426683,114.640646427113));
#3659=CARTESIAN_POINT('',(18.3201657138863,-197.617498426683,114.640646427113));
#3660=CARTESIAN_POINT('',(-3.47983428610556,-176.116573020293,114.640646427113));
#3661=CARTESIAN_POINT('',(-3.47983428610556,-178.052589434483,114.640646427113));
#3662=CARTESIAN_POINT('',(15.3201657138944,-178.052589434483,114.640646427113));
#3663=CARTESIAN_POINT('',(15.3201657138944,-176.116573020293,114.640646427113));
#3664=CARTESIAN_POINT('',(13.2354784454524,-149.592949477633,126.640646427113));
#3665=CARTESIAN_POINT('',(-1.39514701766336,-149.592949477633,126.640646427113));
#3666=CARTESIAN_POINT('',(-6.82709836153546,-155.319551284353,126.640646427113));
#3667=CARTESIAN_POINT('',(-6.95002839838546,-155.569064667373,126.640646427113));
#3668=CARTESIAN_POINT('',(-3.47983428610556,-176.116573020293,126.640646427113));
#3669=CARTESIAN_POINT('',(15.3201657138944,-176.116573020293,126.640646427113));
#3670=CARTESIAN_POINT('',(18.7903598261744,-155.569064667363,126.640646427113));
#3671=CARTESIAN_POINT('',(18.6674297893244,-155.319551284353,126.640646427113));
#3672=CARTESIAN_POINT('',(-6.22983428610556,-161.971399567863,126.640646427113));
#3673=CARTESIAN_POINT('',(-3.22983428610556,-161.971399567833,126.640646427113));
#3674=CARTESIAN_POINT('',(15.0701657138946,-161.971399567673,126.640646427113));
#3675=CARTESIAN_POINT('',(15.0701657138944,-161.971399567673,109.46554695302));
#3676=CARTESIAN_POINT('',(-3.22983428610556,-161.971399567833,109.46554695302));
#3677=CARTESIAN_POINT('',(-6.95002839838546,-155.569064667373,106.561245222014));
#3678=CARTESIAN_POINT('',(-6.82709836153546,-155.319551284353,106.561245222014));
#3679=CARTESIAN_POINT('',(13.2354784454523,-149.592949477633,106.561245222014));
#3680=CARTESIAN_POINT('',(18.6674297893244,-155.319551284353,106.561245222014));
#3681=CARTESIAN_POINT('',(18.7903598261744,-155.569064667363,106.561245222014));
#3682=CARTESIAN_POINT('',(-1.39514701766336,-149.592949477633,106.561245222014));
#3683=CARTESIAN_POINT('',(18.3201657138944,-176.116573020293,106.561245222014));
#3684=CARTESIAN_POINT('',(15.3201657138944,-176.116573020293,106.561245222014));
#3685=CARTESIAN_POINT('',(-3.47983428610556,-176.116573020293,106.561245222014));
#3686=CARTESIAN_POINT('',(-6.47983428610556,-176.116573020293,106.561245222014));
#3687=CARTESIAN_POINT('',(-3.47983428610556,-178.052589434483,106.561245222014));
#3688=CARTESIAN_POINT('',(15.3201657138944,-178.052589434483,106.561245222014));
#3689=CARTESIAN_POINT('',(-5.55810567700556,-185.469905614063,106.561245222014));
#3690=CARTESIAN_POINT('',(-5.55810567700586,-185.469905614063,114.640646427113));
#3691=CARTESIAN_POINT('',(-5.41091664158556,-185.480088013763,114.640646427113));
#3692=CARTESIAN_POINT('',(-5.41091664158556,-185.480088013764,106.561245222014));
#3693=CARTESIAN_POINT('',(17.2512480693743,-185.480088013763,114.640646427113));
#3694=CARTESIAN_POINT('',(17.2512480693747,-185.480088013764,106.561245222014));
#3695=CARTESIAN_POINT('',(15.3201657138944,-185.469905614063,106.561245222014));
#3696=CARTESIAN_POINT('',(-3.47983428610536,-185.469905614063,106.561245222014));
#3697=CARTESIAN_POINT('',(17.3984371048044,-185.469905614063,114.640646427113));
#3698=CARTESIAN_POINT('',(17.3984371047944,-185.469905614063,106.561245222014));
#3699=CARTESIAN_POINT('',(5.92016571390454,-223.043258959553,108.280172217961));
#3700=CARTESIAN_POINT('',(-6.69571772344555,-223.043258959553,114.640646427113));
#3701=CARTESIAN_POINT('',(18.5360491118045,-223.043258959553,114.640646427113));
#3702=CARTESIAN_POINT('',(-6.69571772344557,-219.470435871563,114.640646427113));
#3703=CARTESIAN_POINT('',(-2.15387012596577,-219.470435871563,114.640646427113));
#3704=CARTESIAN_POINT('',(-2.15387012596577,-216.415865335373,114.640646427113));
#3705=CARTESIAN_POINT('',(-0.508348618295457,-216.415865335373,114.640646427113));
#3706=CARTESIAN_POINT('',(12.3486800066441,-216.415865335373,114.640646427112));
#3707=CARTESIAN_POINT('',(13.9942015143145,-216.415865335373,114.640646427113));
#3708=CARTESIAN_POINT('',(13.9942015143145,-219.470435871563,114.640646427113));
#3709=CARTESIAN_POINT('',(18.5360491117945,-219.470435871563,114.640646427113));
#3710=CARTESIAN_POINT('',(23.0551851025642,-193.843718521973,114.641164892395));
#3711=CARTESIAN_POINT('',(23.0551851025642,-190.443718521973,114.641164892395));
#3712=CARTESIAN_POINT('',(-11.2148539351056,-218.115864926563,114.641164892395));
#3713=CARTESIAN_POINT('',(-11.2148539351056,-214.715864926563,114.641164892395));
#3714=CARTESIAN_POINT('',(23.0551848422345,-218.115864926563,114.641164892395));
#3715=CARTESIAN_POINT('',(23.0551848422245,-214.715864926563,114.641164892395));
#3716=CARTESIAN_POINT('',(-11.2148536747657,-193.843718521973,114.641164892395));
#3717=CARTESIAN_POINT('',(-11.2148536747657,-190.443718521973,114.641164892395));
#3718=CARTESIAN_POINT('',(5.92016571390454,-216.415865335373,111.632484636453));
#3719=CARTESIAN_POINT('',(5.92016571389453,-216.415865335373,112.640646427113));
#3720=CARTESIAN_POINT('',(5.92016571390454,-219.470435871563,108.280172217961));
#3721=CARTESIAN_POINT('',(5.92016571390454,-219.470435871563,111.632484636455));
#3722=CARTESIAN_POINT('',(18.3201657138944,-185.469905614063,106.561245222014));
#3723=CARTESIAN_POINT('',(-6.47983428610556,-185.469905614063,106.561245222014));
#3724=CARTESIAN_POINT('',(-11.2148539351156,-212.536402127603,106.561245222014));
#3725=CARTESIAN_POINT('',(23.0551848422145,-212.536402127603,106.561245222014));
#3726=CARTESIAN_POINT('',(23.0551851024645,-188.264255723013,106.561245222014));
#3727=CARTESIAN_POINT('',(-11.2148536748655,-188.264255723013,106.561245222014));
#3728=CARTESIAN_POINT('',(-3.47983428610556,-185.469905614063,126.640646427113));
#3729=CARTESIAN_POINT('',(15.3201657138944,-185.469905614063,126.640646427113));
#3730=CARTESIAN_POINT('',(-8.13606458994556,-192.117157693973,106.561245222014));
#3731=CARTESIAN_POINT('',(-8.13606485028566,-216.389304098563,106.561245222014));
#3732=CARTESIAN_POINT('',(-11.2148536477869,-193.84357128409,111.640646427113));
#3733=CARTESIAN_POINT('',(-11.214853647792,-190.44357130686,111.640646427113));
#3734=CARTESIAN_POINT('',(23.055185129543,-193.843571284134,111.640646427113));
#3735=CARTESIAN_POINT('',(23.055185129538,-190.443571306904,111.640646427113));
#3736=CARTESIAN_POINT('',(23.0551848692364,-218.115717526209,111.640646427113));
#3737=CARTESIAN_POINT('',(23.0551848692273,-214.715717548968,111.640646427113));
#3738=CARTESIAN_POINT('',(-11.2148539080977,-218.11571752617,111.640646427113));
#3739=CARTESIAN_POINT('',(-11.2148539081027,-214.71571754893,111.640646427113));
#3740=CARTESIAN_POINT('',(19.9763960177445,-192.117157693975,106.561245222014));
#3741=CARTESIAN_POINT('',(19.9763957574044,-216.389304098565,106.561245222014));
#3742=CARTESIAN_POINT('',(-8.13606458994556,-192.117157693973,111.640646427113));
#3743=CARTESIAN_POINT('',(19.9763960177343,-192.117157693973,111.640646427113));
#3744=CARTESIAN_POINT('',(19.976395757393,-216.389304098563,111.640646427113));
#3745=CARTESIAN_POINT('',(-8.13606485028689,-216.389304098563,111.640646427113));
#3746=CARTESIAN_POINT('',(-14.2936427595857,-192.170279349973,106.561245222014));
#3747=CARTESIAN_POINT('',(-14.2936427595839,-192.170279349973,111.640646427113));
#3748=CARTESIAN_POINT('',(26.1339741873845,-192.170279349973,106.561245222014));
#3749=CARTESIAN_POINT('',(26.1339741873727,-192.170279349973,111.640646427113));
#3750=CARTESIAN_POINT('',(26.1339739270446,-216.442425754563,106.561245222014));
#3751=CARTESIAN_POINT('',(26.1339739270313,-216.442425754563,111.640646427113));
#3752=CARTESIAN_POINT('',(-14.2936430199259,-216.442425754563,106.561245222014));
#3753=CARTESIAN_POINT('',(-14.2936430199252,-216.442425754563,111.640646427113));
#3754=CARTESIAN_POINT('',(26.3283295068143,-223.043258959553,114.640646427113));
#3755=CARTESIAN_POINT('',(26.3283295068143,-223.043258959553,111.94751269208));
#3756=CARTESIAN_POINT('',(26.3283295068143,-223.043258959553,109.254378957047));
#3757=CARTESIAN_POINT('',(26.3283295068143,-223.043258959553,106.561245222014));
#3758=CARTESIAN_POINT('',(1.57079632679528,9.00734132560935));
#3759=CARTESIAN_POINT('',(1.57079632679425,0.92794012051093));
#3760=CARTESIAN_POINT('',(26.3283295068143,-223.043258959553,106.561245222014));
#3761=CARTESIAN_POINT('',(28.3283295068144,-223.043258959553,106.561245222014));
#3762=CARTESIAN_POINT('',(28.3283295068143,-221.043258959553,106.561245222014));
#3763=CARTESIAN_POINT('',(1.57079632679425,0.92794012051093));
#3764=CARTESIAN_POINT('',(3.14159265359024,0.927940120510934));
#3765=CARTESIAN_POINT('',(28.3283295068143,-221.043258959553,106.561245222014));
#3766=CARTESIAN_POINT('',(28.3283295068143,-221.043258959553,109.254378957047));
#3767=CARTESIAN_POINT('',(28.3283295068143,-221.043258959553,111.94751269208));
#3768=CARTESIAN_POINT('',(28.3283295068143,-221.043258959553,114.640646427113));
#3769=CARTESIAN_POINT('',(3.14159265359024,0.927940120510934));
#3770=CARTESIAN_POINT('',(3.14159265358936,9.00734132560932));
#3771=CARTESIAN_POINT('',(28.3283295068143,-221.043258959553,114.640646427113));
#3772=CARTESIAN_POINT('',(28.3283295068153,-223.043258959554,114.640646427114));
#3773=CARTESIAN_POINT('',(26.3283295068143,-223.043258959553,114.640646427113));
#3774=CARTESIAN_POINT('',(3.14159265358936,9.00734132560932));
#3775=CARTESIAN_POINT('',(1.57079632679528,9.00734132560935));
#3776=CARTESIAN_POINT('',(-16.4879980790156,-221.043258959553,106.561245222014));
#3777=CARTESIAN_POINT('',(-16.4879980790166,-223.043258959554,106.561245222014));
#3778=CARTESIAN_POINT('',(-14.4879980790156,-223.043258959553,106.561245222014));
#3779=CARTESIAN_POINT('',(3.14159265359024,0.92794012051091));
#3780=CARTESIAN_POINT('',(4.71238898038419,0.927940120510892));
#3781=CARTESIAN_POINT('',(-14.4879980790156,-223.043258959553,106.561245222014));
#3782=CARTESIAN_POINT('',(-14.4879980790152,-223.043258959553,109.254378957048));
#3783=CARTESIAN_POINT('',(-14.4879980790156,-223.043258959553,111.947512692079));
#3784=CARTESIAN_POINT('',(-14.4879980790156,-223.043258959553,114.640646427113));
#3785=CARTESIAN_POINT('',(4.71238898038419,0.927940120510892));
#3786=CARTESIAN_POINT('',(4.71238898038519,9.0073413256091));
#3787=CARTESIAN_POINT('',(-14.4879980790156,-223.043258959553,114.640646427113));
#3788=CARTESIAN_POINT('',(-16.4879980790156,-223.043258959553,114.640646427113));
#3789=CARTESIAN_POINT('',(-16.4879980790156,-221.043258959553,114.640646427113));
#3790=CARTESIAN_POINT('',(4.71238898038519,9.0073413256091));
#3791=CARTESIAN_POINT('',(3.14159265358932,9.00734132560913));
#3792=CARTESIAN_POINT('',(-16.4879980790156,-221.043258959553,114.640646427113));
#3793=CARTESIAN_POINT('',(-16.4879980790156,-221.043258959553,111.947512692079));
#3794=CARTESIAN_POINT('',(-16.4879980790152,-221.043258959553,109.254378957048));
#3795=CARTESIAN_POINT('',(-16.4879980790156,-221.043258959553,106.561245222014));
#3796=CARTESIAN_POINT('',(3.14159265358932,9.00734132560913));
#3797=CARTESIAN_POINT('',(3.14159265359024,0.92794012051091));
#3798=CARTESIAN_POINT('',(-16.4879980790156,-176.116573020293,106.561245222014));
#3799=CARTESIAN_POINT('',(-16.4879980790156,-221.043258959553,106.561245222014));
#3800=CARTESIAN_POINT('',(-22.46334296963,-4.0397006025495));
#3801=CARTESIAN_POINT('',(22.46334296963,-4.0397006025495));
#3802=CARTESIAN_POINT('',(22.46334296963,4.0397006025495));
#3803=CARTESIAN_POINT('',(22.46334296963,1.34656686751551));
#3804=CARTESIAN_POINT('',(22.46334296963,-1.34656686751546));
#3805=CARTESIAN_POINT('',(22.46334296963,-4.0397006025495));
#3806=CARTESIAN_POINT('',(-16.4879980790156,-221.043258959553,114.640646427113));
#3807=CARTESIAN_POINT('',(-16.4879980790156,-185.469905614063,114.640646427113));
#3808=CARTESIAN_POINT('',(22.46334296963,4.0397006025495));
#3809=CARTESIAN_POINT('',(-13.11001037586,4.0397006025495));
#3810=CARTESIAN_POINT('',(-16.4879980790156,-185.469905614063,114.640646427113));
#3811=CARTESIAN_POINT('',(-16.4879980790156,-176.116573020293,114.640646427113));
#3812=CARTESIAN_POINT('',(-13.11001037586,4.0397006025495));
#3813=CARTESIAN_POINT('',(-22.46334296963,4.0397006025495));
#3814=CARTESIAN_POINT('',(-16.4879980790156,-176.116573020293,114.640646427113));
#3815=CARTESIAN_POINT('',(-16.4879980790156,-176.116573020293,106.561245222014));
#3816=CARTESIAN_POINT('',(-22.46334296963,4.0397006025495));
#3817=CARTESIAN_POINT('',(-22.46334296963,-4.0397006025495));
#3818=CARTESIAN_POINT('',(28.3283295068145,-176.116573020293,106.561245222014));
#3819=CARTESIAN_POINT('',(28.3283295068143,-176.116573020293,114.640646427113));
#3820=CARTESIAN_POINT('',(22.46334296963,-4.0397006025495));
#3821=CARTESIAN_POINT('',(22.46334296963,4.0397006025495));
#3822=CARTESIAN_POINT('',(28.3283295068143,-176.116573020293,114.640646427113));
#3823=CARTESIAN_POINT('',(28.3283295068145,-185.469905614063,114.640646427113));
#3824=CARTESIAN_POINT('',(22.46334296963,4.0397006025495));
#3825=CARTESIAN_POINT('',(13.11001037586,4.0397006025495));
#3826=CARTESIAN_POINT('',(28.3283295068145,-185.469905614063,114.640646427113));
#3827=CARTESIAN_POINT('',(28.3283295068143,-221.043258959553,114.640646427113));
#3828=CARTESIAN_POINT('',(13.11001037586,4.0397006025495));
#3829=CARTESIAN_POINT('',(-22.46334296963,4.0397006025495));
#3830=CARTESIAN_POINT('',(-22.46334296963,-4.0397006025495));
#3831=CARTESIAN_POINT('',(-22.46334296963,-1.3465668675165));
#3832=CARTESIAN_POINT('',(-22.46334296963,1.3465668675165));
#3833=CARTESIAN_POINT('',(-22.46334296963,4.0397006025495));
#3834=CARTESIAN_POINT('',(28.3283295068143,-221.043258959553,106.561245222014));
#3835=CARTESIAN_POINT('',(28.3283295068145,-176.116573020293,106.561245222014));
#3836=CARTESIAN_POINT('',(-22.46334296963,-4.0397006025495));
#3837=CARTESIAN_POINT('',(22.46334296963,-4.0397006025495));
#3838=CARTESIAN_POINT('',(28.3283295068145,-185.469905614063,114.640646427113));
#3839=CARTESIAN_POINT('',(28.3283295068143,-185.469905614063,126.640646427113));
#3840=CARTESIAN_POINT('',(6.,5.00408189646009));
#3841=CARTESIAN_POINT('',(-6.,5.00408189645987));
#3842=CARTESIAN_POINT('',(28.3283295068143,-185.469905614063,126.640646427113));
#3843=CARTESIAN_POINT('',(18.3201657138944,-185.469905614063,126.640646427113));
#3844=CARTESIAN_POINT('',(-6.,5.00408189645987));
#3845=CARTESIAN_POINT('',(-6.,-5.00408189646009));
#3846=CARTESIAN_POINT('',(18.3201657138944,-185.469905614063,126.640646427113));
#3847=CARTESIAN_POINT('',(18.3201657138944,-185.469905614063,114.640646427113));
#3848=CARTESIAN_POINT('',(-6.,-5.00408189646009));
#3849=CARTESIAN_POINT('',(6.,-5.00408189646009));
#3850=CARTESIAN_POINT('',(18.3201657138944,-185.469905614063,114.640646427113));
#3851=CARTESIAN_POINT('',(28.3283295068145,-185.469905614063,114.640646427113));
#3852=CARTESIAN_POINT('',(6.,-5.00408189646009));
#3853=CARTESIAN_POINT('',(6.,5.00408189646009));
#3854=CARTESIAN_POINT('',(28.3283295068143,-185.469905614063,126.640646427113));
#3855=CARTESIAN_POINT('',(28.3283295068145,-176.116573020293,126.640646427113));
#3856=CARTESIAN_POINT('',(5.00408189645987,-4.676666296885));
#3857=CARTESIAN_POINT('',(5.00408189646009,4.67666629688501));
#3858=CARTESIAN_POINT('',(28.3283295068145,-176.116573020293,126.640646427113));
#3859=CARTESIAN_POINT('',(18.3201657138944,-176.116573020293,126.640646427113));
#3860=CARTESIAN_POINT('',(5.00408189646009,4.67666629688501));
#3861=CARTESIAN_POINT('',(-5.00408189646009,4.676666296885));
#3862=CARTESIAN_POINT('',(18.3201657138944,-176.116573020293,126.640646427113));
#3863=CARTESIAN_POINT('',(18.3201657138944,-179.121507079003,126.640646427113));
#3864=CARTESIAN_POINT('',(18.3201657138944,-184.411170369243,126.640646427113));
#3865=CARTESIAN_POINT('',(18.3201657138944,-185.469905614063,126.640646427113));
#3866=CARTESIAN_POINT('',(-5.00408189646009,4.676666296885));
#3867=CARTESIAN_POINT('',(-5.00408189646009,1.671732238175));
#3868=CARTESIAN_POINT('',(-5.00408189646009,-3.61793105206499));
#3869=CARTESIAN_POINT('',(-5.00408189646009,-4.67666629688501));
#3870=CARTESIAN_POINT('',(5.00408189645987,-4.676666296885));
#3871=CARTESIAN_POINT('',(-5.00408189646009,-4.67666629688501));
#3872=CARTESIAN_POINT('',(4.67666629688498,-5.99999999999998));
#3873=CARTESIAN_POINT('',(-4.67666629688503,-5.99999999999999));
#3874=CARTESIAN_POINT('',(28.3283295068143,-176.116573020293,114.640646427113));
#3875=CARTESIAN_POINT('',(28.3283295068145,-176.116573020293,126.640646427113));
#3876=CARTESIAN_POINT('',(4.67666629688498,-5.99999999999998));
#3877=CARTESIAN_POINT('',(4.67666629688497,6.00000000000002));
#3878=CARTESIAN_POINT('',(-4.67666629688504,6.00000000000001));
#3879=CARTESIAN_POINT('',(4.67666629688497,6.00000000000002));
#3880=CARTESIAN_POINT('',(-4.67666629688503,-5.99999999999999));
#3881=CARTESIAN_POINT('',(-4.67666629688504,6.00000000000001));
#3882=CARTESIAN_POINT('',(-16.4879980790156,-176.116573020293,126.640646427113));
#3883=CARTESIAN_POINT('',(-16.4879980790156,-185.469905614063,126.640646427113));
#3884=CARTESIAN_POINT('',(-5.00408189645499,4.67666629688501));
#3885=CARTESIAN_POINT('',(-5.004081896455,-4.676666296885));
#3886=CARTESIAN_POINT('',(-16.4879980790156,-185.469905614063,126.640646427113));
#3887=CARTESIAN_POINT('',(-6.47983428610556,-185.469905614063,126.640646427113));
#3888=CARTESIAN_POINT('',(-5.004081896455,-4.676666296885));
#3889=CARTESIAN_POINT('',(5.004081896455,-4.67666629688501));
#3890=CARTESIAN_POINT('',(-6.47983428610556,-185.469905614063,126.640646427113));
#3891=CARTESIAN_POINT('',(-6.47983428610556,-184.411170369243,126.640646427113));
#3892=CARTESIAN_POINT('',(-6.47983428610556,-179.121507079003,126.640646427113));
#3893=CARTESIAN_POINT('',(-6.47983428610556,-176.116573020293,126.640646427113));
#3894=CARTESIAN_POINT('',(5.004081896455,-4.67666629688501));
#3895=CARTESIAN_POINT('',(5.004081896455,-3.61793105206499));
#3896=CARTESIAN_POINT('',(5.00408189645501,1.671732238175));
#3897=CARTESIAN_POINT('',(5.00408189645501,4.676666296885));
#3898=CARTESIAN_POINT('',(-6.47983428610556,-176.116573020293,126.640646427113));
#3899=CARTESIAN_POINT('',(-16.4879980790156,-176.116573020293,126.640646427113));
#3900=CARTESIAN_POINT('',(5.00408189645501,4.676666296885));
#3901=CARTESIAN_POINT('',(-5.00408189645499,4.67666629688501));
#3902=CARTESIAN_POINT('',(-16.4879980790156,-185.469905614063,126.640646427113));
#3903=CARTESIAN_POINT('',(-16.4879980790156,-185.469905614063,114.640646427113));
#3904=CARTESIAN_POINT('',(-6.,-5.00408189645501));
#3905=CARTESIAN_POINT('',(6.,-5.00408189645501));
#3906=CARTESIAN_POINT('',(-16.4879980790156,-185.469905614063,114.640646427113));
#3907=CARTESIAN_POINT('',(-6.47983428610556,-185.469905614063,114.640646427113));
#3908=CARTESIAN_POINT('',(6.,-5.00408189645501));
#3909=CARTESIAN_POINT('',(6.,5.00408189645499));
#3910=CARTESIAN_POINT('',(-6.47983428610556,-185.469905614063,114.640646427113));
#3911=CARTESIAN_POINT('',(-6.47983428610556,-185.469905614063,126.640646427113));
#3912=CARTESIAN_POINT('',(6.,5.00408189645499));
#3913=CARTESIAN_POINT('',(-6.,5.00408189645499));
#3914=CARTESIAN_POINT('',(-6.,-5.00408189645501));
#3915=CARTESIAN_POINT('',(-6.,5.00408189645499));
#3916=CARTESIAN_POINT('',(4.67666629688503,6.00000000000002));
#3917=CARTESIAN_POINT('',(4.67666629688504,-5.99999999999998));
#3918=CARTESIAN_POINT('',(-4.67666629688498,6.00000000000001));
#3919=CARTESIAN_POINT('',(4.67666629688503,6.00000000000002));
#3920=CARTESIAN_POINT('',(-16.4879980790156,-176.116573020293,126.640646427113));
#3921=CARTESIAN_POINT('',(-16.4879980790156,-176.116573020293,114.640646427113));
#3922=CARTESIAN_POINT('',(-4.67666629688498,6.00000000000001));
#3923=CARTESIAN_POINT('',(-4.67666629688497,-5.99999999999999));
#3924=CARTESIAN_POINT('',(4.67666629688504,-5.99999999999998));
#3925=CARTESIAN_POINT('',(-4.67666629688497,-5.99999999999999));
#3926=CARTESIAN_POINT('',(-12.4798342860956,-197.617498426683,114.640646427113));
#3927=CARTESIAN_POINT('',(-12.4798342860956,-197.617498426683,118.102930888713));
#3928=CARTESIAN_POINT('',(11.6122623962265,0.));
#3929=CARTESIAN_POINT('',(15.0745468578272,0.));
#3930=CARTESIAN_POINT('',(-12.4798342860956,-197.617498426683,118.102930888713));
#3931=CARTESIAN_POINT('',(-6.47983428609555,-197.617498426683,118.102930888713));
#3932=CARTESIAN_POINT('',(15.0745468578272,0.));
#3933=CARTESIAN_POINT('',(15.0745468578272,1651.64727444472));
#3934=CARTESIAN_POINT('',(-6.47983428609555,-197.617498426683,118.102930888713));
#3935=CARTESIAN_POINT('',(-6.47983428609555,-197.617498426683,114.640646427113));
#3936=CARTESIAN_POINT('',(15.0745468578272,1651.64727444472));
#3937=CARTESIAN_POINT('',(11.6122623962265,1651.64727444472));
#3938=CARTESIAN_POINT('',(-6.47983428609555,-197.617498426683,114.640646427113));
#3939=CARTESIAN_POINT('',(-12.4798342860956,-197.617498426683,114.640646427113));
#3940=CARTESIAN_POINT('',(11.6122623962265,1651.64727444472));
#3941=CARTESIAN_POINT('',(11.6122623962265,0.));
#3942=CARTESIAN_POINT('',(-12.4798342860956,-197.617498426683,118.102930888713));
#3943=CARTESIAN_POINT('',(-12.4798342860956,-209.229760822913,118.102930888713));
#3944=CARTESIAN_POINT('',(15.0745468578272,0.));
#3945=CARTESIAN_POINT('',(26.6868092540536,0.));
#3946=CARTESIAN_POINT('',(-12.4798342860956,-209.229760822913,118.102930888713));
#3947=CARTESIAN_POINT('',(-6.47983428609555,-209.229760822913,118.102930888713));
#3948=CARTESIAN_POINT('',(26.6868092540536,0.));
#3949=CARTESIAN_POINT('',(26.6868092540536,1651.64727444472));
#3950=CARTESIAN_POINT('',(-6.47983428609555,-209.229760822913,118.102930888713));
#3951=CARTESIAN_POINT('',(-6.47983428609555,-197.617498426683,118.102930888713));
#3952=CARTESIAN_POINT('',(26.6868092540536,1651.64727444472));
#3953=CARTESIAN_POINT('',(15.0745468578272,1651.64727444472));
#3954=CARTESIAN_POINT('',(15.0745468578272,0.));
#3955=CARTESIAN_POINT('',(15.0745468578272,1651.64727444472));
#3956=CARTESIAN_POINT('',(-12.4798342860956,-209.229760822913,118.102930888713));
#3957=CARTESIAN_POINT('',(-12.4798342860956,-209.229760822913,114.640646427113));
#3958=CARTESIAN_POINT('',(26.6868092540536,0.));
#3959=CARTESIAN_POINT('',(30.1490937156543,0.));
#3960=CARTESIAN_POINT('',(-12.4798342860956,-209.229760822913,114.640646427113));
#3961=CARTESIAN_POINT('',(-6.47983428609555,-209.229760822913,114.640646427113));
#3962=CARTESIAN_POINT('',(30.1490937156543,0.));
#3963=CARTESIAN_POINT('',(30.1490937156543,1651.64727444472));
#3964=CARTESIAN_POINT('',(-6.47983428609555,-209.229760822913,114.640646427113));
#3965=CARTESIAN_POINT('',(-6.47983428609555,-209.229760822913,118.102930888713));
#3966=CARTESIAN_POINT('',(30.1490937156543,1651.64727444472));
#3967=CARTESIAN_POINT('',(26.6868092540536,1651.64727444472));
#3968=CARTESIAN_POINT('',(26.6868092540536,0.));
#3969=CARTESIAN_POINT('',(26.6868092540536,1651.64727444472));
#3970=CARTESIAN_POINT('',(5.80613119811497,1.7311422308));
#3971=CARTESIAN_POINT('',(5.80613119811497,-1.7311422308));
#3972=CARTESIAN_POINT('',(-5.80613119811503,1.7311422308));
#3973=CARTESIAN_POINT('',(5.80613119811497,1.7311422308));
#3974=CARTESIAN_POINT('',(-5.80613119811503,-1.7311422308));
#3975=CARTESIAN_POINT('',(-5.80613119811503,1.7311422308));
#3976=CARTESIAN_POINT('',(-12.4798342860956,-197.617498426683,114.640646427113));
#3977=CARTESIAN_POINT('',(-12.4798342860956,-209.229760822913,114.640646427113));
#3978=CARTESIAN_POINT('',(-5.80613119811503,-1.7311422308));
#3979=CARTESIAN_POINT('',(5.80613119811497,-1.7311422308));
#3980=CARTESIAN_POINT('',(-6.47983428609555,-209.229760822913,114.640646427113));
#3981=CARTESIAN_POINT('',(-6.47983428609555,-197.617498426683,114.640646427113));
#3982=CARTESIAN_POINT('',(-5.806131198115,-1.7311422308));
#3983=CARTESIAN_POINT('',(5.806131198115,-1.7311422308));
#3984=CARTESIAN_POINT('',(5.806131198115,1.7311422308));
#3985=CARTESIAN_POINT('',(5.806131198115,-1.7311422308));
#3986=CARTESIAN_POINT('',(-5.806131198115,1.7311422308));
#3987=CARTESIAN_POINT('',(5.806131198115,1.7311422308));
#3988=CARTESIAN_POINT('',(-5.806131198115,-1.7311422308));
#3989=CARTESIAN_POINT('',(-5.806131198115,1.7311422308));
#3990=CARTESIAN_POINT('',(24.3201657138863,-209.229760822913,114.640646427113));
#3991=CARTESIAN_POINT('',(24.3201657138844,-209.229760822913,118.102930888713));
#3992=CARTESIAN_POINT('',(0.,0.));
#3993=CARTESIAN_POINT('',(3.46228446160069,0.));
#3994=CARTESIAN_POINT('',(24.3201657138844,-209.229760822913,118.102930888713));
#3995=CARTESIAN_POINT('',(18.3201657138844,-209.229760822913,118.102930888713));
#3996=CARTESIAN_POINT('',(3.46228446160069,0.));
#3997=CARTESIAN_POINT('',(3.46228446160069,1651.64727444472));
#3998=CARTESIAN_POINT('',(18.3201657138844,-209.229760822913,118.102930888713));
#3999=CARTESIAN_POINT('',(18.3201657138863,-209.229760822913,114.640646427113));
#4000=CARTESIAN_POINT('',(3.46228446160069,1651.64727444472));
#4001=CARTESIAN_POINT('',(0.,1651.64727444472));
#4002=CARTESIAN_POINT('',(18.3201657138863,-209.229760822913,114.640646427113));
#4003=CARTESIAN_POINT('',(24.3201657138863,-209.229760822913,114.640646427113));
#4004=CARTESIAN_POINT('',(0.,1651.64727444472));
#4005=CARTESIAN_POINT('',(0.,0.));
#4006=CARTESIAN_POINT('',(24.3201657138844,-209.229760822913,118.102930888713));
#4007=CARTESIAN_POINT('',(24.3201657138844,-197.617498426683,118.102930888713));
#4008=CARTESIAN_POINT('',(3.46228446160069,0.));
#4009=CARTESIAN_POINT('',(15.0745468578272,0.));
#4010=CARTESIAN_POINT('',(24.3201657138844,-197.617498426683,118.102930888713));
#4011=CARTESIAN_POINT('',(18.3201657138844,-197.617498426683,118.102930888713));
#4012=CARTESIAN_POINT('',(15.0745468578272,0.));
#4013=CARTESIAN_POINT('',(15.0745468578272,1651.64727444472));
#4014=CARTESIAN_POINT('',(18.3201657138844,-197.617498426683,118.102930888713));
#4015=CARTESIAN_POINT('',(18.3201657138844,-209.229760822913,118.102930888713));
#4016=CARTESIAN_POINT('',(15.0745468578272,1651.64727444472));
#4017=CARTESIAN_POINT('',(3.46228446160069,1651.64727444472));
#4018=CARTESIAN_POINT('',(3.46228446160069,0.));
#4019=CARTESIAN_POINT('',(3.46228446160069,1651.64727444472));
#4020=CARTESIAN_POINT('',(24.3201657138844,-197.617498426683,118.102930888713));
#4021=CARTESIAN_POINT('',(24.3201657138863,-197.617498426683,114.640646427113));
#4022=CARTESIAN_POINT('',(15.0745468578272,0.));
#4023=CARTESIAN_POINT('',(18.5368313194278,0.));
#4024=CARTESIAN_POINT('',(24.3201657138863,-197.617498426683,114.640646427113));
#4025=CARTESIAN_POINT('',(18.3201657138863,-197.617498426683,114.640646427113));
#4026=CARTESIAN_POINT('',(18.5368313194278,0.));
#4027=CARTESIAN_POINT('',(18.5368313194278,1651.64727444472));
#4028=CARTESIAN_POINT('',(18.3201657138863,-197.617498426683,114.640646427113));
#4029=CARTESIAN_POINT('',(18.3201657138844,-197.617498426683,118.102930888713));
#4030=CARTESIAN_POINT('',(18.5368313194278,1651.64727444472));
#4031=CARTESIAN_POINT('',(15.0745468578272,1651.64727444472));
#4032=CARTESIAN_POINT('',(15.0745468578272,0.));
#4033=CARTESIAN_POINT('',(15.0745468578272,1651.64727444472));
#4034=CARTESIAN_POINT('',(24.3201657138863,-209.229760822913,114.640646427113));
#4035=CARTESIAN_POINT('',(24.3201657138863,-197.617498426683,114.640646427113));
#4036=CARTESIAN_POINT('',(-5.806131198115,-1.7311422308));
#4037=CARTESIAN_POINT('',(5.806131198115,-1.7311422308));
#4038=CARTESIAN_POINT('',(5.806131198115,1.7311422308));
#4039=CARTESIAN_POINT('',(5.806131198115,-1.7311422308));
#4040=CARTESIAN_POINT('',(-5.806131198115,1.7311422308));
#4041=CARTESIAN_POINT('',(5.806131198115,1.7311422308));
#4042=CARTESIAN_POINT('',(-5.806131198115,-1.7311422308));
#4043=CARTESIAN_POINT('',(-5.806131198115,1.7311422308));
#4044=CARTESIAN_POINT('',(5.80613119811497,1.7311422308));
#4045=CARTESIAN_POINT('',(5.80613119811497,-1.7311422308));
#4046=CARTESIAN_POINT('',(-5.80613119811503,1.7311422308));
#4047=CARTESIAN_POINT('',(5.80613119811497,1.7311422308));
#4048=CARTESIAN_POINT('',(-5.80613119811503,-1.7311422308));
#4049=CARTESIAN_POINT('',(-5.80613119811503,1.7311422308));
#4050=CARTESIAN_POINT('',(18.3201657138863,-197.617498426683,114.640646427113));
#4051=CARTESIAN_POINT('',(18.3201657138863,-209.229760822913,114.640646427113));
#4052=CARTESIAN_POINT('',(-5.80613119811503,-1.7311422308));
#4053=CARTESIAN_POINT('',(5.80613119811497,-1.7311422308));
#4054=CARTESIAN_POINT('',(-3.47983428610556,-176.116573020293,114.640646427113));
#4055=CARTESIAN_POINT('',(-3.47983428610556,-178.052589434483,114.640646427113));
#4056=CARTESIAN_POINT('',(-9.39999999999996,0.968008207095011));
#4057=CARTESIAN_POINT('',(-9.39999999999996,-0.968008207094982));
#4058=CARTESIAN_POINT('',(-3.47983428610556,-178.052589434483,114.640646427113));
#4059=CARTESIAN_POINT('',(15.3201657138944,-178.052589434483,114.640646427113));
#4060=CARTESIAN_POINT('',(-9.39999999999996,-0.968008207094982));
#4061=CARTESIAN_POINT('',(9.39999999999997,-0.968008207094982));
#4062=CARTESIAN_POINT('',(15.3201657138944,-178.052589434483,114.640646427113));
#4063=CARTESIAN_POINT('',(15.3201657138944,-176.116573020293,114.640646427113));
#4064=CARTESIAN_POINT('',(9.39999999999997,-0.968008207094982));
#4065=CARTESIAN_POINT('',(9.39999999999997,0.968008207095011));
#4066=CARTESIAN_POINT('',(15.3201657138944,-176.116573020293,114.640646427113));
#4067=CARTESIAN_POINT('',(5.92016571389453,-176.116573020293,114.640646427113));
#4068=CARTESIAN_POINT('',(-3.47983428610556,-176.116573020293,114.640646427113));
#4069=CARTESIAN_POINT('',(9.39999999999997,0.968008207095011));
#4070=CARTESIAN_POINT('',(1.45661260830821E-13,0.968008207095011));
#4071=CARTESIAN_POINT('',(-9.39999999999996,0.968008207095011));
#4072=CARTESIAN_POINT('',(13.2354784454524,-149.592949477633,126.640646427113));
#4073=CARTESIAN_POINT('',(-1.39514701766336,-149.592949477633,126.640646427113));
#4074=CARTESIAN_POINT('',(7.31531273155294,12.26181177133));
#4075=CARTESIAN_POINT('',(-7.31531273156286,12.26181177133));
#4076=CARTESIAN_POINT('',(-1.39514701766336,-149.592949477633,126.640646427113));
#4077=CARTESIAN_POINT('',(-4.92841471963654,-151.681010423557,126.640646427113));
#4078=CARTESIAN_POINT('',(-6.82709836153546,-155.319551284353,126.640646427113));
#4079=CARTESIAN_POINT('',(-7.31531273156286,12.26181177133));
#4080=CARTESIAN_POINT('',(-10.8485804335361,10.1737508254063));
#4081=CARTESIAN_POINT('',(-12.747264075435,6.53520996460997));
#4082=CARTESIAN_POINT('',(-6.82709836153546,-155.319551284353,126.640646427113));
#4083=CARTESIAN_POINT('',(-6.89145593755833,-155.442882873098,126.640646427113));
#4084=CARTESIAN_POINT('',(-6.95002839838546,-155.569064667373,126.640646427113));
#4085=CARTESIAN_POINT('',(-12.747264075435,6.53520996460997));
#4086=CARTESIAN_POINT('',(-12.8116216514578,6.41187837586517));
#4087=CARTESIAN_POINT('',(-12.870194112285,6.28569658158997));
#4088=CARTESIAN_POINT('',(-6.95002839838546,-155.569064667373,126.640646427113));
#4089=CARTESIAN_POINT('',(-16.4879980790156,-176.116573020293,126.640646427113));
#4090=CARTESIAN_POINT('',(-12.870194112285,6.28569658158997));
#4091=CARTESIAN_POINT('',(-22.4081637929151,-14.26181177133));
#4092=CARTESIAN_POINT('',(-12.4000000000051,-14.26181177133));
#4093=CARTESIAN_POINT('',(-22.4081637929151,-14.26181177133));
#4094=CARTESIAN_POINT('',(-6.47983428610556,-176.116573020293,126.640646427113));
#4095=CARTESIAN_POINT('',(-3.47983428610556,-176.116573020293,126.640646427113));
#4096=CARTESIAN_POINT('',(-12.4000000000051,-14.26181177133));
#4097=CARTESIAN_POINT('',(-9.40000000000506,-14.26181177133));
#4098=CARTESIAN_POINT('',(-3.47983428610556,-176.116573020293,126.640646427113));
#4099=CARTESIAN_POINT('',(5.92016571389453,-176.116573020293,126.640646427113));
#4100=CARTESIAN_POINT('',(15.3201657138944,-176.116573020293,126.640646427113));
#4101=CARTESIAN_POINT('',(-9.40000000000506,-14.26181177133));
#4102=CARTESIAN_POINT('',(-4.9560355819267E-12,-14.26181177133));
#4103=CARTESIAN_POINT('',(9.39999999999486,-14.26181177133));
#4104=CARTESIAN_POINT('',(15.3201657138944,-176.116573020293,126.640646427113));
#4105=CARTESIAN_POINT('',(18.3201657138944,-176.116573020293,126.640646427113));
#4106=CARTESIAN_POINT('',(9.39999999999486,-14.26181177133));
#4107=CARTESIAN_POINT('',(12.3999999999949,-14.26181177133));
#4108=CARTESIAN_POINT('',(22.408163792915,-14.26181177133));
#4109=CARTESIAN_POINT('',(12.3999999999949,-14.26181177133));
#4110=CARTESIAN_POINT('',(28.3283295068145,-176.116573020293,126.640646427113));
#4111=CARTESIAN_POINT('',(18.7903598261744,-155.569064667363,126.640646427113));
#4112=CARTESIAN_POINT('',(22.408163792915,-14.26181177133));
#4113=CARTESIAN_POINT('',(12.8701941122749,6.28569658159998));
#4114=CARTESIAN_POINT('',(18.7903598261744,-155.569064667363,126.640646427113));
#4115=CARTESIAN_POINT('',(18.7317873653531,-155.44288287309,126.640646427114));
#4116=CARTESIAN_POINT('',(18.6674297893244,-155.319551284353,126.640646427113));
#4117=CARTESIAN_POINT('',(12.8701941122749,6.28569658159998));
#4118=CARTESIAN_POINT('',(12.8116216514536,6.4118783758731));
#4119=CARTESIAN_POINT('',(12.7472640754249,6.53520996460998));
#4120=CARTESIAN_POINT('',(18.6674297893244,-155.319551284353,126.640646427113));
#4121=CARTESIAN_POINT('',(16.7687461474255,-151.681010423557,126.640646427113));
#4122=CARTESIAN_POINT('',(13.2354784454524,-149.592949477633,126.640646427113));
#4123=CARTESIAN_POINT('',(12.7472640754249,6.53520996460998));
#4124=CARTESIAN_POINT('',(10.848580433526,10.1737508254062));
#4125=CARTESIAN_POINT('',(7.31531273155294,12.26181177133));
#4126=CARTESIAN_POINT('',(-6.22983428610556,-161.971399567863,126.640646427113));
#4127=CARTESIAN_POINT('',(-6.22983428620566,-149.825261951863,126.640646427112));
#4128=CARTESIAN_POINT('',(5.91630271588454,-149.821400181863,126.640646427113));
#4129=CARTESIAN_POINT('',(18.0663021017744,-149.817537183843,126.640646427112));
#4130=CARTESIAN_POINT('',(18.0701650997944,-161.967536569733,126.640646427113));
#4131=CARTESIAN_POINT('',(18.0740280978143,-174.117535955633,126.640646427112));
#4132=CARTESIAN_POINT('',(5.92402871191445,-174.121398953653,126.640646427113));
#4133=CARTESIAN_POINT('',(-6.22597067397565,-174.125261951663,126.640646427112));
#4134=CARTESIAN_POINT('',(-6.22983367199546,-161.975262565773,126.640646427113));
#4135=CARTESIAN_POINT('',(-6.22983428610566,-161.973331066863,126.640646427112));
#4136=CARTESIAN_POINT('',(-6.22983428610556,-161.971399567863,126.640646427113));
#4137=CARTESIAN_POINT('',(-12.1500000000051,-0.116638318900018));
#4138=CARTESIAN_POINT('',(-12.1500000001052,12.0294992971));
#4139=CARTESIAN_POINT('',(-0.00386299801496293,12.0333610671));
#4140=CARTESIAN_POINT('',(12.1461363878749,12.03722406512));
#4141=CARTESIAN_POINT('',(12.1499993858949,-0.112775320770027));
#4142=CARTESIAN_POINT('',(12.1538623839148,-12.26277470667));
#4143=CARTESIAN_POINT('',(0.00386299801494516,-12.26663770469));
#4144=CARTESIAN_POINT('',(-12.1461363878752,-12.2705007027));
#4145=CARTESIAN_POINT('',(-12.149999385895,-0.120501316810021));
#4146=CARTESIAN_POINT('',(-12.1500000000052,-0.118569817900025));
#4147=CARTESIAN_POINT('',(-12.1500000000051,-0.116638318900018));
#4148=CARTESIAN_POINT('',(-3.22983428610556,-161.971399567833,126.640646427113));
#4149=CARTESIAN_POINT('',(-3.22983428602542,-171.121399567833,126.640646427113));
#4150=CARTESIAN_POINT('',(5.92016571397451,-171.121399567753,126.640646427113));
#4151=CARTESIAN_POINT('',(15.0701657139745,-171.121399567673,126.640646427113));
#4152=CARTESIAN_POINT('',(15.0701657138946,-161.971399567673,126.640646427113));
#4153=CARTESIAN_POINT('',(19.0126094215025,1.57079632680461));
#4154=CARTESIAN_POINT('',(19.0126094215025,4.7123889803944));
#4155=CARTESIAN_POINT('',(15.0701657138946,-161.971399567673,126.640646427113));
#4156=CARTESIAN_POINT('',(15.0701657138944,-161.971399567673,109.46554695302));
#4157=CARTESIAN_POINT('',(19.0126094215025,4.7123889803944));
#4158=CARTESIAN_POINT('',(1.83750994740901,4.7123889803944));
#4159=CARTESIAN_POINT('',(15.0701657138944,-161.971399567673,109.46554695302));
#4160=CARTESIAN_POINT('',(15.0701657139755,-171.121399567674,109.46554695302));
#4161=CARTESIAN_POINT('',(5.9201657139744,-171.121399567754,109.46554695302));
#4162=CARTESIAN_POINT('',(-3.22983428602669,-171.121399567834,109.46554695302));
#4163=CARTESIAN_POINT('',(-3.22983428610556,-161.971399567833,109.46554695302));
#4164=CARTESIAN_POINT('',(1.83750994740901,4.7123889803944));
#4165=CARTESIAN_POINT('',(1.83750994740904,1.57079632680461));
#4166=CARTESIAN_POINT('',(-3.22983428610556,-161.971399567833,109.46554695302));
#4167=CARTESIAN_POINT('',(-3.22983428610556,-161.971399567833,126.640646427113));
#4168=CARTESIAN_POINT('',(1.83750994740904,1.57079632680461));
#4169=CARTESIAN_POINT('',(19.0126094215025,1.57079632680461));
#4170=CARTESIAN_POINT('',(-12.1519311919099,-1.09986618954142E-10));
#4171=CARTESIAN_POINT('',(-12.1519311920099,12.14613761589));
#4172=CARTESIAN_POINT('',(-0.00579418991975089,12.14999938589));
#4173=CARTESIAN_POINT('',(12.1442051959701,12.15386238391));
#4174=CARTESIAN_POINT('',(12.1480681939901,0.00386299801999712));
#4175=CARTESIAN_POINT('',(12.15193119201,-12.14613638788));
#4176=CARTESIAN_POINT('',(0.00193180611013943,-12.1499993859));
#4177=CARTESIAN_POINT('',(-12.14806757978,-12.15386238391));
#4178=CARTESIAN_POINT('',(-12.1519305777998,-0.00386299801999712));
#4179=CARTESIAN_POINT('',(-12.15193119191,-0.00193149911000655));
#4180=CARTESIAN_POINT('',(-12.1519311919099,-1.09986618954142E-10));
#4181=CARTESIAN_POINT('',(-9.15193119190986,-8.00030477726957E-11));
#4182=CARTESIAN_POINT('',(-9.15193119182972,-9.1500000000799));
#4183=CARTESIAN_POINT('',(-0.00193119182977952,-9.14999999999992));
#4184=CARTESIAN_POINT('',(9.14806880817015,-9.14999999991991));
#4185=CARTESIAN_POINT('',(9.14806880809029,8.00030494879386E-11));
#4186=CARTESIAN_POINT('',(-3.22983428610556,-161.971399567833,126.640646427113));
#4187=CARTESIAN_POINT('',(-3.22983428618437,-152.821399567834,126.640646427113));
#4188=CARTESIAN_POINT('',(5.9201657138145,-152.821399567754,126.640646427113));
#4189=CARTESIAN_POINT('',(15.0701657138134,-152.821399567674,126.640646427113));
#4190=CARTESIAN_POINT('',(15.0701657138946,-161.971399567673,126.640646427113));
#4191=CARTESIAN_POINT('',(-9.15193119190986,-8.00030477726957E-11));
#4192=CARTESIAN_POINT('',(-9.15193119198867,9.1499999999189));
#4193=CARTESIAN_POINT('',(-0.00193119198979019,9.14999999999887));
#4194=CARTESIAN_POINT('',(9.14806880800909,9.1500000000789));
#4195=CARTESIAN_POINT('',(9.14806880809029,8.00030494879386E-11));
#4196=CARTESIAN_POINT('',(9.14999999999943,8.05187028163346E-11));
#4197=CARTESIAN_POINT('',(9.15000000008058,-9.14999999992057));
#4198=CARTESIAN_POINT('',(7.94742049947672E-11,-9.1500000000006));
#4199=CARTESIAN_POINT('',(-9.14999999992162,-9.15000000008058));
#4200=CARTESIAN_POINT('',(-9.15000000000049,-7.949552127684E-11));
#4201=CARTESIAN_POINT('',(15.0701657138944,-161.971399567673,109.46554695302));
#4202=CARTESIAN_POINT('',(15.0701657138142,-152.821399567673,109.46554695302));
#4203=CARTESIAN_POINT('',(5.92016571381438,-152.821399567753,109.46554695302));
#4204=CARTESIAN_POINT('',(-3.22983428618546,-152.821399567833,109.46554695302));
#4205=CARTESIAN_POINT('',(-3.22983428610556,-161.971399567833,109.46554695302));
#4206=CARTESIAN_POINT('',(9.14999999999943,8.05187028163346E-11));
#4207=CARTESIAN_POINT('',(9.14999999991931,9.15000000008034));
#4208=CARTESIAN_POINT('',(-8.05364663847286E-11,9.15000000000035));
#4209=CARTESIAN_POINT('',(-9.15000000008038,9.14999999992037));
#4210=CARTESIAN_POINT('',(-9.15000000000049,-7.949552127684E-11));
#4211=CARTESIAN_POINT('',(11.3266606414017,-1.9602993974505));
#4212=CARTESIAN_POINT('',(11.3266606414017,-10.0397006025495));
#4213=CARTESIAN_POINT('',(11.3266606414017,10.0397006025495));
#4214=CARTESIAN_POINT('',(11.3266606414017,-1.9602993974505));
#4215=CARTESIAN_POINT('',(-11.3266606414022,10.0397006025495));
#4216=CARTESIAN_POINT('',(11.3266606414017,10.0397006025495));
#4217=CARTESIAN_POINT('',(-6.95002839838546,-155.569064667373,126.640646427113));
#4218=CARTESIAN_POINT('',(-6.95002839838546,-155.569064667373,106.561245222014));
#4219=CARTESIAN_POINT('',(-11.3266606414022,10.0397006025495));
#4220=CARTESIAN_POINT('',(-11.3266606414022,-10.0397006025495));
#4221=CARTESIAN_POINT('',(-6.95002839838546,-155.569064667373,106.561245222014));
#4222=CARTESIAN_POINT('',(-16.4879980790156,-176.116573020293,106.561245222014));
#4223=CARTESIAN_POINT('',(-11.3266606414022,-10.0397006025495));
#4224=CARTESIAN_POINT('',(11.3266606414017,-10.0397006025495));
#4225=CARTESIAN_POINT('',(0.49451797639332,2.12794012053052));
#4226=CARTESIAN_POINT('',(0.449360099229067,2.1279401205305));
#4227=CARTESIAN_POINT('',(-6.82709836153546,-155.319551284353,126.640646427113));
#4228=CARTESIAN_POINT('',(-6.82709836153546,-155.319551284353,106.561245222014));
#4229=CARTESIAN_POINT('',(0.49451797639332,2.12794012053052));
#4230=CARTESIAN_POINT('',(0.494517976398612,22.2073413256296));
#4231=CARTESIAN_POINT('',(-6.82709836153546,-155.319551284353,106.561245222014));
#4232=CARTESIAN_POINT('',(-6.89145593755832,-155.442882873098,106.561245222014));
#4233=CARTESIAN_POINT('',(-6.95002839838546,-155.569064667373,106.561245222014));
#4234=CARTESIAN_POINT('',(0.494517976398612,22.2073413256296));
#4235=CARTESIAN_POINT('',(0.449360099223721,22.2073413256296));
#4236=CARTESIAN_POINT('',(0.449360099229067,2.1279401205305));
#4237=CARTESIAN_POINT('',(0.449360099223721,22.2073413256296));
#4238=CARTESIAN_POINT('',(13.2354784454523,-149.592949477633,106.561245222014));
#4239=CARTESIAN_POINT('',(13.2354784454524,-149.592949477633,126.640646427113));
#4240=CARTESIAN_POINT('',(2.1163543893747,22.2073413256088));
#4241=CARTESIAN_POINT('',(2.11635438937471,2.12794012050999));
#4242=CARTESIAN_POINT('',(2.64707467719196,2.12794012050999));
#4243=CARTESIAN_POINT('',(2.11635438937471,2.12794012050999));
#4244=CARTESIAN_POINT('',(18.6674297893244,-155.319551284353,126.640646427113));
#4245=CARTESIAN_POINT('',(18.6674297893244,-155.319551284353,106.561245222014));
#4246=CARTESIAN_POINT('',(2.64707467719196,2.12794012050999));
#4247=CARTESIAN_POINT('',(2.64707467719196,22.2073413256088));
#4248=CARTESIAN_POINT('',(18.6674297893244,-155.319551284353,106.561245222014));
#4249=CARTESIAN_POINT('',(16.768746147426,-151.681010423556,106.561245222014));
#4250=CARTESIAN_POINT('',(13.2354784454523,-149.592949477633,106.561245222014));
#4251=CARTESIAN_POINT('',(2.64707467719196,22.2073413256088));
#4252=CARTESIAN_POINT('',(2.1163543893747,22.2073413256088));
#4253=CARTESIAN_POINT('',(2.64707467719339,2.12794012053154));
#4254=CARTESIAN_POINT('',(2.64707467718811,22.2073413256308));
#4255=CARTESIAN_POINT('',(2.69223255436246,2.12794012053151));
#4256=CARTESIAN_POINT('',(2.64707467719339,2.12794012053154));
#4257=CARTESIAN_POINT('',(18.7903598261744,-155.569064667363,126.640646427113));
#4258=CARTESIAN_POINT('',(18.7903598261744,-155.569064667363,106.561245222014));
#4259=CARTESIAN_POINT('',(2.69223255436246,2.12794012053151));
#4260=CARTESIAN_POINT('',(2.69223255436782,22.2073413256308));
#4261=CARTESIAN_POINT('',(18.7903598261744,-155.569064667363,106.561245222014));
#4262=CARTESIAN_POINT('',(18.731787365353,-155.44288287309,106.561245222014));
#4263=CARTESIAN_POINT('',(18.6674297893244,-155.319551284353,106.561245222014));
#4264=CARTESIAN_POINT('',(2.69223255436782,22.2073413256308));
#4265=CARTESIAN_POINT('',(2.64707467718811,22.2073413256308));
#4266=CARTESIAN_POINT('',(11.3266606414084,10.0397006025495));
#4267=CARTESIAN_POINT('',(11.3266606414084,-10.0397006025495));
#4268=CARTESIAN_POINT('',(-11.3266606414088,10.0397006025495));
#4269=CARTESIAN_POINT('',(11.3266606414084,10.0397006025495));
#4270=CARTESIAN_POINT('',(-11.3266606414087,-1.96029939745047));
#4271=CARTESIAN_POINT('',(-11.3266606414088,10.0397006025495));
#4272=CARTESIAN_POINT('',(-11.3266606414088,-10.0397006025495));
#4273=CARTESIAN_POINT('',(-11.3266606414087,-1.96029939745047));
#4274=CARTESIAN_POINT('',(28.3283295068145,-176.116573020293,106.561245222014));
#4275=CARTESIAN_POINT('',(18.7903598261744,-155.569064667363,106.561245222014));
#4276=CARTESIAN_POINT('',(-11.3266606414088,-10.0397006025495));
#4277=CARTESIAN_POINT('',(11.3266606414084,-10.0397006025495));
#4278=CARTESIAN_POINT('',(-1.39514701766336,-149.592949477633,106.561245222014));
#4279=CARTESIAN_POINT('',(13.2354784454523,-149.592949477633,106.561245222014));
#4280=CARTESIAN_POINT('',(7.31531273156285,12.26181177133));
#4281=CARTESIAN_POINT('',(-7.31531273155275,12.26181177133));
#4282=CARTESIAN_POINT('',(-12.7472640754249,6.53520996460997));
#4283=CARTESIAN_POINT('',(-10.8485804335265,10.1737508254068));
#4284=CARTESIAN_POINT('',(-7.31531273155275,12.26181177133));
#4285=CARTESIAN_POINT('',(-12.8701941122749,6.28569658159998));
#4286=CARTESIAN_POINT('',(-12.8116216514535,6.41187837587308));
#4287=CARTESIAN_POINT('',(-12.7472640754249,6.53520996460997));
#4288=CARTESIAN_POINT('',(-22.408163792915,-14.26181177133));
#4289=CARTESIAN_POINT('',(-12.8701941122749,6.28569658159998));
#4290=CARTESIAN_POINT('',(28.3283295068145,-176.116573020293,106.561245222014));
#4291=CARTESIAN_POINT('',(18.3201657138944,-176.116573020293,106.561245222014));
#4292=CARTESIAN_POINT('',(-22.408163792915,-14.26181177133));
#4293=CARTESIAN_POINT('',(-12.3999999999949,-14.26181177133));
#4294=CARTESIAN_POINT('',(18.3201657138944,-176.116573020293,106.561245222014));
#4295=CARTESIAN_POINT('',(15.3201657138944,-176.116573020293,106.561245222014));
#4296=CARTESIAN_POINT('',(-12.3999999999949,-14.26181177133));
#4297=CARTESIAN_POINT('',(-9.39999999999486,-14.26181177133));
#4298=CARTESIAN_POINT('',(15.3201657138944,-176.116573020293,106.561245222014));
#4299=CARTESIAN_POINT('',(-3.47983428610556,-176.116573020293,106.561245222014));
#4300=CARTESIAN_POINT('',(-9.39999999999486,-14.26181177133));
#4301=CARTESIAN_POINT('',(9.40000000000506,-14.26181177133));
#4302=CARTESIAN_POINT('',(-3.47983428610556,-176.116573020293,106.561245222014));
#4303=CARTESIAN_POINT('',(-6.47983428610556,-176.116573020293,106.561245222014));
#4304=CARTESIAN_POINT('',(9.40000000000506,-14.26181177133));
#4305=CARTESIAN_POINT('',(12.4000000000051,-14.26181177133));
#4306=CARTESIAN_POINT('',(-6.47983428610556,-176.116573020293,106.561245222014));
#4307=CARTESIAN_POINT('',(-16.4879980790156,-176.116573020293,106.561245222014));
#4308=CARTESIAN_POINT('',(12.4000000000051,-14.26181177133));
#4309=CARTESIAN_POINT('',(22.4081637929151,-14.26181177133));
#4310=CARTESIAN_POINT('',(12.870194112285,6.28569658158998));
#4311=CARTESIAN_POINT('',(22.4081637929151,-14.26181177133));
#4312=CARTESIAN_POINT('',(12.747264075435,6.53520996460998));
#4313=CARTESIAN_POINT('',(12.8116216514578,6.41187837586517));
#4314=CARTESIAN_POINT('',(12.870194112285,6.28569658158998));
#4315=CARTESIAN_POINT('',(-6.82709836153546,-155.319551284353,106.561245222014));
#4316=CARTESIAN_POINT('',(-4.92841471963652,-151.681010423557,106.561245222014));
#4317=CARTESIAN_POINT('',(-1.39514701766336,-149.592949477633,106.561245222014));
#4318=CARTESIAN_POINT('',(12.747264075435,6.53520996460998));
#4319=CARTESIAN_POINT('',(10.848580433536,10.1737508254062));
#4320=CARTESIAN_POINT('',(7.31531273156285,12.26181177133));
#4321=CARTESIAN_POINT('',(-3.47983428610556,-178.052589434483,106.561245222014));
#4322=CARTESIAN_POINT('',(15.3201657138944,-178.052589434483,106.561245222014));
#4323=CARTESIAN_POINT('',(4.0397006025495,-9.39999999999996));
#4324=CARTESIAN_POINT('',(4.0397006025495,9.39999999999997));
#4325=CARTESIAN_POINT('',(15.3201657138944,-178.052589434483,106.561245222014));
#4326=CARTESIAN_POINT('',(15.3201657138944,-178.052589434483,114.640646427113));
#4327=CARTESIAN_POINT('',(4.0397006025495,9.39999999999997));
#4328=CARTESIAN_POINT('',(-4.0397006025495,9.39999999999997));
#4329=CARTESIAN_POINT('',(-4.0397006025495,-9.39999999999996));
#4330=CARTESIAN_POINT('',(-4.0397006025495,9.39999999999997));
#4331=CARTESIAN_POINT('',(-3.47983428610556,-178.052589434483,114.640646427113));
#4332=CARTESIAN_POINT('',(-3.47983428610556,-178.052589434483,106.561245222014));
#4333=CARTESIAN_POINT('',(-4.0397006025495,-9.39999999999996));
#4334=CARTESIAN_POINT('',(4.0397006025495,-9.39999999999996));
#4335=CARTESIAN_POINT('',(-5.55810567700556,-185.469905614063,106.561245222014));
#4336=CARTESIAN_POINT('',(-5.55810567700586,-185.469905614063,114.640646427113));
#4337=CARTESIAN_POINT('',(0.927940120509945,2.99219634915004));
#4338=CARTESIAN_POINT('',(9.00734132560896,2.99219634915124));
#4339=CARTESIAN_POINT('',(-5.55810567700586,-185.469905614063,114.640646427113));
#4340=CARTESIAN_POINT('',(-5.48486336373593,-185.480088013763,114.640646427112));
#4341=CARTESIAN_POINT('',(-5.41091664158556,-185.480088013763,114.640646427113));
#4342=CARTESIAN_POINT('',(9.00734132560896,2.99219634915124));
#4343=CARTESIAN_POINT('',(9.00734132560895,3.14159265359081));
#4344=CARTESIAN_POINT('',(-5.41091664158556,-185.480088013763,114.640646427113));
#4345=CARTESIAN_POINT('',(-5.41091664158556,-185.480088013764,106.561245222014));
#4346=CARTESIAN_POINT('',(9.00734132560895,3.14159265359081));
#4347=CARTESIAN_POINT('',(0.927940120509969,3.14159265358887));
#4348=CARTESIAN_POINT('',(-5.41091664158556,-185.480088013764,106.561245222014));
#4349=CARTESIAN_POINT('',(-5.55810567700556,-185.469905614063,106.561245222014));
#4350=CARTESIAN_POINT('',(0.927940120509969,3.14159265358887));
#4351=CARTESIAN_POINT('',(0.927940120509945,2.99219634915004));
#4352=CARTESIAN_POINT('',(17.2512480693743,-185.480088013763,114.640646427113));
#4353=CARTESIAN_POINT('',(17.2512480693747,-185.480088013764,106.561245222014));
#4354=CARTESIAN_POINT('',(4.0397006025495,11.3310823554797));
#4355=CARTESIAN_POINT('',(-4.0397006025495,11.3310823554801));
#4356=CARTESIAN_POINT('',(17.2512480693747,-185.480088013764,106.561245222014));
#4357=CARTESIAN_POINT('',(15.3201657138944,-185.469905614063,106.561245222014));
#4358=CARTESIAN_POINT('',(-4.0397006025495,11.3310823554801));
#4359=CARTESIAN_POINT('',(-4.0397006025495,9.39999999999976));
#4360=CARTESIAN_POINT('',(15.3201657138944,-185.469905614063,106.561245222014));
#4361=CARTESIAN_POINT('',(11.7008395123444,-185.469905614063,106.561245222014));
#4362=CARTESIAN_POINT('',(10.4870305017143,-185.469905614063,106.561245222014));
#4363=CARTESIAN_POINT('',(1.33701758199444,-185.469905614063,106.561245222014));
#4364=CARTESIAN_POINT('',(0.12320857136433,-185.469905614063,106.561245222014));
#4365=CARTESIAN_POINT('',(-3.47983428610536,-185.469905614063,106.561245222014));
#4366=CARTESIAN_POINT('',(-4.0397006025495,9.39999999999976));
#4367=CARTESIAN_POINT('',(-4.0397006025495,5.78067379844984));
#4368=CARTESIAN_POINT('',(-4.0397006025495,4.56686478781974));
#4369=CARTESIAN_POINT('',(-4.0397006025495,-4.58314813190016));
#4370=CARTESIAN_POINT('',(-4.0397006025495,-5.79695714253026));
#4371=CARTESIAN_POINT('',(-4.0397006025495,-9.39999999999996));
#4372=CARTESIAN_POINT('',(-3.47983428610536,-185.469905614063,106.561245222014));
#4373=CARTESIAN_POINT('',(-5.41091664158556,-185.480088013764,106.561245222014));
#4374=CARTESIAN_POINT('',(-4.0397006025495,-9.39999999999996));
#4375=CARTESIAN_POINT('',(-4.0397006025495,-11.3310823554802));
#4376=CARTESIAN_POINT('',(4.0397006025495,-11.3310823554802));
#4377=CARTESIAN_POINT('',(-4.0397006025495,-11.3310823554802));
#4378=CARTESIAN_POINT('',(-5.41091664158556,-185.480088013763,114.640646427113));
#4379=CARTESIAN_POINT('',(0.123208571364344,-185.480088013763,114.640646427113));
#4380=CARTESIAN_POINT('',(1.33701758199444,-185.480088013763,114.640646427113));
#4381=CARTESIAN_POINT('',(10.4870305017143,-185.480088013763,114.640646427113));
#4382=CARTESIAN_POINT('',(11.7008395123444,-185.480088013763,114.640646427113));
#4383=CARTESIAN_POINT('',(17.2512480693743,-185.480088013763,114.640646427113));
#4384=CARTESIAN_POINT('',(4.0397006025495,-11.3310823554802));
#4385=CARTESIAN_POINT('',(4.0397006025495,-5.79695714253026));
#4386=CARTESIAN_POINT('',(4.0397006025495,-4.58314813190016));
#4387=CARTESIAN_POINT('',(4.0397006025495,4.56686478781974));
#4388=CARTESIAN_POINT('',(4.0397006025495,5.78067379844984));
#4389=CARTESIAN_POINT('',(4.0397006025495,11.3310823554797));
#4390=CARTESIAN_POINT('',(17.3984371048044,-185.469905614063,114.640646427113));
#4391=CARTESIAN_POINT('',(17.3984371047944,-185.469905614063,106.561245222014));
#4392=CARTESIAN_POINT('',(9.00734132560894,4.86178528483259));
#4393=CARTESIAN_POINT('',(0.927940120509989,4.86178528482438));
#4394=CARTESIAN_POINT('',(17.3984371047944,-185.469905614063,106.561245222014));
#4395=CARTESIAN_POINT('',(17.2512480693747,-185.480088013764,106.561245222014));
#4396=CARTESIAN_POINT('',(0.927940120509989,4.86178528482438));
#4397=CARTESIAN_POINT('',(0.927940120509982,4.71238898038587));
#4398=CARTESIAN_POINT('',(9.00734132560896,4.71238898038351));
#4399=CARTESIAN_POINT('',(0.927940120509982,4.71238898038587));
#4400=CARTESIAN_POINT('',(17.2512480693743,-185.480088013763,114.640646427113));
#4401=CARTESIAN_POINT('',(17.3251947915296,-185.480088013765,114.640646427113));
#4402=CARTESIAN_POINT('',(17.3984371048044,-185.469905614063,114.640646427113));
#4403=CARTESIAN_POINT('',(9.00734132560896,4.71238898038351));
#4404=CARTESIAN_POINT('',(9.00734132560894,4.86178528483259));
#4405=CARTESIAN_POINT('',(5.92016571390454,-223.043258959553,108.280172217961));
#4406=CARTESIAN_POINT('',(-1.99113705723656,-223.043258959552,108.280172208016));
#4407=CARTESIAN_POINT('',(-6.69571772344555,-223.043258959553,114.640646427113));
#4408=CARTESIAN_POINT('',(2.3207736066025,5.16196414648248E-12));
#4409=CARTESIAN_POINT('',(2.3207736165475,-7.91130277113594));
#4410=CARTESIAN_POINT('',(-4.0397006025495,-12.6158834373449));
#4411=CARTESIAN_POINT('',(-6.69571772344555,-223.043258959553,114.640646427113));
#4412=CARTESIAN_POINT('',(-14.4879980790156,-223.043258959553,114.640646427113));
#4413=CARTESIAN_POINT('',(-4.0397006025495,-12.6158834373449));
#4414=CARTESIAN_POINT('',(-4.0397006025495,-20.4081637929149));
#4415=CARTESIAN_POINT('',(4.0397006025495,-20.4081637929149));
#4416=CARTESIAN_POINT('',(1.34656686751546,-20.4081637929146));
#4417=CARTESIAN_POINT('',(-1.34656686751551,-20.4081637929149));
#4418=CARTESIAN_POINT('',(-4.0397006025495,-20.4081637929149));
#4419=CARTESIAN_POINT('',(-14.4879980790156,-223.043258959553,106.561245222014));
#4420=CARTESIAN_POINT('',(26.3283295068143,-223.043258959553,106.561245222014));
#4421=CARTESIAN_POINT('',(4.0397006025495,-20.4081637929149));
#4422=CARTESIAN_POINT('',(4.0397006025495,20.4081637929149));
#4423=CARTESIAN_POINT('',(-4.0397006025495,20.4081637929149));
#4424=CARTESIAN_POINT('',(-1.3465668675165,20.4081637929149));
#4425=CARTESIAN_POINT('',(1.3465668675165,20.4081637929149));
#4426=CARTESIAN_POINT('',(4.0397006025495,20.4081637929149));
#4427=CARTESIAN_POINT('',(26.3283295068143,-223.043258959553,114.640646427113));
#4428=CARTESIAN_POINT('',(18.5360491118045,-223.043258959553,114.640646427113));
#4429=CARTESIAN_POINT('',(-4.0397006025495,20.4081637929149));
#4430=CARTESIAN_POINT('',(-4.03970060254949,12.6158833979051));
#4431=CARTESIAN_POINT('',(18.5360491118045,-223.043258959553,114.640646427113));
#4432=CARTESIAN_POINT('',(13.8314684603055,-223.043258959554,108.280172227908));
#4433=CARTESIAN_POINT('',(5.92016571390454,-223.043258959553,108.280172217961));
#4434=CARTESIAN_POINT('',(-4.03970060254949,12.6158833979051));
#4435=CARTESIAN_POINT('',(2.32077359665545,7.91130274640609));
#4436=CARTESIAN_POINT('',(2.3207736066025,5.16196414648248E-12));
#4437=CARTESIAN_POINT('',(-5.55810567700586,-185.469905614063,114.640646427113));
#4438=CARTESIAN_POINT('',(-6.47983428610556,-185.469905614063,114.640646427113));
#4439=CARTESIAN_POINT('',(-11.4782713909057,18.7866766727455));
#4440=CARTESIAN_POINT('',(-12.4000000000054,18.7866766727455));
#4441=CARTESIAN_POINT('',(-22.4081637929154,18.7866766727455));
#4442=CARTESIAN_POINT('',(-12.4000000000054,18.7866766727455));
#4443=CARTESIAN_POINT('',(-22.4081637929153,-16.7866766727445));
#4444=CARTESIAN_POINT('',(-22.4081637929154,18.7866766727455));
#4445=CARTESIAN_POINT('',(-20.4081637929154,-18.7866766727445));
#4446=CARTESIAN_POINT('',(-22.4081637929153,-18.7866766727444));
#4447=CARTESIAN_POINT('',(-22.4081637929153,-16.7866766727445));
#4448=CARTESIAN_POINT('',(-12.6158834373453,-18.7866766727445));
#4449=CARTESIAN_POINT('',(-20.4081637929154,-18.7866766727445));
#4450=CARTESIAN_POINT('',(-6.69571772344555,-223.043258959553,114.640646427113));
#4451=CARTESIAN_POINT('',(-6.69571772344557,-219.470435871563,114.640646427113));
#4452=CARTESIAN_POINT('',(-12.6158834373453,-18.7866766727445));
#4453=CARTESIAN_POINT('',(-12.6158834373453,-15.2138535847545));
#4454=CARTESIAN_POINT('',(-6.69571772344557,-219.470435871563,114.640646427113));
#4455=CARTESIAN_POINT('',(-4.09945612028557,-219.470435871563,114.640646427113));
#4456=CARTESIAN_POINT('',(-2.15387012596577,-219.470435871563,114.640646427113));
#4457=CARTESIAN_POINT('',(-12.6158834373453,-15.2138535847545));
#4458=CARTESIAN_POINT('',(-10.0196218341854,-15.2138535847545));
#4459=CARTESIAN_POINT('',(-8.07403583986555,-15.2138535847545));
#4460=CARTESIAN_POINT('',(-2.15387012596577,-219.470435871563,114.640646427113));
#4461=CARTESIAN_POINT('',(-2.15387012596577,-216.415865335373,114.640646427113));
#4462=CARTESIAN_POINT('',(-8.07403583986555,-15.2138535847545));
#4463=CARTESIAN_POINT('',(-8.07403583986555,-12.1592830485645));
#4464=CARTESIAN_POINT('',(-2.15387012596577,-216.415865335373,114.640646427113));
#4465=CARTESIAN_POINT('',(-0.508348618295457,-216.415865335373,114.640646427113));
#4466=CARTESIAN_POINT('',(-8.07403583986555,-12.1592830485645));
#4467=CARTESIAN_POINT('',(-6.42851433219525,-12.1592830485645));
#4468=CARTESIAN_POINT('',(-0.508348618295457,-216.415865335373,114.640646427113));
#4469=CARTESIAN_POINT('',(1.27295369430433,-216.415865335373,114.640646427113));
#4470=CARTESIAN_POINT('',(10.5673777334944,-216.415865335373,114.640646427113));
#4471=CARTESIAN_POINT('',(12.3486800066441,-216.415865335373,114.640646427112));
#4472=CARTESIAN_POINT('',(-6.42851433219525,-12.1592830485645));
#4473=CARTESIAN_POINT('',(-4.64721201959545,-12.1592830485645));
#4474=CARTESIAN_POINT('',(4.64721201959465,-12.1592830485645));
#4475=CARTESIAN_POINT('',(6.42851429274435,-12.1592830485645));
#4476=CARTESIAN_POINT('',(12.3486800066441,-216.415865335373,114.640646427112));
#4477=CARTESIAN_POINT('',(13.9942015143145,-216.415865335373,114.640646427113));
#4478=CARTESIAN_POINT('',(6.42851429274435,-12.1592830485645));
#4479=CARTESIAN_POINT('',(8.07403580041471,-12.1592830485645));
#4480=CARTESIAN_POINT('',(13.9942015143145,-216.415865335373,114.640646427113));
#4481=CARTESIAN_POINT('',(13.9942015143145,-219.470435871563,114.640646427113));
#4482=CARTESIAN_POINT('',(8.07403580041471,-12.1592830485645));
#4483=CARTESIAN_POINT('',(8.07403580041471,-15.2138535847545));
#4484=CARTESIAN_POINT('',(13.9942015143145,-219.470435871563,114.640646427113));
#4485=CARTESIAN_POINT('',(15.9397875086345,-219.470435871563,114.640646427113));
#4486=CARTESIAN_POINT('',(18.5360491117945,-219.470435871563,114.640646427113));
#4487=CARTESIAN_POINT('',(8.07403580041471,-15.2138535847545));
#4488=CARTESIAN_POINT('',(10.0196217947347,-15.2138535847545));
#4489=CARTESIAN_POINT('',(12.6158833978947,-15.2138535847545));
#4490=CARTESIAN_POINT('',(18.5360491117945,-219.470435871563,114.640646427113));
#4491=CARTESIAN_POINT('',(18.5360491118045,-223.043258959553,114.640646427113));
#4492=CARTESIAN_POINT('',(12.6158833978947,-15.2138535847545));
#4493=CARTESIAN_POINT('',(12.6158833979047,-18.7866766727445));
#4494=CARTESIAN_POINT('',(20.4081637929145,-18.7866766727445));
#4495=CARTESIAN_POINT('',(12.6158833979047,-18.7866766727445));
#4496=CARTESIAN_POINT('',(22.4081637929145,-16.7866766727445));
#4497=CARTESIAN_POINT('',(22.4081637929155,-18.7866766727455));
#4498=CARTESIAN_POINT('',(20.4081637929145,-18.7866766727445));
#4499=CARTESIAN_POINT('',(22.4081637929147,18.7866766727455));
#4500=CARTESIAN_POINT('',(22.4081637929145,-16.7866766727445));
#4501=CARTESIAN_POINT('',(12.3999999999946,18.7866766727455));
#4502=CARTESIAN_POINT('',(22.4081637929147,18.7866766727455));
#4503=CARTESIAN_POINT('',(18.3201657138944,-185.469905614063,114.640646427113));
#4504=CARTESIAN_POINT('',(17.3984371048044,-185.469905614063,114.640646427113));
#4505=CARTESIAN_POINT('',(12.3999999999946,18.7866766727455));
#4506=CARTESIAN_POINT('',(11.4782713909046,18.7866766727455));
#4507=CARTESIAN_POINT('',(11.3310823554745,18.7764942730455));
#4508=CARTESIAN_POINT('',(11.4050290776299,18.7764942730435));
#4509=CARTESIAN_POINT('',(11.4782713909046,18.7866766727455));
#4510=CARTESIAN_POINT('',(-11.3310823554853,18.7764942730455));
#4511=CARTESIAN_POINT('',(-5.79695714253545,18.7764942730455));
#4512=CARTESIAN_POINT('',(-4.58314813190535,18.7764942730455));
#4513=CARTESIAN_POINT('',(4.56686478781455,18.7764942730455));
#4514=CARTESIAN_POINT('',(5.78067379844465,18.7764942730455));
#4515=CARTESIAN_POINT('',(11.3310823554745,18.7764942730455));
#4516=CARTESIAN_POINT('',(-11.4782713909057,18.7866766727455));
#4517=CARTESIAN_POINT('',(-11.4050290776357,18.7764942730454));
#4518=CARTESIAN_POINT('',(-11.3310823554853,18.7764942730455));
#4519=CARTESIAN_POINT('',(23.0551851025642,-190.443718521973,114.641164892395));
#4520=CARTESIAN_POINT('',(24.7551851025643,-190.443718521973,114.641164892395));
#4521=CARTESIAN_POINT('',(24.7551851025643,-192.143718521973,114.641164892395));
#4522=CARTESIAN_POINT('',(24.7551851025643,-193.843718521973,114.641164892395));
#4523=CARTESIAN_POINT('',(23.0551851025642,-193.843718521973,114.641164892395));
#4524=CARTESIAN_POINT('',(17.1350193886644,13.8128637648355));
#4525=CARTESIAN_POINT('',(18.8350193886645,13.8128637648357));
#4526=CARTESIAN_POINT('',(18.8350193886645,12.1128637648355));
#4527=CARTESIAN_POINT('',(18.8350193886645,10.4128637648354));
#4528=CARTESIAN_POINT('',(17.1350193886644,10.4128637648355));
#4529=CARTESIAN_POINT('',(23.0551851025642,-193.843718521973,114.641164892395));
#4530=CARTESIAN_POINT('',(21.3551851025643,-193.843718521973,114.641164892395));
#4531=CARTESIAN_POINT('',(21.3551851025643,-192.143718521973,114.641164892395));
#4532=CARTESIAN_POINT('',(21.3551851025643,-190.443718521973,114.641164892395));
#4533=CARTESIAN_POINT('',(23.0551851025642,-190.443718521973,114.641164892395));
#4534=CARTESIAN_POINT('',(17.1350193886644,10.4128637648355));
#4535=CARTESIAN_POINT('',(15.4350193886645,10.4128637648356));
#4536=CARTESIAN_POINT('',(15.4350193886645,12.1128637648355));
#4537=CARTESIAN_POINT('',(15.4350193886645,13.8128637648354));
#4538=CARTESIAN_POINT('',(17.1350193886644,13.8128637648355));
#4539=CARTESIAN_POINT('',(-11.2148539351056,-214.715864926563,114.641164892395));
#4540=CARTESIAN_POINT('',(-9.51485393510503,-214.715864926562,114.641164892395));
#4541=CARTESIAN_POINT('',(-9.51485393510502,-216.415864926563,114.641164892395));
#4542=CARTESIAN_POINT('',(-9.51485393510501,-218.115864926563,114.641164892395));
#4543=CARTESIAN_POINT('',(-11.2148539351056,-218.115864926563,114.641164892395));
#4544=CARTESIAN_POINT('',(-17.1350196490054,-10.4592826397545));
#4545=CARTESIAN_POINT('',(-15.4350196490048,-10.459282639754));
#4546=CARTESIAN_POINT('',(-15.4350196490048,-12.1592826397545));
#4547=CARTESIAN_POINT('',(-15.4350196490048,-13.859282639755));
#4548=CARTESIAN_POINT('',(-17.1350196490054,-13.8592826397545));
#4549=CARTESIAN_POINT('',(-11.2148539351056,-218.115864926563,114.641164892395));
#4550=CARTESIAN_POINT('',(-12.914853935106,-218.115864926563,114.641164892395));
#4551=CARTESIAN_POINT('',(-12.9148539351061,-216.415864926563,114.641164892395));
#4552=CARTESIAN_POINT('',(-12.914853935106,-214.715864926562,114.641164892395));
#4553=CARTESIAN_POINT('',(-11.2148539351056,-214.715864926563,114.641164892395));
#4554=CARTESIAN_POINT('',(-17.1350196490054,-13.8592826397545));
#4555=CARTESIAN_POINT('',(-18.8350196490058,-13.859282639755));
#4556=CARTESIAN_POINT('',(-18.8350196490058,-12.1592826397545));
#4557=CARTESIAN_POINT('',(-18.8350196490058,-10.459282639754));
#4558=CARTESIAN_POINT('',(-17.1350196490054,-10.4592826397545));
#4559=CARTESIAN_POINT('',(23.0551848422245,-214.715864926563,114.641164892395));
#4560=CARTESIAN_POINT('',(24.7551848422189,-214.715864926564,114.641164892395));
#4561=CARTESIAN_POINT('',(24.7551848422239,-216.415864926558,114.641164892395));
#4562=CARTESIAN_POINT('',(24.7551848422289,-218.115864926552,114.641164892395));
#4563=CARTESIAN_POINT('',(23.0551848422345,-218.115864926563,114.641164892395));
#4564=CARTESIAN_POINT('',(17.1350191283247,-10.4592826397545));
#4565=CARTESIAN_POINT('',(18.8350191283191,-10.4592826397551));
#4566=CARTESIAN_POINT('',(18.8350191283241,-12.1592826397495));
#4567=CARTESIAN_POINT('',(18.8350191283291,-13.8592826397439));
#4568=CARTESIAN_POINT('',(17.1350191283347,-13.8592826397545));
#4569=CARTESIAN_POINT('',(23.0551848422345,-218.115864926563,114.641164892395));
#4570=CARTESIAN_POINT('',(21.3551848422292,-218.115864926573,114.641164892395));
#4571=CARTESIAN_POINT('',(21.3551848422242,-216.415864926568,114.641164892395));
#4572=CARTESIAN_POINT('',(21.3551848422192,-214.715864926563,114.641164892395));
#4573=CARTESIAN_POINT('',(23.0551848422245,-214.715864926563,114.641164892395));
#4574=CARTESIAN_POINT('',(17.1350191283347,-13.8592826397545));
#4575=CARTESIAN_POINT('',(15.4350191283294,-13.8592826397648));
#4576=CARTESIAN_POINT('',(15.4350191283244,-12.1592826397595));
#4577=CARTESIAN_POINT('',(15.4350191283194,-10.4592826397542));
#4578=CARTESIAN_POINT('',(17.1350191283247,-10.4592826397545));
#4579=CARTESIAN_POINT('',(-11.2148536747657,-190.443718521973,114.641164892395));
#4580=CARTESIAN_POINT('',(-9.51485367476473,-190.443718521972,114.641164892395));
#4581=CARTESIAN_POINT('',(-9.51485367476474,-192.143718521973,114.641164892395));
#4582=CARTESIAN_POINT('',(-9.51485367476473,-193.843718521974,114.641164892395));
#4583=CARTESIAN_POINT('',(-11.2148536747657,-193.843718521973,114.641164892395));
#4584=CARTESIAN_POINT('',(-17.1350193886654,13.8128637648355));
#4585=CARTESIAN_POINT('',(-15.4350193886645,13.8128637648364));
#4586=CARTESIAN_POINT('',(-15.4350193886645,12.1128637648355));
#4587=CARTESIAN_POINT('',(-15.4350193886645,10.4128637648346));
#4588=CARTESIAN_POINT('',(-17.1350193886654,10.4128637648355));
#4589=CARTESIAN_POINT('',(-11.2148536747657,-193.843718521973,114.641164892395));
#4590=CARTESIAN_POINT('',(-12.9148536747656,-193.843718521973,114.641164892395));
#4591=CARTESIAN_POINT('',(-12.9148536747656,-192.143718521973,114.641164892395));
#4592=CARTESIAN_POINT('',(-12.9148536747656,-190.443718521973,114.641164892395));
#4593=CARTESIAN_POINT('',(-11.2148536747657,-190.443718521973,114.641164892395));
#4594=CARTESIAN_POINT('',(-17.1350193886654,10.4128637648355));
#4595=CARTESIAN_POINT('',(-18.8350193886654,10.4128637648355));
#4596=CARTESIAN_POINT('',(-18.8350193886654,12.1128637648355));
#4597=CARTESIAN_POINT('',(-18.8350193886654,13.8128637648354));
#4598=CARTESIAN_POINT('',(-17.1350193886654,13.8128637648355));
#4599=CARTESIAN_POINT('',(-18.3999999999954,-4.97317853610448));
#4600=CARTESIAN_POINT('',(-12.3999999999954,-4.97317853610448));
#4601=CARTESIAN_POINT('',(-18.3999999999954,6.63908386012551));
#4602=CARTESIAN_POINT('',(-18.3999999999954,-4.97317853610448));
#4603=CARTESIAN_POINT('',(-12.3999999999954,6.63908386012551));
#4604=CARTESIAN_POINT('',(-18.3999999999954,6.63908386012551));
#4605=CARTESIAN_POINT('',(-12.3999999999954,-4.97317853610448));
#4606=CARTESIAN_POINT('',(-12.3999999999954,6.63908386012551));
#4607=CARTESIAN_POINT('',(12.3999999999875,6.63908386012551));
#4608=CARTESIAN_POINT('',(12.3999999999875,-4.97317853610448));
#4609=CARTESIAN_POINT('',(18.3999999999875,6.63908386012551));
#4610=CARTESIAN_POINT('',(12.3999999999875,6.63908386012551));
#4611=CARTESIAN_POINT('',(18.3999999999875,-4.97317853610448));
#4612=CARTESIAN_POINT('',(18.3999999999875,6.63908386012551));
#4613=CARTESIAN_POINT('',(12.3999999999875,-4.97317853610448));
#4614=CARTESIAN_POINT('',(18.3999999999875,-4.97317853610448));
#4615=CARTESIAN_POINT('',(-1.50408089900351,-4.03701791993515));
#4616=CARTESIAN_POINT('',(-1.50408089900351,-2.39149641226485));
#4617=CARTESIAN_POINT('',(-2.15387012596577,-216.415865335373,114.640646427113));
#4618=CARTESIAN_POINT('',(1.32276897088417,-216.415865335373,111.632484629106));
#4619=CARTESIAN_POINT('',(5.92016571390454,-216.415865335373,111.632484636453));
#4620=CARTESIAN_POINT('',(-1.50408089900351,-4.03701791993515));
#4621=CARTESIAN_POINT('',(1.5040808990035,-0.560378823085218));
#4622=CARTESIAN_POINT('',(1.50408089165649,4.03701791993515));
#4623=CARTESIAN_POINT('',(5.92016571390454,-216.415865335373,111.632484636453));
#4624=CARTESIAN_POINT('',(5.92016571389453,-216.415865335373,112.640646427113));
#4625=CARTESIAN_POINT('',(1.50408089165649,4.03701791993515));
#4626=CARTESIAN_POINT('',(0.495919100996488,4.03701791992515));
#4627=CARTESIAN_POINT('',(5.92016571389453,-216.415865335373,112.640646427113));
#4628=CARTESIAN_POINT('',(2.3947946715723,-216.415865335373,112.640646420978));
#4629=CARTESIAN_POINT('',(-0.508348618295457,-216.415865335373,114.640646427113));
#4630=CARTESIAN_POINT('',(0.495919100996488,4.03701791992515));
#4631=CARTESIAN_POINT('',(0.495919107131483,0.51164687760291));
#4632=CARTESIAN_POINT('',(-1.50408089900351,-2.39149641226485));
#4633=CARTESIAN_POINT('',(4.05010539678902,4.0680830285314));
#4634=CARTESIAN_POINT('',(4.05010539678908,3.14159265498635));
#4635=CARTESIAN_POINT('',(0.477282308799019,4.06808302853104));
#4636=CARTESIAN_POINT('',(4.05010539678902,4.0680830285314));
#4637=CARTESIAN_POINT('',(18.5360491117945,-219.470435871563,114.640646427113));
#4638=CARTESIAN_POINT('',(13.8314684603038,-219.470435871564,108.280172227904));
#4639=CARTESIAN_POINT('',(5.92016571390454,-219.470435871563,108.280172217961));
#4640=CARTESIAN_POINT('',(0.477282308799019,4.06808302853104));
#4641=CARTESIAN_POINT('',(0.477282308798999,3.14159265498635));
#4642=CARTESIAN_POINT('',(5.92016571390454,-219.470435871563,108.280172217961));
#4643=CARTESIAN_POINT('',(5.92016571390454,-223.043258959553,108.280172217961));
#4644=CARTESIAN_POINT('',(0.477282308798999,3.14159265498635));
#4645=CARTESIAN_POINT('',(4.05010539678908,3.14159265498635));
#4646=CARTESIAN_POINT('',(-3.18023710457601,1.76609410146498));
#4647=CARTESIAN_POINT('',(-3.18023710457601,3.71168009578501));
#4648=CARTESIAN_POINT('',(-3.18023710457601,6.30794169894498));
#4649=CARTESIAN_POINT('',(13.9942015143145,-219.470435871563,114.640646427113));
#4650=CARTESIAN_POINT('',(10.5175624344567,-219.470435871564,111.632484643806));
#4651=CARTESIAN_POINT('',(5.92016571390454,-219.470435871563,111.632484636455));
#4652=CARTESIAN_POINT('',(-3.18023710457601,1.76609410146498));
#4653=CARTESIAN_POINT('',(-0.17207532126903,-1.71054497839286));
#4654=CARTESIAN_POINT('',(-0.172075313918015,-6.30794169894498));
#4655=CARTESIAN_POINT('',(5.92016571390454,-219.470435871563,111.632484636455));
#4656=CARTESIAN_POINT('',(5.92016571390454,-219.470435871563,108.280172217961));
#4657=CARTESIAN_POINT('',(-0.172075313918015,-6.30794169894498));
#4658=CARTESIAN_POINT('',(3.18023710457599,-6.30794169894498));
#4659=CARTESIAN_POINT('',(-3.18023710457601,6.30794169894498));
#4660=CARTESIAN_POINT('',(3.180237094633,1.60336104745427));
#4661=CARTESIAN_POINT('',(3.18023710457599,-6.30794169894498));
#4662=CARTESIAN_POINT('',(0.425457053619026,2.42459540975499));
#4663=CARTESIAN_POINT('',(0.425457053618995,3.14159265536576));
#4664=CARTESIAN_POINT('',(3.48002758980926,2.42459540975498));
#4665=CARTESIAN_POINT('',(0.425457053619026,2.42459540975499));
#4666=CARTESIAN_POINT('',(-2.15387012596577,-219.470435871563,114.640646427113));
#4667=CARTESIAN_POINT('',(1.32276897088458,-219.470435871564,111.632484629107));
#4668=CARTESIAN_POINT('',(5.92016571390454,-219.470435871563,111.632484636455));
#4669=CARTESIAN_POINT('',(3.48002758980926,2.42459540975498));
#4670=CARTESIAN_POINT('',(3.4800275898092,3.14159265536576));
#4671=CARTESIAN_POINT('',(5.92016571390454,-219.470435871563,111.632484636455));
#4672=CARTESIAN_POINT('',(5.92016571390454,-216.415865335373,111.632484636453));
#4673=CARTESIAN_POINT('',(3.4800275898092,3.14159265536576));
#4674=CARTESIAN_POINT('',(0.425457053618995,3.14159265536576));
#4675=CARTESIAN_POINT('',(-1.504080895329,2.39149639253962));
#4676=CARTESIAN_POINT('',(-1.50408089532999,4.03701790020998));
#4677=CARTESIAN_POINT('',(12.3486800066441,-216.415865335373,114.640646427112));
#4678=CARTESIAN_POINT('',(9.44553673458736,-216.415865335372,112.640646433249));
#4679=CARTESIAN_POINT('',(5.92016571389453,-216.415865335373,112.640646427113));
#4680=CARTESIAN_POINT('',(-1.504080895329,2.39149639253962));
#4681=CARTESIAN_POINT('',(0.495919098534011,-0.511646879517168));
#4682=CARTESIAN_POINT('',(0.495919104670009,-4.03701790020998));
#4683=CARTESIAN_POINT('',(1.50408089533001,-4.03701790019998));
#4684=CARTESIAN_POINT('',(0.495919104670009,-4.03701790020998));
#4685=CARTESIAN_POINT('',(5.92016571390454,-216.415865335373,111.632484636453));
#4686=CARTESIAN_POINT('',(10.5175624344574,-216.415865335374,111.632484643804));
#4687=CARTESIAN_POINT('',(13.9942015143145,-216.415865335373,114.640646427113));
#4688=CARTESIAN_POINT('',(1.50408089533001,-4.03701790019998));
#4689=CARTESIAN_POINT('',(1.50408088797902,0.560378820352902));
#4690=CARTESIAN_POINT('',(-1.50408089532999,4.03701790020998));
#4691=CARTESIAN_POINT('',(5.92016571390454,-219.470435871563,108.280172217961));
#4692=CARTESIAN_POINT('',(-1.99113705723556,-219.470435871563,108.280172208018));
#4693=CARTESIAN_POINT('',(-6.69571772344557,-219.470435871563,114.640646427113));
#4694=CARTESIAN_POINT('',(0.477282308798925,3.14159265498635));
#4695=CARTESIAN_POINT('',(0.477282308798973,2.21510227864856));
#4696=CARTESIAN_POINT('',(4.05010539678901,2.21510227864856));
#4697=CARTESIAN_POINT('',(0.477282308798973,2.21510227864856));
#4698=CARTESIAN_POINT('',(4.050105396789,3.14159265498635));
#4699=CARTESIAN_POINT('',(4.05010539678901,2.21510227864856));
#4700=CARTESIAN_POINT('',(0.477282308798925,3.14159265498635));
#4701=CARTESIAN_POINT('',(4.050105396789,3.14159265498635));
#4702=CARTESIAN_POINT('',(-3.18023710954799,-6.30794171867505));
#4703=CARTESIAN_POINT('',(-3.18023710954799,-3.71168011551505));
#4704=CARTESIAN_POINT('',(-3.18023710954799,-1.76609412119525));
#4705=CARTESIAN_POINT('',(3.18023709960401,6.30794171867505));
#4706=CARTESIAN_POINT('',(3.180237109547,-1.60336105246504));
#4707=CARTESIAN_POINT('',(-3.18023710954799,-6.30794171867505));
#4708=CARTESIAN_POINT('',(-0.172075318889996,6.30794171867505));
#4709=CARTESIAN_POINT('',(3.18023709960401,6.30794171867505));
#4710=CARTESIAN_POINT('',(-3.18023710954799,-1.76609412119525));
#4711=CARTESIAN_POINT('',(-0.172075311542014,1.71054497565507));
#4712=CARTESIAN_POINT('',(-0.172075318889996,6.30794171867505));
#4713=CARTESIAN_POINT('',(3.48002758980872,3.8585898974246));
#4714=CARTESIAN_POINT('',(3.48002758980872,3.14159265536576));
#4715=CARTESIAN_POINT('',(0.425457053618995,3.8585898974246));
#4716=CARTESIAN_POINT('',(3.48002758980872,3.8585898974246));
#4717=CARTESIAN_POINT('',(0.425457053618936,3.14159265536576));
#4718=CARTESIAN_POINT('',(0.425457053618995,3.8585898974246));
#4719=CARTESIAN_POINT('',(3.48002758980872,3.14159265536576));
#4720=CARTESIAN_POINT('',(0.425457053618936,3.14159265536576));
#4721=CARTESIAN_POINT('',(-1.000000003068,-6.42851431246978));
#4722=CARTESIAN_POINT('',(-1.000000003068,-4.64721199986998));
#4723=CARTESIAN_POINT('',(-1.000000003068,4.64721203932012));
#4724=CARTESIAN_POINT('',(-1.000000003067,6.42851431246982));
#4725=CARTESIAN_POINT('',(0.999999996932004,1.97202181251299E-8));
#4726=CARTESIAN_POINT('',(1.000000003067,-3.52537102260202));
#4727=CARTESIAN_POINT('',(-1.000000003068,-6.42851431246978));
#4728=CARTESIAN_POINT('',(-1.000000003067,6.42851431246982));
#4729=CARTESIAN_POINT('',(0.999999990796016,3.52537104041303));
#4730=CARTESIAN_POINT('',(0.999999996932004,1.97202181251299E-8));
#4731=CARTESIAN_POINT('',(-3.47983428610556,-176.116573020293,126.640646427113));
#4732=CARTESIAN_POINT('',(-3.47983428610556,-176.116573020293,114.640646427113));
#4733=CARTESIAN_POINT('',(-6.,-9.39999999999996));
#4734=CARTESIAN_POINT('',(6.,-9.39999999999996));
#4735=CARTESIAN_POINT('',(6.,9.39999999999996));
#4736=CARTESIAN_POINT('',(6.,1.4210854715202E-13));
#4737=CARTESIAN_POINT('',(6.,-9.39999999999996));
#4738=CARTESIAN_POINT('',(15.3201657138944,-176.116573020293,114.640646427113));
#4739=CARTESIAN_POINT('',(15.3201657138944,-176.116573020293,126.640646427113));
#4740=CARTESIAN_POINT('',(6.,9.39999999999996));
#4741=CARTESIAN_POINT('',(-6.,9.39999999999996));
#4742=CARTESIAN_POINT('',(-6.,-9.39999999999996));
#4743=CARTESIAN_POINT('',(-6.,1.4210854715202E-13));
#4744=CARTESIAN_POINT('',(-6.,9.39999999999996));
#4745=CARTESIAN_POINT('',(9.39999999999996,-0.968008207094982));
#4746=CARTESIAN_POINT('',(-9.39999999999997,-0.968008207094982));
#4747=CARTESIAN_POINT('',(-3.47983428610556,-178.052589434483,106.561245222014));
#4748=CARTESIAN_POINT('',(-3.47983428610556,-176.116573020293,106.561245222014));
#4749=CARTESIAN_POINT('',(9.39999999999996,-0.968008207094982));
#4750=CARTESIAN_POINT('',(9.39999999999996,0.968008207095011));
#4751=CARTESIAN_POINT('',(-9.39999999999997,0.968008207095011));
#4752=CARTESIAN_POINT('',(9.39999999999996,0.968008207095011));
#4753=CARTESIAN_POINT('',(15.3201657138944,-176.116573020293,106.561245222014));
#4754=CARTESIAN_POINT('',(15.3201657138944,-178.052589434483,106.561245222014));
#4755=CARTESIAN_POINT('',(-9.39999999999997,0.968008207095011));
#4756=CARTESIAN_POINT('',(-9.39999999999997,-0.968008207094982));
#4757=CARTESIAN_POINT('',(-5.55810567700556,-185.469905614063,106.561245222014));
#4758=CARTESIAN_POINT('',(-5.41091664158556,-185.480088013764,106.561245222014));
#4759=CARTESIAN_POINT('',(11.4782713909044,14.1100103758605));
#4760=CARTESIAN_POINT('',(11.3310823554844,14.0998279761595));
#4761=CARTESIAN_POINT('',(-5.41091664158556,-185.480088013764,106.561245222014));
#4762=CARTESIAN_POINT('',(-3.47983428610536,-185.469905614063,106.561245222014));
#4763=CARTESIAN_POINT('',(11.3310823554844,14.0998279761595));
#4764=CARTESIAN_POINT('',(9.40000000000422,14.1100103758605));
#4765=CARTESIAN_POINT('',(-9.3999999999955,14.1100103758605));
#4766=CARTESIAN_POINT('',(-5.78067379844558,14.1100103758605));
#4767=CARTESIAN_POINT('',(-4.56686478781548,14.1100103758605));
#4768=CARTESIAN_POINT('',(4.58314813190442,14.1100103758605));
#4769=CARTESIAN_POINT('',(5.79695714253452,14.1100103758605));
#4770=CARTESIAN_POINT('',(9.40000000000422,14.1100103758605));
#4771=CARTESIAN_POINT('',(15.3201657138944,-185.469905614063,106.561245222014));
#4772=CARTESIAN_POINT('',(17.2512480693747,-185.480088013764,106.561245222014));
#4773=CARTESIAN_POINT('',(-9.3999999999955,14.1100103758605));
#4774=CARTESIAN_POINT('',(-11.3310823554759,14.0998279761595));
#4775=CARTESIAN_POINT('',(17.2512480693747,-185.480088013764,106.561245222014));
#4776=CARTESIAN_POINT('',(17.3984371047944,-185.469905614063,106.561245222014));
#4777=CARTESIAN_POINT('',(-11.3310823554759,14.0998279761595));
#4778=CARTESIAN_POINT('',(-11.4782713908955,14.1100103758605));
#4779=CARTESIAN_POINT('',(17.3984371047944,-185.469905614063,106.561245222014));
#4780=CARTESIAN_POINT('',(18.3201657138944,-185.469905614063,106.561245222014));
#4781=CARTESIAN_POINT('',(-11.4782713908955,14.1100103758605));
#4782=CARTESIAN_POINT('',(-12.3999999999955,14.1100103758605));
#4783=CARTESIAN_POINT('',(18.3201657138944,-185.469905614063,106.561245222014));
#4784=CARTESIAN_POINT('',(18.3201657138944,-184.411170369243,106.561245222014));
#4785=CARTESIAN_POINT('',(18.3201657138944,-179.121507079003,106.561245222014));
#4786=CARTESIAN_POINT('',(18.3201657138944,-176.116573020293,106.561245222014));
#4787=CARTESIAN_POINT('',(-12.3999999999955,14.1100103758605));
#4788=CARTESIAN_POINT('',(-12.3999999999955,15.1687456206805));
#4789=CARTESIAN_POINT('',(-12.3999999999955,20.4584089109205));
#4790=CARTESIAN_POINT('',(-12.3999999999955,23.4633429696305));
#4791=CARTESIAN_POINT('',(-22.4081637929157,23.4633429696305));
#4792=CARTESIAN_POINT('',(-12.3999999999955,23.4633429696305));
#4793=CARTESIAN_POINT('',(-22.4081637929155,-21.4633429696295));
#4794=CARTESIAN_POINT('',(-22.4081637929157,23.4633429696305));
#4795=CARTESIAN_POINT('',(-20.4081637929155,-23.4633429696295));
#4796=CARTESIAN_POINT('',(-22.4081637929155,-23.4633429696295));
#4797=CARTESIAN_POINT('',(-22.4081637929155,-21.4633429696295));
#4798=CARTESIAN_POINT('',(20.4081637929144,-23.4633429696295));
#4799=CARTESIAN_POINT('',(-20.4081637929155,-23.4633429696295));
#4800=CARTESIAN_POINT('',(22.4081637929144,-21.4633429696295));
#4801=CARTESIAN_POINT('',(22.4081637929154,-23.4633429696305));
#4802=CARTESIAN_POINT('',(20.4081637929144,-23.4633429696295));
#4803=CARTESIAN_POINT('',(22.4081637929144,23.4633429696305));
#4804=CARTESIAN_POINT('',(22.4081637929144,-21.4633429696295));
#4805=CARTESIAN_POINT('',(12.4000000000044,23.4633429696305));
#4806=CARTESIAN_POINT('',(22.4081637929144,23.4633429696305));
#4807=CARTESIAN_POINT('',(-6.47983428610556,-176.116573020293,106.561245222014));
#4808=CARTESIAN_POINT('',(-6.47983428610556,-179.121507079003,106.561245222014));
#4809=CARTESIAN_POINT('',(-6.47983428610556,-184.411170369243,106.561245222014));
#4810=CARTESIAN_POINT('',(-6.47983428610556,-185.469905614063,106.561245222014));
#4811=CARTESIAN_POINT('',(12.4000000000044,23.4633429696305));
#4812=CARTESIAN_POINT('',(12.4000000000044,20.4584089109205));
#4813=CARTESIAN_POINT('',(12.4000000000044,15.1687456206805));
#4814=CARTESIAN_POINT('',(12.4000000000044,14.1100103758605));
#4815=CARTESIAN_POINT('',(-6.47983428610556,-185.469905614063,106.561245222014));
#4816=CARTESIAN_POINT('',(-5.55810567700556,-185.469905614063,106.561245222014));
#4817=CARTESIAN_POINT('',(12.4000000000044,14.1100103758605));
#4818=CARTESIAN_POINT('',(11.4782713909044,14.1100103758605));
#4819=CARTESIAN_POINT('',(-11.2148539351156,-212.536402127603,106.561245222014));
#4820=CARTESIAN_POINT('',(-11.2315877587255,-212.536402127603,106.561245222014));
#4821=CARTESIAN_POINT('',(-11.2483209596455,-212.536546485553,106.561245222014));
#4822=CARTESIAN_POINT('',(-15.1276394006556,-212.570013510093,106.561245222014));
#4823=CARTESIAN_POINT('',(-15.0941723761157,-216.449331951103,106.561245222014));
#4824=CARTESIAN_POINT('',(-15.0609928274555,-220.295327725533,106.561245222014));
#4825=CARTESIAN_POINT('',(-11.2148539350956,-220.295327725523,106.561245222014));
#4826=CARTESIAN_POINT('',(-11.1981201114857,-220.295327725523,106.561245222014));
#4827=CARTESIAN_POINT('',(-11.1813869105655,-220.295183367573,106.561245222014));
#4828=CARTESIAN_POINT('',(-7.30206846955545,-220.261716343033,106.561245222014));
#4829=CARTESIAN_POINT('',(-7.33553549409567,-216.382397902023,106.561245222014));
#4830=CARTESIAN_POINT('',(-7.36871504275556,-212.536402127593,106.561245222014));
#4831=CARTESIAN_POINT('',(-11.2148539351156,-212.536402127603,106.561245222014));
#4832=CARTESIAN_POINT('',(17.1350196490144,-12.9564861376795));
#4833=CARTESIAN_POINT('',(17.1517534726243,-12.9564861376795));
#4834=CARTESIAN_POINT('',(17.1684866735443,-12.9566304956295));
#4835=CARTESIAN_POINT('',(21.0478051145544,-12.9900975201695));
#4836=CARTESIAN_POINT('',(21.0143380900145,-16.8694159611795));
#4837=CARTESIAN_POINT('',(20.9811585413543,-20.7154117356095));
#4838=CARTESIAN_POINT('',(17.1350196489944,-20.7154117355995));
#4839=CARTESIAN_POINT('',(17.1182858253845,-20.7154117355995));
#4840=CARTESIAN_POINT('',(17.1015526244644,-20.7152673776495));
#4841=CARTESIAN_POINT('',(13.2222341834543,-20.6818003531095));
#4842=CARTESIAN_POINT('',(13.2557012079945,-16.8024819120995));
#4843=CARTESIAN_POINT('',(13.2888807566544,-12.9564861376695));
#4844=CARTESIAN_POINT('',(17.1350196490144,-12.9564861376795));
#4845=CARTESIAN_POINT('',(23.0551848422145,-212.536402127603,106.561245222014));
#4846=CARTESIAN_POINT('',(23.0384510186047,-212.536402127603,106.561245222014));
#4847=CARTESIAN_POINT('',(23.0217178176845,-212.536546485553,106.561245222014));
#4848=CARTESIAN_POINT('',(19.1423993766743,-212.570013510093,106.561245222014));
#4849=CARTESIAN_POINT('',(19.1758664012143,-216.449331951103,106.561245222014));
#4850=CARTESIAN_POINT('',(19.2090459498646,-220.295327724873,106.561245222014));
#4851=CARTESIAN_POINT('',(23.0551848415645,-220.295327725523,106.561245222014));
#4852=CARTESIAN_POINT('',(23.0719186655044,-220.295327725523,106.561245222014));
#4853=CARTESIAN_POINT('',(23.0886518667644,-220.295183367573,106.561245222014));
#4854=CARTESIAN_POINT('',(26.9679703077745,-220.261716343033,106.561245222014));
#4855=CARTESIAN_POINT('',(26.9345032832344,-216.382397902023,106.561245222014));
#4856=CARTESIAN_POINT('',(26.9013237345745,-212.536402127593,106.561245222014));
#4857=CARTESIAN_POINT('',(23.0551848422145,-212.536402127603,106.561245222014));
#4858=CARTESIAN_POINT('',(-17.1350191283156,-12.9564861376795));
#4859=CARTESIAN_POINT('',(-17.1182853047059,-12.9564861376795));
#4860=CARTESIAN_POINT('',(-17.1015521037857,-12.9566304956295));
#4861=CARTESIAN_POINT('',(-13.2222336627755,-12.9900975201695));
#4862=CARTESIAN_POINT('',(-13.2557006873155,-16.8694159611795));
#4863=CARTESIAN_POINT('',(-13.2888802359658,-20.7154117349495));
#4864=CARTESIAN_POINT('',(-17.1350191276657,-20.7154117355995));
#4865=CARTESIAN_POINT('',(-17.1517529516055,-20.7154117355995));
#4866=CARTESIAN_POINT('',(-17.1684861528656,-20.7152673776495));
#4867=CARTESIAN_POINT('',(-21.0478045938756,-20.6818003531095));
#4868=CARTESIAN_POINT('',(-21.0143375693355,-16.8024819120995));
#4869=CARTESIAN_POINT('',(-20.9811580206756,-12.9564861376695));
#4870=CARTESIAN_POINT('',(-17.1350191283156,-12.9564861376795));
#4871=CARTESIAN_POINT('',(23.0551851024643,-188.264255723013,106.561245222014));
#4872=CARTESIAN_POINT('',(23.0384512789045,-188.264255723013,106.561245222014));
#4873=CARTESIAN_POINT('',(23.0217180780244,-188.264400080963,106.561245222014));
#4874=CARTESIAN_POINT('',(19.1423996370145,-188.297867105503,106.561245222014));
#4875=CARTESIAN_POINT('',(19.1758666615545,-192.177185546513,106.561245222014));
#4876=CARTESIAN_POINT('',(19.2090462102145,-196.023181320863,106.561245222014));
#4877=CARTESIAN_POINT('',(23.0551851024944,-196.023181320933,106.561245222014));
#4878=CARTESIAN_POINT('',(23.0719189261345,-196.023181320933,106.561245222014));
#4879=CARTESIAN_POINT('',(23.0886521271043,-196.023036962983,106.561245222014));
#4880=CARTESIAN_POINT('',(26.9679705681145,-195.989569938443,106.561245222014));
#4881=CARTESIAN_POINT('',(26.9345035435745,-192.110251497433,106.561245222014));
#4882=CARTESIAN_POINT('',(26.9013239949145,-188.264255722913,106.561245222014));
#4883=CARTESIAN_POINT('',(23.0551851024646,-188.264255723013,106.561245222014));
#4884=CARTESIAN_POINT('',(-17.1350193885656,11.3156602669105));
#4885=CARTESIAN_POINT('',(-17.1182855650056,11.3156602669105));
#4886=CARTESIAN_POINT('',(-17.1015523641256,11.3155159089605));
#4887=CARTESIAN_POINT('',(-13.2222339231157,11.2820488844205));
#4888=CARTESIAN_POINT('',(-13.2557009476556,7.40273044341052));
#4889=CARTESIAN_POINT('',(-13.2888804963156,3.5567346690605));
#4890=CARTESIAN_POINT('',(-17.1350193885956,3.55673466899052));
#4891=CARTESIAN_POINT('',(-17.1517532122356,3.5567346689905));
#4892=CARTESIAN_POINT('',(-17.1684864132055,3.55687902694049));
#4893=CARTESIAN_POINT('',(-21.0478048542157,3.59034605148047));
#4894=CARTESIAN_POINT('',(-21.0143378296757,7.46966449249049));
#4895=CARTESIAN_POINT('',(-20.9811582810156,11.3156602670105));
#4896=CARTESIAN_POINT('',(-17.1350193885656,11.3156602669105));
#4897=CARTESIAN_POINT('',(-11.2148536748655,-188.264255723013,106.561245222014));
#4898=CARTESIAN_POINT('',(-11.2315874984258,-188.264255723013,106.561245222014));
#4899=CARTESIAN_POINT('',(-11.2483206993056,-188.264400080963,106.561245222014));
#4900=CARTESIAN_POINT('',(-15.1276391403156,-188.297867105503,106.561245222014));
#4901=CARTESIAN_POINT('',(-15.0941721157756,-192.177185546513,106.561245222014));
#4902=CARTESIAN_POINT('',(-15.0609925671255,-196.023181320863,106.561245222014));
#4903=CARTESIAN_POINT('',(-11.2148536748357,-196.023181320933,106.561245222014));
#4904=CARTESIAN_POINT('',(-11.1981198511954,-196.023181320933,106.561245222014));
#4905=CARTESIAN_POINT('',(-11.1813866502257,-196.023036962983,106.561245222014));
#4906=CARTESIAN_POINT('',(-7.30206820921566,-195.989569938443,106.561245222014));
#4907=CARTESIAN_POINT('',(-7.33553523375545,-192.110251497433,106.561245222014));
#4908=CARTESIAN_POINT('',(-7.36871478241536,-188.264255722913,106.561245222014));
#4909=CARTESIAN_POINT('',(-11.2148536748655,-188.264255723013,106.561245222014));
#4910=CARTESIAN_POINT('',(17.1350193887643,11.3156602669105));
#4911=CARTESIAN_POINT('',(17.1517532123246,11.3156602669105));
#4912=CARTESIAN_POINT('',(17.1684864132044,11.3155159089605));
#4913=CARTESIAN_POINT('',(21.0478048542144,11.2820488844205));
#4914=CARTESIAN_POINT('',(21.0143378296744,7.40273044341052));
#4915=CARTESIAN_POINT('',(20.9811582810243,3.55673466906051));
#4916=CARTESIAN_POINT('',(17.1350193887345,3.55673466899051));
#4917=CARTESIAN_POINT('',(17.1182855650943,3.55673466899052));
#4918=CARTESIAN_POINT('',(17.1015523641245,3.55687902694049));
#4919=CARTESIAN_POINT('',(13.2222339231145,3.59034605148047));
#4920=CARTESIAN_POINT('',(13.2557009476543,7.46966449249049));
#4921=CARTESIAN_POINT('',(13.2888804963142,11.3156602670105));
#4922=CARTESIAN_POINT('',(17.1350193887643,11.3156602669105));
#4923=CARTESIAN_POINT('',(2.74064988269501,-1.9602993974505));
#4924=CARTESIAN_POINT('',(2.74064988269501,-10.0397006025495));
#4925=CARTESIAN_POINT('',(4.676666296885,-1.9602993974505));
#4926=CARTESIAN_POINT('',(2.74064988269501,-1.9602993974505));
#4927=CARTESIAN_POINT('',(4.676666296885,10.0397006025495));
#4928=CARTESIAN_POINT('',(4.676666296885,-1.9602993974505));
#4929=CARTESIAN_POINT('',(-3.47983428610556,-176.116573020293,126.640646427113));
#4930=CARTESIAN_POINT('',(-3.47983428610556,-185.469905614063,126.640646427113));
#4931=CARTESIAN_POINT('',(4.676666296885,10.0397006025495));
#4932=CARTESIAN_POINT('',(-4.676666296885,10.0397006025495));
#4933=CARTESIAN_POINT('',(-3.47983428610556,-185.469905614063,126.640646427113));
#4934=CARTESIAN_POINT('',(-3.47983428610536,-185.469905614063,106.561245222014));
#4935=CARTESIAN_POINT('',(-4.676666296885,10.0397006025495));
#4936=CARTESIAN_POINT('',(-4.676666296885,-10.0397006025495));
#4937=CARTESIAN_POINT('',(-3.47983428610536,-185.469905614063,106.561245222014));
#4938=CARTESIAN_POINT('',(-3.47983428610556,-178.052589434483,106.561245222014));
#4939=CARTESIAN_POINT('',(-4.676666296885,-10.0397006025495));
#4940=CARTESIAN_POINT('',(2.74064988269501,-10.0397006025495));
#4941=CARTESIAN_POINT('',(-6.47983428610556,-185.469905614063,126.640646427113));
#4942=CARTESIAN_POINT('',(-3.47983428610556,-185.469905614063,126.640646427113));
#4943=CARTESIAN_POINT('',(-1.5,-4.676666296885));
#4944=CARTESIAN_POINT('',(1.5,-4.676666296885));
#4945=CARTESIAN_POINT('',(1.5,4.676666296885));
#4946=CARTESIAN_POINT('',(1.5,-4.676666296885));
#4947=CARTESIAN_POINT('',(-1.5,4.676666296885));
#4948=CARTESIAN_POINT('',(1.5,4.676666296885));
#4949=CARTESIAN_POINT('',(-1.5,-4.676666296885));
#4950=CARTESIAN_POINT('',(-1.5,-3.61793105206499));
#4951=CARTESIAN_POINT('',(-1.5,1.671732238175));
#4952=CARTESIAN_POINT('',(-1.5,4.676666296885));
#4953=CARTESIAN_POINT('',(1.5000000000001,4.68175749673549));
#4954=CARTESIAN_POINT('',(1.5000000000001,1.67682343802548));
#4955=CARTESIAN_POINT('',(1.5000000000001,-3.61283985221451));
#4956=CARTESIAN_POINT('',(1.5000000000001,-4.67157509703452));
#4957=CARTESIAN_POINT('',(-1.4999999999999,4.68175749673549));
#4958=CARTESIAN_POINT('',(1.5000000000001,4.68175749673549));
#4959=CARTESIAN_POINT('',(-1.4999999999999,2.74574108254549));
#4960=CARTESIAN_POINT('',(-1.4999999999999,4.68175749673549));
#4961=CARTESIAN_POINT('',(-1.5000000000001,-4.67157509703452));
#4962=CARTESIAN_POINT('',(-1.4999999999999,2.74574108254549));
#4963=CARTESIAN_POINT('',(0.4310823554801,-4.68175749673551));
#4964=CARTESIAN_POINT('',(-1.5000000000001,-4.67157509703452));
#4965=CARTESIAN_POINT('',(0.578271390900102,-4.67157509703452));
#4966=CARTESIAN_POINT('',(0.4310823554801,-4.68175749673551));
#4967=CARTESIAN_POINT('',(1.5000000000001,-4.67157509703452));
#4968=CARTESIAN_POINT('',(0.578271390900102,-4.67157509703452));
#4969=CARTESIAN_POINT('',(10.0397006025495,-0.578271390900101));
#4970=CARTESIAN_POINT('',(1.9602993974505,-0.578271390900401));
#4971=CARTESIAN_POINT('',(10.0397006025495,-0.431082355480099));
#4972=CARTESIAN_POINT('',(10.0397006025495,-0.578271390900101));
#4973=CARTESIAN_POINT('',(10.0397006025495,1.5000000000001));
#4974=CARTESIAN_POINT('',(10.0397006025495,-0.431082355480099));
#4975=CARTESIAN_POINT('',(-10.0397006025495,1.4999999999999));
#4976=CARTESIAN_POINT('',(10.0397006025495,1.5000000000001));
#4977=CARTESIAN_POINT('',(-10.0397006025495,-1.5000000000001));
#4978=CARTESIAN_POINT('',(-10.0397006025495,1.4999999999999));
#4979=CARTESIAN_POINT('',(1.9602993974505,-1.5000000000001));
#4980=CARTESIAN_POINT('',(-10.0397006025495,-1.5000000000001));
#4981=CARTESIAN_POINT('',(1.9602993974505,-0.578271390900401));
#4982=CARTESIAN_POINT('',(1.9602993974505,-1.5000000000001));
#4983=CARTESIAN_POINT('',(-2.74064988269501,-10.0397006025495));
#4984=CARTESIAN_POINT('',(-2.74064988269501,-1.9602993974505));
#4985=CARTESIAN_POINT('',(15.3201657138944,-178.052589434483,106.561245222014));
#4986=CARTESIAN_POINT('',(15.3201657138944,-185.469905614063,106.561245222014));
#4987=CARTESIAN_POINT('',(-2.74064988269501,-10.0397006025495));
#4988=CARTESIAN_POINT('',(4.676666296885,-10.0397006025495));
#4989=CARTESIAN_POINT('',(15.3201657138944,-185.469905614063,106.561245222014));
#4990=CARTESIAN_POINT('',(15.3201657138944,-185.469905614063,126.640646427113));
#4991=CARTESIAN_POINT('',(4.676666296885,-10.0397006025495));
#4992=CARTESIAN_POINT('',(4.676666296885,10.0397006025495));
#4993=CARTESIAN_POINT('',(15.3201657138944,-185.469905614063,126.640646427113));
#4994=CARTESIAN_POINT('',(15.3201657138944,-176.116573020293,126.640646427113));
#4995=CARTESIAN_POINT('',(4.676666296885,10.0397006025495));
#4996=CARTESIAN_POINT('',(-4.676666296885,10.0397006025495));
#4997=CARTESIAN_POINT('',(-4.676666296885,-1.9602993974505));
#4998=CARTESIAN_POINT('',(-4.676666296885,10.0397006025495));
#4999=CARTESIAN_POINT('',(-2.74064988269501,-1.9602993974505));
#5000=CARTESIAN_POINT('',(-4.676666296885,-1.9602993974505));
#5001=CARTESIAN_POINT('',(1.5,4.676666296885));
#5002=CARTESIAN_POINT('',(1.5,1.671732238175));
#5003=CARTESIAN_POINT('',(1.5,-3.61793105206499));
#5004=CARTESIAN_POINT('',(1.5,-4.676666296885));
#5005=CARTESIAN_POINT('',(-1.5,4.676666296885));
#5006=CARTESIAN_POINT('',(1.5,4.676666296885));
#5007=CARTESIAN_POINT('',(-1.5,-4.676666296885));
#5008=CARTESIAN_POINT('',(-1.5,4.676666296885));
#5009=CARTESIAN_POINT('',(15.3201657138944,-185.469905614063,126.640646427113));
#5010=CARTESIAN_POINT('',(18.3201657138944,-185.469905614063,126.640646427113));
#5011=CARTESIAN_POINT('',(-1.5,-4.676666296885));
#5012=CARTESIAN_POINT('',(1.5,-4.676666296885));
#5013=CARTESIAN_POINT('',(-0.5782713909,-4.67157509703452));
#5014=CARTESIAN_POINT('',(-1.5,-4.67157509703452));
#5015=CARTESIAN_POINT('',(-0.43108235548038,-4.68175749673551));
#5016=CARTESIAN_POINT('',(-0.5782713909,-4.67157509703452));
#5017=CARTESIAN_POINT('',(1.5,-4.67157509703452));
#5018=CARTESIAN_POINT('',(-0.43108235548038,-4.68175749673551));
#5019=CARTESIAN_POINT('',(1.5,2.74574108254549));
#5020=CARTESIAN_POINT('',(1.5,-4.67157509703452));
#5021=CARTESIAN_POINT('',(1.5,4.68175749673549));
#5022=CARTESIAN_POINT('',(1.5,2.74574108254549));
#5023=CARTESIAN_POINT('',(-1.5,4.68175749673549));
#5024=CARTESIAN_POINT('',(1.5,4.68175749673549));
#5025=CARTESIAN_POINT('',(-1.5,-4.67157509703452));
#5026=CARTESIAN_POINT('',(-1.5,-3.61283985221451));
#5027=CARTESIAN_POINT('',(-1.5,1.67682343802548));
#5028=CARTESIAN_POINT('',(-1.5,4.68175749673549));
#5029=CARTESIAN_POINT('',(-10.0397006025495,1.5));
#5030=CARTESIAN_POINT('',(1.9602993974505,1.5));
#5031=CARTESIAN_POINT('',(-10.0397006025495,-1.5));
#5032=CARTESIAN_POINT('',(-10.0397006025495,1.5));
#5033=CARTESIAN_POINT('',(10.0397006025495,-1.5));
#5034=CARTESIAN_POINT('',(-10.0397006025495,-1.5));
#5035=CARTESIAN_POINT('',(10.0397006025495,0.43108235548038));
#5036=CARTESIAN_POINT('',(10.0397006025495,-1.5));
#5037=CARTESIAN_POINT('',(10.0397006025495,0.578271390900001));
#5038=CARTESIAN_POINT('',(10.0397006025495,0.43108235548038));
#5039=CARTESIAN_POINT('',(1.9602993974505,0.57827139091));
#5040=CARTESIAN_POINT('',(10.0397006025495,0.578271390900001));
#5041=CARTESIAN_POINT('',(1.9602993974505,1.5));
#5042=CARTESIAN_POINT('',(1.9602993974505,0.57827139091));
#5043=CARTESIAN_POINT('',(19.0126094215025,1.57079632680461));
#5044=CARTESIAN_POINT('',(1.83750994740904,1.57079632680461));
#5045=CARTESIAN_POINT('',(19.0126094215025,4.7123889803944));
#5046=CARTESIAN_POINT('',(19.0126094215025,1.57079632680461));
#5047=CARTESIAN_POINT('',(1.83750994740904,4.7123889803944));
#5048=CARTESIAN_POINT('',(19.0126094215025,4.7123889803944));
#5049=CARTESIAN_POINT('',(1.83750994740904,1.57079632680461));
#5050=CARTESIAN_POINT('',(1.83750994740904,4.7123889803944));
#5051=CARTESIAN_POINT('',(-11.2148536477869,-193.84357128409,111.640646427113));
#5052=CARTESIAN_POINT('',(-12.9148536633779,-193.843571311069,111.640646427113));
#5053=CARTESIAN_POINT('',(-12.9148536633804,-192.143571295478,111.640646427113));
#5054=CARTESIAN_POINT('',(-12.9148536633829,-190.443571279887,111.640646427113));
#5055=CARTESIAN_POINT('',(-11.214853647792,-190.44357130686,111.640646427113));
#5056=CARTESIAN_POINT('',(3.62822951107954,1.57079630916536));
#5057=CARTESIAN_POINT('',(3.62822951107956,4.71238899800578));
#5058=CARTESIAN_POINT('',(-11.214853647792,-190.44357130686,111.640646427113));
#5059=CARTESIAN_POINT('',(-11.2148536747657,-190.443718521973,114.641164892395));
#5060=CARTESIAN_POINT('',(3.62822951107956,4.71238899800578));
#5061=CARTESIAN_POINT('',(0.627711045797929,4.71238898038469));
#5062=CARTESIAN_POINT('',(0.627711045797929,1.5707963267949));
#5063=CARTESIAN_POINT('',(0.627711045797929,4.71238898038469));
#5064=CARTESIAN_POINT('',(-11.2148536747657,-193.843718521973,114.641164892395));
#5065=CARTESIAN_POINT('',(-11.2148536477869,-193.84357128409,111.640646427113));
#5066=CARTESIAN_POINT('',(0.627711045797929,1.5707963267949));
#5067=CARTESIAN_POINT('',(3.62822951107954,1.57079630916536));
#5068=CARTESIAN_POINT('',(23.055185129543,-193.843571284134,111.640646427113));
#5069=CARTESIAN_POINT('',(21.3551851139515,-193.843571311113,111.640646427113));
#5070=CARTESIAN_POINT('',(21.355185113949,-192.143571295522,111.640646427113));
#5071=CARTESIAN_POINT('',(21.3551851139465,-190.443571279931,111.640646427113));
#5072=CARTESIAN_POINT('',(23.055185129538,-190.443571306904,111.640646427113));
#5073=CARTESIAN_POINT('',(3.62822948024699,1.57079630916542));
#5074=CARTESIAN_POINT('',(3.62822948024699,4.71238899800572));
#5075=CARTESIAN_POINT('',(23.055185129538,-190.443571306904,111.640646427113));
#5076=CARTESIAN_POINT('',(23.0551851025642,-190.443718521973,114.641164892395));
#5077=CARTESIAN_POINT('',(3.62822948024699,4.71238899800572));
#5078=CARTESIAN_POINT('',(0.627711014965002,4.71238898038459));
#5079=CARTESIAN_POINT('',(0.627711014965001,1.570796326795));
#5080=CARTESIAN_POINT('',(0.627711014965002,4.71238898038459));
#5081=CARTESIAN_POINT('',(23.0551851025642,-193.843718521973,114.641164892395));
#5082=CARTESIAN_POINT('',(23.055185129543,-193.843571284134,111.640646427113));
#5083=CARTESIAN_POINT('',(0.627711014965001,1.570796326795));
#5084=CARTESIAN_POINT('',(3.62822948024699,1.57079630916542));
#5085=CARTESIAN_POINT('',(23.0551848692364,-218.115717526209,111.640646427113));
#5086=CARTESIAN_POINT('',(21.3551848536087,-218.115717553221,111.640646427113));
#5087=CARTESIAN_POINT('',(21.3551848536041,-216.415717537593,111.640646427113));
#5088=CARTESIAN_POINT('',(21.3551848535995,-214.715717521965,111.640646427113));
#5089=CARTESIAN_POINT('',(23.0551848692273,-214.715717548968,111.640646427113));
#5090=CARTESIAN_POINT('',(3.62834866797651,1.57079630914367));
#5091=CARTESIAN_POINT('',(3.62834866797648,4.71238899802479));
#5092=CARTESIAN_POINT('',(23.0551848692273,-214.715717548968,111.640646427113));
#5093=CARTESIAN_POINT('',(23.0551848422245,-214.715864926563,114.641164892395));
#5094=CARTESIAN_POINT('',(3.62834866797648,4.71238899802479));
#5095=CARTESIAN_POINT('',(0.627830202694097,4.71238898038468));
#5096=CARTESIAN_POINT('',(0.627830202694111,1.57079632678837));
#5097=CARTESIAN_POINT('',(0.627830202694097,4.71238898038468));
#5098=CARTESIAN_POINT('',(23.0551848422345,-218.115864926563,114.641164892395));
#5099=CARTESIAN_POINT('',(23.0551848692364,-218.115717526209,111.640646427113));
#5100=CARTESIAN_POINT('',(0.627830202694111,1.57079632678837));
#5101=CARTESIAN_POINT('',(3.62834866797651,1.57079630914367));
#5102=CARTESIAN_POINT('',(-11.2148539080977,-218.11571752617,111.640646427113));
#5103=CARTESIAN_POINT('',(-12.9148539237237,-218.115717553179,111.640646427113));
#5104=CARTESIAN_POINT('',(-12.9148539237262,-216.415717537553,111.640646427113));
#5105=CARTESIAN_POINT('',(-12.9148539237288,-214.715717521927,111.640646427113));
#5106=CARTESIAN_POINT('',(-11.2148539081027,-214.71571754893,111.640646427113));
#5107=CARTESIAN_POINT('',(3.62834869880856,1.57079630914633));
#5108=CARTESIAN_POINT('',(3.62834869880855,4.71238899802481));
#5109=CARTESIAN_POINT('',(-11.2148539081027,-214.71571754893,111.640646427113));
#5110=CARTESIAN_POINT('',(-11.2148539351056,-214.715864926563,114.641164892395));
#5111=CARTESIAN_POINT('',(3.62834869880855,4.71238899802481));
#5112=CARTESIAN_POINT('',(0.627830233526096,4.71238898038469));
#5113=CARTESIAN_POINT('',(0.627830233526096,1.5707963267949));
#5114=CARTESIAN_POINT('',(0.627830233526096,4.71238898038469));
#5115=CARTESIAN_POINT('',(-11.2148539351056,-218.115864926563,114.641164892395));
#5116=CARTESIAN_POINT('',(-11.2148539080977,-218.11571752617,111.640646427113));
#5117=CARTESIAN_POINT('',(0.627830233526096,1.5707963267949));
#5118=CARTESIAN_POINT('',(3.62834869880856,1.57079630914633));
#5119=CARTESIAN_POINT('',(-11.214853647792,-190.44357130686,111.640646427113));
#5120=CARTESIAN_POINT('',(-9.51485368615339,-190.443571333834,111.640646427113));
#5121=CARTESIAN_POINT('',(-9.51485368615086,-192.143571295473,111.640646427113));
#5122=CARTESIAN_POINT('',(-9.51485368614835,-193.843571257111,111.640646427113));
#5123=CARTESIAN_POINT('',(-11.2148536477869,-193.84357128409,111.640646427113));
#5124=CARTESIAN_POINT('',(3.6282295075109,1.57079634441599));
#5125=CARTESIAN_POINT('',(3.62822950751087,4.71238896275515));
#5126=CARTESIAN_POINT('',(0.627711042228989,4.71238898038469));
#5127=CARTESIAN_POINT('',(3.62822950751087,4.71238896275515));
#5128=CARTESIAN_POINT('',(0.627711042228988,1.5707963267949));
#5129=CARTESIAN_POINT('',(0.627711042228989,4.71238898038469));
#5130=CARTESIAN_POINT('',(3.6282295075109,1.57079634441599));
#5131=CARTESIAN_POINT('',(0.627711042228988,1.5707963267949));
#5132=CARTESIAN_POINT('',(23.055185129538,-190.443571306904,111.640646427113));
#5133=CARTESIAN_POINT('',(24.7551850911772,-190.443571333878,111.640646427113));
#5134=CARTESIAN_POINT('',(24.7551850911797,-192.143571295517,111.640646427113));
#5135=CARTESIAN_POINT('',(24.7551850911822,-193.843571257156,111.640646427113));
#5136=CARTESIAN_POINT('',(23.055185129543,-193.843571284134,111.640646427113));
#5137=CARTESIAN_POINT('',(3.62822947667864,1.57079634441594));
#5138=CARTESIAN_POINT('',(3.62822947667864,4.71238896275521));
#5139=CARTESIAN_POINT('',(0.627711011396937,4.71238898038479));
#5140=CARTESIAN_POINT('',(3.62822947667864,4.71238896275521));
#5141=CARTESIAN_POINT('',(0.627711011396938,1.5707963267948));
#5142=CARTESIAN_POINT('',(0.627711011396937,4.71238898038479));
#5143=CARTESIAN_POINT('',(3.62822947667864,1.57079634441594));
#5144=CARTESIAN_POINT('',(0.627711011396938,1.5707963267948));
#5145=CARTESIAN_POINT('',(23.0551848692273,-214.715717548968,111.640646427113));
#5146=CARTESIAN_POINT('',(24.7551848308402,-214.715717575971,111.640646427113));
#5147=CARTESIAN_POINT('',(24.7551848308448,-216.415717537584,111.640646427113));
#5148=CARTESIAN_POINT('',(24.7551848308493,-218.115717499197,111.640646427113));
#5149=CARTESIAN_POINT('',(23.0551848692364,-218.115717526209,111.640646427113));
#5150=CARTESIAN_POINT('',(3.62834866440755,1.57079634443501));
#5151=CARTESIAN_POINT('',(3.62834866440755,4.71238896273345));
#5152=CARTESIAN_POINT('',(0.627830199125938,4.71238898037815));
#5153=CARTESIAN_POINT('',(3.62834866440755,4.71238896273345));
#5154=CARTESIAN_POINT('',(0.627830199125931,1.5707963267949));
#5155=CARTESIAN_POINT('',(0.627830199125938,4.71238898037815));
#5156=CARTESIAN_POINT('',(3.62834866440755,1.57079634443501));
#5157=CARTESIAN_POINT('',(0.627830199125931,1.5707963267949));
#5158=CARTESIAN_POINT('',(-11.2148539081027,-214.71571754893,111.640646427113));
#5159=CARTESIAN_POINT('',(-9.51485394648813,-214.715717575933,111.640646427113));
#5160=CARTESIAN_POINT('',(-9.51485394648563,-216.415717537548,111.640646427113));
#5161=CARTESIAN_POINT('',(-9.5148539464831,-218.115717499162,111.640646427113));
#5162=CARTESIAN_POINT('',(-11.2148539080977,-218.11571752617,111.640646427113));
#5163=CARTESIAN_POINT('',(3.62834869523978,1.57079634443501));
#5164=CARTESIAN_POINT('',(3.62834869523981,4.71238896273612));
#5165=CARTESIAN_POINT('',(0.627830229957971,4.71238898038469));
#5166=CARTESIAN_POINT('',(3.62834869523981,4.71238896273612));
#5167=CARTESIAN_POINT('',(0.627830229957971,1.5707963267949));
#5168=CARTESIAN_POINT('',(0.627830229957971,4.71238898038469));
#5169=CARTESIAN_POINT('',(3.62834869523978,1.57079634443501));
#5170=CARTESIAN_POINT('',(0.627830229957971,1.5707963267949));
#5171=CARTESIAN_POINT('',(9.98456793460908E-11,3.87946279891));
#5172=CARTESIAN_POINT('',(0.0167338236601478,3.87946279891002));
#5173=CARTESIAN_POINT('',(0.0334670245399451,3.87931844096002));
#5174=CARTESIAN_POINT('',(3.91278546554994,3.84585141642002));
#5175=CARTESIAN_POINT('',(3.87931844100995,-0.0334670245899815));
#5176=CARTESIAN_POINT('',(3.84613889235985,-3.87946279893994));
#5177=CARTESIAN_POINT('',(7.00592029945329E-11,-3.87946279901));
#5178=CARTESIAN_POINT('',(-0.016733823570145,-3.87946279900999));
#5179=CARTESIAN_POINT('',(-0.033467024539938,-3.87931844106001));
#5180=CARTESIAN_POINT('',(-3.91278546554994,-3.84585141652003));
#5181=CARTESIAN_POINT('',(-3.87931844101015,0.0334670244899939));
#5182=CARTESIAN_POINT('',(-3.84613889235025,3.87946279900999));
#5183=CARTESIAN_POINT('',(9.98456793460908E-11,3.87946279891));
#5184=CARTESIAN_POINT('',(-8.13606458994556,-192.117157693973,106.561245222014));
#5185=CARTESIAN_POINT('',(-8.16262541794554,-189.038368609153,106.561245222014));
#5186=CARTESIAN_POINT('',(-11.2414145027656,-189.064929437153,106.561245222014));
#5187=CARTESIAN_POINT('',(-14.3202035875856,-189.091490265153,106.561245222014));
#5188=CARTESIAN_POINT('',(-14.2936427595857,-192.170279349973,106.561245222014));
#5189=CARTESIAN_POINT('',(-3.07878908482005,0.0265608279499875));
#5190=CARTESIAN_POINT('',(-3.05222825682007,3.10534991277005));
#5191=CARTESIAN_POINT('',(0.0265608279999796,3.07878908477005));
#5192=CARTESIAN_POINT('',(3.10534991282004,3.0522282567701));
#5193=CARTESIAN_POINT('',(3.07878908482005,-0.026560828049975));
#5194=CARTESIAN_POINT('',(-14.2936427595857,-192.170279349973,106.561245222014));
#5195=CARTESIAN_POINT('',(-14.2670819315856,-195.249068434793,106.561245222014));
#5196=CARTESIAN_POINT('',(-11.1882928467656,-195.222507606793,106.561245222014));
#5197=CARTESIAN_POINT('',(-8.10950376194567,-195.195946778793,106.561245222014));
#5198=CARTESIAN_POINT('',(-8.13606458994556,-192.117157693973,106.561245222014));
#5199=CARTESIAN_POINT('',(3.07878908482005,-0.026560828049975));
#5200=CARTESIAN_POINT('',(3.0522282568201,-3.10534991287003));
#5201=CARTESIAN_POINT('',(-0.0265608279999796,-3.07878908487007));
#5202=CARTESIAN_POINT('',(-3.10534991282006,-3.05222825687011));
#5203=CARTESIAN_POINT('',(-3.07878908482005,0.0265608279499875));
#5204=CARTESIAN_POINT('',(1.00070202124769E-10,3.87946279890994));
#5205=CARTESIAN_POINT('',(0.0167338236600797,3.87946279890996));
#5206=CARTESIAN_POINT('',(0.0334670245401017,3.87931844095996));
#5207=CARTESIAN_POINT('',(3.91278546554999,3.84585141641994));
#5208=CARTESIAN_POINT('',(3.87931844101004,-0.0334670245900384));
#5209=CARTESIAN_POINT('',(3.84613889235002,-3.87946279894006));
#5210=CARTESIAN_POINT('',(7.00916811396951E-11,-3.87946279901002));
#5211=CARTESIAN_POINT('',(-0.0167338235699753,-3.87946279901004));
#5212=CARTESIAN_POINT('',(-0.0334670245398173,-3.87931844106006));
#5213=CARTESIAN_POINT('',(-3.91278546555,-3.84585141652007));
#5214=CARTESIAN_POINT('',(-3.87931844100999,0.0334670244899371));
#5215=CARTESIAN_POINT('',(-3.84613889234997,3.87946279900994));
#5216=CARTESIAN_POINT('',(1.00070202124769E-10,3.87946279890994));
#5217=CARTESIAN_POINT('',(19.9763960177445,-192.117157693975,106.561245222014));
#5218=CARTESIAN_POINT('',(19.976166876493,-192.143718521974,106.561245222014));
#5219=CARTESIAN_POINT('',(19.9763960177445,-192.170279349973,106.561245222014));
#5220=CARTESIAN_POINT('',(20.0029568457445,-195.249068434793,106.561245222014));
#5221=CARTESIAN_POINT('',(23.0817459305645,-195.222507606793,106.561245222014));
#5222=CARTESIAN_POINT('',(26.1078677220837,-195.196401141492,106.561245222014));
#5223=CARTESIAN_POINT('',(26.1339741873844,-192.170279349973,106.561245222014));
#5224=CARTESIAN_POINT('',(3.07878908482,0.026560827948288));
#5225=CARTESIAN_POINT('',(3.07901822607149,-5.08747384998423E-11));
#5226=CARTESIAN_POINT('',(3.07878908481999,-0.0265608280500373));
#5227=CARTESIAN_POINT('',(3.05222825682003,-3.10534991287003));
#5228=CARTESIAN_POINT('',(-0.0265608279999618,-3.07878908487004));
#5229=CARTESIAN_POINT('',(-3.05268261951926,-3.05268261956919));
#5230=CARTESIAN_POINT('',(-3.07878908481994,-0.0265608280498661));
#5231=CARTESIAN_POINT('',(26.1339741873845,-192.170279349973,106.561245222014));
#5232=CARTESIAN_POINT('',(26.134203328636,-192.143718521973,106.561245222014));
#5233=CARTESIAN_POINT('',(26.1339741873845,-192.117157693973,106.561245222014));
#5234=CARTESIAN_POINT('',(26.1076415122495,-189.064814868658,106.561245222014));
#5235=CARTESIAN_POINT('',(23.0551851025637,-189.064814868659,106.561245222014));
#5236=CARTESIAN_POINT('',(20.0027286928778,-189.06481486866,106.561245222014));
#5237=CARTESIAN_POINT('',(19.9763960177445,-192.117157693975,106.561245222014));
#5238=CARTESIAN_POINT('',(-3.07878908481994,-0.0265608280498661));
#5239=CARTESIAN_POINT('',(-3.07901822607145,-4.99650195002621E-11));
#5240=CARTESIAN_POINT('',(-3.07878908481994,0.0265608279499361));
#5241=CARTESIAN_POINT('',(-3.05222825682003,3.10534991276997));
#5242=CARTESIAN_POINT('',(0.0265608280000127,3.07878908476999));
#5243=CARTESIAN_POINT('',(3.05268261952082,3.05268261946912));
#5244=CARTESIAN_POINT('',(3.07878908482,0.026560827948288));
#5245=CARTESIAN_POINT('',(1.00470742836478E-11,3.87946279896002));
#5246=CARTESIAN_POINT('',(0.0167338236199457,3.87946279896003));
#5247=CARTESIAN_POINT('',(0.0334670245399522,3.87931844101001));
#5248=CARTESIAN_POINT('',(3.91278546555005,3.84585141647003));
#5249=CARTESIAN_POINT('',(3.87931844101015,-0.0334670245399877));
#5250=CARTESIAN_POINT('',(3.84613889234995,-3.87946279897));
#5251=CARTESIAN_POINT('',(-9.94733721898285E-12,-3.87946279896002));
#5252=CARTESIAN_POINT('',(-0.0167338236198541,-3.87946279896));
#5253=CARTESIAN_POINT('',(-0.0334670245399522,-3.87931844100999));
#5254=CARTESIAN_POINT('',(-3.91278546555005,-3.84585141646999));
#5255=CARTESIAN_POINT('',(-3.87931844100985,0.0334670245400162));
#5256=CARTESIAN_POINT('',(-3.84613889234994,3.87946279897002));
#5257=CARTESIAN_POINT('',(1.00470742836478E-11,3.87946279896002));
#5258=CARTESIAN_POINT('',(-8.13606485028566,-216.389304098563,106.561245222014));
#5259=CARTESIAN_POINT('',(-8.16262567828589,-213.310515013743,106.561245222014));
#5260=CARTESIAN_POINT('',(-11.2414147631058,-213.337075841743,106.561245222014));
#5261=CARTESIAN_POINT('',(-14.3202038479255,-213.363636669743,106.561245222014));
#5262=CARTESIAN_POINT('',(-14.2936430199259,-216.442425754563,106.561245222014));
#5263=CARTESIAN_POINT('',(-3.07878908481985,0.0265608280000151));
#5264=CARTESIAN_POINT('',(-3.05222825681969,3.10534991281993));
#5265=CARTESIAN_POINT('',(0.0265608280002496,3.07878908481996));
#5266=CARTESIAN_POINT('',(3.10534991282011,3.05222825681994));
#5267=CARTESIAN_POINT('',(3.07878908482035,-0.0265608279999088));
#5268=CARTESIAN_POINT('',(-14.2936430199259,-216.442425754563,106.561245222014));
#5269=CARTESIAN_POINT('',(-14.2670821919257,-219.521214839383,106.561245222014));
#5270=CARTESIAN_POINT('',(-11.1882931071058,-219.494654011383,106.561245222014));
#5271=CARTESIAN_POINT('',(-8.10950402228586,-219.468093183383,106.561245222014));
#5272=CARTESIAN_POINT('',(-8.13606485028566,-216.389304098563,106.561245222014));
#5273=CARTESIAN_POINT('',(3.07878908482035,-0.0265608279999088));
#5274=CARTESIAN_POINT('',(3.05222825682024,-3.10534991281992));
#5275=CARTESIAN_POINT('',(-0.0265608279997522,-3.0787890848199));
#5276=CARTESIAN_POINT('',(-3.10534991281967,-3.05222825681988));
#5277=CARTESIAN_POINT('',(-3.07878908481985,0.0265608280000151));
#5278=CARTESIAN_POINT('',(9.92188871009788E-12,3.87946279895502));
#5279=CARTESIAN_POINT('',(0.0167338236196629,3.87946279895502));
#5280=CARTESIAN_POINT('',(0.0334670245398769,3.87931844100501));
#5281=CARTESIAN_POINT('',(3.91278546555007,3.84585141646504));
#5282=CARTESIAN_POINT('',(3.87931844101006,-0.03346702454499));
#5283=CARTESIAN_POINT('',(3.8461388923598,-3.87946279831498));
#5284=CARTESIAN_POINT('',(6.59872680843592E-10,-3.87946279896499));
#5285=CARTESIAN_POINT('',(-0.0167338232799853,-3.87946279896499));
#5286=CARTESIAN_POINT('',(-0.0334670245400273,-3.87931844101499));
#5287=CARTESIAN_POINT('',(-3.91278546555007,-3.84585141647498));
#5288=CARTESIAN_POINT('',(-3.87931844100997,0.0334670245350139));
#5289=CARTESIAN_POINT('',(-3.84613889235007,3.87946279896498));
#5290=CARTESIAN_POINT('',(9.92188871009788E-12,3.87946279895502));
#5291=CARTESIAN_POINT('',(19.9763957574044,-216.389304098565,106.561245222014));
#5292=CARTESIAN_POINT('',(19.9761666161529,-216.415864926564,106.561245222014));
#5293=CARTESIAN_POINT('',(19.9763957574044,-216.442425754563,106.561245222014));
#5294=CARTESIAN_POINT('',(20.0029565854044,-219.521214839383,106.561245222014));
#5295=CARTESIAN_POINT('',(23.0817456702245,-219.494654011383,106.561245222014));
#5296=CARTESIAN_POINT('',(26.1078674617436,-219.468547546082,106.561245222014));
#5297=CARTESIAN_POINT('',(26.1339739270446,-216.442425754563,106.561245222014));
#5298=CARTESIAN_POINT('',(3.07878908482001,0.0265608279930569));
#5299=CARTESIAN_POINT('',(3.0790182260715,-5.96334862176419E-12));
#5300=CARTESIAN_POINT('',(3.07878908482,-0.0265608280049835));
#5301=CARTESIAN_POINT('',(3.05222825681993,-3.105349912825));
#5302=CARTESIAN_POINT('',(-0.0265608280000698,-3.07878908482499));
#5303=CARTESIAN_POINT('',(-3.05268261951916,-3.05268261952412));
#5304=CARTESIAN_POINT('',(-3.07878908482014,-0.026560828005023));
#5305=CARTESIAN_POINT('',(26.1339739270446,-216.442425754563,106.561245222014));
#5306=CARTESIAN_POINT('',(26.1342030682961,-216.415864926563,106.561245222014));
#5307=CARTESIAN_POINT('',(26.1339739270446,-216.389304098563,106.561245222014));
#5308=CARTESIAN_POINT('',(26.1076412519095,-213.336961273248,106.561245222014));
#5309=CARTESIAN_POINT('',(23.0551848422235,-213.336961273249,106.561245222014));
#5310=CARTESIAN_POINT('',(20.0027284325375,-213.33696127325,106.561245222014));
#5311=CARTESIAN_POINT('',(19.9763957574044,-216.389304098565,106.561245222014));
#5312=CARTESIAN_POINT('',(-3.07878908482014,-0.026560828005023));
#5313=CARTESIAN_POINT('',(-3.07901822607166,-5.00778765356989E-12));
#5314=CARTESIAN_POINT('',(-3.07878908482015,0.0265608279950074));
#5315=CARTESIAN_POINT('',(-3.05222825682011,3.10534991281505));
#5316=CARTESIAN_POINT('',(0.0265608279999199,3.07878908481504));
#5317=CARTESIAN_POINT('',(3.05268261952099,3.05268261951415));
#5318=CARTESIAN_POINT('',(3.07878908482001,0.0265608279930569));
#5319=CARTESIAN_POINT('',(-1.39514701766336,-149.592949477633,126.640646427113));
#5320=CARTESIAN_POINT('',(-1.39514701766336,-149.592949477633,106.561245222014));
#5321=CARTESIAN_POINT('',(1.02523826421509,2.12794012050999));
#5322=CARTESIAN_POINT('',(1.02523826421509,22.2073413256088));
#5323=CARTESIAN_POINT('',(0.494517976397834,22.2073413256088));
#5324=CARTESIAN_POINT('',(1.02523826421509,22.2073413256088));
#5325=CARTESIAN_POINT('',(0.494517976397834,2.12794012051));
#5326=CARTESIAN_POINT('',(0.494517976397834,22.2073413256088));
#5327=CARTESIAN_POINT('',(1.02523826421509,2.12794012050999));
#5328=CARTESIAN_POINT('',(0.494517976397834,2.12794012051));
#5329=CARTESIAN_POINT('',(2.8421709430404E-14,-14.6306254631158));
#5330=CARTESIAN_POINT('',(-20.079401205099,-14.6306254631158));
#5331=CARTESIAN_POINT('',(2.8421709430404E-14,0.));
#5332=CARTESIAN_POINT('',(2.8421709430404E-14,-14.6306254631158));
#5333=CARTESIAN_POINT('',(-20.079401205099,0.));
#5334=CARTESIAN_POINT('',(2.8421709430404E-14,0.));
#5335=CARTESIAN_POINT('',(-20.079401205099,-14.6306254631158));
#5336=CARTESIAN_POINT('',(-20.079401205099,0.));
#5337=CARTESIAN_POINT('',(104.481843899449,0.));
#5338=CARTESIAN_POINT('',(104.481843899449,9.67266109835974));
#5339=CARTESIAN_POINT('',(-8.13606458994556,-192.117157693973,106.561245222014));
#5340=CARTESIAN_POINT('',(-8.13606458994556,-192.117157693973,111.640646427113));
#5341=CARTESIAN_POINT('',(104.481843899449,0.));
#5342=CARTESIAN_POINT('',(109.561245104548,0.));
#5343=CARTESIAN_POINT('',(-8.13606458994556,-192.117157693973,111.640646427113));
#5344=CARTESIAN_POINT('',(-8.16262541794551,-189.038368609154,111.640646427113));
#5345=CARTESIAN_POINT('',(-11.2414145027647,-189.064929437154,111.640646427113));
#5346=CARTESIAN_POINT('',(-14.3202035875839,-189.091490265154,111.640646427113));
#5347=CARTESIAN_POINT('',(-14.2936427595839,-192.170279349973,111.640646427113));
#5348=CARTESIAN_POINT('',(109.561245104548,0.));
#5349=CARTESIAN_POINT('',(109.561245104548,9.67266109835974));
#5350=CARTESIAN_POINT('',(-14.2936427595839,-192.170279349973,111.640646427113));
#5351=CARTESIAN_POINT('',(-14.2936427595839,-192.170279349973,106.561245222014));
#5352=CARTESIAN_POINT('',(109.561245104548,9.67266109835974));
#5353=CARTESIAN_POINT('',(104.481843899449,9.67266109835974));
#5354=CARTESIAN_POINT('',(-8.13606458994556,-192.117157693973,111.640646427113));
#5355=CARTESIAN_POINT('',(-8.10950376194559,-195.195946778792,111.640646427113));
#5356=CARTESIAN_POINT('',(-11.1882928467648,-195.222507606792,111.640646427113));
#5357=CARTESIAN_POINT('',(-14.267081931584,-195.249068434792,111.640646427113));
#5358=CARTESIAN_POINT('',(-14.2936427595839,-192.170279349973,111.640646427113));
#5359=CARTESIAN_POINT('',(0.,3.07890365331327));
#5360=CARTESIAN_POINT('',(-3.07890365331327,3.07890365331327));
#5361=CARTESIAN_POINT('',(-3.07890365331327,-5.65585425586978E-16));
#5362=CARTESIAN_POINT('',(-3.07890365331327,-3.07890365331327));
#5363=CARTESIAN_POINT('',(3.77056950391319E-16,-3.07890365331327));
#5364=CARTESIAN_POINT('',(0.,3.07890365331327));
#5365=CARTESIAN_POINT('',(3.07890365331327,3.07890365331327));
#5366=CARTESIAN_POINT('',(3.07890365331327,1.88528475195659E-16));
#5367=CARTESIAN_POINT('',(3.07890365331327,-3.07890365331327));
#5368=CARTESIAN_POINT('',(3.77056950391319E-16,-3.07890365331327));
#5369=CARTESIAN_POINT('',(-1.69978950945438,-0.0146641203703413));
#5370=CARTESIAN_POINT('',(-1.68512411877082,-1.71460087781911));
#5371=CARTESIAN_POINT('',(0.0148126384452329,-1.69993546016055));
#5372=CARTESIAN_POINT('',(1.71474939566129,-1.68527004250199));
#5373=CARTESIAN_POINT('',(1.70008395102772,0.0146667144813503));
#5374=CARTESIAN_POINT('',(1.70008395102772,0.0146667144813503));
#5375=CARTESIAN_POINT('',(1.68541850685921,1.7146034175143));
#5376=CARTESIAN_POINT('',(-0.0145181964064555,1.69993800032117));
#5377=CARTESIAN_POINT('',(-1.71445489967212,1.68527258312804));
#5378=CARTESIAN_POINT('',(-1.69978950945438,-0.0146641203703413));
#5379=CARTESIAN_POINT('',(104.481843899449,0.));
#5380=CARTESIAN_POINT('',(104.481843899449,0.0587954187602594));
#5381=CARTESIAN_POINT('',(104.481843899449,9.67266109835974));
#5382=CARTESIAN_POINT('',(19.9763960177445,-192.117157693975,106.561245222014));
#5383=CARTESIAN_POINT('',(19.9763960177343,-192.117157693973,111.640646427113));
#5384=CARTESIAN_POINT('',(104.481843899449,0.));
#5385=CARTESIAN_POINT('',(109.561245104548,0.));
#5386=CARTESIAN_POINT('',(19.9763960177343,-192.117157693973,111.640646427113));
#5387=CARTESIAN_POINT('',(19.9498351897343,-195.195946778792,111.640646427113));
#5388=CARTESIAN_POINT('',(23.0286242745535,-195.222507606792,111.640646427113));
#5389=CARTESIAN_POINT('',(26.1074133593727,-195.249068434792,111.640646427113));
#5390=CARTESIAN_POINT('',(26.1339741873727,-192.170279349973,111.640646427113));
#5391=CARTESIAN_POINT('',(109.561245104548,0.));
#5392=CARTESIAN_POINT('',(109.561245104548,9.67266109835974));
#5393=CARTESIAN_POINT('',(26.1339741873727,-192.170279349973,111.640646427113));
#5394=CARTESIAN_POINT('',(26.1339741873727,-192.170279349973,106.561245222014));
#5395=CARTESIAN_POINT('',(109.561245104548,9.67266109835974));
#5396=CARTESIAN_POINT('',(104.481843899449,9.67266109835974));
#5397=CARTESIAN_POINT('',(19.9763960177343,-192.117157693973,111.640646427113));
#5398=CARTESIAN_POINT('',(20.0029568457342,-189.038368609154,111.640646427113));
#5399=CARTESIAN_POINT('',(23.0817459305534,-189.064929437154,111.640646427113));
#5400=CARTESIAN_POINT('',(26.1605350153726,-189.091490265154,111.640646427113));
#5401=CARTESIAN_POINT('',(26.1339741873727,-192.170279349973,111.640646427113));
#5402=CARTESIAN_POINT('',(-7.54113900782638E-16,-3.07890365331327));
#5403=CARTESIAN_POINT('',(3.07890365331327,-3.07890365331327));
#5404=CARTESIAN_POINT('',(3.07890365331327,-1.88528475195659E-16));
#5405=CARTESIAN_POINT('',(3.07890365331327,3.07890365331327));
#5406=CARTESIAN_POINT('',(3.77056950391319E-16,3.07890365331327));
#5407=CARTESIAN_POINT('',(-7.54113900782638E-16,-3.07890365331327));
#5408=CARTESIAN_POINT('',(-3.07890365331327,-3.07890365331327));
#5409=CARTESIAN_POINT('',(-3.07890365331327,5.65585425586978E-16));
#5410=CARTESIAN_POINT('',(-3.07890365331327,3.07890365331327));
#5411=CARTESIAN_POINT('',(3.77056950391319E-16,3.07890365331327));
#5412=CARTESIAN_POINT('',(1.70008395144893,-0.0146666605257091));
#5413=CARTESIAN_POINT('',(1.71474934167231,1.68527004297324));
#5414=CARTESIAN_POINT('',(0.0148126384060689,1.6999354601714));
#5415=CARTESIAN_POINT('',(-1.68512406486017,1.71460087736956));
#5416=CARTESIAN_POINT('',(-1.69978950903311,0.0146641743360322));
#5417=CARTESIAN_POINT('',(-1.69978950903311,0.0146641743360322));
#5418=CARTESIAN_POINT('',(-1.71445495367216,-1.68527258264773));
#5419=CARTESIAN_POINT('',(-0.0145181964556783,-1.69993800031132));
#5420=CARTESIAN_POINT('',(1.68541856076081,-1.71460341797491));
#5421=CARTESIAN_POINT('',(1.70008395144893,-0.0146666605257091));
#5422=CARTESIAN_POINT('',(19.976395757393,-216.389304098563,111.640646427113));
#5423=CARTESIAN_POINT('',(20.0029565853929,-213.310515013744,111.640646427113));
#5424=CARTESIAN_POINT('',(23.0817456702121,-213.337075841744,111.640646427113));
#5425=CARTESIAN_POINT('',(26.1605347550313,-213.363636669744,111.640646427113));
#5426=CARTESIAN_POINT('',(26.1339739270313,-216.442425754563,111.640646427113));
#5427=CARTESIAN_POINT('',(-7.54113900782638E-16,-3.07890365331327));
#5428=CARTESIAN_POINT('',(3.07890365331327,-3.07890365331327));
#5429=CARTESIAN_POINT('',(3.07890365331327,-1.88528475195659E-16));
#5430=CARTESIAN_POINT('',(3.07890365331327,3.07890365331327));
#5431=CARTESIAN_POINT('',(3.77056950391319E-16,3.07890365331327));
#5432=CARTESIAN_POINT('',(26.1339739270313,-216.442425754563,111.640646427113));
#5433=CARTESIAN_POINT('',(26.1074130990314,-219.521214839382,111.640646427113));
#5434=CARTESIAN_POINT('',(23.0286240142122,-219.494654011382,111.640646427113));
#5435=CARTESIAN_POINT('',(19.949834929393,-219.468093183382,111.640646427113));
#5436=CARTESIAN_POINT('',(19.976395757393,-216.389304098563,111.640646427113));
#5437=CARTESIAN_POINT('',(3.77056950391319E-16,3.07890365331327));
#5438=CARTESIAN_POINT('',(-3.07890365331327,3.07890365331327));
#5439=CARTESIAN_POINT('',(-3.07890365331327,5.65585425586978E-16));
#5440=CARTESIAN_POINT('',(-3.07890365331327,-3.07890365331327));
#5441=CARTESIAN_POINT('',(-7.54113900782638E-16,-3.07890365331327));
#5442=CARTESIAN_POINT('',(1.7000841139695,-0.0146666618971281));
#5443=CARTESIAN_POINT('',(1.71474950416309,1.68527004157583));
#5444=CARTESIAN_POINT('',(0.014812800923123,1.6999354587758));
#5445=CARTESIAN_POINT('',(-1.68512390231685,1.71460087597578));
#5446=CARTESIAN_POINT('',(-1.6997893465232,0.0146641729687962));
#5447=CARTESIAN_POINT('',(-1.6997893465232,0.0146641729687962));
#5448=CARTESIAN_POINT('',(-1.71445479119554,-1.68527258405096));
#5449=CARTESIAN_POINT('',(-0.0145180339428014,-1.69993800171691));
#5450=CARTESIAN_POINT('',(1.68541872330994,-1.71460341938286));
#5451=CARTESIAN_POINT('',(1.7000841139695,-0.0146666618971281));
#5452=CARTESIAN_POINT('',(104.481843899449,0.));
#5453=CARTESIAN_POINT('',(104.481843899449,0.05879541876027));
#5454=CARTESIAN_POINT('',(104.481843899449,9.67266109835974));
#5455=CARTESIAN_POINT('',(19.9763957574044,-216.389304098565,106.561245222014));
#5456=CARTESIAN_POINT('',(19.976395757393,-216.389304098563,111.640646427113));
#5457=CARTESIAN_POINT('',(104.481843899449,0.));
#5458=CARTESIAN_POINT('',(109.561245104548,0.));
#5459=CARTESIAN_POINT('',(109.561245104548,9.67266109835974));
#5460=CARTESIAN_POINT('',(109.561245104548,0.));
#5461=CARTESIAN_POINT('',(26.1339739270313,-216.442425754563,111.640646427113));
#5462=CARTESIAN_POINT('',(26.1339739270313,-216.442425754563,106.561245222014));
#5463=CARTESIAN_POINT('',(109.561245104548,9.67266109835974));
#5464=CARTESIAN_POINT('',(104.481843899449,9.67266109835974));
#5465=CARTESIAN_POINT('',(104.481843899449,0.));
#5466=CARTESIAN_POINT('',(104.481843899449,9.67266109835974));
#5467=CARTESIAN_POINT('',(-8.13606485028566,-216.389304098563,106.561245222014));
#5468=CARTESIAN_POINT('',(-8.13606485028689,-216.389304098563,111.640646427113));
#5469=CARTESIAN_POINT('',(104.481843899449,0.));
#5470=CARTESIAN_POINT('',(109.561245104548,0.));
#5471=CARTESIAN_POINT('',(-8.13606485028689,-216.389304098563,111.640646427113));
#5472=CARTESIAN_POINT('',(-8.16262567828683,-213.310515013744,111.640646427113));
#5473=CARTESIAN_POINT('',(-11.241414763106,-213.337075841744,111.640646427113));
#5474=CARTESIAN_POINT('',(-14.3202038479252,-213.363636669744,111.640646427113));
#5475=CARTESIAN_POINT('',(-14.2936430199252,-216.442425754563,111.640646427113));
#5476=CARTESIAN_POINT('',(109.561245104548,0.));
#5477=CARTESIAN_POINT('',(109.561245104548,9.67266109835974));
#5478=CARTESIAN_POINT('',(-14.2936430199252,-216.442425754563,111.640646427113));
#5479=CARTESIAN_POINT('',(-14.2936430199252,-216.442425754563,106.561245222014));
#5480=CARTESIAN_POINT('',(109.561245104548,9.67266109835974));
#5481=CARTESIAN_POINT('',(104.481843899449,9.67266109835974));
#5482=CARTESIAN_POINT('',(-8.13606485028689,-216.389304098563,111.640646427113));
#5483=CARTESIAN_POINT('',(-8.10950402228692,-219.468093183382,111.640646427113));
#5484=CARTESIAN_POINT('',(-11.1882931071061,-219.494654011382,111.640646427113));
#5485=CARTESIAN_POINT('',(-14.2670821919253,-219.521214839382,111.640646427113));
#5486=CARTESIAN_POINT('',(-14.2936430199252,-216.442425754563,111.640646427113));
#5487=CARTESIAN_POINT('',(0.,3.07890365331327));
#5488=CARTESIAN_POINT('',(-3.07890365331327,3.07890365331327));
#5489=CARTESIAN_POINT('',(-3.07890365331327,-5.65585425586978E-16));
#5490=CARTESIAN_POINT('',(-3.07890365331327,-3.07890365331327));
#5491=CARTESIAN_POINT('',(3.77056950391319E-16,-3.07890365331327));
#5492=CARTESIAN_POINT('',(0.,3.07890365331327));
#5493=CARTESIAN_POINT('',(3.07890365331327,3.07890365331327));
#5494=CARTESIAN_POINT('',(3.07890365331327,1.88528475195659E-16));
#5495=CARTESIAN_POINT('',(3.07890365331327,-3.07890365331327));
#5496=CARTESIAN_POINT('',(3.77056950391319E-16,-3.07890365331327));
#5497=CARTESIAN_POINT('',(-1.69978934695104,-0.0146641189378728));
#5498=CARTESIAN_POINT('',(-1.68512395629682,-1.71460087642192));
#5499=CARTESIAN_POINT('',(0.0148128009542573,-1.69993545876307));
#5500=CARTESIAN_POINT('',(1.71474955820534,-1.68527004110421));
#5501=CARTESIAN_POINT('',(1.70008411354183,0.0146667159139039));
#5502=CARTESIAN_POINT('',(1.70008411354183,0.0146667159139039));
#5503=CARTESIAN_POINT('',(1.68541866934416,1.71460341892262));
#5504=CARTESIAN_POINT('',(-0.0145180338975184,1.6999380017297));
#5505=CARTESIAN_POINT('',(-1.7144547371392,1.68527258453678));
#5506=CARTESIAN_POINT('',(-1.69978934695104,-0.0146641189378728));
#5507=CARTESIAN_POINT('',(109.561245104548,9.67266109835974));
#5508=CARTESIAN_POINT('',(104.481843899449,9.67266109835974));
#5509=CARTESIAN_POINT('',(109.561245104548,19.3453221967195));
#5510=CARTESIAN_POINT('',(109.561245104548,9.67266109835974));
#5511=CARTESIAN_POINT('',(104.481843899449,19.3453221967195));
#5512=CARTESIAN_POINT('',(109.561245104548,19.3453221967195));
#5513=CARTESIAN_POINT('',(104.481843899449,9.67266109835974));
#5514=CARTESIAN_POINT('',(104.481843899449,19.3453221967195));
#5515=CARTESIAN_POINT('',(109.561245104548,9.67266109835974));
#5516=CARTESIAN_POINT('',(104.481843899449,9.67266109835974));
#5517=CARTESIAN_POINT('',(109.561245104548,19.3453221967195));
#5518=CARTESIAN_POINT('',(109.561245104548,9.67266109835974));
#5519=CARTESIAN_POINT('',(104.481843899449,19.3453221967195));
#5520=CARTESIAN_POINT('',(109.561245104548,19.3453221967195));
#5521=CARTESIAN_POINT('',(104.481843899449,9.67266109835974));
#5522=CARTESIAN_POINT('',(104.481843899449,9.7314565171197));
#5523=CARTESIAN_POINT('',(104.481843899449,19.3453221967195));
#5524=CARTESIAN_POINT('',(109.561245104548,9.67266109835974));
#5525=CARTESIAN_POINT('',(104.481843899449,9.67266109835974));
#5526=CARTESIAN_POINT('',(109.561245104548,19.3453221967195));
#5527=CARTESIAN_POINT('',(109.561245104548,9.67266109835974));
#5528=CARTESIAN_POINT('',(104.481843899449,19.3453221967195));
#5529=CARTESIAN_POINT('',(109.561245104548,19.3453221967195));
#5530=CARTESIAN_POINT('',(104.481843899449,9.67266109835974));
#5531=CARTESIAN_POINT('',(104.481843899449,9.73145651711971));
#5532=CARTESIAN_POINT('',(104.481843899449,19.3453221967195));
#5533=CARTESIAN_POINT('',(109.561245104548,9.67266109835974));
#5534=CARTESIAN_POINT('',(104.481843899449,9.67266109835974));
#5535=CARTESIAN_POINT('',(109.561245104548,19.3453221967195));
#5536=CARTESIAN_POINT('',(109.561245104548,9.67266109835974));
#5537=CARTESIAN_POINT('',(104.481843899449,19.3453221967195));
#5538=CARTESIAN_POINT('',(109.561245104548,19.3453221967195));
#5539=CARTESIAN_POINT('',(104.481843899449,9.67266109835974));
#5540=CARTESIAN_POINT('',(104.481843899449,19.3453221967195));
#5541=CARTESIAN_POINT('',(0.,0.,0.));
#5542=(
GEOMETRIC_REPRESENTATION_CONTEXT(2)
PARAMETRIC_REPRESENTATION_CONTEXT()
REPRESENTATION_CONTEXT('pspace','')
);
ENDSEC;
END-ISO-10303-21;
