ISO-10303-21;
HEADER;
FILE_DESCRIPTION(('FreeCAD Model'),'2;1');
FILE_NAME('Open CASCADE Shape Model','2026-05-19T23:32:00',('Author'),(
    ''),'Open CASCADE STEP processor 7.8','FreeCAD','Unknown');
FILE_SCHEMA(('AUTOMOTIVE_DESIGN { 1 0 10303 214 1 1 1 1 }'));
ENDSEC;
DATA;
#1 = APPLICATION_PROTOCOL_DEFINITION('international standard',
  'automotive_design',2000,#2);
#2 = APPLICATION_CONTEXT(
  'core data for automotive mechanical design processes');
#3 = SHAPE_DEFINITION_REPRESENTATION(#4,#10);
#4 = PRODUCT_DEFINITION_SHAPE('','',#5);
#5 = PRODUCT_DEFINITION('design','',#6,#9);
#6 = PRODUCT_DEFINITION_FORMATION('','',#7);
#7 = PRODUCT('Handle_SO101 v1','Handle_SO101 v1','',(#8));
#8 = PRODUCT_CONTEXT('',#2,'mechanical');
#9 = PRODUCT_DEFINITION_CONTEXT('part definition',#2,'design');
#10 = ADVANCED_BREP_SHAPE_REPRESENTATION('',(#11,#15),#4195);
#11 = AXIS2_PLACEMENT_3D('',#12,#13,#14);
#12 = CARTESIAN_POINT('',(0.,0.,0.));
#13 = DIRECTION('',(0.,0.,1.));
#14 = DIRECTION('',(1.,0.,-0.));
#15 = MANIFOLD_SOLID_BREP('',#16);
#16 = CLOSED_SHELL('',(#17,#653,#706,#766,#815,#884,#1189,#1494,#2490,
    #2530,#2543,#3482,#3532,#3558,#3575,#3618,#3690,#3722,#3753,#3777,
    #3811,#3882,#3914,#3931,#3956,#3981,#4002,#4028,#4048,#4065,#4106,
    #4124,#4142,#4183));
#17 = ADVANCED_FACE('',(#18,#504),#644,.F.);
#18 = FACE_BOUND('',#19,.F.);
#19 = EDGE_LOOP('',(#20,#31,#39,#498));
#20 = ORIENTED_EDGE('',*,*,#21,.F.);
#21 = EDGE_CURVE('',#22,#24,#26,.T.);
#22 = VERTEX_POINT('',#23);
#23 = CARTESIAN_POINT('',(-35.2,-4.5,37.999999571973));
#24 = VERTEX_POINT('',#25);
#25 = CARTESIAN_POINT('',(-76.61933885537,-4.5,96.768167160523));
#26 = B_SPLINE_CURVE_WITH_KNOTS('',3,(#27,#28,#29,#30),.UNSPECIFIED.,.F.
  ,.F.,(4,4),(0.,0.948566340326),.PIECEWISE_BEZIER_KNOTS.);
#27 = CARTESIAN_POINT('',(-35.2,-4.5,38.));
#28 = CARTESIAN_POINT('',(-32.00283175606,-4.5,64.300215358699));
#29 = CARTESIAN_POINT('',(-133.2849194338,-4.5,47.542279339225));
#30 = CARTESIAN_POINT('',(-76.61933926063,-4.5,96.768167627025));
#31 = ORIENTED_EDGE('',*,*,#32,.F.);
#32 = EDGE_CURVE('',#33,#22,#35,.T.);
#33 = VERTEX_POINT('',#34);
#34 = CARTESIAN_POINT('',(-35.2,4.5,37.999999526237));
#35 = LINE('',#36,#37);
#36 = CARTESIAN_POINT('',(-35.2,4.5,38.));
#37 = VECTOR('',#38,1.);
#38 = DIRECTION('',(0.,-1.,0.));
#39 = ORIENTED_EDGE('',*,*,#40,.F.);
#40 = EDGE_CURVE('',#41,#33,#43,.T.);
#41 = VERTEX_POINT('',#42);
#42 = CARTESIAN_POINT('',(-76.61933885538,4.5,96.768167160525));
#43 = B_SPLINE_CURVE_WITH_KNOTS('',3,(#44,#45,#46,#47,#48,#49,#50,#51,
    #52,#53,#54,#55,#56,#57,#58,#59,#60,#61,#62,#63,#64,#65,#66,#67,#68,
    #69,#70,#71,#72,#73,#74,#75,#76,#77,#78,#79,#80,#81,#82,#83,#84,#85,
    #86,#87,#88,#89,#90,#91,#92,#93,#94,#95,#96,#97,#98,#99,#100,#101,
    #102,#103,#104,#105,#106,#107,#108,#109,#110,#111,#112,#113,#114,
    #115,#116,#117,#118,#119,#120,#121,#122,#123,#124,#125,#126,#127,
    #128,#129,#130,#131,#132,#133,#134,#135,#136,#137,#138,#139,#140,
    #141,#142,#143,#144,#145,#146,#147,#148,#149,#150,#151,#152,#153,
    #154,#155,#156,#157,#158,#159,#160,#161,#162,#163,#164,#165,#166,
    #167,#168,#169,#170,#171,#172,#173,#174,#175,#176,#177,#178,#179,
    #180,#181,#182,#183,#184,#185,#186,#187,#188,#189,#190,#191,#192,
    #193,#194,#195,#196,#197,#198,#199,#200,#201,#202,#203,#204,#205,
    #206,#207,#208,#209,#210,#211,#212,#213,#214,#215,#216,#217,#218,
    #219,#220,#221,#222,#223,#224,#225,#226,#227,#228,#229,#230,#231,
    #232,#233,#234,#235,#236,#237,#238,#239,#240,#241,#242,#243,#244,
    #245,#246,#247,#248,#249,#250,#251,#252,#253,#254,#255,#256,#257,
    #258,#259,#260,#261,#262,#263,#264,#265,#266,#267,#268,#269,#270,
    #271,#272,#273,#274,#275,#276,#277,#278,#279,#280,#281,#282,#283,
    #284,#285,#286,#287,#288,#289,#290,#291,#292,#293,#294,#295,#296,
    #297,#298,#299,#300,#301,#302,#303,#304,#305,#306,#307,#308,#309,
    #310,#311,#312,#313,#314,#315,#316,#317,#318,#319,#320,#321,#322,
    #323,#324,#325,#326,#327,#328,#329,#330,#331,#332,#333,#334,#335,
    #336,#337,#338,#339,#340,#341,#342,#343,#344,#345,#346,#347,#348,
    #349,#350,#351,#352,#353,#354,#355,#356,#357,#358,#359,#360,#361,
    #362,#363,#364,#365,#366,#367,#368,#369,#370,#371,#372,#373,#374,
    #375,#376,#377,#378,#379,#380,#381,#382,#383,#384,#385,#386,#387,
    #388,#389,#390,#391,#392,#393,#394,#395,#396,#397,#398,#399,#400,
    #401,#402,#403,#404,#405,#406,#407,#408,#409,#410,#411,#412,#413,
    #414,#415,#416,#417,#418,#419,#420,#421,#422,#423,#424,#425,#426,
    #427,#428,#429,#430,#431,#432,#433,#434,#435,#436,#437,#438,#439,
    #440,#441,#442,#443,#444,#445,#446,#447,#448,#449,#450,#451,#452,
    #453,#454,#455,#456,#457,#458,#459,#460,#461,#462,#463,#464,#465,
    #466,#467,#468,#469,#470,#471,#472,#473,#474,#475,#476,#477,#478,
    #479,#480,#481,#482,#483,#484,#485,#486,#487,#488,#489,#490,#491,
    #492,#493,#494,#495,#496,#497),.UNSPECIFIED.,.F.,.F.,(4,3,3,3,3,3,3,
    3,3,3,3,3,3,3,3,3,3,3,3,3,3,3,3,3,3,3,3,3,3,3,3,3,3,3,3,3,3,3,3,3,3,
    3,3,3,3,3,3,3,3,3,3,3,3,3,3,3,3,3,3,3,3,3,3,3,3,3,3,3,3,3,3,3,3,3,3,
    3,3,3,3,3,3,3,3,3,3,3,3,3,3,3,3,3,3,3,3,3,3,3,3,3,3,3,3,3,3,3,3,3,3,
    3,3,3,3,3,3,3,3,3,3,3,3,3,3,3,3,3,3,3,3,3,3,3,3,3,3,3,3,3,3,3,3,3,3,
    3,3,3,3,3,3,3,3,4),(4.412073852189E-11,1.311813274814E-03,
    2.615302833129E-03,3.910594140681E-03,5.197970394941E-03,
    6.053614560324E-03,6.496906442403E-03,7.641670142957E-03,
    8.778798103042E-03,9.567319187411E-03,1.036712067022E-02,
    1.137954322553E-02,1.238470441311E-02,1.307703173279E-02,
    1.400834848318E-02,1.493282981296E-02,1.566879541427E-02,
    1.61965674753E-02,1.742614101576E-02,1.777967064727E-02,
    1.856215924586E-02,1.911412170631E-02,1.945943779267E-02,
    2.018726136857E-02,2.090967386014E-02,2.162688979661E-02,
    2.226061804156E-02,2.257139043432E-02,2.319773976803E-02,
    2.381919574757E-02,2.414197802525E-02,2.492944657029E-02,
    2.553737359044E-02,2.579627807579E-02,2.63974329748E-02,
    2.699389135117E-02,2.734415646558E-02,2.783355107571E-02,
    2.812617042756E-02,2.860220468371E-02,2.905113987189E-02,
    2.95272948344E-02,2.976608013255E-02,3.033622095299E-02,
    3.063431336866E-02,3.112614506278E-02,3.130250584821E-02,
    3.160289027438E-02,3.188078564499E-02,3.208827588447E-02,
    3.231352636976E-02,3.314195260158E-02,3.369185229841E-02,
    3.423132302381E-02,3.449895107899E-02,3.480201472235E-02,
    3.513331874576E-02,3.531512511042E-02,3.576939451687E-02,
    3.603101448028E-02,3.620164255448E-02,3.666917800054E-02,
    3.69666644904E-02,3.748055074555E-02,3.777367217538E-02,
    3.828125368299E-02,3.864859289844E-02,3.928616148728E-02,
    3.978895320673E-02,4.015471923905E-02,4.11326783939E-02,
    4.161401766543E-02,4.200689716016E-02,4.269021476739E-02,
    4.33904817346E-02,4.410855972215E-02,4.459281163888E-02,
    4.494868226829E-02,4.52503943507E-02,4.614873358193E-02,
    4.664585841145E-02,4.749197308243E-02,4.835528764598E-02,
    4.930811472669E-02,5.028921360151E-02,5.115872654668E-02,
    5.219458296558E-02,5.332943689277E-02,5.450832649281E-02,
    5.566861548371E-02,5.695846296326E-02,5.823961787647E-02,
    5.972960599631E-02,6.132778395065E-02,6.30959921091E-02,
    6.396240193552E-02,6.471122511369E-02,6.712518633955E-02,
    6.912941180432E-02,7.066115861397E-02,7.220449538188E-02,
    7.365546162375E-02,7.490482578954E-02,7.618253248498E-02,
    7.725840023288E-02,7.840507724263E-02,7.951163306206E-02,
    8.037518490772E-02,8.136628331465E-02,8.232687672909E-02,
    8.323689541678E-02,8.400323467494E-02,8.467829518158E-02,
    8.513136671521E-02,8.623216286735E-02,8.674816106367E-02,
    8.751162176885E-02,8.826729512387E-02,8.901253796514E-02,
    8.971282678927E-02,9.023004541614E-02,9.087140425895E-02,
    9.135983966711E-02,9.167417886142E-02,9.20785899122E-02,
    9.234606136395E-02,9.299593910055E-02,9.327263442627E-02,
    9.381658270227E-02,9.401215484569E-02,9.455790173968E-02,
    9.497258746965E-02,9.545830732465E-02,9.5819605561E-02,
    9.625238678529E-02,9.64174884567E-02,9.678096961012E-02,
    9.705339772225E-02,9.720642000936E-02,9.776879120073E-02,
    9.811214593029E-02,9.859957820954E-02,9.877199017644E-02,
    9.910581387888E-02,9.941456992974E-02,9.959610485052E-02,
    9.998960488791E-02,0.100333917421,0.100863190855,0.101207886449,
    0.102040511712,0.10274410515),.UNSPECIFIED.);
#44 = CARTESIAN_POINT('',(-76.61933926063,4.5,96.768167627021));
#45 = CARTESIAN_POINT('',(-76.95033103039,4.5,96.480632163117));
#46 = CARTESIAN_POINT('',(-77.27994569442,4.5,96.191864618404));
#47 = CARTESIAN_POINT('',(-77.60816925529,4.5,95.901713546157));
#48 = CARTESIAN_POINT('',(-77.93431018327,4.5,95.613403530555));
#49 = CARTESIAN_POINT('',(-78.25907763625,4.5,95.323727476118));
#50 = CARTESIAN_POINT('',(-78.5824103799,4.5,95.032556665244));
#51 = CARTESIAN_POINT('',(-78.90370953386,4.5,94.743217162728));
#52 = CARTESIAN_POINT('',(-79.22359199935,4.5,94.45240163408));
#53 = CARTESIAN_POINT('',(-79.54195017753,4.5,94.160003647656));
#54 = CARTESIAN_POINT('',(-79.85836298486,4.5,93.869392398804));
#55 = CARTESIAN_POINT('',(-80.17327010649,4.5,93.577217960008));
#56 = CARTESIAN_POINT('',(-80.48651836947,4.5,93.283395724187));
#57 = CARTESIAN_POINT('',(-80.69471628181,4.5,93.088109162929));
#58 = CARTESIAN_POINT('',(-80.90218041948,4.5,92.8920950975));
#59 = CARTESIAN_POINT('',(-81.10885397399,4.5,92.695333639225));
#60 = CARTESIAN_POINT('',(-81.21592734941,4.5,92.593395519748));
#61 = CARTESIAN_POINT('',(-81.32278695439,4.5,92.49125822124));
#62 = CARTESIAN_POINT('',(-81.42942859167,4.5,92.388914872898));
#63 = CARTESIAN_POINT('',(-81.70482157825,4.5,92.124621853082));
#64 = CARTESIAN_POINT('',(-81.97878287354,4.5,91.858935553643));
#65 = CARTESIAN_POINT('',(-82.25123257379,4.5,91.591726437055));
#66 = CARTESIAN_POINT('',(-82.52186499488,4.5,91.32629964416));
#67 = CARTESIAN_POINT('',(-82.79100595118,4.5,91.059370267388));
#68 = CARTESIAN_POINT('',(-83.05852971407,4.5,90.790831180552));
#69 = CARTESIAN_POINT('',(-83.24403929172,4.5,90.604617544639));
#70 = CARTESIAN_POINT('',(-83.42877026259,4.5,90.417630293599));
#71 = CARTESIAN_POINT('',(-83.61266703609,4.5,90.229839427227));
#72 = CARTESIAN_POINT('',(-83.79919459387,4.5,90.039362068587));
#73 = CARTESIAN_POINT('',(-83.98485668859,4.5,89.848065617773));
#74 = CARTESIAN_POINT('',(-84.16962591184,4.5,89.655879063705));
#75 = CARTESIAN_POINT('',(-84.40351461194,4.5,89.412601192448));
#76 = CARTESIAN_POINT('',(-84.63597607893,4.5,89.167894451258));
#77 = CARTESIAN_POINT('',(-84.86692009348,4.5,88.921624715335));
#78 = CARTESIAN_POINT('',(-85.09620771525,4.5,88.677121292403));
#79 = CARTESIAN_POINT('',(-85.32399960849,4.5,88.431077199952));
#80 = CARTESIAN_POINT('',(-85.5501601978,4.5,88.183380965195));
#81 = CARTESIAN_POINT('',(-85.70593337781,4.5,88.012774626209));
#82 = CARTESIAN_POINT('',(-85.86093144847,4.5,87.841385157063));
#83 = CARTESIAN_POINT('',(-86.01509670276,4.5,87.669181806403));
#84 = CARTESIAN_POINT('',(-86.22247936638,4.5,87.437534346618));
#85 = CARTESIAN_POINT('',(-86.42836405707,4.5,87.204405617334));
#86 = CARTESIAN_POINT('',(-86.63263303204,4.5,86.969668801136));
#87 = CARTESIAN_POINT('',(-86.83540277018,4.5,86.736654841176));
#88 = CARTESIAN_POINT('',(-87.03658045856,4.5,86.502056297584));
#89 = CARTESIAN_POINT('',(-87.23600371946,4.5,86.265768885206));
#90 = CARTESIAN_POINT('',(-87.39476156064,4.5,86.077664050707));
#91 = CARTESIAN_POINT('',(-87.55240663891,4.5,85.888489267245));
#92 = CARTESIAN_POINT('',(-87.7088351259,4.5,85.698201091983));
#93 = CARTESIAN_POINT('',(-87.82101235924,4.5,85.561742564211));
#94 = CARTESIAN_POINT('',(-87.93256236955,4.5,85.424713117544));
#95 = CARTESIAN_POINT('',(-88.04344543528,4.5,85.28709330414));
#96 = CARTESIAN_POINT('',(-88.3017745394,4.5,84.966474435313));
#97 = CARTESIAN_POINT('',(-88.55646837036,4.5,84.642671320251));
#98 = CARTESIAN_POINT('',(-88.80653105659,4.5,84.316002828983));
#99 = CARTESIAN_POINT('',(-88.8784296185,4.5,84.222078401085));
#100 = CARTESIAN_POINT('',(-88.94994421437,4.5,84.127918299866));
#101 = CARTESIAN_POINT('',(-89.02105303086,4.5,84.03352697631));
#102 = CARTESIAN_POINT('',(-89.1784424919,4.5,83.824604928755));
#103 = CARTESIAN_POINT('',(-89.33386033901,4.5,83.614531898745));
#104 = CARTESIAN_POINT('',(-89.48719933832,4.5,83.403158434372));
#105 = CARTESIAN_POINT('',(-89.59536368921,4.5,83.254056942438));
#106 = CARTESIAN_POINT('',(-89.70249267175,4.5,83.104308788314));
#107 = CARTESIAN_POINT('',(-89.8085342312,4.5,82.953867552466));
#108 = CARTESIAN_POINT('',(-89.87487543902,4.5,82.859749233717));
#109 = CARTESIAN_POINT('',(-89.94079143379,4.5,82.765358765957));
#110 = CARTESIAN_POINT('',(-90.00625869265,4.5,82.67069805715));
#111 = CARTESIAN_POINT('',(-90.14424419732,4.5,82.47118144526));
#112 = CARTESIAN_POINT('',(-90.28025210861,4.5,82.270445051346));
#113 = CARTESIAN_POINT('',(-90.41415345621,4.5,82.068343760946));
#114 = CARTESIAN_POINT('',(-90.54705929954,4.5,81.867745014792));
#115 = CARTESIAN_POINT('',(-90.67788982163,4.5,81.665801576291));
#116 = CARTESIAN_POINT('',(-90.80647191841,4.5,81.462391223533));
#117 = CARTESIAN_POINT('',(-90.93412908109,4.5,81.260444069597));
#118 = CARTESIAN_POINT('',(-91.05957008521,4.5,81.057051014191));
#119 = CARTESIAN_POINT('',(-91.18257850916,4.5,80.8521121546));
#120 = CARTESIAN_POINT('',(-91.29126810828,4.5,80.671029251661));
#121 = CARTESIAN_POINT('',(-91.39805786714,4.5,80.488739741063));
#122 = CARTESIAN_POINT('',(-91.50276718364,4.5,80.305187820892));
#123 = CARTESIAN_POINT('',(-91.55411532079,4.5,80.215176258551));
#124 = CARTESIAN_POINT('',(-91.60496107471,4.5,80.124864249997));
#125 = CARTESIAN_POINT('',(-91.65528653621,4.5,80.034235410996));
#126 = CARTESIAN_POINT('',(-91.75671549198,4.5,79.851576609103));
#127 = CARTESIAN_POINT('',(-91.85604110483,4.5,79.667617525127));
#128 = CARTESIAN_POINT('',(-91.95310939872,4.5,79.48218348105));
#129 = CARTESIAN_POINT('',(-92.04941934655,4.5,79.298198140442));
#130 = CARTESIAN_POINT('',(-92.14350716161,4.5,79.112760773212));
#131 = CARTESIAN_POINT('',(-92.23516919753,4.5,78.925723073826));
#132 = CARTESIAN_POINT('',(-92.28277817017,4.5,78.828576282086));
#133 = CARTESIAN_POINT('',(-92.32973159251,4.5,78.730998687173));
#134 = CARTESIAN_POINT('',(-92.37599612371,4.5,78.632969787634));
#135 = CARTESIAN_POINT('',(-92.48886434973,4.5,78.393815781266));
#136 = CARTESIAN_POINT('',(-92.59761449843,4.5,78.152003707517));
#137 = CARTESIAN_POINT('',(-92.70135021145,4.5,77.908102415598));
#138 = CARTESIAN_POINT('',(-92.78143435359,4.5,77.719810214543));
#139 = CARTESIAN_POINT('',(-92.85853076019,4.5,77.530272534274));
#140 = CARTESIAN_POINT('',(-92.93224705191,4.5,77.339742756364));
#141 = CARTESIAN_POINT('',(-92.96364141002,4.5,77.258599769695));
#142 = CARTESIAN_POINT('',(-92.99442237312,4.5,77.177278243644));
#143 = CARTESIAN_POINT('',(-93.02456214304,4.5,77.095793392926));
#144 = CARTESIAN_POINT('',(-93.09454420734,4.5,76.906592278318));
#145 = CARTESIAN_POINT('',(-93.16108406288,4.5,76.716481378702));
#146 = CARTESIAN_POINT('',(-93.22392685693,4.5,76.525335228887));
#147 = CARTESIAN_POINT('',(-93.28627869164,4.5,76.335682408368));
#148 = CARTESIAN_POINT('',(-93.34499100932,4.5,76.145010448203));
#149 = CARTESIAN_POINT('',(-93.39976296197,4.5,75.95321857967));
#150 = CARTESIAN_POINT('',(-93.43192732585,4.5,75.840590434207));
#151 = CARTESIAN_POINT('',(-93.46273144475,4.5,75.727578133066));
#152 = CARTESIAN_POINT('',(-93.49210729148,4.5,75.614159540384));
#153 = CARTESIAN_POINT('',(-93.53315157613,4.5,75.455689725197));
#154 = CARTESIAN_POINT('',(-93.57141386367,4.5,75.296412328476));
#155 = CARTESIAN_POINT('',(-93.60670508718,4.5,75.136159985584));
#156 = CARTESIAN_POINT('',(-93.62780645351,4.5,75.040341732299));
#157 = CARTESIAN_POINT('',(-93.64784480041,4.5,74.944174922766));
#158 = CARTESIAN_POINT('',(-93.66677121766,4.5,74.847628387123));
#159 = CARTESIAN_POINT('',(-93.69756078405,4.5,74.690566121803));
#160 = CARTESIAN_POINT('',(-93.72539840228,4.5,74.532521108258));
#161 = CARTESIAN_POINT('',(-93.74998547374,4.5,74.373869223608));
#162 = CARTESIAN_POINT('',(-93.77317288391,4.5,74.224248870092));
#163 = CARTESIAN_POINT('',(-93.79346946225,4.5,74.074089852191));
#164 = CARTESIAN_POINT('',(-93.8106650406,4.5,73.923686501644));
#165 = CARTESIAN_POINT('',(-93.8289032188,4.5,73.764163916587));
#166 = CARTESIAN_POINT('',(-93.84365287588,4.5,73.604364231335));
#167 = CARTESIAN_POINT('',(-93.85471137888,4.5,73.44460702384));
#168 = CARTESIAN_POINT('',(-93.86025706913,4.5,73.364490936795));
#169 = CARTESIAN_POINT('',(-93.86487514449,4.5,73.284387122622));
#170 = CARTESIAN_POINT('',(-93.868544898,4.5,73.204327706573));
#171 = CARTESIAN_POINT('',(-93.87730706338,4.5,73.013172130814));
#172 = CARTESIAN_POINT('',(-93.88066877541,4.5,72.822232658031));
#173 = CARTESIAN_POINT('',(-93.87836374912,4.5,72.631436567224));
#174 = CARTESIAN_POINT('',(-93.87715858922,4.5,72.531680742755));
#175 = CARTESIAN_POINT('',(-93.8744038774,4.5,72.431967113254));
#176 = CARTESIAN_POINT('',(-93.87005703073,4.5,72.332277177664));
#177 = CARTESIAN_POINT('',(-93.86288503692,4.5,72.167795737236));
#178 = CARTESIAN_POINT('',(-93.85138140004,4.5,72.00336554737));
#179 = CARTESIAN_POINT('',(-93.83531611244,4.5,71.83882893122));
#180 = CARTESIAN_POINT('',(-93.82955542891,4.5,71.779829466152));
#181 = CARTESIAN_POINT('',(-93.82320776282,4.5,71.720816505296));
#182 = CARTESIAN_POINT('',(-93.81626100393,4.5,71.661783411093));
#183 = CARTESIAN_POINT('',(-93.80442901885,4.5,71.561235990173));
#184 = CARTESIAN_POINT('',(-93.79085495529,4.5,71.460621735215));
#185 = CARTESIAN_POINT('',(-93.77552834716,4.5,71.360205407455));
#186 = CARTESIAN_POINT('',(-93.76134920512,4.5,71.267307007315));
#187 = CARTESIAN_POINT('',(-93.74567047243,4.5,71.174577977654));
#188 = CARTESIAN_POINT('',(-93.72850926775,4.5,71.082217644552));
#189 = CARTESIAN_POINT('',(-93.71569587522,4.5,71.013256914504));
#190 = CARTESIAN_POINT('',(-93.70205653317,4.5,70.944501515199));
#191 = CARTESIAN_POINT('',(-93.68760716832,4.5,70.87603072582));
#192 = CARTESIAN_POINT('',(-93.67192100182,4.5,70.801699140034));
#193 = CARTESIAN_POINT('',(-93.65528269662,4.5,70.727711139882));
#194 = CARTESIAN_POINT('',(-93.63769756945,4.5,70.654067908526));
#195 = CARTESIAN_POINT('',(-93.57302298894,4.5,70.383222833228));
#196 = CARTESIAN_POINT('',(-93.49553807374,4.5,70.117029856671));
#197 = CARTESIAN_POINT('',(-93.40548438785,4.5,69.85539422886));
#198 = CARTESIAN_POINT('',(-93.34570779862,4.5,69.681723542335));
#199 = CARTESIAN_POINT('',(-93.28039284115,4.5,69.510058108635));
#200 = CARTESIAN_POINT('',(-93.20960728993,4.5,69.340357869351));
#201 = CARTESIAN_POINT('',(-93.14016420261,4.5,69.173876033274));
#202 = CARTESIAN_POINT('',(-93.06545427367,4.5,69.009284690589));
#203 = CARTESIAN_POINT('',(-92.98557289715,4.5,68.846602451667));
#204 = CARTESIAN_POINT('',(-92.94594424552,4.5,68.765896809702));
#205 = CARTESIAN_POINT('',(-92.90504307542,4.5,68.68566092862));
#206 = CARTESIAN_POINT('',(-92.86288230724,4.5,68.605896555824));
#207 = CARTESIAN_POINT('',(-92.81513919599,4.5,68.515570893164));
#208 = CARTESIAN_POINT('',(-92.76577494239,4.5,68.425843113298));
#209 = CARTESIAN_POINT('',(-92.71490661483,4.5,68.336874368099));
#210 = CARTESIAN_POINT('',(-92.65929822382,4.5,68.239615248153));
#211 = CARTESIAN_POINT('',(-92.60189227325,4.5,68.143263848775));
#212 = CARTESIAN_POINT('',(-92.54287481731,4.5,68.048018757847));
#213 = CARTESIAN_POINT('',(-92.51048840375,4.5,67.995752070726));
#214 = CARTESIAN_POINT('',(-92.4776172893,4.5,67.943818289418));
#215 = CARTESIAN_POINT('',(-92.4442963575,4.5,67.89224849337));
#216 = CARTESIAN_POINT('',(-92.36103920676,4.5,67.763393925022));
#217 = CARTESIAN_POINT('',(-92.27497837085,4.5,67.636807919682));
#218 = CARTESIAN_POINT('',(-92.18615752272,4.5,67.512206552426));
#219 = CARTESIAN_POINT('',(-92.13500438164,4.5,67.440446921072));
#220 = CARTESIAN_POINT('',(-92.08293490195,4.5,67.369345953215));
#221 = CARTESIAN_POINT('',(-92.02995025596,4.5,67.298852465854));
#222 = CARTESIAN_POINT('',(-91.99539376422,4.5,67.252876738944));
#223 = CARTESIAN_POINT('',(-91.96044556263,4.5,67.207156494323));
#224 = CARTESIAN_POINT('',(-91.92511414821,4.5,67.161689914045));
#225 = CARTESIAN_POINT('',(-91.82830306554,4.5,67.037107614261));
#226 = CARTESIAN_POINT('',(-91.7286275239,4.5,66.914453127989));
#227 = CARTESIAN_POINT('',(-91.62647192112,4.5,66.793910540387));
#228 = CARTESIAN_POINT('',(-91.56147169078,4.5,66.717210919929));
#229 = CARTESIAN_POINT('',(-91.4954693892,4.5,66.641367027272));
#230 = CARTESIAN_POINT('',(-91.42857063889,4.5,66.566418559262));
#231 = CARTESIAN_POINT('',(-91.31300791775,4.5,66.436950536785));
#232 = CARTESIAN_POINT('',(-91.1947564497,4.5,66.31013757258));
#233 = CARTESIAN_POINT('',(-91.07418386562,4.5,66.18595691092));
#234 = CARTESIAN_POINT('',(-91.0054090971,4.5,66.115124089965));
#235 = CARTESIAN_POINT('',(-90.93588045409,4.5,66.045148777297));
#236 = CARTESIAN_POINT('',(-90.8656635646,4.5,65.976022612634));
#237 = CARTESIAN_POINT('',(-90.74407301883,4.5,65.856320812272));
#238 = CARTESIAN_POINT('',(-90.62040639148,4.5,65.73914841722));
#239 = CARTESIAN_POINT('',(-90.49478125012,4.5,65.624272795103));
#240 = CARTESIAN_POINT('',(-90.40386572193,4.5,65.541136746468));
#241 = CARTESIAN_POINT('',(-90.31192177038,4.5,65.459202435655));
#242 = CARTESIAN_POINT('',(-90.21898767756,4.5,65.378392109855));
#243 = CARTESIAN_POINT('',(-90.05768756062,4.5,65.238134486337));
#244 = CARTESIAN_POINT('',(-89.8934201864,4.5,65.10127389123));
#245 = CARTESIAN_POINT('',(-89.72646820805,4.5,64.967535363342));
#246 = CARTESIAN_POINT('',(-89.59480853451,4.5,64.862068084103));
#247 = CARTESIAN_POINT('',(-89.46147824602,4.5,64.758542867529));
#248 = CARTESIAN_POINT('',(-89.32659515638,4.5,64.656833581627));
#249 = CARTESIAN_POINT('',(-89.22847171756,4.5,64.582843099057));
#250 = CARTESIAN_POINT('',(-89.12952570699,4.5,64.509813482618));
#251 = CARTESIAN_POINT('',(-89.02979810069,4.5,64.437699510257));
#252 = CARTESIAN_POINT('',(-88.76315353298,4.5,64.244886309379));
#253 = CARTESIAN_POINT('',(-88.49095154925,4.5,64.058642656626));
#254 = CARTESIAN_POINT('',(-88.21472437078,4.5,63.878692566612));
#255 = CARTESIAN_POINT('',(-88.07876880638,4.5,63.790123381683));
#256 = CARTESIAN_POINT('',(-87.94183796983,4.5,63.703078870228));
#257 = CARTESIAN_POINT('',(-87.80411311347,4.5,63.617526692919));
#258 = CARTESIAN_POINT('',(-87.69169911531,4.5,63.547697160648));
#259 = CARTESIAN_POINT('',(-87.57876493663,4.5,63.478866852198));
#260 = CARTESIAN_POINT('',(-87.46534303918,4.5,63.410980123643));
#261 = CARTESIAN_POINT('',(-87.26807344223,4.5,63.292907794749));
#262 = CARTESIAN_POINT('',(-87.06933286176,4.5,63.177689791953));
#263 = CARTESIAN_POINT('',(-86.86927353487,4.5,63.065063791953));
#264 = CARTESIAN_POINT('',(-86.66425183395,4.5,62.949644158951));
#265 = CARTESIAN_POINT('',(-86.45784502373,4.5,62.836946763934));
#266 = CARTESIAN_POINT('',(-86.25016616382,4.5,62.72671059319));
#267 = CARTESIAN_POINT('',(-86.03720507218,4.5,62.613670607944));
#268 = CARTESIAN_POINT('',(-85.82290626681,4.5,62.503218694716));
#269 = CARTESIAN_POINT('',(-85.6073409247,4.5,62.395094718753));
#270 = CARTESIAN_POINT('',(-85.46196962534,4.5,62.322178902487));
#271 = CARTESIAN_POINT('',(-85.31602127931,4.5,62.250322223446));
#272 = CARTESIAN_POINT('',(-85.16950570056,4.5,62.179449950259));
#273 = CARTESIAN_POINT('',(-85.06183324863,4.5,62.127366810067));
#274 = CARTESIAN_POINT('',(-84.95385425661,4.5,62.075815391927));
#275 = CARTESIAN_POINT('',(-84.8455695282,4.5,62.024767336006));
#276 = CARTESIAN_POINT('',(-84.75376422538,4.5,61.981488082305));
#277 = CARTESIAN_POINT('',(-84.66174791929,4.5,61.938574873495));
#278 = CARTESIAN_POINT('',(-84.5695402261,4.5,61.896020030486));
#279 = CARTESIAN_POINT('',(-84.29499441559,4.5,61.769314183481));
#280 = CARTESIAN_POINT('',(-84.01875320649,4.5,61.645783941172));
#281 = CARTESIAN_POINT('',(-83.7413044315,4.5,61.52523117579));
#282 = CARTESIAN_POINT('',(-83.58776925217,4.5,61.458519436112));
#283 = CARTESIAN_POINT('',(-83.4338657522,4.5,61.392720577886));
#284 = CARTESIAN_POINT('',(-83.27966593196,4.5,61.327799927812));
#285 = CARTESIAN_POINT('',(-83.01721529096,4.5,61.217303909071));
#286 = CARTESIAN_POINT('',(-82.75388821604,4.5,61.109341578399));
#287 = CARTESIAN_POINT('',(-82.4897728509,4.5,61.003658462069));
#288 = CARTESIAN_POINT('',(-82.22028852566,4.5,60.895827010166));
#289 = CARTESIAN_POINT('',(-81.94998441924,4.5,60.79036887022));
#290 = CARTESIAN_POINT('',(-81.67890062762,4.5,60.687032580201));
#291 = CARTESIAN_POINT('',(-81.37970959262,4.5,60.572981897278));
#292 = CARTESIAN_POINT('',(-81.07957864754,4.5,60.461520024078));
#293 = CARTESIAN_POINT('',(-80.77863590738,4.5,60.352381978291));
#294 = CARTESIAN_POINT('',(-80.46876374932,4.5,60.240005644652));
#295 = CARTESIAN_POINT('',(-80.15803074784,4.5,60.130093152715));
#296 = CARTESIAN_POINT('',(-79.8465242605,4.5,60.022377310293));
#297 = CARTESIAN_POINT('',(-79.57044716961,4.5,59.926912600478));
#298 = CARTESIAN_POINT('',(-79.29376160809,4.5,59.833173669261));
#299 = CARTESIAN_POINT('',(-79.01649729813,4.5,59.740987607211));
#300 = CARTESIAN_POINT('',(-78.6861905249,4.5,59.631165752759));
#301 = CARTESIAN_POINT('',(-78.35504904597,4.5,59.523543276757));
#302 = CARTESIAN_POINT('',(-78.02322044389,4.5,59.417892861362));
#303 = CARTESIAN_POINT('',(-77.65967875476,4.5,59.302145363319));
#304 = CARTESIAN_POINT('',(-77.29531288914,4.5,59.188764810663));
#305 = CARTESIAN_POINT('',(-76.93026639513,4.5,59.07747329971));
#306 = CARTESIAN_POINT('',(-76.55105502264,4.5,58.961863350543));
#307 = CARTESIAN_POINT('',(-76.1711090217,4.5,58.848507773313));
#308 = CARTESIAN_POINT('',(-75.79053670815,4.5,58.737117209289));
#309 = CARTESIAN_POINT('',(-75.4159690933,4.5,58.627484173996));
#310 = CARTESIAN_POINT('',(-75.04079707088,4.5,58.519755897926));
#311 = CARTESIAN_POINT('',(-74.66514067699,4.5,58.413691462269));
#312 = CARTESIAN_POINT('',(-74.24753828946,4.5,58.295783815059));
#313 = CARTESIAN_POINT('',(-73.82933673238,4.5,58.179931906955));
#314 = CARTESIAN_POINT('',(-73.4106476508,4.5,58.065824965254));
#315 = CARTESIAN_POINT('',(-72.99478020717,4.5,57.952487015373));
#316 = CARTESIAN_POINT('',(-72.57843234927,4.5,57.840871126743));
#317 = CARTESIAN_POINT('',(-72.16166230469,4.5,57.730689157469));
#318 = CARTESIAN_POINT('',(-71.67695713069,4.5,57.602547100997));
#319 = CARTESIAN_POINT('',(-71.19169568557,4.5,57.476348320142));
#320 = CARTESIAN_POINT('',(-70.7060328953,4.5,57.351695844593));
#321 = CARTESIAN_POINT('',(-70.18510554405,4.5,57.217992202448));
#322 = CARTESIAN_POINT('',(-69.66371606694,4.5,57.086067728296));
#323 = CARTESIAN_POINT('',(-69.14199572774,4.5,56.955458072115));
#324 = CARTESIAN_POINT('',(-68.56476954483,4.5,56.810952850398));
#325 = CARTESIAN_POINT('',(-67.98713778338,4.5,56.668057319402));
#326 = CARTESIAN_POINT('',(-67.40921444752,4.5,56.526170001885));
#327 = CARTESIAN_POINT('',(-67.126035991,4.5,56.456646192965));
#328 = CARTESIAN_POINT('',(-66.84278667247,4.5,56.387364819797));
#329 = CARTESIAN_POINT('',(-66.55947598666,4.5,56.318256832491));
#330 = CARTESIAN_POINT('',(-66.31461541179,4.5,56.25852798234));
#331 = CARTESIAN_POINT('',(-66.06970787433,4.5,56.198928418284));
#332 = CARTESIAN_POINT('',(-65.82477978946,4.5,56.139419150989));
#333 = CARTESIAN_POINT('',(-65.0352116815,4.5,55.947580719678));
#334 = CARTESIAN_POINT('',(-64.2453934011,4.5,55.756670999336));
#335 = CARTESIAN_POINT('',(-63.4556918447,4.5,55.565275399986));
#336 = CARTESIAN_POINT('',(-62.80003095339,4.5,55.406366495421));
#337 = CARTESIAN_POINT('',(-62.14444740497,4.5,55.247124003487));
#338 = CARTESIAN_POINT('',(-61.48917478936,4.5,55.086730029056));
#339 = CARTESIAN_POINT('',(-60.98837697192,4.5,54.964147533753));
#340 = CARTESIAN_POINT('',(-60.48776102929,4.5,54.840892479268));
#341 = CARTESIAN_POINT('',(-59.98745654798,4.5,54.716589512199));
#342 = CARTESIAN_POINT('',(-59.48336651411,4.5,54.591346007053));
#343 = CARTESIAN_POINT('',(-58.97958667224,4.5,54.465037928579));
#344 = CARTESIAN_POINT('',(-58.47620883905,4.5,54.337246612822));
#345 = CARTESIAN_POINT('',(-58.00295876295,4.5,54.217103758051));
#346 = CARTESIAN_POINT('',(-57.5300636495,4.5,54.095650055728));
#347 = CARTESIAN_POINT('',(-57.05764283542,4.5,53.972520194399));
#348 = CARTESIAN_POINT('',(-56.65086174069,4.5,53.866498405576));
#349 = CARTESIAN_POINT('',(-56.24444329496,4.5,53.759236646321));
#350 = CARTESIAN_POINT('',(-55.83843738262,4.5,53.650473224699));
#351 = CARTESIAN_POINT('',(-55.42322099753,4.5,53.53924244361));
#352 = CARTESIAN_POINT('',(-55.00843218163,4.5,53.426440538824));
#353 = CARTESIAN_POINT('',(-54.59415583311,4.5,53.311767629757));
#354 = CARTESIAN_POINT('',(-54.24532259644,4.5,53.215209566107));
#355 = CARTESIAN_POINT('',(-53.89685301413,4.5,53.117324638202));
#356 = CARTESIAN_POINT('',(-53.54882675015,4.5,53.017922787213));
#357 = CARTESIAN_POINT('',(-53.1778948057,4.5,52.911978708603));
#358 = CARTESIAN_POINT('',(-52.80745840325,4.5,52.804310000222));
#359 = CARTESIAN_POINT('',(-52.43756275447,4.5,52.694644104618));
#360 = CARTESIAN_POINT('',(-52.08060941953,4.5,52.588815319406));
#361 = CARTESIAN_POINT('',(-51.72415948723,4.5,52.481126734106));
#362 = CARTESIAN_POINT('',(-51.36829812758,4.5,52.371315189425));
#363 = CARTESIAN_POINT('',(-51.09058531045,4.5,52.285618688245));
#364 = CARTESIAN_POINT('',(-50.8132304829,4.5,52.198628537882));
#365 = CARTESIAN_POINT('',(-50.53629937908,4.5,52.110212343184));
#366 = CARTESIAN_POINT('',(-50.21846556609,4.5,52.008737081274));
#367 = CARTESIAN_POINT('',(-49.90118709358,4.5,51.905383762421));
#368 = CARTESIAN_POINT('',(-49.58448313429,4.5,51.79989901524));
#369 = CARTESIAN_POINT('',(-49.27752699805,4.5,51.697660980393));
#370 = CARTESIAN_POINT('',(-48.97111040238,4.5,51.59342076787));
#371 = CARTESIAN_POINT('',(-48.66529569796,4.5,51.486929292144));
#372 = CARTESIAN_POINT('',(-48.37558197329,4.5,51.386044535353));
#373 = CARTESIAN_POINT('',(-48.08640847703,4.5,51.283139312354));
#374 = CARTESIAN_POINT('',(-47.79786958967,4.5,51.177984873614));
#375 = CARTESIAN_POINT('',(-47.55488702252,4.5,51.089432873895));
#376 = CARTESIAN_POINT('',(-47.31235983933,4.5,50.99928756387));
#377 = CARTESIAN_POINT('',(-47.07032396449,4.5,50.907384542624));
#378 = CARTESIAN_POINT('',(-46.85711700875,4.5,50.826428100129));
#379 = CARTESIAN_POINT('',(-46.64429319413,4.5,50.744108191767));
#380 = CARTESIAN_POINT('',(-46.43190150447,4.5,50.660307282146));
#381 = CARTESIAN_POINT('',(-46.2893533512,4.5,50.604063721358));
#382 = CARTESIAN_POINT('',(-46.14700006443,4.5,50.547152841299));
#383 = CARTESIAN_POINT('',(-46.0048615083,4.5,50.489537360395));
#384 = CARTESIAN_POINT('',(-45.65951742013,4.5,50.34955306437));
#385 = CARTESIAN_POINT('',(-45.31545684214,4.5,50.205417160806));
#386 = CARTESIAN_POINT('',(-44.97373127042,4.5,50.056867211634));
#387 = CARTESIAN_POINT('',(-44.81354740868,4.5,49.987234422959));
#388 = CARTESIAN_POINT('',(-44.65387747189,4.5,49.916631629783));
#389 = CARTESIAN_POINT('',(-44.49483197377,4.5,49.845030181023));
#390 = CARTESIAN_POINT('',(-44.25951140673,4.5,49.739090096442));
#391 = CARTESIAN_POINT('',(-44.02554070431,4.5,49.63095914773));
#392 = CARTESIAN_POINT('',(-43.7929829124,4.5,49.520388126256));
#393 = CARTESIAN_POINT('',(-43.5627972255,4.5,49.410944936582));
#394 = CARTESIAN_POINT('',(-43.33399551466,4.5,49.29911130502));
#395 = CARTESIAN_POINT('',(-43.10668716775,4.5,49.184625746504));
#396 = CARTESIAN_POINT('',(-42.88251634425,4.5,49.07172042525));
#397 = CARTESIAN_POINT('',(-42.65980043167,4.5,48.956237507522));
#398 = CARTESIAN_POINT('',(-42.43868045149,4.5,48.837897254997));
#399 = CARTESIAN_POINT('',(-42.23089871602,4.5,48.72669544037));
#400 = CARTESIAN_POINT('',(-42.02452616421,4.5,48.612970441693));
#401 = CARTESIAN_POINT('',(-41.81972603459,4.5,48.496470627916));
#402 = CARTESIAN_POINT('',(-41.66846495747,4.5,48.410426310719));
#403 = CARTESIAN_POINT('',(-41.51806627392,4.5,48.322870217909));
#404 = CARTESIAN_POINT('',(-41.36859856994,4.5,48.233685004878));
#405 = CARTESIAN_POINT('',(-41.18325637869,4.5,48.123094005148));
#406 = CARTESIAN_POINT('',(-40.99933906625,4.5,48.009995790789));
#407 = CARTESIAN_POINT('',(-40.81699504316,4.5,47.894136310738));
#408 = CARTESIAN_POINT('',(-40.6781285126,4.5,47.805901973498));
#409 = CARTESIAN_POINT('',(-40.54017533881,4.5,47.716065797886));
#410 = CARTESIAN_POINT('',(-40.40322041769,4.5,47.6245076108));
#411 = CARTESIAN_POINT('',(-40.31508123113,4.5,47.565584104683));
#412 = CARTESIAN_POINT('',(-40.22735921972,4.5,47.505949623376));
#413 = CARTESIAN_POINT('',(-40.14006594625,4.5,47.445560015106));
#414 = CARTESIAN_POINT('',(-40.02775935169,4.5,47.367866156437));
#415 = CARTESIAN_POINT('',(-39.91615803039,4.5,47.288920088625));
#416 = CARTESIAN_POINT('',(-39.80528196569,4.5,47.20861063486));
#417 = CARTESIAN_POINT('',(-39.73195018622,4.5,47.155495157066));
#418 = CARTESIAN_POINT('',(-39.65893552431,4.5,47.10178284484));
#419 = CARTESIAN_POINT('',(-39.58624886322,4.5,47.047440994472));
#420 = CARTESIAN_POINT('',(-39.40964144408,4.5,46.915406123128));
#421 = CARTESIAN_POINT('',(-39.23499440786,4.5,46.779669945298));
#422 = CARTESIAN_POINT('',(-39.06304730384,4.5,46.640184681527));
#423 = CARTESIAN_POINT('',(-38.98983821038,4.5,46.580796710039));
#424 = CARTESIAN_POINT('',(-38.91711520074,4.5,46.52072644238));
#425 = CARTESIAN_POINT('',(-38.84494803968,4.5,46.459981931278));
#426 = CARTESIAN_POINT('',(-38.70307646038,4.5,46.340565847886));
#427 = CARTESIAN_POINT('',(-38.56336669669,4.5,46.218551358637));
#428 = CARTESIAN_POINT('',(-38.4263939135,4.5,46.094077876298));
#429 = CARTESIAN_POINT('',(-38.37714647218,4.5,46.04932445614));
#430 = CARTESIAN_POINT('',(-38.32825477059,4.5,46.004255590937));
#431 = CARTESIAN_POINT('',(-38.27973482184,4.5,45.958869797941));
#432 = CARTESIAN_POINT('',(-38.14433920331,4.5,45.83222008635));
#433 = CARTESIAN_POINT('',(-38.01181235021,4.5,45.703083942529));
#434 = CARTESIAN_POINT('',(-37.88227888264,4.5,45.571182932659));
#435 = CARTESIAN_POINT('',(-37.78385288856,4.5,45.470957961773));
#436 = CARTESIAN_POINT('',(-37.68715346283,4.5,45.369133183255));
#437 = CARTESIAN_POINT('',(-37.59226837676,4.5,45.265591801649));
#438 = CARTESIAN_POINT('',(-37.48112982792,4.5,45.144314166019));
#439 = CARTESIAN_POINT('',(-37.3724822633,4.5,45.020684370688));
#440 = CARTESIAN_POINT('',(-37.26650422232,4.5,44.894514892464));
#441 = CARTESIAN_POINT('',(-37.18767343354,4.5,44.800664889225));
#442 = CARTESIAN_POINT('',(-37.11031575277,4.5,44.70540300119));
#443 = CARTESIAN_POINT('',(-37.0345515956,4.5,44.608695540909));
#444 = CARTESIAN_POINT('',(-36.94379747228,4.5,44.492854474315));
#445 = CARTESIAN_POINT('',(-36.85533141478,4.5,44.374941172678));
#446 = CARTESIAN_POINT('',(-36.76936803456,4.5,44.25490457948));
#447 = CARTESIAN_POINT('',(-36.73657387215,4.5,44.209111830035));
#448 = CARTESIAN_POINT('',(-36.70414165344,4.5,44.163006689857));
#449 = CARTESIAN_POINT('',(-36.67209288096,4.5,44.11660025759));
#450 = CARTESIAN_POINT('',(-36.6015356014,4.5,44.014433735703));
#451 = CARTESIAN_POINT('',(-36.53284999969,4.5,43.910819367972));
#452 = CARTESIAN_POINT('',(-36.46631549467,4.5,43.806006244547));
#453 = CARTESIAN_POINT('',(-36.41644806846,4.5,43.727449100464));
#454 = CARTESIAN_POINT('',(-36.36778807063,4.5,43.648218946986));
#455 = CARTESIAN_POINT('',(-36.32043498558,4.5,43.56842812275));
#456 = CARTESIAN_POINT('',(-36.29383685913,4.5,43.523609787668));
#457 = CARTESIAN_POINT('',(-36.26765263046,4.5,43.478617957606));
#458 = CARTESIAN_POINT('',(-36.24189019191,4.5,43.433460168778));
#459 = CARTESIAN_POINT('',(-36.14721082504,4.5,43.267501078885));
#460 = CARTESIAN_POINT('',(-36.05819974309,4.5,43.099260618462));
#461 = CARTESIAN_POINT('',(-35.97491919422,4.5,42.928500561575));
#462 = CARTESIAN_POINT('',(-35.92407240339,4.5,42.824243312888));
#463 = CARTESIAN_POINT('',(-35.87536401466,4.5,42.719049572731));
#464 = CARTESIAN_POINT('',(-35.82881207253,4.5,42.612849469368));
#465 = CARTESIAN_POINT('',(-35.76272613486,4.5,42.46208597616));
#466 = CARTESIAN_POINT('',(-35.70098065183,4.5,42.309288505695));
#467 = CARTESIAN_POINT('',(-35.64364781575,4.5,42.154202210388));
#468 = CARTESIAN_POINT('',(-35.62336834831,4.5,42.099345906544));
#469 = CARTESIAN_POINT('',(-35.60364063143,4.5,42.04420081034));
#470 = CARTESIAN_POINT('',(-35.58447188973,4.5,41.988762516103));
#471 = CARTESIAN_POINT('',(-35.54735741072,4.5,41.88142300266));
#472 = CARTESIAN_POINT('',(-35.51235140618,4.5,41.773008513557));
#473 = CARTESIAN_POINT('',(-35.47958496587,4.5,41.663801317254));
#474 = CARTESIAN_POINT('',(-35.44927903901,4.5,41.56279476077));
#475 = CARTESIAN_POINT('',(-35.42088853012,4.5,41.461110254848));
#476 = CARTESIAN_POINT('',(-35.39448018076,4.5,41.358986357319));
#477 = CARTESIAN_POINT('',(-35.37895323774,4.5,41.298942016175));
#478 = CARTESIAN_POINT('',(-35.36411144065,4.5,41.238748693504));
#479 = CARTESIAN_POINT('',(-35.34996031771,4.5,41.178447815705));
#480 = CARTESIAN_POINT('',(-35.3192859583,4.5,41.047737991031));
#481 = CARTESIAN_POINT('',(-35.29185399309,4.5,40.916501624123));
#482 = CARTESIAN_POINT('',(-35.267637612,4.5,40.784971492239));
#483 = CARTESIAN_POINT('',(-35.24644827855,4.5,40.669882626842));
#484 = CARTESIAN_POINT('',(-35.22772027292,4.5,40.554569096262));
#485 = CARTESIAN_POINT('',(-35.21141032263,4.5,40.439197275362));
#486 = CARTESIAN_POINT('',(-35.18633884661,4.5,40.261848982461));
#487 = CARTESIAN_POINT('',(-35.16697173999,4.5,40.084361997067));
#488 = CARTESIAN_POINT('',(-35.15303003809,4.5,39.906610042978));
#489 = CARTESIAN_POINT('',(-35.14395033958,4.5,39.790846977237));
#490 = CARTESIAN_POINT('',(-35.13717271487,4.5,39.674969290661));
#491 = CARTESIAN_POINT('',(-35.13263156026,4.5,39.558943578879));
#492 = CARTESIAN_POINT('',(-35.12166222929,4.5,39.278679077461));
#493 = CARTESIAN_POINT('',(-35.12374390473,4.5,38.997589923544));
#494 = CARTESIAN_POINT('',(-35.13804444666,4.5,38.715800183864));
#495 = CARTESIAN_POINT('',(-35.15012883551,4.5,38.477679362491));
#496 = CARTESIAN_POINT('',(-35.17093907178,4.5,38.239058007657));
#497 = CARTESIAN_POINT('',(-35.2,4.5,38.));
#498 = ORIENTED_EDGE('',*,*,#499,.T.);
#499 = EDGE_CURVE('',#41,#24,#500,.T.);
#500 = LINE('',#501,#502);
#501 = CARTESIAN_POINT('',(-76.61933922723,4.5,96.768167656034));
#502 = VECTOR('',#503,1.);
#503 = DIRECTION('',(0.,-1.,0.));
#504 = FACE_BOUND('',#505,.F.);
#505 = EDGE_LOOP('',(#506,#613));
#506 = ORIENTED_EDGE('',*,*,#507,.T.);
#507 = EDGE_CURVE('',#508,#510,#512,.T.);
#508 = VERTEX_POINT('',#509);
#509 = CARTESIAN_POINT('',(-37.85162655579,2.418272500404E-16,
    45.539861122834));
#510 = VERTEX_POINT('',#511);
#511 = CARTESIAN_POINT('',(-35.21698213014,0.,40.477964359416));
#512 = B_SPLINE_CURVE_WITH_KNOTS('',3,(#513,#514,#515,#516,#517,#518,
    #519,#520,#521,#522,#523,#524,#525,#526,#527,#528,#529,#530,#531,
    #532,#533,#534,#535,#536,#537,#538,#539,#540,#541,#542,#543,#544,
    #545,#546,#547,#548,#549,#550,#551,#552,#553,#554,#555,#556,#557,
    #558,#559,#560,#561,#562,#563,#564,#565,#566,#567,#568,#569,#570,
    #571,#572,#573,#574,#575,#576,#577,#578,#579,#580,#581,#582,#583,
    #584,#585,#586,#587,#588,#589,#590,#591,#592,#593,#594,#595,#596,
    #597,#598,#599,#600,#601,#602,#603,#604,#605,#606,#607,#608,#609,
    #610,#611,#612),.UNSPECIFIED.,.F.,.F.,(4,3,3,3,3,3,3,3,3,3,3,3,3,3,3
    ,3,3,3,3,3,3,3,3,3,3,3,3,3,3,3,3,3,3,4),(-3.584406244083E-04,0.,
    1.887913470486E-02,2.737714574416E-02,5.66907595092E-02,
    8.192224908234E-02,0.104561790866,0.124772169829,0.127201332651,
    0.168238248003,0.200641321671,0.230191313742,0.257563753344,
    0.265509102356,0.29071448707,0.31249830998,0.337258625014,
    0.348552716109,0.370052827228,0.38874113113,0.411331406768,
    0.43262774861,0.452519054178,0.474009545579,0.496156831309,
    0.519822013872,0.521767349137,0.553799369762,0.57975007918,
    0.582189003124,0.601939585388,0.620768662442,0.638980700066,
    0.652030782998),.UNSPECIFIED.);
#513 = CARTESIAN_POINT('',(-37.85162656213,-1.7763568394E-15,
    45.539861129334));
#514 = CARTESIAN_POINT('',(-37.85162655795,1.194035424411E-03,
    45.539861125046));
#515 = CARTESIAN_POINT('',(-37.85162495078,2.388450022728E-03,
    45.539859477016));
#516 = CARTESIAN_POINT('',(-37.8516217377,3.583243240961E-03,
    45.539856182242));
#517 = CARTESIAN_POINT('',(-37.85145250433,6.651322543211E-02,
    45.539682645882));
#518 = CARTESIAN_POINT('',(-37.84682540535,0.128626880539,
    45.534944187878));
#519 = CARTESIAN_POINT('',(-37.83810350963,0.18984088011,45.525972691488
    ));
#520 = CARTESIAN_POINT('',(-37.8341775476,0.217394963082,45.521934377415
    ));
#521 = CARTESIAN_POINT('',(-37.82942261858,0.244766762845,
    45.517038101906));
#522 = CARTESIAN_POINT('',(-37.82387492446,0.271948679655,
    45.511312864557));
#523 = CARTESIAN_POINT('',(-37.80473833332,0.365711821061,
    45.491563843806));
#524 = CARTESIAN_POINT('',(-37.77657839219,0.455145860498,45.46237919289
    ));
#525 = CARTESIAN_POINT('',(-37.74230103256,0.539715206542,
    45.426321116626));
#526 = CARTESIAN_POINT('',(-37.71279703319,0.612507684127,
    45.395284377773));
#527 = CARTESIAN_POINT('',(-37.67860583659,0.682104542515,
    45.358986279899));
#528 = CARTESIAN_POINT('',(-37.64130712885,0.748312264439,
    45.318778307282));
#529 = CARTESIAN_POINT('',(-37.60783999447,0.807718685236,45.28270076721
    ));
#530 = CARTESIAN_POINT('',(-37.57187253727,0.864396514415,
    45.243474759624));
#531 = CARTESIAN_POINT('',(-37.53450306822,0.918205956231,
    45.202094179921));
#532 = CARTESIAN_POINT('',(-37.50114324414,0.966241787575,
    45.165153626731));
#533 = CARTESIAN_POINT('',(-37.4666661727,1.011991749333,45.126496038941
    ));
#534 = CARTESIAN_POINT('',(-37.43180880684,1.055356389299,45.08684671936
    ));
#535 = CARTESIAN_POINT('',(-37.42761916659,1.060568551396,
    45.082081115845));
#536 = CARTESIAN_POINT('',(-37.42342397476,1.065746253807,
    45.077301208893));
#537 = CARTESIAN_POINT('',(-37.41922446263,1.070889323845,
    45.072508277782));
#538 = CARTESIAN_POINT('',(-37.34828025809,1.157773466765,
    44.991539185664));
#539 = CARTESIAN_POINT('',(-37.27075813339,1.241343768931,
    44.900753159068));
#540 = CARTESIAN_POINT('',(-37.18900058876,1.320351978698,
    44.801205729267));
#541 = CARTESIAN_POINT('',(-37.12444418342,1.382737487438,
    44.722602289572));
#542 = CARTESIAN_POINT('',(-37.05724902576,1.442278619714,
    44.638535479991));
#543 = CARTESIAN_POINT('',(-36.98854265727,1.498360854641,
    44.549535424919));
#544 = CARTESIAN_POINT('',(-36.92588586535,1.549505064432,
    44.468371799864));
#545 = CARTESIAN_POINT('',(-36.8619730344,1.597772670789,44.383105109653
    ));
#546 = CARTESIAN_POINT('',(-36.79761962177,1.642697604809,
    44.294153682523));
#547 = CARTESIAN_POINT('',(-36.73800844164,1.684311999836,
    44.211757126859));
#548 = CARTESIAN_POINT('',(-36.67801950834,1.723058216981,
    44.126198765927));
#549 = CARTESIAN_POINT('',(-36.61825849823,1.758565815679,
    44.037828516935));
#550 = CARTESIAN_POINT('',(-36.60091177688,1.768872542749,
    44.012177443056));
#551 = CARTESIAN_POINT('',(-36.58358395538,1.778906397971,
    43.986289576524));
#552 = CARTESIAN_POINT('',(-36.56628906193,1.788658321581,43.96017379729
    ));
#553 = CARTESIAN_POINT('',(-36.51142370078,1.819594783394,
    43.877325547107));
#554 = CARTESIAN_POINT('',(-36.45712286626,1.847541599881,
    43.792529014066));
#555 = CARTESIAN_POINT('',(-36.40377042436,1.872230556724,
    43.706096227631));
#556 = CARTESIAN_POINT('',(-36.35766043004,1.89356805543,43.631396454757
    ));
#557 = CARTESIAN_POINT('',(-36.31225825426,1.912472151889,
    43.555474743229));
#558 = CARTESIAN_POINT('',(-36.26778258995,1.928769703372,
    43.478544482295));
#559 = CARTESIAN_POINT('',(-36.2172298718,1.947294115301,43.391102645102
    ));
#560 = CARTESIAN_POINT('',(-36.16770281679,1.962513117729,
    43.302059622073));
#561 = CARTESIAN_POINT('',(-36.11950470989,1.974062730302,
    43.211723942723));
#562 = CARTESIAN_POINT('',(-36.0975197792,1.97933093373,43.170518514183)
  );
#563 = CARTESIAN_POINT('',(-36.07581070225,1.983835681009,
    43.129044401043));
#564 = CARTESIAN_POINT('',(-36.05440290229,1.987542428883,
    43.087332265441));
#565 = CARTESIAN_POINT('',(-36.01364972668,1.994598817086,
    43.007926535237));
#566 = CARTESIAN_POINT('',(-35.97390973253,1.998774898687,
    42.927500316158));
#567 = CARTESIAN_POINT('',(-35.93536193604,1.999768616303,
    42.846291849046));
#568 = CARTESIAN_POINT('',(-35.90185546104,2.000632374481,
    42.775703910942));
#569 = CARTESIAN_POINT('',(-35.86922761337,1.999092003431,
    42.704479000843));
#570 = CARTESIAN_POINT('',(-35.83758802138,1.994923630432,
    42.632800470359));
#571 = CARTESIAN_POINT('',(-35.79934232996,1.989884933742,42.54615602315
    ));
#572 = CARTESIAN_POINT('',(-35.76255645273,1.98100886727,42.458879724278
    ));
#573 = CARTESIAN_POINT('',(-35.72739513184,1.967879750531,
    42.371359607999));
#574 = CARTESIAN_POINT('',(-35.69424779353,1.955502647983,
    42.288852499888));
#575 = CARTESIAN_POINT('',(-35.66260729274,1.93937388972,42.206285235218
    ));
#576 = CARTESIAN_POINT('',(-35.63257166933,1.919160344368,
    42.124061994712));
#577 = CARTESIAN_POINT('',(-35.60451766045,1.900280397277,
    42.047263471573));
#578 = CARTESIAN_POINT('',(-35.57786323419,1.877836874524,
    41.970765287625));
#579 = CARTESIAN_POINT('',(-35.55265027692,1.85155832578,41.894912432217
    ));
#580 = CARTESIAN_POINT('',(-35.52541029312,1.823167080978,
    41.812961293751));
#581 = CARTESIAN_POINT('',(-35.50002236936,1.790477822621,
    41.732270846434));
#582 = CARTESIAN_POINT('',(-35.47646405447,1.753304707562,
    41.653374604096));
#583 = CARTESIAN_POINT('',(-35.45218574823,1.714995504421,
    41.572067127713));
#584 = CARTESIAN_POINT('',(-35.42985032895,1.671924184408,
    41.492665309908));
#585 = CARTESIAN_POINT('',(-35.40938121549,1.623887339048,
    41.415774516027));
#586 = CARTESIAN_POINT('',(-35.38750922121,1.572558217769,
    41.333613898384));
#587 = CARTESIAN_POINT('',(-35.36776780104,1.51555960766,41.25432042362)
  );
#588 = CARTESIAN_POINT('',(-35.35000897253,1.452643345685,
    41.178655132001));
#589 = CARTESIAN_POINT('',(-35.34854915386,1.447471476724,
    41.172435261957));
#590 = CARTESIAN_POINT('',(-35.34710270559,1.442259620782,41.16623991931
    ));
#591 = CARTESIAN_POINT('',(-35.34566953198,1.437007640015,41.16006953237
    ));
#592 = CARTESIAN_POINT('',(-35.32207079935,1.350528173315,
    41.058467528186));
#593 = CARTESIAN_POINT('',(-35.30247170001,1.254527353431,40.96534899717
    ));
#594 = CARTESIAN_POINT('',(-35.28622239768,1.149718033866,
    40.882642136759));
#595 = CARTESIAN_POINT('',(-35.27305804167,1.064806868627,
    40.815637256659));
#596 = CARTESIAN_POINT('',(-35.262089134,0.974114320382,40.755467291336)
  );
#597 = CARTESIAN_POINT('',(-35.25299300215,0.87801943781,40.703148148548
    ));
#598 = CARTESIAN_POINT('',(-35.25213812095,0.868988158308,
    40.698231041735));
#599 = CARTESIAN_POINT('',(-35.25129981841,0.859909161106,
    40.693383264465));
#600 = CARTESIAN_POINT('',(-35.25047785248,0.850782760864,
    40.688605649463));
#601 = CARTESIAN_POINT('',(-35.24382151297,0.776876512507,40.64991617809
    ));
#602 = CARTESIAN_POINT('',(-35.23830332114,0.700612954685,
    40.616239644317));
#603 = CARTESIAN_POINT('',(-35.23377361297,0.622459280058,
    40.587850359239));
#604 = CARTESIAN_POINT('',(-35.22945524792,0.547952030501,
    40.560785636329));
#605 = CARTESIAN_POINT('',(-35.22603515702,0.471726924368,
    40.538526346655));
#606 = CARTESIAN_POINT('',(-35.22342633447,0.394188764355,
    40.521292600462));
#607 = CARTESIAN_POINT('',(-35.22090300451,0.319191573395,
    40.504623613811));
#608 = CARTESIAN_POINT('',(-35.21913849582,0.24296597748,40.492656248458
    ));
#609 = CARTESIAN_POINT('',(-35.21809702007,0.165878272392,
    40.485571994478));
#610 = CARTESIAN_POINT('',(-35.2173507365,0.110640032011,40.480495676228
    ));
#611 = CARTESIAN_POINT('',(-35.21698226625,5.529418951825E-02,
    40.477965291169));
#612 = CARTESIAN_POINT('',(-35.21698213014,1.7763568394E-15,
    40.477964359415));
#613 = ORIENTED_EDGE('',*,*,#614,.T.);
#614 = EDGE_CURVE('',#510,#508,#615,.T.);
#615 = B_SPLINE_CURVE_WITH_KNOTS('',3,(#616,#617,#618,#619,#620,#621,
    #622,#623,#624,#625,#626,#627,#628,#629,#630,#631,#632,#633,#634,
    #635,#636,#637,#638,#639,#640,#641,#642,#643),.UNSPECIFIED.,.F.,.F.,
  (4,2,2,2,2,2,2,2,2,2,2,2,2,4),(-0.633775550431,-0.592989334539,
    -0.540252087377,-0.48613002962,-0.424778531957,-0.391559333489,
    -0.371403558725,-0.353557882424,-0.331581619674,-0.290937253127,
    -0.167447227113,-8.589735459532E-02,-3.752170619756E-02,
    -3.584406244083E-04),.UNSPECIFIED.);
#616 = CARTESIAN_POINT('',(-35.21698213014,-2.081668171172E-16,
    40.477964359416));
#617 = CARTESIAN_POINT('',(-35.21698213014,-0.172814281943,
    40.477964359416));
#618 = CARTESIAN_POINT('',(-35.22048681099,-0.345124048927,
    40.502705545002));
#619 = CARTESIAN_POINT('',(-35.23789974772,-0.727929315698,
    40.614971891091));
#620 = CARTESIAN_POINT('',(-35.25429828067,-0.929548443541,
    40.717166798249));
#621 = CARTESIAN_POINT('',(-35.30685094987,-1.294421160976,
    40.990082113746));
#622 = CARTESIAN_POINT('',(-35.34298045889,-1.451696720412,
    41.158734027387));
#623 = CARTESIAN_POINT('',(-35.44686349328,-1.725059962565,
    41.562736711961));
#624 = CARTESIAN_POINT('',(-35.51690179684,-1.82913562866,
    41.798081628638));
#625 = CARTESIAN_POINT('',(-35.6493850727,-1.93434745199,42.173048502796
    ));
#626 = CARTESIAN_POINT('',(-35.70026706998,-1.960582826081,
    42.306366062969));
#627 = CARTESIAN_POINT('',(-35.78851662256,-1.987408391148,
    42.520562992949));
#628 = CARTESIAN_POINT('',(-35.82333152856,-1.994026777175,
    42.601468041093));
#629 = CARTESIAN_POINT('',(-35.89158071668,-2.00035126182,
    42.753464590172));
#630 = CARTESIAN_POINT('',(-35.92472705609,-2.000763615859,
    42.824644696945));
#631 = CARTESIAN_POINT('',(-36.00094032877,-1.996333528642,
    42.982615825897));
#632 = CARTESIAN_POINT('',(-36.04453325384,-1.990253055937,
    43.069215612214));
#633 = CARTESIAN_POINT('',(-36.17255991296,-1.96337075411,
    43.313433840959));
#634 = CARTESIAN_POINT('',(-36.26036395444,-1.93444087847,
    43.469084092785));
#635 = CARTESIAN_POINT('',(-36.62778132212,-1.777444543069,
    44.079047196685));
#636 = CARTESIAN_POINT('',(-36.92796858215,-1.57162747864,
    44.483026866606));
#637 = CARTESIAN_POINT('',(-37.35517991056,-1.160323398768,
    45.003770234783));
#638 = CARTESIAN_POINT('',(-37.51208296619,-0.972310245748,
    45.179125173155));
#639 = CARTESIAN_POINT('',(-37.70110710584,-0.644992806696,
    45.383426264159));
#640 = CARTESIAN_POINT('',(-37.7630915016,-0.508282360337,
    45.448335478206));
#641 = CARTESIAN_POINT('',(-37.83434031628,-0.243520152204,
    45.522215235666));
#642 = CARTESIAN_POINT('',(-37.85162655579,-0.123798064615,
    45.539861122834));
#643 = CARTESIAN_POINT('',(-37.85162655579,-1.353084311262E-15,
    45.539861122834));
#644 = B_SPLINE_SURFACE_WITH_KNOTS('',3,1,(
    (#645,#646)
    ,(#647,#648)
    ,(#649,#650)
    ,(#651,#652
    )),.UNSPECIFIED.,.F.,.F.,.F.,(4,4),(2,2),(0.,0.948566340512),(0.,
    1.08),.PIECEWISE_BEZIER_KNOTS.);
#645 = CARTESIAN_POINT('',(-35.2,4.5,38.));
#646 = CARTESIAN_POINT('',(-35.2,-6.3,38.));
#647 = CARTESIAN_POINT('',(-32.00283175543,4.5,64.300215363866));
#648 = CARTESIAN_POINT('',(-32.00283175543,-6.3,64.300215363866));
#649 = CARTESIAN_POINT('',(-133.2849194736,4.5,47.542279332641));
#650 = CARTESIAN_POINT('',(-133.2849194736,-6.3,47.542279332641));
#651 = CARTESIAN_POINT('',(-76.61933922723,4.5,96.768167656034));
#652 = CARTESIAN_POINT('',(-76.61933922723,-6.3,96.768167656034));
#653 = ADVANCED_FACE('',(#654),#701,.F.);
#654 = FACE_BOUND('',#655,.T.);
#655 = EDGE_LOOP('',(#656,#667,#675,#683,#691,#700));
#656 = ORIENTED_EDGE('',*,*,#657,.T.);
#657 = EDGE_CURVE('',#33,#658,#660,.T.);
#658 = VERTEX_POINT('',#659);
#659 = CARTESIAN_POINT('',(-35.2,4.600780098835,37.994734887577));
#660 = B_SPLINE_CURVE_WITH_KNOTS('',3,(#661,#662,#663,#664,#665,#666),
  .UNSPECIFIED.,.F.,.F.,(4,2,4),(0.,5.04246515142E-03,1.00990821574E-02)
  ,.UNSPECIFIED.);
#661 = CARTESIAN_POINT('',(-35.2,4.5,37.99999857871));
#662 = CARTESIAN_POINT('',(-35.2,4.516808217171,37.99999857871));
#663 = CARTESIAN_POINT('',(-35.20000000079,4.533603472682,
    37.999559075987));
#664 = CARTESIAN_POINT('',(-35.20000000079,4.567219675042,
    37.997803010002));
#665 = CARTESIAN_POINT('',(-35.2,4.584017624249,37.996485185176));
#666 = CARTESIAN_POINT('',(-35.2,4.600780098835,37.994734887577));
#667 = ORIENTED_EDGE('',*,*,#668,.T.);
#668 = EDGE_CURVE('',#658,#669,#671,.T.);
#669 = VERTEX_POINT('',#670);
#670 = CARTESIAN_POINT('',(-35.2,4.600780098835,37.100293546521));
#671 = LINE('',#672,#673);
#672 = CARTESIAN_POINT('',(-35.2,4.600780098835,38.));
#673 = VECTOR('',#674,1.);
#674 = DIRECTION('',(0.,0.,-1.));
#675 = ORIENTED_EDGE('',*,*,#676,.F.);
#676 = EDGE_CURVE('',#677,#669,#679,.T.);
#677 = VERTEX_POINT('',#678);
#678 = CARTESIAN_POINT('',(-35.2,-4.600780098835,37.100293546521));
#679 = LINE('',#680,#681);
#680 = CARTESIAN_POINT('',(-35.2,-4.600780098835,37.100293546521));
#681 = VECTOR('',#682,1.);
#682 = DIRECTION('',(0.,1.,0.));
#683 = ORIENTED_EDGE('',*,*,#684,.F.);
#684 = EDGE_CURVE('',#685,#677,#687,.T.);
#685 = VERTEX_POINT('',#686);
#686 = CARTESIAN_POINT('',(-35.2,-4.60078009847,37.994734959849));
#687 = LINE('',#688,#689);
#688 = CARTESIAN_POINT('',(-35.2,-4.600780098835,38.));
#689 = VECTOR('',#690,1.);
#690 = DIRECTION('',(0.,0.,-1.));
#691 = ORIENTED_EDGE('',*,*,#692,.T.);
#692 = EDGE_CURVE('',#685,#22,#693,.T.);
#693 = B_SPLINE_CURVE_WITH_KNOTS('',3,(#694,#695,#696,#697,#698,#699),
  .UNSPECIFIED.,.F.,.F.,(4,2,4),(2.365742012121E-04,5.292958514784E-03,
    1.033518201425E-02),.UNSPECIFIED.);
#694 = CARTESIAN_POINT('',(-35.2,-4.600780098429,37.994734959453));
#695 = CARTESIAN_POINT('',(-35.2,-4.584017574762,37.996485297829));
#696 = CARTESIAN_POINT('',(-35.20000000093,-4.567219663269,
    37.997803131496));
#697 = CARTESIAN_POINT('',(-35.20000000093,-4.533603532678,
    37.999559208276));
#698 = CARTESIAN_POINT('',(-35.2,-4.516808232345,37.999998715919));
#699 = CARTESIAN_POINT('',(-35.2,-4.5,37.999998715919));
#700 = ORIENTED_EDGE('',*,*,#32,.F.);
#701 = PLANE('',#702);
#702 = AXIS2_PLACEMENT_3D('',#703,#704,#705);
#703 = CARTESIAN_POINT('',(-35.2,16.,5.));
#704 = DIRECTION('',(1.,0.,-3.965082230804E-16));
#705 = DIRECTION('',(-3.965082230804E-16,0.,-1.));
#706 = ADVANCED_FACE('',(#707),#761,.T.);
#707 = FACE_BOUND('',#708,.T.);
#708 = EDGE_LOOP('',(#709,#719,#738,#747,#755));
#709 = ORIENTED_EDGE('',*,*,#710,.F.);
#710 = EDGE_CURVE('',#711,#713,#715,.T.);
#711 = VERTEX_POINT('',#712);
#712 = CARTESIAN_POINT('',(-6.840531079149,-4.64391294708,38.));
#713 = VERTEX_POINT('',#714);
#714 = CARTESIAN_POINT('',(-21.8372240639,-4.64391294708,38.));
#715 = LINE('',#716,#717);
#716 = CARTESIAN_POINT('',(-6.840531079149,-4.64391294708,38.));
#717 = VECTOR('',#718,1.);
#718 = DIRECTION('',(-1.,0.,0.));
#719 = ORIENTED_EDGE('',*,*,#720,.T.);
#720 = EDGE_CURVE('',#711,#721,#723,.T.);
#721 = VERTEX_POINT('',#722);
#722 = CARTESIAN_POINT('',(-5.871872862026,-5.866142651248,
    37.999999999945));
#723 = B_SPLINE_CURVE_WITH_KNOTS('',3,(#724,#725,#726,#727,#728,#729,
    #730,#731,#732,#733,#734,#735,#736,#737),.UNSPECIFIED.,.F.,.F.,(4,2,
    2,2,2,2,4),(-0.178160290753,-0.154142259738,-0.128057811252,
    -8.903871955183E-02,-4.932106270356E-02,-2.382322295403E-02,
    -8.154626829349E-08),.UNSPECIFIED.);
#724 = CARTESIAN_POINT('',(-6.840531079149,-4.64391294708,38.));
#725 = CARTESIAN_POINT('',(-6.760604591679,-4.643912951418,38.));
#726 = CARTESIAN_POINT('',(-6.681087312719,-4.653964365322,38.));
#727 = CARTESIAN_POINT('',(-6.519616362875,-4.695497269937,38.));
#728 = CARTESIAN_POINT('',(-6.43900920329,-4.72849783044,37.999999999997
    ));
#729 = CARTESIAN_POINT('',(-6.251312227224,-4.836734968428,
    37.999999999997));
#730 = CARTESIAN_POINT('',(-6.153166235924,-4.923473615701,38.));
#731 = CARTESIAN_POINT('',(-5.993222840593,-5.131266956421,38.));
#732 = CARTESIAN_POINT('',(-5.933657212607,-5.250855148096,
    38.000000000012));
#733 = CARTESIAN_POINT('',(-5.873996534638,-5.459856968236,
    38.000000000012));
#734 = CARTESIAN_POINT('',(-5.860422696878,-5.54411573614,38.));
#735 = CARTESIAN_POINT('',(-5.853198932575,-5.708354524885,38.));
#736 = CARTESIAN_POINT('',(-5.858314006071,-5.787898248689,38.));
#737 = CARTESIAN_POINT('',(-5.871875180279,-5.866142249451,38.));
#738 = ORIENTED_EDGE('',*,*,#739,.F.);
#739 = EDGE_CURVE('',#740,#721,#742,.T.);
#740 = VERTEX_POINT('',#741);
#741 = CARTESIAN_POINT('',(-13.75436083365,-12.5,38.));
#742 = CIRCLE('',#743,8.);
#743 = AXIS2_PLACEMENT_3D('',#744,#745,#746);
#744 = CARTESIAN_POINT('',(-13.75436083365,-4.5,38.));
#745 = DIRECTION('',(0.,0.,1.));
#746 = DIRECTION('',(1.,0.,-0.));
#747 = ORIENTED_EDGE('',*,*,#748,.T.);
#748 = EDGE_CURVE('',#740,#749,#751,.T.);
#749 = VERTEX_POINT('',#750);
#750 = CARTESIAN_POINT('',(-21.8372240639,-12.5,38.));
#751 = LINE('',#752,#753);
#752 = CARTESIAN_POINT('',(-13.75436083365,-12.5,38.));
#753 = VECTOR('',#754,1.);
#754 = DIRECTION('',(-1.,0.,0.));
#755 = ORIENTED_EDGE('',*,*,#756,.T.);
#756 = EDGE_CURVE('',#749,#713,#757,.T.);
#757 = LINE('',#758,#759);
#758 = CARTESIAN_POINT('',(-21.8372240639,-12.5,38.));
#759 = VECTOR('',#760,1.);
#760 = DIRECTION('',(0.,1.,0.));
#761 = PLANE('',#762);
#762 = AXIS2_PLACEMENT_3D('',#763,#764,#765);
#763 = CARTESIAN_POINT('',(14.353281747604,-24.000025,38.));
#764 = DIRECTION('',(0.,0.,-1.));
#765 = DIRECTION('',(-1.,0.,0.));
#766 = ADVANCED_FACE('',(#767),#806,.T.);
#767 = FACE_BOUND('',#768,.T.);
#768 = EDGE_LOOP('',(#769,#780,#790,#791,#800));
#769 = ORIENTED_EDGE('',*,*,#770,.F.);
#770 = EDGE_CURVE('',#771,#773,#775,.T.);
#771 = VERTEX_POINT('',#772);
#772 = CARTESIAN_POINT('',(-23.15570062859,-4.632767951222,
    37.965699229727));
#773 = VERTEX_POINT('',#774);
#774 = CARTESIAN_POINT('',(-27.21692930468,-4.632813184692,
    37.407666250197));
#775 = B_SPLINE_CURVE_WITH_KNOTS('',3,(#776,#777,#778,#779),
  .UNSPECIFIED.,.F.,.F.,(4,4),(1.851023694239E-05,0.409843836073),
  .PIECEWISE_BEZIER_KNOTS.);
#776 = CARTESIAN_POINT('',(-23.15569871704,-4.632813184692,
    37.965559962107));
#777 = CARTESIAN_POINT('',(-24.55403463204,-4.632813184692,
    37.892511753347));
#778 = CARTESIAN_POINT('',(-25.93049771928,-4.632813184692,
    37.704045640266));
#779 = CARTESIAN_POINT('',(-27.21692930468,-4.632813184692,
    37.407666250197));
#780 = ORIENTED_EDGE('',*,*,#781,.F.);
#781 = EDGE_CURVE('',#713,#771,#782,.T.);
#782 = B_SPLINE_CURVE_WITH_KNOTS('',3,(#783,#784,#785,#786,#787,#788,
    #789),.UNSPECIFIED.,.F.,.F.,(4,3,4),(0.,6.595182502146E-02,
    0.131895839149),.UNSPECIFIED.);
#783 = CARTESIAN_POINT('',(-21.8372240639,-4.64391294708,38.));
#784 = CARTESIAN_POINT('',(-22.05706348064,-4.64391294708,38.));
#785 = CARTESIAN_POINT('',(-22.27699161849,-4.64297657552,
    37.997118144666));
#786 = CARTESIAN_POINT('',(-22.49674790844,-4.641110582125,
    37.991375207514));
#787 = CARTESIAN_POINT('',(-22.71647817192,-4.639244809725,
    37.985632950516));
#788 = CARTESIAN_POINT('',(-22.93621575722,-4.636448114652,
    37.977025608129));
#789 = CARTESIAN_POINT('',(-23.15569769647,-4.632722717752,
    37.965560015421));
#790 = ORIENTED_EDGE('',*,*,#756,.F.);
#791 = ORIENTED_EDGE('',*,*,#792,.F.);
#792 = EDGE_CURVE('',#793,#749,#795,.T.);
#793 = VERTEX_POINT('',#794);
#794 = CARTESIAN_POINT('',(-27.21692930468,-12.5,37.407666250197));
#795 = B_SPLINE_CURVE_WITH_KNOTS('',3,(#796,#797,#798,#799),
  .UNSPECIFIED.,.F.,.F.,(4,4),(0.,0.540497035541),
  .PIECEWISE_BEZIER_KNOTS.);
#796 = CARTESIAN_POINT('',(-27.21692930468,-12.5,37.407666250197));
#797 = CARTESIAN_POINT('',(-25.5275093932,-12.5,37.796889624854));
#798 = CARTESIAN_POINT('',(-23.68281634643,-12.5,38.));
#799 = CARTESIAN_POINT('',(-21.8372240639,-12.5,38.));
#800 = ORIENTED_EDGE('',*,*,#801,.T.);
#801 = EDGE_CURVE('',#793,#773,#802,.T.);
#802 = LINE('',#803,#804);
#803 = CARTESIAN_POINT('',(-27.21692930468,-12.5,37.407666250197));
#804 = VECTOR('',#805,1.);
#805 = DIRECTION('',(0.,1.,0.));
#806 = B_SPLINE_SURFACE_WITH_KNOTS('',3,1,(
    (#807,#808)
    ,(#809,#810)
    ,(#811,#812)
    ,(#813,#814
    )),.UNSPECIFIED.,.F.,.F.,.F.,(4,4),(2,2),(1.570796326795,
    1.985139639446),(0.,0.944062417837),.PIECEWISE_BEZIER_KNOTS.);
#807 = CARTESIAN_POINT('',(-21.8372240639,-12.5,38.));
#808 = CARTESIAN_POINT('',(-21.8372240639,-3.05937582163,38.));
#809 = CARTESIAN_POINT('',(-23.68281634643,-12.5,38.));
#810 = CARTESIAN_POINT('',(-23.68281634643,-3.05937582163,38.));
#811 = CARTESIAN_POINT('',(-25.5275093932,-12.5,37.796889624854));
#812 = CARTESIAN_POINT('',(-25.5275093932,-3.05937582163,37.796889624854
    ));
#813 = CARTESIAN_POINT('',(-27.21692930468,-12.5,37.407666250197));
#814 = CARTESIAN_POINT('',(-27.21692930468,-3.05937582163,
    37.407666250197));
#815 = ADVANCED_FACE('',(#816),#875,.F.);
#816 = FACE_BOUND('',#817,.F.);
#817 = EDGE_LOOP('',(#818,#843,#844,#869));
#818 = ORIENTED_EDGE('',*,*,#819,.F.);
#819 = EDGE_CURVE('',#24,#820,#822,.T.);
#820 = VERTEX_POINT('',#821);
#821 = CARTESIAN_POINT('',(-5.754360825795,-4.5,63.000000369937));
#822 = B_SPLINE_CURVE_WITH_KNOTS('',3,(#823,#824,#825,#826,#827,#828,
    #829,#830,#831,#832,#833,#834,#835,#836,#837,#838,#839,#840,#841,
    #842),.UNSPECIFIED.,.F.,.F.,(4,1,1,1,1,1,1,1,1,1,1,1,1,1,1,1,1,4),(
    4.004977717989E-10,4.992990625307E-03,9.985981250613E-03,
    1.497897187592E-02,1.997196250123E-02,2.496495312653E-02,
    2.995794375184E-02,3.495093437715E-02,3.74474296898E-02,
    3.994392500245E-02,4.493691562776E-02,4.992990625307E-02,
    5.492289687837E-02,5.991588750368E-02,6.490887812899E-02,
    6.990186875429E-02,7.48948593796E-02,7.98878498489E-02),
  .UNSPECIFIED.);
#823 = CARTESIAN_POINT('',(-76.61933882616,-4.5,96.768167631133));
#824 = CARTESIAN_POINT('',(-74.95259549079,-4.5,96.664690326357));
#825 = CARTESIAN_POINT('',(-71.62780771245,-4.5,96.398785797414));
#826 = CARTESIAN_POINT('',(-66.67157954548,-4.5,95.780552228412));
#827 = CARTESIAN_POINT('',(-61.75784244836,-4.5,94.890585893891));
#828 = CARTESIAN_POINT('',(-56.88293233825,-4.5,93.654538490087));
#829 = CARTESIAN_POINT('',(-52.19217873466,-4.5,92.041225147979));
#830 = CARTESIAN_POINT('',(-47.68957963778,-4.5,90.016944339766));
#831 = CARTESIAN_POINT('',(-44.09362348605,-4.5,87.993611289506));
#832 = CARTESIAN_POINT('',(-41.29447609859,-4.5,86.208903215037));
#833 = CARTESIAN_POINT('',(-38.53553410581,-4.5,84.331587778987));
#834 = CARTESIAN_POINT('',(-35.16878800349,-4.5,81.870748795422));
#835 = CARTESIAN_POINT('',(-31.17217393493,-4.5,78.858284785715));
#836 = CARTESIAN_POINT('',(-27.14884013472,-4.5,75.883630754458));
#837 = CARTESIAN_POINT('',(-23.05059483733,-4.5,73.007405982926));
#838 = CARTESIAN_POINT('',(-18.86540737372,-4.5,70.270775774449));
#839 = CARTESIAN_POINT('',(-14.58925722838,-4.5,67.68834438565));
#840 = CARTESIAN_POINT('',(-10.22188797511,-4.5,65.259349841117));
#841 = CARTESIAN_POINT('',(-7.251263105029,-4.5,63.73728773873));
#842 = CARTESIAN_POINT('',(-5.754360973966,-4.5,63.000000069109));
#843 = ORIENTED_EDGE('',*,*,#499,.F.);
#844 = ORIENTED_EDGE('',*,*,#845,.F.);
#845 = EDGE_CURVE('',#846,#41,#848,.T.);
#846 = VERTEX_POINT('',#847);
#847 = CARTESIAN_POINT('',(-5.754360825795,4.5,63.000000369937));
#848 = B_SPLINE_CURVE_WITH_KNOTS('',3,(#849,#850,#851,#852,#853,#854,
    #855,#856,#857,#858,#859,#860,#861,#862,#863,#864,#865,#866,#867,
    #868),.UNSPECIFIED.,.F.,.F.,(4,1,1,1,1,1,1,1,1,1,1,1,1,1,1,1,1,4),(
    1.564034660588E-10,5.005734859422E-03,1.001146971884E-02,
    1.501720457826E-02,2.002293943769E-02,2.502867429711E-02,
    3.003440915653E-02,3.504014401595E-02,4.004587887537E-02,
    4.254874630508E-02,4.505161373479E-02,5.005734859422E-02,
    5.506308345364E-02,6.006881831306E-02,6.507455317248E-02,
    7.00802880319E-02,7.508602289132E-02,8.009175734924E-02),
  .UNSPECIFIED.);
#849 = CARTESIAN_POINT('',(-5.754360973966,4.5,63.000000069109));
#850 = CARTESIAN_POINT('',(-7.251263105029,4.5,63.73728773873));
#851 = CARTESIAN_POINT('',(-10.22188797511,4.5,65.259349841117));
#852 = CARTESIAN_POINT('',(-14.58925722838,4.5,67.68834438565));
#853 = CARTESIAN_POINT('',(-18.86540737372,4.5,70.270775774449));
#854 = CARTESIAN_POINT('',(-23.05059483733,4.5,73.007405982926));
#855 = CARTESIAN_POINT('',(-27.14884013472,4.5,75.883630754458));
#856 = CARTESIAN_POINT('',(-31.17217393493,4.5,78.858284785714));
#857 = CARTESIAN_POINT('',(-35.16878800349,4.5,81.870748795422));
#858 = CARTESIAN_POINT('',(-38.53553410581,4.5,84.331587778987));
#859 = CARTESIAN_POINT('',(-41.29447609859,4.5,86.208903215037));
#860 = CARTESIAN_POINT('',(-44.09362348605,4.5,87.993611289506));
#861 = CARTESIAN_POINT('',(-47.68957963778,4.5,90.016944339766));
#862 = CARTESIAN_POINT('',(-52.19217873466,4.5,92.041225147979));
#863 = CARTESIAN_POINT('',(-56.88293233825,4.5,93.654538490087));
#864 = CARTESIAN_POINT('',(-61.75784244836,4.5,94.890585893891));
#865 = CARTESIAN_POINT('',(-66.67157954548,4.5,95.780552228412));
#866 = CARTESIAN_POINT('',(-71.62780771245,4.5,96.398785797415));
#867 = CARTESIAN_POINT('',(-74.9525954908,4.5,96.664690326357));
#868 = CARTESIAN_POINT('',(-76.61933882616,4.5,96.768167631134));
#869 = ORIENTED_EDGE('',*,*,#870,.T.);
#870 = EDGE_CURVE('',#846,#820,#871,.T.);
#871 = LINE('',#872,#873);
#872 = CARTESIAN_POINT('',(-5.754360833654,4.5,63.));
#873 = VECTOR('',#874,1.);
#874 = DIRECTION('',(0.,-1.,0.));
#875 = B_SPLINE_SURFACE_WITH_KNOTS('',3,1,(
    (#876,#877)
    ,(#878,#879)
    ,(#880,#881)
    ,(#882,#883
    )),.UNSPECIFIED.,.F.,.F.,.F.,(4,4),(2,2),(-5.400498474302E-17,1.),(
    0.,1.08),.PIECEWISE_BEZIER_KNOTS.);
#876 = CARTESIAN_POINT('',(-76.61933922723,4.5,96.768167656034));
#877 = CARTESIAN_POINT('',(-76.61933922723,-6.3,96.768167656034));
#878 = CARTESIAN_POINT('',(-39.44846751427,4.5,94.460468946774));
#879 = CARTESIAN_POINT('',(-39.44846751427,-6.3,94.460468946774));
#880 = CARTESIAN_POINT('',(-39.41619753664,4.5,79.579879579917));
#881 = CARTESIAN_POINT('',(-39.41619753664,-6.3,79.579879579917));
#882 = CARTESIAN_POINT('',(-5.754360833654,4.5,63.));
#883 = CARTESIAN_POINT('',(-5.754360833654,-6.3,63.));
#884 = ADVANCED_FACE('',(#885),#1059,.T.);
#885 = FACE_BOUND('',#886,.T.);
#886 = EDGE_LOOP('',(#887,#906,#907,#926));
#887 = ORIENTED_EDGE('',*,*,#888,.F.);
#888 = EDGE_CURVE('',#41,#889,#891,.T.);
#889 = VERTEX_POINT('',#890);
#890 = CARTESIAN_POINT('',(-73.83688604734,12.5,88.536738326007));
#891 = B_SPLINE_CURVE_WITH_KNOTS('',3,(#892,#893,#894,#895,#896,#897,
    #898,#899,#900,#901,#902,#903,#904,#905),.UNSPECIFIED.,.F.,.F.,(4,2,
    2,2,2,2,4),(0.,0.163175332897,0.338086421615,0.657120689746,
    0.983859424184,1.311490128131,1.312873725838),.UNSPECIFIED.);
#892 = CARTESIAN_POINT('',(-76.61933836242,4.5,96.76816670595));
#893 = CARTESIAN_POINT('',(-76.61933836242,5.043917796451,96.76816670595
    ));
#894 = CARTESIAN_POINT('',(-76.60010402495,5.585511529392,
    96.711392755576));
#895 = CARTESIAN_POINT('',(-76.52141417493,6.685483405629,
    96.479096344205));
#896 = CARTESIAN_POINT('',(-76.45954434133,7.237121712096,
    96.296429807748));
#897 = CARTESIAN_POINT('',(-76.22983056849,8.720083561054,
    95.618041277802));
#898 = CARTESIAN_POINT('',(-76.01978279315,9.570266148174,
    94.997666841171));
#899 = CARTESIAN_POINT('',(-75.50226843852,10.998313817115,
    93.467964403491));
#900 = CARTESIAN_POINT('',(-75.19760188237,11.555608417761,
    92.56694286679));
#901 = CARTESIAN_POINT('',(-74.54037492286,12.308232237301,
    90.621568017233));
#902 = CARTESIAN_POINT('',(-74.19145545272,12.498397210425,
    89.58796755301));
#903 = CARTESIAN_POINT('',(-73.83984410905,12.499996637086,
    88.545505614944));
#904 = CARTESIAN_POINT('',(-73.83836564331,12.499999999764,
    88.541122225079));
#905 = CARTESIAN_POINT('',(-73.83688702629,12.5,88.536738371604));
#906 = ORIENTED_EDGE('',*,*,#845,.F.);
#907 = ORIENTED_EDGE('',*,*,#908,.T.);
#908 = EDGE_CURVE('',#846,#909,#911,.T.);
#909 = VERTEX_POINT('',#910);
#910 = CARTESIAN_POINT('',(-13.75436083281,12.5,58.108931209943));
#911 = B_SPLINE_CURVE_WITH_KNOTS('',3,(#912,#913,#914,#915,#916,#917,
    #918,#919,#920,#921,#922,#923,#924,#925),.UNSPECIFIED.,.F.,.F.,(4,2,
    2,2,2,2,4),(0.,0.172029984421,0.358525455705,0.684699811944,
    1.038429757699,1.363325660077,1.364792455256),.UNSPECIFIED.);
#912 = CARTESIAN_POINT('',(-5.754360833654,4.5,63.00000076189));
#913 = CARTESIAN_POINT('',(-5.754360833654,5.073433281428,63.00000076189
    ));
#914 = CARTESIAN_POINT('',(-5.815997060454,5.642659773263,
    62.961642991894));
#915 = CARTESIAN_POINT('',(-6.067552419483,6.800635157865,
    62.805246311411));
#916 = CARTESIAN_POINT('',(-6.265894863797,7.378250179737,
    62.682001553616));
#917 = CARTESIAN_POINT('',(-6.972768890591,8.872142985012,
    62.243682021697));
#918 = CARTESIAN_POINT('',(-7.591847267406,9.697199523283,
    61.860631049544));
#919 = CARTESIAN_POINT('',(-9.112247559631,11.103948149072,
    60.925263355943));
#920 = CARTESIAN_POINT('',(-10.02365174199,11.65129066825,
    60.367215923387));
#921 = CARTESIAN_POINT('',(-11.87638438473,12.33369128378,
    59.240670553131));
#922 = CARTESIAN_POINT('',(-12.80833222148,12.498515039514,
    58.677259390721));
#923 = CARTESIAN_POINT('',(-13.74593288196,12.499996670427,
    58.113994107359));
#924 = CARTESIAN_POINT('',(-13.75014684189,12.5,58.111462633359));
#925 = CARTESIAN_POINT('',(-13.75436083317,12.5,58.108931210533));
#926 = ORIENTED_EDGE('',*,*,#927,.F.);
#927 = EDGE_CURVE('',#889,#909,#928,.T.);
#928 = B_SPLINE_CURVE_WITH_KNOTS('',3,(#929,#930,#931,#932,#933,#934,
    #935,#936,#937,#938,#939,#940,#941,#942,#943,#944,#945,#946,#947,
    #948,#949,#950,#951,#952,#953,#954,#955,#956,#957,#958,#959,#960,
    #961,#962,#963,#964,#965,#966,#967,#968,#969,#970,#971,#972,#973,
    #974,#975,#976,#977,#978,#979,#980,#981,#982,#983,#984,#985,#986,
    #987,#988,#989,#990,#991,#992,#993,#994,#995,#996,#997,#998,#999,
    #1000,#1001,#1002,#1003,#1004,#1005,#1006,#1007,#1008,#1009,#1010,
    #1011,#1012,#1013,#1014,#1015,#1016,#1017,#1018,#1019,#1020,#1021,
    #1022,#1023,#1024,#1025,#1026,#1027,#1028,#1029,#1030,#1031,#1032,
    #1033,#1034,#1035,#1036,#1037,#1038,#1039,#1040,#1041,#1042,#1043,
    #1044,#1045,#1046,#1047,#1048,#1049,#1050,#1051,#1052,#1053,#1054,
    #1055,#1056,#1057,#1058),.UNSPECIFIED.,.F.,.F.,(4,3,3,3,3,3,3,3,3,3,
    3,3,3,3,3,3,3,3,3,3,3,3,3,3,3,3,3,3,3,3,3,3,3,3,3,3,3,3,3,3,3,3,3,4)
  ,(4.388541835721E-17,1.08747895513E-03,3.501665576672E-03,
    4.282873141071E-03,5.919110525844E-03,8.340624558344E-03,
    8.565746282142E-03,1.044797747373E-02,1.070718285268E-02,
    1.076651060027E-02,1.198097875525E-02,1.284861942321E-02,
    1.319761994681E-02,1.475005666907E-02,1.499005599375E-02,
    1.562979710258E-02,1.713149256428E-02,1.806250682751E-02,
    2.049500517309E-02,2.141436570536E-02,2.382850167089E-02,
    2.536005494728E-02,2.569723884643E-02,2.866740611124E-02,
    2.99801119875E-02,3.022515113253E-02,3.265811006778E-02,
    3.426298512857E-02,3.508991380361E-02,3.854585826964E-02,
    3.995533836183E-02,4.238785833445E-02,4.387402344668E-02,
    4.482037830708E-02,4.711160455178E-02,4.968515843277E-02,
    5.139447769285E-02,5.455044111584E-02,5.941387117064E-02,
    5.996022397499E-02,6.184498445433E-02,6.427595814282E-02,
    6.670667182013E-02,6.852597001687E-02),.UNSPECIFIED.);
#929 = CARTESIAN_POINT('',(-73.83688515738,12.5,88.536737864285));
#930 = CARTESIAN_POINT('',(-73.47490228948,12.5,88.504428137683));
#931 = CARTESIAN_POINT('',(-73.11320573643,12.5,88.470371094864));
#932 = CARTESIAN_POINT('',(-72.75180875669,12.5,88.434472387661));
#933 = CARTESIAN_POINT('',(-71.94951299784,12.5,88.354777807594));
#934 = CARTESIAN_POINT('',(-71.14869372873,12.5,88.266006036794));
#935 = CARTESIAN_POINT('',(-70.34950578376,12.5,88.166975736593));
#936 = CARTESIAN_POINT('',(-70.09089625357,12.5,88.134930484196));
#937 = CARTESIAN_POINT('',(-69.83245753005,12.5,88.101811150456));
#938 = CARTESIAN_POINT('',(-69.5741961755,12.5,88.067570512758));
#939 = CARTESIAN_POINT('',(-69.03326838291,12.5,87.995853578574));
#940 = CARTESIAN_POINT('',(-68.49311084456,12.5,87.919217973166));
#941 = CARTESIAN_POINT('',(-67.95383818904,12.499999999999,
    87.837238641319));
#942 = CARTESIAN_POINT('',(-67.1557533177,12.499999999997,
    87.715915107039));
#943 = CARTESIAN_POINT('',(-66.35960665739,12.499999999994,
    87.582885430926));
#944 = CARTESIAN_POINT('',(-65.56573588101,12.499999999997,
    87.436539593669));
#945 = CARTESIAN_POINT('',(-65.49193182485,12.499999999998,
    87.422934210132));
#946 = CARTESIAN_POINT('',(-65.41814743657,12.499999999998,
    87.409213769731));
#947 = CARTESIAN_POINT('',(-65.34438318223,12.499999999998,
    87.395376822313));
#948 = CARTESIAN_POINT('',(-64.72764403325,12.500000000001,
    87.279686814325));
#949 = CARTESIAN_POINT('',(-64.11230557584,12.499999999996,
    87.155872131831));
#950 = CARTESIAN_POINT('',(-63.49805009158,12.499999999998,
    87.022933504425));
#951 = CARTESIAN_POINT('',(-63.41345988487,12.499999999998,
    87.004626291449));
#952 = CARTESIAN_POINT('',(-63.32889022816,12.499999999998,
    86.986145966699));
#953 = CARTESIAN_POINT('',(-63.24434030385,12.499999999998,
    86.96748984019));
#954 = CARTESIAN_POINT('',(-63.22498824955,12.499999999999,
    86.963219766903));
#955 = CARTESIAN_POINT('',(-63.20563795538,12.499999999999,
    86.958940671171));
#956 = CARTESIAN_POINT('',(-63.18628943681,12.499999999999,
    86.954652528114));
#957 = CARTESIAN_POINT('',(-62.79021575101,12.5,86.866872131959));
#958 = CARTESIAN_POINT('',(-62.39488596221,12.499999999998,
    86.775299668159));
#959 = CARTESIAN_POINT('',(-62.00019899614,12.499999999996,
    86.679629269323));
#960 = CARTESIAN_POINT('',(-61.71822662703,12.499999999995,
    86.611280397095));
#961 = CARTESIAN_POINT('',(-61.43658289105,12.499999999994,
    86.540840296519));
#962 = CARTESIAN_POINT('',(-61.15589410365,12.499999999997,
    86.468383956433));
#963 = CARTESIAN_POINT('',(-61.04298960598,12.499999999998,
    86.43923905629));
#964 = CARTESIAN_POINT('',(-60.93017535905,12.499999999998,
    86.409752165032));
#965 = CARTESIAN_POINT('',(-60.81749541538,12.499999999999,
    86.379928102906));
#966 = CARTESIAN_POINT('',(-60.31626842404,12.500000000001,86.2472636336
    ));
#967 = CARTESIAN_POINT('',(-59.81770076722,12.500000000001,
    86.107924017365));
#968 = CARTESIAN_POINT('',(-59.3223802317,12.499999999999,
    85.961652701065));
#969 = CARTESIAN_POINT('',(-59.24580603558,12.499999999998,
    85.939039852097));
#970 = CARTESIAN_POINT('',(-59.16930940126,12.499999999998,
    85.916261429424));
#971 = CARTESIAN_POINT('',(-59.09289245207,12.499999999997,
    85.893316588037));
#972 = CARTESIAN_POINT('',(-58.88919577968,12.499999999995,
    85.832154923143));
#973 = CARTESIAN_POINT('',(-58.68608213142,12.499999999988,
    85.769820703439));
#974 = CARTESIAN_POINT('',(-58.48355072494,12.499999999961,
    85.706282204186));
#975 = CARTESIAN_POINT('',(-58.00813889075,12.499999999899,
    85.557135190413));
#976 = CARTESIAN_POINT('',(-57.53593433319,12.499999999701,
    85.401353458392));
#977 = CARTESIAN_POINT('',(-57.06693561582,12.499999999825,
    85.238612699022));
#978 = CARTESIAN_POINT('',(-56.77616794258,12.499999999901,
    85.137717429611));
#979 = CARTESIAN_POINT('',(-56.48662010717,12.499999999935,
    85.034163469019));
#980 = CARTESIAN_POINT('',(-56.19832447219,12.49999999995,
    84.927897984861));
#981 = CARTESIAN_POINT('',(-55.44508289166,12.499999999989,
    84.650253887863));
#982 = CARTESIAN_POINT('',(-54.70039043822,12.500000000465,
    84.354098953726));
#983 = CARTESIAN_POINT('',(-53.96461481815,12.499999998891,
    84.038774837945));
#984 = CARTESIAN_POINT('',(-53.68652909327,12.499999998296,
    83.919598375833));
#985 = CARTESIAN_POINT('',(-53.4097169411,12.499999997324,
    83.797683806213));
#986 = CARTESIAN_POINT('',(-53.13415927902,12.499999995311,
    83.673085173113));
#987 = CARTESIAN_POINT('',(-52.41057626751,12.499999990025,
    83.345903364815));
#988 = CARTESIAN_POINT('',(-51.69577428673,12.49999999441,
    82.999892558495));
#989 = CARTESIAN_POINT('',(-50.98921733939,12.499999997416,
    82.63617048691));
#990 = CARTESIAN_POINT('',(-50.54097017224,12.499999999323,
    82.405421374854));
#991 = CARTESIAN_POINT('',(-50.09604049537,12.499999999879,
    82.167543251536));
#992 = CARTESIAN_POINT('',(-49.65428296086,12.499999999951,
    81.922814741443));
#993 = CARTESIAN_POINT('',(-49.55702644994,12.499999999967,
    81.868935771291));
#994 = CARTESIAN_POINT('',(-49.45992366944,12.499999999971,
    81.814724745592));
#995 = CARTESIAN_POINT('',(-49.36297038996,12.499999999965,
    81.760189559246));
#996 = CARTESIAN_POINT('',(-48.50893359377,12.499999999918,
    81.27980296404));
#997 = CARTESIAN_POINT('',(-47.66665046482,12.499999999847,
    80.774021042016));
#998 = CARTESIAN_POINT('',(-46.83385186652,12.499999999875,
    80.24808681937));
#999 = CARTESIAN_POINT('',(-46.46578518331,12.499999999887,
    80.015643026467));
#1000 = CARTESIAN_POINT('',(-46.09957080624,12.499999999917,
    79.77926358744));
#1001 = CARTESIAN_POINT('',(-45.73501164841,12.499999999949,
    79.53940387303));
#1002 = CARTESIAN_POINT('',(-45.66696040711,12.499999999955,
    79.494629929065));
#1003 = CARTESIAN_POINT('',(-45.59896457333,12.49999999996,
    79.449733493642));
#1004 = CARTESIAN_POINT('',(-45.53102254422,12.499999999964,
    79.404717300192));
#1005 = CARTESIAN_POINT('',(-44.85643576841,12.500000000007,
    78.957757896742));
#1006 = CARTESIAN_POINT('',(-44.18715224367,12.500000000003,
    78.498993504783));
#1007 = CARTESIAN_POINT('',(-43.52308717989,12.499999999989,
    78.032885291891));
#1008 = CARTESIAN_POINT('',(-43.08504383926,12.499999999981,
    77.725422047995));
#1009 = CARTESIAN_POINT('',(-42.64927158166,12.499999999965,
    77.414763062722));
#1010 = CARTESIAN_POINT('',(-42.21508100491,12.499999999862,
    77.101674819158));
#1011 = CARTESIAN_POINT('',(-41.99135976509,12.499999999809,
    76.940352824226));
#1012 = CARTESIAN_POINT('',(-41.76813577111,12.499999999776,
    76.778433064553));
#1013 = CARTESIAN_POINT('',(-41.5453104989,12.499999999775,
    76.616020869917));
#1014 = CARTESIAN_POINT('',(-40.61406722531,12.499999999767,
    75.937259155383));
#1015 = CARTESIAN_POINT('',(-39.68978558247,12.5,75.249900959548));
#1016 = CARTESIAN_POINT('',(-38.7670928884,12.5,74.5600068531));
#1017 = CARTESIAN_POINT('',(-38.39077984394,12.5,74.278638903379));
#1018 = CARTESIAN_POINT('',(-38.01473287013,12.5,73.996836913829));
#1019 = CARTESIAN_POINT('',(-37.63865265175,12.5,73.715049125257));
#1020 = CARTESIAN_POINT('',(-36.98960294358,12.5,73.228731916846));
#1021 = CARTESIAN_POINT('',(-36.34045414789,12.5,72.742457102649));
#1022 = CARTESIAN_POINT('',(-35.69025779752,12.5,72.25768067053));
#1023 = CARTESIAN_POINT('',(-35.29301578393,12.5,71.961503114435));
#1024 = CARTESIAN_POINT('',(-34.89538763362,12.5,71.665888464507));
#1025 = CARTESIAN_POINT('',(-34.49713301247,12.5,71.371150569098));
#1026 = CARTESIAN_POINT('',(-34.24353387109,12.5,71.183468435014));
#1027 = CARTESIAN_POINT('',(-33.98967973083,12.5,70.99614108383));
#1028 = CARTESIAN_POINT('',(-33.73550634495,12.5,70.809247979381));
#1029 = CARTESIAN_POINT('',(-33.12012541671,12.5,70.356759802075));
#1030 = CARTESIAN_POINT('',(-32.50287328094,12.5,69.906816890816));
#1031 = CARTESIAN_POINT('',(-31.8832129378,12.5,69.460044568771));
#1032 = CARTESIAN_POINT('',(-31.18719730659,12.5,68.958220427233));
#1033 = CARTESIAN_POINT('',(-30.48819164988,12.500000000008,
    68.460432377847));
#1034 = CARTESIAN_POINT('',(-29.78562809492,12.499999999992,
    67.967715696187));
#1035 = CARTESIAN_POINT('',(-29.31899499863,12.499999999982,
    67.640460020699));
#1036 = CARTESIAN_POINT('',(-28.8507924705,12.499999999966,
    67.315441437695));
#1037 = CARTESIAN_POINT('',(-28.381057008,12.499999999832,
    66.992878327578));
#1038 = CARTESIAN_POINT('',(-27.51377143253,12.499999999585,
    66.397321136534));
#1039 = CARTESIAN_POINT('',(-26.64088733224,12.499999998912,
    65.809853820287));
#1040 = CARTESIAN_POINT('',(-25.76243947008,12.499999998143,
    65.231692890642));
#1041 = CARTESIAN_POINT('',(-24.40872614652,12.499999996959,
    64.340730333453));
#1042 = CARTESIAN_POINT('',(-23.04180059327,12.499999996192,
    63.471869200867));
#1043 = CARTESIAN_POINT('',(-21.66085814816,12.499999997799,
    62.625714320345));
#1044 = CARTESIAN_POINT('',(-21.50572447315,12.49999999798,
    62.530658138456));
#1045 = CARTESIAN_POINT('',(-21.35041389754,12.499999998178,
    62.435888499828));
#1046 = CARTESIAN_POINT('',(-21.19492704148,12.499999998384,
    62.341405306225));
#1047 = CARTESIAN_POINT('',(-20.65854198218,12.499999999095,
    62.015465386369));
#1048 = CARTESIAN_POINT('',(-20.1200831101,12.499999999431,
    61.692976474321));
#1049 = CARTESIAN_POINT('',(-19.57956421617,12.499999999636,
    61.373928657303));
#1050 = CARTESIAN_POINT('',(-18.88240018727,12.499999999901,
    60.962419154082));
#1051 = CARTESIAN_POINT('',(-18.18180914265,12.499999999948,
    60.556634213125));
#1052 = CARTESIAN_POINT('',(-17.47780364837,12.499999999976,
    60.15649394519));
#1053 = CARTESIAN_POINT('',(-16.77387345285,12.500000000003,
    59.756396475311));
#1054 = CARTESIAN_POINT('',(-16.06652953492,12.5,59.361942475899));
#1055 = CARTESIAN_POINT('',(-15.3558167287,12.5,58.973010964144));
#1056 = CARTESIAN_POINT('',(-14.82387479788,12.5,58.681910286758));
#1057 = CARTESIAN_POINT('',(-14.29004560895,12.5,58.393903307893));
#1058 = CARTESIAN_POINT('',(-13.75436083287,12.5,58.10893120983));
#1059 = ( BOUNDED_SURFACE() B_SPLINE_SURFACE(3,2,(
    (#1060,#1061,#1062)
    ,(#1063,#1064,#1065)
    ,(#1066,#1067,#1068)
    ,(#1069,#1070,#1071)
    ,(#1072,#1073,#1074)
    ,(#1075,#1076,#1077)
    ,(#1078,#1079,#1080)
    ,(#1081,#1082,#1083)
    ,(#1084,#1085,#1086)
    ,(#1087,#1088,#1089)
    ,(#1090,#1091,#1092)
    ,(#1093,#1094,#1095)
    ,(#1096,#1097,#1098)
    ,(#1099,#1100,#1101)
    ,(#1102,#1103,#1104)
    ,(#1105,#1106,#1107)
    ,(#1108,#1109,#1110)
    ,(#1111,#1112,#1113)
    ,(#1114,#1115,#1116)
    ,(#1117,#1118,#1119)
    ,(#1120,#1121,#1122)
    ,(#1123,#1124,#1125)
    ,(#1126,#1127,#1128)
    ,(#1129,#1130,#1131)
    ,(#1132,#1133,#1134)
    ,(#1135,#1136,#1137)
    ,(#1138,#1139,#1140)
    ,(#1141,#1142,#1143)
    ,(#1144,#1145,#1146)
    ,(#1147,#1148,#1149)
    ,(#1150,#1151,#1152)
    ,(#1153,#1154,#1155)
    ,(#1156,#1157,#1158)
    ,(#1159,#1160,#1161)
    ,(#1162,#1163,#1164)
    ,(#1165,#1166,#1167)
    ,(#1168,#1169,#1170)
    ,(#1171,#1172,#1173)
    ,(#1174,#1175,#1176)
    ,(#1177,#1178,#1179)
    ,(#1180,#1181,#1182)
    ,(#1183,#1184,#1185)
    ,(#1186,#1187,#1188
)),.UNSPECIFIED.,.F.,.F.,.F.) B_SPLINE_SURFACE_WITH_KNOTS((4,1,1,1,1,1,1
    ,1,1,1,1,1,1,1,1,1,1,1,1,1,1,1,1,1,1,1,1,1,1,1,1,1,1,1,1,1,1,1,1,1,4
    ),(3,3),(2.745489906831E-02,2.77590904176E-02,2.791118609224E-02,
    2.806328176688E-02,2.836747311617E-02,2.867166446545E-02,
    2.928004716402E-02,2.988842986259E-02,3.110519525974E-02,
    3.232196065688E-02,3.475549145116E-02,3.718902224544E-02,
    3.962255303973E-02,4.205608383401E-02,4.692314542257E-02,
    5.179020701114E-02,5.665726859971E-02,6.152433018827E-02,
    6.639139177684E-02,6.882492257112E-02,7.12584533654E-02,
    7.612551495397E-02,8.099257654253E-02,8.342610733682E-02,
    8.58596381311E-02,8.829316892538E-02,8.950993432252E-02,
    9.072669971967E-02,9.316023051395E-02,9.559376130823E-02,
    9.802729210251E-02,0.100460822897,0.101677588294,0.102894353691,
    0.10350273639,0.104111119088,0.104415310438,0.104719501787,
    0.104871597461,0.105023693136,0.105327884485),(0.,1.),
.UNSPECIFIED.) GEOMETRIC_REPRESENTATION_ITEM() RATIONAL_B_SPLINE_SURFACE
((
    (1.,0.707106781187,1.)
    ,(1.,0.707106781187,1.)
    ,(1.,0.707106781187,1.)
    ,(1.,0.707106781187,1.)
    ,(1.,0.707106781187,1.)
    ,(1.,0.707106781187,1.)
    ,(1.,0.707106781187,1.)
    ,(1.,0.707106781187,1.)
    ,(1.,0.707106781187,1.)
    ,(1.,0.707106781187,1.)
    ,(1.,0.707106781187,1.)
    ,(1.,0.707106781187,1.)
    ,(1.,0.707106781187,1.)
    ,(1.,0.707106781187,1.)
    ,(1.,0.707106781187,1.)
    ,(1.,0.707106781187,1.)
    ,(1.,0.707106781187,1.)
    ,(1.,0.707106781187,1.)
    ,(1.,0.707106781187,1.)
    ,(1.,0.707106781187,1.)
    ,(1.,0.707106781187,1.)
    ,(1.,0.707106781187,1.)
    ,(1.,0.707106781187,1.)
    ,(1.,0.707106781187,1.)
    ,(1.,0.707106781187,1.)
    ,(1.,0.707106781187,1.)
    ,(1.,0.707106781187,1.)
    ,(1.,0.707106781187,1.)
    ,(1.,0.707106781187,1.)
    ,(1.,0.707106781187,1.)
    ,(1.,0.707106781187,1.)
    ,(1.,0.707106781187,1.)
    ,(1.,0.707106781187,1.)
    ,(1.,0.707106781187,1.)
    ,(1.,0.707106781187,1.)
    ,(1.,0.707106781187,1.)
    ,(1.,0.707106781187,1.)
    ,(1.,0.707106781187,1.)
    ,(1.,0.707106781187,1.)
    ,(1.,0.707106781187,1.)
    ,(1.,0.707106781187,1.)
    ,(1.,0.707106781187,1.)
,(1.,0.707106781187,1.))) REPRESENTATION_ITEM('') SURFACE() );
#1060 = CARTESIAN_POINT('',(-8.875005350703,12.5,55.6192993221));
#1061 = CARTESIAN_POINT('',(-5.340177779905,12.5,62.795997312452));
#1062 = CARTESIAN_POINT('',(-5.340177779905,4.5,62.795997312452));
#1063 = CARTESIAN_POINT('',(-8.965967427614,12.5,55.664101995669));
#1064 = CARTESIAN_POINT('',(-5.431139856814,12.500000000001,
    62.840799986011));
#1065 = CARTESIAN_POINT('',(-5.431139856815,4.5,62.840799986021));
#1066 = CARTESIAN_POINT('',(-9.102407808214,12.5,55.731311549727));
#1067 = CARTESIAN_POINT('',(-5.566537325234,12.5,62.907495530422));
#1068 = CARTESIAN_POINT('',(-5.566537325233,4.5,62.907495530419));
#1069 = CARTESIAN_POINT('',(-9.284339254726,12.5,55.820902113639));
#1070 = CARTESIAN_POINT('',(-5.751249870897,12.5,62.998456786756));
#1071 = CARTESIAN_POINT('',(-5.751249870897,4.5,62.998456786757));
#1072 = CARTESIAN_POINT('',(-9.466234237762,12.5,55.910566593665));
#1073 = CARTESIAN_POINT('',(-5.922020457329,12.5,63.082638497082));
#1074 = CARTESIAN_POINT('',(-5.922020457329,4.5,63.082638497081));
#1075 = CARTESIAN_POINT('',(-9.693433373446,12.5,56.022991004299));
#1076 = CARTESIAN_POINT('',(-6.139400620092,12.5,63.190201601687));
#1077 = CARTESIAN_POINT('',(-6.139400620092,4.5,63.190201601687));
#1078 = CARTESIAN_POINT('',(-10.05663034904,12.5,56.203521999498));
#1079 = CARTESIAN_POINT('',(-6.484523581325,12.5,63.361750804162));
#1080 = CARTESIAN_POINT('',(-6.484523581325,4.5,63.361750804162));
#1081 = CARTESIAN_POINT('',(-10.51000179104,12.5,56.430452883584));
#1082 = CARTESIAN_POINT('',(-6.915973096928,12.5,63.577707331103));
#1083 = CARTESIAN_POINT('',(-6.915973096928,4.5,63.577707331103));
#1084 = CARTESIAN_POINT('',(-11.23405757296,12.5,56.796252056995));
#1085 = CARTESIAN_POINT('',(-7.604270513418,12.5,63.925442534782));
#1086 = CARTESIAN_POINT('',(-7.604270513418,4.5,63.925442534782));
#1087 = CARTESIAN_POINT('',(-12.13660383261,12.5,57.258641720276));
#1088 = CARTESIAN_POINT('',(-8.461826075182,12.5,64.364783627509));
#1089 = CARTESIAN_POINT('',(-8.461826075182,4.5,64.364783627509));
#1090 = CARTESIAN_POINT('',(-13.57419512423,12.5,58.009080897565));
#1091 = CARTESIAN_POINT('',(-9.826520708187,12.5,65.077173240706));
#1092 = CARTESIAN_POINT('',(-9.826520708187,4.5,65.077173240706));
#1093 = CARTESIAN_POINT('',(-15.3591273869,12.5,58.967458919154));
#1094 = CARTESIAN_POINT('',(-11.51894288516,12.5,65.985892407645));
#1095 = CARTESIAN_POINT('',(-11.51894288516,4.5,65.985892407645));
#1096 = CARTESIAN_POINT('',(-17.4811865897,12.5,60.150816707368));
#1097 = CARTESIAN_POINT('',(-13.52832789054,12.5,67.106430820124));
#1098 = CARTESIAN_POINT('',(-13.52832789054,4.5,67.106430820124));
#1099 = CARTESIAN_POINT('',(-19.58300636457,12.5,61.368135486831));
#1100 = CARTESIAN_POINT('',(-15.51664864783,12.5,68.258020358115));
#1101 = CARTESIAN_POINT('',(-15.51664864783,4.5,68.258020358115));
#1102 = CARTESIAN_POINT('',(-22.35820574054,12.5,63.037046994681));
#1103 = CARTESIAN_POINT('',(-18.14088904965,12.5,69.836158115041));
#1104 = CARTESIAN_POINT('',(-18.14088904965,4.5,69.836158115041));
#1105 = CARTESIAN_POINT('',(-25.7754591882,12.5,65.209214321036));
#1106 = CARTESIAN_POINT('',(-21.3734457729,12.5,71.890844492303));
#1107 = CARTESIAN_POINT('',(-21.3734457729,4.5,71.890844492303));
#1108 = CARTESIAN_POINT('',(-29.79861358217,12.5,67.94982269997));
#1109 = CARTESIAN_POINT('',(-25.19715842554,12.5,74.495256783126));
#1110 = CARTESIAN_POINT('',(-25.19715842554,4.5,74.495256783126));
#1111 = CARTESIAN_POINT('',(-33.74389379819,12.5,70.797733809632));
#1112 = CARTESIAN_POINT('',(-28.99070906258,12.5,77.233098124287));
#1113 = CARTESIAN_POINT('',(-28.99070906258,4.5,77.233098124287));
#1114 = CARTESIAN_POINT('',(-37.63884929477,12.5,73.714729937786));
#1115 = CARTESIAN_POINT('',(-32.81875549197,12.5,80.099420817493));
#1116 = CARTESIAN_POINT('',(-32.81875549197,4.5,80.099420817493));
#1117 = CARTESIAN_POINT('',(-40.88366232684,12.5,76.147155981936));
#1118 = CARTESIAN_POINT('',(-36.12389692924,12.5,82.577871358912));
#1119 = CARTESIAN_POINT('',(-36.12389692924,4.5,82.577871358912));
#1120 = CARTESIAN_POINT('',(-43.51767559766,12.5,78.040090242341));
#1121 = CARTESIAN_POINT('',(-38.91152867117,12.5,84.581786411989));
#1122 = CARTESIAN_POINT('',(-38.91152867117,4.5,84.581786411989));
#1123 = CARTESIAN_POINT('',(-46.195041198,12.5,79.875299883456));
#1124 = CARTESIAN_POINT('',(-41.82366869314,12.5,86.578687047306));
#1125 = CARTESIAN_POINT('',(-41.82366869314,4.5,86.578687047306));
#1126 = CARTESIAN_POINT('',(-49.62178857335,12.5,81.992308749719));
#1127 = CARTESIAN_POINT('',(-45.7106251464,12.5,88.985328921373));
#1128 = CARTESIAN_POINT('',(-45.7106251464,4.5,88.985328921373));
#1129 = CARTESIAN_POINT('',(-53.21107549995,12.5,83.761725543299));
#1130 = CARTESIAN_POINT('',(-49.92999819192,12.5,91.067637738619));
#1131 = CARTESIAN_POINT('',(-49.92999819192,4.5,91.067637738619));
#1132 = CARTESIAN_POINT('',(-56.18970822054,12.5,84.946389515639));
#1133 = CARTESIAN_POINT('',(-53.42487663031,12.5,92.457078392533));
#1134 = CARTESIAN_POINT('',(-53.42487663031,4.5,92.457078392533));
#1135 = CARTESIAN_POINT('',(-58.47543881307,12.5,85.723779498094));
#1136 = CARTESIAN_POINT('',(-56.08481595453,12.5,93.361399291563));
#1137 = CARTESIAN_POINT('',(-56.08481595453,4.5,93.361399291563));
#1138 = CARTESIAN_POINT('',(-60.42081114708,12.5,86.283999188352));
#1139 = CARTESIAN_POINT('',(-58.32087341516,12.5,94.004946085026));
#1140 = CARTESIAN_POINT('',(-58.32087341516,4.5,94.004946085026));
#1141 = CARTESIAN_POINT('',(-61.99994168436,12.5,86.683817532535));
#1142 = CARTESIAN_POINT('',(-60.11694480113,12.5,94.459623703318));
#1143 = CARTESIAN_POINT('',(-60.11694480113,4.5,94.459623703318));
#1144 = CARTESIAN_POINT('',(-63.58114588092,12.5,87.050067205723));
#1145 = CARTESIAN_POINT('',(-61.90280957217,12.5,94.8732103243));
#1146 = CARTESIAN_POINT('',(-61.90280957217,4.5,94.8732103243));
#1147 = CARTESIAN_POINT('',(-65.56433536768,12.5,87.45002697729));
#1148 = CARTESIAN_POINT('',(-64.11957248401,12.5,95.319997658862));
#1149 = CARTESIAN_POINT('',(-64.11957248401,4.5,95.319997658862));
#1150 = CARTESIAN_POINT('',(-67.95257282797,12.5,87.849016448284));
#1151 = CARTESIAN_POINT('',(-66.75507977202,12.5,95.760040568792));
#1152 = CARTESIAN_POINT('',(-66.75507977202,4.5,95.760040568792));
#1153 = CARTESIAN_POINT('',(-70.34840643794,12.5,88.177312875693));
#1154 = CARTESIAN_POINT('',(-69.36889095733,12.5,96.118009313361));
#1155 = CARTESIAN_POINT('',(-69.36889095733,4.5,96.118009313361));
#1156 = CARTESIAN_POINT('',(-72.35043125284,12.5,88.399206911037));
#1157 = CARTESIAN_POINT('',(-71.53124092985,12.5,96.357551210226));
#1158 = CARTESIAN_POINT('',(-71.53124092985,4.5,96.357551210226));
#1159 = CARTESIAN_POINT('',(-73.9549689025,12.5,88.549380385093));
#1160 = CARTESIAN_POINT('',(-73.25301720009,12.5,96.518677905022));
#1161 = CARTESIAN_POINT('',(-73.25301720009,4.5,96.518677905022));
#1162 = CARTESIAN_POINT('',(-74.95894814759,12.5,88.632512618617));
#1163 = CARTESIAN_POINT('',(-74.32591774599,12.5,96.607507068476));
#1164 = CARTESIAN_POINT('',(-74.32591774599,4.5,96.607507068476));
#1165 = CARTESIAN_POINT('',(-75.76277771971,12.5,88.692958027139));
#1166 = CARTESIAN_POINT('',(-75.18266989832,12.5,96.671928624452));
#1167 = CARTESIAN_POINT('',(-75.18266989832,4.5,96.671928624452));
#1168 = CARTESIAN_POINT('',(-76.26543229358,12.5,88.728287344842));
#1169 = CARTESIAN_POINT('',(-75.71706221516,12.5,96.709489985694));
#1170 = CARTESIAN_POINT('',(-75.71706221516,4.5,96.709489985694));
#1171 = CARTESIAN_POINT('',(-76.66770896821,12.5,88.755115555841));
#1172 = CARTESIAN_POINT('',(-76.14505243468,12.5,96.738029947688));
#1173 = CARTESIAN_POINT('',(-76.14505243468,4.5,96.738029947688));
#1174 = CARTESIAN_POINT('',(-76.91919282663,12.5,88.77131160988));
#1175 = CARTESIAN_POINT('',(-76.41038238348,12.5,96.755121292978));
#1176 = CARTESIAN_POINT('',(-76.41038238348,4.5,96.755121292979));
#1177 = CARTESIAN_POINT('',(-77.12042060483,12.5,88.78388677478));
#1178 = CARTESIAN_POINT('',(-76.62713213188,12.5,96.76866509402));
#1179 = CARTESIAN_POINT('',(-76.62713213188,4.5,96.76866509402));
#1180 = CARTESIAN_POINT('',(-77.32165927004,12.5,88.796359821477));
#1181 = CARTESIAN_POINT('',(-76.82449030453,12.5,96.780895981677));
#1182 = CARTESIAN_POINT('',(-76.82449030454,4.5,96.780895981681));
#1183 = CARTESIAN_POINT('',(-77.47258581936,12.5,88.805737583095));
#1184 = CARTESIAN_POINT('',(-76.97687203858,12.5,96.790364552957));
#1185 = CARTESIAN_POINT('',(-76.97687203857,4.5,96.790364552937));
#1186 = CARTESIAN_POINT('',(-77.57320406326,12.5,88.811984318264));
#1187 = CARTESIAN_POINT('',(-77.07749028247,12.5,96.796611288106));
#1188 = CARTESIAN_POINT('',(-77.07749028247,4.5,96.796611288106));
#1189 = ADVANCED_FACE('',(#1190),#1364,.T.);
#1190 = FACE_BOUND('',#1191,.T.);
#1191 = EDGE_LOOP('',(#1192,#1211,#1346,#1363));
#1192 = ORIENTED_EDGE('',*,*,#1193,.T.);
#1193 = EDGE_CURVE('',#24,#1194,#1196,.T.);
#1194 = VERTEX_POINT('',#1195);
#1195 = CARTESIAN_POINT('',(-73.83688609469,-12.5,88.536738135765));
#1196 = B_SPLINE_CURVE_WITH_KNOTS('',3,(#1197,#1198,#1199,#1200,#1201,
    #1202,#1203,#1204,#1205,#1206,#1207,#1208,#1209,#1210),
  .UNSPECIFIED.,.F.,.F.,(4,2,2,2,2,2,4),(-1.315614897753,-1.151926361603
    ,-0.976465159201,-0.656427497184,-0.328661135052,0.,
    1.387949193962E-03),.UNSPECIFIED.);
#1197 = CARTESIAN_POINT('',(-76.6193383624,-4.5,96.768166705949));
#1198 = CARTESIAN_POINT('',(-76.6193383624,-5.04391779777,
    96.768166705949));
#1199 = CARTESIAN_POINT('',(-76.60010402479,-5.585511531978,
    96.711392755302));
#1200 = CARTESIAN_POINT('',(-76.5214141742,-6.68548341166,
    96.479096342622));
#1201 = CARTESIAN_POINT('',(-76.45954434021,-7.237121720408,
    96.296429804829));
#1202 = CARTESIAN_POINT('',(-76.22983056722,-8.720083567543,
    95.618041273224));
#1203 = CARTESIAN_POINT('',(-76.01978279181,-9.5702661513,
    94.997666837803));
#1204 = CARTESIAN_POINT('',(-75.50226843774,-10.99831381941,
    93.46796440104));
#1205 = CARTESIAN_POINT('',(-75.19760188052,-11.55560842122,
    92.566942861176));
#1206 = CARTESIAN_POINT('',(-74.54037492053,-12.3082322386,
    90.621568010502));
#1207 = CARTESIAN_POINT('',(-74.19145545043,-12.4983972105,
    89.587967548756));
#1208 = CARTESIAN_POINT('',(-73.83984410898,-12.49999663708,
    88.545505614532));
#1209 = CARTESIAN_POINT('',(-73.83836548754,-12.5,88.541121763085));
#1210 = CARTESIAN_POINT('',(-73.8368868706,-12.5,88.536737909834));
#1211 = ORIENTED_EDGE('',*,*,#1212,.F.);
#1212 = EDGE_CURVE('',#1213,#1194,#1215,.T.);
#1213 = VERTEX_POINT('',#1214);
#1214 = CARTESIAN_POINT('',(-13.75436083281,-12.5,58.108931209943));
#1215 = B_SPLINE_CURVE_WITH_KNOTS('',3,(#1216,#1217,#1218,#1219,#1220,
    #1221,#1222,#1223,#1224,#1225,#1226,#1227,#1228,#1229,#1230,#1231,
    #1232,#1233,#1234,#1235,#1236,#1237,#1238,#1239,#1240,#1241,#1242,
    #1243,#1244,#1245,#1246,#1247,#1248,#1249,#1250,#1251,#1252,#1253,
    #1254,#1255,#1256,#1257,#1258,#1259,#1260,#1261,#1262,#1263,#1264,
    #1265,#1266,#1267,#1268,#1269,#1270,#1271,#1272,#1273,#1274,#1275,
    #1276,#1277,#1278,#1279,#1280,#1281,#1282,#1283,#1284,#1285,#1286,
    #1287,#1288,#1289,#1290,#1291,#1292,#1293,#1294,#1295,#1296,#1297,
    #1298,#1299,#1300,#1301,#1302,#1303,#1304,#1305,#1306,#1307,#1308,
    #1309,#1310,#1311,#1312,#1313,#1314,#1315,#1316,#1317,#1318,#1319,
    #1320,#1321,#1322,#1323,#1324,#1325,#1326,#1327,#1328,#1329,#1330,
    #1331,#1332,#1333,#1334,#1335,#1336,#1337,#1338,#1339,#1340,#1341,
    #1342,#1343,#1344,#1345),.UNSPECIFIED.,.F.,.F.,(4,3,3,3,3,3,3,3,3,3,
    3,3,3,3,3,3,3,3,3,3,3,3,3,3,3,3,3,3,3,3,3,3,3,3,3,3,3,3,3,3,3,3,3,4)
  ,(2.400107292729E-10,1.817366217647E-03,4.245498310785E-03,
    6.673890138963E-03,8.556648873767E-03,9.10242141408E-03,
    1.396068617354E-02,1.711329774753E-02,1.882080159366E-02,
    2.139162218442E-02,2.368041499015E-02,2.547915362246E-02,
    2.79586399532E-02,2.854028793025E-02,2.994827105819E-02,
    3.340054507483E-02,3.422659549507E-02,3.582976606878E-02,
    3.826014103525E-02,3.850491993195E-02,4.147193267603E-02,
    4.278324436884E-02,4.312007015562E-02,4.553164214384E-02,
    4.706156880572E-02,4.797995291423E-02,5.04098677802E-02,
    5.13398932426E-02,5.283999380102E-02,5.347905546105E-02,
    5.502984338937E-02,5.526958781831E-02,5.561821767949E-02,
    5.648493685372E-02,5.769811516047E-02,5.775737989793E-02,
    5.963761203132E-02,5.989654211637E-02,6.01214247455E-02,
    6.254036696449E-02,6.417486655326E-02,6.495524442179E-02,
    6.736686701203E-02,6.845319099014E-02),.UNSPECIFIED.);
#1216 = CARTESIAN_POINT('',(-13.75436083287,-12.5,58.10893120983));
#1217 = CARTESIAN_POINT('',(-14.29004560895,-12.5,58.393903307893));
#1218 = CARTESIAN_POINT('',(-14.82387479788,-12.5,58.681910286758));
#1219 = CARTESIAN_POINT('',(-15.3558167287,-12.5,58.973010964144));
#1220 = CARTESIAN_POINT('',(-16.06652953492,-12.5,59.361942475899));
#1221 = CARTESIAN_POINT('',(-16.77387345285,-12.5,59.756396475311));
#1222 = CARTESIAN_POINT('',(-17.47780364837,-12.49999999997,
    60.15649394519));
#1223 = CARTESIAN_POINT('',(-18.18180914265,-12.49999999994,
    60.556634213125));
#1224 = CARTESIAN_POINT('',(-18.88240018727,-12.4999999999,
    60.962419154082));
#1225 = CARTESIAN_POINT('',(-19.57956421617,-12.49999999963,
    61.373928657303));
#1226 = CARTESIAN_POINT('',(-20.1200831101,-12.49999999943,
    61.692976474321));
#1227 = CARTESIAN_POINT('',(-20.65854198218,-12.49999999909,
    62.015465386369));
#1228 = CARTESIAN_POINT('',(-21.19492704148,-12.49999999838,
    62.341405306225));
#1229 = CARTESIAN_POINT('',(-21.35041389754,-12.49999999817,
    62.435888499828));
#1230 = CARTESIAN_POINT('',(-21.50572447315,-12.49999999798,
    62.530658138456));
#1231 = CARTESIAN_POINT('',(-21.66085814816,-12.49999999779,
    62.625714320345));
#1232 = CARTESIAN_POINT('',(-23.04180059327,-12.49999999619,
    63.471869200867));
#1233 = CARTESIAN_POINT('',(-24.40872614652,-12.49999999695,
    64.340730333452));
#1234 = CARTESIAN_POINT('',(-25.76243947008,-12.49999999814,
    65.231692890642));
#1235 = CARTESIAN_POINT('',(-26.64088733224,-12.49999999891,
    65.809853820287));
#1236 = CARTESIAN_POINT('',(-27.51377143253,-12.49999999958,
    66.397321136534));
#1237 = CARTESIAN_POINT('',(-28.381057008,-12.49999999983,
    66.992878327578));
#1238 = CARTESIAN_POINT('',(-28.8507924705,-12.49999999996,
    67.315441437695));
#1239 = CARTESIAN_POINT('',(-29.31899499863,-12.49999999998,
    67.640460020699));
#1240 = CARTESIAN_POINT('',(-29.78562809492,-12.49999999999,
    67.967715696187));
#1241 = CARTESIAN_POINT('',(-30.48819164988,-12.5,68.460432377847));
#1242 = CARTESIAN_POINT('',(-31.18719730659,-12.5,68.958220427233));
#1243 = CARTESIAN_POINT('',(-31.8832129378,-12.5,69.460044568771));
#1244 = CARTESIAN_POINT('',(-32.50287328094,-12.5,69.906816890816));
#1245 = CARTESIAN_POINT('',(-33.12012541671,-12.5,70.356759802075));
#1246 = CARTESIAN_POINT('',(-33.73550634495,-12.5,70.809247979381));
#1247 = CARTESIAN_POINT('',(-34.21912786213,-12.5,71.164853765605));
#1248 = CARTESIAN_POINT('',(-34.70159361927,-12.5,71.522031648292));
#1249 = CARTESIAN_POINT('',(-35.1833460929,-12.5,71.880234360942));
#1250 = CARTESIAN_POINT('',(-35.84742182448,-12.5,72.374001889859));
#1251 = CARTESIAN_POINT('',(-36.51014966007,-12.5,72.869722601056));
#1252 = CARTESIAN_POINT('',(-37.17253826718,-12.5,73.365850680658));
#1253 = CARTESIAN_POINT('',(-37.32792407777,-12.5,73.482234421227));
#1254 = CARTESIAN_POINT('',(-37.48329120325,-12.5,73.598640559039));
#1255 = CARTESIAN_POINT('',(-37.63865265175,-12.5,73.715049125257));
#1256 = CARTESIAN_POINT('',(-38.01473287013,-12.5,73.996836913829));
#1257 = CARTESIAN_POINT('',(-38.39077984394,-12.5,74.278638903379));
#1258 = CARTESIAN_POINT('',(-38.7670928884,-12.5,74.5600068531));
#1259 = CARTESIAN_POINT('',(-39.68978558247,-12.5,75.249900959548));
#1260 = CARTESIAN_POINT('',(-40.61406722531,-12.49999999976,
    75.937259155383));
#1261 = CARTESIAN_POINT('',(-41.5453104989,-12.49999999977,
    76.616020869917));
#1262 = CARTESIAN_POINT('',(-41.76813577111,-12.49999999977,
    76.778433064553));
#1263 = CARTESIAN_POINT('',(-41.99135976509,-12.4999999998,
    76.940352824226));
#1264 = CARTESIAN_POINT('',(-42.21508100491,-12.49999999986,
    77.101674819158));
#1265 = CARTESIAN_POINT('',(-42.64927158166,-12.49999999996,
    77.414763062722));
#1266 = CARTESIAN_POINT('',(-43.08504383926,-12.49999999998,
    77.725422047995));
#1267 = CARTESIAN_POINT('',(-43.52308717989,-12.49999999998,
    78.032885291891));
#1268 = CARTESIAN_POINT('',(-44.18715224367,-12.5,78.498993504783));
#1269 = CARTESIAN_POINT('',(-44.85643576841,-12.5,78.957757896742));
#1270 = CARTESIAN_POINT('',(-45.53102254422,-12.49999999996,
    79.404717300192));
#1271 = CARTESIAN_POINT('',(-45.59896457333,-12.49999999996,
    79.449733493642));
#1272 = CARTESIAN_POINT('',(-45.66696040711,-12.49999999995,
    79.494629929065));
#1273 = CARTESIAN_POINT('',(-45.73501164841,-12.49999999994,
    79.53940387303));
#1274 = CARTESIAN_POINT('',(-46.55987401573,-12.49999999987,
    80.082117579718));
#1275 = CARTESIAN_POINT('',(-47.39321139503,-12.49999999985,
    80.607011432983));
#1276 = CARTESIAN_POINT('',(-48.23730214011,-12.49999999989,
    81.108821288079));
#1277 = CARTESIAN_POINT('',(-48.61035954137,-12.49999999991,
    81.330602988164));
#1278 = CARTESIAN_POINT('',(-48.98551719594,-12.49999999994,
    81.547876160651));
#1279 = CARTESIAN_POINT('',(-49.36297038996,-12.49999999996,
    81.760189559246));
#1280 = CARTESIAN_POINT('',(-49.45992366944,-12.49999999997,
    81.814724745592));
#1281 = CARTESIAN_POINT('',(-49.55702644994,-12.49999999996,
    81.868935771291));
#1282 = CARTESIAN_POINT('',(-49.65428296086,-12.49999999995,
    81.922814741444));
#1283 = CARTESIAN_POINT('',(-50.35061051841,-12.49999999983,
    82.308572068441));
#1284 = CARTESIAN_POINT('',(-51.05482154662,-12.49999999677,
    82.677310440106));
#1285 = CARTESIAN_POINT('',(-51.76747827293,-12.49999999375,
    83.027932688468));
#1286 = CARTESIAN_POINT('',(-52.21959520399,-12.49999999183,
    83.250371134692));
#1287 = CARTESIAN_POINT('',(-52.67511059755,-12.49999999195,
    83.465517588865));
#1288 = CARTESIAN_POINT('',(-53.13415927902,-12.49999999531,
    83.673085173113));
#1289 = CARTESIAN_POINT('',(-53.4097169411,-12.49999999732,
    83.797683806213));
#1290 = CARTESIAN_POINT('',(-53.68652909327,-12.49999999829,
    83.919598375833));
#1291 = CARTESIAN_POINT('',(-53.96461481815,-12.49999999889,
    84.038774837945));
#1292 = CARTESIAN_POINT('',(-54.70039043822,-12.50000000046,
    84.354098953726));
#1293 = CARTESIAN_POINT('',(-55.44508289166,-12.49999999998,
    84.650253887863));
#1294 = CARTESIAN_POINT('',(-56.19832447219,-12.49999999995,
    84.927897984861));
#1295 = CARTESIAN_POINT('',(-56.48662010717,-12.49999999993,
    85.034163469019));
#1296 = CARTESIAN_POINT('',(-56.77616794258,-12.4999999999,
    85.137717429611));
#1297 = CARTESIAN_POINT('',(-57.06693561582,-12.49999999982,
    85.238612699022));
#1298 = CARTESIAN_POINT('',(-57.53593433319,-12.4999999997,
    85.401353458392));
#1299 = CARTESIAN_POINT('',(-58.00813889075,-12.49999999989,
    85.557135190413));
#1300 = CARTESIAN_POINT('',(-58.48355072494,-12.49999999996,
    85.706282204186));
#1301 = CARTESIAN_POINT('',(-58.68608213142,-12.49999999998,
    85.769820703439));
#1302 = CARTESIAN_POINT('',(-58.88919577968,-12.49999999999,
    85.832154923143));
#1303 = CARTESIAN_POINT('',(-59.09289245207,-12.49999999999,
    85.893316588037));
#1304 = CARTESIAN_POINT('',(-59.58719583519,-12.5,86.041735398816));
#1305 = CARTESIAN_POINT('',(-60.08483521375,-12.5,86.183187068338));
#1306 = CARTESIAN_POINT('',(-60.58522624709,-12.5,86.317920864665));
#1307 = CARTESIAN_POINT('',(-60.66258431801,-12.49999999999,
    86.338750067982));
#1308 = CARTESIAN_POINT('',(-60.74000810934,-12.49999999999,
    86.359418807693));
#1309 = CARTESIAN_POINT('',(-60.81749541538,-12.49999999999,
    86.379928102906));
#1310 = CARTESIAN_POINT('',(-60.93017535905,-12.49999999999,
    86.409752165032));
#1311 = CARTESIAN_POINT('',(-61.04298960598,-12.49999999999,
    86.43923905629));
#1312 = CARTESIAN_POINT('',(-61.15589410365,-12.49999999999,
    86.468383956433));
#1313 = CARTESIAN_POINT('',(-61.43658289105,-12.49999999999,
    86.540840296519));
#1314 = CARTESIAN_POINT('',(-61.71822662703,-12.49999999999,
    86.611280397095));
#1315 = CARTESIAN_POINT('',(-62.00019899614,-12.49999999999,
    86.679629269323));
#1316 = CARTESIAN_POINT('',(-62.39488596221,-12.49999999999,
    86.775299668159));
#1317 = CARTESIAN_POINT('',(-62.79021575101,-12.5,86.866872131959));
#1318 = CARTESIAN_POINT('',(-63.18628943681,-12.49999999999,
    86.954652528114));
#1319 = CARTESIAN_POINT('',(-63.20563795538,-12.49999999999,
    86.958940671171));
#1320 = CARTESIAN_POINT('',(-63.22498824955,-12.49999999999,
    86.963219766903));
#1321 = CARTESIAN_POINT('',(-63.24434030385,-12.49999999999,
    86.96748984019));
#1322 = CARTESIAN_POINT('',(-63.8583032757,-12.49999999999,
    87.10296211848));
#1323 = CARTESIAN_POINT('',(-64.47330607048,-12.5,87.229168771212));
#1324 = CARTESIAN_POINT('',(-65.08966535836,-12.49999999999,
    87.347116170497));
#1325 = CARTESIAN_POINT('',(-65.17454528355,-12.49999999999,
    87.363358914989));
#1326 = CARTESIAN_POINT('',(-65.25945094569,-12.49999999999,
    87.37944494716));
#1327 = CARTESIAN_POINT('',(-65.34438318223,-12.49999999999,
    87.395376822313));
#1328 = CARTESIAN_POINT('',(-65.41814743657,-12.49999999999,
    87.409213769731));
#1329 = CARTESIAN_POINT('',(-65.49193182485,-12.49999999999,
    87.422934210132));
#1330 = CARTESIAN_POINT('',(-65.56573588101,-12.49999999999,
    87.436539593669));
#1331 = CARTESIAN_POINT('',(-66.35960665739,-12.49999999999,
    87.582885430926));
#1332 = CARTESIAN_POINT('',(-67.1557533177,-12.49999999999,
    87.715915107039));
#1333 = CARTESIAN_POINT('',(-67.95383818904,-12.49999999999,
    87.837238641319));
#1334 = CARTESIAN_POINT('',(-68.49311084456,-12.5,87.919217973166));
#1335 = CARTESIAN_POINT('',(-69.03326838291,-12.5,87.995853578574));
#1336 = CARTESIAN_POINT('',(-69.5741961755,-12.5,88.067570512758));
#1337 = CARTESIAN_POINT('',(-69.83245753005,-12.5,88.101811150456));
#1338 = CARTESIAN_POINT('',(-70.09089625357,-12.5,88.134930484196));
#1339 = CARTESIAN_POINT('',(-70.34950578376,-12.5,88.166975736593));
#1340 = CARTESIAN_POINT('',(-71.14869372873,-12.5,88.266006036794));
#1341 = CARTESIAN_POINT('',(-71.94951299784,-12.5,88.354777807594));
#1342 = CARTESIAN_POINT('',(-72.75180875669,-12.5,88.434472387661));
#1343 = CARTESIAN_POINT('',(-73.11320573643,-12.5,88.470371094864));
#1344 = CARTESIAN_POINT('',(-73.47490228948,-12.5,88.504428137683));
#1345 = CARTESIAN_POINT('',(-73.83688515738,-12.5,88.536737864285));
#1346 = ORIENTED_EDGE('',*,*,#1347,.F.);
#1347 = EDGE_CURVE('',#820,#1213,#1348,.T.);
#1348 = B_SPLINE_CURVE_WITH_KNOTS('',3,(#1349,#1350,#1351,#1352,#1353,
    #1354,#1355,#1356,#1357,#1358,#1359,#1360,#1361,#1362),
  .UNSPECIFIED.,.F.,.F.,(4,2,2,2,2,2,4),(-1.370730872084,-1.197766467858
    ,-1.010258004204,-0.68231195811,-0.326660648078,-5.629607890967E-11,
    1.474762352256E-03),.UNSPECIFIED.);
#1349 = CARTESIAN_POINT('',(-5.754360833654,-4.5,63.00000076189));
#1350 = CARTESIAN_POINT('',(-5.754360833654,-5.073433281428,
    63.00000076189));
#1351 = CARTESIAN_POINT('',(-5.815997060454,-5.642659773263,
    62.961642991894));
#1352 = CARTESIAN_POINT('',(-6.067552419483,-6.800635157865,
    62.805246311411));
#1353 = CARTESIAN_POINT('',(-6.265894863797,-7.378250179737,
    62.682001553616));
#1354 = CARTESIAN_POINT('',(-6.972768890591,-8.872142985012,
    62.243682021697));
#1355 = CARTESIAN_POINT('',(-7.591847267406,-9.697199523283,
    61.860631049544));
#1356 = CARTESIAN_POINT('',(-9.112247559631,-11.10394814907,
    60.925263355943));
#1357 = CARTESIAN_POINT('',(-10.02365174199,-11.65129066825,
    60.367215923387));
#1358 = CARTESIAN_POINT('',(-11.87638438473,-12.33369128378,
    59.240670553131));
#1359 = CARTESIAN_POINT('',(-12.80833222148,-12.49851503951,
    58.67725939072));
#1360 = CARTESIAN_POINT('',(-13.74593288196,-12.49999667042,
    58.113994107359));
#1361 = CARTESIAN_POINT('',(-13.75014684189,-12.5,58.111462633359));
#1362 = CARTESIAN_POINT('',(-13.75436083317,-12.5,58.108931210533));
#1363 = ORIENTED_EDGE('',*,*,#819,.F.);
#1364 = ( BOUNDED_SURFACE() B_SPLINE_SURFACE(3,2,(
    (#1365,#1366,#1367)
    ,(#1368,#1369,#1370)
    ,(#1371,#1372,#1373)
    ,(#1374,#1375,#1376)
    ,(#1377,#1378,#1379)
    ,(#1380,#1381,#1382)
    ,(#1383,#1384,#1385)
    ,(#1386,#1387,#1388)
    ,(#1389,#1390,#1391)
    ,(#1392,#1393,#1394)
    ,(#1395,#1396,#1397)
    ,(#1398,#1399,#1400)
    ,(#1401,#1402,#1403)
    ,(#1404,#1405,#1406)
    ,(#1407,#1408,#1409)
    ,(#1410,#1411,#1412)
    ,(#1413,#1414,#1415)
    ,(#1416,#1417,#1418)
    ,(#1419,#1420,#1421)
    ,(#1422,#1423,#1424)
    ,(#1425,#1426,#1427)
    ,(#1428,#1429,#1430)
    ,(#1431,#1432,#1433)
    ,(#1434,#1435,#1436)
    ,(#1437,#1438,#1439)
    ,(#1440,#1441,#1442)
    ,(#1443,#1444,#1445)
    ,(#1446,#1447,#1448)
    ,(#1449,#1450,#1451)
    ,(#1452,#1453,#1454)
    ,(#1455,#1456,#1457)
    ,(#1458,#1459,#1460)
    ,(#1461,#1462,#1463)
    ,(#1464,#1465,#1466)
    ,(#1467,#1468,#1469)
    ,(#1470,#1471,#1472)
    ,(#1473,#1474,#1475)
    ,(#1476,#1477,#1478)
    ,(#1479,#1480,#1481)
    ,(#1482,#1483,#1484)
    ,(#1485,#1486,#1487)
    ,(#1488,#1489,#1490)
    ,(#1491,#1492,#1493
)),.UNSPECIFIED.,.F.,.F.,.F.) B_SPLINE_SURFACE_WITH_KNOTS((4,1,1,1,1,1,1
    ,1,1,1,1,1,1,1,1,1,1,1,1,1,1,1,1,1,1,1,1,1,1,1,1,1,1,1,1,1,1,1,1,1,4
    ),(3,3),(2.745489906831E-02,2.77590904176E-02,2.791118609224E-02,
    2.806328176688E-02,2.836747311617E-02,2.867166446545E-02,
    2.928004716402E-02,2.988842986259E-02,3.110519525974E-02,
    3.232196065688E-02,3.475549145116E-02,3.718902224544E-02,
    3.962255303973E-02,4.205608383401E-02,4.692314542257E-02,
    5.179020701114E-02,5.665726859971E-02,6.152433018827E-02,
    6.639139177684E-02,6.882492257112E-02,7.12584533654E-02,
    7.612551495397E-02,8.099257654253E-02,8.342610733682E-02,
    8.58596381311E-02,8.829316892538E-02,8.950993432252E-02,
    9.072669971967E-02,9.316023051395E-02,9.559376130823E-02,
    9.802729210251E-02,0.100460822897,0.101677588294,0.102894353691,
    0.10350273639,0.104111119088,0.104415310438,0.104719501787,
    0.104871597461,0.105023693136,0.105327884485),(0.,1.),
.UNSPECIFIED.) GEOMETRIC_REPRESENTATION_ITEM() RATIONAL_B_SPLINE_SURFACE
((
    (1.,0.707106781187,1.)
    ,(1.,0.707106781187,1.)
    ,(1.,0.707106781187,1.)
    ,(1.,0.707106781187,1.)
    ,(1.,0.707106781187,1.)
    ,(1.,0.707106781187,1.)
    ,(1.,0.707106781187,1.)
    ,(1.,0.707106781187,1.)
    ,(1.,0.707106781187,1.)
    ,(1.,0.707106781187,1.)
    ,(1.,0.707106781187,1.)
    ,(1.,0.707106781187,1.)
    ,(1.,0.707106781187,1.)
    ,(1.,0.707106781187,1.)
    ,(1.,0.707106781187,1.)
    ,(1.,0.707106781187,1.)
    ,(1.,0.707106781187,1.)
    ,(1.,0.707106781187,1.)
    ,(1.,0.707106781187,1.)
    ,(1.,0.707106781187,1.)
    ,(1.,0.707106781187,1.)
    ,(1.,0.707106781187,1.)
    ,(1.,0.707106781187,1.)
    ,(1.,0.707106781187,1.)
    ,(1.,0.707106781187,1.)
    ,(1.,0.707106781187,1.)
    ,(1.,0.707106781187,1.)
    ,(1.,0.707106781187,1.)
    ,(1.,0.707106781187,1.)
    ,(1.,0.707106781187,1.)
    ,(1.,0.707106781187,1.)
    ,(1.,0.707106781187,1.)
    ,(1.,0.707106781187,1.)
    ,(1.,0.707106781187,1.)
    ,(1.,0.707106781187,1.)
    ,(1.,0.707106781187,1.)
    ,(1.,0.707106781187,1.)
    ,(1.,0.707106781187,1.)
    ,(1.,0.707106781187,1.)
    ,(1.,0.707106781187,1.)
    ,(1.,0.707106781187,1.)
    ,(1.,0.707106781187,1.)
,(1.,0.707106781187,1.))) REPRESENTATION_ITEM('') SURFACE() );
#1365 = CARTESIAN_POINT('',(-5.340177779905,-4.5,62.795997312452));
#1366 = CARTESIAN_POINT('',(-5.340177779905,-12.5,62.795997312452));
#1367 = CARTESIAN_POINT('',(-8.875005350703,-12.5,55.6192993221));
#1368 = CARTESIAN_POINT('',(-5.431139856815,-4.5,62.840799986021));
#1369 = CARTESIAN_POINT('',(-5.431139856814,-12.5,62.840799986009));
#1370 = CARTESIAN_POINT('',(-8.965967427614,-12.5,55.664101995669));
#1371 = CARTESIAN_POINT('',(-5.566537325233,-4.5,62.907495530419));
#1372 = CARTESIAN_POINT('',(-5.566537325234,-12.5,62.907495530422));
#1373 = CARTESIAN_POINT('',(-9.102407808214,-12.5,55.731311549727));
#1374 = CARTESIAN_POINT('',(-5.751249870897,-4.5,62.998456786757));
#1375 = CARTESIAN_POINT('',(-5.751249870897,-12.5,62.998456786756));
#1376 = CARTESIAN_POINT('',(-9.284339254726,-12.5,55.820902113639));
#1377 = CARTESIAN_POINT('',(-5.922020457329,-4.5,63.082638497081));
#1378 = CARTESIAN_POINT('',(-5.922020457329,-12.5,63.082638497082));
#1379 = CARTESIAN_POINT('',(-9.466234237762,-12.5,55.910566593665));
#1380 = CARTESIAN_POINT('',(-6.139400620092,-4.5,63.190201601687));
#1381 = CARTESIAN_POINT('',(-6.139400620092,-12.5,63.190201601687));
#1382 = CARTESIAN_POINT('',(-9.693433373446,-12.5,56.022991004299));
#1383 = CARTESIAN_POINT('',(-6.484523581325,-4.5,63.361750804162));
#1384 = CARTESIAN_POINT('',(-6.484523581325,-12.5,63.361750804162));
#1385 = CARTESIAN_POINT('',(-10.05663034904,-12.5,56.203521999498));
#1386 = CARTESIAN_POINT('',(-6.915973096928,-4.5,63.577707331103));
#1387 = CARTESIAN_POINT('',(-6.915973096928,-12.5,63.577707331103));
#1388 = CARTESIAN_POINT('',(-10.51000179104,-12.5,56.430452883584));
#1389 = CARTESIAN_POINT('',(-7.604270513418,-4.5,63.925442534782));
#1390 = CARTESIAN_POINT('',(-7.604270513418,-12.5,63.925442534782));
#1391 = CARTESIAN_POINT('',(-11.23405757296,-12.5,56.796252056995));
#1392 = CARTESIAN_POINT('',(-8.461826075182,-4.5,64.364783627509));
#1393 = CARTESIAN_POINT('',(-8.461826075182,-12.5,64.364783627509));
#1394 = CARTESIAN_POINT('',(-12.13660383261,-12.5,57.258641720276));
#1395 = CARTESIAN_POINT('',(-9.826520708187,-4.5,65.077173240706));
#1396 = CARTESIAN_POINT('',(-9.826520708187,-12.5,65.077173240706));
#1397 = CARTESIAN_POINT('',(-13.57419512423,-12.5,58.009080897565));
#1398 = CARTESIAN_POINT('',(-11.51894288516,-4.5,65.985892407645));
#1399 = CARTESIAN_POINT('',(-11.51894288516,-12.5,65.985892407645));
#1400 = CARTESIAN_POINT('',(-15.3591273869,-12.5,58.967458919154));
#1401 = CARTESIAN_POINT('',(-13.52832789054,-4.5,67.106430820124));
#1402 = CARTESIAN_POINT('',(-13.52832789054,-12.5,67.106430820124));
#1403 = CARTESIAN_POINT('',(-17.4811865897,-12.5,60.150816707368));
#1404 = CARTESIAN_POINT('',(-15.51664864783,-4.5,68.258020358115));
#1405 = CARTESIAN_POINT('',(-15.51664864783,-12.5,68.258020358115));
#1406 = CARTESIAN_POINT('',(-19.58300636457,-12.5,61.368135486831));
#1407 = CARTESIAN_POINT('',(-18.14088904965,-4.5,69.836158115041));
#1408 = CARTESIAN_POINT('',(-18.14088904965,-12.5,69.836158115041));
#1409 = CARTESIAN_POINT('',(-22.35820574054,-12.5,63.037046994681));
#1410 = CARTESIAN_POINT('',(-21.3734457729,-4.5,71.890844492303));
#1411 = CARTESIAN_POINT('',(-21.3734457729,-12.5,71.890844492303));
#1412 = CARTESIAN_POINT('',(-25.7754591882,-12.5,65.209214321036));
#1413 = CARTESIAN_POINT('',(-25.19715842554,-4.5,74.495256783126));
#1414 = CARTESIAN_POINT('',(-25.19715842554,-12.5,74.495256783126));
#1415 = CARTESIAN_POINT('',(-29.79861358217,-12.5,67.94982269997));
#1416 = CARTESIAN_POINT('',(-28.99070906258,-4.5,77.233098124287));
#1417 = CARTESIAN_POINT('',(-28.99070906258,-12.5,77.233098124287));
#1418 = CARTESIAN_POINT('',(-33.74389379819,-12.5,70.797733809632));
#1419 = CARTESIAN_POINT('',(-32.81875549197,-4.5,80.099420817493));
#1420 = CARTESIAN_POINT('',(-32.81875549197,-12.5,80.099420817493));
#1421 = CARTESIAN_POINT('',(-37.63884929477,-12.5,73.714729937786));
#1422 = CARTESIAN_POINT('',(-36.12389692924,-4.5,82.577871358912));
#1423 = CARTESIAN_POINT('',(-36.12389692924,-12.5,82.577871358912));
#1424 = CARTESIAN_POINT('',(-40.88366232684,-12.5,76.147155981936));
#1425 = CARTESIAN_POINT('',(-38.91152867117,-4.5,84.581786411989));
#1426 = CARTESIAN_POINT('',(-38.91152867117,-12.5,84.581786411989));
#1427 = CARTESIAN_POINT('',(-43.51767559766,-12.5,78.040090242341));
#1428 = CARTESIAN_POINT('',(-41.82366869314,-4.5,86.578687047306));
#1429 = CARTESIAN_POINT('',(-41.82366869314,-12.5,86.578687047306));
#1430 = CARTESIAN_POINT('',(-46.195041198,-12.5,79.875299883456));
#1431 = CARTESIAN_POINT('',(-45.7106251464,-4.5,88.985328921373));
#1432 = CARTESIAN_POINT('',(-45.7106251464,-12.5,88.985328921373));
#1433 = CARTESIAN_POINT('',(-49.62178857335,-12.5,81.992308749719));
#1434 = CARTESIAN_POINT('',(-49.92999819192,-4.5,91.067637738619));
#1435 = CARTESIAN_POINT('',(-49.92999819192,-12.5,91.067637738619));
#1436 = CARTESIAN_POINT('',(-53.21107549995,-12.5,83.761725543299));
#1437 = CARTESIAN_POINT('',(-53.42487663031,-4.5,92.457078392533));
#1438 = CARTESIAN_POINT('',(-53.42487663031,-12.5,92.457078392533));
#1439 = CARTESIAN_POINT('',(-56.18970822054,-12.5,84.946389515639));
#1440 = CARTESIAN_POINT('',(-56.08481595453,-4.5,93.361399291563));
#1441 = CARTESIAN_POINT('',(-56.08481595453,-12.5,93.361399291563));
#1442 = CARTESIAN_POINT('',(-58.47543881307,-12.5,85.723779498094));
#1443 = CARTESIAN_POINT('',(-58.32087341516,-4.5,94.004946085026));
#1444 = CARTESIAN_POINT('',(-58.32087341516,-12.5,94.004946085026));
#1445 = CARTESIAN_POINT('',(-60.42081114708,-12.5,86.283999188352));
#1446 = CARTESIAN_POINT('',(-60.11694480113,-4.5,94.459623703318));
#1447 = CARTESIAN_POINT('',(-60.11694480113,-12.5,94.459623703318));
#1448 = CARTESIAN_POINT('',(-61.99994168436,-12.5,86.683817532535));
#1449 = CARTESIAN_POINT('',(-61.90280957217,-4.5,94.8732103243));
#1450 = CARTESIAN_POINT('',(-61.90280957217,-12.5,94.8732103243));
#1451 = CARTESIAN_POINT('',(-63.58114588092,-12.5,87.050067205723));
#1452 = CARTESIAN_POINT('',(-64.11957248401,-4.5,95.319997658862));
#1453 = CARTESIAN_POINT('',(-64.11957248401,-12.5,95.319997658862));
#1454 = CARTESIAN_POINT('',(-65.56433536768,-12.5,87.45002697729));
#1455 = CARTESIAN_POINT('',(-66.75507977202,-4.5,95.760040568792));
#1456 = CARTESIAN_POINT('',(-66.75507977202,-12.5,95.760040568792));
#1457 = CARTESIAN_POINT('',(-67.95257282797,-12.5,87.849016448284));
#1458 = CARTESIAN_POINT('',(-69.36889095733,-4.5,96.118009313361));
#1459 = CARTESIAN_POINT('',(-69.36889095733,-12.5,96.118009313361));
#1460 = CARTESIAN_POINT('',(-70.34840643794,-12.5,88.177312875693));
#1461 = CARTESIAN_POINT('',(-71.53124092985,-4.5,96.357551210226));
#1462 = CARTESIAN_POINT('',(-71.53124092985,-12.5,96.357551210226));
#1463 = CARTESIAN_POINT('',(-72.35043125284,-12.5,88.399206911037));
#1464 = CARTESIAN_POINT('',(-73.25301720009,-4.5,96.518677905022));
#1465 = CARTESIAN_POINT('',(-73.25301720009,-12.5,96.518677905022));
#1466 = CARTESIAN_POINT('',(-73.9549689025,-12.5,88.549380385092));
#1467 = CARTESIAN_POINT('',(-74.32591774599,-4.5,96.607507068476));
#1468 = CARTESIAN_POINT('',(-74.32591774599,-12.5,96.607507068476));
#1469 = CARTESIAN_POINT('',(-74.95894814759,-12.5,88.632512618617));
#1470 = CARTESIAN_POINT('',(-75.18266989832,-4.5,96.671928624452));
#1471 = CARTESIAN_POINT('',(-75.18266989832,-12.5,96.671928624452));
#1472 = CARTESIAN_POINT('',(-75.76277771971,-12.5,88.692958027139));
#1473 = CARTESIAN_POINT('',(-75.71706221516,-4.5,96.709489985694));
#1474 = CARTESIAN_POINT('',(-75.71706221516,-12.5,96.709489985694));
#1475 = CARTESIAN_POINT('',(-76.26543229358,-12.5,88.728287344842));
#1476 = CARTESIAN_POINT('',(-76.14505243468,-4.5,96.738029947688));
#1477 = CARTESIAN_POINT('',(-76.14505243468,-12.5,96.738029947688));
#1478 = CARTESIAN_POINT('',(-76.66770896821,-12.5,88.75511555584));
#1479 = CARTESIAN_POINT('',(-76.41038238348,-4.5,96.755121292979));
#1480 = CARTESIAN_POINT('',(-76.41038238348,-12.5,96.755121292978));
#1481 = CARTESIAN_POINT('',(-76.91919282663,-12.5,88.77131160988));
#1482 = CARTESIAN_POINT('',(-76.62713213188,-4.5,96.76866509402));
#1483 = CARTESIAN_POINT('',(-76.62713213188,-12.5,96.76866509402));
#1484 = CARTESIAN_POINT('',(-77.12042060483,-12.5,88.78388677478));
#1485 = CARTESIAN_POINT('',(-76.82449030454,-4.5,96.780895981681));
#1486 = CARTESIAN_POINT('',(-76.82449030453,-12.5,96.780895981677));
#1487 = CARTESIAN_POINT('',(-77.32165927004,-12.5,88.796359821477));
#1488 = CARTESIAN_POINT('',(-76.97687203857,-4.5,96.790364552938));
#1489 = CARTESIAN_POINT('',(-76.97687203858,-12.5,96.790364552957));
#1490 = CARTESIAN_POINT('',(-77.47258581936,-12.5,88.805737583095));
#1491 = CARTESIAN_POINT('',(-77.07749028247,-4.5,96.796611288106));
#1492 = CARTESIAN_POINT('',(-77.07749028247,-12.5,96.796611288106));
#1493 = CARTESIAN_POINT('',(-77.57320406326,-12.5,88.811984318264));
#1494 = ADVANCED_FACE('',(#1495),#2108,.T.);
#1495 = FACE_BOUND('',#1496,.T.);
#1496 = EDGE_LOOP('',(#1497,#1512,#2035,#2036,#2037,#2038));
#1497 = ORIENTED_EDGE('',*,*,#1498,.T.);
#1498 = EDGE_CURVE('',#1499,#793,#1501,.T.);
#1499 = VERTEX_POINT('',#1500);
#1500 = CARTESIAN_POINT('',(-33.78385544517,-9.183510742098,
    37.100690691161));
#1501 = B_SPLINE_CURVE_WITH_KNOTS('',3,(#1502,#1503,#1504,#1505,#1506,
    #1507,#1508,#1509,#1510,#1511),.UNSPECIFIED.,.F.,.F.,(4,2,2,2,4),(0.
    ,0.213241836545,0.424781358319,0.60314103333,0.773679510873),
  .UNSPECIFIED.);
#1502 = CARTESIAN_POINT('',(-33.78394474472,-9.183527588603,
    37.100293548525));
#1503 = CARTESIAN_POINT('',(-33.38856839228,-9.753164366976,
    36.943970730422));
#1504 = CARTESIAN_POINT('',(-32.91299716495,-10.2710354469,
    36.811791172435));
#1505 = CARTESIAN_POINT('',(-31.81240357337,-11.16710431061,
    36.681968226572));
#1506 = CARTESIAN_POINT('',(-31.21330689453,-11.52833851733,
    36.686634895034));
#1507 = CARTESIAN_POINT('',(-30.01926127789,-12.04837778149,
    36.81290648506));
#1508 = CARTESIAN_POINT('',(-29.45313589398,-12.22253868152,
    36.913518110036));
#1509 = CARTESIAN_POINT('',(-28.33178100717,-12.44535575271,
    37.147341844523));
#1510 = CARTESIAN_POINT('',(-27.77246378531,-12.5,37.279677344764));
#1511 = CARTESIAN_POINT('',(-27.21692930119,-12.5,37.407666251003));
#1512 = ORIENTED_EDGE('',*,*,#1513,.F.);
#1513 = EDGE_CURVE('',#1194,#793,#1514,.T.);
#1514 = B_SPLINE_CURVE_WITH_KNOTS('',3,(#1515,#1516,#1517,#1518,#1519,
    #1520,#1521,#1522,#1523,#1524,#1525,#1526,#1527,#1528,#1529,#1530,
    #1531,#1532,#1533,#1534,#1535,#1536,#1537,#1538,#1539,#1540,#1541,
    #1542,#1543,#1544,#1545,#1546,#1547,#1548,#1549,#1550,#1551,#1552,
    #1553,#1554,#1555,#1556,#1557,#1558,#1559,#1560,#1561,#1562,#1563,
    #1564,#1565,#1566,#1567,#1568,#1569,#1570,#1571,#1572,#1573,#1574,
    #1575,#1576,#1577,#1578,#1579,#1580,#1581,#1582,#1583,#1584,#1585,
    #1586,#1587,#1588,#1589,#1590,#1591,#1592,#1593,#1594,#1595,#1596,
    #1597,#1598,#1599,#1600,#1601,#1602,#1603,#1604,#1605,#1606,#1607,
    #1608,#1609,#1610,#1611,#1612,#1613,#1614,#1615,#1616,#1617,#1618,
    #1619,#1620,#1621,#1622,#1623,#1624,#1625,#1626,#1627,#1628,#1629,
    #1630,#1631,#1632,#1633,#1634,#1635,#1636,#1637,#1638,#1639,#1640,
    #1641,#1642,#1643,#1644,#1645,#1646,#1647,#1648,#1649,#1650,#1651,
    #1652,#1653,#1654,#1655,#1656,#1657,#1658,#1659,#1660,#1661,#1662,
    #1663,#1664,#1665,#1666,#1667,#1668,#1669,#1670,#1671,#1672,#1673,
    #1674,#1675,#1676,#1677,#1678,#1679,#1680,#1681,#1682,#1683,#1684,
    #1685,#1686,#1687,#1688,#1689,#1690,#1691,#1692,#1693,#1694,#1695,
    #1696,#1697,#1698,#1699,#1700,#1701,#1702,#1703,#1704,#1705,#1706,
    #1707,#1708,#1709,#1710,#1711,#1712,#1713,#1714,#1715,#1716,#1717,
    #1718,#1719,#1720,#1721,#1722,#1723,#1724,#1725,#1726,#1727,#1728,
    #1729,#1730,#1731,#1732,#1733,#1734,#1735,#1736,#1737,#1738,#1739,
    #1740,#1741,#1742,#1743,#1744,#1745,#1746,#1747,#1748,#1749,#1750,
    #1751,#1752,#1753,#1754,#1755,#1756,#1757,#1758,#1759,#1760,#1761,
    #1762,#1763,#1764,#1765,#1766,#1767,#1768,#1769,#1770,#1771,#1772,
    #1773,#1774,#1775,#1776,#1777,#1778,#1779,#1780,#1781,#1782,#1783,
    #1784,#1785,#1786,#1787,#1788,#1789,#1790,#1791,#1792,#1793,#1794,
    #1795,#1796,#1797,#1798,#1799,#1800,#1801,#1802,#1803,#1804,#1805,
    #1806,#1807,#1808,#1809,#1810,#1811,#1812,#1813,#1814,#1815,#1816,
    #1817,#1818,#1819,#1820,#1821,#1822,#1823,#1824,#1825,#1826,#1827,
    #1828,#1829,#1830,#1831,#1832,#1833,#1834,#1835,#1836,#1837,#1838,
    #1839,#1840,#1841,#1842,#1843,#1844,#1845,#1846,#1847,#1848,#1849,
    #1850,#1851,#1852,#1853,#1854,#1855,#1856,#1857,#1858,#1859,#1860,
    #1861,#1862,#1863,#1864,#1865,#1866,#1867,#1868,#1869,#1870,#1871,
    #1872,#1873,#1874,#1875,#1876,#1877,#1878,#1879,#1880,#1881,#1882,
    #1883,#1884,#1885,#1886,#1887,#1888,#1889,#1890,#1891,#1892,#1893,
    #1894,#1895,#1896,#1897,#1898,#1899,#1900,#1901,#1902,#1903,#1904,
    #1905,#1906,#1907,#1908,#1909,#1910,#1911,#1912,#1913,#1914,#1915,
    #1916,#1917,#1918,#1919,#1920,#1921,#1922,#1923,#1924,#1925,#1926,
    #1927,#1928,#1929,#1930,#1931,#1932,#1933,#1934,#1935,#1936,#1937,
    #1938,#1939,#1940,#1941,#1942,#1943,#1944,#1945,#1946,#1947,#1948,
    #1949,#1950,#1951,#1952,#1953,#1954,#1955,#1956,#1957,#1958,#1959,
    #1960,#1961,#1962,#1963,#1964,#1965,#1966,#1967,#1968,#1969,#1970,
    #1971,#1972,#1973,#1974,#1975,#1976,#1977,#1978,#1979,#1980,#1981,
    #1982,#1983,#1984,#1985,#1986,#1987,#1988,#1989,#1990,#1991,#1992,
    #1993,#1994,#1995,#1996,#1997,#1998,#1999,#2000,#2001,#2002,#2003,
    #2004,#2005,#2006,#2007,#2008,#2009,#2010,#2011,#2012,#2013,#2014,
    #2015,#2016,#2017,#2018,#2019,#2020,#2021,#2022,#2023,#2024,#2025,
    #2026,#2027,#2028,#2029,#2030,#2031,#2032,#2033,#2034),
  .UNSPECIFIED.,.F.,.F.,(4,3,3,3,3,3,3,3,3,3,3,3,3,3,3,3,3,3,3,3,3,3,3,3
    ,3,3,3,3,3,3,3,3,3,3,3,3,3,3,3,3,3,3,3,3,3,3,3,3,3,3,3,3,3,3,3,3,3,3
    ,3,3,3,3,3,3,3,3,3,3,3,3,3,3,3,3,3,3,3,3,3,3,3,3,3,3,3,3,3,3,3,3,3,3
    ,3,3,3,3,3,3,3,3,3,3,3,3,3,3,3,3,3,3,3,3,3,3,3,3,3,3,3,3,3,3,3,3,3,3
    ,3,3,3,3,3,3,3,3,3,3,3,3,3,3,3,3,3,3,3,3,3,3,3,3,3,3,3,3,3,3,3,3,3,3
    ,3,3,3,3,3,3,3,3,3,3,3,3,3,4),(5.083721920159E-10,7.418021277269E-04
    ,2.281294128942E-03,2.912163776811E-03,3.821859434999E-03,
    5.36360220302E-03,5.824327553621E-03,6.906647987465E-03,
    8.451278594493E-03,8.736491330431E-03,9.997776194139E-03,
    1.019257321884E-02,1.154619407165E-02,1.164865510724E-02,
    1.232122170394E-02,1.309605413232E-02,1.310473699565E-02,
    1.387088144909E-02,1.456081888405E-02,1.464583277411E-02,
    1.542074385951E-02,1.601690077246E-02,1.619558268607E-02,
    1.658301677885E-02,1.674494171666E-02,1.697056003422E-02,
    1.73580066503E-02,1.747298266086E-02,1.774523677596E-02,
    1.813279957503E-02,1.820102360507E-02,1.852031541888E-02,
    1.871401860503E-02,1.890770970384E-02,1.892906454927E-02,
    1.910140694841E-02,1.929308502137E-02,1.929515064598E-02,
    1.948892929968E-02,1.965710549347E-02,1.968256761467E-02,
    1.977937432641E-02,1.987622996264E-02,1.997313470003E-02,
    2.002112596557E-02,2.007010697299E-02,2.011860321361E-02,
    2.016701528506E-02,2.020313620162E-02,2.021528059367E-02,
    2.026364142984E-02,2.031212466705E-02,2.033637743512E-02,
    2.036061897423E-02,2.038483534858E-02,2.038514643767E-02,
    2.040902813014E-02,2.045739939407E-02,2.050580092811E-02,
    2.055429231787E-02,2.056715667372E-02,2.060285360737E-02,
    2.065132255214E-02,2.074806577048E-02,2.074916690977E-02,
    2.084478873702E-02,2.094161251678E-02,2.103851964129E-02,
    2.111318738188E-02,2.123241375205E-02,2.142610638266E-02,
    2.147720785398E-02,2.161978563983E-02,2.181352926658E-02,
    2.184122832608E-02,2.200727432443E-02,2.239472526922E-02,
    2.256926927028E-02,2.278215627948E-02,2.316964169122E-02,
    2.329731021448E-02,2.355698960307E-02,2.394446223519E-02,
    2.402535115869E-02,2.433193905897E-02,2.471936331392E-02,
    2.475339210289E-02,2.549418159041E-02,2.620947399129E-02,
    2.626914845775E-02,2.704415256575E-02,2.76655558797E-02,
    2.78188632969E-02,2.859372909402E-02,2.91216377681E-02,
    3.014358273659E-02,3.057771965651E-02,3.169335269574E-02,
    3.203380154492E-02,3.324309105677E-02,3.479289410319E-02,
    3.494596532173E-02,3.634267705871E-02,3.785812909854E-02,
    3.944221581925E-02,4.077029287535E-02,4.25417661792E-02,
    4.368245665216E-02,4.564131490854E-02,4.659462042897E-02,
    4.874086334593E-02,4.950678420578E-02,5.184041334779E-02,
    5.241894798259E-02,5.493993382521E-02,5.803951001859E-02,
    5.824327553621E-02,6.113905890893E-02,6.115543931302E-02,
    6.314539681759E-02,6.406760308983E-02,6.423861171025E-02,
    6.552368497824E-02,6.67343827073E-02,6.697976686664E-02,
    6.733803821399E-02,6.91846295819E-02,6.989193064345E-02,
    7.043773326966E-02,7.198750144992E-02,7.280409442026E-02,
    7.353727114735E-02,7.426017630867E-02,7.508700383681E-02,
    7.571625819707E-02,7.663732957958E-02,7.717234008548E-02,
    7.813094386944E-02,7.818640697345E-02,7.862842197388E-02,
    7.973644756484E-02,8.008450386229E-02,8.115854075411E-02,
    8.128598679843E-02,8.154058575069E-02,8.20611898846E-02,
    8.22686266949E-02,8.283585052814E-02,8.29966676391E-02,
    8.431077551356E-02,8.438568465021E-02,8.44527495275E-02,
    8.579840007668E-02,8.590883141591E-02,8.593545699312E-02,
    8.663687236011E-02,8.671027646011E-02,8.724355373793E-02,
    8.736491330431E-02,8.7485267286E-02,8.809295424852E-02,
    8.825635810173E-02,8.882099519272E-02,8.902292501611E-02,
    8.978473817169E-02,9.027707708113E-02,9.05420413832E-02,
    9.129504947874E-02,9.173315896953E-02,9.204386371792E-02,
    9.278858243771E-02,9.297413599543E-02,9.315944273069E-02,
    9.318924085794E-02),.UNSPECIFIED.);
#1515 = CARTESIAN_POINT('',(-73.83688633469,-12.5,88.536738398806));
#1516 = CARTESIAN_POINT('',(-74.01992435473,-12.5,88.369731908966));
#1517 = CARTESIAN_POINT('',(-74.20242041806,-12.5,88.202202199672));
#1518 = CARTESIAN_POINT('',(-74.38434940907,-12.5,88.034125937359));
#1519 = CARTESIAN_POINT('',(-74.7619142716,-12.5,87.685310223462));
#1520 = CARTESIAN_POINT('',(-75.13703661103,-12.5,87.334140357771));
#1521 = CARTESIAN_POINT('',(-75.50945073015,-12.5,86.980364780084));
#1522 = CARTESIAN_POINT('',(-75.66206260732,-12.5,86.835390805589));
#1523 = CARTESIAN_POINT('',(-75.81421971726,-12.5,86.689979278987));
#1524 = CARTESIAN_POINT('',(-75.96590035809,-12.5,86.54410911407));
#1525 = CARTESIAN_POINT('',(-76.18461942447,-12.5,86.333768584718));
#1526 = CARTESIAN_POINT('',(-76.40234741826,-12.5,86.122474471036));
#1527 = CARTESIAN_POINT('',(-76.61902071581,-12.5,85.910163082051));
#1528 = CARTESIAN_POINT('',(-76.9862363736,-12.5,85.550339941654));
#1529 = CARTESIAN_POINT('',(-77.350422464,-12.5,85.187594724682));
#1530 = CARTESIAN_POINT('',(-77.71119740201,-12.49999999999,
    84.8215496545));
#1531 = CARTESIAN_POINT('',(-77.81900926483,-12.49999999999,
    84.71216289635));
#1532 = CARTESIAN_POINT('',(-77.92651652256,-12.49999999999,
    84.602481471563));
#1533 = CARTESIAN_POINT('',(-78.03370688154,-12.49999999999,
    84.49249221554));
#1534 = CARTESIAN_POINT('',(-78.28551485279,-12.49999999999,
    84.234109169889));
#1535 = CARTESIAN_POINT('',(-78.53556628683,-12.49999999998,
    83.974034416421));
#1536 = CARTESIAN_POINT('',(-78.78369403947,-12.49999999997,
    83.712103042625));
#1537 = CARTESIAN_POINT('',(-79.13780887385,-12.49999999996,
    83.33828840857));
#1538 = CARTESIAN_POINT('',(-79.48800531635,-12.49999999996,
    82.960691951981));
#1539 = CARTESIAN_POINT('',(-79.8336141998,-12.49999999998,
    82.578759362163));
#1540 = CARTESIAN_POINT('',(-79.8974301405,-12.49999999998,
    82.508236326824));
#1541 = CARTESIAN_POINT('',(-79.96108968681,-12.49999999998,
    82.437565471579));
#1542 = CARTESIAN_POINT('',(-80.02458864651,-12.49999999999,
    82.36674055718));
#1543 = CARTESIAN_POINT('',(-80.30539755379,-12.5,82.053534373693));
#1544 = CARTESIAN_POINT('',(-80.58305652089,-12.49999999999,
    81.737355927253));
#1545 = CARTESIAN_POINT('',(-80.85725240474,-12.5,81.41759715907));
#1546 = CARTESIAN_POINT('',(-80.899600128,-12.5,81.368212552582));
#1547 = CARTESIAN_POINT('',(-80.94186524222,-12.5,81.318742546107));
#1548 = CARTESIAN_POINT('',(-80.98404449257,-12.5,81.269185967749));
#1549 = CARTESIAN_POINT('',(-81.27714297763,-12.5,80.92482332688));
#1550 = CARTESIAN_POINT('',(-81.56614233163,-12.5,80.576230668057));
#1551 = CARTESIAN_POINT('',(-81.84967925625,-12.49999999999,
    80.223394697494));
#1552 = CARTESIAN_POINT('',(-81.87114131253,-12.49999999999,
    80.196687116222));
#1553 = CARTESIAN_POINT('',(-81.89257209192,-12.49999999999,
    80.169955238823));
#1554 = CARTESIAN_POINT('',(-81.91397034182,-12.49999999999,
    80.143199760037));
#1555 = CARTESIAN_POINT('',(-82.05443103525,-12.49999999999,
    79.967573569978));
#1556 = CARTESIAN_POINT('',(-82.19358029092,-12.49999999999,
    79.79081194182));
#1557 = CARTESIAN_POINT('',(-82.33109864964,-12.49999999999,
    79.613059944857));
#1558 = CARTESIAN_POINT('',(-82.48952710024,-12.5,79.408280206861));
#1559 = CARTESIAN_POINT('',(-82.64579100293,-12.5,79.202186113084));
#1560 = CARTESIAN_POINT('',(-82.7997448856,-12.5,78.994509055155));
#1561 = CARTESIAN_POINT('',(-82.80147011092,-12.5,78.992181801618));
#1562 = CARTESIAN_POINT('',(-82.80319504613,-12.5,78.989854349278));
#1563 = CARTESIAN_POINT('',(-82.80491969081,-12.5,78.98752669788));
#1564 = CARTESIAN_POINT('',(-82.95709609924,-12.49999999999,
    78.782143157787));
#1565 = CARTESIAN_POINT('',(-83.10693773131,-12.5,78.575300341305));
#1566 = CARTESIAN_POINT('',(-83.25416646949,-12.49999999999,
    78.366809284607));
#1567 = CARTESIAN_POINT('',(-83.3867506284,-12.49999999999,
    78.179056460414));
#1568 = CARTESIAN_POINT('',(-83.51721584976,-12.49999999999,
    77.989966984326));
#1569 = CARTESIAN_POINT('',(-83.64532001233,-12.49999999998,
    77.799341256597));
#1570 = CARTESIAN_POINT('',(-83.66110496998,-12.49999999998,
    77.775852409873));
#1571 = CARTESIAN_POINT('',(-83.67685386079,-12.49999999997,
    77.752340265344));
#1572 = CARTESIAN_POINT('',(-83.69256620163,-12.49999999997,
    77.728804489272));
#1573 = CARTESIAN_POINT('',(-83.83578594007,-12.49999999995,
    77.514273266544));
#1574 = CARTESIAN_POINT('',(-83.97596897017,-12.49999999995,
    77.297778667831));
#1575 = CARTESIAN_POINT('',(-84.11262858463,-12.49999999996,
    77.079004304877));
#1576 = CARTESIAN_POINT('',(-84.21776396779,-12.49999999997,
    76.910696157905));
#1577 = CARTESIAN_POINT('',(-84.3208139835,-12.49999999999,
    76.741038707269));
#1578 = CARTESIAN_POINT('',(-84.42146954984,-12.49999999999,
    76.569828917903));
#1579 = CARTESIAN_POINT('',(-84.45163833397,-12.49999999999,
    76.51851341333));
#1580 = CARTESIAN_POINT('',(-84.48159244567,-12.49999999999,
    76.467058808766));
#1581 = CARTESIAN_POINT('',(-84.51132269388,-12.49999999999,
    76.415461087952));
#1582 = CARTESIAN_POINT('',(-84.57578647486,-12.5,76.30358229872));
#1583 = CARTESIAN_POINT('',(-84.63919768115,-12.5,76.191030599013));
#1584 = CARTESIAN_POINT('',(-84.70143351586,-12.49999999999,
    76.077748605091));
#1585 = CARTESIAN_POINT('',(-84.72744447837,-12.49999999999,
    76.030403314206));
#1586 = CARTESIAN_POINT('',(-84.75325014758,-12.49999999999,
    75.982930468186));
#1587 = CARTESIAN_POINT('',(-84.77884027804,-12.49999999999,
    75.935324329831));
#1588 = CARTESIAN_POINT('',(-84.81449631879,-12.49999999999,
    75.868992256549));
#1589 = CARTESIAN_POINT('',(-84.84973240768,-12.49999999999,
    75.802402778125));
#1590 = CARTESIAN_POINT('',(-84.88452925338,-12.49999999998,
    75.735522886277));
#1591 = CARTESIAN_POINT('',(-84.94428468575,-12.49999999998,
    75.620672336639));
#1592 = CARTESIAN_POINT('',(-85.00274526289,-12.49999999997,
    75.504965623409));
#1593 = CARTESIAN_POINT('',(-85.05975979576,-12.49999999998,
    75.388238971448));
#1594 = CARTESIAN_POINT('',(-85.07667903898,-12.49999999998,
    75.353599967746));
#1595 = CARTESIAN_POINT('',(-85.09347088498,-12.49999999998,
    75.318871115632));
#1596 = CARTESIAN_POINT('',(-85.11013093627,-12.49999999999,
    75.284044191556));
#1597 = CARTESIAN_POINT('',(-85.14958062236,-12.49999999999,
    75.2015767851));
#1598 = CARTESIAN_POINT('',(-85.18824366524,-12.49999999999,
    75.118669642633));
#1599 = CARTESIAN_POINT('',(-85.22606747153,-12.49999999999,
    75.03521812159));
#1600 = CARTESIAN_POINT('',(-85.27991091933,-12.5,74.916422102397));
#1601 = CARTESIAN_POINT('',(-85.33205405214,-12.5,74.796523330401));
#1602 = CARTESIAN_POINT('',(-85.38195472566,-12.49999999998,
    74.675958536978));
#1603 = CARTESIAN_POINT('',(-85.39073891511,-12.49999999998,
    74.654735096268));
#1604 = CARTESIAN_POINT('',(-85.39945359412,-12.49999999997,
    74.633491003365));
#1605 = CARTESIAN_POINT('',(-85.40809684524,-12.49999999997,
    74.612224956735));
#1606 = CARTESIAN_POINT('',(-85.44854768534,-12.49999999995,
    74.512698813267));
#1607 = CARTESIAN_POINT('',(-85.48743070131,-12.49999999992,
    74.41267932706));
#1608 = CARTESIAN_POINT('',(-85.52452467575,-12.49999999992,
    74.312087097558));
#1609 = CARTESIAN_POINT('',(-85.54702829384,-12.49999999991,
    74.251061307002));
#1610 = CARTESIAN_POINT('',(-85.56887349026,-12.49999999992,
    74.189824730737));
#1611 = CARTESIAN_POINT('',(-85.58998775143,-12.49999999993,
    74.128362433333));
#1612 = CARTESIAN_POINT('',(-85.61110069504,-12.49999999995,
    74.066903971257));
#1613 = CARTESIAN_POINT('',(-85.63148279004,-12.49999999996,
    74.005219813972));
#1614 = CARTESIAN_POINT('',(-85.65105024746,-12.49999999998,
    73.943286518688));
#1615 = CARTESIAN_POINT('',(-85.65320760023,-12.49999999998,
    73.936458244412));
#1616 = CARTESIAN_POINT('',(-85.65535505094,-12.49999999998,
    73.929626941884));
#1617 = CARTESIAN_POINT('',(-85.65749245363,-12.49999999998,
    73.922792572002));
#1618 = CARTESIAN_POINT('',(-85.67474217373,-12.49999999999,
    73.867636391823));
#1619 = CARTESIAN_POINT('',(-85.69134246328,-12.49999999999,
    73.812280261464));
#1620 = CARTESIAN_POINT('',(-85.70721531065,-12.49999999999,
    73.756707514556));
#1621 = CARTESIAN_POINT('',(-85.72486898619,-12.5,73.694899874129));
#1622 = CARTESIAN_POINT('',(-85.74162279162,-12.5,73.632824271924));
#1623 = CARTESIAN_POINT('',(-85.7573350857,-12.49999999999,
    73.570444612999));
#1624 = CARTESIAN_POINT('',(-85.75750440971,-12.49999999999,
    73.569772376697));
#1625 = CARTESIAN_POINT('',(-85.75767361175,-12.49999999999,
    73.569100103901));
#1626 = CARTESIAN_POINT('',(-85.75784269165,-12.49999999999,
    73.568427794517));
#1627 = CARTESIAN_POINT('',(-85.77370427406,-12.49999999998,
    73.505357667254));
#1628 = CARTESIAN_POINT('',(-85.78849136806,-12.49999999999,
    73.441965768256));
#1629 = CARTESIAN_POINT('',(-85.80201593042,-12.49999999999,
    73.378166433215));
#1630 = CARTESIAN_POINT('',(-85.813753598,-12.49999999999,
    73.322796405978));
#1631 = CARTESIAN_POINT('',(-85.82454035173,-12.5,73.267119520817));
#1632 = CARTESIAN_POINT('',(-85.83417517859,-12.49999999999,
    73.211033432197));
#1633 = CARTESIAN_POINT('',(-85.83563390544,-12.49999999999,
    73.202541916518));
#1634 = CARTESIAN_POINT('',(-85.83706573402,-12.49999999999,
    73.19404244963));
#1635 = CARTESIAN_POINT('',(-85.83846997665,-12.49999999999,
    73.185534760535));
#1636 = CARTESIAN_POINT('',(-85.84380889206,-12.49999999999,
    73.153188617839));
#1637 = CARTESIAN_POINT('',(-85.84874903131,-12.49999999999,
    73.120723635196));
#1638 = CARTESIAN_POINT('',(-85.85322572628,-12.49999999999,
    73.088152710167));
#1639 = CARTESIAN_POINT('',(-85.8577046837,-12.49999999999,
    73.055565324339));
#1640 = CARTESIAN_POINT('',(-85.86171972268,-12.49999999999,
    73.022871922335));
#1641 = CARTESIAN_POINT('',(-85.86518325916,-12.49999999999,
    72.990202309929));
#1642 = CARTESIAN_POINT('',(-85.86864855149,-12.49999999998,
    72.957516135595));
#1643 = CARTESIAN_POINT('',(-85.87156178147,-12.49999999998,
    72.924853740686));
#1644 = CARTESIAN_POINT('',(-85.87383009599,-12.49999999996,
    72.892182157137));
#1645 = CARTESIAN_POINT('',(-85.87495345989,-12.49999999996,
    72.876001827012));
#1646 = CARTESIAN_POINT('',(-85.87591865268,-12.49999999994,
    72.859819241448));
#1647 = CARTESIAN_POINT('',(-85.8767063622,-12.49999999993,
    72.843635077125));
#1648 = CARTESIAN_POINT('',(-85.87751031695,-12.49999999991,
    72.827117140706));
#1649 = CARTESIAN_POINT('',(-85.8781293116,-12.49999999988,
    72.810608306058));
#1650 = CARTESIAN_POINT('',(-85.87854169553,-12.49999999985,
    72.794095471834));
#1651 = CARTESIAN_POINT('',(-85.87894999808,-12.49999999982,
    72.777746065728));
#1652 = CARTESIAN_POINT('',(-85.87915578512,-12.49999999978,
    72.761392735443));
#1653 = CARTESIAN_POINT('',(-85.87912616979,-12.49999999977,
    72.745021478475));
#1654 = CARTESIAN_POINT('',(-85.87909660586,-12.49999999975,
    72.728678635153));
#1655 = CARTESIAN_POINT('',(-85.87883250279,-12.49999999975,
    72.712317924052));
#1656 = CARTESIAN_POINT('',(-85.87828860481,-12.49999999978,
    72.695923529715));
#1657 = CARTESIAN_POINT('',(-85.877882795,-12.4999999998,72.683691445195
    ));
#1658 = CARTESIAN_POINT('',(-85.87732120269,-12.49999999984,
    72.671440605193));
#1659 = CARTESIAN_POINT('',(-85.87657653877,-12.49999999989,
    72.659168908248));
#1660 = CARTESIAN_POINT('',(-85.87632617163,-12.4999999999,
    72.655042980309));
#1661 = CARTESIAN_POINT('',(-85.87605592752,-12.49999999991,
    72.650919804818));
#1662 = CARTESIAN_POINT('',(-85.87576495127,-12.49999999992,
    72.646799199339));
#1663 = CARTESIAN_POINT('',(-85.8746062391,-12.49999999996,
    72.630390314839));
#1664 = CARTESIAN_POINT('',(-85.87311885701,-12.49999999997,
    72.614022172086));
#1665 = CARTESIAN_POINT('',(-85.87120655644,-12.49999999998,
    72.597641553592));
#1666 = CARTESIAN_POINT('',(-85.86928941585,-12.49999999998,
    72.581219475831));
#1667 = CARTESIAN_POINT('',(-85.86694535628,-12.49999999997,
    72.56478502732));
#1668 = CARTESIAN_POINT('',(-85.86403634581,-12.49999999992,
    72.548436669781));
#1669 = CARTESIAN_POINT('',(-85.86258117161,-12.49999999989,
    72.540258731456));
#1670 = CARTESIAN_POINT('',(-85.86098457424,-12.49999999985,
    72.532102295363));
#1671 = CARTESIAN_POINT('',(-85.85923495104,-12.49999999977,
    72.524012027321));
#1672 = CARTESIAN_POINT('',(-85.85748613791,-12.49999999969,
    72.515925505051));
#1673 = CARTESIAN_POINT('',(-85.85558444592,-12.49999999958,
    72.507905089354));
#1674 = CARTESIAN_POINT('',(-85.85351472407,-12.4999999994,
    72.499942297665));
#1675 = CARTESIAN_POINT('',(-85.85144715076,-12.49999999922,
    72.491987772021));
#1676 = CARTESIAN_POINT('',(-85.84921188789,-12.49999999896,
    72.48409073775));
#1677 = CARTESIAN_POINT('',(-85.84680857472,-12.49999999859,
    72.476251658826));
#1678 = CARTESIAN_POINT('',(-85.84677770121,-12.49999999858,
    72.476150956223));
#1679 = CARTESIAN_POINT('',(-85.84674679996,-12.49999999858,
    72.476050263187));
#1680 = CARTESIAN_POINT('',(-85.846715871,-12.49999999857,
    72.475949579701));
#1681 = CARTESIAN_POINT('',(-85.84434151606,-12.4999999982,
    72.468220308255));
#1682 = CARTESIAN_POINT('',(-85.84179821437,-12.49999999784,
    72.460553320458));
#1683 = CARTESIAN_POINT('',(-85.83910037378,-12.49999999756,
    72.45294425168));
#1684 = CARTESIAN_POINT('',(-85.8336360224,-12.499999997,72.437532434679
    ));
#1685 = CARTESIAN_POINT('',(-85.82753758009,-12.49999999677,
    72.422358510454));
#1686 = CARTESIAN_POINT('',(-85.82096563758,-12.49999999687,
    72.407376412948));
#1687 = CARTESIAN_POINT('',(-85.81438958242,-12.49999999698,
    72.392384939837));
#1688 = CARTESIAN_POINT('',(-85.80733952043,-12.49999999739,
    72.377585397588));
#1689 = CARTESIAN_POINT('',(-85.79993072792,-12.49999999785,
    72.362938741576));
#1690 = CARTESIAN_POINT('',(-85.79250818125,-12.49999999831,
    72.348264894571));
#1691 = CARTESIAN_POINT('',(-85.78472560455,-12.49999999881,
    72.333744464452));
#1692 = CARTESIAN_POINT('',(-85.77667041513,-12.49999999917,
    72.319373777086));
#1693 = CARTESIAN_POINT('',(-85.77453344146,-12.49999999927,
    72.315561355188));
#1694 = CARTESIAN_POINT('',(-85.77237728141,-12.49999999936,
    72.3117594658));
#1695 = CARTESIAN_POINT('',(-85.77020372754,-12.49999999944,
    72.307968949904));
#1696 = CARTESIAN_POINT('',(-85.764172395,-12.49999999966,
    72.297450755603));
#1697 = CARTESIAN_POINT('',(-85.75799642966,-12.49999999977,
    72.28699557165));
#1698 = CARTESIAN_POINT('',(-85.751709156,-12.49999999984,
    72.276621492411));
#1699 = CARTESIAN_POINT('',(-85.74317235778,-12.49999999994,
    72.262535669843));
#1700 = CARTESIAN_POINT('',(-85.73443036524,-12.49999999996,
    72.248599440733));
#1701 = CARTESIAN_POINT('',(-85.72550709119,-12.49999999997,
    72.234778723153));
#1702 = CARTESIAN_POINT('',(-85.70769638262,-12.49999999999,
    72.20719279767));
#1703 = CARTESIAN_POINT('',(-85.68916294844,-12.5,72.180067178534));
#1704 = CARTESIAN_POINT('',(-85.67008015996,-12.49999999986,
    72.153332102807));
#1705 = CARTESIAN_POINT('',(-85.66986295809,-12.49999999986,
    72.15302780197));
#1706 = CARTESIAN_POINT('',(-85.66964568513,-12.49999999986,
    72.152723551694));
#1707 = CARTESIAN_POINT('',(-85.66942834127,-12.49999999986,
    72.152419351929));
#1708 = CARTESIAN_POINT('',(-85.65055441853,-12.49999999972,
    72.126002950647));
#1709 = CARTESIAN_POINT('',(-85.63114568911,-12.49999999954,
    72.100006472661));
#1710 = CARTESIAN_POINT('',(-85.61129730288,-12.49999999946,
    72.074359779708));
#1711 = CARTESIAN_POINT('',(-85.59119942532,-12.49999999937,
    72.048390711541));
#1712 = CARTESIAN_POINT('',(-85.57065072928,-12.49999999937,
    72.022780265382));
#1713 = CARTESIAN_POINT('',(-85.5497042812,-12.49999999942,
    71.997461403541));
#1714 = CARTESIAN_POINT('',(-85.52873980266,-12.49999999948,
    71.972120747525));
#1715 = CARTESIAN_POINT('',(-85.50737689365,-12.49999999958,
    71.947072206092));
#1716 = CARTESIAN_POINT('',(-85.48571717543,-12.49999999968,
    71.922333351364));
#1717 = CARTESIAN_POINT('',(-85.46902818348,-12.49999999975,
    71.903271859276));
#1718 = CARTESIAN_POINT('',(-85.45216295171,-12.49999999982,
    71.884394213009));
#1719 = CARTESIAN_POINT('',(-85.4351428694,-12.49999999987,
    71.865690871968));
#1720 = CARTESIAN_POINT('',(-85.40796590359,-12.49999999995,
    71.835826147992));
#1721 = CARTESIAN_POINT('',(-85.38037092017,-12.49999999997,
    71.806374595339));
#1722 = CARTESIAN_POINT('',(-85.35244784108,-12.49999999998,
    71.777314878544));
#1723 = CARTESIAN_POINT('',(-85.30708459941,-12.5,71.730105079383));
#1724 = CARTESIAN_POINT('',(-85.26085528086,-12.5,71.683929680255));
#1725 = CARTESIAN_POINT('',(-85.21389170133,-12.5,71.638608350653));
#1726 = CARTESIAN_POINT('',(-85.20150141056,-12.5,71.626651330825));
#1727 = CARTESIAN_POINT('',(-85.18906003842,-12.49999999999,
    71.61475373395));
#1728 = CARTESIAN_POINT('',(-85.1765701166,-12.49999999999,
    71.602914069383));
#1729 = CARTESIAN_POINT('',(-85.14172209064,-12.49999999999,
    71.569880320733));
#1730 = CARTESIAN_POINT('',(-85.10649976932,-12.49999999999,
    71.537304045311));
#1731 = CARTESIAN_POINT('',(-85.07094587862,-12.49999999999,
    71.505135167442));
#1732 = CARTESIAN_POINT('',(-85.02263302478,-12.49999999999,
    71.461422081076));
#1733 = CARTESIAN_POINT('',(-84.97370795905,-12.5,71.418461229918));
#1734 = CARTESIAN_POINT('',(-84.92423619982,-12.49999999999,
    71.376147343843));
#1735 = CARTESIAN_POINT('',(-84.9171633416,-12.49999999999,
    71.370097829504));
#1736 = CARTESIAN_POINT('',(-84.91007930697,-12.49999999999,
    71.364061540542));
#1737 = CARTESIAN_POINT('',(-84.90298425446,-12.49999999999,
    71.35803823479));
#1738 = CARTESIAN_POINT('',(-84.86045194115,-12.49999999999,
    71.321930661648));
#1739 = CARTESIAN_POINT('',(-84.81752341901,-12.49999999999,
    71.286292497011));
#1740 = CARTESIAN_POINT('',(-84.7742372112,-12.49999999998,
    71.251079227038));
#1741 = CARTESIAN_POINT('',(-84.67323337925,-12.49999999996,
    71.168912749946));
#1742 = CARTESIAN_POINT('',(-84.57028198913,-12.49999999993,
    71.089059658507));
#1743 = CARTESIAN_POINT('',(-84.46570791829,-12.49999999994,
    71.01110871067));
#1744 = CARTESIAN_POINT('',(-84.4185980145,-12.49999999994,
    70.975992341733));
#1745 = CARTESIAN_POINT('',(-84.37115880893,-12.49999999995,
    70.941262011677));
#1746 = CARTESIAN_POINT('',(-84.32341379218,-12.49999999997,
    70.906895272345));
#1747 = CARTESIAN_POINT('',(-84.26518037391,-12.49999999998,
    70.864979008779));
#1748 = CARTESIAN_POINT('',(-84.20651235924,-12.49999999999,
    70.823611056542));
#1749 = CARTESIAN_POINT('',(-84.14744434954,-12.49999999999,
    70.782742809493));
#1750 = CARTESIAN_POINT('',(-84.03993195532,-12.5,70.708356638185));
#1751 = CARTESIAN_POINT('',(-83.9310945738,-12.5,70.635625557834));
#1752 = CARTESIAN_POINT('',(-83.82141124264,-12.49999999999,
    70.564523287441));
#1753 = CARTESIAN_POINT('',(-83.78527282687,-12.49999999999,
    70.541096542623));
#1754 = CARTESIAN_POINT('',(-83.74904255502,-12.49999999999,
    70.517846676626));
#1755 = CARTESIAN_POINT('',(-83.7127193273,-12.49999999999,
    70.494763282288));
#1756 = CARTESIAN_POINT('',(-83.63883742343,-12.49999999999,
    70.447811366696));
#1757 = CARTESIAN_POINT('',(-83.56461588794,-12.49999999999,
    70.401577603256));
#1758 = CARTESIAN_POINT('',(-83.49005779872,-12.49999999999,
    70.355979259667));
#1759 = CARTESIAN_POINT('',(-83.37880823349,-12.49999999999,
    70.28794109034));
#1760 = CARTESIAN_POINT('',(-83.26680941416,-12.49999999999,
    70.221317552867));
#1761 = CARTESIAN_POINT('',(-83.15414590803,-12.49999999999,
    70.155950261028));
#1762 = CARTESIAN_POINT('',(-83.13062623471,-12.49999999999,
    70.142304162103));
#1763 = CARTESIAN_POINT('',(-83.10707758978,-12.49999999999,
    70.128712819422));
#1764 = CARTESIAN_POINT('',(-83.08350034249,-12.49999999999,
    70.11517492397));
#1765 = CARTESIAN_POINT('',(-82.9941370721,-12.5,70.063863140334));
#1766 = CARTESIAN_POINT('',(-82.90435828747,-12.5,70.013312762215));
#1767 = CARTESIAN_POINT('',(-82.81419863047,-12.5,69.963460177607));
#1768 = CARTESIAN_POINT('',(-82.70026706987,-12.5,69.900463234705));
#1769 = CARTESIAN_POINT('',(-82.58572730722,-12.5,69.838580573476));
#1770 = CARTESIAN_POINT('',(-82.47064567438,-12.49999999999,
    69.777706776542));
#1771 = CARTESIAN_POINT('',(-82.46053766347,-12.49999999999,
    69.772360024078));
#1772 = CARTESIAN_POINT('',(-82.45042547237,-12.49999999999,
    69.767021054359));
#1773 = CARTESIAN_POINT('',(-82.4403091366,-12.49999999999,
    69.761689813163));
#1774 = CARTESIAN_POINT('',(-82.22008163444,-12.49999999998,
    69.645631394589));
#1775 = CARTESIAN_POINT('',(-81.99787310191,-12.49999999996,
    69.533241694457));
#1776 = CARTESIAN_POINT('',(-81.77403535633,-12.49999999996,
    69.423954778502));
#1777 = CARTESIAN_POINT('',(-81.55790183777,-12.49999999996,
    69.31842938726));
#1778 = CARTESIAN_POINT('',(-81.34024937293,-12.49999999997,
    69.215796770559));
#1779 = CARTESIAN_POINT('',(-81.12129731685,-12.49999999998,
    69.115677918459));
#1780 = CARTESIAN_POINT('',(-81.10303087489,-12.49999999998,
    69.107325335552));
#1781 = CARTESIAN_POINT('',(-81.08475498386,-12.49999999998,
    69.098990000191));
#1782 = CARTESIAN_POINT('',(-81.06646973701,-12.49999999998,
    69.090671679393));
#1783 = CARTESIAN_POINT('',(-80.82899561668,-12.5,68.982640000641));
#1784 = CARTESIAN_POINT('',(-80.58994349421,-12.5,68.877477883194));
#1785 = CARTESIAN_POINT('',(-80.34996082389,-12.5,68.77498044673));
#1786 = CARTESIAN_POINT('',(-80.15754116432,-12.5,68.692797338238));
#1787 = CARTESIAN_POINT('',(-79.96452329069,-12.5,68.612327424636));
#1788 = CARTESIAN_POINT('',(-79.77091576808,-12.49999999999,
    68.533369798082));
#1789 = CARTESIAN_POINT('',(-79.72315054286,-12.49999999999,
    68.513890034257));
#1790 = CARTESIAN_POINT('',(-79.6753559931,-12.49999999999,
    68.494505256333));
#1791 = CARTESIAN_POINT('',(-79.62753203726,-12.49999999999,
    68.475212243261));
#1792 = CARTESIAN_POINT('',(-79.38581413257,-12.49999999999,
    68.37769904902));
#1793 = CARTESIAN_POINT('',(-79.14334519724,-12.49999999999,
    68.282529668898));
#1794 = CARTESIAN_POINT('',(-78.90018216636,-12.49999999999,
    68.189389544754));
#1795 = CARTESIAN_POINT('',(-78.7345175136,-12.49999999999,
    68.125934066886));
#1796 = CARTESIAN_POINT('',(-78.56853063917,-12.5,68.063420605422));
#1797 = CARTESIAN_POINT('',(-78.40222464249,-12.5,68.001771326434));
#1798 = CARTESIAN_POINT('',(-78.08028339608,-12.5,67.88242839163));
#1799 = CARTESIAN_POINT('',(-77.75715355292,-12.49999999999,
    67.766327078534));
#1800 = CARTESIAN_POINT('',(-77.43304654993,-12.49999999999,
    67.652988967753));
#1801 = CARTESIAN_POINT('',(-77.29536123385,-12.49999999999,
    67.604841308297));
#1802 = CARTESIAN_POINT('',(-77.1574995936,-12.49999999999,
    67.557192274273));
#1803 = CARTESIAN_POINT('',(-77.01947473864,-12.49999999999,
    67.510015896372));
#1804 = CARTESIAN_POINT('',(-76.66478228712,-12.5,67.38878334636));
#1805 = CARTESIAN_POINT('',(-76.30901188263,-12.5,67.270663383551));
#1806 = CARTESIAN_POINT('',(-75.95229553579,-12.5,67.155175576848));
#1807 = CARTESIAN_POINT('',(-75.84343924928,-12.49999999999,
    67.119933082674));
#1808 = CARTESIAN_POINT('',(-75.73449486698,-12.49999999999,
    67.084935721677));
#1809 = CARTESIAN_POINT('',(-75.62546471429,-12.49999999999,
    67.050172677554));
#1810 = CARTESIAN_POINT('',(-75.23818474419,-12.49999999999,
    66.926692792809));
#1811 = CARTESIAN_POINT('',(-74.84986986115,-12.49999999999,
    66.80618922468));
#1812 = CARTESIAN_POINT('',(-74.46066614402,-12.49999999998,
    66.688190564759));
#1813 = CARTESIAN_POINT('',(-73.96186986689,-12.49999999998,
    66.536965667142));
#1814 = CARTESIAN_POINT('',(-73.46161372995,-12.49999999998,
    66.389854948871));
#1815 = CARTESIAN_POINT('',(-72.96042945211,-12.49999999999,
    66.246145199351));
#1816 = CARTESIAN_POINT('',(-72.91092839564,-12.49999999999,
    66.231951249659));
#1817 = CARTESIAN_POINT('',(-72.86141828479,-12.49999999999,
    66.217790477614));
#1818 = CARTESIAN_POINT('',(-72.81189926541,-12.49999999999,
    66.203662204652));
#1819 = CARTESIAN_POINT('',(-72.36005863703,-12.5,66.07474754089));
#1820 = CARTESIAN_POINT('',(-71.90746644715,-12.5,65.948529974844));
#1821 = CARTESIAN_POINT('',(-71.45425288084,-12.5,65.82449984803));
#1822 = CARTESIAN_POINT('',(-70.96250973488,-12.5,65.689925401705));
#1823 = CARTESIAN_POINT('',(-70.47003507378,-12.5,65.557926119935));
#1824 = CARTESIAN_POINT('',(-69.97698621851,-12.5,65.428001445088));
#1825 = CARTESIAN_POINT('',(-69.46160722679,-12.5,65.292192493891));
#1826 = CARTESIAN_POINT('',(-68.94559295002,-12.5,65.158646514963));
#1827 = CARTESIAN_POINT('',(-68.4291061047,-12.5,65.026787966238));
#1828 = CARTESIAN_POINT('',(-67.99609046227,-12.49999999999,
    64.916239527871));
#1829 = CARTESIAN_POINT('',(-67.56274265688,-12.49999999999,
    64.806877173917));
#1830 = CARTESIAN_POINT('',(-67.12913660771,-12.5,64.698431160674));
#1831 = CARTESIAN_POINT('',(-66.55076539277,-12.5,64.553778998748));
#1832 = CARTESIAN_POINT('',(-65.97193789827,-12.5,64.410753480565));
#1833 = CARTESIAN_POINT('',(-65.39283345796,-12.5,64.268713349726));
#1834 = CARTESIAN_POINT('',(-65.01993542078,-12.5,64.177250597409));
#1835 = CARTESIAN_POINT('',(-64.64692255291,-12.5,64.086196421471));
#1836 = CARTESIAN_POINT('',(-64.27383778382,-12.5,63.995398661758));
#1837 = CARTESIAN_POINT('',(-63.63315549743,-12.5,63.839475608579));
#1838 = CARTESIAN_POINT('',(-62.99226235904,-12.49999999999,
    63.684304716464));
#1839 = CARTESIAN_POINT('',(-62.3513732208,-12.49999999999,
    63.529119309089));
#1840 = CARTESIAN_POINT('',(-62.03947563889,-12.49999999999,
    63.453596179706));
#1841 = CARTESIAN_POINT('',(-61.72757900504,-12.49999999999,
    63.378069612817));
#1842 = CARTESIAN_POINT('',(-61.41570707754,-12.49999999999,
    63.302454876469));
#1843 = CARTESIAN_POINT('',(-60.71356815034,-12.5,63.13221816974));
#1844 = CARTESIAN_POINT('',(-60.01155654734,-12.5,62.961526664846));
#1845 = CARTESIAN_POINT('',(-59.30994721597,-12.49999999999,
    62.789403946034));
#1846 = CARTESIAN_POINT('',(-59.05956678693,-12.49999999999,
    62.72797922111));
#1847 = CARTESIAN_POINT('',(-58.80923758924,-12.49999999999,
    62.666372226611));
#1848 = CARTESIAN_POINT('',(-58.5589724493,-12.49999999999,
    62.604536881407));
#1849 = CARTESIAN_POINT('',(-57.79645760683,-12.49999999998,
    62.4161352186));
#1850 = CARTESIAN_POINT('',(-57.03454121874,-12.49999999988,
    62.225602821086));
#1851 = CARTESIAN_POINT('',(-56.27357469761,-12.49999999988,
    62.031681577714));
#1852 = CARTESIAN_POINT('',(-56.0849219762,-12.49999999988,
    61.983606177174));
#1853 = CARTESIAN_POINT('',(-55.89632762713,-12.49999999989,
    61.935322495468));
#1854 = CARTESIAN_POINT('',(-55.70779782116,-12.4999999999,
    61.886809308866));
#1855 = CARTESIAN_POINT('',(-54.88627229236,-12.49999999998,
    61.675411322905));
#1856 = CARTESIAN_POINT('',(-54.06596113368,-12.49999999999,
    61.45960119324));
#1857 = CARTESIAN_POINT('',(-53.24741654365,-12.49999999999,
    61.237576577792));
#1858 = CARTESIAN_POINT('',(-52.24100814517,-12.49999999999,
    60.96459519061));
#1859 = CARTESIAN_POINT('',(-51.23727032277,-12.5,60.682219079153));
#1860 = CARTESIAN_POINT('',(-50.23726797469,-12.49999999992,
    60.38643456967));
#1861 = CARTESIAN_POINT('',(-50.17152802079,-12.49999999991,
    60.366989755308));
#1862 = CARTESIAN_POINT('',(-50.10580421012,-12.49999999991,
    60.347486996022));
#1863 = CARTESIAN_POINT('',(-50.04009705971,-12.4999999999,
    60.327924947781));
#1864 = CARTESIAN_POINT('',(-49.10630965622,-12.49999999981,
    60.049921806253));
#1865 = CARTESIAN_POINT('',(-48.17586011329,-12.5,59.76003091507));
#1866 = CARTESIAN_POINT('',(-47.24990069257,-12.49999999999,
    59.454129113162));
#1867 = CARTESIAN_POINT('',(-47.24466287347,-12.49999999999,
    59.452398736789));
#1868 = CARTESIAN_POINT('',(-47.23942519811,-12.49999999999,
    59.450667847991));
#1869 = CARTESIAN_POINT('',(-47.23418766653,-12.49999999999,
    59.44893644566));
#1870 = CARTESIAN_POINT('',(-46.59791122109,-12.49999999999,
    59.238598712689));
#1871 = CARTESIAN_POINT('',(-45.96375896991,-12.49999999992,
    59.020685407655));
#1872 = CARTESIAN_POINT('',(-45.33221739325,-12.4999999999,
    58.793489773532));
#1873 = CARTESIAN_POINT('',(-45.03954199599,-12.4999999999,
    58.688200470453));
#1874 = CARTESIAN_POINT('',(-44.74742705794,-12.49999999993,
    58.580918222918));
#1875 = CARTESIAN_POINT('',(-44.45591970695,-12.49999999996,
    58.471476916229));
#1876 = CARTESIAN_POINT('',(-44.40186426248,-12.49999999997,
    58.451182750556));
#1877 = CARTESIAN_POINT('',(-44.34783129245,-12.49999999998,
    58.430814254351));
#1878 = CARTESIAN_POINT('',(-44.29381934691,-12.49999999998,
    58.41036973089));
#1879 = CARTESIAN_POINT('',(-43.88793742586,-12.50000000001,
    58.256735893538));
#1880 = CARTESIAN_POINT('',(-43.48324135192,-12.5,58.098813458332));
#1881 = CARTESIAN_POINT('',(-43.07990010631,-12.5,57.936038143641));
#1882 = CARTESIAN_POINT('',(-42.69990283904,-12.5,57.782683693935));
#1883 = CARTESIAN_POINT('',(-42.32110201068,-12.5,57.62500992143));
#1884 = CARTESIAN_POINT('',(-41.94470799001,-12.5,57.462958477138));
#1885 = CARTESIAN_POINT('',(-41.86842046743,-12.5,57.430113897956));
#1886 = CARTESIAN_POINT('',(-41.79223174771,-12.5,57.397089644109));
#1887 = CARTESIAN_POINT('',(-41.71615178917,-12.5,57.363885475292));
#1888 = CARTESIAN_POINT('',(-41.60507180207,-12.5,57.315405971435));
#1889 = CARTESIAN_POINT('',(-41.49421627567,-12.5,57.266538110881));
#1890 = CARTESIAN_POINT('',(-41.3836002973,-12.49999999999,
    57.217274639413));
#1891 = CARTESIAN_POINT('',(-40.81346675932,-12.49999999999,
    56.96336234126));
#1892 = CARTESIAN_POINT('',(-40.24969584126,-12.49999999979,
    56.69894396681));
#1893 = CARTESIAN_POINT('',(-39.69305486216,-12.49999999975,
    56.422132360741));
#1894 = CARTESIAN_POINT('',(-39.47984431528,-12.49999999974,
    56.316105035895));
#1895 = CARTESIAN_POINT('',(-39.26767996386,-12.49999999977,
    56.20825899177));
#1896 = CARTESIAN_POINT('',(-39.05660555415,-12.49999999984,
    56.098486138972));
#1897 = CARTESIAN_POINT('',(-38.89372587898,-12.4999999999,
    56.013777781244));
#1898 = CARTESIAN_POINT('',(-38.73150341269,-12.49999999993,
    55.927918421426));
#1899 = CARTESIAN_POINT('',(-38.56996840854,-12.49999999995,
    55.840862188257));
#1900 = CARTESIAN_POINT('',(-38.11130112222,-12.50000000001,
    55.593672135337));
#1901 = CARTESIAN_POINT('',(-37.65817685153,-12.5,55.336831834363));
#1902 = CARTESIAN_POINT('',(-37.21137377748,-12.5,55.06895320476));
#1903 = CARTESIAN_POINT('',(-36.97594743821,-12.5,54.927804477729));
#1904 = CARTESIAN_POINT('',(-36.74227600223,-12.5,54.783591238184));
#1905 = CARTESIAN_POINT('',(-36.51052488436,-12.5,54.636128000698));
#1906 = CARTESIAN_POINT('',(-36.30244750399,-12.5,54.503728362503));
#1907 = CARTESIAN_POINT('',(-36.0958741927,-12.49999999999,
    54.368670958657));
#1908 = CARTESIAN_POINT('',(-35.89092665542,-12.49999999997,
    54.230827154565));
#1909 = CARTESIAN_POINT('',(-35.688850366,-12.49999999995,
    54.094914497014));
#1910 = CARTESIAN_POINT('',(-35.48835463429,-12.49999999991,
    53.95629297899));
#1911 = CARTESIAN_POINT('',(-35.2894676193,-12.4999999999,
    53.814712573685));
#1912 = CARTESIAN_POINT('',(-35.06198928911,-12.49999999989,
    53.652779054856));
#1913 = CARTESIAN_POINT('',(-34.83682440381,-12.49999999995,
    53.487132611977));
#1914 = CARTESIAN_POINT('',(-34.61390967717,-12.49999999998,
    53.317312363305));
#1915 = CARTESIAN_POINT('',(-34.44426116047,-12.5,53.188071223769));
#1916 = CARTESIAN_POINT('',(-34.27591614237,-12.5,53.056412535416));
#1917 = CARTESIAN_POINT('',(-34.10923303013,-12.5,52.922454674262));
#1918 = CARTESIAN_POINT('',(-33.86525054175,-12.5,52.726373788434));
#1919 = CARTESIAN_POINT('',(-33.62443622068,-12.49999999996,
    52.525032537325));
#1920 = CARTESIAN_POINT('',(-33.38831334736,-12.4999999999,
    52.319152179761));
#1921 = CARTESIAN_POINT('',(-33.25115978868,-12.49999999987,
    52.199565189711));
#1922 = CARTESIAN_POINT('',(-33.11558870059,-12.49999999987,
    52.07844760365));
#1923 = CARTESIAN_POINT('',(-32.98169030503,-12.49999999992,
    51.955814293906));
#1924 = CARTESIAN_POINT('',(-32.74177817763,-12.50000000002,
    51.736086356857));
#1925 = CARTESIAN_POINT('',(-32.5074998656,-12.49999999999,
    51.511663128235));
#1926 = CARTESIAN_POINT('',(-32.27886152375,-12.5,51.282156837122));
#1927 = CARTESIAN_POINT('',(-32.26563291737,-12.5,51.268878012744));
#1928 = CARTESIAN_POINT('',(-32.2524232016,-12.5,51.255582162186));
#1929 = CARTESIAN_POINT('',(-32.23923238153,-12.5,51.242269206513));
#1930 = CARTESIAN_POINT('',(-32.13410771452,-12.5,51.136171175893));
#1931 = CARTESIAN_POINT('',(-32.03018302839,-12.5,51.028986887242));
#1932 = CARTESIAN_POINT('',(-31.92746660314,-12.5,50.92067265812));
#1933 = CARTESIAN_POINT('',(-31.66998116106,-12.5,50.649154864345));
#1934 = CARTESIAN_POINT('',(-31.42007673527,-12.5,50.370524346086));
#1935 = CARTESIAN_POINT('',(-31.17821415698,-12.49999999999,
    50.084364727039));
#1936 = CARTESIAN_POINT('',(-31.10223956381,-12.49999999999,
    49.994475415547));
#1937 = CARTESIAN_POINT('',(-31.02705855922,-12.49999999998,
    49.903843141516));
#1938 = CARTESIAN_POINT('',(-30.95268442774,-12.49999999997,
    49.812445921258));
#1939 = CARTESIAN_POINT('',(-30.72317971372,-12.49999999993,
    49.530411126641));
#1940 = CARTESIAN_POINT('',(-30.50148351583,-12.49999999998,
    49.241310119072));
#1941 = CARTESIAN_POINT('',(-30.28810347045,-12.49999999999,
    48.944693438384));
#1942 = CARTESIAN_POINT('',(-30.26278363002,-12.49999999999,
    48.909496674734));
#1943 = CARTESIAN_POINT('',(-30.23758084938,-12.49999999999,
    48.874194137263));
#1944 = CARTESIAN_POINT('',(-30.21249594802,-12.49999999999,
    48.83878511622));
#1945 = CARTESIAN_POINT('',(-30.16238384264,-12.5,48.768048517794));
#1946 = CARTESIAN_POINT('',(-30.11274218628,-12.5,48.696886969662));
#1947 = CARTESIAN_POINT('',(-30.06361976865,-12.5,48.625363017836));
#1948 = CARTESIAN_POINT('',(-29.9631742112,-12.5,48.479110785989));
#1949 = CARTESIAN_POINT('',(-29.86474052807,-12.49999999999,
    48.331104766295));
#1950 = CARTESIAN_POINT('',(-29.76879488334,-12.49999999999,
    48.181967671984));
#1951 = CARTESIAN_POINT('',(-29.73056495544,-12.49999999999,
    48.122543397137));
#1952 = CARTESIAN_POINT('',(-29.69272993017,-12.49999999999,
    48.062939672978));
#1953 = CARTESIAN_POINT('',(-29.65529161368,-12.49999999999,
    48.003160795014));
#1954 = CARTESIAN_POINT('',(-29.55291872547,-12.5,47.839698947249));
#1955 = CARTESIAN_POINT('',(-29.45361951757,-12.5,47.675066836397));
#1956 = CARTESIAN_POINT('',(-29.3572817572,-12.5,47.509109511375));
#1957 = CARTESIAN_POINT('',(-29.32996844737,-12.5,47.462057931401));
#1958 = CARTESIAN_POINT('',(-29.30289327496,-12.5,47.414899788123));
#1959 = CARTESIAN_POINT('',(-29.27605529905,-12.5,47.367632510673));
#1960 = CARTESIAN_POINT('',(-29.05675030558,-12.49999999999,
    46.981390641697));
#1961 = CARTESIAN_POINT('',(-28.85324123328,-12.49999999999,
    46.587809235884));
#1962 = CARTESIAN_POINT('',(-28.66588058432,-12.49999999999,
    46.186906202654));
#1963 = CARTESIAN_POINT('',(-28.65520031618,-12.49999999999,
    46.164053208099));
#1964 = CARTESIAN_POINT('',(-28.64457250859,-12.49999999999,
    46.141176428629));
#1965 = CARTESIAN_POINT('',(-28.63399722222,-12.49999999999,
    46.118275869828));
#1966 = CARTESIAN_POINT('',(-28.624529348,-12.49999999999,
    46.097773388626));
#1967 = CARTESIAN_POINT('',(-28.6151035712,-12.49999999999,
    46.077251847543));
#1968 = CARTESIAN_POINT('',(-28.60571995972,-12.49999999999,
    46.056711282401));
#1969 = CARTESIAN_POINT('',(-28.41743866475,-12.5,45.644566745995));
#1970 = CARTESIAN_POINT('',(-28.24612694207,-12.5,45.224750437276));
#1971 = CARTESIAN_POINT('',(-28.09221564306,-12.5,44.797240048796));
#1972 = CARTESIAN_POINT('',(-28.07958485204,-12.5,44.762156241366));
#1973 = CARTESIAN_POINT('',(-28.06707127486,-12.5,44.727020604754));
#1974 = CARTESIAN_POINT('',(-28.05467516412,-12.49999999999,
    44.691833120416));
#1975 = CARTESIAN_POINT('',(-28.05168639656,-12.49999999999,
    44.683349232712));
#1976 = CARTESIAN_POINT('',(-28.04870445691,-12.49999999999,
    44.674862302205));
#1977 = CARTESIAN_POINT('',(-28.04572935115,-12.49999999999,
    44.666372338654));
#1978 = CARTESIAN_POINT('',(-27.96735415263,-12.49999999999,
    44.442715557292));
#1979 = CARTESIAN_POINT('',(-27.89372388777,-12.49999999999,
    44.216953070892));
#1980 = CARTESIAN_POINT('',(-27.8248431421,-12.49999999999,
    43.988727133619));
#1981 = CARTESIAN_POINT('',(-27.81763467564,-12.49999999999,
    43.964842969813));
#1982 = CARTESIAN_POINT('',(-27.81047917921,-12.49999999999,
    43.940934285017));
#1983 = CARTESIAN_POINT('',(-27.80337629181,-12.49999999999,
    43.916999535978));
#1984 = CARTESIAN_POINT('',(-27.7517741544,-12.5,43.743114728281));
#1985 = CARTESIAN_POINT('',(-27.70294472509,-12.5,43.567855846095));
#1986 = CARTESIAN_POINT('',(-27.65705826742,-12.5,43.391831692057));
#1987 = CARTESIAN_POINT('',(-27.64661574373,-12.5,43.351773328621));
#1988 = CARTESIAN_POINT('',(-27.63632584212,-12.49999999999,
    43.311675282378));
#1989 = CARTESIAN_POINT('',(-27.62619095191,-12.49999999999,
    43.271544700162));
#1990 = CARTESIAN_POINT('',(-27.61614003934,-12.49999999999,
    43.231746639728));
#1991 = CARTESIAN_POINT('',(-27.60623960111,-12.49999999999,
    43.191909497705));
#1992 = CARTESIAN_POINT('',(-27.59649362459,-12.49999999999,
    43.152045888827));
#1993 = CARTESIAN_POINT('',(-27.54728459318,-12.49999999999,
    42.950767999605));
#1994 = CARTESIAN_POINT('',(-27.50201574334,-12.49999999999,
    42.74881471231));
#1995 = CARTESIAN_POINT('',(-27.46070402332,-12.49999999999,
    42.546696040612));
#1996 = CARTESIAN_POINT('',(-27.44959551738,-12.49999999999,
    42.492347384479));
#1997 = CARTESIAN_POINT('',(-27.4387728069,-12.5,42.437983790458));
#1998 = CARTESIAN_POINT('',(-27.42823500907,-12.5,42.383610181566));
#1999 = CARTESIAN_POINT('',(-27.39182196623,-12.5,42.195723814466));
#2000 = CARTESIAN_POINT('',(-27.35881021348,-12.5,42.007718057483));
#2001 = CARTESIAN_POINT('',(-27.32911413939,-12.5,41.819434139998));
#2002 = CARTESIAN_POINT('',(-27.31849400286,-12.5,41.752098609244));
#2003 = CARTESIAN_POINT('',(-27.30829876858,-12.5,41.684732670788));
#2004 = CARTESIAN_POINT('',(-27.29852518383,-12.5,41.617332984694));
#2005 = CARTESIAN_POINT('',(-27.26165274314,-12.5,41.363056688672));
#2006 = CARTESIAN_POINT('',(-27.23078246674,-12.49999999999,
    41.108299914858));
#2007 = CARTESIAN_POINT('',(-27.20581279315,-12.49999999999,
    40.853128240652));
#2008 = CARTESIAN_POINT('',(-27.18967557923,-12.5,40.68821779919));
#2009 = CARTESIAN_POINT('',(-27.17600262814,-12.5,40.523134125669));
#2010 = CARTESIAN_POINT('',(-27.1647681879,-12.5,40.357877447012));
#2011 = CARTESIAN_POINT('',(-27.15872209738,-12.5,40.268940497921));
#2012 = CARTESIAN_POINT('',(-27.15338251644,-12.5,40.179955209192));
#2013 = CARTESIAN_POINT('',(-27.1487451086,-12.5,40.090920783244));
#2014 = CARTESIAN_POINT('',(-27.13556595346,-12.5,39.837891816722));
#2015 = CARTESIAN_POINT('',(-27.12805830418,-12.5,39.584465999553));
#2016 = CARTESIAN_POINT('',(-27.12614546469,-12.5,39.330643786748));
#2017 = CARTESIAN_POINT('',(-27.12503255084,-12.5,39.182966861277));
#2018 = CARTESIAN_POINT('',(-27.12581340529,-12.5,39.035155751277));
#2019 = CARTESIAN_POINT('',(-27.12847569884,-12.5,38.887209758542));
#2020 = CARTESIAN_POINT('',(-27.13036378222,-12.5,38.782287305562));
#2021 = CARTESIAN_POINT('',(-27.13319788618,-12.5,38.677297135849));
#2022 = CARTESIAN_POINT('',(-27.13697347699,-12.5,38.572239561133));
#2023 = CARTESIAN_POINT('',(-27.14602307525,-12.5,38.32043026966));
#2024 = CARTESIAN_POINT('',(-27.16048187335,-12.5,38.068233746829));
#2025 = CARTESIAN_POINT('',(-27.18029891314,-12.5,37.815656138067));
#2026 = CARTESIAN_POINT('',(-27.18523651191,-12.5,37.752724090492));
#2027 = CARTESIAN_POINT('',(-27.19050672511,-12.5,37.68976838425));
#2028 = CARTESIAN_POINT('',(-27.19610890169,-12.5,37.626789122801));
#2029 = CARTESIAN_POINT('',(-27.20170362627,-12.5,37.56389363606));
#2030 = CARTESIAN_POINT('',(-27.20762943169,-12.5,37.500974656739));
#2031 = CARTESIAN_POINT('',(-27.21388561427,-12.5,37.438032284363));
#2032 = CARTESIAN_POINT('',(-27.21489163558,-12.5,37.427910877721));
#2033 = CARTESIAN_POINT('',(-27.21590619975,-12.5,37.417788866179));
#2034 = CARTESIAN_POINT('',(-27.21692930468,-12.5,37.407666250197));
#2035 = ORIENTED_EDGE('',*,*,#1193,.F.);
#2036 = ORIENTED_EDGE('',*,*,#21,.F.);
#2037 = ORIENTED_EDGE('',*,*,#692,.F.);
#2038 = ORIENTED_EDGE('',*,*,#2039,.F.);
#2039 = EDGE_CURVE('',#1499,#685,#2040,.T.);
#2040 = B_SPLINE_CURVE_WITH_KNOTS('',3,(#2041,#2042,#2043,#2044,#2045,
    #2046,#2047,#2048,#2049,#2050,#2051,#2052,#2053,#2054,#2055,#2056,
    #2057,#2058,#2059,#2060,#2061,#2062,#2063,#2064,#2065,#2066,#2067,
    #2068,#2069,#2070,#2071,#2072,#2073,#2074,#2075,#2076,#2077,#2078,
    #2079,#2080,#2081,#2082,#2083,#2084,#2085,#2086,#2087,#2088,#2089,
    #2090,#2091,#2092,#2093,#2094,#2095,#2096,#2097,#2098,#2099,#2100,
    #2101,#2102,#2103,#2104,#2105,#2106,#2107),.UNSPECIFIED.,.F.,.F.,(4,
    3,3,3,3,3,3,3,3,3,3,3,3,3,3,3,3,3,3,3,3,3,4),(1.082424418988E-06,
    3.107106236826E-02,6.327743872707E-02,9.332257382488E-02,
    9.548381508588E-02,0.108622735182,0.111645472328,0.13654045499,
    0.161598431421,0.178310914392,0.203520434672,0.206739307204,
    0.207880686992,0.233384925745,0.258056161472,0.264210926171,
    0.289295613854,0.292000377263,0.311200301199,0.33089232062,
    0.34502833998,0.363334391585,0.364501599265),.UNSPECIFIED.);
#2041 = CARTESIAN_POINT('',(-33.78376615068,-9.183640360916,
    37.1010878358));
#2042 = CARTESIAN_POINT('',(-33.84061658355,-9.101120292854,
    37.127251823053));
#2043 = CARTESIAN_POINT('',(-33.89797046697,-9.014682163315,
    37.152860951922));
#2044 = CARTESIAN_POINT('',(-33.95542824914,-8.924077140206,
    37.178539543452));
#2045 = CARTESIAN_POINT('',(-34.0149875717,-8.830158203678,37.2051573393
    ));
#2046 = CARTESIAN_POINT('',(-34.07465896665,-8.731762487569,
    37.231849771981));
#2047 = CARTESIAN_POINT('',(-34.13395219216,-8.628573091815,
    37.259312203002));
#2048 = CARTESIAN_POINT('',(-34.18926648617,-8.532308324194,
    37.284931739982));
#2049 = CARTESIAN_POINT('',(-34.24425135373,-8.43187147511,
    37.311221399747));
#2050 = CARTESIAN_POINT('',(-34.29847055172,-8.326970189031,
    37.33874573896));
#2051 = CARTESIAN_POINT('',(-34.30237070951,-8.319424308905,
    37.340725651428));
#2052 = CARTESIAN_POINT('',(-34.30626688907,-8.311855312713,
    37.342711952595));
#2053 = CARTESIAN_POINT('',(-34.31015892036,-8.304263084404,
    37.344704852594));
#2054 = CARTESIAN_POINT('',(-34.33381990123,-8.258107348389,
    37.356820368947));
#2055 = CARTESIAN_POINT('',(-34.35732679624,-8.211094816269,
    37.369180979278));
#2056 = CARTESIAN_POINT('',(-34.38064007293,-8.163199958984,
    37.381829248254));
#2057 = CARTESIAN_POINT('',(-34.38600352037,-8.152181278365,
    37.384739106309));
#2058 = CARTESIAN_POINT('',(-34.39135671489,-8.141115893359,
    37.387664168399));
#2059 = CARTESIAN_POINT('',(-34.39669943754,-8.130003261883,
    37.390603596314));
#2060 = CARTESIAN_POINT('',(-34.44070160558,-8.038480660164,
    37.414812451876));
#2061 = CARTESIAN_POINT('',(-34.48289801249,-7.946041829796,
    37.439307650456));
#2062 = CARTESIAN_POINT('',(-34.52340131884,-7.852528020816,
    37.463761919836));
#2063 = CARTESIAN_POINT('',(-34.56416981061,-7.758401953196,
    37.488376297524));
#2064 = CARTESIAN_POINT('',(-34.6032231417,-7.66318614948,
    37.512949208311));
#2065 = CARTESIAN_POINT('',(-34.64062744749,-7.566699028707,
    37.5371469096));
#2066 = CARTESIAN_POINT('',(-34.66557434715,-7.502346690951,
    37.553285629812));
#2067 = CARTESIAN_POINT('',(-34.68978671509,-7.437428444054,
    37.569257447162));
#2068 = CARTESIAN_POINT('',(-34.71327155888,-7.371887741724,
    37.584963347652));
#2069 = CARTESIAN_POINT('',(-34.74869667474,-7.27302453466,
    37.608654514167));
#2070 = CARTESIAN_POINT('',(-34.78246452683,-7.172756370332,
    37.631801313298));
#2071 = CARTESIAN_POINT('',(-34.8145466474,-7.070917799405,
    37.654284738869));
#2072 = CARTESIAN_POINT('',(-34.81864304652,-7.057914561936,
    37.657155530547));
#2073 = CARTESIAN_POINT('',(-34.82271189287,-7.044885727067,
    37.660015506974));
#2074 = CARTESIAN_POINT('',(-34.82675306541,-7.031830957056,
    37.662864420417));
#2075 = CARTESIAN_POINT('',(-34.82818602449,-7.027201867065,
    37.663874616437));
#2076 = CARTESIAN_POINT('',(-34.82961550375,-7.022569516632,
    37.664883446536));
#2077 = CARTESIAN_POINT('',(-34.83104149273,-7.017933895057,
    37.665890932404));
#2078 = CARTESIAN_POINT('',(-34.8629053505,-6.91435049477,
    37.688403298908));
#2079 = CARTESIAN_POINT('',(-34.8939785973,-6.806031768352,
    37.711015459674));
#2080 = CARTESIAN_POINT('',(-34.92366441724,-6.693145736427,
    37.733495661719));
#2081 = CARTESIAN_POINT('',(-34.95238065804,-6.583946715401,
    37.755241629878));
#2082 = CARTESIAN_POINT('',(-34.97979814549,-6.4704734921,
    37.776864118449));
#2083 = CARTESIAN_POINT('',(-35.00541555262,-6.352848025469,
    37.798153348946));
#2084 = CARTESIAN_POINT('',(-35.01180635991,-6.323503850019,
    37.80346440048));
#2085 = CARTESIAN_POINT('',(-35.01808535066,-6.293901120933,
    37.808754711391));
#2086 = CARTESIAN_POINT('',(-35.02424518408,-6.264041471281,
    37.814021024643));
#2087 = CARTESIAN_POINT('',(-35.04935053009,-6.142343888604,
    37.835484692164));
#2088 = CARTESIAN_POINT('',(-35.07247586881,-6.016368552883,
    37.856482628291));
#2089 = CARTESIAN_POINT('',(-35.09316580717,-5.886129257612,
    37.876144715373));
#2090 = CARTESIAN_POINT('',(-35.09539670551,-5.872086169466,
    37.878264785367));
#2091 = CARTESIAN_POINT('',(-35.09759933081,-5.857993479483,
    37.880369324393));
#2092 = CARTESIAN_POINT('',(-35.099773143,-5.843851185217,
    37.882457241663));
#2093 = CARTESIAN_POINT('',(-35.11520407814,-5.743461268184,
    37.897278446595));
#2094 = CARTESIAN_POINT('',(-35.12918539419,-5.640568411496,
    37.91122165918));
#2095 = CARTESIAN_POINT('',(-35.14149706821,-5.535187881254,
    37.923901859407));
#2096 = CARTESIAN_POINT('',(-35.15412429135,-5.427106440149,
    37.936907054113));
#2097 = CARTESIAN_POINT('',(-35.16499525058,-5.316412156411,
    37.948556123237));
#2098 = CARTESIAN_POINT('',(-35.17384550231,-5.203131193637,
    37.958583257125));
#2099 = CARTESIAN_POINT('',(-35.1801987019,-5.121811860732,
    37.965781287745));
#2100 = CARTESIAN_POINT('',(-35.18550993841,-5.039160220424,
    37.972143508947));
#2101 = CARTESIAN_POINT('',(-35.18967023249,-4.955198371851,
    37.977571591788));
#2102 = CARTESIAN_POINT('',(-35.19505778582,-4.8464683331,
    37.984600923176));
#2103 = CARTESIAN_POINT('',(-35.19851695108,-4.7355378588,
    37.990082403749));
#2104 = CARTESIAN_POINT('',(-35.19978440103,-4.622440079682,
    37.994003879984));
#2105 = CARTESIAN_POINT('',(-35.1998652146,-4.615228879848,
    37.994253916271));
#2106 = CARTESIAN_POINT('',(-35.19993710539,-4.608008881606,
    37.994497610463));
#2107 = CARTESIAN_POINT('',(-35.2,-4.600780098835,37.994734959411));
#2108 = ( BOUNDED_SURFACE() B_SPLINE_SURFACE(3,2,(
    (#2109,#2110,#2111)
    ,(#2112,#2113,#2114)
    ,(#2115,#2116,#2117)
    ,(#2118,#2119,#2120)
    ,(#2121,#2122,#2123)
    ,(#2124,#2125,#2126)
    ,(#2127,#2128,#2129)
    ,(#2130,#2131,#2132)
    ,(#2133,#2134,#2135)
    ,(#2136,#2137,#2138)
    ,(#2139,#2140,#2141)
    ,(#2142,#2143,#2144)
    ,(#2145,#2146,#2147)
    ,(#2148,#2149,#2150)
    ,(#2151,#2152,#2153)
    ,(#2154,#2155,#2156)
    ,(#2157,#2158,#2159)
    ,(#2160,#2161,#2162)
    ,(#2163,#2164,#2165)
    ,(#2166,#2167,#2168)
    ,(#2169,#2170,#2171)
    ,(#2172,#2173,#2174)
    ,(#2175,#2176,#2177)
    ,(#2178,#2179,#2180)
    ,(#2181,#2182,#2183)
    ,(#2184,#2185,#2186)
    ,(#2187,#2188,#2189)
    ,(#2190,#2191,#2192)
    ,(#2193,#2194,#2195)
    ,(#2196,#2197,#2198)
    ,(#2199,#2200,#2201)
    ,(#2202,#2203,#2204)
    ,(#2205,#2206,#2207)
    ,(#2208,#2209,#2210)
    ,(#2211,#2212,#2213)
    ,(#2214,#2215,#2216)
    ,(#2217,#2218,#2219)
    ,(#2220,#2221,#2222)
    ,(#2223,#2224,#2225)
    ,(#2226,#2227,#2228)
    ,(#2229,#2230,#2231)
    ,(#2232,#2233,#2234)
    ,(#2235,#2236,#2237)
    ,(#2238,#2239,#2240)
    ,(#2241,#2242,#2243)
    ,(#2244,#2245,#2246)
    ,(#2247,#2248,#2249)
    ,(#2250,#2251,#2252)
    ,(#2253,#2254,#2255)
    ,(#2256,#2257,#2258)
    ,(#2259,#2260,#2261)
    ,(#2262,#2263,#2264)
    ,(#2265,#2266,#2267)
    ,(#2268,#2269,#2270)
    ,(#2271,#2272,#2273)
    ,(#2274,#2275,#2276)
    ,(#2277,#2278,#2279)
    ,(#2280,#2281,#2282)
    ,(#2283,#2284,#2285)
    ,(#2286,#2287,#2288)
    ,(#2289,#2290,#2291)
    ,(#2292,#2293,#2294)
    ,(#2295,#2296,#2297)
    ,(#2298,#2299,#2300)
    ,(#2301,#2302,#2303)
    ,(#2304,#2305,#2306)
    ,(#2307,#2308,#2309)
    ,(#2310,#2311,#2312)
    ,(#2313,#2314,#2315)
    ,(#2316,#2317,#2318)
    ,(#2319,#2320,#2321)
    ,(#2322,#2323,#2324)
    ,(#2325,#2326,#2327)
    ,(#2328,#2329,#2330)
    ,(#2331,#2332,#2333)
    ,(#2334,#2335,#2336)
    ,(#2337,#2338,#2339)
    ,(#2340,#2341,#2342)
    ,(#2343,#2344,#2345)
    ,(#2346,#2347,#2348)
    ,(#2349,#2350,#2351)
    ,(#2352,#2353,#2354)
    ,(#2355,#2356,#2357)
    ,(#2358,#2359,#2360)
    ,(#2361,#2362,#2363)
    ,(#2364,#2365,#2366)
    ,(#2367,#2368,#2369)
    ,(#2370,#2371,#2372)
    ,(#2373,#2374,#2375)
    ,(#2376,#2377,#2378)
    ,(#2379,#2380,#2381)
    ,(#2382,#2383,#2384)
    ,(#2385,#2386,#2387)
    ,(#2388,#2389,#2390)
    ,(#2391,#2392,#2393)
    ,(#2394,#2395,#2396)
    ,(#2397,#2398,#2399)
    ,(#2400,#2401,#2402)
    ,(#2403,#2404,#2405)
    ,(#2406,#2407,#2408)
    ,(#2409,#2410,#2411)
    ,(#2412,#2413,#2414)
    ,(#2415,#2416,#2417)
    ,(#2418,#2419,#2420)
    ,(#2421,#2422,#2423)
    ,(#2424,#2425,#2426)
    ,(#2427,#2428,#2429)
    ,(#2430,#2431,#2432)
    ,(#2433,#2434,#2435)
    ,(#2436,#2437,#2438)
    ,(#2439,#2440,#2441)
    ,(#2442,#2443,#2444)
    ,(#2445,#2446,#2447)
    ,(#2448,#2449,#2450)
    ,(#2451,#2452,#2453)
    ,(#2454,#2455,#2456)
    ,(#2457,#2458,#2459)
    ,(#2460,#2461,#2462)
    ,(#2463,#2464,#2465)
    ,(#2466,#2467,#2468)
    ,(#2469,#2470,#2471)
    ,(#2472,#2473,#2474)
    ,(#2475,#2476,#2477)
    ,(#2478,#2479,#2480)
    ,(#2481,#2482,#2483)
    ,(#2484,#2485,#2486)
    ,(#2487,#2488,#2489
)),.UNSPECIFIED.,.F.,.F.,.F.) B_SPLINE_SURFACE_WITH_KNOTS((4,1,1,1,1,1,1
    ,1,1,1,1,1,1,1,1,1,1,1,1,1,1,1,1,1,1,1,1,1,1,1,1,1,1,1,1,1,1,1,1,1,1
    ,1,1,1,1,1,1,1,1,1,1,1,1,1,1,1,1,1,1,1,1,1,1,1,1,1,1,1,1,1,1,1,1,1,1
    ,1,1,1,1,1,1,1,1,1,1,1,1,1,1,1,1,1,1,1,1,1,1,1,1,1,1,1,1,1,1,1,1,1,1
    ,1,1,1,1,1,1,1,1,1,1,1,1,1,1,1,4),(3,3),(0.114246252574,
    0.114625965932,0.115005679289,0.115195535968,0.115385392647,
    0.115575249326,0.115670177665,0.115717641835,0.11574137392,
    0.115765106005,0.115812570174,0.115860034344,0.115954962684,
    0.116049891023,0.116144819362,0.116334676041,0.11652453272,
    0.117283959435,0.118043386151,0.118802812866,0.119562239582,
    0.120321666297,0.121081093012,0.121840519728,0.122599946443,
    0.123359373159,0.124878226589,0.12639708002,0.127156506735,
    0.127915933451,0.129434786882,0.130953640312,0.132472493743,
    0.133991347174,0.135510200605,0.137029054035,0.138547907466,
    0.141585614328,0.144623321189,0.147661028051,0.150698734912,
    0.153736441774,0.156774148635,0.159811855497,0.162849562358,
    0.16588726922,0.168924976081,0.171962682943,0.173481536374,
    0.175000389804,0.176519243235,0.178038096666,0.179556950097,
    0.180316376812,0.181075803528,0.181835230243,0.182594656958,
    0.183354083674,0.183733797031,0.184113510389,0.184493223747,
    0.184872937104,0.185252650462,0.18563236382,0.186012077178,
    0.186201933856,0.186391790535,0.186581647214,0.186771503893,
    0.186961360572,0.187056288911,0.187151217251,0.18724614559,
    0.187341073929,0.187388538099,0.187436002269,0.187483466439,
    0.187530930608,0.187578394778,0.187602126863,0.187625858948,
    0.187649591033,0.187673323117,0.187720787287,0.187768251457,
    0.187815715627,0.187863179796,0.187910643966,0.188005572305,
    0.188100500645,0.188195428984,0.188290357324,0.188480214003,
    0.188670070681,0.18885992736,0.189049784039,0.189239640718,
    0.189429497397,0.189809210754,0.190188924112,0.19056863747,
    0.190948350828,0.191328064185,0.191707777543,0.192467204258,
    0.193226630974,0.193986057689,0.194745484404,0.19550491112,
    0.196264337835,0.197783191266,0.199302044697,0.200820898127,
    0.202339751558,0.203858604989,0.20537745842,0.206896311851,
    0.208415165281,0.209174591997,0.209934018712,0.21031373207,
    0.210693445427,0.210883302106,0.211073158785,0.211452872143),(0.,1.)
,.UNSPECIFIED.) GEOMETRIC_REPRESENTATION_ITEM() 
RATIONAL_B_SPLINE_SURFACE((
    (1.,0.707106781187,1.)
    ,(1.,0.707106781187,1.)
    ,(1.,0.707106781187,1.)
    ,(1.,0.707106781187,1.)
    ,(1.,0.707106781187,1.)
    ,(1.,0.707106781187,1.)
    ,(1.,0.707106781187,1.)
    ,(1.,0.707106781187,1.)
    ,(1.,0.707106781187,1.)
    ,(1.,0.707106781187,1.)
    ,(1.,0.707106781187,1.)
    ,(1.,0.707106781187,1.)
    ,(1.,0.707106781187,1.)
    ,(1.,0.707106781187,1.)
    ,(1.,0.707106781187,1.)
    ,(1.,0.707106781187,1.)
    ,(1.,0.707106781187,1.)
    ,(1.,0.707106781187,1.)
    ,(1.,0.707106781187,1.)
    ,(1.,0.707106781187,1.)
    ,(1.,0.707106781187,1.)
    ,(1.,0.707106781187,1.)
    ,(1.,0.707106781187,1.)
    ,(1.,0.707106781187,1.)
    ,(1.,0.707106781187,1.)
    ,(1.,0.707106781187,1.)
    ,(1.,0.707106781187,1.)
    ,(1.,0.707106781187,1.)
    ,(1.,0.707106781187,1.)
    ,(1.,0.707106781187,1.)
    ,(1.,0.707106781187,1.)
    ,(1.,0.707106781187,1.)
    ,(1.,0.707106781187,1.)
    ,(1.,0.707106781187,1.)
    ,(1.,0.707106781187,1.)
    ,(1.,0.707106781187,1.)
    ,(1.,0.707106781187,1.)
    ,(1.,0.707106781187,1.)
    ,(1.,0.707106781187,1.)
    ,(1.,0.707106781187,1.)
    ,(1.,0.707106781187,1.)
    ,(1.,0.707106781187,1.)
    ,(1.,0.707106781187,1.)
    ,(1.,0.707106781187,1.)
    ,(1.,0.707106781187,1.)
    ,(1.,0.707106781187,1.)
    ,(1.,0.707106781187,1.)
    ,(1.,0.707106781187,1.)
    ,(1.,0.707106781187,1.)
    ,(1.,0.707106781187,1.)
    ,(1.,0.707106781187,1.)
    ,(1.,0.707106781187,1.)
    ,(1.,0.707106781187,1.)
    ,(1.,0.707106781187,1.)
    ,(1.,0.707106781187,1.)
    ,(1.,0.707106781187,1.)
    ,(1.,0.707106781187,1.)
    ,(1.,0.707106781187,1.)
    ,(1.,0.707106781187,1.)
    ,(1.,0.707106781187,1.)
    ,(1.,0.707106781187,1.)
    ,(1.,0.707106781187,1.)
    ,(1.,0.707106781187,1.)
    ,(1.,0.707106781187,1.)
    ,(1.,0.707106781187,1.)
    ,(1.,0.707106781187,1.)
    ,(1.,0.707106781187,1.)
    ,(1.,0.707106781187,1.)
    ,(1.,0.707106781187,1.)
    ,(1.,0.707106781187,1.)
    ,(1.,0.707106781187,1.)
    ,(1.,0.707106781187,1.)
    ,(1.,0.707106781187,1.)
    ,(1.,0.707106781187,1.)
    ,(1.,0.707106781187,1.)
    ,(1.,0.707106781187,1.)
    ,(1.,0.707106781187,1.)
    ,(1.,0.707106781187,1.)
    ,(1.,0.707106781187,1.)
    ,(1.,0.707106781187,1.)
    ,(1.,0.707106781187,1.)
    ,(1.,0.707106781187,1.)
    ,(1.,0.707106781187,1.)
    ,(1.,0.707106781187,1.)
    ,(1.,0.707106781187,1.)
    ,(1.,0.707106781187,1.)
    ,(1.,0.707106781187,1.)
    ,(1.,0.707106781187,1.)
    ,(1.,0.707106781187,1.)
    ,(1.,0.707106781187,1.)
    ,(1.,0.707106781187,1.)
    ,(1.,0.707106781187,1.)
    ,(1.,0.707106781187,1.)
    ,(1.,0.707106781187,1.)
    ,(1.,0.707106781187,1.)
    ,(1.,0.707106781187,1.)
    ,(1.,0.707106781187,1.)
    ,(1.,0.707106781187,1.)
    ,(1.,0.707106781187,1.)
    ,(1.,0.707106781187,1.)
    ,(1.,0.707106781187,1.)
    ,(1.,0.707106781187,1.)
    ,(1.,0.707106781187,1.)
    ,(1.,0.707106781187,1.)
    ,(1.,0.707106781187,1.)
    ,(1.,0.707106781187,1.)
    ,(1.,0.707106781187,1.)
    ,(1.,0.707106781187,1.)
    ,(1.,0.707106781187,1.)
    ,(1.,0.707106781187,1.)
    ,(1.,0.707106781187,1.)
    ,(1.,0.707106781187,1.)
    ,(1.,0.707106781187,1.)
    ,(1.,0.707106781187,1.)
    ,(1.,0.707106781187,1.)
    ,(1.,0.707106781187,1.)
    ,(1.,0.707106781187,1.)
    ,(1.,0.707106781187,1.)
    ,(1.,0.707106781187,1.)
    ,(1.,0.707106781187,1.)
    ,(1.,0.707106781187,1.)
    ,(1.,0.707106781187,1.)
    ,(1.,0.707106781187,1.)
    ,(1.,0.707106781187,1.)
    ,(1.,0.707106781187,1.)
    ,(1.,0.707106781187,1.)
,(1.,0.707106781187,1.))) REPRESENTATION_ITEM('') SURFACE() );
#2109 = CARTESIAN_POINT('',(-27.43856200115,-12.5,35.553091856705));
#2110 = CARTESIAN_POINT('',(-35.38009764167,-12.5,36.518499371878));
#2111 = CARTESIAN_POINT('',(-35.38009764167,-4.5,36.518499371878));
#2112 = CARTESIAN_POINT('',(-27.42328791243,-12.5,35.678737988509));
#2113 = CARTESIAN_POINT('',(-35.36482355295,-12.5,36.644145503682));
#2114 = CARTESIAN_POINT('',(-35.36482355296,-4.5,36.644145503683));
#2115 = CARTESIAN_POINT('',(-27.39273975238,-12.5,35.930030253088));
#2116 = CARTESIAN_POINT('',(-35.33427620816,-12.5,36.895431000231));
#2117 = CARTESIAN_POINT('',(-35.33427620816,-4.5,36.895431000231));
#2118 = CARTESIAN_POINT('',(-27.35455446546,-12.5,36.244145578948));
#2119 = CARTESIAN_POINT('',(-35.296087864,-12.5,37.209571706206));
#2120 = CARTESIAN_POINT('',(-35.296087864,-4.5,37.209571706206));
#2121 = CARTESIAN_POINT('',(-27.3240064183,-12.5,36.495437849853));
#2122 = CARTESIAN_POINT('',(-35.26554593132,-12.5,37.460813216881));
#2123 = CARTESIAN_POINT('',(-35.26554593132,-4.5,37.460813216881));
#2124 = CARTESIAN_POINT('',(-27.3010948879,-12.5,36.6839070253));
#2125 = CARTESIAN_POINT('',(-35.24261575178,-12.5,37.64943721103));
#2126 = CARTESIAN_POINT('',(-35.24261575178,-4.5,37.64943721103));
#2127 = CARTESIAN_POINT('',(-27.28200352002,-12.5,36.840964759689));
#2128 = CARTESIAN_POINT('',(-35.22358272616,-12.5,37.806010608222));
#2129 = CARTESIAN_POINT('',(-35.22358272616,-4.5,37.806010608222));
#2130 = CARTESIAN_POINT('',(-27.26863647344,-12.5,36.950905000709));
#2131 = CARTESIAN_POINT('',(-35.21011152972,-12.5,37.916815465163));
#2132 = CARTESIAN_POINT('',(-35.21011152972,-4.5,37.916815465163));
#2133 = CARTESIAN_POINT('',(-27.26195717054,-12.5,37.005875357649));
#2134 = CARTESIAN_POINT('',(-35.20357824171,-12.5,37.97057365723));
#2135 = CARTESIAN_POINT('',(-35.20357824171,-4.5,37.97057365723));
#2136 = CARTESIAN_POINT('',(-27.25813363236,-12.5,37.037286609599));
#2137 = CARTESIAN_POINT('',(-35.19951927085,-12.5,38.003939389546));
#2138 = CARTESIAN_POINT('',(-35.19951927085,-4.5,38.003939389546));
#2139 = CARTESIAN_POINT('',(-27.2543372388,-12.5,37.068699382218));
#2140 = CARTESIAN_POINT('',(-35.19780858722,-12.5,38.018116435898));
#2141 = CARTESIAN_POINT('',(-35.19780858722,-4.5,38.018116435898));
#2142 = CARTESIAN_POINT('',(-27.24967167136,-12.5,37.10796982545));
#2143 = CARTESIAN_POINT('',(-35.19492066864,-12.5,38.04238170622));
#2144 = CARTESIAN_POINT('',(-35.19492066864,-4.5,38.04238170622));
#2145 = CARTESIAN_POINT('',(-27.24236546066,-12.5,37.170811425009));
#2146 = CARTESIAN_POINT('',(-35.19084280324,-12.5,38.077489187656));
#2147 = CARTESIAN_POINT('',(-35.19084280324,-4.5,38.077489187656));
#2148 = CARTESIAN_POINT('',(-27.23353624588,-12.5,37.249380429576));
#2149 = CARTESIAN_POINT('',(-35.18577657803,-12.5,38.122544774116));
#2150 = CARTESIAN_POINT('',(-35.18577657803,-4.5,38.122544774116));
#2151 = CARTESIAN_POINT('',(-27.2234265618,-12.5,37.343690426214));
#2152 = CARTESIAN_POINT('',(-35.18005533133,-12.5,38.17593349486));
#2153 = CARTESIAN_POINT('',(-35.18005533133,-4.5,38.17593349486));
#2154 = CARTESIAN_POINT('',(-27.21059670329,-12.5,37.469473486403));
#2155 = CARTESIAN_POINT('',(-35.17279350918,-12.5,38.247123389586));
#2156 = CARTESIAN_POINT('',(-35.17279350918,-4.5,38.247123389586));
#2157 = CARTESIAN_POINT('',(-27.19578097693,-12.5,37.626770746964));
#2158 = CARTESIAN_POINT('',(-35.16445171308,-12.5,38.335706568371));
#2159 = CARTESIAN_POINT('',(-35.16445171308,-4.5,38.335706568371));
#2160 = CARTESIAN_POINT('',(-27.16415641351,-12.5,38.004504511805));
#2161 = CARTESIAN_POINT('',(-35.14673948762,-12.5,38.547299164233));
#2162 = CARTESIAN_POINT('',(-35.14673948762,-4.5,38.547299164233));
#2163 = CARTESIAN_POINT('',(-27.13155766257,-12.5,38.571936346215));
#2164 = CARTESIAN_POINT('',(-35.12880047042,-12.5,38.860783043958));
#2165 = CARTESIAN_POINT('',(-35.12880047042,-4.5,38.860783043958));
#2166 = CARTESIAN_POINT('',(-27.12057697522,-12.5,39.330331034978));
#2167 = CARTESIAN_POINT('',(-35.12294061828,-12.5,39.271411097401));
#2168 = CARTESIAN_POINT('',(-35.12294061828,-4.5,39.271411097401));
#2169 = CARTESIAN_POINT('',(-27.14300408042,-12.5,40.090602258054));
#2170 = CARTESIAN_POINT('',(-35.13494281938,-12.5,39.675690519916));
#2171 = CARTESIAN_POINT('',(-35.13494281938,-4.5,39.675690519916));
#2172 = CARTESIAN_POINT('',(-27.19987092713,-12.5,40.852784967043));
#2173 = CARTESIAN_POINT('',(-35.1647789158,-12.5,40.074708900977));
#2174 = CARTESIAN_POINT('',(-35.1647789158,-4.5,40.074708900977));
#2175 = CARTESIAN_POINT('',(-27.29237074168,-12.5,41.617029101353));
#2176 = CARTESIAN_POINT('',(-35.2126384879,-12.5,40.46969142694));
#2177 = CARTESIAN_POINT('',(-35.2126384879,-4.5,40.46969142694));
#2178 = CARTESIAN_POINT('',(-27.42178565141,-12.5,42.383098211779));
#2179 = CARTESIAN_POINT('',(-35.27890881873,-12.5,40.861745185536));
#2180 = CARTESIAN_POINT('',(-35.27890881873,-4.5,40.861745185536));
#2181 = CARTESIAN_POINT('',(-27.58988493193,-12.5,43.152241422878));
#2182 = CARTESIAN_POINT('',(-35.36440160856,-12.5,41.252808763211));
#2183 = CARTESIAN_POINT('',(-35.36440160856,-4.5,41.252808763211));
#2184 = CARTESIAN_POINT('',(-27.7976038662,-12.5,43.920219374229));
#2185 = CARTESIAN_POINT('',(-35.46970566438,-12.5,41.642124821157));
#2186 = CARTESIAN_POINT('',(-35.46970566438,-4.5,41.642124821157));
#2187 = CARTESIAN_POINT('',(-28.12070362577,-12.5,44.918442616088));
#2188 = CARTESIAN_POINT('',(-35.63361911984,-12.5,42.148565178827));
#2189 = CARTESIAN_POINT('',(-35.63361911984,-4.5,42.148565178827));
#2190 = CARTESIAN_POINT('',(-28.61154144335,-12.5,46.128521083379));
#2191 = CARTESIAN_POINT('',(-35.88409664567,-12.5,42.766721130275));
#2192 = CARTESIAN_POINT('',(-35.88409664567,-4.5,42.766721130275));
#2193 = CARTESIAN_POINT('',(-29.21464101491,-12.5,47.287381398304));
#2194 = CARTESIAN_POINT('',(-36.19884620967,-12.5,43.372557434269));
#2195 = CARTESIAN_POINT('',(-36.19884620967,-4.5,43.372557434269));
#2196 = CARTESIAN_POINT('',(-29.76317939038,-12.5,48.184339986597));
#2197 = CARTESIAN_POINT('',(-36.49311562547,-12.5,43.853994172951));
#2198 = CARTESIAN_POINT('',(-36.49311562547,-4.5,43.853994172951));
#2199 = CARTESIAN_POINT('',(-30.35657763254,-12.5,49.062361276906));
#2200 = CARTESIAN_POINT('',(-36.81802729381,-12.5,44.334990232581));
#2201 = CARTESIAN_POINT('',(-36.81802729381,-4.5,44.334990232581));
#2202 = CARTESIAN_POINT('',(-31.16230449722,-12.5,50.098853005912));
#2203 = CARTESIAN_POINT('',(-37.27396711827,-12.5,44.922775824495));
#2204 = CARTESIAN_POINT('',(-37.27396711827,-4.5,44.922775824495));
#2205 = CARTESIAN_POINT('',(-32.22459339612,-12.5,51.25574831073));
#2206 = CARTESIAN_POINT('',(-37.90684249869,-12.5,45.613466419616));
#2207 = CARTESIAN_POINT('',(-37.90684249869,-4.5,45.613466419616));
#2208 = CARTESIAN_POINT('',(-33.37471201085,-12.5,52.331773148584));
#2209 = CARTESIAN_POINT('',(-38.63033154183,-12.5,46.29171796944));
#2210 = CARTESIAN_POINT('',(-38.63033154183,-4.5,46.29171796944));
#2211 = CARTESIAN_POINT('',(-34.60628775907,-12.5,53.332245202204));
#2212 = CARTESIAN_POINT('',(-39.44880825991,-12.5,46.957805417962));
#2213 = CARTESIAN_POINT('',(-39.44880825991,-4.5,46.957805417962));
#2214 = CARTESIAN_POINT('',(-35.88353258663,-12.5,54.243202182307));
#2215 = CARTESIAN_POINT('',(-40.34307257738,-12.5,47.596612281153));
#2216 = CARTESIAN_POINT('',(-40.34307257738,-4.5,47.596612281153));
#2217 = CARTESIAN_POINT('',(-37.20507836939,-12.5,55.080003343479));
#2218 = CARTESIAN_POINT('',(-41.31320817257,-12.5,48.211672130741));
#2219 = CARTESIAN_POINT('',(-41.31320817257,-4.5,48.211672130741));
#2220 = CARTESIAN_POINT('',(-39.01749671143,-12.5,56.10734706676));
#2221 = CARTESIAN_POINT('',(-42.70133155454,-12.5,48.999404660561));
#2222 = CARTESIAN_POINT('',(-42.70133155454,-4.5,48.999404660561));
#2223 = CARTESIAN_POINT('',(-41.36647572838,-12.5,57.24714162137));
#2224 = CARTESIAN_POINT('',(-44.60185994026,-12.5,49.9245238446));
#2225 = CARTESIAN_POINT('',(-44.60185994026,-4.5,49.9245238446));
#2226 = CARTESIAN_POINT('',(-44.28798815999,-12.5,58.435715202484));
#2227 = CARTESIAN_POINT('',(-47.10282445482,-12.5,50.94392371812));
#2228 = CARTESIAN_POINT('',(-47.10282445482,-4.5,50.94392371812));
#2229 = CARTESIAN_POINT('',(-47.24445545656,-12.5,59.472301178869));
#2230 = CARTESIAN_POINT('',(-49.74083938685,-12.5,51.869969014057));
#2231 = CARTESIAN_POINT('',(-49.74083938685,-4.5,51.869969014057));
#2232 = CARTESIAN_POINT('',(-50.23358450843,-12.5,60.399884001115));
#2233 = CARTESIAN_POINT('',(-52.49157727543,-12.5,52.724193702766));
#2234 = CARTESIAN_POINT('',(-52.49157727543,-4.5,52.724193702766));
#2235 = CARTESIAN_POINT('',(-53.24475473131,-12.5,61.246971839961));
#2236 = CARTESIAN_POINT('',(-55.32990382218,-12.5,53.523025381825));
#2237 = CARTESIAN_POINT('',(-55.32990382218,-4.5,53.523025381825));
#2238 = CARTESIAN_POINT('',(-56.27187990779,-12.5,62.037746798174));
#2239 = CARTESIAN_POINT('',(-58.23931677698,-12.5,54.283258388918));
#2240 = CARTESIAN_POINT('',(-58.23931677698,-4.5,54.283258388918));
#2241 = CARTESIAN_POINT('',(-59.30910928024,-12.5,62.792383704748));
#2242 = CARTESIAN_POINT('',(-61.20756726309,-12.5,55.020866532412));
#2243 = CARTESIAN_POINT('',(-61.20756726309,-4.5,55.020866532412));
#2244 = CARTESIAN_POINT('',(-62.35136052993,-12.5,63.529165445089));
#2245 = CARTESIAN_POINT('',(-64.22646901629,-12.5,55.752029823538));
#2246 = CARTESIAN_POINT('',(-64.22646901629,-4.5,55.752029823538));
#2247 = CARTESIAN_POINT('',(-65.39368157042,-12.5,64.265696611849));
#2248 = CARTESIAN_POINT('',(-67.29116730703,-12.5,56.493941175447));
#2249 = CARTESIAN_POINT('',(-67.29116730703,-4.5,56.493941175447));
#2250 = CARTESIAN_POINT('',(-68.43091303875,-12.5,65.020331864527));
#2251 = CARTESIAN_POINT('',(-70.40025512351,-12.5,57.26630989265));
#2252 = CARTESIAN_POINT('',(-70.40025512351,-4.5,57.26630989265));
#2253 = CARTESIAN_POINT('',(-70.95290130361,-12.5,65.681487964108));
#2254 = CARTESIAN_POINT('',(-73.03040688998,-12.5,57.955559483285));
#2255 = CARTESIAN_POINT('',(-73.03040688998,-4.5,57.955559483285));
#2256 = CARTESIAN_POINT('',(-72.96135255305,-12.5,66.24275898414));
#2257 = CARTESIAN_POINT('',(-75.16280688843,-12.5,58.551370885762));
#2258 = CARTESIAN_POINT('',(-75.16280688843,-4.5,58.551370885762));
#2259 = CARTESIAN_POINT('',(-74.4621331059,-12.5,66.684096770879));
#2260 = CARTESIAN_POINT('',(-76.77877807293,-12.5,59.026484948772));
#2261 = CARTESIAN_POINT('',(-76.77877807293,-4.5,59.026484948772));
#2262 = CARTESIAN_POINT('',(-75.95408635296,-12.5,67.150081543968));
#2263 = CARTESIAN_POINT('',(-78.41259824063,-12.5,59.536622069733));
#2264 = CARTESIAN_POINT('',(-78.41259824063,-4.5,59.536622069733));
#2265 = CARTESIAN_POINT('',(-77.43529023848,-12.5,67.646644285979));
#2266 = CARTESIAN_POINT('',(-80.06895121416,-12.5,60.091663317016));
#2267 = CARTESIAN_POINT('',(-80.06895121416,-4.5,60.091663317016));
#2268 = CARTESIAN_POINT('',(-78.65840146858,-12.5,68.092189706341));
#2269 = CARTESIAN_POINT('',(-81.47378521523,-12.5,60.603031466405));
#2270 = CARTESIAN_POINT('',(-81.47378521523,-4.5,60.603031466405));
#2271 = CARTESIAN_POINT('',(-79.62836036275,-12.5,68.472912521899));
#2272 = CARTESIAN_POINT('',(-82.61841185419,-12.5,61.052191541722));
#2273 = CARTESIAN_POINT('',(-82.61841185419,-4.5,61.052191541722));
#2274 = CARTESIAN_POINT('',(-80.35084256997,-12.5,68.772295127541));
#2275 = CARTESIAN_POINT('',(-83.48945856025,-12.5,61.413018890242));
#2276 = CARTESIAN_POINT('',(-83.48945856025,-4.5,61.413018890242));
#2277 = CARTESIAN_POINT('',(-81.0680288278,-12.5,69.087802462539));
#2278 = CARTESIAN_POINT('',(-84.37666131914,-12.5,61.803145310358));
#2279 = CARTESIAN_POINT('',(-84.37666131914,-4.5,61.803145310358));
#2280 = CARTESIAN_POINT('',(-81.775827604,-12.5,69.420597493478));
#2281 = CARTESIAN_POINT('',(-85.28031091993,-12.5,62.227772721632));
#2282 = CARTESIAN_POINT('',(-85.28031091993,-4.5,62.227772721632));
#2283 = CARTESIAN_POINT('',(-82.35664543269,-12.5,69.714822167999));
#2284 = CARTESIAN_POINT('',(-86.05162342752,-12.5,62.618136121631));
#2285 = CARTESIAN_POINT('',(-86.05162342752,-4.5,62.618136121631));
#2286 = CARTESIAN_POINT('',(-82.81479896981,-12.5,69.962341260514));
#2287 = CARTESIAN_POINT('',(-86.68385328773,-12.5,62.959589392894));
#2288 = CARTESIAN_POINT('',(-86.68385328773,-4.5,62.959589392894));
#2289 = CARTESIAN_POINT('',(-83.15480612124,-12.5,70.154704870776));
#2290 = CARTESIAN_POINT('',(-87.16717521107,-12.5,63.232931995187));
#2291 = CARTESIAN_POINT('',(-87.16717521107,-4.5,63.232931995187));
#2292 = CARTESIAN_POINT('',(-83.49082437433,-12.5,70.3545884234));
#2293 = CARTESIAN_POINT('',(-87.66167892294,-12.5,63.526947290572));
#2294 = CARTESIAN_POINT('',(-87.66167892294,-4.5,63.526947290572));
#2295 = CARTESIAN_POINT('',(-83.82221276032,-12.5,70.562866723277));
#2296 = CARTESIAN_POINT('',(-88.16985620002,-12.5,63.84613115443));
#2297 = CARTESIAN_POINT('',(-88.16985620002,-4.5,63.84613115443));
#2298 = CARTESIAN_POINT('',(-84.1487823446,-12.5,70.781099365505));
#2299 = CARTESIAN_POINT('',(-88.69628774628,-12.5,64.197604609859));
#2300 = CARTESIAN_POINT('',(-88.69628774628,-4.5,64.197604609859));
#2301 = CARTESIAN_POINT('',(-84.46729718858,-12.5,71.009231358534));
#2302 = CARTESIAN_POINT('',(-89.24256403125,-12.5,64.58838971484));
#2303 = CARTESIAN_POINT('',(-89.24256403125,-4.5,64.58838971484));
#2304 = CARTESIAN_POINT('',(-84.72468921284,-12.5,71.208849731273));
#2305 = CARTESIAN_POINT('',(-89.7200852272,-12.5,64.957969434622));
#2306 = CARTESIAN_POINT('',(-89.7200852272,-4.5,64.957969434622));
#2307 = CARTESIAN_POINT('',(-84.9247803102,-12.5,71.375500378571));
#2308 = CARTESIAN_POINT('',(-90.12189535053,-12.5,65.292368711091));
#2309 = CARTESIAN_POINT('',(-90.12189535053,-4.5,65.292368711091));
#2310 = CARTESIAN_POINT('',(-85.0715633408,-12.5,71.504394277051));
#2311 = CARTESIAN_POINT('',(-90.43572728957,-12.5,65.567696300309));
#2312 = CARTESIAN_POINT('',(-90.43572728957,-4.5,65.567696300309));
#2313 = CARTESIAN_POINT('',(-85.21462367334,-12.5,71.637753328673));
#2314 = CARTESIAN_POINT('',(-90.76561026903,-12.5,65.874789990093));
#2315 = CARTESIAN_POINT('',(-90.76561026903,-4.5,65.874789990093));
#2316 = CARTESIAN_POINT('',(-85.35328185099,-12.5,71.776253209161));
#2317 = CARTESIAN_POINT('',(-91.11683696263,-12.5,66.224971321382));
#2318 = CARTESIAN_POINT('',(-91.11683696263,-4.5,66.224971321382));
#2319 = CARTESIAN_POINT('',(-85.46461124057,-12.5,71.897025230745));
#2320 = CARTESIAN_POINT('',(-91.435079134,-12.5,66.569007268156));
#2321 = CARTESIAN_POINT('',(-91.435079134,-4.5,66.569007268156));
#2322 = CARTESIAN_POINT('',(-85.55003437122,-12.5,71.997244482171));
#2323 = CARTESIAN_POINT('',(-91.71218937788,-12.5,66.893671249621));
#2324 = CARTESIAN_POINT('',(-91.71218937788,-4.5,66.893671249621));
#2325 = CARTESIAN_POINT('',(-85.61167883751,-12.5,72.074076280545));
#2326 = CARTESIAN_POINT('',(-91.93362522844,-12.5,67.169147743861));
#2327 = CARTESIAN_POINT('',(-91.93362522844,-4.5,67.169147743861));
#2328 = CARTESIAN_POINT('',(-85.67059353411,-12.5,72.152950193407));
#2329 = CARTESIAN_POINT('',(-92.17375139165,-12.5,67.489806695153));
#2330 = CARTESIAN_POINT('',(-92.17375139165,-4.5,67.489806695153));
#2331 = CARTESIAN_POINT('',(-85.71693618573,-12.5,72.220721003929));
#2332 = CARTESIAN_POINT('',(-92.39603566289,-12.5,67.813195009977));
#2333 = CARTESIAN_POINT('',(-92.39603566289,-4.5,67.813195009977));
#2334 = CARTESIAN_POINT('',(-85.75186884368,-12.5,72.276479677378));
#2335 = CARTESIAN_POINT('',(-92.5948265371,-12.5,68.129826051644));
#2336 = CARTESIAN_POINT('',(-92.5948265371,-4.5,68.129826051644));
#2337 = CARTESIAN_POINT('',(-85.77685656619,-12.5,72.31930296559));
#2338 = CARTESIAN_POINT('',(-92.75821396567,-12.5,68.408983164673));
#2339 = CARTESIAN_POINT('',(-92.75821396567,-4.5,68.408983164673));
#2340 = CARTESIAN_POINT('',(-85.8001269329,-12.5,72.362886461965));
#2341 = CARTESIAN_POINT('',(-92.93915037672,-12.5,68.746355497612));
#2342 = CARTESIAN_POINT('',(-92.93915037672,-4.5,68.746355497612));
#2343 = CARTESIAN_POINT('',(-85.82122692756,-12.5,72.407284454393));
#2344 = CARTESIAN_POINT('',(-93.14271384225,-12.5,69.170967394917));
#2345 = CARTESIAN_POINT('',(-93.14271384225,-4.5,69.170967394917));
#2346 = CARTESIAN_POINT('',(-85.83648056966,-12.5,72.44519118694));
#2347 = CARTESIAN_POINT('',(-93.33642296708,-12.5,69.646109662174));
#2348 = CARTESIAN_POINT('',(-93.33642296708,-4.5,69.646109662174));
#2349 = CARTESIAN_POINT('',(-85.84683337154,-12.5,72.476230230296));
#2350 = CARTESIAN_POINT('',(-93.49146510045,-12.5,70.109448642548));
#2351 = CARTESIAN_POINT('',(-93.49146510045,-4.5,70.109448642549));
#2352 = CARTESIAN_POINT('',(-85.85358909181,-12.5,72.499904085689));
#2353 = CARTESIAN_POINT('',(-93.59597911349,-12.5,70.475912783825));
#2354 = CARTESIAN_POINT('',(-93.59597911349,-4.5,70.475912783825));
#2355 = CARTESIAN_POINT('',(-85.85933095755,-12.5,72.523955841841));
#2356 = CARTESIAN_POINT('',(-93.67982451931,-12.5,70.828578032459));
#2357 = CARTESIAN_POINT('',(-93.67982451931,-4.5,70.828578032459));
#2358 = CARTESIAN_POINT('',(-85.86574992902,-12.5,72.556576344342));
#2359 = CARTESIAN_POINT('',(-93.76300610641,-12.5,71.254395614739));
#2360 = CARTESIAN_POINT('',(-93.76300610641,-4.5,71.254395614739));
#2361 = CARTESIAN_POINT('',(-85.87162308295,-12.5,72.597676277465));
#2362 = CARTESIAN_POINT('',(-93.82330276304,-12.5,71.688924450427));
#2363 = CARTESIAN_POINT('',(-93.82330276304,-4.5,71.688924450427));
#2364 = CARTESIAN_POINT('',(-85.87606471425,-12.5,72.646800339793));
#2365 = CARTESIAN_POINT('',(-93.85944419677,-12.5,72.099020783063));
#2366 = CARTESIAN_POINT('',(-93.85944419677,-4.5,72.099020783063));
#2367 = CARTESIAN_POINT('',(-85.87850449965,-12.5,72.695931802822));
#2368 = CARTESIAN_POINT('',(-93.87589654204,-12.5,72.44056592389));
#2369 = CARTESIAN_POINT('',(-93.87589654204,-4.5,72.44056592389));
#2370 = CARTESIAN_POINT('',(-85.87929857976,-12.5,72.745025160148));
#2371 = CARTESIAN_POINT('',(-93.88036321376,-12.5,72.734981946052));
#2372 = CARTESIAN_POINT('',(-93.88036321376,-4.5,72.734981946052));
#2373 = CARTESIAN_POINT('',(-85.87849400634,-12.5,72.810454463566));
#2374 = CARTESIAN_POINT('',(-93.87581587652,-12.5,73.082643990334));
#2375 = CARTESIAN_POINT('',(-93.87581587652,-4.5,73.082643990334));
#2376 = CARTESIAN_POINT('',(-85.87445497577,-12.5,72.89219804181));
#2377 = CARTESIAN_POINT('',(-93.85666739431,-12.5,73.454951100171));
#2378 = CARTESIAN_POINT('',(-93.85666739431,-4.5,73.454951100171));
#2379 = CARTESIAN_POINT('',(-85.86572391455,-12.5,72.990185685681));
#2380 = CARTESIAN_POINT('',(-93.82192297113,-12.5,73.840090743127));
#2381 = CARTESIAN_POINT('',(-93.82192297113,-4.5,73.840090743127));
#2382 = CARTESIAN_POINT('',(-85.85367899936,-12.5,73.088265667119));
#2383 = CARTESIAN_POINT('',(-93.77952745696,-12.5,74.183001517287));
#2384 = CARTESIAN_POINT('',(-93.77952745696,-4.5,74.183001517287));
#2385 = CARTESIAN_POINT('',(-85.83391773048,-12.5,73.218124984867));
#2386 = CARTESIAN_POINT('',(-93.71645894228,-12.5,74.595736245828));
#2387 = CARTESIAN_POINT('',(-93.71645894228,-4.5,74.595736245828));
#2388 = CARTESIAN_POINT('',(-85.80327472344,-12.5,73.378548343965));
#2389 = CARTESIAN_POINT('',(-93.62931780856,-12.5,75.048030664285));
#2390 = CARTESIAN_POINT('',(-93.62931780856,-4.5,75.048030664285));
#2391 = CARTESIAN_POINT('',(-85.75889731279,-12.5,73.568753664758));
#2392 = CARTESIAN_POINT('',(-93.51722772253,-12.5,75.526575878228));
#2393 = CARTESIAN_POINT('',(-93.51722772253,-4.5,75.526575878228));
#2394 = CARTESIAN_POINT('',(-85.70813242615,-12.5,73.756988742792));
#2395 = CARTESIAN_POINT('',(-93.40016199982,-12.5,75.959537137678));
#2396 = CARTESIAN_POINT('',(-93.40016199982,-4.5,75.959537137678));
#2397 = CARTESIAN_POINT('',(-85.65184681976,-12.5,73.94353130239));
#2398 = CARTESIAN_POINT('',(-93.27954841049,-12.5,76.358626315726));
#2399 = CARTESIAN_POINT('',(-93.27954841049,-4.5,76.358626315726));
#2400 = CARTESIAN_POINT('',(-85.59068760652,-12.5,74.128575395119));
#2401 = CARTESIAN_POINT('',(-93.15621708159,-12.5,76.731355624445));
#2402 = CARTESIAN_POINT('',(-93.15621708159,-4.5,76.731355624445));
#2403 = CARTESIAN_POINT('',(-85.50330422208,-12.5,74.373515068057));
#2404 = CARTESIAN_POINT('',(-92.9888440105,-12.5,77.200094435744));
#2405 = CARTESIAN_POINT('',(-92.9888440105,-4.5,77.200094435744));
#2406 = CARTESIAN_POINT('',(-85.38419433488,-12.5,74.676609574734));
#2407 = CARTESIAN_POINT('',(-92.7750901284,-12.5,77.742789641252));
#2408 = CARTESIAN_POINT('',(-92.7750901284,-4.5,77.742789641252));
#2409 = CARTESIAN_POINT('',(-85.22774004206,-12.5,75.036381679538));
#2410 = CARTESIAN_POINT('',(-92.51282152284,-12.5,78.345102108797));
#2411 = CARTESIAN_POINT('',(-92.51282152284,-4.5,78.345102108797));
#2412 = CARTESIAN_POINT('',(-85.06122848613,-12.5,75.389162537044));
#2413 = CARTESIAN_POINT('',(-92.24839589006,-12.5,78.904822296263));
#2414 = CARTESIAN_POINT('',(-92.24839589006,-4.5,78.904822296263));
#2415 = CARTESIAN_POINT('',(-84.88581774781,-12.5,75.73635948528));
#2416 = CARTESIAN_POINT('',(-91.98180232589,-12.5,79.432175924835));
#2417 = CARTESIAN_POINT('',(-91.98180232589,-4.5,79.432175924835));
#2418 = CARTESIAN_POINT('',(-84.70259783652,-12.5,76.078496151775));
#2419 = CARTESIAN_POINT('',(-91.71334991538,-12.5,79.933247230281));
#2420 = CARTESIAN_POINT('',(-91.71334991538,-4.5,79.933247230281));
#2421 = CARTESIAN_POINT('',(-84.44896338385,-12.5,76.528683347662));
#2422 = CARTESIAN_POINT('',(-91.35307952266,-12.5,80.572475449051));
#2423 = CARTESIAN_POINT('',(-91.35307952266,-4.5,80.572475449051));
#2424 = CARTESIAN_POINT('',(-84.11613555183,-12.5,77.081259374684));
#2425 = CARTESIAN_POINT('',(-90.89862588843,-12.5,81.326259518706));
#2426 = CARTESIAN_POINT('',(-90.89862588843,-4.5,81.326259518706));
#2427 = CARTESIAN_POINT('',(-83.69558467926,-12.5,77.730747932424));
#2428 = CARTESIAN_POINT('',(-90.347188008,-12.5,82.177403578451));
#2429 = CARTESIAN_POINT('',(-90.347188008,-4.5,82.177403578451));
#2430 = CARTESIAN_POINT('',(-83.25682638781,-12.5,78.368511376959));
#2431 = CARTESIAN_POINT('',(-89.79000230129,-12.5,82.986983643105));
#2432 = CARTESIAN_POINT('',(-89.79000230129,-4.5,82.986983643105));
#2433 = CARTESIAN_POINT('',(-82.80208783331,-12.5,78.996047612598));
#2434 = CARTESIAN_POINT('',(-89.227300551,-12.5,83.763290189326));
#2435 = CARTESIAN_POINT('',(-89.227300551,-4.5,83.763290189326));
#2436 = CARTESIAN_POINT('',(-82.33328111872,-12.5,79.614344739207));
#2437 = CARTESIAN_POINT('',(-88.65947154653,-12.5,84.512032016455));
#2438 = CARTESIAN_POINT('',(-88.65947154653,-4.5,84.512032016455));
#2439 = CARTESIAN_POINT('',(-81.69071820117,-12.5,80.428441242742));
#2440 = CARTESIAN_POINT('',(-87.89506422784,-12.5,85.480337516574));
#2441 = CARTESIAN_POINT('',(-87.89506422784,-4.5,85.480337516574));
#2442 = CARTESIAN_POINT('',(-80.86227889182,-12.5,81.423192997171));
#2443 = CARTESIAN_POINT('',(-86.93164452932,-12.5,86.636664185007));
#2444 = CARTESIAN_POINT('',(-86.93164452932,-4.5,86.636664185007));
#2445 = CARTESIAN_POINT('',(-79.83797972742,-12.5,82.583308865717));
#2446 = CARTESIAN_POINT('',(-85.76698074594,-12.5,87.955423594664));
#2447 = CARTESIAN_POINT('',(-85.76698074594,-4.5,87.955423594664));
#2448 = CARTESIAN_POINT('',(-78.78740845301,-12.5,83.716056274843));
#2449 = CARTESIAN_POINT('',(-84.59299033856,-12.5,89.221022395689));
#2450 = CARTESIAN_POINT('',(-84.59299033856,-4.5,89.221022395689));
#2451 = CARTESIAN_POINT('',(-77.71446109105,-12.5,84.82499940813));
#2452 = CARTESIAN_POINT('',(-83.41034571511,-12.5,90.443196403382));
#2453 = CARTESIAN_POINT('',(-83.41034571511,-4.5,90.443196403382));
#2454 = CARTESIAN_POINT('',(-76.62190718963,-12.5,85.913219966177));
#2455 = CARTESIAN_POINT('',(-82.21938488322,-12.5,91.629330469525));
#2456 = CARTESIAN_POINT('',(-82.21938488322,-4.5,91.629330469525));
#2457 = CARTESIAN_POINT('',(-75.51203065887,-12.5,86.9830953553));
#2458 = CARTESIAN_POINT('',(-81.02055455734,-12.5,92.784880083664));
#2459 = CARTESIAN_POINT('',(-81.02055455734,-4.5,92.784880083664));
#2460 = CARTESIAN_POINT('',(-74.38667355016,-12.5,88.036586234499));
#2461 = CARTESIAN_POINT('',(-79.81422995949,-12.5,93.914111862059));
#2462 = CARTESIAN_POINT('',(-79.81422995949,-4.5,93.914111862059));
#2463 = CARTESIAN_POINT('',(-73.43725522573,-12.5,88.902193784072));
#2464 = CARTESIAN_POINT('',(-78.80312078831,-12.5,94.835932430737));
#2465 = CARTESIAN_POINT('',(-78.80312078831,-4.5,94.835932430737));
#2466 = CARTESIAN_POINT('',(-72.67138881472,-12.5,89.587977529146));
#2467 = CARTESIAN_POINT('',(-77.99072910157,-12.5,95.563368469985));
#2468 = CARTESIAN_POINT('',(-77.99072910157,-4.5,95.563368469985));
#2469 = CARTESIAN_POINT('',(-72.19020440595,-12.5,90.013927060895));
#2470 = CARTESIAN_POINT('',(-77.48194981279,-12.5,96.013746399444));
#2471 = CARTESIAN_POINT('',(-77.48194981279,-4.5,96.013746399444));
#2472 = CARTESIAN_POINT('',(-71.80380419622,-12.5,90.353148968107));
#2473 = CARTESIAN_POINT('',(-77.07337489518,-12.5,96.372430079686));
#2474 = CARTESIAN_POINT('',(-77.07337489518,-4.5,96.372430079686));
#2475 = CARTESIAN_POINT('',(-71.56172946134,-12.5,90.564554419484));
#2476 = CARTESIAN_POINT('',(-76.819408596,-12.5,96.594226438205));
#2477 = CARTESIAN_POINT('',(-76.819408596,-4.5,96.594226438206));
#2478 = CARTESIAN_POINT('',(-71.36768891444,-12.5,90.733275732527));
#2479 = CARTESIAN_POINT('',(-76.61209958586,-12.5,96.774482573296));
#2480 = CARTESIAN_POINT('',(-76.61209958586,-4.5,96.774482573295));
#2481 = CARTESIAN_POINT('',(-71.17354680947,-12.5,90.901889542422));
#2482 = CARTESIAN_POINT('',(-76.42127459669,-12.5,96.940212677675));
#2483 = CARTESIAN_POINT('',(-76.4212745967,-4.5,96.940212677679));
#2484 = CARTESIAN_POINT('',(-71.02796308131,-12.5,91.028374088051));
#2485 = CARTESIAN_POINT('',(-76.27444695012,-12.49999999999,
    97.067778612892));
#2486 = CARTESIAN_POINT('',(-76.27444695011,-4.5,97.067778612875));
#2487 = CARTESIAN_POINT('',(-70.93090218463,-12.5,91.112691743314));
#2488 = CARTESIAN_POINT('',(-76.17738605343,-12.5,97.152096268137));
#2489 = CARTESIAN_POINT('',(-76.17738605343,-4.5,97.152096268137));
#2490 = ADVANCED_FACE('',(#2491),#2525,.T.);
#2491 = FACE_BOUND('',#2492,.T.);
#2492 = EDGE_LOOP('',(#2493,#2502,#2511,#2517,#2518,#2524));
#2493 = ORIENTED_EDGE('',*,*,#2494,.F.);
#2494 = EDGE_CURVE('',#2495,#721,#2497,.T.);
#2495 = VERTEX_POINT('',#2496);
#2496 = CARTESIAN_POINT('',(-6.392082245493,-7.629992613045,
    42.749998574026));
#2497 = ELLIPSE('',#2498,22.981180600548,8.);
#2498 = AXIS2_PLACEMENT_3D('',#2499,#2500,#2501);
#2499 = CARTESIAN_POINT('',(-13.75436083365,-4.5,34.321013514487));
#2500 = DIRECTION('',(0.,0.937453350839,0.348110923414));
#2501 = DIRECTION('',(0.,0.348110923414,-0.937453350839));
#2502 = ORIENTED_EDGE('',*,*,#2503,.T.);
#2503 = EDGE_CURVE('',#2495,#2504,#2506,.T.);
#2504 = VERTEX_POINT('',#2505);
#2505 = CARTESIAN_POINT('',(-5.754360833654,-4.5,42.75));
#2506 = CIRCLE('',#2507,8.);
#2507 = AXIS2_PLACEMENT_3D('',#2508,#2509,#2510);
#2508 = CARTESIAN_POINT('',(-13.75436083365,-4.5,42.75));
#2509 = DIRECTION('',(0.,0.,1.));
#2510 = DIRECTION('',(1.,0.,-0.));
#2511 = ORIENTED_EDGE('',*,*,#2512,.F.);
#2512 = EDGE_CURVE('',#820,#2504,#2513,.T.);
#2513 = LINE('',#2514,#2515);
#2514 = CARTESIAN_POINT('',(-5.754360833654,-4.5,63.));
#2515 = VECTOR('',#2516,1.);
#2516 = DIRECTION('',(0.,0.,-1.));
#2517 = ORIENTED_EDGE('',*,*,#1347,.T.);
#2518 = ORIENTED_EDGE('',*,*,#2519,.T.);
#2519 = EDGE_CURVE('',#1213,#740,#2520,.T.);
#2520 = LINE('',#2521,#2522);
#2521 = CARTESIAN_POINT('',(-13.75436083365,-12.5,58.108930696507));
#2522 = VECTOR('',#2523,1.);
#2523 = DIRECTION('',(0.,0.,-1.));
#2524 = ORIENTED_EDGE('',*,*,#739,.T.);
#2525 = CYLINDRICAL_SURFACE('',#2526,8.);
#2526 = AXIS2_PLACEMENT_3D('',#2527,#2528,#2529);
#2527 = CARTESIAN_POINT('',(-13.75436083365,-4.5,63.));
#2528 = DIRECTION('',(0.,0.,-1.));
#2529 = DIRECTION('',(-1.,0.,0.));
#2530 = ADVANCED_FACE('',(#2531),#2538,.F.);
#2531 = FACE_BOUND('',#2532,.T.);
#2532 = EDGE_LOOP('',(#2533,#2534,#2535,#2536,#2537));
#2533 = ORIENTED_EDGE('',*,*,#748,.F.);
#2534 = ORIENTED_EDGE('',*,*,#2519,.F.);
#2535 = ORIENTED_EDGE('',*,*,#1212,.T.);
#2536 = ORIENTED_EDGE('',*,*,#1513,.T.);
#2537 = ORIENTED_EDGE('',*,*,#792,.T.);
#2538 = PLANE('',#2539);
#2539 = AXIS2_PLACEMENT_3D('',#2540,#2541,#2542);
#2540 = CARTESIAN_POINT('',(-75.9603241143,-12.5,58.786956468194));
#2541 = DIRECTION('',(0.,1.,0.));
#2542 = DIRECTION('',(0.,-0.,1.));
#2543 = ADVANCED_FACE('',(#2544),#3100,.T.);
#2544 = FACE_BOUND('',#2545,.T.);
#2545 = EDGE_LOOP('',(#2546,#2547,#2548,#2549,#3074,#3091));
#2546 = ORIENTED_EDGE('',*,*,#657,.F.);
#2547 = ORIENTED_EDGE('',*,*,#40,.F.);
#2548 = ORIENTED_EDGE('',*,*,#888,.T.);
#2549 = ORIENTED_EDGE('',*,*,#2550,.F.);
#2550 = EDGE_CURVE('',#2551,#889,#2553,.T.);
#2551 = VERTEX_POINT('',#2552);
#2552 = CARTESIAN_POINT('',(-27.21692930468,12.5,37.407666250197));
#2553 = B_SPLINE_CURVE_WITH_KNOTS('',3,(#2554,#2555,#2556,#2557,#2558,
    #2559,#2560,#2561,#2562,#2563,#2564,#2565,#2566,#2567,#2568,#2569,
    #2570,#2571,#2572,#2573,#2574,#2575,#2576,#2577,#2578,#2579,#2580,
    #2581,#2582,#2583,#2584,#2585,#2586,#2587,#2588,#2589,#2590,#2591,
    #2592,#2593,#2594,#2595,#2596,#2597,#2598,#2599,#2600,#2601,#2602,
    #2603,#2604,#2605,#2606,#2607,#2608,#2609,#2610,#2611,#2612,#2613,
    #2614,#2615,#2616,#2617,#2618,#2619,#2620,#2621,#2622,#2623,#2624,
    #2625,#2626,#2627,#2628,#2629,#2630,#2631,#2632,#2633,#2634,#2635,
    #2636,#2637,#2638,#2639,#2640,#2641,#2642,#2643,#2644,#2645,#2646,
    #2647,#2648,#2649,#2650,#2651,#2652,#2653,#2654,#2655,#2656,#2657,
    #2658,#2659,#2660,#2661,#2662,#2663,#2664,#2665,#2666,#2667,#2668,
    #2669,#2670,#2671,#2672,#2673,#2674,#2675,#2676,#2677,#2678,#2679,
    #2680,#2681,#2682,#2683,#2684,#2685,#2686,#2687,#2688,#2689,#2690,
    #2691,#2692,#2693,#2694,#2695,#2696,#2697,#2698,#2699,#2700,#2701,
    #2702,#2703,#2704,#2705,#2706,#2707,#2708,#2709,#2710,#2711,#2712,
    #2713,#2714,#2715,#2716,#2717,#2718,#2719,#2720,#2721,#2722,#2723,
    #2724,#2725,#2726,#2727,#2728,#2729,#2730,#2731,#2732,#2733,#2734,
    #2735,#2736,#2737,#2738,#2739,#2740,#2741,#2742,#2743,#2744,#2745,
    #2746,#2747,#2748,#2749,#2750,#2751,#2752,#2753,#2754,#2755,#2756,
    #2757,#2758,#2759,#2760,#2761,#2762,#2763,#2764,#2765,#2766,#2767,
    #2768,#2769,#2770,#2771,#2772,#2773,#2774,#2775,#2776,#2777,#2778,
    #2779,#2780,#2781,#2782,#2783,#2784,#2785,#2786,#2787,#2788,#2789,
    #2790,#2791,#2792,#2793,#2794,#2795,#2796,#2797,#2798,#2799,#2800,
    #2801,#2802,#2803,#2804,#2805,#2806,#2807,#2808,#2809,#2810,#2811,
    #2812,#2813,#2814,#2815,#2816,#2817,#2818,#2819,#2820,#2821,#2822,
    #2823,#2824,#2825,#2826,#2827,#2828,#2829,#2830,#2831,#2832,#2833,
    #2834,#2835,#2836,#2837,#2838,#2839,#2840,#2841,#2842,#2843,#2844,
    #2845,#2846,#2847,#2848,#2849,#2850,#2851,#2852,#2853,#2854,#2855,
    #2856,#2857,#2858,#2859,#2860,#2861,#2862,#2863,#2864,#2865,#2866,
    #2867,#2868,#2869,#2870,#2871,#2872,#2873,#2874,#2875,#2876,#2877,
    #2878,#2879,#2880,#2881,#2882,#2883,#2884,#2885,#2886,#2887,#2888,
    #2889,#2890,#2891,#2892,#2893,#2894,#2895,#2896,#2897,#2898,#2899,
    #2900,#2901,#2902,#2903,#2904,#2905,#2906,#2907,#2908,#2909,#2910,
    #2911,#2912,#2913,#2914,#2915,#2916,#2917,#2918,#2919,#2920,#2921,
    #2922,#2923,#2924,#2925,#2926,#2927,#2928,#2929,#2930,#2931,#2932,
    #2933,#2934,#2935,#2936,#2937,#2938,#2939,#2940,#2941,#2942,#2943,
    #2944,#2945,#2946,#2947,#2948,#2949,#2950,#2951,#2952,#2953,#2954,
    #2955,#2956,#2957,#2958,#2959,#2960,#2961,#2962,#2963,#2964,#2965,
    #2966,#2967,#2968,#2969,#2970,#2971,#2972,#2973,#2974,#2975,#2976,
    #2977,#2978,#2979,#2980,#2981,#2982,#2983,#2984,#2985,#2986,#2987,
    #2988,#2989,#2990,#2991,#2992,#2993,#2994,#2995,#2996,#2997,#2998,
    #2999,#3000,#3001,#3002,#3003,#3004,#3005,#3006,#3007,#3008,#3009,
    #3010,#3011,#3012,#3013,#3014,#3015,#3016,#3017,#3018,#3019,#3020,
    #3021,#3022,#3023,#3024,#3025,#3026,#3027,#3028,#3029,#3030,#3031,
    #3032,#3033,#3034,#3035,#3036,#3037,#3038,#3039,#3040,#3041,#3042,
    #3043,#3044,#3045,#3046,#3047,#3048,#3049,#3050,#3051,#3052,#3053,
    #3054,#3055,#3056,#3057,#3058,#3059,#3060,#3061,#3062,#3063,#3064,
    #3065,#3066,#3067,#3068,#3069,#3070,#3071,#3072,#3073),
  .UNSPECIFIED.,.F.,.F.,(4,3,3,3,3,3,3,3,3,3,3,3,3,3,3,3,3,3,3,3,3,3,3,3
    ,3,3,3,3,3,3,3,3,3,3,3,3,3,3,3,3,3,3,3,3,3,3,3,3,3,3,3,3,3,3,3,3,3,3
    ,3,3,3,3,3,3,3,3,3,3,3,3,3,3,3,3,3,3,3,3,3,3,3,3,3,3,3,3,3,3,3,3,3,3
    ,3,3,3,3,3,3,3,3,3,3,3,3,3,3,3,3,3,3,3,3,3,3,3,3,3,3,3,3,3,3,3,3,3,3
    ,3,3,3,3,3,3,3,3,3,3,3,3,3,3,3,3,3,3,3,3,3,3,3,3,3,3,3,3,3,3,3,3,3,3
    ,3,3,3,3,3,3,3,3,3,3,3,3,3,4),(0.,3.064798276085E-05,
    2.176664234938E-04,4.049339695505E-04,1.156531806519E-03,
    1.469534993956E-03,1.912263042026E-03,2.672226892016E-03,
    2.939069987912E-03,3.436525649454E-03,4.205376096087E-03,
    4.408604981868E-03,4.979024052116E-03,5.143372478846E-03,
    5.757238503208E-03,5.878139975823E-03,6.416471768932E-03,
    6.539384805973E-03,6.612907472801E-03,7.321358811259E-03,
    7.347674969779E-03,8.705394434099E-03,8.817209963735E-03,
    8.885440011773E-03,1.021077715746E-02,1.028674495769E-02,
    1.044958405291E-02,1.102151245467E-02,1.123139659047E-02,
    1.175627995165E-02,1.201375743063E-02,1.309885376008E-02,
    1.32258149456E-02,1.357760368396E-02,1.469534993956E-02,
    1.514195610816E-02,1.610914070821E-02,1.616488493351E-02,
    1.670533558183E-02,1.763441992747E-02,1.826997580089E-02,
    1.910395492143E-02,1.983401739763E-02,2.057348991538E-02,
    2.139809603953E-02,2.296217336791E-02,2.351255990329E-02,
    2.537612987777E-02,2.609048785778E-02,2.645162989121E-02,
    2.767349334901E-02,2.792116488516E-02,2.921853163503E-02,
    2.939069987912E-02,3.139886923822E-02,3.232976986703E-02,
    3.234670268802E-02,3.526883985494E-02,3.547486981478E-02,
    3.860306449795E-02,4.114697983076E-02,4.173120294733E-02,
    4.408604981868E-02,4.485937119653E-02,4.702511980659E-02,
    4.798753786577E-02,4.99641897945E-02,5.111570483004E-02,
    5.290325978241E-02,5.424387343913E-02,5.584232977032E-02,
    5.73720303492E-02,5.878139975823E-02,5.893612249527E-02,
    6.050023492178E-02,6.172046974615E-02,6.206428206912E-02,
    6.31900047401E-02,6.362836109835E-02,6.465953973406E-02,
    6.519252462393E-02,6.597454471259E-02,6.612907472801E-02,
    6.675640840915E-02,6.753856820526E-02,6.759860972197E-02,
    6.83206903475E-02,6.906814471593E-02,6.910266250864E-02,
    6.949366388191E-02,6.98029122129E-02,6.988471831472E-02,
    7.027576849152E-02,7.053767970988E-02,7.066669274336E-02,
    7.10577559257E-02,7.127244720686E-02,7.144876402685E-02,
    7.183979233385E-02,7.200721470384E-02,7.203532625628E-02,
    7.223085870736E-02,7.237459845233E-02,7.242632616206E-02,
    7.262180730345E-02,7.274198220082E-02,7.281749192296E-02,
    7.291529361596E-02,7.301301110791E-02,7.31093659493E-02,
    7.311062687915E-02,7.320826346833E-02,7.325718021544E-02,
    7.329305782355E-02,7.33061902146E-02,7.335512906243E-02,
    7.340397724938E-02,7.345279502733E-02,7.347674969779E-02,
    7.34772112235E-02,7.350165137809E-02,7.352611685699E-02,
    7.35505935907E-02,7.359952430189E-02,7.364833112179E-02,
    7.366044157204E-02,7.36970422813E-02,7.374590169692E-02,
    7.379484583467E-02,7.384413344628E-02,7.389271332912E-02,
    7.399051272648E-02,7.408826255008E-02,7.418596297095E-02,
    7.421151719477E-02,7.438138926157E-02,7.457695716848E-02,
    7.457890094326E-02,7.477248965125E-02,7.494628469175E-02,
    7.496797529974E-02,7.516345477965E-02,7.535894648054E-02,
    7.568105218873E-02,7.575004027582E-02,7.614118141734E-02,
    7.641581968571E-02,7.653198678739E-02,7.69230108023E-02,
    7.715058718268E-02,7.731413222555E-02,7.770514348497E-02,
    7.788535467966E-02,7.848713643461E-02,7.926920230747E-02,
    7.935488967362E-02,8.005130878255E-02,8.082442466757E-02,
    8.083329007833E-02,8.161527658599E-02,8.229395966153E-02,
    8.239746014621E-02,8.376349465548E-02,8.396017438725E-02,
    8.523302964944E-02,8.552095077495E-02,8.707984293198E-02,
    8.817209963735E-02,8.863713564816E-02,9.019311333874E-02,
    9.111116962526E-02,9.174790270537E-02,9.330160886687E-02,
    9.405023926448E-02),.UNSPECIFIED.);
#2554 = CARTESIAN_POINT('',(-27.21692930468,12.5,37.407666250197));
#2555 = CARTESIAN_POINT('',(-27.21588665355,12.5,37.417982255408));
#2556 = CARTESIAN_POINT('',(-27.21485287261,12.5,37.428297632862));
#2557 = CARTESIAN_POINT('',(-27.21382796415,12.5,37.438612382076));
#2558 = CARTESIAN_POINT('',(-27.20757382391,12.5,37.501554479427));
#2559 = CARTESIAN_POINT('',(-27.20165006275,12.5,37.564473183581));
#2560 = CARTESIAN_POINT('',(-27.19605738283,12.5,37.627368394935));
#2561 = CARTESIAN_POINT('',(-27.19045725356,12.5,37.690347381621));
#2562 = CARTESIAN_POINT('',(-27.18518908809,12.5,37.753302812881));
#2563 = CARTESIAN_POINT('',(-27.18025353791,12.5,37.816234585278));
#2564 = CARTESIAN_POINT('',(-27.16044471937,12.5,38.068811099503));
#2565 = CARTESIAN_POINT('',(-27.14599415694,12.5,38.321006524659));
#2566 = CARTESIAN_POINT('',(-27.13695281474,12.5,38.572814715432));
#2567 = CARTESIAN_POINT('',(-27.13318754456,12.5,38.677680326345));
#2568 = CARTESIAN_POINT('',(-27.13036033543,12.5,38.782478777244));
#2569 = CARTESIAN_POINT('',(-27.12847569726,12.5,38.887209758513));
#2570 = CARTESIAN_POINT('',(-27.12580996664,12.5,39.03534672571));
#2571 = CARTESIAN_POINT('',(-27.12503053535,12.5,39.183348459623));
#2572 = CARTESIAN_POINT('',(-27.12614978298,12.5,39.331215664268));
#2573 = CARTESIAN_POINT('',(-27.12807102501,12.5,39.585036786782));
#2574 = CARTESIAN_POINT('',(-27.13558710874,12.5,39.838461520737));
#2575 = CARTESIAN_POINT('',(-27.14877473775,12.5,40.091489402951));
#2576 = CARTESIAN_POINT('',(-27.15340525768,12.5,40.180334080812));
#2577 = CARTESIAN_POINT('',(-27.15873497182,12.5,40.269129830122));
#2578 = CARTESIAN_POINT('',(-27.16476819069,12.5,40.357877446822));
#2579 = CARTESIAN_POINT('',(-27.1760154702,12.5,40.523323002861));
#2580 = CARTESIAN_POINT('',(-27.18970683017,12.5,40.688595118904));
#2581 = CARTESIAN_POINT('',(-27.20586812601,12.499999999999,
    40.853693624422));
#2582 = CARTESIAN_POINT('',(-27.2308464718,12.499999999999,
    41.108864224575));
#2583 = CARTESIAN_POINT('',(-27.26172548622,12.5,41.363619967245));
#2584 = CARTESIAN_POINT('',(-27.29860671593,12.5,41.617895160425));
#2585 = CARTESIAN_POINT('',(-27.30835546649,12.5,41.685107274846));
#2586 = CARTESIAN_POINT('',(-27.3185235303,12.5,41.752285823946));
#2587 = CARTESIAN_POINT('',(-27.32911413939,12.5,41.819434139998));
#2588 = CARTESIAN_POINT('',(-27.35883966472,12.5,42.007904789058));
#2589 = CARTESIAN_POINT('',(-27.39188742872,12.5,42.196096743116));
#2590 = CARTESIAN_POINT('',(-27.42834334312,12.5,42.384169183536));
#2591 = CARTESIAN_POINT('',(-27.43884697544,12.5,42.438356379067));
#2592 = CARTESIAN_POINT('',(-27.44963357986,12.499999999999,
    42.492533637509));
#2593 = CARTESIAN_POINT('',(-27.4607040183,12.499999999999,
    42.54669604164));
#2594 = CARTESIAN_POINT('',(-27.5020537663,12.499999999997,
    42.749000744857));
#2595 = CARTESIAN_POINT('',(-27.54736806549,12.499999999996,
    42.951140100861));
#2596 = CARTESIAN_POINT('',(-27.59662951752,12.499999999998,
    43.152601753225));
#2597 = CARTESIAN_POINT('',(-27.60633160536,12.499999999998,
    43.192279809152));
#2598 = CARTESIAN_POINT('',(-27.61618671181,12.499999999999,
    43.231931602829));
#2599 = CARTESIAN_POINT('',(-27.6261909074,12.499999999999,
    43.271544711398));
#2600 = CARTESIAN_POINT('',(-27.67073607657,12.5,43.447927970472));
#2601 = CARTESIAN_POINT('',(-27.71827159338,12.5,43.623682616201));
#2602 = CARTESIAN_POINT('',(-27.76861543101,12.5,43.798202348405));
#2603 = CARTESIAN_POINT('',(-27.78011004095,12.499999999999,
    43.838049057411));
#2604 = CARTESIAN_POINT('',(-27.79175126364,12.499999999999,
    43.877831353367));
#2605 = CARTESIAN_POINT('',(-27.80353729257,12.499999999998,
    43.917541895959));
#2606 = CARTESIAN_POINT('',(-27.81058731997,12.499999999998,
    43.941295478679));
#2607 = CARTESIAN_POINT('',(-27.81768916208,12.499999999998,
    43.965023385722));
#2608 = CARTESIAN_POINT('',(-27.82484317143,12.499999999997,
    43.988727124765));
#2609 = CARTESIAN_POINT('',(-27.89377793291,12.499999999991,
    44.217132137481));
#2610 = CARTESIAN_POINT('',(-27.96746970533,12.499999999999,
    44.443069852785));
#2611 = CARTESIAN_POINT('',(-28.045913841,12.499999999999,
    44.666898783349));
#2612 = CARTESIAN_POINT('',(-28.04882772964,12.499999999999,
    44.675213140735));
#2613 = CARTESIAN_POINT('',(-28.05174817256,12.499999999999,
    44.683524589481));
#2614 = CARTESIAN_POINT('',(-28.05467516412,12.499999999999,
    44.691833120416));
#2615 = CARTESIAN_POINT('',(-28.20568631594,12.5,45.120491967486));
#2616 = CARTESIAN_POINT('',(-28.37412604428,12.5,45.54145809361));
#2617 = CARTESIAN_POINT('',(-28.55955989451,12.5,45.954755519868));
#2618 = CARTESIAN_POINT('',(-28.57483137342,12.5,45.988792794746));
#2619 = CARTESIAN_POINT('',(-28.59021814017,12.499999999999,
    46.022778045569));
#2620 = CARTESIAN_POINT('',(-28.60571996633,12.499999999999,
    46.056711279381));
#2621 = CARTESIAN_POINT('',(-28.61517921002,12.499999999999,
    46.077417402946));
#2622 = CARTESIAN_POINT('',(-28.62468130167,12.499999999999,
    46.098104194842));
#2623 = CARTESIAN_POINT('',(-28.63422617169,12.499999999999,
    46.118771618299));
#2624 = CARTESIAN_POINT('',(-28.81963085989,12.499999999998,
    46.520226765992));
#2625 = CARTESIAN_POINT('',(-29.02118027677,12.499999999997,
    46.914372033486));
#2626 = CARTESIAN_POINT('',(-29.23852532655,12.499999999999,
    47.301188268643));
#2627 = CARTESIAN_POINT('',(-29.25098345872,12.499999999999,
    47.323360422027));
#2628 = CARTESIAN_POINT('',(-29.26349347529,12.499999999999,
    47.345508501852));
#2629 = CARTESIAN_POINT('',(-29.27605530591,12.5,47.367632506779));
#2630 = CARTESIAN_POINT('',(-29.30298193965,12.5,47.415055927409));
#2631 = CARTESIAN_POINT('',(-29.3301473384,12.5,47.462369486962));
#2632 = CARTESIAN_POINT('',(-29.35755245757,12.5,47.509575790422));
#2633 = CARTESIAN_POINT('',(-29.45380554705,12.5,47.675375199061));
#2634 = CARTESIAN_POINT('',(-29.55301462591,12.500000000002,
    47.839852028311));
#2635 = CARTESIAN_POINT('',(-29.65529162532,12.499999999996,
    48.003160787724));
#2636 = CARTESIAN_POINT('',(-29.69282485425,12.499999999994,
    48.063091222605));
#2637 = CARTESIAN_POINT('',(-29.7307568022,12.499999999994,
    48.122845618225));
#2638 = CARTESIAN_POINT('',(-29.76908561899,12.499999999994,
    48.182419594261));
#2639 = CARTESIAN_POINT('',(-29.86493925799,12.499999999996,
    48.3314036452));
#2640 = CARTESIAN_POINT('',(-29.96327567059,12.5,48.47925853409));
#2641 = CARTESIAN_POINT('',(-30.06361978439,12.5,48.625363007024));
#2642 = CARTESIAN_POINT('',(-30.11284281443,12.5,48.697033427811));
#2643 = CARTESIAN_POINT('',(-30.16258724721,12.5,48.768340013567));
#2644 = CARTESIAN_POINT('',(-30.21280399999,12.499999999999,
    48.839219858062));
#2645 = CARTESIAN_POINT('',(-30.42443421455,12.499999999996,
    49.137931261473));
#2646 = CARTESIAN_POINT('',(-30.64445534994,12.499999999939,
    49.4290597672));
#2647 = CARTESIAN_POINT('',(-30.87236283258,12.499999999963,
    49.713052711169));
#2648 = CARTESIAN_POINT('',(-30.89902904036,12.499999999966,
    49.746281171967));
#2649 = CARTESIAN_POINT('',(-30.92580317928,12.499999999969,
    49.779411994259));
#2650 = CARTESIAN_POINT('',(-30.95268441509,12.499999999974,
    49.812445931554));
#2651 = CARTESIAN_POINT('',(-31.02716793531,12.499999999986,
    49.903977584134));
#2652 = CARTESIAN_POINT('',(-31.10246069484,12.499999999992,
    49.994742017828));
#2653 = CARTESIAN_POINT('',(-31.17854936515,12.499999999995,
    50.08476133466));
#2654 = CARTESIAN_POINT('',(-31.42030760544,12.500000000005,
    50.370781730857));
#2655 = CARTESIAN_POINT('',(-31.67010012563,12.5,50.649280310792));
#2656 = CARTESIAN_POINT('',(-31.92746660609,12.5,50.920672655323));
#2657 = CARTESIAN_POINT('',(-32.03029983607,12.5,51.029110052963));
#2658 = CARTESIAN_POINT('',(-32.13434406482,12.5,51.136414925839));
#2659 = CARTESIAN_POINT('',(-32.2395910081,12.5,51.24263112198));
#2660 = CARTESIAN_POINT('',(-32.46751715398,12.5,51.472656312863));
#2661 = CARTESIAN_POINT('',(-32.7010815628,12.500000000021,
    51.697578042978));
#2662 = CARTESIAN_POINT('',(-32.94027588891,12.499999999944,
    51.917785816178));
#2663 = CARTESIAN_POINT('',(-32.95406198767,12.499999999939,
    51.930477614334));
#2664 = CARTESIAN_POINT('',(-32.96786679835,12.499999999934,
    51.943153743372));
#2665 = CARTESIAN_POINT('',(-32.98169032305,12.499999999929,
    51.955814274235));
#2666 = CARTESIAN_POINT('',(-33.11571196999,12.499999999877,
    52.078560479331));
#2667 = CARTESIAN_POINT('',(-33.25140942828,12.499999999877,
    52.199788218319));
#2668 = CARTESIAN_POINT('',(-33.38869208442,12.499999999908,
    52.319482445559));
#2669 = CARTESIAN_POINT('',(-33.62469359008,12.499999999963,
    52.525247825134));
#2670 = CARTESIAN_POINT('',(-33.8653809711,12.5,52.726478667361));
#2671 = CARTESIAN_POINT('',(-34.10923303082,12.5,52.922454673393));
#2672 = CARTESIAN_POINT('',(-34.27604416001,12.5,53.05651537764));
#2673 = CARTESIAN_POINT('',(-34.44451968589,12.500000000001,
    53.188273337795));
#2674 = CARTESIAN_POINT('',(-34.61430056625,12.499999999981,
    53.317610082973));
#2675 = CARTESIAN_POINT('',(-34.83708775965,12.499999999956,
    53.48732631015));
#2676 = CARTESIAN_POINT('',(-35.06212223072,12.49999999989,
    53.652873691132));
#2677 = CARTESIAN_POINT('',(-35.2894676193,12.499999999902,
    53.814712573685));
#2678 = CARTESIAN_POINT('',(-35.48848499666,12.499999999913,
    53.956385779204));
#2679 = CARTESIAN_POINT('',(-35.68911319087,12.499999999956,
    54.095096225899));
#2680 = CARTESIAN_POINT('',(-35.89132399209,12.499999999978,
    54.231094393713));
#2681 = CARTESIAN_POINT('',(-36.09614116209,12.499999999999,
    54.36884549152));
#2682 = CARTESIAN_POINT('',(-36.30258198111,12.5,54.503813926928));
#2683 = CARTESIAN_POINT('',(-36.51052488743,12.5,54.636127995871));
#2684 = CARTESIAN_POINT('',(-36.74240773623,12.5,54.783675049943));
#2685 = CARTESIAN_POINT('',(-36.97621310835,12.5,54.927968433081));
#2686 = CARTESIAN_POINT('',(-37.21177528374,12.5,55.06919392109));
#2687 = CARTESIAN_POINT('',(-37.65857945746,12.5,55.337064335236));
#2688 = CARTESIAN_POINT('',(-38.11170440637,12.500000000014,
    55.59389692353));
#2689 = CARTESIAN_POINT('',(-38.57037213374,12.499999999956,
    55.841079766862));
#2690 = CARTESIAN_POINT('',(-38.73177370691,12.499999999936,
    55.928061469289));
#2691 = CARTESIAN_POINT('',(-38.89386157631,12.499999999905,
    56.013848339411));
#2692 = CARTESIAN_POINT('',(-39.05660555882,12.499999999848,
    56.098486129993));
#2693 = CARTESIAN_POINT('',(-39.60764520065,12.499999999656,
    56.385063717003));
#2694 = CARTESIAN_POINT('',(-40.16611214159,12.499999999867,
    56.658513213493));
#2695 = CARTESIAN_POINT('',(-40.73123319686,12.499999999953,
    56.920740505326));
#2696 = CARTESIAN_POINT('',(-40.94785974753,12.499999999985,
    57.02125948828));
#2697 = CARTESIAN_POINT('',(-41.16546422809,12.499999999997,
    57.120128917112));
#2698 = CARTESIAN_POINT('',(-41.38400364563,12.499999999999,
    57.217454304286));
#2699 = CARTESIAN_POINT('',(-41.49448574543,12.5,57.266656929876));
#2700 = CARTESIAN_POINT('',(-41.60520680003,12.5,57.31546491859));
#2701 = CARTESIAN_POINT('',(-41.71615177886,12.5,57.363885498913));
#2702 = CARTESIAN_POINT('',(-42.09151549426,12.5,57.527708405765));
#2703 = CARTESIAN_POINT('',(-42.46952866563,12.5,57.687147808175));
#2704 = CARTESIAN_POINT('',(-42.84898519364,12.5,57.842252357537));
#2705 = CARTESIAN_POINT('',(-42.92590097387,12.5,57.873692025988));
#2706 = CARTESIAN_POINT('',(-43.00287598809,12.5,57.904953744905));
#2707 = CARTESIAN_POINT('',(-43.07990010261,12.5,57.936038152826));
#2708 = CARTESIAN_POINT('',(-43.48337208276,12.5,58.09886621899));
#2709 = CARTESIAN_POINT('',(-43.88819972328,12.500000000014,
    58.256838240764));
#2710 = CARTESIAN_POINT('',(-44.29421400963,12.499999999986,
    58.410519100974));
#2711 = CARTESIAN_POINT('',(-44.34809450777,12.499999999982,
    58.430913460438));
#2712 = CARTESIAN_POINT('',(-44.40199592865,12.499999999977,
    58.451232166297));
#2713 = CARTESIAN_POINT('',(-44.45591971192,12.499999999969,
    58.471476902977));
#2714 = CARTESIAN_POINT('',(-45.08488639429,12.499999999886,
    58.707611389325));
#2715 = CARTESIAN_POINT('',(-45.71668283492,12.499999999934,
    58.93369098302));
#2716 = CARTESIAN_POINT('',(-46.35083071344,12.499999999973,
    59.151399209218));
#2717 = CARTESIAN_POINT('',(-46.64479429584,12.499999999992,
    59.252319345135));
#2718 = CARTESIAN_POINT('',(-46.93926290873,12.499999999997,
    59.351441385402));
#2719 = CARTESIAN_POINT('',(-47.23418767025,12.499999999998,
    59.448936434387));
#2720 = CARTESIAN_POINT('',(-47.23955226883,12.499999999998,
    59.450709841946));
#2721 = CARTESIAN_POINT('',(-47.24491701823,12.499999999998,
    59.452482710745));
#2722 = CARTESIAN_POINT('',(-47.25028191844,12.499999999998,
    59.454255041973));
#2723 = CARTESIAN_POINT('',(-48.17611549985,12.500000000001,
    59.760110454754));
#2724 = CARTESIAN_POINT('',(-49.10643780449,12.499999999811,
    60.049959957969));
#2725 = CARTESIAN_POINT('',(-50.04009706121,12.499999999905,
    60.327924942748));
#2726 = CARTESIAN_POINT('',(-50.10592620207,12.499999999912,
    60.347523309074));
#2727 = CARTESIAN_POINT('',(-50.17177206543,12.499999999918,
    60.367062165949));
#2728 = CARTESIAN_POINT('',(-50.23763413135,12.499999999923,
    60.386542864847));
#2729 = CARTESIAN_POINT('',(-51.23763124145,12.500000000008,
    60.682322268798));
#2730 = CARTESIAN_POINT('',(-52.24136362482,12.499999999997,
    60.96469397141));
#2731 = CARTESIAN_POINT('',(-53.24776644046,12.499999999994,
    61.237671485899));
#2732 = CARTESIAN_POINT('',(-54.06619489937,12.499999999991,
    61.459662683685));
#2733 = CARTESIAN_POINT('',(-54.88638935016,12.499999999988,
    61.675441444669));
#2734 = CARTESIAN_POINT('',(-55.70779782115,12.499999999909,
    61.886809308874));
#2735 = CARTESIAN_POINT('',(-55.89643846131,12.499999999891,
    61.935351015737));
#2736 = CARTESIAN_POINT('',(-56.08514372065,12.499999999881,
    61.983662947521));
#2737 = CARTESIAN_POINT('',(-56.27390741759,12.499999999881,
    62.031766365003));
#2738 = CARTESIAN_POINT('',(-57.03476331075,12.499999999882,
    62.225658354117));
#2739 = CARTESIAN_POINT('',(-57.79656873888,12.499999999984,
    62.416162677258));
#2740 = CARTESIAN_POINT('',(-58.55897244904,12.499999999994,
    62.604536882474));
#2741 = CARTESIAN_POINT('',(-58.80934248149,12.499999999997,
    62.666398144751));
#2742 = CARTESIAN_POINT('',(-59.05977662543,12.499999999998,
    62.728030864633));
#2743 = CARTESIAN_POINT('',(-59.31026203842,12.499999999999,
    62.78948118087));
#2744 = CARTESIAN_POINT('',(-60.01176654945,12.500000000001,
    62.961577725452));
#2745 = CARTESIAN_POINT('',(-60.71367317072,12.5,63.132243631293));
#2746 = CARTESIAN_POINT('',(-61.41570707768,12.499999999999,
    63.302454875869));
#2747 = CARTESIAN_POINT('',(-61.72767777783,12.499999999999,
    63.378093560292));
#2748 = CARTESIAN_POINT('',(-62.03967319994,12.499999999998,
    63.45364401965));
#2749 = CARTESIAN_POINT('',(-62.35166956308,12.499999999999,
    63.529191066439));
#2750 = CARTESIAN_POINT('',(-62.99245992137,12.499999999999,
    63.684352551949));
#2751 = CARTESIAN_POINT('',(-63.63325424639,12.5,63.839499641042));
#2752 = CARTESIAN_POINT('',(-64.27383778383,12.5,63.9953986617));
#2753 = CARTESIAN_POINT('',(-64.64701505605,12.5,64.086218933951));
#2754 = CARTESIAN_POINT('',(-65.02012039121,12.5,64.177295749651));
#2755 = CARTESIAN_POINT('',(-65.39311082774,12.5,64.268781383888));
#2756 = CARTESIAN_POINT('',(-65.972122722,12.5,64.410799154828));
#2757 = CARTESIAN_POINT('',(-66.55085773239,12.5,64.553802093748));
#2758 = CARTESIAN_POINT('',(-67.12913660762,12.5,64.698431161036));
#2759 = CARTESIAN_POINT('',(-67.56282876154,12.499999999999,
    64.806898709129));
#2760 = CARTESIAN_POINT('',(-67.99626256982,12.499999999999,
    64.916282962188));
#2761 = CARTESIAN_POINT('',(-68.42936406633,12.5,65.026853829155));
#2762 = CARTESIAN_POINT('',(-68.94576476512,12.5,65.158690993026));
#2763 = CARTESIAN_POINT('',(-69.46169302871,12.5,65.292215108294));
#2764 = CARTESIAN_POINT('',(-69.97698621876,12.5,65.42800144416));
#2765 = CARTESIAN_POINT('',(-70.47011466758,12.5,65.557947087669));
#2766 = CARTESIAN_POINT('',(-70.96266872915,12.5,65.689968006357));
#2767 = CARTESIAN_POINT('',(-71.45449101994,12.5,65.824565015649));
#2768 = CARTESIAN_POINT('',(-71.90762498674,12.5,65.948574191081));
#2769 = CARTESIAN_POINT('',(-72.36013777827,12.5,66.074770119783));
#2770 = CARTESIAN_POINT('',(-72.81189926557,12.499999999994,
    66.203662204092));
#2771 = CARTESIAN_POINT('',(-72.86149433508,12.499999999993,
    66.21781217495));
#2772 = CARTESIAN_POINT('',(-72.9110804682,12.499999999992,
    66.231994744727));
#2773 = CARTESIAN_POINT('',(-72.9606575184,12.499999999992,
    66.246210595133));
#2774 = CARTESIAN_POINT('',(-73.4618384164,12.499999999985,
    66.389920489998));
#2775 = CARTESIAN_POINT('',(-73.96209111252,12.499999999983,
    66.537031413382));
#2776 = CARTESIAN_POINT('',(-74.46088390098,12.499999999987,
    66.688256585484));
#2777 = CARTESIAN_POINT('',(-74.8500147079,12.49999999999,66.8062341798)
  );
#2778 = CARTESIAN_POINT('',(-75.23825697216,12.499999999995,
    66.926715821188));
#2779 = CARTESIAN_POINT('',(-75.62546471464,12.499999999998,
    67.05017267647));
#2780 = CARTESIAN_POINT('',(-75.73456403778,12.499999999999,
    67.084957774677));
#2781 = CARTESIAN_POINT('',(-75.84357748121,12.499999999999,
    67.1199774876));
#2782 = CARTESIAN_POINT('',(-75.95250271525,12.5,67.155242652566));
#2783 = CARTESIAN_POINT('',(-76.30914963337,12.5,67.270709123794));
#2784 = CARTESIAN_POINT('',(-76.66485095602,12.5,67.388806815086));
#2785 = CARTESIAN_POINT('',(-77.019474739,12.499999999999,
    67.510015895335));
#2786 = CARTESIAN_POINT('',(-77.15756522439,12.499999999999,
    67.557214705818));
#2787 = CARTESIAN_POINT('',(-77.29549233949,12.499999999999,
    67.604886622794));
#2788 = CARTESIAN_POINT('',(-77.4332429559,12.499999999999,
    67.653057653985));
#2789 = CARTESIAN_POINT('',(-77.7572840928,12.499999999999,
    67.766373994195));
#2790 = CARTESIAN_POINT('',(-78.08034842704,12.5,67.882452500485));
#2791 = CARTESIAN_POINT('',(-78.40222464211,12.5,68.001771327475));
#2792 = CARTESIAN_POINT('',(-78.56859267293,12.5,68.063443601959));
#2793 = CARTESIAN_POINT('',(-78.73464134346,12.499999999999,
    68.125980702627));
#2794 = CARTESIAN_POINT('',(-78.90036754719,12.499999999998,
    68.189460554522));
#2795 = CARTESIAN_POINT('',(-79.14352870052,12.499999999997,
    68.282601130082));
#2796 = CARTESIAN_POINT('',(-79.38599575679,12.499999999995,
    68.377771005107));
#2797 = CARTESIAN_POINT('',(-79.62771178503,12.499999999996,
    68.475284756777));
#2798 = CARTESIAN_POINT('',(-79.67547575185,12.499999999997,
    68.494553828976));
#2799 = CARTESIAN_POINT('',(-79.72321038598,12.499999999997,
    68.513914439822));
#2800 = CARTESIAN_POINT('',(-79.77091576802,12.499999999998,
    68.533369798233));
#2801 = CARTESIAN_POINT('',(-79.96458165775,12.5,68.612351228323));
#2802 = CARTESIAN_POINT('',(-80.15765755723,12.5,68.6928458586));
#2803 = CARTESIAN_POINT('',(-80.35013483224,12.5,68.77505476503));
#2804 = CARTESIAN_POINT('',(-80.59011554858,12.5,68.87755285086));
#2805 = CARTESIAN_POINT('',(-80.82916565109,12.500000000001,
    68.982715660259));
#2806 = CARTESIAN_POINT('',(-81.06663759863,12.499999999989,
    69.090748043547));
#2807 = CARTESIAN_POINT('',(-81.08486683513,12.499999999988,
    69.099041014086));
#2808 = CARTESIAN_POINT('',(-81.10308677197,12.499999999987,
    69.107350895494));
#2809 = CARTESIAN_POINT('',(-81.12129731677,12.499999999986,
    69.115677918642));
#2810 = CARTESIAN_POINT('',(-81.34030380261,12.499999999972,
    69.215821659398));
#2811 = CARTESIAN_POINT('',(-81.55801002947,12.49999999996,
    69.318480398228));
#2812 = CARTESIAN_POINT('',(-81.77419651496,12.499999999963,
    69.424033469162));
#2813 = CARTESIAN_POINT('',(-81.99797974257,12.499999999966,
    69.533295650117));
#2814 = CARTESIAN_POINT('',(-82.22013449661,12.499999999985,
    69.645659253383));
#2815 = CARTESIAN_POINT('',(-82.44030913594,12.499999999995,
    69.761689814414));
#2816 = CARTESIAN_POINT('',(-82.45047690387,12.499999999996,
    69.767048160051));
#2817 = CARTESIAN_POINT('',(-82.46064048483,12.499999999996,
    69.77241431304));
#2818 = CARTESIAN_POINT('',(-82.47079984278,12.499999999996,
    69.777788328436));
#2819 = CARTESIAN_POINT('',(-82.58588028667,12.5,69.838662655406));
#2820 = CARTESIAN_POINT('',(-82.70041883799,12.5,69.900545876128));
#2821 = CARTESIAN_POINT('',(-82.81434916644,12.5,69.963543416689));
#2822 = CARTESIAN_POINT('',(-82.90445822061,12.5,70.013369032676));
#2823 = CARTESIAN_POINT('',(-82.9941868086,12.5,70.063891698035));
#2824 = CARTESIAN_POINT('',(-83.08350034269,12.499999999997,
    70.115174923623));
#2825 = CARTESIAN_POINT('',(-83.10712663694,12.499999999996,
    70.128740981555));
#2826 = CARTESIAN_POINT('',(-83.13072420845,12.499999999995,
    70.14236070874));
#2827 = CARTESIAN_POINT('',(-83.15429268588,12.499999999995,
    70.156035422649));
#2828 = CARTESIAN_POINT('',(-83.26695490869,12.499999999992,
    70.22140339855));
#2829 = CARTESIAN_POINT('',(-83.37895241182,12.499999999992,
    70.288027659839));
#2830 = CARTESIAN_POINT('',(-83.49020066312,12.499999999994,
    70.356066633463));
#2831 = CARTESIAN_POINT('',(-83.56471070498,12.499999999995,
    70.401636669063));
#2832 = CARTESIAN_POINT('',(-83.63888461974,12.499999999997,
    70.447841357029));
#2833 = CARTESIAN_POINT('',(-83.71271932934,12.499999999998,
    70.494763279081));
#2834 = CARTESIAN_POINT('',(-83.74908905769,12.499999999999,
    70.517876223759));
#2835 = CARTESIAN_POINT('',(-83.78536557983,12.499999999999,
    70.541156059444));
#2836 = CARTESIAN_POINT('',(-83.8215500002,12.499999999999,
    70.564613234689));
#2837 = CARTESIAN_POINT('',(-83.93123189976,12.5,70.63571641979));
#2838 = CARTESIAN_POINT('',(-84.0400677648,12.500000000002,
    70.708448464827));
#2839 = CARTESIAN_POINT('',(-84.14757847042,12.499999999996,
    70.782835611071));
#2840 = CARTESIAN_POINT('',(-84.20660118636,12.499999999993,
    70.823673696706));
#2841 = CARTESIAN_POINT('',(-84.26522445589,12.499999999988,
    70.86501074044));
#2842 = CARTESIAN_POINT('',(-84.3234137916,12.49999999997,
    70.906895273146));
#2843 = CARTESIAN_POINT('',(-84.37120221867,12.499999999956,
    70.941293258818));
#2844 = CARTESIAN_POINT('',(-84.41868426705,12.499999999945,
    70.976055490234));
#2845 = CARTESIAN_POINT('',(-84.46583639805,12.499999999942,
    71.01120449288));
#2846 = CARTESIAN_POINT('',(-84.57040848573,12.499999999936,
    71.089156528304));
#2847 = CARTESIAN_POINT('',(-84.67335783146,12.499999999966,
    71.16901083172));
#2848 = CARTESIAN_POINT('',(-84.77435946701,12.499999999983,
    71.251178682493));
#2849 = CARTESIAN_POINT('',(-84.81760424722,12.49999999999,
    71.286359604352));
#2850 = CARTESIAN_POINT('',(-84.86049198268,12.499999999995,
    71.321964656082));
#2851 = CARTESIAN_POINT('',(-84.90298425357,12.499999999997,
    71.358038235843));
#2852 = CARTESIAN_POINT('',(-84.91011904506,12.499999999998,
    71.364095277857));
#2853 = CARTESIAN_POINT('',(-84.9172426948,12.499999999998,
    71.37016544894));
#2854 = CARTESIAN_POINT('',(-84.92435504155,12.499999999998,
    71.376248995396));
#2855 = CARTESIAN_POINT('',(-84.97382561403,12.5,71.4185636542));
#2856 = CARTESIAN_POINT('',(-85.0227494498,12.499999999999,
    71.461525339257));
#2857 = CARTESIAN_POINT('',(-85.07106102421,12.499999999999,
    71.505239352135));
#2858 = CARTESIAN_POINT('',(-85.10657581137,12.499999999999,
    71.537374381525));
#2859 = CARTESIAN_POINT('',(-85.14175971376,12.499999999999,
    71.569915984472));
#2860 = CARTESIAN_POINT('',(-85.17657011711,12.499999999999,
    71.602914068845));
#2861 = CARTESIAN_POINT('',(-85.1890973582,12.499999999999,
    71.614789109604));
#2862 = CARTESIAN_POINT('',(-85.20157575842,12.5,71.626722429555));
#2863 = CARTESIAN_POINT('',(-85.21400276144,12.5,71.638715531871));
#2864 = CARTESIAN_POINT('',(-85.26096491668,12.5,71.684037958512));
#2865 = CARTESIAN_POINT('',(-85.30719267429,12.500000000006,
    71.730214499894));
#2866 = CARTESIAN_POINT('',(-85.35255429664,12.499999999988,
    71.777425679579));
#2867 = CARTESIAN_POINT('',(-85.38044101896,12.499999999978,
    71.806449444393));
#2868 = CARTESIAN_POINT('',(-85.40800045425,12.499999999958,
    71.835864142888));
#2869 = CARTESIAN_POINT('',(-85.43514285919,12.499999999877,
    71.865690881257));
#2870 = CARTESIAN_POINT('',(-85.45219729817,12.499999999827,
    71.884431972583));
#2871 = CARTESIAN_POINT('',(-85.46909625457,12.499999999758,
    71.903348068367));
#2872 = CARTESIAN_POINT('',(-85.48581816421,12.499999999684,
    71.922448726783));
#2873 = CARTESIAN_POINT('',(-85.50747671396,12.499999999587,
    71.947188279221));
#2874 = CARTESIAN_POINT('',(-85.52883830009,12.499999999483,
    71.972237469613));
#2875 = CARTESIAN_POINT('',(-85.5498014124,12.499999999428,
    71.997578878453));
#2876 = CARTESIAN_POINT('',(-85.57074647679,12.499999999374,
    72.022898469946));
#2877 = CARTESIAN_POINT('',(-85.59129374657,12.499999999376,
    72.048509748978));
#2878 = CARTESIAN_POINT('',(-85.61139007251,12.499999999462,
    72.074479722049));
#2879 = CARTESIAN_POINT('',(-85.63120615928,12.499999999547,
    72.100087549128));
#2880 = CARTESIAN_POINT('',(-85.65058382899,12.499999999722,
    72.126044147624));
#2881 = CARTESIAN_POINT('',(-85.66942831987,12.499999999864,
    72.15241936724));
#2882 = CARTESIAN_POINT('',(-85.66967492482,12.499999999866,
    72.152764521683));
#2883 = CARTESIAN_POINT('',(-85.66992143848,12.499999999868,
    72.153109741172));
#2884 = CARTESIAN_POINT('',(-85.67016786061,12.49999999987,
    72.153455025779));
#2885 = CARTESIAN_POINT('',(-85.68924887132,12.500000000009,
    72.180191177311));
#2886 = CARTESIAN_POINT('',(-85.70778038316,12.499999999999,
    72.207318034146));
#2887 = CARTESIAN_POINT('',(-85.725588815,12.499999999977,
    72.234905308045));
#2888 = CARTESIAN_POINT('',(-85.73451098817,12.499999999965,
    72.248726762811));
#2889 = CARTESIAN_POINT('',(-85.7432517897,12.499999999944,
    72.262663757715));
#2890 = CARTESIAN_POINT('',(-85.75178726459,12.499999999847,
    72.276750386148));
#2891 = CARTESIAN_POINT('',(-85.75804754234,12.499999999775,
    72.287082114324));
#2892 = CARTESIAN_POINT('',(-85.76419736048,12.49999999966,
    72.297494298609));
#2893 = CARTESIAN_POINT('',(-85.77020372571,12.499999999443,
    72.307968950946));
#2894 = CARTESIAN_POINT('',(-85.77240225402,12.499999999363,
    72.311803020102));
#2895 = CARTESIAN_POINT('',(-85.77458298873,12.499999999274,
    72.315648729044));
#2896 = CARTESIAN_POINT('',(-85.77674407051,12.499999999176,
    72.319505201814));
#2897 = CARTESIAN_POINT('',(-85.78479750508,12.49999999881,
    72.333876639077));
#2898 = CARTESIAN_POINT('',(-85.7925780117,12.499999998309,
    72.348397646905));
#2899 = CARTESIAN_POINT('',(-85.79999826656,12.499999997847,
    72.363072238119));
#2900 = CARTESIAN_POINT('',(-85.80740477515,12.499999997387,
    72.377719644151));
#2901 = CARTESIAN_POINT('',(-85.81445233212,12.49999999698,
    72.392520103173));
#2902 = CARTESIAN_POINT('',(-85.82102543712,12.499999996877,
    72.407512615389));
#2903 = CARTESIAN_POINT('',(-85.82759445022,12.499999996774,
    72.42249579446));
#2904 = CARTESIAN_POINT('',(-85.83368951525,12.499999997004,
    72.437670923631));
#2905 = CARTESIAN_POINT('',(-85.83915000365,12.499999997573,
    72.453084074479));
#2906 = CARTESIAN_POINT('',(-85.84182944147,12.499999997852,
    72.460647240295));
#2907 = CARTESIAN_POINT('',(-85.84435610924,12.499999998206,
    72.46826764915));
#2908 = CARTESIAN_POINT('',(-85.84671592408,12.499999998577,
    72.475949563256));
#2909 = CARTESIAN_POINT('',(-85.84676138976,12.499999998584,
    72.47609756783));
#2910 = CARTESIAN_POINT('',(-85.84680679556,12.499999998592,
    72.476245593035));
#2911 = CARTESIAN_POINT('',(-85.84685214141,12.499999998599,
    72.476393638928));
#2912 = CARTESIAN_POINT('',(-85.84925343698,12.499999998973,
    72.484233428759));
#2913 = CARTESIAN_POINT('',(-85.8514866423,12.499999999223,
    72.492131208746));
#2914 = CARTESIAN_POINT('',(-85.85355220494,12.499999999405,
    72.500086451378));
#2915 = CARTESIAN_POINT('',(-85.85561990786,12.499999999587,
    72.508049937043));
#2916 = CARTESIAN_POINT('',(-85.85751962883,12.499999999699,
    72.516071017657));
#2917 = CARTESIAN_POINT('',(-85.85926658532,12.499999999777,
    72.52415827157));
#2918 = CARTESIAN_POINT('',(-85.86101434547,12.499999999854,
    72.532249245849));
#2919 = CARTESIAN_POINT('',(-85.86260919519,12.499999999896,
    72.540406454537));
#2920 = CARTESIAN_POINT('',(-85.86406269083,12.499999999923,
    72.548584798921));
#2921 = CARTESIAN_POINT('',(-85.86696833079,12.499999999979,
    72.564933884206));
#2922 = CARTESIAN_POINT('',(-85.86930930104,12.499999999981,
    72.581367594189));
#2923 = CARTESIAN_POINT('',(-85.87122380102,12.49999999998,
    72.597789370178));
#2924 = CARTESIAN_POINT('',(-85.87313345353,12.499999999979,
    72.614169566659));
#2925 = CARTESIAN_POINT('',(-85.874618641,12.499999999968,
    72.630537723508));
#2926 = CARTESIAN_POINT('',(-85.8757753558,12.499999999928,
    72.646946594394));
#2927 = CARTESIAN_POINT('',(-85.87606237178,12.499999999918,
    72.651018132243));
#2928 = CARTESIAN_POINT('',(-85.87632915853,12.499999999905,
    72.655092177515));
#2929 = CARTESIAN_POINT('',(-85.87657654022,12.499999999891,
    72.659168908163));
#2930 = CARTESIAN_POINT('',(-85.87732418748,12.499999999848,
    72.671489774034));
#2931 = CARTESIAN_POINT('',(-85.87788730086,12.499999999809,
    72.6837895905));
#2932 = CARTESIAN_POINT('',(-85.87829347622,12.499999999786,
    72.69607053726));
#2933 = CARTESIAN_POINT('',(-85.87883569225,12.499999999756,
    72.712464751853));
#2934 = CARTESIAN_POINT('',(-85.87909828135,12.499999999755,
    72.728825348003));
#2935 = CARTESIAN_POINT('',(-85.87912644097,12.499999999771,
    72.745168108349));
#2936 = CARTESIAN_POINT('',(-85.87915464942,12.499999999788,
    72.761539207009));
#2937 = CARTESIAN_POINT('',(-85.87894756777,12.499999999821,
    72.777892411276));
#2938 = CARTESIAN_POINT('',(-85.87853805034,12.499999999851,
    72.79424173208));
#2939 = CARTESIAN_POINT('',(-85.87812565905,12.499999999882,
    72.810705787042));
#2940 = CARTESIAN_POINT('',(-85.87750795406,12.499999999911,
    72.827165907324));
#2941 = CARTESIAN_POINT('',(-85.87670637674,12.49999999993,
    72.843635077828));
#2942 = CARTESIAN_POINT('',(-85.8759163094,12.499999999948,
    72.859867764854));
#2943 = CARTESIAN_POINT('',(-85.87494769328,12.49999999996,
    72.876098867557));
#2944 = CARTESIAN_POINT('',(-85.87382000013,12.499999999968,
    72.892327702167));
#2945 = CARTESIAN_POINT('',(-85.87154976597,12.499999999985,
    72.924999049893));
#2946 = CARTESIAN_POINT('',(-85.86863480337,12.499999999989,
    72.957661212649));
#2947 = CARTESIAN_POINT('',(-85.86516790286,12.499999999991,
    72.990347161998));
#2948 = CARTESIAN_POINT('',(-85.86170275969,12.499999999994,
    73.023016543088));
#2949 = CARTESIAN_POINT('',(-85.85768623853,12.499999999994,
    73.055709721012));
#2950 = CARTESIAN_POINT('',(-85.85320593534,12.499999999994,
    73.088296654805));
#2951 = CARTESIAN_POINT('',(-85.8487278965,12.499999999995,
    73.120867119178));
#2952 = CARTESIAN_POINT('',(-85.84378654991,12.499999999995,
    73.153331413349));
#2953 = CARTESIAN_POINT('',(-85.83844649739,12.499999999996,
    73.185676945211));
#2954 = CARTESIAN_POINT('',(-85.83704976956,12.499999999996,
    73.194137143779));
#2955 = CARTESIAN_POINT('',(-85.83562576666,12.499999999997,
    73.202589216686));
#2956 = CARTESIAN_POINT('',(-85.83417516475,12.499999999997,
    73.211033429819));
#2957 = CARTESIAN_POINT('',(-85.82453226791,12.5,73.267166456894));
#2958 = CARTESIAN_POINT('',(-85.81373554051,12.499999999998,
    73.322889667317));
#2959 = CARTESIAN_POINT('',(-85.80198644312,12.499999999995,
    73.378305515884));
#2960 = CARTESIAN_POINT('',(-85.78846010869,12.499999999991,
    73.442103889089));
#2961 = CARTESIAN_POINT('',(-85.77367143671,12.499999999987,
    73.505494843698));
#2962 = CARTESIAN_POINT('',(-85.75780839197,12.499999999993,
    73.568564144752));
#2963 = CARTESIAN_POINT('',(-85.75765072711,12.499999999994,
    73.56919099871));
#2964 = CARTESIAN_POINT('',(-85.75749295608,12.499999999994,
    73.569817820873));
#2965 = CARTESIAN_POINT('',(-85.757335079,12.499999999994,
    73.570444611314));
#2966 = CARTESIAN_POINT('',(-85.74161143689,12.5,73.632869308378));
#2967 = CARTESIAN_POINT('',(-85.72484479404,12.5,73.694989519841));
#2968 = CARTESIAN_POINT('',(-85.70717706927,12.499999999999,
    73.756841397459));
#2969 = CARTESIAN_POINT('',(-85.69131579837,12.499999999999,
    73.81236916913));
#2970 = CARTESIAN_POINT('',(-85.67472832435,12.499999999999,
    73.867680684174));
#2971 = CARTESIAN_POINT('',(-85.65749245565,12.499999999988,
    73.922792572634));
#2972 = CARTESIAN_POINT('',(-85.65534132136,12.499999999986,
    73.929670849281));
#2973 = CARTESIAN_POINT('',(-85.65318000944,12.499999999985,
    73.936546018926));
#2974 = CARTESIAN_POINT('',(-85.65100866869,12.499999999983,
    73.943418121438));
#2975 = CARTESIAN_POINT('',(-85.63144017337,12.499999999969,
    74.005350688066));
#2976 = CARTESIAN_POINT('',(-85.61105711948,12.49999999995,
    74.067034132126));
#2977 = CARTESIAN_POINT('',(-85.58994328105,12.499999999938,
    74.128491892807));
#2978 = CARTESIAN_POINT('',(-85.56882812262,12.499999999925,
    74.189953495702));
#2979 = CARTESIAN_POINT('',(-85.54698209283,12.499999999919,
    74.251189389234));
#2980 = CARTESIAN_POINT('',(-85.52447768507,12.499999999921,
    74.312214527173));
#2981 = CARTESIAN_POINT('',(-85.48739785935,12.499999999924,
    74.412763784167));
#2982 = CARTESIAN_POINT('',(-85.44853060096,12.499999999951,
    74.512740856682));
#2983 = CARTESIAN_POINT('',(-85.4080968506,12.499999999974,
    74.612224958913));
#2984 = CARTESIAN_POINT('',(-85.39943681441,12.499999999979,
    74.633532305334));
#2985 = CARTESIAN_POINT('',(-85.39070507457,12.499999999982,
    74.654817606817));
#2986 = CARTESIAN_POINT('',(-85.38190355978,12.499999999985,
    74.676082171716));
#2987 = CARTESIAN_POINT('',(-85.33200168992,12.500000000002,
    74.796645685498));
#2988 = CARTESIAN_POINT('',(-85.27985757344,12.5,74.916543054684));
#2989 = CARTESIAN_POINT('',(-85.22601328162,12.499999999999,
    75.035337670913));
#2990 = CARTESIAN_POINT('',(-85.18820671643,12.499999999999,
    75.118748859942));
#2991 = CARTESIAN_POINT('',(-85.14956177443,12.499999999998,
    75.20161618336));
#2992 = CARTESIAN_POINT('',(-85.11013093563,12.499999999991,
    75.284044191246));
#2993 = CARTESIAN_POINT('',(-85.09345239229,12.499999999988,
    75.318909772183));
#2994 = CARTESIAN_POINT('',(-85.07664176315,12.499999999986,
    75.353677058985));
#2995 = CARTESIAN_POINT('',(-85.0597034581,12.499999999984,
    75.388354305597));
#2996 = CARTESIAN_POINT('',(-85.00268831397,12.499999999977,
    75.505079574617));
#2997 = CARTESIAN_POINT('',(-84.94422719107,12.499999999981,
    75.620785005126));
#2998 = CARTESIAN_POINT('',(-84.88447127026,12.499999999986,
    75.735634328265));
#2999 = CARTESIAN_POINT('',(-84.84969326265,12.49999999999,
    75.802476752906));
#3000 = CARTESIAN_POINT('',(-84.81447651384,12.499999999994,
    75.869029102234));
#3001 = CARTESIAN_POINT('',(-84.7788402792,12.499999999996,
    75.935324330451));
#3002 = CARTESIAN_POINT('',(-84.75323072555,12.499999999998,
    75.982966603004));
#3003 = CARTESIAN_POINT('',(-84.72740530606,12.499999999999,
    76.030475380208));
#3004 = CARTESIAN_POINT('',(-84.70137428857,12.499999999999,
    76.077856412497));
#3005 = CARTESIAN_POINT('',(-84.63913809506,12.5,76.191137235832));
#3006 = CARTESIAN_POINT('',(-84.57572658499,12.5,76.303687796516));
#3007 = CARTESIAN_POINT('',(-84.51126254752,12.499999999999,
    76.415565469926));
#3008 = CARTESIAN_POINT('',(-84.4815520445,12.499999999999,
    76.467128202965));
#3009 = CARTESIAN_POINT('',(-84.45161798707,12.499999999998,
    76.518548015858));
#3010 = CARTESIAN_POINT('',(-84.42146954733,12.499999999996,
    76.569828916425));
#3011 = CARTESIAN_POINT('',(-84.32079444216,12.49999999999,
    76.741071942654));
#3012 = CARTESIAN_POINT('',(-84.2177239635,12.499999999976,
    76.910762030484));
#3013 = CARTESIAN_POINT('',(-84.11256735708,12.499999999968,
    77.079102323588));
#3014 = CARTESIAN_POINT('',(-83.97590752564,12.499999999956,
    77.297874656215));
#3015 = CARTESIAN_POINT('',(-83.83572440536,12.499999999959,
    77.514367308117));
#3016 = CARTESIAN_POINT('',(-83.69250467558,12.499999999977,
    77.728896647841));
#3017 = CARTESIAN_POINT('',(-83.67681274751,12.499999999979,
    77.752401642394));
#3018 = CARTESIAN_POINT('',(-83.66108436556,12.499999999981,
    77.775883067529));
#3019 = CARTESIAN_POINT('',(-83.64532001095,12.499999999983,
    77.79934125567));
#3020 = CARTESIAN_POINT('',(-83.51719613128,12.499999999999,
    77.989996322069));
#3021 = CARTESIAN_POINT('',(-83.38671047014,12.499999999998,
    78.17911466603));
#3022 = CARTESIAN_POINT('',(-83.25410525178,12.499999999999,
    78.366895973369));
#3023 = CARTESIAN_POINT('',(-83.10689619413,12.5,78.575357673735));
#3024 = CARTESIAN_POINT('',(-82.95707500694,12.499999999999,
    78.782171623616));
#3025 = CARTESIAN_POINT('',(-82.80491968959,12.5,78.987526696972));
#3026 = CARTESIAN_POINT('',(-82.80317490667,12.5,78.989881527744));
#3027 = CARTESIAN_POINT('',(-82.8014298264,12.5,78.992236154783));
#3028 = CARTESIAN_POINT('',(-82.79968444921,12.5,78.994590578355));
#3029 = CARTESIAN_POINT('',(-82.64573090437,12.5,79.202265949182));
#3030 = CARTESIAN_POINT('',(-82.48946739307,12.5,79.408358409957));
#3031 = CARTESIAN_POINT('',(-82.33103938267,12.499999999999,
    79.613136552339));
#3032 = CARTESIAN_POINT('',(-82.19354032318,12.499999999998,
    79.79086271272));
#3033 = CARTESIAN_POINT('',(-82.05441085222,12.499999999998,
    79.967598804909));
#3034 = CARTESIAN_POINT('',(-81.91397034084,12.499999999999,
    80.143199759249));
#3035 = CARTESIAN_POINT('',(-81.8925528906,12.499999999999,
    80.169979245198));
#3036 = CARTESIAN_POINT('',(-81.87110285189,12.499999999999,
    80.196735088095));
#3037 = CARTESIAN_POINT('',(-81.84962148086,12.499999999999,
    80.223466591093));
#3038 = CARTESIAN_POINT('',(-81.56610305852,12.500000000001,
    80.576278036295));
#3039 = CARTESIAN_POINT('',(-81.27712307445,12.5,80.924846718785));
#3040 = CARTESIAN_POINT('',(-80.98404449451,12.5,81.269185969398));
#3041 = CARTESIAN_POINT('',(-80.94184745183,12.5,81.318763451508));
#3042 = CARTESIAN_POINT('',(-80.89956447285,12.5,81.368254288364));
#3043 = CARTESIAN_POINT('',(-80.85719881585,12.5,81.417659654104));
#3044 = CARTESIAN_POINT('',(-80.58302033815,12.499999999999,
    81.737397123739));
#3045 = CARTESIAN_POINT('',(-80.30537925916,12.500000000006,
    82.053554777636));
#3046 = CARTESIAN_POINT('',(-80.02458864603,12.499999999991,
    82.366740556756));
#3047 = CARTESIAN_POINT('',(-79.96107353024,12.499999999988,
    82.437583491296));
#3048 = CARTESIAN_POINT('',(-79.89739774594,12.499999999984,
    82.508272288286));
#3049 = CARTESIAN_POINT('',(-79.83356548895,12.49999999998,
    82.578813191068));
#3050 = CARTESIAN_POINT('',(-79.48795832097,12.499999999961,
    82.96074299876));
#3051 = CARTESIAN_POINT('',(-79.13776368844,12.499999999962,
    83.338336754178));
#3052 = CARTESIAN_POINT('',(-78.78365073085,12.499999999974,
    83.712148760201));
#3053 = CARTESIAN_POINT('',(-78.53553719033,12.499999999981,
    83.974064678043));
#3054 = CARTESIAN_POINT('',(-78.28550020119,12.49999999999,
    84.234124204499));
#3055 = CARTESIAN_POINT('',(-78.03370688189,12.499999999994,
    84.492492215881));
#3056 = CARTESIAN_POINT('',(-77.92650409688,12.499999999996,
    84.6024942225));
#3057 = CARTESIAN_POINT('',(-77.81898433953,12.499999999997,
    84.712188326545));
#3058 = CARTESIAN_POINT('',(-77.71115990779,12.499999999998,
    84.821587696895));
#3059 = CARTESIAN_POINT('',(-77.35038696465,12.5,85.187630273538));
#3060 = CARTESIAN_POINT('',(-76.98620292619,12.5,85.550373051976));
#3061 = CARTESIAN_POINT('',(-76.61898936719,12.5,85.910193799934));
#3062 = CARTESIAN_POINT('',(-76.40232641734,12.5,86.122494851348));
#3063 = CARTESIAN_POINT('',(-76.18460887624,12.5,86.333778729042));
#3064 = CARTESIAN_POINT('',(-75.96590035821,12.5,86.544109114195));
#3065 = CARTESIAN_POINT('',(-75.81421145811,12.5,86.689987222046));
#3066 = CARTESIAN_POINT('',(-75.66204603698,12.5,86.835406641643));
#3067 = CARTESIAN_POINT('',(-75.50942580019,12.5,86.980388462501));
#3068 = CARTESIAN_POINT('',(-75.13701385916,12.5,87.334161739574));
#3069 = CARTESIAN_POINT('',(-74.76189373771,12.5,87.685329342895));
#3070 = CARTESIAN_POINT('',(-74.3843311272,12.5,88.034142827179));
#3071 = CARTESIAN_POINT('',(-74.20240815216,12.5,88.202213459776));
#3072 = CARTESIAN_POINT('',(-74.01991814343,12.5,88.369737576584));
#3073 = CARTESIAN_POINT('',(-73.8368862141,12.5,88.536738508777));
#3074 = ORIENTED_EDGE('',*,*,#3075,.T.);
#3075 = EDGE_CURVE('',#2551,#3076,#3078,.T.);
#3076 = VERTEX_POINT('',#3077);
#3077 = CARTESIAN_POINT('',(-33.78398419112,9.183473361796,
    37.100293547523));
#3078 = B_SPLINE_CURVE_WITH_KNOTS('',3,(#3079,#3080,#3081,#3082,#3083,
    #3084,#3085,#3086,#3087,#3088,#3089,#3090),.UNSPECIFIED.,.F.,.F.,(4,
    2,2,2,2,4),(0.,0.141217342784,0.19003559961,0.389129873332,
    0.582969781152,0.778102977772),.UNSPECIFIED.);
#3079 = CARTESIAN_POINT('',(-27.21692930152,12.5,37.407666250926));
#3080 = CARTESIAN_POINT('',(-27.67563729421,12.5,37.301985080907));
#3081 = CARTESIAN_POINT('',(-28.135726445,12.46274410381,37.193626116151
    ));
#3082 = CARTESIAN_POINT('',(-28.74589078653,12.363458348612,
    37.060944905789));
#3083 = CARTESIAN_POINT('',(-28.90217928748,12.33352083086,
    37.027951890017));
#3084 = CARTESIAN_POINT('',(-29.69235487078,12.15873651711,
    36.868383590809));
#3085 = CARTESIAN_POINT('',(-30.31392905772,11.944570157365,
    36.767762658122));
#3086 = CARTESIAN_POINT('',(-31.48603546089,11.366439993038,
    36.682219094143));
#3087 = CARTESIAN_POINT('',(-32.0191950329,11.016623953827,
    36.696326392297));
#3088 = CARTESIAN_POINT('',(-32.99711564226,10.178304981184,
    36.835334527315));
#3089 = CARTESIAN_POINT('',(-33.42387888005,9.702290933019,
    36.957931694257));
#3090 = CARTESIAN_POINT('',(-33.78394474472,9.18352758851,
    37.100293548525));
#3091 = ORIENTED_EDGE('',*,*,#3092,.F.);
#3092 = EDGE_CURVE('',#658,#3076,#3093,.T.);
#3093 = B_SPLINE_CURVE_WITH_KNOTS('',3,(#3094,#3095,#3096,#3097,#3098,
    #3099),.UNSPECIFIED.,.F.,.F.,(4,2,4),(1.518562227661E-08,
    0.193395605038,0.346429644213),.UNSPECIFIED.);
#3094 = CARTESIAN_POINT('',(-35.2,4.600780098835,37.994734887577));
#3095 = CARTESIAN_POINT('',(-35.19439718335,5.245059811359,
    37.973558145615));
#3096 = CARTESIAN_POINT('',(-35.11552648864,6.07039197244,
    37.869771852821));
#3097 = CARTESIAN_POINT('',(-34.63510958184,7.671694490302,
    37.525273473845));
#3098 = CARTESIAN_POINT('',(-34.30529803986,8.432320170184,
    37.306684724261));
#3099 = CARTESIAN_POINT('',(-33.78402363752,9.183419135082,
    37.100293546521));
#3100 = ( BOUNDED_SURFACE() B_SPLINE_SURFACE(3,2,(
    (#3101,#3102,#3103)
    ,(#3104,#3105,#3106)
    ,(#3107,#3108,#3109)
    ,(#3110,#3111,#3112)
    ,(#3113,#3114,#3115)
    ,(#3116,#3117,#3118)
    ,(#3119,#3120,#3121)
    ,(#3122,#3123,#3124)
    ,(#3125,#3126,#3127)
    ,(#3128,#3129,#3130)
    ,(#3131,#3132,#3133)
    ,(#3134,#3135,#3136)
    ,(#3137,#3138,#3139)
    ,(#3140,#3141,#3142)
    ,(#3143,#3144,#3145)
    ,(#3146,#3147,#3148)
    ,(#3149,#3150,#3151)
    ,(#3152,#3153,#3154)
    ,(#3155,#3156,#3157)
    ,(#3158,#3159,#3160)
    ,(#3161,#3162,#3163)
    ,(#3164,#3165,#3166)
    ,(#3167,#3168,#3169)
    ,(#3170,#3171,#3172)
    ,(#3173,#3174,#3175)
    ,(#3176,#3177,#3178)
    ,(#3179,#3180,#3181)
    ,(#3182,#3183,#3184)
    ,(#3185,#3186,#3187)
    ,(#3188,#3189,#3190)
    ,(#3191,#3192,#3193)
    ,(#3194,#3195,#3196)
    ,(#3197,#3198,#3199)
    ,(#3200,#3201,#3202)
    ,(#3203,#3204,#3205)
    ,(#3206,#3207,#3208)
    ,(#3209,#3210,#3211)
    ,(#3212,#3213,#3214)
    ,(#3215,#3216,#3217)
    ,(#3218,#3219,#3220)
    ,(#3221,#3222,#3223)
    ,(#3224,#3225,#3226)
    ,(#3227,#3228,#3229)
    ,(#3230,#3231,#3232)
    ,(#3233,#3234,#3235)
    ,(#3236,#3237,#3238)
    ,(#3239,#3240,#3241)
    ,(#3242,#3243,#3244)
    ,(#3245,#3246,#3247)
    ,(#3248,#3249,#3250)
    ,(#3251,#3252,#3253)
    ,(#3254,#3255,#3256)
    ,(#3257,#3258,#3259)
    ,(#3260,#3261,#3262)
    ,(#3263,#3264,#3265)
    ,(#3266,#3267,#3268)
    ,(#3269,#3270,#3271)
    ,(#3272,#3273,#3274)
    ,(#3275,#3276,#3277)
    ,(#3278,#3279,#3280)
    ,(#3281,#3282,#3283)
    ,(#3284,#3285,#3286)
    ,(#3287,#3288,#3289)
    ,(#3290,#3291,#3292)
    ,(#3293,#3294,#3295)
    ,(#3296,#3297,#3298)
    ,(#3299,#3300,#3301)
    ,(#3302,#3303,#3304)
    ,(#3305,#3306,#3307)
    ,(#3308,#3309,#3310)
    ,(#3311,#3312,#3313)
    ,(#3314,#3315,#3316)
    ,(#3317,#3318,#3319)
    ,(#3320,#3321,#3322)
    ,(#3323,#3324,#3325)
    ,(#3326,#3327,#3328)
    ,(#3329,#3330,#3331)
    ,(#3332,#3333,#3334)
    ,(#3335,#3336,#3337)
    ,(#3338,#3339,#3340)
    ,(#3341,#3342,#3343)
    ,(#3344,#3345,#3346)
    ,(#3347,#3348,#3349)
    ,(#3350,#3351,#3352)
    ,(#3353,#3354,#3355)
    ,(#3356,#3357,#3358)
    ,(#3359,#3360,#3361)
    ,(#3362,#3363,#3364)
    ,(#3365,#3366,#3367)
    ,(#3368,#3369,#3370)
    ,(#3371,#3372,#3373)
    ,(#3374,#3375,#3376)
    ,(#3377,#3378,#3379)
    ,(#3380,#3381,#3382)
    ,(#3383,#3384,#3385)
    ,(#3386,#3387,#3388)
    ,(#3389,#3390,#3391)
    ,(#3392,#3393,#3394)
    ,(#3395,#3396,#3397)
    ,(#3398,#3399,#3400)
    ,(#3401,#3402,#3403)
    ,(#3404,#3405,#3406)
    ,(#3407,#3408,#3409)
    ,(#3410,#3411,#3412)
    ,(#3413,#3414,#3415)
    ,(#3416,#3417,#3418)
    ,(#3419,#3420,#3421)
    ,(#3422,#3423,#3424)
    ,(#3425,#3426,#3427)
    ,(#3428,#3429,#3430)
    ,(#3431,#3432,#3433)
    ,(#3434,#3435,#3436)
    ,(#3437,#3438,#3439)
    ,(#3440,#3441,#3442)
    ,(#3443,#3444,#3445)
    ,(#3446,#3447,#3448)
    ,(#3449,#3450,#3451)
    ,(#3452,#3453,#3454)
    ,(#3455,#3456,#3457)
    ,(#3458,#3459,#3460)
    ,(#3461,#3462,#3463)
    ,(#3464,#3465,#3466)
    ,(#3467,#3468,#3469)
    ,(#3470,#3471,#3472)
    ,(#3473,#3474,#3475)
    ,(#3476,#3477,#3478)
    ,(#3479,#3480,#3481
)),.UNSPECIFIED.,.F.,.F.,.F.) B_SPLINE_SURFACE_WITH_KNOTS((4,1,1,1,1,1,1
    ,1,1,1,1,1,1,1,1,1,1,1,1,1,1,1,1,1,1,1,1,1,1,1,1,1,1,1,1,1,1,1,1,1,1
    ,1,1,1,1,1,1,1,1,1,1,1,1,1,1,1,1,1,1,1,1,1,1,1,1,1,1,1,1,1,1,1,1,1,1
    ,1,1,1,1,1,1,1,1,1,1,1,1,1,1,1,1,1,1,1,1,1,1,1,1,1,1,1,1,1,1,1,1,1,1
    ,1,1,1,1,1,1,1,1,1,1,1,1,1,1,1,4),(3,3),(0.114246847918,
    0.114626558936,0.115006269955,0.115196125464,0.115385980973,
    0.115575836482,0.115670764237,0.115718228114,0.115741960052,
    0.115765691991,0.115813155868,0.115860619746,0.1159555475,
    0.116050475255,0.116145403009,0.116335258518,0.116525114028,
    0.117284536064,0.118043958101,0.118803380137,0.119562802174,
    0.12032222421,0.121081646247,0.121841068283,0.12260049032,
    0.123359912356,0.124878756429,0.126397600502,0.127157022539,
    0.127916444575,0.129435288648,0.130954132721,0.132472976794,
    0.133991820867,0.135510664941,0.137029509014,0.138548353087,
    0.141586041233,0.144623729379,0.147661417525,0.150699105671,
    0.153736793817,0.156774481963,0.159812170109,0.162849858255,
    0.165887546401,0.168925234547,0.171962922693,0.173481766766,
    0.175000610839,0.176519454912,0.178038298985,0.179557143058,
    0.180316565095,0.181075987131,0.181835409168,0.182594831204,
    0.183354253241,0.183733964259,0.184113675277,0.184493386296,
    0.184873097314,0.185252808332,0.185632519351,0.186012230369,
    0.186202085878,0.186391941387,0.186581796896,0.186771652405,
    0.186961507914,0.187056435669,0.187151363424,0.187246291178,
    0.187341218933,0.18738868281,0.187436146687,0.187483610565,
    0.187531074442,0.187578538319,0.187602270258,0.187626002196,
    0.187649734135,0.187673466074,0.187720929951,0.187768393828,
    0.187815857706,0.187863321583,0.18791078546,0.188005713215,
    0.188100640969,0.188195568724,0.188290496478,0.188480351987,
    0.188670207497,0.188860063006,0.189049918515,0.189239774024,
    0.189429629533,0.189809340551,0.19018905157,0.190568762588,
    0.190948473606,0.191328184624,0.191707895643,0.192467317679,
    0.193226739716,0.193986161752,0.194745583789,0.195505005825,
    0.196264427862,0.197783271935,0.199302116008,0.200820960081,
    0.202339804154,0.203858648227,0.2053774923,0.206896336373,
    0.208415180446,0.209174602483,0.209934024519,0.210313735537,
    0.210693446556,0.210883302065,0.211073157574,0.211452868592),(0.,1.)
,.UNSPECIFIED.) GEOMETRIC_REPRESENTATION_ITEM() 
RATIONAL_B_SPLINE_SURFACE((
    (1.,0.707106781187,1.)
    ,(1.,0.707106781187,1.)
    ,(1.,0.707106781187,1.)
    ,(1.,0.707106781187,1.)
    ,(1.,0.707106781187,1.)
    ,(1.,0.707106781187,1.)
    ,(1.,0.707106781187,1.)
    ,(1.,0.707106781187,1.)
    ,(1.,0.707106781187,1.)
    ,(1.,0.707106781187,1.)
    ,(1.,0.707106781187,1.)
    ,(1.,0.707106781187,1.)
    ,(1.,0.707106781187,1.)
    ,(1.,0.707106781187,1.)
    ,(1.,0.707106781187,1.)
    ,(1.,0.707106781187,1.)
    ,(1.,0.707106781187,1.)
    ,(1.,0.707106781187,1.)
    ,(1.,0.707106781187,1.)
    ,(1.,0.707106781187,1.)
    ,(1.,0.707106781187,1.)
    ,(1.,0.707106781187,1.)
    ,(1.,0.707106781187,1.)
    ,(1.,0.707106781187,1.)
    ,(1.,0.707106781187,1.)
    ,(1.,0.707106781187,1.)
    ,(1.,0.707106781187,1.)
    ,(1.,0.707106781187,1.)
    ,(1.,0.707106781187,1.)
    ,(1.,0.707106781187,1.)
    ,(1.,0.707106781187,1.)
    ,(1.,0.707106781187,1.)
    ,(1.,0.707106781187,1.)
    ,(1.,0.707106781187,1.)
    ,(1.,0.707106781187,1.)
    ,(1.,0.707106781187,1.)
    ,(1.,0.707106781187,1.)
    ,(1.,0.707106781187,1.)
    ,(1.,0.707106781187,1.)
    ,(1.,0.707106781187,1.)
    ,(1.,0.707106781187,1.)
    ,(1.,0.707106781187,1.)
    ,(1.,0.707106781187,1.)
    ,(1.,0.707106781187,1.)
    ,(1.,0.707106781187,1.)
    ,(1.,0.707106781187,1.)
    ,(1.,0.707106781187,1.)
    ,(1.,0.707106781187,1.)
    ,(1.,0.707106781187,1.)
    ,(1.,0.707106781187,1.)
    ,(1.,0.707106781187,1.)
    ,(1.,0.707106781187,1.)
    ,(1.,0.707106781187,1.)
    ,(1.,0.707106781187,1.)
    ,(1.,0.707106781187,1.)
    ,(1.,0.707106781187,1.)
    ,(1.,0.707106781187,1.)
    ,(1.,0.707106781187,1.)
    ,(1.,0.707106781187,1.)
    ,(1.,0.707106781187,1.)
    ,(1.,0.707106781187,1.)
    ,(1.,0.707106781187,1.)
    ,(1.,0.707106781187,1.)
    ,(1.,0.707106781187,1.)
    ,(1.,0.707106781187,1.)
    ,(1.,0.707106781187,1.)
    ,(1.,0.707106781187,1.)
    ,(1.,0.707106781187,1.)
    ,(1.,0.707106781187,1.)
    ,(1.,0.707106781187,1.)
    ,(1.,0.707106781187,1.)
    ,(1.,0.707106781187,1.)
    ,(1.,0.707106781187,1.)
    ,(1.,0.707106781187,1.)
    ,(1.,0.707106781187,1.)
    ,(1.,0.707106781187,1.)
    ,(1.,0.707106781187,1.)
    ,(1.,0.707106781187,1.)
    ,(1.,0.707106781187,1.)
    ,(1.,0.707106781187,1.)
    ,(1.,0.707106781187,1.)
    ,(1.,0.707106781187,1.)
    ,(1.,0.707106781187,1.)
    ,(1.,0.707106781187,1.)
    ,(1.,0.707106781187,1.)
    ,(1.,0.707106781187,1.)
    ,(1.,0.707106781187,1.)
    ,(1.,0.707106781187,1.)
    ,(1.,0.707106781187,1.)
    ,(1.,0.707106781187,1.)
    ,(1.,0.707106781187,1.)
    ,(1.,0.707106781187,1.)
    ,(1.,0.707106781187,1.)
    ,(1.,0.707106781187,1.)
    ,(1.,0.707106781187,1.)
    ,(1.,0.707106781187,1.)
    ,(1.,0.707106781187,1.)
    ,(1.,0.707106781187,1.)
    ,(1.,0.707106781187,1.)
    ,(1.,0.707106781187,1.)
    ,(1.,0.707106781187,1.)
    ,(1.,0.707106781187,1.)
    ,(1.,0.707106781187,1.)
    ,(1.,0.707106781187,1.)
    ,(1.,0.707106781187,1.)
    ,(1.,0.707106781187,1.)
    ,(1.,0.707106781187,1.)
    ,(1.,0.707106781187,1.)
    ,(1.,0.707106781187,1.)
    ,(1.,0.707106781187,1.)
    ,(1.,0.707106781187,1.)
    ,(1.,0.707106781187,1.)
    ,(1.,0.707106781187,1.)
    ,(1.,0.707106781187,1.)
    ,(1.,0.707106781187,1.)
    ,(1.,0.707106781187,1.)
    ,(1.,0.707106781187,1.)
    ,(1.,0.707106781187,1.)
    ,(1.,0.707106781187,1.)
    ,(1.,0.707106781187,1.)
    ,(1.,0.707106781187,1.)
    ,(1.,0.707106781187,1.)
    ,(1.,0.707106781187,1.)
    ,(1.,0.707106781187,1.)
    ,(1.,0.707106781187,1.)
    ,(1.,0.707106781187,1.)
,(1.,0.707106781187,1.))) REPRESENTATION_ITEM('') SURFACE() );
#3101 = CARTESIAN_POINT('',(-35.38002579796,4.5,36.519090365219));
#3102 = CARTESIAN_POINT('',(-35.38002579796,12.5,36.519090365219));
#3103 = CARTESIAN_POINT('',(-27.43849015744,12.5,35.553682850046));
#3104 = CARTESIAN_POINT('',(-35.36475180335,4.5,36.644735722912));
#3105 = CARTESIAN_POINT('',(-35.36475180335,12.5,36.644735722913));
#3106 = CARTESIAN_POINT('',(-27.42321616283,12.5,35.679328207739));
#3107 = CARTESIAN_POINT('',(-35.33420442922,4.5,36.896021462802));
#3108 = CARTESIAN_POINT('',(-35.33420442922,12.5,36.896021462802));
#3109 = CARTESIAN_POINT('',(-27.39266819141,12.5,35.930618924116));
#3110 = CARTESIAN_POINT('',(-35.2960171361,4.5,37.210153515118));
#3111 = CARTESIAN_POINT('',(-35.2960171361,12.5,37.210153515118));
#3112 = CARTESIAN_POINT('',(-27.35448313813,12.5,36.244732314605));
#3113 = CARTESIAN_POINT('',(-35.26547376007,4.5,37.461406914328));
#3114 = CARTESIAN_POINT('',(-35.26547376007,12.5,37.461406914328));
#3115 = CARTESIAN_POINT('',(-27.32393528243,12.5,36.496023037468));
#3116 = CARTESIAN_POINT('',(-35.24254869795,4.5,37.649988765191));
#3117 = CARTESIAN_POINT('',(-35.24254869795,12.5,37.649988765191));
#3118 = CARTESIAN_POINT('',(-27.30102388328,12.5,36.684491051191));
#3119 = CARTESIAN_POINT('',(-35.22350022213,4.5,37.806689403826));
#3120 = CARTESIAN_POINT('',(-35.22350022213,12.5,37.806689403826));
#3121 = CARTESIAN_POINT('',(-27.28193266403,12.5,36.841547819677));
#3122 = CARTESIAN_POINT('',(-35.21005689898,4.5,37.91726471061));
#3123 = CARTESIAN_POINT('',(-35.21005689898,12.5,37.91726471061));
#3124 = CARTESIAN_POINT('',(-27.26856564443,12.5,36.951487380247));
#3125 = CARTESIAN_POINT('',(-35.20348469009,4.5,37.971343436628));
#3126 = CARTESIAN_POINT('',(-35.20348469009,12.5,37.971343436628));
#3127 = CARTESIAN_POINT('',(-27.26188646031,12.5,37.006457402861));
#3128 = CARTESIAN_POINT('',(-35.19948856471,4.5,38.004191604174));
#3129 = CARTESIAN_POINT('',(-35.19948856471,12.5,38.004191604174));
#3130 = CARTESIAN_POINT('',(-27.25806282053,12.5,37.037868454273));
#3131 = CARTESIAN_POINT('',(-35.19776322612,4.5,38.018495204147));
#3132 = CARTESIAN_POINT('',(-35.19776322612,12.5,38.018495204147));
#3133 = CARTESIAN_POINT('',(-27.25426771819,12.5,37.069281104382));
#3134 = CARTESIAN_POINT('',(-35.1948835233,4.5,38.042698121554));
#3135 = CARTESIAN_POINT('',(-35.1948835233,12.5,38.042698121554));
#3136 = CARTESIAN_POINT('',(-27.24960328839,12.5,37.108551367789));
#3137 = CARTESIAN_POINT('',(-35.19080396891,4.5,38.077829105732));
#3138 = CARTESIAN_POINT('',(-35.19080396891,12.5,38.077829105732));
#3139 = CARTESIAN_POINT('',(-27.24229916535,12.5,37.171392694608));
#3140 = CARTESIAN_POINT('',(-35.18574071488,4.5,38.122871786442));
#3141 = CARTESIAN_POINT('',(-35.18574071488,12.5,38.122871786442));
#3142 = CARTESIAN_POINT('',(-27.2334724705,12.5,37.249961353228));
#3143 = CARTESIAN_POINT('',(-35.18002084616,4.5,38.176263133527));
#3144 = CARTESIAN_POINT('',(-35.18002084616,12.5,38.176263133527));
#3145 = CARTESIAN_POINT('',(-27.22336585236,12.5,37.344270937086));
#3146 = CARTESIAN_POINT('',(-35.17276160966,4.5,38.247450222623));
#3147 = CARTESIAN_POINT('',(-35.17276160966,12.5,38.247450222623));
#3148 = CARTESIAN_POINT('',(-27.21054007209,12.5,37.470053446358));
#3149 = CARTESIAN_POINT('',(-35.16442276239,4.5,38.336032088094));
#3150 = CARTESIAN_POINT('',(-35.16442276239,12.5,38.336032088094));
#3151 = CARTESIAN_POINT('',(-27.19572945582,12.5,37.627350018963));
#3152 = CARTESIAN_POINT('',(-35.14671776248,4.5,38.5476198113));
#3153 = CARTESIAN_POINT('',(-35.14671776248,12.5,38.5476198113));
#3154 = CARTESIAN_POINT('',(-27.1641171783,12.5,38.005082133916));
#3155 = CARTESIAN_POINT('',(-35.12878923664,4.5,38.861097530512));
#3156 = CARTESIAN_POINT('',(-35.12878923664,12.5,38.861097530512));
#3157 = CARTESIAN_POINT('',(-27.13153695823,12.5,38.57251149892));
#3158 = CARTESIAN_POINT('',(-35.12294298668,4.5,39.271717811696));
#3159 = CARTESIAN_POINT('',(-35.12294298668,12.5,39.271717811696));
#3160 = CARTESIAN_POINT('',(-27.12058123923,12.5,39.330902905337));
#3161 = CARTESIAN_POINT('',(-35.13495848032,4.5,39.675990396066));
#3162 = CARTESIAN_POINT('',(-35.13495848032,12.5,39.675990396066));
#3163 = CARTESIAN_POINT('',(-27.14303364356,12.5,40.091170889101));
#3164 = CARTESIAN_POINT('',(-35.1648076916,4.5,40.075002808316));
#3165 = CARTESIAN_POINT('',(-35.1648076916,12.5,40.075002808316));
#3166 = CARTESIAN_POINT('',(-27.19992616376,12.5,40.853350292087));
#3167 = CARTESIAN_POINT('',(-35.21268041984,4.5,40.469980487326));
#3168 = CARTESIAN_POINT('',(-35.21268041984,12.5,40.469980487326));
#3169 = CARTESIAN_POINT('',(-27.29245223286,12.5,41.617591473018));
#3170 = CARTESIAN_POINT('',(-35.27896391386,4.5,40.862029780215));
#3171 = CARTESIAN_POINT('',(-35.27896391386,12.5,40.862029780215));
#3172 = CARTESIAN_POINT('',(-27.42189366095,12.5,42.383656452216));
#3173 = CARTESIAN_POINT('',(-35.36447088636,4.5,41.253092214339));
#3174 = CARTESIAN_POINT('',(-35.36447088636,12.5,41.253092214339));
#3175 = CARTESIAN_POINT('',(-27.59002144734,12.5,43.152800093869));
#3176 = CARTESIAN_POINT('',(-35.46978737058,4.5,41.642399660892));
#3177 = CARTESIAN_POINT('',(-35.46978737058,12.5,41.642399660892));
#3178 = CARTESIAN_POINT('',(-27.79776508608,12.5,43.920761653685));
#3179 = CARTESIAN_POINT('',(-35.63371693442,4.5,42.14883023262));
#3180 = CARTESIAN_POINT('',(-35.63371693442,12.5,42.148830232621));
#3181 = CARTESIAN_POINT('',(-28.12089601262,12.5,44.918963691576));
#3182 = CARTESIAN_POINT('',(-35.88421478379,4.5,42.766976779447));
#3183 = CARTESIAN_POINT('',(-35.88421478379,12.5,42.766976779447));
#3184 = CARTESIAN_POINT('',(-28.61177094417,12.5,46.129016772119));
#3185 = CARTESIAN_POINT('',(-36.19898544664,4.5,43.372806166315));
#3186 = CARTESIAN_POINT('',(-36.19898544664,12.5,43.372806166315));
#3187 = CARTESIAN_POINT('',(-29.21490485747,12.5,47.287852006792));
#3188 = CARTESIAN_POINT('',(-36.49327340723,4.5,43.854239514156));
#3189 = CARTESIAN_POINT('',(-36.49327340723,12.5,43.854239514156));
#3190 = CARTESIAN_POINT('',(-29.76347066616,12.5,48.184792595829));
#3191 = CARTESIAN_POINT('',(-36.81820243643,4.5,44.335229787818));
#3192 = CARTESIAN_POINT('',(-36.81820243643,12.5,44.335229787818));
#3193 = CARTESIAN_POINT('',(-30.35689192529,12.5,49.062790455279));
#3194 = CARTESIAN_POINT('',(-37.27416179246,4.5,44.923005993049));
#3195 = CARTESIAN_POINT('',(-37.27416179246,12.5,44.923005993049));
#3196 = CARTESIAN_POINT('',(-31.1626400674,12.5,50.099248622468));
#3197 = CARTESIAN_POINT('',(-37.90706213692,4.5,45.613688103061));
#3198 = CARTESIAN_POINT('',(-37.90706213692,12.5,45.613688103061));
#3199 = CARTESIAN_POINT('',(-32.22495233597,12.5,51.256109593991));
#3200 = CARTESIAN_POINT('',(-38.63057753593,4.5,46.291932399941));
#3201 = CARTESIAN_POINT('',(-38.63057753593,12.5,46.291932399941));
#3202 = CARTESIAN_POINT('',(-33.37509242997,12.5,52.332103902629));
#3203 = CARTESIAN_POINT('',(-39.4490757543,4.5,46.958008829688));
#3204 = CARTESIAN_POINT('',(-39.4490757543,12.5,46.958008829688));
#3205 = CARTESIAN_POINT('',(-34.6066795822,12.5,53.332542485612));
#3206 = CARTESIAN_POINT('',(-40.3433578625,4.5,47.596803863975));
#3207 = CARTESIAN_POINT('',(-40.3433578625,12.5,47.596803863975));
#3208 = CARTESIAN_POINT('',(-35.88393016372,12.5,54.243468676057));
#3209 = CARTESIAN_POINT('',(-41.31350981582,4.5,48.211852688487));
#3210 = CARTESIAN_POINT('',(-41.31350981582,12.5,48.211852688487));
#3211 = CARTESIAN_POINT('',(-37.20548025401,12.5,55.08024352927));
#3212 = CARTESIAN_POINT('',(-42.7016516603,4.5,48.999570810152));
#3213 = CARTESIAN_POINT('',(-42.7016516603,12.5,48.999570810152));
#3214 = CARTESIAN_POINT('',(-39.01790131257,12.5,56.107556419895));
#3215 = CARTESIAN_POINT('',(-44.60219818231,4.5,49.924673426414));
#3216 = CARTESIAN_POINT('',(-44.60219818231,12.5,49.924673426414));
#3217 = CARTESIAN_POINT('',(-41.36688078518,12.5,57.247320181354));
#3218 = CARTESIAN_POINT('',(-47.10317093393,4.5,50.944053824847));
#3219 = CARTESIAN_POINT('',(-47.10317093393,12.5,50.944053824847));
#3220 = CARTESIAN_POINT('',(-44.28838354149,12.5,58.435863376172));
#3221 = CARTESIAN_POINT('',(-49.74118561118,4.5,51.870082611915));
#3222 = CARTESIAN_POINT('',(-49.74118561118,12.5,51.870082611915));
#3223 = CARTESIAN_POINT('',(-47.24483684389,12.5,59.472426162717));
#3224 = CARTESIAN_POINT('',(-52.49191894725,4.5,52.724294124645));
#3225 = CARTESIAN_POINT('',(-52.49191894725,12.5,52.724294124645));
#3226 = CARTESIAN_POINT('',(-50.23395088747,12.5,60.399991602547));
#3227 = CARTESIAN_POINT('',(-55.33023729706,4.5,53.523115330089));
#3228 = CARTESIAN_POINT('',(-55.33023729706,12.5,53.523115330089));
#3229 = CARTESIAN_POINT('',(-53.24510477117,12.5,61.247066212305));
#3230 = CARTESIAN_POINT('',(-58.23963955968,4.5,54.283340229843));
#3231 = CARTESIAN_POINT('',(-58.23963955968,12.5,54.283340229843));
#3232 = CARTESIAN_POINT('',(-56.27221274758,12.5,62.037831166163));
#3233 = CARTESIAN_POINT('',(-61.20787751984,4.5,55.020942294239));
#3234 = CARTESIAN_POINT('',(-61.20787751984,12.5,55.020942294239));
#3235 = CARTESIAN_POINT('',(-59.30942419867,12.5,62.792460595224));
#3236 = CARTESIAN_POINT('',(-64.22676545792,4.5,55.752101296541));
#3237 = CARTESIAN_POINT('',(-64.22676545792,12.5,55.752101296541));
#3238 = CARTESIAN_POINT('',(-62.35165695373,12.5,63.529236913742));
#3239 = CARTESIAN_POINT('',(-67.29144905879,4.5,56.494009996136));
#3240 = CARTESIAN_POINT('',(-67.29144905879,12.5,56.494009996136));
#3241 = CARTESIAN_POINT('',(-65.39395901098,12.5,64.265764388879));
#3242 = CARTESIAN_POINT('',(-70.40052169327,4.5,57.266377660994));
#3243 = CARTESIAN_POINT('',(-70.40052169327,12.5,57.266377660994));
#3244 = CARTESIAN_POINT('',(-68.43117107345,12.5,65.020397484251));
#3245 = CARTESIAN_POINT('',(-73.03066068823,4.5,57.955627792651));
#3246 = CARTESIAN_POINT('',(-73.03066068823,12.5,57.955627792651));
#3247 = CARTESIAN_POINT('',(-70.95314280452,12.5,65.681552989806));
#3248 = CARTESIAN_POINT('',(-75.16305073231,4.5,58.551440711337));
#3249 = CARTESIAN_POINT('',(-75.16305073231,12.5,58.551440711337));
#3250 = CARTESIAN_POINT('',(-72.96158066111,12.5,66.242824319218));
#3251 = CARTESIAN_POINT('',(-76.7790145102,4.5,59.026556515718));
#3252 = CARTESIAN_POINT('',(-76.7790145102,12.5,59.026556515718));
#3253 = CARTESIAN_POINT('',(-74.46235091323,12.5,66.684162720827));
#3254 = CARTESIAN_POINT('',(-78.41282742255,4.5,59.536696118832));
#3255 = CARTESIAN_POINT('',(-78.41282742255,12.5,59.536696118832));
#3256 = CARTESIAN_POINT('',(-75.95429355951,12.5,67.150148525516));
#3257 = CARTESIAN_POINT('',(-80.06917367756,4.5,60.091740910943));
#3258 = CARTESIAN_POINT('',(-80.06917367756,12.5,60.091740910943));
#3259 = CARTESIAN_POINT('',(-77.43548668472,12.5,67.646712854737));
#3260 = CARTESIAN_POINT('',(-81.47400277082,4.5,60.603113270558));
#3261 = CARTESIAN_POINT('',(-81.47400277082,12.5,60.603113270558));
#3262 = CARTESIAN_POINT('',(-78.65858874932,12.5,68.092260176933));
#3263 = CARTESIAN_POINT('',(-82.61862616446,4.5,61.052277898827));
#3264 = CARTESIAN_POINT('',(-82.61862616446,12.5,61.052277898827));
#3265 = CARTESIAN_POINT('',(-79.62854011408,12.5,68.472984981225));
#3266 = CARTESIAN_POINT('',(-83.4896710235,4.5,61.413109500589));
#3267 = CARTESIAN_POINT('',(-83.4896710235,12.5,61.413109500589));
#3268 = CARTESIAN_POINT('',(-80.35101665138,12.5,68.772369406656));
#3269 = CARTESIAN_POINT('',(-84.3768722358,4.5,61.803241099371));
#3270 = CARTESIAN_POINT('',(-84.3768722358,12.5,61.803241099371));
#3271 = CARTESIAN_POINT('',(-81.06819679916,12.5,69.087878800504));
#3272 = CARTESIAN_POINT('',(-85.28052054831,4.5,62.227874831885));
#3273 = CARTESIAN_POINT('',(-85.28052054831,12.5,62.227874831885));
#3274 = CARTESIAN_POINT('',(-81.7759887903,12.5,69.420676082698));
#3275 = CARTESIAN_POINT('',(-86.05183314078,4.5,62.618245267607));
#3276 = CARTESIAN_POINT('',(-86.05183314078,12.5,62.618245267607));
#3277 = CARTESIAN_POINT('',(-82.35680083597,12.5,69.7149031191));
#3278 = CARTESIAN_POINT('',(-86.68406402569,4.5,62.959705799606));
#3279 = CARTESIAN_POINT('',(-86.68406402569,12.5,62.959705799606));
#3280 = CARTESIAN_POINT('',(-82.81494952486,12.5,69.96242446135));
#3281 = CARTESIAN_POINT('',(-87.1673873742,4.5,63.233054938954));
#3282 = CARTESIAN_POINT('',(-87.1673873742,12.5,63.233054938954));
#3283 = CARTESIAN_POINT('',(-83.15495292509,12.5,70.154789989182));
#3284 = CARTESIAN_POINT('',(-87.66189335268,4.5,63.527078216212));
#3285 = CARTESIAN_POINT('',(-87.66189335268,12.5,63.527078216212));
#3286 = CARTESIAN_POINT('',(-83.49096726235,12.5,70.35467573252));
#3287 = CARTESIAN_POINT('',(-88.17007415042,4.5,63.846272123591));
#3288 = CARTESIAN_POINT('',(-88.17007415042,12.5,63.846272123591));
#3289 = CARTESIAN_POINT('',(-83.82235159153,12.5,70.562956608845));
#3290 = CARTESIAN_POINT('',(-88.69651065482,4.5,64.197758425258));
#3291 = CARTESIAN_POINT('',(-88.69651065482,12.5,64.197758425258));
#3292 = CARTESIAN_POINT('',(-84.14891667986,12.5,70.781192192936));
#3293 = CARTESIAN_POINT('',(-89.24279263522,4.5,64.588559476969));
#3294 = CARTESIAN_POINT('',(-89.24279263522,12.5,64.588559476969));
#3295 = CARTESIAN_POINT('',(-84.46742572224,12.5,71.009326999534));
#3296 = CARTESIAN_POINT('',(-89.72032177685,4.5,64.958158146713));
#3297 = CARTESIAN_POINT('',(-89.72032177685,12.5,64.958158146713));
#3298 = CARTESIAN_POINT('',(-84.72481265112,12.5,71.208948407219));
#3299 = CARTESIAN_POINT('',(-90.12214129708,4.5,65.292578639694));
#3300 = CARTESIAN_POINT('',(-90.12214129708,12.5,65.292578639694));
#3301 = CARTESIAN_POINT('',(-84.92489920385,12.5,71.375601971649));
#3302 = CARTESIAN_POINT('',(-90.43598245994,4.5,65.567926552507));
#3303 = CARTESIAN_POINT('',(-90.43598245994,12.5,65.567926552507));
#3304 = CARTESIAN_POINT('',(-85.0716785388,12.5,71.504498379336));
#3305 = CARTESIAN_POINT('',(-90.76587805657,4.5,65.87504743849));
#3306 = CARTESIAN_POINT('',(-90.76587805657,12.5,65.87504743849));
#3307 = CARTESIAN_POINT('',(-85.2147348532,12.5,71.637860442525));
#3308 = CARTESIAN_POINT('',(-91.11712182726,4.5,66.225266145726));
#3309 = CARTESIAN_POINT('',(-91.11712182726,12.5,66.225266145726));
#3310 = CARTESIAN_POINT('',(-85.35338830273,12.5,71.776363729355));
#3311 = CARTESIAN_POINT('',(-91.43538732072,4.5,66.569351449089));
#3312 = CARTESIAN_POINT('',(-91.43538732072,12.5,66.569351449089));
#3313 = CARTESIAN_POINT('',(-85.46471369445,12.5,71.897140064495));
#3314 = CARTESIAN_POINT('',(-91.71252010744,4.5,66.89406985752));
#3315 = CARTESIAN_POINT('',(-91.71252010744,12.5,66.89406985752));
#3316 = CARTESIAN_POINT('',(-85.55013156047,12.5,71.997361853197));
#3317 = CARTESIAN_POINT('',(-91.93397912996,4.5,67.169602602435));
#3318 = CARTESIAN_POINT('',(-91.93397912996,12.5,67.169602602435));
#3319 = CARTESIAN_POINT('',(-85.6117717844,12.5,72.074196098531));
#3320 = CARTESIAN_POINT('',(-92.17413753332,4.5,67.490342937866));
#3321 = CARTESIAN_POINT('',(-92.17413753332,12.5,67.490342937866));
#3322 = CARTESIAN_POINT('',(-85.67068151134,12.5,72.153072906363));
#3323 = CARTESIAN_POINT('',(-92.39646188451,4.5,67.813837404219));
#3324 = CARTESIAN_POINT('',(-92.39646188451,12.5,67.813837404219));
#3325 = CARTESIAN_POINT('',(-85.71701917369,12.5,72.220846778843));
#3326 = CARTESIAN_POINT('',(-92.59530064987,4.5,68.130606018654));
#3327 = CARTESIAN_POINT('',(-92.59530064987,12.5,68.130606018654));
#3328 = CARTESIAN_POINT('',(-85.75194693777,12.5,72.27660855575));
#3329 = CARTESIAN_POINT('',(-92.75873645302,4.5,68.409911471579));
#3330 = CARTESIAN_POINT('',(-92.75873645302,12.5,68.409911471579));
#3331 = CARTESIAN_POINT('',(-85.77693032417,12.5,72.319434685545));
#3332 = CARTESIAN_POINT('',(-92.93973102245,4.5,68.747493897552));
#3333 = CARTESIAN_POINT('',(-92.93973102245,12.5,68.747493897552));
#3334 = CARTESIAN_POINT('',(-85.80019447817,12.5,72.36301986516));
#3335 = CARTESIAN_POINT('',(-93.14337287449,4.5,69.172435498542));
#3336 = CARTESIAN_POINT('',(-93.14337287449,12.5,69.172435498542));
#3337 = CARTESIAN_POINT('',(-85.82128704118,12.5,72.407420516646));
#3338 = CARTESIAN_POINT('',(-93.33714703672,4.5,69.648029162586));
#3339 = CARTESIAN_POINT('',(-93.33714703672,12.5,69.648029162586));
#3340 = CARTESIAN_POINT('',(-85.83653241624,12.5,72.445330159085));
#3341 = CARTESIAN_POINT('',(-93.49214391346,4.5,70.111637569267));
#3342 = CARTESIAN_POINT('',(-93.49214391346,12.5,70.111637569267));
#3343 = CARTESIAN_POINT('',(-85.84687726659,12.5,72.476372057834));
#3344 = CARTESIAN_POINT('',(-93.59655248289,4.5,70.478114473807));
#3345 = CARTESIAN_POINT('',(-93.59655248289,12.5,70.478114473807));
#3346 = CARTESIAN_POINT('',(-85.85362675053,12.5,72.500048197187));
#3347 = CARTESIAN_POINT('',(-93.68026175809,4.5,70.830611089899));
#3348 = CARTESIAN_POINT('',(-93.68026175809,12.5,70.830611089899));
#3349 = CARTESIAN_POINT('',(-85.85936263921,12.5,72.524101984782));
#3350 = CARTESIAN_POINT('',(-93.76328503548,4.5,71.256130268963));
#3351 = CARTESIAN_POINT('',(-93.76328503548,12.5,71.256130268963));
#3352 = CARTESIAN_POINT('',(-85.8657745372,12.5,72.556725611298));
#3353 = CARTESIAN_POINT('',(-93.82345246094,4.5,71.690289041648));
#3354 = CARTESIAN_POINT('',(-93.82345246094,12.5,71.690289041648));
#3355 = CARTESIAN_POINT('',(-85.87163986762,12.5,72.597823718389));
#3356 = CARTESIAN_POINT('',(-93.85951810736,4.5,72.100135746633));
#3357 = CARTESIAN_POINT('',(-93.85951810736,12.5,72.100135746633));
#3358 = CARTESIAN_POINT('',(-85.8760748282,12.5,72.646947831285));
#3359 = CARTESIAN_POINT('',(-93.8759249593,4.5,72.441508435633));
#3360 = CARTESIAN_POINT('',(-93.8759249593,12.5,72.441508435633));
#3361 = CARTESIAN_POINT('',(-85.87850917504,12.5,72.696078776933));
#3362 = CARTESIAN_POINT('',(-93.88036328814,4.5,72.735806039547));
#3363 = CARTESIAN_POINT('',(-93.88036328814,12.5,72.735806039547));
#3364 = CARTESIAN_POINT('',(-85.8792987555,12.5,72.745171789976));
#3365 = CARTESIAN_POINT('',(-93.87579026064,4.5,73.083351202915));
#3366 = CARTESIAN_POINT('',(-93.87579026064,12.5,73.083351202915));
#3367 = CARTESIAN_POINT('',(-85.87848902146,12.5,72.810600593266));
#3368 = CARTESIAN_POINT('',(-93.8566231425,4.5,73.455562471703));
#3369 = CARTESIAN_POINT('',(-93.8566231425,12.5,73.455562471703));
#3370 = CARTESIAN_POINT('',(-85.87444470685,12.5,72.892343585212));
#3371 = CARTESIAN_POINT('',(-93.82186519355,4.5,73.840624957532));
#3372 = CARTESIAN_POINT('',(-93.82186519355,12.5,73.840624957532));
#3373 = CARTESIAN_POINT('',(-85.86570843799,12.5,72.990330533842));
#3374 = CARTESIAN_POINT('',(-93.77946084002,4.5,74.183480386878));
#3375 = CARTESIAN_POINT('',(-93.77946084002,12.5,74.183480386878));
#3376 = CARTESIAN_POINT('',(-85.8536590737,12.5,73.088409843914));
#3377 = CARTESIAN_POINT('',(-93.71638510313,4.5,74.596154106567));
#3378 = CARTESIAN_POINT('',(-93.71638510313,12.5,74.596154106567));
#3379 = CARTESIAN_POINT('',(-85.83389298143,12.5,73.218266410258));
#3380 = CARTESIAN_POINT('',(-93.62923863073,4.5,75.048398974682));
#3381 = CARTESIAN_POINT('',(-93.62923863073,12.5,75.048398974682));
#3382 = CARTESIAN_POINT('',(-85.80324503518,12.5,73.378687418629));
#3383 = CARTESIAN_POINT('',(-93.51714492396,4.5,75.526902390302));
#3384 = CARTESIAN_POINT('',(-93.51714492396,12.5,75.526902390302));
#3385 = CARTESIAN_POINT('',(-85.75886289723,12.5,73.568889963672));
#3386 = CARTESIAN_POINT('',(-93.40007696065,4.5,75.95983323512));
#3387 = CARTESIAN_POINT('',(-93.40007696065,12.5,75.95983323512));
#3388 = CARTESIAN_POINT('',(-85.70809408368,12.5,73.757122598739));
#3389 = CARTESIAN_POINT('',(-93.27946193521,4.5,76.358898861576));
#3390 = CARTESIAN_POINT('',(-93.27946193521,12.5,76.358898861576));
#3391 = CARTESIAN_POINT('',(-85.65180514914,12.5,73.943662874459));
#3392 = CARTESIAN_POINT('',(-93.15612965842,4.5,76.731609351776));
#3393 = CARTESIAN_POINT('',(-93.15612965842,12.5,76.731609351776));
#3394 = CARTESIAN_POINT('',(-85.59064306448,12.5,74.128704835639));
#3395 = CARTESIAN_POINT('',(-92.98875577672,4.5,77.200327473342));
#3396 = CARTESIAN_POINT('',(-92.98875577672,12.5,77.200327473342));
#3397 = CARTESIAN_POINT('',(-85.5032563528,12.5,74.373641789028));
#3398 = CARTESIAN_POINT('',(-92.7750013002,4.5,77.743003175534));
#3399 = CARTESIAN_POINT('',(-92.7750013002,12.5,77.743003175533));
#3400 = CARTESIAN_POINT('',(-85.38414297558,12.5,74.676733307128));
#3401 = CARTESIAN_POINT('',(-92.51273304999,4.5,78.345296501978));
#3402 = CARTESIAN_POINT('',(-92.51273304999,12.5,78.345296501978));
#3403 = CARTESIAN_POINT('',(-85.22768569851,12.5,75.036501256387));
#3404 = CARTESIAN_POINT('',(-92.24830839618,4.5,78.905000896395));
#3405 = CARTESIAN_POINT('',(-92.24830839618,12.5,78.905000896395));
#3406 = CARTESIAN_POINT('',(-85.06117207886,12.5,75.389277792293));
#3407 = CARTESIAN_POINT('',(-91.98171580743,4.5,79.43234185633));
#3408 = CARTESIAN_POINT('',(-91.98171580743,12.5,79.43234185633));
#3409 = CARTESIAN_POINT('',(-84.88575969893,12.5,75.736470893536));
#3410 = CARTESIAN_POINT('',(-91.71326448025,4.5,79.933402476629));
#3411 = CARTESIAN_POINT('',(-91.71326448025,12.5,79.933402476629));
#3412 = CARTESIAN_POINT('',(-84.70253855822,12.5,76.078603923824));
#3413 = CARTESIAN_POINT('',(-91.35299559668,4.5,80.572618495605));
#3414 = CARTESIAN_POINT('',(-91.35299559668,12.5,80.572618495605));
#3415 = CARTESIAN_POINT('',(-84.44890288667,12.5,76.528786560797));
#3416 = CARTESIAN_POINT('',(-90.89854396428,4.5,81.326390160795));
#3417 = CARTESIAN_POINT('',(-90.89854396428,12.5,81.326390160795));
#3418 = CARTESIAN_POINT('',(-84.11607419521,12.5,77.081357309703));
#3419 = CARTESIAN_POINT('',(-90.34710861666,4.5,82.177522160062));
#3420 = CARTESIAN_POINT('',(-90.34710861666,12.5,82.177522160062));
#3421 = CARTESIAN_POINT('',(-83.69552305806,12.5,77.730840030287));
#3422 = CARTESIAN_POINT('',(-89.78992555814,4.5,82.987092072187));
#3423 = CARTESIAN_POINT('',(-89.78992555814,12.5,82.987092072187));
#3424 = CARTESIAN_POINT('',(-83.25676509425,12.5,78.368598015578));
#3425 = CARTESIAN_POINT('',(-89.22722655255,4.5,83.763389822252));
#3426 = CARTESIAN_POINT('',(-89.22722655255,12.5,83.763389822252));
#3427 = CARTESIAN_POINT('',(-82.8020273316,12.5,78.996129099128));
#3428 = CARTESIAN_POINT('',(-88.65940040684,4.5,84.512123826048));
#3429 = CARTESIAN_POINT('',(-88.65940040684,12.5,84.512123826048));
#3430 = CARTESIAN_POINT('',(-82.33322180907,12.5,79.614421299757));
#3431 = CARTESIAN_POINT('',(-87.89499691805,4.5,85.480420022484));
#3432 = CARTESIAN_POINT('',(-87.89499691805,12.5,85.480420022484));
#3433 = CARTESIAN_POINT('',(-81.69066082081,12.5,80.428511609468));
#3434 = CARTESIAN_POINT('',(-86.93158295336,4.5,86.636735668749));
#3435 = CARTESIAN_POINT('',(-86.93158295336,12.5,86.636735668749));
#3436 = CARTESIAN_POINT('',(-80.86222524197,12.5,81.42325530543));
#3437 = CARTESIAN_POINT('',(-85.766925804,4.5,87.95548408619));
#3438 = CARTESIAN_POINT('',(-85.766925804,12.5,87.95548408619));
#3439 = CARTESIAN_POINT('',(-79.83793091664,12.5,82.583362621587));
#3440 = CARTESIAN_POINT('',(-84.59294226001,4.5,89.221072980865));
#3441 = CARTESIAN_POINT('',(-84.59294226001,12.5,89.221072980865));
#3442 = CARTESIAN_POINT('',(-78.78736508113,12.5,83.716101916576));
#3443 = CARTESIAN_POINT('',(-83.41030459706,4.5,90.443237993294));
#3444 = CARTESIAN_POINT('',(-83.41030459706,12.5,90.443237993294));
#3445 = CARTESIAN_POINT('',(-77.71442354119,12.5,84.825037393975));
#3446 = CARTESIAN_POINT('',(-82.21935084974,4.5,91.629363714769));
#3447 = CARTESIAN_POINT('',(-82.21935084974,12.5,91.629363714769));
#3448 = CARTESIAN_POINT('',(-76.62187579597,12.5,85.913250635751));
#3449 = CARTESIAN_POINT('',(-81.02052771535,4.5,92.784905498482));
#3450 = CARTESIAN_POINT('',(-81.02052771535,12.5,92.784905498482));
#3451 = CARTESIAN_POINT('',(-75.51200569081,12.5,86.983118997562));
#3452 = CARTESIAN_POINT('',(-79.81421041057,4.5,93.914129852932));
#3453 = CARTESIAN_POINT('',(-79.81421041057,12.5,93.914129852932));
#3454 = CARTESIAN_POINT('',(-74.38665523594,12.5,88.036603090033));
#3455 = CARTESIAN_POINT('',(-78.80310739423,4.5,94.835944511189));
#3456 = CARTESIAN_POINT('',(-78.80310739423,12.5,94.835944511189));
#3457 = CARTESIAN_POINT('',(-73.4372426181,12.5,88.902205155421));
#3458 = CARTESIAN_POINT('',(-77.99072067542,4.5,95.563375958297));
#3459 = CARTESIAN_POINT('',(-77.99072067542,12.5,95.563375958297));
#3460 = CARTESIAN_POINT('',(-72.67138085625,12.5,89.587984601901));
#3461 = CARTESIAN_POINT('',(-77.48194450687,4.5,96.013751071718));
#3462 = CARTESIAN_POINT('',(-77.48194450687,12.5,96.013751071718));
#3463 = CARTESIAN_POINT('',(-72.19019938581,12.5,90.013931481543));
#3464 = CARTESIAN_POINT('',(-77.07337210008,4.5,96.372432524042));
#3465 = CARTESIAN_POINT('',(-77.07337210008,12.5,96.372432524042));
#3466 = CARTESIAN_POINT('',(-71.80380154513,12.5,90.353151286527));
#3467 = CARTESIAN_POINT('',(-76.8194073636,4.5,96.594227510517));
#3468 = CARTESIAN_POINT('',(-76.8194073636,12.5,96.594227510517));
#3469 = CARTESIAN_POINT('',(-71.5617282981,12.5,90.564555431629));
#3470 = CARTESIAN_POINT('',(-76.61209963042,4.5,96.774482534268));
#3471 = CARTESIAN_POINT('',(-76.61209963042,12.5,96.774482534268));
#3472 = CARTESIAN_POINT('',(-71.36768894619,12.5,90.733275704642));
#3473 = CARTESIAN_POINT('',(-76.42127581701,4.5,96.940211617772));
#3474 = CARTESIAN_POINT('',(-76.42127581701,12.5,96.940211617772));
#3475 = CARTESIAN_POINT('',(-71.17354803747,12.5,90.901888475831));
#3476 = CARTESIAN_POINT('',(-76.274449075,4.5,97.067776766959));
#3477 = CARTESIAN_POINT('',(-76.274449075,12.5,97.067776766957));
#3478 = CARTESIAN_POINT('',(-71.0279652062,12.5,91.028372242135));
#3479 = CARTESIAN_POINT('',(-76.17738877632,4.5,97.152093902733));
#3480 = CARTESIAN_POINT('',(-76.17738877632,12.5,97.152093902733));
#3481 = CARTESIAN_POINT('',(-70.93090490753,12.5,91.11268937791));
#3482 = ADVANCED_FACE('',(#3483),#3527,.T.);
#3483 = FACE_BOUND('',#3484,.T.);
#3484 = EDGE_LOOP('',(#3485,#3496,#3505,#3514,#3520,#3521));
#3485 = ORIENTED_EDGE('',*,*,#3486,.T.);
#3486 = EDGE_CURVE('',#3487,#3489,#3491,.T.);
#3487 = VERTEX_POINT('',#3488);
#3488 = CARTESIAN_POINT('',(-5.754360833654,4.5,42.75));
#3489 = VERTEX_POINT('',#3490);
#3490 = CARTESIAN_POINT('',(-6.484966286065,7.84004529117,
    42.749997780168));
#3491 = CIRCLE('',#3492,8.);
#3492 = AXIS2_PLACEMENT_3D('',#3493,#3494,#3495);
#3493 = CARTESIAN_POINT('',(-13.75436083365,4.5,42.75));
#3494 = DIRECTION('',(0.,0.,1.));
#3495 = DIRECTION('',(1.,0.,-0.));
#3496 = ORIENTED_EDGE('',*,*,#3497,.F.);
#3497 = EDGE_CURVE('',#3498,#3489,#3500,.T.);
#3498 = VERTEX_POINT('',#3499);
#3499 = CARTESIAN_POINT('',(-5.875499980127,5.886921645499,38.));
#3500 = ELLIPSE('',#3501,21.036547129798,8.);
#3501 = AXIS2_PLACEMENT_3D('',#3502,#3503,#3504);
#3502 = CARTESIAN_POINT('',(-13.75436083365,4.5,34.62700486894));
#3503 = DIRECTION('',(0.,-0.924867071748,0.380290546288));
#3504 = DIRECTION('',(0.,0.380290546288,0.924867071748));
#3505 = ORIENTED_EDGE('',*,*,#3506,.T.);
#3506 = EDGE_CURVE('',#3498,#3507,#3509,.T.);
#3507 = VERTEX_POINT('',#3508);
#3508 = CARTESIAN_POINT('',(-13.75436083365,12.5,38.));
#3509 = CIRCLE('',#3510,8.);
#3510 = AXIS2_PLACEMENT_3D('',#3511,#3512,#3513);
#3511 = CARTESIAN_POINT('',(-13.75436083365,4.5,38.));
#3512 = DIRECTION('',(0.,0.,1.));
#3513 = DIRECTION('',(1.,0.,-0.));
#3514 = ORIENTED_EDGE('',*,*,#3515,.F.);
#3515 = EDGE_CURVE('',#909,#3507,#3516,.T.);
#3516 = LINE('',#3517,#3518);
#3517 = CARTESIAN_POINT('',(-13.75436083365,12.5,58.108930696507));
#3518 = VECTOR('',#3519,1.);
#3519 = DIRECTION('',(0.,0.,-1.));
#3520 = ORIENTED_EDGE('',*,*,#908,.F.);
#3521 = ORIENTED_EDGE('',*,*,#3522,.T.);
#3522 = EDGE_CURVE('',#846,#3487,#3523,.T.);
#3523 = LINE('',#3524,#3525);
#3524 = CARTESIAN_POINT('',(-5.754360833654,4.5,63.));
#3525 = VECTOR('',#3526,1.);
#3526 = DIRECTION('',(0.,0.,-1.));
#3527 = CYLINDRICAL_SURFACE('',#3528,8.);
#3528 = AXIS2_PLACEMENT_3D('',#3529,#3530,#3531);
#3529 = CARTESIAN_POINT('',(-13.75436083365,4.5,58.786956468194));
#3530 = DIRECTION('',(0.,0.,1.));
#3531 = DIRECTION('',(1.,0.,-0.));
#3532 = ADVANCED_FACE('',(#3533),#3553,.T.);
#3533 = FACE_BOUND('',#3534,.T.);
#3534 = EDGE_LOOP('',(#3535,#3536,#3537,#3545,#3552));
#3535 = ORIENTED_EDGE('',*,*,#927,.T.);
#3536 = ORIENTED_EDGE('',*,*,#3515,.T.);
#3537 = ORIENTED_EDGE('',*,*,#3538,.T.);
#3538 = EDGE_CURVE('',#3507,#3539,#3541,.T.);
#3539 = VERTEX_POINT('',#3540);
#3540 = CARTESIAN_POINT('',(-21.8372240639,12.5,38.));
#3541 = LINE('',#3542,#3543);
#3542 = CARTESIAN_POINT('',(-13.75436083365,12.5,38.));
#3543 = VECTOR('',#3544,1.);
#3544 = DIRECTION('',(-1.,0.,0.));
#3545 = ORIENTED_EDGE('',*,*,#3546,.F.);
#3546 = EDGE_CURVE('',#2551,#3539,#3547,.T.);
#3547 = B_SPLINE_CURVE_WITH_KNOTS('',3,(#3548,#3549,#3550,#3551),
  .UNSPECIFIED.,.F.,.F.,(4,4),(0.,0.540497035541),
  .PIECEWISE_BEZIER_KNOTS.);
#3548 = CARTESIAN_POINT('',(-27.21692930468,12.5,37.407666250197));
#3549 = CARTESIAN_POINT('',(-25.5275093932,12.5,37.796889624854));
#3550 = CARTESIAN_POINT('',(-23.68281634643,12.5,38.));
#3551 = CARTESIAN_POINT('',(-21.8372240639,12.5,38.));
#3552 = ORIENTED_EDGE('',*,*,#2550,.T.);
#3553 = PLANE('',#3554);
#3554 = AXIS2_PLACEMENT_3D('',#3555,#3556,#3557);
#3555 = CARTESIAN_POINT('',(-75.9603241143,12.5,58.786956468194));
#3556 = DIRECTION('',(0.,1.,0.));
#3557 = DIRECTION('',(0.,-0.,1.));
#3558 = ADVANCED_FACE('',(#3559),#3570,.F.);
#3559 = FACE_BOUND('',#3560,.T.);
#3560 = EDGE_LOOP('',(#3561,#3562,#3568,#3569));
#3561 = ORIENTED_EDGE('',*,*,#2512,.T.);
#3562 = ORIENTED_EDGE('',*,*,#3563,.F.);
#3563 = EDGE_CURVE('',#3487,#2504,#3564,.T.);
#3564 = LINE('',#3565,#3566);
#3565 = CARTESIAN_POINT('',(-5.754360833654,4.5,42.75));
#3566 = VECTOR('',#3567,1.);
#3567 = DIRECTION('',(0.,-1.,0.));
#3568 = ORIENTED_EDGE('',*,*,#3522,.F.);
#3569 = ORIENTED_EDGE('',*,*,#870,.T.);
#3570 = PLANE('',#3571);
#3571 = AXIS2_PLACEMENT_3D('',#3572,#3573,#3574);
#3572 = CARTESIAN_POINT('',(-5.754360833654,12.5,63.));
#3573 = DIRECTION('',(-1.,0.,0.));
#3574 = DIRECTION('',(0.,0.,1.));
#3575 = ADVANCED_FACE('',(#3576),#3613,.T.);
#3576 = FACE_BOUND('',#3577,.T.);
#3577 = EDGE_LOOP('',(#3578,#3579,#3598,#3606,#3612));
#3578 = ORIENTED_EDGE('',*,*,#3506,.F.);
#3579 = ORIENTED_EDGE('',*,*,#3580,.T.);
#3580 = EDGE_CURVE('',#3498,#3581,#3583,.T.);
#3581 = VERTEX_POINT('',#3582);
#3582 = CARTESIAN_POINT('',(-6.840022608736,4.650802484893,38.));
#3583 = B_SPLINE_CURVE_WITH_KNOTS('',3,(#3584,#3585,#3586,#3587,#3588,
    #3589,#3590,#3591,#3592,#3593,#3594,#3595,#3596,#3597),
  .UNSPECIFIED.,.F.,.F.,(4,2,2,2,2,2,4),(-0.178857068992,-0.154985161119
    ,-0.129489337498,-8.955821729132E-02,-5.047330965392E-02,
    -2.418241101075E-02,-8.269669060645E-09),.UNSPECIFIED.);
#3584 = CARTESIAN_POINT('',(-5.875508303561,5.88692018019,38.));
#3585 = CARTESIAN_POINT('',(-5.861684356258,5.808393408699,38.));
#3586 = CARTESIAN_POINT('',(-5.856189352456,5.728545646255,
    38.000000000001));
#3587 = CARTESIAN_POINT('',(-5.862409811535,5.563777211762,
    38.000000000001));
#3588 = CARTESIAN_POINT('',(-5.87530862063,5.479241474304,
    38.000000000019));
#3589 = CARTESIAN_POINT('',(-5.933181128529,5.268554282779,
    38.000000000019));
#3590 = CARTESIAN_POINT('',(-5.991789556664,5.147379517189,38.));
#3591 = CARTESIAN_POINT('',(-6.150218649372,4.936653907275,38.));
#3592 = CARTESIAN_POINT('',(-6.24767676502,4.848480158808,
    37.999999999995));
#3593 = CARTESIAN_POINT('',(-6.435405343689,4.737765271901,
    37.999999999995));
#3594 = CARTESIAN_POINT('',(-6.516521918155,4.703830389308,38.));
#3595 = CARTESIAN_POINT('',(-6.679254438636,4.661131092804,38.));
#3596 = CARTESIAN_POINT('',(-6.759414528953,4.650802491957,38.));
#3597 = CARTESIAN_POINT('',(-6.840022608736,4.650802484893,38.));
#3598 = ORIENTED_EDGE('',*,*,#3599,.F.);
#3599 = EDGE_CURVE('',#3600,#3581,#3602,.T.);
#3600 = VERTEX_POINT('',#3601);
#3601 = CARTESIAN_POINT('',(-21.8372240639,4.650802484893,38.));
#3602 = LINE('',#3603,#3604);
#3603 = CARTESIAN_POINT('',(-21.8372240639,4.650802484893,38.));
#3604 = VECTOR('',#3605,1.);
#3605 = DIRECTION('',(1.,0.,0.));
#3606 = ORIENTED_EDGE('',*,*,#3607,.T.);
#3607 = EDGE_CURVE('',#3600,#3539,#3608,.T.);
#3608 = LINE('',#3609,#3610);
#3609 = CARTESIAN_POINT('',(-21.8372240639,4.650802484893,38.));
#3610 = VECTOR('',#3611,1.);
#3611 = DIRECTION('',(0.,1.,0.));
#3612 = ORIENTED_EDGE('',*,*,#3538,.F.);
#3613 = PLANE('',#3614);
#3614 = AXIS2_PLACEMENT_3D('',#3615,#3616,#3617);
#3615 = CARTESIAN_POINT('',(14.353281747604,-24.000025,38.));
#3616 = DIRECTION('',(0.,0.,-1.));
#3617 = DIRECTION('',(-1.,0.,0.));
#3618 = ADVANCED_FACE('',(#3619),#3665,.T.);
#3619 = FACE_BOUND('',#3620,.T.);
#3620 = EDGE_LOOP('',(#3621,#3630,#3631,#3632,#3638,#3639,#3647,#3656));
#3621 = ORIENTED_EDGE('',*,*,#3622,.F.);
#3622 = EDGE_CURVE('',#773,#3623,#3625,.T.);
#3623 = VERTEX_POINT('',#3624);
#3624 = CARTESIAN_POINT('',(-27.86044922925,-4.632813184692,
    37.258944744475));
#3625 = B_SPLINE_CURVE_WITH_KNOTS('',3,(#3626,#3627,#3628,#3629),
  .UNSPECIFIED.,.F.,.F.,(4,4),(0.,6.609349575927E-02),
  .PIECEWISE_BEZIER_KNOTS.);
#3626 = CARTESIAN_POINT('',(-27.21692930468,-4.632813184692,
    37.407666250197));
#3627 = CARTESIAN_POINT('',(-27.43266782031,-4.632813184692,
    37.357962519038));
#3628 = CARTESIAN_POINT('',(-27.64711233312,-4.632813184692,
    37.30804623509));
#3629 = CARTESIAN_POINT('',(-27.86044500972,-4.632813184692,
    37.258944943257));
#3630 = ORIENTED_EDGE('',*,*,#801,.F.);
#3631 = ORIENTED_EDGE('',*,*,#1498,.F.);
#3632 = ORIENTED_EDGE('',*,*,#3633,.T.);
#3633 = EDGE_CURVE('',#1499,#3076,#3634,.T.);
#3634 = LINE('',#3635,#3636);
#3635 = CARTESIAN_POINT('',(-33.78394473966,-9.183470522138,
    37.100293546522));
#3636 = VECTOR('',#3637,1.);
#3637 = DIRECTION('',(0.,1.,0.));
#3638 = ORIENTED_EDGE('',*,*,#3075,.F.);
#3639 = ORIENTED_EDGE('',*,*,#3640,.F.);
#3640 = EDGE_CURVE('',#3641,#2551,#3643,.T.);
#3641 = VERTEX_POINT('',#3642);
#3642 = CARTESIAN_POINT('',(-27.21692930468,4.632813184692,
    37.407666250197));
#3643 = LINE('',#3644,#3645);
#3644 = CARTESIAN_POINT('',(-27.21692930468,4.632813184692,
    37.407666250197));
#3645 = VECTOR('',#3646,1.);
#3646 = DIRECTION('',(0.,1.,0.));
#3647 = ORIENTED_EDGE('',*,*,#3648,.T.);
#3648 = EDGE_CURVE('',#3641,#3649,#3651,.T.);
#3649 = VERTEX_POINT('',#3650);
#3650 = CARTESIAN_POINT('',(-27.86043983705,4.632813184692,
    37.258948995332));
#3651 = B_SPLINE_CURVE_WITH_KNOTS('',3,(#3652,#3653,#3654,#3655),
  .UNSPECIFIED.,.F.,.F.,(4,4),(-6.600724724755E-02,-1.931786749523E-06),
  .PIECEWISE_BEZIER_KNOTS.);
#3652 = CARTESIAN_POINT('',(-27.21692930468,4.632813184692,
    37.407666250197));
#3653 = CARTESIAN_POINT('',(-27.43266147431,4.632813184692,
    37.357963981084));
#3654 = CARTESIAN_POINT('',(-27.64709971726,4.632813184692,
    37.308049171686));
#3655 = CARTESIAN_POINT('',(-27.86042618403,4.632813184692,
    37.258949276234));
#3656 = ORIENTED_EDGE('',*,*,#3657,.F.);
#3657 = EDGE_CURVE('',#3623,#3649,#3658,.T.);
#3658 = B_SPLINE_CURVE_WITH_KNOTS('',3,(#3659,#3660,#3661,#3662,#3663,
    #3664),.UNSPECIFIED.,.F.,.F.,(4,2,4),(-0.926567868297,
    -0.463286549828,-5.231358721769E-06),.UNSPECIFIED.);
#3659 = CARTESIAN_POINT('',(-27.86045306764,-4.632813184692,
    37.258943088622));
#3660 = CARTESIAN_POINT('',(-27.86045306764,-3.088542123128,
    37.258943088622));
#3661 = CARTESIAN_POINT('',(-27.86045306762,-1.544271061564,
    37.258943088627));
#3662 = CARTESIAN_POINT('',(-27.86045306762,1.544271061564,
    37.258943088627));
#3663 = CARTESIAN_POINT('',(-27.86045306764,3.088542123128,
    37.258943088622));
#3664 = CARTESIAN_POINT('',(-27.86045306764,4.632813184692,
    37.258943088622));
#3665 = B_SPLINE_SURFACE_WITH_KNOTS('',3,1,(
    (#3666,#3667)
    ,(#3668,#3669)
    ,(#3670,#3671)
    ,(#3672,#3673)
    ,(#3674,#3675)
    ,(#3676,#3677)
    ,(#3678,#3679)
    ,(#3680,#3681)
    ,(#3682,#3683)
    ,(#3684,#3685)
    ,(#3686,#3687)
    ,(#3688,#3689
    )),.UNSPECIFIED.,.F.,.F.,.F.,(4,1,1,1,1,1,1,1,1,4),(2,2),(0.,
    0.152490732028,0.190613415035,0.228736098042,0.304981464056,
    0.381226830071,0.419349513078,0.457472196085,0.533717562099,
    0.609962928113),(0.,3.036),.UNSPECIFIED.);
#3666 = CARTESIAN_POINT('',(-27.21692930468,-12.65,37.407666250197));
#3667 = CARTESIAN_POINT('',(-27.21692930468,17.71,37.407666250197));
#3668 = CARTESIAN_POINT('',(-27.85056217791,-12.65,37.26168435219));
#3669 = CARTESIAN_POINT('',(-27.85056217791,17.71,37.26168435219));
#3670 = CARTESIAN_POINT('',(-28.62865034437,-12.65,37.076915073426));
#3671 = CARTESIAN_POINT('',(-28.62865034437,17.71,37.076915073426));
#3672 = CARTESIAN_POINT('',(-29.55008042112,-12.65,36.900566700215));
#3673 = CARTESIAN_POINT('',(-29.55008042112,17.71,36.900566700215));
#3674 = CARTESIAN_POINT('',(-30.16356752794,-12.65,36.798721914743));
#3675 = CARTESIAN_POINT('',(-30.16356752794,17.71,36.798721914743));
#3676 = CARTESIAN_POINT('',(-30.90341989061,-12.65,36.712027908145));
#3677 = CARTESIAN_POINT('',(-30.90341989061,17.71,36.712027908145));
#3678 = CARTESIAN_POINT('',(-31.60429452517,-12.65,36.691777048056));
#3679 = CARTESIAN_POINT('',(-31.60429452517,17.71,36.691777048056));
#3680 = CARTESIAN_POINT('',(-32.13745035459,-12.65,36.720456507448));
#3681 = CARTESIAN_POINT('',(-32.13745035459,17.71,36.720456507448));
#3682 = CARTESIAN_POINT('',(-32.63795229987,-12.65,36.776856021015));
#3683 = CARTESIAN_POINT('',(-32.63795229987,17.71,36.776856021015));
#3684 = CARTESIAN_POINT('',(-33.20755635921,-12.65,36.895475493468));
#3685 = CARTESIAN_POINT('',(-33.20755635921,17.71,36.895475493468));
#3686 = CARTESIAN_POINT('',(-33.60388573659,-12.65,37.029102311611));
#3687 = CARTESIAN_POINT('',(-33.60388573659,17.71,37.029102311611));
#3688 = CARTESIAN_POINT('',(-33.78394474472,-12.65,37.100293548525));
#3689 = CARTESIAN_POINT('',(-33.78394474472,17.71,37.100293548525));
#3690 = ADVANCED_FACE('',(#3691),#3717,.T.);
#3691 = FACE_BOUND('',#3692,.T.);
#3692 = EDGE_LOOP('',(#3693,#3703,#3704,#3716));
#3693 = ORIENTED_EDGE('',*,*,#3694,.T.);
#3694 = EDGE_CURVE('',#1499,#677,#3695,.T.);
#3695 = B_SPLINE_CURVE_WITH_KNOTS('',3,(#3696,#3697,#3698,#3699,#3700,
    #3701,#3702),.UNSPECIFIED.,.F.,.F.,(4,1,1,1,4),(-0.999983565383,
    -0.754506173797,-0.503004115864,-0.251502057932,0.),.UNSPECIFIED.);
#3696 = CARTESIAN_POINT('',(-33.78394473966,-9.18338112328,
    37.100293546521));
#3697 = CARTESIAN_POINT('',(-34.00844602327,-8.8574845127,
    37.100293546521));
#3698 = CARTESIAN_POINT('',(-34.41211287836,-8.170620652549,
    37.100293546521));
#3699 = CARTESIAN_POINT('',(-34.85598562684,-7.038953783497,
    37.100293546521));
#3700 = CARTESIAN_POINT('',(-35.1280358207,-5.855440959476,
    37.100293546521));
#3701 = CARTESIAN_POINT('',(-35.19635190581,-5.020073313091,
    37.100293546521));
#3702 = CARTESIAN_POINT('',(-35.2,-4.600780098835,37.100293546521));
#3703 = ORIENTED_EDGE('',*,*,#676,.T.);
#3704 = ORIENTED_EDGE('',*,*,#3705,.T.);
#3705 = EDGE_CURVE('',#669,#3076,#3706,.T.);
#3706 = B_SPLINE_CURVE_WITH_KNOTS('',3,(#3707,#3708,#3709,#3710,#3711,
    #3712,#3713,#3714,#3715),.UNSPECIFIED.,.F.,.F.,(4,1,1,1,1,1,4),(-1.,
    -0.75,-0.625,-0.5,-0.375,-0.25,-1.303147677626E-05),.UNSPECIFIED.);
#3707 = CARTESIAN_POINT('',(-35.2,4.600780098835,37.100293546521));
#3708 = CARTESIAN_POINT('',(-35.19636783909,5.018449947506,
    37.100293546521));
#3709 = CARTESIAN_POINT('',(-35.14767110045,5.632896208979,
    37.100293546521));
#3710 = CARTESIAN_POINT('',(-34.99595649742,6.430228803627,
    37.100293546521));
#3711 = CARTESIAN_POINT('',(-34.83840514463,7.01957719993,
    37.100293546521));
#3712 = CARTESIAN_POINT('',(-34.63805106891,7.594736884802,
    37.100293546521));
#3713 = CARTESIAN_POINT('',(-34.31677558475,8.330839986566,
    37.100293546521));
#3714 = CARTESIAN_POINT('',(-34.01517337161,8.850357842927,
    37.100293546521));
#3715 = CARTESIAN_POINT('',(-33.78402363752,9.183419135082,
    37.100293546521));
#3716 = ORIENTED_EDGE('',*,*,#3633,.F.);
#3717 = PLANE('',#3718);
#3718 = AXIS2_PLACEMENT_3D('',#3719,#3720,#3721);
#3719 = CARTESIAN_POINT('',(-33.78394473966,-24.000025,37.100293546521)
  );
#3720 = DIRECTION('',(-1.858904598393E-15,0.,-1.));
#3721 = DIRECTION('',(-1.,0.,1.858904598393E-15));
#3722 = ADVANCED_FACE('',(#3723),#3744,.T.);
#3723 = FACE_BOUND('',#3724,.T.);
#3724 = EDGE_LOOP('',(#3725,#3734,#3741,#3742,#3743));
#3725 = ORIENTED_EDGE('',*,*,#3726,.F.);
#3726 = EDGE_CURVE('',#3727,#3600,#3729,.T.);
#3727 = VERTEX_POINT('',#3728);
#3728 = CARTESIAN_POINT('',(-23.43149637745,4.632813297493,
    37.949759217111));
#3729 = CIRCLE('',#3730,23.810189146771);
#3730 = AXIS2_PLACEMENT_3D('',#3731,#3732,#3733);
#3731 = CARTESIAN_POINT('',(-21.83657837182,-3.387161512532,
    15.587587332815));
#3732 = DIRECTION('',(4.271483629128E-05,0.941295028197,-0.337585053085)
  );
#3733 = DIRECTION('',(-2.71183095941E-05,0.33758505436,0.941295028319));
#3734 = ORIENTED_EDGE('',*,*,#3735,.T.);
#3735 = EDGE_CURVE('',#3727,#3641,#3736,.T.);
#3736 = B_SPLINE_CURVE_WITH_KNOTS('',3,(#3737,#3738,#3739,#3740),
  .UNSPECIFIED.,.F.,.F.,(4,4),(-0.382136801607,0.),
  .PIECEWISE_BEZIER_KNOTS.);
#3737 = CARTESIAN_POINT('',(-23.43150389079,4.632813184692,
    37.949638349791));
#3738 = CARTESIAN_POINT('',(-24.73483791967,4.632813184692,
    37.86723517413));
#3739 = CARTESIAN_POINT('',(-26.01516864122,4.632813184692,
    37.684538410743));
#3740 = CARTESIAN_POINT('',(-27.21692930468,4.632813184692,
    37.407666250197));
#3741 = ORIENTED_EDGE('',*,*,#3640,.T.);
#3742 = ORIENTED_EDGE('',*,*,#3546,.T.);
#3743 = ORIENTED_EDGE('',*,*,#3607,.F.);
#3744 = B_SPLINE_SURFACE_WITH_KNOTS('',3,1,(
    (#3745,#3746)
    ,(#3747,#3748)
    ,(#3749,#3750)
    ,(#3751,#3752
    )),.UNSPECIFIED.,.F.,.F.,.F.,(4,4),(2,2),(1.570796326795,
    1.985139639446),(0.,0.944062417837),.PIECEWISE_BEZIER_KNOTS.);
#3745 = CARTESIAN_POINT('',(-21.8372240639,4.632813184692,38.));
#3746 = CARTESIAN_POINT('',(-21.8372240639,14.073437363062,38.));
#3747 = CARTESIAN_POINT('',(-23.68281634643,4.632813184692,38.));
#3748 = CARTESIAN_POINT('',(-23.68281634643,14.073437363062,38.));
#3749 = CARTESIAN_POINT('',(-25.5275093932,4.632813184692,
    37.796889624854));
#3750 = CARTESIAN_POINT('',(-25.5275093932,14.073437363062,
    37.796889624854));
#3751 = CARTESIAN_POINT('',(-27.21692930468,4.632813184692,
    37.407666250197));
#3752 = CARTESIAN_POINT('',(-27.21692930468,14.073437363062,
    37.407666250197));
#3753 = ADVANCED_FACE('',(#3754),#3772,.F.);
#3754 = FACE_BOUND('',#3755,.T.);
#3755 = EDGE_LOOP('',(#3756,#3757,#3765,#3771));
#3756 = ORIENTED_EDGE('',*,*,#3622,.T.);
#3757 = ORIENTED_EDGE('',*,*,#3758,.T.);
#3758 = EDGE_CURVE('',#3623,#3759,#3761,.T.);
#3759 = VERTEX_POINT('',#3760);
#3760 = CARTESIAN_POINT('',(-27.07536623924,-4.632813184692,
    37.965838444032));
#3761 = LINE('',#3762,#3763);
#3762 = CARTESIAN_POINT('',(-27.86040157319,-4.632813184692,
    37.258989454426));
#3763 = VECTOR('',#3764,1.);
#3764 = DIRECTION('',(0.743144825477,0.,0.669130606359));
#3765 = ORIENTED_EDGE('',*,*,#3766,.T.);
#3766 = EDGE_CURVE('',#3759,#771,#3767,.T.);
#3767 = LINE('',#3768,#3769);
#3768 = CARTESIAN_POINT('',(-27.07536623924,-4.632813184692,
    37.965838444032));
#3769 = VECTOR('',#3770,1.);
#3770 = DIRECTION('',(1.,0.,0.));
#3771 = ORIENTED_EDGE('',*,*,#770,.T.);
#3772 = PLANE('',#3773);
#3773 = AXIS2_PLACEMENT_3D('',#3774,#3775,#3776);
#3774 = CARTESIAN_POINT('',(-41.73637338733,-4.632813184692,
    36.816110538882));
#3775 = DIRECTION('',(0.,-1.,0.));
#3776 = DIRECTION('',(0.,0.,-1.));
#3777 = ADVANCED_FACE('',(#3778),#3806,.F.);
#3778 = FACE_BOUND('',#3779,.T.);
#3779 = EDGE_LOOP('',(#3780,#3790,#3797,#3798,#3799,#3800));
#3780 = ORIENTED_EDGE('',*,*,#3781,.T.);
#3781 = EDGE_CURVE('',#3782,#3784,#3786,.T.);
#3782 = VERTEX_POINT('',#3783);
#3783 = CARTESIAN_POINT('',(-22.87262905705,-5.862361807953,41.75));
#3784 = VERTEX_POINT('',#3785);
#3785 = CARTESIAN_POINT('',(-7.147690291162,-5.862361808271,
    41.749999999897));
#3786 = LINE('',#3787,#3788);
#3787 = CARTESIAN_POINT('',(-22.87262905705,-5.862361807953,41.75));
#3788 = VECTOR('',#3789,1.);
#3789 = DIRECTION('',(1.,0.,0.));
#3790 = ORIENTED_EDGE('',*,*,#3791,.F.);
#3791 = EDGE_CURVE('',#711,#3784,#3792,.T.);
#3792 = ELLIPSE('',#3793,22.652475842499,7.);
#3793 = AXIS2_PLACEMENT_3D('',#3794,#3795,#3796);
#3794 = CARTESIAN_POINT('',(-13.75436083365,-3.548943483705,
    34.630030508862));
#3795 = DIRECTION('',(0.,-0.951056516295,-0.309016994375));
#3796 = DIRECTION('',(0.,0.309016994375,-0.951056516295));
#3797 = ORIENTED_EDGE('',*,*,#710,.T.);
#3798 = ORIENTED_EDGE('',*,*,#781,.T.);
#3799 = ORIENTED_EDGE('',*,*,#3766,.F.);
#3800 = ORIENTED_EDGE('',*,*,#3801,.T.);
#3801 = EDGE_CURVE('',#3759,#3782,#3802,.T.);
#3802 = LINE('',#3803,#3804);
#3803 = CARTESIAN_POINT('',(-27.07536623924,-4.632813184692,
    37.965838444032));
#3804 = VECTOR('',#3805,1.);
#3805 = DIRECTION('',(0.726180180297,-0.212450553584,0.653855571228));
#3806 = PLANE('',#3807);
#3807 = AXIS2_PLACEMENT_3D('',#3808,#3809,#3810);
#3808 = CARTESIAN_POINT('',(-41.73637338733,-4.632813184692,
    37.965838444032));
#3809 = DIRECTION('',(0.,-0.951056516295,-0.309016994375));
#3810 = DIRECTION('',(0.,0.309016994375,-0.951056516295));
#3811 = ADVANCED_FACE('',(#3812),#3877,.F.);
#3812 = FACE_BOUND('',#3813,.T.);
#3813 = EDGE_LOOP('',(#3814,#3824,#3833,#3842,#3843,#3851,#3859,#3870));
#3814 = ORIENTED_EDGE('',*,*,#3815,.T.);
#3815 = EDGE_CURVE('',#3816,#3818,#3820,.T.);
#3816 = VERTEX_POINT('',#3817);
#3817 = CARTESIAN_POINT('',(-6.754360833654,4.5,41.75));
#3818 = VERTEX_POINT('',#3819);
#3819 = CARTESIAN_POINT('',(-6.754360833654,-4.5,41.75));
#3820 = LINE('',#3821,#3822);
#3821 = CARTESIAN_POINT('',(-6.754360833654,4.5,41.75));
#3822 = VECTOR('',#3823,1.);
#3823 = DIRECTION('',(0.,-1.,0.));
#3824 = ORIENTED_EDGE('',*,*,#3825,.F.);
#3825 = EDGE_CURVE('',#3826,#3818,#3828,.T.);
#3826 = VERTEX_POINT('',#3827);
#3827 = CARTESIAN_POINT('',(-6.895054377438,-5.896393539522,41.75));
#3828 = CIRCLE('',#3829,7.);
#3829 = AXIS2_PLACEMENT_3D('',#3830,#3831,#3832);
#3830 = CARTESIAN_POINT('',(-13.75436083365,-4.5,41.75));
#3831 = DIRECTION('',(0.,0.,1.));
#3832 = DIRECTION('',(1.,0.,-0.));
#3833 = ORIENTED_EDGE('',*,*,#3834,.T.);
#3834 = EDGE_CURVE('',#3826,#3784,#3835,.T.);
#3835 = B_SPLINE_CURVE_WITH_KNOTS('',3,(#3836,#3837,#3838,#3839,#3840,
    #3841),.UNSPECIFIED.,.F.,.F.,(4,2,4),(-2.558235766391E-02,
    -1.281013637118E-02,-1.000000110513E-06),.UNSPECIFIED.);
#3836 = CARTESIAN_POINT('',(-6.895054377467,-5.896393539626,41.75));
#3837 = CARTESIAN_POINT('',(-6.936103452357,-5.88509894527,41.75));
#3838 = CARTESIAN_POINT('',(-6.977853588974,-5.876591697303,41.75));
#3839 = CARTESIAN_POINT('',(-7.062363296653,-5.865207421355,41.75));
#3840 = CARTESIAN_POINT('',(-7.1049915009,-5.86236381002,41.75));
#3841 = CARTESIAN_POINT('',(-7.147690291162,-5.862361809009,41.75));
#3842 = ORIENTED_EDGE('',*,*,#3781,.F.);
#3843 = ORIENTED_EDGE('',*,*,#3844,.T.);
#3844 = EDGE_CURVE('',#3782,#3845,#3847,.T.);
#3845 = VERTEX_POINT('',#3846);
#3846 = CARTESIAN_POINT('',(-22.87262905705,6.,41.75));
#3847 = LINE('',#3848,#3849);
#3848 = CARTESIAN_POINT('',(-22.87262905705,-5.862361807953,41.75));
#3849 = VECTOR('',#3850,1.);
#3850 = DIRECTION('',(0.,1.,0.));
#3851 = ORIENTED_EDGE('',*,*,#3852,.T.);
#3852 = EDGE_CURVE('',#3845,#3853,#3855,.T.);
#3853 = VERTEX_POINT('',#3854);
#3854 = CARTESIAN_POINT('',(-7.193739259142,6.000000000932,41.75));
#3855 = LINE('',#3856,#3857);
#3856 = CARTESIAN_POINT('',(-22.87262905705,6.,41.75));
#3857 = VECTOR('',#3858,1.);
#3858 = DIRECTION('',(1.,0.,0.));
#3859 = ORIENTED_EDGE('',*,*,#3860,.T.);
#3860 = EDGE_CURVE('',#3853,#3861,#3863,.T.);
#3861 = VERTEX_POINT('',#3862);
#3862 = CARTESIAN_POINT('',(-6.92559369922,6.03881103386,41.75));
#3863 = B_SPLINE_CURVE_WITH_KNOTS('',3,(#3864,#3865,#3866,#3867,#3868,
    #3869),.UNSPECIFIED.,.F.,.F.,(4,2,4),(-2.720703472094E-02,
    -1.357875290331E-02,-3.357231759864E-06),.UNSPECIFIED.);
#3864 = CARTESIAN_POINT('',(-7.193739259142,6.000000002795,41.75));
#3865 = CARTESIAN_POINT('',(-7.148308108129,6.000003477259,41.75));
#3866 = CARTESIAN_POINT('',(-7.102964094292,6.003245335939,
    41.749999999998));
#3867 = CARTESIAN_POINT('',(-7.013215801596,6.016235816521,
    41.749999999998));
#3868 = CARTESIAN_POINT('',(-6.968976417924,6.025935924277,41.75));
#3869 = CARTESIAN_POINT('',(-6.925593699254,6.038811033977,41.75));
#3870 = ORIENTED_EDGE('',*,*,#3871,.F.);
#3871 = EDGE_CURVE('',#3816,#3861,#3872,.T.);
#3872 = CIRCLE('',#3873,7.);
#3873 = AXIS2_PLACEMENT_3D('',#3874,#3875,#3876);
#3874 = CARTESIAN_POINT('',(-13.75436083365,4.5,41.75));
#3875 = DIRECTION('',(0.,0.,1.));
#3876 = DIRECTION('',(1.,0.,-0.));
#3877 = PLANE('',#3878);
#3878 = AXIS2_PLACEMENT_3D('',#3879,#3880,#3881);
#3879 = CARTESIAN_POINT('',(-41.73637338733,-5.862361807953,41.75));
#3880 = DIRECTION('',(0.,0.,1.));
#3881 = DIRECTION('',(1.,0.,-0.));
#3882 = ADVANCED_FACE('',(#3883),#3909,.F.);
#3883 = FACE_BOUND('',#3884,.T.);
#3884 = EDGE_LOOP('',(#3885,#3886,#3893,#3894,#3902,#3908));
#3885 = ORIENTED_EDGE('',*,*,#3599,.T.);
#3886 = ORIENTED_EDGE('',*,*,#3887,.F.);
#3887 = EDGE_CURVE('',#3853,#3581,#3888,.T.);
#3888 = ELLIPSE('',#3889,20.676951301974,7.);
#3889 = AXIS2_PLACEMENT_3D('',#3890,#3891,#3892);
#3890 = CARTESIAN_POINT('',(-13.75436083365,3.559048432262,
    34.965546073481));
#3891 = DIRECTION('',(0.,0.940951567738,-0.338541204541));
#3892 = DIRECTION('',(0.,0.338541204541,0.940951567738));
#3893 = ORIENTED_EDGE('',*,*,#3852,.F.);
#3894 = ORIENTED_EDGE('',*,*,#3895,.T.);
#3895 = EDGE_CURVE('',#3845,#3896,#3898,.T.);
#3896 = VERTEX_POINT('',#3897);
#3897 = CARTESIAN_POINT('',(-27.0929566134,4.632813184692,37.95));
#3898 = LINE('',#3899,#3900);
#3899 = CARTESIAN_POINT('',(-22.87262905705,6.,41.75));
#3900 = VECTOR('',#3901,1.);
#3901 = DIRECTION('',(-0.722502457748,-0.234056674766,-0.650544134971));
#3902 = ORIENTED_EDGE('',*,*,#3903,.T.);
#3903 = EDGE_CURVE('',#3896,#3727,#3904,.T.);
#3904 = LINE('',#3905,#3906);
#3905 = CARTESIAN_POINT('',(-27.0929566134,4.632813184692,37.95));
#3906 = VECTOR('',#3907,1.);
#3907 = DIRECTION('',(1.,0.,0.));
#3908 = ORIENTED_EDGE('',*,*,#3726,.T.);
#3909 = PLANE('',#3910);
#3910 = AXIS2_PLACEMENT_3D('',#3911,#3912,#3913);
#3911 = CARTESIAN_POINT('',(-41.73637338733,6.,41.75));
#3912 = DIRECTION('',(0.,0.940951567738,-0.338541204541));
#3913 = DIRECTION('',(0.,0.338541204541,0.940951567738));
#3914 = ADVANCED_FACE('',(#3915),#3926,.F.);
#3915 = FACE_BOUND('',#3916,.T.);
#3916 = EDGE_LOOP('',(#3917,#3918,#3919,#3920));
#3917 = ORIENTED_EDGE('',*,*,#3648,.F.);
#3918 = ORIENTED_EDGE('',*,*,#3735,.F.);
#3919 = ORIENTED_EDGE('',*,*,#3903,.F.);
#3920 = ORIENTED_EDGE('',*,*,#3921,.T.);
#3921 = EDGE_CURVE('',#3896,#3649,#3922,.T.);
#3922 = LINE('',#3923,#3924);
#3923 = CARTESIAN_POINT('',(-27.0929566134,4.632813184692,37.95));
#3924 = VECTOR('',#3925,1.);
#3925 = DIRECTION('',(-0.743144825477,0.,-0.669130606359));
#3926 = PLANE('',#3927);
#3927 = AXIS2_PLACEMENT_3D('',#3928,#3929,#3930);
#3928 = CARTESIAN_POINT('',(-41.73637338733,4.632813184692,37.95));
#3929 = DIRECTION('',(0.,1.,0.));
#3930 = DIRECTION('',(0.,-0.,1.));
#3931 = ADVANCED_FACE('',(#3932,#3940),#3951,.T.);
#3932 = FACE_BOUND('',#3933,.T.);
#3933 = EDGE_LOOP('',(#3934,#3935,#3936,#3937,#3938,#3939));
#3934 = ORIENTED_EDGE('',*,*,#3921,.F.);
#3935 = ORIENTED_EDGE('',*,*,#3895,.F.);
#3936 = ORIENTED_EDGE('',*,*,#3844,.F.);
#3937 = ORIENTED_EDGE('',*,*,#3801,.F.);
#3938 = ORIENTED_EDGE('',*,*,#3758,.F.);
#3939 = ORIENTED_EDGE('',*,*,#3657,.T.);
#3940 = FACE_BOUND('',#3941,.T.);
#3941 = EDGE_LOOP('',(#3942));
#3942 = ORIENTED_EDGE('',*,*,#3943,.F.);
#3943 = EDGE_CURVE('',#3944,#3944,#3946,.T.);
#3944 = VERTEX_POINT('',#3945);
#3945 = CARTESIAN_POINT('',(-26.41181053703,0.,38.56330668192));
#3946 = ELLIPSE('',#3947,1.270170592217,1.1);
#3947 = AXIS2_PLACEMENT_3D('',#3948,#3949,#3950);
#3948 = CARTESIAN_POINT('',(-25.46788983395,0.,39.41321670047));
#3949 = DIRECTION('',(0.669130606359,0.,-0.743144825477));
#3950 = DIRECTION('',(-0.743144825477,0.,-0.669130606359));
#3951 = PLANE('',#3952);
#3952 = AXIS2_PLACEMENT_3D('',#3953,#3954,#3955);
#3953 = CARTESIAN_POINT('',(-27.80307538257,-24.000025,37.310606188307)
  );
#3954 = DIRECTION('',(0.669130606359,0.,-0.743144825477));
#3955 = DIRECTION('',(-0.743144825477,0.,-0.669130606359));
#3956 = ADVANCED_FACE('',(#3957),#3962,.F.);
#3957 = FACE_BOUND('',#3958,.F.);
#3958 = EDGE_LOOP('',(#3959,#3960,#3961));
#3959 = ORIENTED_EDGE('',*,*,#668,.T.);
#3960 = ORIENTED_EDGE('',*,*,#3705,.T.);
#3961 = ORIENTED_EDGE('',*,*,#3092,.F.);
#3962 = B_SPLINE_SURFACE_WITH_KNOTS('',3,1,(
    (#3963,#3964)
    ,(#3965,#3966)
    ,(#3967,#3968)
    ,(#3969,#3970)
    ,(#3971,#3972)
    ,(#3973,#3974)
    ,(#3975,#3976)
    ,(#3977,#3978)
    ,(#3979,#3980
    )),.UNSPECIFIED.,.F.,.F.,.F.,(4,1,1,1,1,1,4),(2,2),(0.,0.25,0.375,
    0.5,0.625,0.75,1.),(0.,0.108612563064),.UNSPECIFIED.);
#3963 = CARTESIAN_POINT('',(-33.78398748872,9.183471221055,
    38.005398238721));
#3964 = CARTESIAN_POINT('',(-33.78398748872,9.183471221055,
    36.919272608081));
#3965 = CARTESIAN_POINT('',(-34.01515240909,8.850393951262,
    38.005398238721));
#3966 = CARTESIAN_POINT('',(-34.01515240909,8.850393951262,
    36.919272608081));
#3967 = CARTESIAN_POINT('',(-34.31676721115,8.330859172087,
    38.005398238721));
#3968 = CARTESIAN_POINT('',(-34.31676721115,8.330859172087,
    36.919272608081));
#3969 = CARTESIAN_POINT('',(-34.63805106891,7.594736884802,
    38.005398238721));
#3970 = CARTESIAN_POINT('',(-34.63805106891,7.594736884802,
    36.919272608081));
#3971 = CARTESIAN_POINT('',(-34.83840514463,7.01957719993,
    38.005398238721));
#3972 = CARTESIAN_POINT('',(-34.83840514463,7.01957719993,
    36.919272608081));
#3973 = CARTESIAN_POINT('',(-34.99595649742,6.430228803627,
    38.005398238721));
#3974 = CARTESIAN_POINT('',(-34.99595649742,6.430228803627,
    36.919272608081));
#3975 = CARTESIAN_POINT('',(-35.14767110045,5.632896208979,
    38.005398238721));
#3976 = CARTESIAN_POINT('',(-35.14767110045,5.632896208979,
    36.919272608081));
#3977 = CARTESIAN_POINT('',(-35.19636783909,5.018449947506,
    38.005398238721));
#3978 = CARTESIAN_POINT('',(-35.19636783909,5.018449947506,
    36.919272608081));
#3979 = CARTESIAN_POINT('',(-35.2,4.600780098835,38.005398238721));
#3980 = CARTESIAN_POINT('',(-35.2,4.600780098835,36.919272608081));
#3981 = ADVANCED_FACE('',(#3982),#3987,.F.);
#3982 = FACE_BOUND('',#3983,.F.);
#3983 = EDGE_LOOP('',(#3984,#3985,#3986));
#3984 = ORIENTED_EDGE('',*,*,#3694,.T.);
#3985 = ORIENTED_EDGE('',*,*,#684,.F.);
#3986 = ORIENTED_EDGE('',*,*,#2039,.F.);
#3987 = B_SPLINE_SURFACE_WITH_KNOTS('',3,1,(
    (#3988,#3989)
    ,(#3990,#3991)
    ,(#3992,#3993)
    ,(#3994,#3995)
    ,(#3996,#3997)
    ,(#3998,#3999)
    ,(#4000,#4001
    )),.UNSPECIFIED.,.F.,.F.,.F.,(4,1,1,1,4),(2,2),(0.,0.251502057932,
    0.503004115864,0.754506173797,1.006008231729),(0.,0.109264020613),
  .UNSPECIFIED.);
#3988 = CARTESIAN_POINT('',(-35.2,-4.600780098835,38.005398419991));
#3989 = CARTESIAN_POINT('',(-35.2,-4.600780098835,36.912758213864));
#3990 = CARTESIAN_POINT('',(-35.19635190581,-5.020073313091,
    38.005398419991));
#3991 = CARTESIAN_POINT('',(-35.19635190581,-5.020073313091,
    36.912758213864));
#3992 = CARTESIAN_POINT('',(-35.1280358207,-5.855440959476,
    38.005398419991));
#3993 = CARTESIAN_POINT('',(-35.1280358207,-5.855440959476,
    36.912758213864));
#3994 = CARTESIAN_POINT('',(-34.85598562684,-7.038953783497,
    38.005398419991));
#3995 = CARTESIAN_POINT('',(-34.85598562684,-7.038953783497,
    36.912758213864));
#3996 = CARTESIAN_POINT('',(-34.40854006436,-8.179729648875,
    38.005398419991));
#3997 = CARTESIAN_POINT('',(-34.40854006436,-8.179729648875,
    36.912758213864));
#3998 = CARTESIAN_POINT('',(-33.99864305697,-8.874128132897,
    38.005398419991));
#3999 = CARTESIAN_POINT('',(-33.99864305697,-8.874128132897,
    36.912758213864));
#4000 = CARTESIAN_POINT('',(-33.76736980755,-9.207352096675,
    38.005398419991));
#4001 = CARTESIAN_POINT('',(-33.76736980755,-9.207352096675,
    36.912758213864));
#4002 = ADVANCED_FACE('',(#4003),#4023,.F.);
#4003 = FACE_BOUND('',#4004,.F.);
#4004 = EDGE_LOOP('',(#4005,#4006,#4014,#4021,#4022));
#4005 = ORIENTED_EDGE('',*,*,#507,.F.);
#4006 = ORIENTED_EDGE('',*,*,#4007,.T.);
#4007 = EDGE_CURVE('',#508,#4008,#4010,.T.);
#4008 = VERTEX_POINT('',#4009);
#4009 = CARTESIAN_POINT('',(-26.64215033065,-2.449293598295E-16,
    41.897681512833));
#4010 = LINE('',#4011,#4012);
#4011 = CARTESIAN_POINT('',(-17.1315851677,-2.449293598295E-16,
    38.807511569083));
#4012 = VECTOR('',#4013,1.);
#4013 = DIRECTION('',(0.951056516295,0.,-0.309016994375));
#4014 = ORIENTED_EDGE('',*,*,#4015,.F.);
#4015 = EDGE_CURVE('',#4008,#4008,#4016,.T.);
#4016 = CIRCLE('',#4017,2.);
#4017 = AXIS2_PLACEMENT_3D('',#4018,#4019,#4020);
#4018 = CARTESIAN_POINT('',(-27.2601843194,0.,39.995568480242));
#4019 = DIRECTION('',(0.951056516295,0.,-0.309016994375));
#4020 = DIRECTION('',(-0.309016994375,0.,-0.951056516295));
#4021 = ORIENTED_EDGE('',*,*,#4007,.F.);
#4022 = ORIENTED_EDGE('',*,*,#614,.F.);
#4023 = CYLINDRICAL_SURFACE('',#4024,2.);
#4024 = AXIS2_PLACEMENT_3D('',#4025,#4026,#4027);
#4025 = CARTESIAN_POINT('',(-17.74961915645,0.,36.905398536493));
#4026 = DIRECTION('',(0.951056516295,0.,-0.309016994375));
#4027 = DIRECTION('',(-0.309016994375,0.,-0.951056516295));
#4028 = ADVANCED_FACE('',(#4029,#4032),#4043,.T.);
#4029 = FACE_BOUND('',#4030,.T.);
#4030 = EDGE_LOOP('',(#4031));
#4031 = ORIENTED_EDGE('',*,*,#4015,.F.);
#4032 = FACE_BOUND('',#4033,.T.);
#4033 = EDGE_LOOP('',(#4034));
#4034 = ORIENTED_EDGE('',*,*,#4035,.F.);
#4035 = EDGE_CURVE('',#4036,#4036,#4038,.T.);
#4036 = VERTEX_POINT('',#4037);
#4037 = CARTESIAN_POINT('',(-27.60010301322,-1.347111479062E-16,
    38.949406312318));
#4038 = CIRCLE('',#4039,1.1);
#4039 = AXIS2_PLACEMENT_3D('',#4040,#4041,#4042);
#4040 = CARTESIAN_POINT('',(-27.2601843194,0.,39.995568480242));
#4041 = DIRECTION('',(-0.951056516295,0.,0.309016994375));
#4042 = DIRECTION('',(0.309016994375,0.,0.951056516295));
#4043 = PLANE('',#4044);
#4044 = AXIS2_PLACEMENT_3D('',#4045,#4046,#4047);
#4045 = CARTESIAN_POINT('',(-26.64215033065,0.,41.897681512833));
#4046 = DIRECTION('',(-0.951056516295,0.,0.309016994375));
#4047 = DIRECTION('',(0.309016994375,0.,0.951056516295));
#4048 = ADVANCED_FACE('',(#4049),#4060,.F.);
#4049 = FACE_BOUND('',#4050,.F.);
#4050 = EDGE_LOOP('',(#4051,#4057,#4058,#4059));
#4051 = ORIENTED_EDGE('',*,*,#4052,.T.);
#4052 = EDGE_CURVE('',#3944,#4036,#4053,.T.);
#4053 = LINE('',#4054,#4055);
#4054 = CARTESIAN_POINT('',(36.241713936345,-1.347111479062E-16,
    18.205942542108));
#4055 = VECTOR('',#4056,1.);
#4056 = DIRECTION('',(-0.951056516295,0.,0.309016994375));
#4057 = ORIENTED_EDGE('',*,*,#4035,.F.);
#4058 = ORIENTED_EDGE('',*,*,#4052,.F.);
#4059 = ORIENTED_EDGE('',*,*,#3943,.F.);
#4060 = CYLINDRICAL_SURFACE('',#4061,1.1);
#4061 = AXIS2_PLACEMENT_3D('',#4062,#4063,#4064);
#4062 = CARTESIAN_POINT('',(36.581632630157,0.,19.252104710033));
#4063 = DIRECTION('',(-0.951056516295,0.,0.309016994375));
#4064 = DIRECTION('',(0.309016994375,0.,0.951056516295));
#4065 = ADVANCED_FACE('',(#4066),#4093,.T.);
#4066 = FACE_BOUND('',#4067,.T.);
#4067 = EDGE_LOOP('',(#4068,#4069,#4070,#4091,#4092));
#4068 = ORIENTED_EDGE('',*,*,#3580,.F.);
#4069 = ORIENTED_EDGE('',*,*,#3497,.T.);
#4070 = ORIENTED_EDGE('',*,*,#4071,.F.);
#4071 = EDGE_CURVE('',#3861,#3489,#4072,.T.);
#4072 = B_SPLINE_CURVE_WITH_KNOTS('',3,(#4073,#4074,#4075,#4076,#4077,
    #4078,#4079,#4080,#4081,#4082,#4083,#4084,#4085,#4086,#4087,#4088,
    #4089,#4090),.UNSPECIFIED.,.F.,.F.,(4,2,2,2,2,2,2,2,4),(
    3.696045941189E-06,1.39949824291E-02,2.896361849495E-02,
    6.037680911342E-02,0.102464708852,0.143440363189,0.163769451816,
    0.193273713364,0.195514046246),.UNSPECIFIED.);
#4073 = CARTESIAN_POINT('',(-6.925593699254,6.038811033977,41.75));
#4074 = CARTESIAN_POINT('',(-6.880883773555,6.052080031731,
    41.749999999914));
#4075 = CARTESIAN_POINT('',(-6.837987289579,6.069750982923,
    41.753246270496));
#4076 = CARTESIAN_POINT('',(-6.75347714661,6.114637000387,
    41.766014833533));
#4077 = CARTESIAN_POINT('',(-6.712900442318,6.142039538433,
    41.775845096486));
#4078 = CARTESIAN_POINT('',(-6.597023158785,6.237033770753,
    41.814167237402));
#4079 = CARTESIAN_POINT('',(-6.528623444827,6.318881197575,
    41.852548759567));
#4080 = CARTESIAN_POINT('',(-6.398128218786,6.545276032283,
    41.967207919779));
#4081 = CARTESIAN_POINT('',(-6.346919359867,6.700388279405,
    42.051224736017));
#4082 = CARTESIAN_POINT('',(-6.302705440437,7.039514725905,
    42.244484293968));
#4083 = CARTESIAN_POINT('',(-6.309708750272,7.209827136117,
    42.345770781345));
#4084 = CARTESIAN_POINT('',(-6.352799863773,7.454470081465,
    42.497484862291));
#4085 = CARTESIAN_POINT('',(-6.372568561123,7.534578828779,
    42.548232931253));
#4086 = CARTESIAN_POINT('',(-6.433137575168,7.726521304738,
    42.672710983509));
#4087 = CARTESIAN_POINT('',(-6.470142672162,7.807520312371,
    42.727877370205));
#4088 = CARTESIAN_POINT('',(-6.48312793962,7.836035265688,
    42.747244507073));
#4089 = CARTESIAN_POINT('',(-6.484044064463,7.838038010865,
    42.748625695808));
#4090 = CARTESIAN_POINT('',(-6.484966534737,7.840045723286,
    42.749995333108));
#4091 = ORIENTED_EDGE('',*,*,#3860,.F.);
#4092 = ORIENTED_EDGE('',*,*,#3887,.T.);
#4093 = ( BOUNDED_SURFACE() B_SPLINE_SURFACE(3,2,(
    (#4094,#4095,#4096)
    ,(#4097,#4098,#4099)
    ,(#4100,#4101,#4102)
    ,(#4103,#4104,#4105
)),.UNSPECIFIED.,.F.,.F.,.F.) B_SPLINE_SURFACE_WITH_KNOTS((4,4),(3,3),(
    1.138451474248,1.416118606337),(0.,1.000015693568),
.PIECEWISE_BEZIER_KNOTS.) GEOMETRIC_REPRESENTATION_ITEM() 
RATIONAL_B_SPLINE_SURFACE((
    (1.,0.550329344726,1.000014113874)
    ,(1.,0.586251973315,1.000012986365)
    ,(1.,0.620940816251,1.000011897582)
,(1.,0.653842954135,1.000010864878
  ))) REPRESENTATION_ITEM('') SURFACE() );
#4094 = CARTESIAN_POINT('',(-7.398460575878,6.492055747836,
    43.117634489186));
#4095 = CARTESIAN_POINT('',(-5.899449152595,6.571335828905,
    43.337987922009));
#4096 = CARTESIAN_POINT('',(-6.490485033341,7.85203048207,
    42.779083630765));
#4097 = CARTESIAN_POINT('',(-7.12699399906,5.903780881821,
    41.482565699883));
#4098 = CARTESIAN_POINT('',(-5.768217013651,5.994465000021,
    41.734615855203));
#4099 = CARTESIAN_POINT('',(-6.180234889378,7.179716037232,
    41.144013628064));
#4100 = CARTESIAN_POINT('',(-6.937747217643,5.277635127831,
    39.742237429805));
#4101 = CARTESIAN_POINT('',(-5.682525946339,5.347303018339,
    39.935874452189));
#4102 = CARTESIAN_POINT('',(-5.963950756928,6.46412084654,
    39.403685853388));
#4103 = CARTESIAN_POINT('',(-6.837932202573,4.637480159893,
    37.962971530713));
#4104 = CARTESIAN_POINT('',(-5.682325172057,4.65813129852,38.02036992419
    ));
#4105 = CARTESIAN_POINT('',(-5.849874407699,5.732515451372,
    37.624422200603));
#4106 = ADVANCED_FACE('',(#4107),#4119,.T.);
#4107 = FACE_BOUND('',#4108,.T.);
#4108 = EDGE_LOOP('',(#4109,#4110,#4111,#4118));
#4109 = ORIENTED_EDGE('',*,*,#4071,.T.);
#4110 = ORIENTED_EDGE('',*,*,#3486,.F.);
#4111 = ORIENTED_EDGE('',*,*,#4112,.F.);
#4112 = EDGE_CURVE('',#3816,#3487,#4113,.T.);
#4113 = CIRCLE('',#4114,1.);
#4114 = AXIS2_PLACEMENT_3D('',#4115,#4116,#4117);
#4115 = CARTESIAN_POINT('',(-6.754360833654,4.5,42.75));
#4116 = DIRECTION('',(0.,-1.,0.));
#4117 = DIRECTION('',(0.,0.,-1.));
#4118 = ORIENTED_EDGE('',*,*,#3871,.T.);
#4119 = TOROIDAL_SURFACE('',#4120,7.,1.);
#4120 = AXIS2_PLACEMENT_3D('',#4121,#4122,#4123);
#4121 = CARTESIAN_POINT('',(-13.75436083365,4.5,42.75));
#4122 = DIRECTION('',(0.,0.,1.));
#4123 = DIRECTION('',(1.,0.,-0.));
#4124 = ADVANCED_FACE('',(#4125),#4137,.T.);
#4125 = FACE_BOUND('',#4126,.T.);
#4126 = EDGE_LOOP('',(#4127,#4128,#4129,#4136));
#4127 = ORIENTED_EDGE('',*,*,#4112,.T.);
#4128 = ORIENTED_EDGE('',*,*,#3563,.T.);
#4129 = ORIENTED_EDGE('',*,*,#4130,.F.);
#4130 = EDGE_CURVE('',#3818,#2504,#4131,.T.);
#4131 = CIRCLE('',#4132,1.);
#4132 = AXIS2_PLACEMENT_3D('',#4133,#4134,#4135);
#4133 = CARTESIAN_POINT('',(-6.754360833654,-4.5,42.75));
#4134 = DIRECTION('',(0.,-1.,0.));
#4135 = DIRECTION('',(0.,0.,-1.));
#4136 = ORIENTED_EDGE('',*,*,#3815,.F.);
#4137 = CYLINDRICAL_SURFACE('',#4138,1.);
#4138 = AXIS2_PLACEMENT_3D('',#4139,#4140,#4141);
#4139 = CARTESIAN_POINT('',(-6.754360833654,-5.862361807953,42.75));
#4140 = DIRECTION('',(0.,-1.,0.));
#4141 = DIRECTION('',(0.,0.,-1.));
#4142 = ADVANCED_FACE('',(#4143),#4170,.T.);
#4143 = FACE_BOUND('',#4144,.T.);
#4144 = EDGE_LOOP('',(#4145,#4146,#4147,#4168,#4169));
#4145 = ORIENTED_EDGE('',*,*,#3791,.T.);
#4146 = ORIENTED_EDGE('',*,*,#3834,.F.);
#4147 = ORIENTED_EDGE('',*,*,#4148,.T.);
#4148 = EDGE_CURVE('',#3826,#2495,#4149,.T.);
#4149 = B_SPLINE_CURVE_WITH_KNOTS('',3,(#4150,#4151,#4152,#4153,#4154,
    #4155,#4156,#4157,#4158,#4159,#4160,#4161,#4162,#4163,#4164,#4165,
    #4166,#4167),.UNSPECIFIED.,.F.,.F.,(4,2,2,2,2,2,2,2,4),(
    -9.807568904074E-02,-9.176793035467E-02,-8.504532684281E-02,
    -7.001288190396E-02,-4.711618167119E-02,-2.530706115738E-02,
    -1.450434346691E-02,0.,3.095066526219E-04),.UNSPECIFIED.);
#4150 = CARTESIAN_POINT('',(-6.895054377467,-5.896393539626,41.75));
#4151 = CARTESIAN_POINT('',(-6.851609620449,-5.908347302473,
    41.749999999927));
#4152 = CARTESIAN_POINT('',(-6.809693746534,-5.924298915794,
    41.753030206376));
#4153 = CARTESIAN_POINT('',(-6.726767153641,-5.964863496636,
    41.764983759339));
#4154 = CARTESIAN_POINT('',(-6.6866512561,-5.989656555725,
    41.774184905587));
#4155 = CARTESIAN_POINT('',(-6.565826167803,-6.079909075139,
    41.811885452431));
#4156 = CARTESIAN_POINT('',(-6.497565352395,-6.1566869217,
    41.849656592293));
#4157 = CARTESIAN_POINT('',(-6.360558637712,-6.364725035379,
    41.958689318671));
#4158 = CARTESIAN_POINT('',(-6.301332338363,-6.516997790375,
    42.044227417179));
#4159 = CARTESIAN_POINT('',(-6.24295031619,-6.848793487112,
    42.240289812339));
#4160 = CARTESIAN_POINT('',(-6.243062780125,-7.014451122668,
    42.342294333946));
#4161 = CARTESIAN_POINT('',(-6.276175771627,-7.253136084852,
    42.495337553869));
#4162 = CARTESIAN_POINT('',(-6.292634580711,-7.331340981426,
    42.546519081948));
#4163 = CARTESIAN_POINT('',(-6.342867355188,-7.510665675444,
    42.666561976536));
#4164 = CARTESIAN_POINT('',(-6.373833069327,-7.586678747412,
    42.719636626113));
#4165 = CARTESIAN_POINT('',(-6.38993139128,-7.624912751335,
    42.746419830438));
#4166 = CARTESIAN_POINT('',(-6.391743459339,-7.629195651516,
    42.74943671351));
#4167 = CARTESIAN_POINT('',(-6.392082386684,-7.629992870843,
    42.749997027232));
#4168 = ORIENTED_EDGE('',*,*,#2494,.T.);
#4169 = ORIENTED_EDGE('',*,*,#720,.F.);
#4170 = ( BOUNDED_SURFACE() B_SPLINE_SURFACE(3,2,(
    (#4171,#4172,#4173)
    ,(#4174,#4175,#4176)
    ,(#4177,#4178,#4179)
    ,(#4180,#4181,#4182
)),.UNSPECIFIED.,.F.,.F.,.F.) B_SPLINE_SURFACE_WITH_KNOTS((4,4),(3,3),(
    1.72616138672,1.974255745309),(0.,1.000009804531),
.PIECEWISE_BEZIER_KNOTS.) GEOMETRIC_REPRESENTATION_ITEM() 
RATIONAL_B_SPLINE_SURFACE((
    (1.,0.653002256381,1.000006804301)
    ,(1.,0.623253659097,1.000007387643)
    ,(1.,0.592041678829,1.00000799968)
,(1.,0.559733561856,1.000008633212
  ))) REPRESENTATION_ITEM('') SURFACE() );
#4171 = CARTESIAN_POINT('',(-6.838675084986,-4.632128890583,
    37.963732403321));
#4172 = CARTESIAN_POINT('',(-5.6802182764,-4.649455441709,
    38.017058044476));
#4173 = CARTESIAN_POINT('',(-5.850722161158,-5.73794011691,
    37.654710769237));
#4174 = CARTESIAN_POINT('',(-6.928252481295,-5.204043097636,
    39.723903343043));
#4175 = CARTESIAN_POINT('',(-5.679204703703,-5.259906730018,
    39.895833924744));
#4176 = CARTESIAN_POINT('',(-5.953097492445,-6.391556246129,
    39.414880470819));
#4177 = CARTESIAN_POINT('',(-7.089130236427,-5.764752829291,
    41.449590453291));
#4178 = CARTESIAN_POINT('',(-5.744967107028,-5.836149195816,
    41.669325875163));
#4179 = CARTESIAN_POINT('',(-6.136958987423,-7.032367425014,
    41.140567320447));
#4180 = CARTESIAN_POINT('',(-7.316402563985,-6.297159872202,
    43.088170844335));
#4181 = CARTESIAN_POINT('',(-5.848631457822,-6.356990812762,
    43.27231154511));
#4182 = CARTESIAN_POINT('',(-6.396700255062,-7.640832820822,
    42.779148437151));
#4183 = ADVANCED_FACE('',(#4184),#4190,.T.);
#4184 = FACE_BOUND('',#4185,.T.);
#4185 = EDGE_LOOP('',(#4186,#4187,#4188,#4189));
#4186 = ORIENTED_EDGE('',*,*,#3825,.T.);
#4187 = ORIENTED_EDGE('',*,*,#4130,.T.);
#4188 = ORIENTED_EDGE('',*,*,#2503,.F.);
#4189 = ORIENTED_EDGE('',*,*,#4148,.F.);
#4190 = TOROIDAL_SURFACE('',#4191,7.,1.);
#4191 = AXIS2_PLACEMENT_3D('',#4192,#4193,#4194);
#4192 = CARTESIAN_POINT('',(-13.75436083365,-4.5,42.75));
#4193 = DIRECTION('',(0.,0.,1.));
#4194 = DIRECTION('',(1.,0.,-0.));
#4195 = ( GEOMETRIC_REPRESENTATION_CONTEXT(3) 
GLOBAL_UNCERTAINTY_ASSIGNED_CONTEXT((#4199)) 
GLOBAL_UNIT_ASSIGNED_CONTEXT((#4196,#4197,#4198)) REPRESENTATION_CONTEXT
('Context #1','3D Context with UNIT and UNCERTAINTY') );
#4196 = ( LENGTH_UNIT() NAMED_UNIT(*) SI_UNIT(.MILLI.,.METRE.) );
#4197 = ( NAMED_UNIT(*) PLANE_ANGLE_UNIT() SI_UNIT($,.RADIAN.) );
#4198 = ( NAMED_UNIT(*) SI_UNIT($,.STERADIAN.) SOLID_ANGLE_UNIT() );
#4199 = UNCERTAINTY_MEASURE_WITH_UNIT(LENGTH_MEASURE(5.E-04),#4196,
  'distance_accuracy_value','confusion accuracy');
#4200 = PRODUCT_RELATED_PRODUCT_CATEGORY('part',$,(#7));
#4201 = MECHANICAL_DESIGN_GEOMETRIC_PRESENTATION_REPRESENTATION('',(
    #4202),#4195);
#4202 = STYLED_ITEM('color',(#4203),#15);
#4203 = PRESENTATION_STYLE_ASSIGNMENT((#4204,#4210));
#4204 = SURFACE_STYLE_USAGE(.BOTH.,#4205);
#4205 = SURFACE_SIDE_STYLE('',(#4206));
#4206 = SURFACE_STYLE_FILL_AREA(#4207);
#4207 = FILL_AREA_STYLE('',(#4208));
#4208 = FILL_AREA_STYLE_COLOUR('',#4209);
#4209 = COLOUR_RGB('',0.964705886078,0.964705886078,0.952941189437);
#4210 = CURVE_STYLE('',#4211,POSITIVE_LENGTH_MEASURE(0.1),#4212);
#4211 = DRAUGHTING_PRE_DEFINED_CURVE_FONT('continuous');
#4212 = COLOUR_RGB('',9.803921802644E-02,9.803921802644E-02,
  9.803921802644E-02);
ENDSEC;
END-ISO-10303-21;
