ISO-10303-21;
HEADER;
/* Generated by software containing ST-Developer
 * from STEP Tools, Inc. (www.steptools.com) 
 */
/* OPTION: using custom schema-name function */

FILE_DESCRIPTION(
/* description */ (''),
/* implementation_level */ '2;1');

FILE_NAME(
/* name */ 'J56BOT~2',
/* time_stamp */ '2026-04-30T19:57:02+08:00',
/* author */ (''),
/* organization */ (''),
/* preprocessor_version */ 'ST-DEVELOPER v16.5',
/* originating_system */ '',
/* authorisation */ '');

FILE_SCHEMA (('CONFIG_CONTROL_DESIGN'));
ENDSEC;

DATA;
#10=SHAPE_REPRESENTATION_RELATIONSHIP('','',#3111,#12);
#11=MANIFOLD_SOLID_BREP('brep_1',#13);
#12=ADVANCED_BREP_SHAPE_REPRESENTATION('brep_rep_0',(#11,#3113),#3110);
#13=CLOSED_SHELL('',(#30,#31,#32,#33,#34,#35,#36,#37,#38,#39,#40,#41,#42,
#43,#44,#45,#46,#47,#48,#49,#50,#51,#52,#53,#54,#55,#56,#57,#58,#59,#60,
#61,#62,#63,#64,#65,#66,#67,#68,#69,#70,#71,#72,#73,#74,#75,#76,#77,#78,
#79,#80,#81,#82,#83,#84,#85,#86,#87,#88,#89,#90,#91,#92,#93,#94,#95,#96,
#97,#98,#99,#100,#101,#102,#103,#104,#105,#106,#107,#108,#109,#110,#111,
#112,#113,#114,#115,#116,#117));
#14=FACE_BOUND('',#228,.T.);
#15=FACE_BOUND('',#231,.T.);
#16=FACE_BOUND('',#245,.T.);
#17=FACE_BOUND('',#246,.T.);
#18=FACE_BOUND('',#247,.T.);
#19=FACE_BOUND('',#248,.T.);
#20=FACE_BOUND('',#249,.T.);
#21=FACE_BOUND('',#250,.T.);
#22=FACE_BOUND('',#263,.T.);
#23=FACE_BOUND('',#264,.T.);
#24=FACE_BOUND('',#265,.T.);
#25=FACE_BOUND('',#266,.T.);
#26=FACE_BOUND('',#294,.T.);
#27=FACE_BOUND('',#297,.T.);
#28=FACE_BOUND('',#300,.T.);
#29=FACE_BOUND('',#303,.T.);
#30=ADVANCED_FACE('',(#118),#2996,.T.);
#31=ADVANCED_FACE('',(#119),#2997,.T.);
#32=ADVANCED_FACE('',(#120),#2944,.T.);
#33=ADVANCED_FACE('',(#121),#2945,.T.);
#34=ADVANCED_FACE('',(#122),#2946,.T.);
#35=ADVANCED_FACE('',(#123),#2947,.T.);
#36=ADVANCED_FACE('',(#124),#2948,.T.);
#37=ADVANCED_FACE('',(#125),#2949,.T.);
#38=ADVANCED_FACE('',(#126),#2950,.T.);
#39=ADVANCED_FACE('',(#127),#2951,.T.);
#40=ADVANCED_FACE('',(#128),#2938,.T.);
#41=ADVANCED_FACE('',(#129),#2939,.T.);
#42=ADVANCED_FACE('',(#130),#2940,.T.);
#43=ADVANCED_FACE('',(#131),#2952,.T.);
#44=ADVANCED_FACE('',(#132),#2953,.T.);
#45=ADVANCED_FACE('',(#133),#2941,.T.);
#46=ADVANCED_FACE('',(#134),#2942,.T.);
#47=ADVANCED_FACE('',(#135),#2943,.T.);
#48=ADVANCED_FACE('',(#136),#2954,.T.);
#49=ADVANCED_FACE('',(#137),#2955,.T.);
#50=ADVANCED_FACE('',(#138),#2956,.T.);
#51=ADVANCED_FACE('',(#139,#14),#2957,.T.);
#52=ADVANCED_FACE('',(#140),#2998,.T.);
#53=ADVANCED_FACE('',(#141,#15),#2958,.T.);
#54=ADVANCED_FACE('',(#142),#2959,.T.);
#55=ADVANCED_FACE('',(#143),#2960,.T.);
#56=ADVANCED_FACE('',(#144),#2999,.T.);
#57=ADVANCED_FACE('',(#145),#3000,.T.);
#58=ADVANCED_FACE('',(#146),#3001,.T.);
#59=ADVANCED_FACE('',(#147),#2961,.T.);
#60=ADVANCED_FACE('',(#148),#2962,.T.);
#61=ADVANCED_FACE('',(#149),#2963,.T.);
#62=ADVANCED_FACE('',(#150),#3002,.T.);
#63=ADVANCED_FACE('',(#151),#2964,.T.);
#64=ADVANCED_FACE('',(#152),#3003,.T.);
#65=ADVANCED_FACE('',(#153),#2965,.T.);
#66=ADVANCED_FACE('',(#154,#16,#17,#18,#19,#20,#21),#2966,.T.);
#67=ADVANCED_FACE('',(#155),#2967,.T.);
#68=ADVANCED_FACE('',(#156),#3004,.T.);
#69=ADVANCED_FACE('',(#157),#2968,.T.);
#70=ADVANCED_FACE('',(#158),#3005,.T.);
#71=ADVANCED_FACE('',(#159),#2969,.T.);
#72=ADVANCED_FACE('',(#160),#3006,.T.);
#73=ADVANCED_FACE('',(#161),#2970,.T.);
#74=ADVANCED_FACE('',(#162),#3007,.T.);
#75=ADVANCED_FACE('',(#163),#2971,.T.);
#76=ADVANCED_FACE('',(#164),#2972,.T.);
#77=ADVANCED_FACE('',(#165),#2973,.T.);
#78=ADVANCED_FACE('',(#166,#22,#23,#24,#25),#2974,.T.);
#79=ADVANCED_FACE('',(#167),#2975,.T.);
#80=ADVANCED_FACE('',(#168),#2976,.T.);
#81=ADVANCED_FACE('',(#169),#2977,.T.);
#82=ADVANCED_FACE('',(#170),#2978,.T.);
#83=ADVANCED_FACE('',(#171),#2979,.T.);
#84=ADVANCED_FACE('',(#172),#2980,.T.);
#85=ADVANCED_FACE('',(#173),#2981,.T.);
#86=ADVANCED_FACE('',(#174),#2982,.T.);
#87=ADVANCED_FACE('',(#175),#3008,.T.);
#88=ADVANCED_FACE('',(#176),#2983,.T.);
#89=ADVANCED_FACE('',(#177),#2984,.T.);
#90=ADVANCED_FACE('',(#178),#2985,.T.);
#91=ADVANCED_FACE('',(#179),#2986,.T.);
#92=ADVANCED_FACE('',(#180),#2987,.T.);
#93=ADVANCED_FACE('',(#181),#2988,.T.);
#94=ADVANCED_FACE('',(#182),#2989,.T.);
#95=ADVANCED_FACE('',(#183),#2990,.T.);
#96=ADVANCED_FACE('',(#184),#3009,.T.);
#97=ADVANCED_FACE('',(#185),#3010,.T.);
#98=ADVANCED_FACE('',(#186),#3011,.T.);
#99=ADVANCED_FACE('',(#187),#3012,.T.);
#100=ADVANCED_FACE('',(#188),#3013,.T.);
#101=ADVANCED_FACE('',(#189),#3014,.T.);
#102=ADVANCED_FACE('',(#190),#3015,.T.);
#103=ADVANCED_FACE('',(#191),#3016,.T.);
#104=ADVANCED_FACE('',(#192),#3017,.T.);
#105=ADVANCED_FACE('',(#193,#26),#2991,.T.);
#106=ADVANCED_FACE('',(#194),#3018,.T.);
#107=ADVANCED_FACE('',(#195,#27),#2992,.T.);
#108=ADVANCED_FACE('',(#196),#3019,.T.);
#109=ADVANCED_FACE('',(#197,#28),#2993,.T.);
#110=ADVANCED_FACE('',(#198),#3020,.T.);
#111=ADVANCED_FACE('',(#199,#29),#2994,.T.);
#112=ADVANCED_FACE('',(#200),#3021,.T.);
#113=ADVANCED_FACE('',(#201),#3022,.T.);
#114=ADVANCED_FACE('',(#202),#3023,.T.);
#115=ADVANCED_FACE('',(#203),#3024,.T.);
#116=ADVANCED_FACE('',(#204),#3000,.T.);
#117=ADVANCED_FACE('',(#205),#2995,.T.);
#118=FACE_OUTER_BOUND('',#206,.T.);
#119=FACE_OUTER_BOUND('',#207,.T.);
#120=FACE_OUTER_BOUND('',#208,.T.);
#121=FACE_OUTER_BOUND('',#209,.T.);
#122=FACE_OUTER_BOUND('',#210,.T.);
#123=FACE_OUTER_BOUND('',#211,.T.);
#124=FACE_OUTER_BOUND('',#212,.T.);
#125=FACE_OUTER_BOUND('',#213,.T.);
#126=FACE_OUTER_BOUND('',#214,.T.);
#127=FACE_OUTER_BOUND('',#215,.T.);
#128=FACE_OUTER_BOUND('',#216,.T.);
#129=FACE_OUTER_BOUND('',#217,.T.);
#130=FACE_OUTER_BOUND('',#218,.T.);
#131=FACE_OUTER_BOUND('',#219,.T.);
#132=FACE_OUTER_BOUND('',#220,.T.);
#133=FACE_OUTER_BOUND('',#221,.T.);
#134=FACE_OUTER_BOUND('',#222,.T.);
#135=FACE_OUTER_BOUND('',#223,.T.);
#136=FACE_OUTER_BOUND('',#224,.T.);
#137=FACE_OUTER_BOUND('',#225,.T.);
#138=FACE_OUTER_BOUND('',#226,.T.);
#139=FACE_OUTER_BOUND('',#227,.T.);
#140=FACE_OUTER_BOUND('',#229,.T.);
#141=FACE_OUTER_BOUND('',#230,.T.);
#142=FACE_OUTER_BOUND('',#232,.T.);
#143=FACE_OUTER_BOUND('',#233,.T.);
#144=FACE_OUTER_BOUND('',#234,.T.);
#145=FACE_OUTER_BOUND('',#235,.T.);
#146=FACE_OUTER_BOUND('',#236,.T.);
#147=FACE_OUTER_BOUND('',#237,.T.);
#148=FACE_OUTER_BOUND('',#238,.T.);
#149=FACE_OUTER_BOUND('',#239,.T.);
#150=FACE_OUTER_BOUND('',#240,.T.);
#151=FACE_OUTER_BOUND('',#241,.T.);
#152=FACE_OUTER_BOUND('',#242,.T.);
#153=FACE_OUTER_BOUND('',#243,.T.);
#154=FACE_OUTER_BOUND('',#244,.T.);
#155=FACE_OUTER_BOUND('',#251,.T.);
#156=FACE_OUTER_BOUND('',#252,.T.);
#157=FACE_OUTER_BOUND('',#253,.T.);
#158=FACE_OUTER_BOUND('',#254,.T.);
#159=FACE_OUTER_BOUND('',#255,.T.);
#160=FACE_OUTER_BOUND('',#256,.T.);
#161=FACE_OUTER_BOUND('',#257,.T.);
#162=FACE_OUTER_BOUND('',#258,.T.);
#163=FACE_OUTER_BOUND('',#259,.T.);
#164=FACE_OUTER_BOUND('',#260,.T.);
#165=FACE_OUTER_BOUND('',#261,.T.);
#166=FACE_OUTER_BOUND('',#262,.T.);
#167=FACE_OUTER_BOUND('',#267,.T.);
#168=FACE_OUTER_BOUND('',#268,.T.);
#169=FACE_OUTER_BOUND('',#269,.T.);
#170=FACE_OUTER_BOUND('',#270,.T.);
#171=FACE_OUTER_BOUND('',#271,.T.);
#172=FACE_OUTER_BOUND('',#272,.T.);
#173=FACE_OUTER_BOUND('',#273,.T.);
#174=FACE_OUTER_BOUND('',#274,.T.);
#175=FACE_OUTER_BOUND('',#275,.T.);
#176=FACE_OUTER_BOUND('',#276,.T.);
#177=FACE_OUTER_BOUND('',#277,.T.);
#178=FACE_OUTER_BOUND('',#278,.T.);
#179=FACE_OUTER_BOUND('',#279,.T.);
#180=FACE_OUTER_BOUND('',#280,.T.);
#181=FACE_OUTER_BOUND('',#281,.T.);
#182=FACE_OUTER_BOUND('',#282,.T.);
#183=FACE_OUTER_BOUND('',#283,.T.);
#184=FACE_OUTER_BOUND('',#284,.T.);
#185=FACE_OUTER_BOUND('',#285,.T.);
#186=FACE_OUTER_BOUND('',#286,.T.);
#187=FACE_OUTER_BOUND('',#287,.T.);
#188=FACE_OUTER_BOUND('',#288,.T.);
#189=FACE_OUTER_BOUND('',#289,.T.);
#190=FACE_OUTER_BOUND('',#290,.T.);
#191=FACE_OUTER_BOUND('',#291,.T.);
#192=FACE_OUTER_BOUND('',#292,.T.);
#193=FACE_OUTER_BOUND('',#293,.T.);
#194=FACE_OUTER_BOUND('',#295,.T.);
#195=FACE_OUTER_BOUND('',#296,.T.);
#196=FACE_OUTER_BOUND('',#298,.T.);
#197=FACE_OUTER_BOUND('',#299,.T.);
#198=FACE_OUTER_BOUND('',#301,.T.);
#199=FACE_OUTER_BOUND('',#302,.T.);
#200=FACE_OUTER_BOUND('',#304,.T.);
#201=FACE_OUTER_BOUND('',#305,.T.);
#202=FACE_OUTER_BOUND('',#306,.T.);
#203=FACE_OUTER_BOUND('',#307,.T.);
#204=FACE_OUTER_BOUND('',#308,.T.);
#205=FACE_OUTER_BOUND('',#309,.T.);
#206=EDGE_LOOP('',(#310,#311,#312,#313));
#207=EDGE_LOOP('',(#314,#315,#316,#317));
#208=EDGE_LOOP('',(#318,#319,#320,#321,#322));
#209=EDGE_LOOP('',(#323,#324,#325,#326,#327));
#210=EDGE_LOOP('',(#328,#329,#330,#331));
#211=EDGE_LOOP('',(#332,#333,#334,#335));
#212=EDGE_LOOP('',(#336,#337,#338,#339));
#213=EDGE_LOOP('',(#340,#341,#342,#343));
#214=EDGE_LOOP('',(#344,#345,#346,#347));
#215=EDGE_LOOP('',(#348,#349,#350,#351));
#216=EDGE_LOOP('',(#352,#353,#354,#355));
#217=EDGE_LOOP('',(#356,#357,#358,#359));
#218=EDGE_LOOP('',(#360,#361,#362,#363));
#219=EDGE_LOOP('',(#364,#365,#366,#367));
#220=EDGE_LOOP('',(#368,#369,#370,#371));
#221=EDGE_LOOP('',(#372,#373,#374,#375));
#222=EDGE_LOOP('',(#376,#377,#378,#379));
#223=EDGE_LOOP('',(#380,#381,#382,#383));
#224=EDGE_LOOP('',(#384,#385,#386,#387));
#225=EDGE_LOOP('',(#388,#389,#390,#391));
#226=EDGE_LOOP('',(#392,#393,#394,#395));
#227=EDGE_LOOP('',(#396,#397,#398,#399,#400,#401,#402,#403,#404,#405,#406,
#407));
#228=EDGE_LOOP('',(#408));
#229=EDGE_LOOP('',(#409,#410,#411,#412));
#230=EDGE_LOOP('',(#413));
#231=EDGE_LOOP('',(#414,#415));
#232=EDGE_LOOP('',(#416,#417));
#233=EDGE_LOOP('',(#418,#419,#420,#421,#422));
#234=EDGE_LOOP('',(#423,#424,#425,#426));
#235=EDGE_LOOP('',(#427,#428,#429,#430));
#236=EDGE_LOOP('',(#431,#432,#433,#434));
#237=EDGE_LOOP('',(#435,#436,#437,#438,#439));
#238=EDGE_LOOP('',(#440,#441,#442,#443,#444,#445,#446,#447,#448,#449,#450,
#451));
#239=EDGE_LOOP('',(#452,#453,#454,#455));
#240=EDGE_LOOP('',(#456,#457,#458,#459));
#241=EDGE_LOOP('',(#460,#461,#462,#463,#464,#465));
#242=EDGE_LOOP('',(#466,#467,#468,#469));
#243=EDGE_LOOP('',(#470,#471,#472,#473,#474,#475,#476));
#244=EDGE_LOOP('',(#477,#478,#479,#480,#481,#482,#483,#484,#485,#486,#487,
#488,#489,#490,#491,#492,#493,#494,#495,#496,#497,#498));
#245=EDGE_LOOP('',(#499,#500));
#246=EDGE_LOOP('',(#501,#502));
#247=EDGE_LOOP('',(#503,#504));
#248=EDGE_LOOP('',(#505,#506));
#249=EDGE_LOOP('',(#507,#508,#509,#510));
#250=EDGE_LOOP('',(#511,#512,#513,#514));
#251=EDGE_LOOP('',(#515,#516,#517,#518));
#252=EDGE_LOOP('',(#519,#520,#521,#522));
#253=EDGE_LOOP('',(#523,#524,#525,#526));
#254=EDGE_LOOP('',(#527,#528,#529,#530));
#255=EDGE_LOOP('',(#531,#532,#533,#534));
#256=EDGE_LOOP('',(#535,#536,#537,#538));
#257=EDGE_LOOP('',(#539,#540,#541,#542));
#258=EDGE_LOOP('',(#543,#544,#545,#546));
#259=EDGE_LOOP('',(#547,#548,#549));
#260=EDGE_LOOP('',(#550,#551,#552,#553));
#261=EDGE_LOOP('',(#554,#555,#556,#557));
#262=EDGE_LOOP('',(#558,#559,#560,#561,#562,#563,#564,#565,#566,#567,#568,
#569,#570,#571,#572,#573));
#263=EDGE_LOOP('',(#574));
#264=EDGE_LOOP('',(#575));
#265=EDGE_LOOP('',(#576));
#266=EDGE_LOOP('',(#577));
#267=EDGE_LOOP('',(#578,#579,#580,#581,#582,#583));
#268=EDGE_LOOP('',(#584,#585,#586,#587));
#269=EDGE_LOOP('',(#588,#589,#590,#591,#592,#593,#594));
#270=EDGE_LOOP('',(#595,#596,#597,#598,#599,#600,#601));
#271=EDGE_LOOP('',(#602,#603,#604,#605,#606,#607));
#272=EDGE_LOOP('',(#608,#609,#610,#611));
#273=EDGE_LOOP('',(#612,#613,#614,#615,#616,#617,#618));
#274=EDGE_LOOP('',(#619,#620,#621,#622,#623,#624,#625));
#275=EDGE_LOOP('',(#626,#627,#628,#629));
#276=EDGE_LOOP('',(#630,#631,#632,#633,#634));
#277=EDGE_LOOP('',(#635,#636,#637,#638,#639));
#278=EDGE_LOOP('',(#640,#641,#642,#643,#644));
#279=EDGE_LOOP('',(#645,#646,#647,#648,#649));
#280=EDGE_LOOP('',(#650,#651,#652,#653,#654));
#281=EDGE_LOOP('',(#655,#656,#657,#658,#659));
#282=EDGE_LOOP('',(#660,#661,#662,#663,#664));
#283=EDGE_LOOP('',(#665,#666,#667,#668,#669));
#284=EDGE_LOOP('',(#670,#671,#672,#673));
#285=EDGE_LOOP('',(#674,#675,#676,#677));
#286=EDGE_LOOP('',(#678,#679,#680,#681));
#287=EDGE_LOOP('',(#682,#683,#684,#685));
#288=EDGE_LOOP('',(#686,#687,#688,#689));
#289=EDGE_LOOP('',(#690,#691,#692,#693));
#290=EDGE_LOOP('',(#694,#695,#696,#697));
#291=EDGE_LOOP('',(#698,#699,#700,#701));
#292=EDGE_LOOP('',(#702,#703,#704,#705,#706));
#293=EDGE_LOOP('',(#707));
#294=EDGE_LOOP('',(#708,#709));
#295=EDGE_LOOP('',(#710,#711,#712,#713,#714));
#296=EDGE_LOOP('',(#715));
#297=EDGE_LOOP('',(#716,#717));
#298=EDGE_LOOP('',(#718,#719,#720,#721,#722));
#299=EDGE_LOOP('',(#723));
#300=EDGE_LOOP('',(#724,#725));
#301=EDGE_LOOP('',(#726,#727,#728,#729,#730));
#302=EDGE_LOOP('',(#731));
#303=EDGE_LOOP('',(#732,#733));
#304=EDGE_LOOP('',(#734,#735,#736,#737,#738));
#305=EDGE_LOOP('',(#739,#740,#741,#742,#743));
#306=EDGE_LOOP('',(#744,#745,#746,#747,#748));
#307=EDGE_LOOP('',(#749,#750,#751,#752,#753));
#308=EDGE_LOOP('',(#754,#755,#756,#757));
#309=EDGE_LOOP('',(#758,#759,#760,#761));
#310=ORIENTED_EDGE('',*,*,#2379,.T.);
#311=ORIENTED_EDGE('',*,*,#2380,.T.);
#312=ORIENTED_EDGE('',*,*,#2381,.T.);
#313=ORIENTED_EDGE('',*,*,#2382,.T.);
#314=ORIENTED_EDGE('',*,*,#2383,.T.);
#315=ORIENTED_EDGE('',*,*,#2384,.T.);
#316=ORIENTED_EDGE('',*,*,#2385,.T.);
#317=ORIENTED_EDGE('',*,*,#2386,.T.);
#318=ORIENTED_EDGE('',*,*,#2387,.T.);
#319=ORIENTED_EDGE('',*,*,#2386,.F.);
#320=ORIENTED_EDGE('',*,*,#2388,.T.);
#321=ORIENTED_EDGE('',*,*,#2389,.T.);
#322=ORIENTED_EDGE('',*,*,#2390,.T.);
#323=ORIENTED_EDGE('',*,*,#2391,.T.);
#324=ORIENTED_EDGE('',*,*,#2392,.T.);
#325=ORIENTED_EDGE('',*,*,#2393,.T.);
#326=ORIENTED_EDGE('',*,*,#2381,.F.);
#327=ORIENTED_EDGE('',*,*,#2394,.T.);
#328=ORIENTED_EDGE('',*,*,#2395,.T.);
#329=ORIENTED_EDGE('',*,*,#2396,.T.);
#330=ORIENTED_EDGE('',*,*,#2397,.T.);
#331=ORIENTED_EDGE('',*,*,#2398,.T.);
#332=ORIENTED_EDGE('',*,*,#2399,.T.);
#333=ORIENTED_EDGE('',*,*,#2400,.T.);
#334=ORIENTED_EDGE('',*,*,#2401,.T.);
#335=ORIENTED_EDGE('',*,*,#2396,.F.);
#336=ORIENTED_EDGE('',*,*,#2392,.F.);
#337=ORIENTED_EDGE('',*,*,#2402,.T.);
#338=ORIENTED_EDGE('',*,*,#2399,.F.);
#339=ORIENTED_EDGE('',*,*,#2395,.F.);
#340=ORIENTED_EDGE('',*,*,#2403,.T.);
#341=ORIENTED_EDGE('',*,*,#2404,.T.);
#342=ORIENTED_EDGE('',*,*,#2405,.T.);
#343=ORIENTED_EDGE('',*,*,#2406,.T.);
#344=ORIENTED_EDGE('',*,*,#2407,.T.);
#345=ORIENTED_EDGE('',*,*,#2408,.T.);
#346=ORIENTED_EDGE('',*,*,#2409,.T.);
#347=ORIENTED_EDGE('',*,*,#2404,.F.);
#348=ORIENTED_EDGE('',*,*,#2407,.F.);
#349=ORIENTED_EDGE('',*,*,#2403,.F.);
#350=ORIENTED_EDGE('',*,*,#2410,.T.);
#351=ORIENTED_EDGE('',*,*,#2389,.F.);
#352=ORIENTED_EDGE('',*,*,#2411,.T.);
#353=ORIENTED_EDGE('',*,*,#2412,.T.);
#354=ORIENTED_EDGE('',*,*,#2413,.T.);
#355=ORIENTED_EDGE('',*,*,#2414,.T.);
#356=ORIENTED_EDGE('',*,*,#2415,.T.);
#357=ORIENTED_EDGE('',*,*,#2416,.T.);
#358=ORIENTED_EDGE('',*,*,#2417,.T.);
#359=ORIENTED_EDGE('',*,*,#2412,.F.);
#360=ORIENTED_EDGE('',*,*,#2418,.T.);
#361=ORIENTED_EDGE('',*,*,#2419,.T.);
#362=ORIENTED_EDGE('',*,*,#2420,.T.);
#363=ORIENTED_EDGE('',*,*,#2416,.F.);
#364=ORIENTED_EDGE('',*,*,#2418,.F.);
#365=ORIENTED_EDGE('',*,*,#2415,.F.);
#366=ORIENTED_EDGE('',*,*,#2411,.F.);
#367=ORIENTED_EDGE('',*,*,#2421,.T.);
#368=ORIENTED_EDGE('',*,*,#2422,.T.);
#369=ORIENTED_EDGE('',*,*,#2413,.F.);
#370=ORIENTED_EDGE('',*,*,#2417,.F.);
#371=ORIENTED_EDGE('',*,*,#2420,.F.);
#372=ORIENTED_EDGE('',*,*,#2423,.T.);
#373=ORIENTED_EDGE('',*,*,#2424,.T.);
#374=ORIENTED_EDGE('',*,*,#2425,.T.);
#375=ORIENTED_EDGE('',*,*,#2426,.T.);
#376=ORIENTED_EDGE('',*,*,#2427,.T.);
#377=ORIENTED_EDGE('',*,*,#2428,.T.);
#378=ORIENTED_EDGE('',*,*,#2429,.T.);
#379=ORIENTED_EDGE('',*,*,#2424,.F.);
#380=ORIENTED_EDGE('',*,*,#2430,.T.);
#381=ORIENTED_EDGE('',*,*,#2431,.T.);
#382=ORIENTED_EDGE('',*,*,#2432,.T.);
#383=ORIENTED_EDGE('',*,*,#2428,.F.);
#384=ORIENTED_EDGE('',*,*,#2433,.T.);
#385=ORIENTED_EDGE('',*,*,#2430,.F.);
#386=ORIENTED_EDGE('',*,*,#2427,.F.);
#387=ORIENTED_EDGE('',*,*,#2423,.F.);
#388=ORIENTED_EDGE('',*,*,#2425,.F.);
#389=ORIENTED_EDGE('',*,*,#2429,.F.);
#390=ORIENTED_EDGE('',*,*,#2432,.F.);
#391=ORIENTED_EDGE('',*,*,#2434,.T.);
#392=ORIENTED_EDGE('',*,*,#2435,.T.);
#393=ORIENTED_EDGE('',*,*,#2436,.T.);
#394=ORIENTED_EDGE('',*,*,#2437,.T.);
#395=ORIENTED_EDGE('',*,*,#2438,.T.);
#396=ORIENTED_EDGE('',*,*,#2439,.T.);
#397=ORIENTED_EDGE('',*,*,#2440,.T.);
#398=ORIENTED_EDGE('',*,*,#2441,.T.);
#399=ORIENTED_EDGE('',*,*,#2442,.T.);
#400=ORIENTED_EDGE('',*,*,#2406,.F.);
#401=ORIENTED_EDGE('',*,*,#2443,.T.);
#402=ORIENTED_EDGE('',*,*,#2444,.T.);
#403=ORIENTED_EDGE('',*,*,#2445,.T.);
#404=ORIENTED_EDGE('',*,*,#2400,.F.);
#405=ORIENTED_EDGE('',*,*,#2446,.T.);
#406=ORIENTED_EDGE('',*,*,#2447,.T.);
#407=ORIENTED_EDGE('',*,*,#2448,.T.);
#408=ORIENTED_EDGE('',*,*,#2449,.T.);
#409=ORIENTED_EDGE('',*,*,#2450,.T.);
#410=ORIENTED_EDGE('',*,*,#2451,.T.);
#411=ORIENTED_EDGE('',*,*,#2452,.T.);
#412=ORIENTED_EDGE('',*,*,#2453,.T.);
#413=ORIENTED_EDGE('',*,*,#2449,.F.);
#414=ORIENTED_EDGE('',*,*,#2454,.T.);
#415=ORIENTED_EDGE('',*,*,#2450,.F.);
#416=ORIENTED_EDGE('',*,*,#2452,.F.);
#417=ORIENTED_EDGE('',*,*,#2455,.T.);
#418=ORIENTED_EDGE('',*,*,#2390,.F.);
#419=ORIENTED_EDGE('',*,*,#2410,.F.);
#420=ORIENTED_EDGE('',*,*,#2442,.F.);
#421=ORIENTED_EDGE('',*,*,#2456,.T.);
#422=ORIENTED_EDGE('',*,*,#2457,.T.);
#423=ORIENTED_EDGE('',*,*,#2441,.F.);
#424=ORIENTED_EDGE('',*,*,#2458,.T.);
#425=ORIENTED_EDGE('',*,*,#2459,.T.);
#426=ORIENTED_EDGE('',*,*,#2456,.F.);
#427=ORIENTED_EDGE('',*,*,#2460,.T.);
#428=ORIENTED_EDGE('',*,*,#2448,.F.);
#429=ORIENTED_EDGE('',*,*,#2461,.T.);
#430=ORIENTED_EDGE('',*,*,#2462,.T.);
#431=ORIENTED_EDGE('',*,*,#2461,.F.);
#432=ORIENTED_EDGE('',*,*,#2447,.F.);
#433=ORIENTED_EDGE('',*,*,#2463,.T.);
#434=ORIENTED_EDGE('',*,*,#2464,.T.);
#435=ORIENTED_EDGE('',*,*,#2463,.F.);
#436=ORIENTED_EDGE('',*,*,#2446,.F.);
#437=ORIENTED_EDGE('',*,*,#2402,.F.);
#438=ORIENTED_EDGE('',*,*,#2391,.F.);
#439=ORIENTED_EDGE('',*,*,#2465,.T.);
#440=ORIENTED_EDGE('',*,*,#2466,.T.);
#441=ORIENTED_EDGE('',*,*,#2462,.F.);
#442=ORIENTED_EDGE('',*,*,#2464,.F.);
#443=ORIENTED_EDGE('',*,*,#2465,.F.);
#444=ORIENTED_EDGE('',*,*,#2467,.T.);
#445=ORIENTED_EDGE('',*,*,#2468,.T.);
#446=ORIENTED_EDGE('',*,*,#2469,.T.);
#447=ORIENTED_EDGE('',*,*,#2470,.T.);
#448=ORIENTED_EDGE('',*,*,#2471,.T.);
#449=ORIENTED_EDGE('',*,*,#2457,.F.);
#450=ORIENTED_EDGE('',*,*,#2459,.F.);
#451=ORIENTED_EDGE('',*,*,#2472,.T.);
#452=ORIENTED_EDGE('',*,*,#2473,.T.);
#453=ORIENTED_EDGE('',*,*,#2474,.T.);
#454=ORIENTED_EDGE('',*,*,#2436,.F.);
#455=ORIENTED_EDGE('',*,*,#2475,.T.);
#456=ORIENTED_EDGE('',*,*,#2476,.T.);
#457=ORIENTED_EDGE('',*,*,#2477,.T.);
#458=ORIENTED_EDGE('',*,*,#2478,.T.);
#459=ORIENTED_EDGE('',*,*,#2479,.T.);
#460=ORIENTED_EDGE('',*,*,#2480,.T.);
#461=ORIENTED_EDGE('',*,*,#2481,.T.);
#462=ORIENTED_EDGE('',*,*,#2482,.T.);
#463=ORIENTED_EDGE('',*,*,#2483,.T.);
#464=ORIENTED_EDGE('',*,*,#2478,.F.);
#465=ORIENTED_EDGE('',*,*,#2484,.T.);
#466=ORIENTED_EDGE('',*,*,#2485,.T.);
#467=ORIENTED_EDGE('',*,*,#2486,.T.);
#468=ORIENTED_EDGE('',*,*,#2480,.F.);
#469=ORIENTED_EDGE('',*,*,#2487,.T.);
#470=ORIENTED_EDGE('',*,*,#2488,.T.);
#471=ORIENTED_EDGE('',*,*,#2489,.T.);
#472=ORIENTED_EDGE('',*,*,#2384,.F.);
#473=ORIENTED_EDGE('',*,*,#2490,.T.);
#474=ORIENTED_EDGE('',*,*,#2379,.F.);
#475=ORIENTED_EDGE('',*,*,#2491,.T.);
#476=ORIENTED_EDGE('',*,*,#2492,.T.);
#477=ORIENTED_EDGE('',*,*,#2493,.T.);
#478=ORIENTED_EDGE('',*,*,#2408,.F.);
#479=ORIENTED_EDGE('',*,*,#2388,.F.);
#480=ORIENTED_EDGE('',*,*,#2385,.F.);
#481=ORIENTED_EDGE('',*,*,#2489,.F.);
#482=ORIENTED_EDGE('',*,*,#2494,.T.);
#483=ORIENTED_EDGE('',*,*,#2495,.T.);
#484=ORIENTED_EDGE('',*,*,#2496,.T.);
#485=ORIENTED_EDGE('',*,*,#2497,.T.);
#486=ORIENTED_EDGE('',*,*,#2498,.T.);
#487=ORIENTED_EDGE('',*,*,#2499,.T.);
#488=ORIENTED_EDGE('',*,*,#2500,.T.);
#489=ORIENTED_EDGE('',*,*,#2501,.T.);
#490=ORIENTED_EDGE('',*,*,#2502,.T.);
#491=ORIENTED_EDGE('',*,*,#2491,.F.);
#492=ORIENTED_EDGE('',*,*,#2382,.F.);
#493=ORIENTED_EDGE('',*,*,#2393,.F.);
#494=ORIENTED_EDGE('',*,*,#2398,.F.);
#495=ORIENTED_EDGE('',*,*,#2503,.T.);
#496=ORIENTED_EDGE('',*,*,#2487,.F.);
#497=ORIENTED_EDGE('',*,*,#2484,.F.);
#498=ORIENTED_EDGE('',*,*,#2477,.F.);
#499=ORIENTED_EDGE('',*,*,#2504,.T.);
#500=ORIENTED_EDGE('',*,*,#2505,.T.);
#501=ORIENTED_EDGE('',*,*,#2506,.T.);
#502=ORIENTED_EDGE('',*,*,#2507,.T.);
#503=ORIENTED_EDGE('',*,*,#2508,.T.);
#504=ORIENTED_EDGE('',*,*,#2509,.T.);
#505=ORIENTED_EDGE('',*,*,#2510,.T.);
#506=ORIENTED_EDGE('',*,*,#2511,.T.);
#507=ORIENTED_EDGE('',*,*,#2421,.F.);
#508=ORIENTED_EDGE('',*,*,#2414,.F.);
#509=ORIENTED_EDGE('',*,*,#2422,.F.);
#510=ORIENTED_EDGE('',*,*,#2419,.F.);
#511=ORIENTED_EDGE('',*,*,#2431,.F.);
#512=ORIENTED_EDGE('',*,*,#2433,.F.);
#513=ORIENTED_EDGE('',*,*,#2426,.F.);
#514=ORIENTED_EDGE('',*,*,#2434,.F.);
#515=ORIENTED_EDGE('',*,*,#2497,.F.);
#516=ORIENTED_EDGE('',*,*,#2512,.T.);
#517=ORIENTED_EDGE('',*,*,#2513,.T.);
#518=ORIENTED_EDGE('',*,*,#2514,.T.);
#519=ORIENTED_EDGE('',*,*,#2492,.F.);
#520=ORIENTED_EDGE('',*,*,#2502,.F.);
#521=ORIENTED_EDGE('',*,*,#2515,.T.);
#522=ORIENTED_EDGE('',*,*,#2516,.T.);
#523=ORIENTED_EDGE('',*,*,#2501,.F.);
#524=ORIENTED_EDGE('',*,*,#2517,.T.);
#525=ORIENTED_EDGE('',*,*,#2518,.T.);
#526=ORIENTED_EDGE('',*,*,#2515,.F.);
#527=ORIENTED_EDGE('',*,*,#2512,.F.);
#528=ORIENTED_EDGE('',*,*,#2496,.F.);
#529=ORIENTED_EDGE('',*,*,#2519,.T.);
#530=ORIENTED_EDGE('',*,*,#2520,.T.);
#531=ORIENTED_EDGE('',*,*,#2499,.F.);
#532=ORIENTED_EDGE('',*,*,#2521,.T.);
#533=ORIENTED_EDGE('',*,*,#2513,.F.);
#534=ORIENTED_EDGE('',*,*,#2522,.T.);
#535=ORIENTED_EDGE('',*,*,#2523,.T.);
#536=ORIENTED_EDGE('',*,*,#2494,.F.);
#537=ORIENTED_EDGE('',*,*,#2488,.F.);
#538=ORIENTED_EDGE('',*,*,#2516,.F.);
#539=ORIENTED_EDGE('',*,*,#2495,.F.);
#540=ORIENTED_EDGE('',*,*,#2523,.F.);
#541=ORIENTED_EDGE('',*,*,#2518,.F.);
#542=ORIENTED_EDGE('',*,*,#2519,.F.);
#543=ORIENTED_EDGE('',*,*,#2517,.F.);
#544=ORIENTED_EDGE('',*,*,#2500,.F.);
#545=ORIENTED_EDGE('',*,*,#2522,.F.);
#546=ORIENTED_EDGE('',*,*,#2520,.F.);
#547=ORIENTED_EDGE('',*,*,#2498,.F.);
#548=ORIENTED_EDGE('',*,*,#2514,.F.);
#549=ORIENTED_EDGE('',*,*,#2521,.F.);
#550=ORIENTED_EDGE('',*,*,#2524,.T.);
#551=ORIENTED_EDGE('',*,*,#2438,.F.);
#552=ORIENTED_EDGE('',*,*,#2525,.T.);
#553=ORIENTED_EDGE('',*,*,#2444,.F.);
#554=ORIENTED_EDGE('',*,*,#2473,.F.);
#555=ORIENTED_EDGE('',*,*,#2526,.T.);
#556=ORIENTED_EDGE('',*,*,#2469,.F.);
#557=ORIENTED_EDGE('',*,*,#2527,.T.);
#558=ORIENTED_EDGE('',*,*,#2528,.T.);
#559=ORIENTED_EDGE('',*,*,#2529,.T.);
#560=ORIENTED_EDGE('',*,*,#2482,.F.);
#561=ORIENTED_EDGE('',*,*,#2530,.T.);
#562=ORIENTED_EDGE('',*,*,#2531,.T.);
#563=ORIENTED_EDGE('',*,*,#2532,.T.);
#564=ORIENTED_EDGE('',*,*,#2533,.T.);
#565=ORIENTED_EDGE('',*,*,#2467,.F.);
#566=ORIENTED_EDGE('',*,*,#2394,.F.);
#567=ORIENTED_EDGE('',*,*,#2380,.F.);
#568=ORIENTED_EDGE('',*,*,#2490,.F.);
#569=ORIENTED_EDGE('',*,*,#2383,.F.);
#570=ORIENTED_EDGE('',*,*,#2387,.F.);
#571=ORIENTED_EDGE('',*,*,#2471,.F.);
#572=ORIENTED_EDGE('',*,*,#2534,.T.);
#573=ORIENTED_EDGE('',*,*,#2535,.T.);
#574=ORIENTED_EDGE('',*,*,#2536,.T.);
#575=ORIENTED_EDGE('',*,*,#2537,.T.);
#576=ORIENTED_EDGE('',*,*,#2538,.T.);
#577=ORIENTED_EDGE('',*,*,#2539,.T.);
#578=ORIENTED_EDGE('',*,*,#2475,.F.);
#579=ORIENTED_EDGE('',*,*,#2435,.F.);
#580=ORIENTED_EDGE('',*,*,#2524,.F.);
#581=ORIENTED_EDGE('',*,*,#2540,.T.);
#582=ORIENTED_EDGE('',*,*,#2541,.T.);
#583=ORIENTED_EDGE('',*,*,#2542,.T.);
#584=ORIENTED_EDGE('',*,*,#2543,.T.);
#585=ORIENTED_EDGE('',*,*,#2540,.F.);
#586=ORIENTED_EDGE('',*,*,#2443,.F.);
#587=ORIENTED_EDGE('',*,*,#2405,.F.);
#588=ORIENTED_EDGE('',*,*,#2534,.F.);
#589=ORIENTED_EDGE('',*,*,#2470,.F.);
#590=ORIENTED_EDGE('',*,*,#2526,.F.);
#591=ORIENTED_EDGE('',*,*,#2542,.F.);
#592=ORIENTED_EDGE('',*,*,#2529,.F.);
#593=ORIENTED_EDGE('',*,*,#2528,.F.);
#594=ORIENTED_EDGE('',*,*,#2535,.F.);
#595=ORIENTED_EDGE('',*,*,#2476,.F.);
#596=ORIENTED_EDGE('',*,*,#2479,.F.);
#597=ORIENTED_EDGE('',*,*,#2483,.F.);
#598=ORIENTED_EDGE('',*,*,#2541,.F.);
#599=ORIENTED_EDGE('',*,*,#2543,.F.);
#600=ORIENTED_EDGE('',*,*,#2409,.F.);
#601=ORIENTED_EDGE('',*,*,#2493,.F.);
#602=ORIENTED_EDGE('',*,*,#2474,.F.);
#603=ORIENTED_EDGE('',*,*,#2544,.T.);
#604=ORIENTED_EDGE('',*,*,#2545,.T.);
#605=ORIENTED_EDGE('',*,*,#2546,.T.);
#606=ORIENTED_EDGE('',*,*,#2525,.F.);
#607=ORIENTED_EDGE('',*,*,#2437,.F.);
#608=ORIENTED_EDGE('',*,*,#2401,.F.);
#609=ORIENTED_EDGE('',*,*,#2445,.F.);
#610=ORIENTED_EDGE('',*,*,#2546,.F.);
#611=ORIENTED_EDGE('',*,*,#2547,.T.);
#612=ORIENTED_EDGE('',*,*,#2532,.F.);
#613=ORIENTED_EDGE('',*,*,#2531,.F.);
#614=ORIENTED_EDGE('',*,*,#2530,.F.);
#615=ORIENTED_EDGE('',*,*,#2544,.F.);
#616=ORIENTED_EDGE('',*,*,#2527,.F.);
#617=ORIENTED_EDGE('',*,*,#2468,.F.);
#618=ORIENTED_EDGE('',*,*,#2533,.F.);
#619=ORIENTED_EDGE('',*,*,#2397,.F.);
#620=ORIENTED_EDGE('',*,*,#2547,.F.);
#621=ORIENTED_EDGE('',*,*,#2545,.F.);
#622=ORIENTED_EDGE('',*,*,#2481,.F.);
#623=ORIENTED_EDGE('',*,*,#2486,.F.);
#624=ORIENTED_EDGE('',*,*,#2485,.F.);
#625=ORIENTED_EDGE('',*,*,#2503,.F.);
#626=ORIENTED_EDGE('',*,*,#2451,.F.);
#627=ORIENTED_EDGE('',*,*,#2454,.F.);
#628=ORIENTED_EDGE('',*,*,#2453,.F.);
#629=ORIENTED_EDGE('',*,*,#2455,.F.);
#630=ORIENTED_EDGE('',*,*,#2548,.T.);
#631=ORIENTED_EDGE('',*,*,#2549,.T.);
#632=ORIENTED_EDGE('',*,*,#2550,.T.);
#633=ORIENTED_EDGE('',*,*,#2551,.T.);
#634=ORIENTED_EDGE('',*,*,#2552,.T.);
#635=ORIENTED_EDGE('',*,*,#2553,.T.);
#636=ORIENTED_EDGE('',*,*,#2554,.T.);
#637=ORIENTED_EDGE('',*,*,#2552,.F.);
#638=ORIENTED_EDGE('',*,*,#2555,.T.);
#639=ORIENTED_EDGE('',*,*,#2550,.F.);
#640=ORIENTED_EDGE('',*,*,#2556,.T.);
#641=ORIENTED_EDGE('',*,*,#2557,.T.);
#642=ORIENTED_EDGE('',*,*,#2558,.T.);
#643=ORIENTED_EDGE('',*,*,#2559,.T.);
#644=ORIENTED_EDGE('',*,*,#2560,.T.);
#645=ORIENTED_EDGE('',*,*,#2561,.T.);
#646=ORIENTED_EDGE('',*,*,#2562,.T.);
#647=ORIENTED_EDGE('',*,*,#2559,.F.);
#648=ORIENTED_EDGE('',*,*,#2563,.T.);
#649=ORIENTED_EDGE('',*,*,#2557,.F.);
#650=ORIENTED_EDGE('',*,*,#2564,.T.);
#651=ORIENTED_EDGE('',*,*,#2565,.T.);
#652=ORIENTED_EDGE('',*,*,#2566,.T.);
#653=ORIENTED_EDGE('',*,*,#2567,.T.);
#654=ORIENTED_EDGE('',*,*,#2568,.T.);
#655=ORIENTED_EDGE('',*,*,#2569,.T.);
#656=ORIENTED_EDGE('',*,*,#2570,.T.);
#657=ORIENTED_EDGE('',*,*,#2567,.F.);
#658=ORIENTED_EDGE('',*,*,#2571,.T.);
#659=ORIENTED_EDGE('',*,*,#2565,.F.);
#660=ORIENTED_EDGE('',*,*,#2572,.T.);
#661=ORIENTED_EDGE('',*,*,#2573,.T.);
#662=ORIENTED_EDGE('',*,*,#2574,.T.);
#663=ORIENTED_EDGE('',*,*,#2575,.T.);
#664=ORIENTED_EDGE('',*,*,#2576,.T.);
#665=ORIENTED_EDGE('',*,*,#2577,.T.);
#666=ORIENTED_EDGE('',*,*,#2578,.T.);
#667=ORIENTED_EDGE('',*,*,#2575,.F.);
#668=ORIENTED_EDGE('',*,*,#2579,.T.);
#669=ORIENTED_EDGE('',*,*,#2573,.F.);
#670=ORIENTED_EDGE('',*,*,#2580,.T.);
#671=ORIENTED_EDGE('',*,*,#2510,.F.);
#672=ORIENTED_EDGE('',*,*,#2581,.T.);
#673=ORIENTED_EDGE('',*,*,#2551,.F.);
#674=ORIENTED_EDGE('',*,*,#2582,.T.);
#675=ORIENTED_EDGE('',*,*,#2504,.F.);
#676=ORIENTED_EDGE('',*,*,#2583,.T.);
#677=ORIENTED_EDGE('',*,*,#2558,.F.);
#678=ORIENTED_EDGE('',*,*,#2584,.T.);
#679=ORIENTED_EDGE('',*,*,#2508,.F.);
#680=ORIENTED_EDGE('',*,*,#2585,.T.);
#681=ORIENTED_EDGE('',*,*,#2566,.F.);
#682=ORIENTED_EDGE('',*,*,#2586,.T.);
#683=ORIENTED_EDGE('',*,*,#2506,.F.);
#684=ORIENTED_EDGE('',*,*,#2587,.T.);
#685=ORIENTED_EDGE('',*,*,#2574,.F.);
#686=ORIENTED_EDGE('',*,*,#2511,.F.);
#687=ORIENTED_EDGE('',*,*,#2580,.F.);
#688=ORIENTED_EDGE('',*,*,#2555,.F.);
#689=ORIENTED_EDGE('',*,*,#2581,.F.);
#690=ORIENTED_EDGE('',*,*,#2505,.F.);
#691=ORIENTED_EDGE('',*,*,#2582,.F.);
#692=ORIENTED_EDGE('',*,*,#2563,.F.);
#693=ORIENTED_EDGE('',*,*,#2583,.F.);
#694=ORIENTED_EDGE('',*,*,#2509,.F.);
#695=ORIENTED_EDGE('',*,*,#2584,.F.);
#696=ORIENTED_EDGE('',*,*,#2571,.F.);
#697=ORIENTED_EDGE('',*,*,#2585,.F.);
#698=ORIENTED_EDGE('',*,*,#2507,.F.);
#699=ORIENTED_EDGE('',*,*,#2586,.F.);
#700=ORIENTED_EDGE('',*,*,#2579,.F.);
#701=ORIENTED_EDGE('',*,*,#2587,.F.);
#702=ORIENTED_EDGE('',*,*,#2549,.F.);
#703=ORIENTED_EDGE('',*,*,#2588,.T.);
#704=ORIENTED_EDGE('',*,*,#2589,.T.);
#705=ORIENTED_EDGE('',*,*,#2590,.T.);
#706=ORIENTED_EDGE('',*,*,#2553,.F.);
#707=ORIENTED_EDGE('',*,*,#2539,.F.);
#708=ORIENTED_EDGE('',*,*,#2589,.F.);
#709=ORIENTED_EDGE('',*,*,#2591,.T.);
#710=ORIENTED_EDGE('',*,*,#2556,.F.);
#711=ORIENTED_EDGE('',*,*,#2592,.T.);
#712=ORIENTED_EDGE('',*,*,#2593,.T.);
#713=ORIENTED_EDGE('',*,*,#2594,.T.);
#714=ORIENTED_EDGE('',*,*,#2561,.F.);
#715=ORIENTED_EDGE('',*,*,#2538,.F.);
#716=ORIENTED_EDGE('',*,*,#2593,.F.);
#717=ORIENTED_EDGE('',*,*,#2595,.T.);
#718=ORIENTED_EDGE('',*,*,#2572,.F.);
#719=ORIENTED_EDGE('',*,*,#2596,.T.);
#720=ORIENTED_EDGE('',*,*,#2597,.T.);
#721=ORIENTED_EDGE('',*,*,#2598,.T.);
#722=ORIENTED_EDGE('',*,*,#2577,.F.);
#723=ORIENTED_EDGE('',*,*,#2536,.F.);
#724=ORIENTED_EDGE('',*,*,#2597,.F.);
#725=ORIENTED_EDGE('',*,*,#2599,.T.);
#726=ORIENTED_EDGE('',*,*,#2564,.F.);
#727=ORIENTED_EDGE('',*,*,#2600,.T.);
#728=ORIENTED_EDGE('',*,*,#2601,.T.);
#729=ORIENTED_EDGE('',*,*,#2602,.T.);
#730=ORIENTED_EDGE('',*,*,#2569,.F.);
#731=ORIENTED_EDGE('',*,*,#2537,.F.);
#732=ORIENTED_EDGE('',*,*,#2601,.F.);
#733=ORIENTED_EDGE('',*,*,#2603,.T.);
#734=ORIENTED_EDGE('',*,*,#2548,.F.);
#735=ORIENTED_EDGE('',*,*,#2554,.F.);
#736=ORIENTED_EDGE('',*,*,#2590,.F.);
#737=ORIENTED_EDGE('',*,*,#2591,.F.);
#738=ORIENTED_EDGE('',*,*,#2588,.F.);
#739=ORIENTED_EDGE('',*,*,#2560,.F.);
#740=ORIENTED_EDGE('',*,*,#2562,.F.);
#741=ORIENTED_EDGE('',*,*,#2594,.F.);
#742=ORIENTED_EDGE('',*,*,#2595,.F.);
#743=ORIENTED_EDGE('',*,*,#2592,.F.);
#744=ORIENTED_EDGE('',*,*,#2576,.F.);
#745=ORIENTED_EDGE('',*,*,#2578,.F.);
#746=ORIENTED_EDGE('',*,*,#2598,.F.);
#747=ORIENTED_EDGE('',*,*,#2599,.F.);
#748=ORIENTED_EDGE('',*,*,#2596,.F.);
#749=ORIENTED_EDGE('',*,*,#2568,.F.);
#750=ORIENTED_EDGE('',*,*,#2570,.F.);
#751=ORIENTED_EDGE('',*,*,#2602,.F.);
#752=ORIENTED_EDGE('',*,*,#2603,.F.);
#753=ORIENTED_EDGE('',*,*,#2600,.F.);
#754=ORIENTED_EDGE('',*,*,#2604,.T.);
#755=ORIENTED_EDGE('',*,*,#2472,.F.);
#756=ORIENTED_EDGE('',*,*,#2458,.F.);
#757=ORIENTED_EDGE('',*,*,#2440,.F.);
#758=ORIENTED_EDGE('',*,*,#2460,.F.);
#759=ORIENTED_EDGE('',*,*,#2466,.F.);
#760=ORIENTED_EDGE('',*,*,#2604,.F.);
#761=ORIENTED_EDGE('',*,*,#2439,.F.);
#762=PCURVE('',#2996,#1214);
#763=PCURVE('',#2996,#1215);
#764=PCURVE('',#2996,#1216);
#765=PCURVE('',#2996,#1217);
#766=PCURVE('',#2997,#1218);
#767=PCURVE('',#2997,#1219);
#768=PCURVE('',#2997,#1220);
#769=PCURVE('',#2997,#1221);
#770=PCURVE('',#2944,#1222);
#771=PCURVE('',#2944,#1223);
#772=PCURVE('',#2944,#1224);
#773=PCURVE('',#2944,#1225);
#774=PCURVE('',#2944,#1226);
#775=PCURVE('',#2945,#1227);
#776=PCURVE('',#2945,#1228);
#777=PCURVE('',#2945,#1229);
#778=PCURVE('',#2945,#1230);
#779=PCURVE('',#2945,#1231);
#780=PCURVE('',#2946,#1232);
#781=PCURVE('',#2946,#1233);
#782=PCURVE('',#2946,#1234);
#783=PCURVE('',#2946,#1235);
#784=PCURVE('',#2947,#1236);
#785=PCURVE('',#2947,#1237);
#786=PCURVE('',#2947,#1238);
#787=PCURVE('',#2947,#1239);
#788=PCURVE('',#2948,#1240);
#789=PCURVE('',#2948,#1241);
#790=PCURVE('',#2948,#1242);
#791=PCURVE('',#2948,#1243);
#792=PCURVE('',#2949,#1244);
#793=PCURVE('',#2949,#1245);
#794=PCURVE('',#2949,#1246);
#795=PCURVE('',#2949,#1247);
#796=PCURVE('',#2950,#1248);
#797=PCURVE('',#2950,#1249);
#798=PCURVE('',#2950,#1250);
#799=PCURVE('',#2950,#1251);
#800=PCURVE('',#2951,#1252);
#801=PCURVE('',#2951,#1253);
#802=PCURVE('',#2951,#1254);
#803=PCURVE('',#2951,#1255);
#804=PCURVE('',#2938,#1256);
#805=PCURVE('',#2938,#1257);
#806=PCURVE('',#2938,#1258);
#807=PCURVE('',#2938,#1259);
#808=PCURVE('',#2939,#1260);
#809=PCURVE('',#2939,#1261);
#810=PCURVE('',#2939,#1262);
#811=PCURVE('',#2939,#1263);
#812=PCURVE('',#2940,#1264);
#813=PCURVE('',#2940,#1265);
#814=PCURVE('',#2940,#1266);
#815=PCURVE('',#2940,#1267);
#816=PCURVE('',#2952,#1268);
#817=PCURVE('',#2952,#1269);
#818=PCURVE('',#2952,#1270);
#819=PCURVE('',#2952,#1271);
#820=PCURVE('',#2953,#1272);
#821=PCURVE('',#2953,#1273);
#822=PCURVE('',#2953,#1274);
#823=PCURVE('',#2953,#1275);
#824=PCURVE('',#2941,#1276);
#825=PCURVE('',#2941,#1277);
#826=PCURVE('',#2941,#1278);
#827=PCURVE('',#2941,#1279);
#828=PCURVE('',#2942,#1280);
#829=PCURVE('',#2942,#1281);
#830=PCURVE('',#2942,#1282);
#831=PCURVE('',#2942,#1283);
#832=PCURVE('',#2943,#1284);
#833=PCURVE('',#2943,#1285);
#834=PCURVE('',#2943,#1286);
#835=PCURVE('',#2943,#1287);
#836=PCURVE('',#2954,#1288);
#837=PCURVE('',#2954,#1289);
#838=PCURVE('',#2954,#1290);
#839=PCURVE('',#2954,#1291);
#840=PCURVE('',#2955,#1292);
#841=PCURVE('',#2955,#1293);
#842=PCURVE('',#2955,#1294);
#843=PCURVE('',#2955,#1295);
#844=PCURVE('',#2956,#1296);
#845=PCURVE('',#2956,#1297);
#846=PCURVE('',#2956,#1298);
#847=PCURVE('',#2956,#1299);
#848=PCURVE('',#2957,#1300);
#849=PCURVE('',#2957,#1301);
#850=PCURVE('',#2957,#1302);
#851=PCURVE('',#2957,#1303);
#852=PCURVE('',#2957,#1304);
#853=PCURVE('',#2957,#1305);
#854=PCURVE('',#2957,#1306);
#855=PCURVE('',#2957,#1307);
#856=PCURVE('',#2957,#1308);
#857=PCURVE('',#2957,#1309);
#858=PCURVE('',#2957,#1310);
#859=PCURVE('',#2957,#1311);
#860=PCURVE('',#2957,#1312);
#861=PCURVE('',#2998,#1313);
#862=PCURVE('',#2998,#1314);
#863=PCURVE('',#2998,#1315);
#864=PCURVE('',#2998,#1316);
#865=PCURVE('',#2958,#1317);
#866=PCURVE('',#2958,#1318);
#867=PCURVE('',#2958,#1319);
#868=PCURVE('',#2959,#1320);
#869=PCURVE('',#2959,#1321);
#870=PCURVE('',#2960,#1322);
#871=PCURVE('',#2960,#1323);
#872=PCURVE('',#2960,#1324);
#873=PCURVE('',#2960,#1325);
#874=PCURVE('',#2960,#1326);
#875=PCURVE('',#2999,#1327);
#876=PCURVE('',#2999,#1328);
#877=PCURVE('',#2999,#1329);
#878=PCURVE('',#2999,#1330);
#879=PCURVE('',#3000,#1331);
#880=PCURVE('',#3000,#1332);
#881=PCURVE('',#3000,#1333);
#882=PCURVE('',#3000,#1334);
#883=PCURVE('',#3001,#1335);
#884=PCURVE('',#3001,#1336);
#885=PCURVE('',#3001,#1337);
#886=PCURVE('',#3001,#1338);
#887=PCURVE('',#2961,#1339);
#888=PCURVE('',#2961,#1340);
#889=PCURVE('',#2961,#1341);
#890=PCURVE('',#2961,#1342);
#891=PCURVE('',#2961,#1343);
#892=PCURVE('',#2962,#1344);
#893=PCURVE('',#2962,#1345);
#894=PCURVE('',#2962,#1346);
#895=PCURVE('',#2962,#1347);
#896=PCURVE('',#2962,#1348);
#897=PCURVE('',#2962,#1349);
#898=PCURVE('',#2962,#1350);
#899=PCURVE('',#2962,#1351);
#900=PCURVE('',#2962,#1352);
#901=PCURVE('',#2962,#1353);
#902=PCURVE('',#2962,#1354);
#903=PCURVE('',#2962,#1355);
#904=PCURVE('',#2963,#1356);
#905=PCURVE('',#2963,#1357);
#906=PCURVE('',#2963,#1358);
#907=PCURVE('',#2963,#1359);
#908=PCURVE('',#3002,#1360);
#909=PCURVE('',#3002,#1361);
#910=PCURVE('',#3002,#1362);
#911=PCURVE('',#3002,#1363);
#912=PCURVE('',#2964,#1364);
#913=PCURVE('',#2964,#1365);
#914=PCURVE('',#2964,#1366);
#915=PCURVE('',#2964,#1367);
#916=PCURVE('',#2964,#1368);
#917=PCURVE('',#2964,#1369);
#918=PCURVE('',#3003,#1370);
#919=PCURVE('',#3003,#1371);
#920=PCURVE('',#3003,#1372);
#921=PCURVE('',#3003,#1373);
#922=PCURVE('',#2965,#1374);
#923=PCURVE('',#2965,#1375);
#924=PCURVE('',#2965,#1376);
#925=PCURVE('',#2965,#1377);
#926=PCURVE('',#2965,#1378);
#927=PCURVE('',#2965,#1379);
#928=PCURVE('',#2965,#1380);
#929=PCURVE('',#2966,#1381);
#930=PCURVE('',#2966,#1382);
#931=PCURVE('',#2966,#1383);
#932=PCURVE('',#2966,#1384);
#933=PCURVE('',#2966,#1385);
#934=PCURVE('',#2966,#1386);
#935=PCURVE('',#2966,#1387);
#936=PCURVE('',#2966,#1388);
#937=PCURVE('',#2966,#1389);
#938=PCURVE('',#2966,#1390);
#939=PCURVE('',#2966,#1391);
#940=PCURVE('',#2966,#1392);
#941=PCURVE('',#2966,#1393);
#942=PCURVE('',#2966,#1394);
#943=PCURVE('',#2966,#1395);
#944=PCURVE('',#2966,#1396);
#945=PCURVE('',#2966,#1397);
#946=PCURVE('',#2966,#1398);
#947=PCURVE('',#2966,#1399);
#948=PCURVE('',#2966,#1400);
#949=PCURVE('',#2966,#1401);
#950=PCURVE('',#2966,#1402);
#951=PCURVE('',#2966,#1403);
#952=PCURVE('',#2966,#1404);
#953=PCURVE('',#2966,#1405);
#954=PCURVE('',#2966,#1406);
#955=PCURVE('',#2966,#1407);
#956=PCURVE('',#2966,#1408);
#957=PCURVE('',#2966,#1409);
#958=PCURVE('',#2966,#1410);
#959=PCURVE('',#2966,#1411);
#960=PCURVE('',#2966,#1412);
#961=PCURVE('',#2966,#1413);
#962=PCURVE('',#2966,#1414);
#963=PCURVE('',#2966,#1415);
#964=PCURVE('',#2966,#1416);
#965=PCURVE('',#2966,#1417);
#966=PCURVE('',#2966,#1418);
#967=PCURVE('',#2967,#1419);
#968=PCURVE('',#2967,#1420);
#969=PCURVE('',#2967,#1421);
#970=PCURVE('',#2967,#1422);
#971=PCURVE('',#3004,#1423);
#972=PCURVE('',#3004,#1424);
#973=PCURVE('',#3004,#1425);
#974=PCURVE('',#3004,#1426);
#975=PCURVE('',#2968,#1427);
#976=PCURVE('',#2968,#1428);
#977=PCURVE('',#2968,#1429);
#978=PCURVE('',#2968,#1430);
#979=PCURVE('',#3005,#1431);
#980=PCURVE('',#3005,#1432);
#981=PCURVE('',#3005,#1433);
#982=PCURVE('',#3005,#1434);
#983=PCURVE('',#2969,#1435);
#984=PCURVE('',#2969,#1436);
#985=PCURVE('',#2969,#1437);
#986=PCURVE('',#2969,#1438);
#987=PCURVE('',#3006,#1439);
#988=PCURVE('',#3006,#1440);
#989=PCURVE('',#3006,#1441);
#990=PCURVE('',#3006,#1442);
#991=PCURVE('',#2970,#1443);
#992=PCURVE('',#2970,#1444);
#993=PCURVE('',#2970,#1445);
#994=PCURVE('',#2970,#1446);
#995=PCURVE('',#3007,#1447);
#996=PCURVE('',#3007,#1448);
#997=PCURVE('',#3007,#1449);
#998=PCURVE('',#3007,#1450);
#999=PCURVE('',#2971,#1451);
#1000=PCURVE('',#2971,#1452);
#1001=PCURVE('',#2971,#1453);
#1002=PCURVE('',#2972,#1454);
#1003=PCURVE('',#2972,#1455);
#1004=PCURVE('',#2972,#1456);
#1005=PCURVE('',#2972,#1457);
#1006=PCURVE('',#2973,#1458);
#1007=PCURVE('',#2973,#1459);
#1008=PCURVE('',#2973,#1460);
#1009=PCURVE('',#2973,#1461);
#1010=PCURVE('',#2974,#1462);
#1011=PCURVE('',#2974,#1463);
#1012=PCURVE('',#2974,#1464);
#1013=PCURVE('',#2974,#1465);
#1014=PCURVE('',#2974,#1466);
#1015=PCURVE('',#2974,#1467);
#1016=PCURVE('',#2974,#1468);
#1017=PCURVE('',#2974,#1469);
#1018=PCURVE('',#2974,#1470);
#1019=PCURVE('',#2974,#1471);
#1020=PCURVE('',#2974,#1472);
#1021=PCURVE('',#2974,#1473);
#1022=PCURVE('',#2974,#1474);
#1023=PCURVE('',#2974,#1475);
#1024=PCURVE('',#2974,#1476);
#1025=PCURVE('',#2974,#1477);
#1026=PCURVE('',#2974,#1478);
#1027=PCURVE('',#2974,#1479);
#1028=PCURVE('',#2974,#1480);
#1029=PCURVE('',#2974,#1481);
#1030=PCURVE('',#2975,#1482);
#1031=PCURVE('',#2975,#1483);
#1032=PCURVE('',#2975,#1484);
#1033=PCURVE('',#2975,#1485);
#1034=PCURVE('',#2975,#1486);
#1035=PCURVE('',#2975,#1487);
#1036=PCURVE('',#2976,#1488);
#1037=PCURVE('',#2976,#1489);
#1038=PCURVE('',#2976,#1490);
#1039=PCURVE('',#2976,#1491);
#1040=PCURVE('',#2977,#1492);
#1041=PCURVE('',#2977,#1493);
#1042=PCURVE('',#2977,#1494);
#1043=PCURVE('',#2977,#1495);
#1044=PCURVE('',#2977,#1496);
#1045=PCURVE('',#2977,#1497);
#1046=PCURVE('',#2977,#1498);
#1047=PCURVE('',#2978,#1499);
#1048=PCURVE('',#2978,#1500);
#1049=PCURVE('',#2978,#1501);
#1050=PCURVE('',#2978,#1502);
#1051=PCURVE('',#2978,#1503);
#1052=PCURVE('',#2978,#1504);
#1053=PCURVE('',#2978,#1505);
#1054=PCURVE('',#2979,#1506);
#1055=PCURVE('',#2979,#1507);
#1056=PCURVE('',#2979,#1508);
#1057=PCURVE('',#2979,#1509);
#1058=PCURVE('',#2979,#1510);
#1059=PCURVE('',#2979,#1511);
#1060=PCURVE('',#2980,#1512);
#1061=PCURVE('',#2980,#1513);
#1062=PCURVE('',#2980,#1514);
#1063=PCURVE('',#2980,#1515);
#1064=PCURVE('',#2981,#1516);
#1065=PCURVE('',#2981,#1517);
#1066=PCURVE('',#2981,#1518);
#1067=PCURVE('',#2981,#1519);
#1068=PCURVE('',#2981,#1520);
#1069=PCURVE('',#2981,#1521);
#1070=PCURVE('',#2981,#1522);
#1071=PCURVE('',#2982,#1523);
#1072=PCURVE('',#2982,#1524);
#1073=PCURVE('',#2982,#1525);
#1074=PCURVE('',#2982,#1526);
#1075=PCURVE('',#2982,#1527);
#1076=PCURVE('',#2982,#1528);
#1077=PCURVE('',#2982,#1529);
#1078=PCURVE('',#3008,#1530);
#1079=PCURVE('',#3008,#1531);
#1080=PCURVE('',#3008,#1532);
#1081=PCURVE('',#3008,#1533);
#1082=PCURVE('',#2983,#1534);
#1083=PCURVE('',#2983,#1535);
#1084=PCURVE('',#2983,#1536);
#1085=PCURVE('',#2983,#1537);
#1086=PCURVE('',#2983,#1538);
#1087=PCURVE('',#2984,#1539);
#1088=PCURVE('',#2984,#1540);
#1089=PCURVE('',#2984,#1541);
#1090=PCURVE('',#2984,#1542);
#1091=PCURVE('',#2984,#1543);
#1092=PCURVE('',#2985,#1544);
#1093=PCURVE('',#2985,#1545);
#1094=PCURVE('',#2985,#1546);
#1095=PCURVE('',#2985,#1547);
#1096=PCURVE('',#2985,#1548);
#1097=PCURVE('',#2986,#1549);
#1098=PCURVE('',#2986,#1550);
#1099=PCURVE('',#2986,#1551);
#1100=PCURVE('',#2986,#1552);
#1101=PCURVE('',#2986,#1553);
#1102=PCURVE('',#2987,#1554);
#1103=PCURVE('',#2987,#1555);
#1104=PCURVE('',#2987,#1556);
#1105=PCURVE('',#2987,#1557);
#1106=PCURVE('',#2987,#1558);
#1107=PCURVE('',#2988,#1559);
#1108=PCURVE('',#2988,#1560);
#1109=PCURVE('',#2988,#1561);
#1110=PCURVE('',#2988,#1562);
#1111=PCURVE('',#2988,#1563);
#1112=PCURVE('',#2989,#1564);
#1113=PCURVE('',#2989,#1565);
#1114=PCURVE('',#2989,#1566);
#1115=PCURVE('',#2989,#1567);
#1116=PCURVE('',#2989,#1568);
#1117=PCURVE('',#2990,#1569);
#1118=PCURVE('',#2990,#1570);
#1119=PCURVE('',#2990,#1571);
#1120=PCURVE('',#2990,#1572);
#1121=PCURVE('',#2990,#1573);
#1122=PCURVE('',#3009,#1574);
#1123=PCURVE('',#3009,#1575);
#1124=PCURVE('',#3009,#1576);
#1125=PCURVE('',#3009,#1577);
#1126=PCURVE('',#3010,#1578);
#1127=PCURVE('',#3010,#1579);
#1128=PCURVE('',#3010,#1580);
#1129=PCURVE('',#3010,#1581);
#1130=PCURVE('',#3011,#1582);
#1131=PCURVE('',#3011,#1583);
#1132=PCURVE('',#3011,#1584);
#1133=PCURVE('',#3011,#1585);
#1134=PCURVE('',#3012,#1586);
#1135=PCURVE('',#3012,#1587);
#1136=PCURVE('',#3012,#1588);
#1137=PCURVE('',#3012,#1589);
#1138=PCURVE('',#3013,#1590);
#1139=PCURVE('',#3013,#1591);
#1140=PCURVE('',#3013,#1592);
#1141=PCURVE('',#3013,#1593);
#1142=PCURVE('',#3014,#1594);
#1143=PCURVE('',#3014,#1595);
#1144=PCURVE('',#3014,#1596);
#1145=PCURVE('',#3014,#1597);
#1146=PCURVE('',#3015,#1598);
#1147=PCURVE('',#3015,#1599);
#1148=PCURVE('',#3015,#1600);
#1149=PCURVE('',#3015,#1601);
#1150=PCURVE('',#3016,#1602);
#1151=PCURVE('',#3016,#1603);
#1152=PCURVE('',#3016,#1604);
#1153=PCURVE('',#3016,#1605);
#1154=PCURVE('',#3017,#1606);
#1155=PCURVE('',#3017,#1607);
#1156=PCURVE('',#3017,#1608);
#1157=PCURVE('',#3017,#1609);
#1158=PCURVE('',#3017,#1610);
#1159=PCURVE('',#2991,#1611);
#1160=PCURVE('',#2991,#1612);
#1161=PCURVE('',#2991,#1613);
#1162=PCURVE('',#3018,#1614);
#1163=PCURVE('',#3018,#1615);
#1164=PCURVE('',#3018,#1616);
#1165=PCURVE('',#3018,#1617);
#1166=PCURVE('',#3018,#1618);
#1167=PCURVE('',#2992,#1619);
#1168=PCURVE('',#2992,#1620);
#1169=PCURVE('',#2992,#1621);
#1170=PCURVE('',#3019,#1622);
#1171=PCURVE('',#3019,#1623);
#1172=PCURVE('',#3019,#1624);
#1173=PCURVE('',#3019,#1625);
#1174=PCURVE('',#3019,#1626);
#1175=PCURVE('',#2993,#1627);
#1176=PCURVE('',#2993,#1628);
#1177=PCURVE('',#2993,#1629);
#1178=PCURVE('',#3020,#1630);
#1179=PCURVE('',#3020,#1631);
#1180=PCURVE('',#3020,#1632);
#1181=PCURVE('',#3020,#1633);
#1182=PCURVE('',#3020,#1634);
#1183=PCURVE('',#2994,#1635);
#1184=PCURVE('',#2994,#1636);
#1185=PCURVE('',#2994,#1637);
#1186=PCURVE('',#3021,#1638);
#1187=PCURVE('',#3021,#1639);
#1188=PCURVE('',#3021,#1640);
#1189=PCURVE('',#3021,#1641);
#1190=PCURVE('',#3021,#1642);
#1191=PCURVE('',#3022,#1643);
#1192=PCURVE('',#3022,#1644);
#1193=PCURVE('',#3022,#1645);
#1194=PCURVE('',#3022,#1646);
#1195=PCURVE('',#3022,#1647);
#1196=PCURVE('',#3023,#1648);
#1197=PCURVE('',#3023,#1649);
#1198=PCURVE('',#3023,#1650);
#1199=PCURVE('',#3023,#1651);
#1200=PCURVE('',#3023,#1652);
#1201=PCURVE('',#3024,#1653);
#1202=PCURVE('',#3024,#1654);
#1203=PCURVE('',#3024,#1655);
#1204=PCURVE('',#3024,#1656);
#1205=PCURVE('',#3024,#1657);
#1206=PCURVE('',#3000,#1658);
#1207=PCURVE('',#3000,#1659);
#1208=PCURVE('',#3000,#1660);
#1209=PCURVE('',#3000,#1661);
#1210=PCURVE('',#2995,#1662);
#1211=PCURVE('',#2995,#1663);
#1212=PCURVE('',#2995,#1664);
#1213=PCURVE('',#2995,#1665);
#1214=DEFINITIONAL_REPRESENTATION('',(#1666),#5895);
#1215=DEFINITIONAL_REPRESENTATION('',(#1667),#5895);
#1216=DEFINITIONAL_REPRESENTATION('',(#1668),#5895);
#1217=DEFINITIONAL_REPRESENTATION('',(#1669),#5895);
#1218=DEFINITIONAL_REPRESENTATION('',(#1670),#5895);
#1219=DEFINITIONAL_REPRESENTATION('',(#1671),#5895);
#1220=DEFINITIONAL_REPRESENTATION('',(#1672),#5895);
#1221=DEFINITIONAL_REPRESENTATION('',(#1673),#5895);
#1222=DEFINITIONAL_REPRESENTATION('',(#1675),#5895);
#1223=DEFINITIONAL_REPRESENTATION('',(#2613),#5895);
#1224=DEFINITIONAL_REPRESENTATION('',(#1677),#5895);
#1225=DEFINITIONAL_REPRESENTATION('',(#1679),#5895);
#1226=DEFINITIONAL_REPRESENTATION('',(#1681),#5895);
#1227=DEFINITIONAL_REPRESENTATION('',(#1683),#5895);
#1228=DEFINITIONAL_REPRESENTATION('',(#1685),#5895);
#1229=DEFINITIONAL_REPRESENTATION('',(#1687),#5895);
#1230=DEFINITIONAL_REPRESENTATION('',(#2614),#5895);
#1231=DEFINITIONAL_REPRESENTATION('',(#1689),#5895);
#1232=DEFINITIONAL_REPRESENTATION('',(#1691),#5895);
#1233=DEFINITIONAL_REPRESENTATION('',(#1693),#5895);
#1234=DEFINITIONAL_REPRESENTATION('',(#1695),#5895);
#1235=DEFINITIONAL_REPRESENTATION('',(#1697),#5895);
#1236=DEFINITIONAL_REPRESENTATION('',(#1699),#5895);
#1237=DEFINITIONAL_REPRESENTATION('',(#1701),#5895);
#1238=DEFINITIONAL_REPRESENTATION('',(#1703),#5895);
#1239=DEFINITIONAL_REPRESENTATION('',(#1704),#5895);
#1240=DEFINITIONAL_REPRESENTATION('',(#1705),#5895);
#1241=DEFINITIONAL_REPRESENTATION('',(#2616),#5895);
#1242=DEFINITIONAL_REPRESENTATION('',(#1706),#5895);
#1243=DEFINITIONAL_REPRESENTATION('',(#1707),#5895);
#1244=DEFINITIONAL_REPRESENTATION('',(#1709),#5895);
#1245=DEFINITIONAL_REPRESENTATION('',(#1711),#5895);
#1246=DEFINITIONAL_REPRESENTATION('',(#1713),#5895);
#1247=DEFINITIONAL_REPRESENTATION('',(#1715),#5895);
#1248=DEFINITIONAL_REPRESENTATION('',(#1717),#5895);
#1249=DEFINITIONAL_REPRESENTATION('',(#1719),#5895);
#1250=DEFINITIONAL_REPRESENTATION('',(#1721),#5895);
#1251=DEFINITIONAL_REPRESENTATION('',(#1722),#5895);
#1252=DEFINITIONAL_REPRESENTATION('',(#1723),#5895);
#1253=DEFINITIONAL_REPRESENTATION('',(#1724),#5895);
#1254=DEFINITIONAL_REPRESENTATION('',(#2618),#5895);
#1255=DEFINITIONAL_REPRESENTATION('',(#1725),#5895);
#1256=DEFINITIONAL_REPRESENTATION('',(#1727),#5895);
#1257=DEFINITIONAL_REPRESENTATION('',(#1729),#5895);
#1258=DEFINITIONAL_REPRESENTATION('',(#1731),#5895);
#1259=DEFINITIONAL_REPRESENTATION('',(#1733),#5895);
#1260=DEFINITIONAL_REPRESENTATION('',(#1735),#5895);
#1261=DEFINITIONAL_REPRESENTATION('',(#1737),#5895);
#1262=DEFINITIONAL_REPRESENTATION('',(#1739),#5895);
#1263=DEFINITIONAL_REPRESENTATION('',(#1740),#5895);
#1264=DEFINITIONAL_REPRESENTATION('',(#1742),#5895);
#1265=DEFINITIONAL_REPRESENTATION('',(#1744),#5895);
#1266=DEFINITIONAL_REPRESENTATION('',(#1746),#5895);
#1267=DEFINITIONAL_REPRESENTATION('',(#1747),#5895);
#1268=DEFINITIONAL_REPRESENTATION('',(#1748),#5895);
#1269=DEFINITIONAL_REPRESENTATION('',(#1749),#5895);
#1270=DEFINITIONAL_REPRESENTATION('',(#1750),#5895);
#1271=DEFINITIONAL_REPRESENTATION('',(#1752),#5895);
#1272=DEFINITIONAL_REPRESENTATION('',(#1754),#5895);
#1273=DEFINITIONAL_REPRESENTATION('',(#1755),#5895);
#1274=DEFINITIONAL_REPRESENTATION('',(#1756),#5895);
#1275=DEFINITIONAL_REPRESENTATION('',(#1757),#5895);
#1276=DEFINITIONAL_REPRESENTATION('',(#1759),#5895);
#1277=DEFINITIONAL_REPRESENTATION('',(#1761),#5895);
#1278=DEFINITIONAL_REPRESENTATION('',(#1763),#5895);
#1279=DEFINITIONAL_REPRESENTATION('',(#1765),#5895);
#1280=DEFINITIONAL_REPRESENTATION('',(#1767),#5895);
#1281=DEFINITIONAL_REPRESENTATION('',(#1769),#5895);
#1282=DEFINITIONAL_REPRESENTATION('',(#1771),#5895);
#1283=DEFINITIONAL_REPRESENTATION('',(#1772),#5895);
#1284=DEFINITIONAL_REPRESENTATION('',(#1774),#5895);
#1285=DEFINITIONAL_REPRESENTATION('',(#1776),#5895);
#1286=DEFINITIONAL_REPRESENTATION('',(#1778),#5895);
#1287=DEFINITIONAL_REPRESENTATION('',(#1779),#5895);
#1288=DEFINITIONAL_REPRESENTATION('',(#1781),#5895);
#1289=DEFINITIONAL_REPRESENTATION('',(#1782),#5895);
#1290=DEFINITIONAL_REPRESENTATION('',(#1783),#5895);
#1291=DEFINITIONAL_REPRESENTATION('',(#1784),#5895);
#1292=DEFINITIONAL_REPRESENTATION('',(#1785),#5895);
#1293=DEFINITIONAL_REPRESENTATION('',(#1786),#5895);
#1294=DEFINITIONAL_REPRESENTATION('',(#1787),#5895);
#1295=DEFINITIONAL_REPRESENTATION('',(#1789),#5895);
#1296=DEFINITIONAL_REPRESENTATION('',(#1791),#5895);
#1297=DEFINITIONAL_REPRESENTATION('',(#1793),#5895);
#1298=DEFINITIONAL_REPRESENTATION('',(#1795),#5895);
#1299=DEFINITIONAL_REPRESENTATION('',(#2620),#5895);
#1300=DEFINITIONAL_REPRESENTATION('',(#1797),#5895);
#1301=DEFINITIONAL_REPRESENTATION('',(#2622),#5895);
#1302=DEFINITIONAL_REPRESENTATION('',(#2624),#5895);
#1303=DEFINITIONAL_REPRESENTATION('',(#1799),#5895);
#1304=DEFINITIONAL_REPRESENTATION('',(#1800),#5895);
#1305=DEFINITIONAL_REPRESENTATION('',(#1802),#5895);
#1306=DEFINITIONAL_REPRESENTATION('',(#2626),#5895);
#1307=DEFINITIONAL_REPRESENTATION('',(#1804),#5895);
#1308=DEFINITIONAL_REPRESENTATION('',(#1805),#5895);
#1309=DEFINITIONAL_REPRESENTATION('',(#1807),#5895);
#1310=DEFINITIONAL_REPRESENTATION('',(#2628),#5895);
#1311=DEFINITIONAL_REPRESENTATION('',(#2630),#5895);
#1312=DEFINITIONAL_REPRESENTATION('',(#2632),#5895);
#1313=DEFINITIONAL_REPRESENTATION('',(#1808),#5895);
#1314=DEFINITIONAL_REPRESENTATION('',(#1809),#5895);
#1315=DEFINITIONAL_REPRESENTATION('',(#1810),#5895);
#1316=DEFINITIONAL_REPRESENTATION('',(#1811),#5895);
#1317=DEFINITIONAL_REPRESENTATION('',(#2637),#5895);
#1318=DEFINITIONAL_REPRESENTATION('',(#2639),#5895);
#1319=DEFINITIONAL_REPRESENTATION('',(#2640),#5895);
#1320=DEFINITIONAL_REPRESENTATION('',(#2641),#5895);
#1321=DEFINITIONAL_REPRESENTATION('',(#2643),#5895);
#1322=DEFINITIONAL_REPRESENTATION('',(#1812),#5895);
#1323=DEFINITIONAL_REPRESENTATION('',(#2644),#5895);
#1324=DEFINITIONAL_REPRESENTATION('',(#1813),#5895);
#1325=DEFINITIONAL_REPRESENTATION('',(#1815),#5895);
#1326=DEFINITIONAL_REPRESENTATION('',(#1817),#5895);
#1327=DEFINITIONAL_REPRESENTATION('',(#1818),#5895);
#1328=DEFINITIONAL_REPRESENTATION('',(#1819),#5895);
#1329=DEFINITIONAL_REPRESENTATION('',(#1820),#5895);
#1330=DEFINITIONAL_REPRESENTATION('',(#1821),#5895);
#1331=DEFINITIONAL_REPRESENTATION('',(#1822),#5895);
#1332=DEFINITIONAL_REPRESENTATION('',(#1823),#5895);
#1333=DEFINITIONAL_REPRESENTATION('',(#1824),#5895);
#1334=DEFINITIONAL_REPRESENTATION('',(#1825),#5895);
#1335=DEFINITIONAL_REPRESENTATION('',(#1826),#5895);
#1336=DEFINITIONAL_REPRESENTATION('',(#1827),#5895);
#1337=DEFINITIONAL_REPRESENTATION('',(#1828),#5895);
#1338=DEFINITIONAL_REPRESENTATION('',(#1829),#5895);
#1339=DEFINITIONAL_REPRESENTATION('',(#2652),#5895);
#1340=DEFINITIONAL_REPRESENTATION('',(#1830),#5895);
#1341=DEFINITIONAL_REPRESENTATION('',(#2653),#5895);
#1342=DEFINITIONAL_REPRESENTATION('',(#1831),#5895);
#1343=DEFINITIONAL_REPRESENTATION('',(#1833),#5895);
#1344=DEFINITIONAL_REPRESENTATION('',(#1835),#5895);
#1345=DEFINITIONAL_REPRESENTATION('',(#2654),#5895);
#1346=DEFINITIONAL_REPRESENTATION('',(#2655),#5895);
#1347=DEFINITIONAL_REPRESENTATION('',(#1836),#5895);
#1348=DEFINITIONAL_REPRESENTATION('',(#1838),#5895);
#1349=DEFINITIONAL_REPRESENTATION('',(#1840),#5895);
#1350=DEFINITIONAL_REPRESENTATION('',(#1842),#5895);
#1351=DEFINITIONAL_REPRESENTATION('',(#1844),#5895);
#1352=DEFINITIONAL_REPRESENTATION('',(#1846),#5895);
#1353=DEFINITIONAL_REPRESENTATION('',(#1847),#5895);
#1354=DEFINITIONAL_REPRESENTATION('',(#2656),#5895);
#1355=DEFINITIONAL_REPRESENTATION('',(#2658),#5895);
#1356=DEFINITIONAL_REPRESENTATION('',(#1849),#5895);
#1357=DEFINITIONAL_REPRESENTATION('',(#1851),#5895);
#1358=DEFINITIONAL_REPRESENTATION('',(#1852),#5895);
#1359=DEFINITIONAL_REPRESENTATION('',(#1854),#5895);
#1360=DEFINITIONAL_REPRESENTATION('',(#1856),#5895);
#1361=DEFINITIONAL_REPRESENTATION('',(#1857),#5895);
#1362=DEFINITIONAL_REPRESENTATION('',(#1858),#5895);
#1363=DEFINITIONAL_REPRESENTATION('',(#1860),#5895);
#1364=DEFINITIONAL_REPRESENTATION('',(#1862),#5895);
#1365=DEFINITIONAL_REPRESENTATION('',(#1864),#5895);
#1366=DEFINITIONAL_REPRESENTATION('',(#1866),#5895);
#1367=DEFINITIONAL_REPRESENTATION('',(#1868),#5895);
#1368=DEFINITIONAL_REPRESENTATION('',(#2661),#5895);
#1369=DEFINITIONAL_REPRESENTATION('',(#1870),#5895);
#1370=DEFINITIONAL_REPRESENTATION('',(#1872),#5895);
#1371=DEFINITIONAL_REPRESENTATION('',(#1874),#5895);
#1372=DEFINITIONAL_REPRESENTATION('',(#1875),#5895);
#1373=DEFINITIONAL_REPRESENTATION('',(#1876),#5895);
#1374=DEFINITIONAL_REPRESENTATION('',(#2664),#5895);
#1375=DEFINITIONAL_REPRESENTATION('',(#1878),#5895);
#1376=DEFINITIONAL_REPRESENTATION('',(#2665),#5895);
#1377=DEFINITIONAL_REPRESENTATION('',(#1880),#5895);
#1378=DEFINITIONAL_REPRESENTATION('',(#2666),#5895);
#1379=DEFINITIONAL_REPRESENTATION('',(#1882),#5895);
#1380=DEFINITIONAL_REPRESENTATION('',(#2668),#5895);
#1381=DEFINITIONAL_REPRESENTATION('',(#1884),#5895);
#1382=DEFINITIONAL_REPRESENTATION('',(#1885),#5895);
#1383=DEFINITIONAL_REPRESENTATION('',(#1886),#5895);
#1384=DEFINITIONAL_REPRESENTATION('',(#2669),#5895);
#1385=DEFINITIONAL_REPRESENTATION('',(#1887),#5895);
#1386=DEFINITIONAL_REPRESENTATION('',(#1889),#5895);
#1387=DEFINITIONAL_REPRESENTATION('',(#1891),#5895);
#1388=DEFINITIONAL_REPRESENTATION('',(#1893),#5895);
#1389=DEFINITIONAL_REPRESENTATION('',(#1895),#5895);
#1390=DEFINITIONAL_REPRESENTATION('',(#1897),#5895);
#1391=DEFINITIONAL_REPRESENTATION('',(#1899),#5895);
#1392=DEFINITIONAL_REPRESENTATION('',(#1901),#5895);
#1393=DEFINITIONAL_REPRESENTATION('',(#1903),#5895);
#1394=DEFINITIONAL_REPRESENTATION('',(#1905),#5895);
#1395=DEFINITIONAL_REPRESENTATION('',(#1906),#5895);
#1396=DEFINITIONAL_REPRESENTATION('',(#2670),#5895);
#1397=DEFINITIONAL_REPRESENTATION('',(#1907),#5895);
#1398=DEFINITIONAL_REPRESENTATION('',(#1908),#5895);
#1399=DEFINITIONAL_REPRESENTATION('',(#1910),#5895);
#1400=DEFINITIONAL_REPRESENTATION('',(#2671),#5895);
#1401=DEFINITIONAL_REPRESENTATION('',(#1911),#5895);
#1402=DEFINITIONAL_REPRESENTATION('',(#2672),#5895);
#1403=DEFINITIONAL_REPRESENTATION('',(#2674),#5895);
#1404=DEFINITIONAL_REPRESENTATION('',(#2676),#5895);
#1405=DEFINITIONAL_REPRESENTATION('',(#2678),#5895);
#1406=DEFINITIONAL_REPRESENTATION('',(#2680),#5895);
#1407=DEFINITIONAL_REPRESENTATION('',(#2682),#5895);
#1408=DEFINITIONAL_REPRESENTATION('',(#2684),#5895);
#1409=DEFINITIONAL_REPRESENTATION('',(#2686),#5895);
#1410=DEFINITIONAL_REPRESENTATION('',(#2688),#5895);
#1411=DEFINITIONAL_REPRESENTATION('',(#1912),#5895);
#1412=DEFINITIONAL_REPRESENTATION('',(#1913),#5895);
#1413=DEFINITIONAL_REPRESENTATION('',(#1914),#5895);
#1414=DEFINITIONAL_REPRESENTATION('',(#1915),#5895);
#1415=DEFINITIONAL_REPRESENTATION('',(#1916),#5895);
#1416=DEFINITIONAL_REPRESENTATION('',(#1917),#5895);
#1417=DEFINITIONAL_REPRESENTATION('',(#1918),#5895);
#1418=DEFINITIONAL_REPRESENTATION('',(#1919),#5895);
#1419=DEFINITIONAL_REPRESENTATION('',(#1920),#5895);
#1420=DEFINITIONAL_REPRESENTATION('',(#2690),#5895);
#1421=DEFINITIONAL_REPRESENTATION('',(#1922),#5895);
#1422=DEFINITIONAL_REPRESENTATION('',(#2692),#5895);
#1423=DEFINITIONAL_REPRESENTATION('',(#1923),#5895);
#1424=DEFINITIONAL_REPRESENTATION('',(#1924),#5895);
#1425=DEFINITIONAL_REPRESENTATION('',(#1925),#5895);
#1426=DEFINITIONAL_REPRESENTATION('',(#1927),#5895);
#1427=DEFINITIONAL_REPRESENTATION('',(#1928),#5895);
#1428=DEFINITIONAL_REPRESENTATION('',(#2695),#5895);
#1429=DEFINITIONAL_REPRESENTATION('',(#1930),#5895);
#1430=DEFINITIONAL_REPRESENTATION('',(#2696),#5895);
#1431=DEFINITIONAL_REPRESENTATION('',(#1931),#5895);
#1432=DEFINITIONAL_REPRESENTATION('',(#1932),#5895);
#1433=DEFINITIONAL_REPRESENTATION('',(#1933),#5895);
#1434=DEFINITIONAL_REPRESENTATION('',(#1935),#5895);
#1435=DEFINITIONAL_REPRESENTATION('',(#1936),#5895);
#1436=DEFINITIONAL_REPRESENTATION('',(#2699),#5895);
#1437=DEFINITIONAL_REPRESENTATION('',(#1937),#5895);
#1438=DEFINITIONAL_REPRESENTATION('',(#2701),#5895);
#1439=DEFINITIONAL_REPRESENTATION('',(#1938),#5895);
#1440=DEFINITIONAL_REPRESENTATION('',(#1939),#5895);
#1441=DEFINITIONAL_REPRESENTATION('',(#1940),#5895);
#1442=DEFINITIONAL_REPRESENTATION('',(#1941),#5895);
#1443=DEFINITIONAL_REPRESENTATION('',(#1942),#5895);
#1444=DEFINITIONAL_REPRESENTATION('',(#2703),#5895);
#1445=DEFINITIONAL_REPRESENTATION('',(#1943),#5895);
#1446=DEFINITIONAL_REPRESENTATION('',(#2704),#5895);
#1447=DEFINITIONAL_REPRESENTATION('',(#1944),#5895);
#1448=DEFINITIONAL_REPRESENTATION('',(#1945),#5895);
#1449=DEFINITIONAL_REPRESENTATION('',(#1946),#5895);
#1450=DEFINITIONAL_REPRESENTATION('',(#1947),#5895);
#1451=DEFINITIONAL_REPRESENTATION('',(#1948),#5895);
#1452=DEFINITIONAL_REPRESENTATION('',(#2705),#5895);
#1453=DEFINITIONAL_REPRESENTATION('',(#2706),#5895);
#1454=DEFINITIONAL_REPRESENTATION('',(#1950),#5895);
#1455=DEFINITIONAL_REPRESENTATION('',(#2707),#5895);
#1456=DEFINITIONAL_REPRESENTATION('',(#1952),#5895);
#1457=DEFINITIONAL_REPRESENTATION('',(#2708),#5895);
#1458=DEFINITIONAL_REPRESENTATION('',(#1953),#5895);
#1459=DEFINITIONAL_REPRESENTATION('',(#1955),#5895);
#1460=DEFINITIONAL_REPRESENTATION('',(#1956),#5895);
#1461=DEFINITIONAL_REPRESENTATION('',(#1958),#5895);
#1462=DEFINITIONAL_REPRESENTATION('',(#1960),#5895);
#1463=DEFINITIONAL_REPRESENTATION('',(#1962),#5895);
#1464=DEFINITIONAL_REPRESENTATION('',(#1963),#5895);
#1465=DEFINITIONAL_REPRESENTATION('',(#1965),#5895);
#1466=DEFINITIONAL_REPRESENTATION('',(#1967),#5895);
#1467=DEFINITIONAL_REPRESENTATION('',(#1969),#5895);
#1468=DEFINITIONAL_REPRESENTATION('',(#1971),#5895);
#1469=DEFINITIONAL_REPRESENTATION('',(#1972),#5895);
#1470=DEFINITIONAL_REPRESENTATION('',(#1973),#5895);
#1471=DEFINITIONAL_REPRESENTATION('',(#2709),#5895);
#1472=DEFINITIONAL_REPRESENTATION('',(#1974),#5895);
#1473=DEFINITIONAL_REPRESENTATION('',(#2710),#5895);
#1474=DEFINITIONAL_REPRESENTATION('',(#1975),#5895);
#1475=DEFINITIONAL_REPRESENTATION('',(#1976),#5895);
#1476=DEFINITIONAL_REPRESENTATION('',(#1978),#5895);
#1477=DEFINITIONAL_REPRESENTATION('',(#1980),#5895);
#1478=DEFINITIONAL_REPRESENTATION('',(#2712),#5895);
#1479=DEFINITIONAL_REPRESENTATION('',(#2714),#5895);
#1480=DEFINITIONAL_REPRESENTATION('',(#2716),#5895);
#1481=DEFINITIONAL_REPRESENTATION('',(#2718),#5895);
#1482=DEFINITIONAL_REPRESENTATION('',(#1981),#5895);
#1483=DEFINITIONAL_REPRESENTATION('',(#1982),#5895);
#1484=DEFINITIONAL_REPRESENTATION('',(#1983),#5895);
#1485=DEFINITIONAL_REPRESENTATION('',(#1985),#5895);
#1486=DEFINITIONAL_REPRESENTATION('',(#1987),#5895);
#1487=DEFINITIONAL_REPRESENTATION('',(#1989),#5895);
#1488=DEFINITIONAL_REPRESENTATION('',(#1991),#5895);
#1489=DEFINITIONAL_REPRESENTATION('',(#1992),#5895);
#1490=DEFINITIONAL_REPRESENTATION('',(#1993),#5895);
#1491=DEFINITIONAL_REPRESENTATION('',(#1994),#5895);
#1492=DEFINITIONAL_REPRESENTATION('',(#1995),#5895);
#1493=DEFINITIONAL_REPRESENTATION('',(#1996),#5895);
#1494=DEFINITIONAL_REPRESENTATION('',(#1997),#5895);
#1495=DEFINITIONAL_REPRESENTATION('',(#1998),#5895);
#1496=DEFINITIONAL_REPRESENTATION('',(#1999),#5895);
#1497=DEFINITIONAL_REPRESENTATION('',(#2000),#5895);
#1498=DEFINITIONAL_REPRESENTATION('',(#2001),#5895);
#1499=DEFINITIONAL_REPRESENTATION('',(#2002),#5895);
#1500=DEFINITIONAL_REPRESENTATION('',(#2003),#5895);
#1501=DEFINITIONAL_REPRESENTATION('',(#2004),#5895);
#1502=DEFINITIONAL_REPRESENTATION('',(#2005),#5895);
#1503=DEFINITIONAL_REPRESENTATION('',(#2006),#5895);
#1504=DEFINITIONAL_REPRESENTATION('',(#2007),#5895);
#1505=DEFINITIONAL_REPRESENTATION('',(#2008),#5895);
#1506=DEFINITIONAL_REPRESENTATION('',(#2009),#5895);
#1507=DEFINITIONAL_REPRESENTATION('',(#2011),#5895);
#1508=DEFINITIONAL_REPRESENTATION('',(#2013),#5895);
#1509=DEFINITIONAL_REPRESENTATION('',(#2015),#5895);
#1510=DEFINITIONAL_REPRESENTATION('',(#2016),#5895);
#1511=DEFINITIONAL_REPRESENTATION('',(#2017),#5895);
#1512=DEFINITIONAL_REPRESENTATION('',(#2018),#5895);
#1513=DEFINITIONAL_REPRESENTATION('',(#2019),#5895);
#1514=DEFINITIONAL_REPRESENTATION('',(#2020),#5895);
#1515=DEFINITIONAL_REPRESENTATION('',(#2022),#5895);
#1516=DEFINITIONAL_REPRESENTATION('',(#2023),#5895);
#1517=DEFINITIONAL_REPRESENTATION('',(#2024),#5895);
#1518=DEFINITIONAL_REPRESENTATION('',(#2025),#5895);
#1519=DEFINITIONAL_REPRESENTATION('',(#2026),#5895);
#1520=DEFINITIONAL_REPRESENTATION('',(#2027),#5895);
#1521=DEFINITIONAL_REPRESENTATION('',(#2028),#5895);
#1522=DEFINITIONAL_REPRESENTATION('',(#2029),#5895);
#1523=DEFINITIONAL_REPRESENTATION('',(#2030),#5895);
#1524=DEFINITIONAL_REPRESENTATION('',(#2031),#5895);
#1525=DEFINITIONAL_REPRESENTATION('',(#2032),#5895);
#1526=DEFINITIONAL_REPRESENTATION('',(#2033),#5895);
#1527=DEFINITIONAL_REPRESENTATION('',(#2034),#5895);
#1528=DEFINITIONAL_REPRESENTATION('',(#2035),#5895);
#1529=DEFINITIONAL_REPRESENTATION('',(#2036),#5895);
#1530=DEFINITIONAL_REPRESENTATION('',(#2037),#5895);
#1531=DEFINITIONAL_REPRESENTATION('',(#2038),#5895);
#1532=DEFINITIONAL_REPRESENTATION('',(#2039),#5895);
#1533=DEFINITIONAL_REPRESENTATION('',(#2040),#5895);
#1534=DEFINITIONAL_REPRESENTATION('',(#2720),#5895);
#1535=DEFINITIONAL_REPRESENTATION('',(#2722),#5895);
#1536=DEFINITIONAL_REPRESENTATION('',(#2042),#5895);
#1537=DEFINITIONAL_REPRESENTATION('',(#2724),#5895);
#1538=DEFINITIONAL_REPRESENTATION('',(#2044),#5895);
#1539=DEFINITIONAL_REPRESENTATION('',(#2726),#5895);
#1540=DEFINITIONAL_REPRESENTATION('',(#2728),#5895);
#1541=DEFINITIONAL_REPRESENTATION('',(#2045),#5895);
#1542=DEFINITIONAL_REPRESENTATION('',(#2730),#5895);
#1543=DEFINITIONAL_REPRESENTATION('',(#2046),#5895);
#1544=DEFINITIONAL_REPRESENTATION('',(#2732),#5895);
#1545=DEFINITIONAL_REPRESENTATION('',(#2048),#5895);
#1546=DEFINITIONAL_REPRESENTATION('',(#2734),#5895);
#1547=DEFINITIONAL_REPRESENTATION('',(#2050),#5895);
#1548=DEFINITIONAL_REPRESENTATION('',(#2736),#5895);
#1549=DEFINITIONAL_REPRESENTATION('',(#2738),#5895);
#1550=DEFINITIONAL_REPRESENTATION('',(#2740),#5895);
#1551=DEFINITIONAL_REPRESENTATION('',(#2051),#5895);
#1552=DEFINITIONAL_REPRESENTATION('',(#2742),#5895);
#1553=DEFINITIONAL_REPRESENTATION('',(#2052),#5895);
#1554=DEFINITIONAL_REPRESENTATION('',(#2744),#5895);
#1555=DEFINITIONAL_REPRESENTATION('',(#2054),#5895);
#1556=DEFINITIONAL_REPRESENTATION('',(#2746),#5895);
#1557=DEFINITIONAL_REPRESENTATION('',(#2056),#5895);
#1558=DEFINITIONAL_REPRESENTATION('',(#2748),#5895);
#1559=DEFINITIONAL_REPRESENTATION('',(#2750),#5895);
#1560=DEFINITIONAL_REPRESENTATION('',(#2752),#5895);
#1561=DEFINITIONAL_REPRESENTATION('',(#2057),#5895);
#1562=DEFINITIONAL_REPRESENTATION('',(#2754),#5895);
#1563=DEFINITIONAL_REPRESENTATION('',(#2058),#5895);
#1564=DEFINITIONAL_REPRESENTATION('',(#2756),#5895);
#1565=DEFINITIONAL_REPRESENTATION('',(#2060),#5895);
#1566=DEFINITIONAL_REPRESENTATION('',(#2758),#5895);
#1567=DEFINITIONAL_REPRESENTATION('',(#2062),#5895);
#1568=DEFINITIONAL_REPRESENTATION('',(#2760),#5895);
#1569=DEFINITIONAL_REPRESENTATION('',(#2762),#5895);
#1570=DEFINITIONAL_REPRESENTATION('',(#2764),#5895);
#1571=DEFINITIONAL_REPRESENTATION('',(#2063),#5895);
#1572=DEFINITIONAL_REPRESENTATION('',(#2766),#5895);
#1573=DEFINITIONAL_REPRESENTATION('',(#2064),#5895);
#1574=DEFINITIONAL_REPRESENTATION('',(#2066),#5895);
#1575=DEFINITIONAL_REPRESENTATION('',(#2067),#5895);
#1576=DEFINITIONAL_REPRESENTATION('',(#2069),#5895);
#1577=DEFINITIONAL_REPRESENTATION('',(#2070),#5895);
#1578=DEFINITIONAL_REPRESENTATION('',(#2072),#5895);
#1579=DEFINITIONAL_REPRESENTATION('',(#2073),#5895);
#1580=DEFINITIONAL_REPRESENTATION('',(#2075),#5895);
#1581=DEFINITIONAL_REPRESENTATION('',(#2076),#5895);
#1582=DEFINITIONAL_REPRESENTATION('',(#2078),#5895);
#1583=DEFINITIONAL_REPRESENTATION('',(#2079),#5895);
#1584=DEFINITIONAL_REPRESENTATION('',(#2081),#5895);
#1585=DEFINITIONAL_REPRESENTATION('',(#2082),#5895);
#1586=DEFINITIONAL_REPRESENTATION('',(#2084),#5895);
#1587=DEFINITIONAL_REPRESENTATION('',(#2085),#5895);
#1588=DEFINITIONAL_REPRESENTATION('',(#2087),#5895);
#1589=DEFINITIONAL_REPRESENTATION('',(#2088),#5895);
#1590=DEFINITIONAL_REPRESENTATION('',(#2089),#5895);
#1591=DEFINITIONAL_REPRESENTATION('',(#2090),#5895);
#1592=DEFINITIONAL_REPRESENTATION('',(#2091),#5895);
#1593=DEFINITIONAL_REPRESENTATION('',(#2092),#5895);
#1594=DEFINITIONAL_REPRESENTATION('',(#2093),#5895);
#1595=DEFINITIONAL_REPRESENTATION('',(#2094),#5895);
#1596=DEFINITIONAL_REPRESENTATION('',(#2095),#5895);
#1597=DEFINITIONAL_REPRESENTATION('',(#2096),#5895);
#1598=DEFINITIONAL_REPRESENTATION('',(#2097),#5895);
#1599=DEFINITIONAL_REPRESENTATION('',(#2098),#5895);
#1600=DEFINITIONAL_REPRESENTATION('',(#2099),#5895);
#1601=DEFINITIONAL_REPRESENTATION('',(#2100),#5895);
#1602=DEFINITIONAL_REPRESENTATION('',(#2101),#5895);
#1603=DEFINITIONAL_REPRESENTATION('',(#2102),#5895);
#1604=DEFINITIONAL_REPRESENTATION('',(#2103),#5895);
#1605=DEFINITIONAL_REPRESENTATION('',(#2104),#5895);
#1606=DEFINITIONAL_REPRESENTATION('',(#2105),#5895);
#1607=DEFINITIONAL_REPRESENTATION('',(#2106),#5895);
#1608=DEFINITIONAL_REPRESENTATION('',(#2107),#5895);
#1609=DEFINITIONAL_REPRESENTATION('',(#2108),#5895);
#1610=DEFINITIONAL_REPRESENTATION('',(#2109),#5895);
#1611=DEFINITIONAL_REPRESENTATION('',(#2770),#5895);
#1612=DEFINITIONAL_REPRESENTATION('',(#2771),#5895);
#1613=DEFINITIONAL_REPRESENTATION('',(#2773),#5895);
#1614=DEFINITIONAL_REPRESENTATION('',(#2110),#5895);
#1615=DEFINITIONAL_REPRESENTATION('',(#2111),#5895);
#1616=DEFINITIONAL_REPRESENTATION('',(#2112),#5895);
#1617=DEFINITIONAL_REPRESENTATION('',(#2113),#5895);
#1618=DEFINITIONAL_REPRESENTATION('',(#2114),#5895);
#1619=DEFINITIONAL_REPRESENTATION('',(#2777),#5895);
#1620=DEFINITIONAL_REPRESENTATION('',(#2778),#5895);
#1621=DEFINITIONAL_REPRESENTATION('',(#2780),#5895);
#1622=DEFINITIONAL_REPRESENTATION('',(#2115),#5895);
#1623=DEFINITIONAL_REPRESENTATION('',(#2116),#5895);
#1624=DEFINITIONAL_REPRESENTATION('',(#2117),#5895);
#1625=DEFINITIONAL_REPRESENTATION('',(#2118),#5895);
#1626=DEFINITIONAL_REPRESENTATION('',(#2119),#5895);
#1627=DEFINITIONAL_REPRESENTATION('',(#2784),#5895);
#1628=DEFINITIONAL_REPRESENTATION('',(#2785),#5895);
#1629=DEFINITIONAL_REPRESENTATION('',(#2787),#5895);
#1630=DEFINITIONAL_REPRESENTATION('',(#2120),#5895);
#1631=DEFINITIONAL_REPRESENTATION('',(#2121),#5895);
#1632=DEFINITIONAL_REPRESENTATION('',(#2122),#5895);
#1633=DEFINITIONAL_REPRESENTATION('',(#2123),#5895);
#1634=DEFINITIONAL_REPRESENTATION('',(#2124),#5895);
#1635=DEFINITIONAL_REPRESENTATION('',(#2791),#5895);
#1636=DEFINITIONAL_REPRESENTATION('',(#2792),#5895);
#1637=DEFINITIONAL_REPRESENTATION('',(#2794),#5895);
#1638=DEFINITIONAL_REPRESENTATION('',(#2125),#5895);
#1639=DEFINITIONAL_REPRESENTATION('',(#2126),#5895);
#1640=DEFINITIONAL_REPRESENTATION('',(#2127),#5895);
#1641=DEFINITIONAL_REPRESENTATION('',(#2128),#5895);
#1642=DEFINITIONAL_REPRESENTATION('',(#2129),#5895);
#1643=DEFINITIONAL_REPRESENTATION('',(#2130),#5895);
#1644=DEFINITIONAL_REPRESENTATION('',(#2131),#5895);
#1645=DEFINITIONAL_REPRESENTATION('',(#2132),#5895);
#1646=DEFINITIONAL_REPRESENTATION('',(#2133),#5895);
#1647=DEFINITIONAL_REPRESENTATION('',(#2134),#5895);
#1648=DEFINITIONAL_REPRESENTATION('',(#2135),#5895);
#1649=DEFINITIONAL_REPRESENTATION('',(#2136),#5895);
#1650=DEFINITIONAL_REPRESENTATION('',(#2137),#5895);
#1651=DEFINITIONAL_REPRESENTATION('',(#2138),#5895);
#1652=DEFINITIONAL_REPRESENTATION('',(#2139),#5895);
#1653=DEFINITIONAL_REPRESENTATION('',(#2140),#5895);
#1654=DEFINITIONAL_REPRESENTATION('',(#2141),#5895);
#1655=DEFINITIONAL_REPRESENTATION('',(#2142),#5895);
#1656=DEFINITIONAL_REPRESENTATION('',(#2143),#5895);
#1657=DEFINITIONAL_REPRESENTATION('',(#2144),#5895);
#1658=DEFINITIONAL_REPRESENTATION('',(#2145),#5895);
#1659=DEFINITIONAL_REPRESENTATION('',(#2146),#5895);
#1660=DEFINITIONAL_REPRESENTATION('',(#2147),#5895);
#1661=DEFINITIONAL_REPRESENTATION('',(#2148),#5895);
#1662=DEFINITIONAL_REPRESENTATION('',(#2149),#5895);
#1663=DEFINITIONAL_REPRESENTATION('',(#2150),#5895);
#1664=DEFINITIONAL_REPRESENTATION('',(#2151),#5895);
#1665=DEFINITIONAL_REPRESENTATION('',(#2152),#5895);
#1666=B_SPLINE_CURVE_WITH_KNOTS('',1,(#4019,#4020),.UNSPECIFIED.,.F.,.F.,
(2,2),(0.,8.079401205099),.UNSPECIFIED.);
#1667=B_SPLINE_CURVE_WITH_KNOTS('',1,(#4024,#4025),.UNSPECIFIED.,.F.,.F.,
(2,2),(0.,3.99999999999984),.UNSPECIFIED.);
#1668=B_SPLINE_CURVE_WITH_KNOTS('',1,(#4030,#4031),.UNSPECIFIED.,.F.,.F.,
(2,2),(0.,8.079401205099),.UNSPECIFIED.);
#1669=B_SPLINE_CURVE_WITH_KNOTS('',1,(#4035,#4036),.UNSPECIFIED.,.F.,.F.,
(2,2),(0.,4.00000000000216),.UNSPECIFIED.);
#1670=B_SPLINE_CURVE_WITH_KNOTS('',1,(#4040,#4041),.UNSPECIFIED.,.F.,.F.,
(2,2),(0.,4.00000000000218),.UNSPECIFIED.);
#1671=B_SPLINE_CURVE_WITH_KNOTS('',1,(#4046,#4047),.UNSPECIFIED.,.F.,.F.,
(2,2),(0.,8.079401205099),.UNSPECIFIED.);
#1672=B_SPLINE_CURVE_WITH_KNOTS('',1,(#4051,#4052),.UNSPECIFIED.,.F.,.F.,
(2,2),(0.,3.99999999999994),.UNSPECIFIED.);
#1673=B_SPLINE_CURVE_WITH_KNOTS('',1,(#4057,#4058),.UNSPECIFIED.,.F.,.F.,
(2,2),(0.,8.079401205099),.UNSPECIFIED.);
#1674=B_SPLINE_CURVE_WITH_KNOTS('',1,(#4059,#4060),.UNSPECIFIED.,.F.,.F.,
(2,2),(0.,44.92668593926),.UNSPECIFIED.);
#1675=B_SPLINE_CURVE_WITH_KNOTS('',1,(#4061,#4062),.UNSPECIFIED.,.F.,.F.,
(2,2),(0.,44.92668593926),.UNSPECIFIED.);
#1676=B_SPLINE_CURVE_WITH_KNOTS('',1,(#4067,#4068),.UNSPECIFIED.,.F.,.F.,
(2,2),(0.,35.57335334549),.UNSPECIFIED.);
#1677=B_SPLINE_CURVE_WITH_KNOTS('',1,(#4069,#4070),.UNSPECIFIED.,.F.,.F.,
(2,2),(0.,35.57335334549),.UNSPECIFIED.);
#1678=B_SPLINE_CURVE_WITH_KNOTS('',1,(#4071,#4072),.UNSPECIFIED.,.F.,.F.,
(2,2),(0.,9.35333259377001),.UNSPECIFIED.);
#1679=B_SPLINE_CURVE_WITH_KNOTS('',1,(#4073,#4074),.UNSPECIFIED.,.F.,.F.,
(2,2),(0.,9.35333259377001),.UNSPECIFIED.);
#1680=B_SPLINE_CURVE_WITH_KNOTS('',1,(#4075,#4076),.UNSPECIFIED.,.F.,.F.,
(2,2),(0.,8.079401205099),.UNSPECIFIED.);
#1681=B_SPLINE_CURVE_WITH_KNOTS('',1,(#4077,#4078),.UNSPECIFIED.,.F.,.F.,
(2,2),(0.,8.079401205099),.UNSPECIFIED.);
#1682=B_SPLINE_CURVE_WITH_KNOTS('',1,(#4079,#4080),.UNSPECIFIED.,.F.,.F.,
(2,2),(0.,8.079401205099),.UNSPECIFIED.);
#1683=B_SPLINE_CURVE_WITH_KNOTS('',1,(#4081,#4082),.UNSPECIFIED.,.F.,.F.,
(2,2),(0.,8.079401205099),.UNSPECIFIED.);
#1684=B_SPLINE_CURVE_WITH_KNOTS('',1,(#4083,#4084),.UNSPECIFIED.,.F.,.F.,
(2,2),(0.,9.35333259377001),.UNSPECIFIED.);
#1685=B_SPLINE_CURVE_WITH_KNOTS('',1,(#4085,#4086),.UNSPECIFIED.,.F.,.F.,
(2,2),(0.,9.35333259377001),.UNSPECIFIED.);
#1686=B_SPLINE_CURVE_WITH_KNOTS('',1,(#4087,#4088),.UNSPECIFIED.,.F.,.F.,
(2,2),(0.,35.57335334549),.UNSPECIFIED.);
#1687=B_SPLINE_CURVE_WITH_KNOTS('',1,(#4089,#4090),.UNSPECIFIED.,.F.,.F.,
(2,2),(0.,35.57335334549),.UNSPECIFIED.);
#1688=B_SPLINE_CURVE_WITH_KNOTS('',1,(#4095,#4096),.UNSPECIFIED.,.F.,.F.,
(2,2),(0.,44.92668593926),.UNSPECIFIED.);
#1689=B_SPLINE_CURVE_WITH_KNOTS('',1,(#4097,#4098),.UNSPECIFIED.,.F.,.F.,
(2,2),(0.,44.92668593926),.UNSPECIFIED.);
#1690=B_SPLINE_CURVE_WITH_KNOTS('',1,(#4099,#4100),.UNSPECIFIED.,.F.,.F.,
(2,2),(0.,12.),.UNSPECIFIED.);
#1691=B_SPLINE_CURVE_WITH_KNOTS('',1,(#4101,#4102),.UNSPECIFIED.,.F.,.F.,
(2,2),(0.,12.),.UNSPECIFIED.);
#1692=B_SPLINE_CURVE_WITH_KNOTS('',1,(#4103,#4104),.UNSPECIFIED.,.F.,.F.,
(2,2),(0.,10.00816379292),.UNSPECIFIED.);
#1693=B_SPLINE_CURVE_WITH_KNOTS('',1,(#4105,#4106),.UNSPECIFIED.,.F.,.F.,
(2,2),(0.,10.00816379292),.UNSPECIFIED.);
#1694=B_SPLINE_CURVE_WITH_KNOTS('',1,(#4107,#4108),.UNSPECIFIED.,.F.,.F.,
(2,2),(0.,12.),.UNSPECIFIED.);
#1695=B_SPLINE_CURVE_WITH_KNOTS('',1,(#4109,#4110),.UNSPECIFIED.,.F.,.F.,
(2,2),(0.,12.),.UNSPECIFIED.);
#1696=B_SPLINE_CURVE_WITH_KNOTS('',1,(#4111,#4112),.UNSPECIFIED.,.F.,.F.,
(2,2),(0.,10.0081637929202),.UNSPECIFIED.);
#1697=B_SPLINE_CURVE_WITH_KNOTS('',1,(#4113,#4114),.UNSPECIFIED.,.F.,.F.,
(2,2),(0.,10.0081637929202),.UNSPECIFIED.);
#1698=B_SPLINE_CURVE_WITH_KNOTS('',1,(#4115,#4116),.UNSPECIFIED.,.F.,.F.,
(2,2),(0.,9.35333259377001),.UNSPECIFIED.);
#1699=B_SPLINE_CURVE_WITH_KNOTS('',1,(#4117,#4118),.UNSPECIFIED.,.F.,.F.,
(2,2),(0.,9.35333259377001),.UNSPECIFIED.);
#1700=B_SPLINE_CURVE_WITH_KNOTS('',1,(#4119,#4120),.UNSPECIFIED.,.F.,.F.,
(2,2),(0.,10.0081637929202),.UNSPECIFIED.);
#1701=B_SPLINE_CURVE_WITH_KNOTS('',1,(#4121,#4122),.UNSPECIFIED.,.F.,.F.,
(2,2),(0.,10.0081637929202),.UNSPECIFIED.);
#1702=B_SPLINE_CURVE_WITH_KNOTS('',1,(#4123,#4124,#4125,#4126),
 .UNSPECIFIED.,.F.,.F.,(2,1,1,2),(0.,3.00493405871001,8.29459734894999,
9.35333259377001),.UNSPECIFIED.);
#1703=B_SPLINE_CURVE_WITH_KNOTS('',1,(#4127,#4128,#4129,#4130),
 .UNSPECIFIED.,.F.,.F.,(2,1,1,2),(0.,3.00493405871001,8.29459734894999,
9.35333259377001),.UNSPECIFIED.);
#1704=B_SPLINE_CURVE_WITH_KNOTS('',1,(#4131,#4132),.UNSPECIFIED.,.F.,.F.,
(2,2),(0.,10.00816379292),.UNSPECIFIED.);
#1705=B_SPLINE_CURVE_WITH_KNOTS('',1,(#4133,#4134),.UNSPECIFIED.,.F.,.F.,
(2,2),(0.,9.35333259377001),.UNSPECIFIED.);
#1706=B_SPLINE_CURVE_WITH_KNOTS('',1,(#4139,#4140),.UNSPECIFIED.,.F.,.F.,
(2,2),(0.,9.35333259377001),.UNSPECIFIED.);
#1707=B_SPLINE_CURVE_WITH_KNOTS('',1,(#4141,#4142),.UNSPECIFIED.,.F.,.F.,
(2,2),(0.,12.),.UNSPECIFIED.);
#1708=B_SPLINE_CURVE_WITH_KNOTS('',1,(#4143,#4144),.UNSPECIFIED.,.F.,.F.,
(2,2),(0.,9.35333259377001),.UNSPECIFIED.);
#1709=B_SPLINE_CURVE_WITH_KNOTS('',1,(#4145,#4146),.UNSPECIFIED.,.F.,.F.,
(2,2),(0.,9.35333259377001),.UNSPECIFIED.);
#1710=B_SPLINE_CURVE_WITH_KNOTS('',1,(#4147,#4148),.UNSPECIFIED.,.F.,.F.,
(2,2),(0.,10.00816379291),.UNSPECIFIED.);
#1711=B_SPLINE_CURVE_WITH_KNOTS('',1,(#4149,#4150),.UNSPECIFIED.,.F.,.F.,
(2,2),(0.,10.00816379291),.UNSPECIFIED.);
#1712=B_SPLINE_CURVE_WITH_KNOTS('',1,(#4151,#4152,#4153,#4154),
 .UNSPECIFIED.,.F.,.F.,(2,1,1,2),(0.,1.05873524482001,6.34839853506,9.35333259377001),
 .UNSPECIFIED.);
#1713=B_SPLINE_CURVE_WITH_KNOTS('',1,(#4155,#4156,#4157,#4158),
 .UNSPECIFIED.,.F.,.F.,(2,1,1,2),(0.,1.05873524482001,6.34839853506,9.35333259377001),
 .UNSPECIFIED.);
#1714=B_SPLINE_CURVE_WITH_KNOTS('',1,(#4159,#4160),.UNSPECIFIED.,.F.,.F.,
(2,2),(0.,10.00816379291),.UNSPECIFIED.);
#1715=B_SPLINE_CURVE_WITH_KNOTS('',1,(#4161,#4162),.UNSPECIFIED.,.F.,.F.,
(2,2),(0.,10.00816379291),.UNSPECIFIED.);
#1716=B_SPLINE_CURVE_WITH_KNOTS('',1,(#4163,#4164),.UNSPECIFIED.,.F.,.F.,
(2,2),(0.,12.),.UNSPECIFIED.);
#1717=B_SPLINE_CURVE_WITH_KNOTS('',1,(#4165,#4166),.UNSPECIFIED.,.F.,.F.,
(2,2),(0.,12.),.UNSPECIFIED.);
#1718=B_SPLINE_CURVE_WITH_KNOTS('',1,(#4167,#4168),.UNSPECIFIED.,.F.,.F.,
(2,2),(0.,10.00816379291),.UNSPECIFIED.);
#1719=B_SPLINE_CURVE_WITH_KNOTS('',1,(#4169,#4170),.UNSPECIFIED.,.F.,.F.,
(2,2),(0.,10.00816379291),.UNSPECIFIED.);
#1720=B_SPLINE_CURVE_WITH_KNOTS('',1,(#4171,#4172),.UNSPECIFIED.,.F.,.F.,
(2,2),(0.,12.),.UNSPECIFIED.);
#1721=B_SPLINE_CURVE_WITH_KNOTS('',1,(#4173,#4174),.UNSPECIFIED.,.F.,.F.,
(2,2),(0.,12.),.UNSPECIFIED.);
#1722=B_SPLINE_CURVE_WITH_KNOTS('',1,(#4175,#4176),.UNSPECIFIED.,.F.,.F.,
(2,2),(0.,10.00816379291),.UNSPECIFIED.);
#1723=B_SPLINE_CURVE_WITH_KNOTS('',1,(#4177,#4178),.UNSPECIFIED.,.F.,.F.,
(2,2),(0.,12.),.UNSPECIFIED.);
#1724=B_SPLINE_CURVE_WITH_KNOTS('',1,(#4179,#4180),.UNSPECIFIED.,.F.,.F.,
(2,2),(0.,9.35333259377001),.UNSPECIFIED.);
#1725=B_SPLINE_CURVE_WITH_KNOTS('',1,(#4185,#4186),.UNSPECIFIED.,.F.,.F.,
(2,2),(0.,9.35333259377001),.UNSPECIFIED.);
#1726=B_SPLINE_CURVE_WITH_KNOTS('',1,(#4187,#4188),.UNSPECIFIED.,.F.,.F.,
(2,2),(11.6122623962265,15.0745468578272),.UNSPECIFIED.);
#1727=B_SPLINE_CURVE_WITH_KNOTS('',1,(#4189,#4190),.UNSPECIFIED.,.F.,.F.,
(2,2),(11.6122623962265,15.0745468578272),.UNSPECIFIED.);
#1728=B_SPLINE_CURVE_WITH_KNOTS('',1,(#4191,#4192),.UNSPECIFIED.,.F.,.F.,
(2,2),(0.,1651.64727444472),.UNSPECIFIED.);
#1729=B_SPLINE_CURVE_WITH_KNOTS('',1,(#4193,#4194),.UNSPECIFIED.,.F.,.F.,
(2,2),(0.,1651.64727444472),.UNSPECIFIED.);
#1730=B_SPLINE_CURVE_WITH_KNOTS('',1,(#4195,#4196),.UNSPECIFIED.,.F.,.F.,
(2,2),(-15.0745468578272,-11.6122623962265),.UNSPECIFIED.);
#1731=B_SPLINE_CURVE_WITH_KNOTS('',1,(#4197,#4198),.UNSPECIFIED.,.F.,.F.,
(2,2),(-15.0745468578272,-11.6122623962265),.UNSPECIFIED.);
#1732=B_SPLINE_CURVE_WITH_KNOTS('',1,(#4199,#4200),.UNSPECIFIED.,.F.,.F.,
(2,2),(-1651.64727444472,0.),.UNSPECIFIED.);
#1733=B_SPLINE_CURVE_WITH_KNOTS('',1,(#4201,#4202),.UNSPECIFIED.,.F.,.F.,
(2,2),(-1651.64727444472,0.),.UNSPECIFIED.);
#1734=B_SPLINE_CURVE_WITH_KNOTS('',1,(#4203,#4204),.UNSPECIFIED.,.F.,.F.,
(2,2),(15.0745468578272,26.6868092540536),.UNSPECIFIED.);
#1735=B_SPLINE_CURVE_WITH_KNOTS('',1,(#4205,#4206),.UNSPECIFIED.,.F.,.F.,
(2,2),(15.0745468578272,26.6868092540536),.UNSPECIFIED.);
#1736=B_SPLINE_CURVE_WITH_KNOTS('',1,(#4207,#4208),.UNSPECIFIED.,.F.,.F.,
(2,2),(0.,1651.64727444472),.UNSPECIFIED.);
#1737=B_SPLINE_CURVE_WITH_KNOTS('',1,(#4209,#4210),.UNSPECIFIED.,.F.,.F.,
(2,2),(0.,1651.64727444472),.UNSPECIFIED.);
#1738=B_SPLINE_CURVE_WITH_KNOTS('',1,(#4211,#4212),.UNSPECIFIED.,.F.,.F.,
(2,2),(-26.6868092540536,-15.0745468578272),.UNSPECIFIED.);
#1739=B_SPLINE_CURVE_WITH_KNOTS('',1,(#4213,#4214),.UNSPECIFIED.,.F.,.F.,
(2,2),(-26.6868092540536,-15.0745468578272),.UNSPECIFIED.);
#1740=B_SPLINE_CURVE_WITH_KNOTS('',1,(#4215,#4216),.UNSPECIFIED.,.F.,.F.,
(2,2),(0.,1651.64727444472),.UNSPECIFIED.);
#1741=B_SPLINE_CURVE_WITH_KNOTS('',1,(#4217,#4218),.UNSPECIFIED.,.F.,.F.,
(2,2),(26.6868092540536,30.1490937156543),.UNSPECIFIED.);
#1742=B_SPLINE_CURVE_WITH_KNOTS('',1,(#4219,#4220),.UNSPECIFIED.,.F.,.F.,
(2,2),(26.6868092540536,30.1490937156543),.UNSPECIFIED.);
#1743=B_SPLINE_CURVE_WITH_KNOTS('',1,(#4221,#4222),.UNSPECIFIED.,.F.,.F.,
(2,2),(0.,1651.64727444472),.UNSPECIFIED.);
#1744=B_SPLINE_CURVE_WITH_KNOTS('',1,(#4223,#4224),.UNSPECIFIED.,.F.,.F.,
(2,2),(0.,1651.64727444472),.UNSPECIFIED.);
#1745=B_SPLINE_CURVE_WITH_KNOTS('',1,(#4225,#4226),.UNSPECIFIED.,.F.,.F.,
(2,2),(-30.1490937156543,-26.6868092540536),.UNSPECIFIED.);
#1746=B_SPLINE_CURVE_WITH_KNOTS('',1,(#4227,#4228),.UNSPECIFIED.,.F.,.F.,
(2,2),(-30.1490937156543,-26.6868092540536),.UNSPECIFIED.);
#1747=B_SPLINE_CURVE_WITH_KNOTS('',1,(#4229,#4230),.UNSPECIFIED.,.F.,.F.,
(2,2),(0.,1651.64727444472),.UNSPECIFIED.);
#1748=B_SPLINE_CURVE_WITH_KNOTS('',1,(#4231,#4232),.UNSPECIFIED.,.F.,.F.,
(2,2),(26.6868092540536,30.1490937156543),.UNSPECIFIED.);
#1749=B_SPLINE_CURVE_WITH_KNOTS('',1,(#4233,#4234),.UNSPECIFIED.,.F.,.F.,
(2,2),(15.0745468578272,26.6868092540536),.UNSPECIFIED.);
#1750=B_SPLINE_CURVE_WITH_KNOTS('',1,(#4235,#4236),.UNSPECIFIED.,.F.,.F.,
(2,2),(11.6122623962265,15.0745468578272),.UNSPECIFIED.);
#1751=B_SPLINE_CURVE_WITH_KNOTS('',1,(#4237,#4238),.UNSPECIFIED.,.F.,.F.,
(2,2),(0.,11.61226239623),.UNSPECIFIED.);
#1752=B_SPLINE_CURVE_WITH_KNOTS('',1,(#4239,#4240),.UNSPECIFIED.,.F.,.F.,
(2,2),(0.,11.61226239623),.UNSPECIFIED.);
#1753=B_SPLINE_CURVE_WITH_KNOTS('',1,(#4241,#4242),.UNSPECIFIED.,.F.,.F.,
(2,2),(0.,11.61226239623),.UNSPECIFIED.);
#1754=B_SPLINE_CURVE_WITH_KNOTS('',1,(#4243,#4244),.UNSPECIFIED.,.F.,.F.,
(2,2),(0.,11.61226239623),.UNSPECIFIED.);
#1755=B_SPLINE_CURVE_WITH_KNOTS('',1,(#4245,#4246),.UNSPECIFIED.,.F.,.F.,
(2,2),(-15.0745468578272,-11.6122623962265),.UNSPECIFIED.);
#1756=B_SPLINE_CURVE_WITH_KNOTS('',1,(#4247,#4248),.UNSPECIFIED.,.F.,.F.,
(2,2),(-26.6868092540536,-15.0745468578272),.UNSPECIFIED.);
#1757=B_SPLINE_CURVE_WITH_KNOTS('',1,(#4249,#4250),.UNSPECIFIED.,.F.,.F.,
(2,2),(-30.1490937156543,-26.6868092540536),.UNSPECIFIED.);
#1758=B_SPLINE_CURVE_WITH_KNOTS('',1,(#4251,#4252),.UNSPECIFIED.,.F.,.F.,
(2,2),(0.,3.46228446160069),.UNSPECIFIED.);
#1759=B_SPLINE_CURVE_WITH_KNOTS('',1,(#4253,#4254),.UNSPECIFIED.,.F.,.F.,
(2,2),(0.,3.46228446160069),.UNSPECIFIED.);
#1760=B_SPLINE_CURVE_WITH_KNOTS('',1,(#4255,#4256),.UNSPECIFIED.,.F.,.F.,
(2,2),(0.,1651.64727444472),.UNSPECIFIED.);
#1761=B_SPLINE_CURVE_WITH_KNOTS('',1,(#4257,#4258),.UNSPECIFIED.,.F.,.F.,
(2,2),(0.,1651.64727444472),.UNSPECIFIED.);
#1762=B_SPLINE_CURVE_WITH_KNOTS('',1,(#4259,#4260),.UNSPECIFIED.,.F.,.F.,
(2,2),(-3.46228446160069,0.),.UNSPECIFIED.);
#1763=B_SPLINE_CURVE_WITH_KNOTS('',1,(#4261,#4262),.UNSPECIFIED.,.F.,.F.,
(2,2),(-3.46228446160069,0.),.UNSPECIFIED.);
#1764=B_SPLINE_CURVE_WITH_KNOTS('',1,(#4263,#4264),.UNSPECIFIED.,.F.,.F.,
(2,2),(-1651.64727444472,0.),.UNSPECIFIED.);
#1765=B_SPLINE_CURVE_WITH_KNOTS('',1,(#4265,#4266),.UNSPECIFIED.,.F.,.F.,
(2,2),(-1651.64727444472,0.),.UNSPECIFIED.);
#1766=B_SPLINE_CURVE_WITH_KNOTS('',1,(#4267,#4268),.UNSPECIFIED.,.F.,.F.,
(2,2),(3.46228446160069,15.0745468578272),.UNSPECIFIED.);
#1767=B_SPLINE_CURVE_WITH_KNOTS('',1,(#4269,#4270),.UNSPECIFIED.,.F.,.F.,
(2,2),(3.46228446160069,15.0745468578272),.UNSPECIFIED.);
#1768=B_SPLINE_CURVE_WITH_KNOTS('',1,(#4271,#4272),.UNSPECIFIED.,.F.,.F.,
(2,2),(0.,1651.64727444472),.UNSPECIFIED.);
#1769=B_SPLINE_CURVE_WITH_KNOTS('',1,(#4273,#4274),.UNSPECIFIED.,.F.,.F.,
(2,2),(0.,1651.64727444472),.UNSPECIFIED.);
#1770=B_SPLINE_CURVE_WITH_KNOTS('',1,(#4275,#4276),.UNSPECIFIED.,.F.,.F.,
(2,2),(-15.0745468578272,-3.46228446160069),.UNSPECIFIED.);
#1771=B_SPLINE_CURVE_WITH_KNOTS('',1,(#4277,#4278),.UNSPECIFIED.,.F.,.F.,
(2,2),(-15.0745468578272,-3.46228446160069),.UNSPECIFIED.);
#1772=B_SPLINE_CURVE_WITH_KNOTS('',1,(#4279,#4280),.UNSPECIFIED.,.F.,.F.,
(2,2),(0.,1651.64727444472),.UNSPECIFIED.);
#1773=B_SPLINE_CURVE_WITH_KNOTS('',1,(#4281,#4282),.UNSPECIFIED.,.F.,.F.,
(2,2),(15.0745468578272,18.5368313194278),.UNSPECIFIED.);
#1774=B_SPLINE_CURVE_WITH_KNOTS('',1,(#4283,#4284),.UNSPECIFIED.,.F.,.F.,
(2,2),(15.0745468578272,18.5368313194278),.UNSPECIFIED.);
#1775=B_SPLINE_CURVE_WITH_KNOTS('',1,(#4285,#4286),.UNSPECIFIED.,.F.,.F.,
(2,2),(0.,1651.64727444472),.UNSPECIFIED.);
#1776=B_SPLINE_CURVE_WITH_KNOTS('',1,(#4287,#4288),.UNSPECIFIED.,.F.,.F.,
(2,2),(0.,1651.64727444472),.UNSPECIFIED.);
#1777=B_SPLINE_CURVE_WITH_KNOTS('',1,(#4289,#4290),.UNSPECIFIED.,.F.,.F.,
(2,2),(-18.5368313194278,-15.0745468578272),.UNSPECIFIED.);
#1778=B_SPLINE_CURVE_WITH_KNOTS('',1,(#4291,#4292),.UNSPECIFIED.,.F.,.F.,
(2,2),(-18.5368313194278,-15.0745468578272),.UNSPECIFIED.);
#1779=B_SPLINE_CURVE_WITH_KNOTS('',1,(#4293,#4294),.UNSPECIFIED.,.F.,.F.,
(2,2),(0.,1651.64727444472),.UNSPECIFIED.);
#1780=B_SPLINE_CURVE_WITH_KNOTS('',1,(#4295,#4296),.UNSPECIFIED.,.F.,.F.,
(2,2),(0.,11.61226239623),.UNSPECIFIED.);
#1781=B_SPLINE_CURVE_WITH_KNOTS('',1,(#4297,#4298),.UNSPECIFIED.,.F.,.F.,
(2,2),(0.,11.61226239623),.UNSPECIFIED.);
#1782=B_SPLINE_CURVE_WITH_KNOTS('',1,(#4299,#4300),.UNSPECIFIED.,.F.,.F.,
(2,2),(15.0745468578272,18.5368313194278),.UNSPECIFIED.);
#1783=B_SPLINE_CURVE_WITH_KNOTS('',1,(#4301,#4302),.UNSPECIFIED.,.F.,.F.,
(2,2),(3.46228446160069,15.0745468578272),.UNSPECIFIED.);
#1784=B_SPLINE_CURVE_WITH_KNOTS('',1,(#4303,#4304),.UNSPECIFIED.,.F.,.F.,
(2,2),(0.,3.46228446160069),.UNSPECIFIED.);
#1785=B_SPLINE_CURVE_WITH_KNOTS('',1,(#4305,#4306),.UNSPECIFIED.,.F.,.F.,
(2,2),(-3.46228446160069,0.),.UNSPECIFIED.);
#1786=B_SPLINE_CURVE_WITH_KNOTS('',1,(#4307,#4308),.UNSPECIFIED.,.F.,.F.,
(2,2),(-15.0745468578272,-3.46228446160069),.UNSPECIFIED.);
#1787=B_SPLINE_CURVE_WITH_KNOTS('',1,(#4309,#4310),.UNSPECIFIED.,.F.,.F.,
(2,2),(-18.5368313194278,-15.0745468578272),.UNSPECIFIED.);
#1788=B_SPLINE_CURVE_WITH_KNOTS('',1,(#4311,#4312),.UNSPECIFIED.,.F.,.F.,
(2,2),(0.,11.61226239623),.UNSPECIFIED.);
#1789=B_SPLINE_CURVE_WITH_KNOTS('',1,(#4313,#4314),.UNSPECIFIED.,.F.,.F.,
(2,2),(0.,11.61226239623),.UNSPECIFIED.);
#1790=B_SPLINE_CURVE_WITH_KNOTS('',1,(#4315,#4316),.UNSPECIFIED.,.F.,.F.,
(2,2),(0.,1.93601641418999),.UNSPECIFIED.);
#1791=B_SPLINE_CURVE_WITH_KNOTS('',1,(#4317,#4318),.UNSPECIFIED.,.F.,.F.,
(2,2),(0.,1.93601641418999),.UNSPECIFIED.);
#1792=B_SPLINE_CURVE_WITH_KNOTS('',1,(#4319,#4320),.UNSPECIFIED.,.F.,.F.,
(2,2),(0.,18.7999999999999),.UNSPECIFIED.);
#1793=B_SPLINE_CURVE_WITH_KNOTS('',1,(#4321,#4322),.UNSPECIFIED.,.F.,.F.,
(2,2),(0.,18.7999999999999),.UNSPECIFIED.);
#1794=B_SPLINE_CURVE_WITH_KNOTS('',1,(#4323,#4324),.UNSPECIFIED.,.F.,.F.,
(2,2),(0.,1.93601641418999),.UNSPECIFIED.);
#1795=B_SPLINE_CURVE_WITH_KNOTS('',1,(#4325,#4326),.UNSPECIFIED.,.F.,.F.,
(2,2),(0.,1.93601641418999),.UNSPECIFIED.);
#1796=B_SPLINE_CURVE_WITH_KNOTS('',1,(#4333,#4334),.UNSPECIFIED.,.F.,.F.,
(2,2),(-7.31531273155279,7.31531273156282),.UNSPECIFIED.);
#1797=B_SPLINE_CURVE_WITH_KNOTS('',1,(#4335,#4336),.UNSPECIFIED.,.F.,.F.,
(2,2),(-7.31531273155279,7.31531273156282),.UNSPECIFIED.);
#1798=B_SPLINE_CURVE_WITH_KNOTS('',1,(#4349,#4350),.UNSPECIFIED.,.F.,.F.,
(2,2),(-22.6533212828039,0.),.UNSPECIFIED.);
#1799=B_SPLINE_CURVE_WITH_KNOTS('',1,(#4351,#4352),.UNSPECIFIED.,.F.,.F.,
(2,2),(-22.6533212828039,0.),.UNSPECIFIED.);
#1800=B_SPLINE_CURVE_WITH_KNOTS('',1,(#4353,#4354),.UNSPECIFIED.,.F.,.F.,
(2,2),(0.,10.00816379291),.UNSPECIFIED.);
#1801=B_SPLINE_CURVE_WITH_KNOTS('',1,(#4355,#4356),.UNSPECIFIED.,.F.,.F.,
(2,2),(0.,3.),.UNSPECIFIED.);
#1802=B_SPLINE_CURVE_WITH_KNOTS('',1,(#4357,#4358),.UNSPECIFIED.,.F.,.F.,
(2,2),(0.,3.),.UNSPECIFIED.);
#1803=B_SPLINE_CURVE_WITH_KNOTS('',1,(#4365,#4366),.UNSPECIFIED.,.F.,.F.,
(2,2),(0.,3.),.UNSPECIFIED.);
#1804=B_SPLINE_CURVE_WITH_KNOTS('',1,(#4367,#4368),.UNSPECIFIED.,.F.,.F.,
(2,2),(0.,3.),.UNSPECIFIED.);
#1805=B_SPLINE_CURVE_WITH_KNOTS('',1,(#4369,#4370),.UNSPECIFIED.,.F.,.F.,
(2,2),(0.,10.0081637929202),.UNSPECIFIED.);
#1806=B_SPLINE_CURVE_WITH_KNOTS('',1,(#4371,#4372),.UNSPECIFIED.,.F.,.F.,
(2,2),(-22.6533212828172,0.),.UNSPECIFIED.);
#1807=B_SPLINE_CURVE_WITH_KNOTS('',1,(#4373,#4374),.UNSPECIFIED.,.F.,.F.,
(2,2),(-22.6533212828172,0.),.UNSPECIFIED.);
#1808=B_SPLINE_CURVE_WITH_KNOTS('',1,(#4414,#4415),.UNSPECIFIED.,.F.,.F.,
(2,2),(0.,36.5999999999997),.UNSPECIFIED.);
#1809=B_SPLINE_CURVE_WITH_KNOTS('',1,(#4418,#4419),.UNSPECIFIED.,.F.,.F.,
(2,2),(0.,17.175099474093),.UNSPECIFIED.);
#1810=B_SPLINE_CURVE_WITH_KNOTS('',1,(#4425,#4426),.UNSPECIFIED.,.F.,.F.,
(2,2),(0.,36.6000000000044),.UNSPECIFIED.);
#1811=B_SPLINE_CURVE_WITH_KNOTS('',1,(#4429,#4430),.UNSPECIFIED.,.F.,.F.,
(2,2),(0.,17.175099474093),.UNSPECIFIED.);
#1812=B_SPLINE_CURVE_WITH_KNOTS('',1,(#4472,#4473),.UNSPECIFIED.,.F.,.F.,
(2,2),(0.,8.079401205099),.UNSPECIFIED.);
#1813=B_SPLINE_CURVE_WITH_KNOTS('',1,(#4476,#4477),.UNSPECIFIED.,.F.,.F.,
(2,2),(-22.6533212828039,0.),.UNSPECIFIED.);
#1814=B_SPLINE_CURVE_WITH_KNOTS('',1,(#4478,#4479),.UNSPECIFIED.,.F.,.F.,
(2,2),(0.,20.079401205099),.UNSPECIFIED.);
#1815=B_SPLINE_CURVE_WITH_KNOTS('',1,(#4480,#4481),.UNSPECIFIED.,.F.,.F.,
(2,2),(0.,20.079401205099),.UNSPECIFIED.);
#1816=B_SPLINE_CURVE_WITH_KNOTS('',1,(#4482,#4483),.UNSPECIFIED.,.F.,.F.,
(2,2),(0.,22.6533212828039),.UNSPECIFIED.);
#1817=B_SPLINE_CURVE_WITH_KNOTS('',1,(#4484,#4485),.UNSPECIFIED.,.F.,.F.,
(2,2),(0.,22.6533212828039),.UNSPECIFIED.);
#1818=B_SPLINE_CURVE_WITH_KNOTS('',1,(#4486,#4487),.UNSPECIFIED.,.F.,.F.,
(2,2),(0.,0.278227089794339),.UNSPECIFIED.);
#1819=B_SPLINE_CURVE_WITH_KNOTS('',1,(#4490,#4491),.UNSPECIFIED.,.F.,.F.,
(2,2),(-20.079401205099,0.),.UNSPECIFIED.);
#1820=B_SPLINE_CURVE_WITH_KNOTS('',1,(#4495,#4496),.UNSPECIFIED.,.F.,.F.,
(2,2),(-0.278227089794339,0.),.UNSPECIFIED.);
#1821=B_SPLINE_CURVE_WITH_KNOTS('',1,(#4497,#4498),.UNSPECIFIED.,.F.,.F.,
(2,2),(0.,20.079401205099),.UNSPECIFIED.);
#1822=B_SPLINE_CURVE_WITH_KNOTS('',1,(#4501,#4502),.UNSPECIFIED.,.F.,.F.,
(2,2),(-22.2073413256088,-2.12794012050996),.UNSPECIFIED.);
#1823=B_SPLINE_CURVE_WITH_KNOTS('',1,(#4503,#4504),.UNSPECIFIED.,.F.,.F.,
(2,2),(-34.861302876219,-25.9718299539913),.UNSPECIFIED.);
#1824=B_SPLINE_CURVE_WITH_KNOTS('',1,(#4507,#4508),.UNSPECIFIED.,.F.,.F.,
(2,2),(0.,20.079401205099),.UNSPECIFIED.);
#1825=B_SPLINE_CURVE_WITH_KNOTS('',1,(#4512,#4513),.UNSPECIFIED.,.F.,.F.,
(2,2),(0.,8.88947292222778),.UNSPECIFIED.);
#1826=B_SPLINE_CURVE_WITH_KNOTS('',1,(#4514,#4515),.UNSPECIFIED.,.F.,.F.,
(2,2),(0.,20.079401205099),.UNSPECIFIED.);
#1827=B_SPLINE_CURVE_WITH_KNOTS('',1,(#4516,#4517),.UNSPECIFIED.,.F.,.F.,
(2,2),(0.,0.278227089785658),.UNSPECIFIED.);
#1828=B_SPLINE_CURVE_WITH_KNOTS('',1,(#4520,#4521),.UNSPECIFIED.,.F.,.F.,
(2,2),(-20.079401205099,0.),.UNSPECIFIED.);
#1829=B_SPLINE_CURVE_WITH_KNOTS('',1,(#4525,#4526),.UNSPECIFIED.,.F.,.F.,
(2,2),(-0.278227089785685,0.),.UNSPECIFIED.);
#1830=B_SPLINE_CURVE_WITH_KNOTS('',1,(#4529,#4530),.UNSPECIFIED.,.F.,.F.,
(2,2),(-22.6533212828172,0.),.UNSPECIFIED.);
#1831=B_SPLINE_CURVE_WITH_KNOTS('',1,(#4533,#4534),.UNSPECIFIED.,.F.,.F.,
(2,2),(0.,8.079401205099),.UNSPECIFIED.);
#1832=B_SPLINE_CURVE_WITH_KNOTS('',1,(#4535,#4536),.UNSPECIFIED.,.F.,.F.,
(2,2),(0.,22.6533212828172),.UNSPECIFIED.);
#1833=B_SPLINE_CURVE_WITH_KNOTS('',1,(#4537,#4538),.UNSPECIFIED.,.F.,.F.,
(2,2),(0.,22.6533212828172),.UNSPECIFIED.);
#1834=B_SPLINE_CURVE_WITH_KNOTS('',1,(#4539,#4540),.UNSPECIFIED.,.F.,.F.,
(2,2),(-7.31531273156275,7.31531273155278),.UNSPECIFIED.);
#1835=B_SPLINE_CURVE_WITH_KNOTS('',1,(#4541,#4542),.UNSPECIFIED.,.F.,.F.,
(2,2),(-7.31531273156275,7.31531273155278),.UNSPECIFIED.);
#1836=B_SPLINE_CURVE_WITH_KNOTS('',1,(#4549,#4550),.UNSPECIFIED.,.F.,.F.,
(2,2),(0.,22.6533212828172),.UNSPECIFIED.);
#1837=B_SPLINE_CURVE_WITH_KNOTS('',1,(#4551,#4552),.UNSPECIFIED.,.F.,.F.,
(2,2),(0.,10.0081637929202),.UNSPECIFIED.);
#1838=B_SPLINE_CURVE_WITH_KNOTS('',1,(#4553,#4554),.UNSPECIFIED.,.F.,.F.,
(2,2),(0.,10.0081637929202),.UNSPECIFIED.);
#1839=B_SPLINE_CURVE_WITH_KNOTS('',1,(#4555,#4556),.UNSPECIFIED.,.F.,.F.,
(2,2),(0.,3.),.UNSPECIFIED.);
#1840=B_SPLINE_CURVE_WITH_KNOTS('',1,(#4557,#4558),.UNSPECIFIED.,.F.,.F.,
(2,2),(0.,3.),.UNSPECIFIED.);
#1841=B_SPLINE_CURVE_WITH_KNOTS('',1,(#4559,#4560),.UNSPECIFIED.,.F.,.F.,
(2,2),(0.,18.7999999999999),.UNSPECIFIED.);
#1842=B_SPLINE_CURVE_WITH_KNOTS('',1,(#4561,#4562),.UNSPECIFIED.,.F.,.F.,
(2,2),(0.,18.7999999999999),.UNSPECIFIED.);
#1843=B_SPLINE_CURVE_WITH_KNOTS('',1,(#4563,#4564),.UNSPECIFIED.,.F.,.F.,
(2,2),(0.,3.),.UNSPECIFIED.);
#1844=B_SPLINE_CURVE_WITH_KNOTS('',1,(#4565,#4566),.UNSPECIFIED.,.F.,.F.,
(2,2),(0.,3.),.UNSPECIFIED.);
#1845=B_SPLINE_CURVE_WITH_KNOTS('',1,(#4567,#4568),.UNSPECIFIED.,.F.,.F.,
(2,2),(0.,10.00816379291),.UNSPECIFIED.);
#1846=B_SPLINE_CURVE_WITH_KNOTS('',1,(#4569,#4570),.UNSPECIFIED.,.F.,.F.,
(2,2),(0.,10.00816379291),.UNSPECIFIED.);
#1847=B_SPLINE_CURVE_WITH_KNOTS('',1,(#4571,#4572),.UNSPECIFIED.,.F.,.F.,
(2,2),(0.,22.6533212828039),.UNSPECIFIED.);
#1848=B_SPLINE_CURVE_WITH_KNOTS('',1,(#4582,#4583),.UNSPECIFIED.,.F.,.F.,
(2,2),(0.,18.7999999999999),.UNSPECIFIED.);
#1849=B_SPLINE_CURVE_WITH_KNOTS('',1,(#4584,#4585),.UNSPECIFIED.,.F.,.F.,
(2,2),(0.,18.7999999999999),.UNSPECIFIED.);
#1850=B_SPLINE_CURVE_WITH_KNOTS('',1,(#4586,#4587),.UNSPECIFIED.,.F.,.F.,
(2,2),(0.,8.079401205099),.UNSPECIFIED.);
#1851=B_SPLINE_CURVE_WITH_KNOTS('',1,(#4588,#4589),.UNSPECIFIED.,.F.,.F.,
(2,2),(0.,8.079401205099),.UNSPECIFIED.);
#1852=B_SPLINE_CURVE_WITH_KNOTS('',1,(#4590,#4591),.UNSPECIFIED.,.F.,.F.,
(2,2),(0.,18.7999999999999),.UNSPECIFIED.);
#1853=B_SPLINE_CURVE_WITH_KNOTS('',1,(#4592,#4593),.UNSPECIFIED.,.F.,.F.,
(2,2),(0.,8.079401205099),.UNSPECIFIED.);
#1854=B_SPLINE_CURVE_WITH_KNOTS('',1,(#4594,#4595),.UNSPECIFIED.,.F.,.F.,
(2,2),(0.,8.079401205099),.UNSPECIFIED.);
#1855=B_SPLINE_CURVE_WITH_KNOTS('',1,(#4596,#4597),.UNSPECIFIED.,.F.,.F.,
(2,2),(0.,8.079401205099),.UNSPECIFIED.);
#1856=B_SPLINE_CURVE_WITH_KNOTS('',1,(#4598,#4599),.UNSPECIFIED.,.F.,.F.,
(2,2),(0.,8.079401205099),.UNSPECIFIED.);
#1857=B_SPLINE_CURVE_WITH_KNOTS('',1,(#4603,#4604),.UNSPECIFIED.,.F.,.F.,
(2,2),(0.,0.147893444300705),.UNSPECIFIED.);
#1858=B_SPLINE_CURVE_WITH_KNOTS('',1,(#4607,#4608),.UNSPECIFIED.,.F.,.F.,
(2,2),(0.,8.079401205099),.UNSPECIFIED.);
#1859=B_SPLINE_CURVE_WITH_KNOTS('',1,(#4609,#4610),.UNSPECIFIED.,.F.,.F.,
(2,2),(0.,0.147540819475633),.UNSPECIFIED.);
#1860=B_SPLINE_CURVE_WITH_KNOTS('',1,(#4611,#4612),.UNSPECIFIED.,.F.,.F.,
(2,2),(0.,0.147540819475633),.UNSPECIFIED.);
#1861=B_SPLINE_CURVE_WITH_KNOTS('',1,(#4613,#4614),.UNSPECIFIED.,.F.,.F.,
(2,2),(0.,8.079401205099),.UNSPECIFIED.);
#1862=B_SPLINE_CURVE_WITH_KNOTS('',1,(#4615,#4616),.UNSPECIFIED.,.F.,.F.,
(2,2),(0.,8.079401205099),.UNSPECIFIED.);
#1863=B_SPLINE_CURVE_WITH_KNOTS('',1,(#4617,#4618),.UNSPECIFIED.,.F.,.F.,
(2,2),(0.,1.93110920066974),.UNSPECIFIED.);
#1864=B_SPLINE_CURVE_WITH_KNOTS('',1,(#4619,#4620),.UNSPECIFIED.,.F.,.F.,
(2,2),(0.,1.93110920066974),.UNSPECIFIED.);
#1865=B_SPLINE_CURVE_WITH_KNOTS('',1,(#4621,#4622,#4623,#4624,#4625,#4626),
 .UNSPECIFIED.,.F.,.F.,(2,1,1,1,1,2),(-18.7999999999997,-15.1806737984498,
-13.9668647878197,-4.8168518680998,-3.6030428574697,0.),.UNSPECIFIED.);
#1866=B_SPLINE_CURVE_WITH_KNOTS('',1,(#4627,#4628,#4629,#4630,#4631,#4632),
 .UNSPECIFIED.,.F.,.F.,(2,1,1,1,1,2),(-18.7999999999997,-15.1806737984498,
-13.9668647878197,-4.8168518680998,-3.6030428574697,0.),.UNSPECIFIED.);
#1867=B_SPLINE_CURVE_WITH_KNOTS('',1,(#4633,#4634),.UNSPECIFIED.,.F.,.F.,
(2,2),(0.,1.93110920066956),.UNSPECIFIED.);
#1868=B_SPLINE_CURVE_WITH_KNOTS('',1,(#4635,#4636),.UNSPECIFIED.,.F.,.F.,
(2,2),(0.,1.93110920066956),.UNSPECIFIED.);
#1869=B_SPLINE_CURVE_WITH_KNOTS('',1,(#4639,#4640,#4641,#4642,#4643,#4644),
 .UNSPECIFIED.,.F.,.F.,(2,1,1,1,1,2),(0.,5.5341252129499,6.74793422358,
15.8979471432999,17.11175615393,22.6621647109598),.UNSPECIFIED.);
#1870=B_SPLINE_CURVE_WITH_KNOTS('',1,(#4645,#4646,#4647,#4648,#4649,#4650),
 .UNSPECIFIED.,.F.,.F.,(2,1,1,1,1,2),(0.,5.5341252129499,6.74793422358,
15.8979471432999,17.11175615393,22.6621647109598),.UNSPECIFIED.);
#1871=B_SPLINE_CURVE_WITH_KNOTS('',1,(#4651,#4652),.UNSPECIFIED.,.F.,.F.,
(2,2),(0.,8.079401205099),.UNSPECIFIED.);
#1872=B_SPLINE_CURVE_WITH_KNOTS('',1,(#4653,#4654),.UNSPECIFIED.,.F.,.F.,
(2,2),(0.,8.079401205099),.UNSPECIFIED.);
#1873=B_SPLINE_CURVE_WITH_KNOTS('',1,(#4655,#4656),.UNSPECIFIED.,.F.,.F.,
(2,2),(0.,0.147540819475252),.UNSPECIFIED.);
#1874=B_SPLINE_CURVE_WITH_KNOTS('',1,(#4657,#4658),.UNSPECIFIED.,.F.,.F.,
(2,2),(0.,0.147540819475252),.UNSPECIFIED.);
#1875=B_SPLINE_CURVE_WITH_KNOTS('',1,(#4659,#4660),.UNSPECIFIED.,.F.,.F.,
(2,2),(0.,8.079401205099),.UNSPECIFIED.);
#1876=B_SPLINE_CURVE_WITH_KNOTS('',1,(#4664,#4665),.UNSPECIFIED.,.F.,.F.,
(2,2),(0.,0.147893444310715),.UNSPECIFIED.);
#1877=B_SPLINE_CURVE_WITH_KNOTS('',1,(#4672,#4673),.UNSPECIFIED.,.F.,.F.,
(2,2),(0.,7.79228035557),.UNSPECIFIED.);
#1878=B_SPLINE_CURVE_WITH_KNOTS('',1,(#4674,#4675),.UNSPECIFIED.,.F.,.F.,
(2,2),(0.,7.79228035557),.UNSPECIFIED.);
#1879=B_SPLINE_CURVE_WITH_KNOTS('',1,(#4680,#4681),.UNSPECIFIED.,.F.,.F.,
(2,2),(-40.8163275858299,0.),.UNSPECIFIED.);
#1880=B_SPLINE_CURVE_WITH_KNOTS('',1,(#4682,#4683),.UNSPECIFIED.,.F.,.F.,
(2,2),(-40.8163275858299,0.),.UNSPECIFIED.);
#1881=B_SPLINE_CURVE_WITH_KNOTS('',1,(#4688,#4689),.UNSPECIFIED.,.F.,.F.,
(2,2),(0.,7.79228039500982),.UNSPECIFIED.);
#1882=B_SPLINE_CURVE_WITH_KNOTS('',1,(#4690,#4691),.UNSPECIFIED.,.F.,.F.,
(2,2),(0.,7.79228039500982),.UNSPECIFIED.);
#1883=B_SPLINE_CURVE_WITH_KNOTS('',1,(#4698,#4699),.UNSPECIFIED.,.F.,.F.,
(2,2),(0.,0.921728609099702),.UNSPECIFIED.);
#1884=B_SPLINE_CURVE_WITH_KNOTS('',1,(#4700,#4701),.UNSPECIFIED.,.F.,.F.,
(2,2),(0.,0.921728609099702),.UNSPECIFIED.);
#1885=B_SPLINE_CURVE_WITH_KNOTS('',1,(#4702,#4703),.UNSPECIFIED.,.F.,.F.,
(2,2),(0.,10.00816379291),.UNSPECIFIED.);
#1886=B_SPLINE_CURVE_WITH_KNOTS('',1,(#4704,#4705),.UNSPECIFIED.,.F.,.F.,
(2,2),(0.,35.57335334549),.UNSPECIFIED.);
#1887=B_SPLINE_CURVE_WITH_KNOTS('',1,(#4709,#4710),.UNSPECIFIED.,.F.,.F.,
(2,2),(0.,7.79228035557),.UNSPECIFIED.);
#1888=B_SPLINE_CURVE_WITH_KNOTS('',1,(#4711,#4712),.UNSPECIFIED.,.F.,.F.,
(2,2),(0.,3.57282308798997),.UNSPECIFIED.);
#1889=B_SPLINE_CURVE_WITH_KNOTS('',1,(#4713,#4714),.UNSPECIFIED.,.F.,.F.,
(2,2),(0.,3.57282308798997),.UNSPECIFIED.);
#1890=B_SPLINE_CURVE_WITH_KNOTS('',1,(#4715,#4716,#4717),.UNSPECIFIED.,
 .F.,.F.,(2,1,2),(0.,2.59626160316,4.5418475974798),.UNSPECIFIED.);
#1891=B_SPLINE_CURVE_WITH_KNOTS('',1,(#4718,#4719,#4720),.UNSPECIFIED.,
 .F.,.F.,(2,1,2),(0.,2.59626160316,4.5418475974798),.UNSPECIFIED.);
#1892=B_SPLINE_CURVE_WITH_KNOTS('',1,(#4721,#4722),.UNSPECIFIED.,.F.,.F.,
(2,2),(0.,3.05457053619),.UNSPECIFIED.);
#1893=B_SPLINE_CURVE_WITH_KNOTS('',1,(#4723,#4724),.UNSPECIFIED.,.F.,.F.,
(2,2),(0.,3.05457053619),.UNSPECIFIED.);
#1894=B_SPLINE_CURVE_WITH_KNOTS('',1,(#4725,#4726),.UNSPECIFIED.,.F.,.F.,
(2,2),(0.,1.6455215076703),.UNSPECIFIED.);
#1895=B_SPLINE_CURVE_WITH_KNOTS('',1,(#4727,#4728),.UNSPECIFIED.,.F.,.F.,
(2,2),(0.,1.6455215076703),.UNSPECIFIED.);
#1896=B_SPLINE_CURVE_WITH_KNOTS('',1,(#4729,#4730,#4731,#4732),
 .UNSPECIFIED.,.F.,.F.,(2,1,1,2),(0.,1.7813023125998,11.0757263517899,12.8570286249396),
 .UNSPECIFIED.);
#1897=B_SPLINE_CURVE_WITH_KNOTS('',1,(#4733,#4734,#4735,#4736),
 .UNSPECIFIED.,.F.,.F.,(2,1,1,2),(0.,1.7813023125998,11.0757263517899,12.8570286249396),
 .UNSPECIFIED.);
#1898=B_SPLINE_CURVE_WITH_KNOTS('',1,(#4737,#4738),.UNSPECIFIED.,.F.,.F.,
(2,2),(0.,1.64552150767036),.UNSPECIFIED.);
#1899=B_SPLINE_CURVE_WITH_KNOTS('',1,(#4739,#4740),.UNSPECIFIED.,.F.,.F.,
(2,2),(0.,1.64552150767036),.UNSPECIFIED.);
#1900=B_SPLINE_CURVE_WITH_KNOTS('',1,(#4741,#4742),.UNSPECIFIED.,.F.,.F.,
(2,2),(0.,3.05457053619),.UNSPECIFIED.);
#1901=B_SPLINE_CURVE_WITH_KNOTS('',1,(#4743,#4744),.UNSPECIFIED.,.F.,.F.,
(2,2),(0.,3.05457053619),.UNSPECIFIED.);
#1902=B_SPLINE_CURVE_WITH_KNOTS('',1,(#4745,#4746,#4747),.UNSPECIFIED.,
 .F.,.F.,(2,1,2),(0.,1.94558599432003,4.54184759748),.UNSPECIFIED.);
#1903=B_SPLINE_CURVE_WITH_KNOTS('',1,(#4748,#4749,#4750),.UNSPECIFIED.,
 .F.,.F.,(2,1,2),(0.,1.94558599432003,4.54184759748),.UNSPECIFIED.);
#1904=B_SPLINE_CURVE_WITH_KNOTS('',1,(#4751,#4752),.UNSPECIFIED.,.F.,.F.,
(2,2),(0.,3.57282308798997),.UNSPECIFIED.);
#1905=B_SPLINE_CURVE_WITH_KNOTS('',1,(#4753,#4754),.UNSPECIFIED.,.F.,.F.,
(2,2),(0.,3.57282308798997),.UNSPECIFIED.);
#1906=B_SPLINE_CURVE_WITH_KNOTS('',1,(#4755,#4756),.UNSPECIFIED.,.F.,.F.,
(2,2),(0.,7.79228039500982),.UNSPECIFIED.);
#1907=B_SPLINE_CURVE_WITH_KNOTS('',1,(#4760,#4761),.UNSPECIFIED.,.F.,.F.,
(2,2),(0.,35.57335334549),.UNSPECIFIED.);
#1908=B_SPLINE_CURVE_WITH_KNOTS('',1,(#4762,#4763),.UNSPECIFIED.,.F.,.F.,
(2,2),(0.,10.0081637929202),.UNSPECIFIED.);
#1909=B_SPLINE_CURVE_WITH_KNOTS('',1,(#4764,#4765),.UNSPECIFIED.,.F.,.F.,
(2,2),(0.,0.92172860909),.UNSPECIFIED.);
#1910=B_SPLINE_CURVE_WITH_KNOTS('',1,(#4766,#4767),.UNSPECIFIED.,.F.,.F.,
(2,2),(0.,0.92172860909),.UNSPECIFIED.);
#1911=B_SPLINE_CURVE_WITH_KNOTS('',1,(#4771,#4772,#4773,#4774,#4775,#4776),
 .UNSPECIFIED.,.F.,.F.,(2,1,1,1,1,2),(0.,5.5341252129499,6.74793422358,
15.8979471432999,17.11175615393,22.6621647109598),.UNSPECIFIED.);
#1912=B_SPLINE_CURVE_WITH_KNOTS('',1,(#4860,#4861),.UNSPECIFIED.,.F.,.F.,
(2,2),(0.,11.61226239623),.UNSPECIFIED.);
#1913=B_SPLINE_CURVE_WITH_KNOTS('',1,(#4862,#4863),.UNSPECIFIED.,.F.,.F.,
(2,2),(-1651.64727444472,0.),.UNSPECIFIED.);
#1914=B_SPLINE_CURVE_WITH_KNOTS('',1,(#4864,#4865),.UNSPECIFIED.,.F.,.F.,
(2,2),(0.,11.61226239623),.UNSPECIFIED.);
#1915=B_SPLINE_CURVE_WITH_KNOTS('',1,(#4866,#4867),.UNSPECIFIED.,.F.,.F.,
(2,2),(0.,1651.64727444472),.UNSPECIFIED.);
#1916=B_SPLINE_CURVE_WITH_KNOTS('',1,(#4868,#4869),.UNSPECIFIED.,.F.,.F.,
(2,2),(0.,1651.64727444472),.UNSPECIFIED.);
#1917=B_SPLINE_CURVE_WITH_KNOTS('',1,(#4870,#4871),.UNSPECIFIED.,.F.,.F.,
(2,2),(0.,11.61226239623),.UNSPECIFIED.);
#1918=B_SPLINE_CURVE_WITH_KNOTS('',1,(#4872,#4873),.UNSPECIFIED.,.F.,.F.,
(2,2),(-1651.64727444472,0.),.UNSPECIFIED.);
#1919=B_SPLINE_CURVE_WITH_KNOTS('',1,(#4874,#4875),.UNSPECIFIED.,.F.,.F.,
(2,2),(0.,11.61226239623),.UNSPECIFIED.);
#1920=B_SPLINE_CURVE_WITH_KNOTS('',1,(#4876,#4877),.UNSPECIFIED.,.F.,.F.,
(2,2),(0.,1.6455215076703),.UNSPECIFIED.);
#1921=B_SPLINE_CURVE_WITH_KNOTS('',1,(#4884,#4885),.UNSPECIFIED.,.F.,.F.,
(2,2),(0.,1.00816179066),.UNSPECIFIED.);
#1922=B_SPLINE_CURVE_WITH_KNOTS('',1,(#4886,#4887),.UNSPECIFIED.,.F.,.F.,
(2,2),(0.,1.00816179066),.UNSPECIFIED.);
#1923=B_SPLINE_CURVE_WITH_KNOTS('',1,(#4894,#4895),.UNSPECIFIED.,.F.,.F.,
(2,2),(-15.822605492802,0.),.UNSPECIFIED.);
#1924=B_SPLINE_CURVE_WITH_KNOTS('',1,(#4896,#4897),.UNSPECIFIED.,.F.,.F.,
(2,2),(0.,3.57282308798997),.UNSPECIFIED.);
#1925=B_SPLINE_CURVE_WITH_KNOTS('',1,(#4901,#4902),.UNSPECIFIED.,.F.,.F.,
(2,2),(0.,15.8226054927984),.UNSPECIFIED.);
#1926=B_SPLINE_CURVE_WITH_KNOTS('',1,(#4903,#4904),.UNSPECIFIED.,.F.,.F.,
(2,2),(0.,3.57282308798997),.UNSPECIFIED.);
#1927=B_SPLINE_CURVE_WITH_KNOTS('',1,(#4905,#4906),.UNSPECIFIED.,.F.,.F.,
(2,2),(0.,3.57282308798997),.UNSPECIFIED.);
#1928=B_SPLINE_CURVE_WITH_KNOTS('',1,(#4907,#4908,#4909),.UNSPECIFIED.,
 .F.,.F.,(2,1,2),(0.,1.94558599432003,4.54184759748),.UNSPECIFIED.);
#1929=B_SPLINE_CURVE_WITH_KNOTS('',1,(#4916,#4917),.UNSPECIFIED.,.F.,.F.,
(2,2),(0.,3.35231241849401),.UNSPECIFIED.);
#1930=B_SPLINE_CURVE_WITH_KNOTS('',1,(#4918,#4919),.UNSPECIFIED.,.F.,.F.,
(2,2),(0.,3.35231241849401),.UNSPECIFIED.);
#1931=B_SPLINE_CURVE_WITH_KNOTS('',1,(#4923,#4924),.UNSPECIFIED.,.F.,.F.,
(2,2),(-9.1947934860407,0.),.UNSPECIFIED.);
#1932=B_SPLINE_CURVE_WITH_KNOTS('',1,(#4925,#4926),.UNSPECIFIED.,.F.,.F.,
(2,2),(0.,3.05457053619),.UNSPECIFIED.);
#1933=B_SPLINE_CURVE_WITH_KNOTS('',1,(#4930,#4931),.UNSPECIFIED.,.F.,.F.,
(2,2),(0.,9.19479348604001),.UNSPECIFIED.);
#1934=B_SPLINE_CURVE_WITH_KNOTS('',1,(#4932,#4933),.UNSPECIFIED.,.F.,.F.,
(2,2),(-3.05457053619,0.),.UNSPECIFIED.);
#1935=B_SPLINE_CURVE_WITH_KNOTS('',1,(#4934,#4935),.UNSPECIFIED.,.F.,.F.,
(2,2),(-3.05457053619,0.),.UNSPECIFIED.);
#1936=B_SPLINE_CURVE_WITH_KNOTS('',1,(#4936,#4937),.UNSPECIFIED.,.F.,.F.,
(2,2),(0.,1.64552150767036),.UNSPECIFIED.);
#1937=B_SPLINE_CURVE_WITH_KNOTS('',1,(#4944,#4945),.UNSPECIFIED.,.F.,.F.,
(2,2),(0.,1.00816179066),.UNSPECIFIED.);
#1938=B_SPLINE_CURVE_WITH_KNOTS('',1,(#4955,#4956),.UNSPECIFIED.,.F.,.F.,
(2,2),(0.,15.8226055422801),.UNSPECIFIED.);
#1939=B_SPLINE_CURVE_WITH_KNOTS('',1,(#4957,#4958),.UNSPECIFIED.,.F.,.F.,
(2,2),(0.,3.57282308798997),.UNSPECIFIED.);
#1940=B_SPLINE_CURVE_WITH_KNOTS('',1,(#4959,#4960),.UNSPECIFIED.,.F.,.F.,
(2,2),(-15.8226055422822,0.),.UNSPECIFIED.);
#1941=B_SPLINE_CURVE_WITH_KNOTS('',1,(#4961,#4962),.UNSPECIFIED.,.F.,.F.,
(2,2),(0.,3.57282308798997),.UNSPECIFIED.);
#1942=B_SPLINE_CURVE_WITH_KNOTS('',1,(#4963,#4964,#4965),.UNSPECIFIED.,
 .F.,.F.,(2,1,2),(0.,2.59626160316,4.5418475974798),.UNSPECIFIED.);
#1943=B_SPLINE_CURVE_WITH_KNOTS('',1,(#4969,#4970),.UNSPECIFIED.,.F.,.F.,
(2,2),(0.,3.35231241849401),.UNSPECIFIED.);
#1944=B_SPLINE_CURVE_WITH_KNOTS('',1,(#4974,#4975),.UNSPECIFIED.,.F.,.F.,
(2,2),(-9.19479344110429,0.),.UNSPECIFIED.);
#1945=B_SPLINE_CURVE_WITH_KNOTS('',1,(#4976,#4977),.UNSPECIFIED.,.F.,.F.,
(2,2),(0.,3.05457053619),.UNSPECIFIED.);
#1946=B_SPLINE_CURVE_WITH_KNOTS('',1,(#4978,#4979),.UNSPECIFIED.,.F.,.F.,
(2,2),(-9.19479344110576,0.),.UNSPECIFIED.);
#1947=B_SPLINE_CURVE_WITH_KNOTS('',1,(#4980,#4981),.UNSPECIFIED.,.F.,.F.,
(2,2),(-3.05457053619,0.),.UNSPECIFIED.);
#1948=B_SPLINE_CURVE_WITH_KNOTS('',1,(#4982,#4983,#4984,#4985),
 .UNSPECIFIED.,.F.,.F.,(2,1,1,2),(0.,1.7813023125998,11.0757263517899,12.8570286249396),
 .UNSPECIFIED.);
#1949=B_SPLINE_CURVE_WITH_KNOTS('',1,(#4992,#4993),.UNSPECIFIED.,.F.,.F.,
(2,2),(0.,12.),.UNSPECIFIED.);
#1950=B_SPLINE_CURVE_WITH_KNOTS('',1,(#4994,#4995),.UNSPECIFIED.,.F.,.F.,
(2,2),(0.,12.),.UNSPECIFIED.);
#1951=B_SPLINE_CURVE_WITH_KNOTS('',1,(#4999,#5000),.UNSPECIFIED.,.F.,.F.,
(2,2),(0.,12.),.UNSPECIFIED.);
#1952=B_SPLINE_CURVE_WITH_KNOTS('',1,(#5001,#5002),.UNSPECIFIED.,.F.,.F.,
(2,2),(0.,12.),.UNSPECIFIED.);
#1953=B_SPLINE_CURVE_WITH_KNOTS('',1,(#5006,#5007),.UNSPECIFIED.,.F.,.F.,
(2,2),(0.,18.7999999999999),.UNSPECIFIED.);
#1954=B_SPLINE_CURVE_WITH_KNOTS('',1,(#5008,#5009),.UNSPECIFIED.,.F.,.F.,
(2,2),(0.,1.93601641418999),.UNSPECIFIED.);
#1955=B_SPLINE_CURVE_WITH_KNOTS('',1,(#5010,#5011),.UNSPECIFIED.,.F.,.F.,
(2,2),(0.,1.93601641418999),.UNSPECIFIED.);
#1956=B_SPLINE_CURVE_WITH_KNOTS('',1,(#5012,#5013),.UNSPECIFIED.,.F.,.F.,
(2,2),(0.,18.7999999999999),.UNSPECIFIED.);
#1957=B_SPLINE_CURVE_WITH_KNOTS('',1,(#5014,#5015),.UNSPECIFIED.,.F.,.F.,
(2,2),(0.,1.93601641418999),.UNSPECIFIED.);
#1958=B_SPLINE_CURVE_WITH_KNOTS('',1,(#5016,#5017),.UNSPECIFIED.,.F.,.F.,
(2,2),(0.,1.93601641418999),.UNSPECIFIED.);
#1959=B_SPLINE_CURVE_WITH_KNOTS('',1,(#5018,#5019),.UNSPECIFIED.,.F.,.F.,
(2,2),(-0.147540819475633,0.),.UNSPECIFIED.);
#1960=B_SPLINE_CURVE_WITH_KNOTS('',1,(#5020,#5021),.UNSPECIFIED.,.F.,.F.,
(2,2),(-0.147540819475633,0.),.UNSPECIFIED.);
#1961=B_SPLINE_CURVE_WITH_KNOTS('',1,(#5022,#5023),.UNSPECIFIED.,.F.,.F.,
(2,2),(-1.93110920066956,0.),.UNSPECIFIED.);
#1962=B_SPLINE_CURVE_WITH_KNOTS('',1,(#5024,#5025),.UNSPECIFIED.,.F.,.F.,
(2,2),(-1.93110920066956,0.),.UNSPECIFIED.);
#1963=B_SPLINE_CURVE_WITH_KNOTS('',1,(#5026,#5027,#5028,#5029,#5030,#5031),
 .UNSPECIFIED.,.F.,.F.,(2,1,1,1,1,2),(-18.7999999999997,-15.1806737984498,
-13.9668647878197,-4.8168518680998,-3.6030428574697,0.),.UNSPECIFIED.);
#1964=B_SPLINE_CURVE_WITH_KNOTS('',1,(#5032,#5033),.UNSPECIFIED.,.F.,.F.,
(2,2),(-1.93110920066974,0.),.UNSPECIFIED.);
#1965=B_SPLINE_CURVE_WITH_KNOTS('',1,(#5034,#5035),.UNSPECIFIED.,.F.,.F.,
(2,2),(-1.93110920066974,0.),.UNSPECIFIED.);
#1966=B_SPLINE_CURVE_WITH_KNOTS('',1,(#5036,#5037),.UNSPECIFIED.,.F.,.F.,
(2,2),(-0.147540819475252,0.),.UNSPECIFIED.);
#1967=B_SPLINE_CURVE_WITH_KNOTS('',1,(#5038,#5039),.UNSPECIFIED.,.F.,.F.,
(2,2),(-0.147540819475252,0.),.UNSPECIFIED.);
#1968=B_SPLINE_CURVE_WITH_KNOTS('',1,(#5040,#5041),.UNSPECIFIED.,.F.,.F.,
(2,2),(0.,0.9217286091),.UNSPECIFIED.);
#1969=B_SPLINE_CURVE_WITH_KNOTS('',1,(#5042,#5043),.UNSPECIFIED.,.F.,.F.,
(2,2),(0.,0.9217286091),.UNSPECIFIED.);
#1970=B_SPLINE_CURVE_WITH_KNOTS('',1,(#5044,#5045,#5046,#5047),
 .UNSPECIFIED.,.F.,.F.,(2,1,1,2),(0.,1.05873524482001,6.34839853506,9.35333259377001),
 .UNSPECIFIED.);
#1971=B_SPLINE_CURVE_WITH_KNOTS('',1,(#5048,#5049,#5050,#5051),
 .UNSPECIFIED.,.F.,.F.,(2,1,1,2),(0.,1.05873524482001,6.34839853506,9.35333259377001),
 .UNSPECIFIED.);
#1972=B_SPLINE_CURVE_WITH_KNOTS('',1,(#5052,#5053),.UNSPECIFIED.,.F.,.F.,
(2,2),(0.,10.0081637929202),.UNSPECIFIED.);
#1973=B_SPLINE_CURVE_WITH_KNOTS('',1,(#5054,#5055),.UNSPECIFIED.,.F.,.F.,
(2,2),(0.,44.92668593926),.UNSPECIFIED.);
#1974=B_SPLINE_CURVE_WITH_KNOTS('',1,(#5059,#5060),.UNSPECIFIED.,.F.,.F.,
(2,2),(-40.8163275858299,0.),.UNSPECIFIED.);
#1975=B_SPLINE_CURVE_WITH_KNOTS('',1,(#5064,#5065),.UNSPECIFIED.,.F.,.F.,
(2,2),(0.,44.92668593926),.UNSPECIFIED.);
#1976=B_SPLINE_CURVE_WITH_KNOTS('',1,(#5066,#5067),.UNSPECIFIED.,.F.,.F.,
(2,2),(0.,10.00816379291),.UNSPECIFIED.);
#1977=B_SPLINE_CURVE_WITH_KNOTS('',1,(#5068,#5069,#5070,#5071),
 .UNSPECIFIED.,.F.,.F.,(2,1,1,2),(0.,3.00493405871001,8.29459734894999,
9.35333259377001),.UNSPECIFIED.);
#1978=B_SPLINE_CURVE_WITH_KNOTS('',1,(#5072,#5073,#5074,#5075),
 .UNSPECIFIED.,.F.,.F.,(2,1,1,2),(0.,3.00493405871001,8.29459734894999,
9.35333259377001),.UNSPECIFIED.);
#1979=B_SPLINE_CURVE_WITH_KNOTS('',1,(#5076,#5077),.UNSPECIFIED.,.F.,.F.,
(2,2),(0.,0.921728609100001),.UNSPECIFIED.);
#1980=B_SPLINE_CURVE_WITH_KNOTS('',1,(#5078,#5079),.UNSPECIFIED.,.F.,.F.,
(2,2),(0.,0.921728609100001),.UNSPECIFIED.);
#1981=B_SPLINE_CURVE_WITH_KNOTS('',1,(#5184,#5185),.UNSPECIFIED.,.F.,.F.,
(2,2),(0.,8.079401205099),.UNSPECIFIED.);
#1982=B_SPLINE_CURVE_WITH_KNOTS('',1,(#5186,#5187),.UNSPECIFIED.,.F.,.F.,
(2,2),(0.,1.93601641418999),.UNSPECIFIED.);
#1983=B_SPLINE_CURVE_WITH_KNOTS('',1,(#5188,#5189),.UNSPECIFIED.,.F.,.F.,
(2,2),(0.,12.),.UNSPECIFIED.);
#1984=B_SPLINE_CURVE_WITH_KNOTS('',1,(#5190,#5191),.UNSPECIFIED.,.F.,.F.,
(2,2),(0.,9.35333259377001),.UNSPECIFIED.);
#1985=B_SPLINE_CURVE_WITH_KNOTS('',1,(#5192,#5193),.UNSPECIFIED.,.F.,.F.,
(2,2),(0.,9.35333259377001),.UNSPECIFIED.);
#1986=B_SPLINE_CURVE_WITH_KNOTS('',1,(#5194,#5195),.UNSPECIFIED.,.F.,.F.,
(2,2),(0.,20.079401205099),.UNSPECIFIED.);
#1987=B_SPLINE_CURVE_WITH_KNOTS('',1,(#5196,#5197),.UNSPECIFIED.,.F.,.F.,
(2,2),(0.,20.079401205099),.UNSPECIFIED.);
#1988=B_SPLINE_CURVE_WITH_KNOTS('',1,(#5198,#5199),.UNSPECIFIED.,.F.,.F.,
(2,2),(0.,7.41731617958001),.UNSPECIFIED.);
#1989=B_SPLINE_CURVE_WITH_KNOTS('',1,(#5200,#5201),.UNSPECIFIED.,.F.,.F.,
(2,2),(0.,7.41731617958001),.UNSPECIFIED.);
#1990=B_SPLINE_CURVE_WITH_KNOTS('',1,(#5202,#5203),.UNSPECIFIED.,.F.,.F.,
(2,2),(0.,3.),.UNSPECIFIED.);
#1991=B_SPLINE_CURVE_WITH_KNOTS('',1,(#5204,#5205),.UNSPECIFIED.,.F.,.F.,
(2,2),(0.,3.),.UNSPECIFIED.);
#1992=B_SPLINE_CURVE_WITH_KNOTS('',1,(#5206,#5207),.UNSPECIFIED.,.F.,.F.,
(2,2),(0.,9.35333259377001),.UNSPECIFIED.);
#1993=B_SPLINE_CURVE_WITH_KNOTS('',1,(#5208,#5209),.UNSPECIFIED.,.F.,.F.,
(2,2),(0.,3.),.UNSPECIFIED.);
#1994=B_SPLINE_CURVE_WITH_KNOTS('',1,(#5210,#5211,#5212,#5213),
 .UNSPECIFIED.,.F.,.F.,(2,1,1,2),(0.,1.05873524482001,6.34839853506,9.35333259377001),
 .UNSPECIFIED.);
#1995=B_SPLINE_CURVE_WITH_KNOTS('',1,(#5214,#5215,#5216,#5217),
 .UNSPECIFIED.,.F.,.F.,(2,1,1,2),(0.,3.00493405871001,8.29459734894999,
9.35333259377001),.UNSPECIFIED.);
#1996=B_SPLINE_CURVE_WITH_KNOTS('',1,(#5218,#5219),.UNSPECIFIED.,.F.,.F.,
(2,2),(0.,3.),.UNSPECIFIED.);
#1997=B_SPLINE_CURVE_WITH_KNOTS('',1,(#5220,#5221),.UNSPECIFIED.,.F.,.F.,
(2,2),(0.,1.93601641418999),.UNSPECIFIED.);
#1998=B_SPLINE_CURVE_WITH_KNOTS('',1,(#5222,#5223),.UNSPECIFIED.,.F.,.F.,
(2,2),(0.,7.41731617958001),.UNSPECIFIED.);
#1999=B_SPLINE_CURVE_WITH_KNOTS('',1,(#5224,#5225),.UNSPECIFIED.,.F.,.F.,
(2,2),(-1.93110920066956,0.),.UNSPECIFIED.);
#2000=B_SPLINE_CURVE_WITH_KNOTS('',1,(#5226,#5227),.UNSPECIFIED.,.F.,.F.,
(2,2),(-0.147540819475633,0.),.UNSPECIFIED.);
#2001=B_SPLINE_CURVE_WITH_KNOTS('',1,(#5228,#5229),.UNSPECIFIED.,.F.,.F.,
(2,2),(0.,0.921728609100001),.UNSPECIFIED.);
#2002=B_SPLINE_CURVE_WITH_KNOTS('',1,(#5230,#5231),.UNSPECIFIED.,.F.,.F.,
(2,2),(0.,8.079401205099),.UNSPECIFIED.);
#2003=B_SPLINE_CURVE_WITH_KNOTS('',1,(#5232,#5233),.UNSPECIFIED.,.F.,.F.,
(2,2),(0.,0.147540819475633),.UNSPECIFIED.);
#2004=B_SPLINE_CURVE_WITH_KNOTS('',1,(#5234,#5235),.UNSPECIFIED.,.F.,.F.,
(2,2),(0.,1.93110920066956),.UNSPECIFIED.);
#2005=B_SPLINE_CURVE_WITH_KNOTS('',1,(#5236,#5237),.UNSPECIFIED.,.F.,.F.,
(2,2),(0.,20.079401205099),.UNSPECIFIED.);
#2006=B_SPLINE_CURVE_WITH_KNOTS('',1,(#5238,#5239),.UNSPECIFIED.,.F.,.F.,
(2,2),(0.,3.),.UNSPECIFIED.);
#2007=B_SPLINE_CURVE_WITH_KNOTS('',1,(#5240,#5241),.UNSPECIFIED.,.F.,.F.,
(2,2),(0.,12.),.UNSPECIFIED.);
#2008=B_SPLINE_CURVE_WITH_KNOTS('',1,(#5242,#5243),.UNSPECIFIED.,.F.,.F.,
(2,2),(0.,0.921728609099702),.UNSPECIFIED.);
#2009=B_SPLINE_CURVE_WITH_KNOTS('',1,(#5244,#5245),.UNSPECIFIED.,.F.,.F.,
(2,2),(0.,8.079401205099),.UNSPECIFIED.);
#2010=B_SPLINE_CURVE_WITH_KNOTS('',1,(#5246,#5247),.UNSPECIFIED.,.F.,.F.,
(2,2),(0.,7.41731617958001),.UNSPECIFIED.);
#2011=B_SPLINE_CURVE_WITH_KNOTS('',1,(#5248,#5249),.UNSPECIFIED.,.F.,.F.,
(2,2),(0.,7.41731617958001),.UNSPECIFIED.);
#2012=B_SPLINE_CURVE_WITH_KNOTS('',1,(#5250,#5251),.UNSPECIFIED.,.F.,.F.,
(2,2),(0.,20.079401205099),.UNSPECIFIED.);
#2013=B_SPLINE_CURVE_WITH_KNOTS('',1,(#5252,#5253),.UNSPECIFIED.,.F.,.F.,
(2,2),(0.,20.079401205099),.UNSPECIFIED.);
#2014=B_SPLINE_CURVE_WITH_KNOTS('',1,(#5254,#5255),.UNSPECIFIED.,.F.,.F.,
(2,2),(0.,9.35333259377001),.UNSPECIFIED.);
#2015=B_SPLINE_CURVE_WITH_KNOTS('',1,(#5256,#5257),.UNSPECIFIED.,.F.,.F.,
(2,2),(0.,9.35333259377001),.UNSPECIFIED.);
#2016=B_SPLINE_CURVE_WITH_KNOTS('',1,(#5258,#5259),.UNSPECIFIED.,.F.,.F.,
(2,2),(0.,12.),.UNSPECIFIED.);
#2017=B_SPLINE_CURVE_WITH_KNOTS('',1,(#5260,#5261),.UNSPECIFIED.,.F.,.F.,
(2,2),(0.,1.93601641418999),.UNSPECIFIED.);
#2018=B_SPLINE_CURVE_WITH_KNOTS('',1,(#5262,#5263,#5264,#5265),
 .UNSPECIFIED.,.F.,.F.,(2,1,1,2),(0.,3.00493405871001,8.29459734894999,
9.35333259377001),.UNSPECIFIED.);
#2019=B_SPLINE_CURVE_WITH_KNOTS('',1,(#5266,#5267),.UNSPECIFIED.,.F.,.F.,
(2,2),(0.,3.),.UNSPECIFIED.);
#2020=B_SPLINE_CURVE_WITH_KNOTS('',1,(#5268,#5269),.UNSPECIFIED.,.F.,.F.,
(2,2),(0.,9.35333259377001),.UNSPECIFIED.);
#2021=B_SPLINE_CURVE_WITH_KNOTS('',1,(#5270,#5271),.UNSPECIFIED.,.F.,.F.,
(2,2),(0.,3.),.UNSPECIFIED.);
#2022=B_SPLINE_CURVE_WITH_KNOTS('',1,(#5272,#5273),.UNSPECIFIED.,.F.,.F.,
(2,2),(0.,3.),.UNSPECIFIED.);
#2023=B_SPLINE_CURVE_WITH_KNOTS('',1,(#5274,#5275),.UNSPECIFIED.,.F.,.F.,
(2,2),(0.,0.9217286091),.UNSPECIFIED.);
#2024=B_SPLINE_CURVE_WITH_KNOTS('',1,(#5276,#5277),.UNSPECIFIED.,.F.,.F.,
(2,2),(-0.147540819475252,0.),.UNSPECIFIED.);
#2025=B_SPLINE_CURVE_WITH_KNOTS('',1,(#5278,#5279),.UNSPECIFIED.,.F.,.F.,
(2,2),(-1.93110920066974,0.),.UNSPECIFIED.);
#2026=B_SPLINE_CURVE_WITH_KNOTS('',1,(#5280,#5281),.UNSPECIFIED.,.F.,.F.,
(2,2),(0.,7.41731617958001),.UNSPECIFIED.);
#2027=B_SPLINE_CURVE_WITH_KNOTS('',1,(#5282,#5283),.UNSPECIFIED.,.F.,.F.,
(2,2),(0.,1.93601641418999),.UNSPECIFIED.);
#2028=B_SPLINE_CURVE_WITH_KNOTS('',1,(#5284,#5285),.UNSPECIFIED.,.F.,.F.,
(2,2),(0.,3.),.UNSPECIFIED.);
#2029=B_SPLINE_CURVE_WITH_KNOTS('',1,(#5286,#5287,#5288,#5289),
 .UNSPECIFIED.,.F.,.F.,(2,1,1,2),(0.,1.05873524482001,6.34839853506,9.35333259377001),
 .UNSPECIFIED.);
#2030=B_SPLINE_CURVE_WITH_KNOTS('',1,(#5290,#5291),.UNSPECIFIED.,.F.,.F.,
(2,2),(0.,12.),.UNSPECIFIED.);
#2031=B_SPLINE_CURVE_WITH_KNOTS('',1,(#5292,#5293),.UNSPECIFIED.,.F.,.F.,
(2,2),(0.,3.),.UNSPECIFIED.);
#2032=B_SPLINE_CURVE_WITH_KNOTS('',1,(#5294,#5295),.UNSPECIFIED.,.F.,.F.,
(2,2),(0.,20.079401205099),.UNSPECIFIED.);
#2033=B_SPLINE_CURVE_WITH_KNOTS('',1,(#5296,#5297),.UNSPECIFIED.,.F.,.F.,
(2,2),(0.,1.93110920066974),.UNSPECIFIED.);
#2034=B_SPLINE_CURVE_WITH_KNOTS('',1,(#5298,#5299),.UNSPECIFIED.,.F.,.F.,
(2,2),(0.,0.147540819475252),.UNSPECIFIED.);
#2035=B_SPLINE_CURVE_WITH_KNOTS('',1,(#5300,#5301),.UNSPECIFIED.,.F.,.F.,
(2,2),(0.,8.079401205099),.UNSPECIFIED.);
#2036=B_SPLINE_CURVE_WITH_KNOTS('',1,(#5302,#5303),.UNSPECIFIED.,.F.,.F.,
(2,2),(0.,0.92172860909),.UNSPECIFIED.);
#2037=B_SPLINE_CURVE_WITH_KNOTS('',1,(#5304,#5305),.UNSPECIFIED.,.F.,.F.,
(2,2),(0.,17.175099474093),.UNSPECIFIED.);
#2038=B_SPLINE_CURVE_WITH_KNOTS('',1,(#5306,#5307),.UNSPECIFIED.,.F.,.F.,
(2,2),(-36.5999999999955,0.),.UNSPECIFIED.);
#2039=B_SPLINE_CURVE_WITH_KNOTS('',1,(#5308,#5309),.UNSPECIFIED.,.F.,.F.,
(2,2),(0.,17.175099474093),.UNSPECIFIED.);
#2040=B_SPLINE_CURVE_WITH_KNOTS('',1,(#5310,#5311),.UNSPECIFIED.,.F.,.F.,
(2,2),(-36.5999999999994,0.),.UNSPECIFIED.);
#2041=B_SPLINE_CURVE_WITH_KNOTS('',1,(#5328,#5329),.UNSPECIFIED.,.F.,.F.,
(2,2),(0.,1.37865777481656),.UNSPECIFIED.);
#2042=B_SPLINE_CURVE_WITH_KNOTS('',1,(#5330,#5331),.UNSPECIFIED.,.F.,.F.,
(2,2),(0.,1.37865777481656),.UNSPECIFIED.);
#2043=B_SPLINE_CURVE_WITH_KNOTS('',1,(#5342,#5343),.UNSPECIFIED.,.F.,.F.,
(2,2),(0.,1.37915565261775),.UNSPECIFIED.);
#2044=B_SPLINE_CURVE_WITH_KNOTS('',1,(#5344,#5345),.UNSPECIFIED.,.F.,.F.,
(2,2),(0.,1.37915565261775),.UNSPECIFIED.);
#2045=B_SPLINE_CURVE_WITH_KNOTS('',1,(#5362,#5363),.UNSPECIFIED.,.F.,.F.,
(2,2),(0.,1.37915565261775),.UNSPECIFIED.);
#2046=B_SPLINE_CURVE_WITH_KNOTS('',1,(#5374,#5375),.UNSPECIFIED.,.F.,.F.,
(2,2),(0.,1.37865777481656),.UNSPECIFIED.);
#2047=B_SPLINE_CURVE_WITH_KNOTS('',1,(#5386,#5387),.UNSPECIFIED.,.F.,.F.,
(2,2),(0.,1.37865777557222),.UNSPECIFIED.);
#2048=B_SPLINE_CURVE_WITH_KNOTS('',1,(#5388,#5389),.UNSPECIFIED.,.F.,.F.,
(2,2),(0.,1.37865777557222),.UNSPECIFIED.);
#2049=B_SPLINE_CURVE_WITH_KNOTS('',1,(#5400,#5401),.UNSPECIFIED.,.F.,.F.,
(2,2),(0.,1.37915565315583),.UNSPECIFIED.);
#2050=B_SPLINE_CURVE_WITH_KNOTS('',1,(#5402,#5403),.UNSPECIFIED.,.F.,.F.,
(2,2),(0.,1.37915565315583),.UNSPECIFIED.);
#2051=B_SPLINE_CURVE_WITH_KNOTS('',1,(#5426,#5427),.UNSPECIFIED.,.F.,.F.,
(2,2),(0.,1.37915565315583),.UNSPECIFIED.);
#2052=B_SPLINE_CURVE_WITH_KNOTS('',1,(#5438,#5439),.UNSPECIFIED.,.F.,.F.,
(2,2),(0.,1.37865777557222),.UNSPECIFIED.);
#2053=B_SPLINE_CURVE_WITH_KNOTS('',1,(#5450,#5451),.UNSPECIFIED.,.F.,.F.,
(2,2),(-1.37865538387559,0.),.UNSPECIFIED.);
#2054=B_SPLINE_CURVE_WITH_KNOTS('',1,(#5452,#5453),.UNSPECIFIED.,.F.,.F.,
(2,2),(-1.37865538387559,0.),.UNSPECIFIED.);
#2055=B_SPLINE_CURVE_WITH_KNOTS('',1,(#5464,#5465),.UNSPECIFIED.,.F.,.F.,
(2,2),(-1.37915407356668,0.),.UNSPECIFIED.);
#2056=B_SPLINE_CURVE_WITH_KNOTS('',1,(#5466,#5467),.UNSPECIFIED.,.F.,.F.,
(2,2),(-1.37915407356668,0.),.UNSPECIFIED.);
#2057=B_SPLINE_CURVE_WITH_KNOTS('',1,(#5490,#5491),.UNSPECIFIED.,.F.,.F.,
(2,2),(-1.37915407356668,0.),.UNSPECIFIED.);
#2058=B_SPLINE_CURVE_WITH_KNOTS('',1,(#5502,#5503),.UNSPECIFIED.,.F.,.F.,
(2,2),(-1.37865538387559,0.),.UNSPECIFIED.);
#2059=B_SPLINE_CURVE_WITH_KNOTS('',1,(#5514,#5515),.UNSPECIFIED.,.F.,.F.,
(2,2),(0.,1.37865538339648),.UNSPECIFIED.);
#2060=B_SPLINE_CURVE_WITH_KNOTS('',1,(#5516,#5517),.UNSPECIFIED.,.F.,.F.,
(2,2),(0.,1.37865538339648),.UNSPECIFIED.);
#2061=B_SPLINE_CURVE_WITH_KNOTS('',1,(#5528,#5529),.UNSPECIFIED.,.F.,.F.,
(2,2),(-1.37915407328505,0.),.UNSPECIFIED.);
#2062=B_SPLINE_CURVE_WITH_KNOTS('',1,(#5530,#5531),.UNSPECIFIED.,.F.,.F.,
(2,2),(-1.37915407328505,0.),.UNSPECIFIED.);
#2063=B_SPLINE_CURVE_WITH_KNOTS('',1,(#5554,#5555),.UNSPECIFIED.,.F.,.F.,
(2,2),(-1.37915407328505,0.),.UNSPECIFIED.);
#2064=B_SPLINE_CURVE_WITH_KNOTS('',1,(#5566,#5567),.UNSPECIFIED.,.F.,.F.,
(2,2),(0.,1.37865538339648),.UNSPECIFIED.);
#2065=B_SPLINE_CURVE_WITH_KNOTS('',1,(#5568,#5569),.UNSPECIFIED.,.F.,.F.,
(2,2),(0.,5.07694347230361),.UNSPECIFIED.);
#2066=B_SPLINE_CURVE_WITH_KNOTS('',1,(#5570,#5571),.UNSPECIFIED.,.F.,.F.,
(2,2),(0.,5.07694347230361),.UNSPECIFIED.);
#2067=B_SPLINE_CURVE_WITH_KNOTS('',1,(#5572,#5573),.UNSPECIFIED.,.F.,.F.,
(2,2),(-6.79999999999994,0.),.UNSPECIFIED.);
#2068=B_SPLINE_CURVE_WITH_KNOTS('',1,(#5574,#5575),.UNSPECIFIED.,.F.,.F.,
(2,2),(-5.0771104284017,0.),.UNSPECIFIED.);
#2069=B_SPLINE_CURVE_WITH_KNOTS('',1,(#5576,#5577),.UNSPECIFIED.,.F.,.F.,
(2,2),(-5.0771104284017,0.),.UNSPECIFIED.);
#2070=B_SPLINE_CURVE_WITH_KNOTS('',1,(#5578,#5579),.UNSPECIFIED.,.F.,.F.,
(2,2),(0.,6.79999995737947),.UNSPECIFIED.);
#2071=B_SPLINE_CURVE_WITH_KNOTS('',1,(#5580,#5581),.UNSPECIFIED.,.F.,.F.,
(2,2),(0.,5.0769431639826),.UNSPECIFIED.);
#2072=B_SPLINE_CURVE_WITH_KNOTS('',1,(#5582,#5583),.UNSPECIFIED.,.F.,.F.,
(2,2),(0.,5.0769431639826),.UNSPECIFIED.);
#2073=B_SPLINE_CURVE_WITH_KNOTS('',1,(#5584,#5585),.UNSPECIFIED.,.F.,.F.,
(2,2),(-6.7999999999994,0.),.UNSPECIFIED.);
#2074=B_SPLINE_CURVE_WITH_KNOTS('',1,(#5586,#5587),.UNSPECIFIED.,.F.,.F.,
(2,2),(0.,5.07711012007969),.UNSPECIFIED.);
#2075=B_SPLINE_CURVE_WITH_KNOTS('',1,(#5588,#5589),.UNSPECIFIED.,.F.,.F.,
(2,2),(0.,5.07711012007969),.UNSPECIFIED.);
#2076=B_SPLINE_CURVE_WITH_KNOTS('',1,(#5590,#5591),.UNSPECIFIED.,.F.,.F.,
(2,2),(0.,6.79999995737926),.UNSPECIFIED.);
#2077=B_SPLINE_CURVE_WITH_KNOTS('',1,(#5592,#5593),.UNSPECIFIED.,.F.,.F.,
(2,2),(0.,5.07813504128654),.UNSPECIFIED.);
#2078=B_SPLINE_CURVE_WITH_KNOTS('',1,(#5594,#5595),.UNSPECIFIED.,.F.,.F.,
(2,2),(0.,5.07813504128654),.UNSPECIFIED.);
#2079=B_SPLINE_CURVE_WITH_KNOTS('',1,(#5596,#5597),.UNSPECIFIED.,.F.,.F.,
(2,2),(-6.80000000002119,0.),.UNSPECIFIED.);
#2080=B_SPLINE_CURVE_WITH_KNOTS('',1,(#5598,#5599),.UNSPECIFIED.,.F.,.F.,
(2,2),(0.,5.07830199738363),.UNSPECIFIED.);
#2081=B_SPLINE_CURVE_WITH_KNOTS('',1,(#5600,#5601),.UNSPECIFIED.,.F.,.F.,
(2,2),(0.,5.07830199738363),.UNSPECIFIED.);
#2082=B_SPLINE_CURVE_WITH_KNOTS('',1,(#5602,#5603),.UNSPECIFIED.,.F.,.F.,
(2,2),(-6.79999995737941,0.),.UNSPECIFIED.);
#2083=B_SPLINE_CURVE_WITH_KNOTS('',1,(#5604,#5605),.UNSPECIFIED.,.F.,.F.,
(2,2),(-5.07813534960755,0.),.UNSPECIFIED.);
#2084=B_SPLINE_CURVE_WITH_KNOTS('',1,(#5606,#5607),.UNSPECIFIED.,.F.,.F.,
(2,2),(-5.07813534960755,0.),.UNSPECIFIED.);
#2085=B_SPLINE_CURVE_WITH_KNOTS('',1,(#5608,#5609),.UNSPECIFIED.,.F.,.F.,
(2,2),(-6.80000000000195,0.),.UNSPECIFIED.);
#2086=B_SPLINE_CURVE_WITH_KNOTS('',1,(#5610,#5611),.UNSPECIFIED.,.F.,.F.,
(2,2),(0.,5.07830230570564),.UNSPECIFIED.);
#2087=B_SPLINE_CURVE_WITH_KNOTS('',1,(#5612,#5613),.UNSPECIFIED.,.F.,.F.,
(2,2),(0.,5.07830230570564),.UNSPECIFIED.);
#2088=B_SPLINE_CURVE_WITH_KNOTS('',1,(#5614,#5615),.UNSPECIFIED.,.F.,.F.,
(2,2),(-6.7999999573793,0.),.UNSPECIFIED.);
#2089=B_SPLINE_CURVE_WITH_KNOTS('',1,(#5616,#5617),.UNSPECIFIED.,.F.,.F.,
(2,2),(-6.80000000000351,0.),.UNSPECIFIED.);
#2090=B_SPLINE_CURVE_WITH_KNOTS('',1,(#5618,#5619),.UNSPECIFIED.,.F.,.F.,
(2,2),(0.,5.07694347230361),.UNSPECIFIED.);
#2091=B_SPLINE_CURVE_WITH_KNOTS('',1,(#5620,#5621),.UNSPECIFIED.,.F.,.F.,
(2,2),(0.,6.79999995737917),.UNSPECIFIED.);
#2092=B_SPLINE_CURVE_WITH_KNOTS('',1,(#5622,#5623),.UNSPECIFIED.,.F.,.F.,
(2,2),(-5.0771104284017,0.),.UNSPECIFIED.);
#2093=B_SPLINE_CURVE_WITH_KNOTS('',1,(#5624,#5625),.UNSPECIFIED.,.F.,.F.,
(2,2),(-6.8000000000006,0.),.UNSPECIFIED.);
#2094=B_SPLINE_CURVE_WITH_KNOTS('',1,(#5626,#5627),.UNSPECIFIED.,.F.,.F.,
(2,2),(0.,5.0769431639826),.UNSPECIFIED.);
#2095=B_SPLINE_CURVE_WITH_KNOTS('',1,(#5628,#5629),.UNSPECIFIED.,.F.,.F.,
(2,2),(0.,6.79999995737921),.UNSPECIFIED.);
#2096=B_SPLINE_CURVE_WITH_KNOTS('',1,(#5630,#5631),.UNSPECIFIED.,.F.,.F.,
(2,2),(0.,5.07711012007969),.UNSPECIFIED.);
#2097=B_SPLINE_CURVE_WITH_KNOTS('',1,(#5632,#5633),.UNSPECIFIED.,.F.,.F.,
(2,2),(-6.79999999997754,0.),.UNSPECIFIED.);
#2098=B_SPLINE_CURVE_WITH_KNOTS('',1,(#5634,#5635),.UNSPECIFIED.,.F.,.F.,
(2,2),(0.,5.07813504128654),.UNSPECIFIED.);
#2099=B_SPLINE_CURVE_WITH_KNOTS('',1,(#5636,#5637),.UNSPECIFIED.,.F.,.F.,
(2,2),(-6.79999995737869,0.),.UNSPECIFIED.);
#2100=B_SPLINE_CURVE_WITH_KNOTS('',1,(#5638,#5639),.UNSPECIFIED.,.F.,.F.,
(2,2),(0.,5.07830199738363),.UNSPECIFIED.);
#2101=B_SPLINE_CURVE_WITH_KNOTS('',1,(#5640,#5641),.UNSPECIFIED.,.F.,.F.,
(2,2),(-6.8000000000021,0.),.UNSPECIFIED.);
#2102=B_SPLINE_CURVE_WITH_KNOTS('',1,(#5642,#5643),.UNSPECIFIED.,.F.,.F.,
(2,2),(-5.07813534960755,0.),.UNSPECIFIED.);
#2103=B_SPLINE_CURVE_WITH_KNOTS('',1,(#5644,#5645),.UNSPECIFIED.,.F.,.F.,
(2,2),(-6.79999995737867,0.),.UNSPECIFIED.);
#2104=B_SPLINE_CURVE_WITH_KNOTS('',1,(#5646,#5647),.UNSPECIFIED.,.F.,.F.,
(2,2),(0.,5.07830230570564),.UNSPECIFIED.);
#2105=B_SPLINE_CURVE_WITH_KNOTS('',1,(#5648,#5649),.UNSPECIFIED.,.F.,.F.,
(2,2),(-5.13244093072799,0.),.UNSPECIFIED.);
#2106=B_SPLINE_CURVE_WITH_KNOTS('',1,(#5652,#5653),.UNSPECIFIED.,.F.,.F.,
(2,2),(0.,2.999999882534),.UNSPECIFIED.);
#2107=B_SPLINE_CURVE_WITH_KNOTS('',1,(#5659,#5660),.UNSPECIFIED.,.F.,.F.,
(2,2),(0.,12.3156146132564),.UNSPECIFIED.);
#2108=B_SPLINE_CURVE_WITH_KNOTS('',1,(#5663,#5664),.UNSPECIFIED.,.F.,.F.,
(2,2),(0.,2.999999882534),.UNSPECIFIED.);
#2109=B_SPLINE_CURVE_WITH_KNOTS('',1,(#5665,#5666),.UNSPECIFIED.,.F.,.F.,
(2,2),(-6.10491260810844,0.),.UNSPECIFIED.);
#2110=B_SPLINE_CURVE_WITH_KNOTS('',1,(#5695,#5696),.UNSPECIFIED.,.F.,.F.,
(2,2),(-5.13244093072952,0.),.UNSPECIFIED.);
#2111=B_SPLINE_CURVE_WITH_KNOTS('',1,(#5699,#5700),.UNSPECIFIED.,.F.,.F.,
(2,2),(0.,2.999999882534),.UNSPECIFIED.);
#2112=B_SPLINE_CURVE_WITH_KNOTS('',1,(#5706,#5707),.UNSPECIFIED.,.F.,.F.,
(2,2),(0.,12.3156146132565),.UNSPECIFIED.);
#2113=B_SPLINE_CURVE_WITH_KNOTS('',1,(#5710,#5711),.UNSPECIFIED.,.F.,.F.,
(2,2),(0.,2.999999882533),.UNSPECIFIED.);
#2114=B_SPLINE_CURVE_WITH_KNOTS('',1,(#5712,#5713),.UNSPECIFIED.,.F.,.F.,
(2,2),(-6.10491260811008,0.),.UNSPECIFIED.);
#2115=B_SPLINE_CURVE_WITH_KNOTS('',1,(#5742,#5743),.UNSPECIFIED.,.F.,.F.,
(2,2),(-5.13244093085928,0.),.UNSPECIFIED.);
#2116=B_SPLINE_CURVE_WITH_KNOTS('',1,(#5746,#5747),.UNSPECIFIED.,.F.,.F.,
(2,2),(0.,2.999999882534),.UNSPECIFIED.);
#2117=B_SPLINE_CURVE_WITH_KNOTS('',1,(#5753,#5754),.UNSPECIFIED.,.F.,.F.,
(2,2),(0.,12.3156146132566),.UNSPECIFIED.);
#2118=B_SPLINE_CURVE_WITH_KNOTS('',1,(#5757,#5758),.UNSPECIFIED.,.F.,.F.,
(2,2),(0.,2.999999882534),.UNSPECIFIED.);
#2119=B_SPLINE_CURVE_WITH_KNOTS('',1,(#5759,#5760),.UNSPECIFIED.,.F.,.F.,
(2,2),(-6.10491260795949,0.),.UNSPECIFIED.);
#2120=B_SPLINE_CURVE_WITH_KNOTS('',1,(#5789,#5790),.UNSPECIFIED.,.F.,.F.,
(2,2),(-5.13244093085897,0.),.UNSPECIFIED.);
#2121=B_SPLINE_CURVE_WITH_KNOTS('',1,(#5793,#5794),.UNSPECIFIED.,.F.,.F.,
(2,2),(0.,2.999999882534),.UNSPECIFIED.);
#2122=B_SPLINE_CURVE_WITH_KNOTS('',1,(#5800,#5801),.UNSPECIFIED.,.F.,.F.,
(2,2),(0.,12.3156146132565),.UNSPECIFIED.);
#2123=B_SPLINE_CURVE_WITH_KNOTS('',1,(#5804,#5805),.UNSPECIFIED.,.F.,.F.,
(2,2),(0.,2.999999882534),.UNSPECIFIED.);
#2124=B_SPLINE_CURVE_WITH_KNOTS('',1,(#5806,#5807),.UNSPECIFIED.,.F.,.F.,
(2,2),(-6.10491260795956,0.),.UNSPECIFIED.);
#2125=B_SPLINE_CURVE_WITH_KNOTS('',1,(#5836,#5837),.UNSPECIFIED.,.F.,.F.,
(2,2),(-6.10491303063533,0.),.UNSPECIFIED.);
#2126=B_SPLINE_CURVE_WITH_KNOTS('',1,(#5838,#5839),.UNSPECIFIED.,.F.,.F.,
(2,2),(-5.13244068066149,0.),.UNSPECIFIED.);
#2127=B_SPLINE_CURVE_WITH_KNOTS('',1,(#5840,#5841),.UNSPECIFIED.,.F.,.F.,
(2,2),(0.,2.999999882534),.UNSPECIFIED.);
#2128=B_SPLINE_CURVE_WITH_KNOTS('',1,(#5842,#5843),.UNSPECIFIED.,.F.,.F.,
(2,2),(-12.3156146132562,0.),.UNSPECIFIED.);
#2129=B_SPLINE_CURVE_WITH_KNOTS('',1,(#5844,#5845),.UNSPECIFIED.,.F.,.F.,
(2,2),(0.,2.999999882534),.UNSPECIFIED.);
#2130=B_SPLINE_CURVE_WITH_KNOTS('',1,(#5846,#5847),.UNSPECIFIED.,.F.,.F.,
(2,2),(-6.10491303059343,0.),.UNSPECIFIED.);
#2131=B_SPLINE_CURVE_WITH_KNOTS('',1,(#5848,#5849),.UNSPECIFIED.,.F.,.F.,
(2,2),(-5.13244068065964,0.),.UNSPECIFIED.);
#2132=B_SPLINE_CURVE_WITH_KNOTS('',1,(#5850,#5851),.UNSPECIFIED.,.F.,.F.,
(2,2),(0.,2.999999882533),.UNSPECIFIED.);
#2133=B_SPLINE_CURVE_WITH_KNOTS('',1,(#5852,#5853),.UNSPECIFIED.,.F.,.F.,
(2,2),(-12.3156146132564,0.),.UNSPECIFIED.);
#2134=B_SPLINE_CURVE_WITH_KNOTS('',1,(#5854,#5855),.UNSPECIFIED.,.F.,.F.,
(2,2),(0.,2.999999882534),.UNSPECIFIED.);
#2135=B_SPLINE_CURVE_WITH_KNOTS('',1,(#5856,#5857),.UNSPECIFIED.,.F.,.F.,
(2,2),(-6.10491303086723,0.),.UNSPECIFIED.);
#2136=B_SPLINE_CURVE_WITH_KNOTS('',1,(#5858,#5859),.UNSPECIFIED.,.F.,.F.,
(2,2),(-5.13244068053845,0.),.UNSPECIFIED.);
#2137=B_SPLINE_CURVE_WITH_KNOTS('',1,(#5860,#5861),.UNSPECIFIED.,.F.,.F.,
(2,2),(0.,2.999999882534),.UNSPECIFIED.);
#2138=B_SPLINE_CURVE_WITH_KNOTS('',1,(#5862,#5863),.UNSPECIFIED.,.F.,.F.,
(2,2),(-12.3156146132564,0.),.UNSPECIFIED.);
#2139=B_SPLINE_CURVE_WITH_KNOTS('',1,(#5864,#5865),.UNSPECIFIED.,.F.,.F.,
(2,2),(0.,2.999999882534),.UNSPECIFIED.);
#2140=B_SPLINE_CURVE_WITH_KNOTS('',1,(#5866,#5867),.UNSPECIFIED.,.F.,.F.,
(2,2),(-6.10491303086724,0.),.UNSPECIFIED.);
#2141=B_SPLINE_CURVE_WITH_KNOTS('',1,(#5868,#5869),.UNSPECIFIED.,.F.,.F.,
(2,2),(-5.13244068053667,0.),.UNSPECIFIED.);
#2142=B_SPLINE_CURVE_WITH_KNOTS('',1,(#5870,#5871),.UNSPECIFIED.,.F.,.F.,
(2,2),(0.,2.999999882534),.UNSPECIFIED.);
#2143=B_SPLINE_CURVE_WITH_KNOTS('',1,(#5872,#5873),.UNSPECIFIED.,.F.,.F.,
(2,2),(-12.3156146132564,0.),.UNSPECIFIED.);
#2144=B_SPLINE_CURVE_WITH_KNOTS('',1,(#5874,#5875),.UNSPECIFIED.,.F.,.F.,
(2,2),(0.,2.999999882534),.UNSPECIFIED.);
#2145=B_SPLINE_CURVE_WITH_KNOTS('',1,(#5878,#5879),.UNSPECIFIED.,.F.,.F.,
(2,2),(2.12794012051,22.2073413256088),.UNSPECIFIED.);
#2146=B_SPLINE_CURVE_WITH_KNOTS('',1,(#5880,#5881),.UNSPECIFIED.,.F.,.F.,
(2,2),(-34.8613028762189,-25.9718299539912),.UNSPECIFIED.);
#2147=B_SPLINE_CURVE_WITH_KNOTS('',1,(#5882,#5883),.UNSPECIFIED.,.F.,.F.,
(2,2),(-20.079401205099,0.),.UNSPECIFIED.);
#2148=B_SPLINE_CURVE_WITH_KNOTS('',1,(#5884,#5885),.UNSPECIFIED.,.F.,.F.,
(2,2),(-8.88947292222769,0.),.UNSPECIFIED.);
#2149=B_SPLINE_CURVE_WITH_KNOTS('',1,(#5886,#5887),.UNSPECIFIED.,.F.,.F.,
(2,2),(-22.2073413256088,-2.12794012050996),.UNSPECIFIED.);
#2150=B_SPLINE_CURVE_WITH_KNOTS('',1,(#5888,#5889),.UNSPECIFIED.,.F.,.F.,
(2,2),(-7.31531273156275,7.31531273155278),.UNSPECIFIED.);
#2151=B_SPLINE_CURVE_WITH_KNOTS('',1,(#5890,#5891),.UNSPECIFIED.,.F.,.F.,
(2,2),(2.12794012051,22.2073413256088),.UNSPECIFIED.);
#2152=B_SPLINE_CURVE_WITH_KNOTS('',1,(#5892,#5893),.UNSPECIFIED.,.F.,.F.,
(2,2),(-7.31531273155279,7.31531273156282),.UNSPECIFIED.);
#2153=SURFACE_CURVE('',#2605,(#762,#926),.PCURVE_S1.);
#2154=SURFACE_CURVE('',#2606,(#763,#1019),.PCURVE_S1.);
#2155=SURFACE_CURVE('',#2607,(#764,#778),.PCURVE_S1.);
#2156=SURFACE_CURVE('',#2608,(#765,#944),.PCURVE_S1.);
#2157=SURFACE_CURVE('',#2609,(#766,#1021),.PCURVE_S1.);
#2158=SURFACE_CURVE('',#2610,(#767,#924),.PCURVE_S1.);
#2159=SURFACE_CURVE('',#2611,(#768,#932),.PCURVE_S1.);
#2160=SURFACE_CURVE('',#2612,(#769,#771),.PCURVE_S1.);
#2161=SURFACE_CURVE('',#1674,(#770,#1022),.PCURVE_S1.);
#2162=SURFACE_CURVE('',#1676,(#772,#931),.PCURVE_S1.);
#2163=SURFACE_CURVE('',#1678,(#773,#803),.PCURVE_S1.);
#2164=SURFACE_CURVE('',#1680,(#774,#870),.PCURVE_S1.);
#2165=SURFACE_CURVE('',#1682,(#775,#890),.PCURVE_S1.);
#2166=SURFACE_CURVE('',#1684,(#776,#788),.PCURVE_S1.);
#2167=SURFACE_CURVE('',#1686,(#777,#945),.PCURVE_S1.);
#2168=SURFACE_CURVE('',#1688,(#779,#1018),.PCURVE_S1.);
#2169=SURFACE_CURVE('',#1690,(#780,#791),.PCURVE_S1.);
#2170=SURFACE_CURVE('',#1692,(#781,#787),.PCURVE_S1.);
#2171=SURFACE_CURVE('',#1694,(#782,#1071),.PCURVE_S1.);
#2172=SURFACE_CURVE('',#1696,(#783,#946),.PCURVE_S1.);
#2173=SURFACE_CURVE('',#1698,(#784,#790),.PCURVE_S1.);
#2174=SURFACE_CURVE('',#1700,(#785,#856),.PCURVE_S1.);
#2175=SURFACE_CURVE('',#1702,(#786,#1060),.PCURVE_S1.);
#2176=SURFACE_CURVE('',#2615,(#789,#889),.PCURVE_S1.);
#2177=SURFACE_CURVE('',#1708,(#792,#801),.PCURVE_S1.);
#2178=SURFACE_CURVE('',#1710,(#793,#799),.PCURVE_S1.);
#2179=SURFACE_CURVE('',#1712,(#794,#1039),.PCURVE_S1.);
#2180=SURFACE_CURVE('',#1714,(#795,#852),.PCURVE_S1.);
#2181=SURFACE_CURVE('',#1716,(#796,#800),.PCURVE_S1.);
#2182=SURFACE_CURVE('',#1718,(#797,#930),.PCURVE_S1.);
#2183=SURFACE_CURVE('',#1720,(#798,#1052),.PCURVE_S1.);
#2184=SURFACE_CURVE('',#2617,(#802,#871),.PCURVE_S1.);
#2185=SURFACE_CURVE('',#1726,(#804,#818),.PCURVE_S1.);
#2186=SURFACE_CURVE('',#1728,(#805,#811),.PCURVE_S1.);
#2187=SURFACE_CURVE('',#1730,(#806,#821),.PCURVE_S1.);
#2188=SURFACE_CURVE('',#1732,(#807,#960),.PCURVE_S1.);
#2189=SURFACE_CURVE('',#1734,(#808,#817),.PCURVE_S1.);
#2190=SURFACE_CURVE('',#1736,(#809,#815),.PCURVE_S1.);
#2191=SURFACE_CURVE('',#1738,(#810,#822),.PCURVE_S1.);
#2192=SURFACE_CURVE('',#1741,(#812,#816),.PCURVE_S1.);
#2193=SURFACE_CURVE('',#1743,(#813,#962),.PCURVE_S1.);
#2194=SURFACE_CURVE('',#1745,(#814,#823),.PCURVE_S1.);
#2195=SURFACE_CURVE('',#1751,(#819,#959),.PCURVE_S1.);
#2196=SURFACE_CURVE('',#1753,(#820,#961),.PCURVE_S1.);
#2197=SURFACE_CURVE('',#1758,(#824,#839),.PCURVE_S1.);
#2198=SURFACE_CURVE('',#1760,(#825,#831),.PCURVE_S1.);
#2199=SURFACE_CURVE('',#1762,(#826,#840),.PCURVE_S1.);
#2200=SURFACE_CURVE('',#1764,(#827,#965),.PCURVE_S1.);
#2201=SURFACE_CURVE('',#1766,(#828,#838),.PCURVE_S1.);
#2202=SURFACE_CURVE('',#1768,(#829,#835),.PCURVE_S1.);
#2203=SURFACE_CURVE('',#1770,(#830,#841),.PCURVE_S1.);
#2204=SURFACE_CURVE('',#1773,(#832,#837),.PCURVE_S1.);
#2205=SURFACE_CURVE('',#1775,(#833,#963),.PCURVE_S1.);
#2206=SURFACE_CURVE('',#1777,(#834,#842),.PCURVE_S1.);
#2207=SURFACE_CURVE('',#1780,(#836,#964),.PCURVE_S1.);
#2208=SURFACE_CURVE('',#1788,(#843,#966),.PCURVE_S1.);
#2209=SURFACE_CURVE('',#1790,(#844,#1031),.PCURVE_S1.);
#2210=SURFACE_CURVE('',#1792,(#845,#906),.PCURVE_S1.);
#2211=SURFACE_CURVE('',#1794,(#846,#1059),.PCURVE_S1.);
#2212=SURFACE_CURVE('',#2619,(#847,#1003),.PCURVE_S1.);
#2213=SURFACE_CURVE('',#1796,(#848,#1213),.PCURVE_S1.);
#2214=SURFACE_CURVE('',#2621,(#849,#1209),.PCURVE_S1.);
#2215=SURFACE_CURVE('',#2623,(#850,#875),.PCURVE_S1.);
#2216=SURFACE_CURVE('',#1798,(#851,#872),.PCURVE_S1.);
#2217=SURFACE_CURVE('',#1801,(#853,#1038),.PCURVE_S1.);
#2218=SURFACE_CURVE('',#2625,(#854,#1005),.PCURVE_S1.);
#2219=SURFACE_CURVE('',#1803,(#855,#1061),.PCURVE_S1.);
#2220=SURFACE_CURVE('',#1806,(#857,#888),.PCURVE_S1.);
#2221=SURFACE_CURVE('',#2627,(#858,#884),.PCURVE_S1.);
#2222=SURFACE_CURVE('',#2629,(#859,#880),.PCURVE_S1.);
#2223=SURFACE_CURVE('',#2631,(#860,#865),.PCURVE_S1.);
#2224=SURFACE_CURVE('',#2633,(#861,#867),.PCURVE_S1.);
#2225=SURFACE_CURVE('',#2634,(#862,#1078),.PCURVE_S1.);
#2226=SURFACE_CURVE('',#2635,(#863,#868),.PCURVE_S1.);
#2227=SURFACE_CURVE('',#2636,(#864,#1080),.PCURVE_S1.);
#2228=SURFACE_CURVE('',#2638,(#866,#1079),.PCURVE_S1.);
#2229=SURFACE_CURVE('',#2642,(#869,#1081),.PCURVE_S1.);
#2230=SURFACE_CURVE('',#1814,(#873,#878),.PCURVE_S1.);
#2231=SURFACE_CURVE('',#1816,(#874,#901),.PCURVE_S1.);
#2232=SURFACE_CURVE('',#2645,(#876,#1208),.PCURVE_S1.);
#2233=SURFACE_CURVE('',#2646,(#877,#902),.PCURVE_S1.);
#2234=SURFACE_CURVE('',#2647,(#879,#1210),.PCURVE_S1.);
#2235=SURFACE_CURVE('',#2648,(#881,#883),.PCURVE_S1.);
#2236=SURFACE_CURVE('',#2649,(#882,#893),.PCURVE_S1.);
#2237=SURFACE_CURVE('',#2650,(#885,#887),.PCURVE_S1.);
#2238=SURFACE_CURVE('',#2651,(#886,#894),.PCURVE_S1.);
#2239=SURFACE_CURVE('',#1832,(#891,#895),.PCURVE_S1.);
#2240=SURFACE_CURVE('',#1834,(#892,#1211),.PCURVE_S1.);
#2241=SURFACE_CURVE('',#1837,(#896,#1017),.PCURVE_S1.);
#2242=SURFACE_CURVE('',#1839,(#897,#1069),.PCURVE_S1.);
#2243=SURFACE_CURVE('',#1841,(#898,#1008),.PCURVE_S1.);
#2244=SURFACE_CURVE('',#1843,(#899,#1041),.PCURVE_S1.);
#2245=SURFACE_CURVE('',#1845,(#900,#1023),.PCURVE_S1.);
#2246=SURFACE_CURVE('',#2657,(#903,#1207),.PCURVE_S1.);
#2247=SURFACE_CURVE('',#1848,(#904,#1006),.PCURVE_S1.);
#2248=SURFACE_CURVE('',#1850,(#905,#1054),.PCURVE_S1.);
#2249=SURFACE_CURVE('',#1853,(#907,#1030),.PCURVE_S1.);
#2250=SURFACE_CURVE('',#1855,(#908,#1047),.PCURVE_S1.);
#2251=SURFACE_CURVE('',#2659,(#909,#950),.PCURVE_S1.);
#2252=SURFACE_CURVE('',#2660,(#910,#916),.PCURVE_S1.);
#2253=SURFACE_CURVE('',#1859,(#911,#1048),.PCURVE_S1.);
#2254=SURFACE_CURVE('',#1861,(#912,#920),.PCURVE_S1.);
#2255=SURFACE_CURVE('',#1863,(#913,#1074),.PCURVE_S1.);
#2256=SURFACE_CURVE('',#1865,(#914,#1012),.PCURVE_S1.);
#2257=SURFACE_CURVE('',#1867,(#915,#1049),.PCURVE_S1.);
#2258=SURFACE_CURVE('',#1869,(#917,#949),.PCURVE_S1.);
#2259=SURFACE_CURVE('',#1871,(#918,#1076),.PCURVE_S1.);
#2260=SURFACE_CURVE('',#1873,(#919,#1075),.PCURVE_S1.);
#2261=SURFACE_CURVE('',#2662,(#921,#948),.PCURVE_S1.);
#2262=SURFACE_CURVE('',#2663,(#922,#989),.PCURVE_S1.);
#2263=SURFACE_CURVE('',#1877,(#923,#933),.PCURVE_S1.);
#2264=SURFACE_CURVE('',#1879,(#925,#1020),.PCURVE_S1.);
#2265=SURFACE_CURVE('',#1881,(#927,#943),.PCURVE_S1.);
#2266=SURFACE_CURVE('',#2667,(#928,#971),.PCURVE_S1.);
#2267=SURFACE_CURVE('',#1883,(#929,#1053),.PCURVE_S1.);
#2268=SURFACE_CURVE('',#1888,(#934,#988),.PCURVE_S1.);
#2269=SURFACE_CURVE('',#1890,(#935,#991),.PCURVE_S1.);
#2270=SURFACE_CURVE('',#1892,(#936,#980),.PCURVE_S1.);
#2271=SURFACE_CURVE('',#1894,(#937,#967),.PCURVE_S1.);
#2272=SURFACE_CURVE('',#1896,(#938,#999),.PCURVE_S1.);
#2273=SURFACE_CURVE('',#1898,(#939,#983),.PCURVE_S1.);
#2274=SURFACE_CURVE('',#1900,(#940,#996),.PCURVE_S1.);
#2275=SURFACE_CURVE('',#1902,(#941,#975),.PCURVE_S1.);
#2276=SURFACE_CURVE('',#1904,(#942,#972),.PCURVE_S1.);
#2277=SURFACE_CURVE('',#1909,(#947,#1077),.PCURVE_S1.);
#2278=SURFACE_CURVE('',#2673,(#951,#1127),.PCURVE_S1.);
#2279=SURFACE_CURVE('',#2675,(#952,#1142),.PCURVE_S1.);
#2280=SURFACE_CURVE('',#2677,(#953,#1135),.PCURVE_S1.);
#2281=SURFACE_CURVE('',#2679,(#954,#1150),.PCURVE_S1.);
#2282=SURFACE_CURVE('',#2681,(#955,#1131),.PCURVE_S1.);
#2283=SURFACE_CURVE('',#2683,(#956,#1146),.PCURVE_S1.);
#2284=SURFACE_CURVE('',#2685,(#957,#1123),.PCURVE_S1.);
#2285=SURFACE_CURVE('',#2687,(#958,#1138),.PCURVE_S1.);
#2286=SURFACE_CURVE('',#2689,(#968,#979),.PCURVE_S1.);
#2287=SURFACE_CURVE('',#1921,(#969,#985),.PCURVE_S1.);
#2288=SURFACE_CURVE('',#2691,(#970,#1000),.PCURVE_S1.);
#2289=SURFACE_CURVE('',#2693,(#973,#978),.PCURVE_S1.);
#2290=SURFACE_CURVE('',#1926,(#974,#990),.PCURVE_S1.);
#2291=SURFACE_CURVE('',#2694,(#976,#995),.PCURVE_S1.);
#2292=SURFACE_CURVE('',#1929,(#977,#993),.PCURVE_S1.);
#2293=SURFACE_CURVE('',#2697,(#981,#994),.PCURVE_S1.);
#2294=SURFACE_CURVE('',#1934,(#982,#998),.PCURVE_S1.);
#2295=SURFACE_CURVE('',#2698,(#984,#1001),.PCURVE_S1.);
#2296=SURFACE_CURVE('',#2700,(#986,#997),.PCURVE_S1.);
#2297=SURFACE_CURVE('',#2702,(#987,#992),.PCURVE_S1.);
#2298=SURFACE_CURVE('',#1949,(#1002,#1032),.PCURVE_S1.);
#2299=SURFACE_CURVE('',#1951,(#1004,#1058),.PCURVE_S1.);
#2300=SURFACE_CURVE('',#1954,(#1007,#1042),.PCURVE_S1.);
#2301=SURFACE_CURVE('',#1957,(#1009,#1068),.PCURVE_S1.);
#2302=SURFACE_CURVE('',#1959,(#1010,#1045),.PCURVE_S1.);
#2303=SURFACE_CURVE('',#1961,(#1011,#1044),.PCURVE_S1.);
#2304=SURFACE_CURVE('',#1964,(#1013,#1066),.PCURVE_S1.);
#2305=SURFACE_CURVE('',#1966,(#1014,#1065),.PCURVE_S1.);
#2306=SURFACE_CURVE('',#1968,(#1015,#1064),.PCURVE_S1.);
#2307=SURFACE_CURVE('',#1970,(#1016,#1070),.PCURVE_S1.);
#2308=SURFACE_CURVE('',#1977,(#1024,#1040),.PCURVE_S1.);
#2309=SURFACE_CURVE('',#1979,(#1025,#1046),.PCURVE_S1.);
#2310=SURFACE_CURVE('',#2711,(#1026,#1175),.PCURVE_S1.);
#2311=SURFACE_CURVE('',#2713,(#1027,#1183),.PCURVE_S1.);
#2312=SURFACE_CURVE('',#2715,(#1028,#1167),.PCURVE_S1.);
#2313=SURFACE_CURVE('',#2717,(#1029,#1159),.PCURVE_S1.);
#2314=SURFACE_CURVE('',#1984,(#1033,#1037),.PCURVE_S1.);
#2315=SURFACE_CURVE('',#1986,(#1034,#1050),.PCURVE_S1.);
#2316=SURFACE_CURVE('',#1988,(#1035,#1043),.PCURVE_S1.);
#2317=SURFACE_CURVE('',#1990,(#1036,#1051),.PCURVE_S1.);
#2318=SURFACE_CURVE('',#2010,(#1055,#1067),.PCURVE_S1.);
#2319=SURFACE_CURVE('',#2012,(#1056,#1073),.PCURVE_S1.);
#2320=SURFACE_CURVE('',#2014,(#1057,#1062),.PCURVE_S1.);
#2321=SURFACE_CURVE('',#2021,(#1063,#1072),.PCURVE_S1.);
#2322=SURFACE_CURVE('',#2719,(#1082,#1186),.PCURVE_S1.);
#2323=SURFACE_CURVE('',#2721,(#1083,#1154),.PCURVE_S1.);
#2324=SURFACE_CURVE('',#2041,(#1084,#1091),.PCURVE_S1.);
#2325=SURFACE_CURVE('',#2723,(#1085,#1125),.PCURVE_S1.);
#2326=SURFACE_CURVE('',#2043,(#1086,#1089),.PCURVE_S1.);
#2327=SURFACE_CURVE('',#2725,(#1087,#1158),.PCURVE_S1.);
#2328=SURFACE_CURVE('',#2727,(#1088,#1187),.PCURVE_S1.);
#2329=SURFACE_CURVE('',#2729,(#1090,#1140),.PCURVE_S1.);
#2330=SURFACE_CURVE('',#2731,(#1092,#1162),.PCURVE_S1.);
#2331=SURFACE_CURVE('',#2047,(#1093,#1101),.PCURVE_S1.);
#2332=SURFACE_CURVE('',#2733,(#1094,#1129),.PCURVE_S1.);
#2333=SURFACE_CURVE('',#2049,(#1095,#1099),.PCURVE_S1.);
#2334=SURFACE_CURVE('',#2735,(#1096,#1191),.PCURVE_S1.);
#2335=SURFACE_CURVE('',#2737,(#1097,#1166),.PCURVE_S1.);
#2336=SURFACE_CURVE('',#2739,(#1098,#1192),.PCURVE_S1.);
#2337=SURFACE_CURVE('',#2741,(#1100,#1144),.PCURVE_S1.);
#2338=SURFACE_CURVE('',#2743,(#1102,#1178),.PCURVE_S1.);
#2339=SURFACE_CURVE('',#2053,(#1103,#1111),.PCURVE_S1.);
#2340=SURFACE_CURVE('',#2745,(#1104,#1133),.PCURVE_S1.);
#2341=SURFACE_CURVE('',#2055,(#1105,#1109),.PCURVE_S1.);
#2342=SURFACE_CURVE('',#2747,(#1106,#1201),.PCURVE_S1.);
#2343=SURFACE_CURVE('',#2749,(#1107,#1182),.PCURVE_S1.);
#2344=SURFACE_CURVE('',#2751,(#1108,#1202),.PCURVE_S1.);
#2345=SURFACE_CURVE('',#2753,(#1110,#1148),.PCURVE_S1.);
#2346=SURFACE_CURVE('',#2755,(#1112,#1170),.PCURVE_S1.);
#2347=SURFACE_CURVE('',#2059,(#1113,#1121),.PCURVE_S1.);
#2348=SURFACE_CURVE('',#2757,(#1114,#1137),.PCURVE_S1.);
#2349=SURFACE_CURVE('',#2061,(#1115,#1119),.PCURVE_S1.);
#2350=SURFACE_CURVE('',#2759,(#1116,#1196),.PCURVE_S1.);
#2351=SURFACE_CURVE('',#2761,(#1117,#1174),.PCURVE_S1.);
#2352=SURFACE_CURVE('',#2763,(#1118,#1197),.PCURVE_S1.);
#2353=SURFACE_CURVE('',#2765,(#1120,#1152),.PCURVE_S1.);
#2354=SURFACE_CURVE('',#2065,(#1122,#1139),.PCURVE_S1.);
#2355=SURFACE_CURVE('',#2068,(#1124,#1141),.PCURVE_S1.);
#2356=SURFACE_CURVE('',#2071,(#1126,#1143),.PCURVE_S1.);
#2357=SURFACE_CURVE('',#2074,(#1128,#1145),.PCURVE_S1.);
#2358=SURFACE_CURVE('',#2077,(#1130,#1147),.PCURVE_S1.);
#2359=SURFACE_CURVE('',#2080,(#1132,#1149),.PCURVE_S1.);
#2360=SURFACE_CURVE('',#2083,(#1134,#1151),.PCURVE_S1.);
#2361=SURFACE_CURVE('',#2086,(#1136,#1153),.PCURVE_S1.);
#2362=SURFACE_CURVE('',#2767,(#1155,#1190),.PCURVE_S1.);
#2363=SURFACE_CURVE('',#2768,(#1156,#1160),.PCURVE_S1.);
#2364=SURFACE_CURVE('',#2769,(#1157,#1188),.PCURVE_S1.);
#2365=SURFACE_CURVE('',#2772,(#1161,#1189),.PCURVE_S1.);
#2366=SURFACE_CURVE('',#2774,(#1163,#1195),.PCURVE_S1.);
#2367=SURFACE_CURVE('',#2775,(#1164,#1168),.PCURVE_S1.);
#2368=SURFACE_CURVE('',#2776,(#1165,#1193),.PCURVE_S1.);
#2369=SURFACE_CURVE('',#2779,(#1169,#1194),.PCURVE_S1.);
#2370=SURFACE_CURVE('',#2781,(#1171,#1200),.PCURVE_S1.);
#2371=SURFACE_CURVE('',#2782,(#1172,#1176),.PCURVE_S1.);
#2372=SURFACE_CURVE('',#2783,(#1173,#1198),.PCURVE_S1.);
#2373=SURFACE_CURVE('',#2786,(#1177,#1199),.PCURVE_S1.);
#2374=SURFACE_CURVE('',#2788,(#1179,#1205),.PCURVE_S1.);
#2375=SURFACE_CURVE('',#2789,(#1180,#1184),.PCURVE_S1.);
#2376=SURFACE_CURVE('',#2790,(#1181,#1203),.PCURVE_S1.);
#2377=SURFACE_CURVE('',#2793,(#1185,#1204),.PCURVE_S1.);
#2378=SURFACE_CURVE('',#2795,(#1206,#1212),.PCURVE_S1.);
#2379=EDGE_CURVE('',#2796,#2797,#2153,.T.);
#2380=EDGE_CURVE('',#2797,#2798,#2154,.T.);
#2381=EDGE_CURVE('',#2798,#2799,#2155,.T.);
#2382=EDGE_CURVE('',#2799,#2796,#2156,.T.);
#2383=EDGE_CURVE('',#2800,#2801,#2157,.T.);
#2384=EDGE_CURVE('',#2801,#2802,#2158,.T.);
#2385=EDGE_CURVE('',#2802,#2803,#2159,.T.);
#2386=EDGE_CURVE('',#2803,#2800,#2160,.T.);
#2387=EDGE_CURVE('',#2804,#2800,#2161,.T.);
#2388=EDGE_CURVE('',#2803,#2805,#2162,.T.);
#2389=EDGE_CURVE('',#2805,#2806,#2163,.T.);
#2390=EDGE_CURVE('',#2806,#2804,#2164,.T.);
#2391=EDGE_CURVE('',#2807,#2808,#2165,.T.);
#2392=EDGE_CURVE('',#2808,#2809,#2166,.T.);
#2393=EDGE_CURVE('',#2809,#2799,#2167,.T.);
#2394=EDGE_CURVE('',#2798,#2807,#2168,.T.);
#2395=EDGE_CURVE('',#2809,#2810,#2169,.T.);
#2396=EDGE_CURVE('',#2810,#2811,#2170,.T.);
#2397=EDGE_CURVE('',#2811,#2812,#2171,.T.);
#2398=EDGE_CURVE('',#2812,#2809,#2172,.T.);
#2399=EDGE_CURVE('',#2810,#2813,#2173,.T.);
#2400=EDGE_CURVE('',#2813,#2814,#2174,.T.);
#2401=EDGE_CURVE('',#2814,#2811,#2175,.T.);
#2402=EDGE_CURVE('',#2808,#2813,#2176,.T.);
#2403=EDGE_CURVE('',#2815,#2816,#2177,.T.);
#2404=EDGE_CURVE('',#2816,#2817,#2178,.T.);
#2405=EDGE_CURVE('',#2817,#2818,#2179,.T.);
#2406=EDGE_CURVE('',#2818,#2815,#2180,.T.);
#2407=EDGE_CURVE('',#2816,#2805,#2181,.T.);
#2408=EDGE_CURVE('',#2805,#2819,#2182,.T.);
#2409=EDGE_CURVE('',#2819,#2817,#2183,.T.);
#2410=EDGE_CURVE('',#2815,#2806,#2184,.T.);
#2411=EDGE_CURVE('',#2820,#2821,#2185,.T.);
#2412=EDGE_CURVE('',#2821,#2822,#2186,.T.);
#2413=EDGE_CURVE('',#2822,#2823,#2187,.T.);
#2414=EDGE_CURVE('',#2823,#2820,#2188,.T.);
#2415=EDGE_CURVE('',#2821,#2824,#2189,.T.);
#2416=EDGE_CURVE('',#2824,#2825,#2190,.T.);
#2417=EDGE_CURVE('',#2825,#2822,#2191,.T.);
#2418=EDGE_CURVE('',#2824,#2826,#2192,.T.);
#2419=EDGE_CURVE('',#2826,#2827,#2193,.T.);
#2420=EDGE_CURVE('',#2827,#2825,#2194,.T.);
#2421=EDGE_CURVE('',#2820,#2826,#2195,.T.);
#2422=EDGE_CURVE('',#2827,#2823,#2196,.T.);
#2423=EDGE_CURVE('',#2828,#2829,#2197,.T.);
#2424=EDGE_CURVE('',#2829,#2830,#2198,.T.);
#2425=EDGE_CURVE('',#2830,#2831,#2199,.T.);
#2426=EDGE_CURVE('',#2831,#2828,#2200,.T.);
#2427=EDGE_CURVE('',#2829,#2832,#2201,.T.);
#2428=EDGE_CURVE('',#2832,#2833,#2202,.T.);
#2429=EDGE_CURVE('',#2833,#2830,#2203,.T.);
#2430=EDGE_CURVE('',#2832,#2834,#2204,.T.);
#2431=EDGE_CURVE('',#2834,#2835,#2205,.T.);
#2432=EDGE_CURVE('',#2835,#2833,#2206,.T.);
#2433=EDGE_CURVE('',#2828,#2834,#2207,.T.);
#2434=EDGE_CURVE('',#2835,#2831,#2208,.T.);
#2435=EDGE_CURVE('',#2836,#2837,#2209,.T.);
#2436=EDGE_CURVE('',#2837,#2838,#2210,.T.);
#2437=EDGE_CURVE('',#2838,#2839,#2211,.T.);
#2438=EDGE_CURVE('',#2839,#2836,#2212,.T.);
#2439=EDGE_CURVE('',#2934,#2935,#2213,.T.);
#2440=EDGE_CURVE('',#2935,#2842,#2214,.T.);
#2441=EDGE_CURVE('',#2842,#2843,#2215,.T.);
#2442=EDGE_CURVE('',#2843,#2815,#2216,.T.);
#2443=EDGE_CURVE('',#2818,#2844,#2217,.T.);
#2444=EDGE_CURVE('',#2844,#2845,#2218,.T.);
#2445=EDGE_CURVE('',#2845,#2814,#2219,.T.);
#2446=EDGE_CURVE('',#2813,#2840,#2220,.T.);
#2447=EDGE_CURVE('',#2840,#2841,#2221,.T.);
#2448=EDGE_CURVE('',#2841,#2934,#2222,.T.);
#2449=EDGE_CURVE('',#2846,#2846,#2223,.T.);
#2450=EDGE_CURVE('',#2847,#2848,#2224,.T.);
#2451=EDGE_CURVE('',#2848,#2849,#2225,.T.);
#2452=EDGE_CURVE('',#2849,#2850,#2226,.T.);
#2453=EDGE_CURVE('',#2850,#2847,#2227,.T.);
#2454=EDGE_CURVE('',#2847,#2848,#2228,.T.);
#2455=EDGE_CURVE('',#2849,#2850,#2229,.T.);
#2456=EDGE_CURVE('',#2843,#2851,#2230,.T.);
#2457=EDGE_CURVE('',#2851,#2804,#2231,.T.);
#2458=EDGE_CURVE('',#2842,#2852,#2232,.T.);
#2459=EDGE_CURVE('',#2852,#2851,#2233,.T.);
#2460=EDGE_CURVE('',#2937,#2934,#2234,.T.);
#2461=EDGE_CURVE('',#2841,#2853,#2235,.T.);
#2462=EDGE_CURVE('',#2853,#2937,#2236,.T.);
#2463=EDGE_CURVE('',#2840,#2854,#2237,.T.);
#2464=EDGE_CURVE('',#2854,#2853,#2238,.T.);
#2465=EDGE_CURVE('',#2807,#2854,#2239,.T.);
#2466=EDGE_CURVE('',#2936,#2937,#2240,.T.);
#2467=EDGE_CURVE('',#2807,#2855,#2241,.T.);
#2468=EDGE_CURVE('',#2855,#2856,#2242,.T.);
#2469=EDGE_CURVE('',#2856,#2857,#2243,.T.);
#2470=EDGE_CURVE('',#2857,#2858,#2244,.T.);
#2471=EDGE_CURVE('',#2858,#2804,#2245,.T.);
#2472=EDGE_CURVE('',#2852,#2936,#2246,.T.);
#2473=EDGE_CURVE('',#2859,#2860,#2247,.T.);
#2474=EDGE_CURVE('',#2860,#2838,#2248,.T.);
#2475=EDGE_CURVE('',#2837,#2859,#2249,.T.);
#2476=EDGE_CURVE('',#2861,#2862,#2250,.T.);
#2477=EDGE_CURVE('',#2862,#2863,#2251,.T.);
#2478=EDGE_CURVE('',#2863,#2864,#2252,.T.);
#2479=EDGE_CURVE('',#2864,#2861,#2253,.T.);
#2480=EDGE_CURVE('',#2865,#2866,#2254,.T.);
#2481=EDGE_CURVE('',#2866,#2867,#2255,.T.);
#2482=EDGE_CURVE('',#2867,#2868,#2256,.T.);
#2483=EDGE_CURVE('',#2868,#2864,#2257,.T.);
#2484=EDGE_CURVE('',#2863,#2865,#2258,.T.);
#2485=EDGE_CURVE('',#2869,#2870,#2259,.T.);
#2486=EDGE_CURVE('',#2870,#2866,#2260,.T.);
#2487=EDGE_CURVE('',#2865,#2869,#2261,.T.);
#2488=EDGE_CURVE('',#2871,#2872,#2262,.T.);
#2489=EDGE_CURVE('',#2872,#2802,#2263,.T.);
#2490=EDGE_CURVE('',#2801,#2797,#2264,.T.);
#2491=EDGE_CURVE('',#2796,#2873,#2265,.T.);
#2492=EDGE_CURVE('',#2873,#2871,#2266,.T.);
#2493=EDGE_CURVE('',#2862,#2819,#2267,.T.);
#2494=EDGE_CURVE('',#2872,#2874,#2268,.T.);
#2495=EDGE_CURVE('',#2874,#2875,#2269,.T.);
#2496=EDGE_CURVE('',#2875,#2876,#2270,.T.);
#2497=EDGE_CURVE('',#2876,#2877,#2271,.T.);
#2498=EDGE_CURVE('',#2877,#2878,#2272,.T.);
#2499=EDGE_CURVE('',#2878,#2879,#2273,.T.);
#2500=EDGE_CURVE('',#2879,#2880,#2274,.T.);
#2501=EDGE_CURVE('',#2880,#2881,#2275,.T.);
#2502=EDGE_CURVE('',#2881,#2873,#2276,.T.);
#2503=EDGE_CURVE('',#2812,#2869,#2277,.T.);
#2504=EDGE_CURVE('',#2883,#2882,#2278,.T.);
#2505=EDGE_CURVE('',#2882,#2883,#2279,.T.);
#2506=EDGE_CURVE('',#2885,#2884,#2280,.T.);
#2507=EDGE_CURVE('',#2884,#2885,#2281,.T.);
#2508=EDGE_CURVE('',#2887,#2886,#2282,.T.);
#2509=EDGE_CURVE('',#2886,#2887,#2283,.T.);
#2510=EDGE_CURVE('',#2889,#2888,#2284,.T.);
#2511=EDGE_CURVE('',#2888,#2889,#2285,.T.);
#2512=EDGE_CURVE('',#2876,#2890,#2286,.T.);
#2513=EDGE_CURVE('',#2890,#2891,#2287,.T.);
#2514=EDGE_CURVE('',#2891,#2877,#2288,.T.);
#2515=EDGE_CURVE('',#2881,#2892,#2289,.T.);
#2516=EDGE_CURVE('',#2892,#2871,#2290,.T.);
#2517=EDGE_CURVE('',#2880,#2893,#2291,.T.);
#2518=EDGE_CURVE('',#2893,#2892,#2292,.T.);
#2519=EDGE_CURVE('',#2875,#2893,#2293,.T.);
#2520=EDGE_CURVE('',#2893,#2890,#2294,.T.);
#2521=EDGE_CURVE('',#2878,#2891,#2295,.T.);
#2522=EDGE_CURVE('',#2890,#2879,#2296,.T.);
#2523=EDGE_CURVE('',#2892,#2874,#2297,.T.);
#2524=EDGE_CURVE('',#2844,#2836,#2298,.T.);
#2525=EDGE_CURVE('',#2839,#2845,#2299,.T.);
#2526=EDGE_CURVE('',#2859,#2857,#2300,.T.);
#2527=EDGE_CURVE('',#2856,#2860,#2301,.T.);
#2528=EDGE_CURVE('',#2861,#2864,#2302,.T.);
#2529=EDGE_CURVE('',#2864,#2868,#2303,.T.);
#2530=EDGE_CURVE('',#2867,#2866,#2304,.T.);
#2531=EDGE_CURVE('',#2866,#2870,#2305,.T.);
#2532=EDGE_CURVE('',#2870,#2894,#2306,.T.);
#2533=EDGE_CURVE('',#2894,#2855,#2307,.T.);
#2534=EDGE_CURVE('',#2858,#2895,#2308,.T.);
#2535=EDGE_CURVE('',#2895,#2861,#2309,.T.);
#2536=EDGE_CURVE('',#2896,#2896,#2310,.T.);
#2537=EDGE_CURVE('',#2897,#2897,#2311,.T.);
#2538=EDGE_CURVE('',#2898,#2898,#2312,.T.);
#2539=EDGE_CURVE('',#2899,#2899,#2313,.T.);
#2540=EDGE_CURVE('',#2844,#2900,#2314,.T.);
#2541=EDGE_CURVE('',#2900,#2868,#2315,.T.);
#2542=EDGE_CURVE('',#2868,#2859,#2316,.T.);
#2543=EDGE_CURVE('',#2817,#2900,#2317,.T.);
#2544=EDGE_CURVE('',#2860,#2867,#2318,.T.);
#2545=EDGE_CURVE('',#2867,#2901,#2319,.T.);
#2546=EDGE_CURVE('',#2901,#2845,#2320,.T.);
#2547=EDGE_CURVE('',#2901,#2811,#2321,.T.);
#2548=EDGE_CURVE('',#2902,#2903,#2322,.T.);
#2549=EDGE_CURVE('',#2903,#2904,#2323,.T.);
#2550=EDGE_CURVE('',#2904,#2905,#2324,.T.);
#2551=EDGE_CURVE('',#2905,#2906,#2325,.T.);
#2552=EDGE_CURVE('',#2906,#2902,#2326,.T.);
#2553=EDGE_CURVE('',#2904,#2907,#2327,.T.);
#2554=EDGE_CURVE('',#2907,#2902,#2328,.T.);
#2555=EDGE_CURVE('',#2906,#2905,#2329,.T.);
#2556=EDGE_CURVE('',#2908,#2909,#2330,.T.);
#2557=EDGE_CURVE('',#2909,#2910,#2331,.T.);
#2558=EDGE_CURVE('',#2910,#2911,#2332,.T.);
#2559=EDGE_CURVE('',#2911,#2912,#2333,.T.);
#2560=EDGE_CURVE('',#2912,#2908,#2334,.T.);
#2561=EDGE_CURVE('',#2909,#2913,#2335,.T.);
#2562=EDGE_CURVE('',#2913,#2912,#2336,.T.);
#2563=EDGE_CURVE('',#2911,#2910,#2337,.T.);
#2564=EDGE_CURVE('',#2914,#2915,#2338,.T.);
#2565=EDGE_CURVE('',#2915,#2916,#2339,.T.);
#2566=EDGE_CURVE('',#2916,#2917,#2340,.T.);
#2567=EDGE_CURVE('',#2917,#2918,#2341,.T.);
#2568=EDGE_CURVE('',#2918,#2914,#2342,.T.);
#2569=EDGE_CURVE('',#2915,#2919,#2343,.T.);
#2570=EDGE_CURVE('',#2919,#2918,#2344,.T.);
#2571=EDGE_CURVE('',#2917,#2916,#2345,.T.);
#2572=EDGE_CURVE('',#2920,#2921,#2346,.T.);
#2573=EDGE_CURVE('',#2921,#2922,#2347,.T.);
#2574=EDGE_CURVE('',#2922,#2923,#2348,.T.);
#2575=EDGE_CURVE('',#2923,#2924,#2349,.T.);
#2576=EDGE_CURVE('',#2924,#2920,#2350,.T.);
#2577=EDGE_CURVE('',#2921,#2925,#2351,.T.);
#2578=EDGE_CURVE('',#2925,#2924,#2352,.T.);
#2579=EDGE_CURVE('',#2923,#2922,#2353,.T.);
#2580=EDGE_CURVE('',#2905,#2888,#2354,.T.);
#2581=EDGE_CURVE('',#2889,#2906,#2355,.T.);
#2582=EDGE_CURVE('',#2910,#2882,#2356,.T.);
#2583=EDGE_CURVE('',#2883,#2911,#2357,.T.);
#2584=EDGE_CURVE('',#2916,#2886,#2358,.T.);
#2585=EDGE_CURVE('',#2887,#2917,#2359,.T.);
#2586=EDGE_CURVE('',#2922,#2884,#2360,.T.);
#2587=EDGE_CURVE('',#2885,#2923,#2361,.T.);
#2588=EDGE_CURVE('',#2903,#2926,#2362,.T.);
#2589=EDGE_CURVE('',#2926,#2927,#2363,.T.);
#2590=EDGE_CURVE('',#2927,#2907,#2364,.T.);
#2591=EDGE_CURVE('',#2926,#2927,#2365,.T.);
#2592=EDGE_CURVE('',#2908,#2928,#2366,.T.);
#2593=EDGE_CURVE('',#2928,#2929,#2367,.T.);
#2594=EDGE_CURVE('',#2929,#2913,#2368,.T.);
#2595=EDGE_CURVE('',#2928,#2929,#2369,.T.);
#2596=EDGE_CURVE('',#2920,#2930,#2370,.T.);
#2597=EDGE_CURVE('',#2930,#2931,#2371,.T.);
#2598=EDGE_CURVE('',#2931,#2925,#2372,.T.);
#2599=EDGE_CURVE('',#2930,#2931,#2373,.T.);
#2600=EDGE_CURVE('',#2914,#2932,#2374,.T.);
#2601=EDGE_CURVE('',#2932,#2933,#2375,.T.);
#2602=EDGE_CURVE('',#2933,#2919,#2376,.T.);
#2603=EDGE_CURVE('',#2932,#2933,#2377,.T.);
#2604=EDGE_CURVE('',#2935,#2936,#2378,.T.);
#2605=(
BOUNDED_CURVE()
B_SPLINE_CURVE(3,(#4015,#4016,#4017,#4018),.UNSPECIFIED.,.F.,.F.)
B_SPLINE_CURVE_WITH_KNOTS((4,4),(0.,8.079401205099),.UNSPECIFIED.)
CURVE()
GEOMETRIC_REPRESENTATION_ITEM()
RATIONAL_B_SPLINE_CURVE((1.,1.,1.,1.))
REPRESENTATION_ITEM('')
);
#2606=(
BOUNDED_CURVE()
B_SPLINE_CURVE(2,(#4021,#4022,#4023),.UNSPECIFIED.,.F.,.F.)
B_SPLINE_CURVE_WITH_KNOTS((3,3),(0.,3.99999999999984),.UNSPECIFIED.)
CURVE()
GEOMETRIC_REPRESENTATION_ITEM()
RATIONAL_B_SPLINE_CURVE((1.,0.707106781186577,1.))
REPRESENTATION_ITEM('')
);
#2607=(
BOUNDED_CURVE()
B_SPLINE_CURVE(3,(#4026,#4027,#4028,#4029),.UNSPECIFIED.,.F.,.F.)
B_SPLINE_CURVE_WITH_KNOTS((4,4),(0.,8.079401205099),.UNSPECIFIED.)
CURVE()
GEOMETRIC_REPRESENTATION_ITEM()
RATIONAL_B_SPLINE_CURVE((1.,1.,1.,1.))
REPRESENTATION_ITEM('')
);
#2608=(
BOUNDED_CURVE()
B_SPLINE_CURVE(2,(#4032,#4033,#4034),.UNSPECIFIED.,.F.,.F.)
B_SPLINE_CURVE_WITH_KNOTS((3,3),(0.,4.00000000000216),.UNSPECIFIED.)
CURVE()
GEOMETRIC_REPRESENTATION_ITEM()
RATIONAL_B_SPLINE_CURVE((1.,0.707106781186165,1.))
REPRESENTATION_ITEM('')
);
#2609=(
BOUNDED_CURVE()
B_SPLINE_CURVE(2,(#4037,#4038,#4039),.UNSPECIFIED.,.F.,.F.)
B_SPLINE_CURVE_WITH_KNOTS((3,3),(0.,4.00000000000218),.UNSPECIFIED.)
CURVE()
GEOMETRIC_REPRESENTATION_ITEM()
RATIONAL_B_SPLINE_CURVE((1.,0.707106781186164,1.))
REPRESENTATION_ITEM('')
);
#2610=(
BOUNDED_CURVE()
B_SPLINE_CURVE(3,(#4042,#4043,#4044,#4045),.UNSPECIFIED.,.F.,.F.)
B_SPLINE_CURVE_WITH_KNOTS((4,4),(0.,8.079401205099),.UNSPECIFIED.)
CURVE()
GEOMETRIC_REPRESENTATION_ITEM()
RATIONAL_B_SPLINE_CURVE((1.,0.999999999999999,1.,1.))
REPRESENTATION_ITEM('')
);
#2611=(
BOUNDED_CURVE()
B_SPLINE_CURVE(2,(#4048,#4049,#4050),.UNSPECIFIED.,.F.,.F.)
B_SPLINE_CURVE_WITH_KNOTS((3,3),(0.,3.99999999999994),.UNSPECIFIED.)
CURVE()
GEOMETRIC_REPRESENTATION_ITEM()
RATIONAL_B_SPLINE_CURVE((1.,0.707106781186551,1.))
REPRESENTATION_ITEM('')
);
#2612=(
BOUNDED_CURVE()
B_SPLINE_CURVE(3,(#4053,#4054,#4055,#4056),.UNSPECIFIED.,.F.,.F.)
B_SPLINE_CURVE_WITH_KNOTS((4,4),(0.,8.079401205099),.UNSPECIFIED.)
CURVE()
GEOMETRIC_REPRESENTATION_ITEM()
RATIONAL_B_SPLINE_CURVE((1.,1.,0.999999999999999,1.))
REPRESENTATION_ITEM('')
);
#2613=(
BOUNDED_CURVE()
B_SPLINE_CURVE(3,(#4063,#4064,#4065,#4066),.UNSPECIFIED.,.F.,.F.)
B_SPLINE_CURVE_WITH_KNOTS((4,4),(0.,8.079401205099),.UNSPECIFIED.)
CURVE()
GEOMETRIC_REPRESENTATION_ITEM()
RATIONAL_B_SPLINE_CURVE((1.,1.,0.999999999999999,1.))
REPRESENTATION_ITEM('')
);
#2614=(
BOUNDED_CURVE()
B_SPLINE_CURVE(3,(#4091,#4092,#4093,#4094),.UNSPECIFIED.,.F.,.F.)
B_SPLINE_CURVE_WITH_KNOTS((4,4),(0.,8.079401205099),.UNSPECIFIED.)
CURVE()
GEOMETRIC_REPRESENTATION_ITEM()
RATIONAL_B_SPLINE_CURVE((1.,1.,1.,1.))
REPRESENTATION_ITEM('')
);
#2615=(
BOUNDED_CURVE()
B_SPLINE_CURVE(1,(#4135,#4136),.UNSPECIFIED.,.F.,.F.)
B_SPLINE_CURVE_WITH_KNOTS((2,2),(0.,12.),.UNSPECIFIED.)
CURVE()
GEOMETRIC_REPRESENTATION_ITEM()
RATIONAL_B_SPLINE_CURVE((1.,1.))
REPRESENTATION_ITEM('')
);
#2616=(
BOUNDED_CURVE()
B_SPLINE_CURVE(1,(#4137,#4138),.UNSPECIFIED.,.F.,.F.)
B_SPLINE_CURVE_WITH_KNOTS((2,2),(0.,12.),.UNSPECIFIED.)
CURVE()
GEOMETRIC_REPRESENTATION_ITEM()
RATIONAL_B_SPLINE_CURVE((1.,1.))
REPRESENTATION_ITEM('')
);
#2617=(
BOUNDED_CURVE()
B_SPLINE_CURVE(1,(#4181,#4182),.UNSPECIFIED.,.F.,.F.)
B_SPLINE_CURVE_WITH_KNOTS((2,2),(0.,12.),.UNSPECIFIED.)
CURVE()
GEOMETRIC_REPRESENTATION_ITEM()
RATIONAL_B_SPLINE_CURVE((1.,1.))
REPRESENTATION_ITEM('')
);
#2618=(
BOUNDED_CURVE()
B_SPLINE_CURVE(1,(#4183,#4184),.UNSPECIFIED.,.F.,.F.)
B_SPLINE_CURVE_WITH_KNOTS((2,2),(0.,12.),.UNSPECIFIED.)
CURVE()
GEOMETRIC_REPRESENTATION_ITEM()
RATIONAL_B_SPLINE_CURVE((1.,1.))
REPRESENTATION_ITEM('')
);
#2619=(
BOUNDED_CURVE()
B_SPLINE_CURVE(2,(#4327,#4328,#4329),.UNSPECIFIED.,.F.,.F.)
B_SPLINE_CURVE_WITH_KNOTS((3,3),(0.,18.7999999999999),.UNSPECIFIED.)
CURVE()
GEOMETRIC_REPRESENTATION_ITEM()
RATIONAL_B_SPLINE_CURVE((1.,1.,1.))
REPRESENTATION_ITEM('')
);
#2620=(
BOUNDED_CURVE()
B_SPLINE_CURVE(2,(#4330,#4331,#4332),.UNSPECIFIED.,.F.,.F.)
B_SPLINE_CURVE_WITH_KNOTS((3,3),(0.,18.7999999999999),.UNSPECIFIED.)
CURVE()
GEOMETRIC_REPRESENTATION_ITEM()
RATIONAL_B_SPLINE_CURVE((1.,1.,1.))
REPRESENTATION_ITEM('')
);
#2621=(
BOUNDED_CURVE()
B_SPLINE_CURVE(2,(#4337,#4338,#4339),.UNSPECIFIED.,.F.,.F.)
B_SPLINE_CURVE_WITH_KNOTS((3,3),(-8.88947292222769,0.),.UNSPECIFIED.)
CURVE()
GEOMETRIC_REPRESENTATION_ITEM()
RATIONAL_B_SPLINE_CURVE((1.,0.961594347396951,1.))
REPRESENTATION_ITEM('')
);
#2622=(
BOUNDED_CURVE()
B_SPLINE_CURVE(2,(#4340,#4341,#4342),.UNSPECIFIED.,.F.,.F.)
B_SPLINE_CURVE_WITH_KNOTS((3,3),(-8.88947292222769,0.),.UNSPECIFIED.)
CURVE()
GEOMETRIC_REPRESENTATION_ITEM()
RATIONAL_B_SPLINE_CURVE((1.,0.961594347396951,1.))
REPRESENTATION_ITEM('')
);
#2623=(
BOUNDED_CURVE()
B_SPLINE_CURVE(2,(#4343,#4344,#4345),.UNSPECIFIED.,.F.,.F.)
B_SPLINE_CURVE_WITH_KNOTS((3,3),(0.,0.278227089794339),.UNSPECIFIED.)
CURVE()
GEOMETRIC_REPRESENTATION_ITEM()
RATIONAL_B_SPLINE_CURVE((1.,0.999731322509981,1.))
REPRESENTATION_ITEM('')
);
#2624=(
BOUNDED_CURVE()
B_SPLINE_CURVE(2,(#4346,#4347,#4348),.UNSPECIFIED.,.F.,.F.)
B_SPLINE_CURVE_WITH_KNOTS((3,3),(0.,0.278227089794339),.UNSPECIFIED.)
CURVE()
GEOMETRIC_REPRESENTATION_ITEM()
RATIONAL_B_SPLINE_CURVE((1.,0.999731322509981,1.))
REPRESENTATION_ITEM('')
);
#2625=(
BOUNDED_CURVE()
B_SPLINE_CURVE(2,(#4359,#4360,#4361),.UNSPECIFIED.,.F.,.F.)
B_SPLINE_CURVE_WITH_KNOTS((3,3),(0.,18.7999999999999),.UNSPECIFIED.)
CURVE()
GEOMETRIC_REPRESENTATION_ITEM()
RATIONAL_B_SPLINE_CURVE((1.,1.,1.))
REPRESENTATION_ITEM('')
);
#2626=(
BOUNDED_CURVE()
B_SPLINE_CURVE(2,(#4362,#4363,#4364),.UNSPECIFIED.,.F.,.F.)
B_SPLINE_CURVE_WITH_KNOTS((3,3),(0.,18.7999999999999),.UNSPECIFIED.)
CURVE()
GEOMETRIC_REPRESENTATION_ITEM()
RATIONAL_B_SPLINE_CURVE((1.,1.,1.))
REPRESENTATION_ITEM('')
);
#2627=(
BOUNDED_CURVE()
B_SPLINE_CURVE(2,(#4375,#4376,#4377),.UNSPECIFIED.,.F.,.F.)
B_SPLINE_CURVE_WITH_KNOTS((3,3),(0.,0.278227089785658),.UNSPECIFIED.)
CURVE()
GEOMETRIC_REPRESENTATION_ITEM()
RATIONAL_B_SPLINE_CURVE((1.,0.999731322508908,1.))
REPRESENTATION_ITEM('')
);
#2628=(
BOUNDED_CURVE()
B_SPLINE_CURVE(2,(#4378,#4379,#4380),.UNSPECIFIED.,.F.,.F.)
B_SPLINE_CURVE_WITH_KNOTS((3,3),(0.,0.278227089785658),.UNSPECIFIED.)
CURVE()
GEOMETRIC_REPRESENTATION_ITEM()
RATIONAL_B_SPLINE_CURVE((1.,0.999731322508908,1.))
REPRESENTATION_ITEM('')
);
#2629=(
BOUNDED_CURVE()
B_SPLINE_CURVE(2,(#4381,#4382,#4383),.UNSPECIFIED.,.F.,.F.)
B_SPLINE_CURVE_WITH_KNOTS((3,3),(-34.861302876219,-25.9718299539913),
 .UNSPECIFIED.)
CURVE()
GEOMETRIC_REPRESENTATION_ITEM()
RATIONAL_B_SPLINE_CURVE((1.,0.961594347396951,1.))
REPRESENTATION_ITEM('')
);
#2630=(
BOUNDED_CURVE()
B_SPLINE_CURVE(2,(#4384,#4385,#4386),.UNSPECIFIED.,.F.,.F.)
B_SPLINE_CURVE_WITH_KNOTS((3,3),(-34.861302876219,-25.9718299539913),
 .UNSPECIFIED.)
CURVE()
GEOMETRIC_REPRESENTATION_ITEM()
RATIONAL_B_SPLINE_CURVE((1.,0.96159434739695,1.))
REPRESENTATION_ITEM('')
);
#2631=(
BOUNDED_CURVE()
B_SPLINE_CURVE(2,(#4387,#4388,#4389,#4390,#4391,#4392,#4393,#4394,#4395,
#4396,#4397),.UNSPECIFIED.,.T.,.F.)
B_SPLINE_CURVE_WITH_KNOTS((3,2,2,2,2,3),(0.,24.2922752320001,48.5922752319901,
72.8922752320001,97.1922752319904,97.1961382299981),.UNSPECIFIED.)
CURVE()
GEOMETRIC_REPRESENTATION_ITEM()
RATIONAL_B_SPLINE_CURVE((1.,0.707219181801177,1.,0.707106781186548,1.,0.707106781186548,
1.,0.707106781186548,1.,0.999999987364093,1.))
REPRESENTATION_ITEM('')
);
#2632=(
BOUNDED_CURVE()
B_SPLINE_CURVE(2,(#4398,#4399,#4400,#4401,#4402,#4403,#4404,#4405,#4406,
#4407,#4408),.UNSPECIFIED.,.T.,.F.)
B_SPLINE_CURVE_WITH_KNOTS((3,2,2,2,2,3),(0.,24.2922752320001,48.5922752319901,
72.8922752320001,97.1922752319904,97.1961382299981),.UNSPECIFIED.)
CURVE()
GEOMETRIC_REPRESENTATION_ITEM()
RATIONAL_B_SPLINE_CURVE((1.,0.707219181801177,1.,0.707106781186548,1.,0.707106781186548,
1.,0.707106781186548,1.,0.999999987364093,1.))
REPRESENTATION_ITEM('')
);
#2633=(
BOUNDED_CURVE()
B_SPLINE_CURVE(2,(#4409,#4410,#4411,#4412,#4413),.UNSPECIFIED.,.F.,.F.)
B_SPLINE_CURVE_WITH_KNOTS((3,2,3),(0.,18.2999999999999,36.5999999999997),
 .UNSPECIFIED.)
CURVE()
GEOMETRIC_REPRESENTATION_ITEM()
RATIONAL_B_SPLINE_CURVE((1.,0.707106781186553,1.,0.707106781186553,1.))
REPRESENTATION_ITEM('')
);
#2634=(
BOUNDED_CURVE()
B_SPLINE_CURVE(1,(#4416,#4417),.UNSPECIFIED.,.F.,.F.)
B_SPLINE_CURVE_WITH_KNOTS((2,2),(0.,17.175099474093),.UNSPECIFIED.)
CURVE()
GEOMETRIC_REPRESENTATION_ITEM()
RATIONAL_B_SPLINE_CURVE((1.,1.))
REPRESENTATION_ITEM('')
);
#2635=(
BOUNDED_CURVE()
B_SPLINE_CURVE(2,(#4420,#4421,#4422,#4423,#4424),.UNSPECIFIED.,.F.,.F.)
B_SPLINE_CURVE_WITH_KNOTS((3,2,3),(0.,18.3000000000022,36.6000000000044),
 .UNSPECIFIED.)
CURVE()
GEOMETRIC_REPRESENTATION_ITEM()
RATIONAL_B_SPLINE_CURVE((1.,0.707106781186504,1.,0.707106781186504,1.))
REPRESENTATION_ITEM('')
);
#2636=(
BOUNDED_CURVE()
B_SPLINE_CURVE(1,(#4427,#4428),.UNSPECIFIED.,.F.,.F.)
B_SPLINE_CURVE_WITH_KNOTS((2,2),(0.,17.175099474093),.UNSPECIFIED.)
CURVE()
GEOMETRIC_REPRESENTATION_ITEM()
RATIONAL_B_SPLINE_CURVE((1.,1.))
REPRESENTATION_ITEM('')
);
#2637=(
BOUNDED_CURVE()
B_SPLINE_CURVE(2,(#4431,#4432,#4433,#4434,#4435,#4436,#4437,#4438,#4439,
#4440,#4441),.UNSPECIFIED.,.T.,.F.)
B_SPLINE_CURVE_WITH_KNOTS((3,2,2,2,2,3),(0.,24.2922752320001,48.5922752319901,
72.8922752320001,97.1922752319904,97.1961382299981),.UNSPECIFIED.)
CURVE()
GEOMETRIC_REPRESENTATION_ITEM()
RATIONAL_B_SPLINE_CURVE((1.,0.707219181801177,1.,0.707106781186548,1.,0.707106781186548,
1.,0.707106781186548,1.,0.999999987364093,1.))
REPRESENTATION_ITEM('')
);
#2638=(
BOUNDED_CURVE()
B_SPLINE_CURVE(2,(#4442,#4443,#4444,#4445,#4446),.UNSPECIFIED.,.F.,.F.)
B_SPLINE_CURVE_WITH_KNOTS((3,2,3),(-36.5999999999955,-18.2999999999978,
0.),.UNSPECIFIED.)
CURVE()
GEOMETRIC_REPRESENTATION_ITEM()
RATIONAL_B_SPLINE_CURVE((1.,0.707106781186594,1.,0.707106781186594,1.))
REPRESENTATION_ITEM('')
);
#2639=(
BOUNDED_CURVE()
B_SPLINE_CURVE(2,(#4447,#4448,#4449,#4450,#4451),.UNSPECIFIED.,.F.,.F.)
B_SPLINE_CURVE_WITH_KNOTS((3,2,3),(-36.5999999999955,-18.2999999999978,
0.),.UNSPECIFIED.)
CURVE()
GEOMETRIC_REPRESENTATION_ITEM()
RATIONAL_B_SPLINE_CURVE((1.,0.707106781186594,1.,0.707106781186594,1.))
REPRESENTATION_ITEM('')
);
#2640=(
BOUNDED_CURVE()
B_SPLINE_CURVE(2,(#4452,#4453,#4454,#4455,#4456),.UNSPECIFIED.,.F.,.F.)
B_SPLINE_CURVE_WITH_KNOTS((3,2,3),(0.,18.2999999999999,36.5999999999997),
 .UNSPECIFIED.)
CURVE()
GEOMETRIC_REPRESENTATION_ITEM()
RATIONAL_B_SPLINE_CURVE((1.,0.707106781186553,1.,0.707106781186553,1.))
REPRESENTATION_ITEM('')
);
#2641=(
BOUNDED_CURVE()
B_SPLINE_CURVE(2,(#4457,#4458,#4459,#4460,#4461),.UNSPECIFIED.,.F.,.F.)
B_SPLINE_CURVE_WITH_KNOTS((3,2,3),(0.,18.3000000000022,36.6000000000044),
 .UNSPECIFIED.)
CURVE()
GEOMETRIC_REPRESENTATION_ITEM()
RATIONAL_B_SPLINE_CURVE((1.,0.707106781186504,1.,0.707106781186504,1.))
REPRESENTATION_ITEM('')
);
#2642=(
BOUNDED_CURVE()
B_SPLINE_CURVE(2,(#4462,#4463,#4464,#4465,#4466),.UNSPECIFIED.,.F.,.F.)
B_SPLINE_CURVE_WITH_KNOTS((3,2,3),(-36.5999999999994,-18.2999999999997,
0.),.UNSPECIFIED.)
CURVE()
GEOMETRIC_REPRESENTATION_ITEM()
RATIONAL_B_SPLINE_CURVE((1.,0.707106781186552,1.,0.707106781186552,1.))
REPRESENTATION_ITEM('')
);
#2643=(
BOUNDED_CURVE()
B_SPLINE_CURVE(2,(#4467,#4468,#4469,#4470,#4471),.UNSPECIFIED.,.F.,.F.)
B_SPLINE_CURVE_WITH_KNOTS((3,2,3),(-36.5999999999994,-18.2999999999997,
0.),.UNSPECIFIED.)
CURVE()
GEOMETRIC_REPRESENTATION_ITEM()
RATIONAL_B_SPLINE_CURVE((1.,0.707106781186552,1.,0.707106781186552,1.))
REPRESENTATION_ITEM('')
);
#2644=(
BOUNDED_CURVE()
B_SPLINE_CURVE(1,(#4474,#4475),.UNSPECIFIED.,.F.,.F.)
B_SPLINE_CURVE_WITH_KNOTS((2,2),(0.,12.),.UNSPECIFIED.)
CURVE()
GEOMETRIC_REPRESENTATION_ITEM()
RATIONAL_B_SPLINE_CURVE((1.,1.))
REPRESENTATION_ITEM('')
);
#2645=(
BOUNDED_CURVE()
B_SPLINE_CURVE(1,(#4488,#4489),.UNSPECIFIED.,.F.,.F.)
B_SPLINE_CURVE_WITH_KNOTS((2,2),(-20.079401205099,0.),.UNSPECIFIED.)
CURVE()
GEOMETRIC_REPRESENTATION_ITEM()
RATIONAL_B_SPLINE_CURVE((1.,1.))
REPRESENTATION_ITEM('')
);
#2646=(
BOUNDED_CURVE()
B_SPLINE_CURVE(2,(#4492,#4493,#4494),.UNSPECIFIED.,.F.,.F.)
B_SPLINE_CURVE_WITH_KNOTS((3,3),(-0.278227089794339,0.),.UNSPECIFIED.)
CURVE()
GEOMETRIC_REPRESENTATION_ITEM()
RATIONAL_B_SPLINE_CURVE((1.,0.999731322509981,1.))
REPRESENTATION_ITEM('')
);
#2647=(
BOUNDED_CURVE()
B_SPLINE_CURVE(1,(#4499,#4500),.UNSPECIFIED.,.F.,.F.)
B_SPLINE_CURVE_WITH_KNOTS((2,2),(-22.2073413256088,-2.12794012050996),
 .UNSPECIFIED.)
CURVE()
GEOMETRIC_REPRESENTATION_ITEM()
RATIONAL_B_SPLINE_CURVE((1.,1.))
REPRESENTATION_ITEM('')
);
#2648=(
BOUNDED_CURVE()
B_SPLINE_CURVE(1,(#4505,#4506),.UNSPECIFIED.,.F.,.F.)
B_SPLINE_CURVE_WITH_KNOTS((2,2),(0.,20.079401205099),.UNSPECIFIED.)
CURVE()
GEOMETRIC_REPRESENTATION_ITEM()
RATIONAL_B_SPLINE_CURVE((1.,1.))
REPRESENTATION_ITEM('')
);
#2649=(
BOUNDED_CURVE()
B_SPLINE_CURVE(2,(#4509,#4510,#4511),.UNSPECIFIED.,.F.,.F.)
B_SPLINE_CURVE_WITH_KNOTS((3,3),(0.,8.88947292222778),.UNSPECIFIED.)
CURVE()
GEOMETRIC_REPRESENTATION_ITEM()
RATIONAL_B_SPLINE_CURVE((1.,0.96159434739695,1.))
REPRESENTATION_ITEM('')
);
#2650=(
BOUNDED_CURVE()
B_SPLINE_CURVE(1,(#4518,#4519),.UNSPECIFIED.,.F.,.F.)
B_SPLINE_CURVE_WITH_KNOTS((2,2),(-20.079401205099,0.),.UNSPECIFIED.)
CURVE()
GEOMETRIC_REPRESENTATION_ITEM()
RATIONAL_B_SPLINE_CURVE((1.,1.))
REPRESENTATION_ITEM('')
);
#2651=(
BOUNDED_CURVE()
B_SPLINE_CURVE(2,(#4522,#4523,#4524),.UNSPECIFIED.,.F.,.F.)
B_SPLINE_CURVE_WITH_KNOTS((3,3),(-0.278227089785685,0.),.UNSPECIFIED.)
CURVE()
GEOMETRIC_REPRESENTATION_ITEM()
RATIONAL_B_SPLINE_CURVE((1.,0.999731322508909,1.))
REPRESENTATION_ITEM('')
);
#2652=(
BOUNDED_CURVE()
B_SPLINE_CURVE(1,(#4527,#4528),.UNSPECIFIED.,.F.,.F.)
B_SPLINE_CURVE_WITH_KNOTS((2,2),(-20.079401205099,0.),.UNSPECIFIED.)
CURVE()
GEOMETRIC_REPRESENTATION_ITEM()
RATIONAL_B_SPLINE_CURVE((1.,1.))
REPRESENTATION_ITEM('')
);
#2653=(
BOUNDED_CURVE()
B_SPLINE_CURVE(1,(#4531,#4532),.UNSPECIFIED.,.F.,.F.)
B_SPLINE_CURVE_WITH_KNOTS((2,2),(0.,12.),.UNSPECIFIED.)
CURVE()
GEOMETRIC_REPRESENTATION_ITEM()
RATIONAL_B_SPLINE_CURVE((1.,1.))
REPRESENTATION_ITEM('')
);
#2654=(
BOUNDED_CURVE()
B_SPLINE_CURVE(2,(#4543,#4544,#4545),.UNSPECIFIED.,.F.,.F.)
B_SPLINE_CURVE_WITH_KNOTS((3,3),(0.,8.88947292222778),.UNSPECIFIED.)
CURVE()
GEOMETRIC_REPRESENTATION_ITEM()
RATIONAL_B_SPLINE_CURVE((1.,0.96159434739695,1.))
REPRESENTATION_ITEM('')
);
#2655=(
BOUNDED_CURVE()
B_SPLINE_CURVE(2,(#4546,#4547,#4548),.UNSPECIFIED.,.F.,.F.)
B_SPLINE_CURVE_WITH_KNOTS((3,3),(-0.278227089785685,0.),.UNSPECIFIED.)
CURVE()
GEOMETRIC_REPRESENTATION_ITEM()
RATIONAL_B_SPLINE_CURVE((1.,0.999731322508909,1.))
REPRESENTATION_ITEM('')
);
#2656=(
BOUNDED_CURVE()
B_SPLINE_CURVE(2,(#4573,#4574,#4575),.UNSPECIFIED.,.F.,.F.)
B_SPLINE_CURVE_WITH_KNOTS((3,3),(-0.278227089794339,0.),.UNSPECIFIED.)
CURVE()
GEOMETRIC_REPRESENTATION_ITEM()
RATIONAL_B_SPLINE_CURVE((1.,0.999731322509981,1.))
REPRESENTATION_ITEM('')
);
#2657=(
BOUNDED_CURVE()
B_SPLINE_CURVE(2,(#4576,#4577,#4578),.UNSPECIFIED.,.F.,.F.)
B_SPLINE_CURVE_WITH_KNOTS((3,3),(-34.8613028762189,-25.9718299539912),
 .UNSPECIFIED.)
CURVE()
GEOMETRIC_REPRESENTATION_ITEM()
RATIONAL_B_SPLINE_CURVE((1.,0.96159434739695,1.))
REPRESENTATION_ITEM('')
);
#2658=(
BOUNDED_CURVE()
B_SPLINE_CURVE(2,(#4579,#4580,#4581),.UNSPECIFIED.,.F.,.F.)
B_SPLINE_CURVE_WITH_KNOTS((3,3),(-34.8613028762189,-25.9718299539912),
 .UNSPECIFIED.)
CURVE()
GEOMETRIC_REPRESENTATION_ITEM()
RATIONAL_B_SPLINE_CURVE((1.,0.96159434739695,1.))
REPRESENTATION_ITEM('')
);
#2659=(
BOUNDED_CURVE()
B_SPLINE_CURVE(2,(#4600,#4601,#4602),.UNSPECIFIED.,.F.,.F.)
B_SPLINE_CURVE_WITH_KNOTS((3,3),(0.,0.147893444300705),.UNSPECIFIED.)
CURVE()
GEOMETRIC_REPRESENTATION_ITEM()
RATIONAL_B_SPLINE_CURVE((1.,0.997615683193322,1.))
REPRESENTATION_ITEM('')
);
#2660=(
BOUNDED_CURVE()
B_SPLINE_CURVE(1,(#4605,#4606),.UNSPECIFIED.,.F.,.F.)
B_SPLINE_CURVE_WITH_KNOTS((2,2),(0.,8.079401205099),.UNSPECIFIED.)
CURVE()
GEOMETRIC_REPRESENTATION_ITEM()
RATIONAL_B_SPLINE_CURVE((1.,1.))
REPRESENTATION_ITEM('')
);
#2661=(
BOUNDED_CURVE()
B_SPLINE_CURVE(1,(#4637,#4638),.UNSPECIFIED.,.F.,.F.)
B_SPLINE_CURVE_WITH_KNOTS((2,2),(0.,8.079401205099),.UNSPECIFIED.)
CURVE()
GEOMETRIC_REPRESENTATION_ITEM()
RATIONAL_B_SPLINE_CURVE((1.,1.))
REPRESENTATION_ITEM('')
);
#2662=(
BOUNDED_CURVE()
B_SPLINE_CURVE(2,(#4661,#4662,#4663),.UNSPECIFIED.,.F.,.F.)
B_SPLINE_CURVE_WITH_KNOTS((3,3),(0.,0.147893444310715),.UNSPECIFIED.)
CURVE()
GEOMETRIC_REPRESENTATION_ITEM()
RATIONAL_B_SPLINE_CURVE((1.,0.997615683191722,1.))
REPRESENTATION_ITEM('')
);
#2663=(
BOUNDED_CURVE()
B_SPLINE_CURVE(2,(#4666,#4667,#4668),.UNSPECIFIED.,.F.,.F.)
B_SPLINE_CURVE_WITH_KNOTS((3,3),(-15.8226055422822,0.),.UNSPECIFIED.)
CURVE()
GEOMETRIC_REPRESENTATION_ITEM()
RATIONAL_B_SPLINE_CURVE((1.,0.892934973164073,1.))
REPRESENTATION_ITEM('')
);
#2664=(
BOUNDED_CURVE()
B_SPLINE_CURVE(2,(#4669,#4670,#4671),.UNSPECIFIED.,.F.,.F.)
B_SPLINE_CURVE_WITH_KNOTS((3,3),(-15.8226055422822,0.),.UNSPECIFIED.)
CURVE()
GEOMETRIC_REPRESENTATION_ITEM()
RATIONAL_B_SPLINE_CURVE((1.,0.892934973164073,1.))
REPRESENTATION_ITEM('')
);
#2665=(
BOUNDED_CURVE()
B_SPLINE_CURVE(3,(#4676,#4677,#4678,#4679),.UNSPECIFIED.,.F.,.F.)
B_SPLINE_CURVE_WITH_KNOTS((4,4),(0.,8.079401205099),.UNSPECIFIED.)
CURVE()
GEOMETRIC_REPRESENTATION_ITEM()
RATIONAL_B_SPLINE_CURVE((1.,0.999999999999999,1.,1.))
REPRESENTATION_ITEM('')
);
#2666=(
BOUNDED_CURVE()
B_SPLINE_CURVE(3,(#4684,#4685,#4686,#4687),.UNSPECIFIED.,.F.,.F.)
B_SPLINE_CURVE_WITH_KNOTS((4,4),(0.,8.079401205099),.UNSPECIFIED.)
CURVE()
GEOMETRIC_REPRESENTATION_ITEM()
RATIONAL_B_SPLINE_CURVE((1.,1.,1.,1.))
REPRESENTATION_ITEM('')
);
#2667=(
BOUNDED_CURVE()
B_SPLINE_CURVE(2,(#4692,#4693,#4694),.UNSPECIFIED.,.F.,.F.)
B_SPLINE_CURVE_WITH_KNOTS((3,3),(-15.822605492802,0.),.UNSPECIFIED.)
CURVE()
GEOMETRIC_REPRESENTATION_ITEM()
RATIONAL_B_SPLINE_CURVE((1.,0.892934973730111,1.))
REPRESENTATION_ITEM('')
);
#2668=(
BOUNDED_CURVE()
B_SPLINE_CURVE(2,(#4695,#4696,#4697),.UNSPECIFIED.,.F.,.F.)
B_SPLINE_CURVE_WITH_KNOTS((3,3),(-15.822605492802,0.),.UNSPECIFIED.)
CURVE()
GEOMETRIC_REPRESENTATION_ITEM()
RATIONAL_B_SPLINE_CURVE((1.,0.892934973730111,1.))
REPRESENTATION_ITEM('')
);
#2669=(
BOUNDED_CURVE()
B_SPLINE_CURVE(2,(#4706,#4707,#4708),.UNSPECIFIED.,.F.,.F.)
B_SPLINE_CURVE_WITH_KNOTS((3,3),(0.,3.99999999999994),.UNSPECIFIED.)
CURVE()
GEOMETRIC_REPRESENTATION_ITEM()
RATIONAL_B_SPLINE_CURVE((1.,0.707106781186551,1.))
REPRESENTATION_ITEM('')
);
#2670=(
BOUNDED_CURVE()
B_SPLINE_CURVE(2,(#4757,#4758,#4759),.UNSPECIFIED.,.F.,.F.)
B_SPLINE_CURVE_WITH_KNOTS((3,3),(0.,4.00000000000216),.UNSPECIFIED.)
CURVE()
GEOMETRIC_REPRESENTATION_ITEM()
RATIONAL_B_SPLINE_CURVE((1.,0.707106781186165,1.))
REPRESENTATION_ITEM('')
);
#2671=(
BOUNDED_CURVE()
B_SPLINE_CURVE(2,(#4768,#4769,#4770),.UNSPECIFIED.,.F.,.F.)
B_SPLINE_CURVE_WITH_KNOTS((3,3),(0.,0.147893444310715),.UNSPECIFIED.)
CURVE()
GEOMETRIC_REPRESENTATION_ITEM()
RATIONAL_B_SPLINE_CURVE((1.,0.997615683191722,1.))
REPRESENTATION_ITEM('')
);
#2672=(
BOUNDED_CURVE()
B_SPLINE_CURVE(2,(#4777,#4778,#4779),.UNSPECIFIED.,.F.,.F.)
B_SPLINE_CURVE_WITH_KNOTS((3,3),(0.,0.147893444300705),.UNSPECIFIED.)
CURVE()
GEOMETRIC_REPRESENTATION_ITEM()
RATIONAL_B_SPLINE_CURVE((1.,0.997615683193322,1.))
REPRESENTATION_ITEM('')
);
#2673=(
BOUNDED_CURVE()
B_SPLINE_CURVE(2,(#4780,#4781,#4782,#4783,#4784),.UNSPECIFIED.,.F.,.F.)
B_SPLINE_CURVE_WITH_KNOTS((3,2,3),(-6.7999999999994,-3.3999999999997,0.),
 .UNSPECIFIED.)
CURVE()
GEOMETRIC_REPRESENTATION_ITEM()
RATIONAL_B_SPLINE_CURVE((1.,0.707106781186576,1.,0.707106781186576,1.))
REPRESENTATION_ITEM('')
);
#2674=(
BOUNDED_CURVE()
B_SPLINE_CURVE(2,(#4785,#4786,#4787,#4788,#4789),.UNSPECIFIED.,.F.,.F.)
B_SPLINE_CURVE_WITH_KNOTS((3,2,3),(-6.7999999999994,-3.3999999999997,0.),
 .UNSPECIFIED.)
CURVE()
GEOMETRIC_REPRESENTATION_ITEM()
RATIONAL_B_SPLINE_CURVE((1.,0.707106781186576,1.,0.707106781186576,1.))
REPRESENTATION_ITEM('')
);
#2675=(
BOUNDED_CURVE()
B_SPLINE_CURVE(2,(#4790,#4791,#4792,#4793,#4794),.UNSPECIFIED.,.F.,.F.)
B_SPLINE_CURVE_WITH_KNOTS((3,2,3),(-6.8000000000006,-3.40000000000029,0.),
 .UNSPECIFIED.)
CURVE()
GEOMETRIC_REPRESENTATION_ITEM()
RATIONAL_B_SPLINE_CURVE((1.,0.707106781186513,1.,0.707106781186513,1.))
REPRESENTATION_ITEM('')
);
#2676=(
BOUNDED_CURVE()
B_SPLINE_CURVE(2,(#4795,#4796,#4797,#4798,#4799),.UNSPECIFIED.,.F.,.F.)
B_SPLINE_CURVE_WITH_KNOTS((3,2,3),(-6.8000000000006,-3.40000000000029,0.),
 .UNSPECIFIED.)
CURVE()
GEOMETRIC_REPRESENTATION_ITEM()
RATIONAL_B_SPLINE_CURVE((1.,0.707106781186513,1.,0.707106781186513,1.))
REPRESENTATION_ITEM('')
);
#2677=(
BOUNDED_CURVE()
B_SPLINE_CURVE(2,(#4800,#4801,#4802,#4803,#4804),.UNSPECIFIED.,.F.,.F.)
B_SPLINE_CURVE_WITH_KNOTS((3,2,3),(-6.80000000000195,-3.40000000000096,
0.),.UNSPECIFIED.)
CURVE()
GEOMETRIC_REPRESENTATION_ITEM()
RATIONAL_B_SPLINE_CURVE((1.,0.707106781186443,1.,0.707106781186443,1.))
REPRESENTATION_ITEM('')
);
#2678=(
BOUNDED_CURVE()
B_SPLINE_CURVE(2,(#4805,#4806,#4807,#4808,#4809),.UNSPECIFIED.,.F.,.F.)
B_SPLINE_CURVE_WITH_KNOTS((3,2,3),(-6.80000000000195,-3.40000000000096,
0.),.UNSPECIFIED.)
CURVE()
GEOMETRIC_REPRESENTATION_ITEM()
RATIONAL_B_SPLINE_CURVE((1.,0.707106781186443,1.,0.707106781186443,1.))
REPRESENTATION_ITEM('')
);
#2679=(
BOUNDED_CURVE()
B_SPLINE_CURVE(2,(#4810,#4811,#4812,#4813,#4814),.UNSPECIFIED.,.F.,.F.)
B_SPLINE_CURVE_WITH_KNOTS((3,2,3),(-6.8000000000021,-3.40000000000104,0.),
 .UNSPECIFIED.)
CURVE()
GEOMETRIC_REPRESENTATION_ITEM()
RATIONAL_B_SPLINE_CURVE((1.,0.70710678118644,1.,0.70710678118644,1.))
REPRESENTATION_ITEM('')
);
#2680=(
BOUNDED_CURVE()
B_SPLINE_CURVE(2,(#4815,#4816,#4817,#4818,#4819),.UNSPECIFIED.,.F.,.F.)
B_SPLINE_CURVE_WITH_KNOTS((3,2,3),(-6.8000000000021,-3.40000000000104,0.),
 .UNSPECIFIED.)
CURVE()
GEOMETRIC_REPRESENTATION_ITEM()
RATIONAL_B_SPLINE_CURVE((1.,0.70710678118644,1.,0.70710678118644,1.))
REPRESENTATION_ITEM('')
);
#2681=(
BOUNDED_CURVE()
B_SPLINE_CURVE(2,(#4820,#4821,#4822,#4823,#4824),.UNSPECIFIED.,.F.,.F.)
B_SPLINE_CURVE_WITH_KNOTS((3,2,3),(-6.80000000002119,-3.40000000001061,
0.),.UNSPECIFIED.)
CURVE()
GEOMETRIC_REPRESENTATION_ITEM()
RATIONAL_B_SPLINE_CURVE((1.,0.707106781185447,1.,0.707106781185447,1.))
REPRESENTATION_ITEM('')
);
#2682=(
BOUNDED_CURVE()
B_SPLINE_CURVE(2,(#4825,#4826,#4827,#4828,#4829),.UNSPECIFIED.,.F.,.F.)
B_SPLINE_CURVE_WITH_KNOTS((3,2,3),(-6.80000000002119,-3.40000000001061,
0.),.UNSPECIFIED.)
CURVE()
GEOMETRIC_REPRESENTATION_ITEM()
RATIONAL_B_SPLINE_CURVE((1.,0.707106781185447,1.,0.707106781185447,1.))
REPRESENTATION_ITEM('')
);
#2683=(
BOUNDED_CURVE()
B_SPLINE_CURVE(2,(#4830,#4831,#4832,#4833,#4834),.UNSPECIFIED.,.F.,.F.)
B_SPLINE_CURVE_WITH_KNOTS((3,2,3),(-6.79999999997754,-3.3999999999888,0.),
 .UNSPECIFIED.)
CURVE()
GEOMETRIC_REPRESENTATION_ITEM()
RATIONAL_B_SPLINE_CURVE((1.,0.70710678118772,1.,0.70710678118772,1.))
REPRESENTATION_ITEM('')
);
#2684=(
BOUNDED_CURVE()
B_SPLINE_CURVE(2,(#4835,#4836,#4837,#4838,#4839),.UNSPECIFIED.,.F.,.F.)
B_SPLINE_CURVE_WITH_KNOTS((3,2,3),(-6.79999999997754,-3.3999999999888,0.),
 .UNSPECIFIED.)
CURVE()
GEOMETRIC_REPRESENTATION_ITEM()
RATIONAL_B_SPLINE_CURVE((1.,0.70710678118772,1.,0.70710678118772,1.))
REPRESENTATION_ITEM('')
);
#2685=(
BOUNDED_CURVE()
B_SPLINE_CURVE(2,(#4840,#4841,#4842,#4843,#4844),.UNSPECIFIED.,.F.,.F.)
B_SPLINE_CURVE_WITH_KNOTS((3,2,3),(-6.79999999999994,-3.39999999999998,
0.),.UNSPECIFIED.)
CURVE()
GEOMETRIC_REPRESENTATION_ITEM()
RATIONAL_B_SPLINE_CURVE((1.,0.707106781186548,1.,0.707106781186548,1.))
REPRESENTATION_ITEM('')
);
#2686=(
BOUNDED_CURVE()
B_SPLINE_CURVE(2,(#4845,#4846,#4847,#4848,#4849),.UNSPECIFIED.,.F.,.F.)
B_SPLINE_CURVE_WITH_KNOTS((3,2,3),(-6.79999999999994,-3.39999999999998,
0.),.UNSPECIFIED.)
CURVE()
GEOMETRIC_REPRESENTATION_ITEM()
RATIONAL_B_SPLINE_CURVE((1.,0.707106781186548,1.,0.707106781186548,1.))
REPRESENTATION_ITEM('')
);
#2687=(
BOUNDED_CURVE()
B_SPLINE_CURVE(2,(#4850,#4851,#4852,#4853,#4854),.UNSPECIFIED.,.F.,.F.)
B_SPLINE_CURVE_WITH_KNOTS((3,2,3),(-6.80000000000351,-3.40000000000178,
0.),.UNSPECIFIED.)
CURVE()
GEOMETRIC_REPRESENTATION_ITEM()
RATIONAL_B_SPLINE_CURVE((1.,0.707106781186361,1.,0.707106781186361,1.))
REPRESENTATION_ITEM('')
);
#2688=(
BOUNDED_CURVE()
B_SPLINE_CURVE(2,(#4855,#4856,#4857,#4858,#4859),.UNSPECIFIED.,.F.,.F.)
B_SPLINE_CURVE_WITH_KNOTS((3,2,3),(-6.80000000000351,-3.40000000000178,
0.),.UNSPECIFIED.)
CURVE()
GEOMETRIC_REPRESENTATION_ITEM()
RATIONAL_B_SPLINE_CURVE((1.,0.707106781186361,1.,0.707106781186361,1.))
REPRESENTATION_ITEM('')
);
#2689=(
BOUNDED_CURVE()
B_SPLINE_CURVE(2,(#4878,#4879,#4880),.UNSPECIFIED.,.F.,.F.)
B_SPLINE_CURVE_WITH_KNOTS((3,3),(-9.1947934860407,0.),.UNSPECIFIED.)
CURVE()
GEOMETRIC_REPRESENTATION_ITEM()
RATIONAL_B_SPLINE_CURVE((1.,0.937074989146751,1.))
REPRESENTATION_ITEM('')
);
#2690=(
BOUNDED_CURVE()
B_SPLINE_CURVE(2,(#4881,#4882,#4883),.UNSPECIFIED.,.F.,.F.)
B_SPLINE_CURVE_WITH_KNOTS((3,3),(-9.1947934860407,0.),.UNSPECIFIED.)
CURVE()
GEOMETRIC_REPRESENTATION_ITEM()
RATIONAL_B_SPLINE_CURVE((1.,0.937074989146751,1.))
REPRESENTATION_ITEM('')
);
#2691=(
BOUNDED_CURVE()
B_SPLINE_CURVE(2,(#4888,#4889,#4890),.UNSPECIFIED.,.F.,.F.)
B_SPLINE_CURVE_WITH_KNOTS((3,3),(0.,7.05074208464447),.UNSPECIFIED.)
CURVE()
GEOMETRIC_REPRESENTATION_ITEM()
RATIONAL_B_SPLINE_CURVE((1.,0.954856027394246,1.))
REPRESENTATION_ITEM('')
);
#2692=(
BOUNDED_CURVE()
B_SPLINE_CURVE(2,(#4891,#4892,#4893),.UNSPECIFIED.,.F.,.F.)
B_SPLINE_CURVE_WITH_KNOTS((3,3),(0.,7.05074208464447),.UNSPECIFIED.)
CURVE()
GEOMETRIC_REPRESENTATION_ITEM()
RATIONAL_B_SPLINE_CURVE((1.,0.954856027394246,1.))
REPRESENTATION_ITEM('')
);
#2693=(
BOUNDED_CURVE()
B_SPLINE_CURVE(2,(#4898,#4899,#4900),.UNSPECIFIED.,.F.,.F.)
B_SPLINE_CURVE_WITH_KNOTS((3,3),(0.,15.8226054927984),.UNSPECIFIED.)
CURVE()
GEOMETRIC_REPRESENTATION_ITEM()
RATIONAL_B_SPLINE_CURVE((1.,0.892934973729748,1.))
REPRESENTATION_ITEM('')
);
#2694=(
BOUNDED_CURVE()
B_SPLINE_CURVE(2,(#4910,#4911,#4912),.UNSPECIFIED.,.F.,.F.)
B_SPLINE_CURVE_WITH_KNOTS((3,3),(-9.19479344110429,0.),.UNSPECIFIED.)
CURVE()
GEOMETRIC_REPRESENTATION_ITEM()
RATIONAL_B_SPLINE_CURVE((1.,0.93707498970476,1.))
REPRESENTATION_ITEM('')
);
#2695=(
BOUNDED_CURVE()
B_SPLINE_CURVE(2,(#4913,#4914,#4915),.UNSPECIFIED.,.F.,.F.)
B_SPLINE_CURVE_WITH_KNOTS((3,3),(-9.19479344110429,0.),.UNSPECIFIED.)
CURVE()
GEOMETRIC_REPRESENTATION_ITEM()
RATIONAL_B_SPLINE_CURVE((1.,0.93707498970476,1.))
REPRESENTATION_ITEM('')
);
#2696=(
BOUNDED_CURVE()
B_SPLINE_CURVE(2,(#4920,#4921,#4922),.UNSPECIFIED.,.F.,.F.)
B_SPLINE_CURVE_WITH_KNOTS((3,3),(0.,15.8226054927984),.UNSPECIFIED.)
CURVE()
GEOMETRIC_REPRESENTATION_ITEM()
RATIONAL_B_SPLINE_CURVE((1.,0.892934973729748,1.))
REPRESENTATION_ITEM('')
);
#2697=(
BOUNDED_CURVE()
B_SPLINE_CURVE(2,(#4927,#4928,#4929),.UNSPECIFIED.,.F.,.F.)
B_SPLINE_CURVE_WITH_KNOTS((3,3),(0.,9.19479348604001),.UNSPECIFIED.)
CURVE()
GEOMETRIC_REPRESENTATION_ITEM()
RATIONAL_B_SPLINE_CURVE((1.,0.937074989146744,1.))
REPRESENTATION_ITEM('')
);
#2698=(
BOUNDED_CURVE()
B_SPLINE_CURVE(2,(#4938,#4939,#4940),.UNSPECIFIED.,.F.,.F.)
B_SPLINE_CURVE_WITH_KNOTS((3,3),(0.,7.05074204138566),.UNSPECIFIED.)
CURVE()
GEOMETRIC_REPRESENTATION_ITEM()
RATIONAL_B_SPLINE_CURVE((1.,0.954856027911315,1.))
REPRESENTATION_ITEM('')
);
#2699=(
BOUNDED_CURVE()
B_SPLINE_CURVE(2,(#4941,#4942,#4943),.UNSPECIFIED.,.F.,.F.)
B_SPLINE_CURVE_WITH_KNOTS((3,3),(0.,7.05074204138566),.UNSPECIFIED.)
CURVE()
GEOMETRIC_REPRESENTATION_ITEM()
RATIONAL_B_SPLINE_CURVE((1.,0.954856027911315,1.))
REPRESENTATION_ITEM('')
);
#2700=(
BOUNDED_CURVE()
B_SPLINE_CURVE(2,(#4946,#4947,#4948),.UNSPECIFIED.,.F.,.F.)
B_SPLINE_CURVE_WITH_KNOTS((3,3),(-9.19479344110576,0.),.UNSPECIFIED.)
CURVE()
GEOMETRIC_REPRESENTATION_ITEM()
RATIONAL_B_SPLINE_CURVE((1.,0.937074989704685,1.))
REPRESENTATION_ITEM('')
);
#2701=(
BOUNDED_CURVE()
B_SPLINE_CURVE(2,(#4949,#4950,#4951),.UNSPECIFIED.,.F.,.F.)
B_SPLINE_CURVE_WITH_KNOTS((3,3),(-9.19479344110576,0.),.UNSPECIFIED.)
CURVE()
GEOMETRIC_REPRESENTATION_ITEM()
RATIONAL_B_SPLINE_CURVE((1.,0.937074989704685,1.))
REPRESENTATION_ITEM('')
);
#2702=(
BOUNDED_CURVE()
B_SPLINE_CURVE(2,(#4952,#4953,#4954),.UNSPECIFIED.,.F.,.F.)
B_SPLINE_CURVE_WITH_KNOTS((3,3),(0.,15.8226055422801),.UNSPECIFIED.)
CURVE()
GEOMETRIC_REPRESENTATION_ITEM()
RATIONAL_B_SPLINE_CURVE((1.,0.892934973164189,1.))
REPRESENTATION_ITEM('')
);
#2703=(
BOUNDED_CURVE()
B_SPLINE_CURVE(2,(#4966,#4967,#4968),.UNSPECIFIED.,.F.,.F.)
B_SPLINE_CURVE_WITH_KNOTS((3,3),(0.,15.8226055422801),.UNSPECIFIED.)
CURVE()
GEOMETRIC_REPRESENTATION_ITEM()
RATIONAL_B_SPLINE_CURVE((1.,0.892934973164189,1.))
REPRESENTATION_ITEM('')
);
#2704=(
BOUNDED_CURVE()
B_SPLINE_CURVE(2,(#4971,#4972,#4973),.UNSPECIFIED.,.F.,.F.)
B_SPLINE_CURVE_WITH_KNOTS((3,3),(0.,9.19479348604001),.UNSPECIFIED.)
CURVE()
GEOMETRIC_REPRESENTATION_ITEM()
RATIONAL_B_SPLINE_CURVE((1.,0.937074989146744,1.))
REPRESENTATION_ITEM('')
);
#2705=(
BOUNDED_CURVE()
B_SPLINE_CURVE(2,(#4986,#4987,#4988),.UNSPECIFIED.,.F.,.F.)
B_SPLINE_CURVE_WITH_KNOTS((3,3),(0.,7.05074208464447),.UNSPECIFIED.)
CURVE()
GEOMETRIC_REPRESENTATION_ITEM()
RATIONAL_B_SPLINE_CURVE((1.,0.954856027394246,1.))
REPRESENTATION_ITEM('')
);
#2706=(
BOUNDED_CURVE()
B_SPLINE_CURVE(2,(#4989,#4990,#4991),.UNSPECIFIED.,.F.,.F.)
B_SPLINE_CURVE_WITH_KNOTS((3,3),(0.,7.05074204138566),.UNSPECIFIED.)
CURVE()
GEOMETRIC_REPRESENTATION_ITEM()
RATIONAL_B_SPLINE_CURVE((1.,0.954856027911315,1.))
REPRESENTATION_ITEM('')
);
#2707=(
BOUNDED_CURVE()
B_SPLINE_CURVE(2,(#4996,#4997,#4998),.UNSPECIFIED.,.F.,.F.)
B_SPLINE_CURVE_WITH_KNOTS((3,3),(0.,18.7999999999999),.UNSPECIFIED.)
CURVE()
GEOMETRIC_REPRESENTATION_ITEM()
RATIONAL_B_SPLINE_CURVE((1.,1.,1.))
REPRESENTATION_ITEM('')
);
#2708=(
BOUNDED_CURVE()
B_SPLINE_CURVE(2,(#5003,#5004,#5005),.UNSPECIFIED.,.F.,.F.)
B_SPLINE_CURVE_WITH_KNOTS((3,3),(0.,18.7999999999999),.UNSPECIFIED.)
CURVE()
GEOMETRIC_REPRESENTATION_ITEM()
RATIONAL_B_SPLINE_CURVE((1.,1.,1.))
REPRESENTATION_ITEM('')
);
#2709=(
BOUNDED_CURVE()
B_SPLINE_CURVE(2,(#5056,#5057,#5058),.UNSPECIFIED.,.F.,.F.)
B_SPLINE_CURVE_WITH_KNOTS((3,3),(0.,3.99999999999984),.UNSPECIFIED.)
CURVE()
GEOMETRIC_REPRESENTATION_ITEM()
RATIONAL_B_SPLINE_CURVE((1.,0.707106781186577,1.))
REPRESENTATION_ITEM('')
);
#2710=(
BOUNDED_CURVE()
B_SPLINE_CURVE(2,(#5061,#5062,#5063),.UNSPECIFIED.,.F.,.F.)
B_SPLINE_CURVE_WITH_KNOTS((3,3),(0.,4.00000000000218),.UNSPECIFIED.)
CURVE()
GEOMETRIC_REPRESENTATION_ITEM()
RATIONAL_B_SPLINE_CURVE((1.,0.707106781186164,1.))
REPRESENTATION_ITEM('')
);
#2711=(
BOUNDED_CURVE()
B_SPLINE_CURVE(2,(#5080,#5081,#5082,#5083,#5084,#5085,#5086,#5087,#5088,
#5089,#5090,#5091,#5092),.UNSPECIFIED.,.T.,.F.)
B_SPLINE_CURVE_WITH_KNOTS((3,2,2,2,2,2,3),(0.,0.0334676472090357,7.79239324512329,
15.4846710298508,15.5181386770599,23.2770642749742,30.9693420597018),
 .UNSPECIFIED.)
CURVE()
GEOMETRIC_REPRESENTATION_ITEM()
RATIONAL_B_SPLINE_CURVE((1.,0.999990697254626,1.,0.707106781186548,1.,0.708890279301718,
0.996454724078103,0.99821650188483,1.,0.707106781186548,1.,0.710150236283757,
1.))
REPRESENTATION_ITEM('')
);
#2712=(
BOUNDED_CURVE()
B_SPLINE_CURVE(2,(#5093,#5094,#5095,#5096,#5097,#5098,#5099,#5100,#5101,
#5102,#5103,#5104,#5105),.UNSPECIFIED.,.T.,.F.)
B_SPLINE_CURVE_WITH_KNOTS((3,2,2,2,2,2,3),(0.,0.0334676472090357,7.79239324512329,
15.4846710298508,15.5181386770599,23.2770642749742,30.9693420597018),
 .UNSPECIFIED.)
CURVE()
GEOMETRIC_REPRESENTATION_ITEM()
RATIONAL_B_SPLINE_CURVE((1.,0.999990697254626,1.,0.707106781186548,1.,0.708890279301718,
0.996454724078103,0.99821650188483,1.,0.707106781186548,1.,0.710150236283757,
1.))
REPRESENTATION_ITEM('')
);
#2713=(
BOUNDED_CURVE()
B_SPLINE_CURVE(2,(#5106,#5107,#5108,#5109,#5110,#5111,#5112,#5113,#5114,
#5115,#5116,#5117,#5118),.UNSPECIFIED.,.T.,.F.)
B_SPLINE_CURVE_WITH_KNOTS((3,2,2,2,2,2,3),(0.,0.0334676472090856,7.79239324512343,
15.4846710285309,15.5181386764099,23.2770642743241,30.9693420590517),
 .UNSPECIFIED.)
CURVE()
GEOMETRIC_REPRESENTATION_ITEM()
RATIONAL_B_SPLINE_CURVE((1.,0.999990697254626,1.,0.707106781186548,1.,0.708890279337348,
0.996454724007711,0.9982165018492,1.,0.707106781186547,1.,0.71015023628369,
1.))
REPRESENTATION_ITEM('')
);
#2714=(
BOUNDED_CURVE()
B_SPLINE_CURVE(2,(#5119,#5120,#5121,#5122,#5123,#5124,#5125,#5126,#5127,
#5128,#5129,#5130,#5131),.UNSPECIFIED.,.T.,.F.)
B_SPLINE_CURVE_WITH_KNOTS((3,2,2,2,2,2,3),(0.,0.0334676472090856,7.79239324512343,
15.4846710285309,15.5181386764099,23.2770642743241,30.9693420590517),
 .UNSPECIFIED.)
CURVE()
GEOMETRIC_REPRESENTATION_ITEM()
RATIONAL_B_SPLINE_CURVE((1.,0.999990697254626,1.,0.707106781186548,1.,0.708890279337348,
0.996454724007711,0.9982165018492,1.,0.707106781186547,1.,0.71015023628369,
1.))
REPRESENTATION_ITEM('')
);
#2715=(
BOUNDED_CURVE()
B_SPLINE_CURVE(2,(#5132,#5133,#5134,#5135,#5136,#5137,#5138,#5139,#5140,
#5141,#5142,#5143,#5144),.UNSPECIFIED.,.T.,.F.)
B_SPLINE_CURVE_WITH_KNOTS((3,2,2,2,2,2,3),(0.,0.0334676471190518,7.79239324503307,
15.4846710296006,15.5181386768896,23.2770642748039,30.9693420597115),
 .UNSPECIFIED.)
CURVE()
GEOMETRIC_REPRESENTATION_ITEM()
RATIONAL_B_SPLINE_CURVE((1.,0.999990697254673,1.,0.707106781186548,1.,0.70889027930625,
0.996454724069149,0.998216501880297,1.,0.707106781186547,1.,0.710150236276003,
1.))
REPRESENTATION_ITEM('')
);
#2716=(
BOUNDED_CURVE()
B_SPLINE_CURVE(2,(#5145,#5146,#5147,#5148,#5149,#5150,#5151,#5152,#5153,
#5154,#5155,#5156,#5157),.UNSPECIFIED.,.T.,.F.)
B_SPLINE_CURVE_WITH_KNOTS((3,2,2,2,2,2,3),(0.,0.0334676471190518,7.79239324503307,
15.4846710296006,15.5181386768896,23.2770642748039,30.9693420597115),
 .UNSPECIFIED.)
CURVE()
GEOMETRIC_REPRESENTATION_ITEM()
RATIONAL_B_SPLINE_CURVE((1.,0.999990697254673,1.,0.707106781186548,1.,0.70889027930625,
0.996454724069149,0.998216501880297,1.,0.707106781186547,1.,0.710150236276003,
1.))
REPRESENTATION_ITEM('')
);
#2717=(
BOUNDED_CURVE()
B_SPLINE_CURVE(2,(#5158,#5159,#5160,#5161,#5162,#5163,#5164,#5165,#5166,
#5167,#5168,#5169,#5170),.UNSPECIFIED.,.T.,.F.)
B_SPLINE_CURVE_WITH_KNOTS((3,2,2,2,2,2,3),(0.,0.0334676471192314,7.79239324503335,
15.4846710296106,15.5181386768998,23.2770642748139,30.9693420597216),
 .UNSPECIFIED.)
CURVE()
GEOMETRIC_REPRESENTATION_ITEM()
RATIONAL_B_SPLINE_CURVE((1.,0.999990697254673,1.,0.707106781186548,1.,0.708890279306192,
0.996454724069264,0.998216501880356,1.,0.707106781186547,1.,0.710150236276045,
1.))
REPRESENTATION_ITEM('')
);
#2718=(
BOUNDED_CURVE()
B_SPLINE_CURVE(2,(#5171,#5172,#5173,#5174,#5175,#5176,#5177,#5178,#5179,
#5180,#5181,#5182,#5183),.UNSPECIFIED.,.T.,.F.)
B_SPLINE_CURVE_WITH_KNOTS((3,2,2,2,2,2,3),(0.,0.0334676471192314,7.79239324503335,
15.4846710296106,15.5181386768998,23.2770642748139,30.9693420597216),
 .UNSPECIFIED.)
CURVE()
GEOMETRIC_REPRESENTATION_ITEM()
RATIONAL_B_SPLINE_CURVE((1.,0.999990697254673,1.,0.707106781186548,1.,0.708890279306192,
0.996454724069264,0.998216501880356,1.,0.707106781186547,1.,0.710150236276045,
1.))
REPRESENTATION_ITEM('')
);
#2719=(
BOUNDED_CURVE()
B_SPLINE_CURVE(2,(#5312,#5313,#5314),.UNSPECIFIED.,.F.,.F.)
B_SPLINE_CURVE_WITH_KNOTS((3,3),(-6.10491303063533,0.),.UNSPECIFIED.)
CURVE()
GEOMETRIC_REPRESENTATION_ITEM()
RATIONAL_B_SPLINE_CURVE((1.,0.710150224102648,1.))
REPRESENTATION_ITEM('')
);
#2720=(
BOUNDED_CURVE()
B_SPLINE_CURVE(2,(#5315,#5316,#5317),.UNSPECIFIED.,.F.,.F.)
B_SPLINE_CURVE_WITH_KNOTS((3,3),(-6.10491303063533,0.),.UNSPECIFIED.)
CURVE()
GEOMETRIC_REPRESENTATION_ITEM()
RATIONAL_B_SPLINE_CURVE((1.,0.710150224102648,1.))
REPRESENTATION_ITEM('')
);
#2721=(
BOUNDED_CURVE()
B_SPLINE_CURVE(2,(#5318,#5319,#5320,#5321,#5322),.UNSPECIFIED.,.F.,.F.)
B_SPLINE_CURVE_WITH_KNOTS((3,2,3),(-5.13244093072799,-2.566220465364,0.),
 .UNSPECIFIED.)
CURVE()
GEOMETRIC_REPRESENTATION_ITEM()
RATIONAL_B_SPLINE_CURVE((1.,0.923052045589821,1.,0.923052045589821,1.))
REPRESENTATION_ITEM('')
);
#2722=(
BOUNDED_CURVE()
B_SPLINE_CURVE(2,(#5323,#5324,#5325,#5326,#5327),.UNSPECIFIED.,.F.,.F.)
B_SPLINE_CURVE_WITH_KNOTS((3,2,3),(-5.13244093072799,-2.566220465364,0.),
 .UNSPECIFIED.)
CURVE()
GEOMETRIC_REPRESENTATION_ITEM()
RATIONAL_B_SPLINE_CURVE((1.,0.923052045589821,1.,0.923052045589821,1.))
REPRESENTATION_ITEM('')
);
#2723=(
BOUNDED_CURVE()
B_SPLINE_CURVE(2,(#5332,#5333,#5334,#5335,#5336),.UNSPECIFIED.,.F.,.F.)
B_SPLINE_CURVE_WITH_KNOTS((3,2,3),(0.,3.3999999786898,6.79999995737947),
 .UNSPECIFIED.)
CURVE()
GEOMETRIC_REPRESENTATION_ITEM()
RATIONAL_B_SPLINE_CURVE((1.,0.707106781186548,1.,0.707106781186548,1.))
REPRESENTATION_ITEM('')
);
#2724=(
BOUNDED_CURVE()
B_SPLINE_CURVE(2,(#5337,#5338,#5339,#5340,#5341),.UNSPECIFIED.,.F.,.F.)
B_SPLINE_CURVE_WITH_KNOTS((3,2,3),(0.,3.3999999786898,6.79999995737947),
 .UNSPECIFIED.)
CURVE()
GEOMETRIC_REPRESENTATION_ITEM()
RATIONAL_B_SPLINE_CURVE((1.,0.707106781186548,1.,0.707106781186548,1.))
REPRESENTATION_ITEM('')
);
#2725=(
BOUNDED_CURVE()
B_SPLINE_CURVE(2,(#5346,#5347,#5348),.UNSPECIFIED.,.F.,.F.)
B_SPLINE_CURVE_WITH_KNOTS((3,3),(-6.10491260810844,0.),.UNSPECIFIED.)
CURVE()
GEOMETRIC_REPRESENTATION_ITEM()
RATIONAL_B_SPLINE_CURVE((1.,0.710150248469953,1.))
REPRESENTATION_ITEM('')
);
#2726=(
BOUNDED_CURVE()
B_SPLINE_CURVE(2,(#5349,#5350,#5351),.UNSPECIFIED.,.F.,.F.)
B_SPLINE_CURVE_WITH_KNOTS((3,3),(-6.10491260810844,0.),.UNSPECIFIED.)
CURVE()
GEOMETRIC_REPRESENTATION_ITEM()
RATIONAL_B_SPLINE_CURVE((1.,0.710150248469953,1.))
REPRESENTATION_ITEM('')
);
#2727=(
BOUNDED_CURVE()
B_SPLINE_CURVE(2,(#5352,#5353,#5354,#5355,#5356),.UNSPECIFIED.,.F.,.F.)
B_SPLINE_CURVE_WITH_KNOTS((3,2,3),(-5.13244068066149,-2.56622034033075,
0.),.UNSPECIFIED.)
CURVE()
GEOMETRIC_REPRESENTATION_ITEM()
RATIONAL_B_SPLINE_CURVE((1.,0.923052052245771,1.,0.923052052245771,1.))
REPRESENTATION_ITEM('')
);
#2728=(
BOUNDED_CURVE()
B_SPLINE_CURVE(2,(#5357,#5358,#5359,#5360,#5361),.UNSPECIFIED.,.F.,.F.)
B_SPLINE_CURVE_WITH_KNOTS((3,2,3),(-5.13244068066149,-2.56622034033075,
0.),.UNSPECIFIED.)
CURVE()
GEOMETRIC_REPRESENTATION_ITEM()
RATIONAL_B_SPLINE_CURVE((1.,0.923052052245771,1.,0.923052052245771,1.))
REPRESENTATION_ITEM('')
);
#2729=(
BOUNDED_CURVE()
B_SPLINE_CURVE(2,(#5364,#5365,#5366,#5367,#5368),.UNSPECIFIED.,.F.,.F.)
B_SPLINE_CURVE_WITH_KNOTS((3,2,3),(0.,3.3999999786896,6.79999995737917),
 .UNSPECIFIED.)
CURVE()
GEOMETRIC_REPRESENTATION_ITEM()
RATIONAL_B_SPLINE_CURVE((1.,0.707106781186595,1.,0.707106781186595,1.))
REPRESENTATION_ITEM('')
);
#2730=(
BOUNDED_CURVE()
B_SPLINE_CURVE(2,(#5369,#5370,#5371,#5372,#5373),.UNSPECIFIED.,.F.,.F.)
B_SPLINE_CURVE_WITH_KNOTS((3,2,3),(0.,3.3999999786896,6.79999995737917),
 .UNSPECIFIED.)
CURVE()
GEOMETRIC_REPRESENTATION_ITEM()
RATIONAL_B_SPLINE_CURVE((1.,0.707106781186595,1.,0.707106781186595,1.))
REPRESENTATION_ITEM('')
);
#2731=(
BOUNDED_CURVE()
B_SPLINE_CURVE(2,(#5376,#5377,#5378,#5379,#5380),.UNSPECIFIED.,.F.,.F.)
B_SPLINE_CURVE_WITH_KNOTS((3,2,3),(-5.13244093072952,-2.56622046536476,
0.),.UNSPECIFIED.)
CURVE()
GEOMETRIC_REPRESENTATION_ITEM()
RATIONAL_B_SPLINE_CURVE((1.,0.92305204558968,1.,0.92305204558968,1.))
REPRESENTATION_ITEM('')
);
#2732=(
BOUNDED_CURVE()
B_SPLINE_CURVE(2,(#5381,#5382,#5383,#5384,#5385),.UNSPECIFIED.,.F.,.F.)
B_SPLINE_CURVE_WITH_KNOTS((3,2,3),(-5.13244093072952,-2.56622046536476,
0.),.UNSPECIFIED.)
CURVE()
GEOMETRIC_REPRESENTATION_ITEM()
RATIONAL_B_SPLINE_CURVE((1.,0.92305204558968,1.,0.92305204558968,1.))
REPRESENTATION_ITEM('')
);
#2733=(
BOUNDED_CURVE()
B_SPLINE_CURVE(2,(#5390,#5391,#5392,#5393,#5394),.UNSPECIFIED.,.F.,.F.)
B_SPLINE_CURVE_WITH_KNOTS((3,2,3),(0.,3.3999999786896,6.79999995737926),
 .UNSPECIFIED.)
CURVE()
GEOMETRIC_REPRESENTATION_ITEM()
RATIONAL_B_SPLINE_CURVE((1.,0.7071067811865,1.,0.7071067811865,1.))
REPRESENTATION_ITEM('')
);
#2734=(
BOUNDED_CURVE()
B_SPLINE_CURVE(2,(#5395,#5396,#5397,#5398,#5399),.UNSPECIFIED.,.F.,.F.)
B_SPLINE_CURVE_WITH_KNOTS((3,2,3),(0.,3.3999999786896,6.79999995737926),
 .UNSPECIFIED.)
CURVE()
GEOMETRIC_REPRESENTATION_ITEM()
RATIONAL_B_SPLINE_CURVE((1.,0.7071067811865,1.,0.7071067811865,1.))
REPRESENTATION_ITEM('')
);
#2735=(
BOUNDED_CURVE()
B_SPLINE_CURVE(2,(#5404,#5405,#5406),.UNSPECIFIED.,.F.,.F.)
B_SPLINE_CURVE_WITH_KNOTS((3,3),(-6.10491303059343,0.),.UNSPECIFIED.)
CURVE()
GEOMETRIC_REPRESENTATION_ITEM()
RATIONAL_B_SPLINE_CURVE((1.,0.71015022410751,1.))
REPRESENTATION_ITEM('')
);
#2736=(
BOUNDED_CURVE()
B_SPLINE_CURVE(2,(#5407,#5408,#5409),.UNSPECIFIED.,.F.,.F.)
B_SPLINE_CURVE_WITH_KNOTS((3,3),(-6.10491303059343,0.),.UNSPECIFIED.)
CURVE()
GEOMETRIC_REPRESENTATION_ITEM()
RATIONAL_B_SPLINE_CURVE((1.,0.71015022410751,1.))
REPRESENTATION_ITEM('')
);
#2737=(
BOUNDED_CURVE()
B_SPLINE_CURVE(2,(#5410,#5411,#5412),.UNSPECIFIED.,.F.,.F.)
B_SPLINE_CURVE_WITH_KNOTS((3,3),(-6.10491260811008,0.),.UNSPECIFIED.)
CURVE()
GEOMETRIC_REPRESENTATION_ITEM()
RATIONAL_B_SPLINE_CURVE((1.,0.710150248469792,1.))
REPRESENTATION_ITEM('')
);
#2738=(
BOUNDED_CURVE()
B_SPLINE_CURVE(2,(#5413,#5414,#5415),.UNSPECIFIED.,.F.,.F.)
B_SPLINE_CURVE_WITH_KNOTS((3,3),(-6.10491260811008,0.),.UNSPECIFIED.)
CURVE()
GEOMETRIC_REPRESENTATION_ITEM()
RATIONAL_B_SPLINE_CURVE((1.,0.710150248469792,1.))
REPRESENTATION_ITEM('')
);
#2739=(
BOUNDED_CURVE()
B_SPLINE_CURVE(2,(#5416,#5417,#5418,#5419,#5420),.UNSPECIFIED.,.F.,.F.)
B_SPLINE_CURVE_WITH_KNOTS((3,2,3),(-5.13244068065964,-2.56622034032981,
0.),.UNSPECIFIED.)
CURVE()
GEOMETRIC_REPRESENTATION_ITEM()
RATIONAL_B_SPLINE_CURVE((1.,0.923052052245952,1.,0.923052052245952,1.))
REPRESENTATION_ITEM('')
);
#2740=(
BOUNDED_CURVE()
B_SPLINE_CURVE(2,(#5421,#5422,#5423,#5424,#5425),.UNSPECIFIED.,.F.,.F.)
B_SPLINE_CURVE_WITH_KNOTS((3,2,3),(-5.13244068065964,-2.56622034032981,
0.),.UNSPECIFIED.)
CURVE()
GEOMETRIC_REPRESENTATION_ITEM()
RATIONAL_B_SPLINE_CURVE((1.,0.923052052245952,1.,0.923052052245952,1.))
REPRESENTATION_ITEM('')
);
#2741=(
BOUNDED_CURVE()
B_SPLINE_CURVE(2,(#5428,#5429,#5430,#5431,#5432),.UNSPECIFIED.,.F.,.F.)
B_SPLINE_CURVE_WITH_KNOTS((3,2,3),(0.,3.39999997868959,6.79999995737921),
 .UNSPECIFIED.)
CURVE()
GEOMETRIC_REPRESENTATION_ITEM()
RATIONAL_B_SPLINE_CURVE((1.,0.707106781186548,1.,0.707106781186548,1.))
REPRESENTATION_ITEM('')
);
#2742=(
BOUNDED_CURVE()
B_SPLINE_CURVE(2,(#5433,#5434,#5435,#5436,#5437),.UNSPECIFIED.,.F.,.F.)
B_SPLINE_CURVE_WITH_KNOTS((3,2,3),(0.,3.39999997868959,6.79999995737921),
 .UNSPECIFIED.)
CURVE()
GEOMETRIC_REPRESENTATION_ITEM()
RATIONAL_B_SPLINE_CURVE((1.,0.707106781186548,1.,0.707106781186548,1.))
REPRESENTATION_ITEM('')
);
#2743=(
BOUNDED_CURVE()
B_SPLINE_CURVE(2,(#5440,#5441,#5442,#5443,#5444),.UNSPECIFIED.,.F.,.F.)
B_SPLINE_CURVE_WITH_KNOTS((3,2,3),(-5.13244093085897,-2.56622046542951,
0.),.UNSPECIFIED.)
CURVE()
GEOMETRIC_REPRESENTATION_ITEM()
RATIONAL_B_SPLINE_CURVE((1.,0.923052045586248,1.,0.923052045586248,1.))
REPRESENTATION_ITEM('')
);
#2744=(
BOUNDED_CURVE()
B_SPLINE_CURVE(2,(#5445,#5446,#5447,#5448,#5449),.UNSPECIFIED.,.F.,.F.)
B_SPLINE_CURVE_WITH_KNOTS((3,2,3),(-5.13244093085897,-2.56622046542951,
0.),.UNSPECIFIED.)
CURVE()
GEOMETRIC_REPRESENTATION_ITEM()
RATIONAL_B_SPLINE_CURVE((1.,0.923052045586248,1.,0.923052045586248,1.))
REPRESENTATION_ITEM('')
);
#2745=(
BOUNDED_CURVE()
B_SPLINE_CURVE(2,(#5454,#5455,#5456,#5457,#5458),.UNSPECIFIED.,.F.,.F.)
B_SPLINE_CURVE_WITH_KNOTS((3,2,3),(-6.79999995737941,-3.39999997868974,
0.),.UNSPECIFIED.)
CURVE()
GEOMETRIC_REPRESENTATION_ITEM()
RATIONAL_B_SPLINE_CURVE((1.,0.707106781186548,1.,0.707106781186548,1.))
REPRESENTATION_ITEM('')
);
#2746=(
BOUNDED_CURVE()
B_SPLINE_CURVE(2,(#5459,#5460,#5461,#5462,#5463),.UNSPECIFIED.,.F.,.F.)
B_SPLINE_CURVE_WITH_KNOTS((3,2,3),(-6.79999995737941,-3.39999997868974,
0.),.UNSPECIFIED.)
CURVE()
GEOMETRIC_REPRESENTATION_ITEM()
RATIONAL_B_SPLINE_CURVE((1.,0.707106781186548,1.,0.707106781186548,1.))
REPRESENTATION_ITEM('')
);
#2747=(
BOUNDED_CURVE()
B_SPLINE_CURVE(2,(#5468,#5469,#5470),.UNSPECIFIED.,.F.,.F.)
B_SPLINE_CURVE_WITH_KNOTS((3,3),(-6.10491303086724,0.),.UNSPECIFIED.)
CURVE()
GEOMETRIC_REPRESENTATION_ITEM()
RATIONAL_B_SPLINE_CURVE((1.,0.710150224089681,1.))
REPRESENTATION_ITEM('')
);
#2748=(
BOUNDED_CURVE()
B_SPLINE_CURVE(2,(#5471,#5472,#5473),.UNSPECIFIED.,.F.,.F.)
B_SPLINE_CURVE_WITH_KNOTS((3,3),(-6.10491303086724,0.),.UNSPECIFIED.)
CURVE()
GEOMETRIC_REPRESENTATION_ITEM()
RATIONAL_B_SPLINE_CURVE((1.,0.710150224089681,1.))
REPRESENTATION_ITEM('')
);
#2749=(
BOUNDED_CURVE()
B_SPLINE_CURVE(2,(#5474,#5475,#5476),.UNSPECIFIED.,.F.,.F.)
B_SPLINE_CURVE_WITH_KNOTS((3,3),(-6.10491260795956,0.),.UNSPECIFIED.)
CURVE()
GEOMETRIC_REPRESENTATION_ITEM()
RATIONAL_B_SPLINE_CURVE((1.,0.710150248474473,1.))
REPRESENTATION_ITEM('')
);
#2750=(
BOUNDED_CURVE()
B_SPLINE_CURVE(2,(#5477,#5478,#5479),.UNSPECIFIED.,.F.,.F.)
B_SPLINE_CURVE_WITH_KNOTS((3,3),(-6.10491260795956,0.),.UNSPECIFIED.)
CURVE()
GEOMETRIC_REPRESENTATION_ITEM()
RATIONAL_B_SPLINE_CURVE((1.,0.710150248474473,1.))
REPRESENTATION_ITEM('')
);
#2751=(
BOUNDED_CURVE()
B_SPLINE_CURVE(2,(#5480,#5481,#5482,#5483,#5484),.UNSPECIFIED.,.F.,.F.)
B_SPLINE_CURVE_WITH_KNOTS((3,2,3),(-5.13244068053667,-2.56622034026832,
0.),.UNSPECIFIED.)
CURVE()
GEOMETRIC_REPRESENTATION_ITEM()
RATIONAL_B_SPLINE_CURVE((1.,0.923052052248075,1.,0.923052052248075,1.))
REPRESENTATION_ITEM('')
);
#2752=(
BOUNDED_CURVE()
B_SPLINE_CURVE(2,(#5485,#5486,#5487,#5488,#5489),.UNSPECIFIED.,.F.,.F.)
B_SPLINE_CURVE_WITH_KNOTS((3,2,3),(-5.13244068053667,-2.56622034026832,
0.),.UNSPECIFIED.)
CURVE()
GEOMETRIC_REPRESENTATION_ITEM()
RATIONAL_B_SPLINE_CURVE((1.,0.923052052248075,1.,0.923052052248075,1.))
REPRESENTATION_ITEM('')
);
#2753=(
BOUNDED_CURVE()
B_SPLINE_CURVE(2,(#5492,#5493,#5494,#5495,#5496),.UNSPECIFIED.,.F.,.F.)
B_SPLINE_CURVE_WITH_KNOTS((3,2,3),(-6.79999995737869,-3.3999999786893,0.),
 .UNSPECIFIED.)
CURVE()
GEOMETRIC_REPRESENTATION_ITEM()
RATIONAL_B_SPLINE_CURVE((1.,0.707106781186548,1.,0.707106781186548,1.))
REPRESENTATION_ITEM('')
);
#2754=(
BOUNDED_CURVE()
B_SPLINE_CURVE(2,(#5497,#5498,#5499,#5500,#5501),.UNSPECIFIED.,.F.,.F.)
B_SPLINE_CURVE_WITH_KNOTS((3,2,3),(-6.79999995737869,-3.3999999786893,0.),
 .UNSPECIFIED.)
CURVE()
GEOMETRIC_REPRESENTATION_ITEM()
RATIONAL_B_SPLINE_CURVE((1.,0.707106781186548,1.,0.707106781186548,1.))
REPRESENTATION_ITEM('')
);
#2755=(
BOUNDED_CURVE()
B_SPLINE_CURVE(2,(#5504,#5505,#5506,#5507,#5508),.UNSPECIFIED.,.F.,.F.)
B_SPLINE_CURVE_WITH_KNOTS((3,2,3),(-5.13244093085928,-2.56622046542963,
0.),.UNSPECIFIED.)
CURVE()
GEOMETRIC_REPRESENTATION_ITEM()
RATIONAL_B_SPLINE_CURVE((1.,0.92305204558624,1.,0.92305204558624,1.))
REPRESENTATION_ITEM('')
);
#2756=(
BOUNDED_CURVE()
B_SPLINE_CURVE(2,(#5509,#5510,#5511,#5512,#5513),.UNSPECIFIED.,.F.,.F.)
B_SPLINE_CURVE_WITH_KNOTS((3,2,3),(-5.13244093085928,-2.56622046542963,
0.),.UNSPECIFIED.)
CURVE()
GEOMETRIC_REPRESENTATION_ITEM()
RATIONAL_B_SPLINE_CURVE((1.,0.92305204558624,1.,0.92305204558624,1.))
REPRESENTATION_ITEM('')
);
#2757=(
BOUNDED_CURVE()
B_SPLINE_CURVE(2,(#5518,#5519,#5520,#5521,#5522),.UNSPECIFIED.,.F.,.F.)
B_SPLINE_CURVE_WITH_KNOTS((3,2,3),(-6.7999999573793,-3.3999999786897,0.),
 .UNSPECIFIED.)
CURVE()
GEOMETRIC_REPRESENTATION_ITEM()
RATIONAL_B_SPLINE_CURVE((1.,0.707106781186548,1.,0.707106781186548,1.))
REPRESENTATION_ITEM('')
);
#2758=(
BOUNDED_CURVE()
B_SPLINE_CURVE(2,(#5523,#5524,#5525,#5526,#5527),.UNSPECIFIED.,.F.,.F.)
B_SPLINE_CURVE_WITH_KNOTS((3,2,3),(-6.7999999573793,-3.3999999786897,0.),
 .UNSPECIFIED.)
CURVE()
GEOMETRIC_REPRESENTATION_ITEM()
RATIONAL_B_SPLINE_CURVE((1.,0.707106781186548,1.,0.707106781186548,1.))
REPRESENTATION_ITEM('')
);
#2759=(
BOUNDED_CURVE()
B_SPLINE_CURVE(2,(#5532,#5533,#5534),.UNSPECIFIED.,.F.,.F.)
B_SPLINE_CURVE_WITH_KNOTS((3,3),(-6.10491303086723,0.),.UNSPECIFIED.)
CURVE()
GEOMETRIC_REPRESENTATION_ITEM()
RATIONAL_B_SPLINE_CURVE((1.,0.710150224089709,1.))
REPRESENTATION_ITEM('')
);
#2760=(
BOUNDED_CURVE()
B_SPLINE_CURVE(2,(#5535,#5536,#5537),.UNSPECIFIED.,.F.,.F.)
B_SPLINE_CURVE_WITH_KNOTS((3,3),(-6.10491303086723,0.),.UNSPECIFIED.)
CURVE()
GEOMETRIC_REPRESENTATION_ITEM()
RATIONAL_B_SPLINE_CURVE((1.,0.710150224089709,1.))
REPRESENTATION_ITEM('')
);
#2761=(
BOUNDED_CURVE()
B_SPLINE_CURVE(2,(#5538,#5539,#5540),.UNSPECIFIED.,.F.,.F.)
B_SPLINE_CURVE_WITH_KNOTS((3,3),(-6.10491260795949,0.),.UNSPECIFIED.)
CURVE()
GEOMETRIC_REPRESENTATION_ITEM()
RATIONAL_B_SPLINE_CURVE((1.,0.710150248474459,1.))
REPRESENTATION_ITEM('')
);
#2762=(
BOUNDED_CURVE()
B_SPLINE_CURVE(2,(#5541,#5542,#5543),.UNSPECIFIED.,.F.,.F.)
B_SPLINE_CURVE_WITH_KNOTS((3,3),(-6.10491260795949,0.),.UNSPECIFIED.)
CURVE()
GEOMETRIC_REPRESENTATION_ITEM()
RATIONAL_B_SPLINE_CURVE((1.,0.710150248474459,1.))
REPRESENTATION_ITEM('')
);
#2763=(
BOUNDED_CURVE()
B_SPLINE_CURVE(2,(#5544,#5545,#5546,#5547,#5548),.UNSPECIFIED.,.F.,.F.)
B_SPLINE_CURVE_WITH_KNOTS((3,2,3),(-5.13244068053845,-2.56622034026922,
0.),.UNSPECIFIED.)
CURVE()
GEOMETRIC_REPRESENTATION_ITEM()
RATIONAL_B_SPLINE_CURVE((1.,0.923052052247903,1.,0.923052052247903,1.))
REPRESENTATION_ITEM('')
);
#2764=(
BOUNDED_CURVE()
B_SPLINE_CURVE(2,(#5549,#5550,#5551,#5552,#5553),.UNSPECIFIED.,.F.,.F.)
B_SPLINE_CURVE_WITH_KNOTS((3,2,3),(-5.13244068053845,-2.56622034026922,
0.),.UNSPECIFIED.)
CURVE()
GEOMETRIC_REPRESENTATION_ITEM()
RATIONAL_B_SPLINE_CURVE((1.,0.923052052247903,1.,0.923052052247903,1.))
REPRESENTATION_ITEM('')
);
#2765=(
BOUNDED_CURVE()
B_SPLINE_CURVE(2,(#5556,#5557,#5558,#5559,#5560),.UNSPECIFIED.,.F.,.F.)
B_SPLINE_CURVE_WITH_KNOTS((3,2,3),(-6.79999995737867,-3.3999999786894,0.),
 .UNSPECIFIED.)
CURVE()
GEOMETRIC_REPRESENTATION_ITEM()
RATIONAL_B_SPLINE_CURVE((1.,0.707106781186548,1.,0.707106781186548,1.))
REPRESENTATION_ITEM('')
);
#2766=(
BOUNDED_CURVE()
B_SPLINE_CURVE(2,(#5561,#5562,#5563,#5564,#5565),.UNSPECIFIED.,.F.,.F.)
B_SPLINE_CURVE_WITH_KNOTS((3,2,3),(-6.79999995737867,-3.3999999786894,0.),
 .UNSPECIFIED.)
CURVE()
GEOMETRIC_REPRESENTATION_ITEM()
RATIONAL_B_SPLINE_CURVE((1.,0.707106781186548,1.,0.707106781186548,1.))
REPRESENTATION_ITEM('')
);
#2767=(
BOUNDED_CURVE()
B_SPLINE_CURVE(1,(#5650,#5651),.UNSPECIFIED.,.F.,.F.)
B_SPLINE_CURVE_WITH_KNOTS((2,2),(0.,2.999999882534),.UNSPECIFIED.)
CURVE()
GEOMETRIC_REPRESENTATION_ITEM()
RATIONAL_B_SPLINE_CURVE((1.,1.))
REPRESENTATION_ITEM('')
);
#2768=(
BOUNDED_CURVE()
B_SPLINE_CURVE(2,(#5654,#5655,#5656,#5657,#5658),.UNSPECIFIED.,.F.,.F.)
B_SPLINE_CURVE_WITH_KNOTS((3,2,3),(0.,6.15780730662824,12.3156146132564),
 .UNSPECIFIED.)
CURVE()
GEOMETRIC_REPRESENTATION_ITEM()
RATIONAL_B_SPLINE_CURVE((1.,0.707106781186551,1.,0.707106781186551,1.))
REPRESENTATION_ITEM('')
);
#2769=(
BOUNDED_CURVE()
B_SPLINE_CURVE(1,(#5661,#5662),.UNSPECIFIED.,.F.,.F.)
B_SPLINE_CURVE_WITH_KNOTS((2,2),(0.,2.999999882534),.UNSPECIFIED.)
CURVE()
GEOMETRIC_REPRESENTATION_ITEM()
RATIONAL_B_SPLINE_CURVE((1.,1.))
REPRESENTATION_ITEM('')
);
#2770=(
BOUNDED_CURVE()
B_SPLINE_CURVE(2,(#5667,#5668,#5669,#5670,#5671,#5672,#5673,#5674,#5675,
#5676,#5677,#5678,#5679),.UNSPECIFIED.,.T.,.F.)
B_SPLINE_CURVE_WITH_KNOTS((3,2,2,2,2,2,3),(0.,0.033467647119231,7.79239324503335,
15.4846710296106,15.5181386768998,23.2770642748139,30.9693420597216),
 .UNSPECIFIED.)
CURVE()
GEOMETRIC_REPRESENTATION_ITEM()
RATIONAL_B_SPLINE_CURVE((1.,0.999990697254673,1.,0.707106781186548,1.,0.708890279306192,
0.996454724069264,0.998216501880356,1.,0.707106781186547,1.,0.710150236276045,
1.))
REPRESENTATION_ITEM('')
);
#2771=(
BOUNDED_CURVE()
B_SPLINE_CURVE(2,(#5680,#5681,#5682,#5683,#5684),.UNSPECIFIED.,.F.,.F.)
B_SPLINE_CURVE_WITH_KNOTS((3,2,3),(0.,6.15780730662824,12.3156146132564),
 .UNSPECIFIED.)
CURVE()
GEOMETRIC_REPRESENTATION_ITEM()
RATIONAL_B_SPLINE_CURVE((1.,0.707106781186551,1.,0.707106781186551,1.))
REPRESENTATION_ITEM('')
);
#2772=(
BOUNDED_CURVE()
B_SPLINE_CURVE(2,(#5685,#5686,#5687,#5688,#5689),.UNSPECIFIED.,.F.,.F.)
B_SPLINE_CURVE_WITH_KNOTS((3,2,3),(-12.3156146132562,-6.15780730662806,
0.),.UNSPECIFIED.)
CURVE()
GEOMETRIC_REPRESENTATION_ITEM()
RATIONAL_B_SPLINE_CURVE((1.,0.707106781186557,1.,0.707106781186557,1.))
REPRESENTATION_ITEM('')
);
#2773=(
BOUNDED_CURVE()
B_SPLINE_CURVE(2,(#5690,#5691,#5692,#5693,#5694),.UNSPECIFIED.,.F.,.F.)
B_SPLINE_CURVE_WITH_KNOTS((3,2,3),(-12.3156146132562,-6.15780730662806,
0.),.UNSPECIFIED.)
CURVE()
GEOMETRIC_REPRESENTATION_ITEM()
RATIONAL_B_SPLINE_CURVE((1.,0.707106781186557,1.,0.707106781186557,1.))
REPRESENTATION_ITEM('')
);
#2774=(
BOUNDED_CURVE()
B_SPLINE_CURVE(1,(#5697,#5698),.UNSPECIFIED.,.F.,.F.)
B_SPLINE_CURVE_WITH_KNOTS((2,2),(0.,2.999999882534),.UNSPECIFIED.)
CURVE()
GEOMETRIC_REPRESENTATION_ITEM()
RATIONAL_B_SPLINE_CURVE((1.,1.))
REPRESENTATION_ITEM('')
);
#2775=(
BOUNDED_CURVE()
B_SPLINE_CURVE(2,(#5701,#5702,#5703,#5704,#5705),.UNSPECIFIED.,.F.,.F.)
B_SPLINE_CURVE_WITH_KNOTS((3,2,3),(0.,6.15780730662826,12.3156146132565),
 .UNSPECIFIED.)
CURVE()
GEOMETRIC_REPRESENTATION_ITEM()
RATIONAL_B_SPLINE_CURVE((1.,0.707106781186538,1.,0.707106781186538,1.))
REPRESENTATION_ITEM('')
);
#2776=(
BOUNDED_CURVE()
B_SPLINE_CURVE(1,(#5708,#5709),.UNSPECIFIED.,.F.,.F.)
B_SPLINE_CURVE_WITH_KNOTS((2,2),(0.,2.999999882533),.UNSPECIFIED.)
CURVE()
GEOMETRIC_REPRESENTATION_ITEM()
RATIONAL_B_SPLINE_CURVE((1.,1.))
REPRESENTATION_ITEM('')
);
#2777=(
BOUNDED_CURVE()
B_SPLINE_CURVE(2,(#5714,#5715,#5716,#5717,#5718,#5719,#5720,#5721,#5722,
#5723,#5724,#5725,#5726),.UNSPECIFIED.,.T.,.F.)
B_SPLINE_CURVE_WITH_KNOTS((3,2,2,2,2,2,3),(0.,0.0334676471190534,7.79239324503307,
15.4846710296006,15.5181386768896,23.2770642748039,30.9693420597115),
 .UNSPECIFIED.)
CURVE()
GEOMETRIC_REPRESENTATION_ITEM()
RATIONAL_B_SPLINE_CURVE((1.,0.999990697254673,1.,0.707106781186548,1.,0.70889027930625,
0.996454724069149,0.998216501880297,1.,0.707106781186547,1.,0.710150236276003,
1.))
REPRESENTATION_ITEM('')
);
#2778=(
BOUNDED_CURVE()
B_SPLINE_CURVE(2,(#5727,#5728,#5729,#5730,#5731),.UNSPECIFIED.,.F.,.F.)
B_SPLINE_CURVE_WITH_KNOTS((3,2,3),(0.,6.15780730662826,12.3156146132565),
 .UNSPECIFIED.)
CURVE()
GEOMETRIC_REPRESENTATION_ITEM()
RATIONAL_B_SPLINE_CURVE((1.,0.707106781186538,1.,0.707106781186538,1.))
REPRESENTATION_ITEM('')
);
#2779=(
BOUNDED_CURVE()
B_SPLINE_CURVE(2,(#5732,#5733,#5734,#5735,#5736),.UNSPECIFIED.,.F.,.F.)
B_SPLINE_CURVE_WITH_KNOTS((3,2,3),(-12.3156146132564,-6.15780730662823,
0.),.UNSPECIFIED.)
CURVE()
GEOMETRIC_REPRESENTATION_ITEM()
RATIONAL_B_SPLINE_CURVE((1.,0.707106781186541,1.,0.707106781186541,1.))
REPRESENTATION_ITEM('')
);
#2780=(
BOUNDED_CURVE()
B_SPLINE_CURVE(2,(#5737,#5738,#5739,#5740,#5741),.UNSPECIFIED.,.F.,.F.)
B_SPLINE_CURVE_WITH_KNOTS((3,2,3),(-12.3156146132564,-6.15780730662823,
0.),.UNSPECIFIED.)
CURVE()
GEOMETRIC_REPRESENTATION_ITEM()
RATIONAL_B_SPLINE_CURVE((1.,0.707106781186541,1.,0.707106781186541,1.))
REPRESENTATION_ITEM('')
);
#2781=(
BOUNDED_CURVE()
B_SPLINE_CURVE(1,(#5744,#5745),.UNSPECIFIED.,.F.,.F.)
B_SPLINE_CURVE_WITH_KNOTS((2,2),(0.,2.999999882534),.UNSPECIFIED.)
CURVE()
GEOMETRIC_REPRESENTATION_ITEM()
RATIONAL_B_SPLINE_CURVE((1.,1.))
REPRESENTATION_ITEM('')
);
#2782=(
BOUNDED_CURVE()
B_SPLINE_CURVE(2,(#5748,#5749,#5750,#5751,#5752),.UNSPECIFIED.,.F.,.F.)
B_SPLINE_CURVE_WITH_KNOTS((3,2,3),(0.,6.1578073066283,12.3156146132566),
 .UNSPECIFIED.)
CURVE()
GEOMETRIC_REPRESENTATION_ITEM()
RATIONAL_B_SPLINE_CURVE((1.,0.707106781186552,1.,0.707106781186552,1.))
REPRESENTATION_ITEM('')
);
#2783=(
BOUNDED_CURVE()
B_SPLINE_CURVE(1,(#5755,#5756),.UNSPECIFIED.,.F.,.F.)
B_SPLINE_CURVE_WITH_KNOTS((2,2),(0.,2.999999882534),.UNSPECIFIED.)
CURVE()
GEOMETRIC_REPRESENTATION_ITEM()
RATIONAL_B_SPLINE_CURVE((1.,1.))
REPRESENTATION_ITEM('')
);
#2784=(
BOUNDED_CURVE()
B_SPLINE_CURVE(2,(#5761,#5762,#5763,#5764,#5765,#5766,#5767,#5768,#5769,
#5770,#5771,#5772,#5773),.UNSPECIFIED.,.T.,.F.)
B_SPLINE_CURVE_WITH_KNOTS((3,2,2,2,2,2,3),(0.,0.0334676472090365,7.79239324512329,
15.4846710298508,15.5181386770599,23.2770642749742,30.9693420597018),
 .UNSPECIFIED.)
CURVE()
GEOMETRIC_REPRESENTATION_ITEM()
RATIONAL_B_SPLINE_CURVE((1.,0.999990697254626,1.,0.707106781186548,1.,0.708890279301718,
0.996454724078103,0.99821650188483,1.,0.707106781186548,1.,0.710150236283757,
1.))
REPRESENTATION_ITEM('')
);
#2785=(
BOUNDED_CURVE()
B_SPLINE_CURVE(2,(#5774,#5775,#5776,#5777,#5778),.UNSPECIFIED.,.F.,.F.)
B_SPLINE_CURVE_WITH_KNOTS((3,2,3),(0.,6.1578073066283,12.3156146132566),
 .UNSPECIFIED.)
CURVE()
GEOMETRIC_REPRESENTATION_ITEM()
RATIONAL_B_SPLINE_CURVE((1.,0.707106781186552,1.,0.707106781186552,1.))
REPRESENTATION_ITEM('')
);
#2786=(
BOUNDED_CURVE()
B_SPLINE_CURVE(2,(#5779,#5780,#5781,#5782,#5783),.UNSPECIFIED.,.F.,.F.)
B_SPLINE_CURVE_WITH_KNOTS((3,2,3),(-12.3156146132564,-6.1578073066282,0.),
 .UNSPECIFIED.)
CURVE()
GEOMETRIC_REPRESENTATION_ITEM()
RATIONAL_B_SPLINE_CURVE((1.,0.707106781186556,1.,0.707106781186556,1.))
REPRESENTATION_ITEM('')
);
#2787=(
BOUNDED_CURVE()
B_SPLINE_CURVE(2,(#5784,#5785,#5786,#5787,#5788),.UNSPECIFIED.,.F.,.F.)
B_SPLINE_CURVE_WITH_KNOTS((3,2,3),(-12.3156146132564,-6.1578073066282,0.),
 .UNSPECIFIED.)
CURVE()
GEOMETRIC_REPRESENTATION_ITEM()
RATIONAL_B_SPLINE_CURVE((1.,0.707106781186556,1.,0.707106781186556,1.))
REPRESENTATION_ITEM('')
);
#2788=(
BOUNDED_CURVE()
B_SPLINE_CURVE(1,(#5791,#5792),.UNSPECIFIED.,.F.,.F.)
B_SPLINE_CURVE_WITH_KNOTS((2,2),(0.,2.999999882534),.UNSPECIFIED.)
CURVE()
GEOMETRIC_REPRESENTATION_ITEM()
RATIONAL_B_SPLINE_CURVE((1.,1.))
REPRESENTATION_ITEM('')
);
#2789=(
BOUNDED_CURVE()
B_SPLINE_CURVE(2,(#5795,#5796,#5797,#5798,#5799),.UNSPECIFIED.,.F.,.F.)
B_SPLINE_CURVE_WITH_KNOTS((3,2,3),(0.,6.15780730662824,12.3156146132565),
 .UNSPECIFIED.)
CURVE()
GEOMETRIC_REPRESENTATION_ITEM()
RATIONAL_B_SPLINE_CURVE((1.,0.707106781186552,1.,0.707106781186552,1.))
REPRESENTATION_ITEM('')
);
#2790=(
BOUNDED_CURVE()
B_SPLINE_CURVE(1,(#5802,#5803),.UNSPECIFIED.,.F.,.F.)
B_SPLINE_CURVE_WITH_KNOTS((2,2),(0.,2.999999882534),.UNSPECIFIED.)
CURVE()
GEOMETRIC_REPRESENTATION_ITEM()
RATIONAL_B_SPLINE_CURVE((1.,1.))
REPRESENTATION_ITEM('')
);
#2791=(
BOUNDED_CURVE()
B_SPLINE_CURVE(2,(#5808,#5809,#5810,#5811,#5812,#5813,#5814,#5815,#5816,
#5817,#5818,#5819,#5820),.UNSPECIFIED.,.T.,.F.)
B_SPLINE_CURVE_WITH_KNOTS((3,2,2,2,2,2,3),(0.,0.0334676472090862,7.79239324512343,
15.4846710285309,15.5181386764099,23.2770642743241,30.9693420590517),
 .UNSPECIFIED.)
CURVE()
GEOMETRIC_REPRESENTATION_ITEM()
RATIONAL_B_SPLINE_CURVE((1.,0.999990697254626,1.,0.707106781186548,1.,0.708890279337348,
0.996454724007711,0.9982165018492,1.,0.707106781186547,1.,0.71015023628369,
1.))
REPRESENTATION_ITEM('')
);
#2792=(
BOUNDED_CURVE()
B_SPLINE_CURVE(2,(#5821,#5822,#5823,#5824,#5825),.UNSPECIFIED.,.F.,.F.)
B_SPLINE_CURVE_WITH_KNOTS((3,2,3),(0.,6.15780730662824,12.3156146132565),
 .UNSPECIFIED.)
CURVE()
GEOMETRIC_REPRESENTATION_ITEM()
RATIONAL_B_SPLINE_CURVE((1.,0.707106781186552,1.,0.707106781186552,1.))
REPRESENTATION_ITEM('')
);
#2793=(
BOUNDED_CURVE()
B_SPLINE_CURVE(2,(#5826,#5827,#5828,#5829,#5830),.UNSPECIFIED.,.F.,.F.)
B_SPLINE_CURVE_WITH_KNOTS((3,2,3),(-12.3156146132564,-6.15780730662818,
0.),.UNSPECIFIED.)
CURVE()
GEOMETRIC_REPRESENTATION_ITEM()
RATIONAL_B_SPLINE_CURVE((1.,0.707106781186556,1.,0.707106781186556,1.))
REPRESENTATION_ITEM('')
);
#2794=(
BOUNDED_CURVE()
B_SPLINE_CURVE(2,(#5831,#5832,#5833,#5834,#5835),.UNSPECIFIED.,.F.,.F.)
B_SPLINE_CURVE_WITH_KNOTS((3,2,3),(-12.3156146132564,-6.15780730662818,
0.),.UNSPECIFIED.)
CURVE()
GEOMETRIC_REPRESENTATION_ITEM()
RATIONAL_B_SPLINE_CURVE((1.,0.707106781186556,1.,0.707106781186556,1.))
REPRESENTATION_ITEM('')
);
#2795=(
BOUNDED_CURVE()
B_SPLINE_CURVE(1,(#5876,#5877),.UNSPECIFIED.,.F.,.F.)
B_SPLINE_CURVE_WITH_KNOTS((2,2),(2.12794012051,22.2073413256088),
 .UNSPECIFIED.)
CURVE()
GEOMETRIC_REPRESENTATION_ITEM()
RATIONAL_B_SPLINE_CURVE((1.,1.))
REPRESENTATION_ITEM('')
);
#2796=VERTEX_POINT('',#3873);
#2797=VERTEX_POINT('',#3874);
#2798=VERTEX_POINT('',#3875);
#2799=VERTEX_POINT('',#3876);
#2800=VERTEX_POINT('',#3877);
#2801=VERTEX_POINT('',#3878);
#2802=VERTEX_POINT('',#3879);
#2803=VERTEX_POINT('',#3880);
#2804=VERTEX_POINT('',#3881);
#2805=VERTEX_POINT('',#3882);
#2806=VERTEX_POINT('',#3883);
#2807=VERTEX_POINT('',#3884);
#2808=VERTEX_POINT('',#3885);
#2809=VERTEX_POINT('',#3886);
#2810=VERTEX_POINT('',#3887);
#2811=VERTEX_POINT('',#3888);
#2812=VERTEX_POINT('',#3889);
#2813=VERTEX_POINT('',#3890);
#2814=VERTEX_POINT('',#3891);
#2815=VERTEX_POINT('',#3892);
#2816=VERTEX_POINT('',#3893);
#2817=VERTEX_POINT('',#3894);
#2818=VERTEX_POINT('',#3895);
#2819=VERTEX_POINT('',#3896);
#2820=VERTEX_POINT('',#3897);
#2821=VERTEX_POINT('',#3898);
#2822=VERTEX_POINT('',#3899);
#2823=VERTEX_POINT('',#3900);
#2824=VERTEX_POINT('',#3901);
#2825=VERTEX_POINT('',#3902);
#2826=VERTEX_POINT('',#3903);
#2827=VERTEX_POINT('',#3904);
#2828=VERTEX_POINT('',#3905);
#2829=VERTEX_POINT('',#3906);
#2830=VERTEX_POINT('',#3907);
#2831=VERTEX_POINT('',#3908);
#2832=VERTEX_POINT('',#3909);
#2833=VERTEX_POINT('',#3910);
#2834=VERTEX_POINT('',#3911);
#2835=VERTEX_POINT('',#3912);
#2836=VERTEX_POINT('',#3913);
#2837=VERTEX_POINT('',#3914);
#2838=VERTEX_POINT('',#3915);
#2839=VERTEX_POINT('',#3916);
#2840=VERTEX_POINT('',#3917);
#2841=VERTEX_POINT('',#3918);
#2842=VERTEX_POINT('',#3919);
#2843=VERTEX_POINT('',#3920);
#2844=VERTEX_POINT('',#3921);
#2845=VERTEX_POINT('',#3922);
#2846=VERTEX_POINT('',#3923);
#2847=VERTEX_POINT('',#3924);
#2848=VERTEX_POINT('',#3925);
#2849=VERTEX_POINT('',#3926);
#2850=VERTEX_POINT('',#3927);
#2851=VERTEX_POINT('',#3928);
#2852=VERTEX_POINT('',#3929);
#2853=VERTEX_POINT('',#3930);
#2854=VERTEX_POINT('',#3931);
#2855=VERTEX_POINT('',#3932);
#2856=VERTEX_POINT('',#3933);
#2857=VERTEX_POINT('',#3934);
#2858=VERTEX_POINT('',#3935);
#2859=VERTEX_POINT('',#3936);
#2860=VERTEX_POINT('',#3937);
#2861=VERTEX_POINT('',#3938);
#2862=VERTEX_POINT('',#3939);
#2863=VERTEX_POINT('',#3940);
#2864=VERTEX_POINT('',#3941);
#2865=VERTEX_POINT('',#3942);
#2866=VERTEX_POINT('',#3943);
#2867=VERTEX_POINT('',#3944);
#2868=VERTEX_POINT('',#3945);
#2869=VERTEX_POINT('',#3946);
#2870=VERTEX_POINT('',#3947);
#2871=VERTEX_POINT('',#3948);
#2872=VERTEX_POINT('',#3949);
#2873=VERTEX_POINT('',#3950);
#2874=VERTEX_POINT('',#3951);
#2875=VERTEX_POINT('',#3952);
#2876=VERTEX_POINT('',#3953);
#2877=VERTEX_POINT('',#3954);
#2878=VERTEX_POINT('',#3955);
#2879=VERTEX_POINT('',#3956);
#2880=VERTEX_POINT('',#3957);
#2881=VERTEX_POINT('',#3958);
#2882=VERTEX_POINT('',#3959);
#2883=VERTEX_POINT('',#3960);
#2884=VERTEX_POINT('',#3961);
#2885=VERTEX_POINT('',#3962);
#2886=VERTEX_POINT('',#3963);
#2887=VERTEX_POINT('',#3964);
#2888=VERTEX_POINT('',#3965);
#2889=VERTEX_POINT('',#3966);
#2890=VERTEX_POINT('',#3967);
#2891=VERTEX_POINT('',#3968);
#2892=VERTEX_POINT('',#3969);
#2893=VERTEX_POINT('',#3970);
#2894=VERTEX_POINT('',#3971);
#2895=VERTEX_POINT('',#3972);
#2896=VERTEX_POINT('',#3973);
#2897=VERTEX_POINT('',#3974);
#2898=VERTEX_POINT('',#3975);
#2899=VERTEX_POINT('',#3976);
#2900=VERTEX_POINT('',#3977);
#2901=VERTEX_POINT('',#3978);
#2902=VERTEX_POINT('',#3979);
#2903=VERTEX_POINT('',#3980);
#2904=VERTEX_POINT('',#3981);
#2905=VERTEX_POINT('',#3982);
#2906=VERTEX_POINT('',#3983);
#2907=VERTEX_POINT('',#3984);
#2908=VERTEX_POINT('',#3985);
#2909=VERTEX_POINT('',#3986);
#2910=VERTEX_POINT('',#3987);
#2911=VERTEX_POINT('',#3988);
#2912=VERTEX_POINT('',#3989);
#2913=VERTEX_POINT('',#3990);
#2914=VERTEX_POINT('',#3991);
#2915=VERTEX_POINT('',#3992);
#2916=VERTEX_POINT('',#3993);
#2917=VERTEX_POINT('',#3994);
#2918=VERTEX_POINT('',#3995);
#2919=VERTEX_POINT('',#3996);
#2920=VERTEX_POINT('',#3997);
#2921=VERTEX_POINT('',#3998);
#2922=VERTEX_POINT('',#3999);
#2923=VERTEX_POINT('',#4000);
#2924=VERTEX_POINT('',#4001);
#2925=VERTEX_POINT('',#4002);
#2926=VERTEX_POINT('',#4003);
#2927=VERTEX_POINT('',#4004);
#2928=VERTEX_POINT('',#4005);
#2929=VERTEX_POINT('',#4006);
#2930=VERTEX_POINT('',#4007);
#2931=VERTEX_POINT('',#4008);
#2932=VERTEX_POINT('',#4009);
#2933=VERTEX_POINT('',#4010);
#2934=VERTEX_POINT('',#4011);
#2935=VERTEX_POINT('',#4012);
#2936=VERTEX_POINT('',#4013);
#2937=VERTEX_POINT('',#4014);
#2938=B_SPLINE_SURFACE_WITH_KNOTS('',1,1,((#3155,#3156),(#3157,#3158)),
 .UNSPECIFIED.,.F.,.F.,.F.,(2,2),(2,2),(11.6122623962265,15.0745468578272),
(0.,1651.64727444472),.UNSPECIFIED.);
#2939=B_SPLINE_SURFACE_WITH_KNOTS('',1,1,((#3159,#3160),(#3161,#3162)),
 .UNSPECIFIED.,.F.,.F.,.F.,(2,2),(2,2),(15.0745468578272,26.6868092540536),
(0.,1651.64727444472),.UNSPECIFIED.);
#2940=B_SPLINE_SURFACE_WITH_KNOTS('',1,1,((#3163,#3164),(#3165,#3166)),
 .UNSPECIFIED.,.F.,.F.,.F.,(2,2),(2,2),(26.6868092540536,30.1490937156543),
(0.,1651.64727444472),.UNSPECIFIED.);
#2941=B_SPLINE_SURFACE_WITH_KNOTS('',1,1,((#3167,#3168),(#3169,#3170)),
 .UNSPECIFIED.,.F.,.F.,.F.,(2,2),(2,2),(0.,3.46228446160069),(0.,1651.64727444472),
 .UNSPECIFIED.);
#2942=B_SPLINE_SURFACE_WITH_KNOTS('',1,1,((#3171,#3172),(#3173,#3174)),
 .UNSPECIFIED.,.F.,.F.,.F.,(2,2),(2,2),(3.46228446160069,15.0745468578272),
(0.,1651.64727444472),.UNSPECIFIED.);
#2943=B_SPLINE_SURFACE_WITH_KNOTS('',1,1,((#3175,#3176),(#3177,#3178)),
 .UNSPECIFIED.,.F.,.F.,.F.,(2,2),(2,2),(15.0745468578272,18.5368313194278),
(0.,1651.64727444472),.UNSPECIFIED.);
#2944=B_SPLINE_SURFACE_WITH_KNOTS('',1,1,((#3665,#3666),(#3667,#3668)),
 .UNSPECIFIED.,.F.,.F.,.F.,(2,2),(2,2),(-27.076011563556,27.076011563556),
(-4.96764072305949,4.9676407230595),.UNSPECIFIED.);
#2945=B_SPLINE_SURFACE_WITH_KNOTS('',1,1,((#3669,#3670),(#3671,#3672)),
 .UNSPECIFIED.,.F.,.F.,.F.,(2,2),(2,2),(-27.076011563556,27.076011563556),
(-4.9676407230595,4.96764072305951),.UNSPECIFIED.);
#2946=B_SPLINE_SURFACE_WITH_KNOTS('',1,1,((#3673,#3674),(#3675,#3676)),
 .UNSPECIFIED.,.F.,.F.,.F.,(2,2),(2,2),(-7.32000000000001,7.31999999999999),
(-6.12489827575211,6.12489827575211),.UNSPECIFIED.);
#2947=B_SPLINE_SURFACE_WITH_KNOTS('',1,1,((#3677,#3678),(#3679,#3680)),
 .UNSPECIFIED.,.F.,.F.,.F.,(2,2),(2,2),(-6.12489827575211,6.12489827575211),
(-5.731999556262,5.731999556262),.UNSPECIFIED.);
#2948=B_SPLINE_SURFACE_WITH_KNOTS('',1,1,((#3681,#3682),(#3683,#3684)),
 .UNSPECIFIED.,.F.,.F.,.F.,(2,2),(2,2),(-5.73199955626202,5.73199955626197),
(-7.31999999999998,7.32000000000002),.UNSPECIFIED.);
#2949=B_SPLINE_SURFACE_WITH_KNOTS('',1,1,((#3685,#3686),(#3687,#3688)),
 .UNSPECIFIED.,.F.,.F.,.F.,(2,2),(2,2),(-6.124898275746,6.12489827574601),
(-5.731999556262,5.731999556262),.UNSPECIFIED.);
#2950=B_SPLINE_SURFACE_WITH_KNOTS('',1,1,((#3689,#3690),(#3691,#3692)),
 .UNSPECIFIED.,.F.,.F.,.F.,(2,2),(2,2),(-7.32000000000001,7.31999999999999),
(-6.124898275746,6.12489827574601),.UNSPECIFIED.);
#2951=B_SPLINE_SURFACE_WITH_KNOTS('',1,1,((#3693,#3694),(#3695,#3696)),
 .UNSPECIFIED.,.F.,.F.,.F.,(2,2),(2,2),(-5.73199955626197,5.73199955626202),
(-7.31999999999998,7.32000000000002),.UNSPECIFIED.);
#2952=B_SPLINE_SURFACE_WITH_KNOTS('',1,1,((#3697,#3698),(#3699,#3700)),
 .UNSPECIFIED.,.F.,.F.,.F.,(2,2),(2,2),(-7.08735743773798,7.08735743773804),
(-2.19737067696,2.19737067696003),.UNSPECIFIED.);
#2953=B_SPLINE_SURFACE_WITH_KNOTS('',1,1,((#3701,#3702),(#3703,#3704)),
 .UNSPECIFIED.,.F.,.F.,.F.,(2,2),(2,2),(-7.08735743773807,7.08735743773795),
(-2.19737067696,2.19737067696003),.UNSPECIFIED.);
#2954=B_SPLINE_SURFACE_WITH_KNOTS('',1,1,((#3705,#3706),(#3707,#3708)),
 .UNSPECIFIED.,.F.,.F.,.F.,(2,2),(2,2),(-7.08735743773807,7.08735743773795),
(-2.19737067696,2.19737067696003),.UNSPECIFIED.);
#2955=B_SPLINE_SURFACE_WITH_KNOTS('',1,1,((#3709,#3710),(#3711,#3712)),
 .UNSPECIFIED.,.F.,.F.,.F.,(2,2),(2,2),(-7.08735743773798,7.08735743773804),
(-2.19737067696,2.19737067696003),.UNSPECIFIED.);
#2956=B_SPLINE_SURFACE_WITH_KNOTS('',1,1,((#3713,#3714),(#3715,#3716)),
 .UNSPECIFIED.,.F.,.F.,.F.,(2,2),(2,2),(-11.4,11.4),(-1.281609848514,1.28160984851403),
 .UNSPECIFIED.);
#2957=B_SPLINE_SURFACE_WITH_KNOTS('',1,1,((#3717,#3718),(#3719,#3720)),
 .UNSPECIFIED.,.F.,.F.,.F.,(2,2),(2,2),(-27.0097965514981,27.0097965514981),
(-17.234174125596,17.234174125596),.UNSPECIFIED.);
#2958=B_SPLINE_SURFACE_WITH_KNOTS('',1,1,((#3721,#3722),(#3723,#3724)),
 .UNSPECIFIED.,.F.,.F.,.F.,(2,2),(2,2),(-14.702317430412,14.7023174304119),
(-14.704634860692,14.704634860692),.UNSPECIFIED.);
#2959=B_SPLINE_SURFACE_WITH_KNOTS('',1,1,((#3725,#3726),(#3727,#3728)),
 .UNSPECIFIED.,.F.,.F.,.F.,(2,2),(2,2),(-11.1000000000968,11.1000000000968),
(-11.1000000000965,11.1000000000965),.UNSPECIFIED.);
#2960=B_SPLINE_SURFACE_WITH_KNOTS('',1,1,((#3729,#3730),(#3731,#3732)),
 .UNSPECIFIED.,.F.,.F.,.F.,(2,2),(2,2),(-13.7513626615829,13.7513626615829),
(-12.1676407230595,12.1676407230595),.UNSPECIFIED.);
#2961=B_SPLINE_SURFACE_WITH_KNOTS('',1,1,((#3733,#3734),(#3735,#3736)),
 .UNSPECIFIED.,.F.,.F.,.F.,(2,2),(2,2),(-13.7513626615905,13.7513626615906),
(-12.1676407230595,12.1676407230595),.UNSPECIFIED.);
#2962=B_SPLINE_SURFACE_WITH_KNOTS('',1,1,((#3737,#3738),(#3739,#3740)),
 .UNSPECIFIED.,.F.,.F.,.F.,(2,2),(2,2),(-27.0097965514981,27.0097965514981),
(-17.234174125596,17.234174125596),.UNSPECIFIED.);
#2963=B_SPLINE_SURFACE_WITH_KNOTS('',1,1,((#3741,#3742),(#3743,#3744)),
 .UNSPECIFIED.,.F.,.F.,.F.,(2,2),(2,2),(-4.9676407230595,4.96764072305949),
(-11.4,11.4),.UNSPECIFIED.);
#2964=B_SPLINE_SURFACE_WITH_KNOTS('',1,1,((#3745,#3746),(#3747,#3748)),
 .UNSPECIFIED.,.F.,.F.,.F.,(2,2),(2,2),(-4.96764072305953,4.96764072305946),
(-13.7172988265762,13.7172988265762),.UNSPECIFIED.);
#2965=B_SPLINE_SURFACE_WITH_KNOTS('',1,1,((#3749,#3750),(#3751,#3752)),
 .UNSPECIFIED.,.F.,.F.,.F.,(2,2),(2,2),(-4.96764072305952,4.96764072305948),
(-24.6097965514979,24.6097965514979),.UNSPECIFIED.);
#2966=B_SPLINE_SURFACE_WITH_KNOTS('',1,1,((#3753,#3754),(#3755,#3756)),
 .UNSPECIFIED.,.F.,.F.,.F.,(2,2),(2,2),(-27.0097965514985,27.0097965514985),
(-22.6640120072945,22.6640120072945),.UNSPECIFIED.);
#2967=B_SPLINE_SURFACE_WITH_KNOTS('',1,1,((#3757,#3758),(#3759,#3760)),
 .UNSPECIFIED.,.F.,.F.,.F.,(2,2),(2,2),(-1.92489707880451,1.92489707880451),
(-4.96442150392215,4.96442150392215),.UNSPECIFIED.);
#2968=B_SPLINE_SURFACE_WITH_KNOTS('',1,1,((#3761,#3762),(#3763,#3764)),
 .UNSPECIFIED.,.F.,.F.,.F.,(2,2),(2,2),(-3.936284525491,3.93628452549099),
(-7.68953003873398,7.68953003873398),.UNSPECIFIED.);
#2969=B_SPLINE_SURFACE_WITH_KNOTS('',1,1,((#3765,#3766),(#3767,#3768)),
 .UNSPECIFIED.,.F.,.F.,.F.,(2,2),(2,2),(-1.92489707439601,1.92489707439599),
(-4.96442148025198,4.96442148025198),.UNSPECIFIED.);
#2970=B_SPLINE_SURFACE_WITH_KNOTS('',1,1,((#3769,#3770),(#3771,#3772)),
 .UNSPECIFIED.,.F.,.F.,.F.,(2,2),(2,2),(-3.93628453145701,3.93628453145699),
(-7.68953006241005,7.68953006241005),.UNSPECIFIED.);
#2971=B_SPLINE_SURFACE_WITH_KNOTS('',1,1,((#3773,#3774),(#3775,#3776)),
 .UNSPECIFIED.,.F.,.F.,.F.,(2,2),(2,2),(-1.32000000368102,1.32000000368099),
(-7.83421717496378,7.83421717496378),.UNSPECIFIED.);
#2972=B_SPLINE_SURFACE_WITH_KNOTS('',1,1,((#3777,#3778),(#3779,#3780)),
 .UNSPECIFIED.,.F.,.F.,.F.,(2,2),(2,2),(-7.31999999999998,7.32000000000002),
(-11.4,11.4),.UNSPECIFIED.);
#2973=B_SPLINE_SURFACE_WITH_KNOTS('',1,1,((#3781,#3782),(#3783,#3784)),
 .UNSPECIFIED.,.F.,.F.,.F.,(2,2),(2,2),(-11.4,11.4),(-1.28160984851403,
1.281609848514),.UNSPECIFIED.);
#2974=B_SPLINE_SURFACE_WITH_KNOTS('',1,1,((#3785,#3786),(#3787,#3788)),
 .UNSPECIFIED.,.F.,.F.,.F.,(2,2),(2,2),(-27.0097965514988,27.0097965514988),
(-28.2760115635565,28.2760115635565),.UNSPECIFIED.);
#2975=B_SPLINE_SURFACE_WITH_KNOTS('',1,1,((#3789,#3790),(#3791,#3792)),
 .UNSPECIFIED.,.F.,.F.,.F.,(2,2),(2,2),(-5.731999556262,5.731999556262),
(-12.1676407230595,12.1676407230595),.UNSPECIFIED.);
#2976=B_SPLINE_SURFACE_WITH_KNOTS('',1,1,((#3793,#3794),(#3795,#3796)),
 .UNSPECIFIED.,.F.,.F.,.F.,(2,2),(2,2),(-1.92,1.92),(-5.731999556262,5.731999556262),
 .UNSPECIFIED.);
#2977=B_SPLINE_SURFACE_WITH_KNOTS('',1,1,((#3797,#3798),(#3799,#3800)),
 .UNSPECIFIED.,.F.,.F.,.F.,(2,2),(2,2),(-1.9200000000001,1.92000000000009),
(-5.7381089960825,5.7381089960825),.UNSPECIFIED.);
#2978=B_SPLINE_SURFACE_WITH_KNOTS('',1,1,((#3801,#3802),(#3803,#3804)),
 .UNSPECIFIED.,.F.,.F.,.F.,(2,2),(2,2),(-12.1676407230595,12.1676407230595),
(-1.92000000000009,1.9200000000001),.UNSPECIFIED.);
#2979=B_SPLINE_SURFACE_WITH_KNOTS('',1,1,((#3805,#3806),(#3807,#3808)),
 .UNSPECIFIED.,.F.,.F.,.F.,(2,2),(2,2),(-5.731999556262,5.731999556262),
(-12.1676407230595,12.1676407230595),.UNSPECIFIED.);
#2980=B_SPLINE_SURFACE_WITH_KNOTS('',1,1,((#3809,#3810),(#3811,#3812)),
 .UNSPECIFIED.,.F.,.F.,.F.,(2,2),(2,2),(-1.92000000000002,1.92000000000002),
(-5.731999556262,5.731999556262),.UNSPECIFIED.);
#2981=B_SPLINE_SURFACE_WITH_KNOTS('',1,1,((#3813,#3814),(#3815,#3816)),
 .UNSPECIFIED.,.F.,.F.,.F.,(2,2),(2,2),(-1.92000000000002,1.92000000000002),
(-5.73810899608251,5.73810899608251),.UNSPECIFIED.);
#2982=B_SPLINE_SURFACE_WITH_KNOTS('',1,1,((#3817,#3818),(#3819,#3820)),
 .UNSPECIFIED.,.F.,.F.,.F.,(2,2),(2,2),(-12.1676407230595,12.1676407230595),
(-1.92,1.92),.UNSPECIFIED.);
#2983=B_SPLINE_SURFACE_WITH_KNOTS('',1,1,((#3821,#3822),(#3823,#3824)),
 .UNSPECIFIED.,.F.,.F.,.F.,(2,2),(2,2),(-3.81469840288423,3.81469840288434),
(-1.97391493407434,1.97391493407435),.UNSPECIFIED.);
#2984=B_SPLINE_SURFACE_WITH_KNOTS('',1,1,((#3825,#3826),(#3827,#3828)),
 .UNSPECIFIED.,.F.,.F.,.F.,(2,2),(2,2),(-3.81469831287274,3.81469831287282),
(-1.97391484243719,1.97391484243721),.UNSPECIFIED.);
#2985=B_SPLINE_SURFACE_WITH_KNOTS('',1,1,((#3829,#3830),(#3831,#3832)),
 .UNSPECIFIED.,.F.,.F.,.F.,(2,2),(2,2),(-3.81469840289276,3.81469840289279),
(-1.97391493407462,1.97391493407462),.UNSPECIFIED.);
#2986=B_SPLINE_SURFACE_WITH_KNOTS('',1,1,((#3833,#3834),(#3835,#3836)),
 .UNSPECIFIED.,.F.,.F.,.F.,(2,2),(2,2),(-3.81469831289408,3.81469831289399),
(-1.97391484243649,1.97391484243649),.UNSPECIFIED.);
#2987=B_SPLINE_SURFACE_WITH_KNOTS('',1,1,((#3837,#3838),(#3839,#3840)),
 .UNSPECIFIED.,.F.,.F.,.F.,(2,2),(2,2),(-3.81469832106495,3.81469832106509),
(-1.9739149341321,1.9739149341321),.UNSPECIFIED.);
#2988=B_SPLINE_SURFACE_WITH_KNOTS('',1,1,((#3841,#3842),(#3843,#3844)),
 .UNSPECIFIED.,.F.,.F.,.F.,(2,2),(2,2),(-3.81469823095645,3.81469823095662),
(-1.97391484239186,1.97391484239186),.UNSPECIFIED.);
#2989=B_SPLINE_SURFACE_WITH_KNOTS('',1,1,((#3845,#3846),(#3847,#3848)),
 .UNSPECIFIED.,.F.,.F.,.F.,(2,2),(2,2),(-3.81469832104401,3.81469832104404),
(-1.97391493413225,1.97391493413226),.UNSPECIFIED.);
#2990=B_SPLINE_SURFACE_WITH_KNOTS('',1,1,((#3849,#3850),(#3851,#3852)),
 .UNSPECIFIED.,.F.,.F.,.F.,(2,2),(2,2),(-3.81469823093531,3.81469823093525),
(-1.97391484239235,1.97391484239235),.UNSPECIFIED.);
#2991=B_SPLINE_SURFACE_WITH_KNOTS('',1,1,((#3853,#3854),(#3855,#3856)),
 .UNSPECIFIED.,.F.,.F.,.F.,(2,2),(2,2),(-4.81534255865995,4.81534255865996),
(-4.77535535881203,4.77535535881197),.UNSPECIFIED.);
#2992=B_SPLINE_SURFACE_WITH_KNOTS('',1,1,((#3857,#3858),(#3859,#3860)),
 .UNSPECIFIED.,.F.,.F.,.F.,(2,2),(2,2),(-4.81534255865999,4.81534255866),
(-4.77535535881199,4.77535535881199),.UNSPECIFIED.);
#2993=B_SPLINE_SURFACE_WITH_KNOTS('',1,1,((#3861,#3862),(#3863,#3864)),
 .UNSPECIFIED.,.F.,.F.,.F.,(2,2),(2,2),(-4.81534255866006,4.81534255866006),
(-4.775355358764,4.77535535876403),.UNSPECIFIED.);
#2994=B_SPLINE_SURFACE_WITH_KNOTS('',1,1,((#3865,#3866),(#3867,#3868)),
 .UNSPECIFIED.,.F.,.F.,.F.,(2,2),(2,2),(-4.8153425586601,4.8153425586601),
(-4.775355358758,4.77535535875803),.UNSPECIFIED.);
#2995=B_SPLINE_SURFACE_WITH_KNOTS('',1,1,((#3869,#3870),(#3871,#3872)),
 .UNSPECIFIED.,.F.,.F.,.F.,(2,2),(2,2),(-20.079401205099,2.8421709430404E-14),
(-14.6306254631158,0.),.UNSPECIFIED.);
#2996=(
BOUNDED_SURFACE()
B_SPLINE_SURFACE(2,1,((#3119,#3120),(#3121,#3122),(#3123,#3124),(#3125,
#3126),(#3127,#3128),(#3129,#3130),(#3131,#3132),(#3133,#3134),(#3135,#3136)),
 .UNSPECIFIED.,.T.,.F.,.F.)
B_SPLINE_SURFACE_WITH_KNOTS((3,2,2,2,3),(2,2),(0.,1.5707963267949,3.14159265358979,
4.71238898038469,6.28318530717959),(0.,9.93528144612127),.UNSPECIFIED.)
GEOMETRIC_REPRESENTATION_ITEM()
RATIONAL_B_SPLINE_SURFACE(((1.,1.),(0.707106781186548,0.707106781186548),
(1.,1.),(0.707106781186548,0.707106781186548),(1.,1.),(0.707106781186548,
0.707106781186548),(1.,1.),(0.707106781186548,0.707106781186548),(1.,1.)))
REPRESENTATION_ITEM('')
SURFACE()
);
#2997=(
BOUNDED_SURFACE()
B_SPLINE_SURFACE(2,1,((#3137,#3138),(#3139,#3140),(#3141,#3142),(#3143,
#3144),(#3145,#3146),(#3147,#3148),(#3149,#3150),(#3151,#3152),(#3153,#3154)),
 .UNSPECIFIED.,.T.,.F.,.F.)
B_SPLINE_SURFACE_WITH_KNOTS((3,2,2,2,3),(2,2),(0.,1.5707963267949,3.14159265358979,
4.71238898038469,6.28318530717959),(0.,9.93528144612003),.UNSPECIFIED.)
GEOMETRIC_REPRESENTATION_ITEM()
RATIONAL_B_SPLINE_SURFACE(((1.,1.),(0.707106781186548,0.707106781186548),
(1.,1.),(0.707106781186548,0.707106781186548),(1.,1.),(0.707106781186548,
0.707106781186548),(1.,1.),(0.707106781186548,0.707106781186548),(1.,1.)))
REPRESENTATION_ITEM('')
SURFACE()
);
#2998=(
BOUNDED_SURFACE()
B_SPLINE_SURFACE(1,2,((#3179,#3180,#3181,#3182,#3183,#3184,#3185,#3186,
#3187),(#3188,#3189,#3190,#3191,#3192,#3193,#3194,#3195,#3196)),
 .UNSPECIFIED.,.F.,.F.,.F.)
B_SPLINE_SURFACE_WITH_KNOTS((2,2),(3,2,2,2,3),(0.,20.8501193689116),(0.,
1.5707963267949,3.14159265358979,4.71238898038469,6.28318530717959),
 .UNSPECIFIED.)
GEOMETRIC_REPRESENTATION_ITEM()
RATIONAL_B_SPLINE_SURFACE(((1.,0.707106781186548,1.,0.707106781186548,1.,
0.707106781186548,1.,0.707106781186548,1.),(1.,0.707106781186548,1.,0.707106781186548,
1.,0.707106781186548,1.,0.707106781186548,1.)))
REPRESENTATION_ITEM('')
SURFACE()
);
#2999=(
BOUNDED_SURFACE()
B_SPLINE_SURFACE(2,1,((#3197,#3198),(#3199,#3200),(#3201,#3202),(#3203,
#3204),(#3205,#3206),(#3207,#3208),(#3209,#3210),(#3211,#3212),(#3213,#3214)),
 .UNSPECIFIED.,.T.,.F.,.F.)
B_SPLINE_SURFACE_WITH_KNOTS((3,2,2,2,3),(2,2),(0.,1.5707963267949,3.14159265358979,
4.71238898038469,6.28318530717959),(0.,24.3352814461601),.UNSPECIFIED.)
GEOMETRIC_REPRESENTATION_ITEM()
RATIONAL_B_SPLINE_SURFACE(((1.,1.),(0.707106781186548,0.707106781186548),
(1.,1.),(0.707106781186548,0.707106781186548),(1.,1.),(0.707106781186548,
0.707106781186548),(1.,1.),(0.707106781186548,0.707106781186548),(1.,1.)))
REPRESENTATION_ITEM('')
SURFACE()
);
#3000=(
BOUNDED_SURFACE()
B_SPLINE_SURFACE(2,1,((#3215,#3216),(#3217,#3218),(#3219,#3220),(#3221,
#3222),(#3223,#3224),(#3225,#3226),(#3227,#3228),(#3229,#3230),(#3231,#3232)),
 .UNSPECIFIED.,.T.,.F.,.F.)
B_SPLINE_SURFACE_WITH_KNOTS((3,2,2,2,3),(2,2),(0.,1.5707963267949,3.14159265358979,
4.71238898038469,6.28318530717959),(0.,24.3352814461188),.UNSPECIFIED.)
GEOMETRIC_REPRESENTATION_ITEM()
RATIONAL_B_SPLINE_SURFACE(((1.,1.),(0.707106781186548,0.707106781186548),
(1.,1.),(0.707106781186548,0.707106781186548),(1.,1.),(0.707106781186548,
0.707106781186548),(1.,1.),(0.707106781186548,0.707106781186548),(1.,1.)))
REPRESENTATION_ITEM('')
SURFACE()
);
#3001=(
BOUNDED_SURFACE()
B_SPLINE_SURFACE(2,1,((#3233,#3234),(#3235,#3236),(#3237,#3238),(#3239,
#3240),(#3241,#3242),(#3243,#3244),(#3245,#3246),(#3247,#3248),(#3249,#3250)),
 .UNSPECIFIED.,.T.,.F.,.F.)
B_SPLINE_SURFACE_WITH_KNOTS((3,2,2,2,3),(2,2),(0.,1.5707963267949,3.14159265358979,
4.71238898038469,6.28318530717959),(0.,24.3352814461613),.UNSPECIFIED.)
GEOMETRIC_REPRESENTATION_ITEM()
RATIONAL_B_SPLINE_SURFACE(((1.,1.),(0.707106781186548,0.707106781186548),
(1.,1.),(0.707106781186548,0.707106781186548),(1.,1.),(0.707106781186548,
0.707106781186548),(1.,1.),(0.707106781186548,0.707106781186548),(1.,1.)))
REPRESENTATION_ITEM('')
SURFACE()
);
#3002=(
BOUNDED_SURFACE()
B_SPLINE_SURFACE(1,2,((#3251,#3252,#3253,#3254,#3255,#3256,#3257,#3258,
#3259),(#3260,#3261,#3262,#3263,#3264,#3265,#3266,#3267,#3268)),
 .UNSPECIFIED.,.F.,.F.,.F.)
B_SPLINE_SURFACE_WITH_KNOTS((2,2),(3,2,2,2,3),(0.,9.93528144611895),(0.,
1.5707963267949,3.14159265358979,4.71238898038469,6.28318530717959),
 .UNSPECIFIED.)
GEOMETRIC_REPRESENTATION_ITEM()
RATIONAL_B_SPLINE_SURFACE(((1.,0.707106781186548,1.,0.707106781186548,1.,
0.707106781186548,1.,0.707106781186548,1.),(1.,0.707106781186548,1.,0.707106781186548,
1.,0.707106781186548,1.,0.707106781186548,1.)))
REPRESENTATION_ITEM('')
SURFACE()
);
#3003=(
BOUNDED_SURFACE()
B_SPLINE_SURFACE(1,2,((#3269,#3270,#3271,#3272,#3273,#3274,#3275,#3276,
#3277),(#3278,#3279,#3280,#3281,#3282,#3283,#3284,#3285,#3286)),
 .UNSPECIFIED.,.F.,.F.,.F.)
B_SPLINE_SURFACE_WITH_KNOTS((2,2),(3,2,2,2,3),(0.,9.93528144611895),(0.,
1.5707963267949,3.14159265358979,4.71238898038469,6.28318530717959),
 .UNSPECIFIED.)
GEOMETRIC_REPRESENTATION_ITEM()
RATIONAL_B_SPLINE_SURFACE(((1.,0.707106781186548,1.,0.707106781186548,1.,
0.707106781186548,1.,0.707106781186548,1.),(1.,0.707106781186548,1.,0.707106781186548,
1.,0.707106781186548,1.,0.707106781186548,1.)))
REPRESENTATION_ITEM('')
SURFACE()
);
#3004=(
BOUNDED_SURFACE()
B_SPLINE_SURFACE(1,2,((#3287,#3288,#3289,#3290,#3291,#3292,#3293,#3294,
#3295),(#3296,#3297,#3298,#3299,#3300,#3301,#3302,#3303,#3304)),
 .UNSPECIFIED.,.F.,.F.,.F.)
B_SPLINE_SURFACE_WITH_KNOTS((2,2),(3,2,2,2,3),(0.,4.52738770558909),(0.,
1.5707963267949,3.14159265358979,4.71238898038469,6.28318530717959),
 .UNSPECIFIED.)
GEOMETRIC_REPRESENTATION_ITEM()
RATIONAL_B_SPLINE_SURFACE(((1.,0.707106781186548,1.,0.707106781186548,1.,
0.707106781186548,1.,0.707106781186548,1.),(1.,0.707106781186548,1.,0.707106781186548,
1.,0.707106781186548,1.,0.707106781186548,1.)))
REPRESENTATION_ITEM('')
SURFACE()
);
#3005=(
BOUNDED_SURFACE()
B_SPLINE_SURFACE(1,2,((#3305,#3306,#3307,#3308,#3309,#3310,#3311,#3312,
#3313),(#3314,#3315,#3316,#3317,#3318,#3319,#3320,#3321,#3322)),
 .UNSPECIFIED.,.F.,.F.,.F.)
B_SPLINE_SURFACE_WITH_KNOTS((2,2),(3,2,2,2,3),(0.,3.90548464342925),(0.,
1.5707963267949,3.14159265358979,4.71238898038469,6.28318530717959),
 .UNSPECIFIED.)
GEOMETRIC_REPRESENTATION_ITEM()
RATIONAL_B_SPLINE_SURFACE(((1.,0.707106781186548,1.,0.707106781186548,1.,
0.707106781186548,1.,0.707106781186548,1.),(1.,0.707106781186548,1.,0.707106781186548,
1.,0.707106781186548,1.,0.707106781186548,1.)))
REPRESENTATION_ITEM('')
SURFACE()
);
#3006=(
BOUNDED_SURFACE()
B_SPLINE_SURFACE(1,2,((#3323,#3324,#3325,#3326,#3327,#3328,#3329,#3330,
#3331),(#3332,#3333,#3334,#3335,#3336,#3337,#3338,#3339,#3340)),
 .UNSPECIFIED.,.F.,.F.,.F.)
B_SPLINE_SURFACE_WITH_KNOTS((2,2),(3,2,2,2,3),(0.,4.52738770558804),(0.,
1.5707963267949,3.14159265358979,4.71238898038469,6.28318530717959),
 .UNSPECIFIED.)
GEOMETRIC_REPRESENTATION_ITEM()
RATIONAL_B_SPLINE_SURFACE(((1.,0.707106781186548,1.,0.707106781186548,1.,
0.707106781186548,1.,0.707106781186548,1.),(1.,0.707106781186548,1.,0.707106781186548,
1.,0.707106781186548,1.,0.707106781186548,1.)))
REPRESENTATION_ITEM('')
SURFACE()
);
#3007=(
BOUNDED_SURFACE()
B_SPLINE_SURFACE(1,2,((#3341,#3342,#3343,#3344,#3345,#3346,#3347,#3348,
#3349),(#3350,#3351,#3352,#3353,#3354,#3355,#3356,#3357,#3358)),
 .UNSPECIFIED.,.F.,.F.,.F.)
B_SPLINE_SURFACE_WITH_KNOTS((2,2),(3,2,2,2,3),(0.,3.90548464342871),(0.,
1.5707963267949,3.14159265358979,4.71238898038469,6.28318530717959),
 .UNSPECIFIED.)
GEOMETRIC_REPRESENTATION_ITEM()
RATIONAL_B_SPLINE_SURFACE(((1.,0.707106781186548,1.,0.707106781186548,1.,
0.707106781186548,1.,0.707106781186548,1.),(1.,0.707106781186548,1.,0.707106781186548,
1.,0.707106781186548,1.,0.707106781186548,1.)))
REPRESENTATION_ITEM('')
SURFACE()
);
#3008=(
BOUNDED_SURFACE()
B_SPLINE_SURFACE(1,2,((#3359,#3360,#3361,#3362,#3363,#3364,#3365,#3366,
#3367),(#3368,#3369,#3370,#3371,#3372,#3373,#3374,#3375,#3376)),
 .UNSPECIFIED.,.F.,.F.,.F.)
B_SPLINE_SURFACE_WITH_KNOTS((2,2),(3,2,2,2,3),(0.,20.8501193689116),(0.,
1.5707963267949,3.14159265358979,4.71238898038469,6.28318530717959),
 .UNSPECIFIED.)
GEOMETRIC_REPRESENTATION_ITEM()
RATIONAL_B_SPLINE_SURFACE(((1.,0.707106781186548,1.,0.707106781186548,1.,
0.707106781186548,1.,0.707106781186548,1.),(1.,0.707106781186548,1.,0.707106781186548,
1.,0.707106781186548,1.,0.707106781186548,1.)))
REPRESENTATION_ITEM('')
SURFACE()
);
#3009=(
BOUNDED_SURFACE()
B_SPLINE_SURFACE(1,2,((#3377,#3378,#3379,#3380,#3381,#3382,#3383,#3384,
#3385),(#3386,#3387,#3388,#3389,#3390,#3391,#3392,#3393,#3394)),
 .UNSPECIFIED.,.F.,.F.,.F.)
B_SPLINE_SURFACE_WITH_KNOTS((2,2),(3,2,2,2,3),(0.,6.33253254957121),(0.,
1.5707963267949,3.14159265358979,4.71238898038469,6.28318530717959),
 .UNSPECIFIED.)
GEOMETRIC_REPRESENTATION_ITEM()
RATIONAL_B_SPLINE_SURFACE(((1.,0.707106781186548,1.,0.707106781186548,1.,
0.707106781186548,1.,0.707106781186548,1.),(1.,0.707106781186548,1.,0.707106781186548,
1.,0.707106781186548,1.,0.707106781186548,1.)))
REPRESENTATION_ITEM('')
SURFACE()
);
#3010=(
BOUNDED_SURFACE()
B_SPLINE_SURFACE(1,2,((#3395,#3396,#3397,#3398,#3399,#3400,#3401,#3402,
#3403),(#3404,#3405,#3406,#3407,#3408,#3409,#3410,#3411,#3412)),
 .UNSPECIFIED.,.F.,.F.,.F.)
B_SPLINE_SURFACE_WITH_KNOTS((2,2),(3,2,2,2,3),(0.,6.332532179586),(0.,1.5707963267949,
3.14159265358979,4.71238898038469,6.28318530717959),.UNSPECIFIED.)
GEOMETRIC_REPRESENTATION_ITEM()
RATIONAL_B_SPLINE_SURFACE(((1.,0.707106781186548,1.,0.707106781186548,1.,
0.707106781186548,1.,0.707106781186548,1.),(1.,0.707106781186548,1.,0.707106781186548,
1.,0.707106781186548,1.,0.707106781186548,1.)))
REPRESENTATION_ITEM('')
SURFACE()
);
#3011=(
BOUNDED_SURFACE()
B_SPLINE_SURFACE(1,2,((#3413,#3414,#3415,#3416,#3417,#3418,#3419,#3420,
#3421),(#3422,#3423,#3424,#3425,#3426,#3427,#3428,#3429,#3430)),
 .UNSPECIFIED.,.F.,.F.,.F.)
B_SPLINE_SURFACE_WITH_KNOTS((2,2),(3,2,2,2,3),(0.,6.33396243233284),(0.,
1.5707963267949,3.14159265358979,4.71238898038469,6.28318530717959),
 .UNSPECIFIED.)
GEOMETRIC_REPRESENTATION_ITEM()
RATIONAL_B_SPLINE_SURFACE(((1.,0.707106781186548,1.,0.707106781186548,1.,
0.707106781186548,1.,0.707106781186548,1.),(1.,0.707106781186548,1.,0.707106781186548,
1.,0.707106781186548,1.,0.707106781186548,1.)))
REPRESENTATION_ITEM('')
SURFACE()
);
#3012=(
BOUNDED_SURFACE()
B_SPLINE_SURFACE(1,2,((#3431,#3432,#3433,#3434,#3435,#3436,#3437,#3438,
#3439),(#3440,#3441,#3442,#3443,#3444,#3445,#3446,#3447,#3448)),
 .UNSPECIFIED.,.F.,.F.,.F.)
B_SPLINE_SURFACE_WITH_KNOTS((2,2),(3,2,2,2,3),(0.,6.33396280231798),(0.,
1.5707963267949,3.14159265358979,4.71238898038469,6.28318530717959),
 .UNSPECIFIED.)
GEOMETRIC_REPRESENTATION_ITEM()
RATIONAL_B_SPLINE_SURFACE(((1.,0.707106781186548,1.,0.707106781186548,1.,
0.707106781186548,1.,0.707106781186548,1.),(1.,0.707106781186548,1.,0.707106781186548,
1.,0.707106781186548,1.,0.707106781186548,1.)))
REPRESENTATION_ITEM('')
SURFACE()
);
#3013=(
BOUNDED_SURFACE()
B_SPLINE_SURFACE(1,2,((#3449,#3450,#3451,#3452,#3453,#3454,#3455,#3456,
#3457),(#3458,#3459,#3460,#3461,#3462,#3463,#3464,#3465,#3466)),
 .UNSPECIFIED.,.F.,.F.,.F.)
B_SPLINE_SURFACE_WITH_KNOTS((2,2),(3,2,2,2,3),(0.,6.33253250674679),(0.,
1.5707963267949,3.14159265358979,4.71238898038469,6.28318530717959),
 .UNSPECIFIED.)
GEOMETRIC_REPRESENTATION_ITEM()
RATIONAL_B_SPLINE_SURFACE(((1.,0.707106781186548,1.,0.707106781186548,1.,
0.707106781186548,1.,0.707106781186548,1.),(1.,0.707106781186548,1.,0.707106781186548,
1.,0.707106781186548,1.,0.707106781186548,1.)))
REPRESENTATION_ITEM('')
SURFACE()
);
#3014=(
BOUNDED_SURFACE()
B_SPLINE_SURFACE(1,2,((#3467,#3468,#3469,#3470,#3471,#3472,#3473,#3474,
#3475),(#3476,#3477,#3478,#3479,#3480,#3481,#3482,#3483,#3484)),
 .UNSPECIFIED.,.F.,.F.,.F.)
B_SPLINE_SURFACE_WITH_KNOTS((2,2),(3,2,2,2,3),(0.,6.33253213676039),(0.,
1.5707963267949,3.14159265358979,4.71238898038469,6.28318530717959),
 .UNSPECIFIED.)
GEOMETRIC_REPRESENTATION_ITEM()
RATIONAL_B_SPLINE_SURFACE(((1.,0.707106781186548,1.,0.707106781186548,1.,
0.707106781186548,1.,0.707106781186548,1.),(1.,0.707106781186548,1.,0.707106781186548,
1.,0.707106781186548,1.,0.707106781186548,1.)))
REPRESENTATION_ITEM('')
SURFACE()
);
#3015=(
BOUNDED_SURFACE()
B_SPLINE_SURFACE(1,2,((#3485,#3486,#3487,#3488,#3489,#3490,#3491,#3492,
#3493),(#3494,#3495,#3496,#3497,#3498,#3499,#3500,#3501,#3502)),
 .UNSPECIFIED.,.F.,.F.,.F.)
B_SPLINE_SURFACE_WITH_KNOTS((2,2),(3,2,2,2,3),(0.,6.33396238950721),(0.,
1.5707963267949,3.14159265358979,4.71238898038469,6.28318530717959),
 .UNSPECIFIED.)
GEOMETRIC_REPRESENTATION_ITEM()
RATIONAL_B_SPLINE_SURFACE(((1.,0.707106781186548,1.,0.707106781186548,1.,
0.707106781186548,1.,0.707106781186548,1.),(1.,0.707106781186548,1.,0.707106781186548,
1.,0.707106781186548,1.,0.707106781186548,1.)))
REPRESENTATION_ITEM('')
SURFACE()
);
#3016=(
BOUNDED_SURFACE()
B_SPLINE_SURFACE(1,2,((#3503,#3504,#3505,#3506,#3507,#3508,#3509,#3510,
#3511),(#3512,#3513,#3514,#3515,#3516,#3517,#3518,#3519,#3520)),
 .UNSPECIFIED.,.F.,.F.,.F.)
B_SPLINE_SURFACE_WITH_KNOTS((2,2),(3,2,2,2,3),(0.,6.33396275949363),(0.,
1.5707963267949,3.14159265358979,4.71238898038469,6.28318530717959),
 .UNSPECIFIED.)
GEOMETRIC_REPRESENTATION_ITEM()
RATIONAL_B_SPLINE_SURFACE(((1.,0.707106781186548,1.,0.707106781186548,1.,
0.707106781186548,1.,0.707106781186548,1.),(1.,0.707106781186548,1.,0.707106781186548,
1.,0.707106781186548,1.,0.707106781186548,1.)))
REPRESENTATION_ITEM('')
SURFACE()
);
#3017=(
BOUNDED_SURFACE()
B_SPLINE_SURFACE(1,2,((#3521,#3522,#3523,#3524,#3525,#3526,#3527,#3528,
#3529),(#3530,#3531,#3532,#3533,#3534,#3535,#3536,#3537,#3538)),
 .UNSPECIFIED.,.F.,.F.,.F.)
B_SPLINE_SURFACE_WITH_KNOTS((2,2),(3,2,2,2,3),(0.,3.83999985904204),(0.,
1.5707963267949,3.14159265358979,4.71238898038469,6.28318530717959),
 .UNSPECIFIED.)
GEOMETRIC_REPRESENTATION_ITEM()
RATIONAL_B_SPLINE_SURFACE(((1.,0.707106781186548,1.,0.707106781186548,1.,
0.707106781186548,1.,0.707106781186548,1.),(1.,0.707106781186548,1.,0.707106781186548,
1.,0.707106781186548,1.,0.707106781186548,1.)))
REPRESENTATION_ITEM('')
SURFACE()
);
#3018=(
BOUNDED_SURFACE()
B_SPLINE_SURFACE(1,2,((#3539,#3540,#3541,#3542,#3543,#3544,#3545,#3546,
#3547),(#3548,#3549,#3550,#3551,#3552,#3553,#3554,#3555,#3556)),
 .UNSPECIFIED.,.F.,.F.,.F.)
B_SPLINE_SURFACE_WITH_KNOTS((2,2),(3,2,2,2,3),(0.,3.83999985904202),(0.,
1.5707963267949,3.14159265358979,4.71238898038469,6.28318530717959),
 .UNSPECIFIED.)
GEOMETRIC_REPRESENTATION_ITEM()
RATIONAL_B_SPLINE_SURFACE(((1.,0.707106781186548,1.,0.707106781186548,1.,
0.707106781186548,1.,0.707106781186548,1.),(1.,0.707106781186548,1.,0.707106781186548,
1.,0.707106781186548,1.,0.707106781186548,1.)))
REPRESENTATION_ITEM('')
SURFACE()
);
#3019=(
BOUNDED_SURFACE()
B_SPLINE_SURFACE(1,2,((#3557,#3558,#3559,#3560,#3561,#3562,#3563,#3564,
#3565),(#3566,#3567,#3568,#3569,#3570,#3571,#3572,#3573,#3574)),
 .UNSPECIFIED.,.F.,.F.,.F.)
B_SPLINE_SURFACE_WITH_KNOTS((2,2),(3,2,2,2,3),(0.,3.83999985904201),(0.,
1.5707963267949,3.14159265358979,4.71238898038469,6.28318530717959),
 .UNSPECIFIED.)
GEOMETRIC_REPRESENTATION_ITEM()
RATIONAL_B_SPLINE_SURFACE(((1.,0.707106781186548,1.,0.707106781186548,1.,
0.707106781186548,1.,0.707106781186548,1.),(1.,0.707106781186548,1.,0.707106781186548,
1.,0.707106781186548,1.,0.707106781186548,1.)))
REPRESENTATION_ITEM('')
SURFACE()
);
#3020=(
BOUNDED_SURFACE()
B_SPLINE_SURFACE(1,2,((#3575,#3576,#3577,#3578,#3579,#3580,#3581,#3582,
#3583),(#3584,#3585,#3586,#3587,#3588,#3589,#3590,#3591,#3592)),
 .UNSPECIFIED.,.F.,.F.,.F.)
B_SPLINE_SURFACE_WITH_KNOTS((2,2),(3,2,2,2,3),(0.,3.8399998590408),(0.,
1.5707963267949,3.14159265358979,4.71238898038469,6.28318530717959),
 .UNSPECIFIED.)
GEOMETRIC_REPRESENTATION_ITEM()
RATIONAL_B_SPLINE_SURFACE(((1.,0.707106781186548,1.,0.707106781186548,1.,
0.707106781186548,1.,0.707106781186548,1.),(1.,0.707106781186548,1.,0.707106781186548,
1.,0.707106781186548,1.,0.707106781186548,1.)))
REPRESENTATION_ITEM('')
SURFACE()
);
#3021=(
BOUNDED_SURFACE()
B_SPLINE_SURFACE(1,2,((#3593,#3594,#3595,#3596,#3597,#3598,#3599,#3600,
#3601),(#3602,#3603,#3604,#3605,#3606,#3607,#3608,#3609,#3610)),
 .UNSPECIFIED.,.F.,.F.,.F.)
B_SPLINE_SURFACE_WITH_KNOTS((2,2),(3,2,2,2,3),(0.,3.83999985904083),(0.,
1.5707963267949,3.14159265358979,4.71238898038469,6.28318530717959),
 .UNSPECIFIED.)
GEOMETRIC_REPRESENTATION_ITEM()
RATIONAL_B_SPLINE_SURFACE(((1.,0.707106781186548,1.,0.707106781186548,1.,
0.707106781186548,1.,0.707106781186548,1.),(1.,0.707106781186548,1.,0.707106781186548,
1.,0.707106781186548,1.,0.707106781186548,1.)))
REPRESENTATION_ITEM('')
SURFACE()
);
#3022=(
BOUNDED_SURFACE()
B_SPLINE_SURFACE(1,2,((#3611,#3612,#3613,#3614,#3615,#3616,#3617,#3618,
#3619),(#3620,#3621,#3622,#3623,#3624,#3625,#3626,#3627,#3628)),
 .UNSPECIFIED.,.F.,.F.,.F.)
B_SPLINE_SURFACE_WITH_KNOTS((2,2),(3,2,2,2,3),(0.,3.83999985904211),(0.,
1.5707963267949,3.14159265358979,4.71238898038469,6.28318530717959),
 .UNSPECIFIED.)
GEOMETRIC_REPRESENTATION_ITEM()
RATIONAL_B_SPLINE_SURFACE(((1.,0.707106781186548,1.,0.707106781186548,1.,
0.707106781186548,1.,0.707106781186548,1.),(1.,0.707106781186548,1.,0.707106781186548,
1.,0.707106781186548,1.,0.707106781186548,1.)))
REPRESENTATION_ITEM('')
SURFACE()
);
#3023=(
BOUNDED_SURFACE()
B_SPLINE_SURFACE(1,2,((#3629,#3630,#3631,#3632,#3633,#3634,#3635,#3636,
#3637),(#3638,#3639,#3640,#3641,#3642,#3643,#3644,#3645,#3646)),
 .UNSPECIFIED.,.F.,.F.,.F.)
B_SPLINE_SURFACE_WITH_KNOTS((2,2),(3,2,2,2,3),(0.,3.83999985904083),(0.,
1.5707963267949,3.14159265358979,4.71238898038469,6.28318530717959),
 .UNSPECIFIED.)
GEOMETRIC_REPRESENTATION_ITEM()
RATIONAL_B_SPLINE_SURFACE(((1.,0.707106781186548,1.,0.707106781186548,1.,
0.707106781186548,1.,0.707106781186548,1.),(1.,0.707106781186548,1.,0.707106781186548,
1.,0.707106781186548,1.,0.707106781186548,1.)))
REPRESENTATION_ITEM('')
SURFACE()
);
#3024=(
BOUNDED_SURFACE()
B_SPLINE_SURFACE(1,2,((#3647,#3648,#3649,#3650,#3651,#3652,#3653,#3654,
#3655),(#3656,#3657,#3658,#3659,#3660,#3661,#3662,#3663,#3664)),
 .UNSPECIFIED.,.F.,.F.,.F.)
B_SPLINE_SURFACE_WITH_KNOTS((2,2),(3,2,2,2,3),(0.,3.8399998590408),(0.,
1.5707963267949,3.14159265358979,4.71238898038469,6.28318530717959),
 .UNSPECIFIED.)
GEOMETRIC_REPRESENTATION_ITEM()
RATIONAL_B_SPLINE_SURFACE(((1.,0.707106781186548,1.,0.707106781186548,1.,
0.707106781186548,1.,0.707106781186548,1.),(1.,0.707106781186548,1.,0.707106781186548,
1.,0.707106781186548,1.,0.707106781186548,1.)))
REPRESENTATION_ITEM('')
SURFACE()
);
#3025=SHAPE_DEFINITION_REPRESENTATION(#3026,#3111);
#3026=PRODUCT_DEFINITION_SHAPE('Document','',#3028);
#3027=PRODUCT_DEFINITION_CONTEXT('3D Mechanical Parts',#3100,'design');
#3028=PRODUCT_DEFINITION('A','First version',#3070,#3027);
#3029=DATE_TIME_ROLE('classification_date');
#3030=DATE_TIME_ROLE('creation_date');
#3031=APPLIED_DATE_AND_TIME_ASSIGNMENT(#3055,#3029,(#3034));
#3032=APPLIED_DATE_AND_TIME_ASSIGNMENT(#3057,#3030,(#3028));
#3033=SECURITY_CLASSIFICATION_LEVEL('unclassified');
#3034=SECURITY_CLASSIFICATION('A','Security for version',#3033);
#3035=APPLIED_SECURITY_CLASSIFICATION_ASSIGNMENT(#3034,(#3070));
#3036=APPROVAL_ROLE('Version approval');
#3037=APPROVAL_ROLE('Version Security approval');
#3038=APPROVAL_ROLE('Definition approval');
#3039=APPROVAL_PERSON_ORGANIZATION(#3088,#3064,#3036);
#3040=APPROVAL_PERSON_ORGANIZATION(#3089,#3065,#3037);
#3041=APPROVAL_PERSON_ORGANIZATION(#3092,#3066,#3038);
#3042=COORDINATED_UNIVERSAL_TIME_OFFSET(5,0,.BEHIND.);
#3043=LOCAL_TIME(0,0,0.,#3042);
#3044=LOCAL_TIME(0,0,0.,#3042);
#3045=LOCAL_TIME(0,0,0.,#3042);
#3046=LOCAL_TIME(0,0,0.,#3042);
#3047=LOCAL_TIME(0,0,0.,#3042);
#3048=CALENDAR_DATE(1999,1,1);
#3049=CALENDAR_DATE(1999,1,1);
#3050=CALENDAR_DATE(1999,1,1);
#3051=CALENDAR_DATE(1999,1,1);
#3052=CALENDAR_DATE(1999,1,1);
#3053=DATE_AND_TIME(#3048,#3043);
#3054=DATE_AND_TIME(#3049,#3044);
#3055=DATE_AND_TIME(#3050,#3045);
#3056=DATE_AND_TIME(#3051,#3046);
#3057=DATE_AND_TIME(#3052,#3047);
#3058=APPROVAL_DATE_TIME(#3053,#3064);
#3059=APPROVAL_DATE_TIME(#3054,#3065);
#3060=APPROVAL_DATE_TIME(#3056,#3066);
#3061=APPROVAL_STATUS('not_yet_approved');
#3062=APPROVAL_STATUS('not_yet_approved');
#3063=APPROVAL_STATUS('approved');
#3064=APPROVAL(#3061,'Version approval');
#3065=APPROVAL(#3062,'Version Security approval');
#3066=APPROVAL(#3063,'Definition approval');
#3067=APPLIED_APPROVAL_ASSIGNMENT(#3064,(#3070));
#3068=APPLIED_APPROVAL_ASSIGNMENT(#3065,(#3034));
#3069=APPLIED_APPROVAL_ASSIGNMENT(#3066,(#3028));
#3070=PRODUCT_DEFINITION_FORMATION_WITH_SPECIFIED_SOURCE('A',
'First version',#3102,.MADE.);
#3071=PERSON_AND_ORGANIZATION_ROLE('design_owner');
#3072=PERSON_AND_ORGANIZATION_ROLE('creator');
#3073=PERSON_AND_ORGANIZATION_ROLE('design_supplier');
#3074=PERSON_AND_ORGANIZATION_ROLE('classification_officer');
#3075=PERSON_AND_ORGANIZATION_ROLE('creator');
#3076=ORGANIZATION('STI','lab','lab');
#3077=ORGANIZATION('STI','unknown','unknown');
#3078=ORGANIZATION('STI','unknown','unknown');
#3079=ORGANIZATION('STI','unknown','unknown');
#3080=ORGANIZATION('STI','unknown','unknown');
#3081=ORGANIZATION('STI','unknown','unknown');
#3082=ORGANIZATION('STI','unknown','unknown');
#3083=PERSON('1','Box','vc60',$,$,$);
#3084=PERSON('2','last','first',$,$,$);
#3085=PERSON('3','President','Mr.',$,$,$);
#3086=PERSON_AND_ORGANIZATION(#3083,#3076);
#3087=PERSON_AND_ORGANIZATION(#3084,#3077);
#3088=PERSON_AND_ORGANIZATION(#3085,#3078);
#3089=PERSON_AND_ORGANIZATION(#3085,#3079);
#3090=PERSON_AND_ORGANIZATION(#3085,#3080);
#3091=PERSON_AND_ORGANIZATION(#3084,#3081);
#3092=PERSON_AND_ORGANIZATION(#3085,#3082);
#3093=APPLIED_PERSON_AND_ORGANIZATION_ASSIGNMENT(#3086,#3071,(#3102));
#3094=APPLIED_PERSON_AND_ORGANIZATION_ASSIGNMENT(#3087,#3072,(#3070));
#3095=APPLIED_PERSON_AND_ORGANIZATION_ASSIGNMENT(#3087,#3073,(#3070));
#3096=APPLIED_PERSON_AND_ORGANIZATION_ASSIGNMENT(#3090,#3074,(#3034));
#3097=APPLIED_PERSON_AND_ORGANIZATION_ASSIGNMENT(#3091,#3075,(#3028));
#3098=PRODUCT_RELATED_PRODUCT_CATEGORY('detail','detail',(#3102));
#3099=APPLICATION_PROTOCOL_DEFINITION('International Standard',
'config_control_design',1994,#3100);
#3100=APPLICATION_CONTEXT(
'configuration controlled 3d designs of mechanical parts and assemblie
s');
#3101=PRODUCT_CONTEXT('3D Mechanical Parts',#3100,'mechanical');
#3102=PRODUCT('Document','Document','',(#3101));
#3103=(
LENGTH_UNIT()
NAMED_UNIT(*)
SI_UNIT(.MILLI.,.METRE.)
);
#3104=(
NAMED_UNIT(*)
PLANE_ANGLE_UNIT()
SI_UNIT($,.RADIAN.)
);
#3105=DIMENSIONAL_EXPONENTS(0.,0.,0.,0.,0.,0.,0.);
#3106=PLANE_ANGLE_MEASURE_WITH_UNIT(PLANE_ANGLE_MEASURE(0.01745329252),
#3104);
#3107=(
CONVERSION_BASED_UNIT('DEGREES',#3106)
NAMED_UNIT(#3105)
PLANE_ANGLE_UNIT()
);
#3108=(
NAMED_UNIT(*)
SI_UNIT($,.STERADIAN.)
SOLID_ANGLE_UNIT()
);
#3109=UNCERTAINTY_MEASURE_WITH_UNIT(LENGTH_MEASURE(0.01),#3103,
'DISTANCE_ACCURACY_VALUE',
'Maximum model space distance between geometric entities at asserted c
onnectivities');
#3110=(
GEOMETRIC_REPRESENTATION_CONTEXT(3)
GLOBAL_UNCERTAINTY_ASSIGNED_CONTEXT((#3109))
GLOBAL_UNIT_ASSIGNED_CONTEXT((#3108,#3107,#3103))
REPRESENTATION_CONTEXT('ID1','3D')
);
#3111=SHAPE_REPRESENTATION('Document',(#3112,#3113),#3110);
#3112=AXIS2_PLACEMENT_3D('',#3118,#3114,#3115);
#3113=AXIS2_PLACEMENT_3D('',#5894,#3116,#3117);
#3114=DIRECTION('',(0.,0.,1.));
#3115=DIRECTION('',(1.,0.,0.));
#3116=DIRECTION('',(0.,0.,1.));
#3117=DIRECTION('',(1.,0.,0.));
#3118=CARTESIAN_POINT('',(0.,0.,0.));
#3119=CARTESIAN_POINT('',(0.82296332468277,-221.043258959554,105.633305101502));
#3120=CARTESIAN_POINT('',(0.822963324680511,-221.043258959552,115.568586547624));
#3121=CARTESIAN_POINT('',(0.82296332468277,-223.043258959553,105.633305101503));
#3122=CARTESIAN_POINT('',(0.822963324680496,-223.043258959551,115.568586547624));
#3123=CARTESIAN_POINT('',(2.82296332468186,-223.043258959553,105.633305101503));
#3124=CARTESIAN_POINT('',(2.82296332467959,-223.043258959551,115.568586547625));
#3125=CARTESIAN_POINT('',(4.82296332468095,-223.043258959553,105.633305101504));
#3126=CARTESIAN_POINT('',(4.82296332467868,-223.043258959551,115.568586547625));
#3127=CARTESIAN_POINT('',(4.82296332468095,-221.043258959554,105.633305101503));
#3128=CARTESIAN_POINT('',(4.82296332467869,-221.043258959552,115.568586547625));
#3129=CARTESIAN_POINT('',(4.82296332468095,-219.043258959555,105.633305101503));
#3130=CARTESIAN_POINT('',(4.82296332467871,-219.043258959553,115.568586547624));
#3131=CARTESIAN_POINT('',(2.82296332468186,-219.043258959555,105.633305101502));
#3132=CARTESIAN_POINT('',(2.82296332467962,-219.043258959553,115.568586547624));
#3133=CARTESIAN_POINT('',(0.822963324682771,-219.043258959555,105.633305101502));
#3134=CARTESIAN_POINT('',(0.822963324680526,-219.043258959553,115.568586547623));
#3135=CARTESIAN_POINT('',(0.82296332468277,-221.043258959554,105.633305101502));
#3136=CARTESIAN_POINT('',(0.822963324680511,-221.043258959552,115.568586547624));
#3137=CARTESIAN_POINT('',(-35.9933642611485,-221.043258959552,105.633305101504));
#3138=CARTESIAN_POINT('',(-35.9933642611508,-221.043258959554,115.568586547624));
#3139=CARTESIAN_POINT('',(-35.9933642611485,-219.043258959552,105.633305101505));
#3140=CARTESIAN_POINT('',(-35.9933642611508,-219.043258959554,115.568586547625));
#3141=CARTESIAN_POINT('',(-37.9933642611483,-219.043258959552,105.633305101504));
#3142=CARTESIAN_POINT('',(-37.9933642611505,-219.043258959554,115.568586547624));
#3143=CARTESIAN_POINT('',(-39.9933642611481,-219.043258959552,105.633305101504));
#3144=CARTESIAN_POINT('',(-39.9933642611503,-219.043258959554,115.568586547624));
#3145=CARTESIAN_POINT('',(-39.9933642611481,-221.043258959552,105.633305101503));
#3146=CARTESIAN_POINT('',(-39.9933642611503,-221.043258959554,115.568586547624));
#3147=CARTESIAN_POINT('',(-39.9933642611481,-223.043258959552,105.633305101503));
#3148=CARTESIAN_POINT('',(-39.9933642611503,-223.043258959554,115.568586547623));
#3149=CARTESIAN_POINT('',(-37.9933642611483,-223.043258959552,105.633305101503));
#3150=CARTESIAN_POINT('',(-37.9933642611505,-223.043258959554,115.568586547624));
#3151=CARTESIAN_POINT('',(-35.9933642611485,-223.043258959552,105.633305101504));
#3152=CARTESIAN_POINT('',(-35.9933642611507,-223.043258959554,115.568586547624));
#3153=CARTESIAN_POINT('',(-35.9933642611485,-221.043258959552,105.633305101504));
#3154=CARTESIAN_POINT('',(-35.9933642611508,-221.043258959554,115.568586547624));
#3155=CARTESIAN_POINT('',(-35.9852004682294,-197.617498426683,114.640646427113));
#3156=CARTESIAN_POINT('',(-29.9852004682294,-197.617498426683,114.640646427113));
#3157=CARTESIAN_POINT('',(-35.9852004682294,-197.617498426683,118.102930888713));
#3158=CARTESIAN_POINT('',(-29.9852004682294,-197.617498426683,118.102930888713));
#3159=CARTESIAN_POINT('',(-35.9852004682294,-197.617498426683,118.102930888713));
#3160=CARTESIAN_POINT('',(-29.9852004682294,-197.617498426683,118.102930888713));
#3161=CARTESIAN_POINT('',(-35.9852004682294,-209.229760822913,118.102930888713));
#3162=CARTESIAN_POINT('',(-29.9852004682294,-209.229760822913,118.102930888713));
#3163=CARTESIAN_POINT('',(-35.9852004682294,-209.229760822913,118.102930888713));
#3164=CARTESIAN_POINT('',(-29.9852004682294,-209.229760822913,118.102930888713));
#3165=CARTESIAN_POINT('',(-35.9852004682294,-209.229760822913,114.640646427113));
#3166=CARTESIAN_POINT('',(-29.9852004682294,-209.229760822913,114.640646427113));
#3167=CARTESIAN_POINT('',(0.814799531750513,-209.229760822913,114.640646427113));
#3168=CARTESIAN_POINT('',(-5.18520046824949,-209.229760822913,114.640646427113));
#3169=CARTESIAN_POINT('',(0.814799531750513,-209.229760822913,118.102930888713));
#3170=CARTESIAN_POINT('',(-5.18520046824949,-209.229760822913,118.102930888713));
#3171=CARTESIAN_POINT('',(0.814799531750513,-209.229760822913,118.102930888713));
#3172=CARTESIAN_POINT('',(-5.18520046824949,-209.229760822913,118.102930888713));
#3173=CARTESIAN_POINT('',(0.814799531750513,-197.617498426683,118.102930888713));
#3174=CARTESIAN_POINT('',(-5.18520046824949,-197.617498426683,118.102930888713));
#3175=CARTESIAN_POINT('',(0.814799531750513,-197.617498426683,118.102930888713));
#3176=CARTESIAN_POINT('',(-5.18520046824949,-197.617498426683,118.102930888713));
#3177=CARTESIAN_POINT('',(0.814799531750513,-197.617498426683,114.640646427113));
#3178=CARTESIAN_POINT('',(-5.18520046824949,-197.617498426683,114.640646427113));
#3179=CARTESIAN_POINT('',(-17.5852004682393,-152.821399567753,107.628037005611));
#3180=CARTESIAN_POINT('',(-26.7352004682392,-152.821399567753,107.628037005611));
#3181=CARTESIAN_POINT('',(-26.7352004682392,-161.971399567753,107.628037005611));
#3182=CARTESIAN_POINT('',(-26.7352004682392,-171.121399567753,107.628037005611));
#3183=CARTESIAN_POINT('',(-17.5852004682393,-171.121399567753,107.628037005611));
#3184=CARTESIAN_POINT('',(-8.43520046823943,-171.121399567753,107.628037005611));
#3185=CARTESIAN_POINT('',(-8.43520046823943,-161.971399567753,107.628037005611));
#3186=CARTESIAN_POINT('',(-8.43520046823943,-152.821399567753,107.628037005611));
#3187=CARTESIAN_POINT('',(-17.5852004682393,-152.821399567753,107.628037005611));
#3188=CARTESIAN_POINT('',(-17.5852004682393,-152.821399567753,128.478156374522));
#3189=CARTESIAN_POINT('',(-26.7352004682392,-152.821399567753,128.478156374522));
#3190=CARTESIAN_POINT('',(-26.7352004682392,-161.971399567753,128.478156374522));
#3191=CARTESIAN_POINT('',(-26.7352004682392,-171.121399567753,128.478156374522));
#3192=CARTESIAN_POINT('',(-17.5852004682393,-171.121399567753,128.478156374522));
#3193=CARTESIAN_POINT('',(-8.43520046823943,-171.121399567753,128.478156374522));
#3194=CARTESIAN_POINT('',(-8.43520046823943,-161.971399567753,128.478156374522));
#3195=CARTESIAN_POINT('',(-8.43520046823943,-152.821399567753,128.478156374522));
#3196=CARTESIAN_POINT('',(-17.5852004682393,-152.821399567753,128.478156374522));
#3197=CARTESIAN_POINT('',(-31.0131440342628,-158.095308717012,128.7685865476));
#3198=CARTESIAN_POINT('',(-31.0131440358011,-158.095308716254,104.43330510144));
#3199=CARTESIAN_POINT('',(-31.0131440342628,-152.095308716329,128.768586547787));
#3200=CARTESIAN_POINT('',(-31.0131440358011,-152.095308715571,104.433305101627));
#3201=CARTESIAN_POINT('',(-25.0131440335803,-152.095308716329,128.768586547408));
#3202=CARTESIAN_POINT('',(-25.0131440351185,-152.095308715571,104.433305101248));
#3203=CARTESIAN_POINT('',(-19.0131440328977,-152.095308716329,128.768586547028));
#3204=CARTESIAN_POINT('',(-19.013144034436,-152.095308715571,104.433305100868));
#3205=CARTESIAN_POINT('',(-19.0131440328977,-158.095308717012,128.768586546842));
#3206=CARTESIAN_POINT('',(-19.013144034436,-158.095308716254,104.433305100681));
#3207=CARTESIAN_POINT('',(-19.0131440328977,-164.095308717695,128.768586546655));
#3208=CARTESIAN_POINT('',(-19.013144034436,-164.095308716937,104.433305100495));
#3209=CARTESIAN_POINT('',(-25.0131440335803,-164.095308717695,128.768586547034));
#3210=CARTESIAN_POINT('',(-25.0131440351185,-164.095308716937,104.433305100874));
#3211=CARTESIAN_POINT('',(-31.0131440342628,-164.095308717695,128.768586547413));
#3212=CARTESIAN_POINT('',(-31.013144035801,-164.095308716937,104.433305101253));
#3213=CARTESIAN_POINT('',(-31.0131440342628,-158.095308717012,128.7685865476));
#3214=CARTESIAN_POINT('',(-31.0131440358011,-158.095308716254,104.43330510144));
#3215=CARTESIAN_POINT('',(-31.9636505583613,-161.971399567753,128.768586547623));
#3216=CARTESIAN_POINT('',(-31.9636505583613,-161.971399567753,104.433305101504));
#3217=CARTESIAN_POINT('',(-31.9636505583613,-147.592949477631,128.768586547623));
#3218=CARTESIAN_POINT('',(-31.9636505583613,-147.592949477631,104.433305101504));
#3219=CARTESIAN_POINT('',(-17.5852004682393,-147.592949477631,128.768586547623));
#3220=CARTESIAN_POINT('',(-17.5852004682393,-147.592949477631,104.433305101504));
#3221=CARTESIAN_POINT('',(-3.2067503781173,-147.592949477631,128.768586547623));
#3222=CARTESIAN_POINT('',(-3.2067503781173,-147.592949477631,104.433305101504));
#3223=CARTESIAN_POINT('',(-3.2067503781173,-161.971399567753,128.768586547623));
#3224=CARTESIAN_POINT('',(-3.2067503781173,-161.971399567753,104.433305101504));
#3225=CARTESIAN_POINT('',(-3.2067503781173,-176.349849657875,128.768586547623));
#3226=CARTESIAN_POINT('',(-3.2067503781173,-176.349849657875,104.433305101504));
#3227=CARTESIAN_POINT('',(-17.5852004682393,-176.349849657875,128.768586547623));
#3228=CARTESIAN_POINT('',(-17.5852004682393,-176.349849657875,104.433305101504));
#3229=CARTESIAN_POINT('',(-31.9636505583613,-176.349849657875,128.768586547623));
#3230=CARTESIAN_POINT('',(-31.9636505583613,-176.349849657875,104.433305101504));
#3231=CARTESIAN_POINT('',(-31.9636505583613,-161.971399567753,128.768586547623));
#3232=CARTESIAN_POINT('',(-31.9636505583613,-161.971399567753,104.433305101504));
#3233=CARTESIAN_POINT('',(-16.1572569019944,-158.095308716642,128.768586546843));
#3234=CARTESIAN_POINT('',(-16.1572569004562,-158.095308715884,104.433305100681));
#3235=CARTESIAN_POINT('',(-16.1572569019944,-152.095308716796,128.76858654703));
#3236=CARTESIAN_POINT('',(-16.1572569004562,-152.095308716038,104.433305100868));
#3237=CARTESIAN_POINT('',(-10.1572569021485,-152.095308716796,128.768586547409));
#3238=CARTESIAN_POINT('',(-10.1572569006103,-152.095308716038,104.433305101248));
#3239=CARTESIAN_POINT('',(-4.15725690230265,-152.095308716796,128.768586547788));
#3240=CARTESIAN_POINT('',(-4.15725690076443,-152.095308716038,104.433305101627));
#3241=CARTESIAN_POINT('',(-4.15725690230265,-158.095308716642,128.768586547601));
#3242=CARTESIAN_POINT('',(-4.15725690076441,-158.095308715884,104.43330510144));
#3243=CARTESIAN_POINT('',(-4.15725690230265,-164.095308716488,128.768586547414));
#3244=CARTESIAN_POINT('',(-4.1572569007644,-164.09530871573,104.433305101253));
#3245=CARTESIAN_POINT('',(-10.1572569021485,-164.095308716488,128.768586547035));
#3246=CARTESIAN_POINT('',(-10.1572569006103,-164.09530871573,104.433305100874));
#3247=CARTESIAN_POINT('',(-16.1572569019944,-164.095308716488,128.768586546656));
#3248=CARTESIAN_POINT('',(-16.1572569004561,-164.09530871573,104.433305100494));
#3249=CARTESIAN_POINT('',(-16.1572569019944,-158.095308716642,128.768586546843));
#3250=CARTESIAN_POINT('',(-16.1572569004562,-158.095308715884,104.433305100681));
#3251=CARTESIAN_POINT('',(-28.9162828237183,-183.342252724721,105.633305101505));
#3252=CARTESIAN_POINT('',(-29.9852004682389,-183.342252724721,105.633305101504));
#3253=CARTESIAN_POINT('',(-29.9852004682389,-184.411170369242,105.633305101504));
#3254=CARTESIAN_POINT('',(-29.9852004682389,-185.480088013762,105.633305101504));
#3255=CARTESIAN_POINT('',(-28.9162828237183,-185.480088013762,105.633305101504));
#3256=CARTESIAN_POINT('',(-27.8473651791976,-185.480088013762,105.633305101504));
#3257=CARTESIAN_POINT('',(-27.8473651791976,-184.411170369242,105.633305101505));
#3258=CARTESIAN_POINT('',(-27.8473651791976,-183.342252724721,105.633305101505));
#3259=CARTESIAN_POINT('',(-28.9162828237183,-183.342252724721,105.633305101505));
#3260=CARTESIAN_POINT('',(-28.9162828237205,-183.342252724723,115.568586547623));
#3261=CARTESIAN_POINT('',(-29.9852004682412,-183.342252724723,115.568586547623));
#3262=CARTESIAN_POINT('',(-29.9852004682412,-184.411170369244,115.568586547623));
#3263=CARTESIAN_POINT('',(-29.9852004682412,-185.480088013765,115.568586547623));
#3264=CARTESIAN_POINT('',(-28.9162828237206,-185.480088013765,115.568586547623));
#3265=CARTESIAN_POINT('',(-27.8473651791999,-185.480088013765,115.568586547623));
#3266=CARTESIAN_POINT('',(-27.8473651791999,-184.411170369244,115.568586547623));
#3267=CARTESIAN_POINT('',(-27.8473651791999,-183.342252724723,115.568586547624));
#3268=CARTESIAN_POINT('',(-28.9162828237205,-183.342252724723,115.568586547623));
#3269=CARTESIAN_POINT('',(-5.18520046823845,-184.411170369242,105.633305101504));
#3270=CARTESIAN_POINT('',(-5.18520046823845,-183.34225272472,105.633305101504));
#3271=CARTESIAN_POINT('',(-6.25411811276045,-183.34225272472,105.633305101505));
#3272=CARTESIAN_POINT('',(-7.32303575728245,-183.34225272472,105.633305101505));
#3273=CARTESIAN_POINT('',(-7.32303575728245,-184.411170369242,105.633305101505));
#3274=CARTESIAN_POINT('',(-7.32303575728245,-185.480088013764,105.633305101504));
#3275=CARTESIAN_POINT('',(-6.25411811276045,-185.480088013764,105.633305101504));
#3276=CARTESIAN_POINT('',(-5.18520046823845,-185.480088013764,105.633305101504));
#3277=CARTESIAN_POINT('',(-5.18520046823845,-184.411170369242,105.633305101504));
#3278=CARTESIAN_POINT('',(-5.18520046823621,-184.411170369244,115.568586547623));
#3279=CARTESIAN_POINT('',(-5.18520046823622,-183.342252724722,115.568586547623));
#3280=CARTESIAN_POINT('',(-6.25411811275822,-183.342252724722,115.568586547623));
#3281=CARTESIAN_POINT('',(-7.32303575728023,-183.342252724722,115.568586547624));
#3282=CARTESIAN_POINT('',(-7.32303575728021,-184.411170369244,115.568586547623));
#3283=CARTESIAN_POINT('',(-7.3230357572802,-185.480088013766,115.568586547623));
#3284=CARTESIAN_POINT('',(-6.2541181127582,-185.480088013766,115.568586547623));
#3285=CARTESIAN_POINT('',(-5.18520046823619,-185.480088013766,115.568586547623));
#3286=CARTESIAN_POINT('',(-5.18520046823621,-184.411170369244,115.568586547623));
#3287=CARTESIAN_POINT('',(-17.5852004879595,-218.993153562764,139.664018769083));
#3288=CARTESIAN_POINT('',(-33.2771237635204,-218.993153562764,139.664018769083));
#3289=CARTESIAN_POINT('',(-33.2771237635204,-218.993153562764,123.972095493522));
#3290=CARTESIAN_POINT('',(-33.2771237635204,-218.993153562764,108.280172217961));
#3291=CARTESIAN_POINT('',(-17.5852004879595,-218.993153562764,108.280172217961));
#3292=CARTESIAN_POINT('',(-1.89327721239861,-218.993153562764,108.280172217961));
#3293=CARTESIAN_POINT('',(-1.8932772123986,-218.993153562764,123.972095493522));
#3294=CARTESIAN_POINT('',(-1.8932772123986,-218.993153562764,139.664018769083));
#3295=CARTESIAN_POINT('',(-17.5852004879595,-218.993153562764,139.664018769083));
#3296=CARTESIAN_POINT('',(-17.5852004879595,-223.520541268353,139.664018769083));
#3297=CARTESIAN_POINT('',(-33.2771237635204,-223.520541268353,139.664018769083));
#3298=CARTESIAN_POINT('',(-33.2771237635204,-223.520541268353,123.972095493522));
#3299=CARTESIAN_POINT('',(-33.2771237635204,-223.520541268353,108.280172217961));
#3300=CARTESIAN_POINT('',(-17.5852004879595,-223.520541268353,108.280172217961));
#3301=CARTESIAN_POINT('',(-1.89327721239861,-223.520541268353,108.280172217961));
#3302=CARTESIAN_POINT('',(-1.8932772123986,-223.520541268353,123.972095493522));
#3303=CARTESIAN_POINT('',(-1.8932772123986,-223.520541268353,139.664018769083));
#3304=CARTESIAN_POINT('',(-17.5852004879595,-223.520541268353,139.664018769083));
#3305=CARTESIAN_POINT('',(-17.5852004879595,-215.990408281754,136.311706350591));
#3306=CARTESIAN_POINT('',(-29.9248113450281,-215.990408281754,136.311706350591));
#3307=CARTESIAN_POINT('',(-29.9248113450281,-215.990408281754,123.972095493522));
#3308=CARTESIAN_POINT('',(-29.9248113450281,-215.990408281754,111.632484636453));
#3309=CARTESIAN_POINT('',(-17.5852004879595,-215.990408281754,111.632484636453));
#3310=CARTESIAN_POINT('',(-5.2455896308909,-215.990408281754,111.632484636453));
#3311=CARTESIAN_POINT('',(-5.24558963089089,-215.990408281754,123.972095493522));
#3312=CARTESIAN_POINT('',(-5.24558963089089,-215.990408281754,136.311706350591));
#3313=CARTESIAN_POINT('',(-17.5852004879595,-215.990408281754,136.311706350591));
#3314=CARTESIAN_POINT('',(-17.5852004879595,-219.895892925183,136.311706350591));
#3315=CARTESIAN_POINT('',(-29.9248113450281,-219.895892925183,136.311706350591));
#3316=CARTESIAN_POINT('',(-29.9248113450281,-219.895892925183,123.972095493522));
#3317=CARTESIAN_POINT('',(-29.9248113450281,-219.895892925183,111.632484636453));
#3318=CARTESIAN_POINT('',(-17.5852004879595,-219.895892925183,111.632484636453));
#3319=CARTESIAN_POINT('',(-5.2455896308909,-219.895892925183,111.632484636453));
#3320=CARTESIAN_POINT('',(-5.24558963089089,-219.895892925183,123.972095493522));
#3321=CARTESIAN_POINT('',(-5.24558963089089,-219.895892925183,136.311706350591));
#3322=CARTESIAN_POINT('',(-17.5852004879595,-219.895892925183,136.311706350591));
#3323=CARTESIAN_POINT('',(-17.5852004879595,-218.993153562764,139.664018769083));
#3324=CARTESIAN_POINT('',(-33.2771237635204,-218.993153562764,139.664018769083));
#3325=CARTESIAN_POINT('',(-33.2771237635204,-218.993153562764,123.972095493522));
#3326=CARTESIAN_POINT('',(-33.2771237635204,-218.993153562764,108.280172217961));
#3327=CARTESIAN_POINT('',(-17.5852004879595,-218.993153562764,108.280172217961));
#3328=CARTESIAN_POINT('',(-1.89327721239861,-218.993153562764,108.280172217961));
#3329=CARTESIAN_POINT('',(-1.8932772123986,-218.993153562764,123.972095493522));
#3330=CARTESIAN_POINT('',(-1.8932772123986,-218.993153562764,139.664018769083));
#3331=CARTESIAN_POINT('',(-17.5852004879595,-218.993153562764,139.664018769083));
#3332=CARTESIAN_POINT('',(-17.5852004879595,-223.520541268352,139.664018769083));
#3333=CARTESIAN_POINT('',(-33.2771237635204,-223.520541268352,139.664018769083));
#3334=CARTESIAN_POINT('',(-33.2771237635204,-223.520541268352,123.972095493522));
#3335=CARTESIAN_POINT('',(-33.2771237635204,-223.520541268352,108.280172217961));
#3336=CARTESIAN_POINT('',(-17.5852004879595,-223.520541268352,108.280172217961));
#3337=CARTESIAN_POINT('',(-1.89327721239861,-223.520541268352,108.280172217961));
#3338=CARTESIAN_POINT('',(-1.8932772123986,-223.520541268352,123.972095493522));
#3339=CARTESIAN_POINT('',(-1.8932772123986,-223.520541268352,139.664018769083));
#3340=CARTESIAN_POINT('',(-17.5852004879595,-223.520541268352,139.664018769083));
#3341=CARTESIAN_POINT('',(-17.5852004879595,-215.990408281754,136.311706350591));
#3342=CARTESIAN_POINT('',(-29.9248113450281,-215.990408281754,136.311706350591));
#3343=CARTESIAN_POINT('',(-29.9248113450281,-215.990408281754,123.972095493522));
#3344=CARTESIAN_POINT('',(-29.9248113450281,-215.990408281754,111.632484636453));
#3345=CARTESIAN_POINT('',(-17.5852004879595,-215.990408281754,111.632484636453));
#3346=CARTESIAN_POINT('',(-5.2455896308909,-215.990408281754,111.632484636453));
#3347=CARTESIAN_POINT('',(-5.24558963089089,-215.990408281754,123.972095493522));
#3348=CARTESIAN_POINT('',(-5.24558963089089,-215.990408281754,136.311706350591));
#3349=CARTESIAN_POINT('',(-17.5852004879595,-215.990408281754,136.311706350591));
#3350=CARTESIAN_POINT('',(-17.5852004879595,-219.895892925183,136.311706350591));
#3351=CARTESIAN_POINT('',(-29.9248113450281,-219.895892925183,136.311706350591));
#3352=CARTESIAN_POINT('',(-29.9248113450281,-219.895892925183,123.972095493522));
#3353=CARTESIAN_POINT('',(-29.9248113450281,-219.895892925183,111.632484636453));
#3354=CARTESIAN_POINT('',(-17.5852004879595,-219.895892925183,111.632484636453));
#3355=CARTESIAN_POINT('',(-5.2455896308909,-219.895892925183,111.632484636453));
#3356=CARTESIAN_POINT('',(-5.24558963089089,-219.895892925183,123.972095493522));
#3357=CARTESIAN_POINT('',(-5.24558963089089,-219.895892925183,136.311706350591));
#3358=CARTESIAN_POINT('',(-17.5852004879595,-219.895892925183,136.311706350591));
#3359=CARTESIAN_POINT('',(-17.5852004682393,-171.121399567753,107.628037005611));
#3360=CARTESIAN_POINT('',(-8.43520046823897,-171.121399567753,107.628037005611));
#3361=CARTESIAN_POINT('',(-8.43520046823897,-161.971399567753,107.628037005611));
#3362=CARTESIAN_POINT('',(-8.43520046823897,-152.821399567753,107.628037005611));
#3363=CARTESIAN_POINT('',(-17.5852004682393,-152.821399567753,107.628037005611));
#3364=CARTESIAN_POINT('',(-26.7352004682396,-152.821399567753,107.628037005611));
#3365=CARTESIAN_POINT('',(-26.7352004682396,-161.971399567753,107.628037005611));
#3366=CARTESIAN_POINT('',(-26.7352004682396,-171.121399567753,107.628037005611));
#3367=CARTESIAN_POINT('',(-17.5852004682393,-171.121399567753,107.628037005611));
#3368=CARTESIAN_POINT('',(-17.5852004682393,-171.121399567753,128.478156374522));
#3369=CARTESIAN_POINT('',(-8.43520046823897,-171.121399567753,128.478156374522));
#3370=CARTESIAN_POINT('',(-8.43520046823897,-161.971399567753,128.478156374522));
#3371=CARTESIAN_POINT('',(-8.43520046823897,-152.821399567753,128.478156374522));
#3372=CARTESIAN_POINT('',(-17.5852004682393,-152.821399567753,128.478156374522));
#3373=CARTESIAN_POINT('',(-26.7352004682396,-152.821399567753,128.478156374522));
#3374=CARTESIAN_POINT('',(-26.7352004682396,-161.971399567753,128.478156374522));
#3375=CARTESIAN_POINT('',(-26.7352004682396,-171.121399567753,128.478156374522));
#3376=CARTESIAN_POINT('',(-17.5852004682393,-171.121399567753,128.478156374522));
#3377=CARTESIAN_POINT('',(-33.0202198568997,-192.143718521973,115.268875938193));
#3378=CARTESIAN_POINT('',(-33.0202198568997,-193.843718521973,115.268875938193));
#3379=CARTESIAN_POINT('',(-34.7202198568995,-193.843718521973,115.268875938193));
#3380=CARTESIAN_POINT('',(-36.4202198568993,-193.843718521973,115.268875938193));
#3381=CARTESIAN_POINT('',(-36.4202198568993,-192.143718521973,115.268875938193));
#3382=CARTESIAN_POINT('',(-36.4202198568993,-190.443718521973,115.268875938193));
#3383=CARTESIAN_POINT('',(-34.7202198568995,-190.443718521973,115.268875938193));
#3384=CARTESIAN_POINT('',(-33.0202198568997,-190.443718521973,115.268875938193));
#3385=CARTESIAN_POINT('',(-33.0202198568997,-192.143718521973,115.268875938193));
#3386=CARTESIAN_POINT('',(-33.0202198568997,-192.143718521973,108.936343388621));
#3387=CARTESIAN_POINT('',(-33.0202198568997,-193.843718521973,108.936343388621));
#3388=CARTESIAN_POINT('',(-34.7202198568995,-193.843718521973,108.936343388621));
#3389=CARTESIAN_POINT('',(-36.4202198568993,-193.843718521973,108.936343388621));
#3390=CARTESIAN_POINT('',(-36.4202198568993,-192.143718521973,108.936343388621));
#3391=CARTESIAN_POINT('',(-36.4202198568993,-190.443718521973,108.936343388621));
#3392=CARTESIAN_POINT('',(-34.7202198568995,-190.443718521973,108.936343388621));
#3393=CARTESIAN_POINT('',(-33.0202198568997,-190.443718521973,108.936343388621));
#3394=CARTESIAN_POINT('',(-33.0202198568997,-192.143718521973,108.936343388621));
#3395=CARTESIAN_POINT('',(1.24981892043082,-192.143718521973,115.26887590736));
#3396=CARTESIAN_POINT('',(1.24981892043082,-193.843718521973,115.26887590736));
#3397=CARTESIAN_POINT('',(-0.45018107956947,-193.843718521973,115.26887590736));
#3398=CARTESIAN_POINT('',(-2.15018107956976,-193.843718521973,115.26887590736));
#3399=CARTESIAN_POINT('',(-2.15018107956976,-192.143718521973,115.26887590736));
#3400=CARTESIAN_POINT('',(-2.15018107956976,-190.443718521973,115.26887590736));
#3401=CARTESIAN_POINT('',(-0.45018107956947,-190.443718521973,115.26887590736));
#3402=CARTESIAN_POINT('',(1.24981892043082,-190.443718521973,115.26887590736));
#3403=CARTESIAN_POINT('',(1.24981892043082,-192.143718521973,115.26887590736));
#3404=CARTESIAN_POINT('',(1.24981892043082,-192.143718521973,108.936343727774));
#3405=CARTESIAN_POINT('',(1.24981892043082,-193.843718521973,108.936343727774));
#3406=CARTESIAN_POINT('',(-0.45018107956947,-193.843718521973,108.936343727774));
#3407=CARTESIAN_POINT('',(-2.15018107956976,-193.843718521973,108.936343727774));
#3408=CARTESIAN_POINT('',(-2.15018107956976,-192.143718521973,108.936343727774));
#3409=CARTESIAN_POINT('',(-2.15018107956976,-190.443718521973,108.936343727774));
#3410=CARTESIAN_POINT('',(-0.45018107956947,-190.443718521973,108.936343727774));
#3411=CARTESIAN_POINT('',(1.24981892043082,-190.443718521973,108.936343727774));
#3412=CARTESIAN_POINT('',(1.24981892043082,-192.143718521973,108.936343727774));
#3413=CARTESIAN_POINT('',(1.24981866009114,-216.415864926563,115.268995095089));
#3414=CARTESIAN_POINT('',(1.24981866009114,-218.115864926563,115.268995095089));
#3415=CARTESIAN_POINT('',(-0.45018133990935,-218.115864926563,115.268995095089));
#3416=CARTESIAN_POINT('',(-2.15018133990984,-218.115864926563,115.268995095089));
#3417=CARTESIAN_POINT('',(-2.15018133990984,-216.415864926563,115.268995095089));
#3418=CARTESIAN_POINT('',(-2.15018133990984,-214.715864926562,115.268995095089));
#3419=CARTESIAN_POINT('',(-0.45018133990935,-214.715864926562,115.268995095089));
#3420=CARTESIAN_POINT('',(1.24981866009114,-214.715864926562,115.268995095089));
#3421=CARTESIAN_POINT('',(1.24981866009114,-216.415864926563,115.268995095089));
#3422=CARTESIAN_POINT('',(1.24981866009114,-216.415864926563,108.935032662757));
#3423=CARTESIAN_POINT('',(1.24981866009114,-218.115864926563,108.935032662757));
#3424=CARTESIAN_POINT('',(-0.45018133990935,-218.115864926563,108.935032662757));
#3425=CARTESIAN_POINT('',(-2.15018133990984,-218.115864926563,108.935032662757));
#3426=CARTESIAN_POINT('',(-2.15018133990984,-216.415864926563,108.935032662757));
#3427=CARTESIAN_POINT('',(-2.15018133990984,-214.715864926562,108.935032662757));
#3428=CARTESIAN_POINT('',(-0.45018133990935,-214.715864926562,108.935032662757));
#3429=CARTESIAN_POINT('',(1.24981866009114,-214.715864926562,108.935032662757));
#3430=CARTESIAN_POINT('',(1.24981866009114,-216.415864926563,108.935032662757));
#3431=CARTESIAN_POINT('',(-33.0202201172391,-216.415864926563,115.268995125921));
#3432=CARTESIAN_POINT('',(-33.0202201172391,-218.115864926563,115.268995125921));
#3433=CARTESIAN_POINT('',(-34.7202201172394,-218.115864926563,115.268995125921));
#3434=CARTESIAN_POINT('',(-36.4202201172397,-218.115864926563,115.268995125921));
#3435=CARTESIAN_POINT('',(-36.4202201172397,-216.415864926563,115.268995125921));
#3436=CARTESIAN_POINT('',(-36.4202201172397,-214.715864926563,115.268995125921));
#3437=CARTESIAN_POINT('',(-34.7202201172394,-214.715864926563,115.268995125921));
#3438=CARTESIAN_POINT('',(-33.0202201172391,-214.715864926563,115.268995125921));
#3439=CARTESIAN_POINT('',(-33.0202201172391,-216.415864926563,115.268995125921));
#3440=CARTESIAN_POINT('',(-33.0202201172391,-216.415864926563,108.935032323604));
#3441=CARTESIAN_POINT('',(-33.0202201172391,-218.115864926563,108.935032323604));
#3442=CARTESIAN_POINT('',(-34.7202201172394,-218.115864926563,108.935032323604));
#3443=CARTESIAN_POINT('',(-36.4202201172397,-218.115864926563,108.935032323604));
#3444=CARTESIAN_POINT('',(-36.4202201172397,-216.415864926563,108.935032323604));
#3445=CARTESIAN_POINT('',(-36.4202201172397,-214.715864926563,108.935032323604));
#3446=CARTESIAN_POINT('',(-34.7202201172394,-214.715864926563,108.935032323604));
#3447=CARTESIAN_POINT('',(-33.0202201172391,-214.715864926563,108.935032323604));
#3448=CARTESIAN_POINT('',(-33.0202201172391,-216.415864926563,108.935032323604));
#3449=CARTESIAN_POINT('',(-36.4202198568993,-192.143718521973,115.268875934624));
#3450=CARTESIAN_POINT('',(-36.4202198568993,-190.443718521973,115.268875934624));
#3451=CARTESIAN_POINT('',(-34.7202198568995,-190.443718521973,115.268875934624));
#3452=CARTESIAN_POINT('',(-33.0202198568997,-190.443718521973,115.268875934624));
#3453=CARTESIAN_POINT('',(-33.0202198568997,-192.143718521973,115.268875934624));
#3454=CARTESIAN_POINT('',(-33.0202198568997,-193.843718521973,115.268875934624));
#3455=CARTESIAN_POINT('',(-34.7202198568995,-193.843718521973,115.268875934624));
#3456=CARTESIAN_POINT('',(-36.4202198568993,-193.843718521973,115.268875934624));
#3457=CARTESIAN_POINT('',(-36.4202198568993,-192.143718521973,115.268875934624));
#3458=CARTESIAN_POINT('',(-36.4202198568993,-192.143718521973,108.936343427877));
#3459=CARTESIAN_POINT('',(-36.4202198568993,-190.443718521973,108.936343427877));
#3460=CARTESIAN_POINT('',(-34.7202198568995,-190.443718521973,108.936343427877));
#3461=CARTESIAN_POINT('',(-33.0202198568997,-190.443718521973,108.936343427877));
#3462=CARTESIAN_POINT('',(-33.0202198568997,-192.143718521973,108.936343427877));
#3463=CARTESIAN_POINT('',(-33.0202198568997,-193.843718521973,108.936343427877));
#3464=CARTESIAN_POINT('',(-34.7202198568995,-193.843718521973,108.936343427877));
#3465=CARTESIAN_POINT('',(-36.4202198568993,-193.843718521973,108.936343427877));
#3466=CARTESIAN_POINT('',(-36.4202198568993,-192.143718521973,108.936343427877));
#3467=CARTESIAN_POINT('',(-2.15018107956973,-192.143718521973,115.268875903792));
#3468=CARTESIAN_POINT('',(-2.15018107956973,-190.443718521973,115.268875903792));
#3469=CARTESIAN_POINT('',(-0.45018107956947,-190.443718521973,115.268875903792));
#3470=CARTESIAN_POINT('',(1.24981892043079,-190.443718521973,115.268875903792));
#3471=CARTESIAN_POINT('',(1.24981892043079,-192.143718521973,115.268875903792));
#3472=CARTESIAN_POINT('',(1.24981892043079,-193.843718521973,115.268875903792));
#3473=CARTESIAN_POINT('',(-0.45018107956947,-193.843718521973,115.268875903792));
#3474=CARTESIAN_POINT('',(-2.15018107956973,-193.843718521973,115.268875903792));
#3475=CARTESIAN_POINT('',(-2.15018107956973,-192.143718521973,115.268875903792));
#3476=CARTESIAN_POINT('',(-2.15018107956973,-192.143718521973,108.936343767031));
#3477=CARTESIAN_POINT('',(-2.15018107956973,-190.443718521973,108.936343767031));
#3478=CARTESIAN_POINT('',(-0.45018107956947,-190.443718521973,108.936343767031));
#3479=CARTESIAN_POINT('',(1.24981892043079,-190.443718521973,108.936343767031));
#3480=CARTESIAN_POINT('',(1.24981892043079,-192.143718521973,108.936343767031));
#3481=CARTESIAN_POINT('',(1.24981892043079,-193.843718521973,108.936343767031));
#3482=CARTESIAN_POINT('',(-0.45018107956947,-193.843718521973,108.936343767031));
#3483=CARTESIAN_POINT('',(-2.15018107956973,-193.843718521973,108.936343767031));
#3484=CARTESIAN_POINT('',(-2.15018107956973,-192.143718521973,108.936343767031));
#3485=CARTESIAN_POINT('',(-2.15018133990941,-216.415864926563,115.268995091521));
#3486=CARTESIAN_POINT('',(-2.15018133990941,-214.715864926563,115.268995091521));
#3487=CARTESIAN_POINT('',(-0.45018133990937,-214.715864926563,115.268995091521));
#3488=CARTESIAN_POINT('',(1.24981866009067,-214.715864926563,115.268995091521));
#3489=CARTESIAN_POINT('',(1.24981866009067,-216.415864926563,115.268995091521));
#3490=CARTESIAN_POINT('',(1.24981866009067,-218.115864926563,115.268995091521));
#3491=CARTESIAN_POINT('',(-0.45018133990937,-218.115864926563,115.268995091521));
#3492=CARTESIAN_POINT('',(-2.15018133990941,-218.115864926563,115.268995091521));
#3493=CARTESIAN_POINT('',(-2.15018133990941,-216.415864926563,115.268995091521));
#3494=CARTESIAN_POINT('',(-2.15018133990941,-216.415864926563,108.935032702013));
#3495=CARTESIAN_POINT('',(-2.15018133990941,-214.715864926563,108.935032702013));
#3496=CARTESIAN_POINT('',(-0.45018133990937,-214.715864926563,108.935032702013));
#3497=CARTESIAN_POINT('',(1.24981866009067,-214.715864926563,108.935032702013));
#3498=CARTESIAN_POINT('',(1.24981866009067,-216.415864926563,108.935032702013));
#3499=CARTESIAN_POINT('',(1.24981866009067,-218.115864926563,108.935032702013));
#3500=CARTESIAN_POINT('',(-0.45018133990937,-218.115864926563,108.935032702013));
#3501=CARTESIAN_POINT('',(-2.15018133990941,-218.115864926563,108.935032702013));
#3502=CARTESIAN_POINT('',(-2.15018133990941,-216.415864926563,108.935032702013));
#3503=CARTESIAN_POINT('',(-36.420220117239,-216.415864926563,115.268995122353));
#3504=CARTESIAN_POINT('',(-36.420220117239,-214.715864926563,115.268995122353));
#3505=CARTESIAN_POINT('',(-34.7202201172394,-214.715864926563,115.268995122353));
#3506=CARTESIAN_POINT('',(-33.0202201172398,-214.715864926563,115.268995122353));
#3507=CARTESIAN_POINT('',(-33.0202201172398,-216.415864926563,115.268995122353));
#3508=CARTESIAN_POINT('',(-33.0202201172398,-218.115864926563,115.268995122353));
#3509=CARTESIAN_POINT('',(-34.7202201172394,-218.115864926563,115.268995122353));
#3510=CARTESIAN_POINT('',(-36.420220117239,-218.115864926563,115.268995122353));
#3511=CARTESIAN_POINT('',(-36.420220117239,-216.415864926563,115.268995122353));
#3512=CARTESIAN_POINT('',(-36.420220117239,-216.415864926563,108.935032362859));
#3513=CARTESIAN_POINT('',(-36.420220117239,-214.715864926563,108.935032362859));
#3514=CARTESIAN_POINT('',(-34.7202201172394,-214.715864926563,108.935032362859));
#3515=CARTESIAN_POINT('',(-33.0202201172398,-214.715864926563,108.935032362859));
#3516=CARTESIAN_POINT('',(-33.0202201172398,-216.415864926563,108.935032362859));
#3517=CARTESIAN_POINT('',(-33.0202201172398,-218.115864926563,108.935032362859));
#3518=CARTESIAN_POINT('',(-34.7202201172394,-218.115864926563,108.935032362859));
#3519=CARTESIAN_POINT('',(-36.420220117239,-218.115864926563,108.935032362859));
#3520=CARTESIAN_POINT('',(-36.420220117239,-216.415864926563,108.935032362859));
#3521=CARTESIAN_POINT('',(-31.6413162035859,-192.143718521973,109.981245092803));
#3522=CARTESIAN_POINT('',(-31.6413162035859,-195.222622175287,109.981245092803));
#3523=CARTESIAN_POINT('',(-34.7202198568995,-195.222622175287,109.981245092803));
#3524=CARTESIAN_POINT('',(-37.7991235102131,-195.222622175287,109.981245092803));
#3525=CARTESIAN_POINT('',(-37.7991235102131,-192.143718521973,109.981245092803));
#3526=CARTESIAN_POINT('',(-37.7991235102131,-189.064814868659,109.981245092803));
#3527=CARTESIAN_POINT('',(-34.7202198568995,-189.064814868659,109.981245092803));
#3528=CARTESIAN_POINT('',(-31.6413162035859,-189.064814868659,109.981245092803));
#3529=CARTESIAN_POINT('',(-31.6413162035859,-192.143718521973,109.981245092803));
#3530=CARTESIAN_POINT('',(-31.6413162035859,-192.143718521973,106.14124523376));
#3531=CARTESIAN_POINT('',(-31.6413162035859,-195.222622175287,106.14124523376));
#3532=CARTESIAN_POINT('',(-34.7202198568995,-195.222622175287,106.14124523376));
#3533=CARTESIAN_POINT('',(-37.7991235102131,-195.222622175287,106.14124523376));
#3534=CARTESIAN_POINT('',(-37.7991235102131,-192.143718521973,106.14124523376));
#3535=CARTESIAN_POINT('',(-37.7991235102131,-189.064814868659,106.14124523376));
#3536=CARTESIAN_POINT('',(-34.7202198568995,-189.064814868659,106.14124523376));
#3537=CARTESIAN_POINT('',(-31.6413162035859,-189.064814868659,106.14124523376));
#3538=CARTESIAN_POINT('',(-31.6413162035859,-192.143718521973,106.14124523376));
#3539=CARTESIAN_POINT('',(2.62872257374432,-192.143718521973,109.981245092802));
#3540=CARTESIAN_POINT('',(2.62872257374432,-195.222622175287,109.981245092802));
#3541=CARTESIAN_POINT('',(-0.45018107956945,-195.222622175287,109.981245092802));
#3542=CARTESIAN_POINT('',(-3.52908473288322,-195.222622175287,109.981245092802));
#3543=CARTESIAN_POINT('',(-3.52908473288322,-192.143718521973,109.981245092802));
#3544=CARTESIAN_POINT('',(-3.52908473288322,-189.064814868659,109.981245092802));
#3545=CARTESIAN_POINT('',(-0.450181079569451,-189.064814868659,109.981245092802));
#3546=CARTESIAN_POINT('',(2.62872257374432,-189.064814868659,109.981245092802));
#3547=CARTESIAN_POINT('',(2.62872257374432,-192.143718521973,109.981245092802));
#3548=CARTESIAN_POINT('',(2.62872257374432,-192.143718521973,106.14124523376));
#3549=CARTESIAN_POINT('',(2.62872257374432,-195.222622175287,106.14124523376));
#3550=CARTESIAN_POINT('',(-0.45018107956945,-195.222622175287,106.14124523376));
#3551=CARTESIAN_POINT('',(-3.52908473288322,-195.222622175287,106.14124523376));
#3552=CARTESIAN_POINT('',(-3.52908473288322,-192.143718521973,106.14124523376));
#3553=CARTESIAN_POINT('',(-3.52908473288322,-189.064814868659,106.14124523376));
#3554=CARTESIAN_POINT('',(-0.450181079569451,-189.064814868659,106.14124523376));
#3555=CARTESIAN_POINT('',(2.62872257374432,-189.064814868659,106.14124523376));
#3556=CARTESIAN_POINT('',(2.62872257374432,-192.143718521973,106.14124523376));
#3557=CARTESIAN_POINT('',(-31.6413164639258,-216.415864926563,109.981245092802));
#3558=CARTESIAN_POINT('',(-31.6413164639258,-219.494768579877,109.981245092802));
#3559=CARTESIAN_POINT('',(-34.7202201172394,-219.494768579877,109.981245092802));
#3560=CARTESIAN_POINT('',(-37.799123770553,-219.494768579877,109.981245092802));
#3561=CARTESIAN_POINT('',(-37.799123770553,-216.415864926563,109.981245092802));
#3562=CARTESIAN_POINT('',(-37.799123770553,-213.336961273249,109.981245092802));
#3563=CARTESIAN_POINT('',(-34.7202201172394,-213.336961273249,109.981245092802));
#3564=CARTESIAN_POINT('',(-31.6413164639258,-213.336961273249,109.981245092802));
#3565=CARTESIAN_POINT('',(-31.6413164639258,-216.415864926563,109.981245092802));
#3566=CARTESIAN_POINT('',(-31.6413164639258,-216.415864926563,106.14124523376));
#3567=CARTESIAN_POINT('',(-31.6413164639258,-219.494768579877,106.14124523376));
#3568=CARTESIAN_POINT('',(-34.7202201172394,-219.494768579877,106.14124523376));
#3569=CARTESIAN_POINT('',(-37.799123770553,-219.494768579877,106.14124523376));
#3570=CARTESIAN_POINT('',(-37.799123770553,-216.415864926563,106.14124523376));
#3571=CARTESIAN_POINT('',(-37.799123770553,-213.336961273249,106.14124523376));
#3572=CARTESIAN_POINT('',(-34.7202201172394,-213.336961273249,106.14124523376));
#3573=CARTESIAN_POINT('',(-31.6413164639258,-213.336961273249,106.14124523376));
#3574=CARTESIAN_POINT('',(-31.6413164639258,-216.415864926563,106.14124523376));
#3575=CARTESIAN_POINT('',(2.62872231340441,-216.415864926563,109.981245092801));
#3576=CARTESIAN_POINT('',(2.62872231340441,-219.494768579877,109.981245092801));
#3577=CARTESIAN_POINT('',(-0.45018133990935,-219.494768579877,109.981245092801));
#3578=CARTESIAN_POINT('',(-3.52908499322311,-219.494768579877,109.981245092801));
#3579=CARTESIAN_POINT('',(-3.52908499322311,-216.415864926563,109.981245092801));
#3580=CARTESIAN_POINT('',(-3.52908499322311,-213.336961273249,109.981245092801));
#3581=CARTESIAN_POINT('',(-0.450181339909351,-213.336961273249,109.981245092801));
#3582=CARTESIAN_POINT('',(2.62872231340441,-213.336961273249,109.981245092801));
#3583=CARTESIAN_POINT('',(2.62872231340441,-216.415864926563,109.981245092801));
#3584=CARTESIAN_POINT('',(2.62872231340441,-216.415864926563,106.141245233761));
#3585=CARTESIAN_POINT('',(2.62872231340441,-219.494768579877,106.141245233761));
#3586=CARTESIAN_POINT('',(-0.45018133990935,-219.494768579877,106.141245233761));
#3587=CARTESIAN_POINT('',(-3.52908499322311,-219.494768579877,106.141245233761));
#3588=CARTESIAN_POINT('',(-3.52908499322311,-216.415864926563,106.141245233761));
#3589=CARTESIAN_POINT('',(-3.52908499322311,-213.336961273249,106.141245233761));
#3590=CARTESIAN_POINT('',(-0.450181339909351,-213.336961273249,106.141245233761));
#3591=CARTESIAN_POINT('',(2.62872231340441,-213.336961273249,106.141245233761));
#3592=CARTESIAN_POINT('',(2.62872231340441,-216.415864926563,106.141245233761));
#3593=CARTESIAN_POINT('',(-37.7991235102135,-192.143718521973,109.981245092801));
#3594=CARTESIAN_POINT('',(-37.7991235102135,-189.064814868659,109.981245092801));
#3595=CARTESIAN_POINT('',(-34.7202198568995,-189.064814868659,109.981245092801));
#3596=CARTESIAN_POINT('',(-31.6413162035855,-189.064814868659,109.981245092801));
#3597=CARTESIAN_POINT('',(-31.6413162035855,-192.143718521973,109.981245092801));
#3598=CARTESIAN_POINT('',(-31.6413162035855,-195.222622175287,109.981245092801));
#3599=CARTESIAN_POINT('',(-34.7202198568995,-195.222622175287,109.981245092801));
#3600=CARTESIAN_POINT('',(-37.7991235102135,-195.222622175287,109.981245092801));
#3601=CARTESIAN_POINT('',(-37.7991235102135,-192.143718521973,109.981245092801));
#3602=CARTESIAN_POINT('',(-37.7991235102135,-192.143718521973,106.141245233761));
#3603=CARTESIAN_POINT('',(-37.7991235102135,-189.064814868659,106.141245233761));
#3604=CARTESIAN_POINT('',(-34.7202198568995,-189.064814868659,106.141245233761));
#3605=CARTESIAN_POINT('',(-31.6413162035855,-189.064814868659,106.141245233761));
#3606=CARTESIAN_POINT('',(-31.6413162035855,-192.143718521973,106.141245233761));
#3607=CARTESIAN_POINT('',(-31.6413162035855,-195.222622175287,106.141245233761));
#3608=CARTESIAN_POINT('',(-34.7202198568995,-195.222622175287,106.141245233761));
#3609=CARTESIAN_POINT('',(-37.7991235102135,-195.222622175287,106.141245233761));
#3610=CARTESIAN_POINT('',(-37.7991235102135,-192.143718521973,106.141245233761));
#3611=CARTESIAN_POINT('',(-3.52908473288346,-192.143718521973,109.981245092803));
#3612=CARTESIAN_POINT('',(-3.52908473288346,-189.064814868659,109.981245092803));
#3613=CARTESIAN_POINT('',(-0.45018107956945,-189.064814868659,109.981245092803));
#3614=CARTESIAN_POINT('',(2.62872257374456,-189.064814868659,109.981245092803));
#3615=CARTESIAN_POINT('',(2.62872257374456,-192.143718521973,109.981245092803));
#3616=CARTESIAN_POINT('',(2.62872257374456,-195.222622175287,109.981245092803));
#3617=CARTESIAN_POINT('',(-0.450181079569449,-195.222622175287,109.981245092803));
#3618=CARTESIAN_POINT('',(-3.52908473288346,-195.222622175287,109.981245092803));
#3619=CARTESIAN_POINT('',(-3.52908473288346,-192.143718521973,109.981245092803));
#3620=CARTESIAN_POINT('',(-3.52908473288346,-192.143718521973,106.14124523376));
#3621=CARTESIAN_POINT('',(-3.52908473288346,-189.064814868659,106.14124523376));
#3622=CARTESIAN_POINT('',(-0.45018107956945,-189.064814868659,106.14124523376));
#3623=CARTESIAN_POINT('',(2.62872257374456,-189.064814868659,106.14124523376));
#3624=CARTESIAN_POINT('',(2.62872257374456,-192.143718521973,106.14124523376));
#3625=CARTESIAN_POINT('',(2.62872257374456,-195.222622175287,106.14124523376));
#3626=CARTESIAN_POINT('',(-0.450181079569449,-195.222622175287,106.14124523376));
#3627=CARTESIAN_POINT('',(-3.52908473288346,-195.222622175287,106.14124523376));
#3628=CARTESIAN_POINT('',(-3.52908473288346,-192.143718521973,106.14124523376));
#3629=CARTESIAN_POINT('',(-37.7991237705532,-216.415864926563,109.981245092801));
#3630=CARTESIAN_POINT('',(-37.7991237705532,-213.336961273249,109.981245092801));
#3631=CARTESIAN_POINT('',(-34.7202201172394,-213.336961273249,109.981245092801));
#3632=CARTESIAN_POINT('',(-31.6413164639256,-213.336961273249,109.981245092801));
#3633=CARTESIAN_POINT('',(-31.6413164639256,-216.415864926563,109.981245092801));
#3634=CARTESIAN_POINT('',(-31.6413164639256,-219.494768579877,109.981245092801));
#3635=CARTESIAN_POINT('',(-34.7202201172394,-219.494768579877,109.981245092801));
#3636=CARTESIAN_POINT('',(-37.7991237705532,-219.494768579877,109.981245092801));
#3637=CARTESIAN_POINT('',(-37.7991237705532,-216.415864926563,109.981245092801));
#3638=CARTESIAN_POINT('',(-37.7991237705532,-216.415864926563,106.141245233761));
#3639=CARTESIAN_POINT('',(-37.7991237705532,-213.336961273249,106.141245233761));
#3640=CARTESIAN_POINT('',(-34.7202201172394,-213.336961273249,106.141245233761));
#3641=CARTESIAN_POINT('',(-31.6413164639256,-213.336961273249,106.141245233761));
#3642=CARTESIAN_POINT('',(-31.6413164639256,-216.415864926563,106.141245233761));
#3643=CARTESIAN_POINT('',(-31.6413164639256,-219.494768579877,106.141245233761));
#3644=CARTESIAN_POINT('',(-34.7202201172394,-219.494768579877,106.141245233761));
#3645=CARTESIAN_POINT('',(-37.7991237705532,-219.494768579877,106.141245233761));
#3646=CARTESIAN_POINT('',(-37.7991237705532,-216.415864926563,106.141245233761));
#3647=CARTESIAN_POINT('',(-3.52908499322313,-216.415864926563,109.981245092801));
#3648=CARTESIAN_POINT('',(-3.52908499322313,-213.336961273249,109.981245092801));
#3649=CARTESIAN_POINT('',(-0.45018133990935,-213.336961273249,109.981245092801));
#3650=CARTESIAN_POINT('',(2.62872231340443,-213.336961273249,109.981245092801));
#3651=CARTESIAN_POINT('',(2.62872231340443,-216.415864926563,109.981245092801));
#3652=CARTESIAN_POINT('',(2.62872231340443,-219.494768579877,109.981245092801));
#3653=CARTESIAN_POINT('',(-0.450181339909349,-219.494768579877,109.981245092801));
#3654=CARTESIAN_POINT('',(-3.52908499322313,-219.494768579877,109.981245092801));
#3655=CARTESIAN_POINT('',(-3.52908499322313,-216.415864926563,109.981245092801));
#3656=CARTESIAN_POINT('',(-3.52908499322313,-216.415864926563,106.141245233761));
#3657=CARTESIAN_POINT('',(-3.52908499322313,-213.336961273249,106.141245233761));
#3658=CARTESIAN_POINT('',(-0.45018133990935,-213.336961273249,106.141245233761));
#3659=CARTESIAN_POINT('',(2.62872231340443,-213.336961273249,106.141245233761));
#3660=CARTESIAN_POINT('',(2.62872231340443,-216.415864926563,106.141245233761));
#3661=CARTESIAN_POINT('',(2.62872231340443,-219.494768579877,106.141245233761));
#3662=CARTESIAN_POINT('',(-0.450181339909349,-219.494768579877,106.141245233761));
#3663=CARTESIAN_POINT('',(-3.52908499322313,-219.494768579877,106.141245233761));
#3664=CARTESIAN_POINT('',(-3.52908499322313,-216.415864926563,106.141245233761));
#3665=CARTESIAN_POINT('',(-39.9933642611494,-171.503904426367,105.633305101504));
#3666=CARTESIAN_POINT('',(-39.9933642611494,-171.503904426367,115.568586547623));
#3667=CARTESIAN_POINT('',(-39.9933642611494,-225.655927553479,105.633305101504));
#3668=CARTESIAN_POINT('',(-39.9933642611494,-225.655927553479,115.568586547623));
#3669=CARTESIAN_POINT('',(4.8229633246807,-225.655927553479,105.633305101504));
#3670=CARTESIAN_POINT('',(4.8229633246807,-225.655927553479,115.568586547623));
#3671=CARTESIAN_POINT('',(4.8229633246807,-171.503904426367,105.633305101504));
#3672=CARTESIAN_POINT('',(4.8229633246807,-171.503904426367,115.568586547623));
#3673=CARTESIAN_POINT('',(-6.3060168475315,-185.469905614063,127.960646427113));
#3674=CARTESIAN_POINT('',(5.94377970397272,-185.469905614063,127.960646427113));
#3675=CARTESIAN_POINT('',(-6.3060168475315,-185.469905614063,113.320646427113));
#3676=CARTESIAN_POINT('',(5.94377970397272,-185.469905614063,113.320646427113));
#3677=CARTESIAN_POINT('',(-6.3060168475315,-186.52523887344,126.640646427113));
#3678=CARTESIAN_POINT('',(-6.3060168475315,-175.061239760916,126.640646427113));
#3679=CARTESIAN_POINT('',(5.94377970397272,-186.52523887344,126.640646427113));
#3680=CARTESIAN_POINT('',(5.94377970397272,-175.061239760916,126.640646427113));
#3681=CARTESIAN_POINT('',(4.8229633246807,-186.52523887344,113.320646427113));
#3682=CARTESIAN_POINT('',(4.8229633246807,-186.52523887344,127.960646427113));
#3683=CARTESIAN_POINT('',(4.8229633246807,-175.061239760916,113.320646427113));
#3684=CARTESIAN_POINT('',(4.8229633246807,-175.061239760916,127.960646427113));
#3685=CARTESIAN_POINT('',(-41.1141806404404,-186.52523887344,126.640646427113));
#3686=CARTESIAN_POINT('',(-41.1141806404404,-175.061239760916,126.640646427113));
#3687=CARTESIAN_POINT('',(-28.8643840889484,-186.52523887344,126.640646427113));
#3688=CARTESIAN_POINT('',(-28.8643840889484,-175.061239760916,126.640646427113));
#3689=CARTESIAN_POINT('',(-41.1141806404404,-185.469905614063,127.960646427113));
#3690=CARTESIAN_POINT('',(-28.8643840889484,-185.469905614063,127.960646427113));
#3691=CARTESIAN_POINT('',(-41.1141806404404,-185.469905614063,113.320646427113));
#3692=CARTESIAN_POINT('',(-28.8643840889484,-185.469905614063,113.320646427113));
#3693=CARTESIAN_POINT('',(-39.9933642611494,-175.061239760916,113.320646427113));
#3694=CARTESIAN_POINT('',(-39.9933642611494,-175.061239760916,127.960646427113));
#3695=CARTESIAN_POINT('',(-39.9933642611494,-186.52523887344,113.320646427113));
#3696=CARTESIAN_POINT('',(-39.9933642611494,-186.52523887344,127.960646427113));
#3697=CARTESIAN_POINT('',(-35.9852004682294,-196.33627218706,114.174417980953));
#3698=CARTESIAN_POINT('',(-35.9852004682294,-196.33627218706,118.569159334873));
#3699=CARTESIAN_POINT('',(-35.9852004682294,-210.510987062536,114.174417980953));
#3700=CARTESIAN_POINT('',(-35.9852004682294,-210.510987062536,118.569159334873));
#3701=CARTESIAN_POINT('',(-29.9852004682294,-210.510987062536,114.174417980953));
#3702=CARTESIAN_POINT('',(-29.9852004682294,-210.510987062536,118.569159334873));
#3703=CARTESIAN_POINT('',(-29.9852004682294,-196.33627218706,114.174417980953));
#3704=CARTESIAN_POINT('',(-29.9852004682294,-196.33627218706,118.569159334873));
#3705=CARTESIAN_POINT('',(0.814799531750513,-210.510987062536,114.174417980953));
#3706=CARTESIAN_POINT('',(0.814799531750513,-210.510987062536,118.569159334873));
#3707=CARTESIAN_POINT('',(0.814799531750513,-196.33627218706,114.174417980953));
#3708=CARTESIAN_POINT('',(0.814799531750513,-196.33627218706,118.569159334873));
#3709=CARTESIAN_POINT('',(-5.18520046824949,-196.33627218706,114.174417980953));
#3710=CARTESIAN_POINT('',(-5.18520046824949,-196.33627218706,118.569159334873));
#3711=CARTESIAN_POINT('',(-5.18520046824949,-210.510987062536,114.174417980953));
#3712=CARTESIAN_POINT('',(-5.18520046824949,-210.510987062536,118.569159334873));
#3713=CARTESIAN_POINT('',(-28.9852004682394,-178.366191075902,114.640646427113));
#3714=CARTESIAN_POINT('',(-28.9852004682394,-175.802971378874,114.640646427113));
#3715=CARTESIAN_POINT('',(-6.18520046823949,-178.366191075902,114.640646427113));
#3716=CARTESIAN_POINT('',(-6.18520046823949,-175.802971378874,114.640646427113));
#3717=CARTESIAN_POINT('',(-44.5949970197324,-179.088935374559,126.640646427112));
#3718=CARTESIAN_POINT('',(-44.5949970197324,-144.620587123367,126.640646427112));
#3719=CARTESIAN_POINT('',(9.42459608326372,-179.088935374559,126.640646427112));
#3720=CARTESIAN_POINT('',(9.42459608326372,-144.620587123367,126.640646427112));
#3721=CARTESIAN_POINT('',(-32.2855867067415,-176.676034428445,126.640646427113));
#3722=CARTESIAN_POINT('',(-32.2855867067415,-147.266764707061,126.640646427113));
#3723=CARTESIAN_POINT('',(-2.8809518459176,-176.676034428445,126.640646427113));
#3724=CARTESIAN_POINT('',(-2.88095184591759,-147.266764707061,126.640646427113));
#3725=CARTESIAN_POINT('',(-28.6852004683357,-173.07139956785,109.46554695302));
#3726=CARTESIAN_POINT('',(-28.6852004683357,-150.871399567657,109.46554695302));
#3727=CARTESIAN_POINT('',(-6.48520046814212,-173.07139956785,109.46554695302));
#3728=CARTESIAN_POINT('',(-6.48520046814212,-150.871399567657,109.46554695302));
#3729=CARTESIAN_POINT('',(-29.4344964056202,-153.369758685215,104.433305101504));
#3730=CARTESIAN_POINT('',(-29.4344964056202,-153.369758685215,128.768586547623));
#3731=CARTESIAN_POINT('',(-41.014262436054,-178.315879002449,104.433305101504));
#3732=CARTESIAN_POINT('',(-41.014262436054,-178.315879002449,128.768586547623));
#3733=CARTESIAN_POINT('',(5.84386149958041,-178.315879002452,104.433305101504));
#3734=CARTESIAN_POINT('',(5.84386149958041,-178.315879002452,128.768586547623));
#3735=CARTESIAN_POINT('',(-5.73590453085966,-153.369758685204,104.433305101504));
#3736=CARTESIAN_POINT('',(-5.73590453085966,-153.369758685204,128.768586547623));
#3737=CARTESIAN_POINT('',(9.42459608326372,-179.088935374559,106.561245222014));
#3738=CARTESIAN_POINT('',(9.42459608326371,-144.620587123367,106.561245222014));
#3739=CARTESIAN_POINT('',(-44.5949970197324,-179.088935374559,106.561245222014));
#3740=CARTESIAN_POINT('',(-44.5949970197324,-144.620587123367,106.561245222014));
#3741=CARTESIAN_POINT('',(-28.9852004682394,-178.052589434483,115.568586547623));
#3742=CARTESIAN_POINT('',(-6.18520046823949,-178.052589434483,115.568586547623));
#3743=CARTESIAN_POINT('',(-28.9852004682394,-178.052589434483,105.633305101504));
#3744=CARTESIAN_POINT('',(-6.18520046823949,-178.052589434483,105.633305101504));
#3745=CARTESIAN_POINT('',(-31.3024992948154,-185.480088013763,105.633305101504));
#3746=CARTESIAN_POINT('',(-3.86790164166307,-185.480088013763,105.633305101504));
#3747=CARTESIAN_POINT('',(-31.3024992948154,-185.480088013763,115.568586547623));
#3748=CARTESIAN_POINT('',(-3.86790164166307,-185.480088013763,115.568586547623));
#3749=CARTESIAN_POINT('',(-42.1949970197324,-223.043258959553,115.568586547623));
#3750=CARTESIAN_POINT('',(7.02459608326347,-223.043258959553,115.568586547623));
#3751=CARTESIAN_POINT('',(-42.1949970197324,-223.043258959553,105.633305101504));
#3752=CARTESIAN_POINT('',(7.02459608326347,-223.043258959553,105.633305101504));
#3753=CARTESIAN_POINT('',(-44.5949970197325,-226.920594294103,114.640646427113));
#3754=CARTESIAN_POINT('',(-44.5949970197325,-181.592570279514,114.640646427113));
#3755=CARTESIAN_POINT('',(9.4245960832644,-226.920594294103,114.640646427113));
#3756=CARTESIAN_POINT('',(9.42459608326441,-181.592570279514,114.640646427113));
#3757=CARTESIAN_POINT('',(-26.5866398920866,-216.415865335373,115.061462606914));
#3758=CARTESIAN_POINT('',(-16.6577968842423,-216.415865335373,115.061462606914));
#3759=CARTESIAN_POINT('',(-26.5866398920866,-216.415865335373,111.211668449305));
#3760=CARTESIAN_POINT('',(-16.6577968842423,-216.415865335373,111.211668449305));
#3761=CARTESIAN_POINT('',(-18.9667888080183,-219.470435871563,115.396693848028));
#3762=CARTESIAN_POINT('',(-3.58772873055034,-219.470435871563,115.396693848028));
#3763=CARTESIAN_POINT('',(-18.9667888080183,-219.470435871563,107.524124797046));
#3764=CARTESIAN_POINT('',(-3.58772873055034,-219.470435871563,107.524124797046));
#3765=CARTESIAN_POINT('',(-18.5126040482813,-216.415865335373,115.061462606179));
#3766=CARTESIAN_POINT('',(-8.58376108777734,-216.415865335373,115.061462606179));
#3767=CARTESIAN_POINT('',(-18.5126040482813,-216.415865335373,111.211668457387));
#3768=CARTESIAN_POINT('',(-8.58376108777734,-216.415865335373,111.211668457387));
#3769=CARTESIAN_POINT('',(-31.5826722493144,-219.470435871563,115.396693849022));
#3770=CARTESIAN_POINT('',(-16.2036121244943,-219.470435871563,115.396693849022));
#3771=CARTESIAN_POINT('',(-31.5826722493144,-219.470435871563,107.524124786108));
#3772=CARTESIAN_POINT('',(-16.2036121244943,-219.470435871563,107.524124786108));
#3773=CARTESIAN_POINT('',(-25.4194176629233,-216.415865335373,114.960646427726));
#3774=CARTESIAN_POINT('',(-9.75098331299574,-216.415865335373,114.960646427726));
#3775=CARTESIAN_POINT('',(-25.4194176629233,-216.415865335373,112.320646420364));
#3776=CARTESIAN_POINT('',(-9.75098331299574,-216.415865335373,112.320646420364));
#3777=CARTESIAN_POINT('',(-28.9852004682394,-176.116573020293,127.960646427113));
#3778=CARTESIAN_POINT('',(-6.18520046823949,-176.116573020293,127.960646427113));
#3779=CARTESIAN_POINT('',(-28.9852004682394,-176.116573020293,113.320646427113));
#3780=CARTESIAN_POINT('',(-6.18520046823949,-176.116573020293,113.320646427113));
#3781=CARTESIAN_POINT('',(-6.18520046823949,-178.366191075902,106.561245222014));
#3782=CARTESIAN_POINT('',(-6.18520046823949,-175.802971378874,106.561245222014));
#3783=CARTESIAN_POINT('',(-28.9852004682394,-178.366191075902,106.561245222014));
#3784=CARTESIAN_POINT('',(-28.9852004682394,-175.802971378874,106.561245222014));
#3785=CARTESIAN_POINT('',(9.42459608326383,-227.85592755348,106.561245222014));
#3786=CARTESIAN_POINT('',(9.42459608326385,-171.303904426367,106.561245222014));
#3787=CARTESIAN_POINT('',(-44.5949970197338,-227.85592755348,106.561245222014));
#3788=CARTESIAN_POINT('',(-44.5949970197338,-171.303904426367,106.561245222014));
#3789=CARTESIAN_POINT('',(-26.9852004682394,-186.52523887344,104.433305101504));
#3790=CARTESIAN_POINT('',(-26.9852004682394,-186.52523887344,128.768586547623));
#3791=CARTESIAN_POINT('',(-26.9852004682394,-175.061239760916,104.433305101504));
#3792=CARTESIAN_POINT('',(-26.9852004682394,-175.061239760916,128.768586547623));
#3793=CARTESIAN_POINT('',(-30.4052004682394,-186.52523887344,126.640646427113));
#3794=CARTESIAN_POINT('',(-30.4052004682394,-175.061239760916,126.640646427113));
#3795=CARTESIAN_POINT('',(-26.5652004682394,-186.52523887344,126.640646427113));
#3796=CARTESIAN_POINT('',(-26.5652004682394,-175.061239760916,126.640646427113));
#3797=CARTESIAN_POINT('',(-26.5652004682392,-186.536439513111,106.561245222014));
#3798=CARTESIAN_POINT('',(-26.5652004682392,-175.060221520946,106.561245222014));
#3799=CARTESIAN_POINT('',(-30.4052004682394,-186.536439513111,106.561245222014));
#3800=CARTESIAN_POINT('',(-30.4052004682394,-175.060221520946,106.561245222014));
#3801=CARTESIAN_POINT('',(-30.4052004682394,-185.469905614063,128.768586547623));
#3802=CARTESIAN_POINT('',(-26.5652004682392,-185.469905614063,128.768586547623));
#3803=CARTESIAN_POINT('',(-30.4052004682394,-185.469905614063,104.433305101504));
#3804=CARTESIAN_POINT('',(-26.5652004682392,-185.469905614063,104.433305101504));
#3805=CARTESIAN_POINT('',(-8.18520046823948,-175.061239760916,104.433305101504));
#3806=CARTESIAN_POINT('',(-8.18520046823948,-175.061239760916,128.768586547623));
#3807=CARTESIAN_POINT('',(-8.18520046823948,-186.52523887344,104.433305101504));
#3808=CARTESIAN_POINT('',(-8.18520046823948,-186.52523887344,128.768586547623));
#3809=CARTESIAN_POINT('',(-8.60520046823948,-186.52523887344,126.640646427113));
#3810=CARTESIAN_POINT('',(-8.60520046823952,-175.061239760916,126.640646427113));
#3811=CARTESIAN_POINT('',(-4.76520046823944,-186.52523887344,126.640646427113));
#3812=CARTESIAN_POINT('',(-4.76520046823948,-175.061239760916,126.640646427113));
#3813=CARTESIAN_POINT('',(-4.76520046823944,-186.536439513111,106.561245222014));
#3814=CARTESIAN_POINT('',(-4.76520046823948,-175.060221520946,106.561245222014));
#3815=CARTESIAN_POINT('',(-8.60520046823948,-186.536439513111,106.561245222014));
#3816=CARTESIAN_POINT('',(-8.60520046823952,-175.060221520946,106.561245222014));
#3817=CARTESIAN_POINT('',(-8.60520046823948,-185.469905614063,128.768586547623));
#3818=CARTESIAN_POINT('',(-4.76520046823948,-185.469905614063,128.768586547623));
#3819=CARTESIAN_POINT('',(-8.60520046823948,-185.469905614063,104.433305101504));
#3820=CARTESIAN_POINT('',(-4.76520046823948,-185.469905614063,104.433305101504));
#3821=CARTESIAN_POINT('',(-34.2912339259027,-188.329020322889,109.564463254807));
#3822=CARTESIAN_POINT('',(-38.2390637940514,-188.32902032288,109.564463171932));
#3823=CARTESIAN_POINT('',(-34.2912339259027,-195.958417078578,109.563589095953));
#3824=CARTESIAN_POINT('',(-38.2390637940514,-195.958417078569,109.563589013079));
#3825=CARTESIAN_POINT('',(-31.2013759356232,-188.329020382284,109.564463319666));
#3826=CARTESIAN_POINT('',(-35.1492056204976,-188.329020382275,109.56446323679));
#3827=CARTESIAN_POINT('',(-31.2013759356232,-195.95841695795,109.563589160832));
#3828=CARTESIAN_POINT('',(-35.1492056204976,-195.95841695794,109.563589077956));
#3829=CARTESIAN_POINT('',(-0.0211951485728643,-188.329020322934,109.564463974225));
#3830=CARTESIAN_POINT('',(-3.96902501672211,-188.329020322925,109.564463891349));
#3831=CARTESIAN_POINT('',(-0.0211951485728643,-195.95841707864,109.56358981537));
#3832=CARTESIAN_POINT('',(-3.96902501672211,-195.958417078631,109.563589732494));
#3833=CARTESIAN_POINT('',(3.06866284170553,-188.329020382327,109.564464039082));
#3834=CARTESIAN_POINT('',(-0.879166843167445,-188.329020382318,109.564463956208));
#3835=CARTESIAN_POINT('',(3.06866284170553,-195.958416958036,109.563589880247));
#3836=CARTESIAN_POINT('',(-0.879166843167445,-195.958416958027,109.563589797373));
#3837=CARTESIAN_POINT('',(-0.021195408749598,-212.601166559033,109.561682927146));
#3838=CARTESIAN_POINT('',(-3.9690252770138,-212.601166559024,109.561682844272));
#3839=CARTESIAN_POINT('',(-0.021195408749598,-220.230563151083,109.560808768311));
#3840=CARTESIAN_POINT('',(-3.9690252770138,-220.230563151074,109.560808685437));
#3841=CARTESIAN_POINT('',(3.06866258140222,-212.60116661849,109.561682992003));
#3842=CARTESIAN_POINT('',(-0.879167103381503,-212.601166618481,109.561682909129));
#3843=CARTESIAN_POINT('',(3.06866258140222,-220.230563030324,109.560808833189));
#3844=CARTESIAN_POINT('',(-0.879167103381503,-220.230563030314,109.560808750315));
#3845=CARTESIAN_POINT('',(-34.2912341860796,-212.601166558989,109.56168220773));
#3846=CARTESIAN_POINT('',(-38.2390640543441,-212.60116655898,109.561682124856));
#3847=CARTESIAN_POINT('',(-34.2912341860796,-220.230563150997,109.560808048893));
#3848=CARTESIAN_POINT('',(-38.2390640543441,-220.230563150988,109.560807966019));
#3849=CARTESIAN_POINT('',(-31.2013761959269,-212.601166618447,109.561682272588));
#3850=CARTESIAN_POINT('',(-35.1492058807116,-212.601166618438,109.561682189712));
#3851=CARTESIAN_POINT('',(-31.2013761959269,-220.230563030238,109.560808113772));
#3852=CARTESIAN_POINT('',(-35.1492058807116,-220.230563030228,109.560808030896));
#3853=CARTESIAN_POINT('',(-29.9048772982395,-196.919073880735,106.561245222014));
#3854=CARTESIAN_POINT('',(-29.9048772982395,-187.368363163111,106.561245222014));
#3855=CARTESIAN_POINT('',(-39.5355624155594,-196.919073880735,106.561245222014));
#3856=CARTESIAN_POINT('',(-39.5355624155594,-187.368363163111,106.561245222014));
#3857=CARTESIAN_POINT('',(4.36516147909068,-196.919073880735,106.561245222014));
#3858=CARTESIAN_POINT('',(4.36516147909068,-187.368363163111,106.561245222014));
#3859=CARTESIAN_POINT('',(-5.26552363822931,-196.919073880735,106.561245222014));
#3860=CARTESIAN_POINT('',(-5.26552363822931,-187.368363163111,106.561245222014));
#3861=CARTESIAN_POINT('',(-29.9048775585793,-221.191220285327,106.561245222014));
#3862=CARTESIAN_POINT('',(-29.9048775585793,-211.640509567799,106.561245222014));
#3863=CARTESIAN_POINT('',(-39.5355626758994,-221.191220285327,106.561245222014));
#3864=CARTESIAN_POINT('',(-39.5355626758994,-211.640509567799,106.561245222014));
#3865=CARTESIAN_POINT('',(4.36516121875066,-221.191220285316,106.561245222014));
#3866=CARTESIAN_POINT('',(4.36516121875068,-211.6405095678,106.561245222014));
#3867=CARTESIAN_POINT('',(-5.26552389856955,-221.191220285316,106.561245222014));
#3868=CARTESIAN_POINT('',(-5.26552389856953,-211.6405095678,106.561245222014));
#3869=CARTESIAN_POINT('',(-24.9005131997972,-149.592949477633,106.561245222014));
#3870=CARTESIAN_POINT('',(-10.2698877366814,-149.592949477633,106.561245222014));
#3871=CARTESIAN_POINT('',(-24.9005131997972,-149.592949477633,126.640646427113));
#3872=CARTESIAN_POINT('',(-10.2698877366814,-149.592949477633,126.640646427113));
#3873=CARTESIAN_POINT('',(2.82296332468048,-223.043258959553,114.640646427113));
#3874=CARTESIAN_POINT('',(2.82296332468048,-223.043258959553,106.561245222014));
#3875=CARTESIAN_POINT('',(4.82296332468048,-221.043258959553,106.561245222014));
#3876=CARTESIAN_POINT('',(4.82296332468048,-221.043258959553,114.640646427113));
#3877=CARTESIAN_POINT('',(-39.9933642611494,-221.043258959553,106.561245222014));
#3878=CARTESIAN_POINT('',(-37.9933642611494,-223.043258959553,106.561245222014));
#3879=CARTESIAN_POINT('',(-37.9933642611494,-223.043258959553,114.640646427113));
#3880=CARTESIAN_POINT('',(-39.9933642611494,-221.043258959553,114.640646427113));
#3881=CARTESIAN_POINT('',(-39.9933642611494,-176.116573020293,106.561245222014));
#3882=CARTESIAN_POINT('',(-39.9933642611494,-185.469905614063,114.640646427113));
#3883=CARTESIAN_POINT('',(-39.9933642611494,-176.116573020293,114.640646427113));
#3884=CARTESIAN_POINT('',(4.8229633246807,-176.116573020293,106.561245222014));
#3885=CARTESIAN_POINT('',(4.82296332468048,-176.116573020293,114.640646427113));
#3886=CARTESIAN_POINT('',(4.8229633246807,-185.469905614063,114.640646427113));
#3887=CARTESIAN_POINT('',(4.82296332468048,-185.469905614063,126.640646427113));
#3888=CARTESIAN_POINT('',(-5.18520046823948,-185.469905614063,126.640646427113));
#3889=CARTESIAN_POINT('',(-5.18520046823948,-185.469905614063,114.640646427113));
#3890=CARTESIAN_POINT('',(4.8229633246807,-176.116573020293,126.640646427113));
#3891=CARTESIAN_POINT('',(-5.18520046823948,-176.116573020293,126.640646427113));
#3892=CARTESIAN_POINT('',(-39.9933642611494,-176.116573020293,126.640646427113));
#3893=CARTESIAN_POINT('',(-39.9933642611494,-185.469905614063,126.640646427113));
#3894=CARTESIAN_POINT('',(-29.9852004682394,-185.469905614063,126.640646427113));
#3895=CARTESIAN_POINT('',(-29.9852004682394,-176.116573020293,126.640646427113));
#3896=CARTESIAN_POINT('',(-29.9852004682394,-185.469905614063,114.640646427113));
#3897=CARTESIAN_POINT('',(-35.9852004682294,-197.617498426683,114.640646427113));
#3898=CARTESIAN_POINT('',(-35.9852004682294,-197.617498426683,118.102930888713));
#3899=CARTESIAN_POINT('',(-29.9852004682294,-197.617498426683,118.102930888713));
#3900=CARTESIAN_POINT('',(-29.9852004682294,-197.617498426683,114.640646427113));
#3901=CARTESIAN_POINT('',(-35.9852004682294,-209.229760822913,118.102930888713));
#3902=CARTESIAN_POINT('',(-29.9852004682294,-209.229760822913,118.102930888713));
#3903=CARTESIAN_POINT('',(-35.9852004682294,-209.229760822913,114.640646427113));
#3904=CARTESIAN_POINT('',(-29.9852004682294,-209.229760822913,114.640646427113));
#3905=CARTESIAN_POINT('',(0.814799531753444,-209.229760822913,114.640646427113));
#3906=CARTESIAN_POINT('',(0.814799531750513,-209.229760822913,118.102930888713));
#3907=CARTESIAN_POINT('',(-5.18520046824949,-209.229760822913,118.102930888713));
#3908=CARTESIAN_POINT('',(-5.18520046824656,-209.229760822913,114.640646427113));
#3909=CARTESIAN_POINT('',(0.814799531750513,-197.617498426683,118.102930888713));
#3910=CARTESIAN_POINT('',(-5.18520046824949,-197.617498426683,118.102930888713));
#3911=CARTESIAN_POINT('',(0.814799531753444,-197.617498426683,114.640646427113));
#3912=CARTESIAN_POINT('',(-5.18520046824656,-197.617498426683,114.640646427113));
#3913=CARTESIAN_POINT('',(-26.9852004682394,-176.116573020293,114.640646427113));
#3914=CARTESIAN_POINT('',(-26.9852004682394,-178.052589434483,114.640646427113));
#3915=CARTESIAN_POINT('',(-8.18520046823948,-178.052589434483,114.640646427113));
#3916=CARTESIAN_POINT('',(-8.18520046823948,-176.116573020293,114.640646427113));
#3917=CARTESIAN_POINT('',(-4.71500635595941,-155.569064667363,126.640646427113));
#3918=CARTESIAN_POINT('',(-4.83793639280941,-155.319551284353,126.640646427113));
#3919=CARTESIAN_POINT('',(-30.3324645436693,-155.319551284353,126.640646427113));
#3920=CARTESIAN_POINT('',(-30.4553945805193,-155.569064667373,126.640646427113));
#3921=CARTESIAN_POINT('',(-26.9852004682394,-176.116573020293,126.640646427113));
#3922=CARTESIAN_POINT('',(-8.18520046823948,-176.116573020293,126.640646427113));
#3923=CARTESIAN_POINT('',(-29.7352004682394,-161.971399567863,126.640646427113));
#3924=CARTESIAN_POINT('',(-26.7352004682394,-161.971399567833,126.640646427113));
#3925=CARTESIAN_POINT('',(-8.43520046823926,-161.971399567673,126.640646427113));
#3926=CARTESIAN_POINT('',(-8.43520046823948,-161.971399567673,109.46554695302));
#3927=CARTESIAN_POINT('',(-26.7352004682394,-161.971399567833,109.46554695302));
#3928=CARTESIAN_POINT('',(-30.4553945805193,-155.569064667373,106.561245222014));
#3929=CARTESIAN_POINT('',(-30.3324645436693,-155.319551284353,106.561245222014));
#3930=CARTESIAN_POINT('',(-4.83793639280941,-155.319551284353,106.561245222014));
#3931=CARTESIAN_POINT('',(-4.71500635595941,-155.569064667363,106.561245222014));
#3932=CARTESIAN_POINT('',(-5.18520046823948,-176.116573020293,106.561245222014));
#3933=CARTESIAN_POINT('',(-8.18520046823948,-176.116573020293,106.561245222014));
#3934=CARTESIAN_POINT('',(-26.9852004682394,-176.116573020293,106.561245222014));
#3935=CARTESIAN_POINT('',(-29.9852004682394,-176.116573020293,106.561245222014));
#3936=CARTESIAN_POINT('',(-26.9852004682394,-178.052589434483,106.561245222014));
#3937=CARTESIAN_POINT('',(-8.18520046823948,-178.052589434483,106.561245222014));
#3938=CARTESIAN_POINT('',(-29.0634718591394,-185.469905614063,106.561245222014));
#3939=CARTESIAN_POINT('',(-29.0634718591397,-185.469905614063,114.640646427113));
#3940=CARTESIAN_POINT('',(-28.9162828237194,-185.480088013763,114.640646427113));
#3941=CARTESIAN_POINT('',(-28.9162828237194,-185.480088013764,106.561245222014));
#3942=CARTESIAN_POINT('',(-6.25411811275955,-185.480088013763,114.640646427113));
#3943=CARTESIAN_POINT('',(-6.2541181127591,-185.480088013764,106.561245222014));
#3944=CARTESIAN_POINT('',(-8.18520046823948,-185.469905614063,106.561245222014));
#3945=CARTESIAN_POINT('',(-26.9852004682392,-185.469905614063,106.561245222014));
#3946=CARTESIAN_POINT('',(-6.10692907732948,-185.469905614063,114.640646427113));
#3947=CARTESIAN_POINT('',(-6.10692907733948,-185.469905614063,106.561245222014));
#3948=CARTESIAN_POINT('',(-17.5852004682293,-223.043258959553,108.280172217961));
#3949=CARTESIAN_POINT('',(-30.2010839055794,-223.043258959553,114.640646427113));
#3950=CARTESIAN_POINT('',(-4.96931707032934,-223.043258959553,114.640646427113));
#3951=CARTESIAN_POINT('',(-30.2010839055794,-219.470435871563,114.640646427113));
#3952=CARTESIAN_POINT('',(-25.6592363080996,-219.470435871563,114.640646427113));
#3953=CARTESIAN_POINT('',(-25.6592363080996,-216.415865335373,114.640646427113));
#3954=CARTESIAN_POINT('',(-24.0137148004293,-216.415865335373,114.640646427113));
#3955=CARTESIAN_POINT('',(-11.1566861754897,-216.415865335373,114.640646427112));
#3956=CARTESIAN_POINT('',(-9.51116466781934,-216.415865335373,114.640646427113));
#3957=CARTESIAN_POINT('',(-9.51116466781934,-219.470435871563,114.640646427113));
#3958=CARTESIAN_POINT('',(-4.96931707033934,-219.470435871563,114.640646427113));
#3959=CARTESIAN_POINT('',(-0.450181079569685,-190.443718521973,114.641164892395));
#3960=CARTESIAN_POINT('',(-0.450181079569685,-193.843718521973,114.641164892395));
#3961=CARTESIAN_POINT('',(-34.7202201172394,-214.715864926563,114.641164892395));
#3962=CARTESIAN_POINT('',(-34.7202201172394,-218.115864926563,114.641164892395));
#3963=CARTESIAN_POINT('',(-0.45018133990936,-214.715864926563,114.641164892395));
#3964=CARTESIAN_POINT('',(-0.450181339899355,-218.115864926563,114.641164892395));
#3965=CARTESIAN_POINT('',(-34.7202198568995,-190.443718521973,114.641164892395));
#3966=CARTESIAN_POINT('',(-34.7202198568995,-193.843718521973,114.641164892395));
#3967=CARTESIAN_POINT('',(-17.5852004682293,-216.415865335373,111.632484636453));
#3968=CARTESIAN_POINT('',(-17.5852004682393,-216.415865335373,112.640646427113));
#3969=CARTESIAN_POINT('',(-17.5852004682293,-219.470435871563,108.280172217961));
#3970=CARTESIAN_POINT('',(-17.5852004682293,-219.470435871563,111.632484636455));
#3971=CARTESIAN_POINT('',(-5.18520046823948,-185.469905614063,106.561245222014));
#3972=CARTESIAN_POINT('',(-29.9852004682394,-185.469905614063,106.561245222014));
#3973=CARTESIAN_POINT('',(-34.7202201172494,-212.536402127603,106.561245222014));
#3974=CARTESIAN_POINT('',(-0.450181339919364,-212.536402127603,106.561245222014));
#3975=CARTESIAN_POINT('',(-0.450181079669385,-188.264255723013,106.561245222014));
#3976=CARTESIAN_POINT('',(-34.7202198569993,-188.264255723013,106.561245222014));
#3977=CARTESIAN_POINT('',(-26.9852004682394,-185.469905614063,126.640646427113));
#3978=CARTESIAN_POINT('',(-8.18520046823948,-185.469905614063,126.640646427113));
#3979=CARTESIAN_POINT('',(-34.7202197503594,-195.222622175283,109.561245104548));
#3980=CARTESIAN_POINT('',(-37.7990089417191,-192.170279349973,109.561245104548));
#3981=CARTESIAN_POINT('',(-34.7202197503894,-189.064814868663,109.561245104548));
#3982=CARTESIAN_POINT('',(-34.7202198112594,-190.443469430753,109.564221426202));
#3983=CARTESIAN_POINT('',(-34.7202198112494,-193.843469384033,109.564054470106));
#3984=CARTESIAN_POINT('',(-31.6414307720794,-192.117157693973,109.561245104548));
#3985=CARTESIAN_POINT('',(-3.52897016438931,-192.170279349973,109.561245104548));
#3986=CARTESIAN_POINT('',(-0.45018097305967,-189.064814868663,109.561245104548));
#3987=CARTESIAN_POINT('',(-0.450181033929422,-190.443469430843,109.564221734523));
#3988=CARTESIAN_POINT('',(-0.450181033919417,-193.843469384123,109.564054778428));
#3989=CARTESIAN_POINT('',(-0.450180973029656,-195.222622175283,109.561245104548));
#3990=CARTESIAN_POINT('',(2.62860800525062,-192.117157693973,109.561245104547));
#3991=CARTESIAN_POINT('',(-3.52897042472943,-216.442425754563,109.561245104548));
#3992=CARTESIAN_POINT('',(-0.450181233289296,-213.336961273253,109.561245104548));
#3993=CARTESIAN_POINT('',(-0.450181294209298,-214.715615501893,109.563029857234));
#3994=CARTESIAN_POINT('',(-0.450181294199293,-218.115615455173,109.562862901139));
#3995=CARTESIAN_POINT('',(-0.450181233249278,-219.494768579873,109.561245104548));
#3996=CARTESIAN_POINT('',(2.62860774491071,-216.389304098563,109.561245104548));
#3997=CARTESIAN_POINT('',(-37.7990092020597,-216.442425754563,109.561245104548));
#3998=CARTESIAN_POINT('',(-34.7202200106193,-213.336961273253,109.561245104548));
#3999=CARTESIAN_POINT('',(-34.7202200715393,-214.715615501813,109.563029548913));
#4000=CARTESIAN_POINT('',(-34.7202200715293,-218.115615455093,109.562862592817));
#4001=CARTESIAN_POINT('',(-34.7202200105793,-219.494768579873,109.561245104548));
#4002=CARTESIAN_POINT('',(-31.6414310324195,-216.389304098563,109.561245104548));
#4003=CARTESIAN_POINT('',(-37.7990089417195,-192.170279349973,106.561245222014));
#4004=CARTESIAN_POINT('',(-31.6414307720794,-192.117157693973,106.561245222014));
#4005=CARTESIAN_POINT('',(-3.5289701643893,-192.170279349973,106.561245222014));
#4006=CARTESIAN_POINT('',(2.62860800525062,-192.117157693973,106.561245222014));
#4007=CARTESIAN_POINT('',(-37.7990092020597,-216.442425754563,106.561245222014));
#4008=CARTESIAN_POINT('',(-31.6414310324195,-216.389304098563,106.561245222014));
#4009=CARTESIAN_POINT('',(-3.52897042472943,-216.442425754563,106.561245222014));
#4010=CARTESIAN_POINT('',(2.62860774491071,-216.389304098563,106.561245222014));
#4011=CARTESIAN_POINT('',(-10.2698877366814,-149.592949477633,126.640646427113));
#4012=CARTESIAN_POINT('',(-24.9005131997972,-149.592949477633,126.640646427113));
#4013=CARTESIAN_POINT('',(-24.9005131997972,-149.592949477633,106.561245222014));
#4014=CARTESIAN_POINT('',(-10.2698877366816,-149.592949477633,106.561245222014));
#4015=CARTESIAN_POINT('',(2.82296332468048,-223.043258959553,114.640646427113));
#4016=CARTESIAN_POINT('',(2.82296332468048,-223.043258959553,111.94751269208));
#4017=CARTESIAN_POINT('',(2.82296332468048,-223.043258959553,109.254378957047));
#4018=CARTESIAN_POINT('',(2.82296332468048,-223.043258959553,106.561245222014));
#4019=CARTESIAN_POINT('',(1.57079632679528,9.00734132560935));
#4020=CARTESIAN_POINT('',(1.57079632679425,0.92794012051093));
#4021=CARTESIAN_POINT('',(2.82296332468048,-223.043258959553,106.561245222014));
#4022=CARTESIAN_POINT('',(4.8229633246804,-223.043258959553,106.561245222014));
#4023=CARTESIAN_POINT('',(4.82296332468048,-221.043258959553,106.561245222014));
#4024=CARTESIAN_POINT('',(1.57079632679425,0.92794012051093));
#4025=CARTESIAN_POINT('',(3.14159265359025,0.927940120510921));
#4026=CARTESIAN_POINT('',(4.82296332468048,-221.043258959553,106.561245222014));
#4027=CARTESIAN_POINT('',(4.82296332468048,-221.043258959553,109.254378957047));
#4028=CARTESIAN_POINT('',(4.82296332468048,-221.043258959553,111.94751269208));
#4029=CARTESIAN_POINT('',(4.82296332468048,-221.043258959553,114.640646427113));
#4030=CARTESIAN_POINT('',(3.14159265359025,0.927940120510921));
#4031=CARTESIAN_POINT('',(3.14159265358936,9.00734132560932));
#4032=CARTESIAN_POINT('',(4.82296332468048,-221.043258959553,114.640646427113));
#4033=CARTESIAN_POINT('',(4.82296332468156,-223.043258959554,114.640646427114));
#4034=CARTESIAN_POINT('',(2.82296332468048,-223.043258959553,114.640646427113));
#4035=CARTESIAN_POINT('',(3.14159265358936,9.00734132560932));
#4036=CARTESIAN_POINT('',(1.57079632679528,9.00734132560935));
#4037=CARTESIAN_POINT('',(-39.9933642611494,-221.043258959553,106.561245222014));
#4038=CARTESIAN_POINT('',(-39.9933642611505,-223.043258959554,106.561245222014));
#4039=CARTESIAN_POINT('',(-37.9933642611494,-223.043258959553,106.561245222014));
#4040=CARTESIAN_POINT('',(3.14159265359024,0.92794012051091));
#4041=CARTESIAN_POINT('',(4.71238898038419,0.927940120510899));
#4042=CARTESIAN_POINT('',(-37.9933642611494,-223.043258959553,106.561245222014));
#4043=CARTESIAN_POINT('',(-37.993364261149,-223.043258959553,109.254378957048));
#4044=CARTESIAN_POINT('',(-37.9933642611494,-223.043258959553,111.947512692079));
#4045=CARTESIAN_POINT('',(-37.9933642611494,-223.043258959553,114.640646427113));
#4046=CARTESIAN_POINT('',(4.71238898038419,0.927940120510899));
#4047=CARTESIAN_POINT('',(4.71238898038519,9.0073413256091));
#4048=CARTESIAN_POINT('',(-37.9933642611494,-223.043258959553,114.640646427113));
#4049=CARTESIAN_POINT('',(-39.9933642611494,-223.043258959553,114.640646427113));
#4050=CARTESIAN_POINT('',(-39.9933642611494,-221.043258959553,114.640646427113));
#4051=CARTESIAN_POINT('',(4.71238898038519,9.0073413256091));
#4052=CARTESIAN_POINT('',(3.14159265358932,9.00734132560913));
#4053=CARTESIAN_POINT('',(-39.9933642611494,-221.043258959553,114.640646427113));
#4054=CARTESIAN_POINT('',(-39.9933642611494,-221.043258959553,111.947512692079));
#4055=CARTESIAN_POINT('',(-39.993364261149,-221.043258959553,109.254378957048));
#4056=CARTESIAN_POINT('',(-39.9933642611494,-221.043258959553,106.561245222014));
#4057=CARTESIAN_POINT('',(3.14159265358932,9.00734132560913));
#4058=CARTESIAN_POINT('',(3.14159265359024,0.92794012051091));
#4059=CARTESIAN_POINT('',(-39.9933642611494,-176.116573020293,106.561245222014));
#4060=CARTESIAN_POINT('',(-39.9933642611494,-221.043258959553,106.561245222014));
#4061=CARTESIAN_POINT('',(-22.46334296963,-4.0397006025495));
#4062=CARTESIAN_POINT('',(22.46334296963,-4.0397006025495));
#4063=CARTESIAN_POINT('',(22.46334296963,4.0397006025495));
#4064=CARTESIAN_POINT('',(22.46334296963,1.34656686751551));
#4065=CARTESIAN_POINT('',(22.46334296963,-1.34656686751546));
#4066=CARTESIAN_POINT('',(22.46334296963,-4.0397006025495));
#4067=CARTESIAN_POINT('',(-39.9933642611494,-221.043258959553,114.640646427113));
#4068=CARTESIAN_POINT('',(-39.9933642611494,-185.469905614063,114.640646427113));
#4069=CARTESIAN_POINT('',(22.46334296963,4.0397006025495));
#4070=CARTESIAN_POINT('',(-13.11001037586,4.0397006025495));
#4071=CARTESIAN_POINT('',(-39.9933642611494,-185.469905614063,114.640646427113));
#4072=CARTESIAN_POINT('',(-39.9933642611494,-176.116573020293,114.640646427113));
#4073=CARTESIAN_POINT('',(-13.11001037586,4.0397006025495));
#4074=CARTESIAN_POINT('',(-22.46334296963,4.0397006025495));
#4075=CARTESIAN_POINT('',(-39.9933642611494,-176.116573020293,114.640646427113));
#4076=CARTESIAN_POINT('',(-39.9933642611494,-176.116573020293,106.561245222014));
#4077=CARTESIAN_POINT('',(-22.46334296963,4.0397006025495));
#4078=CARTESIAN_POINT('',(-22.46334296963,-4.0397006025495));
#4079=CARTESIAN_POINT('',(4.8229633246807,-176.116573020293,106.561245222014));
#4080=CARTESIAN_POINT('',(4.82296332468048,-176.116573020293,114.640646427113));
#4081=CARTESIAN_POINT('',(22.46334296963,-4.03970060254951));
#4082=CARTESIAN_POINT('',(22.46334296963,4.0397006025495));
#4083=CARTESIAN_POINT('',(4.82296332468048,-176.116573020293,114.640646427113));
#4084=CARTESIAN_POINT('',(4.8229633246807,-185.469905614063,114.640646427113));
#4085=CARTESIAN_POINT('',(22.46334296963,4.0397006025495));
#4086=CARTESIAN_POINT('',(13.11001037586,4.0397006025495));
#4087=CARTESIAN_POINT('',(4.8229633246807,-185.469905614063,114.640646427113));
#4088=CARTESIAN_POINT('',(4.82296332468048,-221.043258959553,114.640646427113));
#4089=CARTESIAN_POINT('',(13.11001037586,4.0397006025495));
#4090=CARTESIAN_POINT('',(-22.46334296963,4.03970060254951));
#4091=CARTESIAN_POINT('',(-22.46334296963,-4.0397006025495));
#4092=CARTESIAN_POINT('',(-22.46334296963,-1.3465668675165));
#4093=CARTESIAN_POINT('',(-22.46334296963,1.3465668675165));
#4094=CARTESIAN_POINT('',(-22.46334296963,4.03970060254951));
#4095=CARTESIAN_POINT('',(4.82296332468048,-221.043258959553,106.561245222014));
#4096=CARTESIAN_POINT('',(4.8229633246807,-176.116573020293,106.561245222014));
#4097=CARTESIAN_POINT('',(-22.46334296963,-4.0397006025495));
#4098=CARTESIAN_POINT('',(22.46334296963,-4.03970060254951));
#4099=CARTESIAN_POINT('',(4.8229633246807,-185.469905614063,114.640646427113));
#4100=CARTESIAN_POINT('',(4.82296332468048,-185.469905614063,126.640646427113));
#4101=CARTESIAN_POINT('',(6.,5.00408189646009));
#4102=CARTESIAN_POINT('',(-6.,5.00408189645987));
#4103=CARTESIAN_POINT('',(4.82296332468048,-185.469905614063,126.640646427113));
#4104=CARTESIAN_POINT('',(-5.18520046823948,-185.469905614063,126.640646427113));
#4105=CARTESIAN_POINT('',(-6.,5.00408189645987));
#4106=CARTESIAN_POINT('',(-6.,-5.00408189646009));
#4107=CARTESIAN_POINT('',(-5.18520046823948,-185.469905614063,126.640646427113));
#4108=CARTESIAN_POINT('',(-5.18520046823948,-185.469905614063,114.640646427113));
#4109=CARTESIAN_POINT('',(-6.,-5.00408189646009));
#4110=CARTESIAN_POINT('',(6.,-5.00408189646009));
#4111=CARTESIAN_POINT('',(-5.18520046823948,-185.469905614063,114.640646427113));
#4112=CARTESIAN_POINT('',(4.8229633246807,-185.469905614063,114.640646427113));
#4113=CARTESIAN_POINT('',(6.,-5.00408189646009));
#4114=CARTESIAN_POINT('',(6.,5.00408189646009));
#4115=CARTESIAN_POINT('',(4.82296332468048,-185.469905614063,126.640646427113));
#4116=CARTESIAN_POINT('',(4.8229633246807,-176.116573020293,126.640646427113));
#4117=CARTESIAN_POINT('',(5.00408189645987,-4.676666296885));
#4118=CARTESIAN_POINT('',(5.00408189646009,4.676666296885));
#4119=CARTESIAN_POINT('',(4.8229633246807,-176.116573020293,126.640646427113));
#4120=CARTESIAN_POINT('',(-5.18520046823948,-176.116573020293,126.640646427113));
#4121=CARTESIAN_POINT('',(5.00408189646009,4.676666296885));
#4122=CARTESIAN_POINT('',(-5.00408189646009,4.676666296885));
#4123=CARTESIAN_POINT('',(-5.18520046823948,-176.116573020293,126.640646427113));
#4124=CARTESIAN_POINT('',(-5.18520046823948,-179.121507079003,126.640646427113));
#4125=CARTESIAN_POINT('',(-5.18520046823948,-184.411170369243,126.640646427113));
#4126=CARTESIAN_POINT('',(-5.18520046823948,-185.469905614063,126.640646427113));
#4127=CARTESIAN_POINT('',(-5.00408189646009,4.676666296885));
#4128=CARTESIAN_POINT('',(-5.00408189646009,1.671732238175));
#4129=CARTESIAN_POINT('',(-5.00408189646009,-3.61793105206499));
#4130=CARTESIAN_POINT('',(-5.00408189646009,-4.676666296885));
#4131=CARTESIAN_POINT('',(5.00408189645987,-4.676666296885));
#4132=CARTESIAN_POINT('',(-5.00408189646009,-4.676666296885));
#4133=CARTESIAN_POINT('',(4.67666629688497,-5.99999999999999));
#4134=CARTESIAN_POINT('',(-4.67666629688503,-5.99999999999999));
#4135=CARTESIAN_POINT('',(4.82296332468048,-176.116573020293,114.640646427113));
#4136=CARTESIAN_POINT('',(4.8229633246807,-176.116573020293,126.640646427113));
#4137=CARTESIAN_POINT('',(4.67666629688497,-5.99999999999999));
#4138=CARTESIAN_POINT('',(4.67666629688497,6.00000000000001));
#4139=CARTESIAN_POINT('',(-4.67666629688503,6.00000000000001));
#4140=CARTESIAN_POINT('',(4.67666629688497,6.00000000000001));
#4141=CARTESIAN_POINT('',(-4.67666629688503,-5.99999999999999));
#4142=CARTESIAN_POINT('',(-4.67666629688503,6.00000000000001));
#4143=CARTESIAN_POINT('',(-39.9933642611494,-176.116573020293,126.640646427113));
#4144=CARTESIAN_POINT('',(-39.9933642611494,-185.469905614063,126.640646427113));
#4145=CARTESIAN_POINT('',(-5.004081896455,4.676666296885));
#4146=CARTESIAN_POINT('',(-5.00408189645499,-4.67666629688501));
#4147=CARTESIAN_POINT('',(-39.9933642611494,-185.469905614063,126.640646427113));
#4148=CARTESIAN_POINT('',(-29.9852004682394,-185.469905614063,126.640646427113));
#4149=CARTESIAN_POINT('',(-5.00408189645499,-4.67666629688501));
#4150=CARTESIAN_POINT('',(5.00408189645501,-4.676666296885));
#4151=CARTESIAN_POINT('',(-29.9852004682394,-185.469905614063,126.640646427113));
#4152=CARTESIAN_POINT('',(-29.9852004682394,-184.411170369243,126.640646427113));
#4153=CARTESIAN_POINT('',(-29.9852004682394,-179.121507079003,126.640646427113));
#4154=CARTESIAN_POINT('',(-29.9852004682394,-176.116573020293,126.640646427113));
#4155=CARTESIAN_POINT('',(5.00408189645501,-4.676666296885));
#4156=CARTESIAN_POINT('',(5.004081896455,-3.61793105206499));
#4157=CARTESIAN_POINT('',(5.004081896455,1.671732238175));
#4158=CARTESIAN_POINT('',(5.004081896455,4.67666629688501));
#4159=CARTESIAN_POINT('',(-29.9852004682394,-176.116573020293,126.640646427113));
#4160=CARTESIAN_POINT('',(-39.9933642611494,-176.116573020293,126.640646427113));
#4161=CARTESIAN_POINT('',(5.004081896455,4.67666629688501));
#4162=CARTESIAN_POINT('',(-5.004081896455,4.676666296885));
#4163=CARTESIAN_POINT('',(-39.9933642611494,-185.469905614063,126.640646427113));
#4164=CARTESIAN_POINT('',(-39.9933642611494,-185.469905614063,114.640646427113));
#4165=CARTESIAN_POINT('',(-6.,-5.004081896455));
#4166=CARTESIAN_POINT('',(6.,-5.004081896455));
#4167=CARTESIAN_POINT('',(-39.9933642611494,-185.469905614063,114.640646427113));
#4168=CARTESIAN_POINT('',(-29.9852004682394,-185.469905614063,114.640646427113));
#4169=CARTESIAN_POINT('',(6.,-5.004081896455));
#4170=CARTESIAN_POINT('',(6.,5.004081896455));
#4171=CARTESIAN_POINT('',(-29.9852004682394,-185.469905614063,114.640646427113));
#4172=CARTESIAN_POINT('',(-29.9852004682394,-185.469905614063,126.640646427113));
#4173=CARTESIAN_POINT('',(6.,5.004081896455));
#4174=CARTESIAN_POINT('',(-6.,5.004081896455));
#4175=CARTESIAN_POINT('',(-6.,-5.004081896455));
#4176=CARTESIAN_POINT('',(-6.,5.004081896455));
#4177=CARTESIAN_POINT('',(4.67666629688503,6.00000000000001));
#4178=CARTESIAN_POINT('',(4.67666629688503,-5.99999999999999));
#4179=CARTESIAN_POINT('',(-4.67666629688497,6.00000000000001));
#4180=CARTESIAN_POINT('',(4.67666629688503,6.00000000000001));
#4181=CARTESIAN_POINT('',(-39.9933642611494,-176.116573020293,126.640646427113));
#4182=CARTESIAN_POINT('',(-39.9933642611494,-176.116573020293,114.640646427113));
#4183=CARTESIAN_POINT('',(-4.67666629688497,6.00000000000001));
#4184=CARTESIAN_POINT('',(-4.67666629688497,-5.99999999999999));
#4185=CARTESIAN_POINT('',(4.67666629688503,-5.99999999999999));
#4186=CARTESIAN_POINT('',(-4.67666629688497,-5.99999999999999));
#4187=CARTESIAN_POINT('',(-35.9852004682294,-197.617498426683,114.640646427113));
#4188=CARTESIAN_POINT('',(-35.9852004682294,-197.617498426683,118.102930888713));
#4189=CARTESIAN_POINT('',(11.6122623962265,0.));
#4190=CARTESIAN_POINT('',(15.0745468578272,0.));
#4191=CARTESIAN_POINT('',(-35.9852004682294,-197.617498426683,118.102930888713));
#4192=CARTESIAN_POINT('',(-29.9852004682294,-197.617498426683,118.102930888713));
#4193=CARTESIAN_POINT('',(15.0745468578272,0.));
#4194=CARTESIAN_POINT('',(15.0745468578272,1651.64727444472));
#4195=CARTESIAN_POINT('',(-29.9852004682294,-197.617498426683,118.102930888713));
#4196=CARTESIAN_POINT('',(-29.9852004682294,-197.617498426683,114.640646427113));
#4197=CARTESIAN_POINT('',(15.0745468578272,1651.64727444472));
#4198=CARTESIAN_POINT('',(11.6122623962265,1651.64727444472));
#4199=CARTESIAN_POINT('',(-29.9852004682294,-197.617498426683,114.640646427113));
#4200=CARTESIAN_POINT('',(-35.9852004682294,-197.617498426683,114.640646427113));
#4201=CARTESIAN_POINT('',(11.6122623962265,1651.64727444472));
#4202=CARTESIAN_POINT('',(11.6122623962265,0.));
#4203=CARTESIAN_POINT('',(-35.9852004682294,-197.617498426683,118.102930888713));
#4204=CARTESIAN_POINT('',(-35.9852004682294,-209.229760822913,118.102930888713));
#4205=CARTESIAN_POINT('',(15.0745468578272,0.));
#4206=CARTESIAN_POINT('',(26.6868092540536,0.));
#4207=CARTESIAN_POINT('',(-35.9852004682294,-209.229760822913,118.102930888713));
#4208=CARTESIAN_POINT('',(-29.9852004682294,-209.229760822913,118.102930888713));
#4209=CARTESIAN_POINT('',(26.6868092540536,0.));
#4210=CARTESIAN_POINT('',(26.6868092540536,1651.64727444472));
#4211=CARTESIAN_POINT('',(-29.9852004682294,-209.229760822913,118.102930888713));
#4212=CARTESIAN_POINT('',(-29.9852004682294,-197.617498426683,118.102930888713));
#4213=CARTESIAN_POINT('',(26.6868092540536,1651.64727444472));
#4214=CARTESIAN_POINT('',(15.0745468578272,1651.64727444472));
#4215=CARTESIAN_POINT('',(15.0745468578272,0.));
#4216=CARTESIAN_POINT('',(15.0745468578272,1651.64727444472));
#4217=CARTESIAN_POINT('',(-35.9852004682294,-209.229760822913,118.102930888713));
#4218=CARTESIAN_POINT('',(-35.9852004682294,-209.229760822913,114.640646427113));
#4219=CARTESIAN_POINT('',(26.6868092540536,0.));
#4220=CARTESIAN_POINT('',(30.1490937156543,0.));
#4221=CARTESIAN_POINT('',(-35.9852004682294,-209.229760822913,114.640646427113));
#4222=CARTESIAN_POINT('',(-29.9852004682294,-209.229760822913,114.640646427113));
#4223=CARTESIAN_POINT('',(30.1490937156543,0.));
#4224=CARTESIAN_POINT('',(30.1490937156543,1651.64727444472));
#4225=CARTESIAN_POINT('',(-29.9852004682294,-209.229760822913,114.640646427113));
#4226=CARTESIAN_POINT('',(-29.9852004682294,-209.229760822913,118.102930888713));
#4227=CARTESIAN_POINT('',(30.1490937156543,1651.64727444472));
#4228=CARTESIAN_POINT('',(26.6868092540536,1651.64727444472));
#4229=CARTESIAN_POINT('',(26.6868092540536,0.));
#4230=CARTESIAN_POINT('',(26.6868092540536,1651.64727444472));
#4231=CARTESIAN_POINT('',(5.80613119811502,1.73114223080002));
#4232=CARTESIAN_POINT('',(5.80613119811503,-1.73114223079998));
#4233=CARTESIAN_POINT('',(-5.80613119811497,1.73114223080001));
#4234=CARTESIAN_POINT('',(5.80613119811502,1.73114223080002));
#4235=CARTESIAN_POINT('',(-5.80613119811497,-1.73114223079999));
#4236=CARTESIAN_POINT('',(-5.80613119811497,1.73114223080001));
#4237=CARTESIAN_POINT('',(-35.9852004682294,-197.617498426683,114.640646427113));
#4238=CARTESIAN_POINT('',(-35.9852004682294,-209.229760822913,114.640646427113));
#4239=CARTESIAN_POINT('',(-5.80613119811497,-1.73114223079999));
#4240=CARTESIAN_POINT('',(5.80613119811503,-1.73114223079998));
#4241=CARTESIAN_POINT('',(-29.9852004682294,-209.229760822913,114.640646427113));
#4242=CARTESIAN_POINT('',(-29.9852004682294,-197.617498426683,114.640646427113));
#4243=CARTESIAN_POINT('',(-5.80613119811505,-1.73114223079999));
#4244=CARTESIAN_POINT('',(5.80613119811494,-1.73114223079998));
#4245=CARTESIAN_POINT('',(5.80613119811494,1.73114223080002));
#4246=CARTESIAN_POINT('',(5.80613119811494,-1.73114223079998));
#4247=CARTESIAN_POINT('',(-5.80613119811506,1.73114223080001));
#4248=CARTESIAN_POINT('',(5.80613119811494,1.73114223080002));
#4249=CARTESIAN_POINT('',(-5.80613119811505,-1.73114223079999));
#4250=CARTESIAN_POINT('',(-5.80613119811506,1.73114223080001));
#4251=CARTESIAN_POINT('',(0.814799531753444,-209.229760822913,114.640646427113));
#4252=CARTESIAN_POINT('',(0.814799531750513,-209.229760822913,118.102930888713));
#4253=CARTESIAN_POINT('',(0.,0.));
#4254=CARTESIAN_POINT('',(3.46228446160069,0.));
#4255=CARTESIAN_POINT('',(0.814799531750513,-209.229760822913,118.102930888713));
#4256=CARTESIAN_POINT('',(-5.18520046824949,-209.229760822913,118.102930888713));
#4257=CARTESIAN_POINT('',(3.46228446160069,0.));
#4258=CARTESIAN_POINT('',(3.46228446160069,1651.64727444472));
#4259=CARTESIAN_POINT('',(-5.18520046824949,-209.229760822913,118.102930888713));
#4260=CARTESIAN_POINT('',(-5.18520046824656,-209.229760822913,114.640646427113));
#4261=CARTESIAN_POINT('',(3.46228446160069,1651.64727444472));
#4262=CARTESIAN_POINT('',(0.,1651.64727444472));
#4263=CARTESIAN_POINT('',(-5.18520046824656,-209.229760822913,114.640646427113));
#4264=CARTESIAN_POINT('',(0.814799531753444,-209.229760822913,114.640646427113));
#4265=CARTESIAN_POINT('',(0.,1651.64727444472));
#4266=CARTESIAN_POINT('',(0.,0.));
#4267=CARTESIAN_POINT('',(0.814799531750513,-209.229760822913,118.102930888713));
#4268=CARTESIAN_POINT('',(0.814799531750513,-197.617498426683,118.102930888713));
#4269=CARTESIAN_POINT('',(3.46228446160069,0.));
#4270=CARTESIAN_POINT('',(15.0745468578272,0.));
#4271=CARTESIAN_POINT('',(0.814799531750513,-197.617498426683,118.102930888713));
#4272=CARTESIAN_POINT('',(-5.18520046824949,-197.617498426683,118.102930888713));
#4273=CARTESIAN_POINT('',(15.0745468578272,0.));
#4274=CARTESIAN_POINT('',(15.0745468578272,1651.64727444472));
#4275=CARTESIAN_POINT('',(-5.18520046824949,-197.617498426683,118.102930888713));
#4276=CARTESIAN_POINT('',(-5.18520046824949,-209.229760822913,118.102930888713));
#4277=CARTESIAN_POINT('',(15.0745468578272,1651.64727444472));
#4278=CARTESIAN_POINT('',(3.46228446160069,1651.64727444472));
#4279=CARTESIAN_POINT('',(3.46228446160069,0.));
#4280=CARTESIAN_POINT('',(3.46228446160069,1651.64727444472));
#4281=CARTESIAN_POINT('',(0.814799531750513,-197.617498426683,118.102930888713));
#4282=CARTESIAN_POINT('',(0.814799531753444,-197.617498426683,114.640646427113));
#4283=CARTESIAN_POINT('',(15.0745468578272,0.));
#4284=CARTESIAN_POINT('',(18.5368313194278,0.));
#4285=CARTESIAN_POINT('',(0.814799531753444,-197.617498426683,114.640646427113));
#4286=CARTESIAN_POINT('',(-5.18520046824656,-197.617498426683,114.640646427113));
#4287=CARTESIAN_POINT('',(18.5368313194278,0.));
#4288=CARTESIAN_POINT('',(18.5368313194278,1651.64727444472));
#4289=CARTESIAN_POINT('',(-5.18520046824656,-197.617498426683,114.640646427113));
#4290=CARTESIAN_POINT('',(-5.18520046824949,-197.617498426683,118.102930888713));
#4291=CARTESIAN_POINT('',(18.5368313194278,1651.64727444472));
#4292=CARTESIAN_POINT('',(15.0745468578272,1651.64727444472));
#4293=CARTESIAN_POINT('',(15.0745468578272,0.));
#4294=CARTESIAN_POINT('',(15.0745468578272,1651.64727444472));
#4295=CARTESIAN_POINT('',(0.814799531753444,-209.229760822913,114.640646427113));
#4296=CARTESIAN_POINT('',(0.814799531753444,-197.617498426683,114.640646427113));
#4297=CARTESIAN_POINT('',(-5.80613119811505,-1.73114223079999));
#4298=CARTESIAN_POINT('',(5.80613119811494,-1.73114223079998));
#4299=CARTESIAN_POINT('',(5.80613119811494,1.73114223080002));
#4300=CARTESIAN_POINT('',(5.80613119811494,-1.73114223079998));
#4301=CARTESIAN_POINT('',(-5.80613119811506,1.73114223080001));
#4302=CARTESIAN_POINT('',(5.80613119811494,1.73114223080002));
#4303=CARTESIAN_POINT('',(-5.80613119811505,-1.73114223079999));
#4304=CARTESIAN_POINT('',(-5.80613119811506,1.73114223080001));
#4305=CARTESIAN_POINT('',(5.80613119811502,1.73114223080002));
#4306=CARTESIAN_POINT('',(5.80613119811503,-1.73114223079998));
#4307=CARTESIAN_POINT('',(-5.80613119811497,1.73114223080001));
#4308=CARTESIAN_POINT('',(5.80613119811502,1.73114223080002));
#4309=CARTESIAN_POINT('',(-5.80613119811497,-1.73114223079999));
#4310=CARTESIAN_POINT('',(-5.80613119811497,1.73114223080001));
#4311=CARTESIAN_POINT('',(-5.18520046824656,-197.617498426683,114.640646427113));
#4312=CARTESIAN_POINT('',(-5.18520046824656,-209.229760822913,114.640646427113));
#4313=CARTESIAN_POINT('',(-5.80613119811497,-1.73114223079999));
#4314=CARTESIAN_POINT('',(5.80613119811503,-1.73114223079998));
#4315=CARTESIAN_POINT('',(-26.9852004682394,-176.116573020293,114.640646427113));
#4316=CARTESIAN_POINT('',(-26.9852004682394,-178.052589434483,114.640646427113));
#4317=CARTESIAN_POINT('',(-9.39999999999996,0.968008207095006));
#4318=CARTESIAN_POINT('',(-9.39999999999996,-0.968008207094986));
#4319=CARTESIAN_POINT('',(-26.9852004682394,-178.052589434483,114.640646427113));
#4320=CARTESIAN_POINT('',(-8.18520046823948,-178.052589434483,114.640646427113));
#4321=CARTESIAN_POINT('',(-9.39999999999996,-0.968008207094986));
#4322=CARTESIAN_POINT('',(9.39999999999996,-0.968008207094978));
#4323=CARTESIAN_POINT('',(-8.18520046823948,-178.052589434483,114.640646427113));
#4324=CARTESIAN_POINT('',(-8.18520046823948,-176.116573020293,114.640646427113));
#4325=CARTESIAN_POINT('',(9.39999999999996,-0.968008207094978));
#4326=CARTESIAN_POINT('',(9.39999999999996,0.968008207095015));
#4327=CARTESIAN_POINT('',(-8.18520046823948,-176.116573020293,114.640646427113));
#4328=CARTESIAN_POINT('',(-17.5852004682393,-176.116573020293,114.640646427113));
#4329=CARTESIAN_POINT('',(-26.9852004682394,-176.116573020293,114.640646427113));
#4330=CARTESIAN_POINT('',(9.39999999999996,0.968008207095015));
#4331=CARTESIAN_POINT('',(1.4210854715202E-13,0.968008207095011));
#4332=CARTESIAN_POINT('',(-9.39999999999996,0.968008207095006));
#4333=CARTESIAN_POINT('',(-10.2698877366814,-149.592949477633,126.640646427113));
#4334=CARTESIAN_POINT('',(-24.9005131997972,-149.592949477633,126.640646427113));
#4335=CARTESIAN_POINT('',(7.31531273155287,12.2618117713299));
#4336=CARTESIAN_POINT('',(-7.31531273156293,12.2618117713299));
#4337=CARTESIAN_POINT('',(-24.9005131997972,-149.592949477633,126.640646427113));
#4338=CARTESIAN_POINT('',(-28.4337809017707,-151.681010423557,126.640646427113));
#4339=CARTESIAN_POINT('',(-30.3324645436693,-155.319551284353,126.640646427113));
#4340=CARTESIAN_POINT('',(-7.31531273156293,12.2618117713299));
#4341=CARTESIAN_POINT('',(-10.8485804335363,10.1737508254064));
#4342=CARTESIAN_POINT('',(-12.747264075435,6.53520996460998));
#4343=CARTESIAN_POINT('',(-30.3324645436693,-155.319551284353,126.640646427113));
#4344=CARTESIAN_POINT('',(-30.3968221196923,-155.442882873098,126.640646427113));
#4345=CARTESIAN_POINT('',(-30.4553945805193,-155.569064667373,126.640646427113));
#4346=CARTESIAN_POINT('',(-12.747264075435,6.53520996460998));
#4347=CARTESIAN_POINT('',(-12.811621651458,6.41187837586525));
#4348=CARTESIAN_POINT('',(-12.870194112285,6.28569658158997));
#4349=CARTESIAN_POINT('',(-30.4553945805193,-155.569064667373,126.640646427113));
#4350=CARTESIAN_POINT('',(-39.9933642611494,-176.116573020293,126.640646427113));
#4351=CARTESIAN_POINT('',(-12.870194112285,6.28569658158997));
#4352=CARTESIAN_POINT('',(-22.4081637929151,-14.26181177133));
#4353=CARTESIAN_POINT('',(-12.4000000000051,-14.26181177133));
#4354=CARTESIAN_POINT('',(-22.4081637929151,-14.26181177133));
#4355=CARTESIAN_POINT('',(-29.9852004682394,-176.116573020293,126.640646427113));
#4356=CARTESIAN_POINT('',(-26.9852004682394,-176.116573020293,126.640646427113));
#4357=CARTESIAN_POINT('',(-12.4000000000051,-14.26181177133));
#4358=CARTESIAN_POINT('',(-9.40000000000506,-14.26181177133));
#4359=CARTESIAN_POINT('',(-26.9852004682394,-176.116573020293,126.640646427113));
#4360=CARTESIAN_POINT('',(-17.5852004682393,-176.116573020293,126.640646427113));
#4361=CARTESIAN_POINT('',(-8.18520046823948,-176.116573020293,126.640646427113));
#4362=CARTESIAN_POINT('',(-9.40000000000506,-14.26181177133));
#4363=CARTESIAN_POINT('',(-4.9595882956055E-12,-14.26181177133));
#4364=CARTESIAN_POINT('',(9.39999999999486,-14.26181177133));
#4365=CARTESIAN_POINT('',(-8.18520046823948,-176.116573020293,126.640646427113));
#4366=CARTESIAN_POINT('',(-5.18520046823948,-176.116573020293,126.640646427113));
#4367=CARTESIAN_POINT('',(9.39999999999486,-14.26181177133));
#4368=CARTESIAN_POINT('',(12.3999999999949,-14.26181177133));
#4369=CARTESIAN_POINT('',(22.408163792915,-14.26181177133));
#4370=CARTESIAN_POINT('',(12.3999999999949,-14.26181177133));
#4371=CARTESIAN_POINT('',(4.8229633246807,-176.116573020293,126.640646427113));
#4372=CARTESIAN_POINT('',(-4.71500635595941,-155.569064667363,126.640646427113));
#4373=CARTESIAN_POINT('',(22.408163792915,-14.26181177133));
#4374=CARTESIAN_POINT('',(12.8701941122749,6.28569658159998));
#4375=CARTESIAN_POINT('',(-4.71500635595941,-155.569064667363,126.640646427113));
#4376=CARTESIAN_POINT('',(-4.77357881678069,-155.44288287309,126.640646427114));
#4377=CARTESIAN_POINT('',(-4.83793639280941,-155.319551284353,126.640646427113));
#4378=CARTESIAN_POINT('',(12.8701941122749,6.28569658159998));
#4379=CARTESIAN_POINT('',(12.8116216514537,6.41187837587313));
#4380=CARTESIAN_POINT('',(12.7472640754249,6.53520996460998));
#4381=CARTESIAN_POINT('',(-4.83793639280941,-155.319551284353,126.640646427113));
#4382=CARTESIAN_POINT('',(-6.73662003470806,-151.681010423557,126.640646427113));
#4383=CARTESIAN_POINT('',(-10.2698877366814,-149.592949477633,126.640646427113));
#4384=CARTESIAN_POINT('',(12.7472640754249,6.53520996460998));
#4385=CARTESIAN_POINT('',(10.8485804335263,10.1737508254065));
#4386=CARTESIAN_POINT('',(7.31531273155287,12.2618117713299));
#4387=CARTESIAN_POINT('',(-29.7352004682394,-161.971399567863,126.640646427113));
#4388=CARTESIAN_POINT('',(-29.7352004683395,-149.825261951863,126.640646427112));
#4389=CARTESIAN_POINT('',(-17.5890634662493,-149.821400181863,126.640646427113));
#4390=CARTESIAN_POINT('',(-5.43906408035947,-149.817537183843,126.640646427112));
#4391=CARTESIAN_POINT('',(-5.4352010823394,-161.967536569733,126.640646427113));
#4392=CARTESIAN_POINT('',(-5.43133808431959,-174.117535955633,126.640646427112));
#4393=CARTESIAN_POINT('',(-17.5813374702194,-174.121398953653,126.640646427113));
#4394=CARTESIAN_POINT('',(-29.7313368561095,-174.125261951663,126.640646427112));
#4395=CARTESIAN_POINT('',(-29.7351998541293,-161.975262565773,126.640646427113));
#4396=CARTESIAN_POINT('',(-29.7352004682395,-161.973331066863,126.640646427112));
#4397=CARTESIAN_POINT('',(-29.7352004682394,-161.971399567863,126.640646427113));
#4398=CARTESIAN_POINT('',(-12.1500000000051,-0.116638318900016));
#4399=CARTESIAN_POINT('',(-12.1500000001052,12.0294992971));
#4400=CARTESIAN_POINT('',(-0.00386299801495937,12.0333610671));
#4401=CARTESIAN_POINT('',(12.1461363878749,12.03722406512));
#4402=CARTESIAN_POINT('',(12.1499993858949,-0.112775320770027));
#4403=CARTESIAN_POINT('',(12.1538623839148,-12.26277470667));
#4404=CARTESIAN_POINT('',(0.00386299801494161,-12.26663770469));
#4405=CARTESIAN_POINT('',(-12.1461363878752,-12.2705007027));
#4406=CARTESIAN_POINT('',(-12.149999385895,-0.120501316810021));
#4407=CARTESIAN_POINT('',(-12.1500000000052,-0.118569817900025));
#4408=CARTESIAN_POINT('',(-12.1500000000051,-0.116638318900016));
#4409=CARTESIAN_POINT('',(-26.7352004682394,-161.971399567833,126.640646427113));
#4410=CARTESIAN_POINT('',(-26.7352004681593,-171.121399567833,126.640646427113));
#4411=CARTESIAN_POINT('',(-17.5852004681593,-171.121399567753,126.640646427113));
#4412=CARTESIAN_POINT('',(-8.43520046815939,-171.121399567673,126.640646427113));
#4413=CARTESIAN_POINT('',(-8.43520046823926,-161.971399567673,126.640646427113));
#4414=CARTESIAN_POINT('',(19.0126094215025,1.57079632680461));
#4415=CARTESIAN_POINT('',(19.0126094215025,4.7123889803944));
#4416=CARTESIAN_POINT('',(-8.43520046823926,-161.971399567673,126.640646427113));
#4417=CARTESIAN_POINT('',(-8.43520046823948,-161.971399567673,109.46554695302));
#4418=CARTESIAN_POINT('',(19.0126094215025,4.7123889803944));
#4419=CARTESIAN_POINT('',(1.83750994740901,4.7123889803944));
#4420=CARTESIAN_POINT('',(-8.43520046823948,-161.971399567673,109.46554695302));
#4421=CARTESIAN_POINT('',(-8.43520046815833,-171.121399567674,109.46554695302));
#4422=CARTESIAN_POINT('',(-17.5852004681594,-171.121399567754,109.46554695302));
#4423=CARTESIAN_POINT('',(-26.7352004681605,-171.121399567834,109.46554695302));
#4424=CARTESIAN_POINT('',(-26.7352004682394,-161.971399567833,109.46554695302));
#4425=CARTESIAN_POINT('',(1.83750994740901,4.7123889803944));
#4426=CARTESIAN_POINT('',(1.83750994740904,1.57079632680461));
#4427=CARTESIAN_POINT('',(-26.7352004682394,-161.971399567833,109.46554695302));
#4428=CARTESIAN_POINT('',(-26.7352004682394,-161.971399567833,126.640646427113));
#4429=CARTESIAN_POINT('',(1.83750994740904,1.57079632680461));
#4430=CARTESIAN_POINT('',(19.0126094215025,1.57079632680461));
#4431=CARTESIAN_POINT('',(-12.1519311919099,-1.10025833746615E-10));
#4432=CARTESIAN_POINT('',(-12.15193119201,12.1461376158899));
#4433=CARTESIAN_POINT('',(-0.00579418991976155,12.14999938589));
#4434=CARTESIAN_POINT('',(12.1442051959701,12.15386238391));
#4435=CARTESIAN_POINT('',(12.1480681939901,0.0038629980199687));
#4436=CARTESIAN_POINT('',(12.15193119201,-12.14613638788));
#4437=CARTESIAN_POINT('',(0.00193180611015009,-12.1499993859));
#4438=CARTESIAN_POINT('',(-12.14806757978,-12.1538623839101));
#4439=CARTESIAN_POINT('',(-12.1519305777998,-0.00386299802002554));
#4440=CARTESIAN_POINT('',(-12.15193119191,-0.00193149911003497));
#4441=CARTESIAN_POINT('',(-12.1519311919099,-1.10025833746615E-10));
#4442=CARTESIAN_POINT('',(-26.7352004682394,-161.971399567833,126.640646427113));
#4443=CARTESIAN_POINT('',(-26.7352004683182,-152.821399567834,126.640646427113));
#4444=CARTESIAN_POINT('',(-17.5852004683193,-152.821399567754,126.640646427113));
#4445=CARTESIAN_POINT('',(-8.43520046832046,-152.821399567674,126.640646427113));
#4446=CARTESIAN_POINT('',(-8.43520046823926,-161.971399567673,126.640646427113));
#4447=CARTESIAN_POINT('',(-9.15193119190986,-8.00395980299093E-11));
#4448=CARTESIAN_POINT('',(-9.15193119198867,9.14999999991882));
#4449=CARTESIAN_POINT('',(-0.00193119198980085,9.14999999999884));
#4450=CARTESIAN_POINT('',(9.14806880800908,9.15000000007886));
#4451=CARTESIAN_POINT('',(9.14806880809028,7.99827528958055E-11));
#4452=CARTESIAN_POINT('',(-9.15193119190986,-8.00395980299093E-11));
#4453=CARTESIAN_POINT('',(-9.15193119182971,-9.15000000007999));
#4454=CARTESIAN_POINT('',(-0.00193119182977597,-9.14999999999995));
#4455=CARTESIAN_POINT('',(9.14806880817016,-9.14999999991995));
#4456=CARTESIAN_POINT('',(9.14806880809028,7.99827528958055E-11));
#4457=CARTESIAN_POINT('',(9.14999999999943,8.04618593974737E-11));
#4458=CARTESIAN_POINT('',(9.15000000008057,-9.14999999992063));
#4459=CARTESIAN_POINT('',(7.94706522810884E-11,-9.15000000000066));
#4460=CARTESIAN_POINT('',(-9.14999999992163,-9.15000000008064));
#4461=CARTESIAN_POINT('',(-9.1500000000005,-7.95523646957008E-11));
#4462=CARTESIAN_POINT('',(-8.43520046823948,-161.971399567673,109.46554695302));
#4463=CARTESIAN_POINT('',(-8.4352004683196,-152.821399567673,109.46554695302));
#4464=CARTESIAN_POINT('',(-17.5852004683194,-152.821399567753,109.46554695302));
#4465=CARTESIAN_POINT('',(-26.7352004683193,-152.821399567833,109.46554695302));
#4466=CARTESIAN_POINT('',(-26.7352004682394,-161.971399567833,109.46554695302));
#4467=CARTESIAN_POINT('',(9.14999999999943,8.04618593974737E-11));
#4468=CARTESIAN_POINT('',(9.1499999999193,9.1500000000803));
#4469=CARTESIAN_POINT('',(-8.05400190984074E-11,9.15000000000029));
#4470=CARTESIAN_POINT('',(-9.15000000008039,9.14999999992033));
#4471=CARTESIAN_POINT('',(-9.1500000000005,-7.95523646957008E-11));
#4472=CARTESIAN_POINT('',(11.3266606414017,-1.9602993974505));
#4473=CARTESIAN_POINT('',(11.3266606414017,-10.0397006025495));
#4474=CARTESIAN_POINT('',(11.3266606414017,10.0397006025495));
#4475=CARTESIAN_POINT('',(11.3266606414017,-1.9602993974505));
#4476=CARTESIAN_POINT('',(-11.3266606414022,10.0397006025495));
#4477=CARTESIAN_POINT('',(11.3266606414017,10.0397006025495));
#4478=CARTESIAN_POINT('',(-30.4553945805193,-155.569064667373,126.640646427113));
#4479=CARTESIAN_POINT('',(-30.4553945805193,-155.569064667373,106.561245222014));
#4480=CARTESIAN_POINT('',(-11.3266606414022,10.0397006025495));
#4481=CARTESIAN_POINT('',(-11.3266606414022,-10.0397006025495));
#4482=CARTESIAN_POINT('',(-30.4553945805193,-155.569064667373,106.561245222014));
#4483=CARTESIAN_POINT('',(-39.9933642611494,-176.116573020293,106.561245222014));
#4484=CARTESIAN_POINT('',(-11.3266606414022,-10.0397006025495));
#4485=CARTESIAN_POINT('',(11.3266606414017,-10.0397006025495));
#4486=CARTESIAN_POINT('',(0.49451797639332,2.12794012053052));
#4487=CARTESIAN_POINT('',(0.449360099229067,2.1279401205305));
#4488=CARTESIAN_POINT('',(-30.3324645436693,-155.319551284353,126.640646427113));
#4489=CARTESIAN_POINT('',(-30.3324645436693,-155.319551284353,106.561245222014));
#4490=CARTESIAN_POINT('',(0.49451797639332,2.12794012053052));
#4491=CARTESIAN_POINT('',(0.494517976398612,22.2073413256296));
#4492=CARTESIAN_POINT('',(-30.3324645436693,-155.319551284353,106.561245222014));
#4493=CARTESIAN_POINT('',(-30.3968221196923,-155.442882873098,106.561245222014));
#4494=CARTESIAN_POINT('',(-30.4553945805193,-155.569064667373,106.561245222014));
#4495=CARTESIAN_POINT('',(0.494517976398612,22.2073413256296));
#4496=CARTESIAN_POINT('',(0.449360099223721,22.2073413256296));
#4497=CARTESIAN_POINT('',(0.449360099229067,2.1279401205305));
#4498=CARTESIAN_POINT('',(0.449360099223721,22.2073413256296));
#4499=CARTESIAN_POINT('',(-10.2698877366816,-149.592949477633,106.561245222014));
#4500=CARTESIAN_POINT('',(-10.2698877366814,-149.592949477633,126.640646427113));
#4501=CARTESIAN_POINT('',(2.11635438937471,22.2073413256088));
#4502=CARTESIAN_POINT('',(2.11635438937471,2.12794012050998));
#4503=CARTESIAN_POINT('',(2.64707467719196,2.12794012050998));
#4504=CARTESIAN_POINT('',(2.11635438937471,2.12794012050998));
#4505=CARTESIAN_POINT('',(-4.83793639280941,-155.319551284353,126.640646427113));
#4506=CARTESIAN_POINT('',(-4.83793639280941,-155.319551284353,106.561245222014));
#4507=CARTESIAN_POINT('',(2.64707467719196,2.12794012050998));
#4508=CARTESIAN_POINT('',(2.64707467719196,22.2073413256088));
#4509=CARTESIAN_POINT('',(-4.83793639280941,-155.319551284353,106.561245222014));
#4510=CARTESIAN_POINT('',(-6.7366200347081,-151.681010423556,106.561245222014));
#4511=CARTESIAN_POINT('',(-10.2698877366816,-149.592949477633,106.561245222014));
#4512=CARTESIAN_POINT('',(2.64707467719196,22.2073413256088));
#4513=CARTESIAN_POINT('',(2.11635438937471,22.2073413256088));
#4514=CARTESIAN_POINT('',(2.64707467719339,2.12794012053154));
#4515=CARTESIAN_POINT('',(2.6470746771881,22.2073413256308));
#4516=CARTESIAN_POINT('',(2.69223255436246,2.12794012053151));
#4517=CARTESIAN_POINT('',(2.64707467719339,2.12794012053154));
#4518=CARTESIAN_POINT('',(-4.71500635595941,-155.569064667363,126.640646427113));
#4519=CARTESIAN_POINT('',(-4.71500635595941,-155.569064667363,106.561245222014));
#4520=CARTESIAN_POINT('',(2.69223255436246,2.12794012053151));
#4521=CARTESIAN_POINT('',(2.69223255436782,22.2073413256308));
#4522=CARTESIAN_POINT('',(-4.71500635595941,-155.569064667363,106.561245222014));
#4523=CARTESIAN_POINT('',(-4.7735788167807,-155.44288287309,106.561245222014));
#4524=CARTESIAN_POINT('',(-4.83793639280941,-155.319551284353,106.561245222014));
#4525=CARTESIAN_POINT('',(2.69223255436782,22.2073413256308));
#4526=CARTESIAN_POINT('',(2.6470746771881,22.2073413256308));
#4527=CARTESIAN_POINT('',(11.3266606414085,10.0397006025495));
#4528=CARTESIAN_POINT('',(11.3266606414085,-10.0397006025495));
#4529=CARTESIAN_POINT('',(-11.3266606414087,10.0397006025495));
#4530=CARTESIAN_POINT('',(11.3266606414085,10.0397006025495));
#4531=CARTESIAN_POINT('',(-11.3266606414086,-1.9602993974505));
#4532=CARTESIAN_POINT('',(-11.3266606414087,10.0397006025495));
#4533=CARTESIAN_POINT('',(-11.3266606414087,-10.0397006025495));
#4534=CARTESIAN_POINT('',(-11.3266606414086,-1.9602993974505));
#4535=CARTESIAN_POINT('',(4.8229633246807,-176.116573020293,106.561245222014));
#4536=CARTESIAN_POINT('',(-4.71500635595941,-155.569064667363,106.561245222014));
#4537=CARTESIAN_POINT('',(-11.3266606414087,-10.0397006025495));
#4538=CARTESIAN_POINT('',(11.3266606414085,-10.0397006025495));
#4539=CARTESIAN_POINT('',(-24.9005131997972,-149.592949477633,106.561245222014));
#4540=CARTESIAN_POINT('',(-10.2698877366816,-149.592949477633,106.561245222014));
#4541=CARTESIAN_POINT('',(7.31531273156282,12.2618117713299));
#4542=CARTESIAN_POINT('',(-7.3153127315528,12.2618117713299));
#4543=CARTESIAN_POINT('',(-12.7472640754249,6.53520996460999));
#4544=CARTESIAN_POINT('',(-10.8485804335263,10.1737508254065));
#4545=CARTESIAN_POINT('',(-7.3153127315528,12.2618117713299));
#4546=CARTESIAN_POINT('',(-12.8701941122749,6.28569658159998));
#4547=CARTESIAN_POINT('',(-12.8116216514537,6.41187837587312));
#4548=CARTESIAN_POINT('',(-12.7472640754249,6.53520996460999));
#4549=CARTESIAN_POINT('',(-22.408163792915,-14.26181177133));
#4550=CARTESIAN_POINT('',(-12.8701941122749,6.28569658159998));
#4551=CARTESIAN_POINT('',(4.8229633246807,-176.116573020293,106.561245222014));
#4552=CARTESIAN_POINT('',(-5.18520046823948,-176.116573020293,106.561245222014));
#4553=CARTESIAN_POINT('',(-22.408163792915,-14.26181177133));
#4554=CARTESIAN_POINT('',(-12.3999999999949,-14.26181177133));
#4555=CARTESIAN_POINT('',(-5.18520046823948,-176.116573020293,106.561245222014));
#4556=CARTESIAN_POINT('',(-8.18520046823948,-176.116573020293,106.561245222014));
#4557=CARTESIAN_POINT('',(-12.3999999999949,-14.26181177133));
#4558=CARTESIAN_POINT('',(-9.39999999999486,-14.26181177133));
#4559=CARTESIAN_POINT('',(-8.18520046823948,-176.116573020293,106.561245222014));
#4560=CARTESIAN_POINT('',(-26.9852004682394,-176.116573020293,106.561245222014));
#4561=CARTESIAN_POINT('',(-9.39999999999486,-14.26181177133));
#4562=CARTESIAN_POINT('',(9.40000000000506,-14.26181177133));
#4563=CARTESIAN_POINT('',(-26.9852004682394,-176.116573020293,106.561245222014));
#4564=CARTESIAN_POINT('',(-29.9852004682394,-176.116573020293,106.561245222014));
#4565=CARTESIAN_POINT('',(9.40000000000506,-14.26181177133));
#4566=CARTESIAN_POINT('',(12.4000000000051,-14.26181177133));
#4567=CARTESIAN_POINT('',(-29.9852004682394,-176.116573020293,106.561245222014));
#4568=CARTESIAN_POINT('',(-39.9933642611494,-176.116573020293,106.561245222014));
#4569=CARTESIAN_POINT('',(12.4000000000051,-14.26181177133));
#4570=CARTESIAN_POINT('',(22.4081637929151,-14.26181177133));
#4571=CARTESIAN_POINT('',(12.870194112285,6.28569658158998));
#4572=CARTESIAN_POINT('',(22.4081637929151,-14.26181177133));
#4573=CARTESIAN_POINT('',(12.7472640754349,6.53520996460998));
#4574=CARTESIAN_POINT('',(12.811621651458,6.41187837586525));
#4575=CARTESIAN_POINT('',(12.870194112285,6.28569658158998));
#4576=CARTESIAN_POINT('',(-30.3324645436693,-155.319551284353,106.561245222014));
#4577=CARTESIAN_POINT('',(-28.4337809017706,-151.681010423557,106.561245222014));
#4578=CARTESIAN_POINT('',(-24.9005131997972,-149.592949477633,106.561245222014));
#4579=CARTESIAN_POINT('',(12.7472640754349,6.53520996460998));
#4580=CARTESIAN_POINT('',(10.8485804335363,10.1737508254065));
#4581=CARTESIAN_POINT('',(7.31531273156282,12.2618117713299));
#4582=CARTESIAN_POINT('',(-26.9852004682394,-178.052589434483,106.561245222014));
#4583=CARTESIAN_POINT('',(-8.18520046823948,-178.052589434483,106.561245222014));
#4584=CARTESIAN_POINT('',(4.0397006025495,-9.39999999999996));
#4585=CARTESIAN_POINT('',(4.0397006025495,9.39999999999996));
#4586=CARTESIAN_POINT('',(-8.18520046823948,-178.052589434483,106.561245222014));
#4587=CARTESIAN_POINT('',(-8.18520046823948,-178.052589434483,114.640646427113));
#4588=CARTESIAN_POINT('',(4.0397006025495,9.39999999999996));
#4589=CARTESIAN_POINT('',(-4.0397006025495,9.39999999999996));
#4590=CARTESIAN_POINT('',(-4.0397006025495,-9.39999999999996));
#4591=CARTESIAN_POINT('',(-4.0397006025495,9.39999999999996));
#4592=CARTESIAN_POINT('',(-26.9852004682394,-178.052589434483,114.640646427113));
#4593=CARTESIAN_POINT('',(-26.9852004682394,-178.052589434483,106.561245222014));
#4594=CARTESIAN_POINT('',(-4.0397006025495,-9.39999999999996));
#4595=CARTESIAN_POINT('',(4.0397006025495,-9.39999999999996));
#4596=CARTESIAN_POINT('',(-29.0634718591394,-185.469905614063,106.561245222014));
#4597=CARTESIAN_POINT('',(-29.0634718591397,-185.469905614063,114.640646427113));
#4598=CARTESIAN_POINT('',(0.927940120509945,2.99219634915004));
#4599=CARTESIAN_POINT('',(9.00734132560896,2.99219634915124));
#4600=CARTESIAN_POINT('',(-29.0634718591397,-185.469905614063,114.640646427113));
#4601=CARTESIAN_POINT('',(-28.9902295458698,-185.480088013763,114.640646427112));
#4602=CARTESIAN_POINT('',(-28.9162828237194,-185.480088013763,114.640646427113));
#4603=CARTESIAN_POINT('',(9.00734132560896,2.99219634915124));
#4604=CARTESIAN_POINT('',(9.00734132560895,3.14159265359081));
#4605=CARTESIAN_POINT('',(-28.9162828237194,-185.480088013763,114.640646427113));
#4606=CARTESIAN_POINT('',(-28.9162828237194,-185.480088013764,106.561245222014));
#4607=CARTESIAN_POINT('',(9.00734132560895,3.14159265359081));
#4608=CARTESIAN_POINT('',(0.927940120509969,3.14159265358887));
#4609=CARTESIAN_POINT('',(-28.9162828237194,-185.480088013764,106.561245222014));
#4610=CARTESIAN_POINT('',(-29.0634718591394,-185.469905614063,106.561245222014));
#4611=CARTESIAN_POINT('',(0.927940120509969,3.14159265358887));
#4612=CARTESIAN_POINT('',(0.927940120509945,2.99219634915004));
#4613=CARTESIAN_POINT('',(-6.25411811275955,-185.480088013763,114.640646427113));
#4614=CARTESIAN_POINT('',(-6.2541181127591,-185.480088013764,106.561245222014));
#4615=CARTESIAN_POINT('',(4.03970060254946,11.3310823554797));
#4616=CARTESIAN_POINT('',(-4.03970060254954,11.3310823554801));
#4617=CARTESIAN_POINT('',(-6.2541181127591,-185.480088013764,106.561245222014));
#4618=CARTESIAN_POINT('',(-8.18520046823948,-185.469905614063,106.561245222014));
#4619=CARTESIAN_POINT('',(-4.03970060254954,11.3310823554801));
#4620=CARTESIAN_POINT('',(-4.03970060254954,9.39999999999976));
#4621=CARTESIAN_POINT('',(-8.18520046823948,-185.469905614063,106.561245222014));
#4622=CARTESIAN_POINT('',(-11.8045266697894,-185.469905614063,106.561245222014));
#4623=CARTESIAN_POINT('',(-13.0183356804195,-185.469905614063,106.561245222014));
#4624=CARTESIAN_POINT('',(-22.1683486001394,-185.469905614063,106.561245222014));
#4625=CARTESIAN_POINT('',(-23.3821576107695,-185.469905614063,106.561245222014));
#4626=CARTESIAN_POINT('',(-26.9852004682392,-185.469905614063,106.561245222014));
#4627=CARTESIAN_POINT('',(-4.03970060254954,9.39999999999976));
#4628=CARTESIAN_POINT('',(-4.03970060254954,5.78067379844984));
#4629=CARTESIAN_POINT('',(-4.03970060254954,4.56686478781974));
#4630=CARTESIAN_POINT('',(-4.03970060254954,-4.58314813190016));
#4631=CARTESIAN_POINT('',(-4.03970060254954,-5.79695714253026));
#4632=CARTESIAN_POINT('',(-4.03970060254955,-9.39999999999996));
#4633=CARTESIAN_POINT('',(-26.9852004682392,-185.469905614063,106.561245222014));
#4634=CARTESIAN_POINT('',(-28.9162828237194,-185.480088013764,106.561245222014));
#4635=CARTESIAN_POINT('',(-4.03970060254955,-9.39999999999996));
#4636=CARTESIAN_POINT('',(-4.03970060254955,-11.3310823554802));
#4637=CARTESIAN_POINT('',(4.03970060254946,-11.3310823554802));
#4638=CARTESIAN_POINT('',(-4.03970060254955,-11.3310823554802));
#4639=CARTESIAN_POINT('',(-28.9162828237194,-185.480088013763,114.640646427113));
#4640=CARTESIAN_POINT('',(-23.3821576107695,-185.480088013763,114.640646427113));
#4641=CARTESIAN_POINT('',(-22.1683486001394,-185.480088013763,114.640646427113));
#4642=CARTESIAN_POINT('',(-13.0183356804195,-185.480088013763,114.640646427113));
#4643=CARTESIAN_POINT('',(-11.8045266697894,-185.480088013763,114.640646427113));
#4644=CARTESIAN_POINT('',(-6.25411811275955,-185.480088013763,114.640646427113));
#4645=CARTESIAN_POINT('',(4.03970060254946,-11.3310823554802));
#4646=CARTESIAN_POINT('',(4.03970060254946,-5.79695714253026));
#4647=CARTESIAN_POINT('',(4.03970060254946,-4.58314813190016));
#4648=CARTESIAN_POINT('',(4.03970060254946,4.56686478781974));
#4649=CARTESIAN_POINT('',(4.03970060254946,5.78067379844984));
#4650=CARTESIAN_POINT('',(4.03970060254946,11.3310823554797));
#4651=CARTESIAN_POINT('',(-6.10692907732948,-185.469905614063,114.640646427113));
#4652=CARTESIAN_POINT('',(-6.10692907733948,-185.469905614063,106.561245222014));
#4653=CARTESIAN_POINT('',(9.00734132560894,4.86178528483259));
#4654=CARTESIAN_POINT('',(0.927940120509989,4.86178528482438));
#4655=CARTESIAN_POINT('',(-6.10692907733948,-185.469905614063,106.561245222014));
#4656=CARTESIAN_POINT('',(-6.2541181127591,-185.480088013764,106.561245222014));
#4657=CARTESIAN_POINT('',(0.927940120509989,4.86178528482438));
#4658=CARTESIAN_POINT('',(0.927940120509982,4.71238898038587));
#4659=CARTESIAN_POINT('',(9.00734132560896,4.71238898038351));
#4660=CARTESIAN_POINT('',(0.927940120509982,4.71238898038587));
#4661=CARTESIAN_POINT('',(-6.25411811275955,-185.480088013763,114.640646427113));
#4662=CARTESIAN_POINT('',(-6.18017139060419,-185.480088013765,114.640646427113));
#4663=CARTESIAN_POINT('',(-6.10692907732948,-185.469905614063,114.640646427113));
#4664=CARTESIAN_POINT('',(9.00734132560896,4.71238898038351));
#4665=CARTESIAN_POINT('',(9.00734132560894,4.86178528483259));
#4666=CARTESIAN_POINT('',(-17.5852004682293,-223.043258959553,108.280172217961));
#4667=CARTESIAN_POINT('',(-25.4965032393704,-223.043258959552,108.280172208016));
#4668=CARTESIAN_POINT('',(-30.2010839055794,-223.043258959553,114.640646427113));
#4669=CARTESIAN_POINT('',(2.32077360660248,5.15828260398903E-12));
#4670=CARTESIAN_POINT('',(2.32077361654748,-7.91130277113594));
#4671=CARTESIAN_POINT('',(-4.03970060254951,-12.6158834373449));
#4672=CARTESIAN_POINT('',(-30.2010839055794,-223.043258959553,114.640646427113));
#4673=CARTESIAN_POINT('',(-37.9933642611494,-223.043258959553,114.640646427113));
#4674=CARTESIAN_POINT('',(-4.03970060254951,-12.6158834373449));
#4675=CARTESIAN_POINT('',(-4.03970060254952,-20.4081637929149));
#4676=CARTESIAN_POINT('',(4.03970060254948,-20.4081637929149));
#4677=CARTESIAN_POINT('',(1.34656686751545,-20.4081637929146));
#4678=CARTESIAN_POINT('',(-1.34656686751552,-20.4081637929149));
#4679=CARTESIAN_POINT('',(-4.03970060254952,-20.4081637929149));
#4680=CARTESIAN_POINT('',(-37.9933642611494,-223.043258959553,106.561245222014));
#4681=CARTESIAN_POINT('',(2.82296332468048,-223.043258959553,106.561245222014));
#4682=CARTESIAN_POINT('',(4.03970060254948,-20.4081637929149));
#4683=CARTESIAN_POINT('',(4.03970060254949,20.4081637929149));
#4684=CARTESIAN_POINT('',(-4.03970060254951,20.4081637929149));
#4685=CARTESIAN_POINT('',(-1.34656686751651,20.4081637929149));
#4686=CARTESIAN_POINT('',(1.34656686751649,20.4081637929149));
#4687=CARTESIAN_POINT('',(4.03970060254949,20.4081637929149));
#4688=CARTESIAN_POINT('',(2.82296332468048,-223.043258959553,114.640646427113));
#4689=CARTESIAN_POINT('',(-4.96931707032934,-223.043258959553,114.640646427113));
#4690=CARTESIAN_POINT('',(-4.03970060254951,20.4081637929149));
#4691=CARTESIAN_POINT('',(-4.03970060254951,12.6158833979051));
#4692=CARTESIAN_POINT('',(-4.96931707032934,-223.043258959553,114.640646427113));
#4693=CARTESIAN_POINT('',(-9.6738977218283,-223.043258959554,108.280172227908));
#4694=CARTESIAN_POINT('',(-17.5852004682293,-223.043258959553,108.280172217961));
#4695=CARTESIAN_POINT('',(-4.03970060254951,12.6158833979051));
#4696=CARTESIAN_POINT('',(2.32077359665555,7.91130274640616));
#4697=CARTESIAN_POINT('',(2.32077360660248,5.15828260398903E-12));
#4698=CARTESIAN_POINT('',(-29.0634718591397,-185.469905614063,114.640646427113));
#4699=CARTESIAN_POINT('',(-29.9852004682394,-185.469905614063,114.640646427113));
#4700=CARTESIAN_POINT('',(-11.4782713909057,18.7866766727455));
#4701=CARTESIAN_POINT('',(-12.4000000000054,18.7866766727455));
#4702=CARTESIAN_POINT('',(-22.4081637929154,18.7866766727455));
#4703=CARTESIAN_POINT('',(-12.4000000000054,18.7866766727455));
#4704=CARTESIAN_POINT('',(-22.4081637929153,-16.7866766727445));
#4705=CARTESIAN_POINT('',(-22.4081637929154,18.7866766727455));
#4706=CARTESIAN_POINT('',(-20.4081637929153,-18.7866766727445));
#4707=CARTESIAN_POINT('',(-22.4081637929153,-18.7866766727444));
#4708=CARTESIAN_POINT('',(-22.4081637929153,-16.7866766727445));
#4709=CARTESIAN_POINT('',(-12.6158834373453,-18.7866766727445));
#4710=CARTESIAN_POINT('',(-20.4081637929153,-18.7866766727445));
#4711=CARTESIAN_POINT('',(-30.2010839055794,-223.043258959553,114.640646427113));
#4712=CARTESIAN_POINT('',(-30.2010839055794,-219.470435871563,114.640646427113));
#4713=CARTESIAN_POINT('',(-12.6158834373453,-18.7866766727445));
#4714=CARTESIAN_POINT('',(-12.6158834373453,-15.2138535847545));
#4715=CARTESIAN_POINT('',(-30.2010839055794,-219.470435871563,114.640646427113));
#4716=CARTESIAN_POINT('',(-27.6048223024194,-219.470435871563,114.640646427113));
#4717=CARTESIAN_POINT('',(-25.6592363080996,-219.470435871563,114.640646427113));
#4718=CARTESIAN_POINT('',(-12.6158834373453,-15.2138535847545));
#4719=CARTESIAN_POINT('',(-10.0196218341853,-15.2138535847545));
#4720=CARTESIAN_POINT('',(-8.07403583986555,-15.2138535847545));
#4721=CARTESIAN_POINT('',(-25.6592363080996,-219.470435871563,114.640646427113));
#4722=CARTESIAN_POINT('',(-25.6592363080996,-216.415865335373,114.640646427113));
#4723=CARTESIAN_POINT('',(-8.07403583986555,-15.2138535847545));
#4724=CARTESIAN_POINT('',(-8.07403583986555,-12.1592830485645));
#4725=CARTESIAN_POINT('',(-25.6592363080996,-216.415865335373,114.640646427113));
#4726=CARTESIAN_POINT('',(-24.0137148004293,-216.415865335373,114.640646427113));
#4727=CARTESIAN_POINT('',(-8.07403583986555,-12.1592830485645));
#4728=CARTESIAN_POINT('',(-6.42851433219525,-12.1592830485645));
#4729=CARTESIAN_POINT('',(-24.0137148004293,-216.415865335373,114.640646427113));
#4730=CARTESIAN_POINT('',(-22.2324124878295,-216.415865335373,114.640646427113));
#4731=CARTESIAN_POINT('',(-12.9379884486394,-216.415865335373,114.640646427113));
#4732=CARTESIAN_POINT('',(-11.1566861754897,-216.415865335373,114.640646427112));
#4733=CARTESIAN_POINT('',(-6.42851433219525,-12.1592830485645));
#4734=CARTESIAN_POINT('',(-4.64721201959545,-12.1592830485645));
#4735=CARTESIAN_POINT('',(4.64721201959465,-12.1592830485645));
#4736=CARTESIAN_POINT('',(6.42851429274435,-12.1592830485645));
#4737=CARTESIAN_POINT('',(-11.1566861754897,-216.415865335373,114.640646427112));
#4738=CARTESIAN_POINT('',(-9.51116466781934,-216.415865335373,114.640646427113));
#4739=CARTESIAN_POINT('',(6.42851429274435,-12.1592830485645));
#4740=CARTESIAN_POINT('',(8.07403580041471,-12.1592830485645));
#4741=CARTESIAN_POINT('',(-9.51116466781934,-216.415865335373,114.640646427113));
#4742=CARTESIAN_POINT('',(-9.51116466781934,-219.470435871563,114.640646427113));
#4743=CARTESIAN_POINT('',(8.07403580041471,-12.1592830485645));
#4744=CARTESIAN_POINT('',(8.07403580041471,-15.2138535847545));
#4745=CARTESIAN_POINT('',(-9.51116466781934,-219.470435871563,114.640646427113));
#4746=CARTESIAN_POINT('',(-7.56557867349931,-219.470435871563,114.640646427113));
#4747=CARTESIAN_POINT('',(-4.96931707033934,-219.470435871563,114.640646427113));
#4748=CARTESIAN_POINT('',(8.07403580041471,-15.2138535847545));
#4749=CARTESIAN_POINT('',(10.0196217947347,-15.2138535847545));
#4750=CARTESIAN_POINT('',(12.6158833978947,-15.2138535847545));
#4751=CARTESIAN_POINT('',(-4.96931707033934,-219.470435871563,114.640646427113));
#4752=CARTESIAN_POINT('',(-4.96931707032934,-223.043258959553,114.640646427113));
#4753=CARTESIAN_POINT('',(12.6158833978947,-15.2138535847545));
#4754=CARTESIAN_POINT('',(12.6158833979047,-18.7866766727445));
#4755=CARTESIAN_POINT('',(20.4081637929145,-18.7866766727445));
#4756=CARTESIAN_POINT('',(12.6158833979047,-18.7866766727445));
#4757=CARTESIAN_POINT('',(22.4081637929145,-16.7866766727445));
#4758=CARTESIAN_POINT('',(22.4081637929156,-18.7866766727455));
#4759=CARTESIAN_POINT('',(20.4081637929145,-18.7866766727445));
#4760=CARTESIAN_POINT('',(22.4081637929147,18.7866766727455));
#4761=CARTESIAN_POINT('',(22.4081637929145,-16.7866766727445));
#4762=CARTESIAN_POINT('',(12.3999999999946,18.7866766727455));
#4763=CARTESIAN_POINT('',(22.4081637929147,18.7866766727455));
#4764=CARTESIAN_POINT('',(-5.18520046823948,-185.469905614063,114.640646427113));
#4765=CARTESIAN_POINT('',(-6.10692907732948,-185.469905614063,114.640646427113));
#4766=CARTESIAN_POINT('',(12.3999999999946,18.7866766727455));
#4767=CARTESIAN_POINT('',(11.4782713909046,18.7866766727455));
#4768=CARTESIAN_POINT('',(11.3310823554745,18.7764942730455));
#4769=CARTESIAN_POINT('',(11.4050290776299,18.7764942730435));
#4770=CARTESIAN_POINT('',(11.4782713909046,18.7866766727455));
#4771=CARTESIAN_POINT('',(-11.3310823554854,18.7764942730455));
#4772=CARTESIAN_POINT('',(-5.79695714253545,18.7764942730455));
#4773=CARTESIAN_POINT('',(-4.58314813190535,18.7764942730455));
#4774=CARTESIAN_POINT('',(4.56686478781454,18.7764942730455));
#4775=CARTESIAN_POINT('',(5.78067379844464,18.7764942730455));
#4776=CARTESIAN_POINT('',(11.3310823554745,18.7764942730455));
#4777=CARTESIAN_POINT('',(-11.4782713909057,18.7866766727455));
#4778=CARTESIAN_POINT('',(-11.4050290776357,18.7764942730456));
#4779=CARTESIAN_POINT('',(-11.3310823554854,18.7764942730455));
#4780=CARTESIAN_POINT('',(-0.450181079569685,-193.843718521973,114.641164892395));
#4781=CARTESIAN_POINT('',(-2.15018107956954,-193.843718521973,114.641164892395));
#4782=CARTESIAN_POINT('',(-2.15018107956954,-192.143718521973,114.641164892395));
#4783=CARTESIAN_POINT('',(-2.15018107956954,-190.443718521973,114.641164892395));
#4784=CARTESIAN_POINT('',(-0.450181079569685,-190.443718521973,114.641164892395));
#4785=CARTESIAN_POINT('',(17.1350193886644,10.4128637648355));
#4786=CARTESIAN_POINT('',(15.4350193886645,10.4128637648356));
#4787=CARTESIAN_POINT('',(15.4350193886645,12.1128637648355));
#4788=CARTESIAN_POINT('',(15.4350193886645,13.8128637648354));
#4789=CARTESIAN_POINT('',(17.1350193886644,13.8128637648355));
#4790=CARTESIAN_POINT('',(-0.450181079569685,-190.443718521973,114.641164892395));
#4791=CARTESIAN_POINT('',(1.24981892043047,-190.443718521973,114.641164892395));
#4792=CARTESIAN_POINT('',(1.24981892043047,-192.143718521973,114.641164892395));
#4793=CARTESIAN_POINT('',(1.24981892043047,-193.843718521973,114.641164892395));
#4794=CARTESIAN_POINT('',(-0.450181079569685,-193.843718521973,114.641164892395));
#4795=CARTESIAN_POINT('',(17.1350193886644,13.8128637648355));
#4796=CARTESIAN_POINT('',(18.8350193886645,13.8128637648357));
#4797=CARTESIAN_POINT('',(18.8350193886645,12.1128637648355));
#4798=CARTESIAN_POINT('',(18.8350193886645,10.4128637648354));
#4799=CARTESIAN_POINT('',(17.1350193886644,10.4128637648355));
#4800=CARTESIAN_POINT('',(-34.7202201172394,-218.115864926563,114.641164892395));
#4801=CARTESIAN_POINT('',(-36.4202201172399,-218.115864926563,114.641164892395));
#4802=CARTESIAN_POINT('',(-36.4202201172399,-216.415864926563,114.641164892395));
#4803=CARTESIAN_POINT('',(-36.4202201172399,-214.715864926562,114.641164892395));
#4804=CARTESIAN_POINT('',(-34.7202201172394,-214.715864926563,114.641164892395));
#4805=CARTESIAN_POINT('',(-17.1350196490053,-13.8592826397545));
#4806=CARTESIAN_POINT('',(-18.8350196490058,-13.859282639755));
#4807=CARTESIAN_POINT('',(-18.8350196490058,-12.1592826397545));
#4808=CARTESIAN_POINT('',(-18.8350196490058,-10.459282639754));
#4809=CARTESIAN_POINT('',(-17.1350196490053,-10.4592826397545));
#4810=CARTESIAN_POINT('',(-34.7202201172394,-214.715864926563,114.641164892395));
#4811=CARTESIAN_POINT('',(-33.0202201172389,-214.715864926562,114.641164892395));
#4812=CARTESIAN_POINT('',(-33.0202201172389,-216.415864926563,114.641164892395));
#4813=CARTESIAN_POINT('',(-33.0202201172389,-218.115864926563,114.641164892395));
#4814=CARTESIAN_POINT('',(-34.7202201172394,-218.115864926563,114.641164892395));
#4815=CARTESIAN_POINT('',(-17.1350196490053,-10.4592826397545));
#4816=CARTESIAN_POINT('',(-15.4350196490048,-10.459282639754));
#4817=CARTESIAN_POINT('',(-15.4350196490048,-12.1592826397545));
#4818=CARTESIAN_POINT('',(-15.4350196490048,-13.859282639755));
#4819=CARTESIAN_POINT('',(-17.1350196490053,-13.8592826397545));
#4820=CARTESIAN_POINT('',(-0.450181339899355,-218.115864926563,114.641164892395));
#4821=CARTESIAN_POINT('',(-2.15018133990466,-218.115864926573,114.641164892395));
#4822=CARTESIAN_POINT('',(-2.15018133990966,-216.415864926568,114.641164892395));
#4823=CARTESIAN_POINT('',(-2.15018133991467,-214.715864926563,114.641164892395));
#4824=CARTESIAN_POINT('',(-0.45018133990936,-214.715864926563,114.641164892395));
#4825=CARTESIAN_POINT('',(17.1350191283347,-13.8592826397545));
#4826=CARTESIAN_POINT('',(15.4350191283294,-13.8592826397648));
#4827=CARTESIAN_POINT('',(15.4350191283244,-12.1592826397595));
#4828=CARTESIAN_POINT('',(15.4350191283194,-10.4592826397542));
#4829=CARTESIAN_POINT('',(17.1350191283247,-10.4592826397545));
#4830=CARTESIAN_POINT('',(-0.45018133990936,-214.715864926563,114.641164892395));
#4831=CARTESIAN_POINT('',(1.24981866008502,-214.715864926564,114.641164892395));
#4832=CARTESIAN_POINT('',(1.24981866009002,-216.415864926558,114.641164892395));
#4833=CARTESIAN_POINT('',(1.24981866009502,-218.115864926552,114.641164892395));
#4834=CARTESIAN_POINT('',(-0.450181339899355,-218.115864926563,114.641164892395));
#4835=CARTESIAN_POINT('',(17.1350191283247,-10.4592826397545));
#4836=CARTESIAN_POINT('',(18.8350191283191,-10.4592826397552));
#4837=CARTESIAN_POINT('',(18.8350191283241,-12.1592826397495));
#4838=CARTESIAN_POINT('',(18.8350191283291,-13.8592826397439));
#4839=CARTESIAN_POINT('',(17.1350191283347,-13.8592826397545));
#4840=CARTESIAN_POINT('',(-34.7202198568995,-193.843718521973,114.641164892395));
#4841=CARTESIAN_POINT('',(-36.4202198568995,-193.843718521973,114.641164892395));
#4842=CARTESIAN_POINT('',(-36.4202198568995,-192.143718521973,114.641164892395));
#4843=CARTESIAN_POINT('',(-36.4202198568995,-190.443718521973,114.641164892395));
#4844=CARTESIAN_POINT('',(-34.7202198568995,-190.443718521973,114.641164892395));
#4845=CARTESIAN_POINT('',(-17.1350193886655,10.4128637648355));
#4846=CARTESIAN_POINT('',(-18.8350193886654,10.4128637648355));
#4847=CARTESIAN_POINT('',(-18.8350193886654,12.1128637648355));
#4848=CARTESIAN_POINT('',(-18.8350193886654,13.8128637648355));
#4849=CARTESIAN_POINT('',(-17.1350193886655,13.8128637648355));
#4850=CARTESIAN_POINT('',(-34.7202198568995,-190.443718521973,114.641164892395));
#4851=CARTESIAN_POINT('',(-33.0202198568986,-190.443718521972,114.641164892395));
#4852=CARTESIAN_POINT('',(-33.0202198568986,-192.143718521973,114.641164892395));
#4853=CARTESIAN_POINT('',(-33.0202198568986,-193.843718521974,114.641164892395));
#4854=CARTESIAN_POINT('',(-34.7202198568995,-193.843718521973,114.641164892395));
#4855=CARTESIAN_POINT('',(-17.1350193886655,13.8128637648355));
#4856=CARTESIAN_POINT('',(-15.4350193886646,13.8128637648364));
#4857=CARTESIAN_POINT('',(-15.4350193886646,12.1128637648355));
#4858=CARTESIAN_POINT('',(-15.4350193886646,10.4128637648346));
#4859=CARTESIAN_POINT('',(-17.1350193886655,10.4128637648355));
#4860=CARTESIAN_POINT('',(-18.3999999999954,6.63908386012551));
#4861=CARTESIAN_POINT('',(-18.3999999999954,-4.97317853610449));
#4862=CARTESIAN_POINT('',(-12.3999999999954,6.63908386012551));
#4863=CARTESIAN_POINT('',(-18.3999999999954,6.63908386012551));
#4864=CARTESIAN_POINT('',(-12.3999999999953,-4.97317853610449));
#4865=CARTESIAN_POINT('',(-12.3999999999954,6.63908386012551));
#4866=CARTESIAN_POINT('',(-18.3999999999954,-4.97317853610449));
#4867=CARTESIAN_POINT('',(-12.3999999999953,-4.97317853610449));
#4868=CARTESIAN_POINT('',(18.399999999989,6.63908386012551));
#4869=CARTESIAN_POINT('',(12.399999999989,6.63908386012551));
#4870=CARTESIAN_POINT('',(18.399999999989,-4.97317853610448));
#4871=CARTESIAN_POINT('',(18.399999999989,6.63908386012551));
#4872=CARTESIAN_POINT('',(12.399999999989,-4.97317853610448));
#4873=CARTESIAN_POINT('',(18.399999999989,-4.97317853610448));
#4874=CARTESIAN_POINT('',(12.399999999989,6.63908386012551));
#4875=CARTESIAN_POINT('',(12.399999999989,-4.97317853610448));
#4876=CARTESIAN_POINT('',(-1.5040808990035,-4.03701791993515));
#4877=CARTESIAN_POINT('',(-1.5040808990035,-2.39149641226485));
#4878=CARTESIAN_POINT('',(-25.6592363080996,-216.415865335373,114.640646427113));
#4879=CARTESIAN_POINT('',(-22.1825972112496,-216.415865335373,111.632484629106));
#4880=CARTESIAN_POINT('',(-17.5852004682293,-216.415865335373,111.632484636453));
#4881=CARTESIAN_POINT('',(-1.5040808990035,-4.03701791993515));
#4882=CARTESIAN_POINT('',(1.50408089900346,-0.560378823085192));
#4883=CARTESIAN_POINT('',(1.5040808916565,4.03701791993515));
#4884=CARTESIAN_POINT('',(-17.5852004682293,-216.415865335373,111.632484636453));
#4885=CARTESIAN_POINT('',(-17.5852004682393,-216.415865335373,112.640646427113));
#4886=CARTESIAN_POINT('',(1.5040808916565,4.03701791993515));
#4887=CARTESIAN_POINT('',(0.495919100996504,4.03701791992515));
#4888=CARTESIAN_POINT('',(-17.5852004682393,-216.415865335373,112.640646427113));
#4889=CARTESIAN_POINT('',(-21.1105715105615,-216.415865335373,112.640646420978));
#4890=CARTESIAN_POINT('',(-24.0137148004293,-216.415865335373,114.640646427113));
#4891=CARTESIAN_POINT('',(0.495919100996504,4.03701791992515));
#4892=CARTESIAN_POINT('',(0.495919107131483,0.51164687760291));
#4893=CARTESIAN_POINT('',(-1.5040808990035,-2.39149641226485));
#4894=CARTESIAN_POINT('',(4.050105396789,4.0680830285314));
#4895=CARTESIAN_POINT('',(4.05010539678908,3.14159265498635));
#4896=CARTESIAN_POINT('',(0.477282308799019,4.06808302853104));
#4897=CARTESIAN_POINT('',(4.050105396789,4.0680830285314));
#4898=CARTESIAN_POINT('',(-4.96931707033934,-219.470435871563,114.640646427113));
#4899=CARTESIAN_POINT('',(-9.67389772183009,-219.470435871564,108.280172227904));
#4900=CARTESIAN_POINT('',(-17.5852004682293,-219.470435871563,108.280172217961));
#4901=CARTESIAN_POINT('',(0.477282308799019,4.06808302853104));
#4902=CARTESIAN_POINT('',(0.477282308798999,3.14159265498635));
#4903=CARTESIAN_POINT('',(-17.5852004682293,-219.470435871563,108.280172217961));
#4904=CARTESIAN_POINT('',(-17.5852004682293,-223.043258959553,108.280172217961));
#4905=CARTESIAN_POINT('',(0.477282308798999,3.14159265498635));
#4906=CARTESIAN_POINT('',(4.05010539678908,3.14159265498635));
#4907=CARTESIAN_POINT('',(-3.18023710457601,1.76609410146498));
#4908=CARTESIAN_POINT('',(-3.18023710457601,3.71168009578501));
#4909=CARTESIAN_POINT('',(-3.18023710457601,6.30794169894498));
#4910=CARTESIAN_POINT('',(-9.51116466781934,-219.470435871563,114.640646427113));
#4911=CARTESIAN_POINT('',(-12.9878037476772,-219.470435871564,111.632484643806));
#4912=CARTESIAN_POINT('',(-17.5852004682293,-219.470435871563,111.632484636455));
#4913=CARTESIAN_POINT('',(-3.18023710457601,1.76609410146498));
#4914=CARTESIAN_POINT('',(-0.17207532126897,-1.71054497839284));
#4915=CARTESIAN_POINT('',(-0.172075313918014,-6.30794169894498));
#4916=CARTESIAN_POINT('',(-17.5852004682293,-219.470435871563,111.632484636455));
#4917=CARTESIAN_POINT('',(-17.5852004682293,-219.470435871563,108.280172217961));
#4918=CARTESIAN_POINT('',(-0.172075313918014,-6.30794169894498));
#4919=CARTESIAN_POINT('',(3.18023710457599,-6.30794169894498));
#4920=CARTESIAN_POINT('',(-3.18023710457601,6.30794169894498));
#4921=CARTESIAN_POINT('',(3.18023709463294,1.60336104745423));
#4922=CARTESIAN_POINT('',(3.18023710457599,-6.30794169894498));
#4923=CARTESIAN_POINT('',(0.425457053619026,2.42459540975499));
#4924=CARTESIAN_POINT('',(0.425457053619038,3.14159265536576));
#4925=CARTESIAN_POINT('',(3.48002758980926,2.42459540975498));
#4926=CARTESIAN_POINT('',(0.425457053619026,2.42459540975499));
#4927=CARTESIAN_POINT('',(-25.6592363080996,-219.470435871563,114.640646427113));
#4928=CARTESIAN_POINT('',(-22.1825972112493,-219.470435871564,111.632484629107));
#4929=CARTESIAN_POINT('',(-17.5852004682293,-219.470435871563,111.632484636455));
#4930=CARTESIAN_POINT('',(3.48002758980926,2.42459540975498));
#4931=CARTESIAN_POINT('',(3.48002758980922,3.14159265536576));
#4932=CARTESIAN_POINT('',(-17.5852004682293,-219.470435871563,111.632484636455));
#4933=CARTESIAN_POINT('',(-17.5852004682293,-216.415865335373,111.632484636453));
#4934=CARTESIAN_POINT('',(3.48002758980922,3.14159265536576));
#4935=CARTESIAN_POINT('',(0.425457053619038,3.14159265536576));
#4936=CARTESIAN_POINT('',(-1.50408089532901,2.39149639253962));
#4937=CARTESIAN_POINT('',(-1.50408089533001,4.03701790020998));
#4938=CARTESIAN_POINT('',(-11.1566861754897,-216.415865335373,114.640646427112));
#4939=CARTESIAN_POINT('',(-14.0598294475465,-216.415865335372,112.640646433249));
#4940=CARTESIAN_POINT('',(-17.5852004682393,-216.415865335373,112.640646427113));
#4941=CARTESIAN_POINT('',(-1.50408089532901,2.39149639253962));
#4942=CARTESIAN_POINT('',(0.495919098534089,-0.511646879517144));
#4943=CARTESIAN_POINT('',(0.495919104669994,-4.03701790020998));
#4944=CARTESIAN_POINT('',(1.50408089532999,-4.03701790019998));
#4945=CARTESIAN_POINT('',(0.495919104669994,-4.03701790020998));
#4946=CARTESIAN_POINT('',(-17.5852004682293,-216.415865335373,111.632484636453));
#4947=CARTESIAN_POINT('',(-12.9878037476764,-216.415865335374,111.632484643804));
#4948=CARTESIAN_POINT('',(-9.51116466781934,-216.415865335373,114.640646427113));
#4949=CARTESIAN_POINT('',(1.50408089532999,-4.03701790019998));
#4950=CARTESIAN_POINT('',(1.50408088797902,0.5603788203529));
#4951=CARTESIAN_POINT('',(-1.50408089533001,4.03701790020998));
#4952=CARTESIAN_POINT('',(-17.5852004682293,-219.470435871563,108.280172217961));
#4953=CARTESIAN_POINT('',(-25.4965032393694,-219.470435871563,108.280172208018));
#4954=CARTESIAN_POINT('',(-30.2010839055794,-219.470435871563,114.640646427113));
#4955=CARTESIAN_POINT('',(0.477282308798925,3.14159265498635));
#4956=CARTESIAN_POINT('',(0.477282308798998,2.21510227864856));
#4957=CARTESIAN_POINT('',(4.050105396789,2.21510227864856));
#4958=CARTESIAN_POINT('',(0.477282308798998,2.21510227864856));
#4959=CARTESIAN_POINT('',(4.050105396789,3.14159265498635));
#4960=CARTESIAN_POINT('',(4.050105396789,2.21510227864856));
#4961=CARTESIAN_POINT('',(0.477282308798925,3.14159265498635));
#4962=CARTESIAN_POINT('',(4.050105396789,3.14159265498635));
#4963=CARTESIAN_POINT('',(-3.18023710954799,-6.30794171867505));
#4964=CARTESIAN_POINT('',(-3.180237109548,-3.71168011551505));
#4965=CARTESIAN_POINT('',(-3.180237109548,-1.76609412119525));
#4966=CARTESIAN_POINT('',(3.180237099604,6.30794171867505));
#4967=CARTESIAN_POINT('',(3.18023710954695,-1.60336105246502));
#4968=CARTESIAN_POINT('',(-3.18023710954799,-6.30794171867505));
#4969=CARTESIAN_POINT('',(-0.172075318890003,6.30794171867505));
#4970=CARTESIAN_POINT('',(3.180237099604,6.30794171867505));
#4971=CARTESIAN_POINT('',(-3.180237109548,-1.76609412119525));
#4972=CARTESIAN_POINT('',(-0.172075311541984,1.71054497565505));
#4973=CARTESIAN_POINT('',(-0.172075318890003,6.30794171867505));
#4974=CARTESIAN_POINT('',(3.48002758980872,3.8585898974246));
#4975=CARTESIAN_POINT('',(3.48002758980874,3.14159265536576));
#4976=CARTESIAN_POINT('',(0.425457053618995,3.8585898974246));
#4977=CARTESIAN_POINT('',(3.48002758980872,3.8585898974246));
#4978=CARTESIAN_POINT('',(0.425457053618936,3.14159265536576));
#4979=CARTESIAN_POINT('',(0.425457053618995,3.8585898974246));
#4980=CARTESIAN_POINT('',(3.48002758980874,3.14159265536576));
#4981=CARTESIAN_POINT('',(0.425457053618936,3.14159265536576));
#4982=CARTESIAN_POINT('',(-1.00000000306801,-6.42851431246978));
#4983=CARTESIAN_POINT('',(-1.00000000306801,-4.64721199986998));
#4984=CARTESIAN_POINT('',(-1.00000000306802,4.64721203932012));
#4985=CARTESIAN_POINT('',(-1.00000000306702,6.42851431246982));
#4986=CARTESIAN_POINT('',(0.99999999693199,1.97202187912637E-8));
#4987=CARTESIAN_POINT('',(1.00000000306697,-3.52537102260202));
#4988=CARTESIAN_POINT('',(-1.00000000306801,-6.42851431246978));
#4989=CARTESIAN_POINT('',(-1.00000000306702,6.42851431246982));
#4990=CARTESIAN_POINT('',(0.999999990796069,3.52537104041306));
#4991=CARTESIAN_POINT('',(0.99999999693199,1.97202187912637E-8));
#4992=CARTESIAN_POINT('',(-26.9852004682394,-176.116573020293,126.640646427113));
#4993=CARTESIAN_POINT('',(-26.9852004682394,-176.116573020293,114.640646427113));
#4994=CARTESIAN_POINT('',(-5.99999999999997,-9.39999999999996));
#4995=CARTESIAN_POINT('',(6.00000000000003,-9.39999999999996));
#4996=CARTESIAN_POINT('',(6.00000000000003,9.39999999999997));
#4997=CARTESIAN_POINT('',(6.00000000000003,1.45661260830821E-13));
#4998=CARTESIAN_POINT('',(6.00000000000003,-9.39999999999996));
#4999=CARTESIAN_POINT('',(-8.18520046823948,-176.116573020293,114.640646427113));
#5000=CARTESIAN_POINT('',(-8.18520046823948,-176.116573020293,126.640646427113));
#5001=CARTESIAN_POINT('',(6.00000000000003,9.39999999999997));
#5002=CARTESIAN_POINT('',(-5.99999999999997,9.39999999999997));
#5003=CARTESIAN_POINT('',(-5.99999999999997,-9.39999999999996));
#5004=CARTESIAN_POINT('',(-5.99999999999997,1.45661260830821E-13));
#5005=CARTESIAN_POINT('',(-5.99999999999997,9.39999999999997));
#5006=CARTESIAN_POINT('',(9.39999999999996,-0.968008207095015));
#5007=CARTESIAN_POINT('',(-9.39999999999996,-0.968008207095006));
#5008=CARTESIAN_POINT('',(-26.9852004682394,-178.052589434483,106.561245222014));
#5009=CARTESIAN_POINT('',(-26.9852004682394,-176.116573020293,106.561245222014));
#5010=CARTESIAN_POINT('',(9.39999999999996,-0.968008207095015));
#5011=CARTESIAN_POINT('',(9.39999999999996,0.968008207094978));
#5012=CARTESIAN_POINT('',(-9.39999999999996,0.968008207094986));
#5013=CARTESIAN_POINT('',(9.39999999999996,0.968008207094978));
#5014=CARTESIAN_POINT('',(-8.18520046823948,-176.116573020293,106.561245222014));
#5015=CARTESIAN_POINT('',(-8.18520046823948,-178.052589434483,106.561245222014));
#5016=CARTESIAN_POINT('',(-9.39999999999996,0.968008207094986));
#5017=CARTESIAN_POINT('',(-9.39999999999996,-0.968008207095006));
#5018=CARTESIAN_POINT('',(-29.0634718591394,-185.469905614063,106.561245222014));
#5019=CARTESIAN_POINT('',(-28.9162828237194,-185.480088013764,106.561245222014));
#5020=CARTESIAN_POINT('',(11.4782713909044,14.1100103758605));
#5021=CARTESIAN_POINT('',(11.3310823554844,14.0998279761595));
#5022=CARTESIAN_POINT('',(-28.9162828237194,-185.480088013764,106.561245222014));
#5023=CARTESIAN_POINT('',(-26.9852004682392,-185.469905614063,106.561245222014));
#5024=CARTESIAN_POINT('',(11.3310823554844,14.0998279761595));
#5025=CARTESIAN_POINT('',(9.40000000000422,14.1100103758605));
#5026=CARTESIAN_POINT('',(-9.3999999999955,14.1100103758605));
#5027=CARTESIAN_POINT('',(-5.78067379844558,14.1100103758605));
#5028=CARTESIAN_POINT('',(-4.56686478781548,14.1100103758605));
#5029=CARTESIAN_POINT('',(4.58314813190442,14.1100103758605));
#5030=CARTESIAN_POINT('',(5.79695714253452,14.1100103758605));
#5031=CARTESIAN_POINT('',(9.40000000000422,14.1100103758605));
#5032=CARTESIAN_POINT('',(-8.18520046823948,-185.469905614063,106.561245222014));
#5033=CARTESIAN_POINT('',(-6.2541181127591,-185.480088013764,106.561245222014));
#5034=CARTESIAN_POINT('',(-9.3999999999955,14.1100103758605));
#5035=CARTESIAN_POINT('',(-11.3310823554759,14.0998279761595));
#5036=CARTESIAN_POINT('',(-6.2541181127591,-185.480088013764,106.561245222014));
#5037=CARTESIAN_POINT('',(-6.10692907733948,-185.469905614063,106.561245222014));
#5038=CARTESIAN_POINT('',(-11.3310823554759,14.0998279761595));
#5039=CARTESIAN_POINT('',(-11.4782713908955,14.1100103758605));
#5040=CARTESIAN_POINT('',(-6.10692907733948,-185.469905614063,106.561245222014));
#5041=CARTESIAN_POINT('',(-5.18520046823948,-185.469905614063,106.561245222014));
#5042=CARTESIAN_POINT('',(-11.4782713908955,14.1100103758605));
#5043=CARTESIAN_POINT('',(-12.3999999999955,14.1100103758605));
#5044=CARTESIAN_POINT('',(-5.18520046823948,-185.469905614063,106.561245222014));
#5045=CARTESIAN_POINT('',(-5.18520046823948,-184.411170369243,106.561245222014));
#5046=CARTESIAN_POINT('',(-5.18520046823948,-179.121507079003,106.561245222014));
#5047=CARTESIAN_POINT('',(-5.18520046823948,-176.116573020293,106.561245222014));
#5048=CARTESIAN_POINT('',(-12.3999999999955,14.1100103758605));
#5049=CARTESIAN_POINT('',(-12.3999999999955,15.1687456206805));
#5050=CARTESIAN_POINT('',(-12.3999999999955,20.4584089109205));
#5051=CARTESIAN_POINT('',(-12.3999999999955,23.4633429696305));
#5052=CARTESIAN_POINT('',(-22.4081637929157,23.4633429696305));
#5053=CARTESIAN_POINT('',(-12.3999999999955,23.4633429696305));
#5054=CARTESIAN_POINT('',(-22.4081637929155,-21.4633429696295));
#5055=CARTESIAN_POINT('',(-22.4081637929157,23.4633429696305));
#5056=CARTESIAN_POINT('',(-20.4081637929155,-23.4633429696295));
#5057=CARTESIAN_POINT('',(-22.4081637929154,-23.4633429696294));
#5058=CARTESIAN_POINT('',(-22.4081637929155,-21.4633429696295));
#5059=CARTESIAN_POINT('',(20.4081637929144,-23.4633429696295));
#5060=CARTESIAN_POINT('',(-20.4081637929155,-23.4633429696295));
#5061=CARTESIAN_POINT('',(22.4081637929144,-21.4633429696295));
#5062=CARTESIAN_POINT('',(22.4081637929155,-23.4633429696306));
#5063=CARTESIAN_POINT('',(20.4081637929144,-23.4633429696295));
#5064=CARTESIAN_POINT('',(22.4081637929144,23.4633429696305));
#5065=CARTESIAN_POINT('',(22.4081637929144,-21.4633429696295));
#5066=CARTESIAN_POINT('',(12.4000000000044,23.4633429696305));
#5067=CARTESIAN_POINT('',(22.4081637929144,23.4633429696305));
#5068=CARTESIAN_POINT('',(-29.9852004682394,-176.116573020293,106.561245222014));
#5069=CARTESIAN_POINT('',(-29.9852004682394,-179.121507079003,106.561245222014));
#5070=CARTESIAN_POINT('',(-29.9852004682394,-184.411170369243,106.561245222014));
#5071=CARTESIAN_POINT('',(-29.9852004682394,-185.469905614063,106.561245222014));
#5072=CARTESIAN_POINT('',(12.4000000000044,23.4633429696305));
#5073=CARTESIAN_POINT('',(12.4000000000044,20.4584089109205));
#5074=CARTESIAN_POINT('',(12.4000000000044,15.1687456206805));
#5075=CARTESIAN_POINT('',(12.4000000000044,14.1100103758605));
#5076=CARTESIAN_POINT('',(-29.9852004682394,-185.469905614063,106.561245222014));
#5077=CARTESIAN_POINT('',(-29.0634718591394,-185.469905614063,106.561245222014));
#5078=CARTESIAN_POINT('',(12.4000000000044,14.1100103758605));
#5079=CARTESIAN_POINT('',(11.4782713909044,14.1100103758605));
#5080=CARTESIAN_POINT('',(-34.7202201172494,-212.536402127603,106.561245222014));
#5081=CARTESIAN_POINT('',(-34.7369539408593,-212.536402127603,106.561245222014));
#5082=CARTESIAN_POINT('',(-34.7536871417793,-212.536546485553,106.561245222014));
#5083=CARTESIAN_POINT('',(-38.6330055827894,-212.570013510093,106.561245222014));
#5084=CARTESIAN_POINT('',(-38.5995385582495,-216.449331951103,106.561245222014));
#5085=CARTESIAN_POINT('',(-38.5663590095893,-220.295327725533,106.561245222014));
#5086=CARTESIAN_POINT('',(-34.7202201172294,-220.295327725523,106.561245222014));
#5087=CARTESIAN_POINT('',(-34.7034862936195,-220.295327725523,106.561245222014));
#5088=CARTESIAN_POINT('',(-34.6867530926994,-220.295183367573,106.561245222014));
#5089=CARTESIAN_POINT('',(-30.8074346516893,-220.261716343033,106.561245222014));
#5090=CARTESIAN_POINT('',(-30.8409016762295,-216.382397902023,106.561245222014));
#5091=CARTESIAN_POINT('',(-30.8740812248894,-212.536402127593,106.561245222014));
#5092=CARTESIAN_POINT('',(-34.7202201172494,-212.536402127603,106.561245222014));
#5093=CARTESIAN_POINT('',(17.1350196490144,-12.9564861376795));
#5094=CARTESIAN_POINT('',(17.1517534726243,-12.9564861376795));
#5095=CARTESIAN_POINT('',(17.1684866735443,-12.9566304956295));
#5096=CARTESIAN_POINT('',(21.0478051145544,-12.9900975201695));
#5097=CARTESIAN_POINT('',(21.0143380900145,-16.8694159611795));
#5098=CARTESIAN_POINT('',(20.9811585413543,-20.7154117356095));
#5099=CARTESIAN_POINT('',(17.1350196489944,-20.7154117355995));
#5100=CARTESIAN_POINT('',(17.1182858253845,-20.7154117355995));
#5101=CARTESIAN_POINT('',(17.1015526244644,-20.7152673776495));
#5102=CARTESIAN_POINT('',(13.2222341834543,-20.6818003531095));
#5103=CARTESIAN_POINT('',(13.2557012079945,-16.8024819120995));
#5104=CARTESIAN_POINT('',(13.2888807566544,-12.9564861376695));
#5105=CARTESIAN_POINT('',(17.1350196490144,-12.9564861376795));
#5106=CARTESIAN_POINT('',(-0.450181339919364,-212.536402127603,106.561245222014));
#5107=CARTESIAN_POINT('',(-0.466915163529105,-212.536402127603,106.561245222014));
#5108=CARTESIAN_POINT('',(-0.483648364449319,-212.536546485553,106.561245222014));
#5109=CARTESIAN_POINT('',(-4.36296680545951,-212.570013510093,106.561245222014));
#5110=CARTESIAN_POINT('',(-4.32949978091949,-216.449331951103,106.561245222014));
#5111=CARTESIAN_POINT('',(-4.29632023226923,-220.295327724873,106.561245222014));
#5112=CARTESIAN_POINT('',(-0.450181340569301,-220.295327725523,106.561245222014));
#5113=CARTESIAN_POINT('',(-0.433447516629443,-220.295327725523,106.561245222014));
#5114=CARTESIAN_POINT('',(-0.416714315369401,-220.295183367573,106.561245222014));
#5115=CARTESIAN_POINT('',(3.46260412564064,-220.261716343033,106.561245222014));
#5116=CARTESIAN_POINT('',(3.42913710110054,-216.382397902023,106.561245222014));
#5117=CARTESIAN_POINT('',(3.39595755244063,-212.536402127593,106.561245222014));
#5118=CARTESIAN_POINT('',(-0.450181339919364,-212.536402127603,106.561245222014));
#5119=CARTESIAN_POINT('',(-17.1350191283156,-12.9564861376795));
#5120=CARTESIAN_POINT('',(-17.1182853047059,-12.9564861376795));
#5121=CARTESIAN_POINT('',(-17.1015521037857,-12.9566304956295));
#5122=CARTESIAN_POINT('',(-13.2222336627755,-12.9900975201695));
#5123=CARTESIAN_POINT('',(-13.2557006873155,-16.8694159611795));
#5124=CARTESIAN_POINT('',(-13.2888802359658,-20.7154117349495));
#5125=CARTESIAN_POINT('',(-17.1350191276657,-20.7154117355995));
#5126=CARTESIAN_POINT('',(-17.1517529516055,-20.7154117355995));
#5127=CARTESIAN_POINT('',(-17.1684861528656,-20.7152673776495));
#5128=CARTESIAN_POINT('',(-21.0478045938756,-20.6818003531095));
#5129=CARTESIAN_POINT('',(-21.0143375693355,-16.8024819120995));
#5130=CARTESIAN_POINT('',(-20.9811580206756,-12.9564861376695));
#5131=CARTESIAN_POINT('',(-17.1350191283156,-12.9564861376795));
#5132=CARTESIAN_POINT('',(-0.450181079669497,-188.264255723013,106.561245222014));
#5133=CARTESIAN_POINT('',(-0.466914903229395,-188.264255723013,106.561245222014));
#5134=CARTESIAN_POINT('',(-0.483648104109417,-188.264400080963,106.561245222014));
#5135=CARTESIAN_POINT('',(-4.36296654511931,-188.297867105503,106.561245222014));
#5136=CARTESIAN_POINT('',(-4.32949952057936,-192.177185546513,106.561245222014));
#5137=CARTESIAN_POINT('',(-4.29631997191934,-196.023181320863,106.561245222014));
#5138=CARTESIAN_POINT('',(-0.450181079639407,-196.023181320933,106.561245222014));
#5139=CARTESIAN_POINT('',(-0.43344725599934,-196.023181320933,106.561245222014));
#5140=CARTESIAN_POINT('',(-0.416714055029498,-196.023036962983,106.561245222014));
#5141=CARTESIAN_POINT('',(3.46260438598068,-195.989569938443,106.561245222014));
#5142=CARTESIAN_POINT('',(3.42913736144067,-192.110251497433,106.561245222014));
#5143=CARTESIAN_POINT('',(3.39595781278065,-188.264255722913,106.561245222014));
#5144=CARTESIAN_POINT('',(-0.450181079669274,-188.264255723013,106.561245222014));
#5145=CARTESIAN_POINT('',(-17.1350193885656,11.3156602669105));
#5146=CARTESIAN_POINT('',(-17.1182855650056,11.3156602669105));
#5147=CARTESIAN_POINT('',(-17.1015523641256,11.3155159089605));
#5148=CARTESIAN_POINT('',(-13.2222339231157,11.2820488844205));
#5149=CARTESIAN_POINT('',(-13.2557009476556,7.40273044341049));
#5150=CARTESIAN_POINT('',(-13.2888804963156,3.5567346690605));
#5151=CARTESIAN_POINT('',(-17.1350193885956,3.55673466899049));
#5152=CARTESIAN_POINT('',(-17.1517532122356,3.55673466899048));
#5153=CARTESIAN_POINT('',(-17.1684864132055,3.55687902694046));
#5154=CARTESIAN_POINT('',(-21.0478048542157,3.59034605148047));
#5155=CARTESIAN_POINT('',(-21.0143378296757,7.46966449249047));
#5156=CARTESIAN_POINT('',(-20.9811582810156,11.3156602670105));
#5157=CARTESIAN_POINT('',(-17.1350193885656,11.3156602669105));
#5158=CARTESIAN_POINT('',(-34.7202198569993,-188.264255723013,106.561245222014));
#5159=CARTESIAN_POINT('',(-34.7369536805596,-188.264255723013,106.561245222014));
#5160=CARTESIAN_POINT('',(-34.7536868814394,-188.264400080963,106.561245222014));
#5161=CARTESIAN_POINT('',(-38.6330053224494,-188.297867105503,106.561245222014));
#5162=CARTESIAN_POINT('',(-38.5995382979094,-192.177185546513,106.561245222014));
#5163=CARTESIAN_POINT('',(-38.5663587492593,-196.023181320863,106.561245222014));
#5164=CARTESIAN_POINT('',(-34.7202198569695,-196.023181320933,106.561245222014));
#5165=CARTESIAN_POINT('',(-34.7034860333293,-196.023181320933,106.561245222014));
#5166=CARTESIAN_POINT('',(-34.6867528323595,-196.023036962983,106.561245222014));
#5167=CARTESIAN_POINT('',(-30.8074343913495,-195.989569938443,106.561245222014));
#5168=CARTESIAN_POINT('',(-30.8409014158893,-192.110251497433,106.561245222014));
#5169=CARTESIAN_POINT('',(-30.8740809645492,-188.264255722913,106.561245222014));
#5170=CARTESIAN_POINT('',(-34.7202198569993,-188.264255723013,106.561245222014));
#5171=CARTESIAN_POINT('',(17.1350193887643,11.3156602669105));
#5172=CARTESIAN_POINT('',(17.1517532123246,11.3156602669105));
#5173=CARTESIAN_POINT('',(17.1684864132044,11.3155159089605));
#5174=CARTESIAN_POINT('',(21.0478048542144,11.2820488844205));
#5175=CARTESIAN_POINT('',(21.0143378296744,7.40273044341049));
#5176=CARTESIAN_POINT('',(20.9811582810243,3.55673466906051));
#5177=CARTESIAN_POINT('',(17.1350193887345,3.55673466899048));
#5178=CARTESIAN_POINT('',(17.1182855650943,3.55673466899049));
#5179=CARTESIAN_POINT('',(17.1015523641245,3.55687902694046));
#5180=CARTESIAN_POINT('',(13.2222339231145,3.59034605148047));
#5181=CARTESIAN_POINT('',(13.2557009476543,7.46966449249047));
#5182=CARTESIAN_POINT('',(13.2888804963142,11.3156602670105));
#5183=CARTESIAN_POINT('',(17.1350193887643,11.3156602669105));
#5184=CARTESIAN_POINT('',(2.74064988269501,-1.9602993974505));
#5185=CARTESIAN_POINT('',(2.74064988269501,-10.0397006025495));
#5186=CARTESIAN_POINT('',(4.676666296885,-1.9602993974505));
#5187=CARTESIAN_POINT('',(2.74064988269501,-1.9602993974505));
#5188=CARTESIAN_POINT('',(4.676666296885,10.0397006025495));
#5189=CARTESIAN_POINT('',(4.676666296885,-1.9602993974505));
#5190=CARTESIAN_POINT('',(-26.9852004682394,-176.116573020293,126.640646427113));
#5191=CARTESIAN_POINT('',(-26.9852004682394,-185.469905614063,126.640646427113));
#5192=CARTESIAN_POINT('',(4.676666296885,10.0397006025495));
#5193=CARTESIAN_POINT('',(-4.676666296885,10.0397006025495));
#5194=CARTESIAN_POINT('',(-26.9852004682394,-185.469905614063,126.640646427113));
#5195=CARTESIAN_POINT('',(-26.9852004682392,-185.469905614063,106.561245222014));
#5196=CARTESIAN_POINT('',(-4.676666296885,10.0397006025495));
#5197=CARTESIAN_POINT('',(-4.676666296885,-10.0397006025495));
#5198=CARTESIAN_POINT('',(-26.9852004682392,-185.469905614063,106.561245222014));
#5199=CARTESIAN_POINT('',(-26.9852004682394,-178.052589434483,106.561245222014));
#5200=CARTESIAN_POINT('',(-4.676666296885,-10.0397006025495));
#5201=CARTESIAN_POINT('',(2.74064988269501,-10.0397006025495));
#5202=CARTESIAN_POINT('',(-29.9852004682394,-185.469905614063,126.640646427113));
#5203=CARTESIAN_POINT('',(-26.9852004682394,-185.469905614063,126.640646427113));
#5204=CARTESIAN_POINT('',(-1.5,-4.676666296885));
#5205=CARTESIAN_POINT('',(1.5,-4.676666296885));
#5206=CARTESIAN_POINT('',(1.5,4.676666296885));
#5207=CARTESIAN_POINT('',(1.5,-4.676666296885));
#5208=CARTESIAN_POINT('',(-1.5,4.676666296885));
#5209=CARTESIAN_POINT('',(1.5,4.676666296885));
#5210=CARTESIAN_POINT('',(-1.5,-4.676666296885));
#5211=CARTESIAN_POINT('',(-1.5,-3.61793105206499));
#5212=CARTESIAN_POINT('',(-1.5,1.671732238175));
#5213=CARTESIAN_POINT('',(-1.5,4.676666296885));
#5214=CARTESIAN_POINT('',(1.5000000000001,4.68175749673549));
#5215=CARTESIAN_POINT('',(1.5000000000001,1.67682343802548));
#5216=CARTESIAN_POINT('',(1.5000000000001,-3.61283985221451));
#5217=CARTESIAN_POINT('',(1.5000000000001,-4.67157509703452));
#5218=CARTESIAN_POINT('',(-1.4999999999999,4.68175749673549));
#5219=CARTESIAN_POINT('',(1.5000000000001,4.68175749673549));
#5220=CARTESIAN_POINT('',(-1.4999999999999,2.74574108254549));
#5221=CARTESIAN_POINT('',(-1.4999999999999,4.68175749673549));
#5222=CARTESIAN_POINT('',(-1.50000000000011,-4.67157509703452));
#5223=CARTESIAN_POINT('',(-1.4999999999999,2.74574108254549));
#5224=CARTESIAN_POINT('',(0.431082355480093,-4.68175749673551));
#5225=CARTESIAN_POINT('',(-1.50000000000011,-4.67157509703452));
#5226=CARTESIAN_POINT('',(0.578271390900095,-4.67157509703452));
#5227=CARTESIAN_POINT('',(0.431082355480093,-4.68175749673551));
#5228=CARTESIAN_POINT('',(1.5000000000001,-4.67157509703452));
#5229=CARTESIAN_POINT('',(0.578271390900095,-4.67157509703452));
#5230=CARTESIAN_POINT('',(10.0397006025495,-0.578271390900095));
#5231=CARTESIAN_POINT('',(1.96029939745051,-0.578271390900394));
#5232=CARTESIAN_POINT('',(10.0397006025495,-0.431082355480093));
#5233=CARTESIAN_POINT('',(10.0397006025495,-0.578271390900095));
#5234=CARTESIAN_POINT('',(10.0397006025495,1.50000000000011));
#5235=CARTESIAN_POINT('',(10.0397006025495,-0.431082355480093));
#5236=CARTESIAN_POINT('',(-10.0397006025495,1.4999999999999));
#5237=CARTESIAN_POINT('',(10.0397006025495,1.50000000000011));
#5238=CARTESIAN_POINT('',(-10.0397006025495,-1.5000000000001));
#5239=CARTESIAN_POINT('',(-10.0397006025495,1.4999999999999));
#5240=CARTESIAN_POINT('',(1.96029939745051,-1.5000000000001));
#5241=CARTESIAN_POINT('',(-10.0397006025495,-1.5000000000001));
#5242=CARTESIAN_POINT('',(1.96029939745051,-0.578271390900394));
#5243=CARTESIAN_POINT('',(1.96029939745051,-1.5000000000001));
#5244=CARTESIAN_POINT('',(-2.74064988269501,-10.0397006025495));
#5245=CARTESIAN_POINT('',(-2.74064988269501,-1.9602993974505));
#5246=CARTESIAN_POINT('',(-8.18520046823948,-178.052589434483,106.561245222014));
#5247=CARTESIAN_POINT('',(-8.18520046823948,-185.469905614063,106.561245222014));
#5248=CARTESIAN_POINT('',(-2.74064988269501,-10.0397006025495));
#5249=CARTESIAN_POINT('',(4.676666296885,-10.0397006025495));
#5250=CARTESIAN_POINT('',(-8.18520046823948,-185.469905614063,106.561245222014));
#5251=CARTESIAN_POINT('',(-8.18520046823948,-185.469905614063,126.640646427113));
#5252=CARTESIAN_POINT('',(4.676666296885,-10.0397006025495));
#5253=CARTESIAN_POINT('',(4.676666296885,10.0397006025495));
#5254=CARTESIAN_POINT('',(-8.18520046823948,-185.469905614063,126.640646427113));
#5255=CARTESIAN_POINT('',(-8.18520046823948,-176.116573020293,126.640646427113));
#5256=CARTESIAN_POINT('',(4.676666296885,10.0397006025495));
#5257=CARTESIAN_POINT('',(-4.676666296885,10.0397006025495));
#5258=CARTESIAN_POINT('',(-4.676666296885,-1.9602993974505));
#5259=CARTESIAN_POINT('',(-4.676666296885,10.0397006025495));
#5260=CARTESIAN_POINT('',(-2.74064988269501,-1.9602993974505));
#5261=CARTESIAN_POINT('',(-4.676666296885,-1.9602993974505));
#5262=CARTESIAN_POINT('',(1.50000000000002,4.676666296885));
#5263=CARTESIAN_POINT('',(1.50000000000001,1.671732238175));
#5264=CARTESIAN_POINT('',(1.49999999999999,-3.61793105206499));
#5265=CARTESIAN_POINT('',(1.49999999999998,-4.67666629688501));
#5266=CARTESIAN_POINT('',(-1.49999999999998,4.67666629688501));
#5267=CARTESIAN_POINT('',(1.50000000000002,4.676666296885));
#5268=CARTESIAN_POINT('',(-1.50000000000002,-4.676666296885));
#5269=CARTESIAN_POINT('',(-1.49999999999998,4.67666629688501));
#5270=CARTESIAN_POINT('',(-8.18520046823948,-185.469905614063,126.640646427113));
#5271=CARTESIAN_POINT('',(-5.18520046823948,-185.469905614063,126.640646427113));
#5272=CARTESIAN_POINT('',(-1.50000000000002,-4.676666296885));
#5273=CARTESIAN_POINT('',(1.49999999999998,-4.67666629688501));
#5274=CARTESIAN_POINT('',(-0.578271390899985,-4.67157509703452));
#5275=CARTESIAN_POINT('',(-1.49999999999998,-4.67157509703453));
#5276=CARTESIAN_POINT('',(-0.431082355480364,-4.68175749673552));
#5277=CARTESIAN_POINT('',(-0.578271390899985,-4.67157509703452));
#5278=CARTESIAN_POINT('',(1.50000000000001,-4.67157509703451));
#5279=CARTESIAN_POINT('',(-0.431082355480364,-4.68175749673552));
#5280=CARTESIAN_POINT('',(1.49999999999999,2.7457410825455));
#5281=CARTESIAN_POINT('',(1.50000000000001,-4.67157509703451));
#5282=CARTESIAN_POINT('',(1.49999999999998,4.68175749673549));
#5283=CARTESIAN_POINT('',(1.49999999999999,2.7457410825455));
#5284=CARTESIAN_POINT('',(-1.50000000000002,4.68175749673548));
#5285=CARTESIAN_POINT('',(1.49999999999998,4.68175749673549));
#5286=CARTESIAN_POINT('',(-1.49999999999998,-4.67157509703453));
#5287=CARTESIAN_POINT('',(-1.49999999999999,-3.61283985221451));
#5288=CARTESIAN_POINT('',(-1.50000000000001,1.67682343802548));
#5289=CARTESIAN_POINT('',(-1.50000000000002,4.68175749673548));
#5290=CARTESIAN_POINT('',(-10.0397006025495,1.5));
#5291=CARTESIAN_POINT('',(1.9602993974505,1.5));
#5292=CARTESIAN_POINT('',(-10.0397006025495,-1.5));
#5293=CARTESIAN_POINT('',(-10.0397006025495,1.5));
#5294=CARTESIAN_POINT('',(10.0397006025495,-1.5));
#5295=CARTESIAN_POINT('',(-10.0397006025495,-1.5));
#5296=CARTESIAN_POINT('',(10.0397006025495,0.43108235548038));
#5297=CARTESIAN_POINT('',(10.0397006025495,-1.5));
#5298=CARTESIAN_POINT('',(10.0397006025495,0.5782713909));
#5299=CARTESIAN_POINT('',(10.0397006025495,0.43108235548038));
#5300=CARTESIAN_POINT('',(1.9602993974505,0.57827139091));
#5301=CARTESIAN_POINT('',(10.0397006025495,0.5782713909));
#5302=CARTESIAN_POINT('',(1.9602993974505,1.5));
#5303=CARTESIAN_POINT('',(1.9602993974505,0.57827139091));
#5304=CARTESIAN_POINT('',(19.0126094215025,1.57079632680461));
#5305=CARTESIAN_POINT('',(1.83750994740904,1.57079632680461));
#5306=CARTESIAN_POINT('',(19.0126094215025,4.7123889803944));
#5307=CARTESIAN_POINT('',(19.0126094215025,1.57079632680461));
#5308=CARTESIAN_POINT('',(1.83750994740904,4.7123889803944));
#5309=CARTESIAN_POINT('',(19.0126094215025,4.7123889803944));
#5310=CARTESIAN_POINT('',(1.83750994740904,1.57079632680461));
#5311=CARTESIAN_POINT('',(1.83750994740904,4.7123889803944));
#5312=CARTESIAN_POINT('',(-34.7202197503594,-195.222622175283,109.561245104548));
#5313=CARTESIAN_POINT('',(-37.7726762656771,-195.222622280916,109.561245104548));
#5314=CARTESIAN_POINT('',(-37.7990089417191,-192.170279349973,109.561245104548));
#5315=CARTESIAN_POINT('',(3.07890377298828,-1.54492910956667));
#5316=CARTESIAN_POINT('',(3.0789038786213,1.50752740575098));
#5317=CARTESIAN_POINT('',(0.0265609677139373,1.53386008180036));
#5318=CARTESIAN_POINT('',(-37.7990089417191,-192.170279349973,109.561245104548));
#5319=CARTESIAN_POINT('',(-37.8100779695402,-190.88721686286,109.561245104548));
#5320=CARTESIAN_POINT('',(-36.9067039763058,-189.976015843567,109.561245104548));
#5321=CARTESIAN_POINT('',(-36.0033299830714,-189.064814824274,109.561245104548));
#5322=CARTESIAN_POINT('',(-34.7202197503894,-189.064814868663,109.561245104548));
#5323=CARTESIAN_POINT('',(0.0265609677139373,1.53386008180036));
#5324=CARTESIAN_POINT('',(-1.25650151097693,1.54492910962453));
#5325=CARTESIAN_POINT('',(-2.16770252428898,0.641555116392333));
#5326=CARTESIAN_POINT('',(-3.07890353760108,-0.261818876839867));
#5327=CARTESIAN_POINT('',(-3.07890349321169,-1.54492910952186));
#5328=CARTESIAN_POINT('',(-34.7202197503894,-189.064814868663,109.561245104548));
#5329=CARTESIAN_POINT('',(-34.7202198112594,-190.443469430753,109.564221426202));
#5330=CARTESIAN_POINT('',(-3.07890349321169,-1.54492910952186));
#5331=CARTESIAN_POINT('',(-1.70024928119136,-1.54492904871766));
#5332=CARTESIAN_POINT('',(-34.7202198112594,-190.443469430753,109.564221426202));
#5333=CARTESIAN_POINT('',(-36.4202198112596,-190.443469430743,109.564221390514));
#5334=CARTESIAN_POINT('',(-36.4202198112595,-192.143469407383,109.564137912467));
#5335=CARTESIAN_POINT('',(-36.4202198112495,-193.843469384023,109.564054434419));
#5336=CARTESIAN_POINT('',(-34.7202198112494,-193.843469384033,109.564054470106));
#5337=CARTESIAN_POINT('',(-1.70024928119136,-1.54492904871766));
#5338=CARTESIAN_POINT('',(-1.70024928119725,0.155070951282547));
#5339=CARTESIAN_POINT('',(-0.000249306151346218,0.155070951280109));
#5340=CARTESIAN_POINT('',(1.69975066889454,0.155070951267771));
#5341=CARTESIAN_POINT('',(1.6997506689004,-1.54492904873233));
#5342=CARTESIAN_POINT('',(-34.7202198112494,-193.843469384033,109.564054470106));
#5343=CARTESIAN_POINT('',(-34.7202197503594,-195.222622175283,109.561245104548));
#5344=CARTESIAN_POINT('',(1.6997506689004,-1.54492904873233));
#5345=CARTESIAN_POINT('',(3.07890377298828,-1.54492910956667));
#5346=CARTESIAN_POINT('',(-34.7202197503894,-189.064814868663,109.561245104548));
#5347=CARTESIAN_POINT('',(-31.6677634463352,-189.064814974286,109.561245104549));
#5348=CARTESIAN_POINT('',(-31.6414307720794,-192.117157693973,109.561245104548));
#5349=CARTESIAN_POINT('',(-3.07890346258777,1.54492897239479));
#5350=CARTESIAN_POINT('',(-3.0789033569649,-1.50752733165941));
#5351=CARTESIAN_POINT('',(-0.0265606573134215,-1.53386000592255));
#5352=CARTESIAN_POINT('',(-31.6414307720794,-192.117157693973,109.561245104548));
#5353=CARTESIAN_POINT('',(-31.630361744807,-193.400220118572,109.561245104548));
#5354=CARTESIAN_POINT('',(-32.5337356625005,-194.311421124724,109.561245104548));
#5355=CARTESIAN_POINT('',(-33.437109580194,-195.222622130876,109.561245104548));
#5356=CARTESIAN_POINT('',(-34.7202197503594,-195.222622175283,109.561245104548));
#5357=CARTESIAN_POINT('',(-0.0265606573134215,-1.53386000592255));
#5358=CARTESIAN_POINT('',(1.25650175886312,-1.54492903319807));
#5359=CARTESIAN_POINT('',(2.16770275903426,-0.641555115506726));
#5360=CARTESIAN_POINT('',(3.07890375920533,0.261818802184622));
#5361=CARTESIAN_POINT('',(3.07890380361221,1.54492897234998));
#5362=CARTESIAN_POINT('',(1.69975069952432,1.54492903318432));
#5363=CARTESIAN_POINT('',(3.07890380361221,1.54492897234998));
#5364=CARTESIAN_POINT('',(-34.7202198112494,-193.843469384033,109.564054470106));
#5365=CARTESIAN_POINT('',(-33.0202198112494,-193.843469384043,109.564054505794));
#5366=CARTESIAN_POINT('',(-33.0202198112594,-192.143469407403,109.564137983841));
#5367=CARTESIAN_POINT('',(-33.0202198112594,-190.443469430763,109.564221461889));
#5368=CARTESIAN_POINT('',(-34.7202198112594,-190.443469430753,109.564221426202));
#5369=CARTESIAN_POINT('',(1.69975069952432,1.54492903318432));
#5370=CARTESIAN_POINT('',(1.69975069953021,-0.155070966815675));
#5371=CARTESIAN_POINT('',(-0.000249275515670888,-0.155070966803336));
#5372=CARTESIAN_POINT('',(-1.70024925056159,-0.155070966800994));
#5373=CARTESIAN_POINT('',(-1.70024925056744,1.544929033199));
#5374=CARTESIAN_POINT('',(-3.07890346258777,1.54492897239479));
#5375=CARTESIAN_POINT('',(-1.70024925056744,1.544929033199));
#5376=CARTESIAN_POINT('',(-3.52897016438931,-192.170279349973,109.561245104548));
#5377=CARTESIAN_POINT('',(-3.54003919221133,-190.88721686286,109.561245104549));
#5378=CARTESIAN_POINT('',(-2.63666519897669,-189.976015843566,109.561245104549));
#5379=CARTESIAN_POINT('',(-1.73329120574204,-189.064814824273,109.561245104549));
#5380=CARTESIAN_POINT('',(-0.45018097305967,-189.064814868663,109.561245104548));
#5381=CARTESIAN_POINT('',(0.0265609677423373,1.53386008180015));
#5382=CARTESIAN_POINT('',(-1.25650151094895,1.54492910962527));
#5383=CARTESIAN_POINT('',(-2.16770252426124,0.641555116392813));
#5384=CARTESIAN_POINT('',(-3.07890353757363,-0.261818876839642));
#5385=CARTESIAN_POINT('',(-3.07890349318329,-1.54492910952201));
#5386=CARTESIAN_POINT('',(-0.45018097305967,-189.064814868663,109.561245104548));
#5387=CARTESIAN_POINT('',(-0.450181033929422,-190.443469430843,109.564221734523));
#5388=CARTESIAN_POINT('',(-3.07890349318329,-1.54492910952201));
#5389=CARTESIAN_POINT('',(-1.70024928110828,-1.54492904871807));
#5390=CARTESIAN_POINT('',(-0.450181033929422,-190.443469430843,109.564221734523));
#5391=CARTESIAN_POINT('',(-2.15018103392945,-190.443469430833,109.564221698836));
#5392=CARTESIAN_POINT('',(-2.15018103392947,-192.143469407473,109.564138220788));
#5393=CARTESIAN_POINT('',(-2.15018103391948,-193.843469384113,109.56405474274));
#5394=CARTESIAN_POINT('',(-0.450181033919417,-193.843469384123,109.564054778428));
#5395=CARTESIAN_POINT('',(-1.70024928110828,-1.54492904871807));
#5396=CARTESIAN_POINT('',(-1.7002492811142,0.155070951281962));
#5397=CARTESIAN_POINT('',(-0.000249306068354826,0.155070951279645));
#5398=CARTESIAN_POINT('',(1.69975066897757,0.155070951267319));
#5399=CARTESIAN_POINT('',(1.69975066898348,-1.54492904873274));
#5400=CARTESIAN_POINT('',(-0.450181033919417,-193.843469384123,109.564054778428));
#5401=CARTESIAN_POINT('',(-0.450180973029656,-195.222622175283,109.561245104548));
#5402=CARTESIAN_POINT('',(1.69975066898348,-1.54492904873274));
#5403=CARTESIAN_POINT('',(3.07890377301668,-1.54492910956684));
#5404=CARTESIAN_POINT('',(-0.450180973029656,-195.222622175283,109.561245104548));
#5405=CARTESIAN_POINT('',(-3.50263748832638,-195.222622280895,109.561245104549));
#5406=CARTESIAN_POINT('',(-3.52897016438931,-192.170279349973,109.561245104548));
#5407=CARTESIAN_POINT('',(3.07890377301668,-1.54492910956684));
#5408=CARTESIAN_POINT('',(3.07890387862855,1.50752740572988));
#5409=CARTESIAN_POINT('',(0.0265609677423373,1.53386008180015));
#5410=CARTESIAN_POINT('',(-0.45018097305967,-189.064814868663,109.561245104548));
#5411=CARTESIAN_POINT('',(2.60227533099537,-189.064814974285,109.561245104547));
#5412=CARTESIAN_POINT('',(2.62860800525062,-192.117157693973,109.561245104547));
#5413=CARTESIAN_POINT('',(-3.07890346257017,1.54492897239451));
#5414=CARTESIAN_POINT('',(-3.07890335694811,-1.50752733166052));
#5415=CARTESIAN_POINT('',(-0.0265606572958212,-1.53386000592311));
#5416=CARTESIAN_POINT('',(2.62860800525062,-192.117157693973,109.561245104547));
#5417=CARTESIAN_POINT('',(2.63967703252178,-193.400220118571,109.561245104548));
#5418=CARTESIAN_POINT('',(1.73630311482852,-194.311421124723,109.561245104548));
#5419=CARTESIAN_POINT('',(0.832929197135264,-195.222622130875,109.561245104548));
#5420=CARTESIAN_POINT('',(-0.450180973029656,-195.222622175283,109.561245104548));
#5421=CARTESIAN_POINT('',(-0.0265606572958212,-1.53386000592311));
#5422=CARTESIAN_POINT('',(1.25650175888037,-1.54492903319737));
#5423=CARTESIAN_POINT('',(2.16770275905108,-0.641555115506298));
#5424=CARTESIAN_POINT('',(3.07890375922181,0.261818802184769));
#5425=CARTESIAN_POINT('',(3.07890380362982,1.54492897234969));
#5426=CARTESIAN_POINT('',(1.69975069959661,1.54492903318379));
#5427=CARTESIAN_POINT('',(3.07890380362982,1.54492897234969));
#5428=CARTESIAN_POINT('',(-0.450181033919417,-193.843469384123,109.564054778428));
#5429=CARTESIAN_POINT('',(1.2498189660806,-193.843469384133,109.564054814115));
#5430=CARTESIAN_POINT('',(1.24981896607062,-192.143469407493,109.564138292163));
#5431=CARTESIAN_POINT('',(1.24981896607063,-190.443469430853,109.564221770211));
#5432=CARTESIAN_POINT('',(-0.450181033929422,-190.443469430843,109.564221734523));
#5433=CARTESIAN_POINT('',(1.69975069959661,1.54492903318379));
#5434=CARTESIAN_POINT('',(1.69975069960251,-0.155070966816231));
#5435=CARTESIAN_POINT('',(-0.000249275443366059,-0.155070966803915));
#5436=CARTESIAN_POINT('',(-1.70024925048919,-0.155070966801588));
#5437=CARTESIAN_POINT('',(-1.70024925049515,1.54492903319846));
#5438=CARTESIAN_POINT('',(-3.07890346257017,1.54492897239451));
#5439=CARTESIAN_POINT('',(-1.70024925049515,1.54492903319846));
#5440=CARTESIAN_POINT('',(-3.52897042472943,-216.442425754563,109.561245104548));
#5441=CARTESIAN_POINT('',(-3.5400394525516,-215.159363267417,109.561245104548));
#5442=CARTESIAN_POINT('',(-2.63666545927782,-214.248162248117,109.561245104548));
#5443=CARTESIAN_POINT('',(-1.73329146600403,-213.336961228817,109.561245104548));
#5444=CARTESIAN_POINT('',(-0.450181233289296,-213.336961273253,109.561245104548));
#5445=CARTESIAN_POINT('',(0.0265608994156338,1.53386008184768));
#5446=CARTESIAN_POINT('',(-1.25650157930792,1.54492910967294));
#5447=CARTESIAN_POINT('',(-2.16770259262702,0.64155511640135));
#5448=CARTESIAN_POINT('',(-3.07890360594618,-0.261818876870242));
#5449=CARTESIAN_POINT('',(-3.07890356151001,-1.54492910958498));
#5450=CARTESIAN_POINT('',(-0.450181233289296,-213.336961273253,109.561245104548));
#5451=CARTESIAN_POINT('',(-0.450181294209298,-214.715615501893,109.563029857234));
#5452=CARTESIAN_POINT('',(-3.07890356151001,-1.54492910958498));
#5453=CARTESIAN_POINT('',(-1.70024954641241,-1.54492904870576));
#5454=CARTESIAN_POINT('',(-0.450181294209298,-214.715615501893,109.563029857234));
#5455=CARTESIAN_POINT('',(-2.1501812942094,-214.715615501883,109.563029821547));
#5456=CARTESIAN_POINT('',(-2.15018129420934,-216.415615478523,109.562946343499));
#5457=CARTESIAN_POINT('',(-2.15018129419943,-218.115615455163,109.562862865451));
#5458=CARTESIAN_POINT('',(-0.450181294199293,-218.115615455173,109.562862901139));
#5459=CARTESIAN_POINT('',(-1.70024954641241,-1.54492904870576));
#5460=CARTESIAN_POINT('',(-1.70024954641829,0.15507095129434));
#5461=CARTESIAN_POINT('',(-0.000249571372449964,0.155070951291944));
#5462=CARTESIAN_POINT('',(1.69975040367345,0.155070951279697));
#5463=CARTESIAN_POINT('',(1.69975040367935,-1.54492904872044));
#5464=CARTESIAN_POINT('',(-0.450181294199293,-218.115615455173,109.562862901139));
#5465=CARTESIAN_POINT('',(-0.450181233249278,-219.494768579873,109.561245104548));
#5466=CARTESIAN_POINT('',(1.69975040367935,-1.54492904872044));
#5467=CARTESIAN_POINT('',(3.07890370468998,-1.54492910963981));
#5468=CARTESIAN_POINT('',(-0.450181233249278,-219.494768579873,109.561245104548));
#5469=CARTESIAN_POINT('',(-3.50263774868288,-219.494768685622,109.561245104548));
#5470=CARTESIAN_POINT('',(-3.52897042472943,-216.442425754563,109.561245104548));
#5471=CARTESIAN_POINT('',(3.07890370468998,-1.54492910963981));
#5472=CARTESIAN_POINT('',(3.07890381043894,1.50752740579379));
#5473=CARTESIAN_POINT('',(0.0265608994156338,1.53386008184768));
#5474=CARTESIAN_POINT('',(-0.450181233289296,-213.336961273253,109.561245104548));
#5475=CARTESIAN_POINT('',(2.60227507069048,-213.33696137895,109.561245104548));
#5476=CARTESIAN_POINT('',(2.62860774491071,-216.389304098563,109.561245104548));
#5477=CARTESIAN_POINT('',(-3.07890353085157,1.54492897230708));
#5478=CARTESIAN_POINT('',(-3.07890342515458,-1.50752733167271));
#5479=CARTESIAN_POINT('',(-0.0265607255772209,-1.53386000590028));
#5480=CARTESIAN_POINT('',(2.62860774491071,-216.389304098563,109.561245104548));
#5481=CARTESIAN_POINT('',(2.63967677219252,-217.67236652313,109.561245104548));
#5482=CARTESIAN_POINT('',(1.73630285453871,-218.583567529278,109.561245104548));
#5483=CARTESIAN_POINT('',(0.832928936884897,-219.494768535426,109.561245104548));
#5484=CARTESIAN_POINT('',(-0.450181233249278,-219.494768579873,109.561245104548));
#5485=CARTESIAN_POINT('',(-0.0265607255772209,-1.53386000590028));
#5486=CARTESIAN_POINT('',(1.25650169056813,-1.54492903318516));
#5487=CARTESIAN_POINT('',(2.16770269073467,-0.641555115533545));
#5488=CARTESIAN_POINT('',(3.07890369090123,0.261818802118073));
#5489=CARTESIAN_POINT('',(3.07890373534845,1.54492897225225));
#5490=CARTESIAN_POINT('',(1.6997504343378,1.54492903317162));
#5491=CARTESIAN_POINT('',(3.07890373534845,1.54492897225225));
#5492=CARTESIAN_POINT('',(-0.450181294199293,-218.115615455173,109.562862901139));
#5493=CARTESIAN_POINT('',(1.24981870580053,-218.115615455183,109.562862936826));
#5494=CARTESIAN_POINT('',(1.24981870579052,-216.415615478543,109.562946414874));
#5495=CARTESIAN_POINT('',(1.2498187057904,-214.715615501903,109.563029892921));
#5496=CARTESIAN_POINT('',(-0.450181294209298,-214.715615501893,109.563029857234));
#5497=CARTESIAN_POINT('',(1.6997504343378,1.54492903317162));
#5498=CARTESIAN_POINT('',(1.69975043434368,-0.155070966828206));
#5499=CARTESIAN_POINT('',(-0.000249540702185413,-0.155070966815859));
#5500=CARTESIAN_POINT('',(-1.70024951574806,-0.155070966813403));
#5501=CARTESIAN_POINT('',(-1.70024951575396,1.5449290331863));
#5502=CARTESIAN_POINT('',(-3.07890353085157,1.54492897230708));
#5503=CARTESIAN_POINT('',(-1.70024951575396,1.5449290331863));
#5504=CARTESIAN_POINT('',(-37.7990092020597,-216.442425754563,109.561245104548));
#5505=CARTESIAN_POINT('',(-37.8100782298819,-215.159363267417,109.561245104549));
#5506=CARTESIAN_POINT('',(-36.906704236608,-214.248162248117,109.561245104549));
#5507=CARTESIAN_POINT('',(-36.0033302433341,-213.336961228817,109.561245104549));
#5508=CARTESIAN_POINT('',(-34.7202200106193,-213.336961273253,109.561245104548));
#5509=CARTESIAN_POINT('',(0.0265608993981489,1.53386008184779));
#5510=CARTESIAN_POINT('',(-1.25650157932548,1.54492910967305));
#5511=CARTESIAN_POINT('',(-2.16770259264464,0.641555116401371));
#5512=CARTESIAN_POINT('',(-3.07890360596375,-0.261818876870327));
#5513=CARTESIAN_POINT('',(-3.07890356152751,-1.54492910958514));
#5514=CARTESIAN_POINT('',(-34.7202200106193,-213.336961273253,109.561245104548));
#5515=CARTESIAN_POINT('',(-34.7202200715393,-214.715615501813,109.563029548913));
#5516=CARTESIAN_POINT('',(-3.07890356152751,-1.54492910958514));
#5517=CARTESIAN_POINT('',(-1.70024954647458,-1.54492904870591));
#5518=CARTESIAN_POINT('',(-34.7202200715393,-214.715615501813,109.563029548913));
#5519=CARTESIAN_POINT('',(-36.4202200715393,-214.715615501803,109.563029513225));
#5520=CARTESIAN_POINT('',(-36.4202200715393,-216.415615478443,109.562946035178));
#5521=CARTESIAN_POINT('',(-36.4202200715294,-218.115615455083,109.56286255713));
#5522=CARTESIAN_POINT('',(-34.7202200715293,-218.115615455093,109.562862592817));
#5523=CARTESIAN_POINT('',(-1.70024954647458,-1.54492904870591));
#5524=CARTESIAN_POINT('',(-1.70024954648051,0.155070951294083));
#5525=CARTESIAN_POINT('',(-0.000249571434636664,0.155070951291748));
#5526=CARTESIAN_POINT('',(1.69975040361123,0.155070951279513));
#5527=CARTESIAN_POINT('',(1.69975040361718,-1.54492904872059));
#5528=CARTESIAN_POINT('',(-34.7202200715293,-218.115615455093,109.562862592817));
#5529=CARTESIAN_POINT('',(-34.7202200105793,-219.494768579873,109.561245104548));
#5530=CARTESIAN_POINT('',(1.69975040361718,-1.54492904872059));
#5531=CARTESIAN_POINT('',(3.07890370467249,-1.54492910963996));
#5532=CARTESIAN_POINT('',(-34.7202200105793,-219.494768579873,109.561245104548));
#5533=CARTESIAN_POINT('',(-37.7726765260129,-219.494768685622,109.561245104548));
#5534=CARTESIAN_POINT('',(-37.7990092020597,-216.442425754563,109.561245104548));
#5535=CARTESIAN_POINT('',(3.07890370467249,-1.54492910963996));
#5536=CARTESIAN_POINT('',(3.07890381042141,1.50752740579365));
#5537=CARTESIAN_POINT('',(0.0265608993981489,1.53386008184779));
#5538=CARTESIAN_POINT('',(-34.7202200106193,-213.336961273253,109.561245104548));
#5539=CARTESIAN_POINT('',(-31.6677637066395,-213.33696137895,109.561245104549));
#5540=CARTESIAN_POINT('',(-31.6414310324195,-216.389304098563,109.561245104548));
#5541=CARTESIAN_POINT('',(-3.07890353086937,1.54492897230746));
#5542=CARTESIAN_POINT('',(-3.07890342517225,-1.50752733167229));
#5543=CARTESIAN_POINT('',(-0.0265607255950191,-1.53386000589969));
#5544=CARTESIAN_POINT('',(-31.6414310324195,-216.389304098563,109.561245104548));
#5545=CARTESIAN_POINT('',(-31.6303620051365,-217.672366523131,109.561245104548));
#5546=CARTESIAN_POINT('',(-32.5337359227906,-218.583567529279,109.561245104548));
#5547=CARTESIAN_POINT('',(-33.4371098404447,-219.494768535427,109.561245104548));
#5548=CARTESIAN_POINT('',(-34.7202200105793,-219.494768579873,109.561245104548));
#5549=CARTESIAN_POINT('',(-0.0265607255950191,-1.53386000589969));
#5550=CARTESIAN_POINT('',(1.25650169055076,-1.54492903318577));
#5551=CARTESIAN_POINT('',(2.16770269071765,-0.641555115533869));
#5552=CARTESIAN_POINT('',(3.0789036908845,0.261818802118024));
#5553=CARTESIAN_POINT('',(3.07890373533062,1.54492897225264));
#5554=CARTESIAN_POINT('',(1.69975043427532,1.544929033172));
#5555=CARTESIAN_POINT('',(3.07890373533062,1.54492897225264));
#5556=CARTESIAN_POINT('',(-34.7202200715293,-218.115615455093,109.562862592817));
#5557=CARTESIAN_POINT('',(-33.0202200715296,-218.115615455103,109.562862628505));
#5558=CARTESIAN_POINT('',(-33.0202200715395,-216.415615478463,109.562946106552));
#5559=CARTESIAN_POINT('',(-33.0202200715395,-214.715615501823,109.5630295846));
#5560=CARTESIAN_POINT('',(-34.7202200715393,-214.715615501813,109.563029548913));
#5561=CARTESIAN_POINT('',(1.69975043427532,1.544929033172));
#5562=CARTESIAN_POINT('',(1.69975043428122,-0.155070966827699));
#5563=CARTESIAN_POINT('',(-0.000249540764656331,-0.155070966815465));
#5564=CARTESIAN_POINT('',(-1.70024951581052,-0.155070966813123));
#5565=CARTESIAN_POINT('',(-1.70024951581644,1.54492903318668));
#5566=CARTESIAN_POINT('',(-3.07890353086937,1.54492897230746));
#5567=CARTESIAN_POINT('',(-1.70024951581644,1.54492903318668));
#5568=CARTESIAN_POINT('',(-34.7202198112594,-190.443469430753,109.564221426202));
#5569=CARTESIAN_POINT('',(-34.7202198568995,-190.443718521973,114.641164892395));
#5570=CARTESIAN_POINT('',(5.7046545119903,4.71238901019997));
#5571=CARTESIAN_POINT('',(0.627711045797929,4.71238898038469));
#5572=CARTESIAN_POINT('',(0.627711045797929,1.5707963267949));
#5573=CARTESIAN_POINT('',(0.627711045797929,4.71238898038469));
#5574=CARTESIAN_POINT('',(-34.7202198568995,-193.843718521973,114.641164892395));
#5575=CARTESIAN_POINT('',(-34.7202198112494,-193.843469384033,109.564054470106));
#5576=CARTESIAN_POINT('',(0.627711045797929,1.5707963267949));
#5577=CARTESIAN_POINT('',(5.70482146808629,1.57079629696435));
#5578=CARTESIAN_POINT('',(5.7046545119903,4.71238901019997));
#5579=CARTESIAN_POINT('',(5.70482146808629,1.57079629696435));
#5580=CARTESIAN_POINT('',(-0.450181033929422,-190.443469430843,109.564221734523));
#5581=CARTESIAN_POINT('',(-0.450181079569685,-190.443718521973,114.641164892395));
#5582=CARTESIAN_POINT('',(5.704654172837,4.71238901019994));
#5583=CARTESIAN_POINT('',(0.627711014965002,4.71238898038459));
#5584=CARTESIAN_POINT('',(0.627711014965001,1.570796326795));
#5585=CARTESIAN_POINT('',(0.627711014965002,4.71238898038459));
#5586=CARTESIAN_POINT('',(-0.450181079569685,-193.843718521973,114.641164892395));
#5587=CARTESIAN_POINT('',(-0.450181033919417,-193.843469384123,109.564054778428));
#5588=CARTESIAN_POINT('',(0.627711014965001,1.570796326795));
#5589=CARTESIAN_POINT('',(5.70482112893201,1.57079629696438));
#5590=CARTESIAN_POINT('',(5.704654172837,4.71238901019994));
#5591=CARTESIAN_POINT('',(5.70482112893201,1.57079629696438));
#5592=CARTESIAN_POINT('',(-0.450181294209298,-214.715615501893,109.563029857234));
#5593=CARTESIAN_POINT('',(-0.45018133990936,-214.715864926563,114.641164892395));
#5594=CARTESIAN_POINT('',(5.70596523785575,4.71238901023913));
#5595=CARTESIAN_POINT('',(0.627830202694097,4.71238898038468));
#5596=CARTESIAN_POINT('',(0.627830202694111,1.57079632678837));
#5597=CARTESIAN_POINT('',(0.627830202694097,4.71238898038468));
#5598=CARTESIAN_POINT('',(-0.450181339899355,-218.115864926563,114.641164892395));
#5599=CARTESIAN_POINT('',(-0.450181294199293,-218.115615455173,109.562862901139));
#5600=CARTESIAN_POINT('',(0.627830202694111,1.57079632678837));
#5601=CARTESIAN_POINT('',(5.70613219395075,1.57079629692516));
#5602=CARTESIAN_POINT('',(5.70596523785575,4.71238901023913));
#5603=CARTESIAN_POINT('',(5.70613219395075,1.57079629692516));
#5604=CARTESIAN_POINT('',(-34.7202200715393,-214.715615501813,109.563029548913));
#5605=CARTESIAN_POINT('',(-34.7202201172394,-214.715864926563,114.641164892395));
#5606=CARTESIAN_POINT('',(5.70596557700889,4.71238901023917));
#5607=CARTESIAN_POINT('',(0.627830233526096,4.71238898038469));
#5608=CARTESIAN_POINT('',(0.627830233526096,1.5707963267949));
#5609=CARTESIAN_POINT('',(0.627830233526096,4.71238898038469));
#5610=CARTESIAN_POINT('',(-34.7202201172394,-218.115864926563,114.641164892395));
#5611=CARTESIAN_POINT('',(-34.7202200715293,-218.115615455093,109.562862592817));
#5612=CARTESIAN_POINT('',(0.627830233526096,1.5707963267949));
#5613=CARTESIAN_POINT('',(5.70613253310488,1.57079629692513));
#5614=CARTESIAN_POINT('',(5.70596557700889,4.71238901023917));
#5615=CARTESIAN_POINT('',(5.70613253310488,1.57079629692513));
#5616=CARTESIAN_POINT('',(0.627711042228988,1.5707963267949));
#5617=CARTESIAN_POINT('',(0.627711042228989,4.71238898038469));
#5618=CARTESIAN_POINT('',(5.70465450842182,1.57079635661018));
#5619=CARTESIAN_POINT('',(0.627711042228988,1.5707963267949));
#5620=CARTESIAN_POINT('',(5.70482146451783,4.71238895055413));
#5621=CARTESIAN_POINT('',(5.70465450842182,1.57079635661018));
#5622=CARTESIAN_POINT('',(0.627711042228989,4.71238898038469));
#5623=CARTESIAN_POINT('',(5.70482146451783,4.71238895055413));
#5624=CARTESIAN_POINT('',(0.627711011396938,1.5707963267948));
#5625=CARTESIAN_POINT('',(0.627711011396923,4.71238898038479));
#5626=CARTESIAN_POINT('',(5.70465416926842,1.57079635661015));
#5627=CARTESIAN_POINT('',(0.627711011396938,1.5707963267948));
#5628=CARTESIAN_POINT('',(5.70482112536344,4.71238895055416));
#5629=CARTESIAN_POINT('',(5.70465416926842,1.57079635661015));
#5630=CARTESIAN_POINT('',(0.627711011396923,4.71238898038479));
#5631=CARTESIAN_POINT('',(5.70482112536344,4.71238895055416));
#5632=CARTESIAN_POINT('',(0.627830199125931,1.5707963267949));
#5633=CARTESIAN_POINT('',(0.627830199125924,4.71238898037815));
#5634=CARTESIAN_POINT('',(5.70596523428629,1.57079635664935));
#5635=CARTESIAN_POINT('',(0.627830199125931,1.5707963267949));
#5636=CARTESIAN_POINT('',(5.70613219038131,4.71238895051494));
#5637=CARTESIAN_POINT('',(5.70596523428629,1.57079635664935));
#5638=CARTESIAN_POINT('',(0.627830199125924,4.71238898037815));
#5639=CARTESIAN_POINT('',(5.70613219038131,4.71238895051494));
#5640=CARTESIAN_POINT('',(0.627830229957971,1.5707963267949));
#5641=CARTESIAN_POINT('',(0.627830229957971,4.71238898038469));
#5642=CARTESIAN_POINT('',(5.70596557343968,1.57079635664937));
#5643=CARTESIAN_POINT('',(0.627830229957971,1.5707963267949));
#5644=CARTESIAN_POINT('',(5.70613252953567,4.71238895051492));
#5645=CARTESIAN_POINT('',(5.70596557343968,1.57079635664937));
#5646=CARTESIAN_POINT('',(0.627830229957971,4.71238898038469));
#5647=CARTESIAN_POINT('',(5.70613252953567,4.71238895051492));
#5648=CARTESIAN_POINT('',(0.419999988254895,3.1320276923359));
#5649=CARTESIAN_POINT('',(0.4199999882549,4.71238901880842));
#5650=CARTESIAN_POINT('',(-37.7990089417191,-192.170279349973,109.561245104548));
#5651=CARTESIAN_POINT('',(-37.7990089417195,-192.170279349973,106.561245222014));
#5652=CARTESIAN_POINT('',(0.419999988254895,3.1320276923359));
#5653=CARTESIAN_POINT('',(3.41999987078815,3.13202769233589));
#5654=CARTESIAN_POINT('',(-37.7990089417195,-192.170279349973,106.561245222014));
#5655=CARTESIAN_POINT('',(-37.8255697697195,-189.091490265153,106.561245222014));
#5656=CARTESIAN_POINT('',(-34.7467806848994,-189.064929437153,106.561245222014));
#5657=CARTESIAN_POINT('',(-31.6679916000794,-189.038368609153,106.561245222014));
#5658=CARTESIAN_POINT('',(-31.6414307720794,-192.117157693973,106.561245222014));
#5659=CARTESIAN_POINT('',(3.41999987078815,3.13202769233589));
#5660=CARTESIAN_POINT('',(3.41999987078815,6.27362034592569));
#5661=CARTESIAN_POINT('',(-31.6414307720794,-192.117157693973,106.561245222014));
#5662=CARTESIAN_POINT('',(-31.6414307720794,-192.117157693973,109.561245104548));
#5663=CARTESIAN_POINT('',(3.41999987078815,6.27362034592569));
#5664=CARTESIAN_POINT('',(0.419999988254895,6.27362034592569));
#5665=CARTESIAN_POINT('',(0.4199999882549,4.71238901880842));
#5666=CARTESIAN_POINT('',(0.419999988254895,6.27362034592569));
#5667=CARTESIAN_POINT('',(9.98594619666429E-11,3.87946279890997));
#5668=CARTESIAN_POINT('',(0.016733823660162,3.87946279890999));
#5669=CARTESIAN_POINT('',(0.0334670245399593,3.87931844095999));
#5670=CARTESIAN_POINT('',(3.91278546554995,3.84585141641994));
#5671=CARTESIAN_POINT('',(3.87931844100995,-0.0334670245900099));
#5672=CARTESIAN_POINT('',(3.84613889235984,-3.87946279894002));
#5673=CARTESIAN_POINT('',(7.00449415791651E-11,-3.87946279901003));
#5674=CARTESIAN_POINT('',(-0.0167338235701592,-3.87946279901001));
#5675=CARTESIAN_POINT('',(-0.0334670245399522,-3.87931844106004));
#5676=CARTESIAN_POINT('',(-3.91278546554995,-3.84585141652003));
#5677=CARTESIAN_POINT('',(-3.87931844101015,0.0334670244899655));
#5678=CARTESIAN_POINT('',(-3.84613889235024,3.87946279900999));
#5679=CARTESIAN_POINT('',(9.98594619666429E-11,3.87946279890997));
#5680=CARTESIAN_POINT('',(3.07878908482005,-0.0265608280500144));
#5681=CARTESIAN_POINT('',(3.10534991282001,3.05222825677));
#5682=CARTESIAN_POINT('',(0.0265608279999938,3.07878908476999));
#5683=CARTESIAN_POINT('',(-3.05222825682003,3.10534991277));
#5684=CARTESIAN_POINT('',(-3.07878908482005,0.02656082794997));
#5685=CARTESIAN_POINT('',(-37.7990089417195,-192.170279349973,106.561245222014));
#5686=CARTESIAN_POINT('',(-37.7724481137194,-195.249068434793,106.561245222014));
#5687=CARTESIAN_POINT('',(-34.6936590288995,-195.222507606793,106.561245222014));
#5688=CARTESIAN_POINT('',(-31.6148699440795,-195.195946778793,106.561245222014));
#5689=CARTESIAN_POINT('',(-31.6414307720794,-192.117157693973,106.561245222014));
#5690=CARTESIAN_POINT('',(3.07878908482005,-0.0265608280500144));
#5691=CARTESIAN_POINT('',(3.05222825681998,-3.10534991287001));
#5692=CARTESIAN_POINT('',(-0.0265608279999938,-3.07878908486998));
#5693=CARTESIAN_POINT('',(-3.10534991281996,-3.05222825686998));
#5694=CARTESIAN_POINT('',(-3.07878908482005,0.02656082794997));
#5695=CARTESIAN_POINT('',(0.419999988253993,3.13202769233589));
#5696=CARTESIAN_POINT('',(0.419999988253998,4.71238901880831));
#5697=CARTESIAN_POINT('',(-3.52897016438931,-192.170279349973,109.561245104548));
#5698=CARTESIAN_POINT('',(-3.5289701643893,-192.170279349973,106.561245222014));
#5699=CARTESIAN_POINT('',(0.419999988253993,3.13202769233589));
#5700=CARTESIAN_POINT('',(3.41999987078801,3.13202769233589));
#5701=CARTESIAN_POINT('',(-3.5289701643893,-192.170279349973,106.561245222014));
#5702=CARTESIAN_POINT('',(-3.55553099238937,-189.091490265153,106.561245222014));
#5703=CARTESIAN_POINT('',(-0.476741907569328,-189.064929437153,106.561245222014));
#5704=CARTESIAN_POINT('',(2.60204717725072,-189.038368609153,106.561245222014));
#5705=CARTESIAN_POINT('',(2.62860800525062,-192.117157693973,106.561245222014));
#5706=CARTESIAN_POINT('',(3.41999987078801,3.13202769233589));
#5707=CARTESIAN_POINT('',(3.41999987078803,6.27362034592568));
#5708=CARTESIAN_POINT('',(2.62860800525062,-192.117157693973,106.561245222014));
#5709=CARTESIAN_POINT('',(2.62860800525062,-192.117157693973,109.561245104547));
#5710=CARTESIAN_POINT('',(3.41999987078803,6.27362034592568));
#5711=CARTESIAN_POINT('',(0.419999988254998,6.27362034592568));
#5712=CARTESIAN_POINT('',(0.419999988253998,4.71238901880831));
#5713=CARTESIAN_POINT('',(0.419999988254998,6.27362034592568));
#5714=CARTESIAN_POINT('',(1.00070868258584E-10,3.87946279891));
#5715=CARTESIAN_POINT('',(0.0167338236600803,3.87946279891002));
#5716=CARTESIAN_POINT('',(0.0334670245401024,3.87931844096002));
#5717=CARTESIAN_POINT('',(3.91278546554999,3.84585141641998));
#5718=CARTESIAN_POINT('',(3.87931844101005,-0.0334670245899815));
#5719=CARTESIAN_POINT('',(3.84613889235003,-3.87946279893998));
#5720=CARTESIAN_POINT('',(7.00923496435405E-11,-3.87946279900996));
#5721=CARTESIAN_POINT('',(-0.0167338235699746,-3.87946279900999));
#5722=CARTESIAN_POINT('',(-0.0334670245398166,-3.87931844106001));
#5723=CARTESIAN_POINT('',(-3.91278546554999,-3.84585141651999));
#5724=CARTESIAN_POINT('',(-3.87931844100998,0.0334670244899939));
#5725=CARTESIAN_POINT('',(-3.84613889234996,3.87946279900998));
#5726=CARTESIAN_POINT('',(1.00070868258584E-10,3.87946279891));
#5727=CARTESIAN_POINT('',(3.07878908481999,-0.0265608280499805));
#5728=CARTESIAN_POINT('',(3.10534991282006,3.05222825677006));
#5729=CARTESIAN_POINT('',(0.0265608280000134,3.07878908477005));
#5730=CARTESIAN_POINT('',(-3.05222825682003,3.10534991277001));
#5731=CARTESIAN_POINT('',(-3.07878908481993,0.0265608279499929));
#5732=CARTESIAN_POINT('',(-3.5289701643893,-192.170279349973,106.561245222014));
#5733=CARTESIAN_POINT('',(-3.50240933638937,-195.249068434793,106.561245222014));
#5734=CARTESIAN_POINT('',(-0.423620251569353,-195.222507606793,106.561245222014));
#5735=CARTESIAN_POINT('',(2.65516883325066,-195.195946778793,106.561245222014));
#5736=CARTESIAN_POINT('',(2.62860800525062,-192.117157693973,106.561245222014));
#5737=CARTESIAN_POINT('',(3.07878908481999,-0.0265608280499805));
#5738=CARTESIAN_POINT('',(3.05222825682006,-3.10534991286996));
#5739=CARTESIAN_POINT('',(-0.0265608279999614,-3.07878908487001));
#5740=CARTESIAN_POINT('',(-3.10534991281998,-3.05222825687005));
#5741=CARTESIAN_POINT('',(-3.07878908481993,0.0265608279499929));
#5742=CARTESIAN_POINT('',(0.419999988253992,3.13202769233585));
#5743=CARTESIAN_POINT('',(0.419999988254007,4.71238901884811));
#5744=CARTESIAN_POINT('',(-37.7990092020597,-216.442425754563,109.561245104548));
#5745=CARTESIAN_POINT('',(-37.7990092020597,-216.442425754563,106.561245222014));
#5746=CARTESIAN_POINT('',(0.419999988253992,3.13202769233585));
#5747=CARTESIAN_POINT('',(3.41999987078802,3.13202769233588));
#5748=CARTESIAN_POINT('',(-37.7990092020597,-216.442425754563,106.561245222014));
#5749=CARTESIAN_POINT('',(-37.8255700300597,-213.363636669743,106.561245222014));
#5750=CARTESIAN_POINT('',(-34.7467809452396,-213.337075841743,106.561245222014));
#5751=CARTESIAN_POINT('',(-31.6679918604195,-213.310515013743,106.561245222014));
#5752=CARTESIAN_POINT('',(-31.6414310324195,-216.389304098563,106.561245222014));
#5753=CARTESIAN_POINT('',(3.41999987078802,3.13202769233588));
#5754=CARTESIAN_POINT('',(3.41999987078803,6.27362034592568));
#5755=CARTESIAN_POINT('',(-31.6414310324195,-216.389304098563,106.561245222014));
#5756=CARTESIAN_POINT('',(-31.6414310324195,-216.389304098563,109.561245104548));
#5757=CARTESIAN_POINT('',(3.41999987078803,6.27362034592568));
#5758=CARTESIAN_POINT('',(0.419999988253991,6.27362034592568));
#5759=CARTESIAN_POINT('',(0.419999988254007,4.71238901884811));
#5760=CARTESIAN_POINT('',(0.419999988253991,6.27362034592568));
#5761=CARTESIAN_POINT('',(1.00539655939239E-11,3.87946279896002));
#5762=CARTESIAN_POINT('',(0.0167338236199528,3.87946279896003));
#5763=CARTESIAN_POINT('',(0.0334670245399593,3.87931844101001));
#5764=CARTESIAN_POINT('',(3.91278546555006,3.84585141647003));
#5765=CARTESIAN_POINT('',(3.87931844101015,-0.0334670245399877));
#5766=CARTESIAN_POINT('',(3.84613889234994,-3.87946279897));
#5767=CARTESIAN_POINT('',(-9.96159863435057E-12,-3.87946279896002));
#5768=CARTESIAN_POINT('',(-0.0167338236198612,-3.87946279896));
#5769=CARTESIAN_POINT('',(-0.0334670245399593,-3.87931844100999));
#5770=CARTESIAN_POINT('',(-3.91278546555006,-3.84585141646995));
#5771=CARTESIAN_POINT('',(-3.87931844100985,0.0334670245400162));
#5772=CARTESIAN_POINT('',(-3.84613889234994,3.87946279897006));
#5773=CARTESIAN_POINT('',(1.00539655939239E-11,3.87946279896002));
#5774=CARTESIAN_POINT('',(3.07878908482035,-0.0265608279999922));
#5775=CARTESIAN_POINT('',(3.10534991282032,3.05222825682008));
#5776=CARTESIAN_POINT('',(0.0265608280002567,3.07878908482007));
#5777=CARTESIAN_POINT('',(-3.0522282568198,3.10534991282011));
#5778=CARTESIAN_POINT('',(-3.07878908481985,0.0265608280000206));
#5779=CARTESIAN_POINT('',(-37.7990092020597,-216.442425754563,106.561245222014));
#5780=CARTESIAN_POINT('',(-37.7724483740596,-219.521214839383,106.561245222014));
#5781=CARTESIAN_POINT('',(-34.6936592892396,-219.494654011383,106.561245222014));
#5782=CARTESIAN_POINT('',(-31.6148702044196,-219.468093183383,106.561245222014));
#5783=CARTESIAN_POINT('',(-31.6414310324195,-216.389304098563,106.561245222014));
#5784=CARTESIAN_POINT('',(3.07878908482035,-0.0265608279999922));
#5785=CARTESIAN_POINT('',(3.05222825682027,-3.10534991282002));
#5786=CARTESIAN_POINT('',(-0.0265608279997522,-3.07878908482002));
#5787=CARTESIAN_POINT('',(-3.10534991281977,-3.05222825681998));
#5788=CARTESIAN_POINT('',(-3.07878908481985,0.0265608280000206));
#5789=CARTESIAN_POINT('',(0.41999998825311,3.13202769233588));
#5790=CARTESIAN_POINT('',(0.419999988253105,4.71238901884809));
#5791=CARTESIAN_POINT('',(-3.52897042472943,-216.442425754563,109.561245104548));
#5792=CARTESIAN_POINT('',(-3.52897042472943,-216.442425754563,106.561245222014));
#5793=CARTESIAN_POINT('',(0.41999998825311,3.13202769233588));
#5794=CARTESIAN_POINT('',(3.4199998707877,3.13202769233587));
#5795=CARTESIAN_POINT('',(-3.52897042472943,-216.442425754563,106.561245222014));
#5796=CARTESIAN_POINT('',(-3.55553125272939,-213.363636669743,106.561245222014));
#5797=CARTESIAN_POINT('',(-0.476742167909361,-213.337075841743,106.561245222014));
#5798=CARTESIAN_POINT('',(2.60204691691067,-213.310515013743,106.561245222014));
#5799=CARTESIAN_POINT('',(2.62860774491071,-216.389304098563,106.561245222014));
#5800=CARTESIAN_POINT('',(3.4199998707877,3.13202769233587));
#5801=CARTESIAN_POINT('',(3.41999987078772,6.27362034592569));
#5802=CARTESIAN_POINT('',(2.62860774491071,-216.389304098563,106.561245222014));
#5803=CARTESIAN_POINT('',(2.62860774491071,-216.389304098563,109.561245104548));
#5804=CARTESIAN_POINT('',(3.41999987078772,6.27362034592569));
#5805=CARTESIAN_POINT('',(0.419999988253092,6.27362034592569));
#5806=CARTESIAN_POINT('',(0.419999988253105,4.71238901884809));
#5807=CARTESIAN_POINT('',(0.419999988253092,6.27362034592569));
#5808=CARTESIAN_POINT('',(9.93522724144028E-12,3.87946279895502));
#5809=CARTESIAN_POINT('',(0.0167338236196762,3.87946279895502));
#5810=CARTESIAN_POINT('',(0.0334670245398903,3.87931844100501));
#5811=CARTESIAN_POINT('',(3.91278546555008,3.84585141646504));
#5812=CARTESIAN_POINT('',(3.87931844101005,-0.03346702454499));
#5813=CARTESIAN_POINT('',(3.84613889235979,-3.87946279831498));
#5814=CARTESIAN_POINT('',(6.59858419428224E-10,-3.87946279896499));
#5815=CARTESIAN_POINT('',(-0.0167338232799995,-3.87946279896499));
#5816=CARTESIAN_POINT('',(-0.0334670245400415,-3.87931844101499));
#5817=CARTESIAN_POINT('',(-3.91278546555008,-3.84585141647498));
#5818=CARTESIAN_POINT('',(-3.87931844100998,0.0334670245350139));
#5819=CARTESIAN_POINT('',(-3.84613889235006,3.87946279896498));
#5820=CARTESIAN_POINT('',(9.93522724144028E-12,3.87946279895502));
#5821=CARTESIAN_POINT('',(3.07878908481999,-0.0265608280049944));
#5822=CARTESIAN_POINT('',(3.10534991281996,3.05222825681505));
#5823=CARTESIAN_POINT('',(0.0265608279999303,3.07878908481504));
#5824=CARTESIAN_POINT('',(-3.0522282568201,3.10534991281505));
#5825=CARTESIAN_POINT('',(-3.07878908482015,0.0265608279950184));
#5826=CARTESIAN_POINT('',(-3.52897042472943,-216.442425754563,106.561245222014));
#5827=CARTESIAN_POINT('',(-3.50240959672936,-219.521214839383,106.561245222014));
#5828=CARTESIAN_POINT('',(-0.42362051190936,-219.494654011383,106.561245222014));
#5829=CARTESIAN_POINT('',(2.65516857291064,-219.468093183383,106.561245222014));
#5830=CARTESIAN_POINT('',(2.62860774491071,-216.389304098563,106.561245222014));
#5831=CARTESIAN_POINT('',(3.07878908481999,-0.0265608280049944));
#5832=CARTESIAN_POINT('',(3.05222825681992,-3.105349912825));
#5833=CARTESIAN_POINT('',(-0.0265608280000812,-3.07878908482499));
#5834=CARTESIAN_POINT('',(-3.10534991282008,-3.05222825682501));
#5835=CARTESIAN_POINT('',(-3.07878908482015,0.0265608279950184));
#5836=CARTESIAN_POINT('',(0.419999988253112,4.71238894195013));
#5837=CARTESIAN_POINT('',(0.419999988253103,6.27362034592569));
#5838=CARTESIAN_POINT('',(0.419999988253071,3.1320276923359));
#5839=CARTESIAN_POINT('',(0.419999988253112,4.71238894195013));
#5840=CARTESIAN_POINT('',(3.41999987078774,3.13202769233589));
#5841=CARTESIAN_POINT('',(0.419999988253071,3.1320276923359));
#5842=CARTESIAN_POINT('',(3.41999987078775,6.27362034592568));
#5843=CARTESIAN_POINT('',(3.41999987078774,3.13202769233589));
#5844=CARTESIAN_POINT('',(0.419999988253103,6.27362034592569));
#5845=CARTESIAN_POINT('',(3.41999987078775,6.27362034592568));
#5846=CARTESIAN_POINT('',(0.419999988254903,4.71238894195024));
#5847=CARTESIAN_POINT('',(0.419999988254902,6.27362034592569));
#5848=CARTESIAN_POINT('',(0.41999998825591,3.13202769233588));
#5849=CARTESIAN_POINT('',(0.419999988254903,4.71238894195024));
#5850=CARTESIAN_POINT('',(3.41999987078822,3.13202769233589));
#5851=CARTESIAN_POINT('',(0.41999998825591,3.13202769233588));
#5852=CARTESIAN_POINT('',(3.4199998707882,6.27362034592567));
#5853=CARTESIAN_POINT('',(3.41999987078822,3.13202769233589));
#5854=CARTESIAN_POINT('',(0.419999988254902,6.27362034592569));
#5855=CARTESIAN_POINT('',(3.4199998707882,6.27362034592567));
#5856=CARTESIAN_POINT('',(0.419999988253103,4.71238894190684));
#5857=CARTESIAN_POINT('',(0.4199999882531,6.27362034592567));
#5858=CARTESIAN_POINT('',(0.419999988253114,3.13202769233589));
#5859=CARTESIAN_POINT('',(0.419999988253103,4.71238894190684));
#5860=CARTESIAN_POINT('',(3.41999987078774,3.13202769233589));
#5861=CARTESIAN_POINT('',(0.419999988253114,3.13202769233589));
#5862=CARTESIAN_POINT('',(3.41999987078773,6.27362034592568));
#5863=CARTESIAN_POINT('',(3.41999987078774,3.13202769233589));
#5864=CARTESIAN_POINT('',(0.4199999882531,6.27362034592567));
#5865=CARTESIAN_POINT('',(3.41999987078773,6.27362034592568));
#5866=CARTESIAN_POINT('',(0.4199999882531,4.71238894190685));
#5867=CARTESIAN_POINT('',(0.419999988253096,6.27362034592567));
#5868=CARTESIAN_POINT('',(0.419999988253083,3.1320276923359));
#5869=CARTESIAN_POINT('',(0.4199999882531,4.71238894190685));
#5870=CARTESIAN_POINT('',(3.41999987078771,3.13202769233589));
#5871=CARTESIAN_POINT('',(0.419999988253083,3.1320276923359));
#5872=CARTESIAN_POINT('',(3.41999987078772,6.27362034592568));
#5873=CARTESIAN_POINT('',(3.41999987078771,3.13202769233589));
#5874=CARTESIAN_POINT('',(0.419999988253096,6.27362034592567));
#5875=CARTESIAN_POINT('',(3.41999987078772,6.27362034592568));
#5876=CARTESIAN_POINT('',(-24.9005131997972,-149.592949477633,126.640646427113));
#5877=CARTESIAN_POINT('',(-24.9005131997972,-149.592949477633,106.561245222014));
#5878=CARTESIAN_POINT('',(1.02523826421508,2.12794012051));
#5879=CARTESIAN_POINT('',(1.02523826421509,22.2073413256088));
#5880=CARTESIAN_POINT('',(0.494517976397834,22.2073413256088));
#5881=CARTESIAN_POINT('',(1.02523826421509,22.2073413256088));
#5882=CARTESIAN_POINT('',(0.494517976397834,2.12794012051));
#5883=CARTESIAN_POINT('',(0.494517976397834,22.2073413256088));
#5884=CARTESIAN_POINT('',(1.02523826421508,2.12794012051));
#5885=CARTESIAN_POINT('',(0.494517976397834,2.12794012051));
#5886=CARTESIAN_POINT('',(-20.079401205099,-1.04805053524615E-13));
#5887=CARTESIAN_POINT('',(0.,0.));
#5888=CARTESIAN_POINT('',(-20.079401205099,-14.6306254631157));
#5889=CARTESIAN_POINT('',(-20.079401205099,-1.04805053524615E-13));
#5890=CARTESIAN_POINT('',(2.8421709430404E-14,-14.6306254631158));
#5891=CARTESIAN_POINT('',(-20.079401205099,-14.6306254631157));
#5892=CARTESIAN_POINT('',(0.,0.));
#5893=CARTESIAN_POINT('',(2.8421709430404E-14,-14.6306254631158));
#5894=CARTESIAN_POINT('',(0.,0.,0.));
#5895=(
GEOMETRIC_REPRESENTATION_CONTEXT(2)
PARAMETRIC_REPRESENTATION_CONTEXT()
REPRESENTATION_CONTEXT('pspace','')
);
ENDSEC;
END-ISO-10303-21;
