ISO-10303-21;
HEADER;
/* Generated by software containing ST-Developer
 * from STEP Tools, Inc. (www.steptools.com) 
 */
/* OPTION: using custom schema-name function */

FILE_DESCRIPTION(
/* description */ (''),
/* implementation_level */ '2;1');

FILE_NAME(
/* name */ 'OB_F_J~1',
/* time_stamp */ '2026-05-26T22:10:15+08:00',
/* author */ (''),
/* organization */ (''),
/* preprocessor_version */ 'ST-DEVELOPER v16.5',
/* originating_system */ '',
/* authorisation */ '');

FILE_SCHEMA (('CONFIG_CONTROL_DESIGN'));
ENDSEC;

DATA;
#10=SHAPE_REPRESENTATION_RELATIONSHIP('','',#4484,#12);
#11=MANIFOLD_SOLID_BREP('brep_1',#13);
#12=ADVANCED_BREP_SHAPE_REPRESENTATION('brep_rep_0',(#11,#4486),#4483);
#13=CLOSED_SHELL('',(#34,#35,#36,#37,#38,#39,#40,#41,#42,#43,#44,#45,#46,
#47,#48,#49,#50,#51,#52,#53,#54,#55,#56,#57,#58,#59,#60,#61,#62,#63,#64,
#65,#66,#67,#68,#69,#70,#71,#72,#73,#74,#75,#76,#77,#78,#79,#80,#81,#82,
#83,#84,#85,#86,#87,#88,#89,#90,#91,#92,#93,#94,#95,#96,#97,#98,#99,#100,
#101,#102,#103,#104,#105,#106,#107,#108,#109,#110,#111,#112,#113,#114,#115,
#116,#117,#118,#119,#120,#121,#122,#123,#124,#125,#126,#127,#128,#129,#130,
#131,#132,#133,#134,#135,#136,#137,#138,#139,#140,#141,#142,#143,#144,#145,
#146,#147,#148,#149,#150,#151,#152,#153,#154,#155));
#14=FACE_BOUND('',#280,.T.);
#15=FACE_BOUND('',#283,.T.);
#16=FACE_BOUND('',#287,.T.);
#17=FACE_BOUND('',#288,.T.);
#18=FACE_BOUND('',#289,.T.);
#19=FACE_BOUND('',#290,.T.);
#20=FACE_BOUND('',#306,.T.);
#21=FACE_BOUND('',#307,.T.);
#22=FACE_BOUND('',#318,.T.);
#23=FACE_BOUND('',#319,.T.);
#24=FACE_BOUND('',#320,.T.);
#25=FACE_BOUND('',#321,.T.);
#26=FACE_BOUND('',#332,.T.);
#27=FACE_BOUND('',#333,.T.);
#28=FACE_BOUND('',#393,.T.);
#29=FACE_BOUND('',#396,.T.);
#30=FACE_BOUND('',#399,.T.);
#31=FACE_BOUND('',#402,.T.);
#32=FACE_BOUND('',#405,.T.);
#33=FACE_BOUND('',#409,.T.);
#34=ADVANCED_FACE('',(#156),#4340,.T.);
#35=ADVANCED_FACE('',(#157,#14),#4276,.T.);
#36=ADVANCED_FACE('',(#158),#4341,.T.);
#37=ADVANCED_FACE('',(#159,#15),#4277,.T.);
#38=ADVANCED_FACE('',(#160),#4342,.T.);
#39=ADVANCED_FACE('',(#161),#4278,.T.);
#40=ADVANCED_FACE('',(#162,#16,#17,#18,#19),#4279,.T.);
#41=ADVANCED_FACE('',(#163),#4343,.T.);
#42=ADVANCED_FACE('',(#164),#4344,.T.);
#43=ADVANCED_FACE('',(#165),#4280,.T.);
#44=ADVANCED_FACE('',(#166),#4281,.T.);
#45=ADVANCED_FACE('',(#167),#4282,.T.);
#46=ADVANCED_FACE('',(#168),#4345,.T.);
#47=ADVANCED_FACE('',(#169),#4283,.T.);
#48=ADVANCED_FACE('',(#170),#4284,.T.);
#49=ADVANCED_FACE('',(#171),#4285,.T.);
#50=ADVANCED_FACE('',(#172),#4286,.T.);
#51=ADVANCED_FACE('',(#173),#4346,.T.);
#52=ADVANCED_FACE('',(#174),#4287,.T.);
#53=ADVANCED_FACE('',(#175),#4288,.T.);
#54=ADVANCED_FACE('',(#176),#4289,.T.);
#55=ADVANCED_FACE('',(#177,#20,#21),#4290,.T.);
#56=ADVANCED_FACE('',(#178),#4347,.T.);
#57=ADVANCED_FACE('',(#179),#4291,.T.);
#58=ADVANCED_FACE('',(#180),#4348,.T.);
#59=ADVANCED_FACE('',(#181),#4349,.T.);
#60=ADVANCED_FACE('',(#182),#4350,.T.);
#61=ADVANCED_FACE('',(#183),#4351,.T.);
#62=ADVANCED_FACE('',(#184),#4292,.T.);
#63=ADVANCED_FACE('',(#185),#4293,.T.);
#64=ADVANCED_FACE('',(#186),#4294,.T.);
#65=ADVANCED_FACE('',(#187,#22,#23,#24,#25),#4295,.T.);
#66=ADVANCED_FACE('',(#188),#4352,.T.);
#67=ADVANCED_FACE('',(#189),#4296,.T.);
#68=ADVANCED_FACE('',(#190),#4353,.T.);
#69=ADVANCED_FACE('',(#191),#4297,.T.);
#70=ADVANCED_FACE('',(#192),#4298,.T.);
#71=ADVANCED_FACE('',(#193),#4299,.T.);
#72=ADVANCED_FACE('',(#194),#4300,.T.);
#73=ADVANCED_FACE('',(#195),#4354,.T.);
#74=ADVANCED_FACE('',(#196),#4301,.T.);
#75=ADVANCED_FACE('',(#197,#26,#27),#4302,.T.);
#76=ADVANCED_FACE('',(#198),#4303,.T.);
#77=ADVANCED_FACE('',(#199),#4304,.T.);
#78=ADVANCED_FACE('',(#200),#4305,.T.);
#79=ADVANCED_FACE('',(#201),#4306,.T.);
#80=ADVANCED_FACE('',(#202),#4307,.T.);
#81=ADVANCED_FACE('',(#203),#4355,.T.);
#82=ADVANCED_FACE('',(#204),#4308,.T.);
#83=ADVANCED_FACE('',(#205),#4356,.T.);
#84=ADVANCED_FACE('',(#206),#4309,.T.);
#85=ADVANCED_FACE('',(#207),#4310,.T.);
#86=ADVANCED_FACE('',(#208),#4311,.T.);
#87=ADVANCED_FACE('',(#209),#4357,.T.);
#88=ADVANCED_FACE('',(#210),#4312,.T.);
#89=ADVANCED_FACE('',(#211),#4358,.T.);
#90=ADVANCED_FACE('',(#212),#4313,.T.);
#91=ADVANCED_FACE('',(#213),#4359,.T.);
#92=ADVANCED_FACE('',(#214),#4314,.T.);
#93=ADVANCED_FACE('',(#215),#4315,.T.);
#94=ADVANCED_FACE('',(#216),#4316,.T.);
#95=ADVANCED_FACE('',(#217),#4360,.T.);
#96=ADVANCED_FACE('',(#218),#4361,.T.);
#97=ADVANCED_FACE('',(#219),#4317,.T.);
#98=ADVANCED_FACE('',(#220),#4362,.T.);
#99=ADVANCED_FACE('',(#221),#4318,.T.);
#100=ADVANCED_FACE('',(#222),#4319,.T.);
#101=ADVANCED_FACE('',(#223),#4320,.T.);
#102=ADVANCED_FACE('',(#224),#4321,.T.);
#103=ADVANCED_FACE('',(#225),#4322,.T.);
#104=ADVANCED_FACE('',(#226),#4323,.T.);
#105=ADVANCED_FACE('',(#227),#4363,.T.);
#106=ADVANCED_FACE('',(#228),#4324,.T.);
#107=ADVANCED_FACE('',(#229),#4364,.T.);
#108=ADVANCED_FACE('',(#230),#4325,.T.);
#109=ADVANCED_FACE('',(#231),#4326,.T.);
#110=ADVANCED_FACE('',(#232),#4327,.T.);
#111=ADVANCED_FACE('',(#233),#4365,.T.);
#112=ADVANCED_FACE('',(#234),#4328,.T.);
#113=ADVANCED_FACE('',(#235),#4366,.T.);
#114=ADVANCED_FACE('',(#236),#4329,.T.);
#115=ADVANCED_FACE('',(#237),#4367,.T.);
#116=ADVANCED_FACE('',(#238),#4330,.T.);
#117=ADVANCED_FACE('',(#239),#4368,.T.);
#118=ADVANCED_FACE('',(#240),#4331,.T.);
#119=ADVANCED_FACE('',(#241),#4332,.T.);
#120=ADVANCED_FACE('',(#242),#4333,.T.);
#121=ADVANCED_FACE('',(#243),#4369,.T.);
#122=ADVANCED_FACE('',(#244),#4370,.T.);
#123=ADVANCED_FACE('',(#245),#4371,.T.);
#124=ADVANCED_FACE('',(#246),#4372,.T.);
#125=ADVANCED_FACE('',(#247),#4373,.T.);
#126=ADVANCED_FACE('',(#248),#4374,.T.);
#127=ADVANCED_FACE('',(#249),#4375,.T.);
#128=ADVANCED_FACE('',(#250),#4376,.T.);
#129=ADVANCED_FACE('',(#251),#4377,.T.);
#130=ADVANCED_FACE('',(#252),#4378,.T.);
#131=ADVANCED_FACE('',(#253),#4379,.T.);
#132=ADVANCED_FACE('',(#254),#4380,.T.);
#133=ADVANCED_FACE('',(#255),#4381,.T.);
#134=ADVANCED_FACE('',(#256,#28),#4334,.T.);
#135=ADVANCED_FACE('',(#257),#4382,.T.);
#136=ADVANCED_FACE('',(#258,#29),#4335,.T.);
#137=ADVANCED_FACE('',(#259),#4383,.T.);
#138=ADVANCED_FACE('',(#260,#30),#4336,.T.);
#139=ADVANCED_FACE('',(#261),#4384,.T.);
#140=ADVANCED_FACE('',(#262,#31),#4337,.T.);
#141=ADVANCED_FACE('',(#263),#4385,.T.);
#142=ADVANCED_FACE('',(#264,#32),#4338,.T.);
#143=ADVANCED_FACE('',(#265),#4386,.T.);
#144=ADVANCED_FACE('',(#266),#4387,.T.);
#145=ADVANCED_FACE('',(#267,#33),#4339,.T.);
#146=ADVANCED_FACE('',(#268),#4388,.T.);
#147=ADVANCED_FACE('',(#269),#4389,.T.);
#148=ADVANCED_FACE('',(#270),#4390,.T.);
#149=ADVANCED_FACE('',(#271),#4391,.T.);
#150=ADVANCED_FACE('',(#272),#4392,.T.);
#151=ADVANCED_FACE('',(#273),#4393,.T.);
#152=ADVANCED_FACE('',(#274),#4394,.T.);
#153=ADVANCED_FACE('',(#275),#4395,.T.);
#154=ADVANCED_FACE('',(#276),#4396,.T.);
#155=ADVANCED_FACE('',(#277),#4397,.T.);
#156=FACE_OUTER_BOUND('',#278,.T.);
#157=FACE_OUTER_BOUND('',#279,.T.);
#158=FACE_OUTER_BOUND('',#281,.T.);
#159=FACE_OUTER_BOUND('',#282,.T.);
#160=FACE_OUTER_BOUND('',#284,.T.);
#161=FACE_OUTER_BOUND('',#285,.T.);
#162=FACE_OUTER_BOUND('',#286,.T.);
#163=FACE_OUTER_BOUND('',#291,.T.);
#164=FACE_OUTER_BOUND('',#292,.T.);
#165=FACE_OUTER_BOUND('',#293,.T.);
#166=FACE_OUTER_BOUND('',#294,.T.);
#167=FACE_OUTER_BOUND('',#295,.T.);
#168=FACE_OUTER_BOUND('',#296,.T.);
#169=FACE_OUTER_BOUND('',#297,.T.);
#170=FACE_OUTER_BOUND('',#298,.T.);
#171=FACE_OUTER_BOUND('',#299,.T.);
#172=FACE_OUTER_BOUND('',#300,.T.);
#173=FACE_OUTER_BOUND('',#301,.T.);
#174=FACE_OUTER_BOUND('',#302,.T.);
#175=FACE_OUTER_BOUND('',#303,.T.);
#176=FACE_OUTER_BOUND('',#304,.T.);
#177=FACE_OUTER_BOUND('',#305,.T.);
#178=FACE_OUTER_BOUND('',#308,.T.);
#179=FACE_OUTER_BOUND('',#309,.T.);
#180=FACE_OUTER_BOUND('',#310,.T.);
#181=FACE_OUTER_BOUND('',#311,.T.);
#182=FACE_OUTER_BOUND('',#312,.T.);
#183=FACE_OUTER_BOUND('',#313,.T.);
#184=FACE_OUTER_BOUND('',#314,.T.);
#185=FACE_OUTER_BOUND('',#315,.T.);
#186=FACE_OUTER_BOUND('',#316,.T.);
#187=FACE_OUTER_BOUND('',#317,.T.);
#188=FACE_OUTER_BOUND('',#322,.T.);
#189=FACE_OUTER_BOUND('',#323,.T.);
#190=FACE_OUTER_BOUND('',#324,.T.);
#191=FACE_OUTER_BOUND('',#325,.T.);
#192=FACE_OUTER_BOUND('',#326,.T.);
#193=FACE_OUTER_BOUND('',#327,.T.);
#194=FACE_OUTER_BOUND('',#328,.T.);
#195=FACE_OUTER_BOUND('',#329,.T.);
#196=FACE_OUTER_BOUND('',#330,.T.);
#197=FACE_OUTER_BOUND('',#331,.T.);
#198=FACE_OUTER_BOUND('',#334,.T.);
#199=FACE_OUTER_BOUND('',#335,.T.);
#200=FACE_OUTER_BOUND('',#336,.T.);
#201=FACE_OUTER_BOUND('',#337,.T.);
#202=FACE_OUTER_BOUND('',#338,.T.);
#203=FACE_OUTER_BOUND('',#339,.T.);
#204=FACE_OUTER_BOUND('',#340,.T.);
#205=FACE_OUTER_BOUND('',#341,.T.);
#206=FACE_OUTER_BOUND('',#342,.T.);
#207=FACE_OUTER_BOUND('',#343,.T.);
#208=FACE_OUTER_BOUND('',#344,.T.);
#209=FACE_OUTER_BOUND('',#345,.T.);
#210=FACE_OUTER_BOUND('',#346,.T.);
#211=FACE_OUTER_BOUND('',#347,.T.);
#212=FACE_OUTER_BOUND('',#348,.T.);
#213=FACE_OUTER_BOUND('',#349,.T.);
#214=FACE_OUTER_BOUND('',#350,.T.);
#215=FACE_OUTER_BOUND('',#351,.T.);
#216=FACE_OUTER_BOUND('',#352,.T.);
#217=FACE_OUTER_BOUND('',#353,.T.);
#218=FACE_OUTER_BOUND('',#354,.T.);
#219=FACE_OUTER_BOUND('',#355,.T.);
#220=FACE_OUTER_BOUND('',#356,.T.);
#221=FACE_OUTER_BOUND('',#357,.T.);
#222=FACE_OUTER_BOUND('',#358,.T.);
#223=FACE_OUTER_BOUND('',#359,.T.);
#224=FACE_OUTER_BOUND('',#360,.T.);
#225=FACE_OUTER_BOUND('',#361,.T.);
#226=FACE_OUTER_BOUND('',#362,.T.);
#227=FACE_OUTER_BOUND('',#363,.T.);
#228=FACE_OUTER_BOUND('',#364,.T.);
#229=FACE_OUTER_BOUND('',#365,.T.);
#230=FACE_OUTER_BOUND('',#366,.T.);
#231=FACE_OUTER_BOUND('',#367,.T.);
#232=FACE_OUTER_BOUND('',#368,.T.);
#233=FACE_OUTER_BOUND('',#369,.T.);
#234=FACE_OUTER_BOUND('',#370,.T.);
#235=FACE_OUTER_BOUND('',#371,.T.);
#236=FACE_OUTER_BOUND('',#372,.T.);
#237=FACE_OUTER_BOUND('',#373,.T.);
#238=FACE_OUTER_BOUND('',#374,.T.);
#239=FACE_OUTER_BOUND('',#375,.T.);
#240=FACE_OUTER_BOUND('',#376,.T.);
#241=FACE_OUTER_BOUND('',#377,.T.);
#242=FACE_OUTER_BOUND('',#378,.T.);
#243=FACE_OUTER_BOUND('',#379,.T.);
#244=FACE_OUTER_BOUND('',#380,.T.);
#245=FACE_OUTER_BOUND('',#381,.T.);
#246=FACE_OUTER_BOUND('',#382,.T.);
#247=FACE_OUTER_BOUND('',#383,.T.);
#248=FACE_OUTER_BOUND('',#384,.T.);
#249=FACE_OUTER_BOUND('',#385,.T.);
#250=FACE_OUTER_BOUND('',#386,.T.);
#251=FACE_OUTER_BOUND('',#387,.T.);
#252=FACE_OUTER_BOUND('',#388,.T.);
#253=FACE_OUTER_BOUND('',#389,.T.);
#254=FACE_OUTER_BOUND('',#390,.T.);
#255=FACE_OUTER_BOUND('',#391,.T.);
#256=FACE_OUTER_BOUND('',#392,.T.);
#257=FACE_OUTER_BOUND('',#394,.T.);
#258=FACE_OUTER_BOUND('',#395,.T.);
#259=FACE_OUTER_BOUND('',#397,.T.);
#260=FACE_OUTER_BOUND('',#398,.T.);
#261=FACE_OUTER_BOUND('',#400,.T.);
#262=FACE_OUTER_BOUND('',#401,.T.);
#263=FACE_OUTER_BOUND('',#403,.T.);
#264=FACE_OUTER_BOUND('',#404,.T.);
#265=FACE_OUTER_BOUND('',#406,.T.);
#266=FACE_OUTER_BOUND('',#407,.T.);
#267=FACE_OUTER_BOUND('',#408,.T.);
#268=FACE_OUTER_BOUND('',#410,.T.);
#269=FACE_OUTER_BOUND('',#411,.T.);
#270=FACE_OUTER_BOUND('',#412,.T.);
#271=FACE_OUTER_BOUND('',#413,.T.);
#272=FACE_OUTER_BOUND('',#414,.T.);
#273=FACE_OUTER_BOUND('',#415,.T.);
#274=FACE_OUTER_BOUND('',#416,.T.);
#275=FACE_OUTER_BOUND('',#417,.T.);
#276=FACE_OUTER_BOUND('',#418,.T.);
#277=FACE_OUTER_BOUND('',#419,.T.);
#278=EDGE_LOOP('',(#420,#421,#422,#423,#424));
#279=EDGE_LOOP('',(#425,#426));
#280=EDGE_LOOP('',(#427,#428));
#281=EDGE_LOOP('',(#429,#430,#431,#432,#433,#434));
#282=EDGE_LOOP('',(#435,#436));
#283=EDGE_LOOP('',(#437,#438));
#284=EDGE_LOOP('',(#439,#440,#441,#442));
#285=EDGE_LOOP('',(#443,#444,#445,#446));
#286=EDGE_LOOP('',(#447,#448,#449,#450,#451,#452,#453,#454,#455,#456,#457));
#287=EDGE_LOOP('',(#458,#459));
#288=EDGE_LOOP('',(#460,#461));
#289=EDGE_LOOP('',(#462,#463));
#290=EDGE_LOOP('',(#464,#465));
#291=EDGE_LOOP('',(#466,#467,#468,#469));
#292=EDGE_LOOP('',(#470,#471,#472,#473));
#293=EDGE_LOOP('',(#474,#475,#476,#477,#478));
#294=EDGE_LOOP('',(#479,#480,#481,#482,#483,#484,#485,#486));
#295=EDGE_LOOP('',(#487,#488,#489,#490,#491));
#296=EDGE_LOOP('',(#492,#493,#494,#495));
#297=EDGE_LOOP('',(#496,#497,#498,#499));
#298=EDGE_LOOP('',(#500,#501,#502,#503));
#299=EDGE_LOOP('',(#504,#505,#506,#507));
#300=EDGE_LOOP('',(#508,#509,#510,#511));
#301=EDGE_LOOP('',(#512,#513,#514,#515));
#302=EDGE_LOOP('',(#516,#517,#518,#519));
#303=EDGE_LOOP('',(#520,#521,#522,#523));
#304=EDGE_LOOP('',(#524,#525,#526,#527));
#305=EDGE_LOOP('',(#528,#529,#530,#531,#532,#533,#534,#535,#536,#537,#538));
#306=EDGE_LOOP('',(#539,#540));
#307=EDGE_LOOP('',(#541,#542));
#308=EDGE_LOOP('',(#543,#544,#545,#546));
#309=EDGE_LOOP('',(#547,#548,#549,#550));
#310=EDGE_LOOP('',(#551,#552,#553,#554));
#311=EDGE_LOOP('',(#555,#556,#557,#558));
#312=EDGE_LOOP('',(#559,#560,#561,#562));
#313=EDGE_LOOP('',(#563,#564,#565,#566));
#314=EDGE_LOOP('',(#567,#568,#569,#570));
#315=EDGE_LOOP('',(#571,#572,#573,#574));
#316=EDGE_LOOP('',(#575,#576,#577,#578));
#317=EDGE_LOOP('',(#579,#580,#581,#582,#583,#584,#585,#586,#587,#588));
#318=EDGE_LOOP('',(#589,#590));
#319=EDGE_LOOP('',(#591,#592));
#320=EDGE_LOOP('',(#593,#594));
#321=EDGE_LOOP('',(#595,#596));
#322=EDGE_LOOP('',(#597,#598,#599,#600));
#323=EDGE_LOOP('',(#601,#602,#603,#604,#605));
#324=EDGE_LOOP('',(#606,#607,#608,#609));
#325=EDGE_LOOP('',(#610,#611,#612,#613));
#326=EDGE_LOOP('',(#614,#615,#616,#617));
#327=EDGE_LOOP('',(#618,#619,#620,#621));
#328=EDGE_LOOP('',(#622,#623,#624,#625));
#329=EDGE_LOOP('',(#626,#627,#628,#629));
#330=EDGE_LOOP('',(#630,#631,#632,#633));
#331=EDGE_LOOP('',(#634,#635,#636,#637,#638,#639,#640,#641,#642,#643,#644,
#645,#646));
#332=EDGE_LOOP('',(#647,#648));
#333=EDGE_LOOP('',(#649,#650));
#334=EDGE_LOOP('',(#651,#652));
#335=EDGE_LOOP('',(#653,#654,#655,#656));
#336=EDGE_LOOP('',(#657,#658,#659,#660,#661,#662,#663,#664,#665));
#337=EDGE_LOOP('',(#666,#667,#668,#669,#670,#671,#672,#673,#674));
#338=EDGE_LOOP('',(#675,#676,#677,#678));
#339=EDGE_LOOP('',(#679,#680,#681,#682));
#340=EDGE_LOOP('',(#683,#684,#685,#686));
#341=EDGE_LOOP('',(#687,#688,#689,#690));
#342=EDGE_LOOP('',(#691,#692,#693,#694));
#343=EDGE_LOOP('',(#695,#696,#697,#698,#699));
#344=EDGE_LOOP('',(#700,#701,#702,#703));
#345=EDGE_LOOP('',(#704,#705,#706,#707));
#346=EDGE_LOOP('',(#708,#709,#710,#711));
#347=EDGE_LOOP('',(#712,#713,#714,#715));
#348=EDGE_LOOP('',(#716,#717,#718,#719,#720));
#349=EDGE_LOOP('',(#721,#722,#723,#724));
#350=EDGE_LOOP('',(#725,#726,#727,#728,#729));
#351=EDGE_LOOP('',(#730,#731,#732,#733,#734));
#352=EDGE_LOOP('',(#735,#736,#737,#738,#739));
#353=EDGE_LOOP('',(#740,#741,#742,#743,#744,#745,#746,#747));
#354=EDGE_LOOP('',(#748,#749,#750,#751,#752,#753,#754));
#355=EDGE_LOOP('',(#755,#756,#757,#758,#759,#760));
#356=EDGE_LOOP('',(#761,#762,#763,#764));
#357=EDGE_LOOP('',(#765,#766,#767,#768,#769,#770,#771,#772,#773,#774,#775,
#776,#777,#778,#779,#780,#781,#782,#783,#784,#785,#786,#787,#788,#789,#790,
#791,#792,#793,#794,#795,#796,#797,#798,#799,#800,#801,#802,#803,#804,#805,
#806));
#358=EDGE_LOOP('',(#807,#808,#809,#810,#811,#812,#813,#814,#815,#816,#817,
#818,#819,#820,#821,#822,#823,#824,#825,#826,#827,#828,#829,#830,#831,#832,
#833,#834,#835,#836,#837,#838));
#359=EDGE_LOOP('',(#839,#840,#841,#842,#843,#844));
#360=EDGE_LOOP('',(#845,#846,#847,#848,#849,#850));
#361=EDGE_LOOP('',(#851,#852,#853,#854,#855,#856));
#362=EDGE_LOOP('',(#857,#858,#859,#860));
#363=EDGE_LOOP('',(#861,#862,#863,#864));
#364=EDGE_LOOP('',(#865,#866,#867,#868,#869,#870));
#365=EDGE_LOOP('',(#871,#872,#873,#874));
#366=EDGE_LOOP('',(#875,#876,#877,#878));
#367=EDGE_LOOP('',(#879,#880,#881,#882));
#368=EDGE_LOOP('',(#883,#884,#885,#886,#887));
#369=EDGE_LOOP('',(#888,#889,#890,#891));
#370=EDGE_LOOP('',(#892,#893,#894,#895));
#371=EDGE_LOOP('',(#896,#897,#898,#899));
#372=EDGE_LOOP('',(#900,#901,#902,#903,#904));
#373=EDGE_LOOP('',(#905,#906,#907,#908,#909));
#374=EDGE_LOOP('',(#910,#911,#912,#913));
#375=EDGE_LOOP('',(#914,#915,#916,#917,#918));
#376=EDGE_LOOP('',(#919,#920,#921,#922,#923,#924,#925,#926));
#377=EDGE_LOOP('',(#927,#928,#929,#930,#931));
#378=EDGE_LOOP('',(#932,#933,#934,#935,#936));
#379=EDGE_LOOP('',(#937,#938,#939,#940));
#380=EDGE_LOOP('',(#941,#942,#943,#944));
#381=EDGE_LOOP('',(#945,#946,#947,#948));
#382=EDGE_LOOP('',(#949,#950,#951,#952));
#383=EDGE_LOOP('',(#953,#954,#955,#956));
#384=EDGE_LOOP('',(#957,#958,#959,#960));
#385=EDGE_LOOP('',(#961,#962,#963,#964));
#386=EDGE_LOOP('',(#965,#966,#967,#968));
#387=EDGE_LOOP('',(#969,#970,#971,#972));
#388=EDGE_LOOP('',(#973,#974,#975,#976));
#389=EDGE_LOOP('',(#977,#978,#979,#980));
#390=EDGE_LOOP('',(#981,#982,#983,#984));
#391=EDGE_LOOP('',(#985,#986,#987,#988));
#392=EDGE_LOOP('',(#989,#990));
#393=EDGE_LOOP('',(#991,#992));
#394=EDGE_LOOP('',(#993,#994,#995,#996,#997));
#395=EDGE_LOOP('',(#998,#999));
#396=EDGE_LOOP('',(#1000,#1001));
#397=EDGE_LOOP('',(#1002,#1003,#1004,#1005,#1006,#1007));
#398=EDGE_LOOP('',(#1008,#1009));
#399=EDGE_LOOP('',(#1010,#1011));
#400=EDGE_LOOP('',(#1012,#1013,#1014,#1015));
#401=EDGE_LOOP('',(#1016,#1017));
#402=EDGE_LOOP('',(#1018,#1019));
#403=EDGE_LOOP('',(#1020,#1021,#1022,#1023));
#404=EDGE_LOOP('',(#1024,#1025));
#405=EDGE_LOOP('',(#1026,#1027));
#406=EDGE_LOOP('',(#1028,#1029,#1030,#1031));
#407=EDGE_LOOP('',(#1032,#1033,#1034,#1035));
#408=EDGE_LOOP('',(#1036,#1037));
#409=EDGE_LOOP('',(#1038,#1039));
#410=EDGE_LOOP('',(#1040,#1041,#1042,#1043));
#411=EDGE_LOOP('',(#1044,#1045,#1046,#1047));
#412=EDGE_LOOP('',(#1048,#1049,#1050,#1051,#1052));
#413=EDGE_LOOP('',(#1053,#1054,#1055,#1056));
#414=EDGE_LOOP('',(#1057,#1058,#1059,#1060));
#415=EDGE_LOOP('',(#1061,#1062,#1063,#1064));
#416=EDGE_LOOP('',(#1065,#1066,#1067,#1068,#1069));
#417=EDGE_LOOP('',(#1070,#1071,#1072,#1073));
#418=EDGE_LOOP('',(#1074,#1075,#1076,#1077));
#419=EDGE_LOOP('',(#1078,#1079,#1080,#1081));
#420=ORIENTED_EDGE('',*,*,#3487,.T.);
#421=ORIENTED_EDGE('',*,*,#3488,.T.);
#422=ORIENTED_EDGE('',*,*,#3489,.T.);
#423=ORIENTED_EDGE('',*,*,#3490,.T.);
#424=ORIENTED_EDGE('',*,*,#3491,.T.);
#425=ORIENTED_EDGE('',*,*,#3492,.T.);
#426=ORIENTED_EDGE('',*,*,#3490,.F.);
#427=ORIENTED_EDGE('',*,*,#3493,.T.);
#428=ORIENTED_EDGE('',*,*,#3494,.T.);
#429=ORIENTED_EDGE('',*,*,#3495,.T.);
#430=ORIENTED_EDGE('',*,*,#3496,.T.);
#431=ORIENTED_EDGE('',*,*,#3497,.T.);
#432=ORIENTED_EDGE('',*,*,#3498,.T.);
#433=ORIENTED_EDGE('',*,*,#3499,.T.);
#434=ORIENTED_EDGE('',*,*,#3500,.T.);
#435=ORIENTED_EDGE('',*,*,#3501,.T.);
#436=ORIENTED_EDGE('',*,*,#3499,.F.);
#437=ORIENTED_EDGE('',*,*,#3502,.T.);
#438=ORIENTED_EDGE('',*,*,#3503,.T.);
#439=ORIENTED_EDGE('',*,*,#3504,.T.);
#440=ORIENTED_EDGE('',*,*,#3505,.T.);
#441=ORIENTED_EDGE('',*,*,#3506,.T.);
#442=ORIENTED_EDGE('',*,*,#3507,.T.);
#443=ORIENTED_EDGE('',*,*,#3508,.T.);
#444=ORIENTED_EDGE('',*,*,#3509,.T.);
#445=ORIENTED_EDGE('',*,*,#3510,.T.);
#446=ORIENTED_EDGE('',*,*,#3511,.T.);
#447=ORIENTED_EDGE('',*,*,#3512,.T.);
#448=ORIENTED_EDGE('',*,*,#3513,.T.);
#449=ORIENTED_EDGE('',*,*,#3514,.T.);
#450=ORIENTED_EDGE('',*,*,#3515,.T.);
#451=ORIENTED_EDGE('',*,*,#3516,.T.);
#452=ORIENTED_EDGE('',*,*,#3517,.T.);
#453=ORIENTED_EDGE('',*,*,#3518,.T.);
#454=ORIENTED_EDGE('',*,*,#3519,.T.);
#455=ORIENTED_EDGE('',*,*,#3520,.T.);
#456=ORIENTED_EDGE('',*,*,#3521,.T.);
#457=ORIENTED_EDGE('',*,*,#3509,.F.);
#458=ORIENTED_EDGE('',*,*,#3522,.T.);
#459=ORIENTED_EDGE('',*,*,#3523,.T.);
#460=ORIENTED_EDGE('',*,*,#3524,.T.);
#461=ORIENTED_EDGE('',*,*,#3525,.T.);
#462=ORIENTED_EDGE('',*,*,#3526,.T.);
#463=ORIENTED_EDGE('',*,*,#3527,.T.);
#464=ORIENTED_EDGE('',*,*,#3528,.T.);
#465=ORIENTED_EDGE('',*,*,#3529,.T.);
#466=ORIENTED_EDGE('',*,*,#3530,.T.);
#467=ORIENTED_EDGE('',*,*,#3518,.F.);
#468=ORIENTED_EDGE('',*,*,#3531,.T.);
#469=ORIENTED_EDGE('',*,*,#3532,.T.);
#470=ORIENTED_EDGE('',*,*,#3533,.T.);
#471=ORIENTED_EDGE('',*,*,#3532,.F.);
#472=ORIENTED_EDGE('',*,*,#3534,.T.);
#473=ORIENTED_EDGE('',*,*,#3535,.T.);
#474=ORIENTED_EDGE('',*,*,#3536,.T.);
#475=ORIENTED_EDGE('',*,*,#3537,.T.);
#476=ORIENTED_EDGE('',*,*,#3538,.T.);
#477=ORIENTED_EDGE('',*,*,#3539,.T.);
#478=ORIENTED_EDGE('',*,*,#3514,.F.);
#479=ORIENTED_EDGE('',*,*,#3540,.T.);
#480=ORIENTED_EDGE('',*,*,#3541,.T.);
#481=ORIENTED_EDGE('',*,*,#3542,.T.);
#482=ORIENTED_EDGE('',*,*,#3535,.F.);
#483=ORIENTED_EDGE('',*,*,#3543,.T.);
#484=ORIENTED_EDGE('',*,*,#3544,.T.);
#485=ORIENTED_EDGE('',*,*,#3545,.T.);
#486=ORIENTED_EDGE('',*,*,#3537,.F.);
#487=ORIENTED_EDGE('',*,*,#3519,.F.);
#488=ORIENTED_EDGE('',*,*,#3530,.F.);
#489=ORIENTED_EDGE('',*,*,#3533,.F.);
#490=ORIENTED_EDGE('',*,*,#3542,.F.);
#491=ORIENTED_EDGE('',*,*,#3546,.T.);
#492=ORIENTED_EDGE('',*,*,#3547,.T.);
#493=ORIENTED_EDGE('',*,*,#3538,.F.);
#494=ORIENTED_EDGE('',*,*,#3545,.F.);
#495=ORIENTED_EDGE('',*,*,#3548,.T.);
#496=ORIENTED_EDGE('',*,*,#3549,.T.);
#497=ORIENTED_EDGE('',*,*,#3548,.F.);
#498=ORIENTED_EDGE('',*,*,#3544,.F.);
#499=ORIENTED_EDGE('',*,*,#3550,.T.);
#500=ORIENTED_EDGE('',*,*,#3551,.T.);
#501=ORIENTED_EDGE('',*,*,#3550,.F.);
#502=ORIENTED_EDGE('',*,*,#3543,.F.);
#503=ORIENTED_EDGE('',*,*,#3534,.F.);
#504=ORIENTED_EDGE('',*,*,#3517,.F.);
#505=ORIENTED_EDGE('',*,*,#3552,.T.);
#506=ORIENTED_EDGE('',*,*,#3551,.F.);
#507=ORIENTED_EDGE('',*,*,#3531,.F.);
#508=ORIENTED_EDGE('',*,*,#3516,.F.);
#509=ORIENTED_EDGE('',*,*,#3553,.T.);
#510=ORIENTED_EDGE('',*,*,#3549,.F.);
#511=ORIENTED_EDGE('',*,*,#3552,.F.);
#512=ORIENTED_EDGE('',*,*,#3515,.F.);
#513=ORIENTED_EDGE('',*,*,#3539,.F.);
#514=ORIENTED_EDGE('',*,*,#3547,.F.);
#515=ORIENTED_EDGE('',*,*,#3553,.F.);
#516=ORIENTED_EDGE('',*,*,#3554,.T.);
#517=ORIENTED_EDGE('',*,*,#3520,.F.);
#518=ORIENTED_EDGE('',*,*,#3546,.F.);
#519=ORIENTED_EDGE('',*,*,#3555,.T.);
#520=ORIENTED_EDGE('',*,*,#3556,.T.);
#521=ORIENTED_EDGE('',*,*,#3557,.T.);
#522=ORIENTED_EDGE('',*,*,#3555,.F.);
#523=ORIENTED_EDGE('',*,*,#3541,.F.);
#524=ORIENTED_EDGE('',*,*,#3558,.T.);
#525=ORIENTED_EDGE('',*,*,#3511,.F.);
#526=ORIENTED_EDGE('',*,*,#3559,.T.);
#527=ORIENTED_EDGE('',*,*,#3560,.T.);
#528=ORIENTED_EDGE('',*,*,#3561,.T.);
#529=ORIENTED_EDGE('',*,*,#3488,.F.);
#530=ORIENTED_EDGE('',*,*,#3562,.T.);
#531=ORIENTED_EDGE('',*,*,#3563,.T.);
#532=ORIENTED_EDGE('',*,*,#3564,.T.);
#533=ORIENTED_EDGE('',*,*,#3565,.T.);
#534=ORIENTED_EDGE('',*,*,#3566,.T.);
#535=ORIENTED_EDGE('',*,*,#3495,.F.);
#536=ORIENTED_EDGE('',*,*,#3567,.T.);
#537=ORIENTED_EDGE('',*,*,#3497,.F.);
#538=ORIENTED_EDGE('',*,*,#3568,.T.);
#539=ORIENTED_EDGE('',*,*,#3569,.T.);
#540=ORIENTED_EDGE('',*,*,#3570,.T.);
#541=ORIENTED_EDGE('',*,*,#3504,.F.);
#542=ORIENTED_EDGE('',*,*,#3571,.T.);
#543=ORIENTED_EDGE('',*,*,#3572,.T.);
#544=ORIENTED_EDGE('',*,*,#3573,.T.);
#545=ORIENTED_EDGE('',*,*,#3574,.T.);
#546=ORIENTED_EDGE('',*,*,#3575,.T.);
#547=ORIENTED_EDGE('',*,*,#3576,.T.);
#548=ORIENTED_EDGE('',*,*,#3575,.F.);
#549=ORIENTED_EDGE('',*,*,#3577,.T.);
#550=ORIENTED_EDGE('',*,*,#3578,.T.);
#551=ORIENTED_EDGE('',*,*,#3579,.T.);
#552=ORIENTED_EDGE('',*,*,#3578,.F.);
#553=ORIENTED_EDGE('',*,*,#3580,.T.);
#554=ORIENTED_EDGE('',*,*,#3581,.T.);
#555=ORIENTED_EDGE('',*,*,#3582,.T.);
#556=ORIENTED_EDGE('',*,*,#3583,.T.);
#557=ORIENTED_EDGE('',*,*,#3584,.T.);
#558=ORIENTED_EDGE('',*,*,#3585,.T.);
#559=ORIENTED_EDGE('',*,*,#3586,.T.);
#560=ORIENTED_EDGE('',*,*,#3587,.T.);
#561=ORIENTED_EDGE('',*,*,#3588,.T.);
#562=ORIENTED_EDGE('',*,*,#3589,.T.);
#563=ORIENTED_EDGE('',*,*,#3590,.T.);
#564=ORIENTED_EDGE('',*,*,#3588,.F.);
#565=ORIENTED_EDGE('',*,*,#3591,.T.);
#566=ORIENTED_EDGE('',*,*,#3592,.T.);
#567=ORIENTED_EDGE('',*,*,#3593,.T.);
#568=ORIENTED_EDGE('',*,*,#3560,.F.);
#569=ORIENTED_EDGE('',*,*,#3594,.T.);
#570=ORIENTED_EDGE('',*,*,#3573,.F.);
#571=ORIENTED_EDGE('',*,*,#3595,.T.);
#572=ORIENTED_EDGE('',*,*,#3581,.F.);
#573=ORIENTED_EDGE('',*,*,#3596,.T.);
#574=ORIENTED_EDGE('',*,*,#3597,.T.);
#575=ORIENTED_EDGE('',*,*,#3598,.T.);
#576=ORIENTED_EDGE('',*,*,#3599,.T.);
#577=ORIENTED_EDGE('',*,*,#3600,.T.);
#578=ORIENTED_EDGE('',*,*,#3601,.T.);
#579=ORIENTED_EDGE('',*,*,#3602,.T.);
#580=ORIENTED_EDGE('',*,*,#3601,.F.);
#581=ORIENTED_EDGE('',*,*,#3603,.T.);
#582=ORIENTED_EDGE('',*,*,#3604,.T.);
#583=ORIENTED_EDGE('',*,*,#3605,.T.);
#584=ORIENTED_EDGE('',*,*,#3606,.T.);
#585=ORIENTED_EDGE('',*,*,#3607,.T.);
#586=ORIENTED_EDGE('',*,*,#3608,.T.);
#587=ORIENTED_EDGE('',*,*,#3609,.T.);
#588=ORIENTED_EDGE('',*,*,#3610,.T.);
#589=ORIENTED_EDGE('',*,*,#3611,.T.);
#590=ORIENTED_EDGE('',*,*,#3612,.T.);
#591=ORIENTED_EDGE('',*,*,#3613,.T.);
#592=ORIENTED_EDGE('',*,*,#3614,.T.);
#593=ORIENTED_EDGE('',*,*,#3615,.T.);
#594=ORIENTED_EDGE('',*,*,#3616,.T.);
#595=ORIENTED_EDGE('',*,*,#3617,.T.);
#596=ORIENTED_EDGE('',*,*,#3618,.T.);
#597=ORIENTED_EDGE('',*,*,#3619,.T.);
#598=ORIENTED_EDGE('',*,*,#3620,.T.);
#599=ORIENTED_EDGE('',*,*,#3621,.T.);
#600=ORIENTED_EDGE('',*,*,#3605,.F.);
#601=ORIENTED_EDGE('',*,*,#3622,.T.);
#602=ORIENTED_EDGE('',*,*,#3623,.T.);
#603=ORIENTED_EDGE('',*,*,#3624,.T.);
#604=ORIENTED_EDGE('',*,*,#3625,.T.);
#605=ORIENTED_EDGE('',*,*,#3626,.T.);
#606=ORIENTED_EDGE('',*,*,#3627,.T.);
#607=ORIENTED_EDGE('',*,*,#3628,.T.);
#608=ORIENTED_EDGE('',*,*,#3629,.T.);
#609=ORIENTED_EDGE('',*,*,#3623,.F.);
#610=ORIENTED_EDGE('',*,*,#3630,.T.);
#611=ORIENTED_EDGE('',*,*,#3624,.F.);
#612=ORIENTED_EDGE('',*,*,#3629,.F.);
#613=ORIENTED_EDGE('',*,*,#3631,.T.);
#614=ORIENTED_EDGE('',*,*,#3632,.T.);
#615=ORIENTED_EDGE('',*,*,#3625,.F.);
#616=ORIENTED_EDGE('',*,*,#3630,.F.);
#617=ORIENTED_EDGE('',*,*,#3633,.T.);
#618=ORIENTED_EDGE('',*,*,#3621,.F.);
#619=ORIENTED_EDGE('',*,*,#3633,.F.);
#620=ORIENTED_EDGE('',*,*,#3634,.T.);
#621=ORIENTED_EDGE('',*,*,#3606,.F.);
#622=ORIENTED_EDGE('',*,*,#3634,.F.);
#623=ORIENTED_EDGE('',*,*,#3631,.F.);
#624=ORIENTED_EDGE('',*,*,#3635,.T.);
#625=ORIENTED_EDGE('',*,*,#3607,.F.);
#626=ORIENTED_EDGE('',*,*,#3636,.T.);
#627=ORIENTED_EDGE('',*,*,#3608,.F.);
#628=ORIENTED_EDGE('',*,*,#3635,.F.);
#629=ORIENTED_EDGE('',*,*,#3628,.F.);
#630=ORIENTED_EDGE('',*,*,#3637,.T.);
#631=ORIENTED_EDGE('',*,*,#3597,.F.);
#632=ORIENTED_EDGE('',*,*,#3638,.T.);
#633=ORIENTED_EDGE('',*,*,#3599,.F.);
#634=ORIENTED_EDGE('',*,*,#3639,.T.);
#635=ORIENTED_EDGE('',*,*,#3640,.T.);
#636=ORIENTED_EDGE('',*,*,#3641,.T.);
#637=ORIENTED_EDGE('',*,*,#3642,.T.);
#638=ORIENTED_EDGE('',*,*,#3643,.T.);
#639=ORIENTED_EDGE('',*,*,#3644,.T.);
#640=ORIENTED_EDGE('',*,*,#3645,.T.);
#641=ORIENTED_EDGE('',*,*,#3646,.T.);
#642=ORIENTED_EDGE('',*,*,#3647,.T.);
#643=ORIENTED_EDGE('',*,*,#3648,.T.);
#644=ORIENTED_EDGE('',*,*,#3649,.T.);
#645=ORIENTED_EDGE('',*,*,#3650,.T.);
#646=ORIENTED_EDGE('',*,*,#3651,.T.);
#647=ORIENTED_EDGE('',*,*,#3652,.T.);
#648=ORIENTED_EDGE('',*,*,#3653,.T.);
#649=ORIENTED_EDGE('',*,*,#3654,.T.);
#650=ORIENTED_EDGE('',*,*,#3655,.T.);
#651=ORIENTED_EDGE('',*,*,#3648,.F.);
#652=ORIENTED_EDGE('',*,*,#3656,.T.);
#653=ORIENTED_EDGE('',*,*,#3657,.T.);
#654=ORIENTED_EDGE('',*,*,#3592,.F.);
#655=ORIENTED_EDGE('',*,*,#3658,.T.);
#656=ORIENTED_EDGE('',*,*,#3659,.T.);
#657=ORIENTED_EDGE('',*,*,#3496,.F.);
#658=ORIENTED_EDGE('',*,*,#3566,.F.);
#659=ORIENTED_EDGE('',*,*,#3660,.T.);
#660=ORIENTED_EDGE('',*,*,#3661,.T.);
#661=ORIENTED_EDGE('',*,*,#3662,.T.);
#662=ORIENTED_EDGE('',*,*,#3562,.F.);
#663=ORIENTED_EDGE('',*,*,#3487,.F.);
#664=ORIENTED_EDGE('',*,*,#3663,.T.);
#665=ORIENTED_EDGE('',*,*,#3568,.F.);
#666=ORIENTED_EDGE('',*,*,#3664,.T.);
#667=ORIENTED_EDGE('',*,*,#3641,.F.);
#668=ORIENTED_EDGE('',*,*,#3665,.T.);
#669=ORIENTED_EDGE('',*,*,#3666,.T.);
#670=ORIENTED_EDGE('',*,*,#3651,.F.);
#671=ORIENTED_EDGE('',*,*,#3667,.T.);
#672=ORIENTED_EDGE('',*,*,#3668,.T.);
#673=ORIENTED_EDGE('',*,*,#3669,.T.);
#674=ORIENTED_EDGE('',*,*,#3645,.F.);
#675=ORIENTED_EDGE('',*,*,#3670,.T.);
#676=ORIENTED_EDGE('',*,*,#3671,.T.);
#677=ORIENTED_EDGE('',*,*,#3583,.F.);
#678=ORIENTED_EDGE('',*,*,#3672,.T.);
#679=ORIENTED_EDGE('',*,*,#3673,.T.);
#680=ORIENTED_EDGE('',*,*,#3674,.T.);
#681=ORIENTED_EDGE('',*,*,#3675,.T.);
#682=ORIENTED_EDGE('',*,*,#3676,.T.);
#683=ORIENTED_EDGE('',*,*,#3677,.T.);
#684=ORIENTED_EDGE('',*,*,#3676,.F.);
#685=ORIENTED_EDGE('',*,*,#3678,.T.);
#686=ORIENTED_EDGE('',*,*,#3679,.T.);
#687=ORIENTED_EDGE('',*,*,#3680,.T.);
#688=ORIENTED_EDGE('',*,*,#3681,.T.);
#689=ORIENTED_EDGE('',*,*,#3679,.F.);
#690=ORIENTED_EDGE('',*,*,#3682,.T.);
#691=ORIENTED_EDGE('',*,*,#3683,.T.);
#692=ORIENTED_EDGE('',*,*,#3680,.F.);
#693=ORIENTED_EDGE('',*,*,#3684,.T.);
#694=ORIENTED_EDGE('',*,*,#3661,.F.);
#695=ORIENTED_EDGE('',*,*,#3685,.T.);
#696=ORIENTED_EDGE('',*,*,#3686,.T.);
#697=ORIENTED_EDGE('',*,*,#3659,.F.);
#698=ORIENTED_EDGE('',*,*,#3687,.T.);
#699=ORIENTED_EDGE('',*,*,#3674,.F.);
#700=ORIENTED_EDGE('',*,*,#3688,.T.);
#701=ORIENTED_EDGE('',*,*,#3668,.F.);
#702=ORIENTED_EDGE('',*,*,#3689,.T.);
#703=ORIENTED_EDGE('',*,*,#3690,.T.);
#704=ORIENTED_EDGE('',*,*,#3691,.T.);
#705=ORIENTED_EDGE('',*,*,#3692,.T.);
#706=ORIENTED_EDGE('',*,*,#3690,.F.);
#707=ORIENTED_EDGE('',*,*,#3693,.T.);
#708=ORIENTED_EDGE('',*,*,#3694,.T.);
#709=ORIENTED_EDGE('',*,*,#3691,.F.);
#710=ORIENTED_EDGE('',*,*,#3695,.T.);
#711=ORIENTED_EDGE('',*,*,#3696,.T.);
#712=ORIENTED_EDGE('',*,*,#3697,.T.);
#713=ORIENTED_EDGE('',*,*,#3696,.F.);
#714=ORIENTED_EDGE('',*,*,#3698,.T.);
#715=ORIENTED_EDGE('',*,*,#3699,.T.);
#716=ORIENTED_EDGE('',*,*,#3700,.T.);
#717=ORIENTED_EDGE('',*,*,#3701,.T.);
#718=ORIENTED_EDGE('',*,*,#3699,.F.);
#719=ORIENTED_EDGE('',*,*,#3702,.T.);
#720=ORIENTED_EDGE('',*,*,#3670,.F.);
#721=ORIENTED_EDGE('',*,*,#3620,.F.);
#722=ORIENTED_EDGE('',*,*,#3703,.T.);
#723=ORIENTED_EDGE('',*,*,#3626,.F.);
#724=ORIENTED_EDGE('',*,*,#3632,.F.);
#725=ORIENTED_EDGE('',*,*,#3609,.F.);
#726=ORIENTED_EDGE('',*,*,#3636,.F.);
#727=ORIENTED_EDGE('',*,*,#3627,.F.);
#728=ORIENTED_EDGE('',*,*,#3704,.T.);
#729=ORIENTED_EDGE('',*,*,#3705,.T.);
#730=ORIENTED_EDGE('',*,*,#3706,.T.);
#731=ORIENTED_EDGE('',*,*,#3703,.F.);
#732=ORIENTED_EDGE('',*,*,#3619,.F.);
#733=ORIENTED_EDGE('',*,*,#3604,.F.);
#734=ORIENTED_EDGE('',*,*,#3707,.T.);
#735=ORIENTED_EDGE('',*,*,#3704,.F.);
#736=ORIENTED_EDGE('',*,*,#3622,.F.);
#737=ORIENTED_EDGE('',*,*,#3706,.F.);
#738=ORIENTED_EDGE('',*,*,#3708,.T.);
#739=ORIENTED_EDGE('',*,*,#3709,.T.);
#740=ORIENTED_EDGE('',*,*,#3705,.F.);
#741=ORIENTED_EDGE('',*,*,#3709,.F.);
#742=ORIENTED_EDGE('',*,*,#3710,.T.);
#743=ORIENTED_EDGE('',*,*,#3649,.F.);
#744=ORIENTED_EDGE('',*,*,#3656,.F.);
#745=ORIENTED_EDGE('',*,*,#3647,.F.);
#746=ORIENTED_EDGE('',*,*,#3711,.T.);
#747=ORIENTED_EDGE('',*,*,#3610,.F.);
#748=ORIENTED_EDGE('',*,*,#3536,.F.);
#749=ORIENTED_EDGE('',*,*,#3513,.F.);
#750=ORIENTED_EDGE('',*,*,#3712,.T.);
#751=ORIENTED_EDGE('',*,*,#3564,.F.);
#752=ORIENTED_EDGE('',*,*,#3713,.T.);
#753=ORIENTED_EDGE('',*,*,#3556,.F.);
#754=ORIENTED_EDGE('',*,*,#3540,.F.);
#755=ORIENTED_EDGE('',*,*,#3714,.T.);
#756=ORIENTED_EDGE('',*,*,#3700,.F.);
#757=ORIENTED_EDGE('',*,*,#3672,.F.);
#758=ORIENTED_EDGE('',*,*,#3582,.F.);
#759=ORIENTED_EDGE('',*,*,#3715,.T.);
#760=ORIENTED_EDGE('',*,*,#3716,.T.);
#761=ORIENTED_EDGE('',*,*,#3717,.T.);
#762=ORIENTED_EDGE('',*,*,#3715,.F.);
#763=ORIENTED_EDGE('',*,*,#3585,.F.);
#764=ORIENTED_EDGE('',*,*,#3718,.T.);
#765=ORIENTED_EDGE('',*,*,#3719,.T.);
#766=ORIENTED_EDGE('',*,*,#3720,.T.);
#767=ORIENTED_EDGE('',*,*,#3718,.F.);
#768=ORIENTED_EDGE('',*,*,#3584,.F.);
#769=ORIENTED_EDGE('',*,*,#3671,.F.);
#770=ORIENTED_EDGE('',*,*,#3702,.F.);
#771=ORIENTED_EDGE('',*,*,#3698,.F.);
#772=ORIENTED_EDGE('',*,*,#3695,.F.);
#773=ORIENTED_EDGE('',*,*,#3693,.F.);
#774=ORIENTED_EDGE('',*,*,#3689,.F.);
#775=ORIENTED_EDGE('',*,*,#3667,.F.);
#776=ORIENTED_EDGE('',*,*,#3650,.F.);
#777=ORIENTED_EDGE('',*,*,#3710,.F.);
#778=ORIENTED_EDGE('',*,*,#3708,.F.);
#779=ORIENTED_EDGE('',*,*,#3707,.F.);
#780=ORIENTED_EDGE('',*,*,#3603,.F.);
#781=ORIENTED_EDGE('',*,*,#3600,.F.);
#782=ORIENTED_EDGE('',*,*,#3638,.F.);
#783=ORIENTED_EDGE('',*,*,#3596,.F.);
#784=ORIENTED_EDGE('',*,*,#3580,.F.);
#785=ORIENTED_EDGE('',*,*,#3577,.F.);
#786=ORIENTED_EDGE('',*,*,#3574,.F.);
#787=ORIENTED_EDGE('',*,*,#3594,.F.);
#788=ORIENTED_EDGE('',*,*,#3559,.F.);
#789=ORIENTED_EDGE('',*,*,#3510,.F.);
#790=ORIENTED_EDGE('',*,*,#3521,.F.);
#791=ORIENTED_EDGE('',*,*,#3554,.F.);
#792=ORIENTED_EDGE('',*,*,#3557,.F.);
#793=ORIENTED_EDGE('',*,*,#3713,.F.);
#794=ORIENTED_EDGE('',*,*,#3563,.F.);
#795=ORIENTED_EDGE('',*,*,#3662,.F.);
#796=ORIENTED_EDGE('',*,*,#3684,.F.);
#797=ORIENTED_EDGE('',*,*,#3682,.F.);
#798=ORIENTED_EDGE('',*,*,#3678,.F.);
#799=ORIENTED_EDGE('',*,*,#3675,.F.);
#800=ORIENTED_EDGE('',*,*,#3687,.F.);
#801=ORIENTED_EDGE('',*,*,#3658,.F.);
#802=ORIENTED_EDGE('',*,*,#3591,.F.);
#803=ORIENTED_EDGE('',*,*,#3587,.F.);
#804=ORIENTED_EDGE('',*,*,#3721,.T.);
#805=ORIENTED_EDGE('',*,*,#3722,.T.);
#806=ORIENTED_EDGE('',*,*,#3723,.T.);
#807=ORIENTED_EDGE('',*,*,#3724,.T.);
#808=ORIENTED_EDGE('',*,*,#3725,.T.);
#809=ORIENTED_EDGE('',*,*,#3685,.F.);
#810=ORIENTED_EDGE('',*,*,#3673,.F.);
#811=ORIENTED_EDGE('',*,*,#3677,.F.);
#812=ORIENTED_EDGE('',*,*,#3681,.F.);
#813=ORIENTED_EDGE('',*,*,#3683,.F.);
#814=ORIENTED_EDGE('',*,*,#3660,.F.);
#815=ORIENTED_EDGE('',*,*,#3565,.F.);
#816=ORIENTED_EDGE('',*,*,#3712,.F.);
#817=ORIENTED_EDGE('',*,*,#3512,.F.);
#818=ORIENTED_EDGE('',*,*,#3508,.F.);
#819=ORIENTED_EDGE('',*,*,#3558,.F.);
#820=ORIENTED_EDGE('',*,*,#3593,.F.);
#821=ORIENTED_EDGE('',*,*,#3572,.F.);
#822=ORIENTED_EDGE('',*,*,#3576,.F.);
#823=ORIENTED_EDGE('',*,*,#3579,.F.);
#824=ORIENTED_EDGE('',*,*,#3595,.F.);
#825=ORIENTED_EDGE('',*,*,#3637,.F.);
#826=ORIENTED_EDGE('',*,*,#3598,.F.);
#827=ORIENTED_EDGE('',*,*,#3602,.F.);
#828=ORIENTED_EDGE('',*,*,#3711,.F.);
#829=ORIENTED_EDGE('',*,*,#3646,.F.);
#830=ORIENTED_EDGE('',*,*,#3669,.F.);
#831=ORIENTED_EDGE('',*,*,#3688,.F.);
#832=ORIENTED_EDGE('',*,*,#3692,.F.);
#833=ORIENTED_EDGE('',*,*,#3694,.F.);
#834=ORIENTED_EDGE('',*,*,#3697,.F.);
#835=ORIENTED_EDGE('',*,*,#3701,.F.);
#836=ORIENTED_EDGE('',*,*,#3714,.F.);
#837=ORIENTED_EDGE('',*,*,#3726,.T.);
#838=ORIENTED_EDGE('',*,*,#3727,.T.);
#839=ORIENTED_EDGE('',*,*,#3589,.F.);
#840=ORIENTED_EDGE('',*,*,#3590,.F.);
#841=ORIENTED_EDGE('',*,*,#3657,.F.);
#842=ORIENTED_EDGE('',*,*,#3686,.F.);
#843=ORIENTED_EDGE('',*,*,#3725,.F.);
#844=ORIENTED_EDGE('',*,*,#3728,.T.);
#845=ORIENTED_EDGE('',*,*,#3729,.T.);
#846=ORIENTED_EDGE('',*,*,#3730,.T.);
#847=ORIENTED_EDGE('',*,*,#3731,.T.);
#848=ORIENTED_EDGE('',*,*,#3732,.T.);
#849=ORIENTED_EDGE('',*,*,#3733,.T.);
#850=ORIENTED_EDGE('',*,*,#3734,.T.);
#851=ORIENTED_EDGE('',*,*,#3735,.T.);
#852=ORIENTED_EDGE('',*,*,#3734,.F.);
#853=ORIENTED_EDGE('',*,*,#3736,.T.);
#854=ORIENTED_EDGE('',*,*,#3737,.T.);
#855=ORIENTED_EDGE('',*,*,#3738,.T.);
#856=ORIENTED_EDGE('',*,*,#3739,.T.);
#857=ORIENTED_EDGE('',*,*,#3740,.T.);
#858=ORIENTED_EDGE('',*,*,#3741,.T.);
#859=ORIENTED_EDGE('',*,*,#3737,.F.);
#860=ORIENTED_EDGE('',*,*,#3724,.F.);
#861=ORIENTED_EDGE('',*,*,#3742,.T.);
#862=ORIENTED_EDGE('',*,*,#3743,.T.);
#863=ORIENTED_EDGE('',*,*,#3744,.T.);
#864=ORIENTED_EDGE('',*,*,#3745,.T.);
#865=ORIENTED_EDGE('',*,*,#3746,.T.);
#866=ORIENTED_EDGE('',*,*,#3747,.T.);
#867=ORIENTED_EDGE('',*,*,#3748,.T.);
#868=ORIENTED_EDGE('',*,*,#3743,.F.);
#869=ORIENTED_EDGE('',*,*,#3749,.T.);
#870=ORIENTED_EDGE('',*,*,#3750,.T.);
#871=ORIENTED_EDGE('',*,*,#3727,.F.);
#872=ORIENTED_EDGE('',*,*,#3751,.T.);
#873=ORIENTED_EDGE('',*,*,#3752,.T.);
#874=ORIENTED_EDGE('',*,*,#3740,.F.);
#875=ORIENTED_EDGE('',*,*,#3741,.F.);
#876=ORIENTED_EDGE('',*,*,#3752,.F.);
#877=ORIENTED_EDGE('',*,*,#3753,.T.);
#878=ORIENTED_EDGE('',*,*,#3738,.F.);
#879=ORIENTED_EDGE('',*,*,#3726,.F.);
#880=ORIENTED_EDGE('',*,*,#3739,.F.);
#881=ORIENTED_EDGE('',*,*,#3753,.F.);
#882=ORIENTED_EDGE('',*,*,#3751,.F.);
#883=ORIENTED_EDGE('',*,*,#3736,.F.);
#884=ORIENTED_EDGE('',*,*,#3733,.F.);
#885=ORIENTED_EDGE('',*,*,#3754,.T.);
#886=ORIENTED_EDGE('',*,*,#3755,.T.);
#887=ORIENTED_EDGE('',*,*,#3728,.F.);
#888=ORIENTED_EDGE('',*,*,#3756,.T.);
#889=ORIENTED_EDGE('',*,*,#3754,.F.);
#890=ORIENTED_EDGE('',*,*,#3732,.F.);
#891=ORIENTED_EDGE('',*,*,#3757,.T.);
#892=ORIENTED_EDGE('',*,*,#3758,.T.);
#893=ORIENTED_EDGE('',*,*,#3759,.T.);
#894=ORIENTED_EDGE('',*,*,#3757,.F.);
#895=ORIENTED_EDGE('',*,*,#3731,.F.);
#896=ORIENTED_EDGE('',*,*,#3760,.T.);
#897=ORIENTED_EDGE('',*,*,#3758,.F.);
#898=ORIENTED_EDGE('',*,*,#3730,.F.);
#899=ORIENTED_EDGE('',*,*,#3761,.T.);
#900=ORIENTED_EDGE('',*,*,#3735,.F.);
#901=ORIENTED_EDGE('',*,*,#3716,.F.);
#902=ORIENTED_EDGE('',*,*,#3762,.T.);
#903=ORIENTED_EDGE('',*,*,#3761,.F.);
#904=ORIENTED_EDGE('',*,*,#3729,.F.);
#905=ORIENTED_EDGE('',*,*,#3763,.T.);
#906=ORIENTED_EDGE('',*,*,#3756,.F.);
#907=ORIENTED_EDGE('',*,*,#3764,.T.);
#908=ORIENTED_EDGE('',*,*,#3744,.F.);
#909=ORIENTED_EDGE('',*,*,#3748,.F.);
#910=ORIENTED_EDGE('',*,*,#3764,.F.);
#911=ORIENTED_EDGE('',*,*,#3759,.F.);
#912=ORIENTED_EDGE('',*,*,#3765,.T.);
#913=ORIENTED_EDGE('',*,*,#3745,.F.);
#914=ORIENTED_EDGE('',*,*,#3765,.F.);
#915=ORIENTED_EDGE('',*,*,#3760,.F.);
#916=ORIENTED_EDGE('',*,*,#3766,.T.);
#917=ORIENTED_EDGE('',*,*,#3749,.F.);
#918=ORIENTED_EDGE('',*,*,#3742,.F.);
#919=ORIENTED_EDGE('',*,*,#3746,.F.);
#920=ORIENTED_EDGE('',*,*,#3767,.T.);
#921=ORIENTED_EDGE('',*,*,#3720,.F.);
#922=ORIENTED_EDGE('',*,*,#3719,.F.);
#923=ORIENTED_EDGE('',*,*,#3723,.F.);
#924=ORIENTED_EDGE('',*,*,#3722,.F.);
#925=ORIENTED_EDGE('',*,*,#3721,.F.);
#926=ORIENTED_EDGE('',*,*,#3768,.T.);
#927=ORIENTED_EDGE('',*,*,#3755,.F.);
#928=ORIENTED_EDGE('',*,*,#3763,.F.);
#929=ORIENTED_EDGE('',*,*,#3747,.F.);
#930=ORIENTED_EDGE('',*,*,#3768,.F.);
#931=ORIENTED_EDGE('',*,*,#3586,.F.);
#932=ORIENTED_EDGE('',*,*,#3767,.F.);
#933=ORIENTED_EDGE('',*,*,#3750,.F.);
#934=ORIENTED_EDGE('',*,*,#3766,.F.);
#935=ORIENTED_EDGE('',*,*,#3762,.F.);
#936=ORIENTED_EDGE('',*,*,#3717,.F.);
#937=ORIENTED_EDGE('',*,*,#3769,.T.);
#938=ORIENTED_EDGE('',*,*,#3770,.T.);
#939=ORIENTED_EDGE('',*,*,#3771,.T.);
#940=ORIENTED_EDGE('',*,*,#3612,.F.);
#941=ORIENTED_EDGE('',*,*,#3771,.F.);
#942=ORIENTED_EDGE('',*,*,#3772,.T.);
#943=ORIENTED_EDGE('',*,*,#3769,.F.);
#944=ORIENTED_EDGE('',*,*,#3611,.F.);
#945=ORIENTED_EDGE('',*,*,#3773,.T.);
#946=ORIENTED_EDGE('',*,*,#3774,.T.);
#947=ORIENTED_EDGE('',*,*,#3775,.T.);
#948=ORIENTED_EDGE('',*,*,#3614,.F.);
#949=ORIENTED_EDGE('',*,*,#3775,.F.);
#950=ORIENTED_EDGE('',*,*,#3776,.T.);
#951=ORIENTED_EDGE('',*,*,#3773,.F.);
#952=ORIENTED_EDGE('',*,*,#3613,.F.);
#953=ORIENTED_EDGE('',*,*,#3777,.T.);
#954=ORIENTED_EDGE('',*,*,#3778,.T.);
#955=ORIENTED_EDGE('',*,*,#3779,.T.);
#956=ORIENTED_EDGE('',*,*,#3616,.F.);
#957=ORIENTED_EDGE('',*,*,#3779,.F.);
#958=ORIENTED_EDGE('',*,*,#3780,.T.);
#959=ORIENTED_EDGE('',*,*,#3777,.F.);
#960=ORIENTED_EDGE('',*,*,#3615,.F.);
#961=ORIENTED_EDGE('',*,*,#3781,.T.);
#962=ORIENTED_EDGE('',*,*,#3782,.T.);
#963=ORIENTED_EDGE('',*,*,#3783,.T.);
#964=ORIENTED_EDGE('',*,*,#3618,.F.);
#965=ORIENTED_EDGE('',*,*,#3783,.F.);
#966=ORIENTED_EDGE('',*,*,#3784,.T.);
#967=ORIENTED_EDGE('',*,*,#3781,.F.);
#968=ORIENTED_EDGE('',*,*,#3617,.F.);
#969=ORIENTED_EDGE('',*,*,#3785,.T.);
#970=ORIENTED_EDGE('',*,*,#3494,.F.);
#971=ORIENTED_EDGE('',*,*,#3786,.T.);
#972=ORIENTED_EDGE('',*,*,#3526,.F.);
#973=ORIENTED_EDGE('',*,*,#3786,.F.);
#974=ORIENTED_EDGE('',*,*,#3493,.F.);
#975=ORIENTED_EDGE('',*,*,#3785,.F.);
#976=ORIENTED_EDGE('',*,*,#3527,.F.);
#977=ORIENTED_EDGE('',*,*,#3787,.T.);
#978=ORIENTED_EDGE('',*,*,#3503,.F.);
#979=ORIENTED_EDGE('',*,*,#3788,.T.);
#980=ORIENTED_EDGE('',*,*,#3528,.F.);
#981=ORIENTED_EDGE('',*,*,#3788,.F.);
#982=ORIENTED_EDGE('',*,*,#3502,.F.);
#983=ORIENTED_EDGE('',*,*,#3787,.F.);
#984=ORIENTED_EDGE('',*,*,#3529,.F.);
#985=ORIENTED_EDGE('',*,*,#3789,.T.);
#986=ORIENTED_EDGE('',*,*,#3790,.T.);
#987=ORIENTED_EDGE('',*,*,#3653,.F.);
#988=ORIENTED_EDGE('',*,*,#3791,.T.);
#989=ORIENTED_EDGE('',*,*,#3789,.F.);
#990=ORIENTED_EDGE('',*,*,#3792,.T.);
#991=ORIENTED_EDGE('',*,*,#3770,.F.);
#992=ORIENTED_EDGE('',*,*,#3772,.F.);
#993=ORIENTED_EDGE('',*,*,#3793,.T.);
#994=ORIENTED_EDGE('',*,*,#3794,.T.);
#995=ORIENTED_EDGE('',*,*,#3639,.F.);
#996=ORIENTED_EDGE('',*,*,#3666,.F.);
#997=ORIENTED_EDGE('',*,*,#3795,.T.);
#998=ORIENTED_EDGE('',*,*,#3793,.F.);
#999=ORIENTED_EDGE('',*,*,#3796,.T.);
#1000=ORIENTED_EDGE('',*,*,#3778,.F.);
#1001=ORIENTED_EDGE('',*,*,#3780,.F.);
#1002=ORIENTED_EDGE('',*,*,#3797,.T.);
#1003=ORIENTED_EDGE('',*,*,#3798,.T.);
#1004=ORIENTED_EDGE('',*,*,#3642,.F.);
#1005=ORIENTED_EDGE('',*,*,#3664,.F.);
#1006=ORIENTED_EDGE('',*,*,#3644,.F.);
#1007=ORIENTED_EDGE('',*,*,#3799,.T.);
#1008=ORIENTED_EDGE('',*,*,#3797,.F.);
#1009=ORIENTED_EDGE('',*,*,#3800,.T.);
#1010=ORIENTED_EDGE('',*,*,#3782,.F.);
#1011=ORIENTED_EDGE('',*,*,#3784,.F.);
#1012=ORIENTED_EDGE('',*,*,#3801,.T.);
#1013=ORIENTED_EDGE('',*,*,#3802,.T.);
#1014=ORIENTED_EDGE('',*,*,#3655,.F.);
#1015=ORIENTED_EDGE('',*,*,#3803,.T.);
#1016=ORIENTED_EDGE('',*,*,#3801,.F.);
#1017=ORIENTED_EDGE('',*,*,#3804,.T.);
#1018=ORIENTED_EDGE('',*,*,#3774,.F.);
#1019=ORIENTED_EDGE('',*,*,#3776,.F.);
#1020=ORIENTED_EDGE('',*,*,#3569,.F.);
#1021=ORIENTED_EDGE('',*,*,#3805,.T.);
#1022=ORIENTED_EDGE('',*,*,#3806,.T.);
#1023=ORIENTED_EDGE('',*,*,#3807,.T.);
#1024=ORIENTED_EDGE('',*,*,#3808,.T.);
#1025=ORIENTED_EDGE('',*,*,#3806,.F.);
#1026=ORIENTED_EDGE('',*,*,#3809,.T.);
#1027=ORIENTED_EDGE('',*,*,#3810,.T.);
#1028=ORIENTED_EDGE('',*,*,#3811,.T.);
#1029=ORIENTED_EDGE('',*,*,#3812,.T.);
#1030=ORIENTED_EDGE('',*,*,#3813,.T.);
#1031=ORIENTED_EDGE('',*,*,#3522,.F.);
#1032=ORIENTED_EDGE('',*,*,#3813,.F.);
#1033=ORIENTED_EDGE('',*,*,#3814,.T.);
#1034=ORIENTED_EDGE('',*,*,#3811,.F.);
#1035=ORIENTED_EDGE('',*,*,#3523,.F.);
#1036=ORIENTED_EDGE('',*,*,#3815,.T.);
#1037=ORIENTED_EDGE('',*,*,#3506,.F.);
#1038=ORIENTED_EDGE('',*,*,#3814,.F.);
#1039=ORIENTED_EDGE('',*,*,#3812,.F.);
#1040=ORIENTED_EDGE('',*,*,#3816,.T.);
#1041=ORIENTED_EDGE('',*,*,#3810,.F.);
#1042=ORIENTED_EDGE('',*,*,#3817,.T.);
#1043=ORIENTED_EDGE('',*,*,#3524,.F.);
#1044=ORIENTED_EDGE('',*,*,#3817,.F.);
#1045=ORIENTED_EDGE('',*,*,#3809,.F.);
#1046=ORIENTED_EDGE('',*,*,#3816,.F.);
#1047=ORIENTED_EDGE('',*,*,#3525,.F.);
#1048=ORIENTED_EDGE('',*,*,#3491,.F.);
#1049=ORIENTED_EDGE('',*,*,#3492,.F.);
#1050=ORIENTED_EDGE('',*,*,#3489,.F.);
#1051=ORIENTED_EDGE('',*,*,#3561,.F.);
#1052=ORIENTED_EDGE('',*,*,#3663,.F.);
#1053=ORIENTED_EDGE('',*,*,#3500,.F.);
#1054=ORIENTED_EDGE('',*,*,#3501,.F.);
#1055=ORIENTED_EDGE('',*,*,#3498,.F.);
#1056=ORIENTED_EDGE('',*,*,#3567,.F.);
#1057=ORIENTED_EDGE('',*,*,#3507,.F.);
#1058=ORIENTED_EDGE('',*,*,#3815,.F.);
#1059=ORIENTED_EDGE('',*,*,#3505,.F.);
#1060=ORIENTED_EDGE('',*,*,#3571,.F.);
#1061=ORIENTED_EDGE('',*,*,#3791,.F.);
#1062=ORIENTED_EDGE('',*,*,#3652,.F.);
#1063=ORIENTED_EDGE('',*,*,#3790,.F.);
#1064=ORIENTED_EDGE('',*,*,#3792,.F.);
#1065=ORIENTED_EDGE('',*,*,#3795,.F.);
#1066=ORIENTED_EDGE('',*,*,#3665,.F.);
#1067=ORIENTED_EDGE('',*,*,#3640,.F.);
#1068=ORIENTED_EDGE('',*,*,#3794,.F.);
#1069=ORIENTED_EDGE('',*,*,#3796,.F.);
#1070=ORIENTED_EDGE('',*,*,#3799,.F.);
#1071=ORIENTED_EDGE('',*,*,#3643,.F.);
#1072=ORIENTED_EDGE('',*,*,#3798,.F.);
#1073=ORIENTED_EDGE('',*,*,#3800,.F.);
#1074=ORIENTED_EDGE('',*,*,#3803,.F.);
#1075=ORIENTED_EDGE('',*,*,#3654,.F.);
#1076=ORIENTED_EDGE('',*,*,#3802,.F.);
#1077=ORIENTED_EDGE('',*,*,#3804,.F.);
#1078=ORIENTED_EDGE('',*,*,#3807,.F.);
#1079=ORIENTED_EDGE('',*,*,#3808,.F.);
#1080=ORIENTED_EDGE('',*,*,#3805,.F.);
#1081=ORIENTED_EDGE('',*,*,#3570,.F.);
#1082=PCURVE('',#4340,#1744);
#1083=PCURVE('',#4340,#1745);
#1084=PCURVE('',#4340,#1746);
#1085=PCURVE('',#4340,#1747);
#1086=PCURVE('',#4340,#1748);
#1087=PCURVE('',#4276,#1749);
#1088=PCURVE('',#4276,#1750);
#1089=PCURVE('',#4276,#1751);
#1090=PCURVE('',#4276,#1752);
#1091=PCURVE('',#4341,#1753);
#1092=PCURVE('',#4341,#1754);
#1093=PCURVE('',#4341,#1755);
#1094=PCURVE('',#4341,#1756);
#1095=PCURVE('',#4341,#1757);
#1096=PCURVE('',#4341,#1758);
#1097=PCURVE('',#4277,#1759);
#1098=PCURVE('',#4277,#1760);
#1099=PCURVE('',#4277,#1761);
#1100=PCURVE('',#4277,#1762);
#1101=PCURVE('',#4342,#1763);
#1102=PCURVE('',#4342,#1764);
#1103=PCURVE('',#4342,#1765);
#1104=PCURVE('',#4342,#1766);
#1105=PCURVE('',#4278,#1767);
#1106=PCURVE('',#4278,#1768);
#1107=PCURVE('',#4278,#1769);
#1108=PCURVE('',#4278,#1770);
#1109=PCURVE('',#4279,#1771);
#1110=PCURVE('',#4279,#1772);
#1111=PCURVE('',#4279,#1773);
#1112=PCURVE('',#4279,#1774);
#1113=PCURVE('',#4279,#1775);
#1114=PCURVE('',#4279,#1776);
#1115=PCURVE('',#4279,#1777);
#1116=PCURVE('',#4279,#1778);
#1117=PCURVE('',#4279,#1779);
#1118=PCURVE('',#4279,#1780);
#1119=PCURVE('',#4279,#1781);
#1120=PCURVE('',#4279,#1782);
#1121=PCURVE('',#4279,#1783);
#1122=PCURVE('',#4279,#1784);
#1123=PCURVE('',#4279,#1785);
#1124=PCURVE('',#4279,#1786);
#1125=PCURVE('',#4279,#1787);
#1126=PCURVE('',#4279,#1788);
#1127=PCURVE('',#4279,#1789);
#1128=PCURVE('',#4343,#1790);
#1129=PCURVE('',#4343,#1791);
#1130=PCURVE('',#4343,#1792);
#1131=PCURVE('',#4343,#1793);
#1132=PCURVE('',#4344,#1794);
#1133=PCURVE('',#4344,#1795);
#1134=PCURVE('',#4344,#1796);
#1135=PCURVE('',#4344,#1797);
#1136=PCURVE('',#4280,#1798);
#1137=PCURVE('',#4280,#1799);
#1138=PCURVE('',#4280,#1800);
#1139=PCURVE('',#4280,#1801);
#1140=PCURVE('',#4280,#1802);
#1141=PCURVE('',#4281,#1803);
#1142=PCURVE('',#4281,#1804);
#1143=PCURVE('',#4281,#1805);
#1144=PCURVE('',#4281,#1806);
#1145=PCURVE('',#4281,#1807);
#1146=PCURVE('',#4281,#1808);
#1147=PCURVE('',#4281,#1809);
#1148=PCURVE('',#4281,#1810);
#1149=PCURVE('',#4282,#1811);
#1150=PCURVE('',#4282,#1812);
#1151=PCURVE('',#4282,#1813);
#1152=PCURVE('',#4282,#1814);
#1153=PCURVE('',#4282,#1815);
#1154=PCURVE('',#4345,#1816);
#1155=PCURVE('',#4345,#1817);
#1156=PCURVE('',#4345,#1818);
#1157=PCURVE('',#4345,#1819);
#1158=PCURVE('',#4283,#1820);
#1159=PCURVE('',#4283,#1821);
#1160=PCURVE('',#4283,#1822);
#1161=PCURVE('',#4283,#1823);
#1162=PCURVE('',#4284,#1824);
#1163=PCURVE('',#4284,#1825);
#1164=PCURVE('',#4284,#1826);
#1165=PCURVE('',#4284,#1827);
#1166=PCURVE('',#4285,#1828);
#1167=PCURVE('',#4285,#1829);
#1168=PCURVE('',#4285,#1830);
#1169=PCURVE('',#4285,#1831);
#1170=PCURVE('',#4286,#1832);
#1171=PCURVE('',#4286,#1833);
#1172=PCURVE('',#4286,#1834);
#1173=PCURVE('',#4286,#1835);
#1174=PCURVE('',#4346,#1836);
#1175=PCURVE('',#4346,#1837);
#1176=PCURVE('',#4346,#1838);
#1177=PCURVE('',#4346,#1839);
#1178=PCURVE('',#4287,#1840);
#1179=PCURVE('',#4287,#1841);
#1180=PCURVE('',#4287,#1842);
#1181=PCURVE('',#4287,#1843);
#1182=PCURVE('',#4288,#1844);
#1183=PCURVE('',#4288,#1845);
#1184=PCURVE('',#4288,#1846);
#1185=PCURVE('',#4288,#1847);
#1186=PCURVE('',#4289,#1848);
#1187=PCURVE('',#4289,#1849);
#1188=PCURVE('',#4289,#1850);
#1189=PCURVE('',#4289,#1851);
#1190=PCURVE('',#4290,#1852);
#1191=PCURVE('',#4290,#1853);
#1192=PCURVE('',#4290,#1854);
#1193=PCURVE('',#4290,#1855);
#1194=PCURVE('',#4290,#1856);
#1195=PCURVE('',#4290,#1857);
#1196=PCURVE('',#4290,#1858);
#1197=PCURVE('',#4290,#1859);
#1198=PCURVE('',#4290,#1860);
#1199=PCURVE('',#4290,#1861);
#1200=PCURVE('',#4290,#1862);
#1201=PCURVE('',#4290,#1863);
#1202=PCURVE('',#4290,#1864);
#1203=PCURVE('',#4290,#1865);
#1204=PCURVE('',#4290,#1866);
#1205=PCURVE('',#4347,#1867);
#1206=PCURVE('',#4347,#1868);
#1207=PCURVE('',#4347,#1869);
#1208=PCURVE('',#4347,#1870);
#1209=PCURVE('',#4291,#1871);
#1210=PCURVE('',#4291,#1872);
#1211=PCURVE('',#4291,#1873);
#1212=PCURVE('',#4291,#1874);
#1213=PCURVE('',#4348,#1875);
#1214=PCURVE('',#4348,#1876);
#1215=PCURVE('',#4348,#1877);
#1216=PCURVE('',#4348,#1878);
#1217=PCURVE('',#4349,#1879);
#1218=PCURVE('',#4349,#1880);
#1219=PCURVE('',#4349,#1881);
#1220=PCURVE('',#4349,#1882);
#1221=PCURVE('',#4350,#1883);
#1222=PCURVE('',#4350,#1884);
#1223=PCURVE('',#4350,#1885);
#1224=PCURVE('',#4350,#1886);
#1225=PCURVE('',#4351,#1887);
#1226=PCURVE('',#4351,#1888);
#1227=PCURVE('',#4351,#1889);
#1228=PCURVE('',#4351,#1890);
#1229=PCURVE('',#4292,#1891);
#1230=PCURVE('',#4292,#1892);
#1231=PCURVE('',#4292,#1893);
#1232=PCURVE('',#4292,#1894);
#1233=PCURVE('',#4293,#1895);
#1234=PCURVE('',#4293,#1896);
#1235=PCURVE('',#4293,#1897);
#1236=PCURVE('',#4293,#1898);
#1237=PCURVE('',#4294,#1899);
#1238=PCURVE('',#4294,#1900);
#1239=PCURVE('',#4294,#1901);
#1240=PCURVE('',#4294,#1902);
#1241=PCURVE('',#4295,#1903);
#1242=PCURVE('',#4295,#1904);
#1243=PCURVE('',#4295,#1905);
#1244=PCURVE('',#4295,#1906);
#1245=PCURVE('',#4295,#1907);
#1246=PCURVE('',#4295,#1908);
#1247=PCURVE('',#4295,#1909);
#1248=PCURVE('',#4295,#1910);
#1249=PCURVE('',#4295,#1911);
#1250=PCURVE('',#4295,#1912);
#1251=PCURVE('',#4295,#1913);
#1252=PCURVE('',#4295,#1914);
#1253=PCURVE('',#4295,#1915);
#1254=PCURVE('',#4295,#1916);
#1255=PCURVE('',#4295,#1917);
#1256=PCURVE('',#4295,#1918);
#1257=PCURVE('',#4295,#1919);
#1258=PCURVE('',#4295,#1920);
#1259=PCURVE('',#4352,#1921);
#1260=PCURVE('',#4352,#1922);
#1261=PCURVE('',#4352,#1923);
#1262=PCURVE('',#4352,#1924);
#1263=PCURVE('',#4296,#1925);
#1264=PCURVE('',#4296,#1926);
#1265=PCURVE('',#4296,#1927);
#1266=PCURVE('',#4296,#1928);
#1267=PCURVE('',#4296,#1929);
#1268=PCURVE('',#4353,#1930);
#1269=PCURVE('',#4353,#1931);
#1270=PCURVE('',#4353,#1932);
#1271=PCURVE('',#4353,#1933);
#1272=PCURVE('',#4297,#1934);
#1273=PCURVE('',#4297,#1935);
#1274=PCURVE('',#4297,#1936);
#1275=PCURVE('',#4297,#1937);
#1276=PCURVE('',#4298,#1938);
#1277=PCURVE('',#4298,#1939);
#1278=PCURVE('',#4298,#1940);
#1279=PCURVE('',#4298,#1941);
#1280=PCURVE('',#4299,#1942);
#1281=PCURVE('',#4299,#1943);
#1282=PCURVE('',#4299,#1944);
#1283=PCURVE('',#4299,#1945);
#1284=PCURVE('',#4300,#1946);
#1285=PCURVE('',#4300,#1947);
#1286=PCURVE('',#4300,#1948);
#1287=PCURVE('',#4300,#1949);
#1288=PCURVE('',#4354,#1950);
#1289=PCURVE('',#4354,#1951);
#1290=PCURVE('',#4354,#1952);
#1291=PCURVE('',#4354,#1953);
#1292=PCURVE('',#4301,#1954);
#1293=PCURVE('',#4301,#1955);
#1294=PCURVE('',#4301,#1956);
#1295=PCURVE('',#4301,#1957);
#1296=PCURVE('',#4302,#1958);
#1297=PCURVE('',#4302,#1959);
#1298=PCURVE('',#4302,#1960);
#1299=PCURVE('',#4302,#1961);
#1300=PCURVE('',#4302,#1962);
#1301=PCURVE('',#4302,#1963);
#1302=PCURVE('',#4302,#1964);
#1303=PCURVE('',#4302,#1965);
#1304=PCURVE('',#4302,#1966);
#1305=PCURVE('',#4302,#1967);
#1306=PCURVE('',#4302,#1968);
#1307=PCURVE('',#4302,#1969);
#1308=PCURVE('',#4302,#1970);
#1309=PCURVE('',#4302,#1971);
#1310=PCURVE('',#4302,#1972);
#1311=PCURVE('',#4302,#1973);
#1312=PCURVE('',#4302,#1974);
#1313=PCURVE('',#4303,#1975);
#1314=PCURVE('',#4303,#1976);
#1315=PCURVE('',#4304,#1977);
#1316=PCURVE('',#4304,#1978);
#1317=PCURVE('',#4304,#1979);
#1318=PCURVE('',#4304,#1980);
#1319=PCURVE('',#4305,#1981);
#1320=PCURVE('',#4305,#1982);
#1321=PCURVE('',#4305,#1983);
#1322=PCURVE('',#4305,#1984);
#1323=PCURVE('',#4305,#1985);
#1324=PCURVE('',#4305,#1986);
#1325=PCURVE('',#4305,#1987);
#1326=PCURVE('',#4305,#1988);
#1327=PCURVE('',#4305,#1989);
#1328=PCURVE('',#4306,#1990);
#1329=PCURVE('',#4306,#1991);
#1330=PCURVE('',#4306,#1992);
#1331=PCURVE('',#4306,#1993);
#1332=PCURVE('',#4306,#1994);
#1333=PCURVE('',#4306,#1995);
#1334=PCURVE('',#4306,#1996);
#1335=PCURVE('',#4306,#1997);
#1336=PCURVE('',#4306,#1998);
#1337=PCURVE('',#4307,#1999);
#1338=PCURVE('',#4307,#2000);
#1339=PCURVE('',#4307,#2001);
#1340=PCURVE('',#4307,#2002);
#1341=PCURVE('',#4355,#2003);
#1342=PCURVE('',#4355,#2004);
#1343=PCURVE('',#4355,#2005);
#1344=PCURVE('',#4355,#2006);
#1345=PCURVE('',#4308,#2007);
#1346=PCURVE('',#4308,#2008);
#1347=PCURVE('',#4308,#2009);
#1348=PCURVE('',#4308,#2010);
#1349=PCURVE('',#4356,#2011);
#1350=PCURVE('',#4356,#2012);
#1351=PCURVE('',#4356,#2013);
#1352=PCURVE('',#4356,#2014);
#1353=PCURVE('',#4309,#2015);
#1354=PCURVE('',#4309,#2016);
#1355=PCURVE('',#4309,#2017);
#1356=PCURVE('',#4309,#2018);
#1357=PCURVE('',#4310,#2019);
#1358=PCURVE('',#4310,#2020);
#1359=PCURVE('',#4310,#2021);
#1360=PCURVE('',#4310,#2022);
#1361=PCURVE('',#4310,#2023);
#1362=PCURVE('',#4311,#2024);
#1363=PCURVE('',#4311,#2025);
#1364=PCURVE('',#4311,#2026);
#1365=PCURVE('',#4311,#2027);
#1366=PCURVE('',#4357,#2028);
#1367=PCURVE('',#4357,#2029);
#1368=PCURVE('',#4357,#2030);
#1369=PCURVE('',#4357,#2031);
#1370=PCURVE('',#4312,#2032);
#1371=PCURVE('',#4312,#2033);
#1372=PCURVE('',#4312,#2034);
#1373=PCURVE('',#4312,#2035);
#1374=PCURVE('',#4358,#2036);
#1375=PCURVE('',#4358,#2037);
#1376=PCURVE('',#4358,#2038);
#1377=PCURVE('',#4358,#2039);
#1378=PCURVE('',#4313,#2040);
#1379=PCURVE('',#4313,#2041);
#1380=PCURVE('',#4313,#2042);
#1381=PCURVE('',#4313,#2043);
#1382=PCURVE('',#4313,#2044);
#1383=PCURVE('',#4359,#2045);
#1384=PCURVE('',#4359,#2046);
#1385=PCURVE('',#4359,#2047);
#1386=PCURVE('',#4359,#2048);
#1387=PCURVE('',#4314,#2049);
#1388=PCURVE('',#4314,#2050);
#1389=PCURVE('',#4314,#2051);
#1390=PCURVE('',#4314,#2052);
#1391=PCURVE('',#4314,#2053);
#1392=PCURVE('',#4315,#2054);
#1393=PCURVE('',#4315,#2055);
#1394=PCURVE('',#4315,#2056);
#1395=PCURVE('',#4315,#2057);
#1396=PCURVE('',#4315,#2058);
#1397=PCURVE('',#4316,#2059);
#1398=PCURVE('',#4316,#2060);
#1399=PCURVE('',#4316,#2061);
#1400=PCURVE('',#4316,#2062);
#1401=PCURVE('',#4316,#2063);
#1402=PCURVE('',#4360,#2064);
#1403=PCURVE('',#4360,#2065);
#1404=PCURVE('',#4360,#2066);
#1405=PCURVE('',#4360,#2067);
#1406=PCURVE('',#4360,#2068);
#1407=PCURVE('',#4360,#2069);
#1408=PCURVE('',#4360,#2070);
#1409=PCURVE('',#4360,#2071);
#1410=PCURVE('',#4361,#2072);
#1411=PCURVE('',#4361,#2073);
#1412=PCURVE('',#4361,#2074);
#1413=PCURVE('',#4361,#2075);
#1414=PCURVE('',#4361,#2076);
#1415=PCURVE('',#4361,#2077);
#1416=PCURVE('',#4361,#2078);
#1417=PCURVE('',#4317,#2079);
#1418=PCURVE('',#4317,#2080);
#1419=PCURVE('',#4317,#2081);
#1420=PCURVE('',#4317,#2082);
#1421=PCURVE('',#4317,#2083);
#1422=PCURVE('',#4317,#2084);
#1423=PCURVE('',#4362,#2085);
#1424=PCURVE('',#4362,#2086);
#1425=PCURVE('',#4362,#2087);
#1426=PCURVE('',#4362,#2088);
#1427=PCURVE('',#4318,#2089);
#1428=PCURVE('',#4318,#2090);
#1429=PCURVE('',#4318,#2091);
#1430=PCURVE('',#4318,#2092);
#1431=PCURVE('',#4318,#2093);
#1432=PCURVE('',#4318,#2094);
#1433=PCURVE('',#4318,#2095);
#1434=PCURVE('',#4318,#2096);
#1435=PCURVE('',#4318,#2097);
#1436=PCURVE('',#4318,#2098);
#1437=PCURVE('',#4318,#2099);
#1438=PCURVE('',#4318,#2100);
#1439=PCURVE('',#4318,#2101);
#1440=PCURVE('',#4318,#2102);
#1441=PCURVE('',#4318,#2103);
#1442=PCURVE('',#4318,#2104);
#1443=PCURVE('',#4318,#2105);
#1444=PCURVE('',#4318,#2106);
#1445=PCURVE('',#4318,#2107);
#1446=PCURVE('',#4318,#2108);
#1447=PCURVE('',#4318,#2109);
#1448=PCURVE('',#4318,#2110);
#1449=PCURVE('',#4318,#2111);
#1450=PCURVE('',#4318,#2112);
#1451=PCURVE('',#4318,#2113);
#1452=PCURVE('',#4318,#2114);
#1453=PCURVE('',#4318,#2115);
#1454=PCURVE('',#4318,#2116);
#1455=PCURVE('',#4318,#2117);
#1456=PCURVE('',#4318,#2118);
#1457=PCURVE('',#4318,#2119);
#1458=PCURVE('',#4318,#2120);
#1459=PCURVE('',#4318,#2121);
#1460=PCURVE('',#4318,#2122);
#1461=PCURVE('',#4318,#2123);
#1462=PCURVE('',#4318,#2124);
#1463=PCURVE('',#4318,#2125);
#1464=PCURVE('',#4318,#2126);
#1465=PCURVE('',#4318,#2127);
#1466=PCURVE('',#4318,#2128);
#1467=PCURVE('',#4318,#2129);
#1468=PCURVE('',#4318,#2130);
#1469=PCURVE('',#4319,#2131);
#1470=PCURVE('',#4319,#2132);
#1471=PCURVE('',#4319,#2133);
#1472=PCURVE('',#4319,#2134);
#1473=PCURVE('',#4319,#2135);
#1474=PCURVE('',#4319,#2136);
#1475=PCURVE('',#4319,#2137);
#1476=PCURVE('',#4319,#2138);
#1477=PCURVE('',#4319,#2139);
#1478=PCURVE('',#4319,#2140);
#1479=PCURVE('',#4319,#2141);
#1480=PCURVE('',#4319,#2142);
#1481=PCURVE('',#4319,#2143);
#1482=PCURVE('',#4319,#2144);
#1483=PCURVE('',#4319,#2145);
#1484=PCURVE('',#4319,#2146);
#1485=PCURVE('',#4319,#2147);
#1486=PCURVE('',#4319,#2148);
#1487=PCURVE('',#4319,#2149);
#1488=PCURVE('',#4319,#2150);
#1489=PCURVE('',#4319,#2151);
#1490=PCURVE('',#4319,#2152);
#1491=PCURVE('',#4319,#2153);
#1492=PCURVE('',#4319,#2154);
#1493=PCURVE('',#4319,#2155);
#1494=PCURVE('',#4319,#2156);
#1495=PCURVE('',#4319,#2157);
#1496=PCURVE('',#4319,#2158);
#1497=PCURVE('',#4319,#2159);
#1498=PCURVE('',#4319,#2160);
#1499=PCURVE('',#4319,#2161);
#1500=PCURVE('',#4319,#2162);
#1501=PCURVE('',#4320,#2163);
#1502=PCURVE('',#4320,#2164);
#1503=PCURVE('',#4320,#2165);
#1504=PCURVE('',#4320,#2166);
#1505=PCURVE('',#4320,#2167);
#1506=PCURVE('',#4320,#2168);
#1507=PCURVE('',#4321,#2169);
#1508=PCURVE('',#4321,#2170);
#1509=PCURVE('',#4321,#2171);
#1510=PCURVE('',#4321,#2172);
#1511=PCURVE('',#4321,#2173);
#1512=PCURVE('',#4321,#2174);
#1513=PCURVE('',#4322,#2175);
#1514=PCURVE('',#4322,#2176);
#1515=PCURVE('',#4322,#2177);
#1516=PCURVE('',#4322,#2178);
#1517=PCURVE('',#4322,#2179);
#1518=PCURVE('',#4322,#2180);
#1519=PCURVE('',#4323,#2181);
#1520=PCURVE('',#4323,#2182);
#1521=PCURVE('',#4323,#2183);
#1522=PCURVE('',#4323,#2184);
#1523=PCURVE('',#4363,#2185);
#1524=PCURVE('',#4363,#2186);
#1525=PCURVE('',#4363,#2187);
#1526=PCURVE('',#4363,#2188);
#1527=PCURVE('',#4324,#2189);
#1528=PCURVE('',#4324,#2190);
#1529=PCURVE('',#4324,#2191);
#1530=PCURVE('',#4324,#2192);
#1531=PCURVE('',#4324,#2193);
#1532=PCURVE('',#4324,#2194);
#1533=PCURVE('',#4364,#2195);
#1534=PCURVE('',#4364,#2196);
#1535=PCURVE('',#4364,#2197);
#1536=PCURVE('',#4364,#2198);
#1537=PCURVE('',#4325,#2199);
#1538=PCURVE('',#4325,#2200);
#1539=PCURVE('',#4325,#2201);
#1540=PCURVE('',#4325,#2202);
#1541=PCURVE('',#4326,#2203);
#1542=PCURVE('',#4326,#2204);
#1543=PCURVE('',#4326,#2205);
#1544=PCURVE('',#4326,#2206);
#1545=PCURVE('',#4327,#2207);
#1546=PCURVE('',#4327,#2208);
#1547=PCURVE('',#4327,#2209);
#1548=PCURVE('',#4327,#2210);
#1549=PCURVE('',#4327,#2211);
#1550=PCURVE('',#4365,#2212);
#1551=PCURVE('',#4365,#2213);
#1552=PCURVE('',#4365,#2214);
#1553=PCURVE('',#4365,#2215);
#1554=PCURVE('',#4328,#2216);
#1555=PCURVE('',#4328,#2217);
#1556=PCURVE('',#4328,#2218);
#1557=PCURVE('',#4328,#2219);
#1558=PCURVE('',#4366,#2220);
#1559=PCURVE('',#4366,#2221);
#1560=PCURVE('',#4366,#2222);
#1561=PCURVE('',#4366,#2223);
#1562=PCURVE('',#4329,#2224);
#1563=PCURVE('',#4329,#2225);
#1564=PCURVE('',#4329,#2226);
#1565=PCURVE('',#4329,#2227);
#1566=PCURVE('',#4329,#2228);
#1567=PCURVE('',#4367,#2229);
#1568=PCURVE('',#4367,#2230);
#1569=PCURVE('',#4367,#2231);
#1570=PCURVE('',#4367,#2232);
#1571=PCURVE('',#4367,#2233);
#1572=PCURVE('',#4330,#2234);
#1573=PCURVE('',#4330,#2235);
#1574=PCURVE('',#4330,#2236);
#1575=PCURVE('',#4330,#2237);
#1576=PCURVE('',#4368,#2238);
#1577=PCURVE('',#4368,#2239);
#1578=PCURVE('',#4368,#2240);
#1579=PCURVE('',#4368,#2241);
#1580=PCURVE('',#4368,#2242);
#1581=PCURVE('',#4331,#2243);
#1582=PCURVE('',#4331,#2244);
#1583=PCURVE('',#4331,#2245);
#1584=PCURVE('',#4331,#2246);
#1585=PCURVE('',#4331,#2247);
#1586=PCURVE('',#4331,#2248);
#1587=PCURVE('',#4331,#2249);
#1588=PCURVE('',#4331,#2250);
#1589=PCURVE('',#4332,#2251);
#1590=PCURVE('',#4332,#2252);
#1591=PCURVE('',#4332,#2253);
#1592=PCURVE('',#4332,#2254);
#1593=PCURVE('',#4332,#2255);
#1594=PCURVE('',#4333,#2256);
#1595=PCURVE('',#4333,#2257);
#1596=PCURVE('',#4333,#2258);
#1597=PCURVE('',#4333,#2259);
#1598=PCURVE('',#4333,#2260);
#1599=PCURVE('',#4369,#2261);
#1600=PCURVE('',#4369,#2262);
#1601=PCURVE('',#4369,#2263);
#1602=PCURVE('',#4369,#2264);
#1603=PCURVE('',#4370,#2265);
#1604=PCURVE('',#4370,#2266);
#1605=PCURVE('',#4370,#2267);
#1606=PCURVE('',#4370,#2268);
#1607=PCURVE('',#4371,#2269);
#1608=PCURVE('',#4371,#2270);
#1609=PCURVE('',#4371,#2271);
#1610=PCURVE('',#4371,#2272);
#1611=PCURVE('',#4372,#2273);
#1612=PCURVE('',#4372,#2274);
#1613=PCURVE('',#4372,#2275);
#1614=PCURVE('',#4372,#2276);
#1615=PCURVE('',#4373,#2277);
#1616=PCURVE('',#4373,#2278);
#1617=PCURVE('',#4373,#2279);
#1618=PCURVE('',#4373,#2280);
#1619=PCURVE('',#4374,#2281);
#1620=PCURVE('',#4374,#2282);
#1621=PCURVE('',#4374,#2283);
#1622=PCURVE('',#4374,#2284);
#1623=PCURVE('',#4375,#2285);
#1624=PCURVE('',#4375,#2286);
#1625=PCURVE('',#4375,#2287);
#1626=PCURVE('',#4375,#2288);
#1627=PCURVE('',#4376,#2289);
#1628=PCURVE('',#4376,#2290);
#1629=PCURVE('',#4376,#2291);
#1630=PCURVE('',#4376,#2292);
#1631=PCURVE('',#4377,#2293);
#1632=PCURVE('',#4377,#2294);
#1633=PCURVE('',#4377,#2295);
#1634=PCURVE('',#4377,#2296);
#1635=PCURVE('',#4378,#2297);
#1636=PCURVE('',#4378,#2298);
#1637=PCURVE('',#4378,#2299);
#1638=PCURVE('',#4378,#2300);
#1639=PCURVE('',#4379,#2301);
#1640=PCURVE('',#4379,#2302);
#1641=PCURVE('',#4379,#2303);
#1642=PCURVE('',#4379,#2304);
#1643=PCURVE('',#4380,#2305);
#1644=PCURVE('',#4380,#2306);
#1645=PCURVE('',#4380,#2307);
#1646=PCURVE('',#4380,#2308);
#1647=PCURVE('',#4381,#2309);
#1648=PCURVE('',#4381,#2310);
#1649=PCURVE('',#4381,#2311);
#1650=PCURVE('',#4381,#2312);
#1651=PCURVE('',#4334,#2313);
#1652=PCURVE('',#4334,#2314);
#1653=PCURVE('',#4334,#2315);
#1654=PCURVE('',#4334,#2316);
#1655=PCURVE('',#4382,#2317);
#1656=PCURVE('',#4382,#2318);
#1657=PCURVE('',#4382,#2319);
#1658=PCURVE('',#4382,#2320);
#1659=PCURVE('',#4382,#2321);
#1660=PCURVE('',#4335,#2322);
#1661=PCURVE('',#4335,#2323);
#1662=PCURVE('',#4335,#2324);
#1663=PCURVE('',#4335,#2325);
#1664=PCURVE('',#4383,#2326);
#1665=PCURVE('',#4383,#2327);
#1666=PCURVE('',#4383,#2328);
#1667=PCURVE('',#4383,#2329);
#1668=PCURVE('',#4383,#2330);
#1669=PCURVE('',#4383,#2331);
#1670=PCURVE('',#4336,#2332);
#1671=PCURVE('',#4336,#2333);
#1672=PCURVE('',#4336,#2334);
#1673=PCURVE('',#4336,#2335);
#1674=PCURVE('',#4384,#2336);
#1675=PCURVE('',#4384,#2337);
#1676=PCURVE('',#4384,#2338);
#1677=PCURVE('',#4384,#2339);
#1678=PCURVE('',#4337,#2340);
#1679=PCURVE('',#4337,#2341);
#1680=PCURVE('',#4337,#2342);
#1681=PCURVE('',#4337,#2343);
#1682=PCURVE('',#4385,#2344);
#1683=PCURVE('',#4385,#2345);
#1684=PCURVE('',#4385,#2346);
#1685=PCURVE('',#4385,#2347);
#1686=PCURVE('',#4338,#2348);
#1687=PCURVE('',#4338,#2349);
#1688=PCURVE('',#4338,#2350);
#1689=PCURVE('',#4338,#2351);
#1690=PCURVE('',#4386,#2352);
#1691=PCURVE('',#4386,#2353);
#1692=PCURVE('',#4386,#2354);
#1693=PCURVE('',#4386,#2355);
#1694=PCURVE('',#4387,#2356);
#1695=PCURVE('',#4387,#2357);
#1696=PCURVE('',#4387,#2358);
#1697=PCURVE('',#4387,#2359);
#1698=PCURVE('',#4339,#2360);
#1699=PCURVE('',#4339,#2361);
#1700=PCURVE('',#4339,#2362);
#1701=PCURVE('',#4339,#2363);
#1702=PCURVE('',#4388,#2364);
#1703=PCURVE('',#4388,#2365);
#1704=PCURVE('',#4388,#2366);
#1705=PCURVE('',#4388,#2367);
#1706=PCURVE('',#4389,#2368);
#1707=PCURVE('',#4389,#2369);
#1708=PCURVE('',#4389,#2370);
#1709=PCURVE('',#4389,#2371);
#1710=PCURVE('',#4390,#2372);
#1711=PCURVE('',#4390,#2373);
#1712=PCURVE('',#4390,#2374);
#1713=PCURVE('',#4390,#2375);
#1714=PCURVE('',#4390,#2376);
#1715=PCURVE('',#4391,#2377);
#1716=PCURVE('',#4391,#2378);
#1717=PCURVE('',#4391,#2379);
#1718=PCURVE('',#4391,#2380);
#1719=PCURVE('',#4392,#2381);
#1720=PCURVE('',#4392,#2382);
#1721=PCURVE('',#4392,#2383);
#1722=PCURVE('',#4392,#2384);
#1723=PCURVE('',#4393,#2385);
#1724=PCURVE('',#4393,#2386);
#1725=PCURVE('',#4393,#2387);
#1726=PCURVE('',#4393,#2388);
#1727=PCURVE('',#4394,#2389);
#1728=PCURVE('',#4394,#2390);
#1729=PCURVE('',#4394,#2391);
#1730=PCURVE('',#4394,#2392);
#1731=PCURVE('',#4394,#2393);
#1732=PCURVE('',#4395,#2394);
#1733=PCURVE('',#4395,#2395);
#1734=PCURVE('',#4395,#2396);
#1735=PCURVE('',#4395,#2397);
#1736=PCURVE('',#4396,#2398);
#1737=PCURVE('',#4396,#2399);
#1738=PCURVE('',#4396,#2400);
#1739=PCURVE('',#4396,#2401);
#1740=PCURVE('',#4397,#2402);
#1741=PCURVE('',#4397,#2403);
#1742=PCURVE('',#4397,#2404);
#1743=PCURVE('',#4397,#2405);
#1744=DEFINITIONAL_REPRESENTATION('',(#2406),#9334);
#1745=DEFINITIONAL_REPRESENTATION('',(#2407),#9334);
#1746=DEFINITIONAL_REPRESENTATION('',(#2408),#9334);
#1747=DEFINITIONAL_REPRESENTATION('',(#2409),#9334);
#1748=DEFINITIONAL_REPRESENTATION('',(#2410),#9334);
#1749=DEFINITIONAL_REPRESENTATION('',(#3824),#9334);
#1750=DEFINITIONAL_REPRESENTATION('',(#3825),#9334);
#1751=DEFINITIONAL_REPRESENTATION('',(#2412),#9334);
#1752=DEFINITIONAL_REPRESENTATION('',(#2414),#9334);
#1753=DEFINITIONAL_REPRESENTATION('',(#2415),#9334);
#1754=DEFINITIONAL_REPRESENTATION('',(#2416),#9334);
#1755=DEFINITIONAL_REPRESENTATION('',(#2417),#9334);
#1756=DEFINITIONAL_REPRESENTATION('',(#2418),#9334);
#1757=DEFINITIONAL_REPRESENTATION('',(#2419),#9334);
#1758=DEFINITIONAL_REPRESENTATION('',(#2420),#9334);
#1759=DEFINITIONAL_REPRESENTATION('',(#3833),#9334);
#1760=DEFINITIONAL_REPRESENTATION('',(#3834),#9334);
#1761=DEFINITIONAL_REPRESENTATION('',(#2422),#9334);
#1762=DEFINITIONAL_REPRESENTATION('',(#2424),#9334);
#1763=DEFINITIONAL_REPRESENTATION('',(#2425),#9334);
#1764=DEFINITIONAL_REPRESENTATION('',(#2426),#9334);
#1765=DEFINITIONAL_REPRESENTATION('',(#2427),#9334);
#1766=DEFINITIONAL_REPRESENTATION('',(#2428),#9334);
#1767=DEFINITIONAL_REPRESENTATION('',(#2430),#9334);
#1768=DEFINITIONAL_REPRESENTATION('',(#2432),#9334);
#1769=DEFINITIONAL_REPRESENTATION('',(#2434),#9334);
#1770=DEFINITIONAL_REPRESENTATION('',(#2436),#9334);
#1771=DEFINITIONAL_REPRESENTATION('',(#2438),#9334);
#1772=DEFINITIONAL_REPRESENTATION('',(#3840),#9334);
#1773=DEFINITIONAL_REPRESENTATION('',(#2440),#9334);
#1774=DEFINITIONAL_REPRESENTATION('',(#3842),#9334);
#1775=DEFINITIONAL_REPRESENTATION('',(#2442),#9334);
#1776=DEFINITIONAL_REPRESENTATION('',(#2444),#9334);
#1777=DEFINITIONAL_REPRESENTATION('',(#3844),#9334);
#1778=DEFINITIONAL_REPRESENTATION('',(#2446),#9334);
#1779=DEFINITIONAL_REPRESENTATION('',(#2448),#9334);
#1780=DEFINITIONAL_REPRESENTATION('',(#2450),#9334);
#1781=DEFINITIONAL_REPRESENTATION('',(#2451),#9334);
#1782=DEFINITIONAL_REPRESENTATION('',(#3846),#9334);
#1783=DEFINITIONAL_REPRESENTATION('',(#3848),#9334);
#1784=DEFINITIONAL_REPRESENTATION('',(#3850),#9334);
#1785=DEFINITIONAL_REPRESENTATION('',(#3852),#9334);
#1786=DEFINITIONAL_REPRESENTATION('',(#3854),#9334);
#1787=DEFINITIONAL_REPRESENTATION('',(#3856),#9334);
#1788=DEFINITIONAL_REPRESENTATION('',(#3858),#9334);
#1789=DEFINITIONAL_REPRESENTATION('',(#3860),#9334);
#1790=DEFINITIONAL_REPRESENTATION('',(#2452),#9334);
#1791=DEFINITIONAL_REPRESENTATION('',(#2453),#9334);
#1792=DEFINITIONAL_REPRESENTATION('',(#2455),#9334);
#1793=DEFINITIONAL_REPRESENTATION('',(#2456),#9334);
#1794=DEFINITIONAL_REPRESENTATION('',(#2458),#9334);
#1795=DEFINITIONAL_REPRESENTATION('',(#2459),#9334);
#1796=DEFINITIONAL_REPRESENTATION('',(#2461),#9334);
#1797=DEFINITIONAL_REPRESENTATION('',(#2462),#9334);
#1798=DEFINITIONAL_REPRESENTATION('',(#2464),#9334);
#1799=DEFINITIONAL_REPRESENTATION('',(#2466),#9334);
#1800=DEFINITIONAL_REPRESENTATION('',(#2468),#9334);
#1801=DEFINITIONAL_REPRESENTATION('',(#3865),#9334);
#1802=DEFINITIONAL_REPRESENTATION('',(#2469),#9334);
#1803=DEFINITIONAL_REPRESENTATION('',(#3867),#9334);
#1804=DEFINITIONAL_REPRESENTATION('',(#2471),#9334);
#1805=DEFINITIONAL_REPRESENTATION('',(#2473),#9334);
#1806=DEFINITIONAL_REPRESENTATION('',(#3868),#9334);
#1807=DEFINITIONAL_REPRESENTATION('',(#2475),#9334);
#1808=DEFINITIONAL_REPRESENTATION('',(#2477),#9334);
#1809=DEFINITIONAL_REPRESENTATION('',(#3870),#9334);
#1810=DEFINITIONAL_REPRESENTATION('',(#2478),#9334);
#1811=DEFINITIONAL_REPRESENTATION('',(#2479),#9334);
#1812=DEFINITIONAL_REPRESENTATION('',(#3871),#9334);
#1813=DEFINITIONAL_REPRESENTATION('',(#2480),#9334);
#1814=DEFINITIONAL_REPRESENTATION('',(#2481),#9334);
#1815=DEFINITIONAL_REPRESENTATION('',(#2483),#9334);
#1816=DEFINITIONAL_REPRESENTATION('',(#2484),#9334);
#1817=DEFINITIONAL_REPRESENTATION('',(#2485),#9334);
#1818=DEFINITIONAL_REPRESENTATION('',(#2486),#9334);
#1819=DEFINITIONAL_REPRESENTATION('',(#2488),#9334);
#1820=DEFINITIONAL_REPRESENTATION('',(#2490),#9334);
#1821=DEFINITIONAL_REPRESENTATION('',(#2491),#9334);
#1822=DEFINITIONAL_REPRESENTATION('',(#2492),#9334);
#1823=DEFINITIONAL_REPRESENTATION('',(#2494),#9334);
#1824=DEFINITIONAL_REPRESENTATION('',(#2496),#9334);
#1825=DEFINITIONAL_REPRESENTATION('',(#2497),#9334);
#1826=DEFINITIONAL_REPRESENTATION('',(#2498),#9334);
#1827=DEFINITIONAL_REPRESENTATION('',(#2499),#9334);
#1828=DEFINITIONAL_REPRESENTATION('',(#2500),#9334);
#1829=DEFINITIONAL_REPRESENTATION('',(#2502),#9334);
#1830=DEFINITIONAL_REPRESENTATION('',(#2503),#9334);
#1831=DEFINITIONAL_REPRESENTATION('',(#2504),#9334);
#1832=DEFINITIONAL_REPRESENTATION('',(#2505),#9334);
#1833=DEFINITIONAL_REPRESENTATION('',(#2507),#9334);
#1834=DEFINITIONAL_REPRESENTATION('',(#2508),#9334);
#1835=DEFINITIONAL_REPRESENTATION('',(#2509),#9334);
#1836=DEFINITIONAL_REPRESENTATION('',(#2510),#9334);
#1837=DEFINITIONAL_REPRESENTATION('',(#2511),#9334);
#1838=DEFINITIONAL_REPRESENTATION('',(#2512),#9334);
#1839=DEFINITIONAL_REPRESENTATION('',(#2513),#9334);
#1840=DEFINITIONAL_REPRESENTATION('',(#2515),#9334);
#1841=DEFINITIONAL_REPRESENTATION('',(#2516),#9334);
#1842=DEFINITIONAL_REPRESENTATION('',(#2517),#9334);
#1843=DEFINITIONAL_REPRESENTATION('',(#2519),#9334);
#1844=DEFINITIONAL_REPRESENTATION('',(#2521),#9334);
#1845=DEFINITIONAL_REPRESENTATION('',(#2523),#9334);
#1846=DEFINITIONAL_REPRESENTATION('',(#2524),#9334);
#1847=DEFINITIONAL_REPRESENTATION('',(#2525),#9334);
#1848=DEFINITIONAL_REPRESENTATION('',(#2527),#9334);
#1849=DEFINITIONAL_REPRESENTATION('',(#2528),#9334);
#1850=DEFINITIONAL_REPRESENTATION('',(#2530),#9334);
#1851=DEFINITIONAL_REPRESENTATION('',(#2532),#9334);
#1852=DEFINITIONAL_REPRESENTATION('',(#3874),#9334);
#1853=DEFINITIONAL_REPRESENTATION('',(#3875),#9334);
#1854=DEFINITIONAL_REPRESENTATION('',(#2534),#9334);
#1855=DEFINITIONAL_REPRESENTATION('',(#2536),#9334);
#1856=DEFINITIONAL_REPRESENTATION('',(#3877),#9334);
#1857=DEFINITIONAL_REPRESENTATION('',(#2538),#9334);
#1858=DEFINITIONAL_REPRESENTATION('',(#2540),#9334);
#1859=DEFINITIONAL_REPRESENTATION('',(#3878),#9334);
#1860=DEFINITIONAL_REPRESENTATION('',(#3880),#9334);
#1861=DEFINITIONAL_REPRESENTATION('',(#3881),#9334);
#1862=DEFINITIONAL_REPRESENTATION('',(#2542),#9334);
#1863=DEFINITIONAL_REPRESENTATION('',(#3883),#9334);
#1864=DEFINITIONAL_REPRESENTATION('',(#3885),#9334);
#1865=DEFINITIONAL_REPRESENTATION('',(#3886),#9334);
#1866=DEFINITIONAL_REPRESENTATION('',(#3888),#9334);
#1867=DEFINITIONAL_REPRESENTATION('',(#2544),#9334);
#1868=DEFINITIONAL_REPRESENTATION('',(#2545),#9334);
#1869=DEFINITIONAL_REPRESENTATION('',(#2547),#9334);
#1870=DEFINITIONAL_REPRESENTATION('',(#2548),#9334);
#1871=DEFINITIONAL_REPRESENTATION('',(#2550),#9334);
#1872=DEFINITIONAL_REPRESENTATION('',(#3891),#9334);
#1873=DEFINITIONAL_REPRESENTATION('',(#2552),#9334);
#1874=DEFINITIONAL_REPRESENTATION('',(#3893),#9334);
#1875=DEFINITIONAL_REPRESENTATION('',(#2554),#9334);
#1876=DEFINITIONAL_REPRESENTATION('',(#2555),#9334);
#1877=DEFINITIONAL_REPRESENTATION('',(#2557),#9334);
#1878=DEFINITIONAL_REPRESENTATION('',(#2558),#9334);
#1879=DEFINITIONAL_REPRESENTATION('',(#2560),#9334);
#1880=DEFINITIONAL_REPRESENTATION('',(#2562),#9334);
#1881=DEFINITIONAL_REPRESENTATION('',(#2564),#9334);
#1882=DEFINITIONAL_REPRESENTATION('',(#2566),#9334);
#1883=DEFINITIONAL_REPRESENTATION('',(#2568),#9334);
#1884=DEFINITIONAL_REPRESENTATION('',(#2570),#9334);
#1885=DEFINITIONAL_REPRESENTATION('',(#2571),#9334);
#1886=DEFINITIONAL_REPRESENTATION('',(#2573),#9334);
#1887=DEFINITIONAL_REPRESENTATION('',(#2575),#9334);
#1888=DEFINITIONAL_REPRESENTATION('',(#2576),#9334);
#1889=DEFINITIONAL_REPRESENTATION('',(#2578),#9334);
#1890=DEFINITIONAL_REPRESENTATION('',(#2580),#9334);
#1891=DEFINITIONAL_REPRESENTATION('',(#2582),#9334);
#1892=DEFINITIONAL_REPRESENTATION('',(#2583),#9334);
#1893=DEFINITIONAL_REPRESENTATION('',(#2585),#9334);
#1894=DEFINITIONAL_REPRESENTATION('',(#3896),#9334);
#1895=DEFINITIONAL_REPRESENTATION('',(#2587),#9334);
#1896=DEFINITIONAL_REPRESENTATION('',(#3897),#9334);
#1897=DEFINITIONAL_REPRESENTATION('',(#2589),#9334);
#1898=DEFINITIONAL_REPRESENTATION('',(#2591),#9334);
#1899=DEFINITIONAL_REPRESENTATION('',(#2593),#9334);
#1900=DEFINITIONAL_REPRESENTATION('',(#2595),#9334);
#1901=DEFINITIONAL_REPRESENTATION('',(#2597),#9334);
#1902=DEFINITIONAL_REPRESENTATION('',(#2599),#9334);
#1903=DEFINITIONAL_REPRESENTATION('',(#2601),#9334);
#1904=DEFINITIONAL_REPRESENTATION('',(#2602),#9334);
#1905=DEFINITIONAL_REPRESENTATION('',(#2604),#9334);
#1906=DEFINITIONAL_REPRESENTATION('',(#2606),#9334);
#1907=DEFINITIONAL_REPRESENTATION('',(#3899),#9334);
#1908=DEFINITIONAL_REPRESENTATION('',(#2608),#9334);
#1909=DEFINITIONAL_REPRESENTATION('',(#2610),#9334);
#1910=DEFINITIONAL_REPRESENTATION('',(#3901),#9334);
#1911=DEFINITIONAL_REPRESENTATION('',(#2612),#9334);
#1912=DEFINITIONAL_REPRESENTATION('',(#3903),#9334);
#1913=DEFINITIONAL_REPRESENTATION('',(#3905),#9334);
#1914=DEFINITIONAL_REPRESENTATION('',(#3907),#9334);
#1915=DEFINITIONAL_REPRESENTATION('',(#3909),#9334);
#1916=DEFINITIONAL_REPRESENTATION('',(#3911),#9334);
#1917=DEFINITIONAL_REPRESENTATION('',(#3913),#9334);
#1918=DEFINITIONAL_REPRESENTATION('',(#3915),#9334);
#1919=DEFINITIONAL_REPRESENTATION('',(#3917),#9334);
#1920=DEFINITIONAL_REPRESENTATION('',(#3919),#9334);
#1921=DEFINITIONAL_REPRESENTATION('',(#2614),#9334);
#1922=DEFINITIONAL_REPRESENTATION('',(#2615),#9334);
#1923=DEFINITIONAL_REPRESENTATION('',(#2617),#9334);
#1924=DEFINITIONAL_REPRESENTATION('',(#2618),#9334);
#1925=DEFINITIONAL_REPRESENTATION('',(#2620),#9334);
#1926=DEFINITIONAL_REPRESENTATION('',(#3922),#9334);
#1927=DEFINITIONAL_REPRESENTATION('',(#2622),#9334);
#1928=DEFINITIONAL_REPRESENTATION('',(#2624),#9334);
#1929=DEFINITIONAL_REPRESENTATION('',(#3924),#9334);
#1930=DEFINITIONAL_REPRESENTATION('',(#2626),#9334);
#1931=DEFINITIONAL_REPRESENTATION('',(#2627),#9334);
#1932=DEFINITIONAL_REPRESENTATION('',(#2629),#9334);
#1933=DEFINITIONAL_REPRESENTATION('',(#2630),#9334);
#1934=DEFINITIONAL_REPRESENTATION('',(#2632),#9334);
#1935=DEFINITIONAL_REPRESENTATION('',(#2633),#9334);
#1936=DEFINITIONAL_REPRESENTATION('',(#2634),#9334);
#1937=DEFINITIONAL_REPRESENTATION('',(#2636),#9334);
#1938=DEFINITIONAL_REPRESENTATION('',(#2638),#9334);
#1939=DEFINITIONAL_REPRESENTATION('',(#2639),#9334);
#1940=DEFINITIONAL_REPRESENTATION('',(#2640),#9334);
#1941=DEFINITIONAL_REPRESENTATION('',(#2642),#9334);
#1942=DEFINITIONAL_REPRESENTATION('',(#2643),#9334);
#1943=DEFINITIONAL_REPRESENTATION('',(#2644),#9334);
#1944=DEFINITIONAL_REPRESENTATION('',(#2646),#9334);
#1945=DEFINITIONAL_REPRESENTATION('',(#2647),#9334);
#1946=DEFINITIONAL_REPRESENTATION('',(#2648),#9334);
#1947=DEFINITIONAL_REPRESENTATION('',(#2649),#9334);
#1948=DEFINITIONAL_REPRESENTATION('',(#2651),#9334);
#1949=DEFINITIONAL_REPRESENTATION('',(#2652),#9334);
#1950=DEFINITIONAL_REPRESENTATION('',(#2654),#9334);
#1951=DEFINITIONAL_REPRESENTATION('',(#2655),#9334);
#1952=DEFINITIONAL_REPRESENTATION('',(#2656),#9334);
#1953=DEFINITIONAL_REPRESENTATION('',(#2657),#9334);
#1954=DEFINITIONAL_REPRESENTATION('',(#2659),#9334);
#1955=DEFINITIONAL_REPRESENTATION('',(#2660),#9334);
#1956=DEFINITIONAL_REPRESENTATION('',(#2662),#9334);
#1957=DEFINITIONAL_REPRESENTATION('',(#2663),#9334);
#1958=DEFINITIONAL_REPRESENTATION('',(#3927),#9334);
#1959=DEFINITIONAL_REPRESENTATION('',(#3929),#9334);
#1960=DEFINITIONAL_REPRESENTATION('',(#2665),#9334);
#1961=DEFINITIONAL_REPRESENTATION('',(#3931),#9334);
#1962=DEFINITIONAL_REPRESENTATION('',(#3933),#9334);
#1963=DEFINITIONAL_REPRESENTATION('',(#3935),#9334);
#1964=DEFINITIONAL_REPRESENTATION('',(#2667),#9334);
#1965=DEFINITIONAL_REPRESENTATION('',(#2669),#9334);
#1966=DEFINITIONAL_REPRESENTATION('',(#3937),#9334);
#1967=DEFINITIONAL_REPRESENTATION('',(#2671),#9334);
#1968=DEFINITIONAL_REPRESENTATION('',(#3939),#9334);
#1969=DEFINITIONAL_REPRESENTATION('',(#2673),#9334);
#1970=DEFINITIONAL_REPRESENTATION('',(#2675),#9334);
#1971=DEFINITIONAL_REPRESENTATION('',(#3941),#9334);
#1972=DEFINITIONAL_REPRESENTATION('',(#3943),#9334);
#1973=DEFINITIONAL_REPRESENTATION('',(#3945),#9334);
#1974=DEFINITIONAL_REPRESENTATION('',(#3947),#9334);
#1975=DEFINITIONAL_REPRESENTATION('',(#2676),#9334);
#1976=DEFINITIONAL_REPRESENTATION('',(#2678),#9334);
#1977=DEFINITIONAL_REPRESENTATION('',(#2680),#9334);
#1978=DEFINITIONAL_REPRESENTATION('',(#2681),#9334);
#1979=DEFINITIONAL_REPRESENTATION('',(#2683),#9334);
#1980=DEFINITIONAL_REPRESENTATION('',(#2685),#9334);
#1981=DEFINITIONAL_REPRESENTATION('',(#3948),#9334);
#1982=DEFINITIONAL_REPRESENTATION('',(#2686),#9334);
#1983=DEFINITIONAL_REPRESENTATION('',(#2688),#9334);
#1984=DEFINITIONAL_REPRESENTATION('',(#2690),#9334);
#1985=DEFINITIONAL_REPRESENTATION('',(#2692),#9334);
#1986=DEFINITIONAL_REPRESENTATION('',(#2693),#9334);
#1987=DEFINITIONAL_REPRESENTATION('',(#3949),#9334);
#1988=DEFINITIONAL_REPRESENTATION('',(#3951),#9334);
#1989=DEFINITIONAL_REPRESENTATION('',(#2694),#9334);
#1990=DEFINITIONAL_REPRESENTATION('',(#3953),#9334);
#1991=DEFINITIONAL_REPRESENTATION('',(#2695),#9334);
#1992=DEFINITIONAL_REPRESENTATION('',(#3955),#9334);
#1993=DEFINITIONAL_REPRESENTATION('',(#3957),#9334);
#1994=DEFINITIONAL_REPRESENTATION('',(#2696),#9334);
#1995=DEFINITIONAL_REPRESENTATION('',(#2698),#9334);
#1996=DEFINITIONAL_REPRESENTATION('',(#2700),#9334);
#1997=DEFINITIONAL_REPRESENTATION('',(#2702),#9334);
#1998=DEFINITIONAL_REPRESENTATION('',(#2703),#9334);
#1999=DEFINITIONAL_REPRESENTATION('',(#2705),#9334);
#2000=DEFINITIONAL_REPRESENTATION('',(#2707),#9334);
#2001=DEFINITIONAL_REPRESENTATION('',(#2708),#9334);
#2002=DEFINITIONAL_REPRESENTATION('',(#2710),#9334);
#2003=DEFINITIONAL_REPRESENTATION('',(#2712),#9334);
#2004=DEFINITIONAL_REPRESENTATION('',(#2714),#9334);
#2005=DEFINITIONAL_REPRESENTATION('',(#2715),#9334);
#2006=DEFINITIONAL_REPRESENTATION('',(#2716),#9334);
#2007=DEFINITIONAL_REPRESENTATION('',(#2718),#9334);
#2008=DEFINITIONAL_REPRESENTATION('',(#3960),#9334);
#2009=DEFINITIONAL_REPRESENTATION('',(#2720),#9334);
#2010=DEFINITIONAL_REPRESENTATION('',(#2722),#9334);
#2011=DEFINITIONAL_REPRESENTATION('',(#2723),#9334);
#2012=DEFINITIONAL_REPRESENTATION('',(#2725),#9334);
#2013=DEFINITIONAL_REPRESENTATION('',(#2726),#9334);
#2014=DEFINITIONAL_REPRESENTATION('',(#2727),#9334);
#2015=DEFINITIONAL_REPRESENTATION('',(#2729),#9334);
#2016=DEFINITIONAL_REPRESENTATION('',(#3963),#9334);
#2017=DEFINITIONAL_REPRESENTATION('',(#2731),#9334);
#2018=DEFINITIONAL_REPRESENTATION('',(#2732),#9334);
#2019=DEFINITIONAL_REPRESENTATION('',(#2734),#9334);
#2020=DEFINITIONAL_REPRESENTATION('',(#2736),#9334);
#2021=DEFINITIONAL_REPRESENTATION('',(#2737),#9334);
#2022=DEFINITIONAL_REPRESENTATION('',(#2739),#9334);
#2023=DEFINITIONAL_REPRESENTATION('',(#2740),#9334);
#2024=DEFINITIONAL_REPRESENTATION('',(#2742),#9334);
#2025=DEFINITIONAL_REPRESENTATION('',(#2743),#9334);
#2026=DEFINITIONAL_REPRESENTATION('',(#2745),#9334);
#2027=DEFINITIONAL_REPRESENTATION('',(#2747),#9334);
#2028=DEFINITIONAL_REPRESENTATION('',(#2748),#9334);
#2029=DEFINITIONAL_REPRESENTATION('',(#2750),#9334);
#2030=DEFINITIONAL_REPRESENTATION('',(#2751),#9334);
#2031=DEFINITIONAL_REPRESENTATION('',(#2752),#9334);
#2032=DEFINITIONAL_REPRESENTATION('',(#2754),#9334);
#2033=DEFINITIONAL_REPRESENTATION('',(#3966),#9334);
#2034=DEFINITIONAL_REPRESENTATION('',(#2756),#9334);
#2035=DEFINITIONAL_REPRESENTATION('',(#2758),#9334);
#2036=DEFINITIONAL_REPRESENTATION('',(#2760),#9334);
#2037=DEFINITIONAL_REPRESENTATION('',(#2761),#9334);
#2038=DEFINITIONAL_REPRESENTATION('',(#2762),#9334);
#2039=DEFINITIONAL_REPRESENTATION('',(#2763),#9334);
#2040=DEFINITIONAL_REPRESENTATION('',(#2765),#9334);
#2041=DEFINITIONAL_REPRESENTATION('',(#2767),#9334);
#2042=DEFINITIONAL_REPRESENTATION('',(#3969),#9334);
#2043=DEFINITIONAL_REPRESENTATION('',(#2769),#9334);
#2044=DEFINITIONAL_REPRESENTATION('',(#2770),#9334);
#2045=DEFINITIONAL_REPRESENTATION('',(#2771),#9334);
#2046=DEFINITIONAL_REPRESENTATION('',(#2773),#9334);
#2047=DEFINITIONAL_REPRESENTATION('',(#2774),#9334);
#2048=DEFINITIONAL_REPRESENTATION('',(#2775),#9334);
#2049=DEFINITIONAL_REPRESENTATION('',(#2776),#9334);
#2050=DEFINITIONAL_REPRESENTATION('',(#2777),#9334);
#2051=DEFINITIONAL_REPRESENTATION('',(#2778),#9334);
#2052=DEFINITIONAL_REPRESENTATION('',(#2780),#9334);
#2053=DEFINITIONAL_REPRESENTATION('',(#3971),#9334);
#2054=DEFINITIONAL_REPRESENTATION('',(#2782),#9334);
#2055=DEFINITIONAL_REPRESENTATION('',(#2783),#9334);
#2056=DEFINITIONAL_REPRESENTATION('',(#2784),#9334);
#2057=DEFINITIONAL_REPRESENTATION('',(#2785),#9334);
#2058=DEFINITIONAL_REPRESENTATION('',(#2787),#9334);
#2059=DEFINITIONAL_REPRESENTATION('',(#2788),#9334);
#2060=DEFINITIONAL_REPRESENTATION('',(#2789),#9334);
#2061=DEFINITIONAL_REPRESENTATION('',(#2790),#9334);
#2062=DEFINITIONAL_REPRESENTATION('',(#2792),#9334);
#2063=DEFINITIONAL_REPRESENTATION('',(#3973),#9334);
#2064=DEFINITIONAL_REPRESENTATION('',(#2793),#9334);
#2065=DEFINITIONAL_REPRESENTATION('',(#2794),#9334);
#2066=DEFINITIONAL_REPRESENTATION('',(#2795),#9334);
#2067=DEFINITIONAL_REPRESENTATION('',(#2796),#9334);
#2068=DEFINITIONAL_REPRESENTATION('',(#2797),#9334);
#2069=DEFINITIONAL_REPRESENTATION('',(#2798),#9334);
#2070=DEFINITIONAL_REPRESENTATION('',(#2800),#9334);
#2071=DEFINITIONAL_REPRESENTATION('',(#2801),#9334);
#2072=DEFINITIONAL_REPRESENTATION('',(#2802),#9334);
#2073=DEFINITIONAL_REPRESENTATION('',(#2803),#9334);
#2074=DEFINITIONAL_REPRESENTATION('',(#2805),#9334);
#2075=DEFINITIONAL_REPRESENTATION('',(#2806),#9334);
#2076=DEFINITIONAL_REPRESENTATION('',(#2807),#9334);
#2077=DEFINITIONAL_REPRESENTATION('',(#2808),#9334);
#2078=DEFINITIONAL_REPRESENTATION('',(#2809),#9334);
#2079=DEFINITIONAL_REPRESENTATION('',(#2811),#9334);
#2080=DEFINITIONAL_REPRESENTATION('',(#2812),#9334);
#2081=DEFINITIONAL_REPRESENTATION('',(#2813),#9334);
#2082=DEFINITIONAL_REPRESENTATION('',(#2814),#9334);
#2083=DEFINITIONAL_REPRESENTATION('',(#2816),#9334);
#2084=DEFINITIONAL_REPRESENTATION('',(#2818),#9334);
#2085=DEFINITIONAL_REPRESENTATION('',(#2820),#9334);
#2086=DEFINITIONAL_REPRESENTATION('',(#2821),#9334);
#2087=DEFINITIONAL_REPRESENTATION('',(#2822),#9334);
#2088=DEFINITIONAL_REPRESENTATION('',(#2824),#9334);
#2089=DEFINITIONAL_REPRESENTATION('',(#2826),#9334);
#2090=DEFINITIONAL_REPRESENTATION('',(#2828),#9334);
#2091=DEFINITIONAL_REPRESENTATION('',(#2829),#9334);
#2092=DEFINITIONAL_REPRESENTATION('',(#2830),#9334);
#2093=DEFINITIONAL_REPRESENTATION('',(#2831),#9334);
#2094=DEFINITIONAL_REPRESENTATION('',(#2832),#9334);
#2095=DEFINITIONAL_REPRESENTATION('',(#3976),#9334);
#2096=DEFINITIONAL_REPRESENTATION('',(#2833),#9334);
#2097=DEFINITIONAL_REPRESENTATION('',(#3977),#9334);
#2098=DEFINITIONAL_REPRESENTATION('',(#2834),#9334);
#2099=DEFINITIONAL_REPRESENTATION('',(#2835),#9334);
#2100=DEFINITIONAL_REPRESENTATION('',(#2836),#9334);
#2101=DEFINITIONAL_REPRESENTATION('',(#3978),#9334);
#2102=DEFINITIONAL_REPRESENTATION('',(#2837),#9334);
#2103=DEFINITIONAL_REPRESENTATION('',(#2838),#9334);
#2104=DEFINITIONAL_REPRESENTATION('',(#2839),#9334);
#2105=DEFINITIONAL_REPRESENTATION('',(#2840),#9334);
#2106=DEFINITIONAL_REPRESENTATION('',(#2841),#9334);
#2107=DEFINITIONAL_REPRESENTATION('',(#2842),#9334);
#2108=DEFINITIONAL_REPRESENTATION('',(#2843),#9334);
#2109=DEFINITIONAL_REPRESENTATION('',(#2844),#9334);
#2110=DEFINITIONAL_REPRESENTATION('',(#2845),#9334);
#2111=DEFINITIONAL_REPRESENTATION('',(#2846),#9334);
#2112=DEFINITIONAL_REPRESENTATION('',(#2847),#9334);
#2113=DEFINITIONAL_REPRESENTATION('',(#2848),#9334);
#2114=DEFINITIONAL_REPRESENTATION('',(#2849),#9334);
#2115=DEFINITIONAL_REPRESENTATION('',(#2850),#9334);
#2116=DEFINITIONAL_REPRESENTATION('',(#2851),#9334);
#2117=DEFINITIONAL_REPRESENTATION('',(#3979),#9334);
#2118=DEFINITIONAL_REPRESENTATION('',(#2852),#9334);
#2119=DEFINITIONAL_REPRESENTATION('',(#2853),#9334);
#2120=DEFINITIONAL_REPRESENTATION('',(#2854),#9334);
#2121=DEFINITIONAL_REPRESENTATION('',(#3980),#9334);
#2122=DEFINITIONAL_REPRESENTATION('',(#2855),#9334);
#2123=DEFINITIONAL_REPRESENTATION('',(#3981),#9334);
#2124=DEFINITIONAL_REPRESENTATION('',(#2856),#9334);
#2125=DEFINITIONAL_REPRESENTATION('',(#2857),#9334);
#2126=DEFINITIONAL_REPRESENTATION('',(#2858),#9334);
#2127=DEFINITIONAL_REPRESENTATION('',(#2859),#9334);
#2128=DEFINITIONAL_REPRESENTATION('',(#2861),#9334);
#2129=DEFINITIONAL_REPRESENTATION('',(#2863),#9334);
#2130=DEFINITIONAL_REPRESENTATION('',(#2865),#9334);
#2131=DEFINITIONAL_REPRESENTATION('',(#2867),#9334);
#2132=DEFINITIONAL_REPRESENTATION('',(#2869),#9334);
#2133=DEFINITIONAL_REPRESENTATION('',(#2870),#9334);
#2134=DEFINITIONAL_REPRESENTATION('',(#2871),#9334);
#2135=DEFINITIONAL_REPRESENTATION('',(#2872),#9334);
#2136=DEFINITIONAL_REPRESENTATION('',(#2873),#9334);
#2137=DEFINITIONAL_REPRESENTATION('',(#2874),#9334);
#2138=DEFINITIONAL_REPRESENTATION('',(#2875),#9334);
#2139=DEFINITIONAL_REPRESENTATION('',(#2876),#9334);
#2140=DEFINITIONAL_REPRESENTATION('',(#2877),#9334);
#2141=DEFINITIONAL_REPRESENTATION('',(#2878),#9334);
#2142=DEFINITIONAL_REPRESENTATION('',(#2879),#9334);
#2143=DEFINITIONAL_REPRESENTATION('',(#2880),#9334);
#2144=DEFINITIONAL_REPRESENTATION('',(#2881),#9334);
#2145=DEFINITIONAL_REPRESENTATION('',(#2882),#9334);
#2146=DEFINITIONAL_REPRESENTATION('',(#2883),#9334);
#2147=DEFINITIONAL_REPRESENTATION('',(#2884),#9334);
#2148=DEFINITIONAL_REPRESENTATION('',(#2885),#9334);
#2149=DEFINITIONAL_REPRESENTATION('',(#2886),#9334);
#2150=DEFINITIONAL_REPRESENTATION('',(#2887),#9334);
#2151=DEFINITIONAL_REPRESENTATION('',(#2888),#9334);
#2152=DEFINITIONAL_REPRESENTATION('',(#2889),#9334);
#2153=DEFINITIONAL_REPRESENTATION('',(#2890),#9334);
#2154=DEFINITIONAL_REPRESENTATION('',(#2891),#9334);
#2155=DEFINITIONAL_REPRESENTATION('',(#2892),#9334);
#2156=DEFINITIONAL_REPRESENTATION('',(#2893),#9334);
#2157=DEFINITIONAL_REPRESENTATION('',(#2894),#9334);
#2158=DEFINITIONAL_REPRESENTATION('',(#2895),#9334);
#2159=DEFINITIONAL_REPRESENTATION('',(#2896),#9334);
#2160=DEFINITIONAL_REPRESENTATION('',(#2897),#9334);
#2161=DEFINITIONAL_REPRESENTATION('',(#2899),#9334);
#2162=DEFINITIONAL_REPRESENTATION('',(#2901),#9334);
#2163=DEFINITIONAL_REPRESENTATION('',(#2902),#9334);
#2164=DEFINITIONAL_REPRESENTATION('',(#2903),#9334);
#2165=DEFINITIONAL_REPRESENTATION('',(#2904),#9334);
#2166=DEFINITIONAL_REPRESENTATION('',(#2905),#9334);
#2167=DEFINITIONAL_REPRESENTATION('',(#2906),#9334);
#2168=DEFINITIONAL_REPRESENTATION('',(#2908),#9334);
#2169=DEFINITIONAL_REPRESENTATION('',(#2910),#9334);
#2170=DEFINITIONAL_REPRESENTATION('',(#3983),#9334);
#2171=DEFINITIONAL_REPRESENTATION('',(#2912),#9334);
#2172=DEFINITIONAL_REPRESENTATION('',(#3985),#9334);
#2173=DEFINITIONAL_REPRESENTATION('',(#2914),#9334);
#2174=DEFINITIONAL_REPRESENTATION('',(#2916),#9334);
#2175=DEFINITIONAL_REPRESENTATION('',(#2918),#9334);
#2176=DEFINITIONAL_REPRESENTATION('',(#2919),#9334);
#2177=DEFINITIONAL_REPRESENTATION('',(#2921),#9334);
#2178=DEFINITIONAL_REPRESENTATION('',(#2923),#9334);
#2179=DEFINITIONAL_REPRESENTATION('',(#2925),#9334);
#2180=DEFINITIONAL_REPRESENTATION('',(#2927),#9334);
#2181=DEFINITIONAL_REPRESENTATION('',(#3987),#9334);
#2182=DEFINITIONAL_REPRESENTATION('',(#2929),#9334);
#2183=DEFINITIONAL_REPRESENTATION('',(#2930),#9334);
#2184=DEFINITIONAL_REPRESENTATION('',(#2931),#9334);
#2185=DEFINITIONAL_REPRESENTATION('',(#2933),#9334);
#2186=DEFINITIONAL_REPRESENTATION('',(#2935),#9334);
#2187=DEFINITIONAL_REPRESENTATION('',(#2937),#9334);
#2188=DEFINITIONAL_REPRESENTATION('',(#2939),#9334);
#2189=DEFINITIONAL_REPRESENTATION('',(#2941),#9334);
#2190=DEFINITIONAL_REPRESENTATION('',(#2943),#9334);
#2191=DEFINITIONAL_REPRESENTATION('',(#3989),#9334);
#2192=DEFINITIONAL_REPRESENTATION('',(#2944),#9334);
#2193=DEFINITIONAL_REPRESENTATION('',(#3991),#9334);
#2194=DEFINITIONAL_REPRESENTATION('',(#2946),#9334);
#2195=DEFINITIONAL_REPRESENTATION('',(#2947),#9334);
#2196=DEFINITIONAL_REPRESENTATION('',(#2948),#9334);
#2197=DEFINITIONAL_REPRESENTATION('',(#2950),#9334);
#2198=DEFINITIONAL_REPRESENTATION('',(#2951),#9334);
#2199=DEFINITIONAL_REPRESENTATION('',(#2952),#9334);
#2200=DEFINITIONAL_REPRESENTATION('',(#2953),#9334);
#2201=DEFINITIONAL_REPRESENTATION('',(#2955),#9334);
#2202=DEFINITIONAL_REPRESENTATION('',(#2956),#9334);
#2203=DEFINITIONAL_REPRESENTATION('',(#2957),#9334);
#2204=DEFINITIONAL_REPRESENTATION('',(#2958),#9334);
#2205=DEFINITIONAL_REPRESENTATION('',(#2959),#9334);
#2206=DEFINITIONAL_REPRESENTATION('',(#3993),#9334);
#2207=DEFINITIONAL_REPRESENTATION('',(#2960),#9334);
#2208=DEFINITIONAL_REPRESENTATION('',(#2961),#9334);
#2209=DEFINITIONAL_REPRESENTATION('',(#2963),#9334);
#2210=DEFINITIONAL_REPRESENTATION('',(#2965),#9334);
#2211=DEFINITIONAL_REPRESENTATION('',(#2966),#9334);
#2212=DEFINITIONAL_REPRESENTATION('',(#2967),#9334);
#2213=DEFINITIONAL_REPRESENTATION('',(#2968),#9334);
#2214=DEFINITIONAL_REPRESENTATION('',(#2969),#9334);
#2215=DEFINITIONAL_REPRESENTATION('',(#2971),#9334);
#2216=DEFINITIONAL_REPRESENTATION('',(#2973),#9334);
#2217=DEFINITIONAL_REPRESENTATION('',(#2975),#9334);
#2218=DEFINITIONAL_REPRESENTATION('',(#2976),#9334);
#2219=DEFINITIONAL_REPRESENTATION('',(#2977),#9334);
#2220=DEFINITIONAL_REPRESENTATION('',(#2978),#9334);
#2221=DEFINITIONAL_REPRESENTATION('',(#2979),#9334);
#2222=DEFINITIONAL_REPRESENTATION('',(#2980),#9334);
#2223=DEFINITIONAL_REPRESENTATION('',(#2982),#9334);
#2224=DEFINITIONAL_REPRESENTATION('',(#2983),#9334);
#2225=DEFINITIONAL_REPRESENTATION('',(#2984),#9334);
#2226=DEFINITIONAL_REPRESENTATION('',(#2986),#9334);
#2227=DEFINITIONAL_REPRESENTATION('',(#2987),#9334);
#2228=DEFINITIONAL_REPRESENTATION('',(#2988),#9334);
#2229=DEFINITIONAL_REPRESENTATION('',(#2990),#9334);
#2230=DEFINITIONAL_REPRESENTATION('',(#2991),#9334);
#2231=DEFINITIONAL_REPRESENTATION('',(#2993),#9334);
#2232=DEFINITIONAL_REPRESENTATION('',(#2994),#9334);
#2233=DEFINITIONAL_REPRESENTATION('',(#2995),#9334);
#2234=DEFINITIONAL_REPRESENTATION('',(#2996),#9334);
#2235=DEFINITIONAL_REPRESENTATION('',(#2997),#9334);
#2236=DEFINITIONAL_REPRESENTATION('',(#2999),#9334);
#2237=DEFINITIONAL_REPRESENTATION('',(#3000),#9334);
#2238=DEFINITIONAL_REPRESENTATION('',(#3001),#9334);
#2239=DEFINITIONAL_REPRESENTATION('',(#3002),#9334);
#2240=DEFINITIONAL_REPRESENTATION('',(#3004),#9334);
#2241=DEFINITIONAL_REPRESENTATION('',(#3005),#9334);
#2242=DEFINITIONAL_REPRESENTATION('',(#3006),#9334);
#2243=DEFINITIONAL_REPRESENTATION('',(#3007),#9334);
#2244=DEFINITIONAL_REPRESENTATION('',(#3009),#9334);
#2245=DEFINITIONAL_REPRESENTATION('',(#3010),#9334);
#2246=DEFINITIONAL_REPRESENTATION('',(#3011),#9334);
#2247=DEFINITIONAL_REPRESENTATION('',(#3012),#9334);
#2248=DEFINITIONAL_REPRESENTATION('',(#3013),#9334);
#2249=DEFINITIONAL_REPRESENTATION('',(#3014),#9334);
#2250=DEFINITIONAL_REPRESENTATION('',(#3016),#9334);
#2251=DEFINITIONAL_REPRESENTATION('',(#3017),#9334);
#2252=DEFINITIONAL_REPRESENTATION('',(#3018),#9334);
#2253=DEFINITIONAL_REPRESENTATION('',(#3019),#9334);
#2254=DEFINITIONAL_REPRESENTATION('',(#3020),#9334);
#2255=DEFINITIONAL_REPRESENTATION('',(#3021),#9334);
#2256=DEFINITIONAL_REPRESENTATION('',(#3022),#9334);
#2257=DEFINITIONAL_REPRESENTATION('',(#3023),#9334);
#2258=DEFINITIONAL_REPRESENTATION('',(#3024),#9334);
#2259=DEFINITIONAL_REPRESENTATION('',(#3025),#9334);
#2260=DEFINITIONAL_REPRESENTATION('',(#3026),#9334);
#2261=DEFINITIONAL_REPRESENTATION('',(#3027),#9334);
#2262=DEFINITIONAL_REPRESENTATION('',(#3028),#9334);
#2263=DEFINITIONAL_REPRESENTATION('',(#3029),#9334);
#2264=DEFINITIONAL_REPRESENTATION('',(#3030),#9334);
#2265=DEFINITIONAL_REPRESENTATION('',(#3031),#9334);
#2266=DEFINITIONAL_REPRESENTATION('',(#3032),#9334);
#2267=DEFINITIONAL_REPRESENTATION('',(#3033),#9334);
#2268=DEFINITIONAL_REPRESENTATION('',(#3034),#9334);
#2269=DEFINITIONAL_REPRESENTATION('',(#3035),#9334);
#2270=DEFINITIONAL_REPRESENTATION('',(#3036),#9334);
#2271=DEFINITIONAL_REPRESENTATION('',(#3037),#9334);
#2272=DEFINITIONAL_REPRESENTATION('',(#3038),#9334);
#2273=DEFINITIONAL_REPRESENTATION('',(#3039),#9334);
#2274=DEFINITIONAL_REPRESENTATION('',(#3040),#9334);
#2275=DEFINITIONAL_REPRESENTATION('',(#3041),#9334);
#2276=DEFINITIONAL_REPRESENTATION('',(#3042),#9334);
#2277=DEFINITIONAL_REPRESENTATION('',(#3043),#9334);
#2278=DEFINITIONAL_REPRESENTATION('',(#3044),#9334);
#2279=DEFINITIONAL_REPRESENTATION('',(#3045),#9334);
#2280=DEFINITIONAL_REPRESENTATION('',(#3046),#9334);
#2281=DEFINITIONAL_REPRESENTATION('',(#3047),#9334);
#2282=DEFINITIONAL_REPRESENTATION('',(#3048),#9334);
#2283=DEFINITIONAL_REPRESENTATION('',(#3049),#9334);
#2284=DEFINITIONAL_REPRESENTATION('',(#3050),#9334);
#2285=DEFINITIONAL_REPRESENTATION('',(#3051),#9334);
#2286=DEFINITIONAL_REPRESENTATION('',(#3052),#9334);
#2287=DEFINITIONAL_REPRESENTATION('',(#3053),#9334);
#2288=DEFINITIONAL_REPRESENTATION('',(#3054),#9334);
#2289=DEFINITIONAL_REPRESENTATION('',(#3055),#9334);
#2290=DEFINITIONAL_REPRESENTATION('',(#3056),#9334);
#2291=DEFINITIONAL_REPRESENTATION('',(#3057),#9334);
#2292=DEFINITIONAL_REPRESENTATION('',(#3058),#9334);
#2293=DEFINITIONAL_REPRESENTATION('',(#3059),#9334);
#2294=DEFINITIONAL_REPRESENTATION('',(#3060),#9334);
#2295=DEFINITIONAL_REPRESENTATION('',(#3061),#9334);
#2296=DEFINITIONAL_REPRESENTATION('',(#3062),#9334);
#2297=DEFINITIONAL_REPRESENTATION('',(#3063),#9334);
#2298=DEFINITIONAL_REPRESENTATION('',(#3064),#9334);
#2299=DEFINITIONAL_REPRESENTATION('',(#3065),#9334);
#2300=DEFINITIONAL_REPRESENTATION('',(#3066),#9334);
#2301=DEFINITIONAL_REPRESENTATION('',(#3067),#9334);
#2302=DEFINITIONAL_REPRESENTATION('',(#3068),#9334);
#2303=DEFINITIONAL_REPRESENTATION('',(#3069),#9334);
#2304=DEFINITIONAL_REPRESENTATION('',(#3070),#9334);
#2305=DEFINITIONAL_REPRESENTATION('',(#3071),#9334);
#2306=DEFINITIONAL_REPRESENTATION('',(#3072),#9334);
#2307=DEFINITIONAL_REPRESENTATION('',(#3073),#9334);
#2308=DEFINITIONAL_REPRESENTATION('',(#3074),#9334);
#2309=DEFINITIONAL_REPRESENTATION('',(#3075),#9334);
#2310=DEFINITIONAL_REPRESENTATION('',(#3076),#9334);
#2311=DEFINITIONAL_REPRESENTATION('',(#3077),#9334);
#2312=DEFINITIONAL_REPRESENTATION('',(#3078),#9334);
#2313=DEFINITIONAL_REPRESENTATION('',(#4019),#9334);
#2314=DEFINITIONAL_REPRESENTATION('',(#4021),#9334);
#2315=DEFINITIONAL_REPRESENTATION('',(#4022),#9334);
#2316=DEFINITIONAL_REPRESENTATION('',(#4023),#9334);
#2317=DEFINITIONAL_REPRESENTATION('',(#3079),#9334);
#2318=DEFINITIONAL_REPRESENTATION('',(#3080),#9334);
#2319=DEFINITIONAL_REPRESENTATION('',(#3081),#9334);
#2320=DEFINITIONAL_REPRESENTATION('',(#3082),#9334);
#2321=DEFINITIONAL_REPRESENTATION('',(#3083),#9334);
#2322=DEFINITIONAL_REPRESENTATION('',(#4027),#9334);
#2323=DEFINITIONAL_REPRESENTATION('',(#4029),#9334);
#2324=DEFINITIONAL_REPRESENTATION('',(#4030),#9334);
#2325=DEFINITIONAL_REPRESENTATION('',(#4031),#9334);
#2326=DEFINITIONAL_REPRESENTATION('',(#3084),#9334);
#2327=DEFINITIONAL_REPRESENTATION('',(#3085),#9334);
#2328=DEFINITIONAL_REPRESENTATION('',(#3086),#9334);
#2329=DEFINITIONAL_REPRESENTATION('',(#3087),#9334);
#2330=DEFINITIONAL_REPRESENTATION('',(#3088),#9334);
#2331=DEFINITIONAL_REPRESENTATION('',(#3089),#9334);
#2332=DEFINITIONAL_REPRESENTATION('',(#4035),#9334);
#2333=DEFINITIONAL_REPRESENTATION('',(#4037),#9334);
#2334=DEFINITIONAL_REPRESENTATION('',(#4038),#9334);
#2335=DEFINITIONAL_REPRESENTATION('',(#4039),#9334);
#2336=DEFINITIONAL_REPRESENTATION('',(#3090),#9334);
#2337=DEFINITIONAL_REPRESENTATION('',(#3091),#9334);
#2338=DEFINITIONAL_REPRESENTATION('',(#3092),#9334);
#2339=DEFINITIONAL_REPRESENTATION('',(#3093),#9334);
#2340=DEFINITIONAL_REPRESENTATION('',(#4043),#9334);
#2341=DEFINITIONAL_REPRESENTATION('',(#4045),#9334);
#2342=DEFINITIONAL_REPRESENTATION('',(#4046),#9334);
#2343=DEFINITIONAL_REPRESENTATION('',(#4047),#9334);
#2344=DEFINITIONAL_REPRESENTATION('',(#3094),#9334);
#2345=DEFINITIONAL_REPRESENTATION('',(#3095),#9334);
#2346=DEFINITIONAL_REPRESENTATION('',(#3096),#9334);
#2347=DEFINITIONAL_REPRESENTATION('',(#3097),#9334);
#2348=DEFINITIONAL_REPRESENTATION('',(#4052),#9334);
#2349=DEFINITIONAL_REPRESENTATION('',(#4053),#9334);
#2350=DEFINITIONAL_REPRESENTATION('',(#3099),#9334);
#2351=DEFINITIONAL_REPRESENTATION('',(#3101),#9334);
#2352=DEFINITIONAL_REPRESENTATION('',(#3102),#9334);
#2353=DEFINITIONAL_REPRESENTATION('',(#3104),#9334);
#2354=DEFINITIONAL_REPRESENTATION('',(#3105),#9334);
#2355=DEFINITIONAL_REPRESENTATION('',(#3106),#9334);
#2356=DEFINITIONAL_REPRESENTATION('',(#3107),#9334);
#2357=DEFINITIONAL_REPRESENTATION('',(#3109),#9334);
#2358=DEFINITIONAL_REPRESENTATION('',(#3110),#9334);
#2359=DEFINITIONAL_REPRESENTATION('',(#3111),#9334);
#2360=DEFINITIONAL_REPRESENTATION('',(#4057),#9334);
#2361=DEFINITIONAL_REPRESENTATION('',(#4058),#9334);
#2362=DEFINITIONAL_REPRESENTATION('',(#3112),#9334);
#2363=DEFINITIONAL_REPRESENTATION('',(#3113),#9334);
#2364=DEFINITIONAL_REPRESENTATION('',(#3114),#9334);
#2365=DEFINITIONAL_REPRESENTATION('',(#3115),#9334);
#2366=DEFINITIONAL_REPRESENTATION('',(#3116),#9334);
#2367=DEFINITIONAL_REPRESENTATION('',(#3117),#9334);
#2368=DEFINITIONAL_REPRESENTATION('',(#3118),#9334);
#2369=DEFINITIONAL_REPRESENTATION('',(#3119),#9334);
#2370=DEFINITIONAL_REPRESENTATION('',(#3120),#9334);
#2371=DEFINITIONAL_REPRESENTATION('',(#3121),#9334);
#2372=DEFINITIONAL_REPRESENTATION('',(#3122),#9334);
#2373=DEFINITIONAL_REPRESENTATION('',(#3123),#9334);
#2374=DEFINITIONAL_REPRESENTATION('',(#3124),#9334);
#2375=DEFINITIONAL_REPRESENTATION('',(#3125),#9334);
#2376=DEFINITIONAL_REPRESENTATION('',(#3126),#9334);
#2377=DEFINITIONAL_REPRESENTATION('',(#3127),#9334);
#2378=DEFINITIONAL_REPRESENTATION('',(#3128),#9334);
#2379=DEFINITIONAL_REPRESENTATION('',(#3129),#9334);
#2380=DEFINITIONAL_REPRESENTATION('',(#3130),#9334);
#2381=DEFINITIONAL_REPRESENTATION('',(#3131),#9334);
#2382=DEFINITIONAL_REPRESENTATION('',(#3132),#9334);
#2383=DEFINITIONAL_REPRESENTATION('',(#3133),#9334);
#2384=DEFINITIONAL_REPRESENTATION('',(#3134),#9334);
#2385=DEFINITIONAL_REPRESENTATION('',(#3135),#9334);
#2386=DEFINITIONAL_REPRESENTATION('',(#3136),#9334);
#2387=DEFINITIONAL_REPRESENTATION('',(#3137),#9334);
#2388=DEFINITIONAL_REPRESENTATION('',(#3138),#9334);
#2389=DEFINITIONAL_REPRESENTATION('',(#3139),#9334);
#2390=DEFINITIONAL_REPRESENTATION('',(#3140),#9334);
#2391=DEFINITIONAL_REPRESENTATION('',(#3141),#9334);
#2392=DEFINITIONAL_REPRESENTATION('',(#3142),#9334);
#2393=DEFINITIONAL_REPRESENTATION('',(#3143),#9334);
#2394=DEFINITIONAL_REPRESENTATION('',(#3144),#9334);
#2395=DEFINITIONAL_REPRESENTATION('',(#3145),#9334);
#2396=DEFINITIONAL_REPRESENTATION('',(#3146),#9334);
#2397=DEFINITIONAL_REPRESENTATION('',(#3147),#9334);
#2398=DEFINITIONAL_REPRESENTATION('',(#3148),#9334);
#2399=DEFINITIONAL_REPRESENTATION('',(#3149),#9334);
#2400=DEFINITIONAL_REPRESENTATION('',(#3150),#9334);
#2401=DEFINITIONAL_REPRESENTATION('',(#3151),#9334);
#2402=DEFINITIONAL_REPRESENTATION('',(#3152),#9334);
#2403=DEFINITIONAL_REPRESENTATION('',(#3153),#9334);
#2404=DEFINITIONAL_REPRESENTATION('',(#3154),#9334);
#2405=DEFINITIONAL_REPRESENTATION('',(#3155),#9334);
#2406=B_SPLINE_CURVE_WITH_KNOTS('',1,(#6122,#6123),.UNSPECIFIED.,.F.,.F.,
(2,2),(-8.953537611075,-6.91074044552173),.UNSPECIFIED.);
#2407=B_SPLINE_CURVE_WITH_KNOTS('',1,(#6129,#6130),.UNSPECIFIED.,.F.,.F.,
(2,2),(-6.91074044553569,0.),.UNSPECIFIED.);
#2408=B_SPLINE_CURVE_WITH_KNOTS('',1,(#6133,#6134),.UNSPECIFIED.,.F.,.F.,
(2,2),(96.6043130614057,161.861131996053),.UNSPECIFIED.);
#2409=B_SPLINE_CURVE_WITH_KNOTS('',1,(#6140,#6141),.UNSPECIFIED.,.F.,.F.,
(2,2),(0.,8.95353906273091),.UNSPECIFIED.);
#2410=B_SPLINE_CURVE_WITH_KNOTS('',1,(#6144,#6145),.UNSPECIFIED.,.F.,.F.,
(2,2),(-161.861131996053,-96.6023486453491),.UNSPECIFIED.);
#2411=B_SPLINE_CURVE_WITH_KNOTS('',3,(#6161,#6162,#6163,#6164,#6165,#6166,
#6167,#6168,#6169,#6170,#6171,#6172,#6173,#6174,#6175,#6176),
 .UNSPECIFIED.,.F.,.F.,(4,3,3,3,3,4),(-4.87480583562479,-4.79445901120816,
-3.58584180843408,-2.37722009496199,-1.19191833736417,-0.043710297903307),
 .UNSPECIFIED.);
#2412=B_SPLINE_CURVE_WITH_KNOTS('',3,(#6177,#6178,#6179,#6180,#6181,#6182,
#6183,#6184,#6185,#6186,#6187,#6188,#6189,#6190,#6191,#6192),
 .UNSPECIFIED.,.F.,.F.,(4,3,3,3,3,4),(-4.87480583562479,-4.79445901120816,
-3.58584180843408,-2.37722009496199,-1.19191833736417,-0.043710297903307),
 .UNSPECIFIED.);
#2413=B_SPLINE_CURVE_WITH_KNOTS('',3,(#6193,#6194,#6195,#6196,#6197,#6198,
#6199,#6200,#6201,#6202,#6203,#6204,#6205,#6206,#6207,#6208),
 .UNSPECIFIED.,.F.,.F.,(4,3,3,3,3,4),(-4.87469676732962,-4.79439448882544,
-3.58577728605124,-2.37715557257867,-1.19189121807616,-0.0436945282583702),
 .UNSPECIFIED.);
#2414=B_SPLINE_CURVE_WITH_KNOTS('',3,(#6209,#6210,#6211,#6212,#6213,#6214,
#6215,#6216,#6217,#6218,#6219,#6220,#6221,#6222,#6223,#6224),
 .UNSPECIFIED.,.F.,.F.,(4,3,3,3,3,4),(-4.87469676732962,-4.79439448882544,
-3.58577728605124,-2.37715557257867,-1.19189121807616,-0.0436945282583702),
 .UNSPECIFIED.);
#2415=B_SPLINE_CURVE_WITH_KNOTS('',3,(#6228,#6229,#6230,#6231),
 .UNSPECIFIED.,.F.,.F.,(4,4),(-8.95005397448698,-6.5473052718565),
 .UNSPECIFIED.);
#2416=B_SPLINE_CURVE_WITH_KNOTS('',1,(#6235,#6236),.UNSPECIFIED.,.F.,.F.,
(2,2),(-6.54730527185647,-2.40598707621297),.UNSPECIFIED.);
#2417=B_SPLINE_CURVE_WITH_KNOTS('',1,(#6240,#6241),.UNSPECIFIED.,.F.,.F.,
(2,2),(-2.40598707622833,0.),.UNSPECIFIED.);
#2418=B_SPLINE_CURVE_WITH_KNOTS('',1,(#6244,#6245),.UNSPECIFIED.,.F.,.F.,
(2,2),(96.6043130614058,161.861131996053),.UNSPECIFIED.);
#2419=B_SPLINE_CURVE_WITH_KNOTS('',1,(#6251,#6252),.UNSPECIFIED.,.F.,.F.,
(2,2),(0.,8.95353906273091),.UNSPECIFIED.);
#2420=B_SPLINE_CURVE_WITH_KNOTS('',1,(#6255,#6256),.UNSPECIFIED.,.F.,.F.,
(2,2),(-161.861131996053,-96.6004496721929),.UNSPECIFIED.);
#2421=B_SPLINE_CURVE_WITH_KNOTS('',3,(#6272,#6273,#6274,#6275,#6276,#6277,
#6278,#6279,#6280,#6281,#6282,#6283,#6284,#6285,#6286,#6287),
 .UNSPECIFIED.,.F.,.F.,(4,3,3,3,3,4),(-4.87480583535276,-4.7944590111016,
-3.5858418083273,-2.37722009485463,-1.19191833731904,-0.0437102987385197),
 .UNSPECIFIED.);
#2422=B_SPLINE_CURVE_WITH_KNOTS('',3,(#6288,#6289,#6290,#6291,#6292,#6293,
#6294,#6295,#6296,#6297,#6298,#6299,#6300,#6301,#6302,#6303),
 .UNSPECIFIED.,.F.,.F.,(4,3,3,3,3,4),(-4.87480583535276,-4.7944590111016,
-3.5858418083273,-2.37722009485463,-1.19191833731904,-0.0437102987385197),
 .UNSPECIFIED.);
#2423=B_SPLINE_CURVE_WITH_KNOTS('',3,(#6304,#6305,#6306,#6307,#6308,#6309,
#6310,#6311,#6312,#6313,#6314,#6315,#6316,#6317,#6318,#6319),
 .UNSPECIFIED.,.F.,.F.,(4,3,3,3,3,4),(-4.87469676825226,-4.79439448882468,
-3.58577728605065,-2.37715557257829,-1.19189121807587,-0.0436945280897305),
 .UNSPECIFIED.);
#2424=B_SPLINE_CURVE_WITH_KNOTS('',3,(#6320,#6321,#6322,#6323,#6324,#6325,
#6326,#6327,#6328,#6329,#6330,#6331,#6332,#6333,#6334,#6335),
 .UNSPECIFIED.,.F.,.F.,(4,3,3,3,3,4),(-4.87469676825226,-4.79439448882468,
-3.58577728605065,-2.37715557257829,-1.19189121807587,-0.0436945280897305),
 .UNSPECIFIED.);
#2425=B_SPLINE_CURVE_WITH_KNOTS('',1,(#6341,#6342),.UNSPECIFIED.,.F.,.F.,
(2,2),(-8.95353906273091,0.),.UNSPECIFIED.);
#2426=B_SPLINE_CURVE_WITH_KNOTS('',1,(#6345,#6346),.UNSPECIFIED.,.F.,.F.,
(2,2),(96.6043130614058,161.861131996053),.UNSPECIFIED.);
#2427=B_SPLINE_CURVE_WITH_KNOTS('',1,(#6352,#6353),.UNSPECIFIED.,.F.,.F.,
(2,2),(0.,8.95353906273091),.UNSPECIFIED.);
#2428=B_SPLINE_CURVE_WITH_KNOTS('',1,(#6356,#6357),.UNSPECIFIED.,.F.,.F.,
(2,2),(-161.861131996053,-96.6043130614057),.UNSPECIFIED.);
#2429=B_SPLINE_CURVE_WITH_KNOTS('',3,(#6358,#6359,#6360,#6361),
 .UNSPECIFIED.,.F.,.F.,(4,4),(-5.06769705285234,0.),.UNSPECIFIED.);
#2430=B_SPLINE_CURVE_WITH_KNOTS('',3,(#6362,#6363,#6364,#6365),
 .UNSPECIFIED.,.F.,.F.,(4,4),(-5.06769705285234,0.),.UNSPECIFIED.);
#2431=B_SPLINE_CURVE_WITH_KNOTS('',1,(#6366,#6367),.UNSPECIFIED.,.F.,.F.,
(2,2),(0.,19.0611173895369),.UNSPECIFIED.);
#2432=B_SPLINE_CURVE_WITH_KNOTS('',1,(#6368,#6369),.UNSPECIFIED.,.F.,.F.,
(2,2),(0.,19.0611173895369),.UNSPECIFIED.);
#2433=B_SPLINE_CURVE_WITH_KNOTS('',1,(#6370,#6371),.UNSPECIFIED.,.F.,.F.,
(2,2),(-5.00000000004599,0.),.UNSPECIFIED.);
#2434=B_SPLINE_CURVE_WITH_KNOTS('',1,(#6372,#6373),.UNSPECIFIED.,.F.,.F.,
(2,2),(-5.00000000004599,0.),.UNSPECIFIED.);
#2435=B_SPLINE_CURVE_WITH_KNOTS('',1,(#6374,#6375),.UNSPECIFIED.,.F.,.F.,
(2,2),(-18.2355764586994,0.),.UNSPECIFIED.);
#2436=B_SPLINE_CURVE_WITH_KNOTS('',1,(#6376,#6377),.UNSPECIFIED.,.F.,.F.,
(2,2),(-18.2355764586994,0.),.UNSPECIFIED.);
#2437=B_SPLINE_CURVE_WITH_KNOTS('',3,(#6378,#6379,#6380,#6381),
 .UNSPECIFIED.,.F.,.F.,(4,4),(-7.19354844127221,0.),.UNSPECIFIED.);
#2438=B_SPLINE_CURVE_WITH_KNOTS('',3,(#6382,#6383,#6384,#6385),
 .UNSPECIFIED.,.F.,.F.,(4,4),(-7.19354844127221,0.),.UNSPECIFIED.);
#2439=B_SPLINE_CURVE_WITH_KNOTS('',3,(#6396,#6397,#6398,#6399),
 .UNSPECIFIED.,.F.,.F.,(4,4),(-6.68021583698508,0.),.UNSPECIFIED.);
#2440=B_SPLINE_CURVE_WITH_KNOTS('',3,(#6400,#6401,#6402,#6403),
 .UNSPECIFIED.,.F.,.F.,(4,4),(-6.68021583698508,0.),.UNSPECIFIED.);
#2441=B_SPLINE_CURVE_WITH_KNOTS('',1,(#6414,#6415),.UNSPECIFIED.,.F.,.F.,
(2,2),(0.,4.08466551417773),.UNSPECIFIED.);
#2442=B_SPLINE_CURVE_WITH_KNOTS('',1,(#6416,#6417),.UNSPECIFIED.,.F.,.F.,
(2,2),(0.,4.08466551417773),.UNSPECIFIED.);
#2443=B_SPLINE_CURVE_WITH_KNOTS('',1,(#6418,#6419),.UNSPECIFIED.,.F.,.F.,
(2,2),(0.,4.08466551417772),.UNSPECIFIED.);
#2444=B_SPLINE_CURVE_WITH_KNOTS('',1,(#6420,#6421),.UNSPECIFIED.,.F.,.F.,
(2,2),(0.,4.08466551417772),.UNSPECIFIED.);
#2445=B_SPLINE_CURVE_WITH_KNOTS('',3,(#6432,#6433,#6434,#6435),
 .UNSPECIFIED.,.F.,.F.,(4,4),(-6.97666070008752,0.),.UNSPECIFIED.);
#2446=B_SPLINE_CURVE_WITH_KNOTS('',3,(#6436,#6437,#6438,#6439),
 .UNSPECIFIED.,.F.,.F.,(4,4),(-6.97666070008752,0.),.UNSPECIFIED.);
#2447=B_SPLINE_CURVE_WITH_KNOTS('',3,(#6440,#6441,#6442,#6443),
 .UNSPECIFIED.,.F.,.F.,(4,4),(0.,0.0124775137792704),.UNSPECIFIED.);
#2448=B_SPLINE_CURVE_WITH_KNOTS('',3,(#6444,#6445,#6446,#6447),
 .UNSPECIFIED.,.F.,.F.,(4,4),(0.,0.0124775137792704),.UNSPECIFIED.);
#2449=B_SPLINE_CURVE_WITH_KNOTS('',1,(#6448,#6449),.UNSPECIFIED.,.F.,.F.,
(2,2),(-4.61721574257308,0.),.UNSPECIFIED.);
#2450=B_SPLINE_CURVE_WITH_KNOTS('',1,(#6450,#6451),.UNSPECIFIED.,.F.,.F.,
(2,2),(-4.61721574257308,0.),.UNSPECIFIED.);
#2451=B_SPLINE_CURVE_WITH_KNOTS('',1,(#6452,#6453),.UNSPECIFIED.,.F.,.F.,
(2,2),(0.,19.0611173895369),.UNSPECIFIED.);
#2452=B_SPLINE_CURVE_WITH_KNOTS('',3,(#6537,#6538,#6539,#6540,#6541,#6542,
#6543),.UNSPECIFIED.,.F.,.F.,(4,3,4),(-1.77841633592516,-1.01772529981575,
0.),.UNSPECIFIED.);
#2453=B_SPLINE_CURVE_WITH_KNOTS('',1,(#6544,#6545),.UNSPECIFIED.,.F.,.F.,
(2,2),(-7.10006630330696,0.),.UNSPECIFIED.);
#2454=B_SPLINE_CURVE_WITH_KNOTS('',1,(#6546,#6547),.UNSPECIFIED.,.F.,.F.,
(2,2),(0.,1.41421356237531),.UNSPECIFIED.);
#2455=B_SPLINE_CURVE_WITH_KNOTS('',1,(#6548,#6549),.UNSPECIFIED.,.F.,.F.,
(2,2),(0.,1.41421356237531),.UNSPECIFIED.);
#2456=B_SPLINE_CURVE_WITH_KNOTS('',1,(#6553,#6554),.UNSPECIFIED.,.F.,.F.,
(2,2),(0.,4.85500429025418),.UNSPECIFIED.);
#2457=B_SPLINE_CURVE_WITH_KNOTS('',1,(#6555,#6556),.UNSPECIFIED.,.F.,.F.,
(2,2),(0.,0.5),.UNSPECIFIED.);
#2458=B_SPLINE_CURVE_WITH_KNOTS('',1,(#6557,#6558),.UNSPECIFIED.,.F.,.F.,
(2,2),(0.,0.5),.UNSPECIFIED.);
#2459=B_SPLINE_CURVE_WITH_KNOTS('',1,(#6559,#6560),.UNSPECIFIED.,.F.,.F.,
(2,2),(0.,4.85500429025418),.UNSPECIFIED.);
#2460=B_SPLINE_CURVE_WITH_KNOTS('',1,(#6561,#6562),.UNSPECIFIED.,.F.,.F.,
(2,2),(0.,0.5),.UNSPECIFIED.);
#2461=B_SPLINE_CURVE_WITH_KNOTS('',1,(#6563,#6564),.UNSPECIFIED.,.F.,.F.,
(2,2),(0.,0.5),.UNSPECIFIED.);
#2462=B_SPLINE_CURVE_WITH_KNOTS('',1,(#6568,#6569),.UNSPECIFIED.,.F.,.F.,
(2,2),(0.,4.8550042902573),.UNSPECIFIED.);
#2463=B_SPLINE_CURVE_WITH_KNOTS('',1,(#6570,#6571),.UNSPECIFIED.,.F.,.F.,
(2,2),(0.,1.5),.UNSPECIFIED.);
#2464=B_SPLINE_CURVE_WITH_KNOTS('',1,(#6572,#6573),.UNSPECIFIED.,.F.,.F.,
(2,2),(0.,1.5),.UNSPECIFIED.);
#2465=B_SPLINE_CURVE_WITH_KNOTS('',1,(#6574,#6575),.UNSPECIFIED.,.F.,.F.,
(2,2),(0.,8.14440244101306),.UNSPECIFIED.);
#2466=B_SPLINE_CURVE_WITH_KNOTS('',1,(#6576,#6577),.UNSPECIFIED.,.F.,.F.,
(2,2),(0.,8.14440244101306),.UNSPECIFIED.);
#2467=B_SPLINE_CURVE_WITH_KNOTS('',1,(#6578,#6579),.UNSPECIFIED.,.F.,.F.,
(2,2),(0.,0.5),.UNSPECIFIED.);
#2468=B_SPLINE_CURVE_WITH_KNOTS('',1,(#6580,#6581),.UNSPECIFIED.,.F.,.F.,
(2,2),(0.,0.5),.UNSPECIFIED.);
#2469=B_SPLINE_CURVE_WITH_KNOTS('',3,(#6588,#6589,#6590,#6591),
 .UNSPECIFIED.,.F.,.F.,(4,4),(-6.68021583698508,0.),.UNSPECIFIED.);
#2470=B_SPLINE_CURVE_WITH_KNOTS('',1,(#6598,#6599),.UNSPECIFIED.,.F.,.F.,
(2,2),(0.,3.0738536956466),.UNSPECIFIED.);
#2471=B_SPLINE_CURVE_WITH_KNOTS('',1,(#6600,#6601),.UNSPECIFIED.,.F.,.F.,
(2,2),(0.,3.0738536956466),.UNSPECIFIED.);
#2472=B_SPLINE_CURVE_WITH_KNOTS('',1,(#6602,#6603),.UNSPECIFIED.,.F.,.F.,
(2,2),(-8.4408473041057,0.),.UNSPECIFIED.);
#2473=B_SPLINE_CURVE_WITH_KNOTS('',1,(#6604,#6605),.UNSPECIFIED.,.F.,.F.,
(2,2),(-8.4408473041057,0.),.UNSPECIFIED.);
#2474=B_SPLINE_CURVE_WITH_KNOTS('',1,(#6609,#6610),.UNSPECIFIED.,.F.,.F.,
(2,2),(-3.06349913563864,0.),.UNSPECIFIED.);
#2475=B_SPLINE_CURVE_WITH_KNOTS('',1,(#6611,#6612),.UNSPECIFIED.,.F.,.F.,
(2,2),(-3.06349913563864,0.),.UNSPECIFIED.);
#2476=B_SPLINE_CURVE_WITH_KNOTS('',1,(#6613,#6614),.UNSPECIFIED.,.F.,.F.,
(2,2),(-3.06349913564077,0.),.UNSPECIFIED.);
#2477=B_SPLINE_CURVE_WITH_KNOTS('',1,(#6615,#6616),.UNSPECIFIED.,.F.,.F.,
(2,2),(-3.06349913564077,0.),.UNSPECIFIED.);
#2478=B_SPLINE_CURVE_WITH_KNOTS('',1,(#6623,#6624),.UNSPECIFIED.,.F.,.F.,
(2,2),(0.,8.14440244101306),.UNSPECIFIED.);
#2479=B_SPLINE_CURVE_WITH_KNOTS('',3,(#6625,#6626,#6627,#6628),
 .UNSPECIFIED.,.F.,.F.,(4,4),(-6.97666070008752,0.),.UNSPECIFIED.);
#2480=B_SPLINE_CURVE_WITH_KNOTS('',1,(#6632,#6633),.UNSPECIFIED.,.F.,.F.,
(2,2),(0.,0.5),.UNSPECIFIED.);
#2481=B_SPLINE_CURVE_WITH_KNOTS('',1,(#6634,#6635),.UNSPECIFIED.,.F.,.F.,
(2,2),(-8.4408473041057,0.),.UNSPECIFIED.);
#2482=B_SPLINE_CURVE_WITH_KNOTS('',1,(#6636,#6637),.UNSPECIFIED.,.F.,.F.,
(2,2),(0.,1.5),.UNSPECIFIED.);
#2483=B_SPLINE_CURVE_WITH_KNOTS('',1,(#6638,#6639),.UNSPECIFIED.,.F.,.F.,
(2,2),(0.,1.5),.UNSPECIFIED.);
#2484=B_SPLINE_CURVE_WITH_KNOTS('',1,(#6643,#6644),.UNSPECIFIED.,.F.,.F.,
(2,2),(0.,4.85500429025238),.UNSPECIFIED.);
#2485=B_SPLINE_CURVE_WITH_KNOTS('',1,(#6645,#6646),.UNSPECIFIED.,.F.,.F.,
(2,2),(0.,0.5),.UNSPECIFIED.);
#2486=B_SPLINE_CURVE_WITH_KNOTS('',1,(#6647,#6648),.UNSPECIFIED.,.F.,.F.,
(2,2),(-4.85500429025247,0.),.UNSPECIFIED.);
#2487=B_SPLINE_CURVE_WITH_KNOTS('',1,(#6649,#6650),.UNSPECIFIED.,.F.,.F.,
(2,2),(0.,0.5),.UNSPECIFIED.);
#2488=B_SPLINE_CURVE_WITH_KNOTS('',1,(#6651,#6652),.UNSPECIFIED.,.F.,.F.,
(2,2),(0.,0.5),.UNSPECIFIED.);
#2489=B_SPLINE_CURVE_WITH_KNOTS('',1,(#6653,#6654),.UNSPECIFIED.,.F.,.F.,
(2,2),(0.,3.06349913564091),.UNSPECIFIED.);
#2490=B_SPLINE_CURVE_WITH_KNOTS('',1,(#6655,#6656),.UNSPECIFIED.,.F.,.F.,
(2,2),(0.,3.06349913564091),.UNSPECIFIED.);
#2491=B_SPLINE_CURVE_WITH_KNOTS('',1,(#6657,#6658),.UNSPECIFIED.,.F.,.F.,
(2,2),(0.,0.5),.UNSPECIFIED.);
#2492=B_SPLINE_CURVE_WITH_KNOTS('',1,(#6659,#6660),.UNSPECIFIED.,.F.,.F.,
(2,2),(-3.06349913564077,0.),.UNSPECIFIED.);
#2493=B_SPLINE_CURVE_WITH_KNOTS('',1,(#6661,#6662),.UNSPECIFIED.,.F.,.F.,
(2,2),(0.,0.5),.UNSPECIFIED.);
#2494=B_SPLINE_CURVE_WITH_KNOTS('',1,(#6663,#6664),.UNSPECIFIED.,.F.,.F.,
(2,2),(0.,0.5),.UNSPECIFIED.);
#2495=B_SPLINE_CURVE_WITH_KNOTS('',1,(#6665,#6666),.UNSPECIFIED.,.F.,.F.,
(2,2),(0.,3.06349913563807),.UNSPECIFIED.);
#2496=B_SPLINE_CURVE_WITH_KNOTS('',1,(#6667,#6668),.UNSPECIFIED.,.F.,.F.,
(2,2),(0.,3.06349913563807),.UNSPECIFIED.);
#2497=B_SPLINE_CURVE_WITH_KNOTS('',1,(#6669,#6670),.UNSPECIFIED.,.F.,.F.,
(2,2),(0.,0.5),.UNSPECIFIED.);
#2498=B_SPLINE_CURVE_WITH_KNOTS('',1,(#6671,#6672),.UNSPECIFIED.,.F.,.F.,
(2,2),(-3.06349913563864,0.),.UNSPECIFIED.);
#2499=B_SPLINE_CURVE_WITH_KNOTS('',1,(#6673,#6674),.UNSPECIFIED.,.F.,.F.,
(2,2),(0.,0.5),.UNSPECIFIED.);
#2500=B_SPLINE_CURVE_WITH_KNOTS('',1,(#6675,#6676),.UNSPECIFIED.,.F.,.F.,
(2,2),(0.,4.08466551417772),.UNSPECIFIED.);
#2501=B_SPLINE_CURVE_WITH_KNOTS('',1,(#6677,#6678),.UNSPECIFIED.,.F.,.F.,
(2,2),(0.,1.74435683638943),.UNSPECIFIED.);
#2502=B_SPLINE_CURVE_WITH_KNOTS('',1,(#6679,#6680),.UNSPECIFIED.,.F.,.F.,
(2,2),(0.,1.74435683638943),.UNSPECIFIED.);
#2503=B_SPLINE_CURVE_WITH_KNOTS('',1,(#6681,#6682),.UNSPECIFIED.,.F.,.F.,
(2,2),(0.,3.06349913563807),.UNSPECIFIED.);
#2504=B_SPLINE_CURVE_WITH_KNOTS('',1,(#6683,#6684),.UNSPECIFIED.,.F.,.F.,
(2,2),(0.,1.41421356237531),.UNSPECIFIED.);
#2505=B_SPLINE_CURVE_WITH_KNOTS('',1,(#6685,#6686),.UNSPECIFIED.,.F.,.F.,
(2,2),(0.,4.08466551417773),.UNSPECIFIED.);
#2506=B_SPLINE_CURVE_WITH_KNOTS('',1,(#6687,#6688),.UNSPECIFIED.,.F.,.F.,
(2,2),(-1.4142135623762,0.),.UNSPECIFIED.);
#2507=B_SPLINE_CURVE_WITH_KNOTS('',1,(#6689,#6690),.UNSPECIFIED.,.F.,.F.,
(2,2),(-1.4142135623762,0.),.UNSPECIFIED.);
#2508=B_SPLINE_CURVE_WITH_KNOTS('',1,(#6691,#6692),.UNSPECIFIED.,.F.,.F.,
(2,2),(0.,3.06349913564091),.UNSPECIFIED.);
#2509=B_SPLINE_CURVE_WITH_KNOTS('',1,(#6693,#6694),.UNSPECIFIED.,.F.,.F.,
(2,2),(0.,1.74435683638943),.UNSPECIFIED.);
#2510=B_SPLINE_CURVE_WITH_KNOTS('',1,(#6695,#6696),.UNSPECIFIED.,.F.,.F.,
(2,2),(-7.10006630330914,0.),.UNSPECIFIED.);
#2511=B_SPLINE_CURVE_WITH_KNOTS('',3,(#6697,#6698,#6699,#6700,#6701,#6702,
#6703),.UNSPECIFIED.,.F.,.F.,(4,3,4),(0.,0.760838476445084,1.77841633593238),
 .UNSPECIFIED.);
#2512=B_SPLINE_CURVE_WITH_KNOTS('',1,(#6704,#6705),.UNSPECIFIED.,.F.,.F.,
(2,2),(0.,4.85500429025238),.UNSPECIFIED.);
#2513=B_SPLINE_CURVE_WITH_KNOTS('',1,(#6706,#6707),.UNSPECIFIED.,.F.,.F.,
(2,2),(-1.4142135623762,0.),.UNSPECIFIED.);
#2514=B_SPLINE_CURVE_WITH_KNOTS('',1,(#6708,#6709),.UNSPECIFIED.,.F.,.F.,
(2,2),(-1.499999888519,0.),.UNSPECIFIED.);
#2515=B_SPLINE_CURVE_WITH_KNOTS('',1,(#6710,#6711),.UNSPECIFIED.,.F.,.F.,
(2,2),(-1.499999888519,0.),.UNSPECIFIED.);
#2516=B_SPLINE_CURVE_WITH_KNOTS('',3,(#6712,#6713,#6714,#6715),
 .UNSPECIFIED.,.F.,.F.,(4,4),(0.,0.0124775137792704),.UNSPECIFIED.);
#2517=B_SPLINE_CURVE_WITH_KNOTS('',1,(#6716,#6717),.UNSPECIFIED.,.F.,.F.,
(2,2),(0.,1.5),.UNSPECIFIED.);
#2518=B_SPLINE_CURVE_WITH_KNOTS('',1,(#6718,#6719),.UNSPECIFIED.,.F.,.F.,
(2,2),(0.,0.0124775138305272),.UNSPECIFIED.);
#2519=B_SPLINE_CURVE_WITH_KNOTS('',1,(#6720,#6721),.UNSPECIFIED.,.F.,.F.,
(2,2),(0.,0.0124775138305272),.UNSPECIFIED.);
#2520=B_SPLINE_CURVE_WITH_KNOTS('',3,(#6722,#6723,#6724,#6725),
 .UNSPECIFIED.,.F.,.F.,(4,4),(0.,0.59393132176306),.UNSPECIFIED.);
#2521=B_SPLINE_CURVE_WITH_KNOTS('',3,(#6726,#6727,#6728,#6729),
 .UNSPECIFIED.,.F.,.F.,(4,4),(0.,0.59393132176306),.UNSPECIFIED.);
#2522=B_SPLINE_CURVE_WITH_KNOTS('',1,(#6730,#6731),.UNSPECIFIED.,.F.,.F.,
(2,2),(0.,2.48032456338299),.UNSPECIFIED.);
#2523=B_SPLINE_CURVE_WITH_KNOTS('',1,(#6732,#6733),.UNSPECIFIED.,.F.,.F.,
(2,2),(0.,2.48032456338299),.UNSPECIFIED.);
#2524=B_SPLINE_CURVE_WITH_KNOTS('',1,(#6734,#6735),.UNSPECIFIED.,.F.,.F.,
(2,2),(0.,0.0124775138305272),.UNSPECIFIED.);
#2525=B_SPLINE_CURVE_WITH_KNOTS('',1,(#6736,#6737),.UNSPECIFIED.,.F.,.F.,
(2,2),(0.,3.0738536956466),.UNSPECIFIED.);
#2526=B_SPLINE_CURVE_WITH_KNOTS('',3,(#6738,#6739,#6740,#6741),
 .UNSPECIFIED.,.F.,.F.,(4,4),(-1.17491586147187,0.),.UNSPECIFIED.);
#2527=B_SPLINE_CURVE_WITH_KNOTS('',3,(#6742,#6743,#6744,#6745),
 .UNSPECIFIED.,.F.,.F.,(4,4),(-1.17491586147187,0.),.UNSPECIFIED.);
#2528=B_SPLINE_CURVE_WITH_KNOTS('',1,(#6746,#6747),.UNSPECIFIED.,.F.,.F.,
(2,2),(-18.2355764586994,0.),.UNSPECIFIED.);
#2529=B_SPLINE_CURVE_WITH_KNOTS('',1,(#6748,#6749),.UNSPECIFIED.,.F.,.F.,
(2,2),(-1.15922069653101,0.),.UNSPECIFIED.);
#2530=B_SPLINE_CURVE_WITH_KNOTS('',1,(#6750,#6751),.UNSPECIFIED.,.F.,.F.,
(2,2),(-1.15922069653101,0.),.UNSPECIFIED.);
#2531=B_SPLINE_CURVE_WITH_KNOTS('',1,(#6752,#6753),.UNSPECIFIED.,.F.,.F.,
(2,2),(-18.0441796321278,0.),.UNSPECIFIED.);
#2532=B_SPLINE_CURVE_WITH_KNOTS('',1,(#6754,#6755),.UNSPECIFIED.,.F.,.F.,
(2,2),(-18.0441796321278,0.),.UNSPECIFIED.);
#2533=B_SPLINE_CURVE_WITH_KNOTS('',1,(#6771,#6772),.UNSPECIFIED.,.F.,.F.,
(2,2),(0.242171060716268,3.53367646425274),.UNSPECIFIED.);
#2534=B_SPLINE_CURVE_WITH_KNOTS('',1,(#6773,#6774),.UNSPECIFIED.,.F.,.F.,
(2,2),(0.242171060716268,3.53367646425274),.UNSPECIFIED.);
#2535=B_SPLINE_CURVE_WITH_KNOTS('',1,(#6775,#6776),.UNSPECIFIED.,.F.,.F.,
(2,2),(0.,7.097540337569),.UNSPECIFIED.);
#2536=B_SPLINE_CURVE_WITH_KNOTS('',1,(#6777,#6778),.UNSPECIFIED.,.F.,.F.,
(2,2),(0.,7.097540337569),.UNSPECIFIED.);
#2537=B_SPLINE_CURVE_WITH_KNOTS('',3,(#6789,#6790,#6791,#6792),
 .UNSPECIFIED.,.F.,.F.,(4,4),(-7.1935484412722,0.),.UNSPECIFIED.);
#2538=B_SPLINE_CURVE_WITH_KNOTS('',3,(#6793,#6794,#6795,#6796),
 .UNSPECIFIED.,.F.,.F.,(4,4),(-7.1935484412722,0.),.UNSPECIFIED.);
#2539=B_SPLINE_CURVE_WITH_KNOTS('',1,(#6797,#6798),.UNSPECIFIED.,.F.,.F.,
(2,2),(0.,2.11695225338589),.UNSPECIFIED.);
#2540=B_SPLINE_CURVE_WITH_KNOTS('',1,(#6799,#6800),.UNSPECIFIED.,.F.,.F.,
(2,2),(0.,2.11695225338589),.UNSPECIFIED.);
#2541=B_SPLINE_CURVE_WITH_KNOTS('',1,(#6825,#6826),.UNSPECIFIED.,.F.,.F.,
(2,2),(0.2390336316529,6.38493023518514),.UNSPECIFIED.);
#2542=B_SPLINE_CURVE_WITH_KNOTS('',1,(#6827,#6828),.UNSPECIFIED.,.F.,.F.,
(2,2),(0.2390336316529,6.38493023518514),.UNSPECIFIED.);
#2543=B_SPLINE_CURVE_WITH_KNOTS('',3,(#6864,#6865,#6866,#6867,#6868,#6869,
#6870,#6871,#6872),.UNSPECIFIED.,.F.,.F.,(4,2,3,4),(-3.21364683901623,-2.43680853972929,
-1.62864697721525,0.),.UNSPECIFIED.);
#2544=B_SPLINE_CURVE_WITH_KNOTS('',3,(#6873,#6874,#6875,#6876),
 .UNSPECIFIED.,.F.,.F.,(4,4),(-3.21364683901623,0.),.UNSPECIFIED.);
#2545=B_SPLINE_CURVE_WITH_KNOTS('',1,(#6879,#6880),.UNSPECIFIED.,.F.,.F.,
(2,2),(-17.7329882515047,0.),.UNSPECIFIED.);
#2546=B_SPLINE_CURVE_WITH_KNOTS('',3,(#6881,#6882,#6883,#6884,#6885,#6886,
#6887),.UNSPECIFIED.,.F.,.F.,(4,3,4),(-3.22297930799289,-1.61148965397937,
0.),.UNSPECIFIED.);
#2547=B_SPLINE_CURVE_WITH_KNOTS('',1,(#6888,#6889),.UNSPECIFIED.,.F.,.F.,
(2,2),(-3.22297930799289,0.),.UNSPECIFIED.);
#2548=B_SPLINE_CURVE_WITH_KNOTS('',1,(#6892,#6893),.UNSPECIFIED.,.F.,.F.,
(2,2),(0.,17.402771879172),.UNSPECIFIED.);
#2549=B_SPLINE_CURVE_WITH_KNOTS('',1,(#6894,#6895),.UNSPECIFIED.,.F.,.F.,
(2,2),(0.,32.39999999999),.UNSPECIFIED.);
#2550=B_SPLINE_CURVE_WITH_KNOTS('',1,(#6896,#6897),.UNSPECIFIED.,.F.,.F.,
(2,2),(0.,32.39999999999),.UNSPECIFIED.);
#2551=B_SPLINE_CURVE_WITH_KNOTS('',1,(#6900,#6901),.UNSPECIFIED.,.F.,.F.,
(2,2),(0.,32.39999999999),.UNSPECIFIED.);
#2552=B_SPLINE_CURVE_WITH_KNOTS('',1,(#6902,#6903),.UNSPECIFIED.,.F.,.F.,
(2,2),(0.,32.39999999999),.UNSPECIFIED.);
#2553=B_SPLINE_CURVE_WITH_KNOTS('',3,(#6908,#6909,#6910,#6911,#6912,#6913,
#6914,#6915,#6916),.UNSPECIFIED.,.F.,.F.,(4,3,2,4),(-3.21364683900362,-1.58499986180058,
-0.776838299283229,0.),.UNSPECIFIED.);
#2554=B_SPLINE_CURVE_WITH_KNOTS('',3,(#6917,#6918,#6919,#6920),
 .UNSPECIFIED.,.F.,.F.,(4,4),(-3.21364683900362,0.),.UNSPECIFIED.);
#2555=B_SPLINE_CURVE_WITH_KNOTS('',1,(#6921,#6922),.UNSPECIFIED.,.F.,.F.,
(2,2),(0.,17.402771879172),.UNSPECIFIED.);
#2556=B_SPLINE_CURVE_WITH_KNOTS('',3,(#6923,#6924,#6925,#6926,#6927,#6928,
#6929),.UNSPECIFIED.,.F.,.F.,(4,3,4),(-3.22297930796425,-1.61148965400812,
0.),.UNSPECIFIED.);
#2557=B_SPLINE_CURVE_WITH_KNOTS('',1,(#6930,#6931),.UNSPECIFIED.,.F.,.F.,
(2,2),(-3.22297930796425,0.),.UNSPECIFIED.);
#2558=B_SPLINE_CURVE_WITH_KNOTS('',1,(#6934,#6935),.UNSPECIFIED.,.F.,.F.,
(2,2),(0.,17.7329882515047),.UNSPECIFIED.);
#2559=B_SPLINE_CURVE_WITH_KNOTS('',3,(#6936,#6937,#6938,#6939),
 .UNSPECIFIED.,.F.,.F.,(4,4),(-0.759351148944332,0.),.UNSPECIFIED.);
#2560=B_SPLINE_CURVE_WITH_KNOTS('',3,(#6940,#6941,#6942,#6943),
 .UNSPECIFIED.,.F.,.F.,(4,4),(-0.759351148944332,0.),.UNSPECIFIED.);
#2561=B_SPLINE_CURVE_WITH_KNOTS('',3,(#6944,#6945,#6946,#6947),
 .UNSPECIFIED.,.F.,.F.,(4,4),(-15.5922490405506,0.),.UNSPECIFIED.);
#2562=B_SPLINE_CURVE_WITH_KNOTS('',1,(#6948,#6949),.UNSPECIFIED.,.F.,.F.,
(2,2),(-15.5922490405506,0.),.UNSPECIFIED.);
#2563=B_SPLINE_CURVE_WITH_KNOTS('',3,(#6950,#6951,#6952,#6953),
 .UNSPECIFIED.,.F.,.F.,(4,4),(-0.758021426384509,0.),.UNSPECIFIED.);
#2564=B_SPLINE_CURVE_WITH_KNOTS('',1,(#6954,#6955),.UNSPECIFIED.,.F.,.F.,
(2,2),(-0.758021426384509,0.),.UNSPECIFIED.);
#2565=B_SPLINE_CURVE_WITH_KNOTS('',3,(#6956,#6957,#6958,#6959),
 .UNSPECIFIED.,.F.,.F.,(4,4),(-15.5538861947178,0.),.UNSPECIFIED.);
#2566=B_SPLINE_CURVE_WITH_KNOTS('',1,(#6960,#6961),.UNSPECIFIED.,.F.,.F.,
(2,2),(-15.5538861947178,0.),.UNSPECIFIED.);
#2567=B_SPLINE_CURVE_WITH_KNOTS('',3,(#6962,#6963,#6964,#6965),
 .UNSPECIFIED.,.F.,.F.,(4,4),(-15.3117462112046,0.),.UNSPECIFIED.);
#2568=B_SPLINE_CURVE_WITH_KNOTS('',3,(#6966,#6967,#6968,#6969),
 .UNSPECIFIED.,.F.,.F.,(4,4),(-15.3117462112046,0.),.UNSPECIFIED.);
#2569=B_SPLINE_CURVE_WITH_KNOTS('',3,(#6970,#6971,#6972,#6973),
 .UNSPECIFIED.,.F.,.F.,(4,4),(-5.25594372247738,0.),.UNSPECIFIED.);
#2570=B_SPLINE_CURVE_WITH_KNOTS('',1,(#6974,#6975),.UNSPECIFIED.,.F.,.F.,
(2,2),(-5.25594372247738,0.),.UNSPECIFIED.);
#2571=B_SPLINE_CURVE_WITH_KNOTS('',1,(#6978,#6979),.UNSPECIFIED.,.F.,.F.,
(2,2),(0.,15.5538754421444),.UNSPECIFIED.);
#2572=B_SPLINE_CURVE_WITH_KNOTS('',3,(#6980,#6981,#6982,#6983),
 .UNSPECIFIED.,.F.,.F.,(4,4),(-5.12977315107219,0.),.UNSPECIFIED.);
#2573=B_SPLINE_CURVE_WITH_KNOTS('',3,(#6984,#6985,#6986,#6987),
 .UNSPECIFIED.,.F.,.F.,(4,4),(-5.12977315107219,0.),.UNSPECIFIED.);
#2574=B_SPLINE_CURVE_WITH_KNOTS('',3,(#6988,#6989,#6990,#6991),
 .UNSPECIFIED.,.F.,.F.,(4,4),(-0.759559458124028,0.),.UNSPECIFIED.);
#2575=B_SPLINE_CURVE_WITH_KNOTS('',3,(#6992,#6993,#6994,#6995),
 .UNSPECIFIED.,.F.,.F.,(4,4),(-0.759559458124028,0.),.UNSPECIFIED.);
#2576=B_SPLINE_CURVE_WITH_KNOTS('',1,(#6996,#6997),.UNSPECIFIED.,.F.,.F.,
(2,2),(0.,15.5538754421444),.UNSPECIFIED.);
#2577=B_SPLINE_CURVE_WITH_KNOTS('',3,(#6998,#6999,#7000,#7001),
 .UNSPECIFIED.,.F.,.F.,(4,4),(-0.75821049077513,0.),.UNSPECIFIED.);
#2578=B_SPLINE_CURVE_WITH_KNOTS('',1,(#7002,#7003),.UNSPECIFIED.,.F.,.F.,
(2,2),(-0.75821049077513,0.),.UNSPECIFIED.);
#2579=B_SPLINE_CURVE_WITH_KNOTS('',3,(#7004,#7005,#7006,#7007),
 .UNSPECIFIED.,.F.,.F.,(4,4),(-15.5922490403406,0.),.UNSPECIFIED.);
#2580=B_SPLINE_CURVE_WITH_KNOTS('',1,(#7008,#7009),.UNSPECIFIED.,.F.,.F.,
(2,2),(-15.5922490403406,0.),.UNSPECIFIED.);
#2581=B_SPLINE_CURVE_WITH_KNOTS('',3,(#7010,#7011,#7012,#7013),
 .UNSPECIFIED.,.F.,.F.,(4,4),(-1.91029128119335,0.),.UNSPECIFIED.);
#2582=B_SPLINE_CURVE_WITH_KNOTS('',3,(#7014,#7015,#7016,#7017),
 .UNSPECIFIED.,.F.,.F.,(4,4),(-1.91029128119335,0.),.UNSPECIFIED.);
#2583=B_SPLINE_CURVE_WITH_KNOTS('',1,(#7018,#7019),.UNSPECIFIED.,.F.,.F.,
(2,2),(-18.0441796321278,0.),.UNSPECIFIED.);
#2584=B_SPLINE_CURVE_WITH_KNOTS('',1,(#7020,#7021),.UNSPECIFIED.,.F.,.F.,
(2,2),(-1.88477257153198,0.),.UNSPECIFIED.);
#2585=B_SPLINE_CURVE_WITH_KNOTS('',1,(#7022,#7023),.UNSPECIFIED.,.F.,.F.,
(2,2),(-1.88477257153198,0.),.UNSPECIFIED.);
#2586=B_SPLINE_CURVE_WITH_KNOTS('',3,(#7026,#7027,#7028,#7029),
 .UNSPECIFIED.,.F.,.F.,(4,4),(-1.91029128119335,0.),.UNSPECIFIED.);
#2587=B_SPLINE_CURVE_WITH_KNOTS('',3,(#7030,#7031,#7032,#7033),
 .UNSPECIFIED.,.F.,.F.,(4,4),(-1.91029128119335,0.),.UNSPECIFIED.);
#2588=B_SPLINE_CURVE_WITH_KNOTS('',1,(#7036,#7037),.UNSPECIFIED.,.F.,.F.,
(2,2),(-1.88477257153198,0.),.UNSPECIFIED.);
#2589=B_SPLINE_CURVE_WITH_KNOTS('',1,(#7038,#7039),.UNSPECIFIED.,.F.,.F.,
(2,2),(-1.88477257153198,0.),.UNSPECIFIED.);
#2590=B_SPLINE_CURVE_WITH_KNOTS('',1,(#7040,#7041),.UNSPECIFIED.,.F.,.F.,
(2,2),(0.,18.0441796321278),.UNSPECIFIED.);
#2591=B_SPLINE_CURVE_WITH_KNOTS('',1,(#7042,#7043),.UNSPECIFIED.,.F.,.F.,
(2,2),(0.,18.0441796321278),.UNSPECIFIED.);
#2592=B_SPLINE_CURVE_WITH_KNOTS('',3,(#7044,#7045,#7046,#7047),
 .UNSPECIFIED.,.F.,.F.,(4,4),(-5.06769705285234,0.),.UNSPECIFIED.);
#2593=B_SPLINE_CURVE_WITH_KNOTS('',3,(#7048,#7049,#7050,#7051),
 .UNSPECIFIED.,.F.,.F.,(4,4),(-5.06769705285234,0.),.UNSPECIFIED.);
#2594=B_SPLINE_CURVE_WITH_KNOTS('',1,(#7052,#7053),.UNSPECIFIED.,.F.,.F.,
(2,2),(0.,18.2355764586994),.UNSPECIFIED.);
#2595=B_SPLINE_CURVE_WITH_KNOTS('',1,(#7054,#7055),.UNSPECIFIED.,.F.,.F.,
(2,2),(0.,18.2355764586994),.UNSPECIFIED.);
#2596=B_SPLINE_CURVE_WITH_KNOTS('',1,(#7056,#7057),.UNSPECIFIED.,.F.,.F.,
(2,2),(-5.00000000004599,0.),.UNSPECIFIED.);
#2597=B_SPLINE_CURVE_WITH_KNOTS('',1,(#7058,#7059),.UNSPECIFIED.,.F.,.F.,
(2,2),(-5.00000000004599,0.),.UNSPECIFIED.);
#2598=B_SPLINE_CURVE_WITH_KNOTS('',1,(#7060,#7061),.UNSPECIFIED.,.F.,.F.,
(2,2),(0.,19.0611173895369),.UNSPECIFIED.);
#2599=B_SPLINE_CURVE_WITH_KNOTS('',1,(#7062,#7063),.UNSPECIFIED.,.F.,.F.,
(2,2),(0.,19.0611173895369),.UNSPECIFIED.);
#2600=B_SPLINE_CURVE_WITH_KNOTS('',3,(#7064,#7065,#7066,#7067),
 .UNSPECIFIED.,.F.,.F.,(4,4),(-7.19354844127221,0.),.UNSPECIFIED.);
#2601=B_SPLINE_CURVE_WITH_KNOTS('',3,(#7068,#7069,#7070,#7071),
 .UNSPECIFIED.,.F.,.F.,(4,4),(-7.19354844127221,0.),.UNSPECIFIED.);
#2602=B_SPLINE_CURVE_WITH_KNOTS('',1,(#7072,#7073),.UNSPECIFIED.,.F.,.F.,
(2,2),(0.,19.0611173895369),.UNSPECIFIED.);
#2603=B_SPLINE_CURVE_WITH_KNOTS('',1,(#7074,#7075),.UNSPECIFIED.,.F.,.F.,
(2,2),(-4.18654683793801,0.),.UNSPECIFIED.);
#2604=B_SPLINE_CURVE_WITH_KNOTS('',1,(#7076,#7077),.UNSPECIFIED.,.F.,.F.,
(2,2),(-4.18654683793801,0.),.UNSPECIFIED.);
#2605=B_SPLINE_CURVE_WITH_KNOTS('',1,(#7078,#7079),.UNSPECIFIED.,.F.,.F.,
(2,2),(-7.3731055939299,0.),.UNSPECIFIED.);
#2606=B_SPLINE_CURVE_WITH_KNOTS('',1,(#7080,#7081),.UNSPECIFIED.,.F.,.F.,
(2,2),(-7.3731055939299,0.),.UNSPECIFIED.);
#2607=B_SPLINE_CURVE_WITH_KNOTS('',1,(#7088,#7089),.UNSPECIFIED.,.F.,.F.,
(2,2),(0.,4.08466551417772),.UNSPECIFIED.);
#2608=B_SPLINE_CURVE_WITH_KNOTS('',1,(#7090,#7091),.UNSPECIFIED.,.F.,.F.,
(2,2),(0.,4.08466551417772),.UNSPECIFIED.);
#2609=B_SPLINE_CURVE_WITH_KNOTS('',1,(#7092,#7093),.UNSPECIFIED.,.F.,.F.,
(2,2),(0.,4.08466551417773),.UNSPECIFIED.);
#2610=B_SPLINE_CURVE_WITH_KNOTS('',1,(#7094,#7095),.UNSPECIFIED.,.F.,.F.,
(2,2),(0.,4.08466551417773),.UNSPECIFIED.);
#2611=B_SPLINE_CURVE_WITH_KNOTS('',1,(#7102,#7103),.UNSPECIFIED.,.F.,.F.,
(2,2),(-6.94524193345,0.),.UNSPECIFIED.);
#2612=B_SPLINE_CURVE_WITH_KNOTS('',1,(#7104,#7105),.UNSPECIFIED.,.F.,.F.,
(2,2),(-6.94524193345,0.),.UNSPECIFIED.);
#2613=B_SPLINE_CURVE_WITH_KNOTS('',3,(#7196,#7197,#7198,#7199),
 .UNSPECIFIED.,.F.,.F.,(4,4),(-2.27982220675709,0.),.UNSPECIFIED.);
#2614=B_SPLINE_CURVE_WITH_KNOTS('',3,(#7200,#7201,#7202,#7203,#7204,#7205,
#7206),.UNSPECIFIED.,.F.,.F.,(4,3,4),(-2.27982220675709,-0.937070226962589,
0.),.UNSPECIFIED.);
#2615=B_SPLINE_CURVE_WITH_KNOTS('',1,(#7210,#7211),.UNSPECIFIED.,.F.,.F.,
(2,2),(0.,3.34505396263447),.UNSPECIFIED.);
#2616=B_SPLINE_CURVE_WITH_KNOTS('',1,(#7212,#7213),.UNSPECIFIED.,.F.,.F.,
(2,2),(0.,1.41421356237531),.UNSPECIFIED.);
#2617=B_SPLINE_CURVE_WITH_KNOTS('',1,(#7214,#7215),.UNSPECIFIED.,.F.,.F.,
(2,2),(0.,1.41421356237531),.UNSPECIFIED.);
#2618=B_SPLINE_CURVE_WITH_KNOTS('',1,(#7216,#7217),.UNSPECIFIED.,.F.,.F.,
(2,2),(-7.67045819045203,0.),.UNSPECIFIED.);
#2619=B_SPLINE_CURVE_WITH_KNOTS('',1,(#7218,#7219),.UNSPECIFIED.,.F.,.F.,
(2,2),(0.,5.821986999253),.UNSPECIFIED.);
#2620=B_SPLINE_CURVE_WITH_KNOTS('',1,(#7220,#7221),.UNSPECIFIED.,.F.,.F.,
(2,2),(0.,5.821986999253),.UNSPECIFIED.);
#2621=B_SPLINE_CURVE_WITH_KNOTS('',1,(#7228,#7229),.UNSPECIFIED.,.F.,.F.,
(2,2),(-3.06349913564077,0.),.UNSPECIFIED.);
#2622=B_SPLINE_CURVE_WITH_KNOTS('',1,(#7230,#7231),.UNSPECIFIED.,.F.,.F.,
(2,2),(-3.06349913564077,0.),.UNSPECIFIED.);
#2623=B_SPLINE_CURVE_WITH_KNOTS('',1,(#7232,#7233),.UNSPECIFIED.,.F.,.F.,
(2,2),(-3.06349913563864,0.),.UNSPECIFIED.);
#2624=B_SPLINE_CURVE_WITH_KNOTS('',1,(#7234,#7235),.UNSPECIFIED.,.F.,.F.,
(2,2),(-3.06349913563864,0.),.UNSPECIFIED.);
#2625=B_SPLINE_CURVE_WITH_KNOTS('',1,(#7242,#7243),.UNSPECIFIED.,.F.,.F.,
(2,2),(0.,0.5),.UNSPECIFIED.);
#2626=B_SPLINE_CURVE_WITH_KNOTS('',1,(#7244,#7245),.UNSPECIFIED.,.F.,.F.,
(2,2),(0.,0.5),.UNSPECIFIED.);
#2627=B_SPLINE_CURVE_WITH_KNOTS('',1,(#7249,#7250),.UNSPECIFIED.,.F.,.F.,
(2,2),(0.,3.36037387719907),.UNSPECIFIED.);
#2628=B_SPLINE_CURVE_WITH_KNOTS('',1,(#7251,#7252),.UNSPECIFIED.,.F.,.F.,
(2,2),(0.,0.5),.UNSPECIFIED.);
#2629=B_SPLINE_CURVE_WITH_KNOTS('',1,(#7253,#7254),.UNSPECIFIED.,.F.,.F.,
(2,2),(0.,0.5),.UNSPECIFIED.);
#2630=B_SPLINE_CURVE_WITH_KNOTS('',1,(#7255,#7256),.UNSPECIFIED.,.F.,.F.,
(2,2),(-3.36037387720219,0.),.UNSPECIFIED.);
#2631=B_SPLINE_CURVE_WITH_KNOTS('',1,(#7257,#7258),.UNSPECIFIED.,.F.,.F.,
(2,2),(0.,0.5),.UNSPECIFIED.);
#2632=B_SPLINE_CURVE_WITH_KNOTS('',1,(#7259,#7260),.UNSPECIFIED.,.F.,.F.,
(2,2),(0.,0.5),.UNSPECIFIED.);
#2633=B_SPLINE_CURVE_WITH_KNOTS('',1,(#7261,#7262),.UNSPECIFIED.,.F.,.F.,
(2,2),(-3.06349913564077,0.),.UNSPECIFIED.);
#2634=B_SPLINE_CURVE_WITH_KNOTS('',1,(#7263,#7264),.UNSPECIFIED.,.F.,.F.,
(2,2),(0.,0.5),.UNSPECIFIED.);
#2635=B_SPLINE_CURVE_WITH_KNOTS('',1,(#7265,#7266),.UNSPECIFIED.,.F.,.F.,
(2,2),(0.,3.06349913564091),.UNSPECIFIED.);
#2636=B_SPLINE_CURVE_WITH_KNOTS('',1,(#7267,#7268),.UNSPECIFIED.,.F.,.F.,
(2,2),(0.,3.06349913564091),.UNSPECIFIED.);
#2637=B_SPLINE_CURVE_WITH_KNOTS('',1,(#7269,#7270),.UNSPECIFIED.,.F.,.F.,
(2,2),(0.,0.5),.UNSPECIFIED.);
#2638=B_SPLINE_CURVE_WITH_KNOTS('',1,(#7271,#7272),.UNSPECIFIED.,.F.,.F.,
(2,2),(0.,0.5),.UNSPECIFIED.);
#2639=B_SPLINE_CURVE_WITH_KNOTS('',1,(#7273,#7274),.UNSPECIFIED.,.F.,.F.,
(2,2),(-3.06349913563864,0.),.UNSPECIFIED.);
#2640=B_SPLINE_CURVE_WITH_KNOTS('',1,(#7275,#7276),.UNSPECIFIED.,.F.,.F.,
(2,2),(0.,0.5),.UNSPECIFIED.);
#2641=B_SPLINE_CURVE_WITH_KNOTS('',1,(#7277,#7278),.UNSPECIFIED.,.F.,.F.,
(2,2),(0.,3.06349913563807),.UNSPECIFIED.);
#2642=B_SPLINE_CURVE_WITH_KNOTS('',1,(#7279,#7280),.UNSPECIFIED.,.F.,.F.,
(2,2),(0.,3.06349913563807),.UNSPECIFIED.);
#2643=B_SPLINE_CURVE_WITH_KNOTS('',1,(#7281,#7282),.UNSPECIFIED.,.F.,.F.,
(2,2),(0.,1.41421356237531),.UNSPECIFIED.);
#2644=B_SPLINE_CURVE_WITH_KNOTS('',1,(#7283,#7284),.UNSPECIFIED.,.F.,.F.,
(2,2),(0.,3.06349913563807),.UNSPECIFIED.);
#2645=B_SPLINE_CURVE_WITH_KNOTS('',1,(#7285,#7286),.UNSPECIFIED.,.F.,.F.,
(2,2),(0.,1.74435683638943),.UNSPECIFIED.);
#2646=B_SPLINE_CURVE_WITH_KNOTS('',1,(#7287,#7288),.UNSPECIFIED.,.F.,.F.,
(2,2),(0.,1.74435683638943),.UNSPECIFIED.);
#2647=B_SPLINE_CURVE_WITH_KNOTS('',1,(#7289,#7290),.UNSPECIFIED.,.F.,.F.,
(2,2),(0.,4.08466551417772),.UNSPECIFIED.);
#2648=B_SPLINE_CURVE_WITH_KNOTS('',1,(#7291,#7292),.UNSPECIFIED.,.F.,.F.,
(2,2),(0.,1.74435683638943),.UNSPECIFIED.);
#2649=B_SPLINE_CURVE_WITH_KNOTS('',1,(#7293,#7294),.UNSPECIFIED.,.F.,.F.,
(2,2),(0.,3.06349913564091),.UNSPECIFIED.);
#2650=B_SPLINE_CURVE_WITH_KNOTS('',1,(#7295,#7296),.UNSPECIFIED.,.F.,.F.,
(2,2),(-1.4142135623762,0.),.UNSPECIFIED.);
#2651=B_SPLINE_CURVE_WITH_KNOTS('',1,(#7297,#7298),.UNSPECIFIED.,.F.,.F.,
(2,2),(-1.4142135623762,0.),.UNSPECIFIED.);
#2652=B_SPLINE_CURVE_WITH_KNOTS('',1,(#7299,#7300),.UNSPECIFIED.,.F.,.F.,
(2,2),(0.,4.08466551417773),.UNSPECIFIED.);
#2653=B_SPLINE_CURVE_WITH_KNOTS('',3,(#7301,#7302,#7303,#7304),
 .UNSPECIFIED.,.F.,.F.,(4,4),(-2.27982220675598,0.),.UNSPECIFIED.);
#2654=B_SPLINE_CURVE_WITH_KNOTS('',3,(#7305,#7306,#7307,#7308,#7309,#7310,
#7311),.UNSPECIFIED.,.F.,.F.,(4,3,4),(-2.27982220675598,-1.34115535377885,
0.),.UNSPECIFIED.);
#2655=B_SPLINE_CURVE_WITH_KNOTS('',1,(#7312,#7313),.UNSPECIFIED.,.F.,.F.,
(2,2),(-7.70039036765073,0.),.UNSPECIFIED.);
#2656=B_SPLINE_CURVE_WITH_KNOTS('',1,(#7314,#7315),.UNSPECIFIED.,.F.,.F.,
(2,2),(-1.4142135623762,0.),.UNSPECIFIED.);
#2657=B_SPLINE_CURVE_WITH_KNOTS('',1,(#7316,#7317),.UNSPECIFIED.,.F.,.F.,
(2,2),(0.,3.36037387719907),.UNSPECIFIED.);
#2658=B_SPLINE_CURVE_WITH_KNOTS('',3,(#7318,#7319,#7320,#7321),
 .UNSPECIFIED.,.F.,.F.,(4,4),(-1.17491586147187,0.),.UNSPECIFIED.);
#2659=B_SPLINE_CURVE_WITH_KNOTS('',3,(#7322,#7323,#7324,#7325),
 .UNSPECIFIED.,.F.,.F.,(4,4),(-1.17491586147187,0.),.UNSPECIFIED.);
#2660=B_SPLINE_CURVE_WITH_KNOTS('',1,(#7326,#7327),.UNSPECIFIED.,.F.,.F.,
(2,2),(0.,18.0441796321278),.UNSPECIFIED.);
#2661=B_SPLINE_CURVE_WITH_KNOTS('',1,(#7328,#7329),.UNSPECIFIED.,.F.,.F.,
(2,2),(-1.15922069653101,0.),.UNSPECIFIED.);
#2662=B_SPLINE_CURVE_WITH_KNOTS('',1,(#7330,#7331),.UNSPECIFIED.,.F.,.F.,
(2,2),(-1.15922069653101,0.),.UNSPECIFIED.);
#2663=B_SPLINE_CURVE_WITH_KNOTS('',1,(#7332,#7333),.UNSPECIFIED.,.F.,.F.,
(2,2),(0.,18.2355764586994),.UNSPECIFIED.);
#2664=B_SPLINE_CURVE_WITH_KNOTS('',1,(#7354,#7355),.UNSPECIFIED.,.F.,.F.,
(2,2),(0.238831323686272,6.39161979239581),.UNSPECIFIED.);
#2665=B_SPLINE_CURVE_WITH_KNOTS('',1,(#7356,#7357),.UNSPECIFIED.,.F.,.F.,
(2,2),(0.238831323686272,6.39161979239581),.UNSPECIFIED.);
#2666=B_SPLINE_CURVE_WITH_KNOTS('',1,(#7388,#7389),.UNSPECIFIED.,.F.,.F.,
(2,2),(0.235622228328725,2.35573071871159),.UNSPECIFIED.);
#2667=B_SPLINE_CURVE_WITH_KNOTS('',1,(#7390,#7391),.UNSPECIFIED.,.F.,.F.,
(2,2),(0.235622228328725,2.35573071871159),.UNSPECIFIED.);
#2668=B_SPLINE_CURVE_WITH_KNOTS('',3,(#7392,#7393,#7394,#7395),
 .UNSPECIFIED.,.F.,.F.,(4,4),(-7.1935484412722,0.),.UNSPECIFIED.);
#2669=B_SPLINE_CURVE_WITH_KNOTS('',3,(#7396,#7397,#7398,#7399),
 .UNSPECIFIED.,.F.,.F.,(4,4),(-7.1935484412722,0.),.UNSPECIFIED.);
#2670=B_SPLINE_CURVE_WITH_KNOTS('',1,(#7406,#7407),.UNSPECIFIED.,.F.,.F.,
(2,2),(0.,2.4643264521801),.UNSPECIFIED.);
#2671=B_SPLINE_CURVE_WITH_KNOTS('',1,(#7408,#7409),.UNSPECIFIED.,.F.,.F.,
(2,2),(0.,2.4643264521801),.UNSPECIFIED.);
#2672=B_SPLINE_CURVE_WITH_KNOTS('',1,(#7416,#7417),.UNSPECIFIED.,.F.,.F.,
(2,2),(0.,7.097540337569),.UNSPECIFIED.);
#2673=B_SPLINE_CURVE_WITH_KNOTS('',1,(#7418,#7419),.UNSPECIFIED.,.F.,.F.,
(2,2),(0.,7.097540337569),.UNSPECIFIED.);
#2674=B_SPLINE_CURVE_WITH_KNOTS('',1,(#7420,#7421),.UNSPECIFIED.,.F.,.F.,
(2,2),(0.,3.29484514056829),.UNSPECIFIED.);
#2675=B_SPLINE_CURVE_WITH_KNOTS('',1,(#7422,#7423),.UNSPECIFIED.,.F.,.F.,
(2,2),(0.,3.29484514056829),.UNSPECIFIED.);
#2676=B_SPLINE_CURVE_WITH_KNOTS('',1,(#7464,#7465),.UNSPECIFIED.,.F.,.F.,
(2,2),(0.,2.4643264521801),.UNSPECIFIED.);
#2677=B_SPLINE_CURVE_WITH_KNOTS('',3,(#7466,#7467,#7468,#7469,#7470,#7471,
#7472,#7473,#7474,#7475,#7476),.UNSPECIFIED.,.F.,.F.,(4,2,3,2,4),(0.,0.795915004421822,
2.20632703210168,3.61673853509723,4.4126532434289),.UNSPECIFIED.);
#2678=B_SPLINE_CURVE_WITH_KNOTS('',3,(#7477,#7478,#7479,#7480,#7481,#7482,
#7483,#7484,#7485,#7486,#7487,#7488,#7489),.UNSPECIFIED.,.F.,.F.,(4,3,3,
3,4),(0.,0.795915004421822,2.20632703210168,3.61673853509723,4.4126532434289),
 .UNSPECIFIED.);
#2679=B_SPLINE_CURVE_WITH_KNOTS('',3,(#7490,#7491,#7492,#7493),
 .UNSPECIFIED.,.F.,.F.,(4,4),(-3.33005048804792,0.),.UNSPECIFIED.);
#2680=B_SPLINE_CURVE_WITH_KNOTS('',3,(#7494,#7495,#7496,#7497),
 .UNSPECIFIED.,.F.,.F.,(4,4),(-3.33005048804792,0.),.UNSPECIFIED.);
#2681=B_SPLINE_CURVE_WITH_KNOTS('',1,(#7498,#7499),.UNSPECIFIED.,.F.,.F.,
(2,2),(-15.5922490403406,0.),.UNSPECIFIED.);
#2682=B_SPLINE_CURVE_WITH_KNOTS('',3,(#7500,#7501,#7502,#7503),
 .UNSPECIFIED.,.F.,.F.,(4,4),(-3.32649892248556,0.),.UNSPECIFIED.);
#2683=B_SPLINE_CURVE_WITH_KNOTS('',1,(#7504,#7505),.UNSPECIFIED.,.F.,.F.,
(2,2),(-3.32649892248556,0.),.UNSPECIFIED.);
#2684=B_SPLINE_CURVE_WITH_KNOTS('',1,(#7506,#7507),.UNSPECIFIED.,.F.,.F.,
(2,2),(-15.7551201831003,0.),.UNSPECIFIED.);
#2685=B_SPLINE_CURVE_WITH_KNOTS('',1,(#7508,#7509),.UNSPECIFIED.,.F.,.F.,
(2,2),(-15.7551201831003,0.),.UNSPECIFIED.);
#2686=B_SPLINE_CURVE_WITH_KNOTS('',1,(#7513,#7514),.UNSPECIFIED.,.F.,.F.,
(2,2),(0.,2.11695225338589),.UNSPECIFIED.);
#2687=B_SPLINE_CURVE_WITH_KNOTS('',3,(#7515,#7516,#7517,#7518),
 .UNSPECIFIED.,.F.,.F.,(4,4),(-1.40596656587759,0.),.UNSPECIFIED.);
#2688=B_SPLINE_CURVE_WITH_KNOTS('',3,(#7519,#7520,#7521,#7522),
 .UNSPECIFIED.,.F.,.F.,(4,4),(-1.40596656587759,0.),.UNSPECIFIED.);
#2689=B_SPLINE_CURVE_WITH_KNOTS('',1,(#7523,#7524),.UNSPECIFIED.,.F.,.F.,
(2,2),(0.,18.8320818858477),.UNSPECIFIED.);
#2690=B_SPLINE_CURVE_WITH_KNOTS('',1,(#7525,#7526),.UNSPECIFIED.,.F.,.F.,
(2,2),(0.,18.8320818858477),.UNSPECIFIED.);
#2691=B_SPLINE_CURVE_WITH_KNOTS('',1,(#7527,#7528),.UNSPECIFIED.,.F.,.F.,
(2,2),(0.,1.38537659841299),.UNSPECIFIED.);
#2692=B_SPLINE_CURVE_WITH_KNOTS('',1,(#7529,#7530),.UNSPECIFIED.,.F.,.F.,
(2,2),(0.,1.38537659841299),.UNSPECIFIED.);
#2693=B_SPLINE_CURVE_WITH_KNOTS('',1,(#7531,#7532),.UNSPECIFIED.,.F.,.F.,
(2,2),(0.242171060716268,3.53367646425274),.UNSPECIFIED.);
#2694=B_SPLINE_CURVE_WITH_KNOTS('',1,(#7542,#7543),.UNSPECIFIED.,.F.,.F.,
(2,2),(0.2390336316529,6.38493023518514),.UNSPECIFIED.);
#2695=B_SPLINE_CURVE_WITH_KNOTS('',1,(#7550,#7551),.UNSPECIFIED.,.F.,.F.,
(2,2),(0.238831323686272,6.39161979239581),.UNSPECIFIED.);
#2696=B_SPLINE_CURVE_WITH_KNOTS('',1,(#7564,#7565),.UNSPECIFIED.,.F.,.F.,
(2,2),(0.,3.29484514056829),.UNSPECIFIED.);
#2697=B_SPLINE_CURVE_WITH_KNOTS('',1,(#7566,#7567),.UNSPECIFIED.,.F.,.F.,
(2,2),(0.,1.387913958974),.UNSPECIFIED.);
#2698=B_SPLINE_CURVE_WITH_KNOTS('',1,(#7568,#7569),.UNSPECIFIED.,.F.,.F.,
(2,2),(0.,1.387913958974),.UNSPECIFIED.);
#2699=B_SPLINE_CURVE_WITH_KNOTS('',1,(#7570,#7571),.UNSPECIFIED.,.F.,.F.,
(2,2),(0.,18.83194802826),.UNSPECIFIED.);
#2700=B_SPLINE_CURVE_WITH_KNOTS('',1,(#7572,#7573),.UNSPECIFIED.,.F.,.F.,
(2,2),(0.,18.83194802826),.UNSPECIFIED.);
#2701=B_SPLINE_CURVE_WITH_KNOTS('',3,(#7574,#7575,#7576,#7577),
 .UNSPECIFIED.,.F.,.F.,(4,4),(-1.40678778297717,0.),.UNSPECIFIED.);
#2702=B_SPLINE_CURVE_WITH_KNOTS('',3,(#7578,#7579,#7580,#7581),
 .UNSPECIFIED.,.F.,.F.,(4,4),(-1.40678778297717,0.),.UNSPECIFIED.);
#2703=B_SPLINE_CURVE_WITH_KNOTS('',1,(#7582,#7583),.UNSPECIFIED.,.F.,.F.,
(2,2),(0.235622228328725,2.35573071871159),.UNSPECIFIED.);
#2704=B_SPLINE_CURVE_WITH_KNOTS('',3,(#7584,#7585,#7586,#7587),
 .UNSPECIFIED.,.F.,.F.,(4,4),(-15.794603827996,0.),.UNSPECIFIED.);
#2705=B_SPLINE_CURVE_WITH_KNOTS('',1,(#7588,#7589),.UNSPECIFIED.,.F.,.F.,
(2,2),(-15.794603827996,0.),.UNSPECIFIED.);
#2706=B_SPLINE_CURVE_WITH_KNOTS('',3,(#7590,#7591,#7592,#7593,#7594,#7595,
#7596),.UNSPECIFIED.,.F.,.F.,(4,3,4),(-4.205398900419,-3.35836386637457,
0.),.UNSPECIFIED.);
#2707=B_SPLINE_CURVE_WITH_KNOTS('',1,(#7597,#7598),.UNSPECIFIED.,.F.,.F.,
(2,2),(-4.205398900419,0.),.UNSPECIFIED.);
#2708=B_SPLINE_CURVE_WITH_KNOTS('',1,(#7599,#7600),.UNSPECIFIED.,.F.,.F.,
(2,2),(-15.5922490405506,0.),.UNSPECIFIED.);
#2709=B_SPLINE_CURVE_WITH_KNOTS('',3,(#7601,#7602,#7603,#7604,#7605,#7606,
#7607),.UNSPECIFIED.,.F.,.F.,(4,3,4),(-4.20984762440295,-0.844011828764897,
0.),.UNSPECIFIED.);
#2710=B_SPLINE_CURVE_WITH_KNOTS('',3,(#7608,#7609,#7610,#7611),
 .UNSPECIFIED.,.F.,.F.,(4,4),(-4.20984762440295,0.),.UNSPECIFIED.);
#2711=B_SPLINE_CURVE_WITH_KNOTS('',3,(#7612,#7613,#7614,#7615),
 .UNSPECIFIED.,.F.,.F.,(4,4),(-1.21958390589605,0.),.UNSPECIFIED.);
#2712=B_SPLINE_CURVE_WITH_KNOTS('',3,(#7616,#7617,#7618,#7619),
 .UNSPECIFIED.,.F.,.F.,(4,4),(-1.21958390589605,0.),.UNSPECIFIED.);
#2713=B_SPLINE_CURVE_WITH_KNOTS('',1,(#7620,#7621),.UNSPECIFIED.,.F.,.F.,
(2,2),(0.,17.1130509274598),.UNSPECIFIED.);
#2714=B_SPLINE_CURVE_WITH_KNOTS('',1,(#7622,#7623),.UNSPECIFIED.,.F.,.F.,
(2,2),(0.,17.1130509274598),.UNSPECIFIED.);
#2715=B_SPLINE_CURVE_WITH_KNOTS('',1,(#7627,#7628),.UNSPECIFIED.,.F.,.F.,
(2,2),(0.,1.22407644642126),.UNSPECIFIED.);
#2716=B_SPLINE_CURVE_WITH_KNOTS('',1,(#7631,#7632),.UNSPECIFIED.,.F.,.F.,
(2,2),(0.,17.2978498335001),.UNSPECIFIED.);
#2717=B_SPLINE_CURVE_WITH_KNOTS('',3,(#7633,#7634,#7635,#7636),
 .UNSPECIFIED.,.F.,.F.,(4,4),(-7.39019632685699,0.),.UNSPECIFIED.);
#2718=B_SPLINE_CURVE_WITH_KNOTS('',3,(#7637,#7638,#7639,#7640),
 .UNSPECIFIED.,.F.,.F.,(4,4),(-7.39019632685699,0.),.UNSPECIFIED.);
#2719=B_SPLINE_CURVE_WITH_KNOTS('',1,(#7643,#7644),.UNSPECIFIED.,.F.,.F.,
(2,2),(0.,7.29147925603198),.UNSPECIFIED.);
#2720=B_SPLINE_CURVE_WITH_KNOTS('',1,(#7645,#7646),.UNSPECIFIED.,.F.,.F.,
(2,2),(0.,7.29147925603198),.UNSPECIFIED.);
#2721=B_SPLINE_CURVE_WITH_KNOTS('',1,(#7647,#7648),.UNSPECIFIED.,.F.,.F.,
(2,2),(0.,18.5017318909899),.UNSPECIFIED.);
#2722=B_SPLINE_CURVE_WITH_KNOTS('',1,(#7649,#7650),.UNSPECIFIED.,.F.,.F.,
(2,2),(0.,18.5017318909899),.UNSPECIFIED.);
#2723=B_SPLINE_CURVE_WITH_KNOTS('',1,(#7653,#7654),.UNSPECIFIED.,.F.,.F.,
(2,2),(-18.8320820108255,0.),.UNSPECIFIED.);
#2724=B_SPLINE_CURVE_WITH_KNOTS('',3,(#7655,#7656,#7657,#7658,#7659,#7660,
#7661,#7662),.UNSPECIFIED.,.F.,.F.,(4,2,2,4),(-3.21317660873983,-2.41287986190801,
-1.6127651326677,0.),.UNSPECIFIED.);
#2725=B_SPLINE_CURVE_WITH_KNOTS('',3,(#7663,#7664,#7665,#7666),
 .UNSPECIFIED.,.F.,.F.,(4,4),(-3.21317660873983,0.),.UNSPECIFIED.);
#2726=B_SPLINE_CURVE_WITH_KNOTS('',1,(#7667,#7668),.UNSPECIFIED.,.F.,.F.,
(2,2),(0.,18.5017318909899),.UNSPECIFIED.);
#2727=B_SPLINE_CURVE_WITH_KNOTS('',1,(#7672,#7673),.UNSPECIFIED.,.F.,.F.,
(2,2),(-3.99996792638738,0.),.UNSPECIFIED.);
#2728=B_SPLINE_CURVE_WITH_KNOTS('',1,(#7674,#7675),.UNSPECIFIED.,.F.,.F.,
(2,2),(-2.57056187537012,0.),.UNSPECIFIED.);
#2729=B_SPLINE_CURVE_WITH_KNOTS('',1,(#7676,#7677),.UNSPECIFIED.,.F.,.F.,
(2,2),(-2.57056187537012,0.),.UNSPECIFIED.);
#2730=B_SPLINE_CURVE_WITH_KNOTS('',1,(#7680,#7681),.UNSPECIFIED.,.F.,.F.,
(2,2),(-2.57057476154007,0.),.UNSPECIFIED.);
#2731=B_SPLINE_CURVE_WITH_KNOTS('',1,(#7682,#7683),.UNSPECIFIED.,.F.,.F.,
(2,2),(-2.57057476154007,0.),.UNSPECIFIED.);
#2732=B_SPLINE_CURVE_WITH_KNOTS('',1,(#7684,#7685),.UNSPECIFIED.,.F.,.F.,
(2,2),(0.,18.8320818858477),.UNSPECIFIED.);
#2733=B_SPLINE_CURVE_WITH_KNOTS('',3,(#7686,#7687,#7688,#7689),
 .UNSPECIFIED.,.F.,.F.,(4,4),(0.,7.53608205408731),.UNSPECIFIED.);
#2734=B_SPLINE_CURVE_WITH_KNOTS('',3,(#7690,#7691,#7692,#7693),
 .UNSPECIFIED.,.F.,.F.,(4,4),(0.,7.53608205408731),.UNSPECIFIED.);
#2735=B_SPLINE_CURVE_WITH_KNOTS('',3,(#7694,#7695,#7696,#7697),
 .UNSPECIFIED.,.F.,.F.,(4,4),(-7.48638955321326,0.),.UNSPECIFIED.);
#2736=B_SPLINE_CURVE_WITH_KNOTS('',3,(#7698,#7699,#7700,#7701),
 .UNSPECIFIED.,.F.,.F.,(4,4),(-7.48638955321326,0.),.UNSPECIFIED.);
#2737=B_SPLINE_CURVE_WITH_KNOTS('',1,(#7702,#7703),.UNSPECIFIED.,.F.,.F.,
(2,2),(-15.7551201831003,0.),.UNSPECIFIED.);
#2738=B_SPLINE_CURVE_WITH_KNOTS('',1,(#7704,#7705),.UNSPECIFIED.,.F.,.F.,
(2,2),(-14.9453418800683,0.),.UNSPECIFIED.);
#2739=B_SPLINE_CURVE_WITH_KNOTS('',1,(#7706,#7707),.UNSPECIFIED.,.F.,.F.,
(2,2),(-14.9453418800683,0.),.UNSPECIFIED.);
#2740=B_SPLINE_CURVE_WITH_KNOTS('',1,(#7708,#7709),.UNSPECIFIED.,.F.,.F.,
(2,2),(0.,17.1130509274598),.UNSPECIFIED.);
#2741=B_SPLINE_CURVE_WITH_KNOTS('',1,(#7710,#7711),.UNSPECIFIED.,.F.,.F.,
(2,2),(0.,2.57055709402999),.UNSPECIFIED.);
#2742=B_SPLINE_CURVE_WITH_KNOTS('',1,(#7712,#7713),.UNSPECIFIED.,.F.,.F.,
(2,2),(0.,2.57055709402999),.UNSPECIFIED.);
#2743=B_SPLINE_CURVE_WITH_KNOTS('',1,(#7714,#7715),.UNSPECIFIED.,.F.,.F.,
(2,2),(0.,18.83194802826),.UNSPECIFIED.);
#2744=B_SPLINE_CURVE_WITH_KNOTS('',1,(#7716,#7717),.UNSPECIFIED.,.F.,.F.,
(2,2),(0.,2.57055709402999),.UNSPECIFIED.);
#2745=B_SPLINE_CURVE_WITH_KNOTS('',1,(#7718,#7719),.UNSPECIFIED.,.F.,.F.,
(2,2),(0.,2.57055709402999),.UNSPECIFIED.);
#2746=B_SPLINE_CURVE_WITH_KNOTS('',1,(#7720,#7721),.UNSPECIFIED.,.F.,.F.,
(2,2),(0.,18.83194802826),.UNSPECIFIED.);
#2747=B_SPLINE_CURVE_WITH_KNOTS('',1,(#7722,#7723),.UNSPECIFIED.,.F.,.F.,
(2,2),(0.,18.83194802826),.UNSPECIFIED.);
#2748=B_SPLINE_CURVE_WITH_KNOTS('',1,(#7726,#7727),.UNSPECIFIED.,.F.,.F.,
(2,2),(0.,18.5017318909899),.UNSPECIFIED.);
#2749=B_SPLINE_CURVE_WITH_KNOTS('',3,(#7728,#7729,#7730,#7731,#7732,#7733,
#7734,#7735),.UNSPECIFIED.,.F.,.F.,(4,2,2,4),(-3.21318019399737,-1.60057190365589,
-0.800375439026452,0.),.UNSPECIFIED.);
#2750=B_SPLINE_CURVE_WITH_KNOTS('',3,(#7736,#7737,#7738,#7739),
 .UNSPECIFIED.,.F.,.F.,(4,4),(-3.21318019399737,0.),.UNSPECIFIED.);
#2751=B_SPLINE_CURVE_WITH_KNOTS('',1,(#7740,#7741),.UNSPECIFIED.,.F.,.F.,
(2,2),(0.,18.83194802826),.UNSPECIFIED.);
#2752=B_SPLINE_CURVE_WITH_KNOTS('',1,(#7745,#7746),.UNSPECIFIED.,.F.,.F.,
(2,2),(0.,3.99999999999781),.UNSPECIFIED.);
#2753=B_SPLINE_CURVE_WITH_KNOTS('',3,(#7747,#7748,#7749,#7750),
 .UNSPECIFIED.,.F.,.F.,(4,4),(-7.39019632685699,0.),.UNSPECIFIED.);
#2754=B_SPLINE_CURVE_WITH_KNOTS('',3,(#7751,#7752,#7753,#7754),
 .UNSPECIFIED.,.F.,.F.,(4,4),(-7.39019632685699,0.),.UNSPECIFIED.);
#2755=B_SPLINE_CURVE_WITH_KNOTS('',1,(#7757,#7758),.UNSPECIFIED.,.F.,.F.,
(2,2),(0.,7.29147925603198),.UNSPECIFIED.);
#2756=B_SPLINE_CURVE_WITH_KNOTS('',1,(#7759,#7760),.UNSPECIFIED.,.F.,.F.,
(2,2),(0.,7.29147925603198),.UNSPECIFIED.);
#2757=B_SPLINE_CURVE_WITH_KNOTS('',1,(#7761,#7762),.UNSPECIFIED.,.F.,.F.,
(2,2),(0.,17.2978498335001),.UNSPECIFIED.);
#2758=B_SPLINE_CURVE_WITH_KNOTS('',1,(#7763,#7764),.UNSPECIFIED.,.F.,.F.,
(2,2),(0.,17.2978498335001),.UNSPECIFIED.);
#2759=B_SPLINE_CURVE_WITH_KNOTS('',3,(#7765,#7766,#7767,#7768),
 .UNSPECIFIED.,.F.,.F.,(4,4),(-1.21958390589341,0.),.UNSPECIFIED.);
#2760=B_SPLINE_CURVE_WITH_KNOTS('',3,(#7769,#7770,#7771,#7772),
 .UNSPECIFIED.,.F.,.F.,(4,4),(-1.21958390589341,0.),.UNSPECIFIED.);
#2761=B_SPLINE_CURVE_WITH_KNOTS('',1,(#7773,#7774),.UNSPECIFIED.,.F.,.F.,
(2,2),(0.,17.2978498335001),.UNSPECIFIED.);
#2762=B_SPLINE_CURVE_WITH_KNOTS('',1,(#7778,#7779),.UNSPECIFIED.,.F.,.F.,
(2,2),(0.,1.2240764464206),.UNSPECIFIED.);
#2763=B_SPLINE_CURVE_WITH_KNOTS('',1,(#7782,#7783),.UNSPECIFIED.,.F.,.F.,
(2,2),(0.,17.1130509274598),.UNSPECIFIED.);
#2764=B_SPLINE_CURVE_WITH_KNOTS('',3,(#7784,#7785,#7786,#7787),
 .UNSPECIFIED.,.F.,.F.,(4,4),(0.,6.60737113047665),.UNSPECIFIED.);
#2765=B_SPLINE_CURVE_WITH_KNOTS('',3,(#7788,#7789,#7790,#7791),
 .UNSPECIFIED.,.F.,.F.,(4,4),(0.,6.60737113047665),.UNSPECIFIED.);
#2766=B_SPLINE_CURVE_WITH_KNOTS('',3,(#7792,#7793,#7794,#7795),
 .UNSPECIFIED.,.F.,.F.,(4,4),(0.,7.5360820540862),.UNSPECIFIED.);
#2767=B_SPLINE_CURVE_WITH_KNOTS('',3,(#7796,#7797,#7798,#7799),
 .UNSPECIFIED.,.F.,.F.,(4,4),(0.,7.5360820540862),.UNSPECIFIED.);
#2768=B_SPLINE_CURVE_WITH_KNOTS('',1,(#7802,#7803),.UNSPECIFIED.,.F.,.F.,
(2,2),(0.,14.0671914581893),.UNSPECIFIED.);
#2769=B_SPLINE_CURVE_WITH_KNOTS('',1,(#7804,#7805),.UNSPECIFIED.,.F.,.F.,
(2,2),(0.,14.0671914581893),.UNSPECIFIED.);
#2770=B_SPLINE_CURVE_WITH_KNOTS('',3,(#7806,#7807,#7808,#7809),
 .UNSPECIFIED.,.F.,.F.,(4,4),(-15.794603827996,0.),.UNSPECIFIED.);
#2771=B_SPLINE_CURVE_WITH_KNOTS('',1,(#7810,#7811),.UNSPECIFIED.,.F.,.F.,
(2,2),(0.,3.34505396263447),.UNSPECIFIED.);
#2772=B_SPLINE_CURVE_WITH_KNOTS('',1,(#7812,#7813),.UNSPECIFIED.,.F.,.F.,
(2,2),(0.,0.5),.UNSPECIFIED.);
#2773=B_SPLINE_CURVE_WITH_KNOTS('',1,(#7814,#7815),.UNSPECIFIED.,.F.,.F.,
(2,2),(0.,0.5),.UNSPECIFIED.);
#2774=B_SPLINE_CURVE_WITH_KNOTS('',1,(#7816,#7817),.UNSPECIFIED.,.F.,.F.,
(2,2),(-3.3450539626335,0.),.UNSPECIFIED.);
#2775=B_SPLINE_CURVE_WITH_KNOTS('',1,(#7818,#7819),.UNSPECIFIED.,.F.,.F.,
(2,2),(0.,0.5),.UNSPECIFIED.);
#2776=B_SPLINE_CURVE_WITH_KNOTS('',1,(#7820,#7821),.UNSPECIFIED.,.F.,.F.,
(2,2),(-6.94524193345,0.),.UNSPECIFIED.);
#2777=B_SPLINE_CURVE_WITH_KNOTS('',3,(#7822,#7823,#7824,#7825),
 .UNSPECIFIED.,.F.,.F.,(4,4),(-2.27982220675598,0.),.UNSPECIFIED.);
#2778=B_SPLINE_CURVE_WITH_KNOTS('',1,(#7826,#7827),.UNSPECIFIED.,.F.,.F.,
(2,2),(0.,0.5),.UNSPECIFIED.);
#2779=B_SPLINE_CURVE_WITH_KNOTS('',1,(#7828,#7829),.UNSPECIFIED.,.F.,.F.,
(2,2),(0.,8.9632797146401),.UNSPECIFIED.);
#2780=B_SPLINE_CURVE_WITH_KNOTS('',1,(#7830,#7831),.UNSPECIFIED.,.F.,.F.,
(2,2),(0.,8.9632797146401),.UNSPECIFIED.);
#2781=B_SPLINE_CURVE_WITH_KNOTS('',1,(#7836,#7837),.UNSPECIFIED.,.F.,.F.,
(2,2),(0.,9.39114337512),.UNSPECIFIED.);
#2782=B_SPLINE_CURVE_WITH_KNOTS('',1,(#7838,#7839),.UNSPECIFIED.,.F.,.F.,
(2,2),(0.,9.39114337512),.UNSPECIFIED.);
#2783=B_SPLINE_CURVE_WITH_KNOTS('',1,(#7840,#7841),.UNSPECIFIED.,.F.,.F.,
(2,2),(0.,0.5),.UNSPECIFIED.);
#2784=B_SPLINE_CURVE_WITH_KNOTS('',3,(#7842,#7843,#7844,#7845),
 .UNSPECIFIED.,.F.,.F.,(4,4),(-2.27982220675709,0.),.UNSPECIFIED.);
#2785=B_SPLINE_CURVE_WITH_KNOTS('',1,(#7846,#7847),.UNSPECIFIED.,.F.,.F.,
(2,2),(-7.3731055939299,0.),.UNSPECIFIED.);
#2786=B_SPLINE_CURVE_WITH_KNOTS('',1,(#7848,#7849),.UNSPECIFIED.,.F.,.F.,
(2,2),(0.,1.50000068884898),.UNSPECIFIED.);
#2787=B_SPLINE_CURVE_WITH_KNOTS('',1,(#7850,#7851),.UNSPECIFIED.,.F.,.F.,
(2,2),(0.,1.50000068884898),.UNSPECIFIED.);
#2788=B_SPLINE_CURVE_WITH_KNOTS('',1,(#7852,#7853),.UNSPECIFIED.,.F.,.F.,
(2,2),(0.,8.9632797146401),.UNSPECIFIED.);
#2789=B_SPLINE_CURVE_WITH_KNOTS('',1,(#7854,#7855),.UNSPECIFIED.,.F.,.F.,
(2,2),(0.,5.821986999253),.UNSPECIFIED.);
#2790=B_SPLINE_CURVE_WITH_KNOTS('',1,(#7856,#7857),.UNSPECIFIED.,.F.,.F.,
(2,2),(0.,9.39114337512),.UNSPECIFIED.);
#2791=B_SPLINE_CURVE_WITH_KNOTS('',1,(#7858,#7859),.UNSPECIFIED.,.F.,.F.,
(2,2),(0.,2.91099349963),.UNSPECIFIED.);
#2792=B_SPLINE_CURVE_WITH_KNOTS('',1,(#7860,#7861),.UNSPECIFIED.,.F.,.F.,
(2,2),(0.,2.91099349963),.UNSPECIFIED.);
#2793=B_SPLINE_CURVE_WITH_KNOTS('',1,(#7868,#7869),.UNSPECIFIED.,.F.,.F.,
(2,2),(0.,1.50000068884898),.UNSPECIFIED.);
#2794=B_SPLINE_CURVE_WITH_KNOTS('',1,(#7870,#7871),.UNSPECIFIED.,.F.,.F.,
(2,2),(-2.97388175821242,0.),.UNSPECIFIED.);
#2795=B_SPLINE_CURVE_WITH_KNOTS('',1,(#7874,#7875),.UNSPECIFIED.,.F.,.F.,
(2,2),(0.,8.37227855109001),.UNSPECIFIED.);
#2796=B_SPLINE_CURVE_WITH_KNOTS('',1,(#7876,#7877),.UNSPECIFIED.,.F.,.F.,
(2,2),(-17.9019190723942,0.),.UNSPECIFIED.);
#2797=B_SPLINE_CURVE_WITH_KNOTS('',3,(#7878,#7879,#7880,#7881,#7882,#7883,
#7884,#7885,#7886,#7887,#7888,#7889,#7890,#7891,#7892,#7893,#7894,#7895,
#7896,#7897,#7898,#7899,#7900,#7901,#7902),.UNSPECIFIED.,.F.,.F.,(4,3,3,
3,3,3,3,3,4),(0.,0.795915004421822,1.74123229875651,2.15854372180492,2.20632466355659,
2.25410584694389,2.6714183740883,3.61673853509723,4.4126532434289),
 .UNSPECIFIED.);
#2798=B_SPLINE_CURVE_WITH_KNOTS('',1,(#7903,#7904),.UNSPECIFIED.,.F.,.F.,
(2,2),(-17.9019190724038,0.),.UNSPECIFIED.);
#2799=B_SPLINE_CURVE_WITH_KNOTS('',1,(#7905,#7906),.UNSPECIFIED.,.F.,.F.,
(2,2),(0.,9.87227855109901),.UNSPECIFIED.);
#2800=B_SPLINE_CURVE_WITH_KNOTS('',1,(#7907,#7908),.UNSPECIFIED.,.F.,.F.,
(2,2),(0.,9.87227855109901),.UNSPECIFIED.);
#2801=B_SPLINE_CURVE_WITH_KNOTS('',1,(#7909,#7910),.UNSPECIFIED.,.F.,.F.,
(2,2),(-34.9529379616792,0.),.UNSPECIFIED.);
#2802=B_SPLINE_CURVE_WITH_KNOTS('',1,(#7911,#7912),.UNSPECIFIED.,.F.,.F.,
(2,2),(0.,1.5),.UNSPECIFIED.);
#2803=B_SPLINE_CURVE_WITH_KNOTS('',1,(#7913,#7914),.UNSPECIFIED.,.F.,.F.,
(2,2),(-35.6696407351627,0.),.UNSPECIFIED.);
#2804=B_SPLINE_CURVE_WITH_KNOTS('',1,(#7915,#7916),.UNSPECIFIED.,.F.,.F.,
(2,2),(0.,9.8722785510906),.UNSPECIFIED.);
#2805=B_SPLINE_CURVE_WITH_KNOTS('',1,(#7917,#7918),.UNSPECIFIED.,.F.,.F.,
(2,2),(0.,9.8722785510906),.UNSPECIFIED.);
#2806=B_SPLINE_CURVE_WITH_KNOTS('',1,(#7919,#7920),.UNSPECIFIED.,.F.,.F.,
(2,2),(-40.4659299973874,0.),.UNSPECIFIED.);
#2807=B_SPLINE_CURVE_WITH_KNOTS('',1,(#7923,#7924),.UNSPECIFIED.,.F.,.F.,
(2,2),(0.,8.3722787166396),.UNSPECIFIED.);
#2808=B_SPLINE_CURVE_WITH_KNOTS('',1,(#7925,#7926),.UNSPECIFIED.,.F.,.F.,
(2,2),(0.,0.59393132176306),.UNSPECIFIED.);
#2809=B_SPLINE_CURVE_WITH_KNOTS('',1,(#7927,#7928),.UNSPECIFIED.,.F.,.F.,
(2,2),(-1.95808840934231,0.),.UNSPECIFIED.);
#2810=B_SPLINE_CURVE_WITH_KNOTS('',1,(#7929,#7930),.UNSPECIFIED.,.F.,.F.,
(2,2),(0.,6.98072319446001),.UNSPECIFIED.);
#2811=B_SPLINE_CURVE_WITH_KNOTS('',1,(#7931,#7932),.UNSPECIFIED.,.F.,.F.,
(2,2),(0.,6.98072319446001),.UNSPECIFIED.);
#2812=B_SPLINE_CURVE_WITH_KNOTS('',3,(#7933,#7934,#7935,#7936),
 .UNSPECIFIED.,.F.,.F.,(4,4),(0.,6.60737113047665),.UNSPECIFIED.);
#2813=B_SPLINE_CURVE_WITH_KNOTS('',3,(#7937,#7938,#7939,#7940,#7941,#7942,
#7943),.UNSPECIFIED.,.F.,.F.,(4,3,4),(-4.20984762440295,-0.844011828764897,
0.),.UNSPECIFIED.);
#2814=B_SPLINE_CURVE_WITH_KNOTS('',3,(#7944,#7945,#7946,#7947),
 .UNSPECIFIED.,.F.,.F.,(4,4),(-0.759351148944332,0.),.UNSPECIFIED.);
#2815=B_SPLINE_CURVE_WITH_KNOTS('',3,(#7948,#7949,#7950,#7951),
 .UNSPECIFIED.,.F.,.F.,(4,4),(0.,5.12998462584519),.UNSPECIFIED.);
#2816=B_SPLINE_CURVE_WITH_KNOTS('',3,(#7952,#7953,#7954,#7955),
 .UNSPECIFIED.,.F.,.F.,(4,4),(0.,5.12998462584519),.UNSPECIFIED.);
#2817=B_SPLINE_CURVE_WITH_KNOTS('',1,(#7956,#7957),.UNSPECIFIED.,.F.,.F.,
(2,2),(0.,14.4563766559462),.UNSPECIFIED.);
#2818=B_SPLINE_CURVE_WITH_KNOTS('',1,(#7958,#7959),.UNSPECIFIED.,.F.,.F.,
(2,2),(0.,14.4563766559462),.UNSPECIFIED.);
#2819=B_SPLINE_CURVE_WITH_KNOTS('',3,(#7960,#7961,#7962,#7963),
 .UNSPECIFIED.,.F.,.F.,(4,4),(-15.3117462111652,0.),.UNSPECIFIED.);
#2820=B_SPLINE_CURVE_WITH_KNOTS('',3,(#7964,#7965,#7966,#7967),
 .UNSPECIFIED.,.F.,.F.,(4,4),(-15.3117462111652,0.),.UNSPECIFIED.);
#2821=B_SPLINE_CURVE_WITH_KNOTS('',3,(#7968,#7969,#7970,#7971),
 .UNSPECIFIED.,.F.,.F.,(4,4),(0.,5.12998462584519),.UNSPECIFIED.);
#2822=B_SPLINE_CURVE_WITH_KNOTS('',1,(#7972,#7973),.UNSPECIFIED.,.F.,.F.,
(2,2),(-15.5538861947178,0.),.UNSPECIFIED.);
#2823=B_SPLINE_CURVE_WITH_KNOTS('',3,(#7974,#7975,#7976,#7977),
 .UNSPECIFIED.,.F.,.F.,(4,4),(-5.25613583504673,0.),.UNSPECIFIED.);
#2824=B_SPLINE_CURVE_WITH_KNOTS('',1,(#7978,#7979),.UNSPECIFIED.,.F.,.F.,
(2,2),(-5.25613583504673,0.),.UNSPECIFIED.);
#2825=B_SPLINE_CURVE_WITH_KNOTS('',1,(#7980,#7981),.UNSPECIFIED.,.F.,.F.,
(2,2),(0.,5.00735356189796),.UNSPECIFIED.);
#2826=B_SPLINE_CURVE_WITH_KNOTS('',1,(#7982,#7983),.UNSPECIFIED.,.F.,.F.,
(2,2),(0.,5.00735356189796),.UNSPECIFIED.);
#2827=B_SPLINE_CURVE_WITH_KNOTS('',3,(#7984,#7985,#7986,#7987),
 .UNSPECIFIED.,.F.,.F.,(4,4),(0.,15.4127273052808),.UNSPECIFIED.);
#2828=B_SPLINE_CURVE_WITH_KNOTS('',3,(#7988,#7989,#7990,#7991),
 .UNSPECIFIED.,.F.,.F.,(4,4),(0.,15.4127273052808),.UNSPECIFIED.);
#2829=B_SPLINE_CURVE_WITH_KNOTS('',3,(#7992,#7993,#7994,#7995),
 .UNSPECIFIED.,.F.,.F.,(4,4),(-5.25613583504673,0.),.UNSPECIFIED.);
#2830=B_SPLINE_CURVE_WITH_KNOTS('',3,(#7996,#7997,#7998,#7999),
 .UNSPECIFIED.,.F.,.F.,(4,4),(-0.758021426384509,0.),.UNSPECIFIED.);
#2831=B_SPLINE_CURVE_WITH_KNOTS('',3,(#8000,#8001,#8002,#8003,#8004,#8005,
#8006),.UNSPECIFIED.,.F.,.F.,(4,3,4),(-4.205398900419,-3.35836386637457,
0.),.UNSPECIFIED.);
#2832=B_SPLINE_CURVE_WITH_KNOTS('',1,(#8007,#8008),.UNSPECIFIED.,.F.,.F.,
(2,2),(0.,14.0671914581893),.UNSPECIFIED.);
#2833=B_SPLINE_CURVE_WITH_KNOTS('',1,(#8012,#8013),.UNSPECIFIED.,.F.,.F.,
(2,2),(0.,7.29147925603198),.UNSPECIFIED.);
#2834=B_SPLINE_CURVE_WITH_KNOTS('',1,(#8017,#8018),.UNSPECIFIED.,.F.,.F.,
(2,2),(0.,2.57055709402999),.UNSPECIFIED.);
#2835=B_SPLINE_CURVE_WITH_KNOTS('',1,(#8019,#8020),.UNSPECIFIED.,.F.,.F.,
(2,2),(0.,1.387913958974),.UNSPECIFIED.);
#2836=B_SPLINE_CURVE_WITH_KNOTS('',1,(#8021,#8022),.UNSPECIFIED.,.F.,.F.,
(2,2),(0.,7.097540337569),.UNSPECIFIED.);
#2837=B_SPLINE_CURVE_WITH_KNOTS('',1,(#8025,#8026),.UNSPECIFIED.,.F.,.F.,
(2,2),(0.,2.91099349963),.UNSPECIFIED.);
#2838=B_SPLINE_CURVE_WITH_KNOTS('',1,(#8027,#8028),.UNSPECIFIED.,.F.,.F.,
(2,2),(0.,1.50000068884898),.UNSPECIFIED.);
#2839=B_SPLINE_CURVE_WITH_KNOTS('',1,(#8029,#8030),.UNSPECIFIED.,.F.,.F.,
(2,2),(-4.18654683793801,0.),.UNSPECIFIED.);
#2840=B_SPLINE_CURVE_WITH_KNOTS('',1,(#8031,#8032),.UNSPECIFIED.,.F.,.F.,
(2,2),(-5.00000000004599,0.),.UNSPECIFIED.);
#2841=B_SPLINE_CURVE_WITH_KNOTS('',1,(#8033,#8034),.UNSPECIFIED.,.F.,.F.,
(2,2),(-1.15922069653101,0.),.UNSPECIFIED.);
#2842=B_SPLINE_CURVE_WITH_KNOTS('',1,(#8035,#8036),.UNSPECIFIED.,.F.,.F.,
(2,2),(-1.88477257153198,0.),.UNSPECIFIED.);
#2843=B_SPLINE_CURVE_WITH_KNOTS('',3,(#8037,#8038,#8039,#8040,#8041,#8042,
#8043),.UNSPECIFIED.,.F.,.F.,(4,3,4),(-3.22297930796425,-1.61148965400812,
0.),.UNSPECIFIED.);
#2844=B_SPLINE_CURVE_WITH_KNOTS('',1,(#8044,#8045),.UNSPECIFIED.,.F.,.F.,
(2,2),(0.,32.39999999999),.UNSPECIFIED.);
#2845=B_SPLINE_CURVE_WITH_KNOTS('',3,(#8046,#8047,#8048,#8049,#8050,#8051,
#8052),.UNSPECIFIED.,.F.,.F.,(4,3,4),(-3.22297930799289,-1.61148965397937,
0.),.UNSPECIFIED.);
#2846=B_SPLINE_CURVE_WITH_KNOTS('',1,(#8053,#8054),.UNSPECIFIED.,.F.,.F.,
(2,2),(-1.88477257153198,0.),.UNSPECIFIED.);
#2847=B_SPLINE_CURVE_WITH_KNOTS('',1,(#8055,#8056),.UNSPECIFIED.,.F.,.F.,
(2,2),(-1.15922069653101,0.),.UNSPECIFIED.);
#2848=B_SPLINE_CURVE_WITH_KNOTS('',1,(#8057,#8058),.UNSPECIFIED.,.F.,.F.,
(2,2),(-5.00000000004599,0.),.UNSPECIFIED.);
#2849=B_SPLINE_CURVE_WITH_KNOTS('',1,(#8059,#8060),.UNSPECIFIED.,.F.,.F.,
(2,2),(-4.61721574257308,0.),.UNSPECIFIED.);
#2850=B_SPLINE_CURVE_WITH_KNOTS('',1,(#8061,#8062),.UNSPECIFIED.,.F.,.F.,
(2,2),(-1.499999888519,0.),.UNSPECIFIED.);
#2851=B_SPLINE_CURVE_WITH_KNOTS('',1,(#8063,#8064),.UNSPECIFIED.,.F.,.F.,
(2,2),(0.,2.48032456338299),.UNSPECIFIED.);
#2852=B_SPLINE_CURVE_WITH_KNOTS('',1,(#8067,#8068),.UNSPECIFIED.,.F.,.F.,
(2,2),(0.,7.097540337569),.UNSPECIFIED.);
#2853=B_SPLINE_CURVE_WITH_KNOTS('',1,(#8069,#8070),.UNSPECIFIED.,.F.,.F.,
(2,2),(0.,1.38537659841299),.UNSPECIFIED.);
#2854=B_SPLINE_CURVE_WITH_KNOTS('',1,(#8071,#8072),.UNSPECIFIED.,.F.,.F.,
(2,2),(-2.57057476154007,0.),.UNSPECIFIED.);
#2855=B_SPLINE_CURVE_WITH_KNOTS('',1,(#8076,#8077),.UNSPECIFIED.,.F.,.F.,
(2,2),(0.,7.29147925603198),.UNSPECIFIED.);
#2856=B_SPLINE_CURVE_WITH_KNOTS('',1,(#8081,#8082),.UNSPECIFIED.,.F.,.F.,
(2,2),(-14.9453418800683,0.),.UNSPECIFIED.);
#2857=B_SPLINE_CURVE_WITH_KNOTS('',3,(#8083,#8084,#8085,#8086),
 .UNSPECIFIED.,.F.,.F.,(4,4),(-3.32649892248556,0.),.UNSPECIFIED.);
#2858=B_SPLINE_CURVE_WITH_KNOTS('',3,(#8087,#8088,#8089,#8090),
 .UNSPECIFIED.,.F.,.F.,(4,4),(-0.75821049077513,0.),.UNSPECIFIED.);
#2859=B_SPLINE_CURVE_WITH_KNOTS('',3,(#8091,#8092,#8093,#8094),
 .UNSPECIFIED.,.F.,.F.,(4,4),(-5.25594372247738,0.),.UNSPECIFIED.);
#2860=B_SPLINE_CURVE_WITH_KNOTS('',3,(#8095,#8096,#8097,#8098),
 .UNSPECIFIED.,.F.,.F.,(4,4),(0.,15.4127273044272),.UNSPECIFIED.);
#2861=B_SPLINE_CURVE_WITH_KNOTS('',3,(#8099,#8100,#8101,#8102),
 .UNSPECIFIED.,.F.,.F.,(4,4),(0.,15.4127273044272),.UNSPECIFIED.);
#2862=B_SPLINE_CURVE_WITH_KNOTS('',1,(#8103,#8104),.UNSPECIFIED.,.F.,.F.,
(2,2),(0.,5.00735356189796),.UNSPECIFIED.);
#2863=B_SPLINE_CURVE_WITH_KNOTS('',1,(#8105,#8106),.UNSPECIFIED.,.F.,.F.,
(2,2),(0.,5.00735356189796),.UNSPECIFIED.);
#2864=B_SPLINE_CURVE_WITH_KNOTS('',1,(#8107,#8108),.UNSPECIFIED.,.F.,.F.,
(2,2),(0.,24.),.UNSPECIFIED.);
#2865=B_SPLINE_CURVE_WITH_KNOTS('',1,(#8109,#8110),.UNSPECIFIED.,.F.,.F.,
(2,2),(0.,24.),.UNSPECIFIED.);
#2866=B_SPLINE_CURVE_WITH_KNOTS('',1,(#8111,#8112),.UNSPECIFIED.,.F.,.F.,
(2,2),(0.,4.62290676281119),.UNSPECIFIED.);
#2867=B_SPLINE_CURVE_WITH_KNOTS('',1,(#8113,#8114),.UNSPECIFIED.,.F.,.F.,
(2,2),(0.,4.62290676281119),.UNSPECIFIED.);
#2868=B_SPLINE_CURVE_WITH_KNOTS('',1,(#8115,#8116),.UNSPECIFIED.,.F.,.F.,
(2,2),(0.,6.98072319444999),.UNSPECIFIED.);
#2869=B_SPLINE_CURVE_WITH_KNOTS('',1,(#8117,#8118),.UNSPECIFIED.,.F.,.F.,
(2,2),(0.,6.98072319444999),.UNSPECIFIED.);
#2870=B_SPLINE_CURVE_WITH_KNOTS('',3,(#8119,#8120,#8121,#8122),
 .UNSPECIFIED.,.F.,.F.,(4,4),(0.,7.53608205408731),.UNSPECIFIED.);
#2871=B_SPLINE_CURVE_WITH_KNOTS('',3,(#8123,#8124,#8125,#8126),
 .UNSPECIFIED.,.F.,.F.,(4,4),(-1.21958390589605,0.),.UNSPECIFIED.);
#2872=B_SPLINE_CURVE_WITH_KNOTS('',3,(#8127,#8128,#8129,#8130),
 .UNSPECIFIED.,.F.,.F.,(4,4),(-7.39019632685699,0.),.UNSPECIFIED.);
#2873=B_SPLINE_CURVE_WITH_KNOTS('',3,(#8131,#8132,#8133,#8134,#8135,#8136,
#8137,#8138,#8139,#8140),.UNSPECIFIED.,.F.,.F.,(4,3,3,4),(-3.21317660873983,
-2.41287986190801,-1.6127651326677,0.),.UNSPECIFIED.);
#2874=B_SPLINE_CURVE_WITH_KNOTS('',1,(#8141,#8142),.UNSPECIFIED.,.F.,.F.,
(2,2),(-2.57056187537012,0.),.UNSPECIFIED.);
#2875=B_SPLINE_CURVE_WITH_KNOTS('',3,(#8143,#8144,#8145,#8146),
 .UNSPECIFIED.,.F.,.F.,(4,4),(-1.40596656587759,0.),.UNSPECIFIED.);
#2876=B_SPLINE_CURVE_WITH_KNOTS('',3,(#8147,#8148,#8149,#8150),
 .UNSPECIFIED.,.F.,.F.,(4,4),(-7.1935484412722,0.),.UNSPECIFIED.);
#2877=B_SPLINE_CURVE_WITH_KNOTS('',1,(#8151,#8152),.UNSPECIFIED.,.F.,.F.,
(2,2),(0.,9.8722785510906),.UNSPECIFIED.);
#2878=B_SPLINE_CURVE_WITH_KNOTS('',3,(#8153,#8154,#8155,#8156),
 .UNSPECIFIED.,.F.,.F.,(4,4),(-7.19354844127221,0.),.UNSPECIFIED.);
#2879=B_SPLINE_CURVE_WITH_KNOTS('',3,(#8157,#8158,#8159,#8160),
 .UNSPECIFIED.,.F.,.F.,(4,4),(-5.06769705285234,0.),.UNSPECIFIED.);
#2880=B_SPLINE_CURVE_WITH_KNOTS('',3,(#8161,#8162,#8163,#8164),
 .UNSPECIFIED.,.F.,.F.,(4,4),(-1.17491586147187,0.),.UNSPECIFIED.);
#2881=B_SPLINE_CURVE_WITH_KNOTS('',3,(#8165,#8166,#8167,#8168),
 .UNSPECIFIED.,.F.,.F.,(4,4),(-1.91029128119335,0.),.UNSPECIFIED.);
#2882=B_SPLINE_CURVE_WITH_KNOTS('',3,(#8169,#8170,#8171,#8172,#8173,#8174,
#8175,#8176,#8177,#8178),.UNSPECIFIED.,.F.,.F.,(4,3,3,4),(-3.21364683901623,
-2.43680853972929,-1.62864697721525,0.),.UNSPECIFIED.);
#2883=B_SPLINE_CURVE_WITH_KNOTS('',1,(#8179,#8180),.UNSPECIFIED.,.F.,.F.,
(2,2),(0.,32.39999999999),.UNSPECIFIED.);
#2884=B_SPLINE_CURVE_WITH_KNOTS('',3,(#8181,#8182,#8183,#8184,#8185,#8186,
#8187,#8188,#8189,#8190),.UNSPECIFIED.,.F.,.F.,(4,3,3,4),(-3.21364683900362,
-1.58499986180058,-0.776838299283229,0.),.UNSPECIFIED.);
#2885=B_SPLINE_CURVE_WITH_KNOTS('',3,(#8191,#8192,#8193,#8194),
 .UNSPECIFIED.,.F.,.F.,(4,4),(-1.91029128119335,0.),.UNSPECIFIED.);
#2886=B_SPLINE_CURVE_WITH_KNOTS('',3,(#8195,#8196,#8197,#8198),
 .UNSPECIFIED.,.F.,.F.,(4,4),(-1.17491586147187,0.),.UNSPECIFIED.);
#2887=B_SPLINE_CURVE_WITH_KNOTS('',3,(#8199,#8200,#8201,#8202),
 .UNSPECIFIED.,.F.,.F.,(4,4),(-5.06769705285234,0.),.UNSPECIFIED.);
#2888=B_SPLINE_CURVE_WITH_KNOTS('',3,(#8203,#8204,#8205,#8206),
 .UNSPECIFIED.,.F.,.F.,(4,4),(-7.19354844127221,0.),.UNSPECIFIED.);
#2889=B_SPLINE_CURVE_WITH_KNOTS('',1,(#8207,#8208),.UNSPECIFIED.,.F.,.F.,
(2,2),(0.,9.87227855109901),.UNSPECIFIED.);
#2890=B_SPLINE_CURVE_WITH_KNOTS('',3,(#8209,#8210,#8211,#8212),
 .UNSPECIFIED.,.F.,.F.,(4,4),(-7.1935484412722,0.),.UNSPECIFIED.);
#2891=B_SPLINE_CURVE_WITH_KNOTS('',3,(#8213,#8214,#8215,#8216),
 .UNSPECIFIED.,.F.,.F.,(4,4),(-1.40678778297717,0.),.UNSPECIFIED.);
#2892=B_SPLINE_CURVE_WITH_KNOTS('',1,(#8217,#8218),.UNSPECIFIED.,.F.,.F.,
(2,2),(0.,2.57055709402999),.UNSPECIFIED.);
#2893=B_SPLINE_CURVE_WITH_KNOTS('',3,(#8219,#8220,#8221,#8222,#8223,#8224,
#8225,#8226,#8227,#8228),.UNSPECIFIED.,.F.,.F.,(4,3,3,4),(-3.21318019399737,
-1.60057190365589,-0.800375439026452,0.),.UNSPECIFIED.);
#2894=B_SPLINE_CURVE_WITH_KNOTS('',3,(#8229,#8230,#8231,#8232),
 .UNSPECIFIED.,.F.,.F.,(4,4),(-7.39019632685699,0.),.UNSPECIFIED.);
#2895=B_SPLINE_CURVE_WITH_KNOTS('',3,(#8233,#8234,#8235,#8236),
 .UNSPECIFIED.,.F.,.F.,(4,4),(-1.21958390589341,0.),.UNSPECIFIED.);
#2896=B_SPLINE_CURVE_WITH_KNOTS('',3,(#8237,#8238,#8239,#8240),
 .UNSPECIFIED.,.F.,.F.,(4,4),(0.,7.5360820540862),.UNSPECIFIED.);
#2897=B_SPLINE_CURVE_WITH_KNOTS('',1,(#8241,#8242),.UNSPECIFIED.,.F.,.F.,
(2,2),(0.,6.98072319446001),.UNSPECIFIED.);
#2898=B_SPLINE_CURVE_WITH_KNOTS('',1,(#8243,#8244),.UNSPECIFIED.,.F.,.F.,
(2,2),(0.,4.62290676281119),.UNSPECIFIED.);
#2899=B_SPLINE_CURVE_WITH_KNOTS('',1,(#8245,#8246),.UNSPECIFIED.,.F.,.F.,
(2,2),(0.,4.62290676281119),.UNSPECIFIED.);
#2900=B_SPLINE_CURVE_WITH_KNOTS('',1,(#8247,#8248),.UNSPECIFIED.,.F.,.F.,
(2,2),(0.,24.),.UNSPECIFIED.);
#2901=B_SPLINE_CURVE_WITH_KNOTS('',1,(#8249,#8250),.UNSPECIFIED.,.F.,.F.,
(2,2),(0.,24.),.UNSPECIFIED.);
#2902=B_SPLINE_CURVE_WITH_KNOTS('',3,(#8251,#8252,#8253,#8254),
 .UNSPECIFIED.,.F.,.F.,(4,4),(-5.12977315107219,0.),.UNSPECIFIED.);
#2903=B_SPLINE_CURVE_WITH_KNOTS('',3,(#8255,#8256,#8257,#8258),
 .UNSPECIFIED.,.F.,.F.,(4,4),(-0.759559458124028,0.),.UNSPECIFIED.);
#2904=B_SPLINE_CURVE_WITH_KNOTS('',3,(#8259,#8260,#8261,#8262),
 .UNSPECIFIED.,.F.,.F.,(4,4),(-3.33005048804792,0.),.UNSPECIFIED.);
#2905=B_SPLINE_CURVE_WITH_KNOTS('',3,(#8263,#8264,#8265,#8266),
 .UNSPECIFIED.,.F.,.F.,(4,4),(-7.48638955321326,0.),.UNSPECIFIED.);
#2906=B_SPLINE_CURVE_WITH_KNOTS('',1,(#8267,#8268),.UNSPECIFIED.,.F.,.F.,
(2,2),(0.,6.98072319444999),.UNSPECIFIED.);
#2907=B_SPLINE_CURVE_WITH_KNOTS('',1,(#8269,#8270),.UNSPECIFIED.,.F.,.F.,
(2,2),(0.,14.4563766551848),.UNSPECIFIED.);
#2908=B_SPLINE_CURVE_WITH_KNOTS('',1,(#8271,#8272),.UNSPECIFIED.,.F.,.F.,
(2,2),(0.,14.4563766551848),.UNSPECIFIED.);
#2909=B_SPLINE_CURVE_WITH_KNOTS('',1,(#8273,#8274),.UNSPECIFIED.,.F.,.F.,
(2,2),(0.,55.6475353697506),.UNSPECIFIED.);
#2910=B_SPLINE_CURVE_WITH_KNOTS('',1,(#8275,#8276),.UNSPECIFIED.,.F.,.F.,
(2,2),(0.,55.6475353697506),.UNSPECIFIED.);
#2911=B_SPLINE_CURVE_WITH_KNOTS('',1,(#8283,#8284),.UNSPECIFIED.,.F.,.F.,
(2,2),(0.,2.330408789541),.UNSPECIFIED.);
#2912=B_SPLINE_CURVE_WITH_KNOTS('',1,(#8285,#8286),.UNSPECIFIED.,.F.,.F.,
(2,2),(0.,2.330408789541),.UNSPECIFIED.);
#2913=B_SPLINE_CURVE_WITH_KNOTS('',1,(#8293,#8294),.UNSPECIFIED.,.F.,.F.,
(2,2),(0.,55.6475353697496),.UNSPECIFIED.);
#2914=B_SPLINE_CURVE_WITH_KNOTS('',1,(#8295,#8296),.UNSPECIFIED.,.F.,.F.,
(2,2),(0.,55.6475353697496),.UNSPECIFIED.);
#2915=B_SPLINE_CURVE_WITH_KNOTS('',1,(#8297,#8298),.UNSPECIFIED.,.F.,.F.,
(2,2),(0.,21.992360324911),.UNSPECIFIED.);
#2916=B_SPLINE_CURVE_WITH_KNOTS('',1,(#8299,#8300),.UNSPECIFIED.,.F.,.F.,
(2,2),(0.,21.992360324911),.UNSPECIFIED.);
#2917=B_SPLINE_CURVE_WITH_KNOTS('',1,(#8301,#8302),.UNSPECIFIED.,.F.,.F.,
(2,2),(0.,1.41691716985184),.UNSPECIFIED.);
#2918=B_SPLINE_CURVE_WITH_KNOTS('',1,(#8303,#8304),.UNSPECIFIED.,.F.,.F.,
(2,2),(0.,1.41691716985184),.UNSPECIFIED.);
#2919=B_SPLINE_CURVE_WITH_KNOTS('',1,(#8305,#8306),.UNSPECIFIED.,.F.,.F.,
(2,2),(0.,21.992360324911),.UNSPECIFIED.);
#2920=B_SPLINE_CURVE_WITH_KNOTS('',1,(#8307,#8308),.UNSPECIFIED.,.F.,.F.,
(2,2),(0.,1.41691716985823),.UNSPECIFIED.);
#2921=B_SPLINE_CURVE_WITH_KNOTS('',1,(#8309,#8310),.UNSPECIFIED.,.F.,.F.,
(2,2),(0.,1.41691716985823),.UNSPECIFIED.);
#2922=B_SPLINE_CURVE_WITH_KNOTS('',1,(#8311,#8312),.UNSPECIFIED.,.F.,.F.,
(2,2),(0.,2.00000000000257),.UNSPECIFIED.);
#2923=B_SPLINE_CURVE_WITH_KNOTS('',1,(#8313,#8314),.UNSPECIFIED.,.F.,.F.,
(2,2),(0.,2.00000000000257),.UNSPECIFIED.);
#2924=B_SPLINE_CURVE_WITH_KNOTS('',1,(#8315,#8316),.UNSPECIFIED.,.F.,.F.,
(2,2),(0.,24.),.UNSPECIFIED.);
#2925=B_SPLINE_CURVE_WITH_KNOTS('',1,(#8317,#8318),.UNSPECIFIED.,.F.,.F.,
(2,2),(0.,24.),.UNSPECIFIED.);
#2926=B_SPLINE_CURVE_WITH_KNOTS('',1,(#8319,#8320),.UNSPECIFIED.,.F.,.F.,
(2,2),(0.,2.00000000000257),.UNSPECIFIED.);
#2927=B_SPLINE_CURVE_WITH_KNOTS('',1,(#8321,#8322),.UNSPECIFIED.,.F.,.F.,
(2,2),(0.,2.00000000000257),.UNSPECIFIED.);
#2928=B_SPLINE_CURVE_WITH_KNOTS('',1,(#8329,#8330),.UNSPECIFIED.,.F.,.F.,
(2,2),(-1.99999999999929,0.),.UNSPECIFIED.);
#2929=B_SPLINE_CURVE_WITH_KNOTS('',1,(#8331,#8332),.UNSPECIFIED.,.F.,.F.,
(2,2),(-1.99999999999929,0.),.UNSPECIFIED.);
#2930=B_SPLINE_CURVE_WITH_KNOTS('',1,(#8333,#8334),.UNSPECIFIED.,.F.,.F.,
(2,2),(0.,2.00000000000257),.UNSPECIFIED.);
#2931=B_SPLINE_CURVE_WITH_KNOTS('',1,(#8335,#8336),.UNSPECIFIED.,.F.,.F.,
(2,2),(0.,4.62290676281119),.UNSPECIFIED.);
#2932=B_SPLINE_CURVE_WITH_KNOTS('',3,(#8337,#8338,#8339,#8340,#8341,#8342,
#8343,#8344,#8345,#8346),.UNSPECIFIED.,.F.,.F.,(4,2,2,2,4),(-6.49637441774851,
-4.38356785388654,-2.27076129002457,-0.830842781185887,0.),
 .UNSPECIFIED.);
#2933=B_SPLINE_CURVE_WITH_KNOTS('',3,(#8347,#8348,#8349,#8350,#8351,#8352,
#8353),.UNSPECIFIED.,.F.,.F.,(4,3,4),(-6.49637441774851,-2.86052435304232,
0.),.UNSPECIFIED.);
#2934=B_SPLINE_CURVE_WITH_KNOTS('',1,(#8354,#8355),.UNSPECIFIED.,.F.,.F.,
(2,2),(0.,12.08696043144),.UNSPECIFIED.);
#2935=B_SPLINE_CURVE_WITH_KNOTS('',1,(#8356,#8357),.UNSPECIFIED.,.F.,.F.,
(2,2),(0.,12.08696043144),.UNSPECIFIED.);
#2936=B_SPLINE_CURVE_WITH_KNOTS('',3,(#8358,#8359,#8360,#8361,#8362,#8363,
#8364,#8365,#8366,#8367),.UNSPECIFIED.,.F.,.F.,(4,2,2,2,4),(-6.49637441774748,
-5.66553163656166,-4.22561312772324,-2.11280656386157,0.),.UNSPECIFIED.);
#2937=B_SPLINE_CURVE_WITH_KNOTS('',3,(#8368,#8369,#8370,#8371,#8372,#8373,
#8374),.UNSPECIFIED.,.F.,.F.,(4,3,4),(-6.49637441774748,-3.63585006473339,
0.),.UNSPECIFIED.);
#2938=B_SPLINE_CURVE_WITH_KNOTS('',1,(#8375,#8376),.UNSPECIFIED.,.F.,.F.,
(2,2),(0.,2.330408789541),.UNSPECIFIED.);
#2939=B_SPLINE_CURVE_WITH_KNOTS('',1,(#8377,#8378),.UNSPECIFIED.,.F.,.F.,
(2,2),(0.,2.330408789541),.UNSPECIFIED.);
#2940=B_SPLINE_CURVE_WITH_KNOTS('',1,(#8379,#8380),.UNSPECIFIED.,.F.,.F.,
(2,2),(0.,19.249946189889),.UNSPECIFIED.);
#2941=B_SPLINE_CURVE_WITH_KNOTS('',1,(#8381,#8382),.UNSPECIFIED.,.F.,.F.,
(2,2),(0.,19.249946189889),.UNSPECIFIED.);
#2942=B_SPLINE_CURVE_WITH_KNOTS('',1,(#8383,#8384),.UNSPECIFIED.,.F.,.F.,
(2,2),(0.,28.8745921661573),.UNSPECIFIED.);
#2943=B_SPLINE_CURVE_WITH_KNOTS('',1,(#8385,#8386),.UNSPECIFIED.,.F.,.F.,
(2,2),(0.,28.8745921661573),.UNSPECIFIED.);
#2944=B_SPLINE_CURVE_WITH_KNOTS('',1,(#8393,#8394),.UNSPECIFIED.,.F.,.F.,
(2,2),(0.,12.08696043144),.UNSPECIFIED.);
#2945=B_SPLINE_CURVE_WITH_KNOTS('',1,(#8401,#8402),.UNSPECIFIED.,.F.,.F.,
(2,2),(0.,28.8745921661592),.UNSPECIFIED.);
#2946=B_SPLINE_CURVE_WITH_KNOTS('',1,(#8403,#8404),.UNSPECIFIED.,.F.,.F.,
(2,2),(0.,28.8745921661592),.UNSPECIFIED.);
#2947=B_SPLINE_CURVE_WITH_KNOTS('',1,(#8405,#8406),.UNSPECIFIED.,.F.,.F.,
(2,2),(0.,24.),.UNSPECIFIED.);
#2948=B_SPLINE_CURVE_WITH_KNOTS('',1,(#8410,#8411),.UNSPECIFIED.,.F.,.F.,
(2,2),(0.,3.45659421431707),.UNSPECIFIED.);
#2949=B_SPLINE_CURVE_WITH_KNOTS('',1,(#8412,#8413),.UNSPECIFIED.,.F.,.F.,
(2,2),(0.,24.),.UNSPECIFIED.);
#2950=B_SPLINE_CURVE_WITH_KNOTS('',1,(#8414,#8415),.UNSPECIFIED.,.F.,.F.,
(2,2),(0.,24.),.UNSPECIFIED.);
#2951=B_SPLINE_CURVE_WITH_KNOTS('',1,(#8416,#8417),.UNSPECIFIED.,.F.,.F.,
(2,2),(-3.45659421431681,0.),.UNSPECIFIED.);
#2952=B_SPLINE_CURVE_WITH_KNOTS('',1,(#8418,#8419),.UNSPECIFIED.,.F.,.F.,
(2,2),(-1.99999999999929,0.),.UNSPECIFIED.);
#2953=B_SPLINE_CURVE_WITH_KNOTS('',1,(#8420,#8421),.UNSPECIFIED.,.F.,.F.,
(2,2),(0.,24.),.UNSPECIFIED.);
#2954=B_SPLINE_CURVE_WITH_KNOTS('',1,(#8422,#8423),.UNSPECIFIED.,.F.,.F.,
(2,2),(0.,1.99999999999929),.UNSPECIFIED.);
#2955=B_SPLINE_CURVE_WITH_KNOTS('',1,(#8424,#8425),.UNSPECIFIED.,.F.,.F.,
(2,2),(0.,1.99999999999929),.UNSPECIFIED.);
#2956=B_SPLINE_CURVE_WITH_KNOTS('',1,(#8426,#8427),.UNSPECIFIED.,.F.,.F.,
(2,2),(0.,24.),.UNSPECIFIED.);
#2957=B_SPLINE_CURVE_WITH_KNOTS('',1,(#8428,#8429),.UNSPECIFIED.,.F.,.F.,
(2,2),(0.,4.62290676281119),.UNSPECIFIED.);
#2958=B_SPLINE_CURVE_WITH_KNOTS('',1,(#8430,#8431),.UNSPECIFIED.,.F.,.F.,
(2,2),(0.,2.00000000000257),.UNSPECIFIED.);
#2959=B_SPLINE_CURVE_WITH_KNOTS('',1,(#8432,#8433),.UNSPECIFIED.,.F.,.F.,
(2,2),(0.,1.99999999999929),.UNSPECIFIED.);
#2960=B_SPLINE_CURVE_WITH_KNOTS('',1,(#8437,#8438),.UNSPECIFIED.,.F.,.F.,
(2,2),(0.,1.41691716985823),.UNSPECIFIED.);
#2961=B_SPLINE_CURVE_WITH_KNOTS('',1,(#8439,#8440),.UNSPECIFIED.,.F.,.F.,
(2,2),(0.,55.6475353697496),.UNSPECIFIED.);
#2962=B_SPLINE_CURVE_WITH_KNOTS('',1,(#8441,#8442),.UNSPECIFIED.,.F.,.F.,
(2,2),(-1.41421356236669,0.),.UNSPECIFIED.);
#2963=B_SPLINE_CURVE_WITH_KNOTS('',1,(#8443,#8444),.UNSPECIFIED.,.F.,.F.,
(2,2),(-1.41421356236669,0.),.UNSPECIFIED.);
#2964=B_SPLINE_CURVE_WITH_KNOTS('',1,(#8445,#8446),.UNSPECIFIED.,.F.,.F.,
(2,2),(0.,41.2786473780929),.UNSPECIFIED.);
#2965=B_SPLINE_CURVE_WITH_KNOTS('',1,(#8447,#8448),.UNSPECIFIED.,.F.,.F.,
(2,2),(0.,41.2786473780929),.UNSPECIFIED.);
#2966=B_SPLINE_CURVE_WITH_KNOTS('',1,(#8449,#8450),.UNSPECIFIED.,.F.,.F.,
(2,2),(0.,14.4563766551848),.UNSPECIFIED.);
#2967=B_SPLINE_CURVE_WITH_KNOTS('',1,(#8454,#8455),.UNSPECIFIED.,.F.,.F.,
(2,2),(0.,10.9959740882003),.UNSPECIFIED.);
#2968=B_SPLINE_CURVE_WITH_KNOTS('',1,(#8456,#8457),.UNSPECIFIED.,.F.,.F.,
(2,2),(-1.41421356236669,0.),.UNSPECIFIED.);
#2969=B_SPLINE_CURVE_WITH_KNOTS('',1,(#8458,#8459),.UNSPECIFIED.,.F.,.F.,
(2,2),(-9.16331174017333,0.),.UNSPECIFIED.);
#2970=B_SPLINE_CURVE_WITH_KNOTS('',1,(#8460,#8461),.UNSPECIFIED.,.F.,.F.,
(2,2),(0.,1.41421356237475),.UNSPECIFIED.);
#2971=B_SPLINE_CURVE_WITH_KNOTS('',1,(#8462,#8463),.UNSPECIFIED.,.F.,.F.,
(2,2),(0.,1.41421356237475),.UNSPECIFIED.);
#2972=B_SPLINE_CURVE_WITH_KNOTS('',1,(#8464,#8465),.UNSPECIFIED.,.F.,.F.,
(2,2),(0.,1.41421356237475),.UNSPECIFIED.);
#2973=B_SPLINE_CURVE_WITH_KNOTS('',1,(#8466,#8467),.UNSPECIFIED.,.F.,.F.,
(2,2),(0.,1.41421356237475),.UNSPECIFIED.);
#2974=B_SPLINE_CURVE_WITH_KNOTS('',1,(#8468,#8469),.UNSPECIFIED.,.F.,.F.,
(2,2),(0.,2.330408789541),.UNSPECIFIED.);
#2975=B_SPLINE_CURVE_WITH_KNOTS('',1,(#8470,#8471),.UNSPECIFIED.,.F.,.F.,
(2,2),(0.,2.330408789541),.UNSPECIFIED.);
#2976=B_SPLINE_CURVE_WITH_KNOTS('',1,(#8472,#8473),.UNSPECIFIED.,.F.,.F.,
(2,2),(0.,1.41421356237475),.UNSPECIFIED.);
#2977=B_SPLINE_CURVE_WITH_KNOTS('',1,(#8474,#8475),.UNSPECIFIED.,.F.,.F.,
(2,2),(0.,2.330408789541),.UNSPECIFIED.);
#2978=B_SPLINE_CURVE_WITH_KNOTS('',1,(#8479,#8480),.UNSPECIFIED.,.F.,.F.,
(2,2),(0.,10.9959740882142),.UNSPECIFIED.);
#2979=B_SPLINE_CURVE_WITH_KNOTS('',1,(#8481,#8482),.UNSPECIFIED.,.F.,.F.,
(2,2),(0.,1.41421356237475),.UNSPECIFIED.);
#2980=B_SPLINE_CURVE_WITH_KNOTS('',1,(#8483,#8484),.UNSPECIFIED.,.F.,.F.,
(2,2),(-9.16331174016835,0.),.UNSPECIFIED.);
#2981=B_SPLINE_CURVE_WITH_KNOTS('',1,(#8485,#8486),.UNSPECIFIED.,.F.,.F.,
(2,2),(0.,1.4142135623681),.UNSPECIFIED.);
#2982=B_SPLINE_CURVE_WITH_KNOTS('',1,(#8487,#8488),.UNSPECIFIED.,.F.,.F.,
(2,2),(0.,1.4142135623681),.UNSPECIFIED.);
#2983=B_SPLINE_CURVE_WITH_KNOTS('',1,(#8489,#8490),.UNSPECIFIED.,.F.,.F.,
(2,2),(0.,1.41691716985184),.UNSPECIFIED.);
#2984=B_SPLINE_CURVE_WITH_KNOTS('',1,(#8491,#8492),.UNSPECIFIED.,.F.,.F.,
(2,2),(0.,14.4563766559462),.UNSPECIFIED.);
#2985=B_SPLINE_CURVE_WITH_KNOTS('',1,(#8493,#8494),.UNSPECIFIED.,.F.,.F.,
(2,2),(0.,41.2786473773316),.UNSPECIFIED.);
#2986=B_SPLINE_CURVE_WITH_KNOTS('',1,(#8495,#8496),.UNSPECIFIED.,.F.,.F.,
(2,2),(0.,41.2786473773316),.UNSPECIFIED.);
#2987=B_SPLINE_CURVE_WITH_KNOTS('',1,(#8497,#8498),.UNSPECIFIED.,.F.,.F.,
(2,2),(0.,1.4142135623681),.UNSPECIFIED.);
#2988=B_SPLINE_CURVE_WITH_KNOTS('',1,(#8499,#8500),.UNSPECIFIED.,.F.,.F.,
(2,2),(0.,55.6475353697506),.UNSPECIFIED.);
#2989=B_SPLINE_CURVE_WITH_KNOTS('',1,(#8501,#8502),.UNSPECIFIED.,.F.,.F.,
(2,2),(0.,9.91284442116382),.UNSPECIFIED.);
#2990=B_SPLINE_CURVE_WITH_KNOTS('',1,(#8503,#8504),.UNSPECIFIED.,.F.,.F.,
(2,2),(0.,9.91284442116382),.UNSPECIFIED.);
#2991=B_SPLINE_CURVE_WITH_KNOTS('',1,(#8505,#8506),.UNSPECIFIED.,.F.,.F.,
(2,2),(0.,10.9959740882003),.UNSPECIFIED.);
#2992=B_SPLINE_CURVE_WITH_KNOTS('',1,(#8507,#8508),.UNSPECIFIED.,.F.,.F.,
(2,2),(0.,6.45861889876522),.UNSPECIFIED.);
#2993=B_SPLINE_CURVE_WITH_KNOTS('',1,(#8509,#8510),.UNSPECIFIED.,.F.,.F.,
(2,2),(0.,6.45861889876522),.UNSPECIFIED.);
#2994=B_SPLINE_CURVE_WITH_KNOTS('',3,(#8511,#8512,#8513,#8514,#8515,#8516,
#8517,#8518,#8519,#8520,#8521,#8522,#8523,#8524,#8525,#8526,#8527,#8528,
#8529,#8530,#8531,#8532,#8533,#8534,#8535,#8536,#8537,#8538),
 .UNSPECIFIED.,.F.,.F.,(4,3,3,3,3,3,3,3,3,4),(-6.49637441774748,-6.2987397734495,
-6.2706910347252,-6.24185986412017,-6.181860513484,-6.05270474733566,-5.42878073821554,
-3.87638396453256,-1.9760142284227,0.),.UNSPECIFIED.);
#2995=B_SPLINE_CURVE_WITH_KNOTS('',3,(#8539,#8540,#8541,#8542),
 .UNSPECIFIED.,.F.,.F.,(4,4),(0.,3.32091439442632),.UNSPECIFIED.);
#2996=B_SPLINE_CURVE_WITH_KNOTS('',1,(#8543,#8544),.UNSPECIFIED.,.F.,.F.,
(2,2),(0.,6.45861889876522),.UNSPECIFIED.);
#2997=B_SPLINE_CURVE_WITH_KNOTS('',1,(#8545,#8546),.UNSPECIFIED.,.F.,.F.,
(2,2),(0.,2.330408789541),.UNSPECIFIED.);
#2998=B_SPLINE_CURVE_WITH_KNOTS('',1,(#8547,#8548),.UNSPECIFIED.,.F.,.F.,
(2,2),(0.,6.45861889876522),.UNSPECIFIED.);
#2999=B_SPLINE_CURVE_WITH_KNOTS('',1,(#8549,#8550),.UNSPECIFIED.,.F.,.F.,
(2,2),(0.,6.45861889876522),.UNSPECIFIED.);
#3000=B_SPLINE_CURVE_WITH_KNOTS('',1,(#8551,#8552),.UNSPECIFIED.,.F.,.F.,
(2,2),(0.,2.330408789541),.UNSPECIFIED.);
#3001=B_SPLINE_CURVE_WITH_KNOTS('',1,(#8553,#8554),.UNSPECIFIED.,.F.,.F.,
(2,2),(0.,6.45861889876522),.UNSPECIFIED.);
#3002=B_SPLINE_CURVE_WITH_KNOTS('',1,(#8555,#8556),.UNSPECIFIED.,.F.,.F.,
(2,2),(0.,10.9959740882142),.UNSPECIFIED.);
#3003=B_SPLINE_CURVE_WITH_KNOTS('',1,(#8557,#8558),.UNSPECIFIED.,.F.,.F.,
(2,2),(0.,9.91284442116382),.UNSPECIFIED.);
#3004=B_SPLINE_CURVE_WITH_KNOTS('',1,(#8559,#8560),.UNSPECIFIED.,.F.,.F.,
(2,2),(0.,9.91284442116382),.UNSPECIFIED.);
#3005=B_SPLINE_CURVE_WITH_KNOTS('',3,(#8561,#8562,#8563,#8564),
 .UNSPECIFIED.,.F.,.F.,(4,4),(0.,3.32091439443019),.UNSPECIFIED.);
#3006=B_SPLINE_CURVE_WITH_KNOTS('',3,(#8565,#8566,#8567,#8568,#8569,#8570,
#8571,#8572,#8573,#8574,#8575,#8576,#8577,#8578,#8579,#8580,#8581,#8582,
#8583,#8584,#8585,#8586,#8587,#8588,#8589,#8590,#8591,#8592,#8593,#8594,
#8595),.UNSPECIFIED.,.F.,.F.,(4,3,3,3,3,3,3,3,3,3,4),(-6.49637441774851,
-4.52035995803687,-2.6199899991984,-1.06759304416635,-0.443668962076183,
-0.31451318082254,-0.254513823169191,-0.225682649192233,-0.211561074930182,
-0.197635683170163,0.),.UNSPECIFIED.);
#3007=B_SPLINE_CURVE_WITH_KNOTS('',1,(#8596,#8597),.UNSPECIFIED.,.F.,.F.,
(2,2),(0.,19.249946189889),.UNSPECIFIED.);
#3008=B_SPLINE_CURVE_WITH_KNOTS('',3,(#8598,#8599,#8600,#8601),
 .UNSPECIFIED.,.F.,.F.,(4,4),(-11.8774236102953,0.),.UNSPECIFIED.);
#3009=B_SPLINE_CURVE_WITH_KNOTS('',3,(#8602,#8603,#8604,#8605),
 .UNSPECIFIED.,.F.,.F.,(4,4),(-11.8774236102953,0.),.UNSPECIFIED.);
#3010=B_SPLINE_CURVE_WITH_KNOTS('',3,(#8606,#8607,#8608,#8609),
 .UNSPECIFIED.,.F.,.F.,(4,4),(0.,15.4127273052808),.UNSPECIFIED.);
#3011=B_SPLINE_CURVE_WITH_KNOTS('',1,(#8610,#8611),.UNSPECIFIED.,.F.,.F.,
(2,2),(0.,5.00735356189796),.UNSPECIFIED.);
#3012=B_SPLINE_CURVE_WITH_KNOTS('',1,(#8612,#8613),.UNSPECIFIED.,.F.,.F.,
(2,2),(0.,24.),.UNSPECIFIED.);
#3013=B_SPLINE_CURVE_WITH_KNOTS('',1,(#8614,#8615),.UNSPECIFIED.,.F.,.F.,
(2,2),(0.,5.00735356189796),.UNSPECIFIED.);
#3014=B_SPLINE_CURVE_WITH_KNOTS('',3,(#8616,#8617,#8618,#8619),
 .UNSPECIFIED.,.F.,.F.,(4,4),(0.,15.4127273044272),.UNSPECIFIED.);
#3015=B_SPLINE_CURVE_WITH_KNOTS('',3,(#8620,#8621,#8622,#8623),
 .UNSPECIFIED.,.F.,.F.,(4,4),(-11.8774236111509,0.),.UNSPECIFIED.);
#3016=B_SPLINE_CURVE_WITH_KNOTS('',3,(#8624,#8625,#8626,#8627),
 .UNSPECIFIED.,.F.,.F.,(4,4),(-11.8774236111509,0.),.UNSPECIFIED.);
#3017=B_SPLINE_CURVE_WITH_KNOTS('',1,(#8628,#8629),.UNSPECIFIED.,.F.,.F.,
(2,2),(0.,41.2786473780929),.UNSPECIFIED.);
#3018=B_SPLINE_CURVE_WITH_KNOTS('',1,(#8630,#8631),.UNSPECIFIED.,.F.,.F.,
(2,2),(0.,9.91284442116382),.UNSPECIFIED.);
#3019=B_SPLINE_CURVE_WITH_KNOTS('',1,(#8632,#8633),.UNSPECIFIED.,.F.,.F.,
(2,2),(0.,28.8745921661573),.UNSPECIFIED.);
#3020=B_SPLINE_CURVE_WITH_KNOTS('',3,(#8634,#8635,#8636,#8637),
 .UNSPECIFIED.,.F.,.F.,(4,4),(-11.8774236111509,0.),.UNSPECIFIED.);
#3021=B_SPLINE_CURVE_WITH_KNOTS('',3,(#8638,#8639,#8640,#8641),
 .UNSPECIFIED.,.F.,.F.,(4,4),(-15.3117462112046,0.),.UNSPECIFIED.);
#3022=B_SPLINE_CURVE_WITH_KNOTS('',3,(#8642,#8643,#8644,#8645),
 .UNSPECIFIED.,.F.,.F.,(4,4),(-11.8774236102953,0.),.UNSPECIFIED.);
#3023=B_SPLINE_CURVE_WITH_KNOTS('',1,(#8646,#8647),.UNSPECIFIED.,.F.,.F.,
(2,2),(0.,28.8745921661592),.UNSPECIFIED.);
#3024=B_SPLINE_CURVE_WITH_KNOTS('',1,(#8648,#8649),.UNSPECIFIED.,.F.,.F.,
(2,2),(0.,9.91284442116382),.UNSPECIFIED.);
#3025=B_SPLINE_CURVE_WITH_KNOTS('',1,(#8650,#8651),.UNSPECIFIED.,.F.,.F.,
(2,2),(0.,41.2786473773316),.UNSPECIFIED.);
#3026=B_SPLINE_CURVE_WITH_KNOTS('',3,(#8652,#8653,#8654,#8655),
 .UNSPECIFIED.,.F.,.F.,(4,4),(-15.3117462111652,0.),.UNSPECIFIED.);
#3027=B_SPLINE_CURVE_WITH_KNOTS('',1,(#8658,#8659),.UNSPECIFIED.,.F.,.F.,
(2,2),(3.09850816216935,5.5),.UNSPECIFIED.);
#3028=B_SPLINE_CURVE_WITH_KNOTS('',1,(#8665,#8666),.UNSPECIFIED.,.F.,.F.,
(2,2),(0.,5.99999999999747),.UNSPECIFIED.);
#3029=B_SPLINE_CURVE_WITH_KNOTS('',1,(#8669,#8670),.UNSPECIFIED.,.F.,.F.,
(2,2),(-5.5,-3.09850816216934),.UNSPECIFIED.);
#3030=B_SPLINE_CURVE_WITH_KNOTS('',1,(#8671,#8672),.UNSPECIFIED.,.F.,.F.,
(2,2),(-5.99999999999548,0.),.UNSPECIFIED.);
#3031=B_SPLINE_CURVE_WITH_KNOTS('',1,(#8673,#8674),.UNSPECIFIED.,.F.,.F.,
(2,2),(-5.5,-3.09850816216934),.UNSPECIFIED.);
#3032=B_SPLINE_CURVE_WITH_KNOTS('',1,(#8680,#8681),.UNSPECIFIED.,.F.,.F.,
(2,2),(0.,5.99999999999559),.UNSPECIFIED.);
#3033=B_SPLINE_CURVE_WITH_KNOTS('',1,(#8682,#8683),.UNSPECIFIED.,.F.,.F.,
(2,2),(3.09850816216935,5.5),.UNSPECIFIED.);
#3034=B_SPLINE_CURVE_WITH_KNOTS('',1,(#8684,#8685),.UNSPECIFIED.,.F.,.F.,
(2,2),(-5.99999999999589,0.),.UNSPECIFIED.);
#3035=B_SPLINE_CURVE_WITH_KNOTS('',1,(#8688,#8689),.UNSPECIFIED.,.F.,.F.,
(2,2),(3.09850816216904,5.49999999999901),.UNSPECIFIED.);
#3036=B_SPLINE_CURVE_WITH_KNOTS('',1,(#8695,#8696),.UNSPECIFIED.,.F.,.F.,
(2,2),(0.,5.99999999999679),.UNSPECIFIED.);
#3037=B_SPLINE_CURVE_WITH_KNOTS('',1,(#8699,#8700),.UNSPECIFIED.,.F.,.F.,
(2,2),(0.,2.40149183783065),.UNSPECIFIED.);
#3038=B_SPLINE_CURVE_WITH_KNOTS('',1,(#8701,#8702),.UNSPECIFIED.,.F.,.F.,
(2,2),(-5.99999999999676,0.),.UNSPECIFIED.);
#3039=B_SPLINE_CURVE_WITH_KNOTS('',1,(#8703,#8704),.UNSPECIFIED.,.F.,.F.,
(2,2),(0.,2.40149183783065),.UNSPECIFIED.);
#3040=B_SPLINE_CURVE_WITH_KNOTS('',1,(#8710,#8711),.UNSPECIFIED.,.F.,.F.,
(2,2),(0.,5.99999999999755),.UNSPECIFIED.);
#3041=B_SPLINE_CURVE_WITH_KNOTS('',1,(#8712,#8713),.UNSPECIFIED.,.F.,.F.,
(2,2),(3.09850816216904,5.49999999999901),.UNSPECIFIED.);
#3042=B_SPLINE_CURVE_WITH_KNOTS('',1,(#8714,#8715),.UNSPECIFIED.,.F.,.F.,
(2,2),(-5.99999999999481,0.),.UNSPECIFIED.);
#3043=B_SPLINE_CURVE_WITH_KNOTS('',1,(#8718,#8719),.UNSPECIFIED.,.F.,.F.,
(2,2),(3.09850816216935,5.5),.UNSPECIFIED.);
#3044=B_SPLINE_CURVE_WITH_KNOTS('',1,(#8725,#8726),.UNSPECIFIED.,.F.,.F.,
(2,2),(0.,6.00000000001985),.UNSPECIFIED.);
#3045=B_SPLINE_CURVE_WITH_KNOTS('',1,(#8729,#8730),.UNSPECIFIED.,.F.,.F.,
(2,2),(0.,2.40149183783067),.UNSPECIFIED.);
#3046=B_SPLINE_CURVE_WITH_KNOTS('',1,(#8731,#8732),.UNSPECIFIED.,.F.,.F.,
(2,2),(-6.00000000001286,0.),.UNSPECIFIED.);
#3047=B_SPLINE_CURVE_WITH_KNOTS('',1,(#8733,#8734),.UNSPECIFIED.,.F.,.F.,
(2,2),(0.,2.40149183783067),.UNSPECIFIED.);
#3048=B_SPLINE_CURVE_WITH_KNOTS('',1,(#8740,#8741),.UNSPECIFIED.,.F.,.F.,
(2,2),(0.,6.00000000001527),.UNSPECIFIED.);
#3049=B_SPLINE_CURVE_WITH_KNOTS('',1,(#8742,#8743),.UNSPECIFIED.,.F.,.F.,
(2,2),(3.09850816216935,5.5),.UNSPECIFIED.);
#3050=B_SPLINE_CURVE_WITH_KNOTS('',1,(#8744,#8745),.UNSPECIFIED.,.F.,.F.,
(2,2),(-6.00000000001674,0.),.UNSPECIFIED.);
#3051=B_SPLINE_CURVE_WITH_KNOTS('',1,(#8748,#8749),.UNSPECIFIED.,.F.,.F.,
(2,2),(3.09850816216934,5.5),.UNSPECIFIED.);
#3052=B_SPLINE_CURVE_WITH_KNOTS('',1,(#8755,#8756),.UNSPECIFIED.,.F.,.F.,
(2,2),(0.,5.99999999999555),.UNSPECIFIED.);
#3053=B_SPLINE_CURVE_WITH_KNOTS('',1,(#8759,#8760),.UNSPECIFIED.,.F.,.F.,
(2,2),(0.,2.40149183783268),.UNSPECIFIED.);
#3054=B_SPLINE_CURVE_WITH_KNOTS('',1,(#8761,#8762),.UNSPECIFIED.,.F.,.F.,
(2,2),(-5.99999999999191,0.),.UNSPECIFIED.);
#3055=B_SPLINE_CURVE_WITH_KNOTS('',1,(#8763,#8764),.UNSPECIFIED.,.F.,.F.,
(2,2),(0.,2.40149183783268),.UNSPECIFIED.);
#3056=B_SPLINE_CURVE_WITH_KNOTS('',1,(#8770,#8771),.UNSPECIFIED.,.F.,.F.,
(2,2),(0.,5.99999999999716),.UNSPECIFIED.);
#3057=B_SPLINE_CURVE_WITH_KNOTS('',1,(#8772,#8773),.UNSPECIFIED.,.F.,.F.,
(2,2),(3.09850816216934,5.5),.UNSPECIFIED.);
#3058=B_SPLINE_CURVE_WITH_KNOTS('',1,(#8774,#8775),.UNSPECIFIED.,.F.,.F.,
(2,2),(-5.99999999999507,0.),.UNSPECIFIED.);
#3059=B_SPLINE_CURVE_WITH_KNOTS('',1,(#8778,#8779),.UNSPECIFIED.,.F.,.F.,
(2,2),(-2.40315415303513,0.),.UNSPECIFIED.);
#3060=B_SPLINE_CURVE_WITH_KNOTS('',1,(#8780,#8781),.UNSPECIFIED.,.F.,.F.,
(2,2),(-4.87469676732962,-0.0436945282583702),.UNSPECIFIED.);
#3061=B_SPLINE_CURVE_WITH_KNOTS('',1,(#8784,#8785),.UNSPECIFIED.,.F.,.F.,
(2,2),(0.,2.40569120393254),.UNSPECIFIED.);
#3062=B_SPLINE_CURVE_WITH_KNOTS('',1,(#8786,#8787),.UNSPECIFIED.,.F.,.F.,
(2,2),(0.,6.0000011953696),.UNSPECIFIED.);
#3063=B_SPLINE_CURVE_WITH_KNOTS('',1,(#8788,#8789),.UNSPECIFIED.,.F.,.F.,
(2,2),(0.,2.40569120393254),.UNSPECIFIED.);
#3064=B_SPLINE_CURVE_WITH_KNOTS('',1,(#8790,#8791),.UNSPECIFIED.,.F.,.F.,
(2,2),(-4.87480583562479,-0.043710297903307),.UNSPECIFIED.);
#3065=B_SPLINE_CURVE_WITH_KNOTS('',1,(#8792,#8793),.UNSPECIFIED.,.F.,.F.,
(2,2),(-2.40315415303513,0.),.UNSPECIFIED.);
#3066=B_SPLINE_CURVE_WITH_KNOTS('',1,(#8794,#8795),.UNSPECIFIED.,.F.,.F.,
(2,2),(0.,6.00000119537208),.UNSPECIFIED.);
#3067=B_SPLINE_CURVE_WITH_KNOTS('',1,(#8798,#8799),.UNSPECIFIED.,.F.,.F.,
(2,2),(-2.40314627651434,0.),.UNSPECIFIED.);
#3068=B_SPLINE_CURVE_WITH_KNOTS('',1,(#8800,#8801),.UNSPECIFIED.,.F.,.F.,
(2,2),(-4.87469676825226,-0.0436945280897305),.UNSPECIFIED.);
#3069=B_SPLINE_CURVE_WITH_KNOTS('',1,(#8804,#8805),.UNSPECIFIED.,.F.,.F.,
(2,2),(-5.49879711208863,-3.09312210281001),.UNSPECIFIED.);
#3070=B_SPLINE_CURVE_WITH_KNOTS('',1,(#8806,#8807),.UNSPECIFIED.,.F.,.F.,
(2,2),(0.,6.00000119537912),.UNSPECIFIED.);
#3071=B_SPLINE_CURVE_WITH_KNOTS('',1,(#8808,#8809),.UNSPECIFIED.,.F.,.F.,
(2,2),(-5.49879711208863,-3.09312210281001),.UNSPECIFIED.);
#3072=B_SPLINE_CURVE_WITH_KNOTS('',1,(#8810,#8811),.UNSPECIFIED.,.F.,.F.,
(2,2),(-4.87480583535276,-0.0437102987385197),.UNSPECIFIED.);
#3073=B_SPLINE_CURVE_WITH_KNOTS('',1,(#8812,#8813),.UNSPECIFIED.,.F.,.F.,
(2,2),(-2.40314627651434,0.),.UNSPECIFIED.);
#3074=B_SPLINE_CURVE_WITH_KNOTS('',1,(#8814,#8815),.UNSPECIFIED.,.F.,.F.,
(2,2),(0.,6.00000119535822),.UNSPECIFIED.);
#3075=B_SPLINE_CURVE_WITH_KNOTS('',1,(#8821,#8822),.UNSPECIFIED.,.F.,.F.,
(2,2),(-8.95353906273091,0.),.UNSPECIFIED.);
#3076=B_SPLINE_CURVE_WITH_KNOTS('',1,(#8825,#8826),.UNSPECIFIED.,.F.,.F.,
(2,2),(0.,65.242134986256),.UNSPECIFIED.);
#3077=B_SPLINE_CURVE_WITH_KNOTS('',1,(#8827,#8828),.UNSPECIFIED.,.F.,.F.,
(2,2),(-8.95353906273091,0.),.UNSPECIFIED.);
#3078=B_SPLINE_CURVE_WITH_KNOTS('',1,(#8831,#8832),.UNSPECIFIED.,.F.,.F.,
(2,2),(-65.242134986256,0.),.UNSPECIFIED.);
#3079=B_SPLINE_CURVE_WITH_KNOTS('',1,(#8863,#8864),.UNSPECIFIED.,.F.,.F.,
(2,2),(-8.95353906273091,0.),.UNSPECIFIED.);
#3080=B_SPLINE_CURVE_WITH_KNOTS('',1,(#8867,#8868),.UNSPECIFIED.,.F.,.F.,
(2,2),(0.,65.242134986256),.UNSPECIFIED.);
#3081=B_SPLINE_CURVE_WITH_KNOTS('',1,(#8869,#8870),.UNSPECIFIED.,.F.,.F.,
(2,2),(-6.91328331188016,0.),.UNSPECIFIED.);
#3082=B_SPLINE_CURVE_WITH_KNOTS('',1,(#8871,#8872),.UNSPECIFIED.,.F.,.F.,
(2,2),(-8.95353890149378,-6.91328331186039),.UNSPECIFIED.);
#3083=B_SPLINE_CURVE_WITH_KNOTS('',1,(#8875,#8876),.UNSPECIFIED.,.F.,.F.,
(2,2),(-65.2421349862564,0.),.UNSPECIFIED.);
#3084=B_SPLINE_CURVE_WITH_KNOTS('',1,(#8907,#8908),.UNSPECIFIED.,.F.,.F.,
(2,2),(-8.95353906273091,0.),.UNSPECIFIED.);
#3085=B_SPLINE_CURVE_WITH_KNOTS('',1,(#8911,#8912),.UNSPECIFIED.,.F.,.F.,
(2,2),(0.,65.242134986256),.UNSPECIFIED.);
#3086=B_SPLINE_CURVE_WITH_KNOTS('',1,(#8913,#8914),.UNSPECIFIED.,.F.,.F.,
(2,2),(-2.40863783528107,0.),.UNSPECIFIED.);
#3087=B_SPLINE_CURVE_WITH_KNOTS('',1,(#8915,#8916),.UNSPECIFIED.,.F.,.F.,
(2,2),(-6.54492454792324,-2.40863783526409),.UNSPECIFIED.);
#3088=B_SPLINE_CURVE_WITH_KNOTS('',1,(#8917,#8918),.UNSPECIFIED.,.F.,.F.,
(2,2),(-8.95016514502657,-6.54492454790644),.UNSPECIFIED.);
#3089=B_SPLINE_CURVE_WITH_KNOTS('',1,(#8921,#8922),.UNSPECIFIED.,.F.,.F.,
(2,2),(-65.2421349862559,0.),.UNSPECIFIED.);
#3090=B_SPLINE_CURVE_WITH_KNOTS('',1,(#8953,#8954),.UNSPECIFIED.,.F.,.F.,
(2,2),(-8.95353906273091,0.),.UNSPECIFIED.);
#3091=B_SPLINE_CURVE_WITH_KNOTS('',1,(#8957,#8958),.UNSPECIFIED.,.F.,.F.,
(2,2),(0.,65.242134986256),.UNSPECIFIED.);
#3092=B_SPLINE_CURVE_WITH_KNOTS('',1,(#8959,#8960),.UNSPECIFIED.,.F.,.F.,
(2,2),(-8.95353906273091,0.),.UNSPECIFIED.);
#3093=B_SPLINE_CURVE_WITH_KNOTS('',1,(#8963,#8964),.UNSPECIFIED.,.F.,.F.,
(2,2),(-65.2421349862559,0.),.UNSPECIFIED.);
#3094=B_SPLINE_CURVE_WITH_KNOTS('',1,(#8990,#8991),.UNSPECIFIED.,.F.,.F.,
(2,2),(0.,8.95353906273091),.UNSPECIFIED.);
#3095=B_SPLINE_CURVE_WITH_KNOTS('',1,(#8994,#8995),.UNSPECIFIED.,.F.,.F.,
(2,2),(96.6043130614058,161.861131996053),.UNSPECIFIED.);
#3096=B_SPLINE_CURVE_WITH_KNOTS('',1,(#9001,#9002),.UNSPECIFIED.,.F.,.F.,
(2,2),(0.,8.95353906273091),.UNSPECIFIED.);
#3097=B_SPLINE_CURVE_WITH_KNOTS('',1,(#9005,#9006),.UNSPECIFIED.,.F.,.F.,
(2,2),(-161.861131996053,-96.6043130614057),.UNSPECIFIED.);
#3098=B_SPLINE_CURVE_WITH_KNOTS('',3,(#9022,#9023,#9024,#9025,#9026,#9027,
#9028,#9029,#9030,#9031,#9032,#9033,#9034,#9035,#9036,#9037),
 .UNSPECIFIED.,.F.,.F.,(4,3,3,3,3,4),(-4.87483071794559,-4.79445906094938,
-3.58584185817504,-2.37722014470278,-1.19191835827037,-0.0436877904299579),
 .UNSPECIFIED.);
#3099=B_SPLINE_CURVE_WITH_KNOTS('',3,(#9038,#9039,#9040,#9041,#9042,#9043,
#9044,#9045,#9046,#9047,#9048,#9049,#9050,#9051,#9052,#9053),
 .UNSPECIFIED.,.F.,.F.,(4,3,3,3,3,4),(-4.87483071794559,-4.79445906094938,
-3.58584185817504,-2.37722014470278,-1.19191835827037,-0.0436877904299579),
 .UNSPECIFIED.);
#3100=B_SPLINE_CURVE_WITH_KNOTS('',3,(#9054,#9055,#9056,#9057,#9058,#9059,
#9060,#9061,#9062,#9063,#9064,#9065,#9066,#9067,#9068,#9069),
 .UNSPECIFIED.,.F.,.F.,(4,3,3,3,3,4),(-4.87467450438642,-4.79439446189556,
-3.58577725912133,-2.37715554564871,-1.191891206757,-0.0437196908993941),
 .UNSPECIFIED.);
#3101=B_SPLINE_CURVE_WITH_KNOTS('',3,(#9070,#9071,#9072,#9073,#9074,#9075,
#9076,#9077,#9078,#9079,#9080,#9081,#9082,#9083,#9084,#9085),
 .UNSPECIFIED.,.F.,.F.,(4,3,3,3,3,4),(-4.87467450438642,-4.79439446189556,
-3.58577725912133,-2.37715554564871,-1.191891206757,-0.0437196908993941),
 .UNSPECIFIED.);
#3102=B_SPLINE_CURVE_WITH_KNOTS('',1,(#9088,#9089),.UNSPECIFIED.,.F.,.F.,
(2,2),(-2.26864788253799,-0.126199310559403),.UNSPECIFIED.);
#3103=B_SPLINE_CURVE_WITH_KNOTS('',3,(#9090,#9091,#9092,#9093,#9094,#9095,
#9096,#9097,#9098,#9099,#9100,#9101,#9102,#9103,#9104,#9105),
 .UNSPECIFIED.,.F.,.F.,(4,3,3,3,3,4),(0.043713627670529,1.19189120675657,
2.3771555456479,3.58577725912012,4.79439446189445,4.87467972131784),
 .UNSPECIFIED.);
#3104=B_SPLINE_CURVE_WITH_KNOTS('',3,(#9106,#9107,#9108,#9109,#9110,#9111,
#9112,#9113,#9114,#9115,#9116,#9117,#9118,#9119,#9120,#9121),
 .UNSPECIFIED.,.F.,.F.,(4,3,3,3,3,4),(0.043713627670529,1.18757878392348,
2.3740584753729,3.58391949171035,4.79377599272469,4.87467972131784),
 .UNSPECIFIED.);
#3105=B_SPLINE_CURVE_WITH_KNOTS('',1,(#9124,#9125),.UNSPECIFIED.,.F.,.F.,
(2,2),(0.132048024105218,2.27535430983363),.UNSPECIFIED.);
#3106=B_SPLINE_CURVE_WITH_KNOTS('',1,(#9126,#9127),.UNSPECIFIED.,.F.,.F.,
(2,2),(-6.00000119537967,0.),.UNSPECIFIED.);
#3107=B_SPLINE_CURVE_WITH_KNOTS('',1,(#9128,#9129),.UNSPECIFIED.,.F.,.F.,
(2,2),(0.132048024105218,2.27535430983363),.UNSPECIFIED.);
#3108=B_SPLINE_CURVE_WITH_KNOTS('',3,(#9130,#9131,#9132,#9133,#9134,#9135,
#9136,#9137,#9138,#9139,#9140,#9141,#9142,#9143,#9144,#9145),
 .UNSPECIFIED.,.F.,.F.,(4,3,3,3,3,4),(0.0436930821827876,1.19191835830654,
2.3772201447884,3.58584185826105,4.79445906103522,4.87482474038826),
 .UNSPECIFIED.);
#3109=B_SPLINE_CURVE_WITH_KNOTS('',3,(#9146,#9147,#9148,#9149,#9150,#9151,
#9152,#9153,#9154,#9155,#9156,#9157,#9158,#9159,#9160,#9161),
 .UNSPECIFIED.,.F.,.F.,(4,3,3,3,3,4),(0.0436930821827876,1.18759696232052,
2.37412236032332,3.58399175895928,4.79385664224029,4.87482474038826),
 .UNSPECIFIED.);
#3110=B_SPLINE_CURVE_WITH_KNOTS('',1,(#9162,#9163),.UNSPECIFIED.,.F.,.F.,
(2,2),(-2.26864788253799,-0.126199310559403),.UNSPECIFIED.);
#3111=B_SPLINE_CURVE_WITH_KNOTS('',1,(#9164,#9165),.UNSPECIFIED.,.F.,.F.,
(2,2),(-6.00000119536854,0.),.UNSPECIFIED.);
#3112=B_SPLINE_CURVE_WITH_KNOTS('',3,(#9181,#9182,#9183,#9184,#9185,#9186,
#9187,#9188,#9189,#9190,#9191,#9192,#9193,#9194,#9195,#9196),
 .UNSPECIFIED.,.F.,.F.,(4,3,3,3,3,4),(0.0436930821827876,1.19191835830654,
2.3772201447884,3.58584185826105,4.79445906103522,4.87482474038826),
 .UNSPECIFIED.);
#3113=B_SPLINE_CURVE_WITH_KNOTS('',3,(#9197,#9198,#9199,#9200,#9201,#9202,
#9203,#9204,#9205,#9206,#9207,#9208,#9209,#9210,#9211,#9212),
 .UNSPECIFIED.,.F.,.F.,(4,3,3,3,3,4),(0.043713627670529,1.19189120675657,
2.3771555456479,3.58577725912012,4.79439446189445,4.87467972131784),
 .UNSPECIFIED.);
#3114=B_SPLINE_CURVE_WITH_KNOTS('',1,(#9215,#9216),.UNSPECIFIED.,.F.,.F.,
(2,2),(-2.13793525930637,-0.16565494013773),.UNSPECIFIED.);
#3115=B_SPLINE_CURVE_WITH_KNOTS('',3,(#9217,#9218,#9219,#9220,#9221,#9222,
#9223,#9224,#9225,#9226,#9227,#9228,#9229,#9230,#9231,#9232),
 .UNSPECIFIED.,.F.,.F.,(4,3,3,3,3,4),(-4.87467450438642,-4.79377595575989,
-3.58391928171629,-2.37405809234845,-1.18757823121258,-0.0437196908993941),
 .UNSPECIFIED.);
#3116=B_SPLINE_CURVE_WITH_KNOTS('',1,(#9235,#9236),.UNSPECIFIED.,.F.,.F.,
(2,2),(0.171495326597078,2.14456521579337),.UNSPECIFIED.);
#3117=B_SPLINE_CURVE_WITH_KNOTS('',1,(#9237,#9238),.UNSPECIFIED.,.F.,.F.,
(2,2),(-6.00000119536972,0.),.UNSPECIFIED.);
#3118=B_SPLINE_CURVE_WITH_KNOTS('',1,(#9239,#9240),.UNSPECIFIED.,.F.,.F.,
(2,2),(0.171495326597078,2.14456521579337),.UNSPECIFIED.);
#3119=B_SPLINE_CURVE_WITH_KNOTS('',3,(#9241,#9242,#9243,#9244,#9245,#9246,
#9247,#9248,#9249,#9250,#9251,#9252,#9253,#9254,#9255,#9256),
 .UNSPECIFIED.,.F.,.F.,(4,3,3,3,3,4),(-4.87483071794559,-4.79386187798416,
-3.58399438678316,-2.37412238021801,-1.18759442465424,-0.0436877904299579),
 .UNSPECIFIED.);
#3120=B_SPLINE_CURVE_WITH_KNOTS('',1,(#9257,#9258),.UNSPECIFIED.,.F.,.F.,
(2,2),(-2.13793525930637,-0.16565494013773),.UNSPECIFIED.);
#3121=B_SPLINE_CURVE_WITH_KNOTS('',1,(#9259,#9260),.UNSPECIFIED.,.F.,.F.,
(2,2),(-6.00000119538061,0.),.UNSPECIFIED.);
#3122=B_SPLINE_CURVE_WITH_KNOTS('',1,(#9261,#9262),.UNSPECIFIED.,.F.,.F.,
(2,2),(-161.861131996053,-96.6023486453491),.UNSPECIFIED.);
#3123=B_SPLINE_CURVE_WITH_KNOTS('',1,(#9263,#9264),.UNSPECIFIED.,.F.,.F.,
(2,2),(-17.9070781254618,-8.95353906273091),.UNSPECIFIED.);
#3124=B_SPLINE_CURVE_WITH_KNOTS('',1,(#9265,#9266),.UNSPECIFIED.,.F.,.F.,
(2,2),(96.6043130614057,161.861131996053),.UNSPECIFIED.);
#3125=B_SPLINE_CURVE_WITH_KNOTS('',3,(#9267,#9268,#9269,#9270),
 .UNSPECIFIED.,.F.,.F.,(4,4),(10.9965461418031,17.9070781254618),
 .UNSPECIFIED.);
#3126=B_SPLINE_CURVE_WITH_KNOTS('',1,(#9271,#9272),.UNSPECIFIED.,.F.,.F.,
(2,2),(8.953537611075,10.9965461417846),.UNSPECIFIED.);
#3127=B_SPLINE_CURVE_WITH_KNOTS('',1,(#9273,#9274),.UNSPECIFIED.,.F.,.F.,
(2,2),(-161.861131996053,-96.6004496721929),.UNSPECIFIED.);
#3128=B_SPLINE_CURVE_WITH_KNOTS('',1,(#9275,#9276),.UNSPECIFIED.,.F.,.F.,
(2,2),(-17.9070781254618,-8.95353906273091),.UNSPECIFIED.);
#3129=B_SPLINE_CURVE_WITH_KNOTS('',1,(#9277,#9278),.UNSPECIFIED.,.F.,.F.,
(2,2),(96.6043130614058,161.861131996053),.UNSPECIFIED.);
#3130=B_SPLINE_CURVE_WITH_KNOTS('',3,(#9279,#9280,#9281,#9282),
 .UNSPECIFIED.,.F.,.F.,(4,4),(8.95005397448698,17.9070781254618),
 .UNSPECIFIED.);
#3131=B_SPLINE_CURVE_WITH_KNOTS('',1,(#9283,#9284),.UNSPECIFIED.,.F.,.F.,
(2,2),(-161.861131996053,-96.6043130614057),.UNSPECIFIED.);
#3132=B_SPLINE_CURVE_WITH_KNOTS('',1,(#9285,#9286),.UNSPECIFIED.,.F.,.F.,
(2,2),(-17.9070781254618,-8.95353906273091),.UNSPECIFIED.);
#3133=B_SPLINE_CURVE_WITH_KNOTS('',1,(#9287,#9288),.UNSPECIFIED.,.F.,.F.,
(2,2),(96.6043130614058,161.861131996053),.UNSPECIFIED.);
#3134=B_SPLINE_CURVE_WITH_KNOTS('',1,(#9289,#9290),.UNSPECIFIED.,.F.,.F.,
(2,2),(8.95353906273091,17.9070781254618),.UNSPECIFIED.);
#3135=B_SPLINE_CURVE_WITH_KNOTS('',1,(#9291,#9292),.UNSPECIFIED.,.F.,.F.,
(2,2),(-65.242134986256,0.),.UNSPECIFIED.);
#3136=B_SPLINE_CURVE_WITH_KNOTS('',1,(#9293,#9294),.UNSPECIFIED.,.F.,.F.,
(2,2),(-17.9070781254618,-8.95353906273091),.UNSPECIFIED.);
#3137=B_SPLINE_CURVE_WITH_KNOTS('',1,(#9295,#9296),.UNSPECIFIED.,.F.,.F.,
(2,2),(0.,65.242134986256),.UNSPECIFIED.);
#3138=B_SPLINE_CURVE_WITH_KNOTS('',1,(#9297,#9298),.UNSPECIFIED.,.F.,.F.,
(2,2),(8.95353906273091,17.9070781254618),.UNSPECIFIED.);
#3139=B_SPLINE_CURVE_WITH_KNOTS('',1,(#9299,#9300),.UNSPECIFIED.,.F.,.F.,
(2,2),(-65.2421349862564,0.),.UNSPECIFIED.);
#3140=B_SPLINE_CURVE_WITH_KNOTS('',1,(#9301,#9302),.UNSPECIFIED.,.F.,.F.,
(2,2),(-10.9938181422491,-8.95353890149378),.UNSPECIFIED.);
#3141=B_SPLINE_CURVE_WITH_KNOTS('',1,(#9303,#9304),.UNSPECIFIED.,.F.,.F.,
(2,2),(-17.9070781254618,-10.9938181422295),.UNSPECIFIED.);
#3142=B_SPLINE_CURVE_WITH_KNOTS('',1,(#9305,#9306),.UNSPECIFIED.,.F.,.F.,
(2,2),(0.,65.242134986256),.UNSPECIFIED.);
#3143=B_SPLINE_CURVE_WITH_KNOTS('',1,(#9307,#9308),.UNSPECIFIED.,.F.,.F.,
(2,2),(8.95353906273091,17.9070781254618),.UNSPECIFIED.);
#3144=B_SPLINE_CURVE_WITH_KNOTS('',1,(#9309,#9310),.UNSPECIFIED.,.F.,.F.,
(2,2),(-65.2421349862559,0.),.UNSPECIFIED.);
#3145=B_SPLINE_CURVE_WITH_KNOTS('',1,(#9311,#9312),.UNSPECIFIED.,.F.,.F.,
(2,2),(-17.9070781254618,-8.95016514502657),.UNSPECIFIED.);
#3146=B_SPLINE_CURVE_WITH_KNOTS('',1,(#9313,#9314),.UNSPECIFIED.,.F.,.F.,
(2,2),(0.,65.242134986256),.UNSPECIFIED.);
#3147=B_SPLINE_CURVE_WITH_KNOTS('',1,(#9315,#9316),.UNSPECIFIED.,.F.,.F.,
(2,2),(8.95353906273091,17.9070781254618),.UNSPECIFIED.);
#3148=B_SPLINE_CURVE_WITH_KNOTS('',1,(#9317,#9318),.UNSPECIFIED.,.F.,.F.,
(2,2),(-65.2421349862559,0.),.UNSPECIFIED.);
#3149=B_SPLINE_CURVE_WITH_KNOTS('',1,(#9319,#9320),.UNSPECIFIED.,.F.,.F.,
(2,2),(-17.9070781254618,-8.95353906273091),.UNSPECIFIED.);
#3150=B_SPLINE_CURVE_WITH_KNOTS('',1,(#9321,#9322),.UNSPECIFIED.,.F.,.F.,
(2,2),(0.,65.242134986256),.UNSPECIFIED.);
#3151=B_SPLINE_CURVE_WITH_KNOTS('',1,(#9323,#9324),.UNSPECIFIED.,.F.,.F.,
(2,2),(8.95353906273091,17.9070781254618),.UNSPECIFIED.);
#3152=B_SPLINE_CURVE_WITH_KNOTS('',1,(#9325,#9326),.UNSPECIFIED.,.F.,.F.,
(2,2),(-161.861131996053,-96.6043130614057),.UNSPECIFIED.);
#3153=B_SPLINE_CURVE_WITH_KNOTS('',1,(#9327,#9328),.UNSPECIFIED.,.F.,.F.,
(2,2),(-17.9070781254618,-8.95353906273091),.UNSPECIFIED.);
#3154=B_SPLINE_CURVE_WITH_KNOTS('',1,(#9329,#9330),.UNSPECIFIED.,.F.,.F.,
(2,2),(96.6043130614058,161.861131996053),.UNSPECIFIED.);
#3155=B_SPLINE_CURVE_WITH_KNOTS('',1,(#9331,#9332),.UNSPECIFIED.,.F.,.F.,
(2,2),(8.95353906273091,17.9070781254618),.UNSPECIFIED.);
#3156=SURFACE_CURVE('',#3818,(#1082,#1325),.PCURVE_S1.);
#3157=SURFACE_CURVE('',#3819,(#1083,#1191),.PCURVE_S1.);
#3158=SURFACE_CURVE('',#3820,(#1084,#1712),.PCURVE_S1.);
#3159=SURFACE_CURVE('',#3821,(#1085,#1088),.PCURVE_S1.);
#3160=SURFACE_CURVE('',#3822,(#1086,#1710),.PCURVE_S1.);
#3161=SURFACE_CURVE('',#3823,(#1087,#1711),.PCURVE_S1.);
#3162=SURFACE_CURVE('',#2411,(#1089,#1636),.PCURVE_S1.);
#3163=SURFACE_CURVE('',#2413,(#1090,#1632),.PCURVE_S1.);
#3164=SURFACE_CURVE('',#3826,(#1091,#1197),.PCURVE_S1.);
#3165=SURFACE_CURVE('',#3827,(#1092,#1319),.PCURVE_S1.);
#3166=SURFACE_CURVE('',#3828,(#1093,#1199),.PCURVE_S1.);
#3167=SURFACE_CURVE('',#3829,(#1094,#1717),.PCURVE_S1.);
#3168=SURFACE_CURVE('',#3830,(#1095,#1098),.PCURVE_S1.);
#3169=SURFACE_CURVE('',#3831,(#1096,#1715),.PCURVE_S1.);
#3170=SURFACE_CURVE('',#3832,(#1097,#1716),.PCURVE_S1.);
#3171=SURFACE_CURVE('',#2421,(#1099,#1644),.PCURVE_S1.);
#3172=SURFACE_CURVE('',#2423,(#1100,#1640),.PCURVE_S1.);
#3173=SURFACE_CURVE('',#3835,(#1101,#1203),.PCURVE_S1.);
#3174=SURFACE_CURVE('',#3836,(#1102,#1721),.PCURVE_S1.);
#3175=SURFACE_CURVE('',#3837,(#1103,#1699),.PCURVE_S1.);
#3176=SURFACE_CURVE('',#3838,(#1104,#1719),.PCURVE_S1.);
#3177=SURFACE_CURVE('',#2429,(#1105,#1480),.PCURVE_S1.);
#3178=SURFACE_CURVE('',#2431,(#1106,#1119),.PCURVE_S1.);
#3179=SURFACE_CURVE('',#2433,(#1107,#1451),.PCURVE_S1.);
#3180=SURFACE_CURVE('',#2435,(#1108,#1187),.PCURVE_S1.);
#3181=SURFACE_CURVE('',#2437,(#1109,#1479),.PCURVE_S1.);
#3182=SURFACE_CURVE('',#3839,(#1110,#1411),.PCURVE_S1.);
#3183=SURFACE_CURVE('',#2439,(#1111,#1140),.PCURVE_S1.);
#3184=SURFACE_CURVE('',#3841,(#1112,#1174),.PCURVE_S1.);
#3185=SURFACE_CURVE('',#2441,(#1113,#1170),.PCURVE_S1.);
#3186=SURFACE_CURVE('',#2443,(#1114,#1166),.PCURVE_S1.);
#3187=SURFACE_CURVE('',#3843,(#1115,#1129),.PCURVE_S1.);
#3188=SURFACE_CURVE('',#2445,(#1116,#1149),.PCURVE_S1.);
#3189=SURFACE_CURVE('',#2447,(#1117,#1179),.PCURVE_S1.);
#3190=SURFACE_CURVE('',#2449,(#1118,#1452),.PCURVE_S1.);
#3191=SURFACE_CURVE('',#3845,(#1120,#1693),.PCURVE_S1.);
#3192=SURFACE_CURVE('',#3847,(#1121,#1697),.PCURVE_S1.);
#3193=SURFACE_CURVE('',#3849,(#1122,#1705),.PCURVE_S1.);
#3194=SURFACE_CURVE('',#3851,(#1123,#1709),.PCURVE_S1.);
#3195=SURFACE_CURVE('',#3853,(#1124,#1634),.PCURVE_S1.);
#3196=SURFACE_CURVE('',#3855,(#1125,#1638),.PCURVE_S1.);
#3197=SURFACE_CURVE('',#3857,(#1126,#1642),.PCURVE_S1.);
#3198=SURFACE_CURVE('',#3859,(#1127,#1646),.PCURVE_S1.);
#3199=SURFACE_CURVE('',#3861,(#1128,#1150),.PCURVE_S1.);
#3200=SURFACE_CURVE('',#2454,(#1130,#1169),.PCURVE_S1.);
#3201=SURFACE_CURVE('',#3862,(#1131,#1133),.PCURVE_S1.);
#3202=SURFACE_CURVE('',#2457,(#1132,#1151),.PCURVE_S1.);
#3203=SURFACE_CURVE('',#2460,(#1134,#1165),.PCURVE_S1.);
#3204=SURFACE_CURVE('',#3863,(#1135,#1144),.PCURVE_S1.);
#3205=SURFACE_CURVE('',#2463,(#1136,#1410),.PCURVE_S1.);
#3206=SURFACE_CURVE('',#2465,(#1137,#1148),.PCURVE_S1.);
#3207=SURFACE_CURVE('',#2467,(#1138,#1155),.PCURVE_S1.);
#3208=SURFACE_CURVE('',#3864,(#1139,#1175),.PCURVE_S1.);
#3209=SURFACE_CURVE('',#3866,(#1141,#1416),.PCURVE_S1.);
#3210=SURFACE_CURVE('',#2470,(#1142,#1185),.PCURVE_S1.);
#3211=SURFACE_CURVE('',#2472,(#1143,#1152),.PCURVE_S1.);
#3212=SURFACE_CURVE('',#2474,(#1145,#1164),.PCURVE_S1.);
#3213=SURFACE_CURVE('',#2476,(#1146,#1160),.PCURVE_S1.);
#3214=SURFACE_CURVE('',#3869,(#1147,#1156),.PCURVE_S1.);
#3215=SURFACE_CURVE('',#2482,(#1153,#1180),.PCURVE_S1.);
#3216=SURFACE_CURVE('',#3872,(#1154,#1176),.PCURVE_S1.);
#3217=SURFACE_CURVE('',#2487,(#1157,#1159),.PCURVE_S1.);
#3218=SURFACE_CURVE('',#2489,(#1158,#1172),.PCURVE_S1.);
#3219=SURFACE_CURVE('',#2493,(#1161,#1163),.PCURVE_S1.);
#3220=SURFACE_CURVE('',#2495,(#1162,#1168),.PCURVE_S1.);
#3221=SURFACE_CURVE('',#2501,(#1167,#1173),.PCURVE_S1.);
#3222=SURFACE_CURVE('',#2506,(#1171,#1177),.PCURVE_S1.);
#3223=SURFACE_CURVE('',#2514,(#1178,#1453),.PCURVE_S1.);
#3224=SURFACE_CURVE('',#2518,(#1181,#1184),.PCURVE_S1.);
#3225=SURFACE_CURVE('',#2520,(#1182,#1415),.PCURVE_S1.);
#3226=SURFACE_CURVE('',#2522,(#1183,#1454),.PCURVE_S1.);
#3227=SURFACE_CURVE('',#2526,(#1186,#1481),.PCURVE_S1.);
#3228=SURFACE_CURVE('',#2529,(#1188,#1450),.PCURVE_S1.);
#3229=SURFACE_CURVE('',#2531,(#1189,#1230),.PCURVE_S1.);
#3230=SURFACE_CURVE('',#3873,(#1190,#1713),.PCURVE_S1.);
#3231=SURFACE_CURVE('',#2533,(#1192,#1324),.PCURVE_S1.);
#3232=SURFACE_CURVE('',#2535,(#1193,#1456),.PCURVE_S1.);
#3233=SURFACE_CURVE('',#3876,(#1194,#1413),.PCURVE_S1.);
#3234=SURFACE_CURVE('',#2537,(#1195,#1477),.PCURVE_S1.);
#3235=SURFACE_CURVE('',#2539,(#1196,#1320),.PCURVE_S1.);
#3236=SURFACE_CURVE('',#3879,(#1198,#1718),.PCURVE_S1.);
#3237=SURFACE_CURVE('',#2541,(#1200,#1327),.PCURVE_S1.);
#3238=SURFACE_CURVE('',#3882,(#1201,#1682),.PCURVE_S1.);
#3239=SURFACE_CURVE('',#3884,(#1202,#1743),.PCURVE_S1.);
#3240=SURFACE_CURVE('',#3887,(#1204,#1722),.PCURVE_S1.);
#3241=SURFACE_CURVE('',#2543,(#1205,#1483),.PCURVE_S1.);
#3242=SURFACE_CURVE('',#3889,(#1206,#1232),.PCURVE_S1.);
#3243=SURFACE_CURVE('',#2546,(#1207,#1448),.PCURVE_S1.);
#3244=SURFACE_CURVE('',#3890,(#1208,#1210),.PCURVE_S1.);
#3245=SURFACE_CURVE('',#2549,(#1209,#1484),.PCURVE_S1.);
#3246=SURFACE_CURVE('',#2551,(#1211,#1447),.PCURVE_S1.);
#3247=SURFACE_CURVE('',#3892,(#1212,#1214),.PCURVE_S1.);
#3248=SURFACE_CURVE('',#2553,(#1213,#1485),.PCURVE_S1.);
#3249=SURFACE_CURVE('',#2556,(#1215,#1446),.PCURVE_S1.);
#3250=SURFACE_CURVE('',#3894,(#1216,#1234),.PCURVE_S1.);
#3251=SURFACE_CURVE('',#2559,(#1217,#1420),.PCURVE_S1.);
#3252=SURFACE_CURVE('',#2561,(#1218,#1339),.PCURVE_S1.);
#3253=SURFACE_CURVE('',#2563,(#1219,#1430),.PCURVE_S1.);
#3254=SURFACE_CURVE('',#2565,(#1220,#1425),.PCURVE_S1.);
#3255=SURFACE_CURVE('',#2567,(#1221,#1593),.PCURVE_S1.);
#3256=SURFACE_CURVE('',#2569,(#1222,#1465),.PCURVE_S1.);
#3257=SURFACE_CURVE('',#3895,(#1223,#1226),.PCURVE_S1.);
#3258=SURFACE_CURVE('',#2572,(#1224,#1501),.PCURVE_S1.);
#3259=SURFACE_CURVE('',#2574,(#1225,#1502),.PCURVE_S1.);
#3260=SURFACE_CURVE('',#2577,(#1227,#1464),.PCURVE_S1.);
#3261=SURFACE_CURVE('',#2579,(#1228,#1316),.PCURVE_S1.);
#3262=SURFACE_CURVE('',#2581,(#1229,#1482),.PCURVE_S1.);
#3263=SURFACE_CURVE('',#2584,(#1231,#1449),.PCURVE_S1.);
#3264=SURFACE_CURVE('',#2586,(#1233,#1486),.PCURVE_S1.);
#3265=SURFACE_CURVE('',#2588,(#1235,#1445),.PCURVE_S1.);
#3266=SURFACE_CURVE('',#2590,(#1236,#1293),.PCURVE_S1.);
#3267=SURFACE_CURVE('',#2592,(#1237,#1488),.PCURVE_S1.);
#3268=SURFACE_CURVE('',#2594,(#1238,#1295),.PCURVE_S1.);
#3269=SURFACE_CURVE('',#2596,(#1239,#1443),.PCURVE_S1.);
#3270=SURFACE_CURVE('',#2598,(#1240,#1242),.PCURVE_S1.);
#3271=SURFACE_CURVE('',#2600,(#1241,#1489),.PCURVE_S1.);
#3272=SURFACE_CURVE('',#2603,(#1243,#1442),.PCURVE_S1.);
#3273=SURFACE_CURVE('',#2605,(#1244,#1395),.PCURVE_S1.);
#3274=SURFACE_CURVE('',#3898,(#1245,#1262),.PCURVE_S1.);
#3275=SURFACE_CURVE('',#2607,(#1246,#1283),.PCURVE_S1.);
#3276=SURFACE_CURVE('',#2609,(#1247,#1287),.PCURVE_S1.);
#3277=SURFACE_CURVE('',#3900,(#1248,#1289),.PCURVE_S1.);
#3278=SURFACE_CURVE('',#2611,(#1249,#1387),.PCURVE_S1.);
#3279=SURFACE_CURVE('',#3902,(#1250,#1409),.PCURVE_S1.);
#3280=SURFACE_CURVE('',#3904,(#1251,#1606),.PCURVE_S1.);
#3281=SURFACE_CURVE('',#3906,(#1252,#1602),.PCURVE_S1.);
#3282=SURFACE_CURVE('',#3908,(#1253,#1614),.PCURVE_S1.);
#3283=SURFACE_CURVE('',#3910,(#1254,#1610),.PCURVE_S1.);
#3284=SURFACE_CURVE('',#3912,(#1255,#1622),.PCURVE_S1.);
#3285=SURFACE_CURVE('',#3914,(#1256,#1618),.PCURVE_S1.);
#3286=SURFACE_CURVE('',#3916,(#1257,#1630),.PCURVE_S1.);
#3287=SURFACE_CURVE('',#3918,(#1258,#1626),.PCURVE_S1.);
#3288=SURFACE_CURVE('',#2613,(#1259,#1394),.PCURVE_S1.);
#3289=SURFACE_CURVE('',#3920,(#1260,#1383),.PCURVE_S1.);
#3290=SURFACE_CURVE('',#2616,(#1261,#1280),.PCURVE_S1.);
#3291=SURFACE_CURVE('',#2619,(#1263,#1398),.PCURVE_S1.);
#3292=SURFACE_CURVE('',#3921,(#1264,#1271),.PCURVE_S1.);
#3293=SURFACE_CURVE('',#2621,(#1265,#1273),.PCURVE_S1.);
#3294=SURFACE_CURVE('',#2623,(#1266,#1277),.PCURVE_S1.);
#3295=SURFACE_CURVE('',#3923,(#1267,#1385),.PCURVE_S1.);
#3296=SURFACE_CURVE('',#2625,(#1268,#1389),.PCURVE_S1.);
#3297=SURFACE_CURVE('',#3925,(#1269,#1291),.PCURVE_S1.);
#3298=SURFACE_CURVE('',#2628,(#1270,#1274),.PCURVE_S1.);
#3299=SURFACE_CURVE('',#2631,(#1272,#1278),.PCURVE_S1.);
#3300=SURFACE_CURVE('',#2635,(#1275,#1285),.PCURVE_S1.);
#3301=SURFACE_CURVE('',#2637,(#1276,#1386),.PCURVE_S1.);
#3302=SURFACE_CURVE('',#2641,(#1279,#1281),.PCURVE_S1.);
#3303=SURFACE_CURVE('',#2645,(#1282,#1284),.PCURVE_S1.);
#3304=SURFACE_CURVE('',#2650,(#1286,#1290),.PCURVE_S1.);
#3305=SURFACE_CURVE('',#2653,(#1288,#1388),.PCURVE_S1.);
#3306=SURFACE_CURVE('',#2658,(#1292,#1487),.PCURVE_S1.);
#3307=SURFACE_CURVE('',#2661,(#1294,#1444),.PCURVE_S1.);
#3308=SURFACE_CURVE('',#3926,(#1296,#1657),.PCURVE_S1.);
#3309=SURFACE_CURVE('',#3928,(#1297,#1729),.PCURVE_S1.);
#3310=SURFACE_CURVE('',#2664,(#1298,#1329),.PCURVE_S1.);
#3311=SURFACE_CURVE('',#3930,(#1299,#1666),.PCURVE_S1.);
#3312=SURFACE_CURVE('',#3932,(#1300,#1733),.PCURVE_S1.);
#3313=SURFACE_CURVE('',#3934,(#1301,#1668),.PCURVE_S1.);
#3314=SURFACE_CURVE('',#2666,(#1302,#1336),.PCURVE_S1.);
#3315=SURFACE_CURVE('',#2668,(#1303,#1491),.PCURVE_S1.);
#3316=SURFACE_CURVE('',#3936,(#1304,#1407),.PCURVE_S1.);
#3317=SURFACE_CURVE('',#2670,(#1305,#1313),.PCURVE_S1.);
#3318=SURFACE_CURVE('',#3938,(#1306,#1405),.PCURVE_S1.);
#3319=SURFACE_CURVE('',#2672,(#1307,#1438),.PCURVE_S1.);
#3320=SURFACE_CURVE('',#2674,(#1308,#1332),.PCURVE_S1.);
#3321=SURFACE_CURVE('',#3940,(#1309,#1724),.PCURVE_S1.);
#3322=SURFACE_CURVE('',#3942,(#1310,#1649),.PCURVE_S1.);
#3323=SURFACE_CURVE('',#3944,(#1311,#1737),.PCURVE_S1.);
#3324=SURFACE_CURVE('',#3946,(#1312,#1676),.PCURVE_S1.);
#3325=SURFACE_CURVE('',#2677,(#1314,#1406),.PCURVE_S1.);
#3326=SURFACE_CURVE('',#2679,(#1315,#1503),.PCURVE_S1.);
#3327=SURFACE_CURVE('',#2682,(#1317,#1463),.PCURVE_S1.);
#3328=SURFACE_CURVE('',#2684,(#1318,#1359),.PCURVE_S1.);
#3329=SURFACE_CURVE('',#2687,(#1321,#1476),.PCURVE_S1.);
#3330=SURFACE_CURVE('',#2689,(#1322,#1356),.PCURVE_S1.);
#3331=SURFACE_CURVE('',#2691,(#1323,#1457),.PCURVE_S1.);
#3332=SURFACE_CURVE('',#3950,(#1326,#1714),.PCURVE_S1.);
#3333=SURFACE_CURVE('',#3952,(#1328,#1667),.PCURVE_S1.);
#3334=SURFACE_CURVE('',#3954,(#1330,#1728),.PCURVE_S1.);
#3335=SURFACE_CURVE('',#3956,(#1331,#1658),.PCURVE_S1.);
#3336=SURFACE_CURVE('',#2697,(#1333,#1437),.PCURVE_S1.);
#3337=SURFACE_CURVE('',#2699,(#1334,#1363),.PCURVE_S1.);
#3338=SURFACE_CURVE('',#2701,(#1335,#1492),.PCURVE_S1.);
#3339=SURFACE_CURVE('',#2704,(#1337,#1382),.PCURVE_S1.);
#3340=SURFACE_CURVE('',#2706,(#1338,#1431),.PCURVE_S1.);
#3341=SURFACE_CURVE('',#2709,(#1340,#1419),.PCURVE_S1.);
#3342=SURFACE_CURVE('',#2711,(#1341,#1472),.PCURVE_S1.);
#3343=SURFACE_CURVE('',#2713,(#1342,#1361),.PCURVE_S1.);
#3344=SURFACE_CURVE('',#3958,(#1343,#1461),.PCURVE_S1.);
#3345=SURFACE_CURVE('',#3959,(#1344,#1346),.PCURVE_S1.);
#3346=SURFACE_CURVE('',#2717,(#1345,#1473),.PCURVE_S1.);
#3347=SURFACE_CURVE('',#2719,(#1347,#1460),.PCURVE_S1.);
#3348=SURFACE_CURVE('',#2721,(#1348,#1351),.PCURVE_S1.);
#3349=SURFACE_CURVE('',#3961,(#1349,#1354),.PCURVE_S1.);
#3350=SURFACE_CURVE('',#2724,(#1350,#1474),.PCURVE_S1.);
#3351=SURFACE_CURVE('',#3962,(#1352,#1459),.PCURVE_S1.);
#3352=SURFACE_CURVE('',#2728,(#1353,#1475),.PCURVE_S1.);
#3353=SURFACE_CURVE('',#2730,(#1355,#1458),.PCURVE_S1.);
#3354=SURFACE_CURVE('',#2733,(#1357,#1471),.PCURVE_S1.);
#3355=SURFACE_CURVE('',#2735,(#1358,#1504),.PCURVE_S1.);
#3356=SURFACE_CURVE('',#2738,(#1360,#1462),.PCURVE_S1.);
#3357=SURFACE_CURVE('',#2741,(#1362,#1493),.PCURVE_S1.);
#3358=SURFACE_CURVE('',#2744,(#1364,#1436),.PCURVE_S1.);
#3359=SURFACE_CURVE('',#2746,(#1365,#1368),.PCURVE_S1.);
#3360=SURFACE_CURVE('',#3964,(#1366,#1371),.PCURVE_S1.);
#3361=SURFACE_CURVE('',#2749,(#1367,#1494),.PCURVE_S1.);
#3362=SURFACE_CURVE('',#3965,(#1369,#1435),.PCURVE_S1.);
#3363=SURFACE_CURVE('',#2753,(#1370,#1495),.PCURVE_S1.);
#3364=SURFACE_CURVE('',#2755,(#1372,#1434),.PCURVE_S1.);
#3365=SURFACE_CURVE('',#2757,(#1373,#1375),.PCURVE_S1.);
#3366=SURFACE_CURVE('',#2759,(#1374,#1496),.PCURVE_S1.);
#3367=SURFACE_CURVE('',#3967,(#1376,#1433),.PCURVE_S1.);
#3368=SURFACE_CURVE('',#3968,(#1377,#1380),.PCURVE_S1.);
#3369=SURFACE_CURVE('',#2764,(#1378,#1418),.PCURVE_S1.);
#3370=SURFACE_CURVE('',#2766,(#1379,#1497),.PCURVE_S1.);
#3371=SURFACE_CURVE('',#2768,(#1381,#1432),.PCURVE_S1.);
#3372=SURFACE_CURVE('',#2772,(#1384,#1393),.PCURVE_S1.);
#3373=SURFACE_CURVE('',#2779,(#1390,#1397),.PCURVE_S1.);
#3374=SURFACE_CURVE('',#3970,(#1391,#1402),.PCURVE_S1.);
#3375=SURFACE_CURVE('',#2781,(#1392,#1399),.PCURVE_S1.);
#3376=SURFACE_CURVE('',#2786,(#1396,#1441),.PCURVE_S1.);
#3377=SURFACE_CURVE('',#2791,(#1400,#1440),.PCURVE_S1.);
#3378=SURFACE_CURVE('',#3972,(#1401,#1403),.PCURVE_S1.);
#3379=SURFACE_CURVE('',#3974,(#1404,#1439),.PCURVE_S1.);
#3380=SURFACE_CURVE('',#2799,(#1408,#1490),.PCURVE_S1.);
#3381=SURFACE_CURVE('',#2804,(#1412,#1478),.PCURVE_S1.);
#3382=SURFACE_CURVE('',#3975,(#1414,#1455),.PCURVE_S1.);
#3383=SURFACE_CURVE('',#2810,(#1417,#1498),.PCURVE_S1.);
#3384=SURFACE_CURVE('',#2815,(#1421,#1424),.PCURVE_S1.);
#3385=SURFACE_CURVE('',#2817,(#1422,#1563),.PCURVE_S1.);
#3386=SURFACE_CURVE('',#2819,(#1423,#1598),.PCURVE_S1.);
#3387=SURFACE_CURVE('',#2823,(#1426,#1429),.PCURVE_S1.);
#3388=SURFACE_CURVE('',#2825,(#1427,#1584),.PCURVE_S1.);
#3389=SURFACE_CURVE('',#2827,(#1428,#1583),.PCURVE_S1.);
#3390=SURFACE_CURVE('',#2860,(#1466,#1587),.PCURVE_S1.);
#3391=SURFACE_CURVE('',#2862,(#1467,#1586),.PCURVE_S1.);
#3392=SURFACE_CURVE('',#2864,(#1468,#1585),.PCURVE_S1.);
#3393=SURFACE_CURVE('',#2866,(#1469,#1522),.PCURVE_S1.);
#3394=SURFACE_CURVE('',#2868,(#1470,#1505),.PCURVE_S1.);
#3395=SURFACE_CURVE('',#2898,(#1499,#1541),.PCURVE_S1.);
#3396=SURFACE_CURVE('',#2900,(#1500,#1533),.PCURVE_S1.);
#3397=SURFACE_CURVE('',#2907,(#1506,#1549),.PCURVE_S1.);
#3398=SURFACE_CURVE('',#2909,(#1507,#1566),.PCURVE_S1.);
#3399=SURFACE_CURVE('',#3982,(#1508,#1560),.PCURVE_S1.);
#3400=SURFACE_CURVE('',#2911,(#1509,#1557),.PCURVE_S1.);
#3401=SURFACE_CURVE('',#3984,(#1510,#1552),.PCURVE_S1.);
#3402=SURFACE_CURVE('',#2913,(#1511,#1546),.PCURVE_S1.);
#3403=SURFACE_CURVE('',#2915,(#1512,#1514),.PCURVE_S1.);
#3404=SURFACE_CURVE('',#2917,(#1513,#1562),.PCURVE_S1.);
#3405=SURFACE_CURVE('',#2920,(#1515,#1545),.PCURVE_S1.);
#3406=SURFACE_CURVE('',#2922,(#1516,#1521),.PCURVE_S1.);
#3407=SURFACE_CURVE('',#2924,(#1517,#1540),.PCURVE_S1.);
#3408=SURFACE_CURVE('',#2926,(#1518,#1542),.PCURVE_S1.);
#3409=SURFACE_CURVE('',#3986,(#1519,#1536),.PCURVE_S1.);
#3410=SURFACE_CURVE('',#2928,(#1520,#1537),.PCURVE_S1.);
#3411=SURFACE_CURVE('',#2932,(#1523,#1580),.PCURVE_S1.);
#3412=SURFACE_CURVE('',#2934,(#1524,#1530),.PCURVE_S1.);
#3413=SURFACE_CURVE('',#2936,(#1525,#1570),.PCURVE_S1.);
#3414=SURFACE_CURVE('',#2938,(#1526,#1575),.PCURVE_S1.);
#3415=SURFACE_CURVE('',#2940,(#1527,#1581),.PCURVE_S1.);
#3416=SURFACE_CURVE('',#2942,(#1528,#1591),.PCURVE_S1.);
#3417=SURFACE_CURVE('',#3988,(#1529,#1571),.PCURVE_S1.);
#3418=SURFACE_CURVE('',#3990,(#1531,#1579),.PCURVE_S1.);
#3419=SURFACE_CURVE('',#2945,(#1532,#1595),.PCURVE_S1.);
#3420=SURFACE_CURVE('',#3992,(#1534,#1544),.PCURVE_S1.);
#3421=SURFACE_CURVE('',#2949,(#1535,#1538),.PCURVE_S1.);
#3422=SURFACE_CURVE('',#2954,(#1539,#1543),.PCURVE_S1.);
#3423=SURFACE_CURVE('',#2962,(#1547,#1551),.PCURVE_S1.);
#3424=SURFACE_CURVE('',#2964,(#1548,#1589),.PCURVE_S1.);
#3425=SURFACE_CURVE('',#3994,(#1550,#1568),.PCURVE_S1.);
#3426=SURFACE_CURVE('',#2970,(#1553,#1556),.PCURVE_S1.);
#3427=SURFACE_CURVE('',#2972,(#1554,#1559),.PCURVE_S1.);
#3428=SURFACE_CURVE('',#2974,(#1555,#1573),.PCURVE_S1.);
#3429=SURFACE_CURVE('',#3995,(#1558,#1577),.PCURVE_S1.);
#3430=SURFACE_CURVE('',#2981,(#1561,#1565),.PCURVE_S1.);
#3431=SURFACE_CURVE('',#2985,(#1564,#1597),.PCURVE_S1.);
#3432=SURFACE_CURVE('',#2989,(#1567,#1590),.PCURVE_S1.);
#3433=SURFACE_CURVE('',#2992,(#1569,#1572),.PCURVE_S1.);
#3434=SURFACE_CURVE('',#2998,(#1574,#1576),.PCURVE_S1.);
#3435=SURFACE_CURVE('',#3003,(#1578,#1596),.PCURVE_S1.);
#3436=SURFACE_CURVE('',#3008,(#1582,#1594),.PCURVE_S1.);
#3437=SURFACE_CURVE('',#3015,(#1588,#1592),.PCURVE_S1.);
#3438=SURFACE_CURVE('',#3996,(#1599,#1605),.PCURVE_S1.);
#3439=SURFACE_CURVE('',#3997,(#1600,#1653),.PCURVE_S1.);
#3440=SURFACE_CURVE('',#3998,(#1601,#1603),.PCURVE_S1.);
#3441=SURFACE_CURVE('',#3999,(#1604,#1654),.PCURVE_S1.);
#3442=SURFACE_CURVE('',#4000,(#1607,#1613),.PCURVE_S1.);
#3443=SURFACE_CURVE('',#4001,(#1608,#1680),.PCURVE_S1.);
#3444=SURFACE_CURVE('',#4002,(#1609,#1611),.PCURVE_S1.);
#3445=SURFACE_CURVE('',#4003,(#1612,#1681),.PCURVE_S1.);
#3446=SURFACE_CURVE('',#4004,(#1615,#1621),.PCURVE_S1.);
#3447=SURFACE_CURVE('',#4005,(#1616,#1662),.PCURVE_S1.);
#3448=SURFACE_CURVE('',#4006,(#1617,#1619),.PCURVE_S1.);
#3449=SURFACE_CURVE('',#4007,(#1620,#1663),.PCURVE_S1.);
#3450=SURFACE_CURVE('',#4008,(#1623,#1629),.PCURVE_S1.);
#3451=SURFACE_CURVE('',#4009,(#1624,#1672),.PCURVE_S1.);
#3452=SURFACE_CURVE('',#4010,(#1625,#1627),.PCURVE_S1.);
#3453=SURFACE_CURVE('',#4011,(#1628,#1673),.PCURVE_S1.);
#3454=SURFACE_CURVE('',#4012,(#1631,#1637),.PCURVE_S1.);
#3455=SURFACE_CURVE('',#4013,(#1633,#1635),.PCURVE_S1.);
#3456=SURFACE_CURVE('',#4014,(#1639,#1645),.PCURVE_S1.);
#3457=SURFACE_CURVE('',#4015,(#1641,#1643),.PCURVE_S1.);
#3458=SURFACE_CURVE('',#4016,(#1647,#1651),.PCURVE_S1.);
#3459=SURFACE_CURVE('',#4017,(#1648,#1725),.PCURVE_S1.);
#3460=SURFACE_CURVE('',#4018,(#1650,#1723),.PCURVE_S1.);
#3461=SURFACE_CURVE('',#4020,(#1652,#1726),.PCURVE_S1.);
#3462=SURFACE_CURVE('',#4024,(#1655,#1660),.PCURVE_S1.);
#3463=SURFACE_CURVE('',#4025,(#1656,#1730),.PCURVE_S1.);
#3464=SURFACE_CURVE('',#4026,(#1659,#1727),.PCURVE_S1.);
#3465=SURFACE_CURVE('',#4028,(#1661,#1731),.PCURVE_S1.);
#3466=SURFACE_CURVE('',#4032,(#1664,#1670),.PCURVE_S1.);
#3467=SURFACE_CURVE('',#4033,(#1665,#1734),.PCURVE_S1.);
#3468=SURFACE_CURVE('',#4034,(#1669,#1732),.PCURVE_S1.);
#3469=SURFACE_CURVE('',#4036,(#1671,#1735),.PCURVE_S1.);
#3470=SURFACE_CURVE('',#4040,(#1674,#1678),.PCURVE_S1.);
#3471=SURFACE_CURVE('',#4041,(#1675,#1738),.PCURVE_S1.);
#3472=SURFACE_CURVE('',#4042,(#1677,#1736),.PCURVE_S1.);
#3473=SURFACE_CURVE('',#4044,(#1679,#1739),.PCURVE_S1.);
#3474=SURFACE_CURVE('',#4048,(#1683,#1742),.PCURVE_S1.);
#3475=SURFACE_CURVE('',#4049,(#1684,#1687),.PCURVE_S1.);
#3476=SURFACE_CURVE('',#4050,(#1685,#1740),.PCURVE_S1.);
#3477=SURFACE_CURVE('',#4051,(#1686,#1741),.PCURVE_S1.);
#3478=SURFACE_CURVE('',#3098,(#1688,#1707),.PCURVE_S1.);
#3479=SURFACE_CURVE('',#3100,(#1689,#1703),.PCURVE_S1.);
#3480=SURFACE_CURVE('',#4054,(#1690,#1696),.PCURVE_S1.);
#3481=SURFACE_CURVE('',#3103,(#1691,#1701),.PCURVE_S1.);
#3482=SURFACE_CURVE('',#4055,(#1692,#1694),.PCURVE_S1.);
#3483=SURFACE_CURVE('',#3108,(#1695,#1700),.PCURVE_S1.);
#3484=SURFACE_CURVE('',#4056,(#1698,#1720),.PCURVE_S1.);
#3485=SURFACE_CURVE('',#4059,(#1702,#1708),.PCURVE_S1.);
#3486=SURFACE_CURVE('',#4060,(#1704,#1706),.PCURVE_S1.);
#3487=EDGE_CURVE('',#4260,#4067,#3156,.T.);
#3488=EDGE_CURVE('',#4067,#4066,#3157,.T.);
#3489=EDGE_CURVE('',#4066,#4065,#3158,.T.);
#3490=EDGE_CURVE('',#4065,#4261,#3159,.T.);
#3491=EDGE_CURVE('',#4261,#4260,#3160,.T.);
#3492=EDGE_CURVE('',#4065,#4261,#3161,.T.);
#3493=EDGE_CURVE('',#4069,#4070,#3162,.T.);
#3494=EDGE_CURVE('',#4070,#4069,#3163,.T.);
#3495=EDGE_CURVE('',#4262,#4074,#3164,.T.);
#3496=EDGE_CURVE('',#4074,#4073,#3165,.T.);
#3497=EDGE_CURVE('',#4073,#4072,#3166,.T.);
#3498=EDGE_CURVE('',#4072,#4071,#3167,.T.);
#3499=EDGE_CURVE('',#4071,#4263,#3168,.T.);
#3500=EDGE_CURVE('',#4263,#4262,#3169,.T.);
#3501=EDGE_CURVE('',#4071,#4263,#3170,.T.);
#3502=EDGE_CURVE('',#4075,#4076,#3171,.T.);
#3503=EDGE_CURVE('',#4076,#4075,#3172,.T.);
#3504=EDGE_CURVE('',#4264,#4078,#3173,.T.);
#3505=EDGE_CURVE('',#4078,#4077,#3174,.T.);
#3506=EDGE_CURVE('',#4077,#4265,#3175,.T.);
#3507=EDGE_CURVE('',#4265,#4264,#3176,.T.);
#3508=EDGE_CURVE('',#4079,#4080,#3177,.T.);
#3509=EDGE_CURVE('',#4080,#4081,#3178,.T.);
#3510=EDGE_CURVE('',#4081,#4082,#3179,.T.);
#3511=EDGE_CURVE('',#4082,#4079,#3180,.T.);
#3512=EDGE_CURVE('',#4080,#4083,#3181,.T.);
#3513=EDGE_CURVE('',#4083,#4084,#3182,.T.);
#3514=EDGE_CURVE('',#4084,#4085,#3183,.T.);
#3515=EDGE_CURVE('',#4085,#4086,#3184,.T.);
#3516=EDGE_CURVE('',#4086,#4087,#3185,.T.);
#3517=EDGE_CURVE('',#4087,#4088,#3186,.T.);
#3518=EDGE_CURVE('',#4088,#4089,#3187,.T.);
#3519=EDGE_CURVE('',#4089,#4090,#3188,.T.);
#3520=EDGE_CURVE('',#4090,#4091,#3189,.T.);
#3521=EDGE_CURVE('',#4091,#4081,#3190,.T.);
#3522=EDGE_CURVE('',#4093,#4092,#3191,.T.);
#3523=EDGE_CURVE('',#4092,#4093,#3192,.T.);
#3524=EDGE_CURVE('',#4095,#4094,#3193,.T.);
#3525=EDGE_CURVE('',#4094,#4095,#3194,.T.);
#3526=EDGE_CURVE('',#4097,#4096,#3195,.T.);
#3527=EDGE_CURVE('',#4096,#4097,#3196,.T.);
#3528=EDGE_CURVE('',#4099,#4098,#3197,.T.);
#3529=EDGE_CURVE('',#4098,#4099,#3198,.T.);
#3530=EDGE_CURVE('',#4100,#4089,#3199,.T.);
#3531=EDGE_CURVE('',#4088,#4101,#3200,.T.);
#3532=EDGE_CURVE('',#4101,#4100,#3201,.T.);
#3533=EDGE_CURVE('',#4102,#4100,#3202,.T.);
#3534=EDGE_CURVE('',#4101,#4103,#3203,.T.);
#3535=EDGE_CURVE('',#4103,#4102,#3204,.T.);
#3536=EDGE_CURVE('',#4084,#4104,#3205,.T.);
#3537=EDGE_CURVE('',#4104,#4105,#3206,.T.);
#3538=EDGE_CURVE('',#4105,#4106,#3207,.T.);
#3539=EDGE_CURVE('',#4106,#4085,#3208,.T.);
#3540=EDGE_CURVE('',#4104,#4107,#3209,.T.);
#3541=EDGE_CURVE('',#4107,#4108,#3210,.T.);
#3542=EDGE_CURVE('',#4108,#4102,#3211,.T.);
#3543=EDGE_CURVE('',#4103,#4109,#3212,.T.);
#3544=EDGE_CURVE('',#4109,#4110,#3213,.T.);
#3545=EDGE_CURVE('',#4110,#4105,#3214,.T.);
#3546=EDGE_CURVE('',#4108,#4090,#3215,.T.);
#3547=EDGE_CURVE('',#4111,#4106,#3216,.T.);
#3548=EDGE_CURVE('',#4110,#4111,#3217,.T.);
#3549=EDGE_CURVE('',#4112,#4111,#3218,.T.);
#3550=EDGE_CURVE('',#4109,#4112,#3219,.T.);
#3551=EDGE_CURVE('',#4101,#4112,#3220,.T.);
#3552=EDGE_CURVE('',#4087,#4112,#3221,.T.);
#3553=EDGE_CURVE('',#4086,#4111,#3222,.T.);
#3554=EDGE_CURVE('',#4113,#4091,#3223,.T.);
#3555=EDGE_CURVE('',#4108,#4113,#3224,.T.);
#3556=EDGE_CURVE('',#4107,#4114,#3225,.T.);
#3557=EDGE_CURVE('',#4114,#4113,#3226,.T.);
#3558=EDGE_CURVE('',#4115,#4079,#3227,.T.);
#3559=EDGE_CURVE('',#4082,#4116,#3228,.T.);
#3560=EDGE_CURVE('',#4116,#4115,#3229,.T.);
#3561=EDGE_CURVE('',#4068,#4066,#3230,.T.);
#3562=EDGE_CURVE('',#4067,#4119,#3231,.T.);
#3563=EDGE_CURVE('',#4119,#4120,#3232,.T.);
#3564=EDGE_CURVE('',#4120,#4117,#3233,.T.);
#3565=EDGE_CURVE('',#4117,#4118,#3234,.T.);
#3566=EDGE_CURVE('',#4118,#4074,#3235,.T.);
#3567=EDGE_CURVE('',#4262,#4072,#3236,.T.);
#3568=EDGE_CURVE('',#4073,#4068,#3237,.T.);
#3569=EDGE_CURVE('',#4121,#4274,#3238,.T.);
#3570=EDGE_CURVE('',#4274,#4121,#3239,.T.);
#3571=EDGE_CURVE('',#4264,#4078,#3240,.T.);
#3572=EDGE_CURVE('',#4122,#4123,#3241,.T.);
#3573=EDGE_CURVE('',#4123,#4124,#3242,.T.);
#3574=EDGE_CURVE('',#4124,#4125,#3243,.T.);
#3575=EDGE_CURVE('',#4125,#4122,#3244,.T.);
#3576=EDGE_CURVE('',#4126,#4122,#3245,.T.);
#3577=EDGE_CURVE('',#4125,#4127,#3246,.T.);
#3578=EDGE_CURVE('',#4127,#4126,#3247,.T.);
#3579=EDGE_CURVE('',#4128,#4126,#3248,.T.);
#3580=EDGE_CURVE('',#4127,#4129,#3249,.T.);
#3581=EDGE_CURVE('',#4129,#4128,#3250,.T.);
#3582=EDGE_CURVE('',#4130,#4131,#3251,.T.);
#3583=EDGE_CURVE('',#4131,#4132,#3252,.T.);
#3584=EDGE_CURVE('',#4132,#4133,#3253,.T.);
#3585=EDGE_CURVE('',#4133,#4130,#3254,.T.);
#3586=EDGE_CURVE('',#4134,#4135,#3255,.T.);
#3587=EDGE_CURVE('',#4135,#4136,#3256,.T.);
#3588=EDGE_CURVE('',#4136,#4137,#3257,.T.);
#3589=EDGE_CURVE('',#4137,#4134,#3258,.T.);
#3590=EDGE_CURVE('',#4138,#4137,#3259,.T.);
#3591=EDGE_CURVE('',#4136,#4139,#3260,.T.);
#3592=EDGE_CURVE('',#4139,#4138,#3261,.T.);
#3593=EDGE_CURVE('',#4123,#4115,#3262,.T.);
#3594=EDGE_CURVE('',#4116,#4124,#3263,.T.);
#3595=EDGE_CURVE('',#4140,#4128,#3264,.T.);
#3596=EDGE_CURVE('',#4129,#4141,#3265,.T.);
#3597=EDGE_CURVE('',#4141,#4140,#3266,.T.);
#3598=EDGE_CURVE('',#4142,#4143,#3267,.T.);
#3599=EDGE_CURVE('',#4143,#4144,#3268,.T.);
#3600=EDGE_CURVE('',#4144,#4145,#3269,.T.);
#3601=EDGE_CURVE('',#4145,#4142,#3270,.T.);
#3602=EDGE_CURVE('',#4146,#4142,#3271,.T.);
#3603=EDGE_CURVE('',#4145,#4147,#3272,.T.);
#3604=EDGE_CURVE('',#4147,#4148,#3273,.T.);
#3605=EDGE_CURVE('',#4148,#4149,#3274,.T.);
#3606=EDGE_CURVE('',#4149,#4150,#3275,.T.);
#3607=EDGE_CURVE('',#4150,#4151,#3276,.T.);
#3608=EDGE_CURVE('',#4151,#4152,#3277,.T.);
#3609=EDGE_CURVE('',#4152,#4153,#3278,.T.);
#3610=EDGE_CURVE('',#4153,#4146,#3279,.T.);
#3611=EDGE_CURVE('',#4155,#4154,#3280,.T.);
#3612=EDGE_CURVE('',#4154,#4155,#3281,.T.);
#3613=EDGE_CURVE('',#4157,#4156,#3282,.T.);
#3614=EDGE_CURVE('',#4156,#4157,#3283,.T.);
#3615=EDGE_CURVE('',#4159,#4158,#3284,.T.);
#3616=EDGE_CURVE('',#4158,#4159,#3285,.T.);
#3617=EDGE_CURVE('',#4161,#4160,#3286,.T.);
#3618=EDGE_CURVE('',#4160,#4161,#3287,.T.);
#3619=EDGE_CURVE('',#4148,#4162,#3288,.T.);
#3620=EDGE_CURVE('',#4162,#4163,#3289,.T.);
#3621=EDGE_CURVE('',#4163,#4149,#3290,.T.);
#3622=EDGE_CURVE('',#4164,#4165,#3291,.T.);
#3623=EDGE_CURVE('',#4165,#4166,#3292,.T.);
#3624=EDGE_CURVE('',#4166,#4167,#3293,.T.);
#3625=EDGE_CURVE('',#4167,#4168,#3294,.T.);
#3626=EDGE_CURVE('',#4168,#4164,#3295,.T.);
#3627=EDGE_CURVE('',#4165,#4169,#3296,.T.);
#3628=EDGE_CURVE('',#4169,#4170,#3297,.T.);
#3629=EDGE_CURVE('',#4170,#4166,#3298,.T.);
#3630=EDGE_CURVE('',#4171,#4167,#3299,.T.);
#3631=EDGE_CURVE('',#4170,#4171,#3300,.T.);
#3632=EDGE_CURVE('',#4163,#4168,#3301,.T.);
#3633=EDGE_CURVE('',#4171,#4163,#3302,.T.);
#3634=EDGE_CURVE('',#4171,#4150,#3303,.T.);
#3635=EDGE_CURVE('',#4170,#4151,#3304,.T.);
#3636=EDGE_CURVE('',#4169,#4152,#3305,.T.);
#3637=EDGE_CURVE('',#4143,#4140,#3306,.T.);
#3638=EDGE_CURVE('',#4141,#4144,#3307,.T.);
#3639=EDGE_CURVE('',#4181,#4179,#3308,.T.);
#3640=EDGE_CURVE('',#4179,#4180,#3309,.T.);
#3641=EDGE_CURVE('',#4180,#4184,#3310,.T.);
#3642=EDGE_CURVE('',#4184,#4182,#3311,.T.);
#3643=EDGE_CURVE('',#4182,#4271,#3312,.T.);
#3644=EDGE_CURVE('',#4271,#4183,#3313,.T.);
#3645=EDGE_CURVE('',#4183,#4172,#3314,.T.);
#3646=EDGE_CURVE('',#4172,#4173,#3315,.T.);
#3647=EDGE_CURVE('',#4173,#4174,#3316,.T.);
#3648=EDGE_CURVE('',#4174,#4175,#3317,.T.);
#3649=EDGE_CURVE('',#4175,#4176,#3318,.T.);
#3650=EDGE_CURVE('',#4176,#4177,#3319,.T.);
#3651=EDGE_CURVE('',#4177,#4181,#3320,.T.);
#3652=EDGE_CURVE('',#4178,#4267,#3321,.T.);
#3653=EDGE_CURVE('',#4267,#4178,#3322,.T.);
#3654=EDGE_CURVE('',#4185,#4273,#3323,.T.);
#3655=EDGE_CURVE('',#4273,#4185,#3324,.T.);
#3656=EDGE_CURVE('',#4174,#4175,#3325,.T.);
#3657=EDGE_CURVE('',#4186,#4138,#3326,.T.);
#3658=EDGE_CURVE('',#4139,#4187,#3327,.T.);
#3659=EDGE_CURVE('',#4187,#4186,#3328,.T.);
#3660=EDGE_CURVE('',#4118,#4188,#3329,.T.);
#3661=EDGE_CURVE('',#4188,#4189,#3330,.T.);
#3662=EDGE_CURVE('',#4189,#4119,#3331,.T.);
#3663=EDGE_CURVE('',#4260,#4068,#3332,.T.);
#3664=EDGE_CURVE('',#4183,#4184,#3333,.T.);
#3665=EDGE_CURVE('',#4180,#4269,#3334,.T.);
#3666=EDGE_CURVE('',#4269,#4181,#3335,.T.);
#3667=EDGE_CURVE('',#4177,#4191,#3336,.T.);
#3668=EDGE_CURVE('',#4191,#4190,#3337,.T.);
#3669=EDGE_CURVE('',#4190,#4172,#3338,.T.);
#3670=EDGE_CURVE('',#4192,#4193,#3339,.T.);
#3671=EDGE_CURVE('',#4193,#4132,#3340,.T.);
#3672=EDGE_CURVE('',#4131,#4192,#3341,.T.);
#3673=EDGE_CURVE('',#4194,#4195,#3342,.T.);
#3674=EDGE_CURVE('',#4195,#4196,#3343,.T.);
#3675=EDGE_CURVE('',#4196,#4197,#3344,.T.);
#3676=EDGE_CURVE('',#4197,#4194,#3345,.T.);
#3677=EDGE_CURVE('',#4198,#4194,#3346,.T.);
#3678=EDGE_CURVE('',#4197,#4199,#3347,.T.);
#3679=EDGE_CURVE('',#4199,#4198,#3348,.T.);
#3680=EDGE_CURVE('',#4200,#4201,#3349,.T.);
#3681=EDGE_CURVE('',#4201,#4198,#3350,.T.);
#3682=EDGE_CURVE('',#4199,#4200,#3351,.T.);
#3683=EDGE_CURVE('',#4188,#4201,#3352,.T.);
#3684=EDGE_CURVE('',#4200,#4189,#3353,.T.);
#3685=EDGE_CURVE('',#4195,#4202,#3354,.T.);
#3686=EDGE_CURVE('',#4202,#4186,#3355,.T.);
#3687=EDGE_CURVE('',#4187,#4196,#3356,.T.);
#3688=EDGE_CURVE('',#4203,#4190,#3357,.T.);
#3689=EDGE_CURVE('',#4191,#4204,#3358,.T.);
#3690=EDGE_CURVE('',#4204,#4203,#3359,.T.);
#3691=EDGE_CURVE('',#4205,#4206,#3360,.T.);
#3692=EDGE_CURVE('',#4206,#4203,#3361,.T.);
#3693=EDGE_CURVE('',#4204,#4205,#3362,.T.);
#3694=EDGE_CURVE('',#4207,#4206,#3363,.T.);
#3695=EDGE_CURVE('',#4205,#4208,#3364,.T.);
#3696=EDGE_CURVE('',#4208,#4207,#3365,.T.);
#3697=EDGE_CURVE('',#4209,#4207,#3366,.T.);
#3698=EDGE_CURVE('',#4208,#4210,#3367,.T.);
#3699=EDGE_CURVE('',#4210,#4209,#3368,.T.);
#3700=EDGE_CURVE('',#4192,#4211,#3369,.T.);
#3701=EDGE_CURVE('',#4211,#4209,#3370,.T.);
#3702=EDGE_CURVE('',#4210,#4193,#3371,.T.);
#3703=EDGE_CURVE('',#4162,#4164,#3372,.T.);
#3704=EDGE_CURVE('',#4165,#4212,#3373,.T.);
#3705=EDGE_CURVE('',#4212,#4153,#3374,.T.);
#3706=EDGE_CURVE('',#4213,#4164,#3375,.T.);
#3707=EDGE_CURVE('',#4147,#4213,#3376,.T.);
#3708=EDGE_CURVE('',#4213,#4214,#3377,.T.);
#3709=EDGE_CURVE('',#4214,#4212,#3378,.T.);
#3710=EDGE_CURVE('',#4214,#4176,#3379,.T.);
#3711=EDGE_CURVE('',#4173,#4146,#3380,.T.);
#3712=EDGE_CURVE('',#4083,#4117,#3381,.T.);
#3713=EDGE_CURVE('',#4120,#4114,#3382,.T.);
#3714=EDGE_CURVE('',#4215,#4211,#3383,.T.);
#3715=EDGE_CURVE('',#4130,#4216,#3384,.T.);
#3716=EDGE_CURVE('',#4216,#4215,#3385,.T.);
#3717=EDGE_CURVE('',#4217,#4216,#3386,.T.);
#3718=EDGE_CURVE('',#4133,#4217,#3387,.T.);
#3719=EDGE_CURVE('',#4218,#4219,#3388,.T.);
#3720=EDGE_CURVE('',#4219,#4217,#3389,.T.);
#3721=EDGE_CURVE('',#4135,#4220,#3390,.T.);
#3722=EDGE_CURVE('',#4220,#4221,#3391,.T.);
#3723=EDGE_CURVE('',#4221,#4218,#3392,.T.);
#3724=EDGE_CURVE('',#4222,#4223,#3393,.T.);
#3725=EDGE_CURVE('',#4223,#4202,#3394,.T.);
#3726=EDGE_CURVE('',#4215,#4224,#3395,.T.);
#3727=EDGE_CURVE('',#4224,#4222,#3396,.T.);
#3728=EDGE_CURVE('',#4223,#4134,#3397,.T.);
#3729=EDGE_CURVE('',#4225,#4226,#3398,.T.);
#3730=EDGE_CURVE('',#4226,#4227,#3399,.T.);
#3731=EDGE_CURVE('',#4227,#4228,#3400,.T.);
#3732=EDGE_CURVE('',#4228,#4229,#3401,.T.);
#3733=EDGE_CURVE('',#4229,#4230,#3402,.T.);
#3734=EDGE_CURVE('',#4230,#4225,#3403,.T.);
#3735=EDGE_CURVE('',#4215,#4225,#3404,.T.);
#3736=EDGE_CURVE('',#4230,#4223,#3405,.T.);
#3737=EDGE_CURVE('',#4223,#4231,#3406,.T.);
#3738=EDGE_CURVE('',#4231,#4232,#3407,.T.);
#3739=EDGE_CURVE('',#4232,#4215,#3408,.T.);
#3740=EDGE_CURVE('',#4222,#4233,#3409,.T.);
#3741=EDGE_CURVE('',#4233,#4231,#3410,.T.);
#3742=EDGE_CURVE('',#4234,#4235,#3411,.T.);
#3743=EDGE_CURVE('',#4235,#4236,#3412,.T.);
#3744=EDGE_CURVE('',#4236,#4237,#3413,.T.);
#3745=EDGE_CURVE('',#4237,#4234,#3414,.T.);
#3746=EDGE_CURVE('',#4238,#4239,#3415,.T.);
#3747=EDGE_CURVE('',#4239,#4240,#3416,.T.);
#3748=EDGE_CURVE('',#4240,#4236,#3417,.T.);
#3749=EDGE_CURVE('',#4235,#4241,#3418,.T.);
#3750=EDGE_CURVE('',#4241,#4238,#3419,.T.);
#3751=EDGE_CURVE('',#4224,#4242,#3420,.T.);
#3752=EDGE_CURVE('',#4242,#4233,#3421,.T.);
#3753=EDGE_CURVE('',#4242,#4232,#3422,.T.);
#3754=EDGE_CURVE('',#4229,#4243,#3423,.T.);
#3755=EDGE_CURVE('',#4243,#4134,#3424,.T.);
#3756=EDGE_CURVE('',#4244,#4243,#3425,.T.);
#3757=EDGE_CURVE('',#4228,#4244,#3426,.T.);
#3758=EDGE_CURVE('',#4227,#4245,#3427,.T.);
#3759=EDGE_CURVE('',#4245,#4244,#3428,.T.);
#3760=EDGE_CURVE('',#4246,#4245,#3429,.T.);
#3761=EDGE_CURVE('',#4226,#4246,#3430,.T.);
#3762=EDGE_CURVE('',#4216,#4246,#3431,.T.);
#3763=EDGE_CURVE('',#4240,#4243,#3432,.T.);
#3764=EDGE_CURVE('',#4244,#4237,#3433,.T.);
#3765=EDGE_CURVE('',#4245,#4234,#3434,.T.);
#3766=EDGE_CURVE('',#4246,#4241,#3435,.T.);
#3767=EDGE_CURVE('',#4238,#4217,#3436,.T.);
#3768=EDGE_CURVE('',#4135,#4239,#3437,.T.);
#3769=EDGE_CURVE('',#4154,#4248,#3438,.T.);
#3770=EDGE_CURVE('',#4248,#4247,#3439,.T.);
#3771=EDGE_CURVE('',#4247,#4155,#3440,.T.);
#3772=EDGE_CURVE('',#4247,#4248,#3441,.T.);
#3773=EDGE_CURVE('',#4156,#4250,#3442,.T.);
#3774=EDGE_CURVE('',#4250,#4249,#3443,.T.);
#3775=EDGE_CURVE('',#4249,#4157,#3444,.T.);
#3776=EDGE_CURVE('',#4249,#4250,#3445,.T.);
#3777=EDGE_CURVE('',#4158,#4062,#3446,.T.);
#3778=EDGE_CURVE('',#4062,#4061,#3447,.T.);
#3779=EDGE_CURVE('',#4061,#4159,#3448,.T.);
#3780=EDGE_CURVE('',#4061,#4062,#3449,.T.);
#3781=EDGE_CURVE('',#4160,#4064,#3450,.T.);
#3782=EDGE_CURVE('',#4064,#4063,#3451,.T.);
#3783=EDGE_CURVE('',#4063,#4161,#3452,.T.);
#3784=EDGE_CURVE('',#4063,#4064,#3453,.T.);
#3785=EDGE_CURVE('',#4097,#4069,#3454,.T.);
#3786=EDGE_CURVE('',#4070,#4096,#3455,.T.);
#3787=EDGE_CURVE('',#4099,#4075,#3456,.T.);
#3788=EDGE_CURVE('',#4076,#4098,#3457,.T.);
#3789=EDGE_CURVE('',#4266,#4251,#3458,.T.);
#3790=EDGE_CURVE('',#4251,#4178,#3459,.T.);
#3791=EDGE_CURVE('',#4267,#4266,#3460,.T.);
#3792=EDGE_CURVE('',#4266,#4251,#3461,.T.);
#3793=EDGE_CURVE('',#4268,#4252,#3462,.T.);
#3794=EDGE_CURVE('',#4252,#4179,#3463,.T.);
#3795=EDGE_CURVE('',#4269,#4268,#3464,.T.);
#3796=EDGE_CURVE('',#4268,#4252,#3465,.T.);
#3797=EDGE_CURVE('',#4270,#4253,#3466,.T.);
#3798=EDGE_CURVE('',#4253,#4182,#3467,.T.);
#3799=EDGE_CURVE('',#4271,#4270,#3468,.T.);
#3800=EDGE_CURVE('',#4270,#4253,#3469,.T.);
#3801=EDGE_CURVE('',#4272,#4254,#3470,.T.);
#3802=EDGE_CURVE('',#4254,#4185,#3471,.T.);
#3803=EDGE_CURVE('',#4273,#4272,#3472,.T.);
#3804=EDGE_CURVE('',#4272,#4254,#3473,.T.);
#3805=EDGE_CURVE('',#4121,#4255,#3474,.T.);
#3806=EDGE_CURVE('',#4255,#4275,#3475,.T.);
#3807=EDGE_CURVE('',#4275,#4274,#3476,.T.);
#3808=EDGE_CURVE('',#4255,#4275,#3477,.T.);
#3809=EDGE_CURVE('',#4256,#4257,#3478,.T.);
#3810=EDGE_CURVE('',#4257,#4256,#3479,.T.);
#3811=EDGE_CURVE('',#4093,#4258,#3480,.T.);
#3812=EDGE_CURVE('',#4258,#4259,#3481,.T.);
#3813=EDGE_CURVE('',#4259,#4092,#3482,.T.);
#3814=EDGE_CURVE('',#4259,#4258,#3483,.T.);
#3815=EDGE_CURVE('',#4077,#4265,#3484,.T.);
#3816=EDGE_CURVE('',#4095,#4256,#3485,.T.);
#3817=EDGE_CURVE('',#4257,#4094,#3486,.T.);
#3818=(
BOUNDED_CURVE()
B_SPLINE_CURVE(2,(#6119,#6120,#6121),.UNSPECIFIED.,.F.,.F.)
B_SPLINE_CURVE_WITH_KNOTS((3,3),(-8.953537611075,-6.91074044552173),
 .UNSPECIFIED.)
CURVE()
GEOMETRIC_REPRESENTATION_ITEM()
RATIONAL_B_SPLINE_CURVE((1.,0.937116504718059,1.))
REPRESENTATION_ITEM('')
);
#3819=(
BOUNDED_CURVE()
B_SPLINE_CURVE(2,(#6124,#6125,#6126,#6127,#6128),.UNSPECIFIED.,.F.,.F.)
B_SPLINE_CURVE_WITH_KNOTS((3,2,3),(-6.91074044553569,-3.45537022276784,
0.),.UNSPECIFIED.)
CURVE()
GEOMETRIC_REPRESENTATION_ITEM()
RATIONAL_B_SPLINE_CURVE((1.,0.821284570120707,1.,0.821284570120707,1.))
REPRESENTATION_ITEM('')
);
#3820=(
BOUNDED_CURVE()
B_SPLINE_CURVE(1,(#6131,#6132),.UNSPECIFIED.,.F.,.F.)
B_SPLINE_CURVE_WITH_KNOTS((2,2),(96.6043130614057,161.861131996053),
 .UNSPECIFIED.)
CURVE()
GEOMETRIC_REPRESENTATION_ITEM()
RATIONAL_B_SPLINE_CURVE((1.,1.))
REPRESENTATION_ITEM('')
);
#3821=(
BOUNDED_CURVE()
B_SPLINE_CURVE(2,(#6135,#6136,#6137,#6138,#6139),.UNSPECIFIED.,.F.,.F.)
B_SPLINE_CURVE_WITH_KNOTS((3,2,3),(0.,4.47676953136546,8.95353906273091),
 .UNSPECIFIED.)
CURVE()
GEOMETRIC_REPRESENTATION_ITEM()
RATIONAL_B_SPLINE_CURVE((1.,0.707106781186548,1.,0.707106781186548,1.))
REPRESENTATION_ITEM('')
);
#3822=(
BOUNDED_CURVE()
B_SPLINE_CURVE(1,(#6142,#6143),.UNSPECIFIED.,.F.,.F.)
B_SPLINE_CURVE_WITH_KNOTS((2,2),(-161.861131996053,-96.6023486453491),
 .UNSPECIFIED.)
CURVE()
GEOMETRIC_REPRESENTATION_ITEM()
RATIONAL_B_SPLINE_CURVE((1.,1.))
REPRESENTATION_ITEM('')
);
#3823=(
BOUNDED_CURVE()
B_SPLINE_CURVE(2,(#6146,#6147,#6148,#6149,#6150),.UNSPECIFIED.,.F.,.F.)
B_SPLINE_CURVE_WITH_KNOTS((3,2,3),(-17.9070781254618,-13.4303085940964,
-8.95353906273091),.UNSPECIFIED.)
CURVE()
GEOMETRIC_REPRESENTATION_ITEM()
RATIONAL_B_SPLINE_CURVE((1.,0.707106781186548,1.,0.707106781186548,1.))
REPRESENTATION_ITEM('')
);
#3824=(
BOUNDED_CURVE()
B_SPLINE_CURVE(2,(#6151,#6152,#6153,#6154,#6155),.UNSPECIFIED.,.F.,.F.)
B_SPLINE_CURVE_WITH_KNOTS((3,2,3),(-17.9070781254618,-13.4303085940964,
-8.95353906273091),.UNSPECIFIED.)
CURVE()
GEOMETRIC_REPRESENTATION_ITEM()
RATIONAL_B_SPLINE_CURVE((1.,0.707106781186548,1.,0.707106781186548,1.))
REPRESENTATION_ITEM('')
);
#3825=(
BOUNDED_CURVE()
B_SPLINE_CURVE(2,(#6156,#6157,#6158,#6159,#6160),.UNSPECIFIED.,.F.,.F.)
B_SPLINE_CURVE_WITH_KNOTS((3,2,3),(0.,4.47676953136546,8.95353906273091),
 .UNSPECIFIED.)
CURVE()
GEOMETRIC_REPRESENTATION_ITEM()
RATIONAL_B_SPLINE_CURVE((1.,0.707106781186548,1.,0.707106781186548,1.))
REPRESENTATION_ITEM('')
);
#3826=(
BOUNDED_CURVE()
B_SPLINE_CURVE(2,(#6225,#6226,#6227),.UNSPECIFIED.,.F.,.F.)
B_SPLINE_CURVE_WITH_KNOTS((3,3),(-8.95005397448698,-6.5473052718565),
 .UNSPECIFIED.)
CURVE()
GEOMETRIC_REPRESENTATION_ITEM()
RATIONAL_B_SPLINE_CURVE((1.,0.91155358294853,1.))
REPRESENTATION_ITEM('')
);
#3827=(
BOUNDED_CURVE()
B_SPLINE_CURVE(2,(#6232,#6233,#6234),.UNSPECIFIED.,.F.,.F.)
B_SPLINE_CURVE_WITH_KNOTS((3,3),(-6.54730527185647,-2.40598707621297),
 .UNSPECIFIED.)
CURVE()
GEOMETRIC_REPRESENTATION_ITEM()
RATIONAL_B_SPLINE_CURVE((1.,0.749597374944388,1.))
REPRESENTATION_ITEM('')
);
#3828=(
BOUNDED_CURVE()
B_SPLINE_CURVE(2,(#6237,#6238,#6239),.UNSPECIFIED.,.F.,.F.)
B_SPLINE_CURVE_WITH_KNOTS((3,3),(-2.40598707622833,0.),.UNSPECIFIED.)
CURVE()
GEOMETRIC_REPRESENTATION_ITEM()
RATIONAL_B_SPLINE_CURVE((1.,0.911572331524591,1.))
REPRESENTATION_ITEM('')
);
#3829=(
BOUNDED_CURVE()
B_SPLINE_CURVE(1,(#6242,#6243),.UNSPECIFIED.,.F.,.F.)
B_SPLINE_CURVE_WITH_KNOTS((2,2),(96.6043130614058,161.861131996053),
 .UNSPECIFIED.)
CURVE()
GEOMETRIC_REPRESENTATION_ITEM()
RATIONAL_B_SPLINE_CURVE((1.,1.))
REPRESENTATION_ITEM('')
);
#3830=(
BOUNDED_CURVE()
B_SPLINE_CURVE(2,(#6246,#6247,#6248,#6249,#6250),.UNSPECIFIED.,.F.,.F.)
B_SPLINE_CURVE_WITH_KNOTS((3,2,3),(0.,4.47676953136546,8.95353906273091),
 .UNSPECIFIED.)
CURVE()
GEOMETRIC_REPRESENTATION_ITEM()
RATIONAL_B_SPLINE_CURVE((1.,0.707106781186548,1.,0.707106781186548,1.))
REPRESENTATION_ITEM('')
);
#3831=(
BOUNDED_CURVE()
B_SPLINE_CURVE(1,(#6253,#6254),.UNSPECIFIED.,.F.,.F.)
B_SPLINE_CURVE_WITH_KNOTS((2,2),(-161.861131996053,-96.6004496721929),
 .UNSPECIFIED.)
CURVE()
GEOMETRIC_REPRESENTATION_ITEM()
RATIONAL_B_SPLINE_CURVE((1.,1.))
REPRESENTATION_ITEM('')
);
#3832=(
BOUNDED_CURVE()
B_SPLINE_CURVE(2,(#6257,#6258,#6259,#6260,#6261),.UNSPECIFIED.,.F.,.F.)
B_SPLINE_CURVE_WITH_KNOTS((3,2,3),(-17.9070781254618,-13.4303085940964,
-8.95353906273091),.UNSPECIFIED.)
CURVE()
GEOMETRIC_REPRESENTATION_ITEM()
RATIONAL_B_SPLINE_CURVE((1.,0.707106781186548,1.,0.707106781186548,1.))
REPRESENTATION_ITEM('')
);
#3833=(
BOUNDED_CURVE()
B_SPLINE_CURVE(2,(#6262,#6263,#6264,#6265,#6266),.UNSPECIFIED.,.F.,.F.)
B_SPLINE_CURVE_WITH_KNOTS((3,2,3),(-17.9070781254618,-13.4303085940964,
-8.95353906273091),.UNSPECIFIED.)
CURVE()
GEOMETRIC_REPRESENTATION_ITEM()
RATIONAL_B_SPLINE_CURVE((1.,0.707106781186548,1.,0.707106781186548,1.))
REPRESENTATION_ITEM('')
);
#3834=(
BOUNDED_CURVE()
B_SPLINE_CURVE(2,(#6267,#6268,#6269,#6270,#6271),.UNSPECIFIED.,.F.,.F.)
B_SPLINE_CURVE_WITH_KNOTS((3,2,3),(0.,4.47676953136546,8.95353906273091),
 .UNSPECIFIED.)
CURVE()
GEOMETRIC_REPRESENTATION_ITEM()
RATIONAL_B_SPLINE_CURVE((1.,0.707106781186548,1.,0.707106781186548,1.))
REPRESENTATION_ITEM('')
);
#3835=(
BOUNDED_CURVE()
B_SPLINE_CURVE(2,(#6336,#6337,#6338,#6339,#6340),.UNSPECIFIED.,.F.,.F.)
B_SPLINE_CURVE_WITH_KNOTS((3,2,3),(-8.95353906273091,-4.47676953136546,
0.),.UNSPECIFIED.)
CURVE()
GEOMETRIC_REPRESENTATION_ITEM()
RATIONAL_B_SPLINE_CURVE((1.,0.707106781186548,1.,0.707106781186548,1.))
REPRESENTATION_ITEM('')
);
#3836=(
BOUNDED_CURVE()
B_SPLINE_CURVE(1,(#6343,#6344),.UNSPECIFIED.,.F.,.F.)
B_SPLINE_CURVE_WITH_KNOTS((2,2),(96.6043130614058,161.861131996053),
 .UNSPECIFIED.)
CURVE()
GEOMETRIC_REPRESENTATION_ITEM()
RATIONAL_B_SPLINE_CURVE((1.,1.))
REPRESENTATION_ITEM('')
);
#3837=(
BOUNDED_CURVE()
B_SPLINE_CURVE(2,(#6347,#6348,#6349,#6350,#6351),.UNSPECIFIED.,.F.,.F.)
B_SPLINE_CURVE_WITH_KNOTS((3,2,3),(0.,4.47676953136546,8.95353906273091),
 .UNSPECIFIED.)
CURVE()
GEOMETRIC_REPRESENTATION_ITEM()
RATIONAL_B_SPLINE_CURVE((1.,0.707106781186548,1.,0.707106781186548,1.))
REPRESENTATION_ITEM('')
);
#3838=(
BOUNDED_CURVE()
B_SPLINE_CURVE(1,(#6354,#6355),.UNSPECIFIED.,.F.,.F.)
B_SPLINE_CURVE_WITH_KNOTS((2,2),(-161.861131996053,-96.6043130614057),
 .UNSPECIFIED.)
CURVE()
GEOMETRIC_REPRESENTATION_ITEM()
RATIONAL_B_SPLINE_CURVE((1.,1.))
REPRESENTATION_ITEM('')
);
#3839=(
BOUNDED_CURVE()
B_SPLINE_CURVE(2,(#6386,#6387,#6388,#6389,#6390),.UNSPECIFIED.,.F.,.F.)
B_SPLINE_CURVE_WITH_KNOTS((3,2,3),(-35.6696407351627,-17.8348203675814,
0.),.UNSPECIFIED.)
CURVE()
GEOMETRIC_REPRESENTATION_ITEM()
RATIONAL_B_SPLINE_CURVE((1.,0.750165098328351,1.,0.750165098328351,1.))
REPRESENTATION_ITEM('')
);
#3840=(
BOUNDED_CURVE()
B_SPLINE_CURVE(2,(#6391,#6392,#6393,#6394,#6395),.UNSPECIFIED.,.F.,.F.)
B_SPLINE_CURVE_WITH_KNOTS((3,2,3),(-35.6696407351627,-17.8348203675814,
0.),.UNSPECIFIED.)
CURVE()
GEOMETRIC_REPRESENTATION_ITEM()
RATIONAL_B_SPLINE_CURVE((1.,0.750165098328351,1.,0.750165098328351,1.))
REPRESENTATION_ITEM('')
);
#3841=(
BOUNDED_CURVE()
B_SPLINE_CURVE(2,(#6404,#6405,#6406,#6407,#6408),.UNSPECIFIED.,.F.,.F.)
B_SPLINE_CURVE_WITH_KNOTS((3,2,3),(-7.10006630330914,-3.55003315165454,
0.),.UNSPECIFIED.)
CURVE()
GEOMETRIC_REPRESENTATION_ITEM()
RATIONAL_B_SPLINE_CURVE((1.,0.914045569708993,1.,0.914045569708993,1.))
REPRESENTATION_ITEM('')
);
#3842=(
BOUNDED_CURVE()
B_SPLINE_CURVE(2,(#6409,#6410,#6411,#6412,#6413),.UNSPECIFIED.,.F.,.F.)
B_SPLINE_CURVE_WITH_KNOTS((3,2,3),(-7.10006630330914,-3.55003315165454,
0.),.UNSPECIFIED.)
CURVE()
GEOMETRIC_REPRESENTATION_ITEM()
RATIONAL_B_SPLINE_CURVE((1.,0.914045569708993,1.,0.914045569708993,1.))
REPRESENTATION_ITEM('')
);
#3843=(
BOUNDED_CURVE()
B_SPLINE_CURVE(2,(#6422,#6423,#6424,#6425,#6426),.UNSPECIFIED.,.F.,.F.)
B_SPLINE_CURVE_WITH_KNOTS((3,2,3),(-7.10006630330696,-3.55003315165348,
0.),.UNSPECIFIED.)
CURVE()
GEOMETRIC_REPRESENTATION_ITEM()
RATIONAL_B_SPLINE_CURVE((1.,0.914045569708943,1.,0.914045569708943,1.))
REPRESENTATION_ITEM('')
);
#3844=(
BOUNDED_CURVE()
B_SPLINE_CURVE(2,(#6427,#6428,#6429,#6430,#6431),.UNSPECIFIED.,.F.,.F.)
B_SPLINE_CURVE_WITH_KNOTS((3,2,3),(-7.10006630330696,-3.55003315165348,
0.),.UNSPECIFIED.)
CURVE()
GEOMETRIC_REPRESENTATION_ITEM()
RATIONAL_B_SPLINE_CURVE((1.,0.914045569708943,1.,0.914045569708943,1.))
REPRESENTATION_ITEM('')
);
#3845=(
BOUNDED_CURVE()
B_SPLINE_CURVE(2,(#6454,#6455,#6456,#6457,#6458),.UNSPECIFIED.,.F.,.F.)
B_SPLINE_CURVE_WITH_KNOTS((3,2,3),(-6.00000119537967,-3.00000059768961,
0.),.UNSPECIFIED.)
CURVE()
GEOMETRIC_REPRESENTATION_ITEM()
RATIONAL_B_SPLINE_CURVE((1.,0.707106781186547,1.,0.707106781186547,1.))
REPRESENTATION_ITEM('')
);
#3846=(
BOUNDED_CURVE()
B_SPLINE_CURVE(2,(#6459,#6460,#6461,#6462,#6463),.UNSPECIFIED.,.F.,.F.)
B_SPLINE_CURVE_WITH_KNOTS((3,2,3),(-6.00000119537967,-3.00000059768961,
0.),.UNSPECIFIED.)
CURVE()
GEOMETRIC_REPRESENTATION_ITEM()
RATIONAL_B_SPLINE_CURVE((1.,0.707106781186547,1.,0.707106781186547,1.))
REPRESENTATION_ITEM('')
);
#3847=(
BOUNDED_CURVE()
B_SPLINE_CURVE(2,(#6464,#6465,#6466,#6467,#6468),.UNSPECIFIED.,.F.,.F.)
B_SPLINE_CURVE_WITH_KNOTS((3,2,3),(-6.00000119536854,-3.00000059768818,
0.),.UNSPECIFIED.)
CURVE()
GEOMETRIC_REPRESENTATION_ITEM()
RATIONAL_B_SPLINE_CURVE((1.,0.707106781186521,1.,0.707106781186565,1.))
REPRESENTATION_ITEM('')
);
#3848=(
BOUNDED_CURVE()
B_SPLINE_CURVE(2,(#6469,#6470,#6471,#6472,#6473),.UNSPECIFIED.,.F.,.F.)
B_SPLINE_CURVE_WITH_KNOTS((3,2,3),(-6.00000119536854,-3.00000059768818,
0.),.UNSPECIFIED.)
CURVE()
GEOMETRIC_REPRESENTATION_ITEM()
RATIONAL_B_SPLINE_CURVE((1.,0.707106781186521,1.,0.707106781186565,1.))
REPRESENTATION_ITEM('')
);
#3849=(
BOUNDED_CURVE()
B_SPLINE_CURVE(2,(#6474,#6475,#6476,#6477,#6478),.UNSPECIFIED.,.F.,.F.)
B_SPLINE_CURVE_WITH_KNOTS((3,2,3),(-6.00000119536972,-3.00000059769042,
0.),.UNSPECIFIED.)
CURVE()
GEOMETRIC_REPRESENTATION_ITEM()
RATIONAL_B_SPLINE_CURVE((1.,0.707106781186641,1.,0.707106781186641,1.))
REPRESENTATION_ITEM('')
);
#3850=(
BOUNDED_CURVE()
B_SPLINE_CURVE(2,(#6479,#6480,#6481,#6482,#6483),.UNSPECIFIED.,.F.,.F.)
B_SPLINE_CURVE_WITH_KNOTS((3,2,3),(-6.00000119536972,-3.00000059769042,
0.),.UNSPECIFIED.)
CURVE()
GEOMETRIC_REPRESENTATION_ITEM()
RATIONAL_B_SPLINE_CURVE((1.,0.707106781186641,1.,0.707106781186641,1.))
REPRESENTATION_ITEM('')
);
#3851=(
BOUNDED_CURVE()
B_SPLINE_CURVE(2,(#6484,#6485,#6486,#6487,#6488),.UNSPECIFIED.,.F.,.F.)
B_SPLINE_CURVE_WITH_KNOTS((3,2,3),(-6.00000119538061,-3.00000059768969,
0.),.UNSPECIFIED.)
CURVE()
GEOMETRIC_REPRESENTATION_ITEM()
RATIONAL_B_SPLINE_CURVE((1.,0.707106781186631,1.,0.707106781186588,1.))
REPRESENTATION_ITEM('')
);
#3852=(
BOUNDED_CURVE()
B_SPLINE_CURVE(2,(#6489,#6490,#6491,#6492,#6493),.UNSPECIFIED.,.F.,.F.)
B_SPLINE_CURVE_WITH_KNOTS((3,2,3),(-6.00000119538061,-3.00000059768969,
0.),.UNSPECIFIED.)
CURVE()
GEOMETRIC_REPRESENTATION_ITEM()
RATIONAL_B_SPLINE_CURVE((1.,0.707106781186631,1.,0.707106781186588,1.))
REPRESENTATION_ITEM('')
);
#3853=(
BOUNDED_CURVE()
B_SPLINE_CURVE(2,(#6494,#6495,#6496,#6497,#6498),.UNSPECIFIED.,.F.,.F.)
B_SPLINE_CURVE_WITH_KNOTS((3,2,3),(0.,3.00000059768849,6.0000011953696),
 .UNSPECIFIED.)
CURVE()
GEOMETRIC_REPRESENTATION_ITEM()
RATIONAL_B_SPLINE_CURVE((1.,0.707106781186735,1.,0.707106781186735,1.))
REPRESENTATION_ITEM('')
);
#3854=(
BOUNDED_CURVE()
B_SPLINE_CURVE(2,(#6499,#6500,#6501,#6502,#6503),.UNSPECIFIED.,.F.,.F.)
B_SPLINE_CURVE_WITH_KNOTS((3,2,3),(0.,3.00000059768849,6.0000011953696),
 .UNSPECIFIED.)
CURVE()
GEOMETRIC_REPRESENTATION_ITEM()
RATIONAL_B_SPLINE_CURVE((1.,0.707106781186735,1.,0.707106781186735,1.))
REPRESENTATION_ITEM('')
);
#3855=(
BOUNDED_CURVE()
B_SPLINE_CURVE(2,(#6504,#6505,#6506,#6507,#6508),.UNSPECIFIED.,.F.,.F.)
B_SPLINE_CURVE_WITH_KNOTS((3,2,3),(0.,3.00000059769142,6.00000119537208),
 .UNSPECIFIED.)
CURVE()
GEOMETRIC_REPRESENTATION_ITEM()
RATIONAL_B_SPLINE_CURVE((1.,0.707106781186386,1.,0.707106781186452,1.))
REPRESENTATION_ITEM('')
);
#3856=(
BOUNDED_CURVE()
B_SPLINE_CURVE(2,(#6509,#6510,#6511,#6512,#6513),.UNSPECIFIED.,.F.,.F.)
B_SPLINE_CURVE_WITH_KNOTS((3,2,3),(0.,3.00000059769142,6.00000119537208),
 .UNSPECIFIED.)
CURVE()
GEOMETRIC_REPRESENTATION_ITEM()
RATIONAL_B_SPLINE_CURVE((1.,0.707106781186386,1.,0.707106781186452,1.))
REPRESENTATION_ITEM('')
);
#3857=(
BOUNDED_CURVE()
B_SPLINE_CURVE(2,(#6514,#6515,#6516,#6517,#6518),.UNSPECIFIED.,.F.,.F.)
B_SPLINE_CURVE_WITH_KNOTS((3,2,3),(0.,3.00000059768944,6.00000119537912),
 .UNSPECIFIED.)
CURVE()
GEOMETRIC_REPRESENTATION_ITEM()
RATIONAL_B_SPLINE_CURVE((1.,0.707106781186816,1.,0.707106781186816,1.))
REPRESENTATION_ITEM('')
);
#3858=(
BOUNDED_CURVE()
B_SPLINE_CURVE(2,(#6519,#6520,#6521,#6522,#6523),.UNSPECIFIED.,.F.,.F.)
B_SPLINE_CURVE_WITH_KNOTS((3,2,3),(0.,3.00000059768944,6.00000119537912),
 .UNSPECIFIED.)
CURVE()
GEOMETRIC_REPRESENTATION_ITEM()
RATIONAL_B_SPLINE_CURVE((1.,0.707106781186816,1.,0.707106781186816,1.))
REPRESENTATION_ITEM('')
);
#3859=(
BOUNDED_CURVE()
B_SPLINE_CURVE(2,(#6524,#6525,#6526,#6527,#6528),.UNSPECIFIED.,.F.,.F.)
B_SPLINE_CURVE_WITH_KNOTS((3,2,3),(0.,3.00000059767926,6.00000119535822),
 .UNSPECIFIED.)
CURVE()
GEOMETRIC_REPRESENTATION_ITEM()
RATIONAL_B_SPLINE_CURVE((1.,0.707106781186751,1.,0.707106781186708,1.))
REPRESENTATION_ITEM('')
);
#3860=(
BOUNDED_CURVE()
B_SPLINE_CURVE(2,(#6529,#6530,#6531,#6532,#6533),.UNSPECIFIED.,.F.,.F.)
B_SPLINE_CURVE_WITH_KNOTS((3,2,3),(0.,3.00000059767926,6.00000119535822),
 .UNSPECIFIED.)
CURVE()
GEOMETRIC_REPRESENTATION_ITEM()
RATIONAL_B_SPLINE_CURVE((1.,0.707106781186751,1.,0.707106781186708,1.))
REPRESENTATION_ITEM('')
);
#3861=(
BOUNDED_CURVE()
B_SPLINE_CURVE(2,(#6534,#6535,#6536),.UNSPECIFIED.,.F.,.F.)
B_SPLINE_CURVE_WITH_KNOTS((3,3),(-1.77841633592516,0.),.UNSPECIFIED.)
CURVE()
GEOMETRIC_REPRESENTATION_ITEM()
RATIONAL_B_SPLINE_CURVE((1.,1.02262099355325,1.))
REPRESENTATION_ITEM('')
);
#3862=(
BOUNDED_CURVE()
B_SPLINE_CURVE(2,(#6550,#6551,#6552),.UNSPECIFIED.,.F.,.F.)
B_SPLINE_CURVE_WITH_KNOTS((3,3),(0.,4.85500429025418),.UNSPECIFIED.)
CURVE()
GEOMETRIC_REPRESENTATION_ITEM()
RATIONAL_B_SPLINE_CURVE((1.,0.777380356181934,1.))
REPRESENTATION_ITEM('')
);
#3863=(
BOUNDED_CURVE()
B_SPLINE_CURVE(2,(#6565,#6566,#6567),.UNSPECIFIED.,.F.,.F.)
B_SPLINE_CURVE_WITH_KNOTS((3,3),(0.,4.8550042902573),.UNSPECIFIED.)
CURVE()
GEOMETRIC_REPRESENTATION_ITEM()
RATIONAL_B_SPLINE_CURVE((1.,0.777380356181447,1.))
REPRESENTATION_ITEM('')
);
#3864=(
BOUNDED_CURVE()
B_SPLINE_CURVE(2,(#6582,#6583,#6584),.UNSPECIFIED.,.F.,.F.)
B_SPLINE_CURVE_WITH_KNOTS((3,3),(0.,1.77841633593238),.UNSPECIFIED.)
CURVE()
GEOMETRIC_REPRESENTATION_ITEM()
RATIONAL_B_SPLINE_CURVE((1.,1.02262099355323,1.))
REPRESENTATION_ITEM('')
);
#3865=(
BOUNDED_CURVE()
B_SPLINE_CURVE(2,(#6585,#6586,#6587),.UNSPECIFIED.,.F.,.F.)
B_SPLINE_CURVE_WITH_KNOTS((3,3),(0.,1.77841633593238),.UNSPECIFIED.)
CURVE()
GEOMETRIC_REPRESENTATION_ITEM()
RATIONAL_B_SPLINE_CURVE((1.,1.02262099355323,1.))
REPRESENTATION_ITEM('')
);
#3866=(
BOUNDED_CURVE()
B_SPLINE_CURVE(2,(#6592,#6593,#6594),.UNSPECIFIED.,.F.,.F.)
B_SPLINE_CURVE_WITH_KNOTS((3,3),(-1.95808840934231,0.),.UNSPECIFIED.)
CURVE()
GEOMETRIC_REPRESENTATION_ITEM()
RATIONAL_B_SPLINE_CURVE((1.,0.995349732732649,1.))
REPRESENTATION_ITEM('')
);
#3867=(
BOUNDED_CURVE()
B_SPLINE_CURVE(2,(#6595,#6596,#6597),.UNSPECIFIED.,.F.,.F.)
B_SPLINE_CURVE_WITH_KNOTS((3,3),(-1.95808840934231,0.),.UNSPECIFIED.)
CURVE()
GEOMETRIC_REPRESENTATION_ITEM()
RATIONAL_B_SPLINE_CURVE((1.,0.995349732732649,1.))
REPRESENTATION_ITEM('')
);
#3868=(
BOUNDED_CURVE()
B_SPLINE_CURVE(2,(#6606,#6607,#6608),.UNSPECIFIED.,.F.,.F.)
B_SPLINE_CURVE_WITH_KNOTS((3,3),(0.,4.8550042902573),.UNSPECIFIED.)
CURVE()
GEOMETRIC_REPRESENTATION_ITEM()
RATIONAL_B_SPLINE_CURVE((1.,0.777380356181447,1.))
REPRESENTATION_ITEM('')
);
#3869=(
BOUNDED_CURVE()
B_SPLINE_CURVE(2,(#6617,#6618,#6619),.UNSPECIFIED.,.F.,.F.)
B_SPLINE_CURVE_WITH_KNOTS((3,3),(-4.85500429025247,0.),.UNSPECIFIED.)
CURVE()
GEOMETRIC_REPRESENTATION_ITEM()
RATIONAL_B_SPLINE_CURVE((1.,0.777380356180293,1.))
REPRESENTATION_ITEM('')
);
#3870=(
BOUNDED_CURVE()
B_SPLINE_CURVE(2,(#6620,#6621,#6622),.UNSPECIFIED.,.F.,.F.)
B_SPLINE_CURVE_WITH_KNOTS((3,3),(-4.85500429025247,0.),.UNSPECIFIED.)
CURVE()
GEOMETRIC_REPRESENTATION_ITEM()
RATIONAL_B_SPLINE_CURVE((1.,0.777380356180293,1.))
REPRESENTATION_ITEM('')
);
#3871=(
BOUNDED_CURVE()
B_SPLINE_CURVE(2,(#6629,#6630,#6631),.UNSPECIFIED.,.F.,.F.)
B_SPLINE_CURVE_WITH_KNOTS((3,3),(-1.77841633592516,0.),.UNSPECIFIED.)
CURVE()
GEOMETRIC_REPRESENTATION_ITEM()
RATIONAL_B_SPLINE_CURVE((1.,1.02262099355325,1.))
REPRESENTATION_ITEM('')
);
#3872=(
BOUNDED_CURVE()
B_SPLINE_CURVE(2,(#6640,#6641,#6642),.UNSPECIFIED.,.F.,.F.)
B_SPLINE_CURVE_WITH_KNOTS((3,3),(0.,4.85500429025238),.UNSPECIFIED.)
CURVE()
GEOMETRIC_REPRESENTATION_ITEM()
RATIONAL_B_SPLINE_CURVE((1.,0.777380356180272,1.))
REPRESENTATION_ITEM('')
);
#3873=(
BOUNDED_CURVE()
B_SPLINE_CURVE(2,(#6756,#6757,#6758,#6759,#6760),.UNSPECIFIED.,.F.,.F.)
B_SPLINE_CURVE_WITH_KNOTS((3,2,3),(10.9965461418031,14.4518121336324,17.9070781254618),
 .UNSPECIFIED.)
CURVE()
GEOMETRIC_REPRESENTATION_ITEM()
RATIONAL_B_SPLINE_CURVE((1.,0.82129556253066,1.,0.82129556253066,1.))
REPRESENTATION_ITEM('')
);
#3874=(
BOUNDED_CURVE()
B_SPLINE_CURVE(2,(#6761,#6762,#6763,#6764,#6765),.UNSPECIFIED.,.F.,.F.)
B_SPLINE_CURVE_WITH_KNOTS((3,2,3),(10.9965461418031,14.4518121336324,17.9070781254618),
 .UNSPECIFIED.)
CURVE()
GEOMETRIC_REPRESENTATION_ITEM()
RATIONAL_B_SPLINE_CURVE((1.,0.821260550967203,1.,0.821260550967203,1.))
REPRESENTATION_ITEM('')
);
#3875=(
BOUNDED_CURVE()
B_SPLINE_CURVE(2,(#6766,#6767,#6768,#6769,#6770),.UNSPECIFIED.,.F.,.F.)
B_SPLINE_CURVE_WITH_KNOTS((3,2,3),(-6.91074044553569,-3.45537022276784,
0.),.UNSPECIFIED.)
CURVE()
GEOMETRIC_REPRESENTATION_ITEM()
RATIONAL_B_SPLINE_CURVE((1.,0.821251938155184,1.,0.821251938155184,1.))
REPRESENTATION_ITEM('')
);
#3876=(
BOUNDED_CURVE()
B_SPLINE_CURVE(2,(#6779,#6780,#6781,#6782,#6783),.UNSPECIFIED.,.F.,.F.)
B_SPLINE_CURVE_WITH_KNOTS((3,2,3),(-40.4659299973874,-20.2329649986937,
0.),.UNSPECIFIED.)
CURVE()
GEOMETRIC_REPRESENTATION_ITEM()
RATIONAL_B_SPLINE_CURVE((1.,0.707106781186483,1.,0.707106781186483,1.))
REPRESENTATION_ITEM('')
);
#3877=(
BOUNDED_CURVE()
B_SPLINE_CURVE(2,(#6784,#6785,#6786,#6787,#6788),.UNSPECIFIED.,.F.,.F.)
B_SPLINE_CURVE_WITH_KNOTS((3,2,3),(-40.4659299973874,-20.2329649986937,
0.),.UNSPECIFIED.)
CURVE()
GEOMETRIC_REPRESENTATION_ITEM()
RATIONAL_B_SPLINE_CURVE((1.,0.707106781186483,1.,0.707106781186483,1.))
REPRESENTATION_ITEM('')
);
#3878=(
BOUNDED_CURVE()
B_SPLINE_CURVE(2,(#6801,#6802,#6803),.UNSPECIFIED.,.F.,.F.)
B_SPLINE_CURVE_WITH_KNOTS((3,3),(-8.95005397448698,-6.5473052718565),
 .UNSPECIFIED.)
CURVE()
GEOMETRIC_REPRESENTATION_ITEM()
RATIONAL_B_SPLINE_CURVE((1.,0.911433847075241,1.))
REPRESENTATION_ITEM('')
);
#3879=(
BOUNDED_CURVE()
B_SPLINE_CURVE(2,(#6804,#6805,#6806,#6807,#6808,#6809,#6810,#6811,#6812),
 .UNSPECIFIED.,.F.,.F.)
B_SPLINE_CURVE_WITH_KNOTS((3,2,2,2,3),(8.95005397448698,9.38724848525783,
12.2271916986592,15.0671349120605,17.9070781254618),.UNSPECIFIED.)
CURVE()
GEOMETRIC_REPRESENTATION_ITEM()
RATIONAL_B_SPLINE_CURVE((1.,0.997197288140981,1.,0.878235450352351,1.,0.878235450352351,
1.,0.878235450352351,1.))
REPRESENTATION_ITEM('')
);
#3880=(
BOUNDED_CURVE()
B_SPLINE_CURVE(2,(#6813,#6814,#6815,#6816,#6817,#6818,#6819,#6820,#6821),
 .UNSPECIFIED.,.F.,.F.)
B_SPLINE_CURVE_WITH_KNOTS((3,2,2,2,3),(8.95005397448698,9.38599752637144,
12.2263577260682,15.066717925765,17.9070781254618),.UNSPECIFIED.)
CURVE()
GEOMETRIC_REPRESENTATION_ITEM()
RATIONAL_B_SPLINE_CURVE((1.,0.997213599097391,1.,0.878200644257769,1.,0.878200644257769,
1.,0.878200644257769,1.))
REPRESENTATION_ITEM('')
);
#3881=(
BOUNDED_CURVE()
B_SPLINE_CURVE(2,(#6822,#6823,#6824),.UNSPECIFIED.,.F.,.F.)
B_SPLINE_CURVE_WITH_KNOTS((3,3),(-2.40598707622833,0.),.UNSPECIFIED.)
CURVE()
GEOMETRIC_REPRESENTATION_ITEM()
RATIONAL_B_SPLINE_CURVE((1.,0.911705486591636,1.))
REPRESENTATION_ITEM('')
);
#3882=(
BOUNDED_CURVE()
B_SPLINE_CURVE(2,(#6829,#6830,#6831,#6832,#6833),.UNSPECIFIED.,.F.,.F.)
B_SPLINE_CURVE_WITH_KNOTS((3,2,3),(0.,4.47676953136546,8.95353906273091),
 .UNSPECIFIED.)
CURVE()
GEOMETRIC_REPRESENTATION_ITEM()
RATIONAL_B_SPLINE_CURVE((1.,0.707106781186548,1.,0.707106781186548,1.))
REPRESENTATION_ITEM('')
);
#3883=(
BOUNDED_CURVE()
B_SPLINE_CURVE(2,(#6834,#6835,#6836,#6837,#6838),.UNSPECIFIED.,.F.,.F.)
B_SPLINE_CURVE_WITH_KNOTS((3,2,3),(0.,4.47676953136546,8.95353906273091),
 .UNSPECIFIED.)
CURVE()
GEOMETRIC_REPRESENTATION_ITEM()
RATIONAL_B_SPLINE_CURVE((1.,0.707106781186548,1.,0.707106781186548,1.))
REPRESENTATION_ITEM('')
);
#3884=(
BOUNDED_CURVE()
B_SPLINE_CURVE(2,(#6839,#6840,#6841,#6842,#6843),.UNSPECIFIED.,.F.,.F.)
B_SPLINE_CURVE_WITH_KNOTS((3,2,3),(8.95353906273091,13.4303085940964,17.9070781254618),
 .UNSPECIFIED.)
CURVE()
GEOMETRIC_REPRESENTATION_ITEM()
RATIONAL_B_SPLINE_CURVE((1.,0.707106781186548,1.,0.707106781186548,1.))
REPRESENTATION_ITEM('')
);
#3885=(
BOUNDED_CURVE()
B_SPLINE_CURVE(2,(#6844,#6845,#6846,#6847,#6848),.UNSPECIFIED.,.F.,.F.)
B_SPLINE_CURVE_WITH_KNOTS((3,2,3),(8.95353906273091,13.4303085940964,17.9070781254618),
 .UNSPECIFIED.)
CURVE()
GEOMETRIC_REPRESENTATION_ITEM()
RATIONAL_B_SPLINE_CURVE((1.,0.707106781186548,1.,0.707106781186548,1.))
REPRESENTATION_ITEM('')
);
#3886=(
BOUNDED_CURVE()
B_SPLINE_CURVE(2,(#6849,#6850,#6851,#6852,#6853),.UNSPECIFIED.,.F.,.F.)
B_SPLINE_CURVE_WITH_KNOTS((3,2,3),(-8.95353906273091,-4.47676953136546,
0.),.UNSPECIFIED.)
CURVE()
GEOMETRIC_REPRESENTATION_ITEM()
RATIONAL_B_SPLINE_CURVE((1.,0.707106781186548,1.,0.707106781186548,1.))
REPRESENTATION_ITEM('')
);
#3887=(
BOUNDED_CURVE()
B_SPLINE_CURVE(2,(#6854,#6855,#6856,#6857,#6858),.UNSPECIFIED.,.F.,.F.)
B_SPLINE_CURVE_WITH_KNOTS((3,2,3),(8.95353906273091,13.4303085940964,17.9070781254618),
 .UNSPECIFIED.)
CURVE()
GEOMETRIC_REPRESENTATION_ITEM()
RATIONAL_B_SPLINE_CURVE((1.,0.707106781186548,1.,0.707106781186548,1.))
REPRESENTATION_ITEM('')
);
#3888=(
BOUNDED_CURVE()
B_SPLINE_CURVE(2,(#6859,#6860,#6861,#6862,#6863),.UNSPECIFIED.,.F.,.F.)
B_SPLINE_CURVE_WITH_KNOTS((3,2,3),(8.95353906273091,13.4303085940964,17.9070781254618),
 .UNSPECIFIED.)
CURVE()
GEOMETRIC_REPRESENTATION_ITEM()
RATIONAL_B_SPLINE_CURVE((1.,0.707106781186548,1.,0.707106781186548,1.))
REPRESENTATION_ITEM('')
);
#3889=(
BOUNDED_CURVE()
B_SPLINE_CURVE(1,(#6877,#6878),.UNSPECIFIED.,.F.,.F.)
B_SPLINE_CURVE_WITH_KNOTS((2,2),(-17.7329882515047,0.),.UNSPECIFIED.)
CURVE()
GEOMETRIC_REPRESENTATION_ITEM()
RATIONAL_B_SPLINE_CURVE((1.,1.))
REPRESENTATION_ITEM('')
);
#3890=(
BOUNDED_CURVE()
B_SPLINE_CURVE(1,(#6890,#6891),.UNSPECIFIED.,.F.,.F.)
B_SPLINE_CURVE_WITH_KNOTS((2,2),(0.,17.402771879172),.UNSPECIFIED.)
CURVE()
GEOMETRIC_REPRESENTATION_ITEM()
RATIONAL_B_SPLINE_CURVE((1.,1.))
REPRESENTATION_ITEM('')
);
#3891=(
BOUNDED_CURVE()
B_SPLINE_CURVE(1,(#6898,#6899),.UNSPECIFIED.,.F.,.F.)
B_SPLINE_CURVE_WITH_KNOTS((2,2),(0.,17.402771879172),.UNSPECIFIED.)
CURVE()
GEOMETRIC_REPRESENTATION_ITEM()
RATIONAL_B_SPLINE_CURVE((1.,1.))
REPRESENTATION_ITEM('')
);
#3892=(
BOUNDED_CURVE()
B_SPLINE_CURVE(1,(#6904,#6905),.UNSPECIFIED.,.F.,.F.)
B_SPLINE_CURVE_WITH_KNOTS((2,2),(0.,17.402771879172),.UNSPECIFIED.)
CURVE()
GEOMETRIC_REPRESENTATION_ITEM()
RATIONAL_B_SPLINE_CURVE((1.,1.))
REPRESENTATION_ITEM('')
);
#3893=(
BOUNDED_CURVE()
B_SPLINE_CURVE(1,(#6906,#6907),.UNSPECIFIED.,.F.,.F.)
B_SPLINE_CURVE_WITH_KNOTS((2,2),(0.,17.402771879172),.UNSPECIFIED.)
CURVE()
GEOMETRIC_REPRESENTATION_ITEM()
RATIONAL_B_SPLINE_CURVE((1.,1.))
REPRESENTATION_ITEM('')
);
#3894=(
BOUNDED_CURVE()
B_SPLINE_CURVE(1,(#6932,#6933),.UNSPECIFIED.,.F.,.F.)
B_SPLINE_CURVE_WITH_KNOTS((2,2),(0.,17.7329882515047),.UNSPECIFIED.)
CURVE()
GEOMETRIC_REPRESENTATION_ITEM()
RATIONAL_B_SPLINE_CURVE((1.,1.))
REPRESENTATION_ITEM('')
);
#3895=(
BOUNDED_CURVE()
B_SPLINE_CURVE(1,(#6976,#6977),.UNSPECIFIED.,.F.,.F.)
B_SPLINE_CURVE_WITH_KNOTS((2,2),(0.,15.5538754421444),.UNSPECIFIED.)
CURVE()
GEOMETRIC_REPRESENTATION_ITEM()
RATIONAL_B_SPLINE_CURVE((1.,1.))
REPRESENTATION_ITEM('')
);
#3896=(
BOUNDED_CURVE()
B_SPLINE_CURVE(1,(#7024,#7025),.UNSPECIFIED.,.F.,.F.)
B_SPLINE_CURVE_WITH_KNOTS((2,2),(-17.7329882515047,0.),.UNSPECIFIED.)
CURVE()
GEOMETRIC_REPRESENTATION_ITEM()
RATIONAL_B_SPLINE_CURVE((1.,1.))
REPRESENTATION_ITEM('')
);
#3897=(
BOUNDED_CURVE()
B_SPLINE_CURVE(1,(#7034,#7035),.UNSPECIFIED.,.F.,.F.)
B_SPLINE_CURVE_WITH_KNOTS((2,2),(0.,17.7329882515047),.UNSPECIFIED.)
CURVE()
GEOMETRIC_REPRESENTATION_ITEM()
RATIONAL_B_SPLINE_CURVE((1.,1.))
REPRESENTATION_ITEM('')
);
#3898=(
BOUNDED_CURVE()
B_SPLINE_CURVE(2,(#7082,#7083,#7084),.UNSPECIFIED.,.F.,.F.)
B_SPLINE_CURVE_WITH_KNOTS((3,3),(-7.67045819045203,0.),.UNSPECIFIED.)
CURVE()
GEOMETRIC_REPRESENTATION_ITEM()
RATIONAL_B_SPLINE_CURVE((1.,0.721817288675849,1.))
REPRESENTATION_ITEM('')
);
#3899=(
BOUNDED_CURVE()
B_SPLINE_CURVE(2,(#7085,#7086,#7087),.UNSPECIFIED.,.F.,.F.)
B_SPLINE_CURVE_WITH_KNOTS((3,3),(-7.67045819045203,0.),.UNSPECIFIED.)
CURVE()
GEOMETRIC_REPRESENTATION_ITEM()
RATIONAL_B_SPLINE_CURVE((1.,0.721817288675849,1.))
REPRESENTATION_ITEM('')
);
#3900=(
BOUNDED_CURVE()
B_SPLINE_CURVE(2,(#7096,#7097,#7098),.UNSPECIFIED.,.F.,.F.)
B_SPLINE_CURVE_WITH_KNOTS((3,3),(-7.70039036765073,0.),.UNSPECIFIED.)
CURVE()
GEOMETRIC_REPRESENTATION_ITEM()
RATIONAL_B_SPLINE_CURVE((1.,0.720469287966836,1.))
REPRESENTATION_ITEM('')
);
#3901=(
BOUNDED_CURVE()
B_SPLINE_CURVE(2,(#7099,#7100,#7101),.UNSPECIFIED.,.F.,.F.)
B_SPLINE_CURVE_WITH_KNOTS((3,3),(-7.70039036765073,0.),.UNSPECIFIED.)
CURVE()
GEOMETRIC_REPRESENTATION_ITEM()
RATIONAL_B_SPLINE_CURVE((1.,0.720469287966836,1.))
REPRESENTATION_ITEM('')
);
#3902=(
BOUNDED_CURVE()
B_SPLINE_CURVE(2,(#7106,#7107,#7108,#7109,#7110),.UNSPECIFIED.,.F.,.F.)
B_SPLINE_CURVE_WITH_KNOTS((3,2,3),(-34.9529379616792,-17.4764689808396,
0.),.UNSPECIFIED.)
CURVE()
GEOMETRIC_REPRESENTATION_ITEM()
RATIONAL_B_SPLINE_CURVE((1.,0.756775923496111,1.,0.756775923496111,1.))
REPRESENTATION_ITEM('')
);
#3903=(
BOUNDED_CURVE()
B_SPLINE_CURVE(2,(#7111,#7112,#7113,#7114,#7115),.UNSPECIFIED.,.F.,.F.)
B_SPLINE_CURVE_WITH_KNOTS((3,2,3),(-34.9529379616792,-17.4764689808396,
0.),.UNSPECIFIED.)
CURVE()
GEOMETRIC_REPRESENTATION_ITEM()
RATIONAL_B_SPLINE_CURVE((1.,0.756775923496111,1.,0.756775923496111,1.))
REPRESENTATION_ITEM('')
);
#3904=(
BOUNDED_CURVE()
B_SPLINE_CURVE(2,(#7116,#7117,#7118,#7119,#7120),.UNSPECIFIED.,.F.,.F.)
B_SPLINE_CURVE_WITH_KNOTS((3,2,3),(-5.99999999999589,-2.99999999999795,
0.),.UNSPECIFIED.)
CURVE()
GEOMETRIC_REPRESENTATION_ITEM()
RATIONAL_B_SPLINE_CURVE((1.,0.707106781186667,1.,0.707106781186667,1.))
REPRESENTATION_ITEM('')
);
#3905=(
BOUNDED_CURVE()
B_SPLINE_CURVE(2,(#7121,#7122,#7123,#7124,#7125),.UNSPECIFIED.,.F.,.F.)
B_SPLINE_CURVE_WITH_KNOTS((3,2,3),(-5.99999999999589,-2.99999999999799,
0.),.UNSPECIFIED.)
CURVE()
GEOMETRIC_REPRESENTATION_ITEM()
RATIONAL_B_SPLINE_CURVE((1.,0.707106781186679,1.,0.707106781186679,1.))
REPRESENTATION_ITEM('')
);
#3906=(
BOUNDED_CURVE()
B_SPLINE_CURVE(2,(#7126,#7127,#7128,#7129,#7130),.UNSPECIFIED.,.F.,.F.)
B_SPLINE_CURVE_WITH_KNOTS((3,2,3),(-5.99999999999548,-2.99999999999774,
0.),.UNSPECIFIED.)
CURVE()
GEOMETRIC_REPRESENTATION_ITEM()
RATIONAL_B_SPLINE_CURVE((1.,0.707106781186702,1.,0.707106781186702,1.))
REPRESENTATION_ITEM('')
);
#3907=(
BOUNDED_CURVE()
B_SPLINE_CURVE(2,(#7131,#7132,#7133,#7134,#7135),.UNSPECIFIED.,.F.,.F.)
B_SPLINE_CURVE_WITH_KNOTS((3,2,3),(-5.99999999999548,-2.99999999999777,
0.),.UNSPECIFIED.)
CURVE()
GEOMETRIC_REPRESENTATION_ITEM()
RATIONAL_B_SPLINE_CURVE((1.,0.70710678118669,1.,0.70710678118669,1.))
REPRESENTATION_ITEM('')
);
#3908=(
BOUNDED_CURVE()
B_SPLINE_CURVE(2,(#7136,#7137,#7138,#7139,#7140),.UNSPECIFIED.,.F.,.F.)
B_SPLINE_CURVE_WITH_KNOTS((3,2,3),(-5.99999999999481,-2.99999999999741,
0.),.UNSPECIFIED.)
CURVE()
GEOMETRIC_REPRESENTATION_ITEM()
RATIONAL_B_SPLINE_CURVE((1.,0.707106781186851,1.,0.707106781186851,1.))
REPRESENTATION_ITEM('')
);
#3909=(
BOUNDED_CURVE()
B_SPLINE_CURVE(2,(#7141,#7142,#7143,#7144,#7145),.UNSPECIFIED.,.F.,.F.)
B_SPLINE_CURVE_WITH_KNOTS((3,2,3),(-5.99999999999481,-2.9999999999974,0.),
 .UNSPECIFIED.)
CURVE()
GEOMETRIC_REPRESENTATION_ITEM()
RATIONAL_B_SPLINE_CURVE((1.,0.707106781186851,1.,0.707106781186851,1.))
REPRESENTATION_ITEM('')
);
#3910=(
BOUNDED_CURVE()
B_SPLINE_CURVE(2,(#7146,#7147,#7148,#7149,#7150),.UNSPECIFIED.,.F.,.F.)
B_SPLINE_CURVE_WITH_KNOTS((3,2,3),(-5.99999999999676,-2.99999999999838,
0.),.UNSPECIFIED.)
CURVE()
GEOMETRIC_REPRESENTATION_ITEM()
RATIONAL_B_SPLINE_CURVE((1.,0.707106781186734,1.,0.707106781186734,1.))
REPRESENTATION_ITEM('')
);
#3911=(
BOUNDED_CURVE()
B_SPLINE_CURVE(2,(#7151,#7152,#7153,#7154,#7155),.UNSPECIFIED.,.F.,.F.)
B_SPLINE_CURVE_WITH_KNOTS((3,2,3),(-5.99999999999676,-2.99999999999838,
0.),.UNSPECIFIED.)
CURVE()
GEOMETRIC_REPRESENTATION_ITEM()
RATIONAL_B_SPLINE_CURVE((1.,0.707106781186742,1.,0.707106781186742,1.))
REPRESENTATION_ITEM('')
);
#3912=(
BOUNDED_CURVE()
B_SPLINE_CURVE(2,(#7156,#7157,#7158,#7159,#7160),.UNSPECIFIED.,.F.,.F.)
B_SPLINE_CURVE_WITH_KNOTS((3,2,3),(-6.00000000001674,-3.00000000000837,
0.),.UNSPECIFIED.)
CURVE()
GEOMETRIC_REPRESENTATION_ITEM()
RATIONAL_B_SPLINE_CURVE((1.,0.707106781185474,1.,0.707106781185474,1.))
REPRESENTATION_ITEM('')
);
#3913=(
BOUNDED_CURVE()
B_SPLINE_CURVE(2,(#7161,#7162,#7163,#7164,#7165),.UNSPECIFIED.,.F.,.F.)
B_SPLINE_CURVE_WITH_KNOTS((3,2,3),(-6.00000000001674,-3.00000000000837,
0.),.UNSPECIFIED.)
CURVE()
GEOMETRIC_REPRESENTATION_ITEM()
RATIONAL_B_SPLINE_CURVE((1.,0.70710678118549,1.,0.70710678118549,1.))
REPRESENTATION_ITEM('')
);
#3914=(
BOUNDED_CURVE()
B_SPLINE_CURVE(2,(#7166,#7167,#7168,#7169,#7170),.UNSPECIFIED.,.F.,.F.)
B_SPLINE_CURVE_WITH_KNOTS((3,2,3),(-6.00000000001286,-3.00000000000643,
0.),.UNSPECIFIED.)
CURVE()
GEOMETRIC_REPRESENTATION_ITEM()
RATIONAL_B_SPLINE_CURVE((1.,0.707106781185729,1.,0.707106781185729,1.))
REPRESENTATION_ITEM('')
);
#3915=(
BOUNDED_CURVE()
B_SPLINE_CURVE(2,(#7171,#7172,#7173,#7174,#7175),.UNSPECIFIED.,.F.,.F.)
B_SPLINE_CURVE_WITH_KNOTS((3,2,3),(-6.00000000001286,-3.00000000000643,
0.),.UNSPECIFIED.)
CURVE()
GEOMETRIC_REPRESENTATION_ITEM()
RATIONAL_B_SPLINE_CURVE((1.,0.707106781185727,1.,0.707106781185727,1.))
REPRESENTATION_ITEM('')
);
#3916=(
BOUNDED_CURVE()
B_SPLINE_CURVE(2,(#7176,#7177,#7178,#7179,#7180),.UNSPECIFIED.,.F.,.F.)
B_SPLINE_CURVE_WITH_KNOTS((3,2,3),(-5.99999999999507,-2.99999999999754,
0.),.UNSPECIFIED.)
CURVE()
GEOMETRIC_REPRESENTATION_ITEM()
RATIONAL_B_SPLINE_CURVE((1.,0.707106781186826,1.,0.707106781186826,1.))
REPRESENTATION_ITEM('')
);
#3917=(
BOUNDED_CURVE()
B_SPLINE_CURVE(2,(#7181,#7182,#7183,#7184,#7185),.UNSPECIFIED.,.F.,.F.)
B_SPLINE_CURVE_WITH_KNOTS((3,2,3),(-5.99999999999507,-2.99999999999757,
0.),.UNSPECIFIED.)
CURVE()
GEOMETRIC_REPRESENTATION_ITEM()
RATIONAL_B_SPLINE_CURVE((1.,0.707106781186829,1.,0.707106781186829,1.))
REPRESENTATION_ITEM('')
);
#3918=(
BOUNDED_CURVE()
B_SPLINE_CURVE(2,(#7186,#7187,#7188,#7189,#7190),.UNSPECIFIED.,.F.,.F.)
B_SPLINE_CURVE_WITH_KNOTS((3,2,3),(-5.99999999999191,-2.99999999999596,
0.),.UNSPECIFIED.)
CURVE()
GEOMETRIC_REPRESENTATION_ITEM()
RATIONAL_B_SPLINE_CURVE((1.,0.707106781187012,1.,0.707106781187012,1.))
REPRESENTATION_ITEM('')
);
#3919=(
BOUNDED_CURVE()
B_SPLINE_CURVE(2,(#7191,#7192,#7193,#7194,#7195),.UNSPECIFIED.,.F.,.F.)
B_SPLINE_CURVE_WITH_KNOTS((3,2,3),(-5.99999999999191,-2.99999999999599,
0.),.UNSPECIFIED.)
CURVE()
GEOMETRIC_REPRESENTATION_ITEM()
RATIONAL_B_SPLINE_CURVE((1.,0.707106781187022,1.,0.707106781187022,1.))
REPRESENTATION_ITEM('')
);
#3920=(
BOUNDED_CURVE()
B_SPLINE_CURVE(2,(#7207,#7208,#7209),.UNSPECIFIED.,.F.,.F.)
B_SPLINE_CURVE_WITH_KNOTS((3,3),(0.,3.34505396263447),.UNSPECIFIED.)
CURVE()
GEOMETRIC_REPRESENTATION_ITEM()
RATIONAL_B_SPLINE_CURVE((1.,0.873431975593469,1.))
REPRESENTATION_ITEM('')
);
#3921=(
BOUNDED_CURVE()
B_SPLINE_CURVE(2,(#7222,#7223,#7224),.UNSPECIFIED.,.F.,.F.)
B_SPLINE_CURVE_WITH_KNOTS((3,3),(-3.36037387720219,0.),.UNSPECIFIED.)
CURVE()
GEOMETRIC_REPRESENTATION_ITEM()
RATIONAL_B_SPLINE_CURVE((1.,0.872482837844295,1.))
REPRESENTATION_ITEM('')
);
#3922=(
BOUNDED_CURVE()
B_SPLINE_CURVE(2,(#7225,#7226,#7227),.UNSPECIFIED.,.F.,.F.)
B_SPLINE_CURVE_WITH_KNOTS((3,3),(-3.36037387720219,0.),.UNSPECIFIED.)
CURVE()
GEOMETRIC_REPRESENTATION_ITEM()
RATIONAL_B_SPLINE_CURVE((1.,0.872482837844295,1.))
REPRESENTATION_ITEM('')
);
#3923=(
BOUNDED_CURVE()
B_SPLINE_CURVE(2,(#7236,#7237,#7238),.UNSPECIFIED.,.F.,.F.)
B_SPLINE_CURVE_WITH_KNOTS((3,3),(-3.3450539626335,0.),.UNSPECIFIED.)
CURVE()
GEOMETRIC_REPRESENTATION_ITEM()
RATIONAL_B_SPLINE_CURVE((1.,0.873431975593768,1.))
REPRESENTATION_ITEM('')
);
#3924=(
BOUNDED_CURVE()
B_SPLINE_CURVE(2,(#7239,#7240,#7241),.UNSPECIFIED.,.F.,.F.)
B_SPLINE_CURVE_WITH_KNOTS((3,3),(-3.3450539626335,0.),.UNSPECIFIED.)
CURVE()
GEOMETRIC_REPRESENTATION_ITEM()
RATIONAL_B_SPLINE_CURVE((1.,0.873431975593768,1.))
REPRESENTATION_ITEM('')
);
#3925=(
BOUNDED_CURVE()
B_SPLINE_CURVE(2,(#7246,#7247,#7248),.UNSPECIFIED.,.F.,.F.)
B_SPLINE_CURVE_WITH_KNOTS((3,3),(0.,3.36037387719907),.UNSPECIFIED.)
CURVE()
GEOMETRIC_REPRESENTATION_ITEM()
RATIONAL_B_SPLINE_CURVE((1.,0.872482837845055,1.))
REPRESENTATION_ITEM('')
);
#3926=(
BOUNDED_CURVE()
B_SPLINE_CURVE(2,(#7334,#7335,#7336,#7337,#7338),.UNSPECIFIED.,.F.,.F.)
B_SPLINE_CURVE_WITH_KNOTS((3,2,3),(-6.91328331188016,-3.45664165594008,
0.),.UNSPECIFIED.)
CURVE()
GEOMETRIC_REPRESENTATION_ITEM()
RATIONAL_B_SPLINE_CURVE((1.,0.821150497311226,1.,0.821150497311226,1.))
REPRESENTATION_ITEM('')
);
#3927=(
BOUNDED_CURVE()
B_SPLINE_CURVE(2,(#7339,#7340,#7341,#7342,#7343),.UNSPECIFIED.,.F.,.F.)
B_SPLINE_CURVE_WITH_KNOTS((3,2,3),(-6.91328331188016,-3.45664165594008,
0.),.UNSPECIFIED.)
CURVE()
GEOMETRIC_REPRESENTATION_ITEM()
RATIONAL_B_SPLINE_CURVE((1.,0.821150497311232,1.,0.821150497311232,1.))
REPRESENTATION_ITEM('')
);
#3928=(
BOUNDED_CURVE()
B_SPLINE_CURVE(2,(#7344,#7345,#7346,#7347,#7348),.UNSPECIFIED.,.F.,.F.)
B_SPLINE_CURVE_WITH_KNOTS((3,2,3),(-17.9070781254618,-14.4504481338456,
-10.9938181422295),.UNSPECIFIED.)
CURVE()
GEOMETRIC_REPRESENTATION_ITEM()
RATIONAL_B_SPLINE_CURVE((1.,0.821151727528786,1.,0.821151727528786,1.))
REPRESENTATION_ITEM('')
);
#3929=(
BOUNDED_CURVE()
B_SPLINE_CURVE(2,(#7349,#7350,#7351,#7352,#7353),.UNSPECIFIED.,.F.,.F.)
B_SPLINE_CURVE_WITH_KNOTS((3,2,3),(-17.9070781254618,-14.4504481338456,
-10.9938181422295),.UNSPECIFIED.)
CURVE()
GEOMETRIC_REPRESENTATION_ITEM()
RATIONAL_B_SPLINE_CURVE((1.,0.821151727528798,1.,0.821151727528798,1.))
REPRESENTATION_ITEM('')
);
#3930=(
BOUNDED_CURVE()
B_SPLINE_CURVE(2,(#7358,#7359,#7360),.UNSPECIFIED.,.F.,.F.)
B_SPLINE_CURVE_WITH_KNOTS((3,3),(-2.40863783528107,0.),.UNSPECIFIED.)
CURVE()
GEOMETRIC_REPRESENTATION_ITEM()
RATIONAL_B_SPLINE_CURVE((1.,0.911370755370714,1.))
REPRESENTATION_ITEM('')
);
#3931=(
BOUNDED_CURVE()
B_SPLINE_CURVE(2,(#7361,#7362,#7363),.UNSPECIFIED.,.F.,.F.)
B_SPLINE_CURVE_WITH_KNOTS((3,3),(-2.40863783528107,0.),.UNSPECIFIED.)
CURVE()
GEOMETRIC_REPRESENTATION_ITEM()
RATIONAL_B_SPLINE_CURVE((1.,0.911370755370688,1.))
REPRESENTATION_ITEM('')
);
#3932=(
BOUNDED_CURVE()
B_SPLINE_CURVE(2,(#7364,#7365,#7366,#7367,#7368,#7369,#7370,#7371,#7372),
 .UNSPECIFIED.,.F.,.F.)
B_SPLINE_CURVE_WITH_KNOTS((3,2,2,2,3),(-17.9070781254618,-15.066539731073,
-12.2260013366841,-9.38546294229529,-8.95016514502657),.UNSPECIFIED.)
CURVE()
GEOMETRIC_REPRESENTATION_ITEM()
RATIONAL_B_SPLINE_CURVE((1.,0.87818282678441,1.,0.87818282678441,1.,0.87818282678441,
1.,0.997221929549634,1.))
REPRESENTATION_ITEM('')
);
#3933=(
BOUNDED_CURVE()
B_SPLINE_CURVE(2,(#7373,#7374,#7375,#7376,#7377,#7378,#7379,#7380,#7381),
 .UNSPECIFIED.,.F.,.F.)
B_SPLINE_CURVE_WITH_KNOTS((3,2,2,2,3),(-17.9070781254618,-15.066539731073,
-12.2260013366841,-9.38546294229528,-8.95016514502657),.UNSPECIFIED.)
CURVE()
GEOMETRIC_REPRESENTATION_ITEM()
RATIONAL_B_SPLINE_CURVE((1.,0.878182826784412,1.,0.878182826784412,1.,0.878182826784412,
1.,0.997221929549634,1.))
REPRESENTATION_ITEM('')
);
#3934=(
BOUNDED_CURVE()
B_SPLINE_CURVE(2,(#7382,#7383,#7384),.UNSPECIFIED.,.F.,.F.)
B_SPLINE_CURVE_WITH_KNOTS((3,3),(-8.95016514502657,-6.54492454790644),
 .UNSPECIFIED.)
CURVE()
GEOMETRIC_REPRESENTATION_ITEM()
RATIONAL_B_SPLINE_CURVE((1.,0.911372529783813,1.))
REPRESENTATION_ITEM('')
);
#3935=(
BOUNDED_CURVE()
B_SPLINE_CURVE(2,(#7385,#7386,#7387),.UNSPECIFIED.,.F.,.F.)
B_SPLINE_CURVE_WITH_KNOTS((3,3),(-8.95016514502657,-6.54492454790644),
 .UNSPECIFIED.)
CURVE()
GEOMETRIC_REPRESENTATION_ITEM()
RATIONAL_B_SPLINE_CURVE((1.,0.911372529783814,1.))
REPRESENTATION_ITEM('')
);
#3936=(
BOUNDED_CURVE()
B_SPLINE_CURVE(2,(#7400,#7401,#7402),.UNSPECIFIED.,.F.,.F.)
B_SPLINE_CURVE_WITH_KNOTS((3,3),(-17.9019190724038,0.),.UNSPECIFIED.)
CURVE()
GEOMETRIC_REPRESENTATION_ITEM()
RATIONAL_B_SPLINE_CURVE((1.,0.748931770522292,1.))
REPRESENTATION_ITEM('')
);
#3937=(
BOUNDED_CURVE()
B_SPLINE_CURVE(2,(#7403,#7404,#7405),.UNSPECIFIED.,.F.,.F.)
B_SPLINE_CURVE_WITH_KNOTS((3,3),(-17.9019190724038,0.),.UNSPECIFIED.)
CURVE()
GEOMETRIC_REPRESENTATION_ITEM()
RATIONAL_B_SPLINE_CURVE((1.,0.748931770522292,1.))
REPRESENTATION_ITEM('')
);
#3938=(
BOUNDED_CURVE()
B_SPLINE_CURVE(2,(#7410,#7411,#7412),.UNSPECIFIED.,.F.,.F.)
B_SPLINE_CURVE_WITH_KNOTS((3,3),(-17.9019190723942,0.),.UNSPECIFIED.)
CURVE()
GEOMETRIC_REPRESENTATION_ITEM()
RATIONAL_B_SPLINE_CURVE((1.,0.748931770522302,1.))
REPRESENTATION_ITEM('')
);
#3939=(
BOUNDED_CURVE()
B_SPLINE_CURVE(2,(#7413,#7414,#7415),.UNSPECIFIED.,.F.,.F.)
B_SPLINE_CURVE_WITH_KNOTS((3,3),(-17.9019190723942,0.),.UNSPECIFIED.)
CURVE()
GEOMETRIC_REPRESENTATION_ITEM()
RATIONAL_B_SPLINE_CURVE((1.,0.748931770522302,1.))
REPRESENTATION_ITEM('')
);
#3940=(
BOUNDED_CURVE()
B_SPLINE_CURVE(2,(#7424,#7425,#7426,#7427,#7428),.UNSPECIFIED.,.F.,.F.)
B_SPLINE_CURVE_WITH_KNOTS((3,2,3),(-17.9070781254618,-13.4303085940964,
-8.95353906273091),.UNSPECIFIED.)
CURVE()
GEOMETRIC_REPRESENTATION_ITEM()
RATIONAL_B_SPLINE_CURVE((1.,0.707106781186548,1.,0.707106781186548,1.))
REPRESENTATION_ITEM('')
);
#3941=(
BOUNDED_CURVE()
B_SPLINE_CURVE(2,(#7429,#7430,#7431,#7432,#7433),.UNSPECIFIED.,.F.,.F.)
B_SPLINE_CURVE_WITH_KNOTS((3,2,3),(-17.9070781254618,-13.4303085940964,
-8.95353906273091),.UNSPECIFIED.)
CURVE()
GEOMETRIC_REPRESENTATION_ITEM()
RATIONAL_B_SPLINE_CURVE((1.,0.707106781186548,1.,0.707106781186548,1.))
REPRESENTATION_ITEM('')
);
#3942=(
BOUNDED_CURVE()
B_SPLINE_CURVE(2,(#7434,#7435,#7436,#7437,#7438),.UNSPECIFIED.,.F.,.F.)
B_SPLINE_CURVE_WITH_KNOTS((3,2,3),(-8.95353906273091,-4.47676953136546,
0.),.UNSPECIFIED.)
CURVE()
GEOMETRIC_REPRESENTATION_ITEM()
RATIONAL_B_SPLINE_CURVE((1.,0.707106781186548,1.,0.707106781186548,1.))
REPRESENTATION_ITEM('')
);
#3943=(
BOUNDED_CURVE()
B_SPLINE_CURVE(2,(#7439,#7440,#7441,#7442,#7443),.UNSPECIFIED.,.F.,.F.)
B_SPLINE_CURVE_WITH_KNOTS((3,2,3),(-8.95353906273091,-4.47676953136546,
0.),.UNSPECIFIED.)
CURVE()
GEOMETRIC_REPRESENTATION_ITEM()
RATIONAL_B_SPLINE_CURVE((1.,0.707106781186548,1.,0.707106781186548,1.))
REPRESENTATION_ITEM('')
);
#3944=(
BOUNDED_CURVE()
B_SPLINE_CURVE(2,(#7444,#7445,#7446,#7447,#7448),.UNSPECIFIED.,.F.,.F.)
B_SPLINE_CURVE_WITH_KNOTS((3,2,3),(-17.9070781254618,-13.4303085940964,
-8.95353906273091),.UNSPECIFIED.)
CURVE()
GEOMETRIC_REPRESENTATION_ITEM()
RATIONAL_B_SPLINE_CURVE((1.,0.707106781186548,1.,0.707106781186548,1.))
REPRESENTATION_ITEM('')
);
#3945=(
BOUNDED_CURVE()
B_SPLINE_CURVE(2,(#7449,#7450,#7451,#7452,#7453),.UNSPECIFIED.,.F.,.F.)
B_SPLINE_CURVE_WITH_KNOTS((3,2,3),(-17.9070781254618,-13.4303085940964,
-8.95353906273091),.UNSPECIFIED.)
CURVE()
GEOMETRIC_REPRESENTATION_ITEM()
RATIONAL_B_SPLINE_CURVE((1.,0.707106781186548,1.,0.707106781186548,1.))
REPRESENTATION_ITEM('')
);
#3946=(
BOUNDED_CURVE()
B_SPLINE_CURVE(2,(#7454,#7455,#7456,#7457,#7458),.UNSPECIFIED.,.F.,.F.)
B_SPLINE_CURVE_WITH_KNOTS((3,2,3),(-8.95353906273091,-4.47676953136546,
0.),.UNSPECIFIED.)
CURVE()
GEOMETRIC_REPRESENTATION_ITEM()
RATIONAL_B_SPLINE_CURVE((1.,0.707106781186548,1.,0.707106781186548,1.))
REPRESENTATION_ITEM('')
);
#3947=(
BOUNDED_CURVE()
B_SPLINE_CURVE(2,(#7459,#7460,#7461,#7462,#7463),.UNSPECIFIED.,.F.,.F.)
B_SPLINE_CURVE_WITH_KNOTS((3,2,3),(-8.95353906273091,-4.47676953136546,
0.),.UNSPECIFIED.)
CURVE()
GEOMETRIC_REPRESENTATION_ITEM()
RATIONAL_B_SPLINE_CURVE((1.,0.707106781186548,1.,0.707106781186548,1.))
REPRESENTATION_ITEM('')
);
#3948=(
BOUNDED_CURVE()
B_SPLINE_CURVE(2,(#7510,#7511,#7512),.UNSPECIFIED.,.F.,.F.)
B_SPLINE_CURVE_WITH_KNOTS((3,3),(-6.54730527185647,-2.40598707621297),
 .UNSPECIFIED.)
CURVE()
GEOMETRIC_REPRESENTATION_ITEM()
RATIONAL_B_SPLINE_CURVE((1.,0.750212402112809,1.))
REPRESENTATION_ITEM('')
);
#3949=(
BOUNDED_CURVE()
B_SPLINE_CURVE(2,(#7533,#7534,#7535),.UNSPECIFIED.,.F.,.F.)
B_SPLINE_CURVE_WITH_KNOTS((3,3),(-8.953537611075,-6.91074044552173),
 .UNSPECIFIED.)
CURVE()
GEOMETRIC_REPRESENTATION_ITEM()
RATIONAL_B_SPLINE_CURVE((1.,0.937284827382943,1.))
REPRESENTATION_ITEM('')
);
#3950=(
BOUNDED_CURVE()
B_SPLINE_CURVE(2,(#7536,#7537,#7538),.UNSPECIFIED.,.F.,.F.)
B_SPLINE_CURVE_WITH_KNOTS((3,3),(8.953537611075,10.9965461417846),
 .UNSPECIFIED.)
CURVE()
GEOMETRIC_REPRESENTATION_ITEM()
RATIONAL_B_SPLINE_CURVE((1.,0.937103054399802,1.))
REPRESENTATION_ITEM('')
);
#3951=(
BOUNDED_CURVE()
B_SPLINE_CURVE(2,(#7539,#7540,#7541),.UNSPECIFIED.,.F.,.F.)
B_SPLINE_CURVE_WITH_KNOTS((3,3),(8.953537611075,10.9965461417846),
 .UNSPECIFIED.)
CURVE()
GEOMETRIC_REPRESENTATION_ITEM()
RATIONAL_B_SPLINE_CURVE((1.,0.937274310441787,1.))
REPRESENTATION_ITEM('')
);
#3952=(
BOUNDED_CURVE()
B_SPLINE_CURVE(2,(#7544,#7545,#7546),.UNSPECIFIED.,.F.,.F.)
B_SPLINE_CURVE_WITH_KNOTS((3,3),(-6.54492454792324,-2.40863783526409),
 .UNSPECIFIED.)
CURVE()
GEOMETRIC_REPRESENTATION_ITEM()
RATIONAL_B_SPLINE_CURVE((1.,0.750212725243656,1.))
REPRESENTATION_ITEM('')
);
#3953=(
BOUNDED_CURVE()
B_SPLINE_CURVE(2,(#7547,#7548,#7549),.UNSPECIFIED.,.F.,.F.)
B_SPLINE_CURVE_WITH_KNOTS((3,3),(-6.54492454792324,-2.40863783526409),
 .UNSPECIFIED.)
CURVE()
GEOMETRIC_REPRESENTATION_ITEM()
RATIONAL_B_SPLINE_CURVE((1.,0.750212725243653,1.))
REPRESENTATION_ITEM('')
);
#3954=(
BOUNDED_CURVE()
B_SPLINE_CURVE(2,(#7552,#7553,#7554),.UNSPECIFIED.,.F.,.F.)
B_SPLINE_CURVE_WITH_KNOTS((3,3),(-10.9938181422491,-8.95353890149378),
 .UNSPECIFIED.)
CURVE()
GEOMETRIC_REPRESENTATION_ITEM()
RATIONAL_B_SPLINE_CURVE((1.,0.937278913148908,1.))
REPRESENTATION_ITEM('')
);
#3955=(
BOUNDED_CURVE()
B_SPLINE_CURVE(2,(#7555,#7556,#7557),.UNSPECIFIED.,.F.,.F.)
B_SPLINE_CURVE_WITH_KNOTS((3,3),(-10.9938181422491,-8.95353890149378),
 .UNSPECIFIED.)
CURVE()
GEOMETRIC_REPRESENTATION_ITEM()
RATIONAL_B_SPLINE_CURVE((1.,0.937278913148921,1.))
REPRESENTATION_ITEM('')
);
#3956=(
BOUNDED_CURVE()
B_SPLINE_CURVE(2,(#7558,#7559,#7560),.UNSPECIFIED.,.F.,.F.)
B_SPLINE_CURVE_WITH_KNOTS((3,3),(-8.95353890149378,-6.91328331186039),
 .UNSPECIFIED.)
CURVE()
GEOMETRIC_REPRESENTATION_ITEM()
RATIONAL_B_SPLINE_CURVE((1.,0.937280415931486,1.))
REPRESENTATION_ITEM('')
);
#3957=(
BOUNDED_CURVE()
B_SPLINE_CURVE(2,(#7561,#7562,#7563),.UNSPECIFIED.,.F.,.F.)
B_SPLINE_CURVE_WITH_KNOTS((3,3),(-8.95353890149378,-6.91328331186039),
 .UNSPECIFIED.)
CURVE()
GEOMETRIC_REPRESENTATION_ITEM()
RATIONAL_B_SPLINE_CURVE((1.,0.9372804159315,1.))
REPRESENTATION_ITEM('')
);
#3958=(
BOUNDED_CURVE()
B_SPLINE_CURVE(2,(#7624,#7625,#7626),.UNSPECIFIED.,.F.,.F.)
B_SPLINE_CURVE_WITH_KNOTS((3,3),(0.,1.22407644642126),.UNSPECIFIED.)
CURVE()
GEOMETRIC_REPRESENTATION_ITEM()
RATIONAL_B_SPLINE_CURVE((1.,0.956227608636745,1.))
REPRESENTATION_ITEM('')
);
#3959=(
BOUNDED_CURVE()
B_SPLINE_CURVE(1,(#7629,#7630),.UNSPECIFIED.,.F.,.F.)
B_SPLINE_CURVE_WITH_KNOTS((2,2),(0.,17.2978498335001),.UNSPECIFIED.)
CURVE()
GEOMETRIC_REPRESENTATION_ITEM()
RATIONAL_B_SPLINE_CURVE((1.,1.))
REPRESENTATION_ITEM('')
);
#3960=(
BOUNDED_CURVE()
B_SPLINE_CURVE(1,(#7641,#7642),.UNSPECIFIED.,.F.,.F.)
B_SPLINE_CURVE_WITH_KNOTS((2,2),(0.,17.2978498335001),.UNSPECIFIED.)
CURVE()
GEOMETRIC_REPRESENTATION_ITEM()
RATIONAL_B_SPLINE_CURVE((1.,1.))
REPRESENTATION_ITEM('')
);
#3961=(
BOUNDED_CURVE()
B_SPLINE_CURVE(1,(#7651,#7652),.UNSPECIFIED.,.F.,.F.)
B_SPLINE_CURVE_WITH_KNOTS((2,2),(-18.8320820108255,0.),.UNSPECIFIED.)
CURVE()
GEOMETRIC_REPRESENTATION_ITEM()
RATIONAL_B_SPLINE_CURVE((1.,1.))
REPRESENTATION_ITEM('')
);
#3962=(
BOUNDED_CURVE()
B_SPLINE_CURVE(2,(#7669,#7670,#7671),.UNSPECIFIED.,.F.,.F.)
B_SPLINE_CURVE_WITH_KNOTS((3,3),(-3.99996792638738,0.),.UNSPECIFIED.)
CURVE()
GEOMETRIC_REPRESENTATION_ITEM()
RATIONAL_B_SPLINE_CURVE((1.,0.707558123439829,1.))
REPRESENTATION_ITEM('')
);
#3963=(
BOUNDED_CURVE()
B_SPLINE_CURVE(1,(#7678,#7679),.UNSPECIFIED.,.F.,.F.)
B_SPLINE_CURVE_WITH_KNOTS((2,2),(-18.8320820108255,0.),.UNSPECIFIED.)
CURVE()
GEOMETRIC_REPRESENTATION_ITEM()
RATIONAL_B_SPLINE_CURVE((1.,1.))
REPRESENTATION_ITEM('')
);
#3964=(
BOUNDED_CURVE()
B_SPLINE_CURVE(1,(#7724,#7725),.UNSPECIFIED.,.F.,.F.)
B_SPLINE_CURVE_WITH_KNOTS((2,2),(0.,18.5017318909899),.UNSPECIFIED.)
CURVE()
GEOMETRIC_REPRESENTATION_ITEM()
RATIONAL_B_SPLINE_CURVE((1.,1.))
REPRESENTATION_ITEM('')
);
#3965=(
BOUNDED_CURVE()
B_SPLINE_CURVE(2,(#7742,#7743,#7744),.UNSPECIFIED.,.F.,.F.)
B_SPLINE_CURVE_WITH_KNOTS((3,3),(0.,3.99999999999781),.UNSPECIFIED.)
CURVE()
GEOMETRIC_REPRESENTATION_ITEM()
RATIONAL_B_SPLINE_CURVE((1.,0.707106781186934,1.))
REPRESENTATION_ITEM('')
);
#3966=(
BOUNDED_CURVE()
B_SPLINE_CURVE(1,(#7755,#7756),.UNSPECIFIED.,.F.,.F.)
B_SPLINE_CURVE_WITH_KNOTS((2,2),(0.,18.5017318909899),.UNSPECIFIED.)
CURVE()
GEOMETRIC_REPRESENTATION_ITEM()
RATIONAL_B_SPLINE_CURVE((1.,1.))
REPRESENTATION_ITEM('')
);
#3967=(
BOUNDED_CURVE()
B_SPLINE_CURVE(2,(#7775,#7776,#7777),.UNSPECIFIED.,.F.,.F.)
B_SPLINE_CURVE_WITH_KNOTS((3,3),(0.,1.2240764464206),.UNSPECIFIED.)
CURVE()
GEOMETRIC_REPRESENTATION_ITEM()
RATIONAL_B_SPLINE_CURVE((1.,0.956227608637301,1.))
REPRESENTATION_ITEM('')
);
#3968=(
BOUNDED_CURVE()
B_SPLINE_CURVE(1,(#7780,#7781),.UNSPECIFIED.,.F.,.F.)
B_SPLINE_CURVE_WITH_KNOTS((2,2),(0.,17.1130509274598),.UNSPECIFIED.)
CURVE()
GEOMETRIC_REPRESENTATION_ITEM()
RATIONAL_B_SPLINE_CURVE((1.,1.))
REPRESENTATION_ITEM('')
);
#3969=(
BOUNDED_CURVE()
B_SPLINE_CURVE(1,(#7800,#7801),.UNSPECIFIED.,.F.,.F.)
B_SPLINE_CURVE_WITH_KNOTS((2,2),(0.,17.1130509274598),.UNSPECIFIED.)
CURVE()
GEOMETRIC_REPRESENTATION_ITEM()
RATIONAL_B_SPLINE_CURVE((1.,1.))
REPRESENTATION_ITEM('')
);
#3970=(
BOUNDED_CURVE()
B_SPLINE_CURVE(1,(#7832,#7833),.UNSPECIFIED.,.F.,.F.)
B_SPLINE_CURVE_WITH_KNOTS((2,2),(0.,1.50000068884898),.UNSPECIFIED.)
CURVE()
GEOMETRIC_REPRESENTATION_ITEM()
RATIONAL_B_SPLINE_CURVE((1.,1.))
REPRESENTATION_ITEM('')
);
#3971=(
BOUNDED_CURVE()
B_SPLINE_CURVE(1,(#7834,#7835),.UNSPECIFIED.,.F.,.F.)
B_SPLINE_CURVE_WITH_KNOTS((2,2),(0.,1.50000068884898),.UNSPECIFIED.)
CURVE()
GEOMETRIC_REPRESENTATION_ITEM()
RATIONAL_B_SPLINE_CURVE((1.,1.))
REPRESENTATION_ITEM('')
);
#3972=(
BOUNDED_CURVE()
B_SPLINE_CURVE(2,(#7862,#7863,#7864),.UNSPECIFIED.,.F.,.F.)
B_SPLINE_CURVE_WITH_KNOTS((3,3),(-2.97388175821242,0.),.UNSPECIFIED.)
CURVE()
GEOMETRIC_REPRESENTATION_ITEM()
RATIONAL_B_SPLINE_CURVE((1.,0.989370072761781,1.))
REPRESENTATION_ITEM('')
);
#3973=(
BOUNDED_CURVE()
B_SPLINE_CURVE(2,(#7865,#7866,#7867),.UNSPECIFIED.,.F.,.F.)
B_SPLINE_CURVE_WITH_KNOTS((3,3),(-2.97388175821242,0.),.UNSPECIFIED.)
CURVE()
GEOMETRIC_REPRESENTATION_ITEM()
RATIONAL_B_SPLINE_CURVE((1.,0.989370072761781,1.))
REPRESENTATION_ITEM('')
);
#3974=(
BOUNDED_CURVE()
B_SPLINE_CURVE(1,(#7872,#7873),.UNSPECIFIED.,.F.,.F.)
B_SPLINE_CURVE_WITH_KNOTS((2,2),(0.,8.37227855109001),.UNSPECIFIED.)
CURVE()
GEOMETRIC_REPRESENTATION_ITEM()
RATIONAL_B_SPLINE_CURVE((1.,1.))
REPRESENTATION_ITEM('')
);
#3975=(
BOUNDED_CURVE()
B_SPLINE_CURVE(1,(#7921,#7922),.UNSPECIFIED.,.F.,.F.)
B_SPLINE_CURVE_WITH_KNOTS((2,2),(0.,8.3722787166396),.UNSPECIFIED.)
CURVE()
GEOMETRIC_REPRESENTATION_ITEM()
RATIONAL_B_SPLINE_CURVE((1.,1.))
REPRESENTATION_ITEM('')
);
#3976=(
BOUNDED_CURVE()
B_SPLINE_CURVE(2,(#8009,#8010,#8011),.UNSPECIFIED.,.F.,.F.)
B_SPLINE_CURVE_WITH_KNOTS((3,3),(0.,1.2240764464206),.UNSPECIFIED.)
CURVE()
GEOMETRIC_REPRESENTATION_ITEM()
RATIONAL_B_SPLINE_CURVE((1.,0.956227608637301,1.))
REPRESENTATION_ITEM('')
);
#3977=(
BOUNDED_CURVE()
B_SPLINE_CURVE(2,(#8014,#8015,#8016),.UNSPECIFIED.,.F.,.F.)
B_SPLINE_CURVE_WITH_KNOTS((3,3),(0.,3.99999999999781),.UNSPECIFIED.)
CURVE()
GEOMETRIC_REPRESENTATION_ITEM()
RATIONAL_B_SPLINE_CURVE((1.,0.707106781186934,1.))
REPRESENTATION_ITEM('')
);
#3978=(
BOUNDED_CURVE()
B_SPLINE_CURVE(1,(#8023,#8024),.UNSPECIFIED.,.F.,.F.)
B_SPLINE_CURVE_WITH_KNOTS((2,2),(0.,8.37227855109001),.UNSPECIFIED.)
CURVE()
GEOMETRIC_REPRESENTATION_ITEM()
RATIONAL_B_SPLINE_CURVE((1.,1.))
REPRESENTATION_ITEM('')
);
#3979=(
BOUNDED_CURVE()
B_SPLINE_CURVE(1,(#8065,#8066),.UNSPECIFIED.,.F.,.F.)
B_SPLINE_CURVE_WITH_KNOTS((2,2),(0.,8.3722787166396),.UNSPECIFIED.)
CURVE()
GEOMETRIC_REPRESENTATION_ITEM()
RATIONAL_B_SPLINE_CURVE((1.,1.))
REPRESENTATION_ITEM('')
);
#3980=(
BOUNDED_CURVE()
B_SPLINE_CURVE(2,(#8073,#8074,#8075),.UNSPECIFIED.,.F.,.F.)
B_SPLINE_CURVE_WITH_KNOTS((3,3),(-3.99996792638738,0.),.UNSPECIFIED.)
CURVE()
GEOMETRIC_REPRESENTATION_ITEM()
RATIONAL_B_SPLINE_CURVE((1.,0.707558123439829,1.))
REPRESENTATION_ITEM('')
);
#3981=(
BOUNDED_CURVE()
B_SPLINE_CURVE(2,(#8078,#8079,#8080),.UNSPECIFIED.,.F.,.F.)
B_SPLINE_CURVE_WITH_KNOTS((3,3),(0.,1.22407644642126),.UNSPECIFIED.)
CURVE()
GEOMETRIC_REPRESENTATION_ITEM()
RATIONAL_B_SPLINE_CURVE((1.,0.956227608636745,1.))
REPRESENTATION_ITEM('')
);
#3982=(
BOUNDED_CURVE()
B_SPLINE_CURVE(2,(#8277,#8278,#8279),.UNSPECIFIED.,.F.,.F.)
B_SPLINE_CURVE_WITH_KNOTS((3,3),(-9.16331174016835,0.),.UNSPECIFIED.)
CURVE()
GEOMETRIC_REPRESENTATION_ITEM()
RATIONAL_B_SPLINE_CURVE((1.,0.737277336810469,1.))
REPRESENTATION_ITEM('')
);
#3983=(
BOUNDED_CURVE()
B_SPLINE_CURVE(2,(#8280,#8281,#8282),.UNSPECIFIED.,.F.,.F.)
B_SPLINE_CURVE_WITH_KNOTS((3,3),(-9.16331174016835,0.),.UNSPECIFIED.)
CURVE()
GEOMETRIC_REPRESENTATION_ITEM()
RATIONAL_B_SPLINE_CURVE((1.,0.737277336810469,1.))
REPRESENTATION_ITEM('')
);
#3984=(
BOUNDED_CURVE()
B_SPLINE_CURVE(2,(#8287,#8288,#8289),.UNSPECIFIED.,.F.,.F.)
B_SPLINE_CURVE_WITH_KNOTS((3,3),(-9.16331174017333,0.),.UNSPECIFIED.)
CURVE()
GEOMETRIC_REPRESENTATION_ITEM()
RATIONAL_B_SPLINE_CURVE((1.,0.737277336810156,1.))
REPRESENTATION_ITEM('')
);
#3985=(
BOUNDED_CURVE()
B_SPLINE_CURVE(2,(#8290,#8291,#8292),.UNSPECIFIED.,.F.,.F.)
B_SPLINE_CURVE_WITH_KNOTS((3,3),(-9.16331174017333,0.),.UNSPECIFIED.)
CURVE()
GEOMETRIC_REPRESENTATION_ITEM()
RATIONAL_B_SPLINE_CURVE((1.,0.737277336810156,1.))
REPRESENTATION_ITEM('')
);
#3986=(
BOUNDED_CURVE()
B_SPLINE_CURVE(2,(#8323,#8324,#8325),.UNSPECIFIED.,.F.,.F.)
B_SPLINE_CURVE_WITH_KNOTS((3,3),(-3.45659421431681,0.),.UNSPECIFIED.)
CURVE()
GEOMETRIC_REPRESENTATION_ITEM()
RATIONAL_B_SPLINE_CURVE((1.,0.86649448874362,1.))
REPRESENTATION_ITEM('')
);
#3987=(
BOUNDED_CURVE()
B_SPLINE_CURVE(2,(#8326,#8327,#8328),.UNSPECIFIED.,.F.,.F.)
B_SPLINE_CURVE_WITH_KNOTS((3,3),(-3.45659421431681,0.),.UNSPECIFIED.)
CURVE()
GEOMETRIC_REPRESENTATION_ITEM()
RATIONAL_B_SPLINE_CURVE((1.,0.86649448874362,1.))
REPRESENTATION_ITEM('')
);
#3988=(
BOUNDED_CURVE()
B_SPLINE_CURVE(2,(#8387,#8388,#8389),.UNSPECIFIED.,.F.,.F.)
B_SPLINE_CURVE_WITH_KNOTS((3,3),(0.,3.32091439442632),.UNSPECIFIED.)
CURVE()
GEOMETRIC_REPRESENTATION_ITEM()
RATIONAL_B_SPLINE_CURVE((1.,0.964545000005991,1.))
REPRESENTATION_ITEM('')
);
#3989=(
BOUNDED_CURVE()
B_SPLINE_CURVE(2,(#8390,#8391,#8392),.UNSPECIFIED.,.F.,.F.)
B_SPLINE_CURVE_WITH_KNOTS((3,3),(0.,3.32091439442632),.UNSPECIFIED.)
CURVE()
GEOMETRIC_REPRESENTATION_ITEM()
RATIONAL_B_SPLINE_CURVE((1.,0.964545000005991,1.))
REPRESENTATION_ITEM('')
);
#3990=(
BOUNDED_CURVE()
B_SPLINE_CURVE(2,(#8395,#8396,#8397),.UNSPECIFIED.,.F.,.F.)
B_SPLINE_CURVE_WITH_KNOTS((3,3),(0.,3.32091439443019),.UNSPECIFIED.)
CURVE()
GEOMETRIC_REPRESENTATION_ITEM()
RATIONAL_B_SPLINE_CURVE((1.,0.964545000005992,1.))
REPRESENTATION_ITEM('')
);
#3991=(
BOUNDED_CURVE()
B_SPLINE_CURVE(2,(#8398,#8399,#8400),.UNSPECIFIED.,.F.,.F.)
B_SPLINE_CURVE_WITH_KNOTS((3,3),(0.,3.32091439443019),.UNSPECIFIED.)
CURVE()
GEOMETRIC_REPRESENTATION_ITEM()
RATIONAL_B_SPLINE_CURVE((1.,0.964545000005992,1.))
REPRESENTATION_ITEM('')
);
#3992=(
BOUNDED_CURVE()
B_SPLINE_CURVE(2,(#8407,#8408,#8409),.UNSPECIFIED.,.F.,.F.)
B_SPLINE_CURVE_WITH_KNOTS((3,3),(0.,3.45659421431707),.UNSPECIFIED.)
CURVE()
GEOMETRIC_REPRESENTATION_ITEM()
RATIONAL_B_SPLINE_CURVE((1.,0.866494488743556,1.))
REPRESENTATION_ITEM('')
);
#3993=(
BOUNDED_CURVE()
B_SPLINE_CURVE(2,(#8434,#8435,#8436),.UNSPECIFIED.,.F.,.F.)
B_SPLINE_CURVE_WITH_KNOTS((3,3),(0.,3.45659421431707),.UNSPECIFIED.)
CURVE()
GEOMETRIC_REPRESENTATION_ITEM()
RATIONAL_B_SPLINE_CURVE((1.,0.866494488743556,1.))
REPRESENTATION_ITEM('')
);
#3994=(
BOUNDED_CURVE()
B_SPLINE_CURVE(2,(#8451,#8452,#8453),.UNSPECIFIED.,.F.,.F.)
B_SPLINE_CURVE_WITH_KNOTS((3,3),(0.,10.9959740882003),.UNSPECIFIED.)
CURVE()
GEOMETRIC_REPRESENTATION_ITEM()
RATIONAL_B_SPLINE_CURVE((1.,0.737277336810442,1.))
REPRESENTATION_ITEM('')
);
#3995=(
BOUNDED_CURVE()
B_SPLINE_CURVE(2,(#8476,#8477,#8478),.UNSPECIFIED.,.F.,.F.)
B_SPLINE_CURVE_WITH_KNOTS((3,3),(0.,10.9959740882142),.UNSPECIFIED.)
CURVE()
GEOMETRIC_REPRESENTATION_ITEM()
RATIONAL_B_SPLINE_CURVE((1.,0.737277336809582,1.))
REPRESENTATION_ITEM('')
);
#3996=(
BOUNDED_CURVE()
B_SPLINE_CURVE(1,(#8656,#8657),.UNSPECIFIED.,.F.,.F.)
B_SPLINE_CURVE_WITH_KNOTS((2,2),(3.09850816216935,5.5),.UNSPECIFIED.)
CURVE()
GEOMETRIC_REPRESENTATION_ITEM()
RATIONAL_B_SPLINE_CURVE((1.,1.))
REPRESENTATION_ITEM('')
);
#3997=(
BOUNDED_CURVE()
B_SPLINE_CURVE(2,(#8660,#8661,#8662,#8663,#8664),.UNSPECIFIED.,.F.,.F.)
B_SPLINE_CURVE_WITH_KNOTS((3,2,3),(0.,2.99999999999874,5.99999999999747),
 .UNSPECIFIED.)
CURVE()
GEOMETRIC_REPRESENTATION_ITEM()
RATIONAL_B_SPLINE_CURVE((1.,0.707106781186573,1.,0.707106781186573,1.))
REPRESENTATION_ITEM('')
);
#3998=(
BOUNDED_CURVE()
B_SPLINE_CURVE(1,(#8667,#8668),.UNSPECIFIED.,.F.,.F.)
B_SPLINE_CURVE_WITH_KNOTS((2,2),(-5.5,-3.09850816216934),.UNSPECIFIED.)
CURVE()
GEOMETRIC_REPRESENTATION_ITEM()
RATIONAL_B_SPLINE_CURVE((1.,1.))
REPRESENTATION_ITEM('')
);
#3999=(
BOUNDED_CURVE()
B_SPLINE_CURVE(2,(#8675,#8676,#8677,#8678,#8679),.UNSPECIFIED.,.F.,.F.)
B_SPLINE_CURVE_WITH_KNOTS((3,2,3),(0.,2.9999999999978,5.99999999999559),
 .UNSPECIFIED.)
CURVE()
GEOMETRIC_REPRESENTATION_ITEM()
RATIONAL_B_SPLINE_CURVE((1.,0.707106781186693,1.,0.707106781186693,1.))
REPRESENTATION_ITEM('')
);
#4000=(
BOUNDED_CURVE()
B_SPLINE_CURVE(1,(#8686,#8687),.UNSPECIFIED.,.F.,.F.)
B_SPLINE_CURVE_WITH_KNOTS((2,2),(3.09850816216904,5.49999999999901),
 .UNSPECIFIED.)
CURVE()
GEOMETRIC_REPRESENTATION_ITEM()
RATIONAL_B_SPLINE_CURVE((1.,1.))
REPRESENTATION_ITEM('')
);
#4001=(
BOUNDED_CURVE()
B_SPLINE_CURVE(2,(#8690,#8691,#8692,#8693,#8694),.UNSPECIFIED.,.F.,.F.)
B_SPLINE_CURVE_WITH_KNOTS((3,2,3),(0.,2.9999999999984,5.99999999999679),
 .UNSPECIFIED.)
CURVE()
GEOMETRIC_REPRESENTATION_ITEM()
RATIONAL_B_SPLINE_CURVE((1.,0.707106781186735,1.,0.707106781186735,1.))
REPRESENTATION_ITEM('')
);
#4002=(
BOUNDED_CURVE()
B_SPLINE_CURVE(1,(#8697,#8698),.UNSPECIFIED.,.F.,.F.)
B_SPLINE_CURVE_WITH_KNOTS((2,2),(0.,2.40149183783065),.UNSPECIFIED.)
CURVE()
GEOMETRIC_REPRESENTATION_ITEM()
RATIONAL_B_SPLINE_CURVE((1.,1.))
REPRESENTATION_ITEM('')
);
#4003=(
BOUNDED_CURVE()
B_SPLINE_CURVE(2,(#8705,#8706,#8707,#8708,#8709),.UNSPECIFIED.,.F.,.F.)
B_SPLINE_CURVE_WITH_KNOTS((3,2,3),(0.,2.99999999999876,5.99999999999755),
 .UNSPECIFIED.)
CURVE()
GEOMETRIC_REPRESENTATION_ITEM()
RATIONAL_B_SPLINE_CURVE((1.,0.707106781186692,1.,0.707106781186692,1.))
REPRESENTATION_ITEM('')
);
#4004=(
BOUNDED_CURVE()
B_SPLINE_CURVE(1,(#8716,#8717),.UNSPECIFIED.,.F.,.F.)
B_SPLINE_CURVE_WITH_KNOTS((2,2),(3.09850816216935,5.5),.UNSPECIFIED.)
CURVE()
GEOMETRIC_REPRESENTATION_ITEM()
RATIONAL_B_SPLINE_CURVE((1.,1.))
REPRESENTATION_ITEM('')
);
#4005=(
BOUNDED_CURVE()
B_SPLINE_CURVE(2,(#8720,#8721,#8722,#8723,#8724),.UNSPECIFIED.,.F.,.F.)
B_SPLINE_CURVE_WITH_KNOTS((3,2,3),(0.,3.00000000000994,6.00000000001985),
 .UNSPECIFIED.)
CURVE()
GEOMETRIC_REPRESENTATION_ITEM()
RATIONAL_B_SPLINE_CURVE((1.,0.707106781185312,1.,0.707106781185312,1.))
REPRESENTATION_ITEM('')
);
#4006=(
BOUNDED_CURVE()
B_SPLINE_CURVE(1,(#8727,#8728),.UNSPECIFIED.,.F.,.F.)
B_SPLINE_CURVE_WITH_KNOTS((2,2),(0.,2.40149183783067),.UNSPECIFIED.)
CURVE()
GEOMETRIC_REPRESENTATION_ITEM()
RATIONAL_B_SPLINE_CURVE((1.,1.))
REPRESENTATION_ITEM('')
);
#4007=(
BOUNDED_CURVE()
B_SPLINE_CURVE(2,(#8735,#8736,#8737,#8738,#8739),.UNSPECIFIED.,.F.,.F.)
B_SPLINE_CURVE_WITH_KNOTS((3,2,3),(0.,3.00000000000764,6.00000000001527),
 .UNSPECIFIED.)
CURVE()
GEOMETRIC_REPRESENTATION_ITEM()
RATIONAL_B_SPLINE_CURVE((1.,0.707106781185576,1.,0.707106781185576,1.))
REPRESENTATION_ITEM('')
);
#4008=(
BOUNDED_CURVE()
B_SPLINE_CURVE(1,(#8746,#8747),.UNSPECIFIED.,.F.,.F.)
B_SPLINE_CURVE_WITH_KNOTS((2,2),(3.09850816216934,5.5),.UNSPECIFIED.)
CURVE()
GEOMETRIC_REPRESENTATION_ITEM()
RATIONAL_B_SPLINE_CURVE((1.,1.))
REPRESENTATION_ITEM('')
);
#4009=(
BOUNDED_CURVE()
B_SPLINE_CURVE(2,(#8750,#8751,#8752,#8753,#8754),.UNSPECIFIED.,.F.,.F.)
B_SPLINE_CURVE_WITH_KNOTS((3,2,3),(0.,2.99999999999778,5.99999999999555),
 .UNSPECIFIED.)
CURVE()
GEOMETRIC_REPRESENTATION_ITEM()
RATIONAL_B_SPLINE_CURVE((1.,0.707106781186801,1.,0.707106781186801,1.))
REPRESENTATION_ITEM('')
);
#4010=(
BOUNDED_CURVE()
B_SPLINE_CURVE(1,(#8757,#8758),.UNSPECIFIED.,.F.,.F.)
B_SPLINE_CURVE_WITH_KNOTS((2,2),(0.,2.40149183783268),.UNSPECIFIED.)
CURVE()
GEOMETRIC_REPRESENTATION_ITEM()
RATIONAL_B_SPLINE_CURVE((1.,1.))
REPRESENTATION_ITEM('')
);
#4011=(
BOUNDED_CURVE()
B_SPLINE_CURVE(2,(#8765,#8766,#8767,#8768,#8769),.UNSPECIFIED.,.F.,.F.)
B_SPLINE_CURVE_WITH_KNOTS((3,2,3),(0.,2.99999999999861,5.99999999999716),
 .UNSPECIFIED.)
CURVE()
GEOMETRIC_REPRESENTATION_ITEM()
RATIONAL_B_SPLINE_CURVE((1.,0.707106781186715,1.,0.707106781186715,1.))
REPRESENTATION_ITEM('')
);
#4012=(
BOUNDED_CURVE()
B_SPLINE_CURVE(1,(#8776,#8777),.UNSPECIFIED.,.F.,.F.)
B_SPLINE_CURVE_WITH_KNOTS((2,2),(-2.40315415303513,0.),.UNSPECIFIED.)
CURVE()
GEOMETRIC_REPRESENTATION_ITEM()
RATIONAL_B_SPLINE_CURVE((1.,1.))
REPRESENTATION_ITEM('')
);
#4013=(
BOUNDED_CURVE()
B_SPLINE_CURVE(1,(#8782,#8783),.UNSPECIFIED.,.F.,.F.)
B_SPLINE_CURVE_WITH_KNOTS((2,2),(0.,2.40569120393254),.UNSPECIFIED.)
CURVE()
GEOMETRIC_REPRESENTATION_ITEM()
RATIONAL_B_SPLINE_CURVE((1.,1.))
REPRESENTATION_ITEM('')
);
#4014=(
BOUNDED_CURVE()
B_SPLINE_CURVE(1,(#8796,#8797),.UNSPECIFIED.,.F.,.F.)
B_SPLINE_CURVE_WITH_KNOTS((2,2),(-2.40314627651434,0.),.UNSPECIFIED.)
CURVE()
GEOMETRIC_REPRESENTATION_ITEM()
RATIONAL_B_SPLINE_CURVE((1.,1.))
REPRESENTATION_ITEM('')
);
#4015=(
BOUNDED_CURVE()
B_SPLINE_CURVE(1,(#8802,#8803),.UNSPECIFIED.,.F.,.F.)
B_SPLINE_CURVE_WITH_KNOTS((2,2),(-5.49879711208863,-3.09312210281001),
 .UNSPECIFIED.)
CURVE()
GEOMETRIC_REPRESENTATION_ITEM()
RATIONAL_B_SPLINE_CURVE((1.,1.))
REPRESENTATION_ITEM('')
);
#4016=(
BOUNDED_CURVE()
B_SPLINE_CURVE(2,(#8816,#8817,#8818,#8819,#8820),.UNSPECIFIED.,.F.,.F.)
B_SPLINE_CURVE_WITH_KNOTS((3,2,3),(-8.95353906273091,-4.47676953136546,
0.),.UNSPECIFIED.)
CURVE()
GEOMETRIC_REPRESENTATION_ITEM()
RATIONAL_B_SPLINE_CURVE((1.,0.707106781186548,1.,0.707106781186548,1.))
REPRESENTATION_ITEM('')
);
#4017=(
BOUNDED_CURVE()
B_SPLINE_CURVE(1,(#8823,#8824),.UNSPECIFIED.,.F.,.F.)
B_SPLINE_CURVE_WITH_KNOTS((2,2),(0.,65.242134986256),.UNSPECIFIED.)
CURVE()
GEOMETRIC_REPRESENTATION_ITEM()
RATIONAL_B_SPLINE_CURVE((1.,1.))
REPRESENTATION_ITEM('')
);
#4018=(
BOUNDED_CURVE()
B_SPLINE_CURVE(1,(#8829,#8830),.UNSPECIFIED.,.F.,.F.)
B_SPLINE_CURVE_WITH_KNOTS((2,2),(-65.242134986256,0.),.UNSPECIFIED.)
CURVE()
GEOMETRIC_REPRESENTATION_ITEM()
RATIONAL_B_SPLINE_CURVE((1.,1.))
REPRESENTATION_ITEM('')
);
#4019=(
BOUNDED_CURVE()
B_SPLINE_CURVE(2,(#8833,#8834,#8835,#8836,#8837),.UNSPECIFIED.,.F.,.F.)
B_SPLINE_CURVE_WITH_KNOTS((3,2,3),(-8.95353906273091,-4.47676953136546,
0.),.UNSPECIFIED.)
CURVE()
GEOMETRIC_REPRESENTATION_ITEM()
RATIONAL_B_SPLINE_CURVE((1.,0.707106781186548,1.,0.707106781186548,1.))
REPRESENTATION_ITEM('')
);
#4020=(
BOUNDED_CURVE()
B_SPLINE_CURVE(2,(#8838,#8839,#8840,#8841,#8842),.UNSPECIFIED.,.F.,.F.)
B_SPLINE_CURVE_WITH_KNOTS((3,2,3),(8.95353906273091,13.4303085940964,17.9070781254618),
 .UNSPECIFIED.)
CURVE()
GEOMETRIC_REPRESENTATION_ITEM()
RATIONAL_B_SPLINE_CURVE((1.,0.707106781186548,1.,0.707106781186548,1.))
REPRESENTATION_ITEM('')
);
#4021=(
BOUNDED_CURVE()
B_SPLINE_CURVE(2,(#8843,#8844,#8845,#8846,#8847),.UNSPECIFIED.,.F.,.F.)
B_SPLINE_CURVE_WITH_KNOTS((3,2,3),(8.95353906273091,13.4303085940964,17.9070781254618),
 .UNSPECIFIED.)
CURVE()
GEOMETRIC_REPRESENTATION_ITEM()
RATIONAL_B_SPLINE_CURVE((1.,0.707106781186548,1.,0.707106781186548,1.))
REPRESENTATION_ITEM('')
);
#4022=(
BOUNDED_CURVE()
B_SPLINE_CURVE(2,(#8848,#8849,#8850,#8851,#8852),.UNSPECIFIED.,.F.,.F.)
B_SPLINE_CURVE_WITH_KNOTS((3,2,3),(0.,2.99999999999873,5.99999999999747),
 .UNSPECIFIED.)
CURVE()
GEOMETRIC_REPRESENTATION_ITEM()
RATIONAL_B_SPLINE_CURVE((1.,0.707106781186575,1.,0.707106781186575,1.))
REPRESENTATION_ITEM('')
);
#4023=(
BOUNDED_CURVE()
B_SPLINE_CURVE(2,(#8853,#8854,#8855,#8856,#8857),.UNSPECIFIED.,.F.,.F.)
B_SPLINE_CURVE_WITH_KNOTS((3,2,3),(0.,2.99999999999779,5.99999999999559),
 .UNSPECIFIED.)
CURVE()
GEOMETRIC_REPRESENTATION_ITEM()
RATIONAL_B_SPLINE_CURVE((1.,0.707106781186688,1.,0.707106781186688,1.))
REPRESENTATION_ITEM('')
);
#4024=(
BOUNDED_CURVE()
B_SPLINE_CURVE(2,(#8858,#8859,#8860,#8861,#8862),.UNSPECIFIED.,.F.,.F.)
B_SPLINE_CURVE_WITH_KNOTS((3,2,3),(-8.95353906273091,-4.47676953136546,
0.),.UNSPECIFIED.)
CURVE()
GEOMETRIC_REPRESENTATION_ITEM()
RATIONAL_B_SPLINE_CURVE((1.,0.707106781186548,1.,0.707106781186548,1.))
REPRESENTATION_ITEM('')
);
#4025=(
BOUNDED_CURVE()
B_SPLINE_CURVE(1,(#8865,#8866),.UNSPECIFIED.,.F.,.F.)
B_SPLINE_CURVE_WITH_KNOTS((2,2),(0.,65.242134986256),.UNSPECIFIED.)
CURVE()
GEOMETRIC_REPRESENTATION_ITEM()
RATIONAL_B_SPLINE_CURVE((1.,1.))
REPRESENTATION_ITEM('')
);
#4026=(
BOUNDED_CURVE()
B_SPLINE_CURVE(1,(#8873,#8874),.UNSPECIFIED.,.F.,.F.)
B_SPLINE_CURVE_WITH_KNOTS((2,2),(-65.2421349862564,0.),.UNSPECIFIED.)
CURVE()
GEOMETRIC_REPRESENTATION_ITEM()
RATIONAL_B_SPLINE_CURVE((1.,1.))
REPRESENTATION_ITEM('')
);
#4027=(
BOUNDED_CURVE()
B_SPLINE_CURVE(2,(#8877,#8878,#8879,#8880,#8881),.UNSPECIFIED.,.F.,.F.)
B_SPLINE_CURVE_WITH_KNOTS((3,2,3),(-8.95353906273091,-4.47676953136546,
0.),.UNSPECIFIED.)
CURVE()
GEOMETRIC_REPRESENTATION_ITEM()
RATIONAL_B_SPLINE_CURVE((1.,0.707106781186548,1.,0.707106781186548,1.))
REPRESENTATION_ITEM('')
);
#4028=(
BOUNDED_CURVE()
B_SPLINE_CURVE(2,(#8882,#8883,#8884,#8885,#8886),.UNSPECIFIED.,.F.,.F.)
B_SPLINE_CURVE_WITH_KNOTS((3,2,3),(8.95353906273091,13.4303085940964,17.9070781254618),
 .UNSPECIFIED.)
CURVE()
GEOMETRIC_REPRESENTATION_ITEM()
RATIONAL_B_SPLINE_CURVE((1.,0.707106781186548,1.,0.707106781186548,1.))
REPRESENTATION_ITEM('')
);
#4029=(
BOUNDED_CURVE()
B_SPLINE_CURVE(2,(#8887,#8888,#8889,#8890,#8891),.UNSPECIFIED.,.F.,.F.)
B_SPLINE_CURVE_WITH_KNOTS((3,2,3),(8.95353906273091,13.4303085940964,17.9070781254618),
 .UNSPECIFIED.)
CURVE()
GEOMETRIC_REPRESENTATION_ITEM()
RATIONAL_B_SPLINE_CURVE((1.,0.707106781186548,1.,0.707106781186548,1.))
REPRESENTATION_ITEM('')
);
#4030=(
BOUNDED_CURVE()
B_SPLINE_CURVE(2,(#8892,#8893,#8894,#8895,#8896),.UNSPECIFIED.,.F.,.F.)
B_SPLINE_CURVE_WITH_KNOTS((3,2,3),(0.,3.00000000000993,6.00000000001985),
 .UNSPECIFIED.)
CURVE()
GEOMETRIC_REPRESENTATION_ITEM()
RATIONAL_B_SPLINE_CURVE((1.,0.70710678118531,1.,0.70710678118531,1.))
REPRESENTATION_ITEM('')
);
#4031=(
BOUNDED_CURVE()
B_SPLINE_CURVE(2,(#8897,#8898,#8899,#8900,#8901),.UNSPECIFIED.,.F.,.F.)
B_SPLINE_CURVE_WITH_KNOTS((3,2,3),(0.,3.00000000000763,6.00000000001527),
 .UNSPECIFIED.)
CURVE()
GEOMETRIC_REPRESENTATION_ITEM()
RATIONAL_B_SPLINE_CURVE((1.,0.707106781185579,1.,0.707106781185579,1.))
REPRESENTATION_ITEM('')
);
#4032=(
BOUNDED_CURVE()
B_SPLINE_CURVE(2,(#8902,#8903,#8904,#8905,#8906),.UNSPECIFIED.,.F.,.F.)
B_SPLINE_CURVE_WITH_KNOTS((3,2,3),(-8.95353906273091,-4.47676953136546,
0.),.UNSPECIFIED.)
CURVE()
GEOMETRIC_REPRESENTATION_ITEM()
RATIONAL_B_SPLINE_CURVE((1.,0.707106781186548,1.,0.707106781186548,1.))
REPRESENTATION_ITEM('')
);
#4033=(
BOUNDED_CURVE()
B_SPLINE_CURVE(1,(#8909,#8910),.UNSPECIFIED.,.F.,.F.)
B_SPLINE_CURVE_WITH_KNOTS((2,2),(0.,65.242134986256),.UNSPECIFIED.)
CURVE()
GEOMETRIC_REPRESENTATION_ITEM()
RATIONAL_B_SPLINE_CURVE((1.,1.))
REPRESENTATION_ITEM('')
);
#4034=(
BOUNDED_CURVE()
B_SPLINE_CURVE(1,(#8919,#8920),.UNSPECIFIED.,.F.,.F.)
B_SPLINE_CURVE_WITH_KNOTS((2,2),(-65.2421349862559,0.),.UNSPECIFIED.)
CURVE()
GEOMETRIC_REPRESENTATION_ITEM()
RATIONAL_B_SPLINE_CURVE((1.,1.))
REPRESENTATION_ITEM('')
);
#4035=(
BOUNDED_CURVE()
B_SPLINE_CURVE(2,(#8923,#8924,#8925,#8926,#8927),.UNSPECIFIED.,.F.,.F.)
B_SPLINE_CURVE_WITH_KNOTS((3,2,3),(-8.95353906273091,-4.47676953136546,
0.),.UNSPECIFIED.)
CURVE()
GEOMETRIC_REPRESENTATION_ITEM()
RATIONAL_B_SPLINE_CURVE((1.,0.707106781186548,1.,0.707106781186548,1.))
REPRESENTATION_ITEM('')
);
#4036=(
BOUNDED_CURVE()
B_SPLINE_CURVE(2,(#8928,#8929,#8930,#8931,#8932),.UNSPECIFIED.,.F.,.F.)
B_SPLINE_CURVE_WITH_KNOTS((3,2,3),(8.95353906273091,13.4303085940964,17.9070781254618),
 .UNSPECIFIED.)
CURVE()
GEOMETRIC_REPRESENTATION_ITEM()
RATIONAL_B_SPLINE_CURVE((1.,0.707106781186548,1.,0.707106781186548,1.))
REPRESENTATION_ITEM('')
);
#4037=(
BOUNDED_CURVE()
B_SPLINE_CURVE(2,(#8933,#8934,#8935,#8936,#8937),.UNSPECIFIED.,.F.,.F.)
B_SPLINE_CURVE_WITH_KNOTS((3,2,3),(8.95353906273091,13.4303085940964,17.9070781254618),
 .UNSPECIFIED.)
CURVE()
GEOMETRIC_REPRESENTATION_ITEM()
RATIONAL_B_SPLINE_CURVE((1.,0.707106781186548,1.,0.707106781186548,1.))
REPRESENTATION_ITEM('')
);
#4038=(
BOUNDED_CURVE()
B_SPLINE_CURVE(2,(#8938,#8939,#8940,#8941,#8942),.UNSPECIFIED.,.F.,.F.)
B_SPLINE_CURVE_WITH_KNOTS((3,2,3),(0.,2.99999999999777,5.99999999999555),
 .UNSPECIFIED.)
CURVE()
GEOMETRIC_REPRESENTATION_ITEM()
RATIONAL_B_SPLINE_CURVE((1.,0.707106781186807,1.,0.707106781186807,1.))
REPRESENTATION_ITEM('')
);
#4039=(
BOUNDED_CURVE()
B_SPLINE_CURVE(2,(#8943,#8944,#8945,#8946,#8947),.UNSPECIFIED.,.F.,.F.)
B_SPLINE_CURVE_WITH_KNOTS((3,2,3),(0.,2.99999999999858,5.99999999999716),
 .UNSPECIFIED.)
CURVE()
GEOMETRIC_REPRESENTATION_ITEM()
RATIONAL_B_SPLINE_CURVE((1.,0.707106781186714,1.,0.707106781186714,1.))
REPRESENTATION_ITEM('')
);
#4040=(
BOUNDED_CURVE()
B_SPLINE_CURVE(2,(#8948,#8949,#8950,#8951,#8952),.UNSPECIFIED.,.F.,.F.)
B_SPLINE_CURVE_WITH_KNOTS((3,2,3),(-8.95353906273091,-4.47676953136546,
0.),.UNSPECIFIED.)
CURVE()
GEOMETRIC_REPRESENTATION_ITEM()
RATIONAL_B_SPLINE_CURVE((1.,0.707106781186548,1.,0.707106781186548,1.))
REPRESENTATION_ITEM('')
);
#4041=(
BOUNDED_CURVE()
B_SPLINE_CURVE(1,(#8955,#8956),.UNSPECIFIED.,.F.,.F.)
B_SPLINE_CURVE_WITH_KNOTS((2,2),(0.,65.242134986256),.UNSPECIFIED.)
CURVE()
GEOMETRIC_REPRESENTATION_ITEM()
RATIONAL_B_SPLINE_CURVE((1.,1.))
REPRESENTATION_ITEM('')
);
#4042=(
BOUNDED_CURVE()
B_SPLINE_CURVE(1,(#8961,#8962),.UNSPECIFIED.,.F.,.F.)
B_SPLINE_CURVE_WITH_KNOTS((2,2),(-65.2421349862559,0.),.UNSPECIFIED.)
CURVE()
GEOMETRIC_REPRESENTATION_ITEM()
RATIONAL_B_SPLINE_CURVE((1.,1.))
REPRESENTATION_ITEM('')
);
#4043=(
BOUNDED_CURVE()
B_SPLINE_CURVE(2,(#8965,#8966,#8967,#8968,#8969),.UNSPECIFIED.,.F.,.F.)
B_SPLINE_CURVE_WITH_KNOTS((3,2,3),(-8.95353906273091,-4.47676953136546,
0.),.UNSPECIFIED.)
CURVE()
GEOMETRIC_REPRESENTATION_ITEM()
RATIONAL_B_SPLINE_CURVE((1.,0.707106781186548,1.,0.707106781186548,1.))
REPRESENTATION_ITEM('')
);
#4044=(
BOUNDED_CURVE()
B_SPLINE_CURVE(2,(#8970,#8971,#8972,#8973,#8974),.UNSPECIFIED.,.F.,.F.)
B_SPLINE_CURVE_WITH_KNOTS((3,2,3),(8.95353906273091,13.4303085940964,17.9070781254618),
 .UNSPECIFIED.)
CURVE()
GEOMETRIC_REPRESENTATION_ITEM()
RATIONAL_B_SPLINE_CURVE((1.,0.707106781186548,1.,0.707106781186548,1.))
REPRESENTATION_ITEM('')
);
#4045=(
BOUNDED_CURVE()
B_SPLINE_CURVE(2,(#8975,#8976,#8977,#8978,#8979),.UNSPECIFIED.,.F.,.F.)
B_SPLINE_CURVE_WITH_KNOTS((3,2,3),(8.95353906273091,13.4303085940964,17.9070781254618),
 .UNSPECIFIED.)
CURVE()
GEOMETRIC_REPRESENTATION_ITEM()
RATIONAL_B_SPLINE_CURVE((1.,0.707106781186548,1.,0.707106781186548,1.))
REPRESENTATION_ITEM('')
);
#4046=(
BOUNDED_CURVE()
B_SPLINE_CURVE(2,(#8980,#8981,#8982,#8983,#8984),.UNSPECIFIED.,.F.,.F.)
B_SPLINE_CURVE_WITH_KNOTS((3,2,3),(0.,2.99999999999839,5.99999999999679),
 .UNSPECIFIED.)
CURVE()
GEOMETRIC_REPRESENTATION_ITEM()
RATIONAL_B_SPLINE_CURVE((1.,0.707106781186732,1.,0.707106781186732,1.))
REPRESENTATION_ITEM('')
);
#4047=(
BOUNDED_CURVE()
B_SPLINE_CURVE(2,(#8985,#8986,#8987,#8988,#8989),.UNSPECIFIED.,.F.,.F.)
B_SPLINE_CURVE_WITH_KNOTS((3,2,3),(0.,2.99999999999877,5.99999999999755),
 .UNSPECIFIED.)
CURVE()
GEOMETRIC_REPRESENTATION_ITEM()
RATIONAL_B_SPLINE_CURVE((1.,0.70710678118669,1.,0.70710678118669,1.))
REPRESENTATION_ITEM('')
);
#4048=(
BOUNDED_CURVE()
B_SPLINE_CURVE(1,(#8992,#8993),.UNSPECIFIED.,.F.,.F.)
B_SPLINE_CURVE_WITH_KNOTS((2,2),(96.6043130614058,161.861131996053),
 .UNSPECIFIED.)
CURVE()
GEOMETRIC_REPRESENTATION_ITEM()
RATIONAL_B_SPLINE_CURVE((1.,1.))
REPRESENTATION_ITEM('')
);
#4049=(
BOUNDED_CURVE()
B_SPLINE_CURVE(2,(#8996,#8997,#8998,#8999,#9000),.UNSPECIFIED.,.F.,.F.)
B_SPLINE_CURVE_WITH_KNOTS((3,2,3),(0.,4.47676953136546,8.95353906273091),
 .UNSPECIFIED.)
CURVE()
GEOMETRIC_REPRESENTATION_ITEM()
RATIONAL_B_SPLINE_CURVE((1.,0.707106781186548,1.,0.707106781186548,1.))
REPRESENTATION_ITEM('')
);
#4050=(
BOUNDED_CURVE()
B_SPLINE_CURVE(1,(#9003,#9004),.UNSPECIFIED.,.F.,.F.)
B_SPLINE_CURVE_WITH_KNOTS((2,2),(-161.861131996053,-96.6043130614057),
 .UNSPECIFIED.)
CURVE()
GEOMETRIC_REPRESENTATION_ITEM()
RATIONAL_B_SPLINE_CURVE((1.,1.))
REPRESENTATION_ITEM('')
);
#4051=(
BOUNDED_CURVE()
B_SPLINE_CURVE(2,(#9007,#9008,#9009,#9010,#9011),.UNSPECIFIED.,.F.,.F.)
B_SPLINE_CURVE_WITH_KNOTS((3,2,3),(-17.9070781254618,-13.4303085940964,
-8.95353906273091),.UNSPECIFIED.)
CURVE()
GEOMETRIC_REPRESENTATION_ITEM()
RATIONAL_B_SPLINE_CURVE((1.,0.707106781186548,1.,0.707106781186548,1.))
REPRESENTATION_ITEM('')
);
#4052=(
BOUNDED_CURVE()
B_SPLINE_CURVE(2,(#9012,#9013,#9014,#9015,#9016),.UNSPECIFIED.,.F.,.F.)
B_SPLINE_CURVE_WITH_KNOTS((3,2,3),(-17.9070781254618,-13.4303085940964,
-8.95353906273091),.UNSPECIFIED.)
CURVE()
GEOMETRIC_REPRESENTATION_ITEM()
RATIONAL_B_SPLINE_CURVE((1.,0.707106781186548,1.,0.707106781186548,1.))
REPRESENTATION_ITEM('')
);
#4053=(
BOUNDED_CURVE()
B_SPLINE_CURVE(2,(#9017,#9018,#9019,#9020,#9021),.UNSPECIFIED.,.F.,.F.)
B_SPLINE_CURVE_WITH_KNOTS((3,2,3),(0.,4.47676953136546,8.95353906273091),
 .UNSPECIFIED.)
CURVE()
GEOMETRIC_REPRESENTATION_ITEM()
RATIONAL_B_SPLINE_CURVE((1.,0.707106781186548,1.,0.707106781186548,1.))
REPRESENTATION_ITEM('')
);
#4054=(
BOUNDED_CURVE()
B_SPLINE_CURVE(1,(#9086,#9087),.UNSPECIFIED.,.F.,.F.)
B_SPLINE_CURVE_WITH_KNOTS((2,2),(-2.26864788253799,-0.126199310559403),
 .UNSPECIFIED.)
CURVE()
GEOMETRIC_REPRESENTATION_ITEM()
RATIONAL_B_SPLINE_CURVE((1.,1.))
REPRESENTATION_ITEM('')
);
#4055=(
BOUNDED_CURVE()
B_SPLINE_CURVE(1,(#9122,#9123),.UNSPECIFIED.,.F.,.F.)
B_SPLINE_CURVE_WITH_KNOTS((2,2),(0.132048024105218,2.27535430983363),
 .UNSPECIFIED.)
CURVE()
GEOMETRIC_REPRESENTATION_ITEM()
RATIONAL_B_SPLINE_CURVE((1.,1.))
REPRESENTATION_ITEM('')
);
#4056=(
BOUNDED_CURVE()
B_SPLINE_CURVE(2,(#9166,#9167,#9168,#9169,#9170),.UNSPECIFIED.,.F.,.F.)
B_SPLINE_CURVE_WITH_KNOTS((3,2,3),(-17.9070781254618,-13.4303085940964,
-8.95353906273091),.UNSPECIFIED.)
CURVE()
GEOMETRIC_REPRESENTATION_ITEM()
RATIONAL_B_SPLINE_CURVE((1.,0.707106781186548,1.,0.707106781186548,1.))
REPRESENTATION_ITEM('')
);
#4057=(
BOUNDED_CURVE()
B_SPLINE_CURVE(2,(#9171,#9172,#9173,#9174,#9175),.UNSPECIFIED.,.F.,.F.)
B_SPLINE_CURVE_WITH_KNOTS((3,2,3),(-17.9070781254618,-13.4303085940964,
-8.95353906273091),.UNSPECIFIED.)
CURVE()
GEOMETRIC_REPRESENTATION_ITEM()
RATIONAL_B_SPLINE_CURVE((1.,0.707106781186548,1.,0.707106781186548,1.))
REPRESENTATION_ITEM('')
);
#4058=(
BOUNDED_CURVE()
B_SPLINE_CURVE(2,(#9176,#9177,#9178,#9179,#9180),.UNSPECIFIED.,.F.,.F.)
B_SPLINE_CURVE_WITH_KNOTS((3,2,3),(0.,4.47676953136546,8.95353906273091),
 .UNSPECIFIED.)
CURVE()
GEOMETRIC_REPRESENTATION_ITEM()
RATIONAL_B_SPLINE_CURVE((1.,0.707106781186548,1.,0.707106781186548,1.))
REPRESENTATION_ITEM('')
);
#4059=(
BOUNDED_CURVE()
B_SPLINE_CURVE(1,(#9213,#9214),.UNSPECIFIED.,.F.,.F.)
B_SPLINE_CURVE_WITH_KNOTS((2,2),(-2.13793525930637,-0.16565494013773),
 .UNSPECIFIED.)
CURVE()
GEOMETRIC_REPRESENTATION_ITEM()
RATIONAL_B_SPLINE_CURVE((1.,1.))
REPRESENTATION_ITEM('')
);
#4060=(
BOUNDED_CURVE()
B_SPLINE_CURVE(1,(#9233,#9234),.UNSPECIFIED.,.F.,.F.)
B_SPLINE_CURVE_WITH_KNOTS((2,2),(0.171495326597078,2.14456521579337),
 .UNSPECIFIED.)
CURVE()
GEOMETRIC_REPRESENTATION_ITEM()
RATIONAL_B_SPLINE_CURVE((1.,1.))
REPRESENTATION_ITEM('')
);
#4061=VERTEX_POINT('',#5904);
#4062=VERTEX_POINT('',#5905);
#4063=VERTEX_POINT('',#5906);
#4064=VERTEX_POINT('',#5907);
#4065=VERTEX_POINT('',#5908);
#4066=VERTEX_POINT('',#5909);
#4067=VERTEX_POINT('',#5910);
#4068=VERTEX_POINT('',#5911);
#4069=VERTEX_POINT('',#5912);
#4070=VERTEX_POINT('',#5913);
#4071=VERTEX_POINT('',#5914);
#4072=VERTEX_POINT('',#5915);
#4073=VERTEX_POINT('',#5916);
#4074=VERTEX_POINT('',#5917);
#4075=VERTEX_POINT('',#5918);
#4076=VERTEX_POINT('',#5919);
#4077=VERTEX_POINT('',#5920);
#4078=VERTEX_POINT('',#5921);
#4079=VERTEX_POINT('',#5922);
#4080=VERTEX_POINT('',#5923);
#4081=VERTEX_POINT('',#5924);
#4082=VERTEX_POINT('',#5925);
#4083=VERTEX_POINT('',#5926);
#4084=VERTEX_POINT('',#5927);
#4085=VERTEX_POINT('',#5928);
#4086=VERTEX_POINT('',#5929);
#4087=VERTEX_POINT('',#5930);
#4088=VERTEX_POINT('',#5931);
#4089=VERTEX_POINT('',#5932);
#4090=VERTEX_POINT('',#5933);
#4091=VERTEX_POINT('',#5934);
#4092=VERTEX_POINT('',#5935);
#4093=VERTEX_POINT('',#5936);
#4094=VERTEX_POINT('',#5937);
#4095=VERTEX_POINT('',#5938);
#4096=VERTEX_POINT('',#5939);
#4097=VERTEX_POINT('',#5940);
#4098=VERTEX_POINT('',#5941);
#4099=VERTEX_POINT('',#5942);
#4100=VERTEX_POINT('',#5943);
#4101=VERTEX_POINT('',#5944);
#4102=VERTEX_POINT('',#5945);
#4103=VERTEX_POINT('',#5946);
#4104=VERTEX_POINT('',#5947);
#4105=VERTEX_POINT('',#5948);
#4106=VERTEX_POINT('',#5949);
#4107=VERTEX_POINT('',#5950);
#4108=VERTEX_POINT('',#5951);
#4109=VERTEX_POINT('',#5952);
#4110=VERTEX_POINT('',#5953);
#4111=VERTEX_POINT('',#5954);
#4112=VERTEX_POINT('',#5955);
#4113=VERTEX_POINT('',#5956);
#4114=VERTEX_POINT('',#5957);
#4115=VERTEX_POINT('',#5958);
#4116=VERTEX_POINT('',#5959);
#4117=VERTEX_POINT('',#5960);
#4118=VERTEX_POINT('',#5961);
#4119=VERTEX_POINT('',#5962);
#4120=VERTEX_POINT('',#5963);
#4121=VERTEX_POINT('',#5964);
#4122=VERTEX_POINT('',#5965);
#4123=VERTEX_POINT('',#5966);
#4124=VERTEX_POINT('',#5967);
#4125=VERTEX_POINT('',#5968);
#4126=VERTEX_POINT('',#5969);
#4127=VERTEX_POINT('',#5970);
#4128=VERTEX_POINT('',#5971);
#4129=VERTEX_POINT('',#5972);
#4130=VERTEX_POINT('',#5973);
#4131=VERTEX_POINT('',#5974);
#4132=VERTEX_POINT('',#5975);
#4133=VERTEX_POINT('',#5976);
#4134=VERTEX_POINT('',#5977);
#4135=VERTEX_POINT('',#5978);
#4136=VERTEX_POINT('',#5979);
#4137=VERTEX_POINT('',#5980);
#4138=VERTEX_POINT('',#5981);
#4139=VERTEX_POINT('',#5982);
#4140=VERTEX_POINT('',#5983);
#4141=VERTEX_POINT('',#5984);
#4142=VERTEX_POINT('',#5985);
#4143=VERTEX_POINT('',#5986);
#4144=VERTEX_POINT('',#5987);
#4145=VERTEX_POINT('',#5988);
#4146=VERTEX_POINT('',#5989);
#4147=VERTEX_POINT('',#5990);
#4148=VERTEX_POINT('',#5991);
#4149=VERTEX_POINT('',#5992);
#4150=VERTEX_POINT('',#5993);
#4151=VERTEX_POINT('',#5994);
#4152=VERTEX_POINT('',#5995);
#4153=VERTEX_POINT('',#5996);
#4154=VERTEX_POINT('',#5997);
#4155=VERTEX_POINT('',#5998);
#4156=VERTEX_POINT('',#5999);
#4157=VERTEX_POINT('',#6000);
#4158=VERTEX_POINT('',#6001);
#4159=VERTEX_POINT('',#6002);
#4160=VERTEX_POINT('',#6003);
#4161=VERTEX_POINT('',#6004);
#4162=VERTEX_POINT('',#6005);
#4163=VERTEX_POINT('',#6006);
#4164=VERTEX_POINT('',#6007);
#4165=VERTEX_POINT('',#6008);
#4166=VERTEX_POINT('',#6009);
#4167=VERTEX_POINT('',#6010);
#4168=VERTEX_POINT('',#6011);
#4169=VERTEX_POINT('',#6012);
#4170=VERTEX_POINT('',#6013);
#4171=VERTEX_POINT('',#6014);
#4172=VERTEX_POINT('',#6015);
#4173=VERTEX_POINT('',#6016);
#4174=VERTEX_POINT('',#6017);
#4175=VERTEX_POINT('',#6018);
#4176=VERTEX_POINT('',#6019);
#4177=VERTEX_POINT('',#6020);
#4178=VERTEX_POINT('',#6021);
#4179=VERTEX_POINT('',#6022);
#4180=VERTEX_POINT('',#6023);
#4181=VERTEX_POINT('',#6024);
#4182=VERTEX_POINT('',#6025);
#4183=VERTEX_POINT('',#6026);
#4184=VERTEX_POINT('',#6027);
#4185=VERTEX_POINT('',#6028);
#4186=VERTEX_POINT('',#6029);
#4187=VERTEX_POINT('',#6030);
#4188=VERTEX_POINT('',#6031);
#4189=VERTEX_POINT('',#6032);
#4190=VERTEX_POINT('',#6033);
#4191=VERTEX_POINT('',#6034);
#4192=VERTEX_POINT('',#6035);
#4193=VERTEX_POINT('',#6036);
#4194=VERTEX_POINT('',#6037);
#4195=VERTEX_POINT('',#6038);
#4196=VERTEX_POINT('',#6039);
#4197=VERTEX_POINT('',#6040);
#4198=VERTEX_POINT('',#6041);
#4199=VERTEX_POINT('',#6042);
#4200=VERTEX_POINT('',#6043);
#4201=VERTEX_POINT('',#6044);
#4202=VERTEX_POINT('',#6045);
#4203=VERTEX_POINT('',#6046);
#4204=VERTEX_POINT('',#6047);
#4205=VERTEX_POINT('',#6048);
#4206=VERTEX_POINT('',#6049);
#4207=VERTEX_POINT('',#6050);
#4208=VERTEX_POINT('',#6051);
#4209=VERTEX_POINT('',#6052);
#4210=VERTEX_POINT('',#6053);
#4211=VERTEX_POINT('',#6054);
#4212=VERTEX_POINT('',#6055);
#4213=VERTEX_POINT('',#6056);
#4214=VERTEX_POINT('',#6057);
#4215=VERTEX_POINT('',#6058);
#4216=VERTEX_POINT('',#6059);
#4217=VERTEX_POINT('',#6060);
#4218=VERTEX_POINT('',#6061);
#4219=VERTEX_POINT('',#6062);
#4220=VERTEX_POINT('',#6063);
#4221=VERTEX_POINT('',#6064);
#4222=VERTEX_POINT('',#6065);
#4223=VERTEX_POINT('',#6066);
#4224=VERTEX_POINT('',#6067);
#4225=VERTEX_POINT('',#6068);
#4226=VERTEX_POINT('',#6069);
#4227=VERTEX_POINT('',#6070);
#4228=VERTEX_POINT('',#6071);
#4229=VERTEX_POINT('',#6072);
#4230=VERTEX_POINT('',#6073);
#4231=VERTEX_POINT('',#6074);
#4232=VERTEX_POINT('',#6075);
#4233=VERTEX_POINT('',#6076);
#4234=VERTEX_POINT('',#6077);
#4235=VERTEX_POINT('',#6078);
#4236=VERTEX_POINT('',#6079);
#4237=VERTEX_POINT('',#6080);
#4238=VERTEX_POINT('',#6081);
#4239=VERTEX_POINT('',#6082);
#4240=VERTEX_POINT('',#6083);
#4241=VERTEX_POINT('',#6084);
#4242=VERTEX_POINT('',#6085);
#4243=VERTEX_POINT('',#6086);
#4244=VERTEX_POINT('',#6087);
#4245=VERTEX_POINT('',#6088);
#4246=VERTEX_POINT('',#6089);
#4247=VERTEX_POINT('',#6090);
#4248=VERTEX_POINT('',#6091);
#4249=VERTEX_POINT('',#6092);
#4250=VERTEX_POINT('',#6093);
#4251=VERTEX_POINT('',#6094);
#4252=VERTEX_POINT('',#6095);
#4253=VERTEX_POINT('',#6096);
#4254=VERTEX_POINT('',#6097);
#4255=VERTEX_POINT('',#6098);
#4256=VERTEX_POINT('',#6099);
#4257=VERTEX_POINT('',#6100);
#4258=VERTEX_POINT('',#6101);
#4259=VERTEX_POINT('',#6102);
#4260=VERTEX_POINT('',#6103);
#4261=VERTEX_POINT('',#6104);
#4262=VERTEX_POINT('',#6105);
#4263=VERTEX_POINT('',#6106);
#4264=VERTEX_POINT('',#6107);
#4265=VERTEX_POINT('',#6108);
#4266=VERTEX_POINT('',#6109);
#4267=VERTEX_POINT('',#6110);
#4268=VERTEX_POINT('',#6111);
#4269=VERTEX_POINT('',#6112);
#4270=VERTEX_POINT('',#6113);
#4271=VERTEX_POINT('',#6114);
#4272=VERTEX_POINT('',#6115);
#4273=VERTEX_POINT('',#6116);
#4274=VERTEX_POINT('',#6117);
#4275=VERTEX_POINT('',#6118);
#4276=B_SPLINE_SURFACE_WITH_KNOTS('',1,1,((#4502,#4503),(#4504,#4505)),
 .UNSPECIFIED.,.F.,.F.,.F.,(2,2),(2,2),(-3.5625,3.5625),(-3.5625,3.5625),
 .UNSPECIFIED.);
#4277=B_SPLINE_SURFACE_WITH_KNOTS('',1,1,((#4516,#4517),(#4518,#4519)),
 .UNSPECIFIED.,.F.,.F.,.F.,(2,2),(2,2),(-3.5625,3.5625),(-3.5625,3.5625),
 .UNSPECIFIED.);
#4278=B_SPLINE_SURFACE_WITH_KNOTS('',1,1,((#4530,#4531),(#4532,#4533)),
 .UNSPECIFIED.,.F.,.F.,.F.,(2,2),(2,2),(-11.5566704336159,11.5566704336159),
(-3.12004930553405,3.12004930553397),.UNSPECIFIED.);
#4279=B_SPLINE_SURFACE_WITH_KNOTS('',1,1,((#4534,#4535),(#4536,#4537)),
 .UNSPECIFIED.,.F.,.F.,.F.,(2,2),(2,2),(-12.259778999214,12.259778999214),
(-11.071882521995,11.071882521995),.UNSPECIFIED.);
#4280=B_SPLINE_SURFACE_WITH_KNOTS('',1,1,((#4574,#4575),(#4576,#4577)),
 .UNSPECIFIED.,.F.,.F.,.F.,(2,2),(2,2),(-5.00687472961561,5.00687472961563),
(-1.02000000000003,1.01999999999999),.UNSPECIFIED.);
#4281=B_SPLINE_SURFACE_WITH_KNOTS('',1,1,((#4578,#4579),(#4580,#4581)),
 .UNSPECIFIED.,.F.,.F.,.F.,(2,2),(2,2),(-8.75506400574599,8.75506400574601),
(-4.73021403144443,4.73021403144458),.UNSPECIFIED.);
#4282=B_SPLINE_SURFACE_WITH_KNOTS('',1,1,((#4582,#4583),(#4584,#4585)),
 .UNSPECIFIED.,.F.,.F.,.F.,(2,2),(2,2),(-5.18474164747109,5.18474164747111),
(-1.02000000000001,1.02),.UNSPECIFIED.);
#4283=B_SPLINE_SURFACE_WITH_KNOTS('',1,1,((#4604,#4605),(#4606,#4607)),
 .UNSPECIFIED.,.F.,.F.,.F.,(2,2),(2,2),(-2.00779894043021,2.00779894043015),
(-1.02000000000002,1.01999999999998),.UNSPECIFIED.);
#4284=B_SPLINE_SURFACE_WITH_KNOTS('',1,1,((#4608,#4609),(#4610,#4611)),
 .UNSPECIFIED.,.F.,.F.,.F.,(2,2),(2,2),(-2.00779202469945,2.00779202469941),
(-1.02000000000003,1.01999999999999),.UNSPECIFIED.);
#4285=B_SPLINE_SURFACE_WITH_KNOTS('',1,1,((#4612,#4613),(#4614,#4615)),
 .UNSPECIFIED.,.F.,.F.,.F.,(2,2),(2,2),(-1.90956716515246,1.90956716515246),
(-2.81015372516504,2.81015372516505),.UNSPECIFIED.);
#4286=B_SPLINE_SURFACE_WITH_KNOTS('',1,1,((#4616,#4617),(#4618,#4619)),
 .UNSPECIFIED.,.F.,.F.,.F.,(2,2),(2,2),(-1.91462142891073,1.91462142891073),
(-2.80701137850076,2.80701137850074),.UNSPECIFIED.);
#4287=B_SPLINE_SURFACE_WITH_KNOTS('',1,1,((#4638,#4639),(#4640,#4641)),
 .UNSPECIFIED.,.F.,.F.,.F.,(2,2),(2,2),(-0.72767948361768,0.727679483617687),
(-1.02000000836347,1.02000000836352),.UNSPECIFIED.);
#4288=B_SPLINE_SURFACE_WITH_KNOTS('',1,1,((#4642,#4643),(#4644,#4645)),
 .UNSPECIFIED.,.F.,.F.,.F.,(2,2),(2,2),(-0.730455982913558,0.730455982913543),
(-1.96430983072102,1.96430983072099),.UNSPECIFIED.);
#4289=B_SPLINE_SURFACE_WITH_KNOTS('',1,1,((#4646,#4647),(#4648,#4649)),
 .UNSPECIFIED.,.F.,.F.,.F.,(2,2),(2,2),(-11.061345875118,11.0613458751179),
(-0.815579587992488,0.815579587992545),.UNSPECIFIED.);
#4290=B_SPLINE_SURFACE_WITH_KNOTS('',1,1,((#4650,#4651),(#4652,#4653)),
 .UNSPECIFIED.,.F.,.F.,.F.,(2,2),(2,2),(-12.2597789992166,12.2597789992166),
(-10.44841370215,10.44841370215),.UNSPECIFIED.);
#4291=B_SPLINE_SURFACE_WITH_KNOTS('',1,1,((#4672,#4673),(#4674,#4675)),
 .UNSPECIFIED.,.F.,.F.,.F.,(2,2),(2,2),(-10.5616636448433,10.5616636448433),
(-19.559999999994,19.559999999994),.UNSPECIFIED.);
#4292=B_SPLINE_SURFACE_WITH_KNOTS('',1,1,((#4748,#4749),(#4750,#4751)),
 .UNSPECIFIED.,.F.,.F.,.F.,(2,2),(2,2),(-10.946507779176,10.9465077791761),
(-1.25091021790649,1.25091021790649),.UNSPECIFIED.);
#4293=B_SPLINE_SURFACE_WITH_KNOTS('',1,1,((#4752,#4753),(#4754,#4755)),
 .UNSPECIFIED.,.F.,.F.,.F.,(2,2),(2,2),(-10.946507779176,10.9465077791761),
(-1.25091021790649,1.25091021790649),.UNSPECIFIED.);
#4294=B_SPLINE_SURFACE_WITH_KNOTS('',1,1,((#4756,#4757),(#4758,#4759)),
 .UNSPECIFIED.,.F.,.F.,.F.,(2,2),(2,2),(-11.5566704336159,11.5566704336159),
(-3.12004930553405,3.12004930553397),.UNSPECIFIED.);
#4295=B_SPLINE_SURFACE_WITH_KNOTS('',1,1,((#4760,#4761),(#4762,#4763)),
 .UNSPECIFIED.,.F.,.F.,.F.,(2,2),(2,2),(-12.2597789992145,12.2597789992145),
(-11.1463175400545,11.1463175400545),.UNSPECIFIED.);
#4296=B_SPLINE_SURFACE_WITH_KNOTS('',1,1,((#4782,#4783),(#4784,#4785)),
 .UNSPECIFIED.,.F.,.F.,.F.,(2,2),(2,2),(-3.12786447927601,3.12786447927601),
(-4.0995631152435,4.09956311524352),.UNSPECIFIED.);
#4297=B_SPLINE_SURFACE_WITH_KNOTS('',1,1,((#4804,#4805),(#4806,#4807)),
 .UNSPECIFIED.,.F.,.F.,.F.,(2,2),(2,2),(-2.00779894043021,2.00779894043015),
(-1.02000000000004,1.01999999999998),.UNSPECIFIED.);
#4298=B_SPLINE_SURFACE_WITH_KNOTS('',1,1,((#4808,#4809),(#4810,#4811)),
 .UNSPECIFIED.,.F.,.F.,.F.,(2,2),(2,2),(-2.00779202469949,2.00779202469945),
(-1.02000000000004,1.01999999999998),.UNSPECIFIED.);
#4299=B_SPLINE_SURFACE_WITH_KNOTS('',1,1,((#4812,#4813),(#4814,#4815)),
 .UNSPECIFIED.,.F.,.F.,.F.,(2,2),(2,2),(-1.90956716515283,1.90956716515289),
(-2.81015372516521,2.81015372516526),.UNSPECIFIED.);
#4300=B_SPLINE_SURFACE_WITH_KNOTS('',1,1,((#4816,#4817),(#4818,#4819)),
 .UNSPECIFIED.,.F.,.F.,.F.,(2,2),(2,2),(-1.91462142891136,1.91462142891129),
(-2.80701137850064,2.80701137850067),.UNSPECIFIED.);
#4301=B_SPLINE_SURFACE_WITH_KNOTS('',1,1,((#4838,#4839),(#4840,#4841)),
 .UNSPECIFIED.,.F.,.F.,.F.,(2,2),(2,2),(-11.061345875118,11.0613458751179),
(-0.815579587992488,0.815579587992545),.UNSPECIFIED.);
#4302=B_SPLINE_SURFACE_WITH_KNOTS('',1,1,((#4842,#4843),(#4844,#4845)),
 .UNSPECIFIED.,.F.,.F.,.F.,(2,2),(2,2),(-12.2597789992151,12.259778999215),
(-10.4032231244625,10.4032231244625),.UNSPECIFIED.);
#4303=B_SPLINE_SURFACE_WITH_KNOTS('',1,1,((#4846,#4847),(#4848,#4849)),
 .UNSPECIFIED.,.F.,.F.,.F.,(2,2),(2,2),(-1.06127309733601,1.06127309733604),
(-1.59859587130806,1.59859587130804),.UNSPECIFIED.);
#4304=B_SPLINE_SURFACE_WITH_KNOTS('',3,3,((#4850,#4851,#4852,#4853),(#4854,
#4855,#4856,#4857),(#4858,#4859,#4860,#4861),(#4862,#4863,#4864,#4865),
(#4866,#4867,#4868,#4869),(#4870,#4871,#4872,#4873),(#4874,#4875,#4876,
#4877),(#4878,#4879,#4880,#4881),(#4882,#4883,#4884,#4885),(#4886,#4887,
#4888,#4889),(#4890,#4891,#4892,#4893),(#4894,#4895,#4896,#4897),(#4898,
#4899,#4900,#4901),(#4902,#4903,#4904,#4905),(#4906,#4907,#4908,#4909),
(#4910,#4911,#4912,#4913),(#4914,#4915,#4916,#4917),(#4918,#4919,#4920,
#4921),(#4922,#4923,#4924,#4925),(#4926,#4927,#4928,#4929),(#4930,#4931,
#4932,#4933),(#4934,#4935,#4936,#4937),(#4938,#4939,#4940,#4941),(#4942,
#4943,#4944,#4945),(#4946,#4947,#4948,#4949),(#4950,#4951,#4952,#4953),
(#4954,#4955,#4956,#4957),(#4958,#4959,#4960,#4961)),.UNSPECIFIED.,.F.,
 .F.,.F.,(4,2,2,2,2,2,2,2,2,2,2,2,2,4),(4,4),(0.,3.32758880385521,4.99138320578281,
6.65517760771042,9.98276641156563,13.3103552154208,16.637944019276,18.3017384212037,
19.9655328231313,21.6293272250589,23.2931216269865,24.1250188279503,24.9569160289141,
26.6207104308417),(-34.3783426782709,-3.13623262915012),.UNSPECIFIED.);
#4305=B_SPLINE_SURFACE_WITH_KNOTS('',1,1,((#4962,#4963),(#4964,#4965)),
 .UNSPECIFIED.,.F.,.F.,.F.,(2,2),(2,2),(-11.5566704336159,11.5566704336159),
(-0.952311532444014,0.952311532443986),.UNSPECIFIED.);
#4306=B_SPLINE_SURFACE_WITH_KNOTS('',1,1,((#4966,#4967),(#4968,#4969)),
 .UNSPECIFIED.,.F.,.F.,.F.,(2,2),(2,2),(-11.5566704336159,11.5566704336159),
(-0.952797680891006,0.952797680891006),.UNSPECIFIED.);
#4307=B_SPLINE_SURFACE_WITH_KNOTS('',3,3,((#4970,#4971,#4972,#4973,#4974,
#4975,#4976,#4977,#4978,#4979,#4980,#4981,#4982,#4983,#4984,#4985,#4986,
#4987,#4988,#4989,#4990,#4991,#4992,#4993,#4994,#4995,#4996,#4997,#4998,
#4999,#5000,#5001,#5002,#5003),(#5004,#5005,#5006,#5007,#5008,#5009,#5010,
#5011,#5012,#5013,#5014,#5015,#5016,#5017,#5018,#5019,#5020,#5021,#5022,
#5023,#5024,#5025,#5026,#5027,#5028,#5029,#5030,#5031,#5032,#5033,#5034,
#5035,#5036,#5037),(#5038,#5039,#5040,#5041,#5042,#5043,#5044,#5045,#5046,
#5047,#5048,#5049,#5050,#5051,#5052,#5053,#5054,#5055,#5056,#5057,#5058,
#5059,#5060,#5061,#5062,#5063,#5064,#5065,#5066,#5067,#5068,#5069,#5070,
#5071),(#5072,#5073,#5074,#5075,#5076,#5077,#5078,#5079,#5080,#5081,#5082,
#5083,#5084,#5085,#5086,#5087,#5088,#5089,#5090,#5091,#5092,#5093,#5094,
#5095,#5096,#5097,#5098,#5099,#5100,#5101,#5102,#5103,#5104,#5105)),
 .UNSPECIFIED.,.F.,.F.,.F.,(4,4),(4,2,2,2,2,2,2,2,2,2,2,2,2,2,2,2,4),(-34.3783426782764,
-3.13623262915486),(4.02288919964129,4.4427361579628,4.86258311628432,5.70227703292734,
6.54197094957037,7.38166486621339,9.06105269949944,10.7404405327855,12.4198283660715,
13.2595222827146,14.0992161993576,17.4579918659297,20.8167675325018,24.1755431990739,
25.8549310323599,27.534318865646,30.8930945322181),.UNSPECIFIED.);
#4308=B_SPLINE_SURFACE_WITH_KNOTS('',1,1,((#5124,#5125),(#5126,#5127)),
 .UNSPECIFIED.,.F.,.F.,.F.,(2,2),(2,2),(-11.221039134594,11.221039134594),
(-4.49488755361899,4.49488755361902),.UNSPECIFIED.);
#4309=B_SPLINE_SURFACE_WITH_KNOTS('',1,1,((#5146,#5147),(#5148,#5149)),
 .UNSPECIFIED.,.F.,.F.,.F.,(2,2),(2,2),(-1.66234485692401,1.66234485692399),
(-11.419249158984,11.419249158984),.UNSPECIFIED.);
#4310=B_SPLINE_SURFACE_WITH_KNOTS('',1,1,((#5150,#5151),(#5152,#5153)),
 .UNSPECIFIED.,.F.,.F.,.F.,(2,2),(2,2),(-9.13381017860543,9.13381017860547),
(-10.3878305564759,10.3878305564759),.UNSPECIFIED.);
#4311=B_SPLINE_SURFACE_WITH_KNOTS('',1,1,((#5154,#5155),(#5156,#5157)),
 .UNSPECIFIED.,.F.,.F.,.F.,(2,2),(2,2),(-1.66233425641802,1.66233425641802),
(-11.419168816956,11.419168816956),.UNSPECIFIED.);
#4312=B_SPLINE_SURFACE_WITH_KNOTS('',1,1,((#5176,#5177),(#5178,#5179)),
 .UNSPECIFIED.,.F.,.F.,.F.,(2,2),(2,2),(-11.2210391345939,11.221039134594),
(-4.49488755361899,4.49488755361902),.UNSPECIFIED.);
#4313=B_SPLINE_SURFACE_WITH_KNOTS('',1,1,((#5198,#5199),(#5200,#5201)),
 .UNSPECIFIED.,.F.,.F.,.F.,(2,2),(2,2),(-8.60693249103734,8.60693249103725),
(-10.3878305564759,10.3878305564759),.UNSPECIFIED.);
#4314=B_SPLINE_SURFACE_WITH_KNOTS('',1,1,((#5220,#5221),(#5222,#5223)),
 .UNSPECIFIED.,.F.,.F.,.F.,(2,2),(2,2),(-1.02000041330948,1.02000041330953),
(-5.49796782878405,5.49796782878406),.UNSPECIFIED.);
#4315=B_SPLINE_SURFACE_WITH_KNOTS('',1,1,((#5224,#5225),(#5226,#5227)),
 .UNSPECIFIED.,.F.,.F.,.F.,(2,2),(2,2),(-1.02000041330954,1.02000041330949),
(-5.754686025072,5.75468602507201),.UNSPECIFIED.);
#4316=B_SPLINE_SURFACE_WITH_KNOTS('',1,1,((#5228,#5229),(#5230,#5231)),
 .UNSPECIFIED.,.F.,.F.,.F.,(2,2),(2,2),(-5.75468602507205,5.75468602507206),
(-3.6131921995515,3.6131921995515),.UNSPECIFIED.);
#4317=B_SPLINE_SURFACE_WITH_KNOTS('',1,1,((#5268,#5269),(#5270,#5271)),
 .UNSPECIFIED.,.F.,.F.,.F.,(2,2),(2,2),(-8.76714426042535,8.76714426042529),
(-5.0644076636105,5.0644076636105),.UNSPECIFIED.);
#4318=B_SPLINE_SURFACE_WITH_KNOTS('',1,1,((#5290,#5291),(#5292,#5293)),
 .UNSPECIFIED.,.F.,.F.,.F.,(2,2),(2,2),(-23.859131376191,23.859131376191),
(-33.8067342613138,33.8067342613138),.UNSPECIFIED.);
#4319=B_SPLINE_SURFACE_WITH_KNOTS('',1,1,((#5294,#5295),(#5296,#5297)),
 .UNSPECIFIED.,.F.,.F.,.F.,(2,2),(2,2),(-15.3921120397416,15.3921120397416),
(-33.8067342613138,33.8067342613138),.UNSPECIFIED.);
#4320=B_SPLINE_SURFACE_WITH_KNOTS('',1,1,((#5298,#5299),(#5300,#5301)),
 .UNSPECIFIED.,.F.,.F.,.F.,(2,2),(2,2),(-8.76714425997016,8.76714425997016),
(-5.06440766356199,5.06440766356201),.UNSPECIFIED.);
#4321=B_SPLINE_SURFACE_WITH_KNOTS('',1,1,((#5302,#5303),(#5304,#5305)),
 .UNSPECIFIED.,.F.,.F.,.F.,(2,2),(2,2),(-36.1263253835504,36.1263253835503),
(-13.3154161949465,13.3154161949465),.UNSPECIFIED.);
#4322=B_SPLINE_SURFACE_WITH_KNOTS('',1,1,((#5306,#5307),(#5308,#5309)),
 .UNSPECIFIED.,.F.,.F.,.F.,(2,2),(2,2),(-1.92632479345885,1.92632479345885),
(-14.5200000000005,14.5200000000005),.UNSPECIFIED.);
#4323=B_SPLINE_SURFACE_WITH_KNOTS('',1,1,((#5310,#5311),(#5312,#5313)),
 .UNSPECIFIED.,.F.,.F.,.F.,(2,2),(2,2),(-1.4394264029397,1.4394264029397),
(-2.92170302203903,2.92170302203897),.UNSPECIFIED.);
#4324=B_SPLINE_SURFACE_WITH_KNOTS('',1,1,((#5332,#5333),(#5334,#5335)),
 .UNSPECIFIED.,.F.,.F.,.F.,(2,2),(2,2),(-19.1998899637805,19.1998899637805),
(-11.6699677139335,11.6699677139335),.UNSPECIFIED.);
#4325=B_SPLINE_SURFACE_WITH_KNOTS('',1,1,((#5354,#5355),(#5356,#5357)),
 .UNSPECIFIED.,.F.,.F.,.F.,(2,2),(2,2),(-1.32632479346186,1.32632479346197),
(-14.52,14.52),.UNSPECIFIED.);
#4326=B_SPLINE_SURFACE_WITH_KNOTS('',1,1,((#5358,#5359),(#5360,#5361)),
 .UNSPECIFIED.,.F.,.F.,.F.,(2,2),(2,2),(-1.43942640293993,1.43942640293991),
(-2.92170302203904,2.92170302203898),.UNSPECIFIED.);
#4327=B_SPLINE_SURFACE_WITH_KNOTS('',1,1,((#5362,#5363),(#5364,#5365)),
 .UNSPECIFIED.,.F.,.F.,.F.,(2,2),(2,2),(-4.35382765394549,4.35382765394543),
(-33.509337151599,33.509337151599),.UNSPECIFIED.);
#4328=B_SPLINE_SURFACE_WITH_KNOTS('',1,1,((#5384,#5385),(#5386,#5387)),
 .UNSPECIFIED.,.F.,.F.,.F.,(2,2),(2,2),(-1.01798454327583,1.01798454327584),
(-1.51824527372449,1.51824527372452),.UNSPECIFIED.);
#4329=B_SPLINE_SURFACE_WITH_KNOTS('',1,1,((#5406,#5407),(#5408,#5409)),
 .UNSPECIFIED.,.F.,.F.,.F.,(2,2),(2,2),(-4.35382765394626,4.35382765394627),
(-33.509337151599,33.509337151599),.UNSPECIFIED.);
#4330=B_SPLINE_SURFACE_WITH_KNOTS('',1,1,((#5428,#5429),(#5430,#5431)),
 .UNSPECIFIED.,.F.,.F.,.F.,(2,2),(2,2),(-4.00149613272185,4.00149613272184),
(-1.51824527372449,1.51824527372452),.UNSPECIFIED.);
#4331=B_SPLINE_SURFACE_WITH_KNOTS('',1,1,((#5450,#5451),(#5452,#5453)),
 .UNSPECIFIED.,.F.,.F.,.F.,(2,2),(2,2),(-19.4363761608329,19.436376160833),
(-14.52,14.52),.UNSPECIFIED.);
#4332=B_SPLINE_SURFACE_WITH_KNOTS('',1,1,((#5454,#5455),(#5456,#5457)),
 .UNSPECIFIED.,.F.,.F.,.F.,(2,2),(2,2),(-24.8610803335041,24.8610803335041),
(-9.32750537958878,9.32750537958878),.UNSPECIFIED.);
#4333=B_SPLINE_SURFACE_WITH_KNOTS('',1,1,((#5458,#5459),(#5460,#5461)),
 .UNSPECIFIED.,.F.,.F.,.F.,(2,2),(2,2),(-24.8610803330474,24.8610803330475),
(-9.32750537956434,9.32750537956433),.UNSPECIFIED.);
#4334=B_SPLINE_SURFACE_WITH_KNOTS('',1,1,((#5688,#5689),(#5690,#5691)),
 .UNSPECIFIED.,.F.,.F.,.F.,(2,2),(2,2),(-3.5625,3.5625),(-3.5625,3.5625),
 .UNSPECIFIED.);
#4335=B_SPLINE_SURFACE_WITH_KNOTS('',1,1,((#5702,#5703),(#5704,#5705)),
 .UNSPECIFIED.,.F.,.F.,.F.,(2,2),(2,2),(-3.5625,3.5625),(-3.5625,3.5625),
 .UNSPECIFIED.);
#4336=B_SPLINE_SURFACE_WITH_KNOTS('',1,1,((#5716,#5717),(#5718,#5719)),
 .UNSPECIFIED.,.F.,.F.,.F.,(2,2),(2,2),(-3.5625,3.5625),(-3.5625,3.5625),
 .UNSPECIFIED.);
#4337=B_SPLINE_SURFACE_WITH_KNOTS('',1,1,((#5730,#5731),(#5732,#5733)),
 .UNSPECIFIED.,.F.,.F.,.F.,(2,2),(2,2),(-3.5625,3.5625),(-3.5625,3.5625),
 .UNSPECIFIED.);
#4338=B_SPLINE_SURFACE_WITH_KNOTS('',1,1,((#5744,#5745),(#5746,#5747)),
 .UNSPECIFIED.,.F.,.F.,.F.,(2,2),(2,2),(-0.0570000000000001,5.75700000000001),
(-2.907,2.907),.UNSPECIFIED.);
#4339=B_SPLINE_SURFACE_WITH_KNOTS('',1,1,((#5784,#5785),(#5786,#5787)),
 .UNSPECIFIED.,.F.,.F.,.F.,(2,2),(2,2),(-3.5625,3.5625),(-3.5625,3.5625),
 .UNSPECIFIED.);
#4340=(
BOUNDED_SURFACE()
B_SPLINE_SURFACE(1,2,((#4492,#4493,#4494,#4495,#4496),(#4497,#4498,#4499,
#4500,#4501)),.UNSPECIFIED.,.F.,.F.,.F.)
B_SPLINE_SURFACE_WITH_KNOTS((2,2),(3,2,3),(0.,161.861131996053),(0.,4.47676953136546,
8.95353906273091),.UNSPECIFIED.)
GEOMETRIC_REPRESENTATION_ITEM()
RATIONAL_B_SPLINE_SURFACE(((1.,0.707106781186548,1.,0.707106781186548,1.),
(1.,0.707106781186548,1.,0.707106781186548,1.)))
REPRESENTATION_ITEM('')
SURFACE()
);
#4341=(
BOUNDED_SURFACE()
B_SPLINE_SURFACE(1,2,((#4506,#4507,#4508,#4509,#4510),(#4511,#4512,#4513,
#4514,#4515)),.UNSPECIFIED.,.F.,.F.,.F.)
B_SPLINE_SURFACE_WITH_KNOTS((2,2),(3,2,3),(0.,161.861131996053),(0.,4.47676953136546,
8.95353906273091),.UNSPECIFIED.)
GEOMETRIC_REPRESENTATION_ITEM()
RATIONAL_B_SPLINE_SURFACE(((1.,0.707106781186548,1.,0.707106781186548,1.),
(1.,0.707106781186548,1.,0.707106781186548,1.)))
REPRESENTATION_ITEM('')
SURFACE()
);
#4342=(
BOUNDED_SURFACE()
B_SPLINE_SURFACE(1,2,((#4520,#4521,#4522,#4523,#4524),(#4525,#4526,#4527,
#4528,#4529)),.UNSPECIFIED.,.F.,.F.,.F.)
B_SPLINE_SURFACE_WITH_KNOTS((2,2),(3,2,3),(0.,161.861131996053),(0.,4.47676953136546,
8.95353906273091),.UNSPECIFIED.)
GEOMETRIC_REPRESENTATION_ITEM()
RATIONAL_B_SPLINE_SURFACE(((1.,0.707106781186548,1.,0.707106781186548,1.),
(1.,0.707106781186548,1.,0.707106781186548,1.)))
REPRESENTATION_ITEM('')
SURFACE()
);
#4343=(
BOUNDED_SURFACE()
B_SPLINE_SURFACE(1,2,((#4538,#4539,#4540,#4541,#4542,#4543,#4544,#4545,
#4546),(#4547,#4548,#4549,#4550,#4551,#4552,#4553,#4554,#4555)),
 .UNSPECIFIED.,.F.,.F.,.F.)
B_SPLINE_SURFACE_WITH_KNOTS((2,2),(3,2,2,2,3),(0.,6.39224530192638),(0.,
1.5707963267949,3.14159265358979,4.71238898038469,6.28318530717959),
 .UNSPECIFIED.)
GEOMETRIC_REPRESENTATION_ITEM()
RATIONAL_B_SPLINE_SURFACE(((1.,0.707106781186548,1.,0.707106781186548,1.,
0.707106781186548,1.,0.707106781186548,1.),(1.,0.707106781186548,1.,0.707106781186548,
1.,0.707106781186548,1.,0.707106781186548,1.)))
REPRESENTATION_ITEM('')
SURFACE()
);
#4344=(
BOUNDED_SURFACE()
B_SPLINE_SURFACE(1,2,((#4556,#4557,#4558,#4559,#4560,#4561,#4562,#4563,
#4564),(#4565,#4566,#4567,#4568,#4569,#4570,#4571,#4572,#4573)),
 .UNSPECIFIED.,.F.,.F.,.F.)
B_SPLINE_SURFACE_WITH_KNOTS((2,2),(3,2,2,2,3),(0.,0.840000000000117),(0.,
1.5707963267949,3.14159265358979,4.71238898038469,6.28318530717959),
 .UNSPECIFIED.)
GEOMETRIC_REPRESENTATION_ITEM()
RATIONAL_B_SPLINE_SURFACE(((1.,0.707106781186548,1.,0.707106781186548,1.,
0.707106781186548,1.,0.707106781186548,1.),(1.,0.707106781186548,1.,0.707106781186548,
1.,0.707106781186548,1.,0.707106781186548,1.)))
REPRESENTATION_ITEM('')
SURFACE()
);
#4345=(
BOUNDED_SURFACE()
B_SPLINE_SURFACE(1,2,((#4586,#4587,#4588,#4589,#4590,#4591,#4592,#4593,
#4594),(#4595,#4596,#4597,#4598,#4599,#4600,#4601,#4602,#4603)),
 .UNSPECIFIED.,.F.,.F.,.F.)
B_SPLINE_SURFACE_WITH_KNOTS((2,2),(3,2,2,2,3),(0.,0.840000000000018),(0.,
1.5707963267949,3.14159265358979,4.71238898038469,6.28318530717959),
 .UNSPECIFIED.)
GEOMETRIC_REPRESENTATION_ITEM()
RATIONAL_B_SPLINE_SURFACE(((1.,0.707106781186548,1.,0.707106781186548,1.,
0.707106781186548,1.,0.707106781186548,1.),(1.,0.707106781186548,1.,0.707106781186548,
1.,0.707106781186548,1.,0.707106781186548,1.)))
REPRESENTATION_ITEM('')
SURFACE()
);
#4346=(
BOUNDED_SURFACE()
B_SPLINE_SURFACE(1,2,((#4620,#4621,#4622,#4623,#4624,#4625,#4626,#4627,
#4628),(#4629,#4630,#4631,#4632,#4633,#4634,#4635,#4636,#4637)),
 .UNSPECIFIED.,.F.,.F.,.F.)
B_SPLINE_SURFACE_WITH_KNOTS((2,2),(3,2,2,2,3),(0.,6.39224530192638),(0.,
1.5707963267949,3.14159265358979,4.71238898038469,6.28318530717959),
 .UNSPECIFIED.)
GEOMETRIC_REPRESENTATION_ITEM()
RATIONAL_B_SPLINE_SURFACE(((1.,0.707106781186548,1.,0.707106781186548,1.,
0.707106781186548,1.,0.707106781186548,1.),(1.,0.707106781186548,1.,0.707106781186548,
1.,0.707106781186548,1.,0.707106781186548,1.)))
REPRESENTATION_ITEM('')
SURFACE()
);
#4347=(
BOUNDED_SURFACE()
B_SPLINE_SURFACE(1,2,((#4654,#4655,#4656,#4657,#4658,#4659,#4660,#4661,
#4662),(#4663,#4664,#4665,#4666,#4667,#4668,#4669,#4670,#4671)),
 .UNSPECIFIED.,.F.,.F.,.F.)
B_SPLINE_SURFACE_WITH_KNOTS((2,2),(3,2,2,2,3),(0.,21.5195972833684),(0.,
1.5707963267949,3.14159265358979,4.71238898038469,6.28318530717959),
 .UNSPECIFIED.)
GEOMETRIC_REPRESENTATION_ITEM()
RATIONAL_B_SPLINE_SURFACE(((1.,0.707106781186548,1.,0.707106781186548,1.,
0.707106781186548,1.,0.707106781186548,1.),(1.,0.707106781186548,1.,0.707106781186548,
1.,0.707106781186548,1.,0.707106781186548,1.)))
REPRESENTATION_ITEM('')
SURFACE()
);
#4348=(
BOUNDED_SURFACE()
B_SPLINE_SURFACE(1,2,((#4676,#4677,#4678,#4679,#4680,#4681,#4682,#4683,
#4684),(#4685,#4686,#4687,#4688,#4689,#4690,#4691,#4692,#4693)),
 .UNSPECIFIED.,.F.,.F.,.F.)
B_SPLINE_SURFACE_WITH_KNOTS((2,2),(3,2,2,2,3),(0.,21.5195972833689),(0.,
1.5707963267949,3.14159265358979,4.71238898038469,6.28318530717959),
 .UNSPECIFIED.)
GEOMETRIC_REPRESENTATION_ITEM()
RATIONAL_B_SPLINE_SURFACE(((1.,0.707106781186548,1.,0.707106781186548,1.,
0.707106781186548,1.,0.707106781186548,1.),(1.,0.707106781186548,1.,0.707106781186548,
1.,0.707106781186548,1.,0.707106781186548,1.)))
REPRESENTATION_ITEM('')
SURFACE()
);
#4349=(
BOUNDED_SURFACE()
B_SPLINE_SURFACE(1,2,((#4694,#4695,#4696,#4697,#4698,#4699,#4700,#4701,
#4702),(#4703,#4704,#4705,#4706,#4707,#4708,#4709,#4710,#4711)),
 .UNSPECIFIED.,.F.,.F.,.F.)
B_SPLINE_SURFACE_WITH_KNOTS((2,2),(3,2,2,2,3),(0.,18.9507035342141),(0.,
1.5707963267949,3.14159265358979,4.71238898038469,6.28318530717959),
 .UNSPECIFIED.)
GEOMETRIC_REPRESENTATION_ITEM()
RATIONAL_B_SPLINE_SURFACE(((1.,0.707106781186548,1.,0.707106781186548,1.,
0.707106781186548,1.,0.707106781186548,1.),(1.,0.707106781186548,1.,0.707106781186548,
1.,0.707106781186548,1.,0.707106781186548,1.)))
REPRESENTATION_ITEM('')
SURFACE()
);
#4350=(
BOUNDED_SURFACE()
B_SPLINE_SURFACE(2,1,((#4712,#4713),(#4714,#4715),(#4716,#4717),(#4718,
#4719),(#4720,#4721),(#4722,#4723),(#4724,#4725),(#4726,#4727),(#4728,#4729)),
 .UNSPECIFIED.,.T.,.F.,.F.)
B_SPLINE_SURFACE_WITH_KNOTS((3,2,2,2,3),(2,2),(0.,1.5707963267949,3.14159265358979,
4.71238898038469,6.28318530717959),(0.,18.9046752277649),.UNSPECIFIED.)
GEOMETRIC_REPRESENTATION_ITEM()
RATIONAL_B_SPLINE_SURFACE(((1.,1.),(0.707106781186548,0.707106781186548),
(1.,1.),(0.707106781186548,0.707106781186548),(1.,1.),(0.707106781186548,
0.707106781186548),(1.,1.),(0.707106781186548,0.707106781186548),(1.,1.)))
REPRESENTATION_ITEM('')
SURFACE()
);
#4351=(
BOUNDED_SURFACE()
B_SPLINE_SURFACE(1,2,((#4730,#4731,#4732,#4733,#4734,#4735,#4736,#4737,
#4738),(#4739,#4740,#4741,#4742,#4743,#4744,#4745,#4746,#4747)),
 .UNSPECIFIED.,.F.,.F.,.F.)
B_SPLINE_SURFACE_WITH_KNOTS((2,2),(3,2,2,2,3),(0.,18.9507035348938),(0.,
1.5707963267949,3.14159265358979,4.71238898038469,6.28318530717959),
 .UNSPECIFIED.)
GEOMETRIC_REPRESENTATION_ITEM()
RATIONAL_B_SPLINE_SURFACE(((1.,0.707106781186548,1.,0.707106781186548,1.,
0.707106781186548,1.,0.707106781186548,1.),(1.,0.707106781186548,1.,0.707106781186548,
1.,0.707106781186548,1.,0.707106781186548,1.)))
REPRESENTATION_ITEM('')
SURFACE()
);
#4352=(
BOUNDED_SURFACE()
B_SPLINE_SURFACE(2,1,((#4764,#4765),(#4766,#4767),(#4768,#4769),(#4770,
#4771),(#4772,#4773),(#4774,#4775),(#4776,#4777),(#4778,#4779),(#4780,#4781)),
 .UNSPECIFIED.,.T.,.F.,.F.)
B_SPLINE_SURFACE_WITH_KNOTS((3,2,2,2,3),(2,2),(0.,1.5707963267949,3.14159265358979,
4.71238898038469,6.28318530717959),(0.,6.39224530192638),.UNSPECIFIED.)
GEOMETRIC_REPRESENTATION_ITEM()
RATIONAL_B_SPLINE_SURFACE(((1.,1.),(0.707106781186548,0.707106781186548),
(1.,1.),(0.707106781186548,0.707106781186548),(1.,1.),(0.707106781186548,
0.707106781186548),(1.,1.),(0.707106781186548,0.707106781186548),(1.,1.)))
REPRESENTATION_ITEM('')
SURFACE()
);
#4353=(
BOUNDED_SURFACE()
B_SPLINE_SURFACE(1,2,((#4786,#4787,#4788,#4789,#4790,#4791,#4792,#4793,
#4794),(#4795,#4796,#4797,#4798,#4799,#4800,#4801,#4802,#4803)),
 .UNSPECIFIED.,.F.,.F.,.F.)
B_SPLINE_SURFACE_WITH_KNOTS((2,2),(3,2,2,2,3),(0.,0.840000000000146),(0.,
1.5707963267949,3.14159265358979,4.71238898038469,6.28318530717959),
 .UNSPECIFIED.)
GEOMETRIC_REPRESENTATION_ITEM()
RATIONAL_B_SPLINE_SURFACE(((1.,0.707106781186548,1.,0.707106781186548,1.,
0.707106781186548,1.,0.707106781186548,1.),(1.,0.707106781186548,1.,0.707106781186548,
1.,0.707106781186548,1.,0.707106781186548,1.)))
REPRESENTATION_ITEM('')
SURFACE()
);
#4354=(
BOUNDED_SURFACE()
B_SPLINE_SURFACE(2,1,((#4820,#4821),(#4822,#4823),(#4824,#4825),(#4826,
#4827),(#4828,#4829),(#4830,#4831),(#4832,#4833),(#4834,#4835),(#4836,#4837)),
 .UNSPECIFIED.,.T.,.F.,.F.)
B_SPLINE_SURFACE_WITH_KNOTS((3,2,2,2,3),(2,2),(0.,1.5707963267949,3.14159265358979,
4.71238898038469,6.28318530717959),(0.,6.39224530192638),.UNSPECIFIED.)
GEOMETRIC_REPRESENTATION_ITEM()
RATIONAL_B_SPLINE_SURFACE(((1.,1.),(0.707106781186548,0.707106781186548),
(1.,1.),(0.707106781186548,0.707106781186548),(1.,1.),(0.707106781186548,
0.707106781186548),(1.,1.),(0.707106781186548,0.707106781186548),(1.,1.)))
REPRESENTATION_ITEM('')
SURFACE()
);
#4355=(
BOUNDED_SURFACE()
B_SPLINE_SURFACE(2,1,((#5106,#5107),(#5108,#5109),(#5110,#5111),(#5112,
#5113),(#5114,#5115),(#5116,#5117),(#5118,#5119),(#5120,#5121),(#5122,#5123)),
 .UNSPECIFIED.,.T.,.F.,.F.)
B_SPLINE_SURFACE_WITH_KNOTS((3,2,2,2,3),(2,2),(0.,1.5707963267949,3.14159265358979,
4.71238898038469,6.28318530717959),(0.,20.9974198002007),.UNSPECIFIED.)
GEOMETRIC_REPRESENTATION_ITEM()
RATIONAL_B_SPLINE_SURFACE(((1.,1.),(0.707106781186548,0.707106781186548),
(1.,1.),(0.707106781186548,0.707106781186548),(1.,1.),(0.707106781186548,
0.707106781186548),(1.,1.),(0.707106781186548,0.707106781186548),(1.,1.)))
REPRESENTATION_ITEM('')
SURFACE()
);
#4356=(
BOUNDED_SURFACE()
B_SPLINE_SURFACE(1,2,((#5128,#5129,#5130,#5131,#5132,#5133,#5134,#5135,
#5136),(#5137,#5138,#5139,#5140,#5141,#5142,#5143,#5144,#5145)),
 .UNSPECIFIED.,.F.,.F.,.F.)
B_SPLINE_SURFACE_WITH_KNOTS((2,2),(3,2,2,2,3),(0.,22.8384983179693),(0.,
1.5707963267949,3.14159265358979,4.71238898038469,6.28318530717959),
 .UNSPECIFIED.)
GEOMETRIC_REPRESENTATION_ITEM()
RATIONAL_B_SPLINE_SURFACE(((1.,0.707106781186548,1.,0.707106781186548,1.,
0.707106781186548,1.,0.707106781186548,1.),(1.,0.707106781186548,1.,0.707106781186548,
1.,0.707106781186548,1.,0.707106781186548,1.)))
REPRESENTATION_ITEM('')
SURFACE()
);
#4357=(
BOUNDED_SURFACE()
B_SPLINE_SURFACE(1,2,((#5158,#5159,#5160,#5161,#5162,#5163,#5164,#5165,
#5166),(#5167,#5168,#5169,#5170,#5171,#5172,#5173,#5174,#5175)),
 .UNSPECIFIED.,.F.,.F.,.F.)
B_SPLINE_SURFACE_WITH_KNOTS((2,2),(3,2,2,2,3),(0.,22.8383376339132),(0.,
1.5707963267949,3.14159265358979,4.71238898038469,6.28318530717959),
 .UNSPECIFIED.)
GEOMETRIC_REPRESENTATION_ITEM()
RATIONAL_B_SPLINE_SURFACE(((1.,0.707106781186548,1.,0.707106781186548,1.,
0.707106781186548,1.,0.707106781186548,1.),(1.,0.707106781186548,1.,0.707106781186548,
1.,0.707106781186548,1.,0.707106781186548,1.)))
REPRESENTATION_ITEM('')
SURFACE()
);
#4358=(
BOUNDED_SURFACE()
B_SPLINE_SURFACE(2,1,((#5180,#5181),(#5182,#5183),(#5184,#5185),(#5186,
#5187),(#5188,#5189),(#5190,#5191),(#5192,#5193),(#5194,#5195),(#5196,#5197)),
 .UNSPECIFIED.,.T.,.F.,.F.)
B_SPLINE_SURFACE_WITH_KNOTS((3,2,2,2,3),(2,2),(0.,1.5707963267949,3.14159265358979,
4.71238898038469,6.28318530717959),(0.,20.9974198002001),.UNSPECIFIED.)
GEOMETRIC_REPRESENTATION_ITEM()
RATIONAL_B_SPLINE_SURFACE(((1.,1.),(0.707106781186548,0.707106781186548),
(1.,1.),(0.707106781186548,0.707106781186548),(1.,1.),(0.707106781186548,
0.707106781186548),(1.,1.),(0.707106781186548,0.707106781186548),(1.,1.)))
REPRESENTATION_ITEM('')
SURFACE()
);
#4359=(
BOUNDED_SURFACE()
B_SPLINE_SURFACE(1,2,((#5202,#5203,#5204,#5205,#5206,#5207,#5208,#5209,
#5210),(#5211,#5212,#5213,#5214,#5215,#5216,#5217,#5218,#5219)),
 .UNSPECIFIED.,.F.,.F.,.F.)
B_SPLINE_SURFACE_WITH_KNOTS((2,2),(3,2,2,2,3),(0.,0.840000000001396),(0.,
1.5707963267949,3.14159265358979,4.71238898038469,6.28318530717959),
 .UNSPECIFIED.)
GEOMETRIC_REPRESENTATION_ITEM()
RATIONAL_B_SPLINE_SURFACE(((1.,0.707106781186548,1.,0.707106781186548,1.,
0.707106781186548,1.,0.707106781186548,1.),(1.,0.707106781186548,1.,0.707106781186548,
1.,0.707106781186548,1.,0.707106781186548,1.)))
REPRESENTATION_ITEM('')
SURFACE()
);
#4360=(
BOUNDED_SURFACE()
B_SPLINE_SURFACE(2,1,((#5232,#5233),(#5234,#5235),(#5236,#5237),(#5238,
#5239),(#5240,#5241),(#5242,#5243),(#5244,#5245),(#5246,#5247),(#5248,#5249)),
 .UNSPECIFIED.,.T.,.F.,.F.)
B_SPLINE_SURFACE_WITH_KNOTS((3,2,2,2,3),(2,2),(0.,1.5707963267949,3.14159265358979,
4.71238898038469,6.28318530717959),(0.,12.086735087929),.UNSPECIFIED.)
GEOMETRIC_REPRESENTATION_ITEM()
RATIONAL_B_SPLINE_SURFACE(((1.,1.),(0.707106781186548,0.707106781186548),
(1.,1.),(0.707106781186548,0.707106781186548),(1.,1.),(0.707106781186548,
0.707106781186548),(1.,1.),(0.707106781186548,0.707106781186548),(1.,1.)))
REPRESENTATION_ITEM('')
SURFACE()
);
#4361=(
BOUNDED_SURFACE()
B_SPLINE_SURFACE(2,1,((#5250,#5251),(#5252,#5253),(#5254,#5255),(#5256,
#5257),(#5258,#5259),(#5260,#5261),(#5262,#5263),(#5264,#5265),(#5266,#5267)),
 .UNSPECIFIED.,.T.,.F.,.F.)
B_SPLINE_SURFACE_WITH_KNOTS((3,2,2,2,3),(2,2),(0.,1.5707963267949,3.14159265358979,
4.71238898038469,6.28318530717959),(0.,12.086734261309),.UNSPECIFIED.)
GEOMETRIC_REPRESENTATION_ITEM()
RATIONAL_B_SPLINE_SURFACE(((1.,1.),(0.707106781186548,0.707106781186548),
(1.,1.),(0.707106781186548,0.707106781186548),(1.,1.),(0.707106781186548,
0.707106781186548),(1.,1.),(0.707106781186548,0.707106781186548),(1.,1.)))
REPRESENTATION_ITEM('')
SURFACE()
);
#4362=(
BOUNDED_SURFACE()
B_SPLINE_SURFACE(2,1,((#5272,#5273),(#5274,#5275),(#5276,#5277),(#5278,
#5279),(#5280,#5281),(#5282,#5283),(#5284,#5285),(#5286,#5287),(#5288,#5289)),
 .UNSPECIFIED.,.T.,.F.,.F.)
B_SPLINE_SURFACE_WITH_KNOTS((3,2,2,2,3),(2,2),(0.,1.5707963267949,3.14159265358979,
4.71238898038469,6.28318530717959),(0.,18.9046881295161),.UNSPECIFIED.)
GEOMETRIC_REPRESENTATION_ITEM()
RATIONAL_B_SPLINE_SURFACE(((1.,1.),(0.707106781186548,0.707106781186548),
(1.,1.),(0.707106781186548,0.707106781186548),(1.,1.),(0.707106781186548,
0.707106781186548),(1.,1.),(0.707106781186548,0.707106781186548),(1.,1.)))
REPRESENTATION_ITEM('')
SURFACE()
);
#4363=(
BOUNDED_SURFACE()
B_SPLINE_SURFACE(2,1,((#5314,#5315),(#5316,#5317),(#5318,#5319),(#5320,
#5321),(#5322,#5323),(#5324,#5325),(#5326,#5327),(#5328,#5329),(#5330,#5331)),
 .UNSPECIFIED.,.T.,.F.,.F.)
B_SPLINE_SURFACE_WITH_KNOTS((3,2,2,2,3),(2,2),(0.,1.5707963267949,3.14159265358979,
4.71238898038469,6.28318530717959),(0.,14.744352517728),.UNSPECIFIED.)
GEOMETRIC_REPRESENTATION_ITEM()
RATIONAL_B_SPLINE_SURFACE(((1.,1.),(0.707106781186548,0.707106781186548),
(1.,1.),(0.707106781186548,0.707106781186548),(1.,1.),(0.707106781186548,
0.707106781186548),(1.,1.),(0.707106781186548,0.707106781186548),(1.,1.)))
REPRESENTATION_ITEM('')
SURFACE()
);
#4364=(
BOUNDED_SURFACE()
B_SPLINE_SURFACE(2,1,((#5336,#5337),(#5338,#5339),(#5340,#5341),(#5342,
#5343),(#5344,#5345),(#5346,#5347),(#5348,#5349),(#5350,#5351),(#5352,#5353)),
 .UNSPECIFIED.,.T.,.F.,.F.)
B_SPLINE_SURFACE_WITH_KNOTS((3,2,2,2,3),(2,2),(0.,1.5707963267949,3.14159265358979,
4.71238898038469,6.28318530717959),(0.,29.04),.UNSPECIFIED.)
GEOMETRIC_REPRESENTATION_ITEM()
RATIONAL_B_SPLINE_SURFACE(((1.,1.),(0.707106781186548,0.707106781186548),
(1.,1.),(0.707106781186548,0.707106781186548),(1.,1.),(0.707106781186548,
0.707106781186548),(1.,1.),(0.707106781186548,0.707106781186548),(1.,1.)))
REPRESENTATION_ITEM('')
SURFACE()
);
#4365=(
BOUNDED_SURFACE()
B_SPLINE_SURFACE(1,2,((#5366,#5367,#5368,#5369,#5370,#5371,#5372,#5373,
#5374),(#5375,#5376,#5377,#5378,#5379,#5380,#5381,#5382,#5383)),
 .UNSPECIFIED.,.F.,.F.,.F.)
B_SPLINE_SURFACE_WITH_KNOTS((2,2),(3,2,2,2,3),(0.,9.50351513914723),(0.,
1.5707963267949,3.14159265358979,4.71238898038469,6.28318530717959),
 .UNSPECIFIED.)
GEOMETRIC_REPRESENTATION_ITEM()
RATIONAL_B_SPLINE_SURFACE(((1.,0.707106781186548,1.,0.707106781186548,1.,
0.707106781186548,1.,0.707106781186548,1.),(1.,0.707106781186548,1.,0.707106781186548,
1.,0.707106781186548,1.,0.707106781186548,1.)))
REPRESENTATION_ITEM('')
SURFACE()
);
#4366=(
BOUNDED_SURFACE()
B_SPLINE_SURFACE(1,2,((#5388,#5389,#5390,#5391,#5392,#5393,#5394,#5395,
#5396),(#5397,#5398,#5399,#5400,#5401,#5402,#5403,#5404,#5405)),
 .UNSPECIFIED.,.F.,.F.,.F.)
B_SPLINE_SURFACE_WITH_KNOTS((2,2),(3,2,2,2,3),(0.,9.50351513914723),(0.,
1.5707963267949,3.14159265358979,4.71238898038469,6.28318530717959),
 .UNSPECIFIED.)
GEOMETRIC_REPRESENTATION_ITEM()
RATIONAL_B_SPLINE_SURFACE(((1.,0.707106781186548,1.,0.707106781186548,1.,
0.707106781186548,1.,0.707106781186548,1.),(1.,0.707106781186548,1.,0.707106781186548,
1.,0.707106781186548,1.,0.707106781186548,1.)))
REPRESENTATION_ITEM('')
SURFACE()
);
#4367=(
BOUNDED_SURFACE()
B_SPLINE_SURFACE(2,1,((#5410,#5411),(#5412,#5413),(#5414,#5415),(#5416,
#5417),(#5418,#5419),(#5420,#5421),(#5422,#5423),(#5424,#5425),(#5426,#5427)),
 .UNSPECIFIED.,.T.,.F.,.F.)
B_SPLINE_SURFACE_WITH_KNOTS((3,2,2,2,3),(2,2),(0.,1.5707963267949,3.14159265358979,
4.71238898038469,6.28318530717959),(0.,12.5036051057894),.UNSPECIFIED.)
GEOMETRIC_REPRESENTATION_ITEM()
RATIONAL_B_SPLINE_SURFACE(((1.,1.),(0.707106781186548,0.707106781186548),
(1.,1.),(0.707106781186548,0.707106781186548),(1.,1.),(0.707106781186548,
0.707106781186548),(1.,1.),(0.707106781186548,0.707106781186548),(1.,1.)))
REPRESENTATION_ITEM('')
SURFACE()
);
#4368=(
BOUNDED_SURFACE()
B_SPLINE_SURFACE(2,1,((#5432,#5433),(#5434,#5435),(#5436,#5437),(#5438,
#5439),(#5440,#5441),(#5442,#5443),(#5444,#5445),(#5446,#5447),(#5448,#5449)),
 .UNSPECIFIED.,.T.,.F.,.F.)
B_SPLINE_SURFACE_WITH_KNOTS((3,2,2,2,3),(2,2),(0.,1.5707963267949,3.14159265358979,
4.71238898038469,6.28318530717959),(0.,12.5036051057898),.UNSPECIFIED.)
GEOMETRIC_REPRESENTATION_ITEM()
RATIONAL_B_SPLINE_SURFACE(((1.,1.),(0.707106781186548,0.707106781186548),
(1.,1.),(0.707106781186548,0.707106781186548),(1.,1.),(0.707106781186548,
0.707106781186548),(1.,1.),(0.707106781186548,0.707106781186548),(1.,1.)))
REPRESENTATION_ITEM('')
SURFACE()
);
#4369=(
BOUNDED_SURFACE()
B_SPLINE_SURFACE(1,2,((#5462,#5463,#5464,#5465,#5466,#5467,#5468,#5469,
#5470),(#5471,#5472,#5473,#5474,#5475,#5476,#5477,#5478,#5479)),
 .UNSPECIFIED.,.F.,.F.,.F.)
B_SPLINE_SURFACE_WITH_KNOTS((2,2),(3,2,2,2,3),(0.,9.24000000000009),(0.,
1.5707963267949,3.14159265358979,4.71238898038469,6.28318530717959),
 .UNSPECIFIED.)
GEOMETRIC_REPRESENTATION_ITEM()
RATIONAL_B_SPLINE_SURFACE(((1.,0.707106781186548,1.,0.707106781186548,1.,
0.707106781186548,1.,0.707106781186548,1.),(1.,0.707106781186548,1.,0.707106781186548,
1.,0.707106781186548,1.,0.707106781186548,1.)))
REPRESENTATION_ITEM('')
SURFACE()
);
#4370=(
BOUNDED_SURFACE()
B_SPLINE_SURFACE(1,2,((#5480,#5481,#5482,#5483,#5484,#5485,#5486,#5487,
#5488),(#5489,#5490,#5491,#5492,#5493,#5494,#5495,#5496,#5497)),
 .UNSPECIFIED.,.F.,.F.,.F.)
B_SPLINE_SURFACE_WITH_KNOTS((2,2),(3,2,2,2,3),(0.,9.24000000000137),(0.,
1.5707963267949,3.14159265358979,4.71238898038469,6.28318530717959),
 .UNSPECIFIED.)
GEOMETRIC_REPRESENTATION_ITEM()
RATIONAL_B_SPLINE_SURFACE(((1.,0.707106781186548,1.,0.707106781186548,1.,
0.707106781186548,1.,0.707106781186548,1.),(1.,0.707106781186548,1.,0.707106781186548,
1.,0.707106781186548,1.,0.707106781186548,1.)))
REPRESENTATION_ITEM('')
SURFACE()
);
#4371=(
BOUNDED_SURFACE()
B_SPLINE_SURFACE(1,2,((#5498,#5499,#5500,#5501,#5502,#5503,#5504,#5505,
#5506),(#5507,#5508,#5509,#5510,#5511,#5512,#5513,#5514,#5515)),
 .UNSPECIFIED.,.F.,.F.,.F.)
B_SPLINE_SURFACE_WITH_KNOTS((2,2),(3,2,2,2,3),(0.,9.24000000000012),(0.,
1.5707963267949,3.14159265358979,4.71238898038469,6.28318530717959),
 .UNSPECIFIED.)
GEOMETRIC_REPRESENTATION_ITEM()
RATIONAL_B_SPLINE_SURFACE(((1.,0.707106781186548,1.,0.707106781186548,1.,
0.707106781186548,1.,0.707106781186548,1.),(1.,0.707106781186548,1.,0.707106781186548,
1.,0.707106781186548,1.,0.707106781186548,1.)))
REPRESENTATION_ITEM('')
SURFACE()
);
#4372=(
BOUNDED_SURFACE()
B_SPLINE_SURFACE(1,2,((#5516,#5517,#5518,#5519,#5520,#5521,#5522,#5523,
#5524),(#5525,#5526,#5527,#5528,#5529,#5530,#5531,#5532,#5533)),
 .UNSPECIFIED.,.F.,.F.,.F.)
B_SPLINE_SURFACE_WITH_KNOTS((2,2),(3,2,2,2,3),(0.,9.24000000000075),(0.,
1.5707963267949,3.14159265358979,4.71238898038469,6.28318530717959),
 .UNSPECIFIED.)
GEOMETRIC_REPRESENTATION_ITEM()
RATIONAL_B_SPLINE_SURFACE(((1.,0.707106781186548,1.,0.707106781186548,1.,
0.707106781186548,1.,0.707106781186548,1.),(1.,0.707106781186548,1.,0.707106781186548,
1.,0.707106781186548,1.,0.707106781186548,1.)))
REPRESENTATION_ITEM('')
SURFACE()
);
#4373=(
BOUNDED_SURFACE()
B_SPLINE_SURFACE(1,2,((#5534,#5535,#5536,#5537,#5538,#5539,#5540,#5541,
#5542),(#5543,#5544,#5545,#5546,#5547,#5548,#5549,#5550,#5551)),
 .UNSPECIFIED.,.F.,.F.,.F.)
B_SPLINE_SURFACE_WITH_KNOTS((2,2),(3,2,2,2,3),(0.,9.24000000000026),(0.,
1.5707963267949,3.14159265358979,4.71238898038469,6.28318530717959),
 .UNSPECIFIED.)
GEOMETRIC_REPRESENTATION_ITEM()
RATIONAL_B_SPLINE_SURFACE(((1.,0.707106781186548,1.,0.707106781186548,1.,
0.707106781186548,1.,0.707106781186548,1.),(1.,0.707106781186548,1.,0.707106781186548,
1.,0.707106781186548,1.,0.707106781186548,1.)))
REPRESENTATION_ITEM('')
SURFACE()
);
#4374=(
BOUNDED_SURFACE()
B_SPLINE_SURFACE(1,2,((#5552,#5553,#5554,#5555,#5556,#5557,#5558,#5559,
#5560),(#5561,#5562,#5563,#5564,#5565,#5566,#5567,#5568,#5569)),
 .UNSPECIFIED.,.F.,.F.,.F.)
B_SPLINE_SURFACE_WITH_KNOTS((2,2),(3,2,2,2,3),(0.,9.24000000000007),(0.,
1.5707963267949,3.14159265358979,4.71238898038469,6.28318530717959),
 .UNSPECIFIED.)
GEOMETRIC_REPRESENTATION_ITEM()
RATIONAL_B_SPLINE_SURFACE(((1.,0.707106781186548,1.,0.707106781186548,1.,
0.707106781186548,1.,0.707106781186548,1.),(1.,0.707106781186548,1.,0.707106781186548,
1.,0.707106781186548,1.,0.707106781186548,1.)))
REPRESENTATION_ITEM('')
SURFACE()
);
#4375=(
BOUNDED_SURFACE()
B_SPLINE_SURFACE(1,2,((#5570,#5571,#5572,#5573,#5574,#5575,#5576,#5577,
#5578),(#5579,#5580,#5581,#5582,#5583,#5584,#5585,#5586,#5587)),
 .UNSPECIFIED.,.F.,.F.,.F.)
B_SPLINE_SURFACE_WITH_KNOTS((2,2),(3,2,2,2,3),(0.,9.24000000000123),(0.,
1.5707963267949,3.14159265358979,4.71238898038469,6.28318530717959),
 .UNSPECIFIED.)
GEOMETRIC_REPRESENTATION_ITEM()
RATIONAL_B_SPLINE_SURFACE(((1.,0.707106781186548,1.,0.707106781186548,1.,
0.707106781186548,1.,0.707106781186548,1.),(1.,0.707106781186548,1.,0.707106781186548,
1.,0.707106781186548,1.,0.707106781186548,1.)))
REPRESENTATION_ITEM('')
SURFACE()
);
#4376=(
BOUNDED_SURFACE()
B_SPLINE_SURFACE(1,2,((#5588,#5589,#5590,#5591,#5592,#5593,#5594,#5595,
#5596),(#5597,#5598,#5599,#5600,#5601,#5602,#5603,#5604,#5605)),
 .UNSPECIFIED.,.F.,.F.,.F.)
B_SPLINE_SURFACE_WITH_KNOTS((2,2),(3,2,2,2,3),(0.,9.24000000000183),(0.,
1.5707963267949,3.14159265358979,4.71238898038469,6.28318530717959),
 .UNSPECIFIED.)
GEOMETRIC_REPRESENTATION_ITEM()
RATIONAL_B_SPLINE_SURFACE(((1.,0.707106781186548,1.,0.707106781186548,1.,
0.707106781186548,1.,0.707106781186548,1.),(1.,0.707106781186548,1.,0.707106781186548,
1.,0.707106781186548,1.,0.707106781186548,1.)))
REPRESENTATION_ITEM('')
SURFACE()
);
#4377=(
BOUNDED_SURFACE()
B_SPLINE_SURFACE(1,2,((#5606,#5607,#5608,#5609,#5610,#5611,#5612,#5613,
#5614),(#5615,#5616,#5617,#5618,#5619,#5620,#5621,#5622,#5623)),
 .UNSPECIFIED.,.F.,.F.,.F.)
B_SPLINE_SURFACE_WITH_KNOTS((2,2),(3,2,2,2,3),(0.,4.2225405228362),(0.,
1.5707963267949,3.14159265358979,4.71238898038469,6.28318530717959),
 .UNSPECIFIED.)
GEOMETRIC_REPRESENTATION_ITEM()
RATIONAL_B_SPLINE_SURFACE(((1.,0.707106781186548,1.,0.707106781186548,1.,
0.707106781186548,1.,0.707106781186548,1.),(1.,0.707106781186548,1.,0.707106781186548,
1.,0.707106781186548,1.,0.707106781186548,1.)))
REPRESENTATION_ITEM('')
SURFACE()
);
#4378=(
BOUNDED_SURFACE()
B_SPLINE_SURFACE(1,2,((#5624,#5625,#5626,#5627,#5628,#5629,#5630,#5631,
#5632),(#5633,#5634,#5635,#5636,#5637,#5638,#5639,#5640,#5641)),
 .UNSPECIFIED.,.F.,.F.,.F.)
B_SPLINE_SURFACE_WITH_KNOTS((2,2),(3,2,2,2,3),(0.,4.22254052283597),(0.,
1.5707963267949,3.14159265358979,4.71238898038469,6.28318530717959),
 .UNSPECIFIED.)
GEOMETRIC_REPRESENTATION_ITEM()
RATIONAL_B_SPLINE_SURFACE(((1.,0.707106781186548,1.,0.707106781186548,1.,
0.707106781186548,1.,0.707106781186548,1.),(1.,0.707106781186548,1.,0.707106781186548,
1.,0.707106781186548,1.,0.707106781186548,1.)))
REPRESENTATION_ITEM('')
SURFACE()
);
#4379=(
BOUNDED_SURFACE()
B_SPLINE_SURFACE(1,2,((#5642,#5643,#5644,#5645,#5646,#5647,#5648,#5649,
#5650),(#5651,#5652,#5653,#5654,#5655,#5656,#5657,#5658,#5659)),
 .UNSPECIFIED.,.F.,.F.,.F.)
B_SPLINE_SURFACE_WITH_KNOTS((2,2),(3,2,2,2,3),(0.,4.2225405228362),(0.,
1.5707963267949,3.14159265358979,4.71238898038469,6.28318530717959),
 .UNSPECIFIED.)
GEOMETRIC_REPRESENTATION_ITEM()
RATIONAL_B_SPLINE_SURFACE(((1.,0.707106781186548,1.,0.707106781186548,1.,
0.707106781186548,1.,0.707106781186548,1.),(1.,0.707106781186548,1.,0.707106781186548,
1.,0.707106781186548,1.,0.707106781186548,1.)))
REPRESENTATION_ITEM('')
SURFACE()
);
#4380=(
BOUNDED_SURFACE()
B_SPLINE_SURFACE(1,2,((#5660,#5661,#5662,#5663,#5664,#5665,#5666,#5667,
#5668),(#5669,#5670,#5671,#5672,#5673,#5674,#5675,#5676,#5677)),
 .UNSPECIFIED.,.F.,.F.,.F.)
B_SPLINE_SURFACE_WITH_KNOTS((2,2),(3,2,2,2,3),(0.,4.22254052283597),(0.,
1.5707963267949,3.14159265358979,4.71238898038469,6.28318530717959),
 .UNSPECIFIED.)
GEOMETRIC_REPRESENTATION_ITEM()
RATIONAL_B_SPLINE_SURFACE(((1.,0.707106781186548,1.,0.707106781186548,1.,
0.707106781186548,1.,0.707106781186548,1.),(1.,0.707106781186548,1.,0.707106781186548,
1.,0.707106781186548,1.,0.707106781186548,1.)))
REPRESENTATION_ITEM('')
SURFACE()
);
#4381=(
BOUNDED_SURFACE()
B_SPLINE_SURFACE(1,2,((#5678,#5679,#5680,#5681,#5682),(#5683,#5684,#5685,
#5686,#5687)),.UNSPECIFIED.,.F.,.F.,.F.)
B_SPLINE_SURFACE_WITH_KNOTS((2,2),(3,2,3),(0.,161.861131996053),(0.,4.47676953136546,
8.95353906273091),.UNSPECIFIED.)
GEOMETRIC_REPRESENTATION_ITEM()
RATIONAL_B_SPLINE_SURFACE(((1.,0.707106781186548,1.,0.707106781186548,1.),
(1.,0.707106781186548,1.,0.707106781186548,1.)))
REPRESENTATION_ITEM('')
SURFACE()
);
#4382=(
BOUNDED_SURFACE()
B_SPLINE_SURFACE(1,2,((#5692,#5693,#5694,#5695,#5696),(#5697,#5698,#5699,
#5700,#5701)),.UNSPECIFIED.,.F.,.F.,.F.)
B_SPLINE_SURFACE_WITH_KNOTS((2,2),(3,2,3),(0.,161.861131996053),(0.,4.47676953136546,
8.95353906273091),.UNSPECIFIED.)
GEOMETRIC_REPRESENTATION_ITEM()
RATIONAL_B_SPLINE_SURFACE(((1.,0.707106781186548,1.,0.707106781186548,1.),
(1.,0.707106781186548,1.,0.707106781186548,1.)))
REPRESENTATION_ITEM('')
SURFACE()
);
#4383=(
BOUNDED_SURFACE()
B_SPLINE_SURFACE(1,2,((#5706,#5707,#5708,#5709,#5710),(#5711,#5712,#5713,
#5714,#5715)),.UNSPECIFIED.,.F.,.F.,.F.)
B_SPLINE_SURFACE_WITH_KNOTS((2,2),(3,2,3),(0.,161.861131996053),(0.,4.47676953136546,
8.95353906273091),.UNSPECIFIED.)
GEOMETRIC_REPRESENTATION_ITEM()
RATIONAL_B_SPLINE_SURFACE(((1.,0.707106781186548,1.,0.707106781186548,1.),
(1.,0.707106781186548,1.,0.707106781186548,1.)))
REPRESENTATION_ITEM('')
SURFACE()
);
#4384=(
BOUNDED_SURFACE()
B_SPLINE_SURFACE(1,2,((#5720,#5721,#5722,#5723,#5724),(#5725,#5726,#5727,
#5728,#5729)),.UNSPECIFIED.,.F.,.F.,.F.)
B_SPLINE_SURFACE_WITH_KNOTS((2,2),(3,2,3),(0.,161.861131996053),(0.,4.47676953136546,
8.95353906273091),.UNSPECIFIED.)
GEOMETRIC_REPRESENTATION_ITEM()
RATIONAL_B_SPLINE_SURFACE(((1.,0.707106781186548,1.,0.707106781186548,1.),
(1.,0.707106781186548,1.,0.707106781186548,1.)))
REPRESENTATION_ITEM('')
SURFACE()
);
#4385=(
BOUNDED_SURFACE()
B_SPLINE_SURFACE(1,2,((#5734,#5735,#5736,#5737,#5738),(#5739,#5740,#5741,
#5742,#5743)),.UNSPECIFIED.,.F.,.F.,.F.)
B_SPLINE_SURFACE_WITH_KNOTS((2,2),(3,2,3),(0.,161.861131996053),(0.,4.47676953136546,
8.95353906273091),.UNSPECIFIED.)
GEOMETRIC_REPRESENTATION_ITEM()
RATIONAL_B_SPLINE_SURFACE(((1.,0.707106781186548,1.,0.707106781186548,1.),
(1.,0.707106781186548,1.,0.707106781186548,1.)))
REPRESENTATION_ITEM('')
SURFACE()
);
#4386=(
BOUNDED_SURFACE()
B_SPLINE_SURFACE(1,2,((#5748,#5749,#5750,#5751,#5752,#5753,#5754,#5755,
#5756),(#5757,#5758,#5759,#5760,#5761,#5762,#5763,#5764,#5765)),
 .UNSPECIFIED.,.F.,.F.,.F.)
B_SPLINE_SURFACE_WITH_KNOTS((2,2),(3,2,2,2,3),(0.,4.2225405228362),(0.,
1.5707963267949,3.14159265358979,4.71238898038469,6.28318530717959),
 .UNSPECIFIED.)
GEOMETRIC_REPRESENTATION_ITEM()
RATIONAL_B_SPLINE_SURFACE(((1.,0.707106781186548,1.,0.707106781186548,1.,
0.707106781186548,1.,0.707106781186548,1.),(1.,0.707106781186548,1.,0.707106781186548,
1.,0.707106781186548,1.,0.707106781186548,1.)))
REPRESENTATION_ITEM('')
SURFACE()
);
#4387=(
BOUNDED_SURFACE()
B_SPLINE_SURFACE(1,2,((#5766,#5767,#5768,#5769,#5770,#5771,#5772,#5773,
#5774),(#5775,#5776,#5777,#5778,#5779,#5780,#5781,#5782,#5783)),
 .UNSPECIFIED.,.F.,.F.,.F.)
B_SPLINE_SURFACE_WITH_KNOTS((2,2),(3,2,2,2,3),(0.,4.22254052283597),(0.,
1.5707963267949,3.14159265358979,4.71238898038469,6.28318530717959),
 .UNSPECIFIED.)
GEOMETRIC_REPRESENTATION_ITEM()
RATIONAL_B_SPLINE_SURFACE(((1.,0.707106781186548,1.,0.707106781186548,1.,
0.707106781186548,1.,0.707106781186548,1.),(1.,0.707106781186548,1.,0.707106781186548,
1.,0.707106781186548,1.,0.707106781186548,1.)))
REPRESENTATION_ITEM('')
SURFACE()
);
#4388=(
BOUNDED_SURFACE()
B_SPLINE_SURFACE(1,2,((#5788,#5789,#5790,#5791,#5792,#5793,#5794,#5795,
#5796),(#5797,#5798,#5799,#5800,#5801,#5802,#5803,#5804,#5805)),
 .UNSPECIFIED.,.F.,.F.,.F.)
B_SPLINE_SURFACE_WITH_KNOTS((2,2),(3,2,2,2,3),(0.,4.22254052283643),(0.,
1.5707963267949,3.14159265358979,4.71238898038469,6.28318530717959),
 .UNSPECIFIED.)
GEOMETRIC_REPRESENTATION_ITEM()
RATIONAL_B_SPLINE_SURFACE(((1.,0.707106781186548,1.,0.707106781186548,1.,
0.707106781186548,1.,0.707106781186548,1.),(1.,0.707106781186548,1.,0.707106781186548,
1.,0.707106781186548,1.,0.707106781186548,1.)))
REPRESENTATION_ITEM('')
SURFACE()
);
#4389=(
BOUNDED_SURFACE()
B_SPLINE_SURFACE(1,2,((#5806,#5807,#5808,#5809,#5810,#5811,#5812,#5813,
#5814),(#5815,#5816,#5817,#5818,#5819,#5820,#5821,#5822,#5823)),
 .UNSPECIFIED.,.F.,.F.,.F.)
B_SPLINE_SURFACE_WITH_KNOTS((2,2),(3,2,2,2,3),(0.,4.22254052283597),(0.,
1.5707963267949,3.14159265358979,4.71238898038469,6.28318530717959),
 .UNSPECIFIED.)
GEOMETRIC_REPRESENTATION_ITEM()
RATIONAL_B_SPLINE_SURFACE(((1.,0.707106781186548,1.,0.707106781186548,1.,
0.707106781186548,1.,0.707106781186548,1.),(1.,0.707106781186548,1.,0.707106781186548,
1.,0.707106781186548,1.,0.707106781186548,1.)))
REPRESENTATION_ITEM('')
SURFACE()
);
#4390=(
BOUNDED_SURFACE()
B_SPLINE_SURFACE(1,2,((#5824,#5825,#5826,#5827,#5828),(#5829,#5830,#5831,
#5832,#5833)),.UNSPECIFIED.,.F.,.F.,.F.)
B_SPLINE_SURFACE_WITH_KNOTS((2,2),(3,2,3),(0.,161.861131996053),(8.95353906273091,
13.4303085940964,17.9070781254618),.UNSPECIFIED.)
GEOMETRIC_REPRESENTATION_ITEM()
RATIONAL_B_SPLINE_SURFACE(((1.,0.707106781186548,1.,0.707106781186548,1.),
(1.,0.707106781186548,1.,0.707106781186548,1.)))
REPRESENTATION_ITEM('')
SURFACE()
);
#4391=(
BOUNDED_SURFACE()
B_SPLINE_SURFACE(1,2,((#5834,#5835,#5836,#5837,#5838),(#5839,#5840,#5841,
#5842,#5843)),.UNSPECIFIED.,.F.,.F.,.F.)
B_SPLINE_SURFACE_WITH_KNOTS((2,2),(3,2,3),(0.,161.861131996053),(8.95353906273091,
13.4303085940964,17.9070781254618),.UNSPECIFIED.)
GEOMETRIC_REPRESENTATION_ITEM()
RATIONAL_B_SPLINE_SURFACE(((1.,0.707106781186548,1.,0.707106781186548,1.),
(1.,0.707106781186548,1.,0.707106781186548,1.)))
REPRESENTATION_ITEM('')
SURFACE()
);
#4392=(
BOUNDED_SURFACE()
B_SPLINE_SURFACE(1,2,((#5844,#5845,#5846,#5847,#5848),(#5849,#5850,#5851,
#5852,#5853)),.UNSPECIFIED.,.F.,.F.,.F.)
B_SPLINE_SURFACE_WITH_KNOTS((2,2),(3,2,3),(0.,161.861131996053),(8.95353906273091,
13.4303085940964,17.9070781254618),.UNSPECIFIED.)
GEOMETRIC_REPRESENTATION_ITEM()
RATIONAL_B_SPLINE_SURFACE(((1.,0.707106781186548,1.,0.707106781186548,1.),
(1.,0.707106781186548,1.,0.707106781186548,1.)))
REPRESENTATION_ITEM('')
SURFACE()
);
#4393=(
BOUNDED_SURFACE()
B_SPLINE_SURFACE(1,2,((#5854,#5855,#5856,#5857,#5858),(#5859,#5860,#5861,
#5862,#5863)),.UNSPECIFIED.,.F.,.F.,.F.)
B_SPLINE_SURFACE_WITH_KNOTS((2,2),(3,2,3),(0.,161.861131996053),(8.95353906273091,
13.4303085940964,17.9070781254618),.UNSPECIFIED.)
GEOMETRIC_REPRESENTATION_ITEM()
RATIONAL_B_SPLINE_SURFACE(((1.,0.707106781186548,1.,0.707106781186548,1.),
(1.,0.707106781186548,1.,0.707106781186548,1.)))
REPRESENTATION_ITEM('')
SURFACE()
);
#4394=(
BOUNDED_SURFACE()
B_SPLINE_SURFACE(1,2,((#5864,#5865,#5866,#5867,#5868),(#5869,#5870,#5871,
#5872,#5873)),.UNSPECIFIED.,.F.,.F.,.F.)
B_SPLINE_SURFACE_WITH_KNOTS((2,2),(3,2,3),(0.,161.861131996053),(8.95353906273091,
13.4303085940964,17.9070781254618),.UNSPECIFIED.)
GEOMETRIC_REPRESENTATION_ITEM()
RATIONAL_B_SPLINE_SURFACE(((1.,0.707106781186548,1.,0.707106781186548,1.),
(1.,0.707106781186548,1.,0.707106781186548,1.)))
REPRESENTATION_ITEM('')
SURFACE()
);
#4395=(
BOUNDED_SURFACE()
B_SPLINE_SURFACE(1,2,((#5874,#5875,#5876,#5877,#5878),(#5879,#5880,#5881,
#5882,#5883)),.UNSPECIFIED.,.F.,.F.,.F.)
B_SPLINE_SURFACE_WITH_KNOTS((2,2),(3,2,3),(0.,161.861131996053),(8.95353906273091,
13.4303085940964,17.9070781254618),.UNSPECIFIED.)
GEOMETRIC_REPRESENTATION_ITEM()
RATIONAL_B_SPLINE_SURFACE(((1.,0.707106781186548,1.,0.707106781186548,1.),
(1.,0.707106781186548,1.,0.707106781186548,1.)))
REPRESENTATION_ITEM('')
SURFACE()
);
#4396=(
BOUNDED_SURFACE()
B_SPLINE_SURFACE(1,2,((#5884,#5885,#5886,#5887,#5888),(#5889,#5890,#5891,
#5892,#5893)),.UNSPECIFIED.,.F.,.F.,.F.)
B_SPLINE_SURFACE_WITH_KNOTS((2,2),(3,2,3),(0.,161.861131996053),(8.95353906273091,
13.4303085940964,17.9070781254618),.UNSPECIFIED.)
GEOMETRIC_REPRESENTATION_ITEM()
RATIONAL_B_SPLINE_SURFACE(((1.,0.707106781186548,1.,0.707106781186548,1.),
(1.,0.707106781186548,1.,0.707106781186548,1.)))
REPRESENTATION_ITEM('')
SURFACE()
);
#4397=(
BOUNDED_SURFACE()
B_SPLINE_SURFACE(1,2,((#5894,#5895,#5896,#5897,#5898),(#5899,#5900,#5901,
#5902,#5903)),.UNSPECIFIED.,.F.,.F.,.F.)
B_SPLINE_SURFACE_WITH_KNOTS((2,2),(3,2,3),(0.,161.861131996053),(8.95353906273091,
13.4303085940964,17.9070781254618),.UNSPECIFIED.)
GEOMETRIC_REPRESENTATION_ITEM()
RATIONAL_B_SPLINE_SURFACE(((1.,0.707106781186548,1.,0.707106781186548,1.),
(1.,0.707106781186548,1.,0.707106781186548,1.)))
REPRESENTATION_ITEM('')
SURFACE()
);
#4398=SHAPE_DEFINITION_REPRESENTATION(#4399,#4484);
#4399=PRODUCT_DEFINITION_SHAPE('Document','',#4401);
#4400=PRODUCT_DEFINITION_CONTEXT('3D Mechanical Parts',#4473,'design');
#4401=PRODUCT_DEFINITION('A','First version',#4443,#4400);
#4402=DATE_TIME_ROLE('classification_date');
#4403=DATE_TIME_ROLE('creation_date');
#4404=APPLIED_DATE_AND_TIME_ASSIGNMENT(#4428,#4402,(#4407));
#4405=APPLIED_DATE_AND_TIME_ASSIGNMENT(#4430,#4403,(#4401));
#4406=SECURITY_CLASSIFICATION_LEVEL('unclassified');
#4407=SECURITY_CLASSIFICATION('A','Security for version',#4406);
#4408=APPLIED_SECURITY_CLASSIFICATION_ASSIGNMENT(#4407,(#4443));
#4409=APPROVAL_ROLE('Version approval');
#4410=APPROVAL_ROLE('Version Security approval');
#4411=APPROVAL_ROLE('Definition approval');
#4412=APPROVAL_PERSON_ORGANIZATION(#4461,#4437,#4409);
#4413=APPROVAL_PERSON_ORGANIZATION(#4462,#4438,#4410);
#4414=APPROVAL_PERSON_ORGANIZATION(#4465,#4439,#4411);
#4415=COORDINATED_UNIVERSAL_TIME_OFFSET(5,0,.BEHIND.);
#4416=LOCAL_TIME(0,0,0.,#4415);
#4417=LOCAL_TIME(0,0,0.,#4415);
#4418=LOCAL_TIME(0,0,0.,#4415);
#4419=LOCAL_TIME(0,0,0.,#4415);
#4420=LOCAL_TIME(0,0,0.,#4415);
#4421=CALENDAR_DATE(1999,1,1);
#4422=CALENDAR_DATE(1999,1,1);
#4423=CALENDAR_DATE(1999,1,1);
#4424=CALENDAR_DATE(1999,1,1);
#4425=CALENDAR_DATE(1999,1,1);
#4426=DATE_AND_TIME(#4421,#4416);
#4427=DATE_AND_TIME(#4422,#4417);
#4428=DATE_AND_TIME(#4423,#4418);
#4429=DATE_AND_TIME(#4424,#4419);
#4430=DATE_AND_TIME(#4425,#4420);
#4431=APPROVAL_DATE_TIME(#4426,#4437);
#4432=APPROVAL_DATE_TIME(#4427,#4438);
#4433=APPROVAL_DATE_TIME(#4429,#4439);
#4434=APPROVAL_STATUS('not_yet_approved');
#4435=APPROVAL_STATUS('not_yet_approved');
#4436=APPROVAL_STATUS('approved');
#4437=APPROVAL(#4434,'Version approval');
#4438=APPROVAL(#4435,'Version Security approval');
#4439=APPROVAL(#4436,'Definition approval');
#4440=APPLIED_APPROVAL_ASSIGNMENT(#4437,(#4443));
#4441=APPLIED_APPROVAL_ASSIGNMENT(#4438,(#4407));
#4442=APPLIED_APPROVAL_ASSIGNMENT(#4439,(#4401));
#4443=PRODUCT_DEFINITION_FORMATION_WITH_SPECIFIED_SOURCE('A',
'First version',#4475,.MADE.);
#4444=PERSON_AND_ORGANIZATION_ROLE('design_owner');
#4445=PERSON_AND_ORGANIZATION_ROLE('creator');
#4446=PERSON_AND_ORGANIZATION_ROLE('design_supplier');
#4447=PERSON_AND_ORGANIZATION_ROLE('classification_officer');
#4448=PERSON_AND_ORGANIZATION_ROLE('creator');
#4449=ORGANIZATION('STI','lab','lab');
#4450=ORGANIZATION('STI','unknown','unknown');
#4451=ORGANIZATION('STI','unknown','unknown');
#4452=ORGANIZATION('STI','unknown','unknown');
#4453=ORGANIZATION('STI','unknown','unknown');
#4454=ORGANIZATION('STI','unknown','unknown');
#4455=ORGANIZATION('STI','unknown','unknown');
#4456=PERSON('1','Box','vc60',$,$,$);
#4457=PERSON('2','last','first',$,$,$);
#4458=PERSON('3','President','Mr.',$,$,$);
#4459=PERSON_AND_ORGANIZATION(#4456,#4449);
#4460=PERSON_AND_ORGANIZATION(#4457,#4450);
#4461=PERSON_AND_ORGANIZATION(#4458,#4451);
#4462=PERSON_AND_ORGANIZATION(#4458,#4452);
#4463=PERSON_AND_ORGANIZATION(#4458,#4453);
#4464=PERSON_AND_ORGANIZATION(#4457,#4454);
#4465=PERSON_AND_ORGANIZATION(#4458,#4455);
#4466=APPLIED_PERSON_AND_ORGANIZATION_ASSIGNMENT(#4459,#4444,(#4475));
#4467=APPLIED_PERSON_AND_ORGANIZATION_ASSIGNMENT(#4460,#4445,(#4443));
#4468=APPLIED_PERSON_AND_ORGANIZATION_ASSIGNMENT(#4460,#4446,(#4443));
#4469=APPLIED_PERSON_AND_ORGANIZATION_ASSIGNMENT(#4463,#4447,(#4407));
#4470=APPLIED_PERSON_AND_ORGANIZATION_ASSIGNMENT(#4464,#4448,(#4401));
#4471=PRODUCT_RELATED_PRODUCT_CATEGORY('detail','detail',(#4475));
#4472=APPLICATION_PROTOCOL_DEFINITION('International Standard',
'config_control_design',1994,#4473);
#4473=APPLICATION_CONTEXT(
'configuration controlled 3d designs of mechanical parts and assemblie
s');
#4474=PRODUCT_CONTEXT('3D Mechanical Parts',#4473,'mechanical');
#4475=PRODUCT('Document','Document','',(#4474));
#4476=(
LENGTH_UNIT()
NAMED_UNIT(*)
SI_UNIT(.MILLI.,.METRE.)
);
#4477=(
NAMED_UNIT(*)
PLANE_ANGLE_UNIT()
SI_UNIT($,.RADIAN.)
);
#4478=DIMENSIONAL_EXPONENTS(0.,0.,0.,0.,0.,0.,0.);
#4479=PLANE_ANGLE_MEASURE_WITH_UNIT(PLANE_ANGLE_MEASURE(0.01745329252),
#4477);
#4480=(
CONVERSION_BASED_UNIT('DEGREES',#4479)
NAMED_UNIT(#4478)
PLANE_ANGLE_UNIT()
);
#4481=(
NAMED_UNIT(*)
SI_UNIT($,.STERADIAN.)
SOLID_ANGLE_UNIT()
);
#4482=UNCERTAINTY_MEASURE_WITH_UNIT(LENGTH_MEASURE(0.01),#4476,
'DISTANCE_ACCURACY_VALUE',
'Maximum model space distance between geometric entities at asserted c
onnectivities');
#4483=(
GEOMETRIC_REPRESENTATION_CONTEXT(3)
GLOBAL_UNCERTAINTY_ASSIGNED_CONTEXT((#4482))
GLOBAL_UNIT_ASSIGNED_CONTEXT((#4481,#4480,#4476))
REPRESENTATION_CONTEXT('ID1','3D')
);
#4484=SHAPE_REPRESENTATION('Document',(#4485,#4486),#4483);
#4485=AXIS2_PLACEMENT_3D('',#4491,#4487,#4488);
#4486=AXIS2_PLACEMENT_3D('',#9333,#4489,#4490);
#4487=DIRECTION('',(0.,0.,1.));
#4488=DIRECTION('',(1.,0.,0.));
#4489=DIRECTION('',(0.,0.,1.));
#4490=DIRECTION('',(1.,0.,0.));
#4491=CARTESIAN_POINT('',(0.,0.,0.));
#4492=CARTESIAN_POINT('',(-87.4049050135621,-246.747545861367,86.8442195578727));
#4493=CARTESIAN_POINT('',(-90.2549050135621,-246.747545861367,86.8442195578727));
#4494=CARTESIAN_POINT('',(-90.2549050135621,-249.597545861367,86.8442195578727));
#4495=CARTESIAN_POINT('',(-90.2549050135621,-252.447545861367,86.8442195578727));
#4496=CARTESIAN_POINT('',(-87.4049050135621,-252.447545861367,86.8442195578727));
#4497=CARTESIAN_POINT('',(-87.4049050135621,-246.747545861367,102.653392876503));
#4498=CARTESIAN_POINT('',(-90.2549050135621,-246.747545861367,102.653392876503));
#4499=CARTESIAN_POINT('',(-90.2549050135621,-249.597545861367,102.653392876503));
#4500=CARTESIAN_POINT('',(-90.2549050135621,-252.447545861367,102.653392876503));
#4501=CARTESIAN_POINT('',(-87.4049050135621,-252.447545861367,102.653392876503));
#4502=CARTESIAN_POINT('',(-83.8424050135621,-253.160045861367,102.653392876503));
#4503=CARTESIAN_POINT('',(-83.8424050135621,-246.035045861367,102.653392876503));
#4504=CARTESIAN_POINT('',(-90.9674050135621,-253.160045861367,102.653392876503));
#4505=CARTESIAN_POINT('',(-90.9674050135621,-246.035045861367,102.653392876503));
#4506=CARTESIAN_POINT('',(-80.3554288167803,-249.616807982552,86.8442195578727));
#4507=CARTESIAN_POINT('',(-80.3554288167803,-252.466807982552,86.8442195578727));
#4508=CARTESIAN_POINT('',(-77.5054288167803,-252.466807982552,86.8442195578727));
#4509=CARTESIAN_POINT('',(-74.6554288167803,-252.466807982552,86.8442195578727));
#4510=CARTESIAN_POINT('',(-74.6554288167803,-249.616807982552,86.8442195578727));
#4511=CARTESIAN_POINT('',(-80.3554288167803,-249.616807982552,102.653392876503));
#4512=CARTESIAN_POINT('',(-80.3554288167803,-252.466807982552,102.653392876503));
#4513=CARTESIAN_POINT('',(-77.5054288167803,-252.466807982552,102.653392876503));
#4514=CARTESIAN_POINT('',(-74.6554288167803,-252.466807982552,102.653392876503));
#4515=CARTESIAN_POINT('',(-74.6554288167803,-249.616807982552,102.653392876503));
#4516=CARTESIAN_POINT('',(-73.9429288167803,-246.054307982552,102.653392876503));
#4517=CARTESIAN_POINT('',(-81.0679288167803,-246.054307982552,102.653392876503));
#4518=CARTESIAN_POINT('',(-73.9429288167803,-253.179307982552,102.653392876503));
#4519=CARTESIAN_POINT('',(-81.0679288167803,-253.179307982552,102.653392876503));
#4520=CARTESIAN_POINT('',(-84.5356428923779,-239.698069664586,86.8442195578727));
#4521=CARTESIAN_POINT('',(-84.5356428923779,-236.848069664585,86.8442195578727));
#4522=CARTESIAN_POINT('',(-87.3856428923779,-236.848069664586,86.8442195578727));
#4523=CARTESIAN_POINT('',(-90.2356428923779,-236.848069664585,86.8442195578727));
#4524=CARTESIAN_POINT('',(-90.2356428923779,-239.698069664586,86.8442195578727));
#4525=CARTESIAN_POINT('',(-84.5356428923779,-239.698069664586,102.653392876503));
#4526=CARTESIAN_POINT('',(-84.5356428923779,-236.848069664585,102.653392876503));
#4527=CARTESIAN_POINT('',(-87.3856428923779,-236.848069664586,102.653392876503));
#4528=CARTESIAN_POINT('',(-90.2356428923779,-236.848069664585,102.653392876503));
#4529=CARTESIAN_POINT('',(-90.2356428923779,-239.698069664586,102.653392876503));
#4530=CARTESIAN_POINT('',(-94.588130092859,-257.374987378768,106.151958677423));
#4531=CARTESIAN_POINT('',(-94.588130092859,-251.1348887677,106.151958677423));
#4532=CARTESIAN_POINT('',(-71.4747892256272,-257.374987378768,106.151958677423));
#4533=CARTESIAN_POINT('',(-71.4747892256272,-251.1348887677,106.151958677423));
#4534=CARTESIAN_POINT('',(-94.705314853792,-253.700292914799,106.151958677423));
#4535=CARTESIAN_POINT('',(-94.705314853792,-231.556527870809,106.151958677423));
#4536=CARTESIAN_POINT('',(-70.185756855364,-253.700292914799,106.151958677423));
#4537=CARTESIAN_POINT('',(-70.185756855364,-231.556527870809,106.151958677423));
#4538=CARTESIAN_POINT('',(-82.4455358545831,-244.657438823568,102.151958677423));
#4539=CARTESIAN_POINT('',(-82.4455358545831,-244.657438823568,102.151958677423));
#4540=CARTESIAN_POINT('',(-82.4455358545831,-244.657438823568,102.151958677423));
#4541=CARTESIAN_POINT('',(-82.4455358545831,-244.657438823568,102.151958677423));
#4542=CARTESIAN_POINT('',(-82.4455358545831,-244.657438823568,102.151958677423));
#4543=CARTESIAN_POINT('',(-82.4455358545831,-244.657438823568,102.151958677423));
#4544=CARTESIAN_POINT('',(-82.4455358545831,-244.657438823568,102.151958677423));
#4545=CARTESIAN_POINT('',(-82.4455358545831,-244.657438823568,102.151958677423));
#4546=CARTESIAN_POINT('',(-82.4455358545831,-244.657438823568,102.151958677423));
#4547=CARTESIAN_POINT('',(-82.436740982893,-240.137447379967,106.671958677423));
#4548=CARTESIAN_POINT('',(-86.9567324264929,-240.128652508278,106.671958677423));
#4549=CARTESIAN_POINT('',(-86.965527298183,-244.648643951879,106.671958677423));
#4550=CARTESIAN_POINT('',(-86.9743221698731,-249.16863539548,106.671958677423));
#4551=CARTESIAN_POINT('',(-82.4543307262732,-249.177430267169,106.671958677423));
#4552=CARTESIAN_POINT('',(-77.934339282663,-249.186225138859,106.671958677423));
#4553=CARTESIAN_POINT('',(-77.9255444109831,-244.666233695257,106.671958677423));
#4554=CARTESIAN_POINT('',(-77.9167495392929,-240.146242251656,106.671958677423));
#4555=CARTESIAN_POINT('',(-82.436740982893,-240.137447379967,106.671958677423));
#4556=CARTESIAN_POINT('',(-82.4455358545831,-241.657438823569,104.481958677423));
#4557=CARTESIAN_POINT('',(-85.4455358545822,-241.657438823569,104.481958677423));
#4558=CARTESIAN_POINT('',(-85.4455358545823,-244.657438823568,104.481958677423));
#4559=CARTESIAN_POINT('',(-85.4455358545822,-247.657438823567,104.481958677423));
#4560=CARTESIAN_POINT('',(-82.4455358545831,-247.657438823567,104.481958677423));
#4561=CARTESIAN_POINT('',(-79.4455358545839,-247.657438823567,104.481958677423));
#4562=CARTESIAN_POINT('',(-79.4455358545839,-244.657438823568,104.481958677423));
#4563=CARTESIAN_POINT('',(-79.4455358545839,-241.657438823569,104.481958677423));
#4564=CARTESIAN_POINT('',(-82.4455358545831,-241.657438823569,104.481958677423));
#4565=CARTESIAN_POINT('',(-82.4455358545831,-241.657438823569,105.321958677423));
#4566=CARTESIAN_POINT('',(-85.4455358545822,-241.657438823569,105.321958677423));
#4567=CARTESIAN_POINT('',(-85.4455358545823,-244.657438823568,105.321958677423));
#4568=CARTESIAN_POINT('',(-85.4455358545822,-247.657438823567,105.321958677423));
#4569=CARTESIAN_POINT('',(-82.4455358545831,-247.657438823567,105.321958677423));
#4570=CARTESIAN_POINT('',(-79.4455358545839,-247.657438823567,105.321958677423));
#4571=CARTESIAN_POINT('',(-79.4455358545839,-244.657438823568,105.321958677423));
#4572=CARTESIAN_POINT('',(-79.4455358545839,-241.657438823569,105.321958677423));
#4573=CARTESIAN_POINT('',(-82.4455358545831,-241.657438823569,105.321958677423));
#4574=CARTESIAN_POINT('',(-83.1643089506088,-242.156035522649,106.421958677423));
#4575=CARTESIAN_POINT('',(-83.1643089506088,-242.156035522649,104.381958677423));
#4576=CARTESIAN_POINT('',(-93.1780394537274,-242.136551088661,106.421958677423));
#4577=CARTESIAN_POINT('',(-93.1780394537274,-242.136551088661,104.381958677423));
#4578=CARTESIAN_POINT('',(-94.1087181905441,-249.388362293841,104.651958677423));
#4579=CARTESIAN_POINT('',(-94.1087181905441,-239.927934230952,104.651958677423));
#4580=CARTESIAN_POINT('',(-76.5985901790521,-249.388362293841,104.651958677423));
#4581=CARTESIAN_POINT('',(-76.5985901790521,-239.927934230952,104.651958677423));
#4582=CARTESIAN_POINT('',(-93.5138570262092,-247.135907129375,106.421958677423));
#4583=CARTESIAN_POINT('',(-93.5138570262092,-247.135907129375,104.381958677423));
#4584=CARTESIAN_POINT('',(-83.1443933607869,-247.156083738902,106.421958677423));
#4585=CARTESIAN_POINT('',(-83.1443933607869,-247.156083738902,104.381958677423));
#4586=CARTESIAN_POINT('',(-82.4455358545831,-247.657438823569,104.481958677423));
#4587=CARTESIAN_POINT('',(-79.4455358545824,-247.657438823569,104.481958677423));
#4588=CARTESIAN_POINT('',(-79.4455358545825,-244.657438823568,104.481958677423));
#4589=CARTESIAN_POINT('',(-79.4455358545824,-241.657438823567,104.481958677423));
#4590=CARTESIAN_POINT('',(-82.4455358545831,-241.657438823567,104.481958677423));
#4591=CARTESIAN_POINT('',(-85.4455358545837,-241.657438823567,104.481958677423));
#4592=CARTESIAN_POINT('',(-85.4455358545837,-244.657438823568,104.481958677423));
#4593=CARTESIAN_POINT('',(-85.4455358545837,-247.657438823569,104.481958677423));
#4594=CARTESIAN_POINT('',(-82.4455358545831,-247.657438823569,104.481958677423));
#4595=CARTESIAN_POINT('',(-82.4455358545831,-247.657438823569,105.321958677423));
#4596=CARTESIAN_POINT('',(-79.4455358545824,-247.657438823569,105.321958677423));
#4597=CARTESIAN_POINT('',(-79.4455358545825,-244.657438823568,105.321958677423));
#4598=CARTESIAN_POINT('',(-79.4455358545824,-241.657438823567,105.321958677423));
#4599=CARTESIAN_POINT('',(-82.4455358545831,-241.657438823567,105.321958677423));
#4600=CARTESIAN_POINT('',(-85.4455358545837,-241.657438823567,105.321958677423));
#4601=CARTESIAN_POINT('',(-85.4455358545837,-244.657438823568,105.321958677423));
#4602=CARTESIAN_POINT('',(-85.4455358545837,-247.657438823569,105.321958677423));
#4603=CARTESIAN_POINT('',(-82.4455358545831,-247.657438823569,105.321958677423));
#4604=CARTESIAN_POINT('',(-77.8182919716447,-244.99951730883,105.921958677423));
#4605=CARTESIAN_POINT('',(-77.8182919716447,-244.99951730883,103.881958677423));
#4606=CARTESIAN_POINT('',(-80.6818547537612,-242.184373523222,105.921958677423));
#4607=CARTESIAN_POINT('',(-80.6818547537612,-242.184373523222,103.881958677423));
#4608=CARTESIAN_POINT('',(-80.6914871626839,-247.137343984498,105.921958677423));
#4609=CARTESIAN_POINT('',(-80.6914871626839,-247.137343984498,103.881958677423));
#4610=CARTESIAN_POINT('',(-77.8170007514953,-244.333374810331,105.921958677423));
#4611=CARTESIAN_POINT('',(-77.8170007514953,-244.333374810331,103.881958677423));
#4612=CARTESIAN_POINT('',(-76.1850036140604,-246.74703711132,108.019314710683));
#4613=CARTESIAN_POINT('',(-81.0724361386669,-248.362308240835,105.762822226359));
#4614=CARTESIAN_POINT('',(-76.1850036140604,-243.641553545888,105.796307995051));
#4615=CARTESIAN_POINT('',(-81.0724361386669,-245.256824675403,103.539815510727));
#4616=CARTESIAN_POINT('',(-76.1867291429363,-245.694201431054,105.800383255184));
#4617=CARTESIAN_POINT('',(-81.0624130353056,-244.078393784657,103.534522767937));
#4618=CARTESIAN_POINT('',(-76.1867291429363,-242.576485509057,108.023657483412));
#4619=CARTESIAN_POINT('',(-81.0624130353056,-240.96067786266,105.757796996165));
#4620=CARTESIAN_POINT('',(-82.4455358545831,-244.657438823568,102.151958677423));
#4621=CARTESIAN_POINT('',(-82.4455358545831,-244.657438823568,102.151958677423));
#4622=CARTESIAN_POINT('',(-82.4455358545831,-244.657438823568,102.151958677423));
#4623=CARTESIAN_POINT('',(-82.4455358545831,-244.657438823568,102.151958677423));
#4624=CARTESIAN_POINT('',(-82.4455358545831,-244.657438823568,102.151958677423));
#4625=CARTESIAN_POINT('',(-82.4455358545831,-244.657438823568,102.151958677423));
#4626=CARTESIAN_POINT('',(-82.4455358545831,-244.657438823568,102.151958677423));
#4627=CARTESIAN_POINT('',(-82.4455358545831,-244.657438823568,102.151958677423));
#4628=CARTESIAN_POINT('',(-82.4455358545831,-244.657438823568,102.151958677423));
#4629=CARTESIAN_POINT('',(-82.1816116846032,-249.169726938538,106.671958677423));
#4630=CARTESIAN_POINT('',(-77.6693235696331,-248.905802768559,106.671958677423));
#4631=CARTESIAN_POINT('',(-77.9332477396131,-244.393514653589,106.671958677423));
#4632=CARTESIAN_POINT('',(-78.1971719095931,-239.881226538619,106.671958677423));
#4633=CARTESIAN_POINT('',(-82.7094600245632,-240.145150708598,106.671958677423));
#4634=CARTESIAN_POINT('',(-87.2217481395331,-240.409074878577,106.671958677423));
#4635=CARTESIAN_POINT('',(-86.9578239695531,-244.921362993547,106.671958677423));
#4636=CARTESIAN_POINT('',(-86.6938997995729,-249.433651108517,106.671958677423));
#4637=CARTESIAN_POINT('',(-82.1816116846032,-249.169726938538,106.671958677423));
#4638=CARTESIAN_POINT('',(-93.2834581462722,-247.136602283803,106.421958692756));
#4639=CARTESIAN_POINT('',(-93.2834581462722,-247.136602283804,104.381958676029));
#4640=CARTESIAN_POINT('',(-91.8281010639038,-247.138944571685,106.421958692756));
#4641=CARTESIAN_POINT('',(-91.8281010639038,-247.138944571686,104.381958676029));
#4642=CARTESIAN_POINT('',(-93.2837620228802,-247.565168441947,104.651966050747));
#4643=CARTESIAN_POINT('',(-93.2837620228795,-243.636548780505,104.651966114302));
#4644=CARTESIAN_POINT('',(-91.8228500571269,-247.565168441947,104.651951365965));
#4645=CARTESIAN_POINT('',(-91.8228500571262,-243.636548780505,104.65195142952));
#4646=CARTESIAN_POINT('',(-94.5055759997761,-258.150129789042,106.151958677423));
#4647=CARTESIAN_POINT('',(-94.5055759997761,-256.518970613057,106.151958677423));
#4648=CARTESIAN_POINT('',(-72.3828842495402,-258.150129789042,106.151958677423));
#4649=CARTESIAN_POINT('',(-72.3828842495402,-256.518970613057,106.151958677423));
#4650=CARTESIAN_POINT('',(-70.1857568553614,-253.596381444825,96.2796801263324));
#4651=CARTESIAN_POINT('',(-70.1857568553614,-232.699554040525,96.2796801263324));
#4652=CARTESIAN_POINT('',(-94.7053148537946,-253.596381444825,96.2796801263324));
#4653=CARTESIAN_POINT('',(-94.7053148537946,-232.699554040525,96.2796801263324));
#4654=CARTESIAN_POINT('',(-72.9357385202236,-257.798887816864,108.151958677433));
#4655=CARTESIAN_POINT('',(-72.9357385202235,-257.798887816864,106.151958677429));
#4656=CARTESIAN_POINT('',(-72.9357298978699,-259.79888781685,106.151958677429));
#4657=CARTESIAN_POINT('',(-72.9357212755163,-261.798887816835,106.151958677429));
#4658=CARTESIAN_POINT('',(-72.9357212755164,-261.798887816835,108.151958677433));
#4659=CARTESIAN_POINT('',(-72.9357212755165,-261.798887816835,110.151958677437));
#4660=CARTESIAN_POINT('',(-72.9357298978699,-259.79888781685,110.151958677437));
#4661=CARTESIAN_POINT('',(-72.9357385202236,-257.798887816864,110.151958677437));
#4662=CARTESIAN_POINT('',(-72.9357385202236,-257.798887816864,108.151958677433));
#4663=CARTESIAN_POINT('',(-94.4553358033919,-257.798980591652,108.151958677433));
#4664=CARTESIAN_POINT('',(-94.455335803392,-257.798980591652,106.151958677428));
#4665=CARTESIAN_POINT('',(-94.4553271810383,-259.798980591638,106.151958677429));
#4666=CARTESIAN_POINT('',(-94.4553185586847,-261.798980591624,106.151958677429));
#4667=CARTESIAN_POINT('',(-94.4553185586849,-261.798980591623,108.151958677433));
#4668=CARTESIAN_POINT('',(-94.4553185586849,-261.798980591623,110.151958677437));
#4669=CARTESIAN_POINT('',(-94.4553271810385,-259.798980591638,110.151958677437));
#4670=CARTESIAN_POINT('',(-94.455335803392,-257.798980591652,110.151958677437));
#4671=CARTESIAN_POINT('',(-94.4553358033919,-257.798980591652,108.151958677433));
#4672=CARTESIAN_POINT('',(-94.422296059163,-261.798980449247,143.911958677421));
#4673=CARTESIAN_POINT('',(-94.4222960591631,-261.798980449247,104.791958677433));
#4674=CARTESIAN_POINT('',(-73.2989687696727,-261.798889382852,143.911958677421));
#4675=CARTESIAN_POINT('',(-73.2989687696728,-261.798889382852,104.791958677433));
#4676=CARTESIAN_POINT('',(-72.9357385202221,-257.798887816862,140.55195867743));
#4677=CARTESIAN_POINT('',(-72.9357385202212,-257.798887816862,138.551958677429));
#4678=CARTESIAN_POINT('',(-72.935729897868,-259.798887816845,138.551958677429));
#4679=CARTESIAN_POINT('',(-72.9357212755149,-261.798887816827,138.551958677429));
#4680=CARTESIAN_POINT('',(-72.9357212755158,-261.798887816827,140.55195867743));
#4681=CARTESIAN_POINT('',(-72.9357212755169,-261.798887816827,142.551958677431));
#4682=CARTESIAN_POINT('',(-72.9357298978699,-259.798887816845,142.551958677431));
#4683=CARTESIAN_POINT('',(-72.935738520223,-257.798887816862,142.551958677431));
#4684=CARTESIAN_POINT('',(-72.9357385202221,-257.798887816862,140.55195867743));
#4685=CARTESIAN_POINT('',(-94.4553358033911,-257.798980591645,140.55195867742));
#4686=CARTESIAN_POINT('',(-94.4553358033902,-257.798980591646,138.551958677419));
#4687=CARTESIAN_POINT('',(-94.455327181037,-259.798980591628,138.551958677419));
#4688=CARTESIAN_POINT('',(-94.4553185586839,-261.79898059161,138.551958677419));
#4689=CARTESIAN_POINT('',(-94.4553185586849,-261.79898059161,140.55195867742));
#4690=CARTESIAN_POINT('',(-94.4553185586857,-261.79898059161,142.551958677421));
#4691=CARTESIAN_POINT('',(-94.4553271810389,-259.798980591628,142.551958677421));
#4692=CARTESIAN_POINT('',(-94.455335803392,-257.798980591645,142.551958677421));
#4693=CARTESIAN_POINT('',(-94.4553358033911,-257.798980591645,140.55195867742));
#4694=CARTESIAN_POINT('',(-75.2905069527772,-287.440542942128,143.195948721872));
#4695=CARTESIAN_POINT('',(-75.2905069527772,-287.440542942128,149.195948721873));
#4696=CARTESIAN_POINT('',(-75.2905328198366,-281.440542942183,149.195948721873));
#4697=CARTESIAN_POINT('',(-75.2905586868958,-275.440542942237,149.195948721873));
#4698=CARTESIAN_POINT('',(-75.2905586868958,-275.440542942237,143.195948721872));
#4699=CARTESIAN_POINT('',(-75.2905586868958,-275.440542942237,137.195948721871));
#4700=CARTESIAN_POINT('',(-75.2905328198366,-281.440542942183,137.195948721871));
#4701=CARTESIAN_POINT('',(-75.2905069527772,-287.440542942128,137.195948721871));
#4702=CARTESIAN_POINT('',(-75.2905069527772,-287.440542942128,143.195948721872));
#4703=CARTESIAN_POINT('',(-94.2412104868152,-287.440624641957,143.195948721872));
#4704=CARTESIAN_POINT('',(-94.2412104868153,-287.440624641957,149.195948721873));
#4705=CARTESIAN_POINT('',(-94.2412363538745,-281.440624642011,149.195948721873));
#4706=CARTESIAN_POINT('',(-94.2412622209339,-275.440624642066,149.195948721873));
#4707=CARTESIAN_POINT('',(-94.2412622209338,-275.440624642066,143.195948721872));
#4708=CARTESIAN_POINT('',(-94.2412622209339,-275.440624642066,137.195948721871));
#4709=CARTESIAN_POINT('',(-94.2412363538745,-281.440624642011,137.195948721871));
#4710=CARTESIAN_POINT('',(-94.2412104868153,-287.440624641957,137.195948721871));
#4711=CARTESIAN_POINT('',(-94.2412104868152,-287.440624641957,143.195948721872));
#4712=CARTESIAN_POINT('',(-94.2375050598096,-261.798979652584,124.351958677422));
#4713=CARTESIAN_POINT('',(-75.3328298322205,-261.798898151187,124.351958677422));
#4714=CARTESIAN_POINT('',(-94.2375050598096,-261.798979652584,138.096985152607));
#4715=CARTESIAN_POINT('',(-75.3328298322204,-261.798898151187,138.096985152607));
#4716=CARTESIAN_POINT('',(-94.2374458025706,-275.544006127641,138.096985152607));
#4717=CARTESIAN_POINT('',(-75.3327705749815,-275.543924626245,138.096985152607));
#4718=CARTESIAN_POINT('',(-94.2373865453316,-289.289032602699,138.096985152607));
#4719=CARTESIAN_POINT('',(-75.3327113177425,-289.288951101302,138.096985152607));
#4720=CARTESIAN_POINT('',(-94.2373865453316,-289.289032602699,124.351958677422));
#4721=CARTESIAN_POINT('',(-75.3327113177425,-289.288951101302,124.351958677422));
#4722=CARTESIAN_POINT('',(-94.2373865453316,-289.289032602699,110.606932202237));
#4723=CARTESIAN_POINT('',(-75.3327113177425,-289.288951101302,110.606932202237));
#4724=CARTESIAN_POINT('',(-94.2374458025706,-275.544006127641,110.606932202237));
#4725=CARTESIAN_POINT('',(-75.3327705749815,-275.543924626245,110.606932202237));
#4726=CARTESIAN_POINT('',(-94.2375050598096,-261.798979652584,110.606932202237));
#4727=CARTESIAN_POINT('',(-75.3328298322204,-261.798898151187,110.606932202237));
#4728=CARTESIAN_POINT('',(-94.2375050598096,-261.798979652584,124.351958677422));
#4729=CARTESIAN_POINT('',(-75.3328298322205,-261.798898151187,124.351958677422));
#4730=CARTESIAN_POINT('',(-75.2905069529288,-287.440542944095,105.507968633592));
#4731=CARTESIAN_POINT('',(-75.2905069529288,-287.440542944095,111.507968633591));
#4732=CARTESIAN_POINT('',(-75.2905328199894,-281.440542944152,111.507968633591));
#4733=CARTESIAN_POINT('',(-75.2905586870501,-275.440542944208,111.507968633591));
#4734=CARTESIAN_POINT('',(-75.2905586870501,-275.440542944208,105.507968633592));
#4735=CARTESIAN_POINT('',(-75.2905586870501,-275.440542944208,99.5079686335928));
#4736=CARTESIAN_POINT('',(-75.2905328199894,-281.440542944152,99.5079686335928));
#4737=CARTESIAN_POINT('',(-75.2905069529288,-287.440542944095,99.5079686335928));
#4738=CARTESIAN_POINT('',(-75.2905069529288,-287.440542944095,105.507968633592));
#4739=CARTESIAN_POINT('',(-94.2412104876464,-287.440624643928,105.507968633592));
#4740=CARTESIAN_POINT('',(-94.2412104876464,-287.440624643928,111.507968633591));
#4741=CARTESIAN_POINT('',(-94.2412363547072,-281.440624643985,111.507968633591));
#4742=CARTESIAN_POINT('',(-94.2412622217677,-275.440624644041,111.507968633591));
#4743=CARTESIAN_POINT('',(-94.2412622217678,-275.440624644041,105.507968633592));
#4744=CARTESIAN_POINT('',(-94.2412622217677,-275.440624644041,99.507968633593));
#4745=CARTESIAN_POINT('',(-94.2412363547072,-281.440624643984,99.5079686335929));
#4746=CARTESIAN_POINT('',(-94.2412104876464,-287.440624643928,99.5079686335927));
#4747=CARTESIAN_POINT('',(-94.2412104876464,-287.440624643928,105.507968633592));
#4748=CARTESIAN_POINT('',(-94.4864363171191,-260.10745746556,106.151958677433));
#4749=CARTESIAN_POINT('',(-94.4864363171191,-257.605637029747,106.151958677433));
#4750=CARTESIAN_POINT('',(-72.593420758767,-260.10745746556,106.151958677433));
#4751=CARTESIAN_POINT('',(-72.593420758767,-257.605637029747,106.151958677433));
#4752=CARTESIAN_POINT('',(-72.593420758767,-260.10745746556,142.551958677422));
#4753=CARTESIAN_POINT('',(-72.593420758767,-257.605637029747,142.551958677422));
#4754=CARTESIAN_POINT('',(-94.4864363171191,-260.10745746556,142.551958677422));
#4755=CARTESIAN_POINT('',(-94.4864363171191,-257.605637029747,142.551958677422));
#4756=CARTESIAN_POINT('',(-71.4747892256273,-257.374987378768,142.551958677422));
#4757=CARTESIAN_POINT('',(-71.4747892256273,-251.1348887677,142.551958677422));
#4758=CARTESIAN_POINT('',(-94.5881300928591,-257.374987378768,142.551958677422));
#4759=CARTESIAN_POINT('',(-94.5881300928591,-251.1348887677,142.551958677422));
#4760=CARTESIAN_POINT('',(-70.1857568553633,-253.712698751142,142.551958677422));
#4761=CARTESIAN_POINT('',(-70.1857568553632,-231.420063671033,142.551958677422));
#4762=CARTESIAN_POINT('',(-94.7053148537922,-253.712698751142,142.551958677422));
#4763=CARTESIAN_POINT('',(-94.7053148537922,-231.420063671033,142.551958677422));
#4764=CARTESIAN_POINT('',(-82.4455358545831,-244.657438823568,146.551958677432));
#4765=CARTESIAN_POINT('',(-82.436740982893,-240.137447379967,142.031958677432));
#4766=CARTESIAN_POINT('',(-82.4455358545831,-244.657438823568,146.551958677433));
#4767=CARTESIAN_POINT('',(-86.9567324264929,-240.128652508278,142.031958677433));
#4768=CARTESIAN_POINT('',(-82.4455358545831,-244.657438823568,146.551958677432));
#4769=CARTESIAN_POINT('',(-86.965527298183,-244.648643951879,142.031958677432));
#4770=CARTESIAN_POINT('',(-82.4455358545831,-244.657438823568,146.551958677433));
#4771=CARTESIAN_POINT('',(-86.9743221698731,-249.16863539548,142.031958677433));
#4772=CARTESIAN_POINT('',(-82.4455358545831,-244.657438823568,146.551958677432));
#4773=CARTESIAN_POINT('',(-82.4543307262732,-249.177430267169,142.031958677432));
#4774=CARTESIAN_POINT('',(-82.4455358545831,-244.657438823568,146.551958677433));
#4775=CARTESIAN_POINT('',(-77.934339282663,-249.186225138859,142.031958677433));
#4776=CARTESIAN_POINT('',(-82.4455358545831,-244.657438823568,146.551958677432));
#4777=CARTESIAN_POINT('',(-77.9255444109831,-244.666233695257,142.031958677432));
#4778=CARTESIAN_POINT('',(-82.4455358545831,-244.657438823568,146.551958677433));
#4779=CARTESIAN_POINT('',(-77.9167495392929,-240.146242251656,142.031958677433));
#4780=CARTESIAN_POINT('',(-82.4455358545831,-244.657438823568,146.551958677432));
#4781=CARTESIAN_POINT('',(-82.436740982893,-240.137447379967,142.031958677432));
#4782=CARTESIAN_POINT('',(-77.5364567667971,-248.756075927692,144.051958677432));
#4783=CARTESIAN_POINT('',(-77.536456766797,-240.556949697205,144.051958677432));
#4784=CARTESIAN_POINT('',(-83.7921857253491,-248.756075927692,144.051958677432));
#4785=CARTESIAN_POINT('',(-83.7921857253491,-240.556949697205,144.051958677432));
#4786=CARTESIAN_POINT('',(-79.4455358545825,-244.657438823568,143.381958677432));
#4787=CARTESIAN_POINT('',(-79.4455358545824,-241.657438823567,143.381958677432));
#4788=CARTESIAN_POINT('',(-82.4455358545831,-241.657438823567,143.381958677432));
#4789=CARTESIAN_POINT('',(-85.4455358545837,-241.657438823567,143.381958677432));
#4790=CARTESIAN_POINT('',(-85.4455358545837,-244.657438823568,143.381958677432));
#4791=CARTESIAN_POINT('',(-85.4455358545837,-247.657438823569,143.381958677432));
#4792=CARTESIAN_POINT('',(-82.4455358545831,-247.657438823569,143.381958677432));
#4793=CARTESIAN_POINT('',(-79.4455358545824,-247.657438823569,143.381958677432));
#4794=CARTESIAN_POINT('',(-79.4455358545825,-244.657438823568,143.381958677432));
#4795=CARTESIAN_POINT('',(-79.4455358545825,-244.657438823568,144.221958677432));
#4796=CARTESIAN_POINT('',(-79.4455358545824,-241.657438823567,144.221958677432));
#4797=CARTESIAN_POINT('',(-82.4455358545831,-241.657438823567,144.221958677432));
#4798=CARTESIAN_POINT('',(-85.4455358545837,-241.657438823567,144.221958677432));
#4799=CARTESIAN_POINT('',(-85.4455358545837,-244.657438823568,144.221958677432));
#4800=CARTESIAN_POINT('',(-85.4455358545837,-247.657438823569,144.221958677432));
#4801=CARTESIAN_POINT('',(-82.4455358545831,-247.657438823569,144.221958677432));
#4802=CARTESIAN_POINT('',(-79.4455358545824,-247.657438823569,144.221958677432));
#4803=CARTESIAN_POINT('',(-79.4455358545825,-244.657438823568,144.221958677432));
#4804=CARTESIAN_POINT('',(-77.8182919716447,-244.99951730883,144.821958677432));
#4805=CARTESIAN_POINT('',(-77.8182919716447,-244.99951730883,142.781958677432));
#4806=CARTESIAN_POINT('',(-80.6818547537612,-242.184373523222,144.821958677432));
#4807=CARTESIAN_POINT('',(-80.6818547537612,-242.184373523222,142.781958677432));
#4808=CARTESIAN_POINT('',(-80.6914871626839,-247.137343984498,144.821958677432));
#4809=CARTESIAN_POINT('',(-80.6914871626839,-247.137343984498,142.781958677432));
#4810=CARTESIAN_POINT('',(-77.8170007514952,-244.333374810331,144.821958677432));
#4811=CARTESIAN_POINT('',(-77.8170007514952,-244.333374810331,142.781958677432));
#4812=CARTESIAN_POINT('',(-76.185003614058,-243.64155354589,142.907609359808));
#4813=CARTESIAN_POINT('',(-81.0724361386645,-245.256824675406,145.164101844132));
#4814=CARTESIAN_POINT('',(-76.185003614058,-246.747037111322,140.684602644175));
#4815=CARTESIAN_POINT('',(-81.0724361386645,-248.362308240838,142.941095128499));
#4816=CARTESIAN_POINT('',(-76.1867291429336,-242.576485509053,140.680259871447));
#4817=CARTESIAN_POINT('',(-81.0624130353029,-240.960677862657,142.946120358694));
#4818=CARTESIAN_POINT('',(-76.1867291429336,-245.694201431051,142.903534099675));
#4819=CARTESIAN_POINT('',(-81.0624130353029,-244.078393784655,145.169394586922));
#4820=CARTESIAN_POINT('',(-82.4455358545831,-244.657438823568,146.551958677432));
#4821=CARTESIAN_POINT('',(-82.1816116846032,-249.169726938538,142.031958677432));
#4822=CARTESIAN_POINT('',(-82.4455358545831,-244.657438823568,146.551958677433));
#4823=CARTESIAN_POINT('',(-77.6693235696331,-248.905802768559,142.031958677433));
#4824=CARTESIAN_POINT('',(-82.4455358545831,-244.657438823568,146.551958677432));
#4825=CARTESIAN_POINT('',(-77.9332477396131,-244.393514653589,142.031958677432));
#4826=CARTESIAN_POINT('',(-82.4455358545831,-244.657438823568,146.551958677433));
#4827=CARTESIAN_POINT('',(-78.1971719095931,-239.881226538619,142.031958677433));
#4828=CARTESIAN_POINT('',(-82.4455358545831,-244.657438823568,146.551958677432));
#4829=CARTESIAN_POINT('',(-82.7094600245632,-240.145150708598,142.031958677432));
#4830=CARTESIAN_POINT('',(-82.4455358545831,-244.657438823568,146.551958677433));
#4831=CARTESIAN_POINT('',(-87.2217481395331,-240.409074878577,142.031958677433));
#4832=CARTESIAN_POINT('',(-82.4455358545831,-244.657438823568,146.551958677432));
#4833=CARTESIAN_POINT('',(-86.9578239695531,-244.921362993547,142.031958677432));
#4834=CARTESIAN_POINT('',(-82.4455358545831,-244.657438823568,146.551958677433));
#4835=CARTESIAN_POINT('',(-86.6938997995729,-249.433651108517,142.031958677433));
#4836=CARTESIAN_POINT('',(-82.4455358545831,-244.657438823568,146.551958677432));
#4837=CARTESIAN_POINT('',(-82.1816116846032,-249.169726938538,142.031958677432));
#4838=CARTESIAN_POINT('',(-72.3828842495401,-258.150129789042,142.551958677422));
#4839=CARTESIAN_POINT('',(-72.3828842495401,-256.518970613057,142.551958677422));
#4840=CARTESIAN_POINT('',(-94.505575999776,-258.150129789042,142.551958677422));
#4841=CARTESIAN_POINT('',(-94.505575999776,-256.518970613057,142.551958677422));
#4842=CARTESIAN_POINT('',(-94.705314853794,-253.588849681877,152.424237228522));
#4843=CARTESIAN_POINT('',(-94.705314853794,-232.782403432952,152.424237228522));
#4844=CARTESIAN_POINT('',(-70.1857568553638,-253.588849681877,152.424237228522));
#4845=CARTESIAN_POINT('',(-70.1857568553638,-232.782403432952,152.424237228522));
#4846=CARTESIAN_POINT('',(-84.0441317258908,-234.527355341164,150.585431849593));
#4847=CARTESIAN_POINT('',(-80.8469399832748,-234.527355341164,150.585431849593));
#4848=CARTESIAN_POINT('',(-84.0441317258908,-234.62987493675,152.705500735511));
#4849=CARTESIAN_POINT('',(-80.8469399832748,-234.62987493675,152.705500735511));
#4850=CARTESIAN_POINT('',(-98.0664430679332,-278.941992808205,110.962944026613));
#4851=CARTESIAN_POINT('',(-87.6524426483832,-278.941718371114,110.962838888242));
#4852=CARTESIAN_POINT('',(-77.238442228833,-278.941444145732,110.962733829312));
#4853=CARTESIAN_POINT('',(-66.8244418092732,-278.94117013082,110.962628849362));
#4854=CARTESIAN_POINT('',(-98.066449058823,-277.907624103363,110.567133064783));
#4855=CARTESIAN_POINT('',(-87.6524466433534,-277.908063652171,110.567295054602));
#4856=CARTESIAN_POINT('',(-77.238444227893,-277.908503411059,110.567457127942));
#4857=CARTESIAN_POINT('',(-66.8244418124431,-277.908943378801,110.567619284292));
#4858=CARTESIAN_POINT('',(-98.0664551752029,-276.879126473654,110.136434863463));
#4859=CARTESIAN_POINT('',(-87.6524507172333,-276.880241805473,110.136885937262));
#4860=CARTESIAN_POINT('',(-77.2384462592833,-276.881357340017,110.137337107633));
#4861=CARTESIAN_POINT('',(-66.8244418013632,-276.8824730761,110.137788374002));
#4862=CARTESIAN_POINT('',(-98.0664646921832,-275.462099431532,109.262082499352));
#4863=CARTESIAN_POINT('',(-87.6524570705631,-275.464053021433,109.263403404113));
#4864=CARTESIAN_POINT('',(-77.2384494489932,-275.46600679064,109.264724430752));
#4865=CARTESIAN_POINT('',(-66.824441827473,-275.467960738109,109.266045578543));
#4866=CARTESIAN_POINT('',(-98.0664679793231,-275.01345443292,108.934055143883));
#4867=CARTESIAN_POINT('',(-87.6524592352133,-275.015612034572,108.935704959263));
#4868=CARTESIAN_POINT('',(-77.2384504911531,-275.017769806006,108.937354904782));
#4869=CARTESIAN_POINT('',(-66.824441747153,-275.019927746232,108.939004979653));
#4870=CARTESIAN_POINT('',(-98.0664742365031,-274.174046237858,108.208967243023));
#4871=CARTESIAN_POINT('',(-87.6524635002833,-274.176579117976,108.211361414703));
#4872=CARTESIAN_POINT('',(-77.2384527641431,-274.179112148731,108.213755728843));
#4873=CARTESIAN_POINT('',(-66.8244420280734,-274.181645329244,108.216150184593));
#4874=CARTESIAN_POINT('',(-98.066478188733,-273.784300383666,107.812925493353));
#4875=CARTESIAN_POINT('',(-87.6524658341434,-273.786977124656,107.815743610102));
#4876=CARTESIAN_POINT('',(-77.2384534796232,-273.789654006121,107.818561873962));
#4877=CARTESIAN_POINT('',(-66.8244411251831,-273.792331027244,107.821380284073));
#4878=CARTESIAN_POINT('',(-98.0664842561931,-272.683580554613,106.565391631553));
#4879=CARTESIAN_POINT('',(-87.6524714154232,-272.686680464972,106.569296293312));
#4880=CARTESIAN_POINT('',(-77.2384585747532,-272.689780493628,106.573201105292));
#4881=CARTESIAN_POINT('',(-66.8244457341734,-272.69288063989,106.577106066623));
#4882=CARTESIAN_POINT('',(-98.0665025752232,-272.0213546166,105.674125852432));
#4883=CARTESIAN_POINT('',(-87.6524785519231,-272.024805945522,105.678731244062));
#4884=CARTESIAN_POINT('',(-77.2384545287133,-272.028257384061,105.683336779893));
#4885=CARTESIAN_POINT('',(-66.8244305056135,-272.031708931581,105.687942459093));
#4886=CARTESIAN_POINT('',(-98.0664758192029,-270.697432704572,103.895525516153));
#4887=CARTESIAN_POINT('',(-87.652477520523,-270.70175543062,103.901373220462));
#4888=CARTESIAN_POINT('',(-77.2384792219632,-270.706078252514,103.907221052783));
#4889=CARTESIAN_POINT('',(-66.8244809235131,-270.710401169699,103.913069012343));
#4890=CARTESIAN_POINT('',(-98.0666085438228,-270.039191152999,103.002211004563));
#4891=CARTESIAN_POINT('',(-87.6525122589034,-270.044033676157,103.008597815202));
#4892=CARTESIAN_POINT('',(-77.2384159741033,-270.048876290428,103.014984742923));
#4893=CARTESIAN_POINT('',(-66.8243196894231,-270.053718995283,103.021371787043));
#4894=CARTESIAN_POINT('',(-98.0661916088233,-268.633801948102,101.286699511863));
#4895=CARTESIAN_POINT('',(-87.6524171194432,-268.640089884878,101.293881666852));
#4896=CARTESIAN_POINT('',(-77.2386426301734,-268.646377905097,101.301063914353));
#4897=CARTESIAN_POINT('',(-66.8248681410132,-268.652666008271,101.308246253812));
#4898=CARTESIAN_POINT('',(-98.0675773848131,-267.871389767598,100.475876753203));
#4899=CARTESIAN_POINT('',(-87.6527552596833,-267.87872802449,100.483149340453));
#4900=CARTESIAN_POINT('',(-77.2379331346633,-267.886066362705,100.490422005223));
#4901=CARTESIAN_POINT('',(-66.8231110097529,-267.893404781775,100.497694747062));
#4902=CARTESIAN_POINT('',(-98.0640564161629,-266.614458850699,99.3864498019224));
#4903=CARTESIAN_POINT('',(-87.6518993313533,-266.623286616183,99.3936890422225));
#4904=CARTESIAN_POINT('',(-77.2397422466531,-266.632114454906,99.4009283414126));
#4905=CARTESIAN_POINT('',(-66.8275851620531,-266.640942366438,99.4081676991526));
#4906=CARTESIAN_POINT('',(-98.0814274769232,-266.177682859412,99.0415026176726));
#4907=CARTESIAN_POINT('',(-87.6569680436331,-266.187089581131,99.0487007609626));
#4908=CARTESIAN_POINT('',(-77.2325086104531,-266.196496373323,99.0558989570728));
#4909=CARTESIAN_POINT('',(-66.8080491773531,-266.205903235577,99.0630972056825));
#4910=CARTESIAN_POINT('',(-97.951194507123,-265.280839526819,98.4003252857525));
#4911=CARTESIAN_POINT('',(-87.611918716363,-265.291130659172,98.4072437798726));
#4912=CARTESIAN_POINT('',(-77.2726429256928,-265.301421854728,98.4141623155725));
#4913=CARTESIAN_POINT('',(-66.9333671351129,-265.311713113121,98.4210808926124));
#4914=CARTESIAN_POINT('',(-97.844149018143,-264.822121051896,98.1043626563024));
#4915=CARTESIAN_POINT('',(-87.5755502236929,-264.832850355413,98.1110773593131));
#4916=CARTESIAN_POINT('',(-77.3069514293229,-264.843579718156,98.1177920985425));
#4917=CARTESIAN_POINT('',(-67.0383526350433,-264.85430913978,98.1245068737827));
#4918=CARTESIAN_POINT('',(-97.5481530356932,-263.898580636541,97.5665308039728));
#4919=CARTESIAN_POINT('',(-87.4754353093332,-263.91003743684,97.5727670858822));
#4920=CARTESIAN_POINT('',(-77.4027175830533,-263.921494287742,97.5790033947227));
#4921=CARTESIAN_POINT('',(-67.3299998568431,-263.932951188955,97.5852397303125));
#4922=CARTESIAN_POINT('',(-97.3600207604831,-263.435739058037,97.3213960986426));
#4923=CARTESIAN_POINT('',(-87.4118783078329,-263.447415336604,97.3274381892226));
#4924=CARTESIAN_POINT('',(-77.4637358552632,-263.459091661143,97.3334803029226));
#4925=CARTESIAN_POINT('',(-67.5155934027537,-263.470768031388,97.3395224396025));
#4926=CARTESIAN_POINT('',(-96.9123299957133,-262.515618436589,96.8941933248424));
#4927=CARTESIAN_POINT('',(-87.261273004173,-262.527964483966,96.8992904274527));
#4928=CARTESIAN_POINT('',(-77.6102160126831,-262.540310568918,96.9043875450924));
#4929=CARTESIAN_POINT('',(-67.9591590212431,-262.552656691228,96.9094846776624));
#4930=CARTESIAN_POINT('',(-96.6549038977033,-262.054832416054,96.7174405568227));
#4931=CARTESIAN_POINT('',(-87.1746481974226,-262.067469250617,96.7219496153326));
#4932=CARTESIAN_POINT('',(-77.6943924971929,-262.080106118732,96.7264586849625));
#4933=CARTESIAN_POINT('',(-68.214136797013,-262.092743020205,96.7309677656325));
#4934=CARTESIAN_POINT('',(-96.2625768717432,-261.347425264836,96.5249519789926));
#4935=CARTESIAN_POINT('',(-87.0440836043531,-261.361141241126,96.5280764239925));
#4936=CARTESIAN_POINT('',(-77.8255903369931,-261.374857245068,96.5312008753525));
#4937=CARTESIAN_POINT('',(-68.6070970696828,-261.388573276499,96.5343253330426));
#4938=CARTESIAN_POINT('',(-96.1264709246732,-261.111312389962,96.4699547758925));
#4939=CARTESIAN_POINT('',(-86.9970266664433,-261.124447305818,96.4733249436425));
#4940=CARTESIAN_POINT('',(-77.8675824082631,-261.137582247358,96.4766951166029));
#4941=CARTESIAN_POINT('',(-68.7381381501131,-261.150717214435,96.4800652947528));
#4942=CARTESIAN_POINT('',(-95.8963687937733,-260.612320206464,96.3952701469028));
#4943=CARTESIAN_POINT('',(-86.9266826780432,-260.629509678725,96.3954679268626));
#4944=CARTESIAN_POINT('',(-77.9569965623632,-260.64669917305,96.3956657089526));
#4945=CARTESIAN_POINT('',(-68.9873104467236,-260.663888689309,96.3958634931322));
#4946=CARTESIAN_POINT('',(-95.8177485845031,-260.345647110379,96.3761564214423));
#4947=CARTESIAN_POINT('',(-86.913351131003,-260.368664903464,96.3725195985022));
#4948=CARTESIAN_POINT('',(-78.0089536775533,-260.391682716752,96.3688827772427));
#4949=CARTESIAN_POINT('',(-69.1045562241534,-260.414700550126,96.3652459576525));
#4950=CARTESIAN_POINT('',(-95.5790708691028,-259.551165165122,96.3244536303824));
#4951=CARTESIAN_POINT('',(-86.8621334115232,-259.585363267497,96.3155433230626));
#4952=CARTESIAN_POINT('',(-78.1451959540032,-259.619561384947,96.3066330161824));
#4953=CARTESIAN_POINT('',(-69.4282584965533,-259.653759517383,96.2977227097227));
#4954=CARTESIAN_POINT('',(-95.453209350183,-259.01027787,96.3057851995628));
#4955=CARTESIAN_POINT('',(-86.8396387316733,-259.04989142656,96.2987395388926));
#4956=CARTESIAN_POINT('',(-78.2260681132134,-259.089504995229,96.2916938784828));
#4957=CARTESIAN_POINT('',(-69.6124974948134,-259.129118575939,96.284648218343));
#4958=CARTESIAN_POINT('',(-95.2770391208927,-258.484629993421,96.2903189858326));
#4959=CARTESIAN_POINT('',(-86.762753537233,-258.519489535612,96.2872252336521));
#4960=CARTESIAN_POINT('',(-78.248467953613,-258.554349087431,96.2841314815724));
#4961=CARTESIAN_POINT('',(-69.7341823700333,-258.589208648822,96.2810377296029));
#4962=CARTESIAN_POINT('',(-71.4747892256273,-253.400801461436,96.2796801263324));
#4963=CARTESIAN_POINT('',(-71.4747892256273,-251.496178396548,96.2796801263324));
#4964=CARTESIAN_POINT('',(-94.5881300928591,-253.400801461436,96.2796801263324));
#4965=CARTESIAN_POINT('',(-94.5881300928591,-251.496178396548,96.2796801263324));
#4966=CARTESIAN_POINT('',(-94.588130092859,-253.401692733589,152.424237228522));
#4967=CARTESIAN_POINT('',(-94.588130092859,-251.496097371807,152.424237228522));
#4968=CARTESIAN_POINT('',(-71.4747892256272,-253.401692733589,152.424237228522));
#4969=CARTESIAN_POINT('',(-71.4747892256272,-251.496097371807,152.424237228522));
#4970=CARTESIAN_POINT('',(-69.712345092643,-258.255474842794,152.420225745563));
#4971=CARTESIAN_POINT('',(-69.6450484693927,-258.37843630289,152.416556818253));
#4972=CARTESIAN_POINT('',(-69.6033445837933,-258.512919990605,152.412905314733));
#4973=CARTESIAN_POINT('',(-69.5179971871629,-258.778973985287,152.404725609643));
#4974=CARTESIAN_POINT('',(-69.4797693694732,-258.913646658148,152.400294944813));
#4975=CARTESIAN_POINT('',(-69.366352565463,-259.317432978576,152.385511989493));
#4976=CARTESIAN_POINT('',(-69.2942409599629,-259.587588823178,152.373890594593));
#4977=CARTESIAN_POINT('',(-69.1418091201027,-260.125340245182,152.343870084402));
#4978=CARTESIAN_POINT('',(-69.061485886563,-260.392547336686,152.325301470742));
#4979=CARTESIAN_POINT('',(-68.874321699023,-260.918651005112,152.272516369453));
#4980=CARTESIAN_POINT('',(-68.7305156178531,-261.156051764191,152.221466345353));
#4981=CARTESIAN_POINT('',(-68.3381413502131,-261.876381465279,152.046278825273));
#4982=CARTESIAN_POINT('',(-68.0711881200731,-262.34204046332,151.879183850763));
#4983=CARTESIAN_POINT('',(-67.604639942783,-263.271691659346,151.466094150683));
#4984=CARTESIAN_POINT('',(-67.4041669655532,-263.737328453855,151.223941817772));
#4985=CARTESIAN_POINT('',(-67.0886010742433,-264.670611796891,150.693040351102));
#4986=CARTESIAN_POINT('',(-66.9690337733632,-265.135165730852,150.400293903352));
#4987=CARTESIAN_POINT('',(-66.8615305832331,-265.816993353321,149.922358007563));
#4988=CARTESIAN_POINT('',(-66.837599984773,-266.04180497591,149.756912276802));
#4989=CARTESIAN_POINT('',(-66.8206555616132,-266.484406690591,149.414585594683));
#4990=CARTESIAN_POINT('',(-66.8254126440833,-266.701308063148,149.237844923942));
#4991=CARTESIAN_POINT('',(-66.8238975570132,-267.767082858626,148.330684953013));
#4992=CARTESIAN_POINT('',(-66.824616688533,-268.543721842526,147.519043154013));
#4993=CARTESIAN_POINT('',(-66.8243917162931,-269.969640218723,145.793274721843));
#4994=CARTESIAN_POINT('',(-66.8244578537528,-270.635150430843,144.892537548082));
#4995=CARTESIAN_POINT('',(-66.8244371725632,-271.971114979836,143.096974484233));
#4996=CARTESIAN_POINT('',(-66.8244434192428,-272.637915846809,142.196253722153));
#4997=CARTESIAN_POINT('',(-66.8244415286628,-273.744545759874,140.933098507333));
#4998=CARTESIAN_POINT('',(-66.8244418990234,-274.135799035294,140.531376479823));
#4999=CARTESIAN_POINT('',(-66.8244417837931,-274.979801491765,139.795764178133));
#5000=CARTESIAN_POINT('',(-66.8244418167427,-275.431345806125,139.462781738843));
#5001=CARTESIAN_POINT('',(-66.8244418060227,-276.858978094162,138.576027456083));
#5002=CARTESIAN_POINT('',(-66.8244418105729,-277.89719046413,138.140771953753));
#5003=CARTESIAN_POINT('',(-66.8244418092729,-278.941170127099,137.741288506913));
#5004=CARTESIAN_POINT('',(-78.1777057444629,-258.285462201982,152.421465306793));
#5005=CARTESIAN_POINT('',(-78.140774705303,-258.413306388435,152.418908892423));
#5006=CARTESIAN_POINT('',(-78.1229204452234,-258.548440708228,152.416239613613));
#5007=CARTESIAN_POINT('',(-78.0885735115134,-258.816150551732,152.409810912952));
#5008=CARTESIAN_POINT('',(-78.0757053711434,-258.950709721123,152.406123191162));
#5009=CARTESIAN_POINT('',(-78.0411429916429,-259.353326002861,152.392934654823));
#5010=CARTESIAN_POINT('',(-78.0246028279529,-259.621037249061,152.381505804703));
#5011=CARTESIAN_POINT('',(-77.9923254914231,-260.1519115235,152.349222209743));
#5012=CARTESIAN_POINT('',(-77.9766352557928,-260.414718006584,152.328248751513));
#5013=CARTESIAN_POINT('',(-77.9328405709531,-260.931378460952,152.268842919503));
#5014=CARTESIAN_POINT('',(-77.8803836612431,-261.170529097548,152.218771888872));
#5015=CARTESIAN_POINT('',(-77.7509396091432,-261.889317002368,152.041906328902));
#5016=CARTESIAN_POINT('',(-77.6607686192631,-262.354857942981,151.874235054393));
#5017=CARTESIAN_POINT('',(-77.5040620608428,-263.283717945247,151.460010596742));
#5018=CARTESIAN_POINT('',(-77.4362859920826,-263.74917156637,151.217648662623));
#5019=CARTESIAN_POINT('',(-77.3296161673733,-264.681766754413,150.686214432823));
#5020=CARTESIAN_POINT('',(-77.2890273979327,-265.145911388947,150.393230444833));
#5021=CARTESIAN_POINT('',(-77.2519859823132,-265.827052536824,149.915053130923));
#5022=CARTESIAN_POINT('',(-77.243670855553,-266.051621429836,149.749547587273));
#5023=CARTESIAN_POINT('',(-77.2369335499729,-266.49371070143,149.407122077232));
#5024=CARTESIAN_POINT('',(-77.238840428313,-266.710342865614,149.230355762542));
#5025=CARTESIAN_POINT('',(-77.238263002973,-267.774839653512,148.323121735863));
#5026=CARTESIAN_POINT('',(-77.2385375878137,-268.550400305846,147.511531303673));
#5027=CARTESIAN_POINT('',(-77.2384462934831,-269.974811739086,145.786478462613));
#5028=CARTESIAN_POINT('',(-77.2384697218835,-270.639794663853,144.886267124963));
#5029=CARTESIAN_POINT('',(-77.238457444233,-271.974869967978,143.091946563342));
#5030=CARTESIAN_POINT('',(-77.238457715623,-272.641367421549,142.191880304403));
#5031=CARTESIAN_POINT('',(-77.238453735623,-273.747557205827,140.929896990422));
#5032=CARTESIAN_POINT('',(-77.238452789533,-274.138721130351,140.528581426502));
#5033=CARTESIAN_POINT('',(-77.238450569863,-274.98239801311,139.793757709723));
#5034=CARTESIAN_POINT('',(-77.2384494993927,-275.433751245996,139.461135276082));
#5035=CARTESIAN_POINT('',(-77.2384462912632,-276.860658004949,138.575301721703));
#5036=CARTESIAN_POINT('',(-77.2384442418031,-277.898134571872,138.140407319223));
#5037=CARTESIAN_POINT('',(-77.2384422288328,-278.941444141938,137.741183526993));
#5038=CARTESIAN_POINT('',(-86.6430663962635,-258.315449569509,152.422704866442));
#5039=CARTESIAN_POINT('',(-86.6365009411734,-258.448176483177,152.421260967733));
#5040=CARTESIAN_POINT('',(-86.6424963066233,-258.58396143551,152.419573911993));
#5041=CARTESIAN_POINT('',(-86.6591498358231,-258.853327129178,152.414896216192));
#5042=CARTESIAN_POINT('',(-86.6716413727731,-258.987772795764,152.411951437232));
#5043=CARTESIAN_POINT('',(-86.7159334177631,-259.389219040935,152.400357319712));
#5044=CARTESIAN_POINT('',(-86.7549646958827,-259.654485690271,152.389121014212));
#5045=CARTESIAN_POINT('',(-86.8428418626831,-260.178482820448,152.354574333813));
#5046=CARTESIAN_POINT('',(-86.8917846249828,-260.436888696906,152.331196030693));
#5047=CARTESIAN_POINT('',(-86.9913594428531,-260.944105940869,152.265169465773));
#5048=CARTESIAN_POINT('',(-87.0302517045936,-261.185006456839,152.216077427022));
#5049=CARTESIAN_POINT('',(-87.163737868033,-261.90225257129,152.037533822912));
#5050=CARTESIAN_POINT('',(-87.2503491184129,-262.3676754585,151.869286244572));
#5051=CARTESIAN_POINT('',(-87.4034841788433,-263.29574427528,151.453927021192));
#5052=CARTESIAN_POINT('',(-87.4684050185328,-263.761014727649,151.211355482153));
#5053=CARTESIAN_POINT('',(-87.5706312604132,-264.692921769445,150.679388480153));
#5054=CARTESIAN_POINT('',(-87.6090210224128,-265.156657108669,150.386166946702));
#5055=CARTESIAN_POINT('',(-87.6424413812931,-265.837111787484,149.907748206282));
#5056=CARTESIAN_POINT('',(-87.6497417262333,-266.061437952655,149.742182846892));
#5057=CARTESIAN_POINT('',(-87.6532115382327,-266.503014784253,149.399658502963));
#5058=CARTESIAN_POINT('',(-87.6522682124532,-266.719377741434,149.222866541263));
#5059=CARTESIAN_POINT('',(-87.6526284488131,-267.782596528724,148.315558443423));
#5060=CARTESIAN_POINT('',(-87.652458486973,-268.557078851858,147.504019363102));
#5061=CARTESIAN_POINT('',(-87.6525008705432,-269.979983349536,145.779682088113));
#5062=CARTESIAN_POINT('',(-87.652481589893,-270.644438991657,144.879996575533));
#5063=CARTESIAN_POINT('',(-87.6524777158031,-271.978625064464,143.086918499533));
#5064=CARTESIAN_POINT('',(-87.6524720118935,-272.644819113209,142.187506737543));
#5065=CARTESIAN_POINT('',(-87.6524659425033,-273.750568790507,140.926695326912));
#5066=CARTESIAN_POINT('',(-87.6524636799732,-274.141643374256,140.525786231093));
#5067=CARTESIAN_POINT('',(-87.6524593558634,-274.984994702535,139.791751111393));
#5068=CARTESIAN_POINT('',(-87.6524571819834,-275.436156863557,139.459488691613));
#5069=CARTESIAN_POINT('',(-87.652450776453,-276.862338117127,138.574575891043));
#5070=CARTESIAN_POINT('',(-87.6524466730029,-277.899078888458,138.140042601653));
#5071=CARTESIAN_POINT('',(-87.6524426483829,-278.941718367248,137.741078468092));
#5072=CARTESIAN_POINT('',(-95.1084270480227,-258.345436945428,152.423944424503));
#5073=CARTESIAN_POINT('',(-95.1322271770029,-258.483046587176,152.423613044183));
#5074=CARTESIAN_POINT('',(-95.162072167963,-258.619482172512,152.422908209843));
#5075=CARTESIAN_POINT('',(-95.2297261600731,-258.890503717696,152.419981519342));
#5076=CARTESIAN_POINT('',(-95.2675773743428,-259.024835882145,152.417779683033));
#5077=CARTESIAN_POINT('',(-95.3907238438233,-259.425112092889,152.407779984172));
#5078=CARTESIAN_POINT('',(-95.4853265637531,-259.687934146903,152.396736223092));
#5079=CARTESIAN_POINT('',(-95.6933582338932,-260.205054136142,152.359926456592));
#5080=CARTESIAN_POINT('',(-95.8069339941135,-260.459059407774,152.334143308272));
#5081=CARTESIAN_POINT('',(-96.0498783147232,-260.956833445008,152.261496008232));
#5082=CARTESIAN_POINT('',(-96.180119747893,-261.19948384222,152.213382959753));
#5083=CARTESIAN_POINT('',(-96.5765361268631,-261.915188172232,152.033161307242));
#5084=CARTESIAN_POINT('',(-96.8399296174932,-262.380493010092,151.864337421213));
#5085=CARTESIAN_POINT('',(-97.3029062967737,-263.307770649708,151.447843423913));
#5086=CARTESIAN_POINT('',(-97.5005240449131,-263.772857937979,151.205062276182));
#5087=CARTESIAN_POINT('',(-97.811646353373,-264.704076842329,150.672562492902));
#5088=CARTESIAN_POINT('',(-97.929014646803,-265.167402890375,150.379103408722));
#5089=CARTESIAN_POINT('',(-98.032896780173,-265.847171105694,149.900443233383));
#5090=CARTESIAN_POINT('',(-98.0558125968135,-266.071254544773,149.734818055333));
#5091=CARTESIAN_POINT('',(-98.0694895263932,-266.512318939481,149.392194871503));
#5092=CARTESIAN_POINT('',(-98.0656959964724,-266.728412691039,149.215377259732));
#5093=CARTESIAN_POINT('',(-98.0669938945329,-267.790353484732,148.307995075242));
#5094=CARTESIAN_POINT('',(-98.0663793860231,-268.563757481047,147.496507331763));
#5095=CARTESIAN_POINT('',(-98.0665554474928,-269.985155050599,145.772885597653));
#5096=CARTESIAN_POINT('',(-98.0664934577932,-270.649083414805,144.873725899043));
#5097=CARTESIAN_POINT('',(-98.0664979872531,-271.982380269926,143.081890291963));
#5098=CARTESIAN_POINT('',(-98.0664863080628,-272.64827092247,142.183133020683));
#5099=CARTESIAN_POINT('',(-98.0664781492931,-273.753580514724,140.923493515953));
#5100=CARTESIAN_POINT('',(-98.0664745703232,-274.144565767879,140.522990892732));
#5101=CARTESIAN_POINT('',(-98.0664681418031,-274.987591561025,139.789744382373));
#5102=CARTESIAN_POINT('',(-98.0664648645131,-275.438562659845,139.457841984722));
#5103=CARTESIAN_POINT('',(-98.0664552616128,-276.864018431885,138.573849963533));
#5104=CARTESIAN_POINT('',(-98.0664491041834,-277.90002341511,138.139677800543));
#5105=CARTESIAN_POINT('',(-98.066443067933,-278.941992804265,137.740973329753));
#5106=CARTESIAN_POINT('',(-94.4118033372735,-262.434372376139,104.850237220365));
#5107=CARTESIAN_POINT('',(-73.414383537073,-262.434372376139,104.850237220365));
#5108=CARTESIAN_POINT('',(-94.4118033372735,-264.434372376141,104.850237220365));
#5109=CARTESIAN_POINT('',(-73.414383537073,-264.434372376141,104.850237220365));
#5110=CARTESIAN_POINT('',(-94.4118033372735,-264.434372376141,102.850237220363));
#5111=CARTESIAN_POINT('',(-73.414383537073,-264.434372376141,102.850237220363));
#5112=CARTESIAN_POINT('',(-94.4118033372735,-264.434372376141,100.850237220361));
#5113=CARTESIAN_POINT('',(-73.414383537073,-264.434372376141,100.850237220361));
#5114=CARTESIAN_POINT('',(-94.4118033372735,-262.434372376139,100.850237220361));
#5115=CARTESIAN_POINT('',(-73.414383537073,-262.434372376139,100.850237220361));
#5116=CARTESIAN_POINT('',(-94.4118033372735,-260.434372376137,100.850237220361));
#5117=CARTESIAN_POINT('',(-73.414383537073,-260.434372376137,100.850237220361));
#5118=CARTESIAN_POINT('',(-94.4118033372735,-260.434372376137,102.850237220363));
#5119=CARTESIAN_POINT('',(-73.414383537073,-260.434372376137,102.850237220363));
#5120=CARTESIAN_POINT('',(-94.4118033372735,-260.434372376137,104.850237220365));
#5121=CARTESIAN_POINT('',(-73.414383537073,-260.434372376137,104.850237220365));
#5122=CARTESIAN_POINT('',(-94.4118033372735,-262.434372376139,104.850237220365));
#5123=CARTESIAN_POINT('',(-73.414383537073,-262.434372376139,104.850237220365));
#5124=CARTESIAN_POINT('',(-72.0901132738341,-263.283520301742,100.850237220363));
#5125=CARTESIAN_POINT('',(-72.0901132738341,-254.293745194504,100.850237220363));
#5126=CARTESIAN_POINT('',(-94.5321915430221,-263.283520301742,100.850237220363));
#5127=CARTESIAN_POINT('',(-94.5321915430221,-254.293745194504,100.850237220363));
#5128=CARTESIAN_POINT('',(-71.7267282291193,-257.142893120209,98.8502372202598));
#5129=CARTESIAN_POINT('',(-71.7267282291188,-257.142893120209,100.850237220259));
#5130=CARTESIAN_POINT('',(-71.7267282291184,-255.14289312021,100.850237220259));
#5131=CARTESIAN_POINT('',(-71.7267282291179,-253.142893120211,100.850237220259));
#5132=CARTESIAN_POINT('',(-71.7267282291184,-253.142893120211,98.8502372202598));
#5133=CARTESIAN_POINT('',(-71.7267282291188,-253.142893120211,96.8502372202607));
#5134=CARTESIAN_POINT('',(-71.7267282291193,-255.14289312021,96.8502372202607));
#5135=CARTESIAN_POINT('',(-71.7267282291198,-257.142893120209,96.8502372202607));
#5136=CARTESIAN_POINT('',(-71.7267282291193,-257.142893120209,98.8502372202598));
#5137=CARTESIAN_POINT('',(-94.5652265470887,-257.142893120203,98.8502372202652));
#5138=CARTESIAN_POINT('',(-94.5652265470882,-257.142893120203,100.850237220265));
#5139=CARTESIAN_POINT('',(-94.5652265470876,-255.142893120204,100.850237220265));
#5140=CARTESIAN_POINT('',(-94.5652265470871,-253.142893120205,100.850237220265));
#5141=CARTESIAN_POINT('',(-94.5652265470876,-253.142893120204,98.8502372202654));
#5142=CARTESIAN_POINT('',(-94.5652265470882,-253.142893120204,96.850237220266));
#5143=CARTESIAN_POINT('',(-94.5652265470887,-255.142893120204,96.8502372202659));
#5144=CARTESIAN_POINT('',(-94.5652265470891,-257.142893120203,96.8502372202658));
#5145=CARTESIAN_POINT('',(-94.5652265470887,-257.142893120203,98.8502372202652));
#5146=CARTESIAN_POINT('',(-94.5652265470871,-253.142893120107,99.2273123640264));
#5147=CARTESIAN_POINT('',(-71.726728229119,-253.142893120107,99.2273123640264));
#5148=CARTESIAN_POINT('',(-94.5652265470871,-253.142893120107,95.9026226501784));
#5149=CARTESIAN_POINT('',(-71.726728229119,-253.142893120107,95.9026226501784));
#5150=CARTESIAN_POINT('',(-73.6176623337172,-262.176976254631,100.263128819371));
#5151=CARTESIAN_POINT('',(-94.3933234466691,-262.176976254631,100.263128819371));
#5152=CARTESIAN_POINT('',(-73.6176623337172,-277.316129235622,110.486239917923));
#5153=CARTESIAN_POINT('',(-94.3933234466691,-277.316129235622,110.486239917923));
#5154=CARTESIAN_POINT('',(-94.5652131567491,-253.142893120107,152.801292937925));
#5155=CARTESIAN_POINT('',(-71.7268755228371,-253.142893120107,152.801292937925));
#5156=CARTESIAN_POINT('',(-94.5652131567491,-253.142893120107,149.476624425089));
#5157=CARTESIAN_POINT('',(-71.7268755228371,-253.142893120107,149.476624425089));
#5158=CARTESIAN_POINT('',(-71.7268755228373,-255.14289312021,151.853680134589));
#5159=CARTESIAN_POINT('',(-71.7268755228369,-253.14289312021,151.853680134589));
#5160=CARTESIAN_POINT('',(-71.7268755228365,-253.14289312021,149.853680134589));
#5161=CARTESIAN_POINT('',(-71.726875522836,-253.14289312021,147.85368013459));
#5162=CARTESIAN_POINT('',(-71.7268755228365,-255.14289312021,147.85368013459));
#5163=CARTESIAN_POINT('',(-71.7268755228369,-257.142893120209,147.85368013459));
#5164=CARTESIAN_POINT('',(-71.7268755228373,-257.142893120209,149.853680134589));
#5165=CARTESIAN_POINT('',(-71.7268755228378,-257.142893120209,151.853680134589));
#5166=CARTESIAN_POINT('',(-71.7268755228373,-255.14289312021,151.853680134589));
#5167=CARTESIAN_POINT('',(-94.5652131567506,-255.142893120205,151.853680134584));
#5168=CARTESIAN_POINT('',(-94.5652131567501,-253.142893120205,151.853680134584));
#5169=CARTESIAN_POINT('',(-94.5652131567496,-253.142893120205,149.853680134584));
#5170=CARTESIAN_POINT('',(-94.5652131567492,-253.142893120205,147.853680134585));
#5171=CARTESIAN_POINT('',(-94.5652131567496,-255.142893120205,147.853680134585));
#5172=CARTESIAN_POINT('',(-94.5652131567501,-257.142893120204,147.853680134585));
#5173=CARTESIAN_POINT('',(-94.5652131567506,-257.142893120204,149.853680134584));
#5174=CARTESIAN_POINT('',(-94.565213156751,-257.142893120204,151.853680134584));
#5175=CARTESIAN_POINT('',(-94.5652131567506,-255.142893120205,151.853680134584));
#5176=CARTESIAN_POINT('',(-94.5321915430221,-263.283520301742,147.853680134492));
#5177=CARTESIAN_POINT('',(-94.5321915430221,-254.293745194504,147.853680134492));
#5178=CARTESIAN_POINT('',(-72.0901132738341,-263.283520301742,147.853680134492));
#5179=CARTESIAN_POINT('',(-72.0901132738341,-254.293745194504,147.853680134492));
#5180=CARTESIAN_POINT('',(-94.4118033372731,-262.434372376139,143.853680134491));
#5181=CARTESIAN_POINT('',(-73.414383537073,-262.434372376139,143.853680134491));
#5182=CARTESIAN_POINT('',(-94.4118033372731,-260.434372376137,143.853680134491));
#5183=CARTESIAN_POINT('',(-73.414383537073,-260.434372376137,143.853680134491));
#5184=CARTESIAN_POINT('',(-94.4118033372731,-260.434372376137,145.853680134493));
#5185=CARTESIAN_POINT('',(-73.414383537073,-260.434372376137,145.853680134493));
#5186=CARTESIAN_POINT('',(-94.4118033372731,-260.434372376137,147.853680134495));
#5187=CARTESIAN_POINT('',(-73.414383537073,-260.434372376137,147.853680134495));
#5188=CARTESIAN_POINT('',(-94.4118033372731,-262.434372376139,147.853680134495));
#5189=CARTESIAN_POINT('',(-73.414383537073,-262.434372376139,147.853680134495));
#5190=CARTESIAN_POINT('',(-94.4118033372731,-264.434372376141,147.853680134495));
#5191=CARTESIAN_POINT('',(-73.414383537073,-264.434372376141,147.853680134495));
#5192=CARTESIAN_POINT('',(-94.4118033372731,-264.434372376141,145.853680134493));
#5193=CARTESIAN_POINT('',(-73.414383537073,-264.434372376141,145.853680134493));
#5194=CARTESIAN_POINT('',(-94.4118033372731,-264.434372376141,143.853680134491));
#5195=CARTESIAN_POINT('',(-73.414383537073,-264.434372376141,143.853680134491));
#5196=CARTESIAN_POINT('',(-94.4118033372731,-262.434372376139,143.853680134491));
#5197=CARTESIAN_POINT('',(-73.414383537073,-262.434372376139,143.853680134491));
#5198=CARTESIAN_POINT('',(-73.6176623337172,-276.515611713886,138.75824794119));
#5199=CARTESIAN_POINT('',(-94.3933234466691,-276.515611713886,138.75824794119));
#5200=CARTESIAN_POINT('',(-73.6176623337172,-262.249750574787,148.391645762366));
#5201=CARTESIAN_POINT('',(-94.3933234466691,-262.249750574787,148.391645762366));
#5202=CARTESIAN_POINT('',(-79.4455358545839,-244.657438823568,143.381958677431));
#5203=CARTESIAN_POINT('',(-79.4455358545839,-241.657438823569,143.381958677431));
#5204=CARTESIAN_POINT('',(-82.4455358545831,-241.657438823569,143.381958677431));
#5205=CARTESIAN_POINT('',(-85.4455358545822,-241.657438823569,143.381958677431));
#5206=CARTESIAN_POINT('',(-85.4455358545823,-244.657438823568,143.381958677431));
#5207=CARTESIAN_POINT('',(-85.4455358545822,-247.657438823567,143.381958677431));
#5208=CARTESIAN_POINT('',(-82.4455358545831,-247.657438823567,143.381958677431));
#5209=CARTESIAN_POINT('',(-79.4455358545839,-247.657438823567,143.381958677431));
#5210=CARTESIAN_POINT('',(-79.4455358545839,-244.657438823568,143.381958677431));
#5211=CARTESIAN_POINT('',(-79.4455358545839,-244.657438823568,144.221958677432));
#5212=CARTESIAN_POINT('',(-79.4455358545839,-241.657438823569,144.221958677432));
#5213=CARTESIAN_POINT('',(-82.4455358545831,-241.657438823569,144.221958677432));
#5214=CARTESIAN_POINT('',(-85.4455358545822,-241.657438823569,144.221958677432));
#5215=CARTESIAN_POINT('',(-85.4455358545823,-244.657438823568,144.221958677432));
#5216=CARTESIAN_POINT('',(-85.4455358545822,-247.657438823567,144.221958677432));
#5217=CARTESIAN_POINT('',(-82.4455358545831,-247.657438823567,144.221958677432));
#5218=CARTESIAN_POINT('',(-79.4455358545839,-247.657438823567,144.221958677432));
#5219=CARTESIAN_POINT('',(-79.4455358545839,-244.657438823568,144.221958677432));
#5220=CARTESIAN_POINT('',(-93.1504826649071,-241.746445323942,144.321958746317));
#5221=CARTESIAN_POINT('',(-82.154547007339,-241.746445323942,144.321958746317));
#5222=CARTESIAN_POINT('',(-93.1504826649071,-241.746445323942,142.281957919698));
#5223=CARTESIAN_POINT('',(-82.154547007339,-241.746445323942,142.281957919698));
#5224=CARTESIAN_POINT('',(-93.6211326914351,-247.568432323195,142.281957919698));
#5225=CARTESIAN_POINT('',(-82.1117606412911,-247.568432323195,142.281957919698));
#5226=CARTESIAN_POINT('',(-93.6211326914351,-247.568432323195,144.321958746317));
#5227=CARTESIAN_POINT('',(-82.1117606412911,-247.568432323195,144.321958746317));
#5228=CARTESIAN_POINT('',(-82.111760641291,-248.27063102312,144.051958677432));
#5229=CARTESIAN_POINT('',(-82.111760641291,-241.044246624017,144.051958677432));
#5230=CARTESIAN_POINT('',(-93.6211326914352,-248.27063102312,144.051958677432));
#5231=CARTESIAN_POINT('',(-93.6211326914352,-241.044246624017,144.051958677432));
#5232=CARTESIAN_POINT('',(-82.4455358545827,-254.773921322911,141.444730064589));
#5233=CARTESIAN_POINT('',(-82.4455358545827,-254.773921322911,153.531465152518));
#5234=CARTESIAN_POINT('',(-72.3290533552358,-254.773921322911,141.444730064589));
#5235=CARTESIAN_POINT('',(-72.3290533552358,-254.773921322911,153.531465152518));
#5236=CARTESIAN_POINT('',(-72.3290533552357,-244.657438823564,141.444730064589));
#5237=CARTESIAN_POINT('',(-72.3290533552357,-244.657438823564,153.531465152518));
#5238=CARTESIAN_POINT('',(-72.3290533552358,-234.540956324217,141.444730064589));
#5239=CARTESIAN_POINT('',(-72.3290533552358,-234.540956324217,153.531465152518));
#5240=CARTESIAN_POINT('',(-82.4455358545827,-234.540956324217,141.444730064589));
#5241=CARTESIAN_POINT('',(-82.4455358545827,-234.540956324217,153.531465152518));
#5242=CARTESIAN_POINT('',(-92.5620183539297,-234.540956324217,141.444730064589));
#5243=CARTESIAN_POINT('',(-92.5620183539297,-234.540956324217,153.531465152518));
#5244=CARTESIAN_POINT('',(-92.5620183539297,-244.657438823564,141.444730064589));
#5245=CARTESIAN_POINT('',(-92.5620183539297,-244.657438823564,153.531465152518));
#5246=CARTESIAN_POINT('',(-92.5620183539297,-254.773921322911,141.444730064589));
#5247=CARTESIAN_POINT('',(-92.5620183539297,-254.773921322911,153.531465152518));
#5248=CARTESIAN_POINT('',(-82.4455358545827,-254.773921322911,141.444730064589));
#5249=CARTESIAN_POINT('',(-82.4455358545827,-254.773921322911,153.531465152518));
#5250=CARTESIAN_POINT('',(-82.4455358545827,-254.773921322911,95.1724522712231));
#5251=CARTESIAN_POINT('',(-82.4455358545827,-254.773921322911,107.259186532532));
#5252=CARTESIAN_POINT('',(-72.3290533552358,-254.773921322911,95.1724522712231));
#5253=CARTESIAN_POINT('',(-72.3290533552358,-254.773921322911,107.259186532532));
#5254=CARTESIAN_POINT('',(-72.3290533552357,-244.657438823564,95.1724522712231));
#5255=CARTESIAN_POINT('',(-72.3290533552357,-244.657438823564,107.259186532532));
#5256=CARTESIAN_POINT('',(-72.3290533552358,-234.540956324217,95.1724522712231));
#5257=CARTESIAN_POINT('',(-72.3290533552358,-234.540956324217,107.259186532532));
#5258=CARTESIAN_POINT('',(-82.4455358545827,-234.540956324217,95.1724522712231));
#5259=CARTESIAN_POINT('',(-82.4455358545827,-234.540956324217,107.259186532532));
#5260=CARTESIAN_POINT('',(-92.5620183539297,-234.540956324217,95.1724522712231));
#5261=CARTESIAN_POINT('',(-92.5620183539297,-234.540956324217,107.259186532532));
#5262=CARTESIAN_POINT('',(-92.5620183539297,-244.657438823564,95.1724522712231));
#5263=CARTESIAN_POINT('',(-92.5620183539297,-244.657438823564,107.259186532532));
#5264=CARTESIAN_POINT('',(-92.5620183539297,-254.773921322911,95.1724522712231));
#5265=CARTESIAN_POINT('',(-92.5620183539297,-254.773921322911,107.259186532532));
#5266=CARTESIAN_POINT('',(-82.4455358545827,-254.773921322911,95.1724522712231));
#5267=CARTESIAN_POINT('',(-82.4455358545827,-254.773921322911,107.259186532532));
#5268=CARTESIAN_POINT('',(-77.3356848972752,-285.685822931521,134.147934488597));
#5269=CARTESIAN_POINT('',(-77.3356848972752,-285.685822931521,144.276749815818));
#5270=CARTESIAN_POINT('',(-76.3857619278787,-268.177284434986,134.147934488597));
#5271=CARTESIAN_POINT('',(-76.3857619278787,-268.177284434986,144.276749815818));
#5272=CARTESIAN_POINT('',(-94.2375061349556,-261.798979652589,124.351958677422));
#5273=CARTESIAN_POINT('',(-75.3328180056152,-261.798898151136,124.351958677422));
#5274=CARTESIAN_POINT('',(-94.2375061349556,-261.798979652589,138.096985152607));
#5275=CARTESIAN_POINT('',(-75.3328180056152,-261.798898151136,138.096985152607));
#5276=CARTESIAN_POINT('',(-94.2374468777166,-275.544006127646,138.096985152607));
#5277=CARTESIAN_POINT('',(-75.3327587483762,-275.543924626194,138.096985152607));
#5278=CARTESIAN_POINT('',(-94.2373876204775,-289.289032602704,138.096985152607));
#5279=CARTESIAN_POINT('',(-75.3326994911371,-289.288951101251,138.096985152607));
#5280=CARTESIAN_POINT('',(-94.2373876204775,-289.289032602704,124.351958677422));
#5281=CARTESIAN_POINT('',(-75.3326994911371,-289.288951101251,124.351958677422));
#5282=CARTESIAN_POINT('',(-94.2373876204775,-289.289032602704,110.606932202237));
#5283=CARTESIAN_POINT('',(-75.3326994911371,-289.288951101251,110.606932202237));
#5284=CARTESIAN_POINT('',(-94.2374468777166,-275.544006127646,110.606932202237));
#5285=CARTESIAN_POINT('',(-75.3327587483762,-275.543924626194,110.606932202237));
#5286=CARTESIAN_POINT('',(-94.2375061349556,-261.798979652589,110.606932202237));
#5287=CARTESIAN_POINT('',(-75.3328180056152,-261.798898151136,110.606932202237));
#5288=CARTESIAN_POINT('',(-94.2375061349556,-261.798979652589,124.351958677422));
#5289=CARTESIAN_POINT('',(-75.3328180056152,-261.798898151136,124.351958677422));
#5290=CARTESIAN_POINT('',(-92.5620183539231,-240.580916927532,90.5452244161134));
#5291=CARTESIAN_POINT('',(-92.5620183539231,-240.580916927532,158.158692938741));
#5292=CARTESIAN_POINT('',(-92.5620183539231,-288.299179679914,90.5452244161134));
#5293=CARTESIAN_POINT('',(-92.5620183539231,-288.299179679914,158.158692938741));
#5294=CARTESIAN_POINT('',(-76.9072540749343,-272.385948747013,90.5452244161134));
#5295=CARTESIAN_POINT('',(-76.9072540749343,-272.385948747013,158.158692938741));
#5296=CARTESIAN_POINT('',(-71.8924245110396,-242.012935451969,90.5452244161134));
#5297=CARTESIAN_POINT('',(-71.8924245110396,-242.012935451969,158.158692938741));
#5298=CARTESIAN_POINT('',(-77.33568489723,-285.685822930688,104.427167539046));
#5299=CARTESIAN_POINT('',(-77.33568489723,-285.685822930688,114.55598286617));
#5300=CARTESIAN_POINT('',(-76.3857619278828,-268.177284435062,104.427167539046));
#5301=CARTESIAN_POINT('',(-76.3857619278828,-268.177284435062,114.55598286617));
#5302=CARTESIAN_POINT('',(-81.0515612768011,-335.716486100732,111.036542482481));
#5303=CARTESIAN_POINT('',(-81.0515612768011,-335.716486100732,137.667374872374));
#5304=CARTESIAN_POINT('',(-77.1372620178467,-263.569942148967,111.036542482481));
#5305=CARTESIAN_POINT('',(-77.1372620178467,-263.569942148967,137.667374872374));
#5306=CARTESIAN_POINT('',(-74.0478636227681,-269.872891920841,138.871958677423));
#5307=CARTESIAN_POINT('',(-74.0478636227681,-269.872891920841,109.831958677422));
#5308=CARTESIAN_POINT('',(-77.8948553912676,-269.664173994744,138.871958677423));
#5309=CARTESIAN_POINT('',(-77.8948553912676,-269.664173994744,109.831958677422));
#5310=CARTESIAN_POINT('',(-73.9316768253536,-270.436746208591,112.351958677422));
#5311=CARTESIAN_POINT('',(-73.9316768253536,-264.593340164513,112.351958677422));
#5312=CARTESIAN_POINT('',(-76.8105296312331,-270.436746208591,112.351958677422));
#5313=CARTESIAN_POINT('',(-76.8105296312331,-264.593340164513,112.351958677422));
#5314=CARTESIAN_POINT('',(-86.061918916973,-324.306373566,116.979782418559));
#5315=CARTESIAN_POINT('',(-86.061918916973,-324.306373566,131.724134936287));
#5316=CARTESIAN_POINT('',(-89.061918916973,-324.306373566,116.979782418559));
#5317=CARTESIAN_POINT('',(-89.0619189169731,-324.306373566,131.724134936287));
#5318=CARTESIAN_POINT('',(-89.061918916973,-327.306373566,116.979782418559));
#5319=CARTESIAN_POINT('',(-89.0619189169732,-327.306373566,131.724134936287));
#5320=CARTESIAN_POINT('',(-89.061918916973,-330.306373566,116.979782418559));
#5321=CARTESIAN_POINT('',(-89.0619189169731,-330.306373566,131.724134936287));
#5322=CARTESIAN_POINT('',(-86.061918916973,-330.306373566,116.979782418559));
#5323=CARTESIAN_POINT('',(-86.061918916973,-330.306373566,131.724134936287));
#5324=CARTESIAN_POINT('',(-83.0619189169731,-330.306373566,116.979782418559));
#5325=CARTESIAN_POINT('',(-83.061918916973,-330.306373566,131.724134936287));
#5326=CARTESIAN_POINT('',(-83.061918916973,-327.306373566,116.979782418559));
#5327=CARTESIAN_POINT('',(-83.061918916973,-327.306373566,131.724134936287));
#5328=CARTESIAN_POINT('',(-83.0619189169731,-324.306373566,116.979782418559));
#5329=CARTESIAN_POINT('',(-83.061918916973,-324.306373566,131.724134936287));
#5330=CARTESIAN_POINT('',(-86.061918916973,-324.306373566,116.979782418559));
#5331=CARTESIAN_POINT('',(-86.061918916973,-324.306373566,131.724134936287));
#5332=CARTESIAN_POINT('',(-92.9285484984414,-292.764930916402,112.681990963494));
#5333=CARTESIAN_POINT('',(-92.9285484984414,-292.764930916402,136.021926391361));
#5334=CARTESIAN_POINT('',(-88.6769438566564,-330.928617274707,112.681990963494));
#5335=CARTESIAN_POINT('',(-88.6769438566564,-330.928617274707,136.021926391361));
#5336=CARTESIAN_POINT('',(-77.3608063486731,-264.69020731579,109.831958677422));
#5337=CARTESIAN_POINT('',(-77.3608063486731,-264.690207315791,138.871958677422));
#5338=CARTESIAN_POINT('',(-80.3608063486727,-264.69020731579,109.831958677422));
#5339=CARTESIAN_POINT('',(-80.3608063486724,-264.690207315791,138.871958677422));
#5340=CARTESIAN_POINT('',(-80.3608063486726,-267.69020731579,109.831958677422));
#5341=CARTESIAN_POINT('',(-80.3608063486724,-267.69020731579,138.871958677422));
#5342=CARTESIAN_POINT('',(-80.3608063486727,-270.69020731579,109.831958677422));
#5343=CARTESIAN_POINT('',(-80.3608063486724,-270.690207315789,138.871958677422));
#5344=CARTESIAN_POINT('',(-77.3608063486731,-270.69020731579,109.831958677422));
#5345=CARTESIAN_POINT('',(-77.3608063486731,-270.690207315789,138.871958677422));
#5346=CARTESIAN_POINT('',(-74.3608063486734,-270.69020731579,109.831958677422));
#5347=CARTESIAN_POINT('',(-74.3608063486737,-270.690207315789,138.871958677422));
#5348=CARTESIAN_POINT('',(-74.3608063486734,-267.69020731579,109.831958677422));
#5349=CARTESIAN_POINT('',(-74.3608063486737,-267.69020731579,138.871958677422));
#5350=CARTESIAN_POINT('',(-74.3608063486734,-264.69020731579,109.831958677422));
#5351=CARTESIAN_POINT('',(-74.3608063486737,-264.690207315791,138.871958677422));
#5352=CARTESIAN_POINT('',(-77.3608063486731,-264.69020731579,109.831958677422));
#5353=CARTESIAN_POINT('',(-77.3608063486731,-264.690207315791,138.871958677422));
#5354=CARTESIAN_POINT('',(-74.491241035311,-270.175641273269,109.831958677422));
#5355=CARTESIAN_POINT('',(-74.491241035311,-270.175641273269,138.871958677422));
#5356=CARTESIAN_POINT('',(-74.3475333069146,-267.52688724169,109.831958677422));
#5357=CARTESIAN_POINT('',(-74.3475333069146,-267.52688724169,138.871958677422));
#5358=CARTESIAN_POINT('',(-76.8105296312331,-270.436746208591,136.351958677422));
#5359=CARTESIAN_POINT('',(-76.8105296312331,-264.593340164513,136.351958677422));
#5360=CARTESIAN_POINT('',(-73.9316768253532,-270.436746208591,136.351958677422));
#5361=CARTESIAN_POINT('',(-73.9316768253533,-264.593340164513,136.351958677422));
#5362=CARTESIAN_POINT('',(-75.9554351449792,-263.934738517804,111.641624245554));
#5363=CARTESIAN_POINT('',(-74.850687402824,-330.935327195011,112.738599492339));
#5364=CARTESIAN_POINT('',(-82.0909028104901,-263.934738517804,117.820564080713));
#5365=CARTESIAN_POINT('',(-80.9861550683348,-330.935327195011,118.917539327497));
#5366=CARTESIAN_POINT('',(-85.4414480299231,-324.33562497808,123.186754282652));
#5367=CARTESIAN_POINT('',(-85.4414480299229,-324.33562497808,123.186754282653));
#5368=CARTESIAN_POINT('',(-85.4414480299231,-324.33562497808,123.186754282652));
#5369=CARTESIAN_POINT('',(-85.4414480299229,-324.33562497808,123.186754282653));
#5370=CARTESIAN_POINT('',(-85.4414480299231,-324.33562497808,123.186754282652));
#5371=CARTESIAN_POINT('',(-85.4414480299229,-324.33562497808,123.186754282653));
#5372=CARTESIAN_POINT('',(-85.4414480299231,-324.33562497808,123.186754282652));
#5373=CARTESIAN_POINT('',(-85.4414480299229,-324.33562497808,123.186754282653));
#5374=CARTESIAN_POINT('',(-85.4414480299231,-324.33562497808,123.186754282652));
#5375=CARTESIAN_POINT('',(-78.367259596013,-317.98955075842,123.186754282652));
#5376=CARTESIAN_POINT('',(-78.367259596013,-317.98955075842,129.906754282653));
#5377=CARTESIAN_POINT('',(-78.7313167031332,-324.69968208521,129.906754282653));
#5378=CARTESIAN_POINT('',(-79.0953738102532,-331.409813412,129.906754282653));
#5379=CARTESIAN_POINT('',(-79.0953738102532,-331.409813412,123.186754282652));
#5380=CARTESIAN_POINT('',(-79.0953738102532,-331.409813412,116.466754282652));
#5381=CARTESIAN_POINT('',(-78.7313167031332,-324.69968208521,116.466754282652));
#5382=CARTESIAN_POINT('',(-78.367259596013,-317.98955075842,116.466754282652));
#5383=CARTESIAN_POINT('',(-78.367259596013,-317.98955075842,123.186754282652));
#5384=CARTESIAN_POINT('',(-79.5677183720124,-330.883274591303,122.833713403698));
#5385=CARTESIAN_POINT('',(-79.5677183720124,-330.883274591303,125.870203951147));
#5386=CARTESIAN_POINT('',(-80.9272585782442,-329.367748098947,122.833713403698));
#5387=CARTESIAN_POINT('',(-80.9272585782442,-329.367748098947,125.870203951147));
#5388=CARTESIAN_POINT('',(-85.4414480299231,-324.33562497808,125.517163072193));
#5389=CARTESIAN_POINT('',(-85.4414480299229,-324.33562497808,125.517163072193));
#5390=CARTESIAN_POINT('',(-85.4414480299231,-324.33562497808,125.517163072193));
#5391=CARTESIAN_POINT('',(-85.4414480299229,-324.33562497808,125.517163072193));
#5392=CARTESIAN_POINT('',(-85.4414480299231,-324.33562497808,125.517163072193));
#5393=CARTESIAN_POINT('',(-85.4414480299229,-324.33562497808,125.517163072193));
#5394=CARTESIAN_POINT('',(-85.4414480299231,-324.33562497808,125.517163072193));
#5395=CARTESIAN_POINT('',(-85.4414480299229,-324.33562497808,125.517163072193));
#5396=CARTESIAN_POINT('',(-85.4414480299231,-324.33562497808,125.517163072193));
#5397=CARTESIAN_POINT('',(-78.6995870355531,-324.11485560549,118.822734701023));
#5398=CARTESIAN_POINT('',(-78.336915275643,-317.43025835424,119.408421292283));
#5399=CARTESIAN_POINT('',(-78.3686449432132,-318.01508483396,126.102849663463));
#5400=CARTESIAN_POINT('',(-78.4003746107828,-318.59991131368,132.797278034633));
#5401=CARTESIAN_POINT('',(-78.763046370703,-325.28450856493,132.211591443373));
#5402=CARTESIAN_POINT('',(-79.125718130623,-331.96910581617,131.625904852103));
#5403=CARTESIAN_POINT('',(-79.0939884630532,-331.38427933645,124.931476480932));
#5404=CARTESIAN_POINT('',(-79.0622587954729,-330.79945285673,118.237048109753));
#5405=CARTESIAN_POINT('',(-78.6995870355531,-324.11485560549,118.822734701023));
#5406=CARTESIAN_POINT('',(-82.0909028104901,-263.934738517804,130.883353274131));
#5407=CARTESIAN_POINT('',(-80.9861550683344,-330.935327195011,129.786378027346));
#5408=CARTESIAN_POINT('',(-75.9554351449783,-263.934738517804,137.062293109291));
#5409=CARTESIAN_POINT('',(-74.8506874028226,-330.935327195011,135.965317862506));
#5410=CARTESIAN_POINT('',(-90.1690482193145,-318.070305508,123.186754282652));
#5411=CARTESIAN_POINT('',(-77.6838053148271,-318.74769037458,123.186754282652));
#5412=CARTESIAN_POINT('',(-90.1690482193145,-318.070305508,129.186754282652));
#5413=CARTESIAN_POINT('',(-77.6838053148271,-318.74769037458,129.186754282652));
#5414=CARTESIAN_POINT('',(-90.494099207817,-324.061494192633,129.186754282652));
#5415=CARTESIAN_POINT('',(-78.0088563033296,-324.738879059213,129.186754282652));
#5416=CARTESIAN_POINT('',(-90.8191501963193,-330.052682877266,129.186754282652));
#5417=CARTESIAN_POINT('',(-78.333907291832,-330.730067743846,129.186754282652));
#5418=CARTESIAN_POINT('',(-90.8191501963194,-330.052682877266,123.186754282652));
#5419=CARTESIAN_POINT('',(-78.333907291832,-330.730067743846,123.186754282652));
#5420=CARTESIAN_POINT('',(-90.8191501963193,-330.052682877266,117.186754282652));
#5421=CARTESIAN_POINT('',(-78.333907291832,-330.730067743846,117.186754282652));
#5422=CARTESIAN_POINT('',(-90.494099207817,-324.061494192633,117.186754282652));
#5423=CARTESIAN_POINT('',(-78.0088563033296,-324.738879059213,117.186754282652));
#5424=CARTESIAN_POINT('',(-90.1690482193145,-318.070305508,117.186754282652));
#5425=CARTESIAN_POINT('',(-77.6838053148271,-318.74769037458,117.186754282652));
#5426=CARTESIAN_POINT('',(-90.1690482193145,-318.070305508,123.186754282652));
#5427=CARTESIAN_POINT('',(-77.6838053148271,-318.74769037458,123.186754282652));
#5428=CARTESIAN_POINT('',(-79.0042576471755,-330.693697992008,125.870203951147));
#5429=CARTESIAN_POINT('',(-79.0042576471755,-330.693697992008,122.833713403698));
#5430=CARTESIAN_POINT('',(-86.9954970978307,-330.260134567532,125.870203951147));
#5431=CARTESIAN_POINT('',(-86.9954970978307,-330.260134567532,122.833713403698));
#5432=CARTESIAN_POINT('',(-90.1690482193145,-318.070305507999,125.517163072193));
#5433=CARTESIAN_POINT('',(-77.6838053148269,-318.747690374579,125.517163072193));
#5434=CARTESIAN_POINT('',(-90.1690482193145,-318.070305507999,131.517163072193));
#5435=CARTESIAN_POINT('',(-77.6838053148269,-318.747690374579,131.517163072193));
#5436=CARTESIAN_POINT('',(-90.494099207817,-324.061494192632,131.517163072193));
#5437=CARTESIAN_POINT('',(-78.0088563033293,-324.738879059212,131.517163072193));
#5438=CARTESIAN_POINT('',(-90.8191501963195,-330.052682877265,131.517163072193));
#5439=CARTESIAN_POINT('',(-78.3339072918317,-330.730067743845,131.517163072193));
#5440=CARTESIAN_POINT('',(-90.8191501963194,-330.052682877265,125.517163072193));
#5441=CARTESIAN_POINT('',(-78.3339072918317,-330.730067743845,125.517163072193));
#5442=CARTESIAN_POINT('',(-90.8191501963195,-330.052682877265,119.517163072193));
#5443=CARTESIAN_POINT('',(-78.3339072918317,-330.730067743845,119.517163072193));
#5444=CARTESIAN_POINT('',(-90.494099207817,-324.061494192632,119.517163072193));
#5445=CARTESIAN_POINT('',(-78.0088563033293,-324.738879059212,119.517163072193));
#5446=CARTESIAN_POINT('',(-90.1690482193145,-318.070305507999,119.517163072193));
#5447=CARTESIAN_POINT('',(-77.6838053148269,-318.747690374579,119.517163072193));
#5448=CARTESIAN_POINT('',(-90.1690482193145,-318.070305507999,125.517163072193));
#5449=CARTESIAN_POINT('',(-77.6838053148269,-318.747690374579,125.517163072193));
#5450=CARTESIAN_POINT('',(-92.562018353923,-260.52165981399,109.831958677422));
#5451=CARTESIAN_POINT('',(-92.562018353923,-260.52165981399,138.871958677422));
#5452=CARTESIAN_POINT('',(-92.562018353923,-299.394412135656,109.831958677422));
#5453=CARTESIAN_POINT('',(-92.562018353923,-299.394412135656,138.871958677422));
#5454=CARTESIAN_POINT('',(-75.5788727274197,-279.886644503168,113.23401846716));
#5455=CARTESIAN_POINT('',(-94.233675535878,-279.878978758504,113.321767193225));
#5456=CARTESIAN_POINT('',(-75.5788727274197,-329.420149496088,117.561274469772));
#5457=CARTESIAN_POINT('',(-94.233675535878,-329.412483751424,117.649023195837));
#5458=CARTESIAN_POINT('',(-75.5788727274643,-329.420149496012,131.142642885087));
#5459=CARTESIAN_POINT('',(-94.2336755358737,-329.412483751348,131.054894159023));
#5460=CARTESIAN_POINT('',(-75.5788727274643,-279.886644504002,135.46989888762));
#5461=CARTESIAN_POINT('',(-94.2336755358737,-279.878978759338,135.382150161556));
#5462=CARTESIAN_POINT('',(-87.3856428923831,-241.198069664586,148.388902767266));
#5463=CARTESIAN_POINT('',(-88.8856428923829,-241.198069664586,148.388902767266));
#5464=CARTESIAN_POINT('',(-88.8856428923829,-239.698069664586,148.388902767266));
#5465=CARTESIAN_POINT('',(-88.8856428923829,-238.198069664586,148.388902767266));
#5466=CARTESIAN_POINT('',(-87.3856428923831,-238.198069664586,148.388902767266));
#5467=CARTESIAN_POINT('',(-85.8856428923833,-238.198069664586,148.388902767266));
#5468=CARTESIAN_POINT('',(-85.8856428923833,-239.698069664586,148.388902767266));
#5469=CARTESIAN_POINT('',(-85.8856428923833,-241.198069664586,148.388902767266));
#5470=CARTESIAN_POINT('',(-87.3856428923831,-241.198069664586,148.388902767266));
#5471=CARTESIAN_POINT('',(-87.3856428923831,-241.198069664586,123.568944847542));
#5472=CARTESIAN_POINT('',(-88.885642892383,-241.198069664586,123.568944847542));
#5473=CARTESIAN_POINT('',(-88.885642892383,-239.698069664586,123.568944847542));
#5474=CARTESIAN_POINT('',(-88.885642892383,-238.198069664586,123.568944847542));
#5475=CARTESIAN_POINT('',(-87.3856428923831,-238.198069664586,123.568944847542));
#5476=CARTESIAN_POINT('',(-85.8856428923832,-238.198069664586,123.568944847542));
#5477=CARTESIAN_POINT('',(-85.8856428923833,-239.698069664586,123.568944847542));
#5478=CARTESIAN_POINT('',(-85.8856428923832,-241.198069664586,123.568944847542));
#5479=CARTESIAN_POINT('',(-87.3856428923831,-241.198069664586,123.568944847542));
#5480=CARTESIAN_POINT('',(-87.3856428923831,-238.198069664586,148.388902767269));
#5481=CARTESIAN_POINT('',(-85.8856428923834,-238.198069664586,148.388902767269));
#5482=CARTESIAN_POINT('',(-85.8856428923835,-239.698069664586,148.388902767269));
#5483=CARTESIAN_POINT('',(-85.8856428923834,-241.198069664585,148.388902767269));
#5484=CARTESIAN_POINT('',(-87.3856428923831,-241.198069664585,148.388902767269));
#5485=CARTESIAN_POINT('',(-88.8856428923828,-241.198069664585,148.388902767269));
#5486=CARTESIAN_POINT('',(-88.8856428923828,-239.698069664586,148.388902767269));
#5487=CARTESIAN_POINT('',(-88.8856428923828,-238.198069664586,148.388902767269));
#5488=CARTESIAN_POINT('',(-87.3856428923831,-238.198069664586,148.388902767269));
#5489=CARTESIAN_POINT('',(-87.3856428923831,-238.198069664586,123.568944847542));
#5490=CARTESIAN_POINT('',(-85.8856428923835,-238.198069664586,123.568944847542));
#5491=CARTESIAN_POINT('',(-85.8856428923835,-239.698069664586,123.568944847542));
#5492=CARTESIAN_POINT('',(-85.8856428923835,-241.198069664586,123.568944847542));
#5493=CARTESIAN_POINT('',(-87.3856428923831,-241.198069664586,123.568944847542));
#5494=CARTESIAN_POINT('',(-88.8856428923827,-241.198069664586,123.568944847542));
#5495=CARTESIAN_POINT('',(-88.8856428923827,-239.698069664586,123.568944847542));
#5496=CARTESIAN_POINT('',(-88.8856428923827,-238.198069664586,123.568944847542));
#5497=CARTESIAN_POINT('',(-87.3856428923831,-238.198069664586,123.568944847542));
#5498=CARTESIAN_POINT('',(-77.4861666955931,-241.21733178577,148.388902767266));
#5499=CARTESIAN_POINT('',(-78.986166695593,-241.21733178577,148.388902767266));
#5500=CARTESIAN_POINT('',(-78.9861666955931,-239.71733178577,148.388902767266));
#5501=CARTESIAN_POINT('',(-78.986166695593,-238.21733178577,148.388902767266));
#5502=CARTESIAN_POINT('',(-77.4861666955931,-238.21733178577,148.388902767266));
#5503=CARTESIAN_POINT('',(-75.9861666955931,-238.21733178577,148.388902767266));
#5504=CARTESIAN_POINT('',(-75.9861666955931,-239.71733178577,148.388902767266));
#5505=CARTESIAN_POINT('',(-75.9861666955931,-241.21733178577,148.388902767266));
#5506=CARTESIAN_POINT('',(-77.4861666955931,-241.21733178577,148.388902767266));
#5507=CARTESIAN_POINT('',(-77.4861666955931,-241.21733178577,123.568944847542));
#5508=CARTESIAN_POINT('',(-78.9861666955931,-241.21733178577,123.568944847542));
#5509=CARTESIAN_POINT('',(-78.9861666955931,-239.71733178577,123.568944847542));
#5510=CARTESIAN_POINT('',(-78.9861666955931,-238.21733178577,123.568944847542));
#5511=CARTESIAN_POINT('',(-77.4861666955931,-238.21733178577,123.568944847542));
#5512=CARTESIAN_POINT('',(-75.986166695593,-238.21733178577,123.568944847542));
#5513=CARTESIAN_POINT('',(-75.9861666955929,-239.71733178577,123.568944847542));
#5514=CARTESIAN_POINT('',(-75.986166695593,-241.21733178577,123.568944847542));
#5515=CARTESIAN_POINT('',(-77.4861666955931,-241.21733178577,123.568944847542));
#5516=CARTESIAN_POINT('',(-77.4861666955931,-238.21733178577,148.388902767266));
#5517=CARTESIAN_POINT('',(-75.9861666955935,-238.21733178577,148.388902767266));
#5518=CARTESIAN_POINT('',(-75.9861666955935,-239.71733178577,148.388902767266));
#5519=CARTESIAN_POINT('',(-75.9861666955935,-241.21733178577,148.388902767266));
#5520=CARTESIAN_POINT('',(-77.4861666955931,-241.21733178577,148.388902767266));
#5521=CARTESIAN_POINT('',(-78.9861666955927,-241.21733178577,148.388902767266));
#5522=CARTESIAN_POINT('',(-78.9861666955927,-239.71733178577,148.388902767266));
#5523=CARTESIAN_POINT('',(-78.9861666955927,-238.21733178577,148.388902767266));
#5524=CARTESIAN_POINT('',(-77.4861666955931,-238.21733178577,148.388902767266));
#5525=CARTESIAN_POINT('',(-77.4861666955931,-238.217331785771,123.568944847541));
#5526=CARTESIAN_POINT('',(-75.9861666955936,-238.217331785771,123.568944847541));
#5527=CARTESIAN_POINT('',(-75.9861666955936,-239.71733178577,123.568944847541));
#5528=CARTESIAN_POINT('',(-75.9861666955936,-241.21733178577,123.568944847541));
#5529=CARTESIAN_POINT('',(-77.4861666955931,-241.21733178577,123.568944847541));
#5530=CARTESIAN_POINT('',(-78.9861666955926,-241.21733178577,123.568944847541));
#5531=CARTESIAN_POINT('',(-78.9861666955925,-239.71733178577,123.568944847541));
#5532=CARTESIAN_POINT('',(-78.9861666955926,-238.217331785771,123.568944847541));
#5533=CARTESIAN_POINT('',(-77.4861666955931,-238.217331785771,123.568944847541));
#5534=CARTESIAN_POINT('',(-87.4049050135632,-251.097545861369,148.388902767266));
#5535=CARTESIAN_POINT('',(-88.9049050135625,-251.097545861369,148.388902767266));
#5536=CARTESIAN_POINT('',(-88.9049050135625,-249.597545861369,148.388902767266));
#5537=CARTESIAN_POINT('',(-88.9049050135625,-248.09754586137,148.388902767266));
#5538=CARTESIAN_POINT('',(-87.4049050135632,-248.09754586137,148.388902767266));
#5539=CARTESIAN_POINT('',(-85.9049050135637,-248.09754586137,148.388902767266));
#5540=CARTESIAN_POINT('',(-85.9049050135637,-249.597545861369,148.388902767266));
#5541=CARTESIAN_POINT('',(-85.9049050135637,-251.097545861369,148.388902767266));
#5542=CARTESIAN_POINT('',(-87.4049050135632,-251.097545861369,148.388902767266));
#5543=CARTESIAN_POINT('',(-87.4049050135632,-251.097545861368,123.568944847542));
#5544=CARTESIAN_POINT('',(-88.9049050135626,-251.097545861368,123.568944847542));
#5545=CARTESIAN_POINT('',(-88.9049050135627,-249.597545861369,123.568944847542));
#5546=CARTESIAN_POINT('',(-88.9049050135626,-248.097545861369,123.568944847542));
#5547=CARTESIAN_POINT('',(-87.4049050135632,-248.097545861369,123.568944847542));
#5548=CARTESIAN_POINT('',(-85.9049050135636,-248.097545861369,123.568944847542));
#5549=CARTESIAN_POINT('',(-85.9049050135636,-249.597545861369,123.568944847542));
#5550=CARTESIAN_POINT('',(-85.9049050135636,-251.097545861368,123.568944847542));
#5551=CARTESIAN_POINT('',(-87.4049050135632,-251.097545861368,123.568944847542));
#5552=CARTESIAN_POINT('',(-87.4049050135632,-248.097545861369,148.388902767266));
#5553=CARTESIAN_POINT('',(-85.9049050135635,-248.097545861369,148.388902767266));
#5554=CARTESIAN_POINT('',(-85.9049050135635,-249.597545861369,148.388902767266));
#5555=CARTESIAN_POINT('',(-85.9049050135635,-251.097545861368,148.388902767266));
#5556=CARTESIAN_POINT('',(-87.4049050135632,-251.097545861368,148.388902767266));
#5557=CARTESIAN_POINT('',(-88.9049050135627,-251.097545861368,148.388902767266));
#5558=CARTESIAN_POINT('',(-88.9049050135627,-249.597545861369,148.388902767266));
#5559=CARTESIAN_POINT('',(-88.9049050135627,-248.097545861369,148.388902767266));
#5560=CARTESIAN_POINT('',(-87.4049050135632,-248.097545861369,148.388902767266));
#5561=CARTESIAN_POINT('',(-87.4049050135632,-248.097545861369,123.568944847542));
#5562=CARTESIAN_POINT('',(-85.9049050135636,-248.097545861369,123.568944847542));
#5563=CARTESIAN_POINT('',(-85.9049050135636,-249.597545861369,123.568944847542));
#5564=CARTESIAN_POINT('',(-85.9049050135636,-251.097545861369,123.568944847542));
#5565=CARTESIAN_POINT('',(-87.4049050135632,-251.097545861369,123.568944847542));
#5566=CARTESIAN_POINT('',(-88.9049050135626,-251.097545861369,123.568944847542));
#5567=CARTESIAN_POINT('',(-88.9049050135627,-249.597545861369,123.568944847542));
#5568=CARTESIAN_POINT('',(-88.9049050135626,-248.097545861369,123.568944847542));
#5569=CARTESIAN_POINT('',(-87.4049050135632,-248.097545861369,123.568944847542));
#5570=CARTESIAN_POINT('',(-77.5054288167831,-251.116807982554,148.388902767269));
#5571=CARTESIAN_POINT('',(-79.0054288167826,-251.116807982554,148.388902767269));
#5572=CARTESIAN_POINT('',(-79.0054288167827,-249.616807982554,148.388902767269));
#5573=CARTESIAN_POINT('',(-79.0054288167826,-248.116807982554,148.388902767269));
#5574=CARTESIAN_POINT('',(-77.5054288167831,-248.116807982555,148.388902767269));
#5575=CARTESIAN_POINT('',(-76.0054288167834,-248.116807982554,148.388902767269));
#5576=CARTESIAN_POINT('',(-76.0054288167834,-249.616807982554,148.388902767269));
#5577=CARTESIAN_POINT('',(-76.0054288167834,-251.116807982554,148.388902767269));
#5578=CARTESIAN_POINT('',(-77.5054288167831,-251.116807982554,148.388902767269));
#5579=CARTESIAN_POINT('',(-77.5054288167831,-251.116807982553,123.568944847542));
#5580=CARTESIAN_POINT('',(-79.0054288167827,-251.116807982553,123.568944847542));
#5581=CARTESIAN_POINT('',(-79.0054288167827,-249.616807982554,123.568944847542));
#5582=CARTESIAN_POINT('',(-79.0054288167827,-248.116807982554,123.568944847542));
#5583=CARTESIAN_POINT('',(-77.5054288167831,-248.116807982554,123.568944847542));
#5584=CARTESIAN_POINT('',(-76.0054288167834,-248.116807982554,123.568944847542));
#5585=CARTESIAN_POINT('',(-76.0054288167834,-249.616807982554,123.568944847542));
#5586=CARTESIAN_POINT('',(-76.0054288167834,-251.116807982553,123.568944847542));
#5587=CARTESIAN_POINT('',(-77.5054288167831,-251.116807982553,123.568944847542));
#5588=CARTESIAN_POINT('',(-77.505428816783,-248.116807982554,148.38890276727));
#5589=CARTESIAN_POINT('',(-76.0054288167831,-248.116807982554,148.38890276727));
#5590=CARTESIAN_POINT('',(-76.0054288167831,-249.616807982554,148.38890276727));
#5591=CARTESIAN_POINT('',(-76.0054288167831,-251.116807982554,148.38890276727));
#5592=CARTESIAN_POINT('',(-77.505428816783,-251.116807982554,148.38890276727));
#5593=CARTESIAN_POINT('',(-79.0054288167829,-251.116807982554,148.38890276727));
#5594=CARTESIAN_POINT('',(-79.0054288167829,-249.616807982554,148.38890276727));
#5595=CARTESIAN_POINT('',(-79.0054288167829,-248.116807982554,148.38890276727));
#5596=CARTESIAN_POINT('',(-77.505428816783,-248.116807982554,148.38890276727));
#5597=CARTESIAN_POINT('',(-77.505428816783,-248.116807982554,123.568944847542));
#5598=CARTESIAN_POINT('',(-76.0054288167832,-248.116807982554,123.568944847542));
#5599=CARTESIAN_POINT('',(-76.0054288167832,-249.616807982554,123.568944847542));
#5600=CARTESIAN_POINT('',(-76.0054288167832,-251.116807982554,123.568944847542));
#5601=CARTESIAN_POINT('',(-77.505428816783,-251.116807982554,123.568944847542));
#5602=CARTESIAN_POINT('',(-79.0054288167827,-251.116807982554,123.568944847542));
#5603=CARTESIAN_POINT('',(-79.0054288167827,-249.616807982554,123.568944847542));
#5604=CARTESIAN_POINT('',(-79.0054288167827,-248.116807982554,123.568944847542));
#5605=CARTESIAN_POINT('',(-77.505428816783,-248.116807982554,123.568944847542));
#5606=CARTESIAN_POINT('',(-87.4049050135632,-251.128016925591,124.879032488107));
#5607=CARTESIAN_POINT('',(-88.904905013563,-251.12801692559,124.879032488107));
#5608=CARTESIAN_POINT('',(-88.9049050135632,-249.628006876412,124.878841329405));
#5609=CARTESIAN_POINT('',(-88.904905013563,-248.127996827233,124.878650170728));
#5610=CARTESIAN_POINT('',(-87.4049050135632,-248.127996827233,124.878650170728));
#5611=CARTESIAN_POINT('',(-85.9049050135632,-248.127996827233,124.878650170728));
#5612=CARTESIAN_POINT('',(-85.9049050135632,-249.628006876412,124.878841329405));
#5613=CARTESIAN_POINT('',(-85.9049050135632,-251.12801692559,124.879032488107));
#5614=CARTESIAN_POINT('',(-87.4049050135632,-251.128016925591,124.879032488107));
#5615=CARTESIAN_POINT('',(-87.4049050135632,-251.09736723326,100.565910937034));
#5616=CARTESIAN_POINT('',(-88.904905013563,-251.09736723326,100.565910937034));
#5617=CARTESIAN_POINT('',(-88.9049050135632,-249.597357184082,100.565719778333));
#5618=CARTESIAN_POINT('',(-88.904905013563,-248.097347134903,100.565528619659));
#5619=CARTESIAN_POINT('',(-87.4049050135632,-248.097347134903,100.565528619658));
#5620=CARTESIAN_POINT('',(-85.9049050135632,-248.097347134903,100.565528619659));
#5621=CARTESIAN_POINT('',(-85.9049050135632,-249.597357184082,100.565719778333));
#5622=CARTESIAN_POINT('',(-85.9049050135632,-251.09736723326,100.565910937034));
#5623=CARTESIAN_POINT('',(-87.4049050135632,-251.09736723326,100.565910937034));
#5624=CARTESIAN_POINT('',(-87.4049050135632,-248.127996827233,124.878650170728));
#5625=CARTESIAN_POINT('',(-85.9049050135632,-248.127996827233,124.878650170728));
#5626=CARTESIAN_POINT('',(-85.9049050135632,-249.628006876412,124.878841329405));
#5627=CARTESIAN_POINT('',(-85.9049050135632,-251.12801692559,124.879032488107));
#5628=CARTESIAN_POINT('',(-87.4049050135632,-251.128016925591,124.879032488107));
#5629=CARTESIAN_POINT('',(-88.904905013563,-251.12801692559,124.879032488107));
#5630=CARTESIAN_POINT('',(-88.9049050135632,-249.628006876412,124.878841329405));
#5631=CARTESIAN_POINT('',(-88.904905013563,-248.127996827233,124.878650170728));
#5632=CARTESIAN_POINT('',(-87.4049050135632,-248.127996827233,124.878650170728));
#5633=CARTESIAN_POINT('',(-87.4049050135632,-248.097347134903,100.565528619658));
#5634=CARTESIAN_POINT('',(-85.9049050135632,-248.097347134903,100.565528619659));
#5635=CARTESIAN_POINT('',(-85.9049050135632,-249.597357184082,100.56571977836));
#5636=CARTESIAN_POINT('',(-85.9049050135632,-251.09736723326,100.565910937034));
#5637=CARTESIAN_POINT('',(-87.4049050135632,-251.09736723326,100.565910937034));
#5638=CARTESIAN_POINT('',(-88.904905013563,-251.09736723326,100.565910937034));
#5639=CARTESIAN_POINT('',(-88.9049050135632,-249.597357184082,100.56571977836));
#5640=CARTESIAN_POINT('',(-88.904905013563,-248.097347134903,100.565528619659));
#5641=CARTESIAN_POINT('',(-87.4049050135632,-248.097347134903,100.565528619658));
#5642=CARTESIAN_POINT('',(-77.505428816783,-251.147279175822,124.879034942846));
#5643=CARTESIAN_POINT('',(-79.005428816783,-251.147279175822,124.879034942849));
#5644=CARTESIAN_POINT('',(-79.005428816783,-249.647269126643,124.878843784174));
#5645=CARTESIAN_POINT('',(-79.005428816783,-248.147259077465,124.878652625473));
#5646=CARTESIAN_POINT('',(-77.505428816783,-248.147259077465,124.878652625473));
#5647=CARTESIAN_POINT('',(-76.0054288167829,-248.147259077465,124.878652625473));
#5648=CARTESIAN_POINT('',(-76.005428816783,-249.647269126643,124.878843784174));
#5649=CARTESIAN_POINT('',(-76.0054288167829,-251.147279175822,124.879034942849));
#5650=CARTESIAN_POINT('',(-77.505428816783,-251.147279175822,124.879034942846));
#5651=CARTESIAN_POINT('',(-77.505428816783,-251.116629483492,100.565913391776));
#5652=CARTESIAN_POINT('',(-79.005428816783,-251.116629483492,100.565913391776));
#5653=CARTESIAN_POINT('',(-79.005428816783,-249.616619434313,100.565722233102));
#5654=CARTESIAN_POINT('',(-79.005428816783,-248.116609385134,100.565531074401));
#5655=CARTESIAN_POINT('',(-77.505428816783,-248.116609385135,100.565531074401));
#5656=CARTESIAN_POINT('',(-76.0054288167829,-248.116609385134,100.565531074401));
#5657=CARTESIAN_POINT('',(-76.005428816783,-249.616619434313,100.565722233102));
#5658=CARTESIAN_POINT('',(-76.0054288167829,-251.116629483492,100.565913391776));
#5659=CARTESIAN_POINT('',(-77.505428816783,-251.116629483492,100.565913391776));
#5660=CARTESIAN_POINT('',(-77.505428816783,-248.147259077465,124.878652625473));
#5661=CARTESIAN_POINT('',(-76.0054288167829,-248.147259077464,124.878652625473));
#5662=CARTESIAN_POINT('',(-76.005428816783,-249.647269126643,124.878843784174));
#5663=CARTESIAN_POINT('',(-76.0054288167829,-251.147279175822,124.879034942849));
#5664=CARTESIAN_POINT('',(-77.505428816783,-251.147279175822,124.879034942846));
#5665=CARTESIAN_POINT('',(-79.005428816783,-251.147279175822,124.879034942849));
#5666=CARTESIAN_POINT('',(-79.005428816783,-249.647269126643,124.878843784174));
#5667=CARTESIAN_POINT('',(-79.005428816783,-248.147259077464,124.878652625473));
#5668=CARTESIAN_POINT('',(-77.505428816783,-248.147259077465,124.878652625473));
#5669=CARTESIAN_POINT('',(-77.505428816783,-248.116609385134,100.565531074401));
#5670=CARTESIAN_POINT('',(-76.0054288167829,-248.116609385134,100.565531074401));
#5671=CARTESIAN_POINT('',(-76.005428816783,-249.616619434313,100.565722233102));
#5672=CARTESIAN_POINT('',(-76.0054288167829,-251.116629483492,100.565913391776));
#5673=CARTESIAN_POINT('',(-77.505428816783,-251.116629483492,100.565913391776));
#5674=CARTESIAN_POINT('',(-79.005428816783,-251.116629483492,100.565913391776));
#5675=CARTESIAN_POINT('',(-79.005428816783,-249.616619434313,100.565722233102));
#5676=CARTESIAN_POINT('',(-79.005428816783,-248.116609385134,100.565531074401));
#5677=CARTESIAN_POINT('',(-77.505428816783,-248.116609385134,100.565531074401));
#5678=CARTESIAN_POINT('',(-84.5356428923779,-239.698069664586,146.051958677422));
#5679=CARTESIAN_POINT('',(-84.5356428923779,-236.848069664585,146.051958677422));
#5680=CARTESIAN_POINT('',(-87.3856428923779,-236.848069664586,146.051958677422));
#5681=CARTESIAN_POINT('',(-90.2356428923779,-236.848069664585,146.051958677422));
#5682=CARTESIAN_POINT('',(-90.2356428923779,-239.698069664586,146.051958677422));
#5683=CARTESIAN_POINT('',(-84.5356428923779,-239.698069664586,161.861131996053));
#5684=CARTESIAN_POINT('',(-84.5356428923779,-236.848069664585,161.861131996053));
#5685=CARTESIAN_POINT('',(-87.3856428923779,-236.848069664586,161.861131996053));
#5686=CARTESIAN_POINT('',(-90.2356428923779,-236.848069664585,161.861131996053));
#5687=CARTESIAN_POINT('',(-90.2356428923779,-239.698069664586,161.861131996053));
#5688=CARTESIAN_POINT('',(-90.9481428923779,-243.260569664586,146.051958677422));
#5689=CARTESIAN_POINT('',(-90.9481428923779,-236.135569664586,146.051958677422));
#5690=CARTESIAN_POINT('',(-83.8231428923779,-243.260569664586,146.051958677422));
#5691=CARTESIAN_POINT('',(-83.8231428923779,-236.135569664586,146.051958677422));
#5692=CARTESIAN_POINT('',(-87.4049050135621,-246.747545861367,146.051958677422));
#5693=CARTESIAN_POINT('',(-90.2549050135621,-246.747545861367,146.051958677422));
#5694=CARTESIAN_POINT('',(-90.2549050135621,-249.597545861367,146.051958677422));
#5695=CARTESIAN_POINT('',(-90.2549050135621,-252.447545861367,146.051958677422));
#5696=CARTESIAN_POINT('',(-87.4049050135621,-252.447545861367,146.051958677422));
#5697=CARTESIAN_POINT('',(-87.4049050135621,-246.747545861367,161.861131996053));
#5698=CARTESIAN_POINT('',(-90.2549050135621,-246.747545861367,161.861131996053));
#5699=CARTESIAN_POINT('',(-90.2549050135621,-249.597545861367,161.861131996053));
#5700=CARTESIAN_POINT('',(-90.2549050135621,-252.447545861367,161.861131996053));
#5701=CARTESIAN_POINT('',(-87.4049050135621,-252.447545861367,161.861131996053));
#5702=CARTESIAN_POINT('',(-83.8424050135621,-253.160045861367,146.051958677422));
#5703=CARTESIAN_POINT('',(-90.9674050135621,-253.160045861367,146.051958677422));
#5704=CARTESIAN_POINT('',(-83.8424050135621,-246.035045861367,146.051958677422));
#5705=CARTESIAN_POINT('',(-90.9674050135621,-246.035045861367,146.051958677422));
#5706=CARTESIAN_POINT('',(-80.3554288167803,-249.616807982552,146.051958677422));
#5707=CARTESIAN_POINT('',(-80.3554288167803,-252.466807982552,146.051958677422));
#5708=CARTESIAN_POINT('',(-77.5054288167803,-252.466807982552,146.051958677422));
#5709=CARTESIAN_POINT('',(-74.6554288167803,-252.466807982552,146.051958677422));
#5710=CARTESIAN_POINT('',(-74.6554288167803,-249.616807982552,146.051958677422));
#5711=CARTESIAN_POINT('',(-80.3554288167803,-249.616807982552,161.861131996053));
#5712=CARTESIAN_POINT('',(-80.3554288167803,-252.466807982552,161.861131996053));
#5713=CARTESIAN_POINT('',(-77.5054288167803,-252.466807982552,161.861131996053));
#5714=CARTESIAN_POINT('',(-74.6554288167803,-252.466807982552,161.861131996053));
#5715=CARTESIAN_POINT('',(-74.6554288167803,-249.616807982552,161.861131996053));
#5716=CARTESIAN_POINT('',(-73.9429288167803,-246.054307982552,146.051958677422));
#5717=CARTESIAN_POINT('',(-73.9429288167803,-253.179307982552,146.051958677422));
#5718=CARTESIAN_POINT('',(-81.0679288167803,-246.054307982552,146.051958677422));
#5719=CARTESIAN_POINT('',(-81.0679288167803,-253.179307982552,146.051958677422));
#5720=CARTESIAN_POINT('',(-77.4861666955961,-242.56733178577,146.051958677422));
#5721=CARTESIAN_POINT('',(-74.6361666955961,-242.56733178577,146.051958677422));
#5722=CARTESIAN_POINT('',(-74.6361666955961,-239.71733178577,146.051958677422));
#5723=CARTESIAN_POINT('',(-74.6361666955961,-236.86733178577,146.051958677422));
#5724=CARTESIAN_POINT('',(-77.4861666955961,-236.86733178577,146.051958677422));
#5725=CARTESIAN_POINT('',(-77.4861666955961,-242.56733178577,161.861131996053));
#5726=CARTESIAN_POINT('',(-74.6361666955961,-242.56733178577,161.861131996053));
#5727=CARTESIAN_POINT('',(-74.6361666955961,-239.71733178577,161.861131996053));
#5728=CARTESIAN_POINT('',(-74.6361666955961,-236.86733178577,161.861131996053));
#5729=CARTESIAN_POINT('',(-77.4861666955961,-236.86733178577,161.861131996053));
#5730=CARTESIAN_POINT('',(-81.0486666955961,-236.15483178577,146.051958677422));
#5731=CARTESIAN_POINT('',(-73.9236666955961,-236.15483178577,146.051958677422));
#5732=CARTESIAN_POINT('',(-81.0486666955961,-243.27983178577,146.051958677422));
#5733=CARTESIAN_POINT('',(-73.9236666955961,-243.27983178577,146.051958677422));
#5734=CARTESIAN_POINT('',(-77.4861666955961,-242.56733178577,86.8442195578727));
#5735=CARTESIAN_POINT('',(-74.6361666955961,-242.56733178577,86.8442195578727));
#5736=CARTESIAN_POINT('',(-74.6361666955961,-239.71733178577,86.8442195578727));
#5737=CARTESIAN_POINT('',(-74.6361666955961,-236.86733178577,86.8442195578727));
#5738=CARTESIAN_POINT('',(-77.4861666955961,-236.86733178577,86.8442195578727));
#5739=CARTESIAN_POINT('',(-77.4861666955961,-242.56733178577,102.653392876503));
#5740=CARTESIAN_POINT('',(-74.6361666955961,-242.56733178577,102.653392876503));
#5741=CARTESIAN_POINT('',(-74.6361666955961,-239.71733178577,102.653392876503));
#5742=CARTESIAN_POINT('',(-74.6361666955961,-236.86733178577,102.653392876503));
#5743=CARTESIAN_POINT('',(-77.4861666955961,-236.86733178577,102.653392876503));
#5744=CARTESIAN_POINT('',(-80.3931666955961,-242.62433178577,102.653392876503));
#5745=CARTESIAN_POINT('',(-74.5791666955961,-242.62433178577,102.653392876503));
#5746=CARTESIAN_POINT('',(-80.3931666955961,-236.81033178577,102.653392876503));
#5747=CARTESIAN_POINT('',(-74.5791666955961,-236.81033178577,102.653392876503));
#5748=CARTESIAN_POINT('',(-87.3856428923831,-241.228474407736,127.387396184054));
#5749=CARTESIAN_POINT('',(-88.8856428923831,-241.228474407736,127.387396184057));
#5750=CARTESIAN_POINT('',(-88.8856428923831,-239.728464358557,127.387181713319));
#5751=CARTESIAN_POINT('',(-88.8856428923831,-238.228454309378,127.386967242611));
#5752=CARTESIAN_POINT('',(-87.3856428923831,-238.228454309378,127.386967242611));
#5753=CARTESIAN_POINT('',(-85.8856428923832,-238.228454309378,127.386967242611));
#5754=CARTESIAN_POINT('',(-85.8856428923831,-239.728464358557,127.387181713319));
#5755=CARTESIAN_POINT('',(-85.8856428923832,-241.228474407736,127.387396184057));
#5756=CARTESIAN_POINT('',(-87.3856428923831,-241.228474407736,127.387396184054));
#5757=CARTESIAN_POINT('',(-87.3856428923831,-241.197824715406,100.109259809683));
#5758=CARTESIAN_POINT('',(-88.8856428923831,-241.197824715406,100.109259809683));
#5759=CARTESIAN_POINT('',(-88.8856428923831,-239.697814666226,100.109045338945));
#5760=CARTESIAN_POINT('',(-88.8856428923831,-238.197804617048,100.108830868237));
#5761=CARTESIAN_POINT('',(-87.3856428923831,-238.197804617047,100.108830868237));
#5762=CARTESIAN_POINT('',(-85.8856428923832,-238.197804617048,100.108830868237));
#5763=CARTESIAN_POINT('',(-85.8856428923831,-239.697814666226,100.109045338945));
#5764=CARTESIAN_POINT('',(-85.8856428923832,-241.197824715406,100.109259809683));
#5765=CARTESIAN_POINT('',(-87.3856428923831,-241.197824715406,100.109259809683));
#5766=CARTESIAN_POINT('',(-87.3856428923831,-238.228454309378,127.386967242611));
#5767=CARTESIAN_POINT('',(-85.8856428923832,-238.228454309378,127.386967242611));
#5768=CARTESIAN_POINT('',(-85.8856428923831,-239.728464358557,127.387181713319));
#5769=CARTESIAN_POINT('',(-85.8856428923832,-241.228474407735,127.387396184057));
#5770=CARTESIAN_POINT('',(-87.3856428923831,-241.228474407735,127.387396184054));
#5771=CARTESIAN_POINT('',(-88.8856428923831,-241.228474407735,127.387396184057));
#5772=CARTESIAN_POINT('',(-88.8856428923831,-239.728464358557,127.387181713319));
#5773=CARTESIAN_POINT('',(-88.8856428923831,-238.228454309378,127.386967242611));
#5774=CARTESIAN_POINT('',(-87.3856428923831,-238.228454309378,127.386967242611));
#5775=CARTESIAN_POINT('',(-87.3856428923831,-238.197804617048,100.108830868237));
#5776=CARTESIAN_POINT('',(-85.8856428923832,-238.197804617048,100.108830868237));
#5777=CARTESIAN_POINT('',(-85.8856428923831,-239.697814666226,100.109045338945));
#5778=CARTESIAN_POINT('',(-85.8856428923832,-241.197824715405,100.109259809683));
#5779=CARTESIAN_POINT('',(-87.3856428923831,-241.197824715405,100.109259809683));
#5780=CARTESIAN_POINT('',(-88.8856428923831,-241.197824715405,100.109259809683));
#5781=CARTESIAN_POINT('',(-88.8856428923831,-239.697814666226,100.109045338945));
#5782=CARTESIAN_POINT('',(-88.8856428923831,-238.197804617048,100.108830868237));
#5783=CARTESIAN_POINT('',(-87.3856428923831,-238.197804617048,100.108830868237));
#5784=CARTESIAN_POINT('',(-90.9481428923779,-243.260569664586,102.653392876503));
#5785=CARTESIAN_POINT('',(-83.8231428923779,-243.260569664586,102.653392876503));
#5786=CARTESIAN_POINT('',(-90.9481428923779,-236.135569664586,102.653392876503));
#5787=CARTESIAN_POINT('',(-83.8231428923779,-236.135569664586,102.653392876503));
#5788=CARTESIAN_POINT('',(-77.4861666955931,-241.247736657965,129.45129420732));
#5789=CARTESIAN_POINT('',(-78.986166695593,-241.247736657965,129.45129420732));
#5790=CARTESIAN_POINT('',(-78.9861666955931,-239.747726608786,129.451061232649));
#5791=CARTESIAN_POINT('',(-78.986166695593,-238.247716559607,129.450828258017));
#5792=CARTESIAN_POINT('',(-77.4861666955931,-238.247716559607,129.450828258017));
#5793=CARTESIAN_POINT('',(-75.986166695593,-238.247716559607,129.450828258017));
#5794=CARTESIAN_POINT('',(-75.9861666955931,-239.747726608786,129.451061232649));
#5795=CARTESIAN_POINT('',(-75.986166695593,-241.247736657965,129.45129420732));
#5796=CARTESIAN_POINT('',(-77.4861666955931,-241.247736657965,129.45129420732));
#5797=CARTESIAN_POINT('',(-77.4861666955931,-241.217086965635,99.8196773169501));
#5798=CARTESIAN_POINT('',(-78.986166695593,-241.217086965635,99.8196773169507));
#5799=CARTESIAN_POINT('',(-78.9861666955931,-239.717076916456,99.8194443422834));
#5800=CARTESIAN_POINT('',(-78.986166695593,-238.217066867277,99.8192113676494));
#5801=CARTESIAN_POINT('',(-77.4861666955931,-238.217066867277,99.8192113676487));
#5802=CARTESIAN_POINT('',(-75.986166695593,-238.217066867277,99.8192113676494));
#5803=CARTESIAN_POINT('',(-75.9861666955931,-239.717076916456,99.8194443422834));
#5804=CARTESIAN_POINT('',(-75.986166695593,-241.217086965635,99.8196773169507));
#5805=CARTESIAN_POINT('',(-77.4861666955931,-241.217086965635,99.8196773169501));
#5806=CARTESIAN_POINT('',(-77.4861666955931,-238.247716559608,129.450828258018));
#5807=CARTESIAN_POINT('',(-75.986166695593,-238.247716559608,129.450828258017));
#5808=CARTESIAN_POINT('',(-75.9861666955931,-239.747726608786,129.451061232649));
#5809=CARTESIAN_POINT('',(-75.986166695593,-241.247736657965,129.45129420732));
#5810=CARTESIAN_POINT('',(-77.4861666955931,-241.247736657965,129.45129420732));
#5811=CARTESIAN_POINT('',(-78.986166695593,-241.247736657965,129.45129420732));
#5812=CARTESIAN_POINT('',(-78.9861666955931,-239.747726608786,129.451061232649));
#5813=CARTESIAN_POINT('',(-78.986166695593,-238.247716559608,129.450828258017));
#5814=CARTESIAN_POINT('',(-77.4861666955931,-238.247716559608,129.450828258018));
#5815=CARTESIAN_POINT('',(-77.4861666955931,-238.217066867277,99.8192113676487));
#5816=CARTESIAN_POINT('',(-75.986166695593,-238.217066867277,99.8192113676494));
#5817=CARTESIAN_POINT('',(-75.9861666955931,-239.717076916456,99.8194443423163));
#5818=CARTESIAN_POINT('',(-75.986166695593,-241.217086965634,99.8196773169507));
#5819=CARTESIAN_POINT('',(-77.4861666955931,-241.217086965635,99.8196773169501));
#5820=CARTESIAN_POINT('',(-78.986166695593,-241.217086965634,99.8196773169507));
#5821=CARTESIAN_POINT('',(-78.9861666955931,-239.717076916456,99.8194443423163));
#5822=CARTESIAN_POINT('',(-78.986166695593,-238.217066867277,99.8192113676494));
#5823=CARTESIAN_POINT('',(-77.4861666955931,-238.217066867277,99.8192113676487));
#5824=CARTESIAN_POINT('',(-87.4049050135621,-252.447545861367,86.8442195578727));
#5825=CARTESIAN_POINT('',(-84.5549050135621,-252.447545861367,86.8442195578727));
#5826=CARTESIAN_POINT('',(-84.5549050135621,-249.597545861367,86.8442195578727));
#5827=CARTESIAN_POINT('',(-84.5549050135621,-246.747545861367,86.8442195578727));
#5828=CARTESIAN_POINT('',(-87.4049050135621,-246.747545861367,86.8442195578727));
#5829=CARTESIAN_POINT('',(-87.4049050135621,-252.447545861367,102.653392876503));
#5830=CARTESIAN_POINT('',(-84.5549050135621,-252.447545861367,102.653392876503));
#5831=CARTESIAN_POINT('',(-84.5549050135621,-249.597545861367,102.653392876503));
#5832=CARTESIAN_POINT('',(-84.5549050135621,-246.747545861367,102.653392876503));
#5833=CARTESIAN_POINT('',(-87.4049050135621,-246.747545861367,102.653392876503));
#5834=CARTESIAN_POINT('',(-74.6554288167803,-249.616807982552,86.8442195578727));
#5835=CARTESIAN_POINT('',(-74.6554288167803,-246.766807982552,86.8442195578727));
#5836=CARTESIAN_POINT('',(-77.5054288167803,-246.766807982552,86.8442195578727));
#5837=CARTESIAN_POINT('',(-80.3554288167803,-246.766807982552,86.8442195578727));
#5838=CARTESIAN_POINT('',(-80.3554288167803,-249.616807982552,86.8442195578727));
#5839=CARTESIAN_POINT('',(-74.6554288167803,-249.616807982552,102.653392876503));
#5840=CARTESIAN_POINT('',(-74.6554288167803,-246.766807982552,102.653392876503));
#5841=CARTESIAN_POINT('',(-77.5054288167803,-246.766807982552,102.653392876503));
#5842=CARTESIAN_POINT('',(-80.3554288167803,-246.766807982552,102.653392876503));
#5843=CARTESIAN_POINT('',(-80.3554288167803,-249.616807982552,102.653392876503));
#5844=CARTESIAN_POINT('',(-90.2356428923779,-239.698069664586,86.8442195578727));
#5845=CARTESIAN_POINT('',(-90.2356428923779,-242.548069664586,86.8442195578727));
#5846=CARTESIAN_POINT('',(-87.3856428923779,-242.548069664586,86.8442195578727));
#5847=CARTESIAN_POINT('',(-84.5356428923779,-242.548069664586,86.8442195578727));
#5848=CARTESIAN_POINT('',(-84.5356428923779,-239.698069664586,86.8442195578727));
#5849=CARTESIAN_POINT('',(-90.2356428923779,-239.698069664586,102.653392876503));
#5850=CARTESIAN_POINT('',(-90.2356428923779,-242.548069664586,102.653392876503));
#5851=CARTESIAN_POINT('',(-87.3856428923779,-242.548069664586,102.653392876503));
#5852=CARTESIAN_POINT('',(-84.5356428923779,-242.548069664586,102.653392876503));
#5853=CARTESIAN_POINT('',(-84.5356428923779,-239.698069664586,102.653392876503));
#5854=CARTESIAN_POINT('',(-90.2356428923779,-239.698069664586,146.051958677422));
#5855=CARTESIAN_POINT('',(-90.2356428923779,-242.548069664586,146.051958677422));
#5856=CARTESIAN_POINT('',(-87.3856428923779,-242.548069664586,146.051958677422));
#5857=CARTESIAN_POINT('',(-84.5356428923779,-242.548069664586,146.051958677422));
#5858=CARTESIAN_POINT('',(-84.5356428923779,-239.698069664586,146.051958677422));
#5859=CARTESIAN_POINT('',(-90.2356428923779,-239.698069664586,161.861131996053));
#5860=CARTESIAN_POINT('',(-90.2356428923779,-242.548069664586,161.861131996053));
#5861=CARTESIAN_POINT('',(-87.3856428923779,-242.548069664586,161.861131996053));
#5862=CARTESIAN_POINT('',(-84.5356428923779,-242.548069664586,161.861131996053));
#5863=CARTESIAN_POINT('',(-84.5356428923779,-239.698069664586,161.861131996053));
#5864=CARTESIAN_POINT('',(-87.4049050135621,-252.447545861367,146.051958677422));
#5865=CARTESIAN_POINT('',(-84.5549050135621,-252.447545861367,146.051958677422));
#5866=CARTESIAN_POINT('',(-84.5549050135621,-249.597545861367,146.051958677422));
#5867=CARTESIAN_POINT('',(-84.5549050135621,-246.747545861367,146.051958677422));
#5868=CARTESIAN_POINT('',(-87.4049050135621,-246.747545861367,146.051958677422));
#5869=CARTESIAN_POINT('',(-87.4049050135621,-252.447545861367,161.861131996053));
#5870=CARTESIAN_POINT('',(-84.5549050135621,-252.447545861367,161.861131996053));
#5871=CARTESIAN_POINT('',(-84.5549050135621,-249.597545861367,161.861131996053));
#5872=CARTESIAN_POINT('',(-84.5549050135621,-246.747545861367,161.861131996053));
#5873=CARTESIAN_POINT('',(-87.4049050135621,-246.747545861367,161.861131996053));
#5874=CARTESIAN_POINT('',(-74.6554288167803,-249.616807982552,146.051958677422));
#5875=CARTESIAN_POINT('',(-74.6554288167803,-246.766807982552,146.051958677422));
#5876=CARTESIAN_POINT('',(-77.5054288167803,-246.766807982552,146.051958677422));
#5877=CARTESIAN_POINT('',(-80.3554288167803,-246.766807982552,146.051958677422));
#5878=CARTESIAN_POINT('',(-80.3554288167803,-249.616807982552,146.051958677422));
#5879=CARTESIAN_POINT('',(-74.6554288167803,-249.616807982552,161.861131996053));
#5880=CARTESIAN_POINT('',(-74.6554288167803,-246.766807982552,161.861131996053));
#5881=CARTESIAN_POINT('',(-77.5054288167803,-246.766807982552,161.861131996053));
#5882=CARTESIAN_POINT('',(-80.3554288167803,-246.766807982552,161.861131996053));
#5883=CARTESIAN_POINT('',(-80.3554288167803,-249.616807982552,161.861131996053));
#5884=CARTESIAN_POINT('',(-77.4861666955961,-236.86733178577,146.051958677422));
#5885=CARTESIAN_POINT('',(-80.336166695596,-236.86733178577,146.051958677422));
#5886=CARTESIAN_POINT('',(-80.3361666955961,-239.71733178577,146.051958677422));
#5887=CARTESIAN_POINT('',(-80.336166695596,-242.56733178577,146.051958677422));
#5888=CARTESIAN_POINT('',(-77.4861666955961,-242.56733178577,146.051958677422));
#5889=CARTESIAN_POINT('',(-77.4861666955961,-236.86733178577,161.861131996053));
#5890=CARTESIAN_POINT('',(-80.336166695596,-236.86733178577,161.861131996053));
#5891=CARTESIAN_POINT('',(-80.3361666955961,-239.71733178577,161.861131996053));
#5892=CARTESIAN_POINT('',(-80.336166695596,-242.56733178577,161.861131996053));
#5893=CARTESIAN_POINT('',(-77.4861666955961,-242.56733178577,161.861131996053));
#5894=CARTESIAN_POINT('',(-77.4861666955961,-236.86733178577,86.8442195578727));
#5895=CARTESIAN_POINT('',(-80.336166695596,-236.86733178577,86.8442195578727));
#5896=CARTESIAN_POINT('',(-80.3361666955961,-239.71733178577,86.8442195578727));
#5897=CARTESIAN_POINT('',(-80.336166695596,-242.56733178577,86.8442195578727));
#5898=CARTESIAN_POINT('',(-77.4861666955961,-242.56733178577,86.8442195578727));
#5899=CARTESIAN_POINT('',(-77.4861666955961,-236.86733178577,102.653392876503));
#5900=CARTESIAN_POINT('',(-80.336166695596,-236.86733178577,102.653392876503));
#5901=CARTESIAN_POINT('',(-80.3361666955961,-239.71733178577,102.653392876503));
#5902=CARTESIAN_POINT('',(-80.336166695596,-242.56733178577,102.653392876503));
#5903=CARTESIAN_POINT('',(-77.4861666955961,-242.56733178577,102.653392876503));
#5904=CARTESIAN_POINT('',(-87.4851891579028,-251.095395805845,146.051958677422));
#5905=CARTESIAN_POINT('',(-87.3246208692231,-248.099695916893,146.051958677422));
#5906=CARTESIAN_POINT('',(-77.5857129611231,-251.11465792703,146.051958677425));
#5907=CARTESIAN_POINT('',(-77.4251446724329,-248.118958038078,146.051958677422));
#5908=CARTESIAN_POINT('',(-87.4049050135621,-246.747545861367,102.653392876503));
#5909=CARTESIAN_POINT('',(-87.4049050135621,-246.747545861367,96.2796801263324));
#5910=CARTESIAN_POINT('',(-89.2692000382611,-251.753213753433,96.2793551003816));
#5911=CARTESIAN_POINT('',(-85.5404438552277,-251.753070064215,96.2793311791399));
#5912=CARTESIAN_POINT('',(-87.4851891579027,-251.097843890265,102.649583493809));
#5913=CARTESIAN_POINT('',(-87.3246208692231,-248.10130211609,102.647288487128));
#5914=CARTESIAN_POINT('',(-80.3554288167803,-249.616807982552,102.653392876503));
#5915=CARTESIAN_POINT('',(-80.3554288167803,-249.616807982552,96.2796801263324));
#5916=CARTESIAN_POINT('',(-79.3919243806945,-251.753074465772,96.2793312236044));
#5917=CARTESIAN_POINT('',(-75.6191281931477,-251.753246597931,96.2793665816389));
#5918=CARTESIAN_POINT('',(-77.5857129611231,-251.117106140495,102.649585948578));
#5919=CARTESIAN_POINT('',(-77.4251446724329,-248.120564380306,102.647303062156));
#5920=CARTESIAN_POINT('',(-84.5356428923779,-239.698069664586,102.653392876503));
#5921=CARTESIAN_POINT('',(-84.5356428923779,-239.698069664586,96.2796801263324));
#5922=CARTESIAN_POINT('',(-74.3264418953931,-256.754900544389,106.151958934433));
#5923=CARTESIAN_POINT('',(-73.5009009645632,-251.754896985289,106.151958906152));
#5924=CARTESIAN_POINT('',(-92.562018353923,-251.754979161133,106.151959559162));
#5925=CARTESIAN_POINT('',(-92.562018353923,-256.754979161179,106.151959559162));
#5926=CARTESIAN_POINT('',(-72.329053355233,-244.657438823564,106.151958677423));
#5927=CARTESIAN_POINT('',(-92.2433677139628,-242.138369746534,106.151958677423));
#5928=CARTESIAN_POINT('',(-85.5631645226831,-242.151367897229,106.151958677423));
#5929=CARTESIAN_POINT('',(-79.6413269978829,-241.804999045408,106.151958677423));
#5930=CARTESIAN_POINT('',(-76.728511399603,-244.668562848282,106.151958677423));
#5931=CARTESIAN_POINT('',(-79.6524485829131,-247.520769662447,106.151958677423));
#5932=CARTESIAN_POINT('',(-85.5728933630432,-247.151358432186,106.151958677423));
#5933=CARTESIAN_POINT('',(-92.5495408562528,-247.137783468541,106.151958677423));
#5934=CARTESIAN_POINT('',(-92.562018353923,-247.13776341856,106.151958691362));
#5935=CARTESIAN_POINT('',(-87.3053587480331,-238.200216001997,106.158009159723));
#5936=CARTESIAN_POINT('',(-87.4659270367229,-241.195916753421,106.156605658553));
#5937=CARTESIAN_POINT('',(-77.405882551253,-238.219478128726,106.158000135313));
#5938=CARTESIAN_POINT('',(-77.5664508399431,-241.215178880151,106.156596634143));
#5939=CARTESIAN_POINT('',(-87.3246208692231,-248.099695048875,106.153371203003));
#5940=CARTESIAN_POINT('',(-87.4851891579027,-251.0953958003,106.151967701833));
#5941=CARTESIAN_POINT('',(-77.4251446724329,-248.118957175605,106.153362178593));
#5942=CARTESIAN_POINT('',(-77.5857129611231,-251.11465792703,106.151958677423));
#5943=CARTESIAN_POINT('',(-84.1087095307429,-247.154207399734,105.151958677423));
#5944=CARTESIAN_POINT('',(-80.350720400833,-246.804936952727,105.151958677423));
#5945=CARTESIAN_POINT('',(-84.1087095307429,-247.154207399734,104.651958677423));
#5946=CARTESIAN_POINT('',(-80.3507204008328,-246.804936952728,104.651958677423));
#5947=CARTESIAN_POINT('',(-92.2433677139632,-242.138369746534,104.651958677423));
#5948=CARTESIAN_POINT('',(-84.0989806903731,-242.154216864776,104.651958677423));
#5949=CARTESIAN_POINT('',(-84.0989806903731,-242.154216864776,105.151958677423));
#5950=CARTESIAN_POINT('',(-92.5445937260828,-244.06393375391,104.651958677423));
#5951=CARTESIAN_POINT('',(-92.5495408562531,-247.137783468542,104.651958677423));
#5952=CARTESIAN_POINT('',(-78.1577675133431,-244.665781842104,104.651958677423));
#5953=CARTESIAN_POINT('',(-80.342379212063,-242.518108989948,104.651958677423));
#5954=CARTESIAN_POINT('',(-80.3423792120632,-242.518108989948,105.151958677423));
#5955=CARTESIAN_POINT('',(-78.1577675133431,-244.665781842104,105.151958677423));
#5956=CARTESIAN_POINT('',(-92.562018353923,-247.137763386947,104.651958802843));
#5957=CARTESIAN_POINT('',(-92.562018353923,-244.657438823564,104.651958842972));
#5958=CARTESIAN_POINT('',(-74.5178387219629,-257.914122066065,106.151958940992));
#5959=CARTESIAN_POINT('',(-92.562018353923,-257.91419985771,106.151959559162));
#5960=CARTESIAN_POINT('',(-72.329053355233,-244.657438823564,96.2796801263324));
#5961=CARTESIAN_POINT('',(-73.5009009645632,-251.754896985289,96.2796801263324));
#5962=CARTESIAN_POINT('',(-92.562018353923,-251.754979161133,96.2796801263324));
#5963=CARTESIAN_POINT('',(-92.562018353923,-244.657438823564,96.2796801263324));
#5964=CARTESIAN_POINT('',(-77.4861666955961,-242.56733178577,96.2796801263324));
#5965=CARTESIAN_POINT('',(-75.1592464749127,-261.798897402838,108.151958677432));
#5966=CARTESIAN_POINT('',(-74.8290301025831,-259.798895979199,106.151958951652));
#5967=CARTESIAN_POINT('',(-92.562018353923,-259.798972429242,106.151959559162));
#5968=CARTESIAN_POINT('',(-92.562018353923,-261.798972429261,108.151958677432));
#5969=CARTESIAN_POINT('',(-75.1592464749127,-261.798897402838,140.551958677422));
#5970=CARTESIAN_POINT('',(-92.562018353923,-261.798972429261,140.551958677422));
#5971=CARTESIAN_POINT('',(-74.8290301025831,-259.798895979199,142.551958403202));
#5972=CARTESIAN_POINT('',(-92.562018353923,-259.798972429242,142.551957795693));
#5973=CARTESIAN_POINT('',(-77.0081321615532,-279.648523205498,137.469812264303));
#5974=CARTESIAN_POINT('',(-76.969769319573,-278.941437139199,137.741186210392));
#5975=CARTESIAN_POINT('',(-92.562018353923,-278.941847767525,137.741028894283));
#5976=CARTESIAN_POINT('',(-92.562018353923,-279.648608326627,137.469806613393));
#5977=CARTESIAN_POINT('',(-77.2508215943631,-284.121661990333,113.611914922243));
#5978=CARTESIAN_POINT('',(-92.5620183539231,-284.222657783032,113.693308607713));
#5979=CARTESIAN_POINT('',(-92.562018353923,-279.648788406804,111.234167097042));
#5980=CARTESIAN_POINT('',(-77.0081429119232,-279.6487213513,111.234167097042));
#5981=CARTESIAN_POINT('',(-76.9697693197832,-278.94143714299,110.962731145912));
#5982=CARTESIAN_POINT('',(-92.562018353923,-278.941847771427,110.962888462063));
#5983=CARTESIAN_POINT('',(-74.5178387219629,-257.914122066065,142.551958413862));
#5984=CARTESIAN_POINT('',(-92.562018353923,-257.91419985771,142.551957795693));
#5985=CARTESIAN_POINT('',(-73.5009009645632,-251.754896985289,142.551958448703));
#5986=CARTESIAN_POINT('',(-74.3264418953931,-256.754900544389,142.551958420412));
#5987=CARTESIAN_POINT('',(-92.562018353923,-256.754979161179,142.551957795693));
#5988=CARTESIAN_POINT('',(-92.562018353923,-251.754979161133,142.551957795693));
#5989=CARTESIAN_POINT('',(-72.3290533552331,-244.657438823564,142.551958677423));
#5990=CARTESIAN_POINT('',(-92.562018353923,-247.568432323195,142.551957988583));
#5991=CARTESIAN_POINT('',(-85.1889127599931,-247.568432323194,142.551957988583));
#5992=CARTESIAN_POINT('',(-79.6524485829131,-247.520769662447,142.551958677432));
#5993=CARTESIAN_POINT('',(-76.728511399603,-244.668562848282,142.551958677432));
#5994=CARTESIAN_POINT('',(-79.6413269978829,-241.804999045408,142.551958677432));
#5995=CARTESIAN_POINT('',(-85.1889127599931,-241.746445323942,142.551957988583));
#5996=CARTESIAN_POINT('',(-92.1341546934432,-241.746445323942,142.551957988583));
#5997=CARTESIAN_POINT('',(-87.3053587480331,-238.20021972011,142.551958677422));
#5998=CARTESIAN_POINT('',(-87.4659270367229,-241.195919609061,142.551958677422));
#5999=CARTESIAN_POINT('',(-77.4058825512529,-238.219481841294,142.551958677423));
#6000=CARTESIAN_POINT('',(-77.5664508399431,-241.215181730246,142.551958677422));
#6001=CARTESIAN_POINT('',(-87.3246208692231,-248.099695916893,142.551958677422));
#6002=CARTESIAN_POINT('',(-87.4851891579027,-251.095395805845,142.551958677422));
#6003=CARTESIAN_POINT('',(-77.4251446724329,-248.118958038078,142.551958677422));
#6004=CARTESIAN_POINT('',(-77.5857129611231,-251.11465792703,142.551958677422));
#6005=CARTESIAN_POINT('',(-83.1708749788031,-247.568432323194,143.551958677432));
#6006=CARTESIAN_POINT('',(-80.350720400833,-246.804936952727,143.551958677432));
#6007=CARTESIAN_POINT('',(-83.1708749788031,-247.568432323195,144.051958677432));
#6008=CARTESIAN_POINT('',(-83.1708749788031,-241.746445323942,144.051958677432));
#6009=CARTESIAN_POINT('',(-80.342379212063,-242.518108989948,144.051958677432));
#6010=CARTESIAN_POINT('',(-78.1577675133431,-244.665781842104,144.051958677432));
#6011=CARTESIAN_POINT('',(-80.3507204008328,-246.804936952728,144.051958677432));
#6012=CARTESIAN_POINT('',(-83.1708749788031,-241.746445323942,143.551958677432));
#6013=CARTESIAN_POINT('',(-80.3423792120632,-242.518108989948,143.551958677432));
#6014=CARTESIAN_POINT('',(-78.1577675133431,-244.665781842104,143.551958677432));
#6015=CARTESIAN_POINT('',(-73.5009009645632,-251.754896985289,152.424237228522));
#6016=CARTESIAN_POINT('',(-72.329053355233,-244.657438823564,152.424237228522));
#6017=CARTESIAN_POINT('',(-81.2133726284927,-234.616273953696,152.424237228522));
#6018=CARTESIAN_POINT('',(-83.6776990806729,-234.616273953697,152.424237228522));
#6019=CARTESIAN_POINT('',(-92.5620183539231,-244.657438823564,152.424237228522));
#6020=CARTESIAN_POINT('',(-92.562018353923,-251.754979161133,152.424237228522));
#6021=CARTESIAN_POINT('',(-84.5356428923779,-239.698069664586,152.424237228522));
#6022=CARTESIAN_POINT('',(-87.4049050135621,-246.747545861367,152.424237228522));
#6023=CARTESIAN_POINT('',(-85.5426182117789,-251.754948899259,152.424237228522));
#6024=CARTESIAN_POINT('',(-89.2671732133854,-251.754964956473,152.424237228522));
#6025=CARTESIAN_POINT('',(-80.3554288167803,-249.616807982551,152.424237228522));
#6026=CARTESIAN_POINT('',(-75.6210094549264,-251.754906125451,152.424237228522));
#6027=CARTESIAN_POINT('',(-79.3898297431265,-251.754922373501,152.424237228522));
#6028=CARTESIAN_POINT('',(-77.4861666955961,-242.56733178577,152.424237228522));
#6029=CARTESIAN_POINT('',(-76.8068981708228,-275.939471853933,109.556616806563));
#6030=CARTESIAN_POINT('',(-92.562018353923,-275.939471179769,109.556617900502));
#6031=CARTESIAN_POINT('',(-73.7299365472732,-253.142082872695,96.2796801263324));
#6032=CARTESIAN_POINT('',(-92.562018353923,-253.140355759546,96.2796801263324));
#6033=CARTESIAN_POINT('',(-73.730070325663,-253.142893120106,152.424237228522));
#6034=CARTESIAN_POINT('',(-92.562018353923,-253.142893120107,152.424237228522));
#6035=CARTESIAN_POINT('',(-76.7674145259531,-275.211727669816,139.638729924483));
#6036=CARTESIAN_POINT('',(-92.562018353923,-275.211711795906,139.638740643763));
#6037=CARTESIAN_POINT('',(-75.2641685204229,-262.434372376139,100.850237220362));
#6038=CARTESIAN_POINT('',(-75.4489674264632,-263.55363267372,101.192752262282));
#6039=CARTESIAN_POINT('',(-92.562018353923,-263.55363267372,101.192752262282));
#6040=CARTESIAN_POINT('',(-92.562018353923,-262.434372376139,100.850237220362));
#6041=CARTESIAN_POINT('',(-74.0602864629331,-255.142893120107,100.850237220362));
#6042=CARTESIAN_POINT('',(-92.562018353923,-255.142893120107,100.850237220362));
#6043=CARTESIAN_POINT('',(-92.5620183539231,-253.140355185212,98.8502548878724));
#6044=CARTESIAN_POINT('',(-73.729936422283,-253.142082115659,98.8502420017024));
#6045=CARTESIAN_POINT('',(-76.4706252307431,-269.741445375418,105.371235482973));
#6046=CARTESIAN_POINT('',(-73.730070325663,-253.142893120107,149.853680134492));
#6047=CARTESIAN_POINT('',(-92.562018353923,-253.142893120107,149.853680134492));
#6048=CARTESIAN_POINT('',(-92.562018353923,-255.142893120107,147.853680134492));
#6049=CARTESIAN_POINT('',(-74.0602864629331,-255.142893120107,147.853680134492));
#6050=CARTESIAN_POINT('',(-75.2641685204229,-262.434372376139,147.853680134492));
#6051=CARTESIAN_POINT('',(-92.562018353923,-262.434372376139,147.853680134492));
#6052=CARTESIAN_POINT('',(-75.4489674264632,-263.55363267372,147.511165092572));
#6053=CARTESIAN_POINT('',(-92.562018353923,-263.55363267372,147.511165092572));
#6054=CARTESIAN_POINT('',(-76.4706252307431,-269.741445375418,143.332681871883));
#6055=CARTESIAN_POINT('',(-92.1341546934432,-241.746445323942,144.051958677432));
#6056=CARTESIAN_POINT('',(-92.562018353923,-247.568432323194,144.051958677432));
#6057=CARTESIAN_POINT('',(-92.562018353923,-244.657438823564,144.051958677432));
#6058=CARTESIAN_POINT('',(-76.4706252307431,-269.741445375417,136.351958677423));
#6059=CARTESIAN_POINT('',(-77.250821594403,-284.12166199109,135.092002432532));
#6060=CARTESIAN_POINT('',(-92.5620183539231,-284.222657783882,135.010608747053));
#6061=CARTESIAN_POINT('',(-92.5620183539231,-263.861055840795,136.351958677422));
#6062=CARTESIAN_POINT('',(-92.5620183539231,-268.868409402693,136.351958677422));
#6063=CARTESIAN_POINT('',(-92.5620183539231,-268.868409402693,112.351958677422));
#6064=CARTESIAN_POINT('',(-92.5620183539231,-263.861055840795,112.351958677422));
#6065=CARTESIAN_POINT('',(-75.7175417862632,-265.180290668186,112.351958677422));
#6066=CARTESIAN_POINT('',(-76.4706252307431,-269.741445375417,112.351958677423));
#6067=CARTESIAN_POINT('',(-75.7175417862632,-265.180290668186,136.351958677422));
#6068=CARTESIAN_POINT('',(-77.4691566781729,-269.687270210667,135.348138839883));
#6069=CARTESIAN_POINT('',(-80.4723991763331,-325.04163955163,130.498136562652));
#6070=CARTESIAN_POINT('',(-80.7196666164731,-329.59915803903,125.517163072193));
#6071=CARTESIAN_POINT('',(-80.7196666164731,-329.59915803903,123.186754282652));
#6072=CARTESIAN_POINT('',(-80.4723991763331,-325.04163955163,118.205780792192));
#6073=CARTESIAN_POINT('',(-77.4691566781729,-269.687270210667,113.355778514972));
#6074=CARTESIAN_POINT('',(-74.4735623358629,-269.849795704918,112.351958677422));
#6075=CARTESIAN_POINT('',(-74.4735623358629,-269.849795704918,136.351958677422));
#6076=CARTESIAN_POINT('',(-74.3652120063632,-267.852732810041,112.351958677422));
#6077=CARTESIAN_POINT('',(-86.2244444112229,-330.30196790832,125.517163072193));
#6078=CARTESIAN_POINT('',(-89.0434740011731,-327.63853208226,130.395438893143));
#6079=CARTESIAN_POINT('',(-89.0434740011731,-327.63853208226,118.308478461703));
#6080=CARTESIAN_POINT('',(-86.2244444112229,-330.30196790832,123.186754282652));
#6081=CARTESIAN_POINT('',(-92.562018353923,-296.055016108849,133.976931772372));
#6082=CARTESIAN_POINT('',(-92.562018353923,-296.05501610885,114.726985582483));
#6083=CARTESIAN_POINT('',(-89.3768762937231,-324.64581248667,117.209586094102));
#6084=CARTESIAN_POINT('',(-89.3768762937231,-324.64581248667,131.494331260743));
#6085=CARTESIAN_POINT('',(-74.3652120063632,-267.852732810041,136.351958677422));
#6086=CARTESIAN_POINT('',(-79.478589405623,-325.18284246634,117.209586094103));
#6087=CARTESIAN_POINT('',(-79.7753103337832,-330.65186465122,123.186754282652));
#6088=CARTESIAN_POINT('',(-79.7753103337832,-330.65186465122,125.517163072193));
#6089=CARTESIAN_POINT('',(-79.478589405623,-325.18284246634,131.494331260743));
#6090=CARTESIAN_POINT('',(-87.4659270367229,-241.195919609061,146.051958677422));
#6091=CARTESIAN_POINT('',(-87.3053587480331,-238.20021972011,146.051958677422));
#6092=CARTESIAN_POINT('',(-77.5664508399431,-241.215181730246,146.051958677422));
#6093=CARTESIAN_POINT('',(-77.4058825512529,-238.219481841294,146.051958677422));
#6094=CARTESIAN_POINT('',(-84.5356428923779,-239.698069664586,146.051958677422));
#6095=CARTESIAN_POINT('',(-87.4049050135621,-246.747545861367,146.051958677422));
#6096=CARTESIAN_POINT('',(-80.3554288167803,-249.616807982552,146.051958677422));
#6097=CARTESIAN_POINT('',(-77.4861666955961,-242.56733178577,146.051958677422));
#6098=CARTESIAN_POINT('',(-77.4861666955961,-242.56733178577,102.653392876503));
#6099=CARTESIAN_POINT('',(-77.5664508399431,-241.217399512755,102.653392876503));
#6100=CARTESIAN_POINT('',(-77.405882551253,-238.220905515388,102.653392876503));
#6101=CARTESIAN_POINT('',(-87.4659270367229,-241.198176357037,102.653392876503));
#6102=CARTESIAN_POINT('',(-87.3053587480331,-238.201668368069,102.653392876503));
#6103=CARTESIAN_POINT('',(-87.4049050135621,-252.447545866267,96.2794882594307));
#6104=CARTESIAN_POINT('',(-87.4049050135621,-252.447545861367,102.653392876503));
#6105=CARTESIAN_POINT('',(-74.6554288210037,-249.616807982552,96.2793027844164));
#6106=CARTESIAN_POINT('',(-74.6554288167803,-249.616807982552,102.653392876503));
#6107=CARTESIAN_POINT('',(-90.2356428923779,-239.698069664586,96.2796801263324));
#6108=CARTESIAN_POINT('',(-90.2356428923779,-239.698069664586,102.653392876503));
#6109=CARTESIAN_POINT('',(-90.2356428923779,-239.698069664586,146.051958677422));
#6110=CARTESIAN_POINT('',(-90.2356428923779,-239.698069664586,152.424237228522));
#6111=CARTESIAN_POINT('',(-87.4049050135621,-252.447545861367,146.051958677422));
#6112=CARTESIAN_POINT('',(-87.4049050135621,-252.447545861367,152.424237228522));
#6113=CARTESIAN_POINT('',(-74.6554288167803,-249.616807982552,146.051958677422));
#6114=CARTESIAN_POINT('',(-74.6554288167803,-249.616807982552,152.424237228522));
#6115=CARTESIAN_POINT('',(-77.4861666955961,-236.86733178577,146.051958677422));
#6116=CARTESIAN_POINT('',(-77.4861666955961,-236.86733178577,152.424237228522));
#6117=CARTESIAN_POINT('',(-77.4861666955961,-236.86733178577,96.2796801263324));
#6118=CARTESIAN_POINT('',(-77.4861666955961,-236.86733178577,102.653392876503));
#6119=CARTESIAN_POINT('',(-87.4049050135621,-252.447545866267,96.2794882594307));
#6120=CARTESIAN_POINT('',(-88.4663499535145,-252.44754586592,96.2794950604135));
#6121=CARTESIAN_POINT('',(-89.2692000382611,-251.753213753433,96.2793551003816));
#6122=CARTESIAN_POINT('',(96.6015751335423,8.95353906273091));
#6123=CARTESIAN_POINT('',(96.6008628476055,6.91074049927959));
#6124=CARTESIAN_POINT('',(-89.2692000382611,-251.753213753433,96.2793551003816));
#6125=CARTESIAN_POINT('',(-90.7666700014545,-250.458150725112,96.2794391908768));
#6126=CARTESIAN_POINT('',(-90.0756870661834,-248.60284829324,96.2795596586046));
#6127=CARTESIAN_POINT('',(-89.3847041309123,-246.747545861367,96.2796801263324));
#6128=CARTESIAN_POINT('',(-87.4049050135621,-246.747545861367,96.2796801263324));
#6129=CARTESIAN_POINT('',(96.6008628476055,6.91074049927959));
#6130=CARTESIAN_POINT('',(96.6043130614057,0.));
#6131=CARTESIAN_POINT('',(-87.4049050135621,-246.747545861367,96.2796801263324));
#6132=CARTESIAN_POINT('',(-87.4049050135621,-246.747545861367,102.653392876503));
#6133=CARTESIAN_POINT('',(96.6043130614057,0.));
#6134=CARTESIAN_POINT('',(161.861131996053,0.));
#6135=CARTESIAN_POINT('',(-87.4049050135621,-246.747545861367,102.653392876503));
#6136=CARTESIAN_POINT('',(-90.2549050135621,-246.747545861367,102.653392876503));
#6137=CARTESIAN_POINT('',(-90.2549050135621,-249.597545861367,102.653392876503));
#6138=CARTESIAN_POINT('',(-90.2549050135621,-252.447545861367,102.653392876503));
#6139=CARTESIAN_POINT('',(-87.4049050135621,-252.447545861367,102.653392876503));
#6140=CARTESIAN_POINT('',(161.861131996053,0.));
#6141=CARTESIAN_POINT('',(161.861131996053,8.95353906273091));
#6142=CARTESIAN_POINT('',(-87.4049050135621,-252.447545861367,102.653392876503));
#6143=CARTESIAN_POINT('',(-87.4049050135621,-252.447545861367,96.2794882594307));
#6144=CARTESIAN_POINT('',(161.861131996053,8.95353906273091));
#6145=CARTESIAN_POINT('',(96.6015751335423,8.95353906273091));
#6146=CARTESIAN_POINT('',(-87.4049050135621,-246.747545861367,102.653392876503));
#6147=CARTESIAN_POINT('',(-84.5549050135621,-246.747545861367,102.653392876503));
#6148=CARTESIAN_POINT('',(-84.5549050135621,-249.597545861367,102.653392876503));
#6149=CARTESIAN_POINT('',(-84.5549050135621,-252.447545861367,102.653392876503));
#6150=CARTESIAN_POINT('',(-87.4049050135621,-252.447545861367,102.653392876503));
#6151=CARTESIAN_POINT('',(0.,2.85));
#6152=CARTESIAN_POINT('',(-2.85,2.85));
#6153=CARTESIAN_POINT('',(-2.85,-5.23536506635494E-16));
#6154=CARTESIAN_POINT('',(-2.85,-2.85));
#6155=CARTESIAN_POINT('',(3.49024337756996E-16,-2.85));
#6156=CARTESIAN_POINT('',(0.,2.85));
#6157=CARTESIAN_POINT('',(2.85,2.85));
#6158=CARTESIAN_POINT('',(2.85,1.74512168878498E-16));
#6159=CARTESIAN_POINT('',(2.85,-2.85));
#6160=CARTESIAN_POINT('',(3.49024337756996E-16,-2.85));
#6161=CARTESIAN_POINT('',(-87.4851891579027,-251.097843890265,102.649583493809));
#6162=CARTESIAN_POINT('',(-87.4584545362793,-251.099281671204,102.653392876503));
#6163=CARTESIAN_POINT('',(-87.4316834803309,-251.099998762044,102.653392876503));
#6164=CARTESIAN_POINT('',(-87.4049050135632,-251.099998762044,102.653392876503));
#6165=CARTESIAN_POINT('',(-87.0070795169013,-251.099998762044,102.653392876503));
#6166=CARTESIAN_POINT('',(-86.6255488707084,-250.941961929385,102.653392876503));
#6167=CARTESIAN_POINT('',(-86.3442448417833,-250.660656061069,102.653392876503));
#6168=CARTESIAN_POINT('',(-86.0629397353697,-250.379349115258,102.653392876503));
#6169=CARTESIAN_POINT('',(-85.9049050135632,-249.997815528,102.653392876503));
#6170=CARTESIAN_POINT('',(-85.9049050135631,-249.599988953846,102.653392876503));
#6171=CARTESIAN_POINT('',(-85.9049050135631,-249.209662366675,102.653392876503));
#6172=CARTESIAN_POINT('',(-86.0570528252053,-248.834707230421,102.653392876503));
#6173=CARTESIAN_POINT('',(-86.3290406970723,-248.55474723059,102.653392876503));
#6174=CARTESIAN_POINT('',(-86.5924832030625,-248.283583066444,102.653392876503));
#6175=CARTESIAN_POINT('',(-86.9481943058309,-248.12228330214,102.653392876503));
#6176=CARTESIAN_POINT('',(-87.3246208692231,-248.10130211609,102.647288487128));
#6177=CARTESIAN_POINT('',(0.0802841443406663,-1.50029802889776));
#6178=CARTESIAN_POINT('',(0.0535495227172618,-1.50173580983648));
#6179=CARTESIAN_POINT('',(0.0267784667688105,-1.50245290067716));
#6180=CARTESIAN_POINT('',(1.07291953099775E-12,-1.50245290067716));
#6181=CARTESIAN_POINT('',(-0.397825496660822,-1.50245290067713));
#6182=CARTESIAN_POINT('',(-0.779356142853715,-1.34441606801764));
#6183=CARTESIAN_POINT('',(-1.06066017177874,-1.06311019970201));
#6184=CARTESIAN_POINT('',(-1.34196527819235,-0.781803253890786));
#6185=CARTESIAN_POINT('',(-1.49999999999893,-0.400269666632283));
#6186=CARTESIAN_POINT('',(-1.49999999999893,-0.00244309247818819));
#6187=CARTESIAN_POINT('',(-1.49999999999893,0.387883494692687));
#6188=CARTESIAN_POINT('',(-1.34785218835681,0.76283863094622));
#6189=CARTESIAN_POINT('',(-1.07586431648981,1.04279863077767));
#6190=CARTESIAN_POINT('',(-0.812421810499579,1.31396279492353));
#6191=CARTESIAN_POINT('',(-0.456710707731226,1.47526255922739));
#6192=CARTESIAN_POINT('',(-0.0802841443390321,1.49624374527724));
#6193=CARTESIAN_POINT('',(-87.3246208692231,-248.10130211609,102.647288487128));
#6194=CARTESIAN_POINT('',(-87.3513851609474,-248.100695441833,102.653392876503));
#6195=CARTESIAN_POINT('',(-87.3781413883678,-248.099979145646,102.653392876503));
#6196=CARTESIAN_POINT('',(-87.4049050135632,-248.099979145646,102.653392876503));
#6197=CARTESIAN_POINT('',(-87.8027305102252,-248.099979145646,102.653392876503));
#6198=CARTESIAN_POINT('',(-88.1842611564179,-248.258015978305,102.653392876503));
#6199=CARTESIAN_POINT('',(-88.4655651853429,-248.539321846621,102.653392876503));
#6200=CARTESIAN_POINT('',(-88.7468702917566,-248.820628792433,102.653392876503));
#6201=CARTESIAN_POINT('',(-88.9049050135631,-249.202162379691,102.653392876503));
#6202=CARTESIAN_POINT('',(-88.9049050135631,-249.599988953845,102.653392876503));
#6203=CARTESIAN_POINT('',(-88.9049050135631,-249.990303504167,102.653392876503));
#6204=CARTESIAN_POINT('',(-88.7527665612499,-250.365248053244,102.653392876503));
#6205=CARTESIAN_POINT('',(-88.4807935691909,-250.645205726921,102.653392876503));
#6206=CARTESIAN_POINT('',(-88.2173598179763,-250.916373461629,102.653392876503));
#6207=CARTESIAN_POINT('',(-87.8616563999509,-251.077681226555,102.653392876503));
#6208=CARTESIAN_POINT('',(-87.4851891579027,-251.097843890265,102.649583493809));
#6209=CARTESIAN_POINT('',(-0.0802841443390321,1.49624374527724));
#6210=CARTESIAN_POINT('',(-0.0535198526146345,1.49685041953438));
#6211=CARTESIAN_POINT('',(-0.0267636251942562,1.49756671572169));
#6212=CARTESIAN_POINT('',(1.07291953099775E-12,1.49756671572169));
#6213=CARTESIAN_POINT('',(0.397825496663145,1.49756671572166));
#6214=CARTESIAN_POINT('',(0.779356142855853,1.33952988306194));
#6215=CARTESIAN_POINT('',(1.06066017178081,1.0582240147462));
#6216=CARTESIAN_POINT('',(1.34196527819451,0.776917068934694));
#6217=CARTESIAN_POINT('',(1.50000000000101,0.395383481676163));
#6218=CARTESIAN_POINT('',(1.50000000000107,-0.00244309247815977));
#6219=CARTESIAN_POINT('',(1.50000000000102,-0.392757642799836));
#6220=CARTESIAN_POINT('',(1.34786154768784,-0.76770219187631));
#6221=CARTESIAN_POINT('',(1.07588855562878,-1.04765986555401));
#6222=CARTESIAN_POINT('',(0.81245480441423,-1.31882760026127));
#6223=CARTESIAN_POINT('',(0.456751386388824,-1.48013536518798));
#6224=CARTESIAN_POINT('',(0.0802841443406663,-1.50029802889776));
#6225=CARTESIAN_POINT('',(-74.6554288210036,-249.616807982551,96.2793027844164));
#6226=CARTESIAN_POINT('',(-74.6554288210037,-250.902378839042,96.2793027844164));
#6227=CARTESIAN_POINT('',(-75.6191281931477,-251.753246597931,96.2793665816389));
#6228=CARTESIAN_POINT('',(96.6004730114879,8.95353906273091));
#6229=CARTESIAN_POINT('',(96.6003450500979,8.15146126474927));
#6230=CARTESIAN_POINT('',(96.6003880871709,7.34938333700135));
#6231=CARTESIAN_POINT('',(96.6007408448593,6.54730519667188));
#6232=CARTESIAN_POINT('',(-75.6191281931477,-251.753246597931,96.2793665816389));
#6233=CARTESIAN_POINT('',(-77.5056022863258,-253.418849008394,96.2796801263251));
#6234=CARTESIAN_POINT('',(-79.3919243806945,-251.753074465772,96.2793312236044));
#6235=CARTESIAN_POINT('',(96.6007408448593,6.54730519667188));
#6236=CARTESIAN_POINT('',(96.6007408448593,2.40598707622419));
#6237=CARTESIAN_POINT('',(-79.3919243806945,-251.753074465772,96.2793312236044));
#6238=CARTESIAN_POINT('',(-80.3554288167803,-250.902222384397,96.2796801263324));
#6239=CARTESIAN_POINT('',(-80.3554288167803,-249.616807982552,96.2796801263324));
#6240=CARTESIAN_POINT('',(96.6007408448593,2.40598707622419));
#6241=CARTESIAN_POINT('',(96.6043130614057,0.));
#6242=CARTESIAN_POINT('',(-80.3554288167803,-249.616807982552,96.2796801263324));
#6243=CARTESIAN_POINT('',(-80.3554288167803,-249.616807982552,102.653392876503));
#6244=CARTESIAN_POINT('',(96.6043130614057,0.));
#6245=CARTESIAN_POINT('',(161.861131996053,0.));
#6246=CARTESIAN_POINT('',(-80.3554288167803,-249.616807982552,102.653392876503));
#6247=CARTESIAN_POINT('',(-80.3554288167803,-252.466807982552,102.653392876503));
#6248=CARTESIAN_POINT('',(-77.5054288167803,-252.466807982552,102.653392876503));
#6249=CARTESIAN_POINT('',(-74.6554288167803,-252.466807982552,102.653392876503));
#6250=CARTESIAN_POINT('',(-74.6554288167803,-249.616807982552,102.653392876503));
#6251=CARTESIAN_POINT('',(161.861131996053,0.));
#6252=CARTESIAN_POINT('',(161.861131996053,8.95353906273091));
#6253=CARTESIAN_POINT('',(-74.6554288167803,-249.616807982552,102.653392876503));
#6254=CARTESIAN_POINT('',(-74.6554288167803,-249.616807982552,96.2793027844165));
#6255=CARTESIAN_POINT('',(161.861131996053,8.95353906273091));
#6256=CARTESIAN_POINT('',(96.6004730114879,8.95353906273091));
#6257=CARTESIAN_POINT('',(-80.3554288167803,-249.616807982552,102.653392876503));
#6258=CARTESIAN_POINT('',(-80.3554288167803,-246.766807982552,102.653392876503));
#6259=CARTESIAN_POINT('',(-77.5054288167803,-246.766807982552,102.653392876503));
#6260=CARTESIAN_POINT('',(-74.6554288167803,-246.766807982552,102.653392876503));
#6261=CARTESIAN_POINT('',(-74.6554288167803,-249.616807982552,102.653392876503));
#6262=CARTESIAN_POINT('',(0.,2.85));
#6263=CARTESIAN_POINT('',(-2.85,2.85));
#6264=CARTESIAN_POINT('',(-2.85,-5.23536506635494E-16));
#6265=CARTESIAN_POINT('',(-2.85,-2.85));
#6266=CARTESIAN_POINT('',(3.49024337756996E-16,-2.85));
#6267=CARTESIAN_POINT('',(0.,2.85));
#6268=CARTESIAN_POINT('',(2.85,2.85));
#6269=CARTESIAN_POINT('',(2.85,1.74512168878498E-16));
#6270=CARTESIAN_POINT('',(2.85,-2.85));
#6271=CARTESIAN_POINT('',(3.49024337756996E-16,-2.85));
#6272=CARTESIAN_POINT('',(-77.5857129611231,-251.117106140495,102.649585948578));
#6273=CARTESIAN_POINT('',(-77.5589783393889,-251.118543918343,102.653392876503));
#6274=CARTESIAN_POINT('',(-77.5322072834947,-251.119261009181,102.653392876503));
#6275=CARTESIAN_POINT('',(-77.505428816783,-251.119261009181,102.653392876503));
#6276=CARTESIAN_POINT('',(-77.1076033201208,-251.119261009181,102.653392876503));
#6277=CARTESIAN_POINT('',(-76.7260726739281,-250.961224176521,102.653392876503));
#6278=CARTESIAN_POINT('',(-76.4447686450031,-250.679918308206,102.653392876503));
#6279=CARTESIAN_POINT('',(-76.1634635385894,-250.398611362394,102.653392876503));
#6280=CARTESIAN_POINT('',(-76.0054288167829,-250.017077775135,102.653392876503));
#6281=CARTESIAN_POINT('',(-76.0054288167829,-249.619251200981,102.653392876503));
#6282=CARTESIAN_POINT('',(-76.0054288167829,-249.22892461383,102.653392876503));
#6283=CARTESIAN_POINT('',(-76.1575766284094,-248.853969477594,102.653392876503));
#6284=CARTESIAN_POINT('',(-76.4295645002517,-248.574009477767,102.653392876503));
#6285=CARTESIAN_POINT('',(-76.6930070060299,-248.302845313818,102.653392876503));
#6286=CARTESIAN_POINT('',(-77.0487181084489,-248.14154554954,102.653392876503));
#6287=CARTESIAN_POINT('',(-77.4251446724329,-248.120564380306,102.647303062156));
#6288=CARTESIAN_POINT('',(1.50029815794377,0.0802841443427553));
#6289=CARTESIAN_POINT('',(1.50173593579186,0.0535495226085629));
#6290=CARTESIAN_POINT('',(1.50245302662958,0.0267784667143829));
#6291=CARTESIAN_POINT('',(1.50245302662958,2.65742983174277E-12));
#6292=CARTESIAN_POINT('',(1.50245302662961,-0.397825496659465));
#6293=CARTESIAN_POINT('',(1.34441619396995,-0.779356142852187));
#6294=CARTESIAN_POINT('',(1.06311032565418,-1.0606601717772));
#6295=CARTESIAN_POINT('',(0.781803379842671,-1.34196527819091));
#6296=CARTESIAN_POINT('',(0.400269792583913,-1.49999999999738));
#6297=CARTESIAN_POINT('',(0.00244321842970407,-1.49999999999735));
#6298=CARTESIAN_POINT('',(-0.387883368721049,-1.49999999999738));
#6299=CARTESIAN_POINT('',(-0.762838504957131,-1.34785218837085));
#6300=CARTESIAN_POINT('',(-1.04279850478466,-1.07586431652863));
#6301=CARTESIAN_POINT('',(-1.31396266873315,-0.812421810750422));
#6302=CARTESIAN_POINT('',(-1.47526243301155,-0.456710708331372));
#6303=CARTESIAN_POINT('',(-1.4962436022459,-0.0802841443474449));
#6304=CARTESIAN_POINT('',(-77.4251446724329,-248.120564380306,102.647303062156));
#6305=CARTESIAN_POINT('',(-77.4519089635518,-248.119957688986,102.653392876503));
#6306=CARTESIAN_POINT('',(-77.4786651912785,-248.119241392782,102.653392876503));
#6307=CARTESIAN_POINT('',(-77.505428816783,-248.119241392782,102.653392876503));
#6308=CARTESIAN_POINT('',(-77.903254313445,-248.119241392782,102.653392876503));
#6309=CARTESIAN_POINT('',(-78.2847849596377,-248.277278225441,102.653392876503));
#6310=CARTESIAN_POINT('',(-78.5660889885628,-248.558584093757,102.653392876503));
#6311=CARTESIAN_POINT('',(-78.8473940949765,-248.839891039568,102.653392876503));
#6312=CARTESIAN_POINT('',(-79.0054288167829,-249.221424626827,102.653392876503));
#6313=CARTESIAN_POINT('',(-79.0054288167829,-249.619251200981,102.653392876503));
#6314=CARTESIAN_POINT('',(-79.0054288167829,-250.009565751303,102.653392876503));
#6315=CARTESIAN_POINT('',(-78.85329036447,-250.384510300379,102.653392876503));
#6316=CARTESIAN_POINT('',(-78.5813173724112,-250.664467974057,102.653392876503));
#6317=CARTESIAN_POINT('',(-78.3178836211582,-250.935635708805,102.653392876503));
#6318=CARTESIAN_POINT('',(-77.9621802030672,-251.096943473739,102.653392876503));
#6319=CARTESIAN_POINT('',(-77.5857129611231,-251.117106140495,102.649585948578));
#6320=CARTESIAN_POINT('',(-1.4962436022459,-0.0802841443474449));
#6321=CARTESIAN_POINT('',(-1.49685029356547,-0.0535198532285079));
#6322=CARTESIAN_POINT('',(-1.49756658976918,-0.0267636255018502));
#6323=CARTESIAN_POINT('',(-1.49756658976915,2.65742983174277E-12));
#6324=CARTESIAN_POINT('',(-1.49756658976935,0.397825496664716));
#6325=CARTESIAN_POINT('',(-1.33952975711006,0.779356142857395));
#6326=CARTESIAN_POINT('',(-1.0582238887944,1.06066017178248));
#6327=CARTESIAN_POINT('',(-0.776916942983064,1.34196527819619));
#6328=CARTESIAN_POINT('',(-0.395383355724505,1.50000000000265));
#6329=CARTESIAN_POINT('',(0.00244321842970407,1.50000000000265));
#6330=CARTESIAN_POINT('',(0.39275776875121,1.50000000000265));
#6331=CARTESIAN_POINT('',(0.767702317827911,1.34786154768972));
#6332=CARTESIAN_POINT('',(1.04765999150581,1.0758885556309));
#6333=CARTESIAN_POINT('',(1.31882772625301,0.812454804377921));
#6334=CARTESIAN_POINT('',(1.4801354911875,0.456751386286946));
#6335=CARTESIAN_POINT('',(1.50029815794377,0.0802841443427553));
#6336=CARTESIAN_POINT('',(-90.2356428923779,-239.698069664586,96.2796801263324));
#6337=CARTESIAN_POINT('',(-90.2356428923779,-236.848069664585,96.2796801263324));
#6338=CARTESIAN_POINT('',(-87.3856428923779,-236.848069664586,96.2796801263324));
#6339=CARTESIAN_POINT('',(-84.5356428923779,-236.848069664585,96.2796801263324));
#6340=CARTESIAN_POINT('',(-84.5356428923779,-239.698069664586,96.2796801263324));
#6341=CARTESIAN_POINT('',(96.6043130614057,8.95353906273091));
#6342=CARTESIAN_POINT('',(96.6043130614057,0.));
#6343=CARTESIAN_POINT('',(-84.5356428923779,-239.698069664586,96.2796801263324));
#6344=CARTESIAN_POINT('',(-84.5356428923779,-239.698069664586,102.653392876503));
#6345=CARTESIAN_POINT('',(96.6043130614057,0.));
#6346=CARTESIAN_POINT('',(161.861131996053,0.));
#6347=CARTESIAN_POINT('',(-84.5356428923779,-239.698069664586,102.653392876503));
#6348=CARTESIAN_POINT('',(-84.5356428923779,-236.848069664585,102.653392876503));
#6349=CARTESIAN_POINT('',(-87.3856428923779,-236.848069664586,102.653392876503));
#6350=CARTESIAN_POINT('',(-90.2356428923779,-236.848069664585,102.653392876503));
#6351=CARTESIAN_POINT('',(-90.2356428923779,-239.698069664586,102.653392876503));
#6352=CARTESIAN_POINT('',(161.861131996053,0.));
#6353=CARTESIAN_POINT('',(161.861131996053,8.95353906273091));
#6354=CARTESIAN_POINT('',(-90.2356428923779,-239.698069664586,102.653392876503));
#6355=CARTESIAN_POINT('',(-90.2356428923779,-239.698069664586,96.2796801263324));
#6356=CARTESIAN_POINT('',(161.861131996053,8.95353906273091));
#6357=CARTESIAN_POINT('',(96.6043130614057,8.95353906273091));
#6358=CARTESIAN_POINT('',(-74.3264418953931,-256.754900544389,106.151958934433));
#6359=CARTESIAN_POINT('',(-74.0512615851129,-255.088232691356,106.151958677423));
#6360=CARTESIAN_POINT('',(-73.7760812748431,-253.421564838323,106.151958677422));
#6361=CARTESIAN_POINT('',(-73.5009009645632,-251.754896985289,106.151958906152));
#6362=CARTESIAN_POINT('',(8.70501776385001,-2.49996247115502));
#6363=CARTESIAN_POINT('',(8.9801980741302,-0.833294618122039));
#6364=CARTESIAN_POINT('',(9.2553783844001,0.833373234910965));
#6365=CARTESIAN_POINT('',(9.5305586946799,2.50004108794496));
#6366=CARTESIAN_POINT('',(-73.5009009645632,-251.754896985289,106.151958906152));
#6367=CARTESIAN_POINT('',(-92.562018353923,-251.754979161133,106.151959559162));
#6368=CARTESIAN_POINT('',(9.5305586946799,2.50004108794496));
#6369=CARTESIAN_POINT('',(-9.5305586946799,2.49995891210096));
#6370=CARTESIAN_POINT('',(-92.562018353923,-251.754979161133,106.151959559162));
#6371=CARTESIAN_POINT('',(-92.562018353923,-256.754979161179,106.151959559162));
#6372=CARTESIAN_POINT('',(-9.5305586946799,2.49995891210096));
#6373=CARTESIAN_POINT('',(-9.5305586946799,-2.50004108794502));
#6374=CARTESIAN_POINT('',(-92.562018353923,-256.754979161179,106.151959559162));
#6375=CARTESIAN_POINT('',(-74.3264418953931,-256.754900544389,106.151958934433));
#6376=CARTESIAN_POINT('',(-9.5305586946799,-2.50004108794502));
#6377=CARTESIAN_POINT('',(8.70501776385001,-2.49996247115502));
#6378=CARTESIAN_POINT('',(-73.5009009645632,-251.754896985289,106.151958906152));
#6379=CARTESIAN_POINT('',(-73.1102850947832,-249.389077598047,106.151958677422));
#6380=CARTESIAN_POINT('',(-72.7196692250131,-247.023258210806,106.151958677423));
#6381=CARTESIAN_POINT('',(-72.329053355233,-244.657438823564,106.151958677423));
#6382=CARTESIAN_POINT('',(8.94463489001479,-9.12648659248504));
#6383=CARTESIAN_POINT('',(9.33525075979489,-6.76066720524304));
#6384=CARTESIAN_POINT('',(9.72586662956489,-4.39484781800203));
#6385=CARTESIAN_POINT('',(10.116482499345,-2.02902843076004));
#6386=CARTESIAN_POINT('',(-72.329053355233,-244.657438823564,106.151958677423));
#6387=CARTESIAN_POINT('',(-72.329053355233,-235.740028639773,106.151958677423));
#6388=CARTESIAN_POINT('',(-81.175964347614,-234.620935132124,106.151958677423));
#6389=CARTESIAN_POINT('',(-90.0228753399949,-233.501841624475,106.151958677423));
#6390=CARTESIAN_POINT('',(-92.2433677139628,-242.138369746534,106.151958677423));
#6391=CARTESIAN_POINT('',(10.116482499345,-2.02902843076004));
#6392=CARTESIAN_POINT('',(10.116482499345,6.88838175303064));
#6393=CARTESIAN_POINT('',(1.26957150696406,8.00747526068002));
#6394=CARTESIAN_POINT('',(-7.57733948541689,9.12656876832943));
#6395=CARTESIAN_POINT('',(-9.79783185938481,0.490040646269961));
#6396=CARTESIAN_POINT('',(-92.2433677139628,-242.138369746534,106.151958677423));
#6397=CARTESIAN_POINT('',(-90.0166333168729,-242.142702463433,106.151958677423));
#6398=CARTESIAN_POINT('',(-87.789898919773,-242.147035180331,106.151958677423));
#6399=CARTESIAN_POINT('',(-85.5631645226831,-242.151367897229,106.151958677423));
#6400=CARTESIAN_POINT('',(-9.79783185938481,0.490040646269961));
#6401=CARTESIAN_POINT('',(-7.57109746229491,0.48570792937096));
#6402=CARTESIAN_POINT('',(-5.34436306519491,0.481375212472983));
#6403=CARTESIAN_POINT('',(-3.11762866810501,0.477042495574977));
#6404=CARTESIAN_POINT('',(-85.5631645226831,-242.151367897229,106.151958677423));
#6405=CARTESIAN_POINT('',(-84.4510851640691,-240.767907256442,106.151958677422));
#6406=CARTESIAN_POINT('',(-82.6790970669494,-240.664263500586,106.151958677422));
#6407=CARTESIAN_POINT('',(-80.9071089698298,-240.56061974473,106.151958677422));
#6408=CARTESIAN_POINT('',(-79.6413269978829,-241.804999045408,106.151958677423));
#6409=CARTESIAN_POINT('',(-3.11762866810501,0.477042495574977));
#6410=CARTESIAN_POINT('',(-2.00554930949105,1.86050313636186));
#6411=CARTESIAN_POINT('',(-0.233561212371406,1.96414689221791));
#6412=CARTESIAN_POINT('',(1.53842688474823,2.06779064807394));
#6413=CARTESIAN_POINT('',(2.80420885669509,0.823411347395961));
#6414=CARTESIAN_POINT('',(-79.6413269978829,-241.804999045408,106.151958677423));
#6415=CARTESIAN_POINT('',(-76.728511399603,-244.668562848282,106.151958677423));
#6416=CARTESIAN_POINT('',(2.80420885669509,0.823411347395961));
#6417=CARTESIAN_POINT('',(5.71702445497499,-2.04015245547802));
#6418=CARTESIAN_POINT('',(-76.728511399603,-244.668562848282,106.151958677423));
#6419=CARTESIAN_POINT('',(-79.6524485829131,-247.520769662447,106.151958677423));
#6420=CARTESIAN_POINT('',(5.71702445497499,-2.04015245547802));
#6421=CARTESIAN_POINT('',(2.79308727166489,-4.89235926964304));
#6422=CARTESIAN_POINT('',(-79.6524485829131,-247.520769662447,106.151958677423));
#6423=CARTESIAN_POINT('',(-80.9230635081853,-248.760213713679,106.151958677422));
#6424=CARTESIAN_POINT('',(-82.6946348551043,-248.64967499994,106.151958677422));
#6425=CARTESIAN_POINT('',(-84.4662062020234,-248.539136286201,106.151958677422));
#6426=CARTESIAN_POINT('',(-85.5728933630432,-247.151358432186,106.151958677423));
#6427=CARTESIAN_POINT('',(2.79308727166489,-4.89235926964304));
#6428=CARTESIAN_POINT('',(1.52247234639271,-6.13180332087538));
#6429=CARTESIAN_POINT('',(-0.249099000526314,-6.021264607136));
#6430=CARTESIAN_POINT('',(-2.02067034744535,-5.91072589339663));
#6431=CARTESIAN_POINT('',(-3.12735750846521,-4.52294803938202));
#6432=CARTESIAN_POINT('',(-85.5728933630432,-247.151358432186,106.151958677423));
#6433=CARTESIAN_POINT('',(-87.8984425274431,-247.146833444305,106.151958677423));
#6434=CARTESIAN_POINT('',(-90.223991691853,-247.142308456424,106.151958677423));
#6435=CARTESIAN_POINT('',(-92.5495408562528,-247.137783468541,106.151958677423));
#6436=CARTESIAN_POINT('',(-3.12735750846521,-4.52294803938202));
#6437=CARTESIAN_POINT('',(-5.45290667286501,-4.51842305150103));
#6438=CARTESIAN_POINT('',(-7.77845583727501,-4.51389806362002));
#6439=CARTESIAN_POINT('',(-10.1040050016748,-4.50937307573702));
#6440=CARTESIAN_POINT('',(-92.5495408562528,-247.137783468541,106.151958677423));
#6441=CARTESIAN_POINT('',(-92.5537000221431,-247.137776785214,106.151958682073));
#6442=CARTESIAN_POINT('',(-92.5578591880329,-247.137770101887,106.151958686713));
#6443=CARTESIAN_POINT('',(-92.562018353923,-247.13776341856,106.151958691362));
#6444=CARTESIAN_POINT('',(-10.1040050016748,-4.50937307573702));
#6445=CARTESIAN_POINT('',(-10.1081641675651,-4.50936639241002));
#6446=CARTESIAN_POINT('',(-10.1123233334549,-4.50935970908304));
#6447=CARTESIAN_POINT('',(-10.116482499345,-4.50935302575604));
#6448=CARTESIAN_POINT('',(-92.562018353923,-247.13776341856,106.151958691362));
#6449=CARTESIAN_POINT('',(-92.562018353923,-251.754979161133,106.151959559162));
#6450=CARTESIAN_POINT('',(-10.116482499345,-4.50935302575604));
#6451=CARTESIAN_POINT('',(-10.116482499345,-9.12656876832904));
#6452=CARTESIAN_POINT('',(8.94463489001479,-9.12648659248504));
#6453=CARTESIAN_POINT('',(-10.116482499345,-9.12656876832904));
#6454=CARTESIAN_POINT('',(-87.4659270367229,-241.195916753421,106.156605658553));
#6455=CARTESIAN_POINT('',(-88.9637769812028,-241.115632574406,106.156662078842));
#6456=CARTESIAN_POINT('',(-88.883492836853,-239.617782198694,106.157363829422));
#6457=CARTESIAN_POINT('',(-88.8032086925131,-238.119931822982,106.158065580012));
#6458=CARTESIAN_POINT('',(-87.3053587480331,-238.200216001997,106.158009159723));
#6459=CARTESIAN_POINT('',(-5.02039118214481,1.43249363938298));
#6460=CARTESIAN_POINT('',(-6.51824112662481,1.512777818398));
#6461=CARTESIAN_POINT('',(-6.43795698227491,3.01062819410998));
#6462=CARTESIAN_POINT('',(-6.35767283793511,4.50847856982198));
#6463=CARTESIAN_POINT('',(-4.85982289345501,4.42819439080696));
#6464=CARTESIAN_POINT('',(-87.3053587480331,-238.200216001997,106.158009159723));
#6465=CARTESIAN_POINT('',(-85.8075088035632,-238.280500181011,106.157952739422));
#6466=CARTESIAN_POINT('',(-85.8877929479031,-239.778350556724,106.157250988843));
#6467=CARTESIAN_POINT('',(-85.9680770922431,-241.276200932435,106.156549238252));
#6468=CARTESIAN_POINT('',(-87.4659270367229,-241.195916753421,106.156605658553));
#6469=CARTESIAN_POINT('',(-4.85982289345501,4.42819439080696));
#6470=CARTESIAN_POINT('',(-3.36197294898511,4.34791021179295));
#6471=CARTESIAN_POINT('',(-3.44225709332501,2.85005983607996));
#6472=CARTESIAN_POINT('',(-3.52254123766511,1.35220946036897));
#6473=CARTESIAN_POINT('',(-5.02039118214481,1.43249363938298));
#6474=CARTESIAN_POINT('',(-77.5664508399431,-241.215178880151,106.156596634143));
#6475=CARTESIAN_POINT('',(-79.0643007844129,-241.134894701137,106.156653054433));
#6476=CARTESIAN_POINT('',(-78.9840166400731,-239.637044325425,106.157354805022));
#6477=CARTESIAN_POINT('',(-78.9037324957328,-238.139193949712,106.158056555603));
#6478=CARTESIAN_POINT('',(-77.405882551253,-238.219478128726,106.158000135313));
#6479=CARTESIAN_POINT('',(4.87908501463489,1.41323151265297));
#6480=CARTESIAN_POINT('',(3.38123507016509,1.49351569166694));
#6481=CARTESIAN_POINT('',(3.46151921450499,2.99136606737898));
#6482=CARTESIAN_POINT('',(3.54180335884519,4.48921644309198));
#6483=CARTESIAN_POINT('',(5.03965330332509,4.40893226407798));
#6484=CARTESIAN_POINT('',(-77.405882551253,-238.219478128726,106.158000135313));
#6485=CARTESIAN_POINT('',(-75.908032606773,-238.29976230774,106.157943715023));
#6486=CARTESIAN_POINT('',(-75.9883167511232,-239.797612683453,106.157241964443));
#6487=CARTESIAN_POINT('',(-76.0686008954629,-241.295463059165,106.156540213853));
#6488=CARTESIAN_POINT('',(-77.5664508399431,-241.215178880151,106.156596634143));
#6489=CARTESIAN_POINT('',(5.03965330332509,4.40893226407798));
#6490=CARTESIAN_POINT('',(6.53750324780499,4.32864808506396));
#6491=CARTESIAN_POINT('',(6.45721910345489,2.83079770935097));
#6492=CARTESIAN_POINT('',(6.37693495911509,1.33294733363896));
#6493=CARTESIAN_POINT('',(4.87908501463489,1.41323151265297));
#6494=CARTESIAN_POINT('',(-87.4851891579027,-251.0953958003,106.151967701833));
#6495=CARTESIAN_POINT('',(-88.9830391023826,-251.015111621284,106.152024122123));
#6496=CARTESIAN_POINT('',(-88.9027549580427,-249.517261245573,106.152725872702));
#6497=CARTESIAN_POINT('',(-88.8224708136931,-248.01941086986,106.153427623293));
#6498=CARTESIAN_POINT('',(-87.3246208692231,-248.099695048875,106.153371203003));
#6499=CARTESIAN_POINT('',(-5.03965330332471,-8.46698540749603));
#6500=CARTESIAN_POINT('',(-6.53750324780461,-8.38670122848005));
#6501=CARTESIAN_POINT('',(-6.45721910346471,-6.88885085276902));
#6502=CARTESIAN_POINT('',(-6.37693495911501,-5.39100047705602));
#6503=CARTESIAN_POINT('',(-4.87908501464501,-5.47128465607102));
#6504=CARTESIAN_POINT('',(-87.3246208692231,-248.099695048875,106.153371203003));
#6505=CARTESIAN_POINT('',(-85.8267709247431,-248.179979227888,106.153314782712));
#6506=CARTESIAN_POINT('',(-85.907055069083,-249.677829603602,106.152613032123));
#6507=CARTESIAN_POINT('',(-85.9873392134331,-251.175679979315,106.151911281542));
#6508=CARTESIAN_POINT('',(-87.4851891579027,-251.0953958003,106.151967701833));
#6509=CARTESIAN_POINT('',(-4.87908501464501,-5.47128465607102));
#6510=CARTESIAN_POINT('',(-3.38123507016501,-5.55156883508405));
#6511=CARTESIAN_POINT('',(-3.46151921450501,-7.04941921079802));
#6512=CARTESIAN_POINT('',(-3.54180335885511,-8.54726958651101));
#6513=CARTESIAN_POINT('',(-5.03965330332471,-8.46698540749603));
#6514=CARTESIAN_POINT('',(-77.5857129611231,-251.11465792703,106.151958677423));
#6515=CARTESIAN_POINT('',(-79.0835629056034,-251.034373748014,106.152015097712));
#6516=CARTESIAN_POINT('',(-79.0032787612529,-249.536523372303,106.152716848302));
#6517=CARTESIAN_POINT('',(-78.922994616913,-248.038672996591,106.153418598882));
#6518=CARTESIAN_POINT('',(-77.4251446724329,-248.118957175605,106.153362178593));
#6519=CARTESIAN_POINT('',(4.85982289345499,-8.48624753422604));
#6520=CARTESIAN_POINT('',(3.36197294897469,-8.40596335521002));
#6521=CARTESIAN_POINT('',(3.44225709332509,-6.90811297949904));
#6522=CARTESIAN_POINT('',(3.52254123766499,-5.41026260378705));
#6523=CARTESIAN_POINT('',(5.02039118214519,-5.49054678280103));
#6524=CARTESIAN_POINT('',(-77.4251446724329,-248.118957175605,106.153362178593));
#6525=CARTESIAN_POINT('',(-75.9272947279631,-248.19924135462,106.153305758302));
#6526=CARTESIAN_POINT('',(-76.0075788723032,-249.697091730332,106.152604007723));
#6527=CARTESIAN_POINT('',(-76.087863016653,-251.194942106043,106.151902257132));
#6528=CARTESIAN_POINT('',(-77.5857129611231,-251.11465792703,106.151958677423));
#6529=CARTESIAN_POINT('',(5.02039118214519,-5.49054678280103));
#6530=CARTESIAN_POINT('',(6.51824112661489,-5.57083096181601));
#6531=CARTESIAN_POINT('',(6.43795698227489,-7.06868133752803));
#6532=CARTESIAN_POINT('',(6.35767283792499,-8.56653171323901));
#6533=CARTESIAN_POINT('',(4.85982289345499,-8.48624753422604));
#6534=CARTESIAN_POINT('',(-84.1087095307429,-247.154207399734,105.151958677423));
#6535=CARTESIAN_POINT('',(-84.736216887443,-247.152986413641,105.498827076602));
#6536=CARTESIAN_POINT('',(-85.5728933630432,-247.151358432186,106.151958677423));
#6537=CARTESIAN_POINT('',(4.2426406871196,2.54616576583581));
#6538=CARTESIAN_POINT('',(4.43865357734191,2.47947045489494));
#6539=CARTESIAN_POINT('',(4.63802707373941,2.43040233197252));
#6540=CARTESIAN_POINT('',(4.84025606701424,2.38802670519878));
#6541=CARTESIAN_POINT('',(5.11081737645822,2.33133253448295));
#6542=CARTESIAN_POINT('',(5.38306897187048,2.28839841125911));
#6543=CARTESIAN_POINT('',(5.65685424949029,2.25154911821937));
#6544=CARTESIAN_POINT('',(5.6568542494949,3.91706267092571));
#6545=CARTESIAN_POINT('',(5.65685424949029,2.25154911821937));
#6546=CARTESIAN_POINT('',(-79.6524485829131,-247.520769662447,106.151958677423));
#6547=CARTESIAN_POINT('',(-80.350720400833,-246.804936952727,105.151958677423));
#6548=CARTESIAN_POINT('',(5.6568542494949,3.91706267092571));
#6549=CARTESIAN_POINT('',(4.24264068711986,3.91706267092521));
#6550=CARTESIAN_POINT('',(-80.350720400833,-246.804936952727,105.151958677423));
#6551=CARTESIAN_POINT('',(-82.0884058392318,-248.499993288597,105.151958677421));
#6552=CARTESIAN_POINT('',(-84.1087095307429,-247.154207399734,105.151958677423));
#6553=CARTESIAN_POINT('',(4.24264068711986,3.91706267092521));
#6554=CARTESIAN_POINT('',(4.2426406871196,2.54616576583581));
#6555=CARTESIAN_POINT('',(-84.1087095307429,-247.154207399734,104.651958677423));
#6556=CARTESIAN_POINT('',(-84.1087095307429,-247.154207399734,105.151958677423));
#6557=CARTESIAN_POINT('',(0.170000000000017,2.54430272482883));
#6558=CARTESIAN_POINT('',(0.670000000000064,2.54430272482884));
#6559=CARTESIAN_POINT('',(0.670000000000093,3.91521790540067));
#6560=CARTESIAN_POINT('',(0.670000000000064,2.54430272482884));
#6561=CARTESIAN_POINT('',(-80.350720400833,-246.804936952727,105.151958677423));
#6562=CARTESIAN_POINT('',(-80.3507204008328,-246.804936952728,104.651958677423));
#6563=CARTESIAN_POINT('',(0.670000000000093,3.91521790540067));
#6564=CARTESIAN_POINT('',(0.170000000000025,3.91521790540049));
#6565=CARTESIAN_POINT('',(-80.3507204008328,-246.804936952728,104.651958677423));
#6566=CARTESIAN_POINT('',(-82.0884058392319,-248.4999932886,104.651958677423));
#6567=CARTESIAN_POINT('',(-84.1087095307429,-247.154207399734,104.651958677423));
#6568=CARTESIAN_POINT('',(0.170000000000025,3.91521790540049));
#6569=CARTESIAN_POINT('',(0.170000000000017,2.54430272482883));
#6570=CARTESIAN_POINT('',(-92.2433677139628,-242.138369746534,106.151958677423));
#6571=CARTESIAN_POINT('',(-92.2433677139632,-242.138369746534,104.651958677423));
#6572=CARTESIAN_POINT('',(4.07220122050623,-0.750000000000018));
#6573=CARTESIAN_POINT('',(4.07220122050654,0.749999999999982));
#6574=CARTESIAN_POINT('',(-92.2433677139632,-242.138369746534,104.651958677423));
#6575=CARTESIAN_POINT('',(-84.0989806903731,-242.154216864776,104.651958677423));
#6576=CARTESIAN_POINT('',(4.07220122050654,0.749999999999982));
#6577=CARTESIAN_POINT('',(-4.07220122050652,0.749999999999989));
#6578=CARTESIAN_POINT('',(-84.0989806903731,-242.154216864776,104.651958677423));
#6579=CARTESIAN_POINT('',(-84.0989806903731,-242.154216864776,105.151958677423));
#6580=CARTESIAN_POINT('',(-4.07220122050652,0.749999999999989));
#6581=CARTESIAN_POINT('',(-4.07220122050652,0.249999999999989));
#6582=CARTESIAN_POINT('',(-84.0989806903731,-242.154216864776,105.151958677423));
#6583=CARTESIAN_POINT('',(-84.7264880470832,-242.152995878685,105.498827076612));
#6584=CARTESIAN_POINT('',(-85.5631645226831,-242.151367897229,106.151958677423));
#6585=CARTESIAN_POINT('',(-4.07220122050652,0.249999999999989));
#6586=CARTESIAN_POINT('',(-3.44469267591742,-0.0968683991890128));
#6587=CARTESIAN_POINT('',(-2.60801461647884,-0.750000000000012));
#6588=CARTESIAN_POINT('',(4.07220122050623,-0.750000000000018));
#6589=CARTESIAN_POINT('',(1.84546260818124,-0.750000000000014));
#6590=CARTESIAN_POINT('',(-0.381276004153854,-0.750000000000014));
#6591=CARTESIAN_POINT('',(-2.60801461647884,-0.750000000000012));
#6592=CARTESIAN_POINT('',(-92.2433677139632,-242.138369746534,104.651958677423));
#6593=CARTESIAN_POINT('',(-92.4871560051237,-243.086575854821,104.651958677423));
#6594=CARTESIAN_POINT('',(-92.5445937260828,-244.06393375391,104.651958677423));
#6595=CARTESIAN_POINT('',(-6.88971352916509,2.51977851586255));
#6596=CARTESIAN_POINT('',(-7.13350182032561,1.57157240757532));
#6597=CARTESIAN_POINT('',(-7.19093954128477,0.594214508486573));
#6598=CARTESIAN_POINT('',(-92.5445937260828,-244.06393375391,104.651958677423));
#6599=CARTESIAN_POINT('',(-92.5495408562531,-247.137783468542,104.651958677423));
#6600=CARTESIAN_POINT('',(-7.19093954128477,0.594214508486573));
#6601=CARTESIAN_POINT('',(-7.19588667145499,-2.47963520614545));
#6602=CARTESIAN_POINT('',(-92.5495408562531,-247.137783468542,104.651958677423));
#6603=CARTESIAN_POINT('',(-84.1087095307429,-247.154207399734,104.651958677423));
#6604=CARTESIAN_POINT('',(-7.19588667145499,-2.47963520614545));
#6605=CARTESIAN_POINT('',(1.24494465405512,-2.49605913733743));
#6606=CARTESIAN_POINT('',(5.00293378396522,-2.14678869033145));
#6607=CARTESIAN_POINT('',(3.26524834556615,-3.84184502620353));
#6608=CARTESIAN_POINT('',(1.24494465405512,-2.49605913733743));
#6609=CARTESIAN_POINT('',(-80.3507204008328,-246.804936952728,104.651958677423));
#6610=CARTESIAN_POINT('',(-78.1577675133431,-244.665781842104,104.651958677423));
#6611=CARTESIAN_POINT('',(5.00293378396522,-2.14678869033145));
#6612=CARTESIAN_POINT('',(7.19588667145501,-0.00763357970743073));
#6613=CARTESIAN_POINT('',(-78.1577675133431,-244.665781842104,104.651958677423));
#6614=CARTESIAN_POINT('',(-80.342379212063,-242.518108989948,104.651958677423));
#6615=CARTESIAN_POINT('',(7.19588667145501,-0.00763357970743073));
#6616=CARTESIAN_POINT('',(5.01127497273512,2.14003927244858));
#6617=CARTESIAN_POINT('',(-80.342379212063,-242.518108989948,104.651958677423));
#6618=CARTESIAN_POINT('',(-82.0734551321426,-240.816303236193,104.651958677423));
#6619=CARTESIAN_POINT('',(-84.0989806903731,-242.154216864776,104.651958677423));
#6620=CARTESIAN_POINT('',(5.01127497273512,2.14003927244858));
#6621=CARTESIAN_POINT('',(3.28019905265549,3.84184502620338));
#6622=CARTESIAN_POINT('',(1.25467349442502,2.50393139762056));
#6623=CARTESIAN_POINT('',(-6.88971352916509,2.51977851586255));
#6624=CARTESIAN_POINT('',(1.25467349442502,2.50393139762056));
#6625=CARTESIAN_POINT('',(2.75623704803488,-0.749999999999998));
#6626=CARTESIAN_POINT('',(0.430683481342435,-0.75));
#6627=CARTESIAN_POINT('',(-1.89487008536021,-0.75));
#6628=CARTESIAN_POINT('',(-4.22042365205264,-0.750000000000004));
#6629=CARTESIAN_POINT('',(4.22042365205286,0.250000000000004));
#6630=CARTESIAN_POINT('',(3.59291510747384,-0.0968683991790332));
#6631=CARTESIAN_POINT('',(2.75623704803488,-0.749999999999998));
#6632=CARTESIAN_POINT('',(4.22042365205286,0.750000000000004));
#6633=CARTESIAN_POINT('',(4.22042365205286,0.250000000000004));
#6634=CARTESIAN_POINT('',(-4.22042365205284,0.749999999999996));
#6635=CARTESIAN_POINT('',(4.22042365205286,0.750000000000004));
#6636=CARTESIAN_POINT('',(-92.5495408562531,-247.137783468542,104.651958677423));
#6637=CARTESIAN_POINT('',(-92.5495408562528,-247.137783468541,106.151958677423));
#6638=CARTESIAN_POINT('',(-4.22042365205284,0.749999999999996));
#6639=CARTESIAN_POINT('',(-4.22042365205264,-0.750000000000004));
#6640=CARTESIAN_POINT('',(-80.3423792120632,-242.518108989948,105.151958677423));
#6641=CARTESIAN_POINT('',(-82.0734551321427,-240.816303236193,105.151958677423));
#6642=CARTESIAN_POINT('',(-84.0989806903731,-242.154216864776,105.151958677423));
#6643=CARTESIAN_POINT('',(0.670000000000025,2.36427788952431));
#6644=CARTESIAN_POINT('',(0.670000000000017,3.73515613710804));
#6645=CARTESIAN_POINT('',(0.170000000000022,3.73515613710803));
#6646=CARTESIAN_POINT('',(0.670000000000017,3.73515613710804));
#6647=CARTESIAN_POINT('',(0.170000000000008,2.36427788952426));
#6648=CARTESIAN_POINT('',(0.170000000000022,3.73515613710803));
#6649=CARTESIAN_POINT('',(-80.342379212063,-242.518108989948,104.651958677423));
#6650=CARTESIAN_POINT('',(-80.3423792120632,-242.518108989948,105.151958677423));
#6651=CARTESIAN_POINT('',(0.170000000000008,2.36427788952426));
#6652=CARTESIAN_POINT('',(0.670000000000025,2.36427788952431));
#6653=CARTESIAN_POINT('',(-78.1577675133431,-244.665781842104,105.151958677423));
#6654=CARTESIAN_POINT('',(-80.3423792120632,-242.518108989948,105.151958677423));
#6655=CARTESIAN_POINT('',(-1.5317495678204,-0.250000000000014));
#6656=CARTESIAN_POINT('',(1.53174956782051,-0.250000000000014));
#6657=CARTESIAN_POINT('',(1.53174956782037,0.249999999999986));
#6658=CARTESIAN_POINT('',(1.53174956782051,-0.250000000000014));
#6659=CARTESIAN_POINT('',(-1.5317495678204,0.249999999999986));
#6660=CARTESIAN_POINT('',(1.53174956782037,0.249999999999986));
#6661=CARTESIAN_POINT('',(-78.1577675133431,-244.665781842104,104.651958677423));
#6662=CARTESIAN_POINT('',(-78.1577675133431,-244.665781842104,105.151958677423));
#6663=CARTESIAN_POINT('',(-1.5317495678204,0.249999999999986));
#6664=CARTESIAN_POINT('',(-1.5317495678204,-0.250000000000014));
#6665=CARTESIAN_POINT('',(-80.350720400833,-246.804936952727,105.151958677423));
#6666=CARTESIAN_POINT('',(-78.1577675133431,-244.665781842104,105.151958677423));
#6667=CARTESIAN_POINT('',(-1.53174956781867,-0.250000000000011));
#6668=CARTESIAN_POINT('',(1.53174956781939,-0.250000000000017));
#6669=CARTESIAN_POINT('',(1.53174956781939,0.249999999999983));
#6670=CARTESIAN_POINT('',(1.53174956781939,-0.250000000000017));
#6671=CARTESIAN_POINT('',(-1.53174956781925,0.249999999999989));
#6672=CARTESIAN_POINT('',(1.53174956781939,0.249999999999983));
#6673=CARTESIAN_POINT('',(-1.53174956781867,-0.250000000000011));
#6674=CARTESIAN_POINT('',(-1.53174956781925,0.249999999999989));
#6675=CARTESIAN_POINT('',(0.867452900178529,-2.18514645580034));
#6676=CARTESIAN_POINT('',(-1.45178507904581,1.1772377516388));
#6677=CARTESIAN_POINT('',(-76.728511399603,-244.668562848282,106.151958677423));
#6678=CARTESIAN_POINT('',(-78.1577675133431,-244.665781842104,105.151958677423));
#6679=CARTESIAN_POINT('',(0.867452900178529,-2.18514645580034));
#6680=CARTESIAN_POINT('',(1.45178507904562,-0.541572095633153));
#6681=CARTESIAN_POINT('',(-0.287643405372012,1.98021605995243));
#6682=CARTESIAN_POINT('',(1.45178507904562,-0.541572095633153));
#6683=CARTESIAN_POINT('',(-1.45178507904581,1.1772377516388));
#6684=CARTESIAN_POINT('',(-0.287643405372012,1.98021605995243));
#6685=CARTESIAN_POINT('',(1.45603884424907,1.1707261865456));
#6686=CARTESIAN_POINT('',(-0.875434711584311,-2.18318547316794));
#6687=CARTESIAN_POINT('',(-79.6413269978829,-241.804999045408,106.151958677423));
#6688=CARTESIAN_POINT('',(-80.3423792120632,-242.518108989948,105.151958677423));
#6689=CARTESIAN_POINT('',(1.45603884424907,1.1707261865456));
#6690=CARTESIAN_POINT('',(0.294830578919969,1.97794075810644));
#6691=CARTESIAN_POINT('',(-1.45377458795549,-0.537492986687703));
#6692=CARTESIAN_POINT('',(0.294830578919969,1.97794075810644));
#6693=CARTESIAN_POINT('',(-0.875434711584311,-2.18318547316794));
#6694=CARTESIAN_POINT('',(-1.45377458795549,-0.537492986687703));
#6695=CARTESIAN_POINT('',(5.65685424949214,3.9743062671281));
#6696=CARTESIAN_POINT('',(5.65685424949495,2.30887904004953));
#6697=CARTESIAN_POINT('',(4.24264068711662,3.67901832190636));
#6698=CARTESIAN_POINT('',(4.43859615563491,3.74616049043577));
#6699=CARTESIAN_POINT('',(4.63796924667234,3.79539291464623));
#6700=CARTESIAN_POINT('',(4.84025606701822,3.83786234647788));
#6701=CARTESIAN_POINT('',(5.11080309641114,3.89466277767953));
#6702=CARTESIAN_POINT('',(5.38305417436395,3.93754400781407));
#6703=CARTESIAN_POINT('',(5.65685424949214,3.9743062671281));
#6704=CARTESIAN_POINT('',(4.24264068711865,2.3088790400507));
#6705=CARTESIAN_POINT('',(4.24264068711662,3.67901832190636));
#6706=CARTESIAN_POINT('',(5.65685424949495,2.30887904004953));
#6707=CARTESIAN_POINT('',(4.24264068711865,2.3088790400507));
#6708=CARTESIAN_POINT('',(-92.562018353923,-247.137763386947,104.651958802843));
#6709=CARTESIAN_POINT('',(-92.562018353923,-247.13776341856,106.151958691362));
#6710=CARTESIAN_POINT('',(-0.00623875691504443,0.749999881549527));
#6711=CARTESIAN_POINT('',(-0.00623875686416573,-0.750000006969472));
#6712=CARTESIAN_POINT('',(0.00623875691505686,-0.749999993030471));
#6713=CARTESIAN_POINT('',(0.00207958565508193,-0.749999997680476));
#6714=CARTESIAN_POINT('',(-0.00207958560439891,-0.750000002320476));
#6715=CARTESIAN_POINT('',(-0.00623875686416573,-0.750000006969472));
#6716=CARTESIAN_POINT('',(0.00623875691485245,0.750000006969529));
#6717=CARTESIAN_POINT('',(0.00623875691505686,-0.749999993030471));
#6718=CARTESIAN_POINT('',(-92.5495408562531,-247.137783468542,104.651958677423));
#6719=CARTESIAN_POINT('',(-92.562018353923,-247.137763386947,104.651958802843));
#6720=CARTESIAN_POINT('',(0.00623875691485245,0.750000006969529));
#6721=CARTESIAN_POINT('',(-0.00623875691504443,0.749999881549527));
#6722=CARTESIAN_POINT('',(-92.5445937260828,-244.06393375391,104.651958677423));
#6723=CARTESIAN_POINT('',(-92.556200278503,-244.261429798525,104.651958790893));
#6724=CARTESIAN_POINT('',(-92.5620183539229,-244.459349402654,104.651958846173));
#6725=CARTESIAN_POINT('',(-92.562018353923,-244.657438823564,104.651958842972));
#6726=CARTESIAN_POINT('',(0.00871231392051023,1.536924857316));
#6727=CARTESIAN_POINT('',(-0.00289423850023951,1.33942881270099));
#6728=CARTESIAN_POINT('',(-0.00871231392040528,1.14150920857199));
#6729=CARTESIAN_POINT('',(-0.00871231392047305,0.943419787661981));
#6730=CARTESIAN_POINT('',(-92.562018353923,-244.657438823564,104.651958842972));
#6731=CARTESIAN_POINT('',(-92.562018353923,-247.137763386947,104.651958802843));
#6732=CARTESIAN_POINT('',(-0.00871231392047305,0.943419787661981));
#6733=CARTESIAN_POINT('',(-0.00871231392006968,-1.53690477572101));
#6734=CARTESIAN_POINT('',(0.00376518375055883,-1.53692485731602));
#6735=CARTESIAN_POINT('',(-0.00871231392006968,-1.53690477572101));
#6736=CARTESIAN_POINT('',(0.00871231392051023,1.536924857316));
#6737=CARTESIAN_POINT('',(0.00376518375055883,-1.53692485731602));
#6738=CARTESIAN_POINT('',(-74.5178387219629,-257.914122066065,106.151958940992));
#6739=CARTESIAN_POINT('',(-74.4540397797729,-257.527714892173,106.151958677422));
#6740=CARTESIAN_POINT('',(-74.3902408375831,-257.141307718281,106.151958677423));
#6741=CARTESIAN_POINT('',(-74.3264418953931,-256.754900544389,106.151958934433));
#6742=CARTESIAN_POINT('',(8.92639140269515,-0.579571865015453));
#6743=CARTESIAN_POINT('',(8.99019034488515,-0.193164691123457));
#6744=CARTESIAN_POINT('',(9.05398928707505,0.19324248276854));
#6745=CARTESIAN_POINT('',(9.11778822926495,0.579649656660536));
#6746=CARTESIAN_POINT('',(-9.11778822926495,0.57957103987053));
#6747=CARTESIAN_POINT('',(9.11778822926495,0.579649656660536));
#6748=CARTESIAN_POINT('',(-92.562018353923,-256.754979161179,106.151959559162));
#6749=CARTESIAN_POINT('',(-92.562018353923,-257.91419985771,106.151959559162));
#6750=CARTESIAN_POINT('',(-9.11778822926495,0.57957103987053));
#6751=CARTESIAN_POINT('',(-9.11778822926495,-0.579649656660479));
#6752=CARTESIAN_POINT('',(-92.562018353923,-257.91419985771,106.151959559162));
#6753=CARTESIAN_POINT('',(-74.5178387219629,-257.914122066065,106.151958940992));
#6754=CARTESIAN_POINT('',(-9.11778822926495,-0.579649656660479));
#6755=CARTESIAN_POINT('',(8.92639140269515,-0.579571865015453));
#6756=CARTESIAN_POINT('',(-85.5404438552277,-251.753070064215,96.2793311791399));
#6757=CARTESIAN_POINT('',(-84.0431352802442,-250.457944887399,96.2794214654468));
#6758=CARTESIAN_POINT('',(-84.7341612932662,-248.602745374383,96.2795507958896));
#6759=CARTESIAN_POINT('',(-85.4251873062882,-246.747545861367,96.2796801263324));
#6760=CARTESIAN_POINT('',(-87.4049050135621,-246.747545861367,96.2796801263324));
#6761=CARTESIAN_POINT('',(3.09490799254969,-8.60698114720989));
#6762=CARTESIAN_POINT('',(1.59666015998959,-7.31168632979199));
#6763=CARTESIAN_POINT('',(2.28774509621115,-5.45563222424218));
#6764=CARTESIAN_POINT('',(2.9788300324327,-3.59957811869236));
#6765=CARTESIAN_POINT('',(4.95936915898402,-3.59957811869236));
#6766=CARTESIAN_POINT('',(6.82366417613324,-8.60699722253603));
#6767=CARTESIAN_POINT('',(8.32200961272494,-7.31177610833372));
#6768=CARTESIAN_POINT('',(7.63097176755561,-5.45567711351304));
#6769=CARTESIAN_POINT('',(6.93993392238628,-3.59957811869236));
#6770=CARTESIAN_POINT('',(4.95936915898402,-3.59957811869236));
#6771=CARTESIAN_POINT('',(-89.2692000382611,-251.753213753433,96.2793551003816));
#6772=CARTESIAN_POINT('',(-92.562018353923,-251.754979161133,96.2796801263324));
#6773=CARTESIAN_POINT('',(6.82366417613324,-8.60699722253603));
#6774=CARTESIAN_POINT('',(10.116482499345,-8.607011418458));
#6775=CARTESIAN_POINT('',(-92.562018353923,-251.754979161133,96.2796801263324));
#6776=CARTESIAN_POINT('',(-92.562018353923,-244.657438823564,96.2796801263324));
#6777=CARTESIAN_POINT('',(10.116482499345,-8.607011418458));
#6778=CARTESIAN_POINT('',(10.116482499345,-1.509471080889));
#6779=CARTESIAN_POINT('',(-92.562018353923,-244.657438823564,96.2796801263324));
#6780=CARTESIAN_POINT('',(-92.5620183539249,-234.540956324217,96.2796801263322));
#6781=CARTESIAN_POINT('',(-82.4455358545781,-234.540956324217,96.2796801263322));
#6782=CARTESIAN_POINT('',(-72.3290533552312,-234.540956324217,96.2796801263322));
#6783=CARTESIAN_POINT('',(-72.329053355233,-244.657438823564,96.2796801263324));
#6784=CARTESIAN_POINT('',(10.116482499345,-1.509471080889));
#6785=CARTESIAN_POINT('',(10.1164824993468,8.60701141845785));
#6786=CARTESIAN_POINT('',(-7.105427357601E-15,8.60701141845786));
#6787=CARTESIAN_POINT('',(-10.1164824993468,8.60701141845785));
#6788=CARTESIAN_POINT('',(-10.116482499345,-1.509471080889));
#6789=CARTESIAN_POINT('',(-72.329053355233,-244.657438823564,96.2796801263324));
#6790=CARTESIAN_POINT('',(-72.7196692250131,-247.023258210806,96.2796801263324));
#6791=CARTESIAN_POINT('',(-73.1102850947832,-249.389077598047,96.2796801263324));
#6792=CARTESIAN_POINT('',(-73.5009009645632,-251.754896985289,96.2796801263324));
#6793=CARTESIAN_POINT('',(-10.116482499345,-1.509471080889));
#6794=CARTESIAN_POINT('',(-9.7258666295649,-3.875290468131));
#6795=CARTESIAN_POINT('',(-9.3352507597949,-6.241109855372));
#6796=CARTESIAN_POINT('',(-8.9446348900148,-8.606929242614));
#6797=CARTESIAN_POINT('',(-73.5009009645632,-251.754896985289,96.2796801263324));
#6798=CARTESIAN_POINT('',(-75.6191281931477,-251.753246597931,96.2793665816389));
#6799=CARTESIAN_POINT('',(-8.9446348900148,-8.606929242614));
#6800=CARTESIAN_POINT('',(-6.82640766858483,-8.60693837466548));
#6801=CARTESIAN_POINT('',(-7.79160476867437,-6.46884023987654));
#6802=CARTESIAN_POINT('',(-7.79160476867438,-7.7557477457737));
#6803=CARTESIAN_POINT('',(-6.82640766858483,-8.60693837466548));
#6804=CARTESIAN_POINT('',(-74.6554288210037,-249.616807982552,96.2793027844164));
#6805=CARTESIAN_POINT('',(-74.6554288210037,-249.402980520504,96.2793027844164));
#6806=CARTESIAN_POINT('',(-74.6873349615684,-249.191546886199,96.2793048966137));
#6807=CARTESIAN_POINT('',(-74.9189038121577,-247.657000782992,96.2793202265494));
#6808=CARTESIAN_POINT('',(-76.3335621010918,-247.01888026738,96.2794138774037));
#6809=CARTESIAN_POINT('',(-77.7482203900259,-246.380759751769,96.2795075282581));
#6810=CARTESIAN_POINT('',(-79.0518246034031,-247.222823836671,96.2795938272952));
#6811=CARTESIAN_POINT('',(-80.3554288167803,-248.064887921574,96.2796801263324));
#6812=CARTESIAN_POINT('',(-80.3554288167803,-249.616807982552,96.2796801263324));
#6813=CARTESIAN_POINT('',(-7.79160476867437,-6.46884023987654));
#6814=CARTESIAN_POINT('',(-7.79160476867437,-6.25558248827211));
#6815=CARTESIAN_POINT('',(-7.75987571842668,-6.04469831155477));
#6816=CARTESIAN_POINT('',(-7.52887626978687,-4.50938199517379));
#6817=CARTESIAN_POINT('',(-6.11378696216591,-3.87057123440472));
#6818=CARTESIAN_POINT('',(-4.69869765454495,-3.23176047363564));
#6819=CARTESIAN_POINT('',(-3.39440234617135,-4.07400193852096));
#6820=CARTESIAN_POINT('',(-2.09010703779775,-4.91624340340627));
#6821=CARTESIAN_POINT('',(-2.09010703779776,-6.46884023987656));
#6822=CARTESIAN_POINT('',(-3.05361148185027,-8.60695463985637));
#6823=CARTESIAN_POINT('',(-2.09010703779776,-7.75499078475898));
#6824=CARTESIAN_POINT('',(-2.09010703779776,-6.46884023987656));
#6825=CARTESIAN_POINT('',(-79.3919243806945,-251.753074465772,96.2793312236044));
#6826=CARTESIAN_POINT('',(-85.5404438552277,-251.753070064215,96.2793311791399));
#6827=CARTESIAN_POINT('',(-3.05361148185027,-8.60695463985637));
#6828=CARTESIAN_POINT('',(3.09490799254969,-8.60698114720989));
#6829=CARTESIAN_POINT('',(-77.4861666955961,-242.56733178577,96.2796801263324));
#6830=CARTESIAN_POINT('',(-74.6361666955961,-242.56733178577,96.2796801263324));
#6831=CARTESIAN_POINT('',(-74.6361666955961,-239.71733178577,96.2796801263324));
#6832=CARTESIAN_POINT('',(-74.6361666955961,-236.86733178577,96.2796801263324));
#6833=CARTESIAN_POINT('',(-77.4861666955961,-236.86733178577,96.2796801263324));
#6834=CARTESIAN_POINT('',(-4.95936915898199,0.580635956905296));
#6835=CARTESIAN_POINT('',(-7.809369158982,0.580635956905282));
#6836=CARTESIAN_POINT('',(-7.80936915898199,3.43063595690529));
#6837=CARTESIAN_POINT('',(-7.809369158982,6.2806359569053));
#6838=CARTESIAN_POINT('',(-4.95936915898199,6.28063595690529));
#6839=CARTESIAN_POINT('',(-77.4861666955961,-236.86733178577,96.2796801263324));
#6840=CARTESIAN_POINT('',(-80.336166695596,-236.86733178577,96.2796801263324));
#6841=CARTESIAN_POINT('',(-80.3361666955961,-239.71733178577,96.2796801263324));
#6842=CARTESIAN_POINT('',(-80.336166695596,-242.56733178577,96.2796801263324));
#6843=CARTESIAN_POINT('',(-77.4861666955961,-242.56733178577,96.2796801263324));
#6844=CARTESIAN_POINT('',(-4.95936915898199,6.28063595690529));
#6845=CARTESIAN_POINT('',(-2.10936915898199,6.2806359569053));
#6846=CARTESIAN_POINT('',(-2.10936915898199,3.43063595690529));
#6847=CARTESIAN_POINT('',(-2.10936915898199,0.580635956905282));
#6848=CARTESIAN_POINT('',(-4.95936915898199,0.580635956905296));
#6849=CARTESIAN_POINT('',(7.79010703779982,3.44989807808949));
#6850=CARTESIAN_POINT('',(7.79010703779982,6.29989807808949));
#6851=CARTESIAN_POINT('',(4.94010703779982,6.29989807808948));
#6852=CARTESIAN_POINT('',(2.09010703779981,6.29989807808949));
#6853=CARTESIAN_POINT('',(2.09010703779982,3.44989807808949));
#6854=CARTESIAN_POINT('',(-90.2356428923779,-239.698069664586,96.2796801263324));
#6855=CARTESIAN_POINT('',(-90.2356428923779,-242.548069664586,96.2796801263324));
#6856=CARTESIAN_POINT('',(-87.3856428923779,-242.548069664586,96.2796801263324));
#6857=CARTESIAN_POINT('',(-84.5356428923779,-242.548069664586,96.2796801263324));
#6858=CARTESIAN_POINT('',(-84.5356428923779,-239.698069664586,96.2796801263324));
#6859=CARTESIAN_POINT('',(7.79010703779982,3.44989807808949));
#6860=CARTESIAN_POINT('',(7.79010703779982,0.599898078089475));
#6861=CARTESIAN_POINT('',(4.94010703779982,0.599898078089495));
#6862=CARTESIAN_POINT('',(2.09010703779981,0.599898078089475));
#6863=CARTESIAN_POINT('',(2.09010703779982,3.44989807808949));
#6864=CARTESIAN_POINT('',(-75.1592464749127,-261.798897402838,108.151958677432));
#6865=CARTESIAN_POINT('',(-75.1592465577029,-261.798897904279,107.893949956032));
#6866=CARTESIAN_POINT('',(-75.1510040064829,-261.748975745504,107.638529793373));
#6867=CARTESIAN_POINT('',(-75.1183517352129,-261.551212719481,107.151324286163));
#6868=CARTESIAN_POINT('',(-75.0936714866231,-261.401733358508,106.926367791062));
#6869=CARTESIAN_POINT('',(-75.0625283387129,-261.213110548243,106.737745115062));
#6870=CARTESIAN_POINT('',(-75.0003140700229,-260.836301169959,106.360936004993));
#6871=CARTESIAN_POINT('',(-74.9162017626631,-260.326863272383,106.151954312273));
#6872=CARTESIAN_POINT('',(-74.8290301025831,-259.798895979199,106.151958951652));
#6873=CARTESIAN_POINT('',(2.22352519941705,3.14159265358924));
#6874=CARTESIAN_POINT('',(2.22352555795578,2.52107296061612));
#6875=CARTESIAN_POINT('',(2.06408639211104,2.14524038330447));
#6876=CARTESIAN_POINT('',(1.8933002047308,1.5707963267949));
#6877=CARTESIAN_POINT('',(-74.8290301025831,-259.798895979199,106.151958951652));
#6878=CARTESIAN_POINT('',(-92.562018353923,-259.798972429242,106.151959559162));
#6879=CARTESIAN_POINT('',(1.8933002047308,1.5707963267949));
#6880=CARTESIAN_POINT('',(19.6262884562355,1.57079632679101));
#6881=CARTESIAN_POINT('',(-92.562018353923,-259.798972429242,106.151959559162));
#6882=CARTESIAN_POINT('',(-92.562018353923,-260.328963577151,106.151947414793));
#6883=CARTESIAN_POINT('',(-92.562018353923,-260.83782022521,106.362379348633));
#6884=CARTESIAN_POINT('',(-92.562018353923,-261.213185991642,106.737745115052));
#6885=CARTESIAN_POINT('',(-92.562018353923,-261.588551758065,107.113110881473));
#6886=CARTESIAN_POINT('',(-92.562018353923,-261.798983691901,107.621967529522));
#6887=CARTESIAN_POINT('',(-92.562018353923,-261.798972429261,108.151958677432));
#6888=CARTESIAN_POINT('',(19.6262884562355,1.57079632679101));
#6889=CARTESIAN_POINT('',(19.626297078589,3.14159265358924));
#6890=CARTESIAN_POINT('',(-92.562018353923,-261.798972429261,108.151958677432));
#6891=CARTESIAN_POINT('',(-75.1592464749127,-261.798897402838,108.151958677432));
#6892=CARTESIAN_POINT('',(19.626297078589,3.14159265358924));
#6893=CARTESIAN_POINT('',(2.22352519941705,3.14159265358924));
#6894=CARTESIAN_POINT('',(-75.1592464749127,-261.798897402838,140.551958677422));
#6895=CARTESIAN_POINT('',(-75.1592464749127,-261.798897402838,108.151958677432));
#6896=CARTESIAN_POINT('',(8.70138593958602,-16.199999999995));
#6897=CARTESIAN_POINT('',(8.70138593958603,16.199999999995));
#6898=CARTESIAN_POINT('',(-8.701385939586,16.199999999995));
#6899=CARTESIAN_POINT('',(8.70138593958603,16.199999999995));
#6900=CARTESIAN_POINT('',(-92.562018353923,-261.798972429261,108.151958677432));
#6901=CARTESIAN_POINT('',(-92.562018353923,-261.798972429261,140.551958677422));
#6902=CARTESIAN_POINT('',(-8.701385939586,16.199999999995));
#6903=CARTESIAN_POINT('',(-8.70138593958602,-16.199999999995));
#6904=CARTESIAN_POINT('',(-92.562018353923,-261.798972429261,140.551958677422));
#6905=CARTESIAN_POINT('',(-75.1592464749127,-261.798897402838,140.551958677422));
#6906=CARTESIAN_POINT('',(-8.70138593958602,-16.199999999995));
#6907=CARTESIAN_POINT('',(8.70138593958602,-16.199999999995));
#6908=CARTESIAN_POINT('',(-74.8290301025831,-259.798895979199,142.551958403202));
#6909=CARTESIAN_POINT('',(-74.9162017626631,-260.326863272381,142.551963042572));
#6910=CARTESIAN_POINT('',(-75.0003140700229,-260.836301169955,142.342981349852));
#6911=CARTESIAN_POINT('',(-75.0625283387128,-261.213110548237,141.966172239793));
#6912=CARTESIAN_POINT('',(-75.093671486623,-261.401733358502,141.777549563793));
#6913=CARTESIAN_POINT('',(-75.1183517352129,-261.551212719473,141.552593068693));
#6914=CARTESIAN_POINT('',(-75.1510040064829,-261.748975745495,141.065387561482));
#6915=CARTESIAN_POINT('',(-75.1592465577029,-261.79889790427,140.809967398823));
#6916=CARTESIAN_POINT('',(-75.1592464749127,-261.798897402838,140.551958677422));
#6917=CARTESIAN_POINT('',(1.89330020473079,4.71238898038325));
#6918=CARTESIAN_POINT('',(2.06408639211083,4.13794492387296));
#6919=CARTESIAN_POINT('',(2.22352555795575,3.76211234655949));
#6920=CARTESIAN_POINT('',(2.22352519941755,3.14159265358589));
#6921=CARTESIAN_POINT('',(19.6262970785895,3.14159265359041));
#6922=CARTESIAN_POINT('',(2.22352519941755,3.14159265358589));
#6923=CARTESIAN_POINT('',(-92.562018353923,-261.798972429261,140.551958677422));
#6924=CARTESIAN_POINT('',(-92.562018353923,-261.798983691881,141.081949825333));
#6925=CARTESIAN_POINT('',(-92.562018353923,-261.588551758047,141.590806473362));
#6926=CARTESIAN_POINT('',(-92.562018353923,-261.213185991631,141.966172239783));
#6927=CARTESIAN_POINT('',(-92.562018353923,-260.837820225204,142.341538006213));
#6928=CARTESIAN_POINT('',(-92.562018353923,-260.328963577147,142.551969940043));
#6929=CARTESIAN_POINT('',(-92.562018353923,-259.798972429242,142.551957795693));
#6930=CARTESIAN_POINT('',(19.6262970785895,3.14159265359041));
#6931=CARTESIAN_POINT('',(19.6262884562355,4.71238898038325));
#6932=CARTESIAN_POINT('',(-92.562018353923,-259.798972429242,142.551957795693));
#6933=CARTESIAN_POINT('',(-74.8290301025831,-259.798895979199,142.551958403202));
#6934=CARTESIAN_POINT('',(19.6262884562355,4.71238898038325));
#6935=CARTESIAN_POINT('',(1.89330020473079,4.71238898038325));
#6936=CARTESIAN_POINT('',(-77.0081321615532,-279.648523205498,137.469812264303));
#6937=CARTESIAN_POINT('',(-76.995048061233,-279.407363151928,137.545284664532));
#6938=CARTESIAN_POINT('',(-76.9822348879831,-279.171196700054,137.635921324031));
#6939=CARTESIAN_POINT('',(-76.969769319573,-278.941437139199,137.741186210392));
#6940=CARTESIAN_POINT('',(1.71759161598727,4.39311164489158));
#6941=CARTESIAN_POINT('',(1.70470258173713,4.35140512861045));
#6942=CARTESIAN_POINT('',(1.69186170918221,4.30968442485041));
#6943=CARTESIAN_POINT('',(1.67922572563456,4.26790019793488));
#6944=CARTESIAN_POINT('',(-76.969769319573,-278.941437139199,137.741186210392));
#6945=CARTESIAN_POINT('',(-82.1671856643631,-278.941573962732,137.741133791422));
#6946=CARTESIAN_POINT('',(-87.3646020091429,-278.94171083879,137.741081352733));
#6947=CARTESIAN_POINT('',(-92.562018353923,-278.941847767525,137.741028894283));
#6948=CARTESIAN_POINT('',(1.67922572563456,4.26790019793488));
#6949=CARTESIAN_POINT('',(17.2714747616099,4.2679618120838));
#6950=CARTESIAN_POINT('',(-92.562018353923,-278.941847767525,137.741028894283));
#6951=CARTESIAN_POINT('',(-92.562018353923,-279.171490625359,137.635834938553));
#6952=CARTESIAN_POINT('',(-92.562018353923,-279.407547195191,137.545247235152));
#6953=CARTESIAN_POINT('',(-92.562018353923,-279.648608326627,137.469806613393));
#6954=CARTESIAN_POINT('',(17.2714747616099,4.2679618120838));
#6955=CARTESIAN_POINT('',(17.2714778085795,4.39311481657198));
#6956=CARTESIAN_POINT('',(-92.562018353923,-279.648608326627,137.469806613393));
#6957=CARTESIAN_POINT('',(-87.3773896209631,-279.64846902731,137.469843211183));
#6958=CARTESIAN_POINT('',(-82.1927608907231,-279.648468648566,137.469836332872));
#6959=CARTESIAN_POINT('',(-77.0081321615532,-279.648523205498,137.469812264303));
#6960=CARTESIAN_POINT('',(17.2714778085795,4.39311481657198));
#6961=CARTESIAN_POINT('',(1.71759161598727,4.39311164489158));
#6962=CARTESIAN_POINT('',(-77.2508215943631,-284.121661990333,113.611914922243));
#6963=CARTESIAN_POINT('',(-82.3545508040131,-284.155680217453,113.639076971213));
#6964=CARTESIAN_POINT('',(-87.458283364803,-284.189341191044,113.666207826332));
#6965=CARTESIAN_POINT('',(-92.5620183539231,-284.222657783032,113.693308607713));
#6966=CARTESIAN_POINT('',(4.03278052403453,16.986587228259));
#6967=CARTESIAN_POINT('',(4.02976977375233,11.8828548423191));
#6968=CARTESIAN_POINT('',(4.02678047763395,6.77912244394209));
#6969=CARTESIAN_POINT('',(4.02381167732395,1.67539003343053));
#6970=CARTESIAN_POINT('',(-92.5620183539231,-284.222657783032,113.693308607713));
#6971=CARTESIAN_POINT('',(-92.5620183539231,-282.875012385915,112.596030991932));
#6972=CARTESIAN_POINT('',(-92.562018353923,-281.324344269862,111.758455174592));
#6973=CARTESIAN_POINT('',(-92.562018353923,-279.648788406804,111.234167097042));
#6974=CARTESIAN_POINT('',(4.02381167732395,1.67539003343053));
#6975=CARTESIAN_POINT('',(4.39314643343392,1.67540975218999));
#6976=CARTESIAN_POINT('',(-92.562018353923,-279.648788406804,111.234167097042));
#6977=CARTESIAN_POINT('',(-77.0081429119232,-279.6487213513,111.234167097042));
#6978=CARTESIAN_POINT('',(4.39314643343392,1.67540975218999));
#6979=CARTESIAN_POINT('',(4.39314643343376,17.2292851943344));
#6980=CARTESIAN_POINT('',(-77.0081429119232,-279.6487213513,111.234167097042));
#6981=CARTESIAN_POINT('',(-77.0967653026929,-281.282168052055,111.745281578792));
#6982=CARTESIAN_POINT('',(-77.1789740933731,-282.797402258157,112.554297799223));
#6983=CARTESIAN_POINT('',(-77.2508215943631,-284.121661990333,113.611914922243));
#6984=CARTESIAN_POINT('',(4.39314643343376,17.2292851943344));
#6985=CARTESIAN_POINT('',(4.27488167925415,17.1455575953482));
#6986=CARTESIAN_POINT('',(4.15649252954151,17.062394327611));
#6987=CARTESIAN_POINT('',(4.03278052403453,16.986587228259));
#6988=CARTESIAN_POINT('',(-76.9697693197832,-278.94143714299,110.962731145912));
#6989=CARTESIAN_POINT('',(-76.982238302153,-279.171259628484,111.068024861223));
#6990=CARTESIAN_POINT('',(-76.9950550797932,-279.407492514794,111.158682336112));
#6991=CARTESIAN_POINT('',(-77.0081429119232,-279.6487213513,111.234167097042));
#6992=CARTESIAN_POINT('',(1.67922572569128,2.01528510891752));
#6993=CARTESIAN_POINT('',(1.6918652226136,1.97348926408234));
#6994=CARTESIAN_POINT('',(1.70470972179937,1.93175697768415));
#6995=CARTESIAN_POINT('',(1.71760236705818,1.89003887374598));
#6996=CARTESIAN_POINT('',(17.2714778092026,1.8900388737464));
#6997=CARTESIAN_POINT('',(1.71760236705818,1.89003887374598));
#6998=CARTESIAN_POINT('',(-92.562018353923,-279.648788406804,111.234167097042));
#6999=CARTESIAN_POINT('',(-92.562018353923,-279.407664757797,111.158715233611));
#7000=CARTESIAN_POINT('',(-92.562018353923,-279.171547811379,111.068108611482));
#7001=CARTESIAN_POINT('',(-92.562018353923,-278.941847771427,110.962888462063));
#7002=CARTESIAN_POINT('',(17.2714778092026,1.8900388737464));
#7003=CARTESIAN_POINT('',(17.2714747614565,2.01522349474985));
#7004=CARTESIAN_POINT('',(-92.562018353923,-278.941847771427,110.962888462063));
#7005=CARTESIAN_POINT('',(-87.364602009213,-278.941710842654,110.962836003603));
#7006=CARTESIAN_POINT('',(-82.1671856644931,-278.94157396656,110.962783564902));
#7007=CARTESIAN_POINT('',(-76.9697693197832,-278.94143714299,110.962731145912));
#7008=CARTESIAN_POINT('',(17.2714747614565,2.01522349474985));
#7009=CARTESIAN_POINT('',(1.67922572569128,2.01528510891752));
#7010=CARTESIAN_POINT('',(-74.8290301025831,-259.798895979199,106.151958951652));
#7011=CARTESIAN_POINT('',(-74.7252996423729,-259.170638008154,106.151958677432));
#7012=CARTESIAN_POINT('',(-74.6215691821628,-258.54238003711,106.151958677432));
#7013=CARTESIAN_POINT('',(-74.5178387219629,-257.914122066065,106.151958940992));
#7014=CARTESIAN_POINT('',(8.71089843535986,-0.942348731545508));
#7015=CARTESIAN_POINT('',(8.81462889557006,-0.314090760500505));
#7016=CARTESIAN_POINT('',(8.91835935578015,0.31416721054353));
#7017=CARTESIAN_POINT('',(9.02208981598006,0.942425181588533));
#7018=CARTESIAN_POINT('',(-9.02208981598005,0.942347389943507));
#7019=CARTESIAN_POINT('',(9.02208981598006,0.942425181588533));
#7020=CARTESIAN_POINT('',(-92.562018353923,-257.91419985771,106.151959559162));
#7021=CARTESIAN_POINT('',(-92.562018353923,-259.798972429242,106.151959559162));
#7022=CARTESIAN_POINT('',(-9.02208981598005,0.942347389943507));
#7023=CARTESIAN_POINT('',(-9.02208981598005,-0.942425181588476));
#7024=CARTESIAN_POINT('',(8.71089843535986,-0.942348731545508));
#7025=CARTESIAN_POINT('',(-9.02208981598005,-0.942425181588476));
#7026=CARTESIAN_POINT('',(-74.5178387219629,-257.914122066065,142.551958413862));
#7027=CARTESIAN_POINT('',(-74.6215691821628,-258.54238003711,142.551958677421));
#7028=CARTESIAN_POINT('',(-74.7252996423729,-259.170638008154,142.551958677421));
#7029=CARTESIAN_POINT('',(-74.8290301025831,-259.798895979199,142.551958403202));
#7030=CARTESIAN_POINT('',(-9.02208981598005,0.942425181588533));
#7031=CARTESIAN_POINT('',(-8.91835935578015,0.31416721054353));
#7032=CARTESIAN_POINT('',(-8.81462889557005,-0.314090760500505));
#7033=CARTESIAN_POINT('',(-8.71089843535985,-0.942348731545508));
#7034=CARTESIAN_POINT('',(9.02208981598005,-0.942425181588476));
#7035=CARTESIAN_POINT('',(-8.71089843535985,-0.942348731545508));
#7036=CARTESIAN_POINT('',(-92.562018353923,-259.798972429242,142.551957795693));
#7037=CARTESIAN_POINT('',(-92.562018353923,-257.91419985771,142.551957795693));
#7038=CARTESIAN_POINT('',(9.02208981598005,-0.942425181588476));
#7039=CARTESIAN_POINT('',(9.02208981598005,0.942347389943507));
#7040=CARTESIAN_POINT('',(-92.562018353923,-257.91419985771,142.551957795693));
#7041=CARTESIAN_POINT('',(-74.5178387219629,-257.914122066065,142.551958413862));
#7042=CARTESIAN_POINT('',(9.02208981598005,0.942347389943507));
#7043=CARTESIAN_POINT('',(-9.02208981598005,0.942425181588533));
#7044=CARTESIAN_POINT('',(-73.5009009645632,-251.754896985289,142.551958448703));
#7045=CARTESIAN_POINT('',(-73.7760812748431,-253.421564838323,142.551958677422));
#7046=CARTESIAN_POINT('',(-74.0512615851129,-255.088232691356,142.551958677422));
#7047=CARTESIAN_POINT('',(-74.3264418953931,-256.754900544389,142.551958420412));
#7048=CARTESIAN_POINT('',(-9.5305586946799,2.50004108794496));
#7049=CARTESIAN_POINT('',(-9.2553783844001,0.833373234910965));
#7050=CARTESIAN_POINT('',(-8.9801980741302,-0.833294618122039));
#7051=CARTESIAN_POINT('',(-8.70501776385,-2.49996247115502));
#7052=CARTESIAN_POINT('',(-74.3264418953931,-256.754900544389,142.551958420412));
#7053=CARTESIAN_POINT('',(-92.562018353923,-256.754979161179,142.551957795693));
#7054=CARTESIAN_POINT('',(-8.70501776385,-2.49996247115502));
#7055=CARTESIAN_POINT('',(9.5305586946799,-2.50004108794502));
#7056=CARTESIAN_POINT('',(-92.562018353923,-256.754979161179,142.551957795693));
#7057=CARTESIAN_POINT('',(-92.562018353923,-251.754979161133,142.551957795693));
#7058=CARTESIAN_POINT('',(9.5305586946799,-2.50004108794502));
#7059=CARTESIAN_POINT('',(9.5305586946799,2.49995891210096));
#7060=CARTESIAN_POINT('',(-92.562018353923,-251.754979161133,142.551957795693));
#7061=CARTESIAN_POINT('',(-73.5009009645632,-251.754896985289,142.551958448703));
#7062=CARTESIAN_POINT('',(9.5305586946799,2.49995891210096));
#7063=CARTESIAN_POINT('',(-9.5305586946799,2.50004108794496));
#7064=CARTESIAN_POINT('',(-72.3290533552331,-244.657438823564,142.551958677423));
#7065=CARTESIAN_POINT('',(-72.7196692250131,-247.023258210806,142.551958677423));
#7066=CARTESIAN_POINT('',(-73.1102850947832,-249.389077598048,142.551958677422));
#7067=CARTESIAN_POINT('',(-73.5009009645632,-251.754896985289,142.551958448703));
#7068=CARTESIAN_POINT('',(-10.1164824993447,-2.09105761247647));
#7069=CARTESIAN_POINT('',(-9.72586662956456,-4.45687699971847));
#7070=CARTESIAN_POINT('',(-9.33525075979456,-6.82269638696047));
#7071=CARTESIAN_POINT('',(-8.94463489001446,-9.18851577420147));
#7072=CARTESIAN_POINT('',(10.1164824993453,-9.18859795004549));
#7073=CARTESIAN_POINT('',(-8.94463489001446,-9.18851577420147));
#7074=CARTESIAN_POINT('',(-92.562018353923,-251.754979161133,142.551957795693));
#7075=CARTESIAN_POINT('',(-92.562018353923,-247.568432323195,142.551957988583));
#7076=CARTESIAN_POINT('',(10.1164824993453,-9.18859795004549));
#7077=CARTESIAN_POINT('',(10.1164824993453,-5.00205111210748));
#7078=CARTESIAN_POINT('',(-92.562018353923,-247.568432323195,142.551957988583));
#7079=CARTESIAN_POINT('',(-85.1889127599931,-247.568432323194,142.551957988583));
#7080=CARTESIAN_POINT('',(10.1164824993453,-5.00205111210748));
#7081=CARTESIAN_POINT('',(2.74337690541544,-5.00205111210647));
#7082=CARTESIAN_POINT('',(-85.1889127599931,-247.568432323194,142.551957988583));
#7083=CARTESIAN_POINT('',(-82.3978310185466,-250.198802054892,142.551958333013));
#7084=CARTESIAN_POINT('',(-79.6524485829131,-247.520769662447,142.551958677432));
#7085=CARTESIAN_POINT('',(2.74337690541544,-5.00205111210647));
#7086=CARTESIAN_POINT('',(-0.0477048360311091,-7.63242084380423));
#7087=CARTESIAN_POINT('',(-2.79308727166456,-4.95438845135947));
#7088=CARTESIAN_POINT('',(-79.6524485829131,-247.520769662447,142.551958677432));
#7089=CARTESIAN_POINT('',(-76.728511399603,-244.668562848282,142.551958677432));
#7090=CARTESIAN_POINT('',(-2.79308727166456,-4.95438845135947));
#7091=CARTESIAN_POINT('',(-5.71702445497466,-2.10218163719446));
#7092=CARTESIAN_POINT('',(-76.728511399603,-244.668562848282,142.551958677432));
#7093=CARTESIAN_POINT('',(-79.6413269978829,-241.804999045408,142.551958677432));
#7094=CARTESIAN_POINT('',(-5.71702445497466,-2.10218163719446));
#7095=CARTESIAN_POINT('',(-2.80420885669476,0.761382165679523));
#7096=CARTESIAN_POINT('',(-79.6413269978829,-241.804999045408,142.551958677432));
#7097=CARTESIAN_POINT('',(-82.3869394718902,-239.105811186787,142.551958333022));
#7098=CARTESIAN_POINT('',(-85.1889127599931,-241.746445323942,142.551957988583));
#7099=CARTESIAN_POINT('',(-2.80420885669476,0.761382165679523));
#7100=CARTESIAN_POINT('',(-0.0585963826875465,3.46057002430066));
#7101=CARTESIAN_POINT('',(2.74337690541545,0.819935887145531));
#7102=CARTESIAN_POINT('',(-85.1889127599931,-241.746445323942,142.551957988583));
#7103=CARTESIAN_POINT('',(-92.1341546934432,-241.746445323942,142.551957988583));
#7104=CARTESIAN_POINT('',(2.74337690541545,0.819935887145531));
#7105=CARTESIAN_POINT('',(9.68861883886544,0.819935887145524));
#7106=CARTESIAN_POINT('',(-92.1341546934432,-241.746445323942,142.551957988583));
#7107=CARTESIAN_POINT('',(-89.6197487424203,-233.377783261042,142.55195807604));
#7108=CARTESIAN_POINT('',(-80.9744010488263,-234.648493797093,142.551958376733));
#7109=CARTESIAN_POINT('',(-72.3290533552323,-235.919204333144,142.551958677426));
#7110=CARTESIAN_POINT('',(-72.3290533552331,-244.657438823564,142.551958677423));
#7111=CARTESIAN_POINT('',(9.68861883886544,0.819935887145524));
#7112=CARTESIAN_POINT('',(7.1742128878426,9.18859795004557));
#7113=CARTESIAN_POINT('',(-1.47113480575138,7.91788741399446));
#7114=CARTESIAN_POINT('',(-10.1164824993454,6.64717687794333));
#7115=CARTESIAN_POINT('',(-10.1164824993447,-2.09105761247647));
#7116=CARTESIAN_POINT('',(-87.4659270367229,-241.195919609061,142.551958677422));
#7117=CARTESIAN_POINT('',(-85.9680770922478,-241.276203753405,142.551958677423));
#7118=CARTESIAN_POINT('',(-85.8877929479029,-239.77835380893,142.551958677423));
#7119=CARTESIAN_POINT('',(-85.8075088035581,-238.280503864455,142.551958677423));
#7120=CARTESIAN_POINT('',(-87.3053587480331,-238.20021972011,142.551958677422));
#7121=CARTESIAN_POINT('',(5.02039118214515,1.37046160202653));
#7122=CARTESIAN_POINT('',(3.52254123767012,1.29017745768221));
#7123=CARTESIAN_POINT('',(3.44225709332525,2.78802740215718));
#7124=CARTESIAN_POINT('',(3.36197294898039,4.2858773466322));
#7125=CARTESIAN_POINT('',(4.85982289345534,4.36616149097757));
#7126=CARTESIAN_POINT('',(-87.3053587480331,-238.20021972011,142.551958677422));
#7127=CARTESIAN_POINT('',(-88.803208692508,-238.119935575766,142.551958677422));
#7128=CARTESIAN_POINT('',(-88.8834928368528,-239.617785520241,142.551958677422));
#7129=CARTESIAN_POINT('',(-88.9637769811977,-241.115635464715,142.551958677422));
#7130=CARTESIAN_POINT('',(-87.4659270367229,-241.195919609061,142.551958677422));
#7131=CARTESIAN_POINT('',(4.85982289345534,4.36616149097757));
#7132=CARTESIAN_POINT('',(6.35767283793026,4.44644563532175));
#7133=CARTESIAN_POINT('',(6.43795698227513,2.9485956908469));
#7134=CARTESIAN_POINT('',(6.51824112662,1.45074574637197));
#7135=CARTESIAN_POINT('',(5.02039118214515,1.37046160202653));
#7136=CARTESIAN_POINT('',(-77.5664508399431,-241.215181730246,142.551958677422));
#7137=CARTESIAN_POINT('',(-76.0686008954684,-241.29546587459,142.551958677422));
#7138=CARTESIAN_POINT('',(-75.9883167511233,-239.797615930115,142.551958677422));
#7139=CARTESIAN_POINT('',(-75.9080326067783,-238.29976598564,142.551958677423));
#7140=CARTESIAN_POINT('',(-77.4058825512529,-238.219481841294,142.551958677423));
#7141=CARTESIAN_POINT('',(-4.87908501463455,1.35119948084152));
#7142=CARTESIAN_POINT('',(-6.37693495910932,1.27091533649775));
#7143=CARTESIAN_POINT('',(-6.45721910345436,2.7687652809725));
#7144=CARTESIAN_POINT('',(-6.53750324779938,4.26661522544721));
#7145=CARTESIAN_POINT('',(-5.03965330332475,4.34689936979352));
#7146=CARTESIAN_POINT('',(-77.4058825512529,-238.219481841294,142.551958677423));
#7147=CARTESIAN_POINT('',(-78.9037324957282,-238.13919769695,142.551958677424));
#7148=CARTESIAN_POINT('',(-78.9840166400733,-239.637047641425,142.551958677423));
#7149=CARTESIAN_POINT('',(-79.0643007844183,-241.1348975859,142.551958677423));
#7150=CARTESIAN_POINT('',(-77.5664508399431,-241.215181730246,142.551958677422));
#7151=CARTESIAN_POINT('',(-5.03965330332475,4.34689936979352));
#7152=CARTESIAN_POINT('',(-3.54180335884952,4.42718351413775));
#7153=CARTESIAN_POINT('',(-3.46151921450446,2.92933356966259));
#7154=CARTESIAN_POINT('',(-3.38123507015941,1.43148362518735));
#7155=CARTESIAN_POINT('',(-4.87908501463455,1.35119948084152));
#7156=CARTESIAN_POINT('',(-87.4851891579027,-251.095395805845,142.551958677422));
#7157=CARTESIAN_POINT('',(-85.9873392134224,-251.17567995019,142.551958677422));
#7158=CARTESIAN_POINT('',(-85.9070550690823,-249.677830005709,142.551958677422));
#7159=CARTESIAN_POINT('',(-85.8267709247422,-248.179980061229,142.551958677422));
#7160=CARTESIAN_POINT('',(-87.3246208692231,-248.099695916893,142.551958677422));
#7161=CARTESIAN_POINT('',(5.03965330332504,-8.52901459475749));
#7162=CARTESIAN_POINT('',(3.54180335884481,-8.60929873910205));
#7163=CARTESIAN_POINT('',(3.46151921450472,-7.11144879462157));
#7164=CARTESIAN_POINT('',(3.38123507016463,-5.61359885014112));
#7165=CARTESIAN_POINT('',(4.87908501464534,-5.53331470580549));
#7166=CARTESIAN_POINT('',(-87.3246208692231,-248.099695916893,142.551958677422));
#7167=CARTESIAN_POINT('',(-88.8224708137023,-248.01941177255,142.551958677422));
#7168=CARTESIAN_POINT('',(-88.9027549580424,-249.517261717029,142.551958677422));
#7169=CARTESIAN_POINT('',(-88.9830391023824,-251.015111661508,142.551958677422));
#7170=CARTESIAN_POINT('',(-87.4851891579027,-251.095395805845,142.551958677422));
#7171=CARTESIAN_POINT('',(4.87908501464534,-5.53331470580549));
#7172=CARTESIAN_POINT('',(6.37693495912465,-5.45303056146199));
#7173=CARTESIAN_POINT('',(6.45721910346468,-6.95088050594146));
#7174=CARTESIAN_POINT('',(6.53750324780472,-8.44873045042099));
#7175=CARTESIAN_POINT('',(5.03965330332504,-8.52901459475749));
#7176=CARTESIAN_POINT('',(-77.5857129611231,-251.11465792703,142.551958677422));
#7177=CARTESIAN_POINT('',(-76.0878630166481,-251.194942071374,142.551958677423));
#7178=CARTESIAN_POINT('',(-76.0075788723031,-249.697092126899,142.551958677423));
#7179=CARTESIAN_POINT('',(-75.9272947279581,-248.199242182424,142.551958677423));
#7180=CARTESIAN_POINT('',(-77.4251446724329,-248.118958038078,142.551958677422));
#7181=CARTESIAN_POINT('',(-4.85982289345466,-8.54827671594247));
#7182=CARTESIAN_POINT('',(-6.35767283792953,-8.62856086028629));
#7183=CARTESIAN_POINT('',(-6.43795698227456,-7.13071091581153));
#7184=CARTESIAN_POINT('',(-6.5182411266196,-5.63286097133678));
#7185=CARTESIAN_POINT('',(-5.02039118214486,-5.55257682699048));
#7186=CARTESIAN_POINT('',(-77.4251446724329,-248.118958038078,142.551958677422));
#7187=CARTESIAN_POINT('',(-78.922994616907,-248.038673893735,142.551958677422));
#7188=CARTESIAN_POINT('',(-79.003278761252,-249.536523838209,142.551958677422));
#7189=CARTESIAN_POINT('',(-79.083562905597,-251.034373782683,142.551958677422));
#7190=CARTESIAN_POINT('',(-77.5857129611231,-251.11465792703,142.551958677422));
#7191=CARTESIAN_POINT('',(-5.02039118214486,-5.55257682699048));
#7192=CARTESIAN_POINT('',(-3.52254123767076,-5.47229268264755));
#7193=CARTESIAN_POINT('',(-3.44225709332576,-6.97014262712148));
#7194=CARTESIAN_POINT('',(-3.36197294898078,-8.46799257159552));
#7195=CARTESIAN_POINT('',(-4.85982289345466,-8.54827671594247));
#7196=CARTESIAN_POINT('',(-85.1889127599931,-247.568432323194,142.551957988583));
#7197=CARTESIAN_POINT('',(-84.5918980392131,-247.568432323194,142.961417551943));
#7198=CARTESIAN_POINT('',(-83.885205843853,-247.568432323194,143.379247859803));
#7199=CARTESIAN_POINT('',(-83.1708749788031,-247.568432323194,143.551958677432));
#7200=CARTESIAN_POINT('',(2.38613746843096,5.65685473658301));
#7201=CARTESIAN_POINT('',(2.43625878865183,5.37508255223732));
#7202=CARTESIAN_POINT('',(2.49463514371525,5.09720917614868));
#7203=CARTESIAN_POINT('',(2.58380952896974,4.82419282125442));
#7204=CARTESIAN_POINT('',(2.64604191640027,4.633662104119));
#7205=CARTESIAN_POINT('',(2.73716137715155,4.39477135620875));
#7206=CARTESIAN_POINT('',(2.88417161013065,4.24264068711836));
#7207=CARTESIAN_POINT('',(-83.1708749788031,-247.568432323194,143.551958677432));
#7208=CARTESIAN_POINT('',(-81.5479699219483,-247.972815408485,143.551958677431));
#7209=CARTESIAN_POINT('',(-80.350720400833,-246.804936952727,143.551958677432));
#7210=CARTESIAN_POINT('',(2.88417161013065,4.24264068711836));
#7211=CARTESIAN_POINT('',(3.91706267092522,4.24264068712016));
#7212=CARTESIAN_POINT('',(-80.350720400833,-246.804936952727,143.551958677432));
#7213=CARTESIAN_POINT('',(-79.6524485829131,-247.520769662447,142.551958677432));
#7214=CARTESIAN_POINT('',(3.91706267092522,4.24264068712016));
#7215=CARTESIAN_POINT('',(3.91706267092571,5.65685424949522));
#7216=CARTESIAN_POINT('',(2.38613746843096,5.65685473658301));
#7217=CARTESIAN_POINT('',(3.91706267092571,5.65685424949522));
#7218=CARTESIAN_POINT('',(-83.1708749788031,-247.568432323195,144.051958677432));
#7219=CARTESIAN_POINT('',(-83.1708749788031,-241.746445323942,144.051958677432));
#7220=CARTESIAN_POINT('',(2.50655373272999,-2.9119195107465));
#7221=CARTESIAN_POINT('',(2.50655373273001,2.9100674885065));
#7222=CARTESIAN_POINT('',(-83.1708749788031,-241.746445323942,144.051958677432));
#7223=CARTESIAN_POINT('',(-81.5405372266621,-241.340210216412,144.051958677432));
#7224=CARTESIAN_POINT('',(-80.342379212063,-242.518108989948,144.051958677432));
#7225=CARTESIAN_POINT('',(2.50655373273001,2.9100674885065));
#7226=CARTESIAN_POINT('',(0.876215980589102,3.31630259603648));
#7227=CARTESIAN_POINT('',(-0.321942034010092,2.13840382250052));
#7228=CARTESIAN_POINT('',(-80.342379212063,-242.518108989948,144.051958677432));
#7229=CARTESIAN_POINT('',(-78.1577675133431,-244.665781842104,144.051958677432));
#7230=CARTESIAN_POINT('',(-0.321942034010092,2.13840382250052));
#7231=CARTESIAN_POINT('',(-2.50655373273,-0.00926902965547602));
#7232=CARTESIAN_POINT('',(-78.1577675133431,-244.665781842104,144.051958677432));
#7233=CARTESIAN_POINT('',(-80.3507204008328,-246.804936952728,144.051958677432));
#7234=CARTESIAN_POINT('',(-2.50655373273,-0.00926902965547602));
#7235=CARTESIAN_POINT('',(-0.31360084524021,-2.1484241402795));
#7236=CARTESIAN_POINT('',(-80.3507204008328,-246.804936952728,144.051958677432));
#7237=CARTESIAN_POINT('',(-81.5479699219485,-247.972815408485,144.051958677432));
#7238=CARTESIAN_POINT('',(-83.1708749788031,-247.568432323195,144.051958677432));
#7239=CARTESIAN_POINT('',(-0.31360084524021,-2.1484241402795));
#7240=CARTESIAN_POINT('',(0.883648675875443,-3.31630259603628));
#7241=CARTESIAN_POINT('',(2.50655373272999,-2.9119195107465));
#7242=CARTESIAN_POINT('',(-83.1708749788031,-241.746445323942,144.051958677432));
#7243=CARTESIAN_POINT('',(-83.1708749788031,-241.746445323942,143.551958677432));
#7244=CARTESIAN_POINT('',(0.670000000000092,1.83020456713987));
#7245=CARTESIAN_POINT('',(0.170000000000035,1.83020456713987));
#7246=CARTESIAN_POINT('',(-83.1708749788031,-241.746445323942,143.551958677432));
#7247=CARTESIAN_POINT('',(-81.540537226663,-241.340210216415,143.551958677432));
#7248=CARTESIAN_POINT('',(-80.3423792120632,-242.518108989948,143.551958677432));
#7249=CARTESIAN_POINT('',(0.170000000000035,1.83020456713987));
#7250=CARTESIAN_POINT('',(0.170000000000003,0.79348156272941));
#7251=CARTESIAN_POINT('',(-80.3423792120632,-242.518108989948,143.551958677432));
#7252=CARTESIAN_POINT('',(-80.342379212063,-242.518108989948,144.051958677432));
#7253=CARTESIAN_POINT('',(0.170000000000003,0.79348156272941));
#7254=CARTESIAN_POINT('',(0.670000000000073,0.793481562729365));
#7255=CARTESIAN_POINT('',(0.670000000000092,1.83020456713987));
#7256=CARTESIAN_POINT('',(0.670000000000073,0.793481562729365));
#7257=CARTESIAN_POINT('',(-78.1577675133431,-244.665781842104,143.551958677432));
#7258=CARTESIAN_POINT('',(-78.1577675133431,-244.665781842104,144.051958677432));
#7259=CARTESIAN_POINT('',(-1.5317495678204,0.249999999999972));
#7260=CARTESIAN_POINT('',(-1.5317495678204,-0.250000000000028));
#7261=CARTESIAN_POINT('',(1.53174956782037,-0.250000000000028));
#7262=CARTESIAN_POINT('',(-1.5317495678204,-0.250000000000028));
#7263=CARTESIAN_POINT('',(1.53174956782051,0.249999999999972));
#7264=CARTESIAN_POINT('',(1.53174956782037,-0.250000000000028));
#7265=CARTESIAN_POINT('',(-80.3423792120632,-242.518108989948,143.551958677432));
#7266=CARTESIAN_POINT('',(-78.1577675133431,-244.665781842104,143.551958677432));
#7267=CARTESIAN_POINT('',(1.53174956782051,0.249999999999972));
#7268=CARTESIAN_POINT('',(-1.5317495678204,0.249999999999972));
#7269=CARTESIAN_POINT('',(-80.350720400833,-246.804936952727,143.551958677432));
#7270=CARTESIAN_POINT('',(-80.3507204008328,-246.804936952728,144.051958677432));
#7271=CARTESIAN_POINT('',(-1.53174956781871,0.249999999999972));
#7272=CARTESIAN_POINT('',(-1.53174956781928,-0.250000000000028));
#7273=CARTESIAN_POINT('',(1.53174956781936,-0.250000000000028));
#7274=CARTESIAN_POINT('',(-1.53174956781928,-0.250000000000028));
#7275=CARTESIAN_POINT('',(1.53174956781936,0.249999999999972));
#7276=CARTESIAN_POINT('',(1.53174956781936,-0.250000000000028));
#7277=CARTESIAN_POINT('',(-78.1577675133431,-244.665781842104,143.551958677432));
#7278=CARTESIAN_POINT('',(-80.350720400833,-246.804936952727,143.551958677432));
#7279=CARTESIAN_POINT('',(1.53174956781936,0.249999999999972));
#7280=CARTESIAN_POINT('',(-1.53174956781871,0.249999999999972));
#7281=CARTESIAN_POINT('',(0.287643405371855,1.98021605995249));
#7282=CARTESIAN_POINT('',(1.45178507904574,1.17723775163898));
#7283=CARTESIAN_POINT('',(-1.45178507904552,-0.541572095633277));
#7284=CARTESIAN_POINT('',(0.287643405371855,1.98021605995249));
#7285=CARTESIAN_POINT('',(-78.1577675133431,-244.665781842104,143.551958677432));
#7286=CARTESIAN_POINT('',(-76.728511399603,-244.668562848282,142.551958677432));
#7287=CARTESIAN_POINT('',(-1.45178507904552,-0.541572095633277));
#7288=CARTESIAN_POINT('',(-0.867452900178257,-2.1851464558004));
#7289=CARTESIAN_POINT('',(1.45178507904574,1.17723775163898));
#7290=CARTESIAN_POINT('',(-0.867452900178257,-2.1851464558004));
#7291=CARTESIAN_POINT('',(1.45377458795562,-0.537492986687665));
#7292=CARTESIAN_POINT('',(0.875434711584557,-2.18318547316794));
#7293=CARTESIAN_POINT('',(-0.294830578920024,1.97794075810635));
#7294=CARTESIAN_POINT('',(1.45377458795562,-0.537492986687665));
#7295=CARTESIAN_POINT('',(-80.3423792120632,-242.518108989948,143.551958677432));
#7296=CARTESIAN_POINT('',(-79.6413269978829,-241.804999045408,142.551958677432));
#7297=CARTESIAN_POINT('',(-0.294830578920024,1.97794075810635));
#7298=CARTESIAN_POINT('',(-1.45603884424907,1.17072618654543));
#7299=CARTESIAN_POINT('',(0.875434711584557,-2.18318547316794));
#7300=CARTESIAN_POINT('',(-1.45603884424907,1.17072618654543));
#7301=CARTESIAN_POINT('',(-83.1708749788031,-241.746445323942,143.551958677432));
#7302=CARTESIAN_POINT('',(-83.8852058438431,-241.746445323942,143.379247859803));
#7303=CARTESIAN_POINT('',(-84.5918980392131,-241.746445323942,142.961417551943));
#7304=CARTESIAN_POINT('',(-85.1889127599931,-241.746445323942,142.551957988583));
#7305=CARTESIAN_POINT('',(3.3408449985814,4.24264068711804));
#7306=CARTESIAN_POINT('',(3.48973684303305,4.3941834060881));
#7307=CARTESIAN_POINT('',(3.58199069219259,4.63316572557396));
#7308=CARTESIAN_POINT('',(3.64486062416797,4.8241928212526));
#7309=CARTESIAN_POINT('',(3.73468838957064,5.09712992484124));
#7310=CARTESIAN_POINT('',(3.79323177089416,5.37500286021531));
#7311=CARTESIAN_POINT('',(3.84345206011907,5.6568547365824));
#7312=CARTESIAN_POINT('',(2.30887904004953,5.65685424949529));
#7313=CARTESIAN_POINT('',(3.84345206011907,5.6568547365824));
#7314=CARTESIAN_POINT('',(2.30887904005069,4.24264068711893));
#7315=CARTESIAN_POINT('',(2.30887904004953,5.65685424949529));
#7316=CARTESIAN_POINT('',(3.3408449985814,4.24264068711804));
#7317=CARTESIAN_POINT('',(2.30887904005069,4.24264068711893));
#7318=CARTESIAN_POINT('',(-74.3264418953931,-256.754900544389,142.551958420412));
#7319=CARTESIAN_POINT('',(-74.3902408375831,-257.141307718281,142.551958677422));
#7320=CARTESIAN_POINT('',(-74.4540397797729,-257.527714892173,142.551958677421));
#7321=CARTESIAN_POINT('',(-74.5178387219629,-257.914122066065,142.551958413862));
#7322=CARTESIAN_POINT('',(-9.11778822926496,0.579649656660536));
#7323=CARTESIAN_POINT('',(-9.05398928707506,0.19324248276854));
#7324=CARTESIAN_POINT('',(-8.99019034488516,-0.193164691123457));
#7325=CARTESIAN_POINT('',(-8.92639140269516,-0.579571865015453));
#7326=CARTESIAN_POINT('',(9.11778822926494,-0.579649656660479));
#7327=CARTESIAN_POINT('',(-8.92639140269516,-0.579571865015453));
#7328=CARTESIAN_POINT('',(-92.562018353923,-257.91419985771,142.551957795693));
#7329=CARTESIAN_POINT('',(-92.562018353923,-256.754979161179,142.551957795693));
#7330=CARTESIAN_POINT('',(9.11778822926494,-0.579649656660479));
#7331=CARTESIAN_POINT('',(9.11778822926494,0.57957103987053));
#7332=CARTESIAN_POINT('',(-9.11778822926496,0.579649656660536));
#7333=CARTESIAN_POINT('',(9.11778822926494,0.57957103987053));
#7334=CARTESIAN_POINT('',(-89.2671732133854,-251.754964956473,152.424237228522));
#7335=CARTESIAN_POINT('',(-90.7666113238458,-250.460661074094,152.424237228522));
#7336=CARTESIAN_POINT('',(-90.0761541989669,-248.604103467731,152.424237228522));
#7337=CARTESIAN_POINT('',(-89.3856970740879,-246.747545861367,152.424237228522));
#7338=CARTESIAN_POINT('',(-87.4049050135621,-246.747545861367,152.424237228522));
#7339=CARTESIAN_POINT('',(-6.82163735880648,-8.56933839905857));
#7340=CARTESIAN_POINT('',(-8.3210754692669,-7.27503451667974));
#7341=CARTESIAN_POINT('',(-7.63061834438794,-5.4184769103163));
#7342=CARTESIAN_POINT('',(-6.94016121950899,-3.56191930395287));
#7343=CARTESIAN_POINT('',(-4.95936915898318,-3.56191930395286));
#7344=CARTESIAN_POINT('',(-87.4049050135621,-246.747545861367,152.424237228522));
#7345=CARTESIAN_POINT('',(-85.4241220640038,-246.747545861367,152.424237228522));
#7346=CARTESIAN_POINT('',(-84.7336601110876,-248.604091951513,152.424237228522));
#7347=CARTESIAN_POINT('',(-84.0431981581714,-250.460638041659,152.424237228522));
#7348=CARTESIAN_POINT('',(-85.5426182117789,-251.754948899259,152.424237228522));
#7349=CARTESIAN_POINT('',(-4.95936915898318,-3.56191930395286));
#7350=CARTESIAN_POINT('',(-2.97858620942493,-3.56191930395287));
#7351=CARTESIAN_POINT('',(-2.28812425650879,-5.41846539409875));
#7352=CARTESIAN_POINT('',(-1.59766230359265,-7.27501148424463));
#7353=CARTESIAN_POINT('',(-3.0970823572,-8.56932234184447));
#7354=CARTESIAN_POINT('',(-85.5426182117789,-251.754948899259,152.424237228522));
#7355=CARTESIAN_POINT('',(-79.3898297431265,-251.754922373501,152.424237228522));
#7356=CARTESIAN_POINT('',(-3.0970823572,-8.56932234184447));
#7357=CARTESIAN_POINT('',(3.05570611145235,-8.56929581608658));
#7358=CARTESIAN_POINT('',(-79.3898297431265,-251.754922373501,152.424237228522));
#7359=CARTESIAN_POINT('',(-80.3554288167802,-250.903903458622,152.424237228522));
#7360=CARTESIAN_POINT('',(-80.3554288167803,-249.616807982551,152.424237228522));
#7361=CARTESIAN_POINT('',(3.05570611145235,-8.56929581608658));
#7362=CARTESIAN_POINT('',(2.09010703779856,-7.71827690120795));
#7363=CARTESIAN_POINT('',(2.0901070377986,-6.43118142513703));
#7364=CARTESIAN_POINT('',(-80.3554288167803,-249.616807982551,152.424237228522));
#7365=CARTESIAN_POINT('',(-80.3554288167803,-248.064481340163,152.424237228522));
#7366=CARTESIAN_POINT('',(-79.0512977571569,-247.222483606203,152.424237228522));
#7367=CARTESIAN_POINT('',(-77.7471666975335,-246.380485872242,152.424237228522));
#7368=CARTESIAN_POINT('',(-76.3324188384092,-247.019396272668,152.424237228522));
#7369=CARTESIAN_POINT('',(-74.9176709792848,-247.658306673093,152.424237228522));
#7370=CARTESIAN_POINT('',(-74.6870548291645,-249.19340738509,152.424237228522));
#7371=CARTESIAN_POINT('',(-74.6554288167803,-249.403926527411,152.424237228522));
#7372=CARTESIAN_POINT('',(-74.6554288167803,-249.616807982552,152.424237228522));
#7373=CARTESIAN_POINT('',(2.0901070377986,-6.43118142513703));
#7374=CARTESIAN_POINT('',(2.09010703779862,-4.8788547827486));
#7375=CARTESIAN_POINT('',(3.39423809742198,-4.03685704878812));
#7376=CARTESIAN_POINT('',(4.69836915704533,-3.19485931482764));
#7377=CARTESIAN_POINT('',(6.11311701616967,-3.83376971525324));
#7378=CARTESIAN_POINT('',(7.52786487529402,-4.47268011567883));
#7379=CARTESIAN_POINT('',(7.7584810254143,-6.00778082767548));
#7380=CARTESIAN_POINT('',(7.79010703779854,-6.21829996999633));
#7381=CARTESIAN_POINT('',(7.79010703779854,-6.43118142513707));
#7382=CARTESIAN_POINT('',(-74.6554288167803,-249.616807982552,152.424237228522));
#7383=CARTESIAN_POINT('',(-74.6554288167803,-250.903888665847,152.424237228522));
#7384=CARTESIAN_POINT('',(-75.6210094549264,-251.754906125451,152.424237228522));
#7385=CARTESIAN_POINT('',(7.79010703779854,-6.43118142513707));
#7386=CARTESIAN_POINT('',(7.79010703779854,-7.71826210843277));
#7387=CARTESIAN_POINT('',(6.82452639965248,-8.56927956803649));
#7388=CARTESIAN_POINT('',(-75.6210094549264,-251.754906125451,152.424237228522));
#7389=CARTESIAN_POINT('',(-73.5009009645632,-251.754896985289,152.424237228522));
#7390=CARTESIAN_POINT('',(6.82452639965248,-8.56927956803649));
#7391=CARTESIAN_POINT('',(8.94463489001564,-8.56927042787453));
#7392=CARTESIAN_POINT('',(-73.5009009645632,-251.754896985289,152.424237228522));
#7393=CARTESIAN_POINT('',(-73.1102850947832,-249.389077598047,152.424237228522));
#7394=CARTESIAN_POINT('',(-72.7196692250131,-247.023258210806,152.424237228522));
#7395=CARTESIAN_POINT('',(-72.329053355233,-244.657438823564,152.424237228522));
#7396=CARTESIAN_POINT('',(8.94463489001564,-8.56927042787453));
#7397=CARTESIAN_POINT('',(9.33525075979574,-6.20345104063253));
#7398=CARTESIAN_POINT('',(9.72586662956574,-3.83763165339153));
#7399=CARTESIAN_POINT('',(10.1164824993458,-1.47181226614953));
#7400=CARTESIAN_POINT('',(-72.329053355233,-244.657438823564,152.424237228522));
#7401=CARTESIAN_POINT('',(-72.3290533552355,-235.706479287362,152.424237228524));
#7402=CARTESIAN_POINT('',(-81.2133726284927,-234.616273953696,152.424237228522));
#7403=CARTESIAN_POINT('',(10.1164824993458,-1.47181226614953));
#7404=CARTESIAN_POINT('',(10.1164824993434,7.47914727005238));
#7405=CARTESIAN_POINT('',(1.23216322608614,8.56935260371847));
#7406=CARTESIAN_POINT('',(-81.2133726284927,-234.616273953696,152.424237228522));
#7407=CARTESIAN_POINT('',(-83.6776990806729,-234.616273953697,152.424237228522));
#7408=CARTESIAN_POINT('',(1.23216322608614,8.56935260371847));
#7409=CARTESIAN_POINT('',(-1.23216322609396,8.56935260371748));
#7410=CARTESIAN_POINT('',(-83.6776990806729,-234.616273953697,152.424237228522));
#7411=CARTESIAN_POINT('',(-92.5620183539248,-235.706479287367,152.424237228522));
#7412=CARTESIAN_POINT('',(-92.5620183539231,-244.657438823564,152.424237228522));
#7413=CARTESIAN_POINT('',(-1.23216322609396,8.56935260371748));
#7414=CARTESIAN_POINT('',(-10.1164824993459,7.47914727004754));
#7415=CARTESIAN_POINT('',(-10.1164824993442,-1.47181226614953));
#7416=CARTESIAN_POINT('',(-92.5620183539231,-244.657438823564,152.424237228522));
#7417=CARTESIAN_POINT('',(-92.562018353923,-251.754979161133,152.424237228522));
#7418=CARTESIAN_POINT('',(-10.1164824993442,-1.47181226614953));
#7419=CARTESIAN_POINT('',(-10.1164824993442,-8.56935260371853));
#7420=CARTESIAN_POINT('',(-92.562018353923,-251.754979161133,152.424237228522));
#7421=CARTESIAN_POINT('',(-89.2671732133854,-251.754964956473,152.424237228522));
#7422=CARTESIAN_POINT('',(-10.1164824993442,-8.56935260371853));
#7423=CARTESIAN_POINT('',(-6.82163735880648,-8.56933839905857));
#7424=CARTESIAN_POINT('',(-84.5356428923779,-239.698069664586,152.424237228522));
#7425=CARTESIAN_POINT('',(-84.5356428923779,-242.548069664586,152.424237228522));
#7426=CARTESIAN_POINT('',(-87.3856428923779,-242.548069664586,152.424237228522));
#7427=CARTESIAN_POINT('',(-90.2356428923779,-242.548069664586,152.424237228522));
#7428=CARTESIAN_POINT('',(-90.2356428923779,-239.698069664586,152.424237228522));
#7429=CARTESIAN_POINT('',(-2.09010703779898,3.48755689282893));
#7430=CARTESIAN_POINT('',(-2.09010703779898,0.63755689282894));
#7431=CARTESIAN_POINT('',(-4.94010703779898,0.637556892828968));
#7432=CARTESIAN_POINT('',(-7.79010703779898,0.63755689282894));
#7433=CARTESIAN_POINT('',(-7.79010703779898,3.48755689282896));
#7434=CARTESIAN_POINT('',(-90.2356428923779,-239.698069664586,152.424237228522));
#7435=CARTESIAN_POINT('',(-90.2356428923779,-236.848069664585,152.424237228522));
#7436=CARTESIAN_POINT('',(-87.3856428923779,-236.848069664586,152.424237228522));
#7437=CARTESIAN_POINT('',(-84.5356428923779,-236.848069664585,152.424237228522));
#7438=CARTESIAN_POINT('',(-84.5356428923779,-239.698069664586,152.424237228522));
#7439=CARTESIAN_POINT('',(-7.79010703779898,3.48755689282896));
#7440=CARTESIAN_POINT('',(-7.79010703779898,6.33755689282895));
#7441=CARTESIAN_POINT('',(-4.94010703779898,6.33755689282896));
#7442=CARTESIAN_POINT('',(-2.09010703779898,6.33755689282895));
#7443=CARTESIAN_POINT('',(-2.09010703779898,3.48755689282893));
#7444=CARTESIAN_POINT('',(-77.4861666955961,-242.56733178577,152.424237228522));
#7445=CARTESIAN_POINT('',(-80.336166695596,-242.56733178577,152.424237228522));
#7446=CARTESIAN_POINT('',(-80.3361666955961,-239.71733178577,152.424237228522));
#7447=CARTESIAN_POINT('',(-80.336166695596,-236.86733178577,152.424237228522));
#7448=CARTESIAN_POINT('',(-77.4861666955961,-236.86733178577,152.424237228522));
#7449=CARTESIAN_POINT('',(4.95936915898283,0.618294771644772));
#7450=CARTESIAN_POINT('',(2.10936915898283,0.618294771644747));
#7451=CARTESIAN_POINT('',(2.10936915898283,3.46829477164476));
#7452=CARTESIAN_POINT('',(2.10936915898283,6.31829477164476));
#7453=CARTESIAN_POINT('',(4.95936915898283,6.31829477164476));
#7454=CARTESIAN_POINT('',(-77.4861666955961,-236.86733178577,152.424237228522));
#7455=CARTESIAN_POINT('',(-74.6361666955961,-236.86733178577,152.424237228522));
#7456=CARTESIAN_POINT('',(-74.6361666955961,-239.71733178577,152.424237228522));
#7457=CARTESIAN_POINT('',(-74.6361666955961,-242.56733178577,152.424237228522));
#7458=CARTESIAN_POINT('',(-77.4861666955961,-242.56733178577,152.424237228522));
#7459=CARTESIAN_POINT('',(4.95936915898283,6.31829477164476));
#7460=CARTESIAN_POINT('',(7.80936915898284,6.31829477164476));
#7461=CARTESIAN_POINT('',(7.80936915898283,3.46829477164476));
#7462=CARTESIAN_POINT('',(7.80936915898284,0.618294771644747));
#7463=CARTESIAN_POINT('',(4.95936915898283,0.618294771644772));
#7464=CARTESIAN_POINT('',(0.779680932843148,1.23216322609004));
#7465=CARTESIAN_POINT('',(0.779680932843196,-1.23216322609006));
#7466=CARTESIAN_POINT('',(-81.2133726284927,-234.616273953696,152.424237228522));
#7467=CARTESIAN_POINT('',(-81.2891405833431,-234.606977222134,152.231984116203));
#7468=CARTESIAN_POINT('',(-81.3705422290031,-234.597858917058,152.043420800342));
#7469=CARTESIAN_POINT('',(-81.6101187796729,-234.574335271129,151.556960143403));
#7470=CARTESIAN_POINT('',(-81.9766895260331,-234.540956324217,150.866695356582));
#7471=CARTESIAN_POINT('',(-82.445536974993,-234.540956324217,150.866695356582));
#7472=CARTESIAN_POINT('',(-82.9143844239532,-234.540956324217,150.866695356582));
#7473=CARTESIAN_POINT('',(-83.280955170313,-234.574335271129,151.556960143403));
#7474=CARTESIAN_POINT('',(-83.5205317209732,-234.597858917058,152.043420800342));
#7475=CARTESIAN_POINT('',(-83.6019333666431,-234.606977222134,152.231984116203));
#7476=CARTESIAN_POINT('',(-83.6776990806729,-234.616273953697,152.424237228522));
#7477=CARTESIAN_POINT('',(0.779680932843148,1.23216322609004));
#7478=CARTESIAN_POINT('',(0.58720317201329,1.15639527123965));
#7479=CARTESIAN_POINT('',(0.398419519182966,1.07499362557964));
#7480=CARTESIAN_POINT('',(0.222727632541356,0.988568282187064));
#7481=CARTESIAN_POINT('',(-0.0886095689291722,0.835417074909842));
#7482=CARTESIAN_POINT('',(-0.779680932843178,0.468846328549645));
#7483=CARTESIAN_POINT('',(-0.779680932843178,-1.12041025346343E-6));
#7484=CARTESIAN_POINT('',(-0.779680932843178,-0.468848569370358));
#7485=CARTESIAN_POINT('',(-0.0886095689291722,-0.835419315730256));
#7486=CARTESIAN_POINT('',(0.222727632541856,-0.988570523001524));
#7487=CARTESIAN_POINT('',(0.398419519182966,-1.07499586639036));
#7488=CARTESIAN_POINT('',(0.58720317201329,-1.15639751206026));
#7489=CARTESIAN_POINT('',(0.779680932843196,-1.23216322609006));
#7490=CARTESIAN_POINT('',(-76.8068981708228,-275.939471853933,109.556616806563));
#7491=CARTESIAN_POINT('',(-76.8580976373927,-276.883156616113,110.138205979502));
#7492=CARTESIAN_POINT('',(-76.913830515533,-277.910399112376,110.568182398783));
#7493=CARTESIAN_POINT('',(-76.9697693197832,-278.94143714299,110.962731145912));
#7494=CARTESIAN_POINT('',(3.32570164127911,-13.1187178527202));
#7495=CARTESIAN_POINT('',(2.21697742752986,-13.1698943461571));
#7496=CARTESIAN_POINT('',(1.10848456193797,-13.225588168667));
#7497=CARTESIAN_POINT('',(2.30615526675138E-12,-13.2815954675744));
#7498=CARTESIAN_POINT('',(1.14375175996884E-12,-28.8738987968281));
#7499=CARTESIAN_POINT('',(2.30615526675138E-12,-13.2815954675744));
#7500=CARTESIAN_POINT('',(-92.562018353923,-278.941847771427,110.962888462063));
#7501=CARTESIAN_POINT('',(-92.562018353923,-277.910503318977,110.568231551243));
#7502=CARTESIAN_POINT('',(-92.562018353923,-276.883236723496,110.138249769462));
#7503=CARTESIAN_POINT('',(-92.562018353923,-275.939471179769,109.556617900502));
#7504=CARTESIAN_POINT('',(1.14375175996884E-12,-28.8738987968281));
#7505=CARTESIAN_POINT('',(3.32272995495317,-28.8738836170971));
#7506=CARTESIAN_POINT('',(-92.562018353923,-275.939471179769,109.556617900502));
#7507=CARTESIAN_POINT('',(-76.8068981708228,-275.939471853933,109.556616806563));
#7508=CARTESIAN_POINT('',(3.32272995495317,-28.8738836170971));
#7509=CARTESIAN_POINT('',(3.32570164127911,-13.1187178527202));
#7510=CARTESIAN_POINT('',(-7.41233147324992,0.693583811651501));
#7511=CARTESIAN_POINT('',(-5.52594054751537,-0.968994259654899));
#7512=CARTESIAN_POINT('',(-3.63953528651537,0.693567546460613));
#7513=CARTESIAN_POINT('',(-9.5305586946799,0.693592943702981));
#7514=CARTESIAN_POINT('',(-7.41233147324992,0.693583811651501));
#7515=CARTESIAN_POINT('',(-73.5009009645632,-251.754896985289,96.2796801263324));
#7516=CARTESIAN_POINT('',(-73.577246158803,-252.217292281091,96.2796801263324));
#7517=CARTESIAN_POINT('',(-73.6535913530331,-252.679687576893,96.2796801263324));
#7518=CARTESIAN_POINT('',(-73.7299365472732,-253.142082872695,96.2796801263324));
#7519=CARTESIAN_POINT('',(-9.5305586946799,0.693592943702981));
#7520=CARTESIAN_POINT('',(-9.4542135004401,0.231197647900984));
#7521=CARTESIAN_POINT('',(-9.3778683062101,-0.231197647901013));
#7522=CARTESIAN_POINT('',(-9.30152311197,-0.69359294370301));
#7523=CARTESIAN_POINT('',(-73.7299365472732,-253.142082872695,96.2796801263324));
#7524=CARTESIAN_POINT('',(-92.562018353923,-253.140355759546,96.2796801263324));
#7525=CARTESIAN_POINT('',(-9.30152311197,-0.69359294370301));
#7526=CARTESIAN_POINT('',(9.5305586946799,-0.691865830554008));
#7527=CARTESIAN_POINT('',(-92.562018353923,-253.140355759546,96.2796801263324));
#7528=CARTESIAN_POINT('',(-92.562018353923,-251.754979161133,96.2796801263324));
#7529=CARTESIAN_POINT('',(9.5305586946799,-0.691865830554008));
#7530=CARTESIAN_POINT('',(9.5305586946799,0.693510767858982));
#7531=CARTESIAN_POINT('',(6.23774037146815,0.693524963780966));
#7532=CARTESIAN_POINT('',(9.5305586946799,0.693510767858982));
#7533=CARTESIAN_POINT('',(4.37344537453539,0.000162268588485836));
#7534=CARTESIAN_POINT('',(5.4345192975635,0.00018970770450624));
#7535=CARTESIAN_POINT('',(6.23774037146815,0.693524963780966));
#7536=CARTESIAN_POINT('',(-87.4049050135621,-252.447545866267,96.2794882594307));
#7537=CARTESIAN_POINT('',(-86.343335010911,-252.447545866613,96.2794814576465));
#7538=CARTESIAN_POINT('',(-85.5404438552277,-251.753070064215,96.2793311791399));
#7539=CARTESIAN_POINT('',(4.37344537453539,0.000162268588485836));
#7540=CARTESIAN_POINT('',(3.31227346085333,0.000134826938450728));
#7541=CARTESIAN_POINT('',(2.5089841878846,0.693541039107095));
#7542=CARTESIAN_POINT('',(-3.63953528651537,0.693567546460613));
#7543=CARTESIAN_POINT('',(2.5089841878846,0.693541039107095));
#7544=CARTESIAN_POINT('',(-75.6210094549264,-251.754906125451,152.424237228522));
#7545=CARTESIAN_POINT('',(-77.5054124389543,-253.415730480231,152.424237228522));
#7546=CARTESIAN_POINT('',(-79.3898297431265,-251.754922373501,152.424237228522));
#7547=CARTESIAN_POINT('',(7.41045020431674,0.693988927247014));
#7548=CARTESIAN_POINT('',(5.52604722028886,-0.966835427532968));
#7549=CARTESIAN_POINT('',(3.64162991611661,0.69397267919693));
#7550=CARTESIAN_POINT('',(-2.51115855253574,0.693946153439029));
#7551=CARTESIAN_POINT('',(3.64162991611661,0.69397267919693));
#7552=CARTESIAN_POINT('',(-85.5426182117789,-251.754948899259,152.424237228522));
#7553=CARTESIAN_POINT('',(-86.3449708830518,-252.447545861367,152.424237228522));
#7554=CARTESIAN_POINT('',(-87.4049050135621,-252.447545861367,152.424237228522));
#7555=CARTESIAN_POINT('',(-2.51115855253574,0.693946153439029));
#7556=CARTESIAN_POINT('',(-3.31351122380867,0.00134919133068478));
#7557=CARTESIAN_POINT('',(-4.37344535431892,0.00134919133068499));
#7558=CARTESIAN_POINT('',(-87.4049050135621,-252.447545861367,152.424237228522));
#7559=CARTESIAN_POINT('',(-88.4648251577905,-252.447545861367,152.424237228522));
#7560=CARTESIAN_POINT('',(-89.2671732133854,-251.754964956473,152.424237228522));
#7561=CARTESIAN_POINT('',(-4.37344535431892,0.00134919133068499));
#7562=CARTESIAN_POINT('',(-5.4333654985473,0.00134919133068526));
#7563=CARTESIAN_POINT('',(-6.23571355414221,0.693930096224942));
#7564=CARTESIAN_POINT('',(-9.5305586946799,0.693915891564993));
#7565=CARTESIAN_POINT('',(-6.23571355414221,0.693930096224942));
#7566=CARTESIAN_POINT('',(-92.562018353923,-251.754979161133,152.424237228522));
#7567=CARTESIAN_POINT('',(-92.562018353923,-253.142893120107,152.424237228522));
#7568=CARTESIAN_POINT('',(-9.5305586946799,0.693915891564993));
#7569=CARTESIAN_POINT('',(-9.5305586946799,-0.693998067409004));
#7570=CARTESIAN_POINT('',(-92.562018353923,-253.142893120107,152.424237228522));
#7571=CARTESIAN_POINT('',(-73.730070325663,-253.142893120106,152.424237228522));
#7572=CARTESIAN_POINT('',(-9.5305586946799,-0.693998067409004));
#7573=CARTESIAN_POINT('',(9.3013893335801,-0.693998067408026));
#7574=CARTESIAN_POINT('',(-73.730070325663,-253.142893120106,152.424237228522));
#7575=CARTESIAN_POINT('',(-73.653680538623,-252.680227741834,152.424237228522));
#7576=CARTESIAN_POINT('',(-73.5772907515932,-252.217562363562,152.424237228522));
#7577=CARTESIAN_POINT('',(-73.5009009645632,-251.754896985289,152.424237228522));
#7578=CARTESIAN_POINT('',(9.3013893335801,-0.693998067408026));
#7579=CARTESIAN_POINT('',(9.37777912062011,-0.231332689135996));
#7580=CARTESIAN_POINT('',(9.45416890765001,0.231332689135996));
#7581=CARTESIAN_POINT('',(9.5305586946799,0.693998067408975));
#7582=CARTESIAN_POINT('',(7.41045020431674,0.693988927247014));
#7583=CARTESIAN_POINT('',(9.5305586946799,0.693998067408975));
#7584=CARTESIAN_POINT('',(-76.7674145259531,-275.211727669816,139.638729924483));
#7585=CARTESIAN_POINT('',(-82.0322824686232,-275.211729614952,139.638728610983));
#7586=CARTESIAN_POINT('',(-87.2971504113131,-275.211724339389,139.638732173442));
#7587=CARTESIAN_POINT('',(-92.562018353923,-275.211711795906,139.638740643763));
#7588=CARTESIAN_POINT('',(-24.4353428025669,26.6909439633575));
#7589=CARTESIAN_POINT('',(-8.64069585801763,26.686216795909));
#7590=CARTESIAN_POINT('',(-92.562018353923,-275.211711795906,139.638740643763));
#7591=CARTESIAN_POINT('',(-92.562018353923,-275.438824096073,139.471081240243));
#7592=CARTESIAN_POINT('',(-92.562018353923,-275.672677305014,139.312697218152));
#7593=CARTESIAN_POINT('',(-92.562018353923,-275.912570810404,139.163886123452));
#7594=CARTESIAN_POINT('',(-92.562018353923,-276.863679857069,138.573892750432));
#7595=CARTESIAN_POINT('',(-92.562018353923,-277.900736527436,138.139406717233));
#7596=CARTESIAN_POINT('',(-92.562018353923,-278.941847767525,137.741028894283));
#7597=CARTESIAN_POINT('',(-8.64069585801763,26.686216795909));
#7598=CARTESIAN_POINT('',(-8.64067651059752,30.8930945322172));
#7599=CARTESIAN_POINT('',(-24.2329798400617,30.8930945322167));
#7600=CARTESIAN_POINT('',(-8.64067651059752,30.8930945322172));
#7601=CARTESIAN_POINT('',(-76.969769319573,-278.941437139199,137.741186210392));
#7602=CARTESIAN_POINT('',(-76.9132369509331,-277.899458805623,138.139900685962));
#7603=CARTESIAN_POINT('',(-76.8569067415331,-276.86120657725,138.574947989663));
#7604=CARTESIAN_POINT('',(-76.8052610330131,-275.909296890874,139.165913110813));
#7605=CARTESIAN_POINT('',(-76.7923086917631,-275.670565359422,139.314122558013));
#7606=CARTESIAN_POINT('',(-76.7796807701531,-275.437813379686,139.471825910973));
#7607=CARTESIAN_POINT('',(-76.7674145259531,-275.211727669816,139.638729924483));
#7608=CARTESIAN_POINT('',(-24.2329798400617,30.8930945322167));
#7609=CARTESIAN_POINT('',(-24.3037936171544,29.49253541983));
#7610=CARTESIAN_POINT('',(-24.3742437541407,28.0919813235546));
#7611=CARTESIAN_POINT('',(-24.4353428025669,26.6909439633575));
#7612=CARTESIAN_POINT('',(-75.2641685204229,-262.434372376139,100.850237220362));
#7613=CARTESIAN_POINT('',(-75.3298793125032,-262.83235893504,100.850237220362));
#7614=CARTESIAN_POINT('',(-75.3942614794032,-263.222298490546,100.969010143441));
#7615=CARTESIAN_POINT('',(-75.4489674264632,-263.55363267372,101.192752262282));
#7616=CARTESIAN_POINT('',(3.14159265358979,19.1476348168507));
#7617=CARTESIAN_POINT('',(2.9399685001703,19.0876921624557));
#7618=CARTESIAN_POINT('',(2.74055810228494,19.0206957018659));
#7619=CARTESIAN_POINT('',(2.53826524214218,18.9628359108104));
#7620=CARTESIAN_POINT('',(-75.4489674264632,-263.55363267372,101.192752262282));
#7621=CARTESIAN_POINT('',(-92.562018353923,-263.55363267372,101.192752262282));
#7622=CARTESIAN_POINT('',(2.53826524214218,18.9628359108104));
#7623=CARTESIAN_POINT('',(2.5382652421422,1.84978498335051));
#7624=CARTESIAN_POINT('',(-92.562018353923,-263.55363267372,101.192752262282));
#7625=CARTESIAN_POINT('',(-92.5620183539234,-263.04641059935,100.850237220361));
#7626=CARTESIAN_POINT('',(-92.562018353923,-262.434372376139,100.850237220362));
#7627=CARTESIAN_POINT('',(2.5382652421422,1.84978498335051));
#7628=CARTESIAN_POINT('',(3.14159265358979,1.84978498335051));
#7629=CARTESIAN_POINT('',(-92.562018353923,-262.434372376139,100.850237220362));
#7630=CARTESIAN_POINT('',(-75.2641685204229,-262.434372376139,100.850237220362));
#7631=CARTESIAN_POINT('',(3.14159265358979,1.84978498335051));
#7632=CARTESIAN_POINT('',(3.14159265358979,19.1476348168507));
#7633=CARTESIAN_POINT('',(-74.0602864629331,-255.142893120107,100.850237220362));
#7634=CARTESIAN_POINT('',(-74.461580482103,-257.573386205451,100.850237220362));
#7635=CARTESIAN_POINT('',(-74.8628745012631,-260.003879290795,100.850237220362));
#7636=CARTESIAN_POINT('',(-75.2641685204229,-262.434372376139,100.850237220362));
#7637=CARTESIAN_POINT('',(-9.25086594549495,3.64573962801601));
#7638=CARTESIAN_POINT('',(-8.84957192632505,1.21524654267205));
#7639=CARTESIAN_POINT('',(-8.44827790716495,-1.21524654267193));
#7640=CARTESIAN_POINT('',(-8.04698388800515,-3.64573962801597));
#7641=CARTESIAN_POINT('',(9.25086594549495,-3.64573962801598));
#7642=CARTESIAN_POINT('',(-8.04698388800515,-3.64573962801597));
#7643=CARTESIAN_POINT('',(-92.562018353923,-262.434372376139,100.850237220362));
#7644=CARTESIAN_POINT('',(-92.562018353923,-255.142893120107,100.850237220362));
#7645=CARTESIAN_POINT('',(9.25086594549495,-3.64573962801598));
#7646=CARTESIAN_POINT('',(9.25086594549495,3.64573962801599));
#7647=CARTESIAN_POINT('',(-92.562018353923,-255.142893120107,100.850237220362));
#7648=CARTESIAN_POINT('',(-74.0602864629331,-255.142893120107,100.850237220362));
#7649=CARTESIAN_POINT('',(9.25086594549495,3.64573962801599));
#7650=CARTESIAN_POINT('',(-9.25086594549495,3.64573962801601));
#7651=CARTESIAN_POINT('',(-92.5620183539231,-253.140355185212,98.8502548878724));
#7652=CARTESIAN_POINT('',(-73.729936422283,-253.142082115659,98.8502420017024));
#7653=CARTESIAN_POINT('',(20.8352901248047,3.14158285410018));
#7654=CARTESIAN_POINT('',(2.0032081931647,3.14158999924006));
#7655=CARTESIAN_POINT('',(-73.729936422283,-253.142082115659,98.8502420017024));
#7656=CARTESIAN_POINT('',(-73.730070430103,-253.142893752667,99.1149862738326));
#7657=CARTESIAN_POINT('',(-73.7387484434131,-253.195453348259,99.3768053081024));
#7658=CARTESIAN_POINT('',(-73.772347978293,-253.398953608149,99.8643569617824));
#7659=CARTESIAN_POINT('',(-73.7969061781831,-253.547693764174,100.084906863353));
#7660=CARTESIAN_POINT('',(-73.889799724963,-254.110316460588,100.643115193862));
#7661=CARTESIAN_POINT('',(-73.9734952524231,-254.617230072679,100.850237220362));
#7662=CARTESIAN_POINT('',(-74.0602864629331,-255.142893120107,100.850237220362));
#7663=CARTESIAN_POINT('',(2.0032081931647,3.14158999924006));
#7664=CARTESIAN_POINT('',(2.00377478666725,2.52019692963993));
#7665=CARTESIAN_POINT('',(2.16248297472482,2.14622803955806));
#7666=CARTESIAN_POINT('',(2.3335582338148,1.57079632685176));
#7667=CARTESIAN_POINT('',(20.8352901248047,1.57079632684906));
#7668=CARTESIAN_POINT('',(2.3335582338148,1.57079632685176));
#7669=CARTESIAN_POINT('',(-92.562018353923,-255.142893120107,100.850237220362));
#7670=CARTESIAN_POINT('',(-92.562018353923,-253.142909156913,100.850237220359));
#7671=CARTESIAN_POINT('',(-92.5620183539231,-253.140355185212,98.8502548878724));
#7672=CARTESIAN_POINT('',(20.8352901248047,1.57079632684906));
#7673=CARTESIAN_POINT('',(20.8352901248047,3.14158285410018));
#7674=CARTESIAN_POINT('',(-73.7299365472732,-253.142082872695,96.2796801263324));
#7675=CARTESIAN_POINT('',(-73.729936422283,-253.142082115659,98.8502420017024));
#7676=CARTESIAN_POINT('',(1.28528738077,9.4160408408299));
#7677=CARTESIAN_POINT('',(-1.2852744946,9.41604096582));
#7678=CARTESIAN_POINT('',(-1.28528738077,-9.41604096582));
#7679=CARTESIAN_POINT('',(-1.2852744946,9.41604096582));
#7680=CARTESIAN_POINT('',(-92.5620183539231,-253.140355185212,98.8502548878724));
#7681=CARTESIAN_POINT('',(-92.562018353923,-253.140355759546,96.2796801263324));
#7682=CARTESIAN_POINT('',(-1.28528738077,-9.41604096582));
#7683=CARTESIAN_POINT('',(1.28528738077,-9.41604096582));
#7684=CARTESIAN_POINT('',(1.28528738077,9.4160408408299));
#7685=CARTESIAN_POINT('',(1.28528738077,-9.41604096582));
#7686=CARTESIAN_POINT('',(-75.4489674264632,-263.55363267372,101.192752262282));
#7687=CARTESIAN_POINT('',(-75.789520027883,-265.61623690762,102.585580002513));
#7688=CARTESIAN_POINT('',(-76.1300726293131,-267.678841141518,103.978407742742));
#7689=CARTESIAN_POINT('',(-76.4706252307431,-269.741445375418,105.371235482973));
#7690=CARTESIAN_POINT('',(-7.47267121938836,-8.5565254637299));
#7691=CARTESIAN_POINT('',(-4.98383507780346,-8.2159728623101));
#7692=CARTESIAN_POINT('',(-2.49499893622141,-7.87542026088));
#7693=CARTESIAN_POINT('',(-0.00616279463647433,-7.53486765945009));
#7694=CARTESIAN_POINT('',(-76.4706252307431,-269.741445375418,105.371235482973));
#7695=CARTESIAN_POINT('',(-76.5827162184928,-271.807454343974,106.766362359792));
#7696=CARTESIAN_POINT('',(-76.694807206243,-273.87346331253,108.161489236623));
#7697=CARTESIAN_POINT('',(-76.8068981708228,-275.939471853933,109.556616806563));
#7698=CARTESIAN_POINT('',(-0.00616279463647433,-7.53486765945009));
#7699=CARTESIAN_POINT('',(2.48678166133851,-7.4227766717003));
#7700=CARTESIAN_POINT('',(4.9797261173203,-7.3106856839501));
#7701=CARTESIAN_POINT('',(7.47267060718688,-7.1985947193703));
#7702=CARTESIAN_POINT('',(7.47267066067977,8.5565254637299));
#7703=CARTESIAN_POINT('',(7.47267060718688,-7.1985947193703));
#7704=CARTESIAN_POINT('',(-92.562018353923,-275.939471179769,109.556617900502));
#7705=CARTESIAN_POINT('',(-92.562018353923,-263.55363267372,101.192752262282));
#7706=CARTESIAN_POINT('',(7.47267066067977,8.5565254637299));
#7707=CARTESIAN_POINT('',(-7.47267121938836,8.55652546372991));
#7708=CARTESIAN_POINT('',(-7.47267121938836,-8.5565254637299));
#7709=CARTESIAN_POINT('',(-7.47267121938836,8.55652546372991));
#7710=CARTESIAN_POINT('',(-73.730070325663,-253.142893120107,149.853680134492));
#7711=CARTESIAN_POINT('',(-73.730070325663,-253.142893120106,152.424237228522));
#7712=CARTESIAN_POINT('',(1.28527854701501,9.41597401413001));
#7713=CARTESIAN_POINT('',(-1.28527854701499,9.41597401413001));
#7714=CARTESIAN_POINT('',(-1.28527854701501,-9.41597401412999));
#7715=CARTESIAN_POINT('',(-1.28527854701499,9.41597401413001));
#7716=CARTESIAN_POINT('',(-92.562018353923,-253.142893120107,152.424237228522));
#7717=CARTESIAN_POINT('',(-92.562018353923,-253.142893120107,149.853680134492));
#7718=CARTESIAN_POINT('',(-1.28527854701501,-9.41597401412999));
#7719=CARTESIAN_POINT('',(1.28527854701499,-9.41597401413));
#7720=CARTESIAN_POINT('',(-92.562018353923,-253.142893120107,149.853680134492));
#7721=CARTESIAN_POINT('',(-73.730070325663,-253.142893120107,149.853680134492));
#7722=CARTESIAN_POINT('',(1.28527854701499,-9.41597401413));
#7723=CARTESIAN_POINT('',(1.28527854701501,9.41597401413001));
#7724=CARTESIAN_POINT('',(-92.562018353923,-255.142893120107,147.853680134492));
#7725=CARTESIAN_POINT('',(-74.0602864629331,-255.142893120107,147.853680134492));
#7726=CARTESIAN_POINT('',(20.8351428310866,3.14159265353511));
#7727=CARTESIAN_POINT('',(2.3334109400967,3.14159265353288));
#7728=CARTESIAN_POINT('',(-74.0602864629331,-255.142893120107,147.853680134492));
#7729=CARTESIAN_POINT('',(-73.9734952524731,-254.617230072991,147.853680134492));
#7730=CARTESIAN_POINT('',(-73.8897997249229,-254.110316460365,148.060802161213));
#7731=CARTESIAN_POINT('',(-73.7969000352032,-253.547656558332,148.619047405423));
#7732=CARTESIAN_POINT('',(-73.7723446302931,-253.398933330487,148.839608974902));
#7733=CARTESIAN_POINT('',(-73.738751856453,-253.195474019764,149.327062521413));
#7734=CARTESIAN_POINT('',(-73.730070325663,-253.142893120107,149.588878847143));
#7735=CARTESIAN_POINT('',(-73.730070325663,-253.142893120107,149.853680134492));
#7736=CARTESIAN_POINT('',(2.3334109400967,3.14159265353288));
#7737=CARTESIAN_POINT('',(2.16274224611378,2.56752847029073));
#7738=CARTESIAN_POINT('',(2.00319480282688,2.19090309085492));
#7739=CARTESIAN_POINT('',(2.0031948028266,1.57079632684852));
#7740=CARTESIAN_POINT('',(20.8351428310866,1.57079632684623));
#7741=CARTESIAN_POINT('',(2.0031948028266,1.57079632684852));
#7742=CARTESIAN_POINT('',(-92.562018353923,-253.142893120107,149.853680134492));
#7743=CARTESIAN_POINT('',(-92.562018353923,-253.142893120108,147.853680134493));
#7744=CARTESIAN_POINT('',(-92.562018353923,-255.142893120107,147.853680134492));
#7745=CARTESIAN_POINT('',(20.8351428310866,1.57079632684623));
#7746=CARTESIAN_POINT('',(20.8351428310866,3.14159265353511));
#7747=CARTESIAN_POINT('',(-75.2641685204229,-262.434372376139,147.853680134492));
#7748=CARTESIAN_POINT('',(-74.8628745012631,-260.003879290795,147.853680134492));
#7749=CARTESIAN_POINT('',(-74.461580482103,-257.573386205451,147.853680134492));
#7750=CARTESIAN_POINT('',(-74.0602864629331,-255.142893120107,147.853680134492));
#7751=CARTESIAN_POINT('',(8.04698388800515,-3.64573962801598));
#7752=CARTESIAN_POINT('',(8.44827790716495,-1.21524654267205));
#7753=CARTESIAN_POINT('',(8.84957192632506,1.21524654267193));
#7754=CARTESIAN_POINT('',(9.25086594549496,3.64573962801599));
#7755=CARTESIAN_POINT('',(-9.25086594549494,3.64573962801601));
#7756=CARTESIAN_POINT('',(9.25086594549496,3.64573962801599));
#7757=CARTESIAN_POINT('',(-92.562018353923,-255.142893120107,147.853680134492));
#7758=CARTESIAN_POINT('',(-92.562018353923,-262.434372376139,147.853680134492));
#7759=CARTESIAN_POINT('',(-9.25086594549494,3.64573962801601));
#7760=CARTESIAN_POINT('',(-9.25086594549495,-3.64573962801597));
#7761=CARTESIAN_POINT('',(-92.562018353923,-262.434372376139,147.853680134492));
#7762=CARTESIAN_POINT('',(-75.2641685204229,-262.434372376139,147.853680134492));
#7763=CARTESIAN_POINT('',(-9.25086594549495,-3.64573962801597));
#7764=CARTESIAN_POINT('',(8.04698388800515,-3.64573962801598));
#7765=CARTESIAN_POINT('',(-75.4489674264632,-263.55363267372,147.511165092572));
#7766=CARTESIAN_POINT('',(-75.3942614794032,-263.222298490545,147.734907211403));
#7767=CARTESIAN_POINT('',(-75.3298793125132,-262.832358935042,147.853680134492));
#7768=CARTESIAN_POINT('',(-75.2641685204229,-262.434372376139,147.853680134492));
#7769=CARTESIAN_POINT('',(3.74492006503793,18.9628359108098));
#7770=CARTESIAN_POINT('',(3.5426272048952,19.020695701866));
#7771=CARTESIAN_POINT('',(3.34321680700691,19.087692162447));
#7772=CARTESIAN_POINT('',(3.14159265358979,19.1476348168501));
#7773=CARTESIAN_POINT('',(3.14159265358979,1.84978498335));
#7774=CARTESIAN_POINT('',(3.14159265358979,19.1476348168501));
#7775=CARTESIAN_POINT('',(-92.562018353923,-262.434372376139,147.853680134492));
#7776=CARTESIAN_POINT('',(-92.5620183539231,-263.046410599349,147.853680134492));
#7777=CARTESIAN_POINT('',(-92.562018353923,-263.55363267372,147.511165092572));
#7778=CARTESIAN_POINT('',(3.14159265358979,1.84978498335));
#7779=CARTESIAN_POINT('',(3.74492006503794,1.84978498334999));
#7780=CARTESIAN_POINT('',(-92.562018353923,-263.55363267372,147.511165092572));
#7781=CARTESIAN_POINT('',(-75.4489674264632,-263.55363267372,147.511165092572));
#7782=CARTESIAN_POINT('',(3.74492006503794,1.84978498334999));
#7783=CARTESIAN_POINT('',(3.74492006503793,18.9628359108098));
#7784=CARTESIAN_POINT('',(-76.7674145259531,-275.211727669816,139.638729924483));
#7785=CARTESIAN_POINT('',(-76.668484760883,-273.38830023835,140.870047240283));
#7786=CARTESIAN_POINT('',(-76.5695549958131,-271.564872806884,142.101364556083));
#7787=CARTESIAN_POINT('',(-76.4706252307431,-269.741445375418,143.332681871883));
#7788=CARTESIAN_POINT('',(-7.03360413265697,-7.23807836423999));
#7789=CARTESIAN_POINT('',(-4.8333700701055,-7.33700812931009));
#7790=CARTESIAN_POINT('',(-2.63313600755407,-7.43593789437999));
#7791=CARTESIAN_POINT('',(-0.432901945002608,-7.53486765945009));
#7792=CARTESIAN_POINT('',(-76.4706252307431,-269.741445375418,143.332681871883));
#7793=CARTESIAN_POINT('',(-76.1300726293131,-267.678841141518,144.725509612112));
#7794=CARTESIAN_POINT('',(-75.789520027883,-265.616236907619,146.118337352343));
#7795=CARTESIAN_POINT('',(-75.4489674264632,-263.55363267372,147.511165092572));
#7796=CARTESIAN_POINT('',(-0.432901945002608,-7.53486765945009));
#7797=CARTESIAN_POINT('',(2.05593419658118,-7.87542026087999));
#7798=CARTESIAN_POINT('',(4.54477033816522,-8.21597286231009));
#7799=CARTESIAN_POINT('',(7.03360647974816,-8.5565254637299));
#7800=CARTESIAN_POINT('',(7.03360647974816,8.5565254637299));
#7801=CARTESIAN_POINT('',(7.03360647974816,-8.5565254637299));
#7802=CARTESIAN_POINT('',(-92.562018353923,-263.55363267372,147.511165092572));
#7803=CARTESIAN_POINT('',(-92.562018353923,-275.211711795906,139.638740643763));
#7804=CARTESIAN_POINT('',(7.03360647974816,8.5565254637299));
#7805=CARTESIAN_POINT('',(-7.03358497844117,8.55652546372991));
#7806=CARTESIAN_POINT('',(-7.03360413265697,-7.23807836423999));
#7807=CARTESIAN_POINT('',(-7.03360647974796,-1.97321042156999));
#7808=CARTESIAN_POINT('',(-7.03360011400531,3.29165752112001));
#7809=CARTESIAN_POINT('',(-7.03358497844117,8.55652546372991));
#7810=CARTESIAN_POINT('',(0.170000000001076,4.45298074003977));
#7811=CARTESIAN_POINT('',(0.170000000001029,5.48601423219559));
#7812=CARTESIAN_POINT('',(-83.1708749788031,-247.568432323194,143.551958677432));
#7813=CARTESIAN_POINT('',(-83.1708749788031,-247.568432323195,144.051958677432));
#7814=CARTESIAN_POINT('',(0.170000000001076,4.45298074003977));
#7815=CARTESIAN_POINT('',(0.670000000001267,4.45298074003986));
#7816=CARTESIAN_POINT('',(0.670000000001277,5.48601423219539));
#7817=CARTESIAN_POINT('',(0.670000000001267,4.45298074003986));
#7818=CARTESIAN_POINT('',(0.170000000001029,5.48601423219559));
#7819=CARTESIAN_POINT('',(0.670000000001277,5.48601423219539));
#7820=CARTESIAN_POINT('',(0.750000344424507,2.46360207612995));
#7821=CARTESIAN_POINT('',(0.750000344424507,-4.48163985732005));
#7822=CARTESIAN_POINT('',(-0.250000344424478,4.48163985732005));
#7823=CARTESIAN_POINT('',(-0.0772895267954823,3.76730899228005));
#7824=CARTESIAN_POINT('',(0.340540781064533,3.06061679690995));
#7825=CARTESIAN_POINT('',(0.750000344424507,2.46360207612995));
#7826=CARTESIAN_POINT('',(-0.750000344424478,4.48163985732005));
#7827=CARTESIAN_POINT('',(-0.250000344424478,4.48163985732005));
#7828=CARTESIAN_POINT('',(-83.1708749788031,-241.746445323942,144.051958677432));
#7829=CARTESIAN_POINT('',(-92.1341546934432,-241.746445323942,144.051958677432));
#7830=CARTESIAN_POINT('',(-0.750000344424478,4.48163985732005));
#7831=CARTESIAN_POINT('',(-0.750000344424478,-4.48163985732005));
#7832=CARTESIAN_POINT('',(-92.1341546934432,-241.746445323942,144.051958677432));
#7833=CARTESIAN_POINT('',(-92.1341546934432,-241.746445323942,142.551957988583));
#7834=CARTESIAN_POINT('',(-0.750000344424478,-4.48163985732005));
#7835=CARTESIAN_POINT('',(0.750000344424507,-4.48163985732005));
#7836=CARTESIAN_POINT('',(-92.562018353923,-247.568432323194,144.051958677432));
#7837=CARTESIAN_POINT('',(-83.1708749788031,-247.568432323195,144.051958677432));
#7838=CARTESIAN_POINT('',(0.750000344424487,-4.69557168756));
#7839=CARTESIAN_POINT('',(0.75000034442447,4.69557168756001));
#7840=CARTESIAN_POINT('',(0.25000034442447,4.69557168756001));
#7841=CARTESIAN_POINT('',(0.75000034442447,4.69557168756001));
#7842=CARTESIAN_POINT('',(-0.750000344424511,2.6775339063699));
#7843=CARTESIAN_POINT('',(-0.340540781064533,3.2745486271499));
#7844=CARTESIAN_POINT('',(0.0772895267954539,3.98124082251));
#7845=CARTESIAN_POINT('',(0.25000034442447,4.69557168756001));
#7846=CARTESIAN_POINT('',(-0.750000344424498,-4.69557168756));
#7847=CARTESIAN_POINT('',(-0.750000344424511,2.6775339063699));
#7848=CARTESIAN_POINT('',(-92.562018353923,-247.568432323195,142.551957988583));
#7849=CARTESIAN_POINT('',(-92.562018353923,-247.568432323194,144.051958677432));
#7850=CARTESIAN_POINT('',(-0.750000344424498,-4.69557168756));
#7851=CARTESIAN_POINT('',(0.750000344424487,-4.69557168756));
#7852=CARTESIAN_POINT('',(-4.69557168756004,2.91099349962651));
#7853=CARTESIAN_POINT('',(4.26770802708007,2.91099349962649));
#7854=CARTESIAN_POINT('',(-4.69557168756005,-2.91099349962649));
#7855=CARTESIAN_POINT('',(-4.69557168756004,2.91099349962651));
#7856=CARTESIAN_POINT('',(4.69557168755995,-2.91099349962551));
#7857=CARTESIAN_POINT('',(-4.69557168756005,-2.91099349962649));
#7858=CARTESIAN_POINT('',(-92.562018353923,-247.568432323194,144.051958677432));
#7859=CARTESIAN_POINT('',(-92.562018353923,-244.657438823564,144.051958677432));
#7860=CARTESIAN_POINT('',(4.69557168755995,-2.91099349962551));
#7861=CARTESIAN_POINT('',(4.69557168755995,4.48228907912174E-12));
#7862=CARTESIAN_POINT('',(-92.562018353923,-244.657438823564,144.051958677432));
#7863=CARTESIAN_POINT('',(-92.5620183539231,-243.170497944458,144.051958677433));
#7864=CARTESIAN_POINT('',(-92.1341546934432,-241.746445323942,144.051958677432));
#7865=CARTESIAN_POINT('',(4.69557168755995,4.48228907912174E-12));
#7866=CARTESIAN_POINT('',(4.69557168755996,1.48694087911071));
#7867=CARTESIAN_POINT('',(4.26770802708007,2.91099349962649));
#7868=CARTESIAN_POINT('',(4.40461494033146,2.60722861284298));
#7869=CARTESIAN_POINT('',(4.40461494033146,1.107227923994));
#7870=CARTESIAN_POINT('',(4.71238898038469,2.607228612843));
#7871=CARTESIAN_POINT('',(4.40461494033146,2.60722861284298));
#7872=CARTESIAN_POINT('',(-92.562018353923,-244.657438823564,144.051958677432));
#7873=CARTESIAN_POINT('',(-92.5620183539231,-244.657438823564,152.424237228522));
#7874=CARTESIAN_POINT('',(4.71238898038469,2.607228612843));
#7875=CARTESIAN_POINT('',(4.71238898038469,10.979507163933));
#7876=CARTESIAN_POINT('',(3.27402806253441,10.979507163933));
#7877=CARTESIAN_POINT('',(4.71238898038469,10.979507163933));
#7878=CARTESIAN_POINT('',(3.00915724464519,10.979507163933));
#7879=CARTESIAN_POINT('',(3.01687737392649,10.7940298408197));
#7880=CARTESIAN_POINT('',(3.0252584616977,10.6085906193744));
#7881=CARTESIAN_POINT('',(3.03495753047999,10.4232039061555));
#7882=CARTESIAN_POINT('',(3.04573143005327,10.217273019874));
#7883=CARTESIAN_POINT('',(3.05741910836827,10.0114797127046));
#7884=CARTESIAN_POINT('',(3.07509868277295,9.80596953180603));
#7885=CARTESIAN_POINT('',(3.08290335153118,9.71524682255731));
#7886=CARTESIAN_POINT('',(3.09110633132396,9.62473069258047));
#7887=CARTESIAN_POINT('',(3.10551619228525,9.53467824745082));
#7888=CARTESIAN_POINT('',(3.10716607937009,9.52436750492691));
#7889=CARTESIAN_POINT('',(3.12212049300719,9.42196538912834));
#7890=CARTESIAN_POINT('',(3.14159274787884,9.42196529199303));
#7891=CARTESIAN_POINT('',(3.16106510122471,9.42196519485723));
#7892=CARTESIAN_POINT('',(3.17601942778847,9.52436724733998));
#7893=CARTESIAN_POINT('',(3.17766932037342,9.53467801452116));
#7894=CARTESIAN_POINT('',(3.19207919462378,9.62473045785006));
#7895=CARTESIAN_POINT('',(3.20028217342533,9.71524658706396));
#7896=CARTESIAN_POINT('',(3.20808684385003,9.80596929583634));
#7897=CARTESIAN_POINT('',(3.22576642886749,10.0114795551394));
#7898=CARTESIAN_POINT('',(3.23745410985815,10.2172729410331));
#7899=CARTESIAN_POINT('',(3.24822801247243,10.4232039061561));
#7900=CARTESIAN_POINT('',(3.25792708013944,10.6085906167072));
#7901=CARTESIAN_POINT('',(3.26630815789216,10.7940298337248));
#7902=CARTESIAN_POINT('',(3.27402806253441,10.979507163933));
#7903=CARTESIAN_POINT('',(1.5707963267949,10.979507163933));
#7904=CARTESIAN_POINT('',(3.00915724464519,10.979507163933));
#7905=CARTESIAN_POINT('',(-72.329053355233,-244.657438823564,152.424237228522));
#7906=CARTESIAN_POINT('',(-72.3290533552331,-244.657438823564,142.551958677423));
#7907=CARTESIAN_POINT('',(1.5707963267949,10.979507163933));
#7908=CARTESIAN_POINT('',(1.5707963267949,1.10722861283398));
#7909=CARTESIAN_POINT('',(4.40461494033146,1.107227923994));
#7910=CARTESIAN_POINT('',(1.5707963267949,1.10722861283398));
#7911=CARTESIAN_POINT('',(4.44537723868605,10.9795064062));
#7912=CARTESIAN_POINT('',(4.44537723868606,9.47950640619998));
#7913=CARTESIAN_POINT('',(1.5707963267949,10.9795064062));
#7914=CARTESIAN_POINT('',(4.44537723868605,10.9795064062));
#7915=CARTESIAN_POINT('',(-72.329053355233,-244.657438823564,106.151958677423));
#7916=CARTESIAN_POINT('',(-72.329053355233,-244.657438823564,96.2796801263324));
#7917=CARTESIAN_POINT('',(1.5707963267949,10.9795064062));
#7918=CARTESIAN_POINT('',(1.5707963267949,1.1072278551093));
#7919=CARTESIAN_POINT('',(4.71238898038469,1.1072278551093));
#7920=CARTESIAN_POINT('',(1.5707963267949,1.1072278551093));
#7921=CARTESIAN_POINT('',(-92.562018353923,-244.657438823564,96.2796801263324));
#7922=CARTESIAN_POINT('',(-92.562018353923,-244.657438823564,104.651958842972));
#7923=CARTESIAN_POINT('',(4.71238898038469,1.1072278551093));
#7924=CARTESIAN_POINT('',(4.71238898038469,9.47950657174897));
#7925=CARTESIAN_POINT('',(4.64795359584411,9.47950640619997));
#7926=CARTESIAN_POINT('',(4.71238898038469,9.47950657174897));
#7927=CARTESIAN_POINT('',(4.44537723868606,9.47950640619998));
#7928=CARTESIAN_POINT('',(4.64795359584411,9.47950640619997));
#7929=CARTESIAN_POINT('',(-76.4706252307431,-269.741445375417,136.351958677423));
#7930=CARTESIAN_POINT('',(-76.4706252307431,-269.741445375418,143.332681871883));
#7931=CARTESIAN_POINT('',(7.20068288913551,-2.8603834747845));
#7932=CARTESIAN_POINT('',(7.20068288913455,4.12033971967551));
#7933=CARTESIAN_POINT('',(1.72235538284616,0.42638777227549));
#7934=CARTESIAN_POINT('',(3.54846455160896,1.65770508807549));
#7935=CARTESIAN_POINT('',(5.3745737203717,2.88902240387552));
#7936=CARTESIAN_POINT('',(7.20068288913455,4.12033971967551));
#7937=CARTESIAN_POINT('',(-2.01283941642552,-1.47115594181551));
#7938=CARTESIAN_POINT('',(-0.96932863241517,-1.07244146624549));
#7939=CARTESIAN_POINT('',(0.0704505663633199,-0.637394162544496));
#7940=CARTESIAN_POINT('',(1.02376023809921,-0.0464290413945037));
#7941=CARTESIAN_POINT('',(1.26284287497026,0.101780405805499));
#7942=CARTESIAN_POINT('',(1.49593716592398,0.259483758765498));
#7943=CARTESIAN_POINT('',(1.72235538284616,0.42638777227549));
#7944=CARTESIAN_POINT('',(-2.72096540295544,-1.74252988790451));
#7945=CARTESIAN_POINT('',(-2.47945067230933,-1.66705748767549));
#7946=CARTESIAN_POINT('',(-2.24293688751129,-1.57642082817651));
#7947=CARTESIAN_POINT('',(-2.01283941642552,-1.47115594181551));
#7948=CARTESIAN_POINT('',(-77.0081321615532,-279.648523205498,137.469812264303));
#7949=CARTESIAN_POINT('',(-77.0967586544431,-281.282045514567,136.958701204043));
#7950=CARTESIAN_POINT('',(-77.1789711882331,-282.797348711964,136.149662321632));
#7951=CARTESIAN_POINT('',(-77.250821594403,-284.12166199109,135.092002432532));
#7952=CARTESIAN_POINT('',(-2.72096540295544,-1.74252988790451));
#7953=CARTESIAN_POINT('',(-4.35689015350732,-2.2536409481645));
#7954=CARTESIAN_POINT('',(-5.8744219260754,-3.06267983057549));
#7955=CARTESIAN_POINT('',(-7.20068288913514,-4.12033971967548));
#7956=CARTESIAN_POINT('',(-77.250821594403,-284.12166199109,135.092002432532));
#7957=CARTESIAN_POINT('',(-76.4706252307431,-269.741445375417,136.351958677423));
#7958=CARTESIAN_POINT('',(-7.20068288913514,-4.12033971967548));
#7959=CARTESIAN_POINT('',(7.20068288913551,-2.8603834747845));
#7960=CARTESIAN_POINT('',(-92.5620183539231,-284.222657783882,135.010608747053));
#7961=CARTESIAN_POINT('',(-87.458283344383,-284.189341190912,135.037709528622));
#7962=CARTESIAN_POINT('',(-82.354550784353,-284.155680217324,135.064840383743));
#7963=CARTESIAN_POINT('',(-77.250821594403,-284.12166199109,135.092002432532));
#7964=CARTESIAN_POINT('',(2.25937362990461,1.67539110857641));
#7965=CARTESIAN_POINT('',(2.25640482954575,6.77912351907461));
#7966=CARTESIAN_POINT('',(2.25341553342697,11.8828559174384));
#7967=CARTESIAN_POINT('',(2.25040478318898,16.9865883033649));
#7968=CARTESIAN_POINT('',(1.8900236875544,17.2292970207045));
#7969=CARTESIAN_POINT('',(2.00829346236012,17.145565782605));
#7970=CARTESIAN_POINT('',(2.12668747041483,17.0623986548304));
#7971=CARTESIAN_POINT('',(2.25040478318898,16.9865883033649));
#7972=CARTESIAN_POINT('',(1.89002507207706,1.67541082811222));
#7973=CARTESIAN_POINT('',(1.8900236875544,17.2292970207045));
#7974=CARTESIAN_POINT('',(-92.562018353923,-279.648608326627,137.469806613393));
#7975=CARTESIAN_POINT('',(-92.562018353923,-281.324233164248,136.945522196083));
#7976=CARTESIAN_POINT('',(-92.5620183539231,-282.874964106869,136.107925674342));
#7977=CARTESIAN_POINT('',(-92.5620183539231,-284.222657783882,135.010608747053));
#7978=CARTESIAN_POINT('',(1.89002507207706,1.67541082811222));
#7979=CARTESIAN_POINT('',(2.25937362990461,1.67539110857641));
#7980=CARTESIAN_POINT('',(-92.5620183539231,-263.861055840795,136.351958677422));
#7981=CARTESIAN_POINT('',(-92.5620183539231,-268.868409402693,136.351958677422));
#7982=CARTESIAN_POINT('',(-0.578992462927999,11.9999999999948));
#7983=CARTESIAN_POINT('',(4.42836109896996,11.9999999999948));
#7984=CARTESIAN_POINT('',(-92.5620183539231,-268.868409402693,136.351958677422));
#7985=CARTESIAN_POINT('',(-92.5620183539231,-273.986492196423,135.904842033973));
#7986=CARTESIAN_POINT('',(-92.5620183539231,-279.104574990153,135.457725390513));
#7987=CARTESIAN_POINT('',(-92.5620183539231,-284.222657783882,135.010608747053));
#7988=CARTESIAN_POINT('',(4.42836109896996,11.9999999999948));
#7989=CARTESIAN_POINT('',(9.54644389269998,11.5528833565458));
#7990=CARTESIAN_POINT('',(14.66452668643,11.1057667130858));
#7991=CARTESIAN_POINT('',(19.782609480159,10.6586500696258));
#7992=CARTESIAN_POINT('',(15.208560022904,13.1178479359658));
#7993=CARTESIAN_POINT('',(16.884184860525,12.5935635186558));
#7994=CARTESIAN_POINT('',(18.434915803146,11.7559669969148));
#7995=CARTESIAN_POINT('',(19.782609480159,10.6586500696258));
#7996=CARTESIAN_POINT('',(14.501799463802,13.3890702168558));
#7997=CARTESIAN_POINT('',(14.731442321636,13.2838762611258));
#7998=CARTESIAN_POINT('',(14.967498891468,13.1932885577248));
#7999=CARTESIAN_POINT('',(15.208560022904,13.1178479359658));
#8000=CARTESIAN_POINT('',(10.771663492183,15.2867819663358));
#8001=CARTESIAN_POINT('',(10.99877579235,15.1191225628158));
#8002=CARTESIAN_POINT('',(11.232629001291,14.9607385407248));
#8003=CARTESIAN_POINT('',(11.472522506681,14.8119274460248));
#8004=CARTESIAN_POINT('',(12.423631553346,14.2219340730048));
#8005=CARTESIAN_POINT('',(13.460688223713,13.7874480398058));
#8006=CARTESIAN_POINT('',(14.501799463802,13.3890702168558));
#8007=CARTESIAN_POINT('',(-0.886415630002972,23.1592064151448));
#8008=CARTESIAN_POINT('',(10.771663492183,15.2867819663358));
#8009=CARTESIAN_POINT('',(-2.00567592758404,23.5017214570648));
#8010=CARTESIAN_POINT('',(-1.39363770437375,23.5017214570648));
#8011=CARTESIAN_POINT('',(-0.886415630002972,23.1592064151448));
#8012=CARTESIAN_POINT('',(-9.29715518361601,23.5017214570648));
#8013=CARTESIAN_POINT('',(-2.00567592758404,23.5017214570648));
#8014=CARTESIAN_POINT('',(-11.297155183616,25.5017214570648));
#8015=CARTESIAN_POINT('',(-11.2971551836149,23.5017214570659));
#8016=CARTESIAN_POINT('',(-9.29715518361601,23.5017214570648));
#8017=CARTESIAN_POINT('',(-11.297155183616,28.0722785510948));
#8018=CARTESIAN_POINT('',(-11.297155183616,25.5017214570648));
#8019=CARTESIAN_POINT('',(-12.68506914259,28.0722785510948));
#8020=CARTESIAN_POINT('',(-11.297155183616,28.0722785510948));
#8021=CARTESIAN_POINT('',(-19.782609480159,28.0722785510948));
#8022=CARTESIAN_POINT('',(-12.68506914259,28.0722785510948));
#8023=CARTESIAN_POINT('',(-19.782609480159,19.7000000000048));
#8024=CARTESIAN_POINT('',(-19.782609480159,28.0722785510948));
#8025=CARTESIAN_POINT('',(-16.871615980529,19.7000000000048));
#8026=CARTESIAN_POINT('',(-19.782609480159,19.7000000000048));
#8027=CARTESIAN_POINT('',(-16.871615980528,18.1999993111558));
#8028=CARTESIAN_POINT('',(-16.871615980529,19.7000000000048));
#8029=CARTESIAN_POINT('',(-12.68506914259,18.1999991182658));
#8030=CARTESIAN_POINT('',(-16.871615980528,18.1999993111558));
#8031=CARTESIAN_POINT('',(-7.68506914254402,18.1999991182658));
#8032=CARTESIAN_POINT('',(-12.68506914259,18.1999991182658));
#8033=CARTESIAN_POINT('',(-6.52584844601301,18.1999991182658));
#8034=CARTESIAN_POINT('',(-7.68506914254402,18.1999991182658));
#8035=CARTESIAN_POINT('',(-4.64107587448103,18.1999991182658));
#8036=CARTESIAN_POINT('',(-6.52584844601301,18.1999991182658));
#8037=CARTESIAN_POINT('',(-2.64107587446199,16.1999999999948));
#8038=CARTESIAN_POINT('',(-2.64106461184201,16.7299911479058));
#8039=CARTESIAN_POINT('',(-2.85149654567601,17.2388477959348));
#8040=CARTESIAN_POINT('',(-3.22686231209201,17.6142135623558));
#8041=CARTESIAN_POINT('',(-3.60222807851903,17.9895793287858));
#8042=CARTESIAN_POINT('',(-4.111084726576,18.2000112626158));
#8043=CARTESIAN_POINT('',(-4.64107587448103,18.1999991182658));
#8044=CARTESIAN_POINT('',(-2.64107587446199,-16.1999999999952));
#8045=CARTESIAN_POINT('',(-2.64107587446199,16.1999999999948));
#8046=CARTESIAN_POINT('',(-4.64107587448103,-18.1999991182652));
#8047=CARTESIAN_POINT('',(-4.11108472657202,-18.2000112626342));
#8048=CARTESIAN_POINT('',(-3.60222807851301,-17.9895793287942));
#8049=CARTESIAN_POINT('',(-3.22686231208104,-17.6142135623752));
#8050=CARTESIAN_POINT('',(-2.85149654565799,-17.2388477959542));
#8051=CARTESIAN_POINT('',(-2.641064611822,-16.7299911479052));
#8052=CARTESIAN_POINT('',(-2.64107587446199,-16.1999999999952));
#8053=CARTESIAN_POINT('',(-6.52584844601301,-18.1999991182652));
#8054=CARTESIAN_POINT('',(-4.64107587448103,-18.1999991182652));
#8055=CARTESIAN_POINT('',(-7.68506914254402,-18.1999991182652));
#8056=CARTESIAN_POINT('',(-6.52584844601301,-18.1999991182652));
#8057=CARTESIAN_POINT('',(-12.68506914259,-18.1999991182652));
#8058=CARTESIAN_POINT('',(-7.68506914254402,-18.1999991182652));
#8059=CARTESIAN_POINT('',(-17.302284885163,-18.1999999860652));
#8060=CARTESIAN_POINT('',(-12.68506914259,-18.1999991182652));
#8061=CARTESIAN_POINT('',(-17.302284916776,-19.6999998745842));
#8062=CARTESIAN_POINT('',(-17.302284885163,-18.1999999860652));
#8063=CARTESIAN_POINT('',(-19.782609480159,-19.6999998344552));
#8064=CARTESIAN_POINT('',(-17.302284916776,-19.6999998745842));
#8065=CARTESIAN_POINT('',(-19.782609480159,-28.0722785510948));
#8066=CARTESIAN_POINT('',(-19.782609480159,-19.6999998344552));
#8067=CARTESIAN_POINT('',(-12.68506914259,-28.0722785510948));
#8068=CARTESIAN_POINT('',(-19.782609480159,-28.0722785510948));
#8069=CARTESIAN_POINT('',(-11.299692544177,-28.0722785510948));
#8070=CARTESIAN_POINT('',(-12.68506914259,-28.0722785510948));
#8071=CARTESIAN_POINT('',(-11.299693118511,-25.5017037895548));
#8072=CARTESIAN_POINT('',(-11.299692544177,-28.0722785510948));
#8073=CARTESIAN_POINT('',(-9.29715518361601,-23.5017214570652));
#8074=CARTESIAN_POINT('',(-11.2971391468097,-23.5017214570677));
#8075=CARTESIAN_POINT('',(-11.299693118511,-25.5017037895548));
#8076=CARTESIAN_POINT('',(-2.00567592758404,-23.5017214570652));
#8077=CARTESIAN_POINT('',(-9.29715518361601,-23.5017214570652));
#8078=CARTESIAN_POINT('',(-0.886415630003,-23.1592064151452));
#8079=CARTESIAN_POINT('',(-1.3936377043734,-23.5017214570663));
#8080=CARTESIAN_POINT('',(-2.00567592758404,-23.5017214570652));
#8081=CARTESIAN_POINT('',(11.499422876046,-14.7953407769252));
#8082=CARTESIAN_POINT('',(-0.886415630003,-23.1592064151452));
#8083=CARTESIAN_POINT('',(14.501799467704,-13.3890702153642));
#8084=CARTESIAN_POINT('',(13.470455015254,-13.7837271261842));
#8085=CARTESIAN_POINT('',(12.443188419773,-14.2137089079652));
#8086=CARTESIAN_POINT('',(11.499422876046,-14.7953407769252));
#8087=CARTESIAN_POINT('',(15.208740103081,-13.1177915803852));
#8088=CARTESIAN_POINT('',(14.967616454074,-13.1932434438162));
#8089=CARTESIAN_POINT('',(14.731499507656,-13.2838500659452));
#8090=CARTESIAN_POINT('',(14.501799467704,-13.3890702153642));
#8091=CARTESIAN_POINT('',(19.782609479309,-10.6586500697142));
#8092=CARTESIAN_POINT('',(18.434964082192,-11.7559276854952));
#8093=CARTESIAN_POINT('',(16.884295966139,-12.5935035028352));
#8094=CARTESIAN_POINT('',(15.208740103081,-13.1177915803852));
#8095=CARTESIAN_POINT('',(-92.5620183539231,-284.222657783032,113.693308607713));
#8096=CARTESIAN_POINT('',(-92.5620183539231,-279.104574989585,113.246191964283));
#8097=CARTESIAN_POINT('',(-92.5620183539231,-273.986492196139,112.799075320852));
#8098=CARTESIAN_POINT('',(-92.5620183539231,-268.868409402693,112.351958677422));
#8099=CARTESIAN_POINT('',(19.782609479309,-10.6586500697142));
#8100=CARTESIAN_POINT('',(14.664526685862,-11.1057667131442));
#8101=CARTESIAN_POINT('',(9.54644389241599,-11.5528833565752));
#8102=CARTESIAN_POINT('',(4.42836109896996,-12.0000000000052));
#8103=CARTESIAN_POINT('',(-92.5620183539231,-268.868409402693,112.351958677422));
#8104=CARTESIAN_POINT('',(-92.5620183539231,-263.861055840795,112.351958677422));
#8105=CARTESIAN_POINT('',(4.42836109896996,-12.0000000000052));
#8106=CARTESIAN_POINT('',(-0.578992462927999,-12.0000000000052));
#8107=CARTESIAN_POINT('',(-92.5620183539231,-263.861055840795,112.351958677422));
#8108=CARTESIAN_POINT('',(-92.5620183539231,-263.861055840795,136.351958677422));
#8109=CARTESIAN_POINT('',(-0.578992462927999,-12.0000000000052));
#8110=CARTESIAN_POINT('',(-0.578992462927999,11.9999999999948));
#8111=CARTESIAN_POINT('',(-75.7175417862632,-265.180290668186,112.351958677422));
#8112=CARTESIAN_POINT('',(-76.4706252307431,-269.741445375417,112.351958677423));
#8113=CARTESIAN_POINT('',(-8.08889879632747,-12.0000000000052));
#8114=CARTESIAN_POINT('',(-12.7118055591387,-12.0000000000042));
#8115=CARTESIAN_POINT('',(-76.4706252307431,-269.741445375417,112.351958677423));
#8116=CARTESIAN_POINT('',(-76.4706252307431,-269.741445375418,105.371235482973));
#8117=CARTESIAN_POINT('',(-12.7118055591387,-12.0000000000042));
#8118=CARTESIAN_POINT('',(-12.7118055591396,-18.9807231944542));
#8119=CARTESIAN_POINT('',(-6.44021798498102,-23.1592064151452));
#8120=CARTESIAN_POINT('',(-8.53074717636684,-21.7663786749142));
#8121=CARTESIAN_POINT('',(-10.6212763677522,-20.3735509346852));
#8122=CARTESIAN_POINT('',(-12.7118055591396,-18.9807231944542));
#8123=CARTESIAN_POINT('',(-5.30580437019368,-23.5017214570652));
#8124=CARTESIAN_POINT('',(-5.70917914538632,-23.5017214570652));
#8125=CARTESIAN_POINT('',(-6.10439797130806,-23.3829485339862));
#8126=CARTESIAN_POINT('',(-6.44021798498102,-23.1592064151452));
#8127=CARTESIAN_POINT('',(2.0843919566633,-23.5017214570652));
#8128=CARTESIAN_POINT('',(-0.379006818956782,-23.5017214570652));
#8129=CARTESIAN_POINT('',(-2.84240559457527,-23.5017214570652));
#8130=CARTESIAN_POINT('',(-5.30580437019368,-23.5017214570652));
#8131=CARTESIAN_POINT('',(4.11229131927421,-25.5017166757248));
#8132=CARTESIAN_POINT('',(4.11146869376489,-25.2369724035946));
#8133=CARTESIAN_POINT('',(4.05819751014931,-24.9751533693248));
#8134=CARTESIAN_POINT('',(3.95505808793496,-24.7313498174343));
#8135=CARTESIAN_POINT('',(3.85194212350586,-24.4876017156448));
#8136=CARTESIAN_POINT('',(3.70118822074977,-24.2670518140742));
#8137=CARTESIAN_POINT('',(3.51209578952622,-24.0819490601925));
#8138=CARTESIAN_POINT('',(3.13094835056049,-23.7088434835652));
#8139=CARTESIAN_POINT('',(2.61717179266788,-23.5017214570652));
#8140=CARTESIAN_POINT('',(2.0843919566633,-23.5017214570652));
#8141=CARTESIAN_POINT('',(4.11229055198937,-28.0722785510948));
#8142=CARTESIAN_POINT('',(4.11229131927421,-25.5017166757248));
#8143=CARTESIAN_POINT('',(5.51825711786696,-28.0722785510948));
#8144=CARTESIAN_POINT('',(5.04960159590723,-28.0722785510948));
#8145=CARTESIAN_POINT('',(4.58094607394912,-28.0722785510948));
#8146=CARTESIAN_POINT('',(4.11229055198937,-28.0722785510948));
#8147=CARTESIAN_POINT('',(12.7118055591392,-28.0722785510948));
#8148=CARTESIAN_POINT('',(10.3139560787142,-28.0722785510948));
#8149=CARTESIAN_POINT('',(7.91610659829189,-28.0722785510948));
#8150=CARTESIAN_POINT('',(5.51825711786696,-28.0722785510948));
#8151=CARTESIAN_POINT('',(12.7118055591392,-18.2000000000042));
#8152=CARTESIAN_POINT('',(12.7118055591392,-28.0722785510948));
#8153=CARTESIAN_POINT('',(5.51825711786696,-18.1999997712752));
#8154=CARTESIAN_POINT('',(7.91610659829189,-18.2000000000052));
#8155=CARTESIAN_POINT('',(10.3139560787142,-18.2000000000042));
#8156=CARTESIAN_POINT('',(12.7118055591392,-18.2000000000042));
#8157=CARTESIAN_POINT('',(0.450560065014657,-18.1999997429942));
#8158=CARTESIAN_POINT('',(2.13979241596564,-18.2000000000042));
#8159=CARTESIAN_POINT('',(3.82902476691498,-18.2000000000052));
#8160=CARTESIAN_POINT('',(5.51825711786696,-18.1999997712752));
#8161=CARTESIAN_POINT('',(-0.724355796457042,-18.1999997364352));
#8162=CARTESIAN_POINT('',(-0.332717175966479,-18.2000000000052));
#8163=CARTESIAN_POINT('',(0.05892144452406,-18.2000000000042));
#8164=CARTESIAN_POINT('',(0.450560065014657,-18.1999997429942));
#8165=CARTESIAN_POINT('',(-2.63464707765028,-18.1999997257752));
#8166=CARTESIAN_POINT('',(-1.99788331725171,-18.1999999999952));
#8167=CARTESIAN_POINT('',(-1.36111955685402,-18.1999999999952));
#8168=CARTESIAN_POINT('',(-0.724355796457042,-18.1999997364352));
#8169=CARTESIAN_POINT('',(-4.66172589878983,-16.1999999999952));
#8170=CARTESIAN_POINT('',(-4.66172640701939,-16.4580087213952));
#8171=CARTESIAN_POINT('',(-4.61112836765653,-16.7134288840542));
#8172=CARTESIAN_POINT('',(-4.51288871230591,-16.9522174838173));
#8173=CARTESIAN_POINT('',(-4.41068788950679,-17.2006343912642));
#8174=CARTESIAN_POINT('',(-4.25918477393702,-17.4255908863652));
#8175=CARTESIAN_POINT('',(-4.06800825808318,-17.6142135623652));
#8176=CARTESIAN_POINT('',(-3.68609737477215,-17.9910226724342));
#8177=CARTESIAN_POINT('',(-3.16976235587839,-18.2000043651542));
#8178=CARTESIAN_POINT('',(-2.63464707765028,-18.1999997257752));
#8179=CARTESIAN_POINT('',(-4.66172589878982,16.1999999999948));
#8180=CARTESIAN_POINT('',(-4.66172589878983,-16.1999999999952));
#8181=CARTESIAN_POINT('',(-2.63464707765027,18.1999997257748));
#8182=CARTESIAN_POINT('',(-3.1697623558764,18.2000043651448));
#8183=CARTESIAN_POINT('',(-3.68609737476817,17.9910226724248));
#8184=CARTESIAN_POINT('',(-4.06800825807721,17.6142135623658));
#8185=CARTESIAN_POINT('',(-4.25918477393111,17.4255908863658));
#8186=CARTESIAN_POINT('',(-4.41068788949894,17.2006343912658));
#8187=CARTESIAN_POINT('',(-4.51288871229796,16.9522174838174));
#8188=CARTESIAN_POINT('',(-4.61112836764761,16.7134288840548));
#8189=CARTESIAN_POINT('',(-4.66172640701058,16.4580087213958));
#8190=CARTESIAN_POINT('',(-4.66172589878982,16.1999999999948));
#8191=CARTESIAN_POINT('',(-0.724355796457026,18.1999997364348));
#8192=CARTESIAN_POINT('',(-1.36111955685402,18.1999999999938));
#8193=CARTESIAN_POINT('',(-1.99788331725171,18.1999999999938));
#8194=CARTESIAN_POINT('',(-2.63464707765027,18.1999997257748));
#8195=CARTESIAN_POINT('',(0.450560065014673,18.1999997429848));
#8196=CARTESIAN_POINT('',(0.05892144452406,18.1999999999948));
#8197=CARTESIAN_POINT('',(-0.332717175966479,18.1999999999938));
#8198=CARTESIAN_POINT('',(-0.724355796457026,18.1999997364348));
#8199=CARTESIAN_POINT('',(5.51825711786698,18.1999997712758));
#8200=CARTESIAN_POINT('',(3.82902476691498,18.1999999999948));
#8201=CARTESIAN_POINT('',(2.13979241596564,18.1999999999948));
#8202=CARTESIAN_POINT('',(0.450560065014673,18.1999997429848));
#8203=CARTESIAN_POINT('',(12.7118055591392,18.1999999999958));
#8204=CARTESIAN_POINT('',(10.3139560787142,18.1999999999958));
#8205=CARTESIAN_POINT('',(7.9161065982909,18.1999999999948));
#8206=CARTESIAN_POINT('',(5.51825711786698,18.1999997712758));
#8207=CARTESIAN_POINT('',(12.7118055591392,28.0722785510948));
#8208=CARTESIAN_POINT('',(12.7118055591392,18.1999999999958));
#8209=CARTESIAN_POINT('',(5.51825711786698,28.0722785510948));
#8210=CARTESIAN_POINT('',(7.91610659829189,28.0722785510948));
#8211=CARTESIAN_POINT('',(10.3139560787142,28.0722785510948));
#8212=CARTESIAN_POINT('',(12.7118055591392,28.0722785510948));
#8213=CARTESIAN_POINT('',(4.11146933488981,28.0722785510948));
#8214=CARTESIAN_POINT('',(4.58039859588297,28.0722785510948));
#8215=CARTESIAN_POINT('',(5.04932785687447,28.0722785510948));
#8216=CARTESIAN_POINT('',(5.51825711786698,28.0722785510948));
#8217=CARTESIAN_POINT('',(4.11146933488883,25.5017214570648));
#8218=CARTESIAN_POINT('',(4.11146933488981,28.0722785510948));
#8219=CARTESIAN_POINT('',(2.08439195666333,23.5017214570648));
#8220=CARTESIAN_POINT('',(2.61717179235194,23.5017214570648));
#8221=CARTESIAN_POINT('',(3.13094835078704,23.7088434837858));
#8222=CARTESIAN_POINT('',(3.51209578952568,24.0819490601911));
#8223=CARTESIAN_POINT('',(3.70122593030936,24.2670887279958));
#8224=CARTESIAN_POINT('',(3.85196267569987,24.4876502974748));
#8225=CARTESIAN_POINT('',(3.95505808792079,24.7313498174391));
#8226=CARTESIAN_POINT('',(4.058176558778,24.9751038439858));
#8227=CARTESIAN_POINT('',(4.1114693348888,25.2369201697158));
#8228=CARTESIAN_POINT('',(4.11146933488883,25.5017214570648));
#8229=CARTESIAN_POINT('',(-5.30580437019366,23.5017214570648));
#8230=CARTESIAN_POINT('',(-2.84240559457527,23.5017214570648));
#8231=CARTESIAN_POINT('',(-0.379006818956782,23.5017214570648));
#8232=CARTESIAN_POINT('',(2.08439195666333,23.5017214570648));
#8233=CARTESIAN_POINT('',(-6.440217984981,23.1592064151448));
#8234=CARTESIAN_POINT('',(-6.10439797130704,23.3829485339758));
#8235=CARTESIAN_POINT('',(-5.7091791453899,23.5017214570648));
#8236=CARTESIAN_POINT('',(-5.30580437019366,23.5017214570648));
#8237=CARTESIAN_POINT('',(-12.7118055591396,18.9807231944558));
#8238=CARTESIAN_POINT('',(-10.6212763677522,20.3735509346848));
#8239=CARTESIAN_POINT('',(-8.53074717636582,21.7663786749158));
#8240=CARTESIAN_POINT('',(-6.440217984981,23.1592064151448));
#8241=CARTESIAN_POINT('',(-12.7118055591387,11.9999999999958));
#8242=CARTESIAN_POINT('',(-12.7118055591396,18.9807231944558));
#8243=CARTESIAN_POINT('',(-76.4706252307431,-269.741445375417,136.351958677423));
#8244=CARTESIAN_POINT('',(-75.7175417862632,-265.180290668186,136.351958677422));
#8245=CARTESIAN_POINT('',(-12.7118055591387,11.9999999999958));
#8246=CARTESIAN_POINT('',(-8.08889879632746,11.9999999999948));
#8247=CARTESIAN_POINT('',(-75.7175417862632,-265.180290668186,136.351958677422));
#8248=CARTESIAN_POINT('',(-75.7175417862632,-265.180290668186,112.351958677422));
#8249=CARTESIAN_POINT('',(-8.08889879632746,11.9999999999948));
#8250=CARTESIAN_POINT('',(-8.08889879632747,-12.0000000000052));
#8251=CARTESIAN_POINT('',(-2.72116384055201,1.74259189443401));
#8252=CARTESIAN_POINT('',(-4.35701287159151,2.25370637618401));
#8253=CARTESIAN_POINT('',(-5.8744755513984,3.062722596615));
#8254=CARTESIAN_POINT('',(-7.20068288875612,4.12033971963501));
#8255=CARTESIAN_POINT('',(-2.01283942060136,1.47115594330401));
#8256=CARTESIAN_POINT('',(-2.24299990886976,1.576449658615));
#8257=CARTESIAN_POINT('',(-2.4795802258098,1.667107133504));
#8258=CARTESIAN_POINT('',(-2.72116384055201,1.74259189443401));
#8259=CARTESIAN_POINT('',(0.993540895969847,0.0650416039550095));
#8260=CARTESIAN_POINT('',(0.0484682449277898,0.646630776894014));
#8261=CARTESIAN_POINT('',(-0.980285029591641,1.076607196175));
#8262=CARTESIAN_POINT('',(-2.01283942060136,1.47115594330401));
#8263=CARTESIAN_POINT('',(7.20068288875553,-4.12033971963498));
#8264=CARTESIAN_POINT('',(5.1316354152334,-2.72521284281599));
#8265=CARTESIAN_POINT('',(3.06258794171112,-1.33008596598499));
#8266=CARTESIAN_POINT('',(0.993540895969847,0.0650416039550095));
#8267=CARTESIAN_POINT('',(7.20068288875649,2.86038347481501));
#8268=CARTESIAN_POINT('',(7.20068288875553,-4.12033971963498));
#8269=CARTESIAN_POINT('',(-76.4706252307431,-269.741445375417,112.351958677423));
#8270=CARTESIAN_POINT('',(-77.2508215943631,-284.121661990333,113.611914922243));
#8271=CARTESIAN_POINT('',(7.20068288875649,2.86038347481501));
#8272=CARTESIAN_POINT('',(-7.20068288875612,4.12033971963501));
#8273=CARTESIAN_POINT('',(-77.4691566781729,-269.687270210667,135.348138839883));
#8274=CARTESIAN_POINT('',(-80.4723991763331,-325.04163955163,130.498136562652));
#8275=CARTESIAN_POINT('',(30.0000004917399,10.9961801624555));
#8276=CARTESIAN_POINT('',(-25.4357792054782,6.14617788522452));
#8277=CARTESIAN_POINT('',(-80.4723991763331,-325.04163955163,130.498136562652));
#8278=CARTESIAN_POINT('',(-80.7196666164731,-329.599158039029,130.098818942277));
#8279=CARTESIAN_POINT('',(-80.7196666164731,-329.59915803903,125.517163072193));
#8280=CARTESIAN_POINT('',(-25.4357792054782,6.14617788522452));
#8281=CARTESIAN_POINT('',(-30.0000004917366,5.74686026484972));
#8282=CARTESIAN_POINT('',(-30.0000004917379,1.16520439476551));
#8283=CARTESIAN_POINT('',(-80.7196666164731,-329.59915803903,125.517163072193));
#8284=CARTESIAN_POINT('',(-80.7196666164731,-329.59915803903,123.186754282652));
#8285=CARTESIAN_POINT('',(-30.0000004917379,1.16520439476551));
#8286=CARTESIAN_POINT('',(-30.0000004917379,-1.16520439477549));
#8287=CARTESIAN_POINT('',(-80.7196666164731,-329.59915803903,123.186754282652));
#8288=CARTESIAN_POINT('',(-80.7196666164733,-329.599158039031,118.605098412565));
#8289=CARTESIAN_POINT('',(-80.4723991763331,-325.04163955163,118.205780792192));
#8290=CARTESIAN_POINT('',(-30.0000004917379,-1.16520439477549));
#8291=CARTESIAN_POINT('',(-30.0000004917393,-5.74686026486215));
#8292=CARTESIAN_POINT('',(-25.4357792054782,-6.14617788523549));
#8293=CARTESIAN_POINT('',(-80.4723991763331,-325.04163955163,118.205780792192));
#8294=CARTESIAN_POINT('',(-77.4691566781729,-269.687270210667,113.355778514972));
#8295=CARTESIAN_POINT('',(-25.4357792054782,-6.14617788523549));
#8296=CARTESIAN_POINT('',(30.0000004917399,-10.9961801624555));
#8297=CARTESIAN_POINT('',(-77.4691566781729,-269.687270210667,113.355778514972));
#8298=CARTESIAN_POINT('',(-77.4691566781729,-269.687270210667,135.348138839883));
#8299=CARTESIAN_POINT('',(30.0000004917399,-10.9961801624555));
#8300=CARTESIAN_POINT('',(30.0000004917399,10.9961801624555));
#8301=CARTESIAN_POINT('',(-76.4706252307431,-269.741445375417,136.351958677423));
#8302=CARTESIAN_POINT('',(-77.4691566781729,-269.687270210667,135.348138839883));
#8303=CARTESIAN_POINT('',(0.500000000005753,-12.0000000000005));
#8304=CARTESIAN_POINT('',(1.49999999999682,-10.9961801624605));
#8305=CARTESIAN_POINT('',(1.49999999999682,10.9961801624505));
#8306=CARTESIAN_POINT('',(1.49999999999682,-10.9961801624605));
#8307=CARTESIAN_POINT('',(-77.4691566781729,-269.687270210667,113.355778514972));
#8308=CARTESIAN_POINT('',(-76.4706252307431,-269.741445375417,112.351958677423));
#8309=CARTESIAN_POINT('',(1.49999999999682,10.9961801624505));
#8310=CARTESIAN_POINT('',(0.500000000005753,11.9999999999995));
#8311=CARTESIAN_POINT('',(-76.4706252307431,-269.741445375417,112.351958677423));
#8312=CARTESIAN_POINT('',(-74.4735623358629,-269.849795704918,112.351958677422));
#8313=CARTESIAN_POINT('',(0.500000000005753,11.9999999999995));
#8314=CARTESIAN_POINT('',(-1.49999999999681,12.0000000000005));
#8315=CARTESIAN_POINT('',(-74.4735623358629,-269.849795704918,112.351958677422));
#8316=CARTESIAN_POINT('',(-74.4735623358629,-269.849795704918,136.351958677422));
#8317=CARTESIAN_POINT('',(-1.49999999999681,12.0000000000005));
#8318=CARTESIAN_POINT('',(-1.49999999999681,-11.9999999999995));
#8319=CARTESIAN_POINT('',(-74.4735623358629,-269.849795704918,136.351958677422));
#8320=CARTESIAN_POINT('',(-76.4706252307431,-269.741445375417,136.351958677423));
#8321=CARTESIAN_POINT('',(-1.49999999999681,-11.9999999999995));
#8322=CARTESIAN_POINT('',(0.500000000005753,-12.0000000000005));
#8323=CARTESIAN_POINT('',(-75.7175417862632,-265.180290668186,112.351958677422));
#8324=CARTESIAN_POINT('',(-74.2715812258437,-266.126973798026,112.351958677422));
#8325=CARTESIAN_POINT('',(-74.3652120063632,-267.852732810041,112.351958677422));
#8326=CARTESIAN_POINT('',(0.346438557969801,2.33475251836597));
#8327=CARTESIAN_POINT('',(-1.09952200244968,1.38806938852608));
#8328=CARTESIAN_POINT('',(-1.00589122193021,-0.337689623489041));
#8329=CARTESIAN_POINT('',(-74.3652120063632,-267.852732810041,112.351958677422));
#8330=CARTESIAN_POINT('',(-74.4735623358629,-269.849795704918,112.351958677422));
#8331=CARTESIAN_POINT('',(-1.00589122193021,-0.337689623489041));
#8332=CARTESIAN_POINT('',(-0.897540892430499,-2.33475251836603));
#8333=CARTESIAN_POINT('',(1.0995220024497,-2.22640218886505));
#8334=CARTESIAN_POINT('',(-0.897540892430499,-2.33475251836603));
#8335=CARTESIAN_POINT('',(0.346438557969801,2.33475251836597));
#8336=CARTESIAN_POINT('',(1.0995220024497,-2.22640218886505));
#8337=CARTESIAN_POINT('',(-86.2244444112229,-330.30196790832,125.517163072193));
#8338=CARTESIAN_POINT('',(-86.607984625283,-330.28115899505,126.060368570453));
#8339=CARTESIAN_POINT('',(-87.0218847081329,-330.18103495882,126.651708655612));
#8340=CARTESIAN_POINT('',(-87.791302011643,-329.79523737312,127.805930896443));
#8341=CARTESIAN_POINT('',(-88.146176236753,-329.50924631623,128.369135419642));
#8342=CARTESIAN_POINT('',(-88.6071872272633,-328.92285305306,129.202856020882));
#8343=CARTESIAN_POINT('',(-88.782964860413,-328.62166834478,129.556949051262));
#8344=CARTESIAN_POINT('',(-88.9694367128431,-328.07512833971,130.063148176263));
#8345=CARTESIAN_POINT('',(-89.0187676294331,-327.8603039311,130.237825926123));
#8346=CARTESIAN_POINT('',(-89.0434740011731,-327.63853208226,130.395438893143));
#8347=CARTESIAN_POINT('',(3.08204359242773,8.53738065363399));
#8348=CARTESIAN_POINT('',(2.85867393783313,9.40921697344403));
#8349=CARTESIAN_POINT('',(2.66064606351231,10.2871526514725));
#8350=CARTESIAN_POINT('',(2.43763821752777,11.1590742359204));
#8351=CARTESIAN_POINT('',(2.26218561002047,11.8450631743719));
#8352=CARTESIAN_POINT('',(2.0144710372671,12.772579072901));
#8353=CARTESIAN_POINT('',(1.69138038680241,13.415656474584));
#8354=CARTESIAN_POINT('',(-89.0434740011731,-327.63853208226,130.395438893143));
#8355=CARTESIAN_POINT('',(-89.0434740011731,-327.63853208226,118.308478461703));
#8356=CARTESIAN_POINT('',(1.69138038680241,13.415656474584));
#8357=CARTESIAN_POINT('',(1.69138038680241,1.32869604314399));
#8358=CARTESIAN_POINT('',(-89.0434740011731,-327.63853208226,118.308478461703));
#8359=CARTESIAN_POINT('',(-89.0187676294331,-327.8603039311,118.466091428723));
#8360=CARTESIAN_POINT('',(-88.9694367128431,-328.07512833971,118.640769178582));
#8361=CARTESIAN_POINT('',(-88.782964860413,-328.62166834478,119.146968303583));
#8362=CARTESIAN_POINT('',(-88.6071872272633,-328.92285305306,119.501061333973));
#8363=CARTESIAN_POINT('',(-88.146176236753,-329.50924631623,120.334781935203));
#8364=CARTESIAN_POINT('',(-87.791302011643,-329.79523737312,120.897986458402));
#8365=CARTESIAN_POINT('',(-87.0218847081329,-330.18103495882,122.052208699242));
#8366=CARTESIAN_POINT('',(-86.607984625283,-330.28115899505,122.643548784392));
#8367=CARTESIAN_POINT('',(-86.2244444112229,-330.30196790832,123.186754282652));
#8368=CARTESIAN_POINT('',(1.69138038680241,1.32869604314399));
#8369=CARTESIAN_POINT('',(2.0144710372612,1.97177344481557));
#8370=CARTESIAN_POINT('',(2.26218561002335,2.89928934336879));
#8371=CARTESIAN_POINT('',(2.43763821752774,3.58527828180798));
#8372=CARTESIAN_POINT('',(2.66064606351246,4.45719986625542));
#8373=CARTESIAN_POINT('',(2.85867393783323,5.3351355442834));
#8374=CARTESIAN_POINT('',(3.08204359242773,6.206971864093));
#8375=CARTESIAN_POINT('',(-86.2244444112229,-330.30196790832,123.186754282652));
#8376=CARTESIAN_POINT('',(-86.2244444112229,-330.30196790832,125.517163072193));
#8377=CARTESIAN_POINT('',(3.08204359242773,6.206971864093));
#8378=CARTESIAN_POINT('',(3.08204359242773,8.53738065363399));
#8379=CARTESIAN_POINT('',(-92.562018353923,-296.055016108849,133.976931772372));
#8380=CARTESIAN_POINT('',(-92.562018353923,-296.05501610885,114.726985582483));
#8381=CARTESIAN_POINT('',(-15.8894511831354,9.6249730949445));
#8382=CARTESIAN_POINT('',(-15.8894511831344,-9.62497309494452));
#8383=CARTESIAN_POINT('',(-92.562018353923,-296.05501610885,114.726985582483));
#8384=CARTESIAN_POINT('',(-89.3768762937231,-324.64581248667,117.209586094102));
#8385=CARTESIAN_POINT('',(-15.8894511831344,-9.62497309494452));
#8386=CARTESIAN_POINT('',(12.8782176042669,-7.14237258332553));
#8387=CARTESIAN_POINT('',(-89.3768762937231,-324.64581248667,117.209586094102));
#8388=CARTESIAN_POINT('',(-89.1933000553531,-326.29364820379,117.352671223333));
#8389=CARTESIAN_POINT('',(-89.0434740011731,-327.63853208226,118.308478461703));
#8390=CARTESIAN_POINT('',(12.8782176042669,-7.14237258332553));
#8391=CARTESIAN_POINT('',(14.5362473946839,-6.99928745409448));
#8392=CARTESIAN_POINT('',(15.8894511831355,-6.04348021572452));
#8393=CARTESIAN_POINT('',(15.8894511831355,6.04348021571547));
#8394=CARTESIAN_POINT('',(15.8894511831355,-6.04348021572452));
#8395=CARTESIAN_POINT('',(-89.0434740011731,-327.63853208226,130.395438893143));
#8396=CARTESIAN_POINT('',(-89.1933000553528,-326.29364820379,131.351246131521));
#8397=CARTESIAN_POINT('',(-89.3768762937231,-324.64581248667,131.494331260743));
#8398=CARTESIAN_POINT('',(15.8894511831355,6.04348021571547));
#8399=CARTESIAN_POINT('',(14.5362473946839,6.99928745409349));
#8400=CARTESIAN_POINT('',(12.8782176042669,7.14237258331547));
#8401=CARTESIAN_POINT('',(-89.3768762937231,-324.64581248667,131.494331260743));
#8402=CARTESIAN_POINT('',(-92.562018353923,-296.055016108849,133.976931772372));
#8403=CARTESIAN_POINT('',(12.8782176042669,7.14237258331547));
#8404=CARTESIAN_POINT('',(-15.8894511831354,9.6249730949445));
#8405=CARTESIAN_POINT('',(5.6935125196664,26.52));
#8406=CARTESIAN_POINT('',(5.69351251966632,2.52000000000003));
#8407=CARTESIAN_POINT('',(-75.7175417862632,-265.180290668186,136.351958677422));
#8408=CARTESIAN_POINT('',(-74.2715812258434,-266.126973798026,136.351958677422));
#8409=CARTESIAN_POINT('',(-74.3652120063632,-267.852732810041,136.351958677422));
#8410=CARTESIAN_POINT('',(5.6935125196664,26.52));
#8411=CARTESIAN_POINT('',(4.65283991922203,26.52));
#8412=CARTESIAN_POINT('',(-74.3652120063632,-267.852732810041,136.351958677422));
#8413=CARTESIAN_POINT('',(-74.3652120063632,-267.852732810041,112.351958677422));
#8414=CARTESIAN_POINT('',(4.65283991922203,26.52));
#8415=CARTESIAN_POINT('',(4.65283991922204,2.52));
#8416=CARTESIAN_POINT('',(5.69351251966632,2.52000000000003));
#8417=CARTESIAN_POINT('',(4.65283991922204,2.52));
#8418=CARTESIAN_POINT('',(0.999999999999736,-12.));
#8419=CARTESIAN_POINT('',(-0.999999999999553,-12.));
#8420=CARTESIAN_POINT('',(0.999999999999651,12.));
#8421=CARTESIAN_POINT('',(0.999999999999736,-12.));
#8422=CARTESIAN_POINT('',(-74.3652120063632,-267.852732810041,136.351958677422));
#8423=CARTESIAN_POINT('',(-74.4735623358629,-269.849795704918,136.351958677422));
#8424=CARTESIAN_POINT('',(0.999999999999651,12.));
#8425=CARTESIAN_POINT('',(-0.999999999999639,12.));
#8426=CARTESIAN_POINT('',(-0.999999999999553,-12.));
#8427=CARTESIAN_POINT('',(-0.999999999999639,12.));
#8428=CARTESIAN_POINT('',(-1.09952200244992,-2.22640218886504));
#8429=CARTESIAN_POINT('',(-0.346438557969991,2.33475251836598));
#8430=CARTESIAN_POINT('',(0.897540892430276,-2.33475251836604));
#8431=CARTESIAN_POINT('',(-1.09952200244992,-2.22640218886504));
#8432=CARTESIAN_POINT('',(1.00589122193,-0.337689623489048));
#8433=CARTESIAN_POINT('',(0.897540892430276,-2.33475251836604));
#8434=CARTESIAN_POINT('',(-0.346438557969991,2.33475251836598));
#8435=CARTESIAN_POINT('',(1.09952200244972,1.38806938852619));
#8436=CARTESIAN_POINT('',(1.00589122193,-0.337689623489048));
#8437=CARTESIAN_POINT('',(-2.07088868616196,-27.7552526643685));
#8438=CARTESIAN_POINT('',(-3.48676923658791,-27.7010628759895));
#8439=CARTESIAN_POINT('',(3.48676923658788,27.6140586112942));
#8440=CARTESIAN_POINT('',(-2.07088868616196,-27.7552526643685));
#8441=CARTESIAN_POINT('',(-80.4723991763331,-325.04163955163,118.205780792192));
#8442=CARTESIAN_POINT('',(-79.478589405623,-325.18284246634,117.209586094103));
#8443=CARTESIAN_POINT('',(3.48676923658788,27.6140586112942));
#8444=CARTESIAN_POINT('',(2.07962639684405,27.755299641238));
#8445=CARTESIAN_POINT('',(-79.478589405623,-325.18284246634,117.209586094103));
#8446=CARTESIAN_POINT('',(-77.2508215943631,-284.121661990333,113.611914922243));
#8447=CARTESIAN_POINT('',(2.07962639684405,27.755299641238));
#8448=CARTESIAN_POINT('',(-2.04297490287994,-13.3169645754868));
#8449=CARTESIAN_POINT('',(-3.48676923658791,-27.7010628759895));
#8450=CARTESIAN_POINT('',(-2.04297490287994,-13.3169645754868));
#8451=CARTESIAN_POINT('',(-79.7753103337832,-330.65186465122,123.186754282652));
#8452=CARTESIAN_POINT('',(-79.7753103337881,-330.651864651218,117.688767238552));
#8453=CARTESIAN_POINT('',(-79.478589405623,-325.18284246634,117.209586094103));
#8454=CARTESIAN_POINT('',(8.48528137424055,3.14159265358979));
#8455=CARTESIAN_POINT('',(8.48528137423746,4.61712165646586));
#8456=CARTESIAN_POINT('',(7.071067811871,4.61712165646597));
#8457=CARTESIAN_POINT('',(8.48528137423746,4.61712165646586));
#8458=CARTESIAN_POINT('',(7.07106781186713,3.14159265358979));
#8459=CARTESIAN_POINT('',(7.071067811871,4.61712165646597));
#8460=CARTESIAN_POINT('',(-80.7196666164731,-329.59915803903,123.186754282652));
#8461=CARTESIAN_POINT('',(-79.7753103337832,-330.65186465122,123.186754282652));
#8462=CARTESIAN_POINT('',(7.07106781186713,3.14159265358979));
#8463=CARTESIAN_POINT('',(8.48528137424055,3.14159265358979));
#8464=CARTESIAN_POINT('',(-80.7196666164731,-329.59915803903,125.517163072193));
#8465=CARTESIAN_POINT('',(-79.7753103337832,-330.65186465122,125.517163072193));
#8466=CARTESIAN_POINT('',(0.707106781187286,1.16520439477051));
#8467=CARTESIAN_POINT('',(-0.707106781187467,1.16520439477051));
#8468=CARTESIAN_POINT('',(-79.7753103337832,-330.65186465122,125.517163072193));
#8469=CARTESIAN_POINT('',(-79.7753103337832,-330.65186465122,123.186754282652));
#8470=CARTESIAN_POINT('',(-0.707106781187467,1.16520439477051));
#8471=CARTESIAN_POINT('',(-0.707106781187475,-1.16520439477048));
#8472=CARTESIAN_POINT('',(0.707106781187277,-1.16520439477049));
#8473=CARTESIAN_POINT('',(-0.707106781187475,-1.16520439477048));
#8474=CARTESIAN_POINT('',(0.707106781187286,1.16520439477051));
#8475=CARTESIAN_POINT('',(0.707106781187277,-1.16520439477049));
#8476=CARTESIAN_POINT('',(-79.478589405623,-325.18284246634,131.494331260743));
#8477=CARTESIAN_POINT('',(-79.7753103337837,-330.651864651226,131.0151501163));
#8478=CARTESIAN_POINT('',(-79.7753103337832,-330.65186465122,125.517163072193));
#8479=CARTESIAN_POINT('',(8.4852813742336,3.14159265359007));
#8480=CARTESIAN_POINT('',(8.48528137424803,4.61712165646641));
#8481=CARTESIAN_POINT('',(7.07106781187331,4.61712165646641));
#8482=CARTESIAN_POINT('',(8.48528137424803,4.61712165646641));
#8483=CARTESIAN_POINT('',(7.07106781186652,3.14159265359001));
#8484=CARTESIAN_POINT('',(7.07106781187331,4.61712165646641));
#8485=CARTESIAN_POINT('',(-80.4723991763331,-325.04163955163,130.498136562652));
#8486=CARTESIAN_POINT('',(-79.478589405623,-325.18284246634,131.494331260743));
#8487=CARTESIAN_POINT('',(7.07106781186652,3.14159265359001));
#8488=CARTESIAN_POINT('',(8.4852813742336,3.14159265359007));
#8489=CARTESIAN_POINT('',(3.48676923658869,-27.7010628759896));
#8490=CARTESIAN_POINT('',(2.07088868616914,-27.7552526643687));
#8491=CARTESIAN_POINT('',(2.04297490280216,-13.3169645747296));
#8492=CARTESIAN_POINT('',(3.48676923658869,-27.7010628759896));
#8493=CARTESIAN_POINT('',(-77.250821594403,-284.12166199109,135.092002432532));
#8494=CARTESIAN_POINT('',(-79.478589405623,-325.18284246634,131.494331260743));
#8495=CARTESIAN_POINT('',(2.04297490280216,-13.3169645747296));
#8496=CARTESIAN_POINT('',(-2.07962639684332,27.7552996412379));
#8497=CARTESIAN_POINT('',(-3.48676923658856,27.6140586112942));
#8498=CARTESIAN_POINT('',(-2.07962639684332,27.7552996412379));
#8499=CARTESIAN_POINT('',(2.07088868616914,-27.7552526643687));
#8500=CARTESIAN_POINT('',(-3.48676923658856,27.6140586112942));
#8501=CARTESIAN_POINT('',(-89.3768762937231,-324.64581248667,117.209586094102));
#8502=CARTESIAN_POINT('',(-79.478589405623,-325.18284246634,117.209586094103));
#8503=CARTESIAN_POINT('',(4.61712165646777,1.14723775336802));
#8504=CARTESIAN_POINT('',(4.61712165646623,11.0600821745318));
#8505=CARTESIAN_POINT('',(3.14159265358979,11.0600821745402));
#8506=CARTESIAN_POINT('',(4.61712165646623,11.0600821745318));
#8507=CARTESIAN_POINT('',(-79.7753103337832,-330.65186465122,123.186754282652));
#8508=CARTESIAN_POINT('',(-86.2244444112229,-330.30196790832,123.186754282652));
#8509=CARTESIAN_POINT('',(3.14159265358979,11.0600821745402));
#8510=CARTESIAN_POINT('',(3.14159265358979,4.601463275775));
#8511=CARTESIAN_POINT('',(4.08279033659097,1.64228150427033));
#8512=CARTESIAN_POINT('',(4.05835298685689,1.66309817841475));
#8513=CARTESIAN_POINT('',(4.03838852290698,1.68698713460114));
#8514=CARTESIAN_POINT('',(4.01957500037235,1.71269277830383));
#8515=CARTESIAN_POINT('',(4.01690494432053,1.71634097918742));
#8516=CARTESIAN_POINT('',(4.01427489121782,1.72001693262019));
#8517=CARTESIAN_POINT('',(4.01168032659736,1.72371916481864));
#8518=CARTESIAN_POINT('',(4.00901338545775,1.72752467240962));
#8519=CARTESIAN_POINT('',(4.00638527849408,1.73135605022373));
#8520=CARTESIAN_POINT('',(4.00379179885248,1.73521196459668));
#8521=CARTESIAN_POINT('',(3.99839461618115,1.74323634770811));
#8522=CARTESIAN_POINT('',(3.99315367205116,1.75135648682905));
#8523=CARTESIAN_POINT('',(3.98803861647761,1.75956317258891));
#8524=CARTESIAN_POINT('',(3.97702784861948,1.77722904356277));
#8525=CARTESIAN_POINT('',(3.96663643840943,1.79522396548374));
#8526=CARTESIAN_POINT('',(3.95666561504226,1.81349260284256));
#8527=CARTESIAN_POINT('',(3.9084986901345,1.90174450054709));
#8528=CARTESIAN_POINT('',(3.87021332473353,1.9935760150405));
#8529=CARTESIAN_POINT('',(3.83431856221971,2.08713479317726));
#8530=CARTESIAN_POINT('',(3.74500814507908,2.31992010550087));
#8531=CARTESIAN_POINT('',(3.67526460913198,2.55789422130088));
#8532=CARTESIAN_POINT('',(3.60820604930381,2.79748553413659));
#8533=CARTESIAN_POINT('',(3.52611617395433,3.09078173757278));
#8534=CARTESIAN_POINT('',(3.45097059345357,3.38580597608577));
#8535=CARTESIAN_POINT('',(3.37627335433971,3.68101398797324));
#8536=CARTESIAN_POINT('',(3.29860278081487,3.98797279748793));
#8537=CARTESIAN_POINT('',(3.22178741049314,4.29514186846307));
#8538=CARTESIAN_POINT('',(3.14159265358979,4.601463275775));
#8539=CARTESIAN_POINT('',(4.61712165646777,1.14723775336802));
#8540=CARTESIAN_POINT('',(4.43913379753987,1.31238474493748));
#8541=CARTESIAN_POINT('',(4.2679445179378,1.48456005326196));
#8542=CARTESIAN_POINT('',(4.08279033659097,1.64228150427033));
#8543=CARTESIAN_POINT('',(-3.22930944938261,1.16520439477051));
#8544=CARTESIAN_POINT('',(3.22930944938261,1.16520439477051));
#8545=CARTESIAN_POINT('',(-3.22930944938261,-1.16520439477048));
#8546=CARTESIAN_POINT('',(-3.22930944938261,1.16520439477051));
#8547=CARTESIAN_POINT('',(-79.7753103337832,-330.65186465122,125.517163072193));
#8548=CARTESIAN_POINT('',(-86.2244444112229,-330.30196790832,125.517163072193));
#8549=CARTESIAN_POINT('',(-3.22930944938261,-1.16520439477048));
#8550=CARTESIAN_POINT('',(3.22930944938261,-1.16520439477048));
#8551=CARTESIAN_POINT('',(3.22930944938261,1.16520439477051));
#8552=CARTESIAN_POINT('',(3.22930944938261,-1.16520439477048));
#8553=CARTESIAN_POINT('',(3.14159265358979,11.0600821745404));
#8554=CARTESIAN_POINT('',(3.14159265358979,4.60146327577516));
#8555=CARTESIAN_POINT('',(1.66606365071352,11.0600821745319));
#8556=CARTESIAN_POINT('',(3.14159265358979,11.0600821745404));
#8557=CARTESIAN_POINT('',(-79.478589405623,-325.18284246634,131.494331260743));
#8558=CARTESIAN_POINT('',(-89.3768762937231,-324.64581248667,131.494331260743));
#8559=CARTESIAN_POINT('',(1.66606365071352,11.0600821745319));
#8560=CARTESIAN_POINT('',(1.66606365071201,1.1472377533681));
#8561=CARTESIAN_POINT('',(2.20039497058864,1.64228150427045));
#8562=CARTESIAN_POINT('',(2.0152407892415,1.48456005326242));
#8563=CARTESIAN_POINT('',(1.84405150963974,1.31238474493769));
#8564=CARTESIAN_POINT('',(1.66606365071201,1.1472377533681));
#8565=CARTESIAN_POINT('',(3.14159265358979,4.60146327577516));
#8566=CARTESIAN_POINT('',(3.06139789668644,4.29514186846316));
#8567=CARTESIAN_POINT('',(2.98458252636383,3.98797279748816));
#8568=CARTESIAN_POINT('',(2.90691195283896,3.68101398797341));
#8569=CARTESIAN_POINT('',(2.83221471371351,3.38580597604025));
#8570=CARTESIAN_POINT('',(2.75706913270639,3.09078173761191));
#8571=CARTESIAN_POINT('',(2.67497925735334,2.79748553413675));
#8572=CARTESIAN_POINT('',(2.60792069754801,2.55789422136122));
#8573=CARTESIAN_POINT('',(2.53817716208733,2.31992010546971));
#8574=CARTESIAN_POINT('',(2.44886674495936,2.08713479317741));
#8575=CARTESIAN_POINT('',(2.4129719824458,1.99357601504064));
#8576=CARTESIAN_POINT('',(2.37468661704519,1.90174450054718));
#8577=CARTESIAN_POINT('',(2.32651969213746,1.81349260284268));
#8578=CARTESIAN_POINT('',(2.31654886877029,1.79522396548386));
#8579=CARTESIAN_POINT('',(2.30615745856022,1.7772290435629));
#8580=CARTESIAN_POINT('',(2.29514669070209,1.75956317258903));
#8581=CARTESIAN_POINT('',(2.29003163512854,1.75135648682917));
#8582=CARTESIAN_POINT('',(2.28479069099853,1.74323634770824));
#8583=CARTESIAN_POINT('',(2.2793935083272,1.73521196459681));
#8584=CARTESIAN_POINT('',(2.2768000286856,1.73135605022385));
#8585=CARTESIAN_POINT('',(2.27417192172194,1.72752467240974));
#8586=CARTESIAN_POINT('',(2.27150498058232,1.72371916481875));
#8587=CARTESIAN_POINT('',(2.27019870677655,1.7218552185884));
#8588=CARTESIAN_POINT('',(2.26888334028992,1.7199978185821));
#8589=CARTESIAN_POINT('',(2.26755832691666,1.71814714441355));
#8590=CARTESIAN_POINT('',(2.26625172115391,1.71632218054344));
#8591=CARTESIAN_POINT('',(2.26493590584628,1.71450399555611));
#8592=CARTESIAN_POINT('',(2.26361030680729,1.71269277830394));
#8593=CARTESIAN_POINT('',(2.24479678427265,1.68698713460126));
#8594=CARTESIAN_POINT('',(2.22483232032272,1.66309817841487));
#8595=CARTESIAN_POINT('',(2.20039497058864,1.64228150427045));
#8596=CARTESIAN_POINT('',(16.096980134026,9.62497309495004));
#8597=CARTESIAN_POINT('',(16.096980134027,-9.62497309493898));
#8598=CARTESIAN_POINT('',(-92.562018353923,-296.055016108849,133.976931772372));
#8599=CARTESIAN_POINT('',(-92.562018353923,-292.110896667193,134.321490763933));
#8600=CARTESIAN_POINT('',(-92.5620183539231,-288.166777225537,134.666049755493));
#8601=CARTESIAN_POINT('',(-92.5620183539231,-284.222657783882,135.010608747053));
#8602=CARTESIAN_POINT('',(16.096980134026,9.62497309495004));
#8603=CARTESIAN_POINT('',(12.15286069237,9.96953208651104));
#8604=CARTESIAN_POINT('',(8.20874125071401,10.314091078071));
#8605=CARTESIAN_POINT('',(4.26462180905907,10.658650069631));
#8606=CARTESIAN_POINT('',(-11.08962657213,12.));
#8607=CARTESIAN_POINT('',(-5.97154377839996,11.552883356551));
#8608=CARTESIAN_POINT('',(-0.853460984669937,11.105766713091));
#8609=CARTESIAN_POINT('',(4.26462180905907,10.658650069631));
#8610=CARTESIAN_POINT('',(-16.0969801340279,12.));
#8611=CARTESIAN_POINT('',(-11.08962657213,12.));
#8612=CARTESIAN_POINT('',(-16.0969801340279,-12.));
#8613=CARTESIAN_POINT('',(-16.0969801340279,12.));
#8614=CARTESIAN_POINT('',(-11.08962657213,-12.));
#8615=CARTESIAN_POINT('',(-16.0969801340279,-12.));
#8616=CARTESIAN_POINT('',(4.26462180820903,-10.658650069709));
#8617=CARTESIAN_POINT('',(-0.853460985237973,-11.105766713139));
#8618=CARTESIAN_POINT('',(-5.97154377868395,-11.55288335657));
#8619=CARTESIAN_POINT('',(-11.08962657213,-12.));
#8620=CARTESIAN_POINT('',(-92.5620183539231,-284.222657783032,113.693308607713));
#8621=CARTESIAN_POINT('',(-92.5620183539231,-288.166777224971,114.037867599303));
#8622=CARTESIAN_POINT('',(-92.562018353923,-292.11089666691,114.382426590893));
#8623=CARTESIAN_POINT('',(-92.562018353923,-296.05501610885,114.726985582483));
#8624=CARTESIAN_POINT('',(4.26462180820903,-10.658650069709));
#8625=CARTESIAN_POINT('',(8.20874125014802,-10.314091078119));
#8626=CARTESIAN_POINT('',(12.152860692087,-9.96953208652897));
#8627=CARTESIAN_POINT('',(16.096980134027,-9.62497309493898));
#8628=CARTESIAN_POINT('',(20.6092434922806,-5.42774523006626));
#8629=CARTESIAN_POINT('',(-20.6092434922806,-7.65553787492669));
#8630=CARTESIAN_POINT('',(20.0742511101618,4.47065199722632));
#8631=CARTESIAN_POINT('',(20.6092434922806,-5.42774523006626));
#8632=CARTESIAN_POINT('',(-8.6241236980977,7.65582956316646));
#8633=CARTESIAN_POINT('',(20.0742511101618,4.47065199722632));
#8634=CARTESIAN_POINT('',(-20.5015473092486,7.65582956316642));
#8635=CARTESIAN_POINT('',(-16.5424061055319,7.65582956316645));
#8636=CARTESIAN_POINT('',(-12.5832649018153,7.65582956316646));
#8637=CARTESIAN_POINT('',(-8.6241236980977,7.65582956316646));
#8638=CARTESIAN_POINT('',(-20.6092434922806,-7.65553787492669));
#8639=CARTESIAN_POINT('',(-20.5729904586601,-2.55175177246623));
#8640=CARTESIAN_POINT('',(-20.5370960378392,2.55203768117148));
#8641=CARTESIAN_POINT('',(-20.5015473092486,7.65582956316642));
#8642=CARTESIAN_POINT('',(8.62412369847935,7.65582956314639));
#8643=CARTESIAN_POINT('',(12.5832649019115,7.6558295631464));
#8644=CARTESIAN_POINT('',(16.5424061053436,7.65582956314641));
#8645=CARTESIAN_POINT('',(20.5015473087747,7.65582956314643));
#8646=CARTESIAN_POINT('',(-20.074251109782,4.4706519972063));
#8647=CARTESIAN_POINT('',(8.62412369847935,7.65582956314639));
#8648=CARTESIAN_POINT('',(-20.6092434919007,-5.42774523008629));
#8649=CARTESIAN_POINT('',(-20.074251109782,4.4706519972063));
#8650=CARTESIAN_POINT('',(20.6092434919002,-7.6555378749067));
#8651=CARTESIAN_POINT('',(-20.6092434919007,-5.42774523008629));
#8652=CARTESIAN_POINT('',(20.5015473087747,7.65582956314643));
#8653=CARTESIAN_POINT('',(20.5370960383599,2.55203766073132));
#8654=CARTESIAN_POINT('',(20.572990459178,-2.5517517921466));
#8655=CARTESIAN_POINT('',(20.6092434919002,-7.6555378749067));
#8656=CARTESIAN_POINT('',(-87.3053587480331,-238.20021972011,142.551958677422));
#8657=CARTESIAN_POINT('',(-87.3053587480331,-238.20021972011,146.051958677422));
#8658=CARTESIAN_POINT('',(2.17298367566128,3.2004314413243));
#8659=CARTESIAN_POINT('',(0.869999999999977,3.20043144132431));
#8660=CARTESIAN_POINT('',(-87.3053587480331,-238.20021972011,146.051958677422));
#8661=CARTESIAN_POINT('',(-88.8032086925084,-238.119935575765,146.051958677422));
#8662=CARTESIAN_POINT('',(-88.8834928368533,-239.617785520241,146.051958677422));
#8663=CARTESIAN_POINT('',(-88.9637769811982,-241.115635464716,146.051958677422));
#8664=CARTESIAN_POINT('',(-87.4659270367229,-241.195919609061,146.051958677422));
#8665=CARTESIAN_POINT('',(0.869999999999977,3.20043144132431));
#8666=CARTESIAN_POINT('',(0.86999999999997,0.0588387877270261));
#8667=CARTESIAN_POINT('',(-87.4659270367229,-241.195919609061,146.051958677422));
#8668=CARTESIAN_POINT('',(-87.4659270367229,-241.195919609061,142.551958677422));
#8669=CARTESIAN_POINT('',(0.86999999999997,0.0588387877270261));
#8670=CARTESIAN_POINT('',(2.17298367566127,0.0588387877270221));
#8671=CARTESIAN_POINT('',(2.17298367566128,3.2004314413243));
#8672=CARTESIAN_POINT('',(2.17298367566127,0.0588387877270221));
#8673=CARTESIAN_POINT('',(0.870000000001083,3.20043144131678));
#8674=CARTESIAN_POINT('',(2.1729836756624,3.20043144131679));
#8675=CARTESIAN_POINT('',(-87.4659270367229,-241.195919609061,146.051958677422));
#8676=CARTESIAN_POINT('',(-85.9680770922479,-241.276203753405,146.051958677425));
#8677=CARTESIAN_POINT('',(-85.8877929479031,-239.77835380893,146.051958677425));
#8678=CARTESIAN_POINT('',(-85.8075088035582,-238.280503864455,146.051958677425));
#8679=CARTESIAN_POINT('',(-87.3053587480331,-238.20021972011,146.051958677422));
#8680=CARTESIAN_POINT('',(0.870000000001083,3.20043144131678));
#8681=CARTESIAN_POINT('',(0.870000000001096,0.0588387877345217));
#8682=CARTESIAN_POINT('',(2.1729836756624,0.0588387877345205));
#8683=CARTESIAN_POINT('',(0.870000000001096,0.0588387877345217));
#8684=CARTESIAN_POINT('',(2.1729836756624,3.20043144131679));
#8685=CARTESIAN_POINT('',(2.1729836756624,0.0588387877345205));
#8686=CARTESIAN_POINT('',(-77.4058825512529,-238.219481841294,142.551958677423));
#8687=CARTESIAN_POINT('',(-77.4058825512529,-238.219481841294,146.051958677422));
#8688=CARTESIAN_POINT('',(2.1729836756609,3.20043144131706));
#8689=CARTESIAN_POINT('',(0.869999999999972,3.20043144131706));
#8690=CARTESIAN_POINT('',(-77.4058825512529,-238.219481841294,146.051958677422));
#8691=CARTESIAN_POINT('',(-78.9037324957282,-238.13919769695,146.051958677422));
#8692=CARTESIAN_POINT('',(-78.9840166400733,-239.637047641425,146.051958677422));
#8693=CARTESIAN_POINT('',(-79.0643007844183,-241.1348975859,146.051958677422));
#8694=CARTESIAN_POINT('',(-77.5664508399431,-241.215181730246,146.051958677422));
#8695=CARTESIAN_POINT('',(0.869999999999972,3.20043144131706));
#8696=CARTESIAN_POINT('',(0.869999999999988,0.0588387877345012));
#8697=CARTESIAN_POINT('',(-77.5664508399431,-241.215181730246,146.051958677422));
#8698=CARTESIAN_POINT('',(-77.5664508399431,-241.215181730246,142.551958677422));
#8699=CARTESIAN_POINT('',(0.869999999999988,0.0588387877345012));
#8700=CARTESIAN_POINT('',(2.17298367566126,0.0588387877345043));
#8701=CARTESIAN_POINT('',(2.1729836756609,3.20043144131706));
#8702=CARTESIAN_POINT('',(2.17298367566126,0.0588387877345043));
#8703=CARTESIAN_POINT('',(0.869999999999996,3.20043144132431));
#8704=CARTESIAN_POINT('',(2.17298367566129,3.20043144132431));
#8705=CARTESIAN_POINT('',(-77.5664508399431,-241.215181730246,146.051958677422));
#8706=CARTESIAN_POINT('',(-76.0686008954677,-241.29546587459,146.051958677422));
#8707=CARTESIAN_POINT('',(-75.9883167511227,-239.797615930115,146.051958677422));
#8708=CARTESIAN_POINT('',(-75.9080326067776,-238.29976598564,146.051958677422));
#8709=CARTESIAN_POINT('',(-77.4058825512529,-238.219481841294,146.051958677422));
#8710=CARTESIAN_POINT('',(0.869999999999996,3.20043144132431));
#8711=CARTESIAN_POINT('',(0.869999999999965,0.058838787727279));
#8712=CARTESIAN_POINT('',(2.17298367566092,0.0588387877272738));
#8713=CARTESIAN_POINT('',(0.869999999999965,0.058838787727279));
#8714=CARTESIAN_POINT('',(2.17298367566129,3.20043144132431));
#8715=CARTESIAN_POINT('',(2.17298367566092,0.0588387877272738));
#8716=CARTESIAN_POINT('',(-87.3246208692231,-248.099695916893,142.551958677422));
#8717=CARTESIAN_POINT('',(-87.3246208692231,-248.099695916893,146.051958677422));
#8718=CARTESIAN_POINT('',(2.1729836756613,3.20043144131705));
#8719=CARTESIAN_POINT('',(0.869999999999983,3.20043144131704));
#8720=CARTESIAN_POINT('',(-87.3246208692231,-248.099695916893,146.051958677422));
#8721=CARTESIAN_POINT('',(-88.822470813704,-248.019411772548,146.051958677422));
#8722=CARTESIAN_POINT('',(-88.9027549580441,-249.517261717029,146.051958677422));
#8723=CARTESIAN_POINT('',(-88.9830391023843,-251.01511166151,146.051958677422));
#8724=CARTESIAN_POINT('',(-87.4851891579028,-251.095395805845,146.051958677422));
#8725=CARTESIAN_POINT('',(0.869999999999983,3.20043144131704));
#8726=CARTESIAN_POINT('',(0.869999999999969,0.0588387877269278));
#8727=CARTESIAN_POINT('',(-87.4851891579028,-251.095395805845,146.051958677422));
#8728=CARTESIAN_POINT('',(-87.4851891579027,-251.095395805845,142.551958677422));
#8729=CARTESIAN_POINT('',(0.869999999999969,0.0588387877269278));
#8730=CARTESIAN_POINT('',(2.17298367566133,0.058838787726919));
#8731=CARTESIAN_POINT('',(2.1729836756613,3.20043144131705));
#8732=CARTESIAN_POINT('',(2.17298367566133,0.058838787726919));
#8733=CARTESIAN_POINT('',(0.869999999999969,3.20043144131668));
#8734=CARTESIAN_POINT('',(2.17298367566127,3.20043144131669));
#8735=CARTESIAN_POINT('',(-87.4851891579028,-251.095395805845,146.051958677422));
#8736=CARTESIAN_POINT('',(-85.9873392134229,-251.175679950189,146.051958677422));
#8737=CARTESIAN_POINT('',(-85.9070550690828,-249.677830005709,146.051958677422));
#8738=CARTESIAN_POINT('',(-85.8267709247427,-248.179980061229,146.051958677422));
#8739=CARTESIAN_POINT('',(-87.3246208692231,-248.099695916893,146.051958677422));
#8740=CARTESIAN_POINT('',(0.869999999999969,3.20043144131668));
#8741=CARTESIAN_POINT('',(0.869999999999983,0.0588387877272867));
#8742=CARTESIAN_POINT('',(2.17298367566127,0.058838787727287));
#8743=CARTESIAN_POINT('',(0.869999999999983,0.0588387877272867));
#8744=CARTESIAN_POINT('',(2.17298367566127,3.20043144131669));
#8745=CARTESIAN_POINT('',(2.17298367566127,0.058838787727287));
#8746=CARTESIAN_POINT('',(-77.4251446724329,-248.118958038078,142.551958677422));
#8747=CARTESIAN_POINT('',(-77.4251446724329,-248.118958038078,146.051958677422));
#8748=CARTESIAN_POINT('',(2.17298367566239,3.20043144132436));
#8749=CARTESIAN_POINT('',(0.870000000001073,3.20043144132435));
#8750=CARTESIAN_POINT('',(-77.4251446724329,-248.118958038078,146.051958677422));
#8751=CARTESIAN_POINT('',(-78.9229946169078,-248.038673893734,146.051958677421));
#8752=CARTESIAN_POINT('',(-79.0032787612529,-249.536523838209,146.051958677422));
#8753=CARTESIAN_POINT('',(-79.0835629055979,-251.034373782684,146.051958677423));
#8754=CARTESIAN_POINT('',(-77.5857129611231,-251.11465792703,146.051958677425));
#8755=CARTESIAN_POINT('',(0.870000000001073,3.20043144132435));
#8756=CARTESIAN_POINT('',(0.869999999999973,0.0588387877272034));
#8757=CARTESIAN_POINT('',(-77.5857129611231,-251.11465792703,146.051958677425));
#8758=CARTESIAN_POINT('',(-77.5857129611231,-251.11465792703,142.551958677422));
#8759=CARTESIAN_POINT('',(0.869999999999973,0.0588387877272034));
#8760=CARTESIAN_POINT('',(2.17298367566238,0.0588387877271986));
#8761=CARTESIAN_POINT('',(2.17298367566239,3.20043144132436));
#8762=CARTESIAN_POINT('',(2.17298367566238,0.0588387877271986));
#8763=CARTESIAN_POINT('',(0.870000000000527,3.20043144131706));
#8764=CARTESIAN_POINT('',(2.17298367566293,3.20043144131706));
#8765=CARTESIAN_POINT('',(-77.5857129611231,-251.11465792703,146.051958677425));
#8766=CARTESIAN_POINT('',(-76.0878630166477,-251.194942071374,146.051958677426));
#8767=CARTESIAN_POINT('',(-76.0075788723027,-249.697092126899,146.051958677425));
#8768=CARTESIAN_POINT('',(-75.9272947279576,-248.199242182424,146.051958677423));
#8769=CARTESIAN_POINT('',(-77.4251446724329,-248.118958038078,146.051958677422));
#8770=CARTESIAN_POINT('',(0.870000000000527,3.20043144131706));
#8771=CARTESIAN_POINT('',(0.870000000001614,0.0588387877345044));
#8772=CARTESIAN_POINT('',(2.17298367566296,0.0588387877345086));
#8773=CARTESIAN_POINT('',(0.870000000001614,0.0588387877345044));
#8774=CARTESIAN_POINT('',(2.17298367566293,3.20043144131706));
#8775=CARTESIAN_POINT('',(2.17298367566296,0.0588387877345086));
#8776=CARTESIAN_POINT('',(-87.4851891579027,-251.0953958003,106.151967701833));
#8777=CARTESIAN_POINT('',(-87.4851891579027,-251.097843890265,102.649583493809));
#8778=CARTESIAN_POINT('',(3.25239275775982,0.0588639083063871));
#8779=CARTESIAN_POINT('',(3.86066214593584,0.0588387877268864));
#8780=CARTESIAN_POINT('',(3.86099410142482,3.20039966948213));
#8781=CARTESIAN_POINT('',(3.86066214593584,0.0588387877268864));
#8782=CARTESIAN_POINT('',(-87.3246208692231,-248.10130211609,102.647288487128));
#8783=CARTESIAN_POINT('',(-87.3246208692231,-248.099695048875,106.153371203003));
#8784=CARTESIAN_POINT('',(3.86099410142482,3.20039966948213));
#8785=CARTESIAN_POINT('',(3.25208281706999,3.20038846592329));
#8786=CARTESIAN_POINT('',(3.25239275775982,0.0588639083063871));
#8787=CARTESIAN_POINT('',(3.25208281706999,3.20038846592329));
#8788=CARTESIAN_POINT('',(3.86099410142462,0.058807015892342));
#8789=CARTESIAN_POINT('',(3.25208281706981,0.0587958123334992));
#8790=CARTESIAN_POINT('',(3.86066214593564,3.20043144131668));
#8791=CARTESIAN_POINT('',(3.86099410142462,0.058807015892342));
#8792=CARTESIAN_POINT('',(3.25239275775965,3.20045656189585));
#8793=CARTESIAN_POINT('',(3.86066214593564,3.20043144131668));
#8794=CARTESIAN_POINT('',(3.25208281706981,0.0587958123334992));
#8795=CARTESIAN_POINT('',(3.25239275775965,3.20045656189585));
#8796=CARTESIAN_POINT('',(-77.5857129611231,-251.11465792703,106.151958677423));
#8797=CARTESIAN_POINT('',(-77.5857129611231,-251.117106140495,102.649585948578));
#8798=CARTESIAN_POINT('',(3.25239475140298,0.0588639081503577));
#8799=CARTESIAN_POINT('',(3.86066214593113,0.058838787727275));
#8800=CARTESIAN_POINT('',(3.86099199645408,3.20039966943918));
#8801=CARTESIAN_POINT('',(3.86066214593113,0.058838787727275));
#8802=CARTESIAN_POINT('',(-77.4251446724329,-248.120564380306,102.647303062156));
#8803=CARTESIAN_POINT('',(-77.4251446724329,-248.118957175605,106.153362178593));
#8804=CARTESIAN_POINT('',(3.86099199645408,3.20039966943918));
#8805=CARTESIAN_POINT('',(3.25208481117734,3.2003884659942));
#8806=CARTESIAN_POINT('',(3.25239475140298,0.0588639081503577));
#8807=CARTESIAN_POINT('',(3.25208481117734,3.2003884659942));
#8808=CARTESIAN_POINT('',(3.86099199645388,0.0588070158494272));
#8809=CARTESIAN_POINT('',(3.25208481132408,0.0587958124044468));
#8810=CARTESIAN_POINT('',(3.86066214593092,3.20043144131706));
#8811=CARTESIAN_POINT('',(3.86099199645388,0.0588070158494272));
#8812=CARTESIAN_POINT('',(3.25239475140281,3.20045656174015));
#8813=CARTESIAN_POINT('',(3.86066214593092,3.20043144131706));
#8814=CARTESIAN_POINT('',(3.25208481132408,0.0587958124044468));
#8815=CARTESIAN_POINT('',(3.25239475140281,3.20045656174015));
#8816=CARTESIAN_POINT('',(-90.2356428923779,-239.698069664586,146.051958677422));
#8817=CARTESIAN_POINT('',(-90.2356428923779,-236.848069664585,146.051958677422));
#8818=CARTESIAN_POINT('',(-87.3856428923779,-236.848069664586,146.051958677422));
#8819=CARTESIAN_POINT('',(-84.5356428923779,-236.848069664585,146.051958677422));
#8820=CARTESIAN_POINT('',(-84.5356428923779,-239.698069664586,146.051958677422));
#8821=CARTESIAN_POINT('',(0.,8.95353906273091));
#8822=CARTESIAN_POINT('',(0.,0.));
#8823=CARTESIAN_POINT('',(-84.5356428923779,-239.698069664586,146.051958677422));
#8824=CARTESIAN_POINT('',(-84.5356428923779,-239.698069664586,152.424237228522));
#8825=CARTESIAN_POINT('',(0.,0.));
#8826=CARTESIAN_POINT('',(65.242134986256,0.));
#8827=CARTESIAN_POINT('',(65.242134986256,8.95353906273091));
#8828=CARTESIAN_POINT('',(65.242134986256,0.));
#8829=CARTESIAN_POINT('',(-90.2356428923779,-239.698069664586,152.424237228522));
#8830=CARTESIAN_POINT('',(-90.2356428923779,-239.698069664586,146.051958677422));
#8831=CARTESIAN_POINT('',(65.242134986256,8.95353906273091));
#8832=CARTESIAN_POINT('',(0.,8.95353906273091));
#8833=CARTESIAN_POINT('',(-2.85,3.49024337756996E-16));
#8834=CARTESIAN_POINT('',(-2.85,2.85));
#8835=CARTESIAN_POINT('',(1.74512168878498E-16,2.85));
#8836=CARTESIAN_POINT('',(2.85,2.85));
#8837=CARTESIAN_POINT('',(2.85,0.));
#8838=CARTESIAN_POINT('',(-90.2356428923779,-239.698069664586,146.051958677422));
#8839=CARTESIAN_POINT('',(-90.2356428923779,-242.548069664586,146.051958677422));
#8840=CARTESIAN_POINT('',(-87.3856428923779,-242.548069664586,146.051958677422));
#8841=CARTESIAN_POINT('',(-84.5356428923779,-242.548069664586,146.051958677422));
#8842=CARTESIAN_POINT('',(-84.5356428923779,-239.698069664586,146.051958677422));
#8843=CARTESIAN_POINT('',(-2.85,3.49024337756996E-16));
#8844=CARTESIAN_POINT('',(-2.85,-2.85));
#8845=CARTESIAN_POINT('',(-5.23536506635494E-16,-2.85));
#8846=CARTESIAN_POINT('',(2.85,-2.85));
#8847=CARTESIAN_POINT('',(2.85,0.));
#8848=CARTESIAN_POINT('',(0.0802841443448231,1.49784994447552));
#8849=CARTESIAN_POINT('',(-1.41756580013057,1.5781340888203));
#8850=CARTESIAN_POINT('',(-1.49784994447547,0.0802841443449092));
#8851=CARTESIAN_POINT('',(-1.57813408882036,-1.41756580013048));
#8852=CARTESIAN_POINT('',(-0.0802841443449795,-1.49784994447549));
#8853=CARTESIAN_POINT('',(-0.0802841443449795,-1.49784994447549));
#8854=CARTESIAN_POINT('',(1.41756580012996,-1.57813408881976));
#8855=CARTESIAN_POINT('',(1.49784994447483,-0.0802841443448551));
#8856=CARTESIAN_POINT('',(1.5781340888197,1.41756580013005));
#8857=CARTESIAN_POINT('',(0.0802841443448231,1.49784994447552));
#8858=CARTESIAN_POINT('',(-87.4049050135621,-252.447545861367,146.051958677422));
#8859=CARTESIAN_POINT('',(-90.2549050135621,-252.447545861367,146.051958677422));
#8860=CARTESIAN_POINT('',(-90.2549050135621,-249.597545861367,146.051958677422));
#8861=CARTESIAN_POINT('',(-90.2549050135621,-246.747545861367,146.051958677422));
#8862=CARTESIAN_POINT('',(-87.4049050135621,-246.747545861367,146.051958677422));
#8863=CARTESIAN_POINT('',(0.,8.95353906273091));
#8864=CARTESIAN_POINT('',(0.,0.));
#8865=CARTESIAN_POINT('',(-87.4049050135621,-246.747545861367,146.051958677422));
#8866=CARTESIAN_POINT('',(-87.4049050135621,-246.747545861367,152.424237228522));
#8867=CARTESIAN_POINT('',(0.,0.));
#8868=CARTESIAN_POINT('',(65.242134986256,0.));
#8869=CARTESIAN_POINT('',(65.2421349862563,6.91328331188019));
#8870=CARTESIAN_POINT('',(65.242134986256,0.));
#8871=CARTESIAN_POINT('',(65.2421349862564,8.95353906273091));
#8872=CARTESIAN_POINT('',(65.2421349862563,6.91328331188019));
#8873=CARTESIAN_POINT('',(-87.4049050135621,-252.447545861367,152.424237228522));
#8874=CARTESIAN_POINT('',(-87.4049050135621,-252.447545861367,146.051958677422));
#8875=CARTESIAN_POINT('',(65.2421349862564,8.95353906273091));
#8876=CARTESIAN_POINT('',(0.,8.95353906273091));
#8877=CARTESIAN_POINT('',(-2.85,3.49024337756996E-16));
#8878=CARTESIAN_POINT('',(-2.85,2.85));
#8879=CARTESIAN_POINT('',(1.74512168878498E-16,2.85));
#8880=CARTESIAN_POINT('',(2.85,2.85));
#8881=CARTESIAN_POINT('',(2.85,0.));
#8882=CARTESIAN_POINT('',(-87.4049050135621,-252.447545861367,146.051958677422));
#8883=CARTESIAN_POINT('',(-84.5549050135621,-252.447545861367,146.051958677422));
#8884=CARTESIAN_POINT('',(-84.5549050135621,-249.597545861367,146.051958677422));
#8885=CARTESIAN_POINT('',(-84.5549050135621,-246.747545861367,146.051958677422));
#8886=CARTESIAN_POINT('',(-87.4049050135621,-246.747545861367,146.051958677422));
#8887=CARTESIAN_POINT('',(-2.85,3.49024337756996E-16));
#8888=CARTESIAN_POINT('',(-2.85,-2.85));
#8889=CARTESIAN_POINT('',(-5.23536506635494E-16,-2.85));
#8890=CARTESIAN_POINT('',(2.85,-2.85));
#8891=CARTESIAN_POINT('',(2.85,0.));
#8892=CARTESIAN_POINT('',(1.49784994447435,-0.0802841443390319));
#8893=CARTESIAN_POINT('',(1.57813408881973,1.41756580014193));
#8894=CARTESIAN_POINT('',(0.0802841443384817,1.49784994448206));
#8895=CARTESIAN_POINT('',(-1.41756580014276,1.57813408882219));
#8896=CARTESIAN_POINT('',(-1.49784994447765,0.0802841443406661));
#8897=CARTESIAN_POINT('',(-1.49784994447765,0.0802841443406661));
#8898=CARTESIAN_POINT('',(-1.57813408882182,-1.41756580013922));
#8899=CARTESIAN_POINT('',(-0.0802841443417173,-1.49784994447929));
#8900=CARTESIAN_POINT('',(1.41756580013839,-1.57813408881936));
#8901=CARTESIAN_POINT('',(1.49784994447435,-0.0802841443390319));
#8902=CARTESIAN_POINT('',(-74.6554288167803,-249.616807982552,146.051958677422));
#8903=CARTESIAN_POINT('',(-74.6554288167803,-252.466807982552,146.051958677422));
#8904=CARTESIAN_POINT('',(-77.5054288167803,-252.466807982552,146.051958677422));
#8905=CARTESIAN_POINT('',(-80.3554288167803,-252.466807982552,146.051958677422));
#8906=CARTESIAN_POINT('',(-80.3554288167803,-249.616807982552,146.051958677422));
#8907=CARTESIAN_POINT('',(0.,8.95353906273091));
#8908=CARTESIAN_POINT('',(0.,0.));
#8909=CARTESIAN_POINT('',(-80.3554288167803,-249.616807982552,146.051958677422));
#8910=CARTESIAN_POINT('',(-80.3554288167803,-249.616807982551,152.424237228522));
#8911=CARTESIAN_POINT('',(0.,0.));
#8912=CARTESIAN_POINT('',(65.242134986256,0.));
#8913=CARTESIAN_POINT('',(65.2421349862561,2.40863783528106));
#8914=CARTESIAN_POINT('',(65.242134986256,0.));
#8915=CARTESIAN_POINT('',(65.242134986256,6.54492454790641));
#8916=CARTESIAN_POINT('',(65.2421349862561,2.40863783528106));
#8917=CARTESIAN_POINT('',(65.242134986256,8.95353906273091));
#8918=CARTESIAN_POINT('',(65.242134986256,6.54492454790641));
#8919=CARTESIAN_POINT('',(-74.6554288167803,-249.616807982552,152.424237228522));
#8920=CARTESIAN_POINT('',(-74.6554288167803,-249.616807982552,146.051958677422));
#8921=CARTESIAN_POINT('',(65.242134986256,8.95353906273091));
#8922=CARTESIAN_POINT('',(0.,8.95353906273091));
#8923=CARTESIAN_POINT('',(-2.85,3.49024337756996E-16));
#8924=CARTESIAN_POINT('',(-2.85,2.85));
#8925=CARTESIAN_POINT('',(1.74512168878498E-16,2.85));
#8926=CARTESIAN_POINT('',(2.85,2.85));
#8927=CARTESIAN_POINT('',(2.85,0.));
#8928=CARTESIAN_POINT('',(-74.6554288167803,-249.616807982552,146.051958677422));
#8929=CARTESIAN_POINT('',(-74.6554288167803,-246.766807982552,146.051958677422));
#8930=CARTESIAN_POINT('',(-77.5054288167803,-246.766807982552,146.051958677422));
#8931=CARTESIAN_POINT('',(-80.3554288167803,-246.766807982552,146.051958677422));
#8932=CARTESIAN_POINT('',(-80.3554288167803,-249.616807982552,146.051958677422));
#8933=CARTESIAN_POINT('',(-2.85,3.49024337756996E-16));
#8934=CARTESIAN_POINT('',(-2.85,-2.85));
#8935=CARTESIAN_POINT('',(-5.23536506635494E-16,-2.85));
#8936=CARTESIAN_POINT('',(2.85,-2.85));
#8937=CARTESIAN_POINT('',(2.85,0.));
#8938=CARTESIAN_POINT('',(-0.0802841443474448,-1.49784994447356));
#8939=CARTESIAN_POINT('',(1.41756580012752,-1.5781340888175));
#8940=CARTESIAN_POINT('',(1.49784994447256,-0.0802841443425968));
#8941=CARTESIAN_POINT('',(1.5781340888176,1.4175658001323));
#8942=CARTESIAN_POINT('',(0.0802841443427554,1.49784994447845));
#8943=CARTESIAN_POINT('',(0.0802841443427554,1.49784994447845));
#8944=CARTESIAN_POINT('',(-1.41756580013258,1.5781340888228));
#8945=CARTESIAN_POINT('',(-1.49784994447764,0.0802841443475067));
#8946=CARTESIAN_POINT('',(-1.5781340888227,-1.41756580012779));
#8947=CARTESIAN_POINT('',(-0.0802841443474448,-1.49784994447356));
#8948=CARTESIAN_POINT('',(-77.4861666955961,-236.86733178577,146.051958677422));
#8949=CARTESIAN_POINT('',(-74.6361666955961,-236.86733178577,146.051958677422));
#8950=CARTESIAN_POINT('',(-74.6361666955961,-239.71733178577,146.051958677422));
#8951=CARTESIAN_POINT('',(-74.6361666955961,-242.56733178577,146.051958677422));
#8952=CARTESIAN_POINT('',(-77.4861666955961,-242.56733178577,146.051958677422));
#8953=CARTESIAN_POINT('',(0.,8.95353906273091));
#8954=CARTESIAN_POINT('',(0.,0.));
#8955=CARTESIAN_POINT('',(-77.4861666955961,-242.56733178577,146.051958677422));
#8956=CARTESIAN_POINT('',(-77.4861666955961,-242.56733178577,152.424237228522));
#8957=CARTESIAN_POINT('',(0.,0.));
#8958=CARTESIAN_POINT('',(65.242134986256,0.));
#8959=CARTESIAN_POINT('',(65.242134986256,8.95353906273091));
#8960=CARTESIAN_POINT('',(65.242134986256,0.));
#8961=CARTESIAN_POINT('',(-77.4861666955961,-236.86733178577,152.424237228522));
#8962=CARTESIAN_POINT('',(-77.4861666955961,-236.86733178577,146.051958677422));
#8963=CARTESIAN_POINT('',(65.242134986256,8.95353906273091));
#8964=CARTESIAN_POINT('',(0.,8.95353906273091));
#8965=CARTESIAN_POINT('',(-2.85,3.49024337756996E-16));
#8966=CARTESIAN_POINT('',(-2.85,2.85));
#8967=CARTESIAN_POINT('',(1.74512168878498E-16,2.85));
#8968=CARTESIAN_POINT('',(2.85,2.85));
#8969=CARTESIAN_POINT('',(2.85,0.));
#8970=CARTESIAN_POINT('',(-77.4861666955961,-236.86733178577,146.051958677422));
#8971=CARTESIAN_POINT('',(-80.336166695596,-236.86733178577,146.051958677422));
#8972=CARTESIAN_POINT('',(-80.3361666955961,-239.71733178577,146.051958677422));
#8973=CARTESIAN_POINT('',(-80.336166695596,-242.56733178577,146.051958677422));
#8974=CARTESIAN_POINT('',(-77.4861666955961,-242.56733178577,146.051958677422));
#8975=CARTESIAN_POINT('',(-2.85,3.49024337756996E-16));
#8976=CARTESIAN_POINT('',(-2.85,-2.85));
#8977=CARTESIAN_POINT('',(-5.23536506635494E-16,-2.85));
#8978=CARTESIAN_POINT('',(2.85,-2.85));
#8979=CARTESIAN_POINT('',(2.85,0.));
#8980=CARTESIAN_POINT('',(-1.49784994447575,0.0802841443431106));
#8981=CARTESIAN_POINT('',(-1.57813408882002,-1.41756580013215));
#8982=CARTESIAN_POINT('',(-0.0802841443448025,-1.49784994447721));
#8983=CARTESIAN_POINT('',(1.41756580013042,-1.57813408882227));
#8984=CARTESIAN_POINT('',(1.49784994447626,-0.0802841443470896));
#8985=CARTESIAN_POINT('',(1.49784994447626,-0.0802841443470896));
#8986=CARTESIAN_POINT('',(1.57813408882072,1.41756580012834));
#8987=CARTESIAN_POINT('',(0.0802841443453236,1.49784994447341));
#8988=CARTESIAN_POINT('',(-1.41756580013008,1.57813408881848));
#8989=CARTESIAN_POINT('',(-1.49784994447575,0.0802841443431106));
#8990=CARTESIAN_POINT('',(96.6043130614057,0.));
#8991=CARTESIAN_POINT('',(96.6043130614057,8.95353906273091));
#8992=CARTESIAN_POINT('',(-77.4861666955961,-242.56733178577,96.2796801263324));
#8993=CARTESIAN_POINT('',(-77.4861666955961,-242.56733178577,102.653392876503));
#8994=CARTESIAN_POINT('',(96.6043130614057,0.));
#8995=CARTESIAN_POINT('',(161.861131996053,0.));
#8996=CARTESIAN_POINT('',(-77.4861666955961,-242.56733178577,102.653392876503));
#8997=CARTESIAN_POINT('',(-74.6361666955961,-242.56733178577,102.653392876503));
#8998=CARTESIAN_POINT('',(-74.6361666955961,-239.71733178577,102.653392876503));
#8999=CARTESIAN_POINT('',(-74.6361666955961,-236.86733178577,102.653392876503));
#9000=CARTESIAN_POINT('',(-77.4861666955961,-236.86733178577,102.653392876503));
#9001=CARTESIAN_POINT('',(161.861131996053,0.));
#9002=CARTESIAN_POINT('',(161.861131996053,8.95353906273091));
#9003=CARTESIAN_POINT('',(-77.4861666955961,-236.86733178577,102.653392876503));
#9004=CARTESIAN_POINT('',(-77.4861666955961,-236.86733178577,96.2796801263324));
#9005=CARTESIAN_POINT('',(161.861131996053,8.95353906273091));
#9006=CARTESIAN_POINT('',(96.6043130614057,8.95353906273091));
#9007=CARTESIAN_POINT('',(-77.4861666955961,-242.56733178577,102.653392876503));
#9008=CARTESIAN_POINT('',(-80.336166695596,-242.56733178577,102.653392876503));
#9009=CARTESIAN_POINT('',(-80.3361666955961,-239.71733178577,102.653392876503));
#9010=CARTESIAN_POINT('',(-80.336166695596,-236.86733178577,102.653392876503));
#9011=CARTESIAN_POINT('',(-77.4861666955961,-236.86733178577,102.653392876503));
#9012=CARTESIAN_POINT('',(0.,0.));
#9013=CARTESIAN_POINT('',(0.,-2.85));
#9014=CARTESIAN_POINT('',(2.84999999999999,-2.85));
#9015=CARTESIAN_POINT('',(5.70000000000001,-2.85));
#9016=CARTESIAN_POINT('',(5.69999999999999,0.));
#9017=CARTESIAN_POINT('',(0.,0.));
#9018=CARTESIAN_POINT('',(0.,2.85));
#9019=CARTESIAN_POINT('',(2.84999999999999,2.85));
#9020=CARTESIAN_POINT('',(5.70000000000001,2.85));
#9021=CARTESIAN_POINT('',(5.69999999999999,0.));
#9022=CARTESIAN_POINT('',(-77.5664508399431,-241.217399512755,102.653392876503));
#9023=CARTESIAN_POINT('',(-77.539732766406,-241.219300507094,102.653392876503));
#9024=CARTESIAN_POINT('',(-77.5129534387028,-241.220018041262,102.653392876503));
#9025=CARTESIAN_POINT('',(-77.4861666955931,-241.220018041262,102.653392876503));
#9026=CARTESIAN_POINT('',(-77.0883411989309,-241.220018041262,102.653392876503));
#9027=CARTESIAN_POINT('',(-76.7068105527382,-241.061981208602,102.653392876503));
#9028=CARTESIAN_POINT('',(-76.4255065238132,-240.780675340286,102.653392876503));
#9029=CARTESIAN_POINT('',(-76.1442014173996,-240.499368394475,102.653392876503));
#9030=CARTESIAN_POINT('',(-75.986166695593,-240.117834807216,102.653392876503));
#9031=CARTESIAN_POINT('',(-75.9861666955931,-239.720008233062,102.653392876503));
#9032=CARTESIAN_POINT('',(-75.986166695593,-239.329681636612,102.653392876503));
#9033=CARTESIAN_POINT('',(-76.1383145144505,-238.954726492197,102.653392876503));
#9034=CARTESIAN_POINT('',(-76.4103023977886,-238.674766490572,102.653392876503));
#9035=CARTESIAN_POINT('',(-76.6737500773859,-238.403597010878,102.653392876503));
#9036=CARTESIAN_POINT('',(-77.0294699722719,-238.24229624399,102.653392876503));
#9037=CARTESIAN_POINT('',(-77.405882551253,-238.220905515388,102.653392876503));
#9038=CARTESIAN_POINT('',(1.34993227301459,-0.0802841443470896));
#9039=CARTESIAN_POINT('',(1.34803127867534,-0.0535660708099783));
#9040=CARTESIAN_POINT('',(1.34731374450777,-0.0267867431067401));
#9041=CARTESIAN_POINT('',(1.34731374450777,3.01270119962282E-12));
#9042=CARTESIAN_POINT('',(1.34731374450803,0.397825496665121));
#9043=CARTESIAN_POINT('',(1.50535057716777,0.779356142857864));
#9044=CARTESIAN_POINT('',(1.78665644548354,1.06066017178287));
#9045=CARTESIAN_POINT('',(2.06796339129491,1.34196527819647));
#9046=CARTESIAN_POINT('',(2.44949697855338,1.50000000000304));
#9047=CARTESIAN_POINT('',(2.84732355270759,1.50000000000301));
#9048=CARTESIAN_POINT('',(3.23765014915779,1.50000000000303));
#9049=CARTESIAN_POINT('',(3.61260529357318,1.3478521811456));
#9050=CARTESIAN_POINT('',(3.89256529519767,1.07586429780748));
#9051=CARTESIAN_POINT('',(4.16373477489225,0.812416618210122));
#9052=CARTESIAN_POINT('',(4.32503554177984,0.456696723324207));
#9053=CARTESIAN_POINT('',(4.34642627038207,0.0802841443431106));
#9054=CARTESIAN_POINT('',(-77.405882551253,-238.220905515388,102.653392876503));
#9055=CARTESIAN_POINT('',(-77.4326616607858,-238.220714324414,102.653392876503));
#9056=CARTESIAN_POINT('',(-77.4594104813493,-238.219998424862,102.653392876503));
#9057=CARTESIAN_POINT('',(-77.4861666955931,-238.219998424862,102.653392876503));
#9058=CARTESIAN_POINT('',(-77.8839921922551,-238.219998424862,102.653392876503));
#9059=CARTESIAN_POINT('',(-78.2655228384479,-238.378035257522,102.653392876503));
#9060=CARTESIAN_POINT('',(-78.5468268673728,-238.659341125838,102.653392876503));
#9061=CARTESIAN_POINT('',(-78.8281319737864,-238.940648071649,102.653392876503));
#9062=CARTESIAN_POINT('',(-78.986166695593,-239.322181658908,102.653392876503));
#9063=CARTESIAN_POINT('',(-78.9861666955931,-239.720008233062,102.653392876503));
#9064=CARTESIAN_POINT('',(-78.986166695593,-240.11032277836,102.653392876503));
#9065=CARTESIAN_POINT('',(-78.8340282471863,-240.485267323018,102.653392876503));
#9066=CARTESIAN_POINT('',(-78.5620552613377,-240.765224995725,102.653392876503));
#9067=CARTESIAN_POINT('',(-78.2986272884176,-241.036386787748,102.653392876503));
#9068=CARTESIAN_POINT('',(-77.9429336934186,-241.197693428192,102.653392876503));
#9069=CARTESIAN_POINT('',(-77.5664508399431,-241.217399512755,102.653392876503));
#9070=CARTESIAN_POINT('',(4.34642627038207,0.0802841443431106));
#9071=CARTESIAN_POINT('',(4.34661746135581,0.053505034810307));
#9072=CARTESIAN_POINT('',(4.34733336090753,0.0267562142468094));
#9073=CARTESIAN_POINT('',(4.34733336090753,3.01270119962282E-12));
#9074=CARTESIAN_POINT('',(4.34733336090753,-0.397825496659046));
#9075=CARTESIAN_POINT('',(4.18929652824778,-0.779356142851825));
#9076=CARTESIAN_POINT('',(3.90799065993207,-1.06066017177677));
#9077=CARTESIAN_POINT('',(3.62668371412067,-1.34196527819037));
#9078=CARTESIAN_POINT('',(3.24515012686194,-1.49999999999697));
#9079=CARTESIAN_POINT('',(2.84732355270765,-1.49999999999699));
#9080=CARTESIAN_POINT('',(2.45700900740991,-1.49999999999697));
#9081=CARTESIAN_POINT('',(2.08206446275193,-1.34786155159025));
#9082=CARTESIAN_POINT('',(1.80210679004503,-1.07588856574165));
#9083=CARTESIAN_POINT('',(1.53094499802185,-0.812460592821573));
#9084=CARTESIAN_POINT('',(1.36963835757786,-0.45676699782252));
#9085=CARTESIAN_POINT('',(1.34993227301459,-0.0802841443470896));
#9086=CARTESIAN_POINT('',(-87.4659270367229,-241.195916753421,106.156605658553));
#9087=CARTESIAN_POINT('',(-87.4659270367229,-241.198176357037,102.653392876503));
#9088=CARTESIAN_POINT('',(3.28643791972127,0.0588625381283329));
#9089=CARTESIAN_POINT('',(3.82871946236448,0.0588401089035195));
#9090=CARTESIAN_POINT('',(-87.4659270367229,-241.198176357037,102.653392876503));
#9091=CARTESIAN_POINT('',(-87.8424061335357,-241.178360391869,102.653392876503));
#9092=CARTESIAN_POINT('',(-88.1981020941064,-241.017053479724,102.653392876503));
#9093=CARTESIAN_POINT('',(-88.4615314581284,-240.745890255758,102.653392876503));
#9094=CARTESIAN_POINT('',(-88.7335044439766,-240.465932583051,102.653392876503));
#9095=CARTESIAN_POINT('',(-88.8856428923832,-240.090988038393,102.653392876503));
#9096=CARTESIAN_POINT('',(-88.8856428923831,-239.700673493095,102.653392876503));
#9097=CARTESIAN_POINT('',(-88.8856428923831,-239.302846918941,102.653392876503));
#9098=CARTESIAN_POINT('',(-88.7276081705765,-238.921313331682,102.653392876503));
#9099=CARTESIAN_POINT('',(-88.446303064163,-238.640006385871,102.653392876503));
#9100=CARTESIAN_POINT('',(-88.1649990352379,-238.358700517555,102.653392876503));
#9101=CARTESIAN_POINT('',(-87.7834683890453,-238.200663684896,102.653392876503));
#9102=CARTESIAN_POINT('',(-87.3856428923831,-238.200663684895,102.653392876503));
#9103=CARTESIAN_POINT('',(-87.3588849394085,-238.200663684895,102.653392876503));
#9104=CARTESIAN_POINT('',(-87.3321343810757,-238.201379677494,102.653392876503));
#9105=CARTESIAN_POINT('',(-87.3053587480331,-238.201668368069,102.653392876503));
#9106=CARTESIAN_POINT('',(3.82871946236448,0.0588401089035195));
#9107=CARTESIAN_POINT('',(3.82871896912796,0.302326098583604));
#9108=CARTESIAN_POINT('',(3.82871566253741,0.549078476374132));
#9109=CARTESIAN_POINT('',(3.82870938283184,0.799109762029681));
#9110=CARTESIAN_POINT('',(3.828702826682,1.06014788833751));
#9111=CARTESIAN_POINT('',(3.82869382408137,1.31737674321377));
#9112=CARTESIAN_POINT('',(3.82868624943311,1.5707963267949));
#9113=CARTESIAN_POINT('',(3.82867854023498,1.82871748611806));
#9114=CARTESIAN_POINT('',(3.82866935265109,2.09051687385786));
#9115=CARTESIAN_POINT('',(3.82866277408091,2.35619449019234));
#9116=CARTESIAN_POINT('',(3.82865619550646,2.62187227896551));
#9117=CARTESIAN_POINT('',(3.82865305027163,2.88367166689451));
#9118=CARTESIAN_POINT('',(3.82865305027163,3.14159265358979));
#9119=CARTESIAN_POINT('',(3.82865305027162,3.16115211800031));
#9120=CARTESIAN_POINT('',(3.82865306572495,3.18075024637304));
#9121=CARTESIAN_POINT('',(3.82865329620881,3.20039907921343));
#9122=CARTESIAN_POINT('',(-87.3053587480331,-238.201668368069,102.653392876503));
#9123=CARTESIAN_POINT('',(-87.3053587480331,-238.200216001997,106.158009159723));
#9124=CARTESIAN_POINT('',(3.82865329620881,3.20039907921343));
#9125=CARTESIAN_POINT('',(3.28615437917154,3.20038907998152));
#9126=CARTESIAN_POINT('',(3.28643791972127,0.0588625381283329));
#9127=CARTESIAN_POINT('',(3.28615437917154,3.20038907998152));
#9128=CARTESIAN_POINT('',(3.82865329620861,0.0588064256236074));
#9129=CARTESIAN_POINT('',(3.28615437917136,0.0587964263917049));
#9130=CARTESIAN_POINT('',(-87.3053587480331,-238.201668368069,102.653392876503));
#9131=CARTESIAN_POINT('',(-86.9289428903791,-238.222962990749,102.653392876503));
#9132=CARTESIAN_POINT('',(-86.5732250600963,-238.384263520593,102.653392876503));
#9133=CARTESIAN_POINT('',(-86.3097785946112,-238.655431750572,102.653392876503));
#9134=CARTESIAN_POINT('',(-86.0377907112532,-238.9353917522,102.653392876503));
#9135=CARTESIAN_POINT('',(-85.8856428923831,-239.310346896629,102.653392876503));
#9136=CARTESIAN_POINT('',(-85.8856428923831,-239.700673493095,102.653392876503));
#9137=CARTESIAN_POINT('',(-85.8856428923831,-240.098500067249,102.653392876503));
#9138=CARTESIAN_POINT('',(-86.0436776141896,-240.480033654508,102.653392876503));
#9139=CARTESIAN_POINT('',(-86.3249827206033,-240.76134060032,102.653392876503));
#9140=CARTESIAN_POINT('',(-86.6062867495282,-241.042646468635,102.653392876503));
#9141=CARTESIAN_POINT('',(-86.9878173957213,-241.200683301295,102.653392876503));
#9142=CARTESIAN_POINT('',(-87.3856428923831,-241.200683301295,102.653392876503));
#9143=CARTESIAN_POINT('',(-87.4124276432279,-241.200683301295,102.653392876503));
#9144=CARTESIAN_POINT('',(-87.4392049797703,-241.199965873857,102.653392876503));
#9145=CARTESIAN_POINT('',(-87.4659270367229,-241.198176357037,102.653392876503));
#9146=CARTESIAN_POINT('',(3.82865329620861,0.0588064256236074));
#9147=CARTESIAN_POINT('',(3.82865352935647,0.302287481351852));
#9148=CARTESIAN_POINT('',(3.82865683570599,0.549047922527888));
#9149=CARTESIAN_POINT('',(3.82866311548459,0.799087748836899));
#9150=CARTESIAN_POINT('',(3.82866967167385,1.06013332555543));
#9151=CARTESIAN_POINT('',(3.82867867456978,1.31736951816262));
#9152=CARTESIAN_POINT('',(3.82868624943291,1.5707963267949));
#9153=CARTESIAN_POINT('',(3.82869395863214,1.82871748611809));
#9154=CARTESIAN_POINT('',(3.82870314621734,2.09051687385788));
#9155=CARTESIAN_POINT('',(3.82870972478844,2.35619449019234));
#9156=CARTESIAN_POINT('',(3.82871630336382,2.62187227896551));
#9157=CARTESIAN_POINT('',(3.82871944859907,2.8836716668945));
#9158=CARTESIAN_POINT('',(3.82871944859906,3.14159265358979));
#9159=CARTESIAN_POINT('',(3.82871944859906,3.16116730021171));
#9160=CARTESIAN_POINT('',(3.82871943312171,3.18078066984585));
#9161=CARTESIAN_POINT('',(3.82871946236428,3.20043276249327));
#9162=CARTESIAN_POINT('',(3.28643791972179,3.20045519171809));
#9163=CARTESIAN_POINT('',(3.82871946236428,3.20043276249327));
#9164=CARTESIAN_POINT('',(3.28615437917136,0.0587964263917049));
#9165=CARTESIAN_POINT('',(3.28643791972179,3.20045519171809));
#9166=CARTESIAN_POINT('',(-84.5356428923779,-239.698069664586,102.653392876503));
#9167=CARTESIAN_POINT('',(-84.5356428923779,-242.548069664586,102.653392876503));
#9168=CARTESIAN_POINT('',(-87.3856428923779,-242.548069664586,102.653392876503));
#9169=CARTESIAN_POINT('',(-90.2356428923779,-242.548069664586,102.653392876503));
#9170=CARTESIAN_POINT('',(-90.2356428923779,-239.698069664586,102.653392876503));
#9171=CARTESIAN_POINT('',(0.,2.85));
#9172=CARTESIAN_POINT('',(-2.85,2.85));
#9173=CARTESIAN_POINT('',(-2.85,-5.23536506635494E-16));
#9174=CARTESIAN_POINT('',(-2.85,-2.85));
#9175=CARTESIAN_POINT('',(3.49024337756996E-16,-2.85));
#9176=CARTESIAN_POINT('',(0.,2.85));
#9177=CARTESIAN_POINT('',(2.85,2.85));
#9178=CARTESIAN_POINT('',(2.85,1.74512168878498E-16));
#9179=CARTESIAN_POINT('',(2.85,-2.85));
#9180=CARTESIAN_POINT('',(3.49024337756996E-16,-2.85));
#9181=CARTESIAN_POINT('',(1.49640129651658,0.080284144344823));
#9182=CARTESIAN_POINT('',(1.4751066738369,0.456700001998804));
#9183=CARTESIAN_POINT('',(1.31380614399231,0.812417832281525));
#9184=CARTESIAN_POINT('',(1.0426379140132,1.07586429776671));
#9185=CARTESIAN_POINT('',(0.762677912385783,1.34785218112471));
#9186=CARTESIAN_POINT('',(0.387722767956546,1.49999999999472));
#9187=CARTESIAN_POINT('',(-0.00260382850959218,1.49999999999472));
#9188=CARTESIAN_POINT('',(-0.400430402663858,1.49999999999472));
#9189=CARTESIAN_POINT('',(-0.781963989922559,1.34196527818823));
#9190=CARTESIAN_POINT('',(-1.06327093573404,1.06066017177454));
#9191=CARTESIAN_POINT('',(-1.34457680404958,0.779356142849714));
#9192=CARTESIAN_POINT('',(-1.50261363670936,0.397825496656594));
#9193=CARTESIAN_POINT('',(-1.50261363670936,-5.27933252669754E-12));
#9194=CARTESIAN_POINT('',(-1.50261363670936,-0.0267847508500267));
#9195=CARTESIAN_POINT('',(-1.50189620927111,-0.0535620873923861));
#9196=CARTESIAN_POINT('',(-1.50010669245168,-0.0802841443449793));
#9197=CARTESIAN_POINT('',(-1.50010669245168,-0.0802841443449793));
#9198=CARTESIAN_POINT('',(-1.48029072728306,-0.456763241157844));
#9199=CARTESIAN_POINT('',(-1.31898381513841,-0.812459201728494));
#9200=CARTESIAN_POINT('',(-1.04782059117221,-1.07588856575055));
#9201=CARTESIAN_POINT('',(-0.767862918465198,-1.34786155159878));
#9202=CARTESIAN_POINT('',(-0.392918373807134,-1.50000000000529));
#9203=CARTESIAN_POINT('',(-0.00260382850959218,-1.50000000000528));
#9204=CARTESIAN_POINT('',(0.395222745644361,-1.50000000000528));
#9205=CARTESIAN_POINT('',(0.776756332903091,-1.34196527819864));
#9206=CARTESIAN_POINT('',(1.05806327871446,-1.06066017178511));
#9207=CARTESIAN_POINT('',(1.33936914703031,-0.779356142859996));
#9208=CARTESIAN_POINT('',(1.49740597968997,-0.397825496667473));
#9209=CARTESIAN_POINT('',(1.49740597969023,-5.27933252669754E-12));
#9210=CARTESIAN_POINT('',(1.49740597969023,0.0267579529693336));
#9211=CARTESIAN_POINT('',(1.49668998709117,0.0535085113021978));
#9212=CARTESIAN_POINT('',(1.49640129651658,0.080284144344823));
#9213=CARTESIAN_POINT('',(-77.5664508399431,-241.215178880151,106.156596634143));
#9214=CARTESIAN_POINT('',(-77.5664508399431,-241.217399512755,102.653392876503));
#9215=CARTESIAN_POINT('',(3.31952282099072,0.0588611696504361));
#9216=CARTESIAN_POINT('',(3.81873271796374,0.0588405219661458));
#9217=CARTESIAN_POINT('',(3.81866652898816,3.20039889512346));
#9218=CARTESIAN_POINT('',(3.81866631453248,3.18074773117674));
#9219=CARTESIAN_POINT('',(3.81866629908114,3.16115086288312));
#9220=CARTESIAN_POINT('',(3.81866629908114,3.14159265358979));
#9221=CARTESIAN_POINT('',(3.81866629908116,2.88367166689451));
#9222=CARTESIAN_POINT('',(3.81866944431599,2.62187227896551));
#9223=CARTESIAN_POINT('',(3.81867602289045,2.35619449019234));
#9224=CARTESIAN_POINT('',(3.81868260146063,2.09051687385788));
#9225=CARTESIAN_POINT('',(3.81869178904452,1.82871748611808));
#9226=CARTESIAN_POINT('',(3.81869949824264,1.5707963267949));
#9227=CARTESIAN_POINT('',(3.8187070728909,1.3173767432136));
#9228=CARTESIAN_POINT('',(3.81871607549154,1.06014788833716));
#9229=CARTESIAN_POINT('',(3.81872263164138,0.79910976202916));
#9230=CARTESIAN_POINT('',(3.81872891130973,0.54907995827432));
#9231=CARTESIAN_POINT('',(3.81873221789829,0.30232902351735));
#9232=CARTESIAN_POINT('',(3.81873271796374,0.0588405219661458));
#9233=CARTESIAN_POINT('',(-77.405882551253,-238.220905515388,102.653392876503));
#9234=CARTESIAN_POINT('',(-77.405882551253,-238.219478128726,106.158000135313));
#9235=CARTESIAN_POINT('',(3.81866652898816,3.20039889512346));
#9236=CARTESIAN_POINT('',(3.31925654637015,3.20038969012979));
#9237=CARTESIAN_POINT('',(3.31952282099072,0.0588611696504361));
#9238=CARTESIAN_POINT('',(3.31925654637015,3.20038969012979));
#9239=CARTESIAN_POINT('',(3.81866652898775,0.0588062415336687));
#9240=CARTESIAN_POINT('',(3.3192565463698,0.0587970365399877));
#9241=CARTESIAN_POINT('',(3.81873271796333,3.20043317555596));
#9242=CARTESIAN_POINT('',(3.81873268193082,3.18078094467899));
#9243=CARTESIAN_POINT('',(3.81873269740838,3.16116743735697));
#9244=CARTESIAN_POINT('',(3.81873269740838,3.14159265358979));
#9245=CARTESIAN_POINT('',(3.81873269740839,2.88367166689451));
#9246=CARTESIAN_POINT('',(3.81872955217355,2.62187227896551));
#9247=CARTESIAN_POINT('',(3.81872297359901,2.35619449019234));
#9248=CARTESIAN_POINT('',(3.81871639502874,2.09051687385786));
#9249=CARTESIAN_POINT('',(3.81870720744472,1.82871748611806));
#9250=CARTESIAN_POINT('',(3.81869949824646,1.5707963267949));
#9251=CARTESIAN_POINT('',(3.81869192338237,1.31736951817226));
#9252=CARTESIAN_POINT('',(3.8186829204853,1.06013332557489));
#9253=CARTESIAN_POINT('',(3.8186763642952,0.799087748866323));
#9254=CARTESIAN_POINT('',(3.81867008451422,0.549047859531285));
#9255=CARTESIAN_POINT('',(3.81866677816418,0.302287356982118));
#9256=CARTESIAN_POINT('',(3.81866652898775,0.0588062415336687));
#9257=CARTESIAN_POINT('',(3.31952282103324,3.20045382324052));
#9258=CARTESIAN_POINT('',(3.81873271796333,3.20043317555596));
#9259=CARTESIAN_POINT('',(3.3192565463698,0.0587970365399877));
#9260=CARTESIAN_POINT('',(3.31952282103324,3.20045382324052));
#9261=CARTESIAN_POINT('',(161.861131996053,8.95353906273091));
#9262=CARTESIAN_POINT('',(96.6015751335423,8.95353906273091));
#9263=CARTESIAN_POINT('',(161.861131996053,17.9070781254618));
#9264=CARTESIAN_POINT('',(161.861131996053,8.95353906273091));
#9265=CARTESIAN_POINT('',(96.6043130614057,17.9070781254618));
#9266=CARTESIAN_POINT('',(161.861131996053,17.9070781254618));
#9267=CARTESIAN_POINT('',(96.6007403896133,10.9965461417803));
#9268=CARTESIAN_POINT('',(96.6018734143027,13.3000568336504));
#9269=CARTESIAN_POINT('',(96.6043130614055,15.603566540718));
#9270=CARTESIAN_POINT('',(96.6043130614057,17.9070781254618));
#9271=CARTESIAN_POINT('',(96.6015751335423,8.95353906273091));
#9272=CARTESIAN_POINT('',(96.6007403896133,10.9965461417803));
#9273=CARTESIAN_POINT('',(161.861131996053,8.95353906273091));
#9274=CARTESIAN_POINT('',(96.6004730114879,8.95353906273091));
#9275=CARTESIAN_POINT('',(161.861131996053,17.9070781254618));
#9276=CARTESIAN_POINT('',(161.861131996053,8.95353906273091));
#9277=CARTESIAN_POINT('',(96.6043130614057,17.9070781254618));
#9278=CARTESIAN_POINT('',(161.861131996053,17.9070781254618));
#9279=CARTESIAN_POINT('',(96.6004730114879,8.95353906273091));
#9280=CARTESIAN_POINT('',(96.6010593372774,11.9380527254003));
#9281=CARTESIAN_POINT('',(96.6043130614055,14.9225644782592));
#9282=CARTESIAN_POINT('',(96.6043130614057,17.9070781254618));
#9283=CARTESIAN_POINT('',(161.861131996053,8.95353906273091));
#9284=CARTESIAN_POINT('',(96.6043130614057,8.95353906273091));
#9285=CARTESIAN_POINT('',(161.861131996053,17.9070781254618));
#9286=CARTESIAN_POINT('',(161.861131996053,8.95353906273091));
#9287=CARTESIAN_POINT('',(96.6043130614057,17.9070781254618));
#9288=CARTESIAN_POINT('',(161.861131996053,17.9070781254618));
#9289=CARTESIAN_POINT('',(96.6043130614057,8.95353906273091));
#9290=CARTESIAN_POINT('',(96.6043130614057,17.9070781254618));
#9291=CARTESIAN_POINT('',(65.242134986256,8.95353906273091));
#9292=CARTESIAN_POINT('',(0.,8.95353906273091));
#9293=CARTESIAN_POINT('',(65.242134986256,17.9070781254618));
#9294=CARTESIAN_POINT('',(65.242134986256,8.95353906273091));
#9295=CARTESIAN_POINT('',(0.,17.9070781254618));
#9296=CARTESIAN_POINT('',(65.242134986256,17.9070781254618));
#9297=CARTESIAN_POINT('',(0.,8.95353906273091));
#9298=CARTESIAN_POINT('',(0.,17.9070781254618));
#9299=CARTESIAN_POINT('',(65.2421349862564,8.95353906273091));
#9300=CARTESIAN_POINT('',(0.,8.95353906273091));
#9301=CARTESIAN_POINT('',(65.2421349862566,10.9938181422294));
#9302=CARTESIAN_POINT('',(65.2421349862564,8.95353906273091));
#9303=CARTESIAN_POINT('',(65.242134986256,17.9070781254618));
#9304=CARTESIAN_POINT('',(65.2421349862566,10.9938181422294));
#9305=CARTESIAN_POINT('',(0.,17.9070781254618));
#9306=CARTESIAN_POINT('',(65.242134986256,17.9070781254618));
#9307=CARTESIAN_POINT('',(0.,8.95353906273091));
#9308=CARTESIAN_POINT('',(0.,17.9070781254618));
#9309=CARTESIAN_POINT('',(65.242134986256,8.95353906273091));
#9310=CARTESIAN_POINT('',(0.,8.95353906273091));
#9311=CARTESIAN_POINT('',(65.242134986256,17.9070781254618));
#9312=CARTESIAN_POINT('',(65.242134986256,8.95353906273091));
#9313=CARTESIAN_POINT('',(0.,17.9070781254618));
#9314=CARTESIAN_POINT('',(65.242134986256,17.9070781254618));
#9315=CARTESIAN_POINT('',(0.,8.95353906273091));
#9316=CARTESIAN_POINT('',(0.,17.9070781254618));
#9317=CARTESIAN_POINT('',(65.242134986256,8.95353906273091));
#9318=CARTESIAN_POINT('',(0.,8.95353906273091));
#9319=CARTESIAN_POINT('',(65.242134986256,17.9070781254618));
#9320=CARTESIAN_POINT('',(65.242134986256,8.95353906273091));
#9321=CARTESIAN_POINT('',(0.,17.9070781254618));
#9322=CARTESIAN_POINT('',(65.242134986256,17.9070781254618));
#9323=CARTESIAN_POINT('',(0.,8.95353906273091));
#9324=CARTESIAN_POINT('',(0.,17.9070781254618));
#9325=CARTESIAN_POINT('',(161.861131996053,8.95353906273091));
#9326=CARTESIAN_POINT('',(96.6043130614057,8.95353906273091));
#9327=CARTESIAN_POINT('',(161.861131996053,17.9070781254618));
#9328=CARTESIAN_POINT('',(161.861131996053,8.95353906273091));
#9329=CARTESIAN_POINT('',(96.6043130614057,17.9070781254618));
#9330=CARTESIAN_POINT('',(161.861131996053,17.9070781254618));
#9331=CARTESIAN_POINT('',(96.6043130614057,8.95353906273091));
#9332=CARTESIAN_POINT('',(96.6043130614057,17.9070781254618));
#9333=CARTESIAN_POINT('',(0.,0.,0.));
#9334=(
GEOMETRIC_REPRESENTATION_CONTEXT(2)
PARAMETRIC_REPRESENTATION_CONTEXT()
REPRESENTATION_CONTEXT('pspace','')
);
ENDSEC;
END-ISO-10303-21;
