ISO-10303-21;
HEADER;
/* Generated by software containing ST-Developer
 * from STEP Tools, Inc. (www.steptools.com) 
 */
/* OPTION: using custom schema-name function */

FILE_DESCRIPTION(
/* description */ (''),
/* implementation_level */ '2;1');

FILE_NAME(
/* name */ 'O_A58F~1',
/* time_stamp */ '2026-05-24T18:50:02+08:00',
/* author */ (''),
/* organization */ (''),
/* preprocessor_version */ 'ST-DEVELOPER v16.5',
/* originating_system */ '',
/* authorisation */ '');

FILE_SCHEMA (('CONFIG_CONTROL_DESIGN'));
ENDSEC;

DATA;
#10=SHAPE_REPRESENTATION_RELATIONSHIP('','',#534,#12);
#11=MANIFOLD_SOLID_BREP('brep_14',#13);
#12=ADVANCED_BREP_SHAPE_REPRESENTATION('brep_rep_0',(#11,#536),#533);
#13=CLOSED_SHELL('',(#15,#16,#17,#18,#19,#20,#21,#22,#23,#24,#25,#26,#27,
#28,#29));
#14=FACE_BOUND('',#51,.T.);
#15=ADVANCED_FACE('',(#30),#440,.T.);
#16=ADVANCED_FACE('',(#31),#441,.T.);
#17=ADVANCED_FACE('',(#32),#442,.T.);
#18=ADVANCED_FACE('',(#33),#433,.T.);
#19=ADVANCED_FACE('',(#34),#434,.T.);
#20=ADVANCED_FACE('',(#35,#14),#435,.T.);
#21=ADVANCED_FACE('',(#36),#443,.T.);
#22=ADVANCED_FACE('',(#37),#444,.T.);
#23=ADVANCED_FACE('',(#38),#445,.T.);
#24=ADVANCED_FACE('',(#39),#436,.T.);
#25=ADVANCED_FACE('',(#40),#446,.T.);
#26=ADVANCED_FACE('',(#41),#437,.T.);
#27=ADVANCED_FACE('',(#42),#438,.T.);
#28=ADVANCED_FACE('',(#43),#447,.T.);
#29=ADVANCED_FACE('',(#44),#439,.T.);
#30=FACE_OUTER_BOUND('',#45,.T.);
#31=FACE_OUTER_BOUND('',#46,.T.);
#32=FACE_OUTER_BOUND('',#47,.T.);
#33=FACE_OUTER_BOUND('',#48,.T.);
#34=FACE_OUTER_BOUND('',#49,.T.);
#35=FACE_OUTER_BOUND('',#50,.T.);
#36=FACE_OUTER_BOUND('',#52,.T.);
#37=FACE_OUTER_BOUND('',#53,.T.);
#38=FACE_OUTER_BOUND('',#54,.T.);
#39=FACE_OUTER_BOUND('',#55,.T.);
#40=FACE_OUTER_BOUND('',#56,.T.);
#41=FACE_OUTER_BOUND('',#57,.T.);
#42=FACE_OUTER_BOUND('',#58,.T.);
#43=FACE_OUTER_BOUND('',#59,.T.);
#44=FACE_OUTER_BOUND('',#60,.T.);
#45=EDGE_LOOP('',(#61,#62,#63,#64,#65,#66));
#46=EDGE_LOOP('',(#67,#68,#69,#70,#71));
#47=EDGE_LOOP('',(#72,#73,#74,#75));
#48=EDGE_LOOP('',(#76,#77));
#49=EDGE_LOOP('',(#78,#79,#80,#81));
#50=EDGE_LOOP('',(#82,#83));
#51=EDGE_LOOP('',(#84,#85));
#52=EDGE_LOOP('',(#86,#87,#88,#89,#90,#91));
#53=EDGE_LOOP('',(#92,#93,#94,#95,#96));
#54=EDGE_LOOP('',(#97,#98,#99,#100));
#55=EDGE_LOOP('',(#101,#102,#103,#104));
#56=EDGE_LOOP('',(#105,#106,#107,#108,#109));
#57=EDGE_LOOP('',(#110,#111));
#58=EDGE_LOOP('',(#112,#113,#114,#115));
#59=EDGE_LOOP('',(#116,#117,#118,#119,#120));
#60=EDGE_LOOP('',(#121,#122,#123,#124));
#61=ORIENTED_EDGE('',*,*,#358,.T.);
#62=ORIENTED_EDGE('',*,*,#359,.T.);
#63=ORIENTED_EDGE('',*,*,#360,.T.);
#64=ORIENTED_EDGE('',*,*,#361,.T.);
#65=ORIENTED_EDGE('',*,*,#362,.T.);
#66=ORIENTED_EDGE('',*,*,#363,.T.);
#67=ORIENTED_EDGE('',*,*,#364,.T.);
#68=ORIENTED_EDGE('',*,*,#365,.T.);
#69=ORIENTED_EDGE('',*,*,#366,.T.);
#70=ORIENTED_EDGE('',*,*,#367,.T.);
#71=ORIENTED_EDGE('',*,*,#362,.F.);
#72=ORIENTED_EDGE('',*,*,#368,.T.);
#73=ORIENTED_EDGE('',*,*,#369,.T.);
#74=ORIENTED_EDGE('',*,*,#370,.T.);
#75=ORIENTED_EDGE('',*,*,#371,.T.);
#76=ORIENTED_EDGE('',*,*,#372,.T.);
#77=ORIENTED_EDGE('',*,*,#373,.T.);
#78=ORIENTED_EDGE('',*,*,#369,.F.);
#79=ORIENTED_EDGE('',*,*,#374,.T.);
#80=ORIENTED_EDGE('',*,*,#372,.F.);
#81=ORIENTED_EDGE('',*,*,#375,.T.);
#82=ORIENTED_EDGE('',*,*,#376,.T.);
#83=ORIENTED_EDGE('',*,*,#371,.F.);
#84=ORIENTED_EDGE('',*,*,#377,.T.);
#85=ORIENTED_EDGE('',*,*,#365,.F.);
#86=ORIENTED_EDGE('',*,*,#378,.T.);
#87=ORIENTED_EDGE('',*,*,#379,.T.);
#88=ORIENTED_EDGE('',*,*,#363,.F.);
#89=ORIENTED_EDGE('',*,*,#367,.F.);
#90=ORIENTED_EDGE('',*,*,#380,.T.);
#91=ORIENTED_EDGE('',*,*,#360,.F.);
#92=ORIENTED_EDGE('',*,*,#361,.F.);
#93=ORIENTED_EDGE('',*,*,#380,.F.);
#94=ORIENTED_EDGE('',*,*,#366,.F.);
#95=ORIENTED_EDGE('',*,*,#377,.F.);
#96=ORIENTED_EDGE('',*,*,#364,.F.);
#97=ORIENTED_EDGE('',*,*,#376,.F.);
#98=ORIENTED_EDGE('',*,*,#370,.F.);
#99=ORIENTED_EDGE('',*,*,#381,.T.);
#100=ORIENTED_EDGE('',*,*,#368,.F.);
#101=ORIENTED_EDGE('',*,*,#381,.F.);
#102=ORIENTED_EDGE('',*,*,#375,.F.);
#103=ORIENTED_EDGE('',*,*,#373,.F.);
#104=ORIENTED_EDGE('',*,*,#374,.F.);
#105=ORIENTED_EDGE('',*,*,#382,.T.);
#106=ORIENTED_EDGE('',*,*,#358,.F.);
#107=ORIENTED_EDGE('',*,*,#379,.F.);
#108=ORIENTED_EDGE('',*,*,#383,.T.);
#109=ORIENTED_EDGE('',*,*,#384,.T.);
#110=ORIENTED_EDGE('',*,*,#385,.T.);
#111=ORIENTED_EDGE('',*,*,#386,.T.);
#112=ORIENTED_EDGE('',*,*,#385,.F.);
#113=ORIENTED_EDGE('',*,*,#387,.T.);
#114=ORIENTED_EDGE('',*,*,#388,.T.);
#115=ORIENTED_EDGE('',*,*,#389,.T.);
#116=ORIENTED_EDGE('',*,*,#388,.F.);
#117=ORIENTED_EDGE('',*,*,#383,.F.);
#118=ORIENTED_EDGE('',*,*,#378,.F.);
#119=ORIENTED_EDGE('',*,*,#359,.F.);
#120=ORIENTED_EDGE('',*,*,#382,.F.);
#121=ORIENTED_EDGE('',*,*,#389,.F.);
#122=ORIENTED_EDGE('',*,*,#384,.F.);
#123=ORIENTED_EDGE('',*,*,#387,.F.);
#124=ORIENTED_EDGE('',*,*,#386,.F.);
#125=PCURVE('',#440,#189);
#126=PCURVE('',#440,#190);
#127=PCURVE('',#440,#191);
#128=PCURVE('',#440,#192);
#129=PCURVE('',#440,#193);
#130=PCURVE('',#440,#194);
#131=PCURVE('',#441,#195);
#132=PCURVE('',#441,#196);
#133=PCURVE('',#441,#197);
#134=PCURVE('',#441,#198);
#135=PCURVE('',#441,#199);
#136=PCURVE('',#442,#200);
#137=PCURVE('',#442,#201);
#138=PCURVE('',#442,#202);
#139=PCURVE('',#442,#203);
#140=PCURVE('',#433,#204);
#141=PCURVE('',#433,#205);
#142=PCURVE('',#434,#206);
#143=PCURVE('',#434,#207);
#144=PCURVE('',#434,#208);
#145=PCURVE('',#434,#209);
#146=PCURVE('',#435,#210);
#147=PCURVE('',#435,#211);
#148=PCURVE('',#435,#212);
#149=PCURVE('',#435,#213);
#150=PCURVE('',#443,#214);
#151=PCURVE('',#443,#215);
#152=PCURVE('',#443,#216);
#153=PCURVE('',#443,#217);
#154=PCURVE('',#443,#218);
#155=PCURVE('',#443,#219);
#156=PCURVE('',#444,#220);
#157=PCURVE('',#444,#221);
#158=PCURVE('',#444,#222);
#159=PCURVE('',#444,#223);
#160=PCURVE('',#444,#224);
#161=PCURVE('',#445,#225);
#162=PCURVE('',#445,#226);
#163=PCURVE('',#445,#227);
#164=PCURVE('',#445,#228);
#165=PCURVE('',#436,#229);
#166=PCURVE('',#436,#230);
#167=PCURVE('',#436,#231);
#168=PCURVE('',#436,#232);
#169=PCURVE('',#446,#233);
#170=PCURVE('',#446,#234);
#171=PCURVE('',#446,#235);
#172=PCURVE('',#446,#236);
#173=PCURVE('',#446,#237);
#174=PCURVE('',#437,#238);
#175=PCURVE('',#437,#239);
#176=PCURVE('',#438,#240);
#177=PCURVE('',#438,#241);
#178=PCURVE('',#438,#242);
#179=PCURVE('',#438,#243);
#180=PCURVE('',#447,#244);
#181=PCURVE('',#447,#245);
#182=PCURVE('',#447,#246);
#183=PCURVE('',#447,#247);
#184=PCURVE('',#447,#248);
#185=PCURVE('',#439,#249);
#186=PCURVE('',#439,#250);
#187=PCURVE('',#439,#251);
#188=PCURVE('',#439,#252);
#189=DEFINITIONAL_REPRESENTATION('',(#253),#1315);
#190=DEFINITIONAL_REPRESENTATION('',(#254),#1315);
#191=DEFINITIONAL_REPRESENTATION('',(#255),#1315);
#192=DEFINITIONAL_REPRESENTATION('',(#256),#1315);
#193=DEFINITIONAL_REPRESENTATION('',(#257),#1315);
#194=DEFINITIONAL_REPRESENTATION('',(#259),#1315);
#195=DEFINITIONAL_REPRESENTATION('',(#260),#1315);
#196=DEFINITIONAL_REPRESENTATION('',(#261),#1315);
#197=DEFINITIONAL_REPRESENTATION('',(#262),#1315);
#198=DEFINITIONAL_REPRESENTATION('',(#263),#1315);
#199=DEFINITIONAL_REPRESENTATION('',(#264),#1315);
#200=DEFINITIONAL_REPRESENTATION('',(#265),#1315);
#201=DEFINITIONAL_REPRESENTATION('',(#267),#1315);
#202=DEFINITIONAL_REPRESENTATION('',(#268),#1315);
#203=DEFINITIONAL_REPRESENTATION('',(#269),#1315);
#204=DEFINITIONAL_REPRESENTATION('',(#271),#1315);
#205=DEFINITIONAL_REPRESENTATION('',(#273),#1315);
#206=DEFINITIONAL_REPRESENTATION('',(#274),#1315);
#207=DEFINITIONAL_REPRESENTATION('',(#276),#1315);
#208=DEFINITIONAL_REPRESENTATION('',(#277),#1315);
#209=DEFINITIONAL_REPRESENTATION('',(#279),#1315);
#210=DEFINITIONAL_REPRESENTATION('',(#403),#1315);
#211=DEFINITIONAL_REPRESENTATION('',(#404),#1315);
#212=DEFINITIONAL_REPRESENTATION('',(#406),#1315);
#213=DEFINITIONAL_REPRESENTATION('',(#407),#1315);
#214=DEFINITIONAL_REPRESENTATION('',(#280),#1315);
#215=DEFINITIONAL_REPRESENTATION('',(#281),#1315);
#216=DEFINITIONAL_REPRESENTATION('',(#282),#1315);
#217=DEFINITIONAL_REPRESENTATION('',(#283),#1315);
#218=DEFINITIONAL_REPRESENTATION('',(#284),#1315);
#219=DEFINITIONAL_REPRESENTATION('',(#285),#1315);
#220=DEFINITIONAL_REPRESENTATION('',(#286),#1315);
#221=DEFINITIONAL_REPRESENTATION('',(#287),#1315);
#222=DEFINITIONAL_REPRESENTATION('',(#288),#1315);
#223=DEFINITIONAL_REPRESENTATION('',(#289),#1315);
#224=DEFINITIONAL_REPRESENTATION('',(#290),#1315);
#225=DEFINITIONAL_REPRESENTATION('',(#291),#1315);
#226=DEFINITIONAL_REPRESENTATION('',(#292),#1315);
#227=DEFINITIONAL_REPRESENTATION('',(#294),#1315);
#228=DEFINITIONAL_REPRESENTATION('',(#295),#1315);
#229=DEFINITIONAL_REPRESENTATION('',(#296),#1315);
#230=DEFINITIONAL_REPRESENTATION('',(#297),#1315);
#231=DEFINITIONAL_REPRESENTATION('',(#298),#1315);
#232=DEFINITIONAL_REPRESENTATION('',(#299),#1315);
#233=DEFINITIONAL_REPRESENTATION('',(#300),#1315);
#234=DEFINITIONAL_REPRESENTATION('',(#301),#1315);
#235=DEFINITIONAL_REPRESENTATION('',(#302),#1315);
#236=DEFINITIONAL_REPRESENTATION('',(#303),#1315);
#237=DEFINITIONAL_REPRESENTATION('',(#305),#1315);
#238=DEFINITIONAL_REPRESENTATION('',(#307),#1315);
#239=DEFINITIONAL_REPRESENTATION('',(#309),#1315);
#240=DEFINITIONAL_REPRESENTATION('',(#310),#1315);
#241=DEFINITIONAL_REPRESENTATION('',(#312),#1315);
#242=DEFINITIONAL_REPRESENTATION('',(#314),#1315);
#243=DEFINITIONAL_REPRESENTATION('',(#316),#1315);
#244=DEFINITIONAL_REPRESENTATION('',(#317),#1315);
#245=DEFINITIONAL_REPRESENTATION('',(#318),#1315);
#246=DEFINITIONAL_REPRESENTATION('',(#319),#1315);
#247=DEFINITIONAL_REPRESENTATION('',(#320),#1315);
#248=DEFINITIONAL_REPRESENTATION('',(#321),#1315);
#249=DEFINITIONAL_REPRESENTATION('',(#322),#1315);
#250=DEFINITIONAL_REPRESENTATION('',(#323),#1315);
#251=DEFINITIONAL_REPRESENTATION('',(#324),#1315);
#252=DEFINITIONAL_REPRESENTATION('',(#325),#1315);
#253=B_SPLINE_CURVE_WITH_KNOTS('',1,(#809,#810),.UNSPECIFIED.,.F.,.F.,(2,
2),(-4.85132291904696E-13,18.7596297571465),.UNSPECIFIED.);
#254=B_SPLINE_CURVE_WITH_KNOTS('',1,(#814,#815),.UNSPECIFIED.,.F.,.F.,(2,
2),(18.7596297571465,37.5192595142936),.UNSPECIFIED.);
#255=B_SPLINE_CURVE_WITH_KNOTS('',1,(#818,#819),.UNSPECIFIED.,.F.,.F.,(2,
2),(9.10171380777913,9.58085463897959),.UNSPECIFIED.);
#256=B_SPLINE_CURVE_WITH_KNOTS('',1,(#830,#831),.UNSPECIFIED.,.F.,.F.,(2,
2),(-14.5033418519098,0.),.UNSPECIFIED.);
#257=B_SPLINE_CURVE_WITH_KNOTS('',1,(#842,#843),.UNSPECIFIED.,.F.,.F.,(2,
2),(0.,14.5033430637408),.UNSPECIFIED.);
#258=B_SPLINE_CURVE_WITH_KNOTS('',1,(#844,#845),.UNSPECIFIED.,.F.,.F.,(2,
2),(0.,0.478905392391295),.UNSPECIFIED.);
#259=B_SPLINE_CURVE_WITH_KNOTS('',1,(#846,#847),.UNSPECIFIED.,.F.,.F.,(2,
2),(0.,0.478905392391295),.UNSPECIFIED.);
#260=B_SPLINE_CURVE_WITH_KNOTS('',1,(#850,#851),.UNSPECIFIED.,.F.,.F.,(2,
2),(0.,4.36483326038601),.UNSPECIFIED.);
#261=B_SPLINE_CURVE_WITH_KNOTS('',1,(#857,#858),.UNSPECIFIED.,.F.,.F.,(2,
2),(0.,35.9999999999992),.UNSPECIFIED.);
#262=B_SPLINE_CURVE_WITH_KNOTS('',1,(#861,#862),.UNSPECIFIED.,.F.,.F.,(2,
2),(0.,4.364607442422),.UNSPECIFIED.);
#263=B_SPLINE_CURVE_WITH_KNOTS('',1,(#879,#880),.UNSPECIFIED.,.F.,.F.,(2,
2),(0.,14.503416337031),.UNSPECIFIED.);
#264=B_SPLINE_CURVE_WITH_KNOTS('',1,(#881,#882),.UNSPECIFIED.,.F.,.F.,(2,
2),(0.,14.5033430637408),.UNSPECIFIED.);
#265=B_SPLINE_CURVE_WITH_KNOTS('',1,(#885,#886),.UNSPECIFIED.,.F.,.F.,(2,
2),(-22.4301936231607,0.),.UNSPECIFIED.);
#266=B_SPLINE_CURVE_WITH_KNOTS('',3,(#887,#888,#889,#890,#891,#892,#893,
#894,#895,#896,#897,#898,#899,#900,#901,#902,#903,#904,#905,#906),
 .UNSPECIFIED.,.F.,.F.,(4,1,1,1,1,1,1,1,1,1,1,1,1,1,1,1,1,4),(-26.8606084550409,
-26.860607404838,-24.9916702330274,-23.4248315444448,-21.8003592891713,
-20.1454555536288,-18.4905518180858,-16.8660795628116,-15.2992408742291,
-13.4303037024194,-11.5613665306089,-9.99452784202597,-8.37005558675183,
-6.71515185120997,-5.06024811566712,-3.43577586039295,-1.86893717181042,
0.),.UNSPECIFIED.);
#267=B_SPLINE_CURVE_WITH_KNOTS('',1,(#907,#908),.UNSPECIFIED.,.F.,.F.,(2,
2),(-26.8606084550409,0.),.UNSPECIFIED.);
#268=B_SPLINE_CURVE_WITH_KNOTS('',1,(#911,#912),.UNSPECIFIED.,.F.,.F.,(2,
2),(-22.4301936231051,0.),.UNSPECIFIED.);
#269=B_SPLINE_CURVE_WITH_KNOTS('',1,(#918,#919),.UNSPECIFIED.,.F.,.F.,(2,
2),(-38.2001221021623,0.),.UNSPECIFIED.);
#270=B_SPLINE_CURVE_WITH_KNOTS('',3,(#920,#921,#922,#923,#924,#925,#926,
#927,#928,#929,#930,#931,#932,#933,#934,#935,#936,#937,#938),
 .UNSPECIFIED.,.F.,.F.,(4,1,1,1,1,1,1,1,1,1,1,1,1,1,1,1,4),(0.,1.8689372448826,
3.43577599472579,5.06024831351399,6.71515211376068,8.37005591400639,9.99452823279456,
11.5613669826381,13.4303042275208,15.2992414724027,16.8660802222459,18.4905525410341,
20.1454563412809,21.8003601415273,23.4248324603148,24.9916712101581,26.8606084550409),
 .UNSPECIFIED.);
#271=B_SPLINE_CURVE_WITH_KNOTS('',3,(#939,#940,#941,#942,#943,#944,#945,
#946,#947,#948,#949,#950,#951,#952,#953,#954,#955,#956,#957,#958,#959,#960,
#961,#962,#963,#964,#965,#966,#967,#968,#969,#970,#971,#972,#973,#974,#975,
#976,#977,#978,#979,#980,#981,#982,#983,#984,#985,#986,#987),
 .UNSPECIFIED.,.F.,.F.,(4,3,3,3,3,3,3,3,3,3,3,3,3,3,3,3,4),(0.,1.8689372448826,
3.43577599472579,5.06024831351399,6.71515211376068,8.37005591400639,9.99452823279456,
11.5613669826381,13.4303042275208,15.2992414724027,16.8660802222459,18.4905525410341,
20.1454563412809,21.8003601415273,23.4248324603148,24.9916712101581,26.8606084550409),
 .UNSPECIFIED.);
#272=B_SPLINE_CURVE_WITH_KNOTS('',3,(#988,#989,#990,#991,#992,#993,#994,
#995,#996,#997,#998,#999,#1000,#1001,#1002,#1003,#1004,#1005,#1006),
 .UNSPECIFIED.,.F.,.F.,(4,1,1,1,1,1,1,1,1,1,1,1,1,1,1,1,4),(26.8606084550409,
28.7295456999231,30.2963844497667,31.9208567685545,33.5757605688013,35.2306643690472,
36.8551366878351,38.4219754376787,40.2909126825613,42.1598499274437,43.7266886772871,
45.3511609960753,47.006064796322,48.6609685965683,50.285440915356,51.8522796651991,
53.7212169100818),.UNSPECIFIED.);
#273=B_SPLINE_CURVE_WITH_KNOTS('',3,(#1007,#1008,#1009,#1010,#1011,#1012,
#1013,#1014,#1015,#1016,#1017,#1018,#1019,#1020,#1021,#1022,#1023,#1024,
#1025,#1026,#1027,#1028,#1029,#1030,#1031,#1032,#1033,#1034,#1035,#1036,
#1037,#1038,#1039,#1040,#1041,#1042,#1043,#1044,#1045,#1046,#1047,#1048,
#1049,#1050,#1051,#1052,#1053,#1054,#1055),.UNSPECIFIED.,.F.,.F.,(4,3,3,
3,3,3,3,3,3,3,3,3,3,3,3,3,4),(26.8606084550409,28.7295456999231,30.2963844497667,
31.9208567685545,33.5757605688013,35.2306643690472,36.8551366878351,38.4219754376787,
40.2909126825613,42.1598499274437,43.7266886772871,45.3511609960753,47.006064796322,
48.6609685965683,50.285440915356,51.8522796651991,53.7212169100818),
 .UNSPECIFIED.);
#274=B_SPLINE_CURVE_WITH_KNOTS('',1,(#1056,#1057),.UNSPECIFIED.,.F.,.F.,
(2,2),(-26.8606084550409,0.),.UNSPECIFIED.);
#275=B_SPLINE_CURVE_WITH_KNOTS('',1,(#1058,#1059),.UNSPECIFIED.,.F.,.F.,
(2,2),(0.,1.),.UNSPECIFIED.);
#276=B_SPLINE_CURVE_WITH_KNOTS('',1,(#1060,#1061),.UNSPECIFIED.,.F.,.F.,
(2,2),(0.,1.),.UNSPECIFIED.);
#277=B_SPLINE_CURVE_WITH_KNOTS('',1,(#1062,#1063),.UNSPECIFIED.,.F.,.F.,
(2,2),(0.,26.8606084550409),.UNSPECIFIED.);
#278=B_SPLINE_CURVE_WITH_KNOTS('',1,(#1064,#1065),.UNSPECIFIED.,.F.,.F.,
(2,2),(-1.,0.),.UNSPECIFIED.);
#279=B_SPLINE_CURVE_WITH_KNOTS('',1,(#1066,#1067),.UNSPECIFIED.,.F.,.F.,
(2,2),(-1.,0.),.UNSPECIFIED.);
#280=B_SPLINE_CURVE_WITH_KNOTS('',1,(#1101,#1102),.UNSPECIFIED.,.F.,.F.,
(2,2),(37.5192595142932,56.2788892714393),.UNSPECIFIED.);
#281=B_SPLINE_CURVE_WITH_KNOTS('',1,(#1106,#1107),.UNSPECIFIED.,.F.,.F.,
(2,2),(56.2788892714393,75.0385190285856),.UNSPECIFIED.);
#282=B_SPLINE_CURVE_WITH_KNOTS('',1,(#1108,#1109),.UNSPECIFIED.,.F.,.F.,
(2,2),(0.,0.478905392391295),.UNSPECIFIED.);
#283=B_SPLINE_CURVE_WITH_KNOTS('',1,(#1110,#1111),.UNSPECIFIED.,.F.,.F.,
(2,2),(0.,14.503416337031),.UNSPECIFIED.);
#284=B_SPLINE_CURVE_WITH_KNOTS('',1,(#1122,#1123),.UNSPECIFIED.,.F.,.F.,
(2,2),(-14.5034233088166,0.),.UNSPECIFIED.);
#285=B_SPLINE_CURVE_WITH_KNOTS('',1,(#1124,#1125),.UNSPECIFIED.,.F.,.F.,
(2,2),(9.10171380777913,9.58085463897959),.UNSPECIFIED.);
#286=B_SPLINE_CURVE_WITH_KNOTS('',1,(#1126,#1127),.UNSPECIFIED.,.F.,.F.,
(2,2),(-14.5033418519098,0.),.UNSPECIFIED.);
#287=B_SPLINE_CURVE_WITH_KNOTS('',1,(#1128,#1129),.UNSPECIFIED.,.F.,.F.,
(2,2),(-14.5034233088166,0.),.UNSPECIFIED.);
#288=B_SPLINE_CURVE_WITH_KNOTS('',1,(#1130,#1131),.UNSPECIFIED.,.F.,.F.,
(2,2),(0.,4.364607442422),.UNSPECIFIED.);
#289=B_SPLINE_CURVE_WITH_KNOTS('',1,(#1132,#1133),.UNSPECIFIED.,.F.,.F.,
(2,2),(-36.0000000000006,0.),.UNSPECIFIED.);
#290=B_SPLINE_CURVE_WITH_KNOTS('',1,(#1134,#1135),.UNSPECIFIED.,.F.,.F.,
(2,2),(0.,4.36483326038601),.UNSPECIFIED.);
#291=B_SPLINE_CURVE_WITH_KNOTS('',1,(#1136,#1137),.UNSPECIFIED.,.F.,.F.,
(2,2),(0.,38.2001221021625),.UNSPECIFIED.);
#292=B_SPLINE_CURVE_WITH_KNOTS('',1,(#1138,#1139),.UNSPECIFIED.,.F.,.F.,
(2,2),(-22.4301936231051,0.),.UNSPECIFIED.);
#293=B_SPLINE_CURVE_WITH_KNOTS('',3,(#1140,#1141,#1142,#1143,#1144,#1145,
#1146,#1147,#1148,#1149,#1150,#1151,#1152,#1153,#1154,#1155,#1156,#1157,
#1158),.UNSPECIFIED.,.F.,.F.,(4,1,1,1,1,1,1,1,1,1,1,1,1,1,1,1,4),(-53.7212169100818,
-51.8522795921269,-50.2854407810231,-48.6609683987214,-47.0060645337713,
-45.3511606688207,-43.7266882865185,-42.1598494754144,-40.2909121574598,
-38.421974839505,-36.8551360284008,-35.2306636460988,-33.5757597811491,
-31.9208559161984,-30.2963835338966,-28.7295447227923,-26.8606084550409),
 .UNSPECIFIED.);
#294=B_SPLINE_CURVE_WITH_KNOTS('',1,(#1159,#1160),.UNSPECIFIED.,.F.,.F.,
(2,2),(-53.7212169100818,-26.8606084550409),.UNSPECIFIED.);
#295=B_SPLINE_CURVE_WITH_KNOTS('',1,(#1161,#1162),.UNSPECIFIED.,.F.,.F.,
(2,2),(-22.4301936231607,0.),.UNSPECIFIED.);
#296=B_SPLINE_CURVE_WITH_KNOTS('',1,(#1163,#1164),.UNSPECIFIED.,.F.,.F.,
(2,2),(-53.7212169100818,-26.8606084550409),.UNSPECIFIED.);
#297=B_SPLINE_CURVE_WITH_KNOTS('',1,(#1165,#1166),.UNSPECIFIED.,.F.,.F.,
(2,2),(-1.,0.),.UNSPECIFIED.);
#298=B_SPLINE_CURVE_WITH_KNOTS('',1,(#1167,#1168),.UNSPECIFIED.,.F.,.F.,
(2,2),(26.8606084550409,53.7212169100818),.UNSPECIFIED.);
#299=B_SPLINE_CURVE_WITH_KNOTS('',1,(#1169,#1170),.UNSPECIFIED.,.F.,.F.,
(2,2),(0.,1.),.UNSPECIFIED.);
#300=B_SPLINE_CURVE_WITH_KNOTS('',1,(#1173,#1174),.UNSPECIFIED.,.F.,.F.,
(2,2),(10.0031610915832,117.072227301122),.UNSPECIFIED.);
#301=B_SPLINE_CURVE_WITH_KNOTS('',1,(#1175,#1176),.UNSPECIFIED.,.F.,.F.,
(2,2),(-4.85132291904696E-13,18.7596297571465),.UNSPECIFIED.);
#302=B_SPLINE_CURVE_WITH_KNOTS('',1,(#1177,#1178),.UNSPECIFIED.,.F.,.F.,
(2,2),(56.2788892714393,75.0385190285856),.UNSPECIFIED.);
#303=B_SPLINE_CURVE_WITH_KNOTS('',1,(#1181,#1182),.UNSPECIFIED.,.F.,.F.,
(2,2),(-117.07222730112,-10.0031610915844),.UNSPECIFIED.);
#304=B_SPLINE_CURVE_WITH_KNOTS('',3,(#1183,#1184,#1185,#1186,#1187,#1188,
#1189,#1190,#1191,#1192,#1193,#1194),.UNSPECIFIED.,.F.,.F.,(4,1,1,1,1,1,
1,1,1,4),(-49.3228052785992,-46.3636879468284,-43.1574546187743,-39.9512212907201,
-36.9921039589494,-34.0329866271787,-30.8267532991245,-27.6205199710703,
-24.6614026392996,-24.6613995341396),.UNSPECIFIED.);
#305=B_SPLINE_CURVE_WITH_KNOTS('',3,(#1195,#1196,#1197,#1198),
 .UNSPECIFIED.,.F.,.F.,(4,4),(-49.3228052785992,-24.6613995341396),
 .UNSPECIFIED.);
#306=B_SPLINE_CURVE_WITH_KNOTS('',3,(#1199,#1200,#1201,#1202,#1203,#1204,
#1205,#1206,#1207,#1208,#1209),.UNSPECIFIED.,.F.,.F.,(4,1,1,1,1,1,1,1,4),
(0.,2.95911733177065,6.16535065982492,9.37158398787908,12.3307013196498,
15.2898186514205,18.4960519794747,21.7022853075289,24.6614026392996),
 .UNSPECIFIED.);
#307=B_SPLINE_CURVE_WITH_KNOTS('',3,(#1210,#1211,#1212,#1213,#1214,#1215,
#1216,#1217,#1218,#1219,#1220,#1221,#1222,#1223,#1224,#1225,#1226,#1227,
#1228,#1229,#1230,#1231,#1232,#1233,#1234),.UNSPECIFIED.,.F.,.F.,(4,3,3,
3,3,3,3,3,4),(0.,2.95911733177065,6.16535065982488,9.37158398787902,12.3307013196497,
15.2898186514204,18.4960519794746,21.7022853075287,24.6614026392996),
 .UNSPECIFIED.);
#308=B_SPLINE_CURVE_WITH_KNOTS('',3,(#1235,#1236,#1237,#1238,#1239,#1240,
#1241,#1242,#1243,#1244,#1245),.UNSPECIFIED.,.F.,.F.,(4,1,1,1,1,1,1,1,4),
(24.6614026392996,27.6205199710703,30.8267532991245,34.0329866271787,36.9921039589494,
39.9512212907201,43.1574546187743,46.3636879468284,49.3228052785992),
 .UNSPECIFIED.);
#309=B_SPLINE_CURVE_WITH_KNOTS('',3,(#1246,#1247,#1248,#1249,#1250,#1251,
#1252,#1253,#1254,#1255,#1256,#1257,#1258,#1259,#1260,#1261,#1262,#1263,
#1264,#1265,#1266,#1267,#1268,#1269,#1270),.UNSPECIFIED.,.F.,.F.,(4,3,3,
3,3,3,3,3,4),(24.6614026392996,27.6205199710702,30.8267532991244,34.0329866271786,
36.9921039589493,39.95122129072,43.1574546187742,46.3636879468284,49.3228052785992),
 .UNSPECIFIED.);
#310=B_SPLINE_CURVE_WITH_KNOTS('',1,(#1271,#1272),.UNSPECIFIED.,.F.,.F.,
(2,2),(0.,24.6614026392996),.UNSPECIFIED.);
#311=B_SPLINE_CURVE_WITH_KNOTS('',1,(#1273,#1274),.UNSPECIFIED.,.F.,.F.,
(2,2),(0.,1.),.UNSPECIFIED.);
#312=B_SPLINE_CURVE_WITH_KNOTS('',1,(#1275,#1276),.UNSPECIFIED.,.F.,.F.,
(2,2),(0.,1.),.UNSPECIFIED.);
#313=B_SPLINE_CURVE_WITH_KNOTS('',3,(#1277,#1278,#1279,#1280,#1281,#1282,
#1283,#1284,#1285,#1286,#1287),.UNSPECIFIED.,.F.,.F.,(4,1,1,1,1,1,1,1,4),
(0.,2.95911733177065,6.16535065982492,9.37158398787908,12.3307013196498,
15.2898186514205,18.4960519794747,21.7022853075289,24.6613995341396),
 .UNSPECIFIED.);
#314=B_SPLINE_CURVE_WITH_KNOTS('',1,(#1288,#1289),.UNSPECIFIED.,.F.,.F.,
(2,2),(0.,24.6613995341396),.UNSPECIFIED.);
#315=B_SPLINE_CURVE_WITH_KNOTS('',1,(#1290,#1291),.UNSPECIFIED.,.F.,.F.,
(2,2),(-1.,0.),.UNSPECIFIED.);
#316=B_SPLINE_CURVE_WITH_KNOTS('',1,(#1292,#1293),.UNSPECIFIED.,.F.,.F.,
(2,2),(-1.,0.),.UNSPECIFIED.);
#317=B_SPLINE_CURVE_WITH_KNOTS('',3,(#1294,#1295,#1296,#1297),
 .UNSPECIFIED.,.F.,.F.,(4,4),(0.,24.6613995341396),.UNSPECIFIED.);
#318=B_SPLINE_CURVE_WITH_KNOTS('',1,(#1298,#1299),.UNSPECIFIED.,.F.,.F.,
(2,2),(-117.07222730112,-10.0031610915844),.UNSPECIFIED.);
#319=B_SPLINE_CURVE_WITH_KNOTS('',1,(#1300,#1301),.UNSPECIFIED.,.F.,.F.,
(2,2),(37.5192595142932,56.2788892714393),.UNSPECIFIED.);
#320=B_SPLINE_CURVE_WITH_KNOTS('',1,(#1302,#1303),.UNSPECIFIED.,.F.,.F.,
(2,2),(18.7596297571465,37.5192595142936),.UNSPECIFIED.);
#321=B_SPLINE_CURVE_WITH_KNOTS('',1,(#1304,#1305),.UNSPECIFIED.,.F.,.F.,
(2,2),(10.0031610915832,117.072227301122),.UNSPECIFIED.);
#322=B_SPLINE_CURVE_WITH_KNOTS('',1,(#1306,#1307),.UNSPECIFIED.,.F.,.F.,
(2,2),(-1.,0.),.UNSPECIFIED.);
#323=B_SPLINE_CURVE_WITH_KNOTS('',1,(#1308,#1309),.UNSPECIFIED.,.F.,.F.,
(2,2),(-49.3228052785992,-24.6613995341396),.UNSPECIFIED.);
#324=B_SPLINE_CURVE_WITH_KNOTS('',1,(#1310,#1311),.UNSPECIFIED.,.F.,.F.,
(2,2),(0.,1.),.UNSPECIFIED.);
#325=B_SPLINE_CURVE_WITH_KNOTS('',1,(#1312,#1313),.UNSPECIFIED.,.F.,.F.,
(2,2),(24.6614026392996,49.3228052785992),.UNSPECIFIED.);
#326=SURFACE_CURVE('',#390,(#125,#170),.PCURVE_S1.);
#327=SURFACE_CURVE('',#391,(#126,#183),.PCURVE_S1.);
#328=SURFACE_CURVE('',#392,(#127,#155),.PCURVE_S1.);
#329=SURFACE_CURVE('',#393,(#128,#156),.PCURVE_S1.);
#330=SURFACE_CURVE('',#394,(#129,#135),.PCURVE_S1.);
#331=SURFACE_CURVE('',#258,(#130,#152),.PCURVE_S1.);
#332=SURFACE_CURVE('',#395,(#131,#160),.PCURVE_S1.);
#333=SURFACE_CURVE('',#396,(#132,#149),.PCURVE_S1.);
#334=SURFACE_CURVE('',#397,(#133,#158),.PCURVE_S1.);
#335=SURFACE_CURVE('',#398,(#134,#153),.PCURVE_S1.);
#336=SURFACE_CURVE('',#399,(#136,#164),.PCURVE_S1.);
#337=SURFACE_CURVE('',#266,(#137,#142),.PCURVE_S1.);
#338=SURFACE_CURVE('',#400,(#138,#162),.PCURVE_S1.);
#339=SURFACE_CURVE('',#401,(#139,#147),.PCURVE_S1.);
#340=SURFACE_CURVE('',#270,(#140,#144),.PCURVE_S1.);
#341=SURFACE_CURVE('',#272,(#141,#167),.PCURVE_S1.);
#342=SURFACE_CURVE('',#275,(#143,#168),.PCURVE_S1.);
#343=SURFACE_CURVE('',#278,(#145,#166),.PCURVE_S1.);
#344=SURFACE_CURVE('',#402,(#146,#161),.PCURVE_S1.);
#345=SURFACE_CURVE('',#405,(#148,#159),.PCURVE_S1.);
#346=SURFACE_CURVE('',#408,(#150,#182),.PCURVE_S1.);
#347=SURFACE_CURVE('',#409,(#151,#171),.PCURVE_S1.);
#348=SURFACE_CURVE('',#410,(#154,#157),.PCURVE_S1.);
#349=SURFACE_CURVE('',#293,(#163,#165),.PCURVE_S1.);
#350=SURFACE_CURVE('',#411,(#169,#184),.PCURVE_S1.);
#351=SURFACE_CURVE('',#412,(#172,#181),.PCURVE_S1.);
#352=SURFACE_CURVE('',#304,(#173,#186),.PCURVE_S1.);
#353=SURFACE_CURVE('',#306,(#174,#176),.PCURVE_S1.);
#354=SURFACE_CURVE('',#308,(#175,#188),.PCURVE_S1.);
#355=SURFACE_CURVE('',#311,(#177,#187),.PCURVE_S1.);
#356=SURFACE_CURVE('',#313,(#178,#180),.PCURVE_S1.);
#357=SURFACE_CURVE('',#315,(#179,#185),.PCURVE_S1.);
#358=EDGE_CURVE('',#425,#431,#326,.T.);
#359=EDGE_CURVE('',#431,#426,#327,.T.);
#360=EDGE_CURVE('',#426,#413,#328,.T.);
#361=EDGE_CURVE('',#413,#414,#329,.T.);
#362=EDGE_CURVE('',#414,#415,#330,.T.);
#363=EDGE_CURVE('',#415,#425,#331,.T.);
#364=EDGE_CURVE('',#414,#416,#332,.T.);
#365=EDGE_CURVE('',#416,#417,#333,.T.);
#366=EDGE_CURVE('',#417,#418,#334,.T.);
#367=EDGE_CURVE('',#418,#415,#335,.T.);
#368=EDGE_CURVE('',#419,#420,#336,.T.);
#369=EDGE_CURVE('',#420,#421,#337,.T.);
#370=EDGE_CURVE('',#421,#422,#338,.T.);
#371=EDGE_CURVE('',#422,#419,#339,.T.);
#372=EDGE_CURVE('',#423,#424,#340,.T.);
#373=EDGE_CURVE('',#424,#423,#341,.T.);
#374=EDGE_CURVE('',#420,#424,#342,.T.);
#375=EDGE_CURVE('',#423,#421,#343,.T.);
#376=EDGE_CURVE('',#422,#419,#344,.T.);
#377=EDGE_CURVE('',#416,#417,#345,.T.);
#378=EDGE_CURVE('',#426,#427,#346,.T.);
#379=EDGE_CURVE('',#427,#425,#347,.T.);
#380=EDGE_CURVE('',#418,#413,#348,.T.);
#381=EDGE_CURVE('',#421,#420,#349,.T.);
#382=EDGE_CURVE('',#430,#431,#350,.T.);
#383=EDGE_CURVE('',#427,#428,#351,.T.);
#384=EDGE_CURVE('',#428,#430,#352,.T.);
#385=EDGE_CURVE('',#429,#432,#353,.T.);
#386=EDGE_CURVE('',#432,#429,#354,.T.);
#387=EDGE_CURVE('',#429,#428,#355,.T.);
#388=EDGE_CURVE('',#428,#430,#356,.T.);
#389=EDGE_CURVE('',#430,#432,#357,.T.);
#390=(
BOUNDED_CURVE()
B_SPLINE_CURVE(2,(#806,#807,#808),.UNSPECIFIED.,.F.,.F.)
B_SPLINE_CURVE_WITH_KNOTS((3,3),(-4.85132291904696E-13,18.7596297571465),
 .UNSPECIFIED.)
CURVE()
GEOMETRIC_REPRESENTATION_ITEM()
RATIONAL_B_SPLINE_CURVE((1.,0.707106781186531,1.))
REPRESENTATION_ITEM('')
);
#391=(
BOUNDED_CURVE()
B_SPLINE_CURVE(2,(#811,#812,#813),.UNSPECIFIED.,.F.,.F.)
B_SPLINE_CURVE_WITH_KNOTS((3,3),(18.7596297571465,37.5192595142936),
 .UNSPECIFIED.)
CURVE()
GEOMETRIC_REPRESENTATION_ITEM()
RATIONAL_B_SPLINE_CURVE((1.,0.707106781186526,1.))
REPRESENTATION_ITEM('')
);
#392=(
BOUNDED_CURVE()
B_SPLINE_CURVE(1,(#816,#817),.UNSPECIFIED.,.F.,.F.)
B_SPLINE_CURVE_WITH_KNOTS((2,2),(9.10171380777913,9.58085463897959),
 .UNSPECIFIED.)
CURVE()
GEOMETRIC_REPRESENTATION_ITEM()
RATIONAL_B_SPLINE_CURVE((1.,1.))
REPRESENTATION_ITEM('')
);
#393=(
BOUNDED_CURVE()
B_SPLINE_CURVE(3,(#820,#821,#822,#823,#824,#825,#826,#827,#828,#829),
 .UNSPECIFIED.,.F.,.F.)
B_SPLINE_CURVE_WITH_KNOTS((4,3,3,4),(-14.5033418519098,-7.25168894781881,
-7.25163655785263,0.),.UNSPECIFIED.)
CURVE()
GEOMETRIC_REPRESENTATION_ITEM()
RATIONAL_B_SPLINE_CURVE((1.,1.00000056550974,1.00000113101979,1.00000169653017,
1.00000169653017,1.00000169653299,1.00000169653864,1.00000113102544,1.00000056551256,
1.))
REPRESENTATION_ITEM('')
);
#394=(
BOUNDED_CURVE()
B_SPLINE_CURVE(3,(#832,#833,#834,#835,#836,#837,#838,#839,#840,#841),
 .UNSPECIFIED.,.F.,.F.)
B_SPLINE_CURVE_WITH_KNOTS((4,3,3,4),(0.,3.68623350106993E-5,7.25169002763532,
14.5033430637408),.UNSPECIFIED.)
CURVE()
GEOMETRIC_REPRESENTATION_ITEM()
RATIONAL_B_SPLINE_CURVE((1.,0.999999999998682,0.999999999998682,1.,1.,1.,
1.,1.,1.,1.))
REPRESENTATION_ITEM('')
);
#395=(
BOUNDED_CURVE()
B_SPLINE_CURVE(1,(#848,#849),.UNSPECIFIED.,.F.,.F.)
B_SPLINE_CURVE_WITH_KNOTS((2,2),(0.,4.36483326038601),.UNSPECIFIED.)
CURVE()
GEOMETRIC_REPRESENTATION_ITEM()
RATIONAL_B_SPLINE_CURVE((1.,1.))
REPRESENTATION_ITEM('')
);
#396=(
BOUNDED_CURVE()
B_SPLINE_CURVE(2,(#852,#853,#854,#855,#856),.UNSPECIFIED.,.F.,.F.)
B_SPLINE_CURVE_WITH_KNOTS((3,2,3),(0.,17.9999999999996,35.9999999999992),
 .UNSPECIFIED.)
CURVE()
GEOMETRIC_REPRESENTATION_ITEM()
RATIONAL_B_SPLINE_CURVE((1.,0.707106781186561,1.,0.707106781186561,1.))
REPRESENTATION_ITEM('')
);
#397=(
BOUNDED_CURVE()
B_SPLINE_CURVE(1,(#859,#860),.UNSPECIFIED.,.F.,.F.)
B_SPLINE_CURVE_WITH_KNOTS((2,2),(0.,4.364607442422),.UNSPECIFIED.)
CURVE()
GEOMETRIC_REPRESENTATION_ITEM()
RATIONAL_B_SPLINE_CURVE((1.,1.))
REPRESENTATION_ITEM('')
);
#398=(
BOUNDED_CURVE()
B_SPLINE_CURVE(3,(#863,#864,#865,#866,#867,#868,#869,#870,#871,#872,#873,
#874,#875,#876,#877,#878),.UNSPECIFIED.,.F.,.F.)
B_SPLINE_CURVE_WITH_KNOTS((4,3,3,3,3,4),(0.,3.68623360054606E-5,7.2516901609403,
7.25174255090682,14.5033791087655,14.503416337031),.UNSPECIFIED.)
CURVE()
GEOMETRIC_REPRESENTATION_ITEM()
RATIONAL_B_SPLINE_CURVE((1.,0.999999434486434,0.999998868974506,0.999998303464216,
0.999998303464216,0.999998303464216,0.999998303464216,0.999998303464216,
0.999998303467039,0.999998303472687,0.999998303472687,0.999998303472687,
0.999998303472687,0.999998868980127,0.999999434489232,1.))
REPRESENTATION_ITEM('')
);
#399=(
BOUNDED_CURVE()
B_SPLINE_CURVE(1,(#883,#884),.UNSPECIFIED.,.F.,.F.)
B_SPLINE_CURVE_WITH_KNOTS((2,2),(-22.4301936231607,0.),.UNSPECIFIED.)
CURVE()
GEOMETRIC_REPRESENTATION_ITEM()
RATIONAL_B_SPLINE_CURVE((1.,1.))
REPRESENTATION_ITEM('')
);
#400=(
BOUNDED_CURVE()
B_SPLINE_CURVE(1,(#909,#910),.UNSPECIFIED.,.F.,.F.)
B_SPLINE_CURVE_WITH_KNOTS((2,2),(-22.4301936231051,0.),.UNSPECIFIED.)
CURVE()
GEOMETRIC_REPRESENTATION_ITEM()
RATIONAL_B_SPLINE_CURVE((1.,1.))
REPRESENTATION_ITEM('')
);
#401=(
BOUNDED_CURVE()
B_SPLINE_CURVE(2,(#913,#914,#915,#916,#917),.UNSPECIFIED.,.F.,.F.)
B_SPLINE_CURVE_WITH_KNOTS((3,2,3),(-38.2001221021623,-19.1000610510812,
0.),.UNSPECIFIED.)
CURVE()
GEOMETRIC_REPRESENTATION_ITEM()
RATIONAL_B_SPLINE_CURVE((1.,0.707106781186559,1.,0.707106781186559,1.))
REPRESENTATION_ITEM('')
);
#402=(
BOUNDED_CURVE()
B_SPLINE_CURVE(2,(#1068,#1069,#1070,#1071,#1072),.UNSPECIFIED.,.F.,.F.)
B_SPLINE_CURVE_WITH_KNOTS((3,2,3),(0.,19.1000610510812,38.2001221021625),
 .UNSPECIFIED.)
CURVE()
GEOMETRIC_REPRESENTATION_ITEM()
RATIONAL_B_SPLINE_CURVE((1.,0.707106781186556,1.,0.707106781186556,1.))
REPRESENTATION_ITEM('')
);
#403=(
BOUNDED_CURVE()
B_SPLINE_CURVE(2,(#1073,#1074,#1075,#1076,#1077),.UNSPECIFIED.,.F.,.F.)
B_SPLINE_CURVE_WITH_KNOTS((3,2,3),(0.,19.1000610510812,38.2001221021625),
 .UNSPECIFIED.)
CURVE()
GEOMETRIC_REPRESENTATION_ITEM()
RATIONAL_B_SPLINE_CURVE((1.,0.707106781186556,1.,0.707106781186556,1.))
REPRESENTATION_ITEM('')
);
#404=(
BOUNDED_CURVE()
B_SPLINE_CURVE(2,(#1078,#1079,#1080,#1081,#1082),.UNSPECIFIED.,.F.,.F.)
B_SPLINE_CURVE_WITH_KNOTS((3,2,3),(-38.2001221021623,-19.1000610510812,
0.),.UNSPECIFIED.)
CURVE()
GEOMETRIC_REPRESENTATION_ITEM()
RATIONAL_B_SPLINE_CURVE((1.,0.707106781186559,1.,0.707106781186559,1.))
REPRESENTATION_ITEM('')
);
#405=(
BOUNDED_CURVE()
B_SPLINE_CURVE(2,(#1083,#1084,#1085,#1086,#1087),.UNSPECIFIED.,.F.,.F.)
B_SPLINE_CURVE_WITH_KNOTS((3,2,3),(-36.0000000000006,-18.0000000000003,
0.),.UNSPECIFIED.)
CURVE()
GEOMETRIC_REPRESENTATION_ITEM()
RATIONAL_B_SPLINE_CURVE((1.,0.707106781186548,1.,0.707106781186548,1.))
REPRESENTATION_ITEM('')
);
#406=(
BOUNDED_CURVE()
B_SPLINE_CURVE(2,(#1088,#1089,#1090,#1091,#1092),.UNSPECIFIED.,.F.,.F.)
B_SPLINE_CURVE_WITH_KNOTS((3,2,3),(-36.0000000000006,-18.0000000000003,
0.),.UNSPECIFIED.)
CURVE()
GEOMETRIC_REPRESENTATION_ITEM()
RATIONAL_B_SPLINE_CURVE((1.,0.707106781186548,1.,0.707106781186548,1.))
REPRESENTATION_ITEM('')
);
#407=(
BOUNDED_CURVE()
B_SPLINE_CURVE(2,(#1093,#1094,#1095,#1096,#1097),.UNSPECIFIED.,.F.,.F.)
B_SPLINE_CURVE_WITH_KNOTS((3,2,3),(0.,17.9999999999996,35.9999999999992),
 .UNSPECIFIED.)
CURVE()
GEOMETRIC_REPRESENTATION_ITEM()
RATIONAL_B_SPLINE_CURVE((1.,0.707106781186561,1.,0.707106781186561,1.))
REPRESENTATION_ITEM('')
);
#408=(
BOUNDED_CURVE()
B_SPLINE_CURVE(2,(#1098,#1099,#1100),.UNSPECIFIED.,.F.,.F.)
B_SPLINE_CURVE_WITH_KNOTS((3,3),(37.5192595142932,56.2788892714393),
 .UNSPECIFIED.)
CURVE()
GEOMETRIC_REPRESENTATION_ITEM()
RATIONAL_B_SPLINE_CURVE((1.,0.707106781186576,1.))
REPRESENTATION_ITEM('')
);
#409=(
BOUNDED_CURVE()
B_SPLINE_CURVE(2,(#1103,#1104,#1105),.UNSPECIFIED.,.F.,.F.)
B_SPLINE_CURVE_WITH_KNOTS((3,3),(56.2788892714393,75.0385190285856),
 .UNSPECIFIED.)
CURVE()
GEOMETRIC_REPRESENTATION_ITEM()
RATIONAL_B_SPLINE_CURVE((1.,0.707106781186589,1.))
REPRESENTATION_ITEM('')
);
#410=(
BOUNDED_CURVE()
B_SPLINE_CURVE(3,(#1112,#1113,#1114,#1115,#1116,#1117,#1118,#1119,#1120,
#1121),.UNSPECIFIED.,.F.,.F.)
B_SPLINE_CURVE_WITH_KNOTS((4,3,3,4),(-14.5034233088166,-7.25173013588655,
-3.72282658021998E-5,0.),.UNSPECIFIED.)
CURVE()
GEOMETRIC_REPRESENTATION_ITEM()
RATIONAL_B_SPLINE_CURVE((1.,1.00000113663643,1.00000227327415,1.00000340991317,
1.00000340991317,1.00000340991317,1.00000340991317,1.00000227327281,1.00000113663509,
1.))
REPRESENTATION_ITEM('')
);
#411=(
BOUNDED_CURVE()
B_SPLINE_CURVE(1,(#1171,#1172),.UNSPECIFIED.,.F.,.F.)
B_SPLINE_CURVE_WITH_KNOTS((2,2),(10.0031610915832,117.072227301122),
 .UNSPECIFIED.)
CURVE()
GEOMETRIC_REPRESENTATION_ITEM()
RATIONAL_B_SPLINE_CURVE((1.,1.))
REPRESENTATION_ITEM('')
);
#412=(
BOUNDED_CURVE()
B_SPLINE_CURVE(1,(#1179,#1180),.UNSPECIFIED.,.F.,.F.)
B_SPLINE_CURVE_WITH_KNOTS((2,2),(-117.07222730112,-10.0031610915844),
 .UNSPECIFIED.)
CURVE()
GEOMETRIC_REPRESENTATION_ITEM()
RATIONAL_B_SPLINE_CURVE((1.,1.))
REPRESENTATION_ITEM('')
);
#413=VERTEX_POINT('',#786);
#414=VERTEX_POINT('',#787);
#415=VERTEX_POINT('',#788);
#416=VERTEX_POINT('',#789);
#417=VERTEX_POINT('',#790);
#418=VERTEX_POINT('',#791);
#419=VERTEX_POINT('',#792);
#420=VERTEX_POINT('',#793);
#421=VERTEX_POINT('',#794);
#422=VERTEX_POINT('',#795);
#423=VERTEX_POINT('',#796);
#424=VERTEX_POINT('',#797);
#425=VERTEX_POINT('',#798);
#426=VERTEX_POINT('',#799);
#427=VERTEX_POINT('',#800);
#428=VERTEX_POINT('',#801);
#429=VERTEX_POINT('',#802);
#430=VERTEX_POINT('',#803);
#431=VERTEX_POINT('',#804);
#432=VERTEX_POINT('',#805);
#433=B_SPLINE_SURFACE_WITH_KNOTS('',1,1,((#588,#589),(#590,#591)),
 .UNSPECIFIED.,.F.,.F.,.F.,(2,2),(2,2),(-2.63122856836162E-13,20.8886260328743),
(0.,20.8886180836663),.UNSPECIFIED.);
#434=B_SPLINE_SURFACE_WITH_KNOTS('',3,1,((#592,#593),(#594,#595),(#596,
#597),(#598,#599),(#600,#601),(#602,#603),(#604,#605),(#606,#607),(#608,
#609),(#610,#611),(#612,#613),(#614,#615),(#616,#617),(#618,#619),(#620,
#621),(#622,#623),(#624,#625),(#626,#627),(#628,#629)),.UNSPECIFIED.,.F.,
 .F.,.F.,(4,1,1,1,1,1,1,1,1,1,1,1,1,1,1,1,4),(2,2),(0.,1.8689372448826,
3.43577599472579,5.06024831351399,6.71515211376068,8.37005591400639,9.99452823279456,
11.5613669826381,13.4303042275208,15.2992414724027,16.8660802222459,18.4905525410341,
20.1454563412809,21.8003601415273,23.4248324603148,24.9916712101581,26.8606084550409),
(0.,1.),.UNSPECIFIED.);
#435=B_SPLINE_SURFACE_WITH_KNOTS('',1,1,((#630,#631),(#632,#633)),
 .UNSPECIFIED.,.F.,.F.,.F.,(2,2),(2,2),(-2.8421709430404E-13,32.6538766416294),
(-1.27009514017118E-13,32.6538766232446),.UNSPECIFIED.);
#436=B_SPLINE_SURFACE_WITH_KNOTS('',3,1,((#680,#681),(#682,#683),(#684,
#685),(#686,#687),(#688,#689),(#690,#691),(#692,#693),(#694,#695),(#696,
#697),(#698,#699),(#700,#701),(#702,#703),(#704,#705),(#706,#707),(#708,
#709),(#710,#711),(#712,#713),(#714,#715),(#716,#717)),.UNSPECIFIED.,.F.,
 .F.,.F.,(4,1,1,1,1,1,1,1,1,1,1,1,1,1,1,1,4),(2,2),(26.8606084550409,28.7295456999231,
30.2963844497667,31.9208567685545,33.5757605688013,35.2306643690472,36.8551366878351,
38.4219754376787,40.2909126825613,42.1598499274437,43.7266886772871,45.3511609960753,
47.006064796322,48.6609685965683,50.285440915356,51.8522796651991,53.7212169100818),
(0.,1.),.UNSPECIFIED.);
#437=B_SPLINE_SURFACE_WITH_KNOTS('',1,1,((#728,#729),(#730,#731)),
 .UNSPECIFIED.,.F.,.F.,.F.,(2,2),(2,2),(-11.0625,11.0625),(-11.0625,11.0625),
 .UNSPECIFIED.);
#438=B_SPLINE_SURFACE_WITH_KNOTS('',1,3,((#732,#733,#734,#735,#736,#737,
#738,#739,#740,#741,#742),(#743,#744,#745,#746,#747,#748,#749,#750,#751,
#752,#753)),.UNSPECIFIED.,.F.,.F.,.F.,(2,2),(4,1,1,1,1,1,1,1,4),(0.,1.),
(0.,2.95911733177065,6.16535065982492,9.37158398787908,12.3307013196498,
15.2898186514205,18.4960519794747,21.7022853075289,24.6614026392996),
 .UNSPECIFIED.);
#439=B_SPLINE_SURFACE_WITH_KNOTS('',1,3,((#764,#765,#766,#767,#768,#769,
#770,#771,#772,#773,#774),(#775,#776,#777,#778,#779,#780,#781,#782,#783,
#784,#785)),.UNSPECIFIED.,.F.,.F.,.F.,(2,2),(4,1,1,1,1,1,1,1,4),(0.,1.),
(24.6614026392996,27.6205199710703,30.8267532991245,34.0329866271787,36.9921039589494,
39.9512212907201,43.1574546187743,46.3636879468284,49.3228052785992),
 .UNSPECIFIED.);
#440=(
BOUNDED_SURFACE()
B_SPLINE_SURFACE(2,1,((#542,#543),(#544,#545),(#546,#547),(#548,#549),(#550,
#551)),.UNSPECIFIED.,.F.,.F.,.F.)
B_SPLINE_SURFACE_WITH_KNOTS((3,2,3),(2,2),(-5.00932628710871E-13,18.7596297571464,
37.5192595142936),(5.00141786973263,19.1791648587444),.UNSPECIFIED.)
GEOMETRIC_REPRESENTATION_ITEM()
RATIONAL_B_SPLINE_SURFACE(((1.00000000000001,1.00000000000001),(0.707106781186541,
0.707106781186541),(1.,1.),(0.707106781186534,0.707106781186534),(1.00000000000002,
1.00000000000002)))
REPRESENTATION_ITEM('')
SURFACE()
);
#441=(
BOUNDED_SURFACE()
B_SPLINE_SURFACE(2,1,((#552,#553),(#554,#555),(#556,#557),(#558,#559),(#560,
#561),(#562,#563),(#564,#565),(#566,#567),(#568,#569)),.UNSPECIFIED.,.T.,
 .F.,.F.)
B_SPLINE_SURFACE_WITH_KNOTS((3,2,2,2,3),(2,2),(0.,1.5707963267949,3.14159265358979,
4.71238898038469,6.28318530717959),(0.,5.47785509280966),.UNSPECIFIED.)
GEOMETRIC_REPRESENTATION_ITEM()
RATIONAL_B_SPLINE_SURFACE(((1.,1.),(0.707106781186548,0.707106781186548),
(1.,1.),(0.707106781186548,0.707106781186548),(1.,1.),(0.707106781186548,
0.707106781186548),(1.,1.),(0.707106781186548,0.707106781186548),(1.,1.)))
REPRESENTATION_ITEM('')
SURFACE()
);
#442=(
BOUNDED_SURFACE()
B_SPLINE_SURFACE(2,1,((#570,#571),(#572,#573),(#574,#575),(#576,#577),(#578,
#579),(#580,#581),(#582,#583),(#584,#585),(#586,#587)),.UNSPECIFIED.,.T.,
 .F.,.F.)
B_SPLINE_SURFACE_WITH_KNOTS((3,2,2,2,3),(2,2),(0.,1.5707963267949,3.14159265358979,
4.71238898038469,6.28318530717959),(0.,27.1562357329366),.UNSPECIFIED.)
GEOMETRIC_REPRESENTATION_ITEM()
RATIONAL_B_SPLINE_SURFACE(((1.,1.),(0.707106781186548,0.707106781186548),
(1.,1.),(0.707106781186548,0.707106781186548),(1.,1.),(0.707106781186548,
0.707106781186548),(1.,1.),(0.707106781186548,0.707106781186548),(1.,1.)))
REPRESENTATION_ITEM('')
SURFACE()
);
#443=(
BOUNDED_SURFACE()
B_SPLINE_SURFACE(2,1,((#634,#635),(#636,#637),(#638,#639),(#640,#641),(#642,
#643)),.UNSPECIFIED.,.F.,.F.,.F.)
B_SPLINE_SURFACE_WITH_KNOTS((3,2,3),(2,2),(37.5192595142929,56.2788892714393,
75.0385190285858),(5.00141786973268,19.1791648587444),.UNSPECIFIED.)
GEOMETRIC_REPRESENTATION_ITEM()
RATIONAL_B_SPLINE_SURFACE(((1.,1.),(0.707106781186548,0.707106781186548),
(1.,1.),(0.707106781186548,0.707106781186548),(1.,1.)))
REPRESENTATION_ITEM('')
SURFACE()
);
#444=(
BOUNDED_SURFACE()
B_SPLINE_SURFACE(2,1,((#644,#645),(#646,#647),(#648,#649),(#650,#651),(#652,
#653),(#654,#655),(#656,#657),(#658,#659),(#660,#661)),.UNSPECIFIED.,.T.,
 .F.,.F.)
B_SPLINE_SURFACE_WITH_KNOTS((3,2,2,2,3),(2,2),(0.,1.5707963267949,3.14159265358979,
4.71238898038469,6.28318530717959),(0.,5.47779991246327),.UNSPECIFIED.)
GEOMETRIC_REPRESENTATION_ITEM()
RATIONAL_B_SPLINE_SURFACE(((1.,1.),(0.707106781186548,0.707106781186548),
(1.,1.),(0.707106781186548,0.707106781186548),(1.,1.),(0.707106781186548,
0.707106781186548),(1.,1.),(0.707106781186548,0.707106781186548),(1.,1.)))
REPRESENTATION_ITEM('')
SURFACE()
);
#445=(
BOUNDED_SURFACE()
B_SPLINE_SURFACE(2,1,((#662,#663),(#664,#665),(#666,#667),(#668,#669),(#670,
#671),(#672,#673),(#674,#675),(#676,#677),(#678,#679)),.UNSPECIFIED.,.T.,
 .F.,.F.)
B_SPLINE_SURFACE_WITH_KNOTS((3,2,2,2,3),(2,2),(0.,1.5707963267949,3.14159265358979,
4.71238898038469,6.28318530717959),(0.,27.1562360910726),.UNSPECIFIED.)
GEOMETRIC_REPRESENTATION_ITEM()
RATIONAL_B_SPLINE_SURFACE(((1.,1.),(0.707106781186548,0.707106781186548),
(1.,1.),(0.707106781186548,0.707106781186548),(1.,1.),(0.707106781186548,
0.707106781186548),(1.,1.),(0.707106781186548,0.707106781186548),(1.,1.)))
REPRESENTATION_ITEM('')
SURFACE()
);
#446=(
BOUNDED_SURFACE()
B_SPLINE_SURFACE(2,1,((#718,#719),(#720,#721),(#722,#723),(#724,#725),(#726,
#727)),.UNSPECIFIED.,.F.,.F.,.F.)
B_SPLINE_SURFACE_WITH_KNOTS((3,2,3),(2,2),(0.,13.9015474921348,27.8030949842697),
(0.,121.624115020334),.UNSPECIFIED.)
GEOMETRIC_REPRESENTATION_ITEM()
RATIONAL_B_SPLINE_SURFACE(((1.,1.),(0.707106781186548,0.707106781186548),
(1.,1.),(0.707106781186548,0.707106781186548),(1.,1.)))
REPRESENTATION_ITEM('')
SURFACE()
);
#447=(
BOUNDED_SURFACE()
B_SPLINE_SURFACE(2,1,((#754,#755),(#756,#757),(#758,#759),(#760,#761),(#762,
#763)),.UNSPECIFIED.,.F.,.F.,.F.)
B_SPLINE_SURFACE_WITH_KNOTS((3,2,3),(2,2),(27.8030949842697,41.7046424764045,
55.6061899685393),(0.,121.624115020334),.UNSPECIFIED.)
GEOMETRIC_REPRESENTATION_ITEM()
RATIONAL_B_SPLINE_SURFACE(((1.,1.),(0.707106781186548,0.707106781186548),
(1.,1.),(0.707106781186548,0.707106781186548),(1.,1.)))
REPRESENTATION_ITEM('')
SURFACE()
);
#448=SHAPE_DEFINITION_REPRESENTATION(#449,#534);
#449=PRODUCT_DEFINITION_SHAPE('Document','',#451);
#450=PRODUCT_DEFINITION_CONTEXT('3D Mechanical Parts',#523,'design');
#451=PRODUCT_DEFINITION('A','First version',#493,#450);
#452=DATE_TIME_ROLE('classification_date');
#453=DATE_TIME_ROLE('creation_date');
#454=APPLIED_DATE_AND_TIME_ASSIGNMENT(#478,#452,(#457));
#455=APPLIED_DATE_AND_TIME_ASSIGNMENT(#480,#453,(#451));
#456=SECURITY_CLASSIFICATION_LEVEL('unclassified');
#457=SECURITY_CLASSIFICATION('A','Security for version',#456);
#458=APPLIED_SECURITY_CLASSIFICATION_ASSIGNMENT(#457,(#493));
#459=APPROVAL_ROLE('Version approval');
#460=APPROVAL_ROLE('Version Security approval');
#461=APPROVAL_ROLE('Definition approval');
#462=APPROVAL_PERSON_ORGANIZATION(#511,#487,#459);
#463=APPROVAL_PERSON_ORGANIZATION(#512,#488,#460);
#464=APPROVAL_PERSON_ORGANIZATION(#515,#489,#461);
#465=COORDINATED_UNIVERSAL_TIME_OFFSET(5,0,.BEHIND.);
#466=LOCAL_TIME(0,0,0.,#465);
#467=LOCAL_TIME(0,0,0.,#465);
#468=LOCAL_TIME(0,0,0.,#465);
#469=LOCAL_TIME(0,0,0.,#465);
#470=LOCAL_TIME(0,0,0.,#465);
#471=CALENDAR_DATE(1999,1,1);
#472=CALENDAR_DATE(1999,1,1);
#473=CALENDAR_DATE(1999,1,1);
#474=CALENDAR_DATE(1999,1,1);
#475=CALENDAR_DATE(1999,1,1);
#476=DATE_AND_TIME(#471,#466);
#477=DATE_AND_TIME(#472,#467);
#478=DATE_AND_TIME(#473,#468);
#479=DATE_AND_TIME(#474,#469);
#480=DATE_AND_TIME(#475,#470);
#481=APPROVAL_DATE_TIME(#476,#487);
#482=APPROVAL_DATE_TIME(#477,#488);
#483=APPROVAL_DATE_TIME(#479,#489);
#484=APPROVAL_STATUS('not_yet_approved');
#485=APPROVAL_STATUS('not_yet_approved');
#486=APPROVAL_STATUS('approved');
#487=APPROVAL(#484,'Version approval');
#488=APPROVAL(#485,'Version Security approval');
#489=APPROVAL(#486,'Definition approval');
#490=APPLIED_APPROVAL_ASSIGNMENT(#487,(#493));
#491=APPLIED_APPROVAL_ASSIGNMENT(#488,(#457));
#492=APPLIED_APPROVAL_ASSIGNMENT(#489,(#451));
#493=PRODUCT_DEFINITION_FORMATION_WITH_SPECIFIED_SOURCE('A',
'First version',#525,.MADE.);
#494=PERSON_AND_ORGANIZATION_ROLE('design_owner');
#495=PERSON_AND_ORGANIZATION_ROLE('creator');
#496=PERSON_AND_ORGANIZATION_ROLE('design_supplier');
#497=PERSON_AND_ORGANIZATION_ROLE('classification_officer');
#498=PERSON_AND_ORGANIZATION_ROLE('creator');
#499=ORGANIZATION('STI','lab','lab');
#500=ORGANIZATION('STI','unknown','unknown');
#501=ORGANIZATION('STI','unknown','unknown');
#502=ORGANIZATION('STI','unknown','unknown');
#503=ORGANIZATION('STI','unknown','unknown');
#504=ORGANIZATION('STI','unknown','unknown');
#505=ORGANIZATION('STI','unknown','unknown');
#506=PERSON('1','Box','vc60',$,$,$);
#507=PERSON('2','last','first',$,$,$);
#508=PERSON('3','President','Mr.',$,$,$);
#509=PERSON_AND_ORGANIZATION(#506,#499);
#510=PERSON_AND_ORGANIZATION(#507,#500);
#511=PERSON_AND_ORGANIZATION(#508,#501);
#512=PERSON_AND_ORGANIZATION(#508,#502);
#513=PERSON_AND_ORGANIZATION(#508,#503);
#514=PERSON_AND_ORGANIZATION(#507,#504);
#515=PERSON_AND_ORGANIZATION(#508,#505);
#516=APPLIED_PERSON_AND_ORGANIZATION_ASSIGNMENT(#509,#494,(#525));
#517=APPLIED_PERSON_AND_ORGANIZATION_ASSIGNMENT(#510,#495,(#493));
#518=APPLIED_PERSON_AND_ORGANIZATION_ASSIGNMENT(#510,#496,(#493));
#519=APPLIED_PERSON_AND_ORGANIZATION_ASSIGNMENT(#513,#497,(#457));
#520=APPLIED_PERSON_AND_ORGANIZATION_ASSIGNMENT(#514,#498,(#451));
#521=PRODUCT_RELATED_PRODUCT_CATEGORY('detail','detail',(#525));
#522=APPLICATION_PROTOCOL_DEFINITION('International Standard',
'config_control_design',1994,#523);
#523=APPLICATION_CONTEXT(
'configuration controlled 3d designs of mechanical parts and assemblie
s');
#524=PRODUCT_CONTEXT('3D Mechanical Parts',#523,'mechanical');
#525=PRODUCT('Document','Document','',(#524));
#526=(
LENGTH_UNIT()
NAMED_UNIT(*)
SI_UNIT(.MILLI.,.METRE.)
);
#527=(
NAMED_UNIT(*)
PLANE_ANGLE_UNIT()
SI_UNIT($,.RADIAN.)
);
#528=DIMENSIONAL_EXPONENTS(0.,0.,0.,0.,0.,0.,0.);
#529=PLANE_ANGLE_MEASURE_WITH_UNIT(PLANE_ANGLE_MEASURE(0.01745329252),#527);
#530=(
CONVERSION_BASED_UNIT('DEGREES',#529)
NAMED_UNIT(#528)
PLANE_ANGLE_UNIT()
);
#531=(
NAMED_UNIT(*)
SI_UNIT($,.STERADIAN.)
SOLID_ANGLE_UNIT()
);
#532=UNCERTAINTY_MEASURE_WITH_UNIT(LENGTH_MEASURE(0.01),#526,
'DISTANCE_ACCURACY_VALUE',
'Maximum model space distance between geometric entities at asserted c
onnectivities');
#533=(
GEOMETRIC_REPRESENTATION_CONTEXT(3)
GLOBAL_UNCERTAINTY_ASSIGNED_CONTEXT((#532))
GLOBAL_UNIT_ASSIGNED_CONTEXT((#531,#530,#526))
REPRESENTATION_CONTEXT('ID1','3D')
);
#534=SHAPE_REPRESENTATION('Document',(#535,#536),#533);
#535=AXIS2_PLACEMENT_3D('',#541,#537,#538);
#536=AXIS2_PLACEMENT_3D('',#1314,#539,#540);
#537=DIRECTION('',(0.,0.,1.));
#538=DIRECTION('',(1.,0.,0.));
#539=DIRECTION('',(0.,0.,1.));
#540=DIRECTION('',(1.,0.,0.));
#541=CARTESIAN_POINT('',(0.,0.,0.));
#542=CARTESIAN_POINT('',(-17.7721503127681,-156.050610014945,112.52510086735));
#543=CARTESIAN_POINT('',(-17.772150312768,-152.496264323983,123.305005275698));
#544=CARTESIAN_POINT('',(-23.7720643005349,-156.050610014945,112.52510086735));
#545=CARTESIAN_POINT('',(-27.3264099914971,-152.496264323983,123.305005275698));
#546=CARTESIAN_POINT('',(-23.7720643005346,-162.050524002712,112.52510086735));
#547=CARTESIAN_POINT('',(-27.3264099914969,-162.050524002712,123.305005275698));
#548=CARTESIAN_POINT('',(-23.7720643005349,-168.050437990478,112.52510086735));
#549=CARTESIAN_POINT('',(-27.3264099914971,-171.604783681441,123.305005275698));
#550=CARTESIAN_POINT('',(-17.772150312768,-168.050437990478,112.52510086735));
#551=CARTESIAN_POINT('',(-17.7721503127678,-171.60478368144,123.305005275698));
#552=CARTESIAN_POINT('',(-17.7721130845024,-171.050560865047,121.067355294347));
#553=CARTESIAN_POINT('',(-17.7721130845024,-171.050560865047,126.545210387157));
#554=CARTESIAN_POINT('',(-8.77211308450242,-171.050560865047,121.067355294347));
#555=CARTESIAN_POINT('',(-8.77211308450239,-171.050560865047,126.545210387157));
#556=CARTESIAN_POINT('',(-8.77211308450242,-162.050560865047,121.067355294347));
#557=CARTESIAN_POINT('',(-8.77211308450242,-162.050560865047,126.545210387157));
#558=CARTESIAN_POINT('',(-8.77211308450242,-153.050560865047,121.067355294347));
#559=CARTESIAN_POINT('',(-8.77211308450245,-153.050560865047,126.545210387157));
#560=CARTESIAN_POINT('',(-17.7721130845024,-153.050560865047,121.067355294347));
#561=CARTESIAN_POINT('',(-17.7721130845024,-153.050560865047,126.545210387157));
#562=CARTESIAN_POINT('',(-26.7721130845024,-153.050560865047,121.067355294347));
#563=CARTESIAN_POINT('',(-26.7721130845024,-153.050560865047,126.545210387157));
#564=CARTESIAN_POINT('',(-26.7721130845024,-162.050560865047,121.067355294347));
#565=CARTESIAN_POINT('',(-26.7721130845024,-162.050560865047,126.545210387157));
#566=CARTESIAN_POINT('',(-26.7721130845024,-171.050560865047,121.067355294347));
#567=CARTESIAN_POINT('',(-26.7721130845023,-171.050560865047,126.545210387157));
#568=CARTESIAN_POINT('',(-17.7721130845024,-171.050560865047,121.067355294347));
#569=CARTESIAN_POINT('',(-17.7721130845024,-171.050560865047,126.545210387157));
#570=CARTESIAN_POINT('',(-17.7721596196972,-152.500484440833,123.625699332932));
#571=CARTESIAN_POINT('',(-17.7721596196958,-152.500482360562,150.781935065869));
#572=CARTESIAN_POINT('',(-27.322190145238,-152.500484440833,123.625699332933));
#573=CARTESIAN_POINT('',(-27.3221901452368,-152.500482360562,150.781935065869));
#574=CARTESIAN_POINT('',(-27.322190145238,-162.050514966373,123.625700064501));
#575=CARTESIAN_POINT('',(-27.3221901452368,-162.050512886103,150.781935797438));
#576=CARTESIAN_POINT('',(-27.322190145238,-171.600545491914,123.625700796069));
#577=CARTESIAN_POINT('',(-27.3221901452368,-171.600543411644,150.781936529006));
#578=CARTESIAN_POINT('',(-17.7721596196972,-171.600545491914,123.625700796069));
#579=CARTESIAN_POINT('',(-17.7721596196958,-171.600543411644,150.781936529006));
#580=CARTESIAN_POINT('',(-8.22212909415635,-171.600545491914,123.625700796069));
#581=CARTESIAN_POINT('',(-8.22212909415479,-171.600543411644,150.781936529005));
#582=CARTESIAN_POINT('',(-8.22212909415635,-162.050514966373,123.6257000645));
#583=CARTESIAN_POINT('',(-8.22212909415481,-162.050512886103,150.781935797437));
#584=CARTESIAN_POINT('',(-8.22212909415635,-152.500484440833,123.625699332932));
#585=CARTESIAN_POINT('',(-8.22212909415483,-152.500482360562,150.781935065868));
#586=CARTESIAN_POINT('',(-17.7721596196972,-152.500484440833,123.625699332932));
#587=CARTESIAN_POINT('',(-17.7721596196958,-152.500482360562,150.781935065869));
#588=CARTESIAN_POINT('',(-7.32785275760949,-172.494825693342,149.568332146017));
#589=CARTESIAN_POINT('',(-28.2164708412758,-172.494825693342,149.568332146018));
#590=CARTESIAN_POINT('',(-7.32785275760949,-151.606199660468,149.568330545869));
#591=CARTESIAN_POINT('',(-28.2164708412758,-151.606199660468,149.56833054587));
#592=CARTESIAN_POINT('',(-24.5227792760275,-155.295352517231,148.418914374272));
#593=CARTESIAN_POINT('',(-23.8159081078234,-156.002699432488,149.568330882658));
#594=CARTESIAN_POINT('',(-25.0150619823185,-155.787150239406,148.418914411943));
#595=CARTESIAN_POINT('',(-24.2566428867545,-156.443000010979,149.568330916384));
#596=CARTESIAN_POINT('',(-25.8205290533593,-156.790763814237,148.418914488826));
#597=CARTESIAN_POINT('',(-24.9777678561173,-157.341523159127,149.568330985217));
#598=CARTESIAN_POINT('',(-26.6866759206792,-158.472820211346,148.418914617675));
#599=CARTESIAN_POINT('',(-25.7532187163839,-158.847447996327,149.568331100573));
#600=CARTESIAN_POINT('',(-27.2030581833884,-160.210219599819,148.418914750772));
#601=CARTESIAN_POINT('',(-26.2155295379749,-160.402920747263,149.568331219733));
#602=CARTESIAN_POINT('',(-27.3820208603816,-162.047278118693,148.418914891494));
#603=CARTESIAN_POINT('',(-26.3757526676369,-162.047617117563,149.56833134572));
#604=CARTESIAN_POINT('',(-27.2043012325854,-163.884476080338,148.418915032231));
#605=CARTESIAN_POINT('',(-26.2166424249522,-163.6924383293,149.568331471721));
#606=CARTESIAN_POINT('',(-26.6890632642831,-165.622195270913,148.418915165347));
#607=CARTESIAN_POINT('',(-25.755356076365,-165.248197395206,149.568331590898));
#608=CARTESIAN_POINT('',(-25.8241041202023,-167.304883586871,148.418915294247));
#609=CARTESIAN_POINT('',(-24.9809685704045,-166.754687981745,149.568331706302));
#610=CARTESIAN_POINT('',(-24.5813928599424,-168.855161391601,148.418915413006));
#611=CARTESIAN_POINT('',(-23.8683841436874,-168.142633032054,149.568331812623));
#612=CARTESIAN_POINT('',(-23.0319300941852,-170.098922400405,148.418915508281));
#613=CARTESIAN_POINT('',(-22.4811687879524,-169.25615728601,149.568331897923));
#614=CARTESIAN_POINT('',(-21.349843506007,-170.965016171944,148.418915574628));
#615=CARTESIAN_POINT('',(-20.975216921052,-170.031560610266,149.568331957322));
#616=CARTESIAN_POINT('',(-19.6124619987246,-171.481419802592,148.418915614188));
#617=CARTESIAN_POINT('',(-19.4197601789316,-170.493890562313,149.568331992741));
#618=CARTESIAN_POINT('',(-17.7753899418518,-171.660374836939,148.418915627894));
#619=CARTESIAN_POINT('',(-17.775051688223,-170.654106849609,149.568332005011));
#620=CARTESIAN_POINT('',(-15.9382062293467,-171.48265300076,148.418915614283));
#621=CARTESIAN_POINT('',(-16.1302432335711,-170.494994629786,149.568331992826));
#622=CARTESIAN_POINT('',(-14.2004700401636,-170.967422133887,148.41891557481));
#623=CARTESIAN_POINT('',(-14.5744689490153,-170.033714639021,149.568331957486));
#624=CARTESIAN_POINT('',(-12.5178053356618,-170.102454137727,148.418915508552));
#625=CARTESIAN_POINT('',(-13.0679995015294,-169.259319207906,149.568331898167));
#626=CARTESIAN_POINT('',(-11.513702247519,-169.297575467922,148.418915446895));
#627=CARTESIAN_POINT('',(-12.1690380980077,-168.538721027086,149.568331842965));
#628=CARTESIAN_POINT('',(-11.0215069242017,-168.805711778168,148.418915409216));
#629=CARTESIAN_POINT('',(-11.7283815520009,-168.098361388614,149.568331809232));
#630=CARTESIAN_POINT('',(-1.44522130807422,-145.72357489164,125.988720017933));
#631=CARTESIAN_POINT('',(-34.099097931319,-145.72357489164,125.988720017933));
#632=CARTESIAN_POINT('',(-1.44522130807422,-178.377451533269,125.988722519343));
#633=CARTESIAN_POINT('',(-34.099097931319,-178.377451533269,125.988722519343));
#634=CARTESIAN_POINT('',(-17.7721503127683,-168.050437990478,112.52510086735));
#635=CARTESIAN_POINT('',(-17.7721503127683,-171.60478368144,123.305005275698));
#636=CARTESIAN_POINT('',(-11.7722363250022,-168.050437990478,112.52510086735));
#637=CARTESIAN_POINT('',(-8.21789063403998,-171.60478368144,123.305005275698));
#638=CARTESIAN_POINT('',(-11.7722363250019,-162.050524002712,112.52510086735));
#639=CARTESIAN_POINT('',(-8.21789063403966,-162.050524002712,123.305005275698));
#640=CARTESIAN_POINT('',(-11.7722363250022,-156.050610014945,112.52510086735));
#641=CARTESIAN_POINT('',(-8.21789063403998,-152.496264323983,123.305005275698));
#642=CARTESIAN_POINT('',(-17.7721503127683,-156.050610014945,112.52510086735));
#643=CARTESIAN_POINT('',(-17.7721503127683,-152.496264323983,123.305005275698));
#644=CARTESIAN_POINT('',(-17.7721130845024,-153.050560865047,121.067405876331));
#645=CARTESIAN_POINT('',(-17.7721130845024,-153.050560865047,126.545205788795));
#646=CARTESIAN_POINT('',(-26.7721130845024,-153.050560865047,121.067405876331));
#647=CARTESIAN_POINT('',(-26.7721130845024,-153.050560865047,126.545205788795));
#648=CARTESIAN_POINT('',(-26.7721130845024,-162.050560865047,121.067405876331));
#649=CARTESIAN_POINT('',(-26.7721130845024,-162.050560865047,126.545205788795));
#650=CARTESIAN_POINT('',(-26.7721130845024,-171.050560865047,121.067405876331));
#651=CARTESIAN_POINT('',(-26.7721130845023,-171.050560865047,126.545205788795));
#652=CARTESIAN_POINT('',(-17.7721130845024,-171.050560865047,121.067405876331));
#653=CARTESIAN_POINT('',(-17.7721130845024,-171.050560865047,126.545205788795));
#654=CARTESIAN_POINT('',(-8.77211308450242,-171.050560865047,121.067405876331));
#655=CARTESIAN_POINT('',(-8.7721130845024,-171.050560865047,126.545205788795));
#656=CARTESIAN_POINT('',(-8.77211308450242,-162.050560865047,121.067405876331));
#657=CARTESIAN_POINT('',(-8.77211308450242,-162.050560865047,126.545205788795));
#658=CARTESIAN_POINT('',(-8.77211308450242,-153.050560865047,121.067405876331));
#659=CARTESIAN_POINT('',(-8.77211308450245,-153.050560865047,126.545205788795));
#660=CARTESIAN_POINT('',(-17.7721130845024,-153.050560865047,121.067405876331));
#661=CARTESIAN_POINT('',(-17.7721130845024,-153.050560865047,126.545205788795));
#662=CARTESIAN_POINT('',(-17.7721596196973,-171.600545491915,123.625700766222));
#663=CARTESIAN_POINT('',(-17.7721596196965,-171.600543411645,150.781936857295));
#664=CARTESIAN_POINT('',(-8.22212909415649,-171.600545491915,123.625700766222));
#665=CARTESIAN_POINT('',(-8.22212909415575,-171.600543411645,150.781936857294));
#666=CARTESIAN_POINT('',(-8.22212909415649,-162.050514966374,123.625700034654));
#667=CARTESIAN_POINT('',(-8.22212909415572,-162.050512886104,150.781936125726));
#668=CARTESIAN_POINT('',(-8.22212909415649,-152.500484440833,123.625699303085));
#669=CARTESIAN_POINT('',(-8.22212909415569,-152.500482360564,150.781935394158));
#670=CARTESIAN_POINT('',(-17.7721596196973,-152.500484440833,123.625699303086));
#671=CARTESIAN_POINT('',(-17.7721596196965,-152.500482360564,150.781935394158));
#672=CARTESIAN_POINT('',(-27.3221901452381,-152.500484440833,123.625699303086));
#673=CARTESIAN_POINT('',(-27.3221901452373,-152.500482360564,150.781935394158));
#674=CARTESIAN_POINT('',(-27.3221901452381,-162.050514966374,123.625700034654));
#675=CARTESIAN_POINT('',(-27.3221901452373,-162.050512886104,150.781936125727));
#676=CARTESIAN_POINT('',(-27.3221901452381,-171.600545491915,123.625700766222));
#677=CARTESIAN_POINT('',(-27.3221901452373,-171.600543411645,150.781936857295));
#678=CARTESIAN_POINT('',(-17.7721596196973,-171.600545491915,123.625700766222));
#679=CARTESIAN_POINT('',(-17.7721596196965,-171.600543411645,150.781936857295));
#680=CARTESIAN_POINT('',(-11.0215069242017,-168.805711778168,148.418915409216));
#681=CARTESIAN_POINT('',(-11.7283815520009,-168.098361388614,149.568331809232));
#682=CARTESIAN_POINT('',(-10.5293116008846,-168.313848088414,148.418915371537));
#683=CARTESIAN_POINT('',(-11.2877250059943,-167.658001750143,149.568331775498));
#684=CARTESIAN_POINT('',(-9.72375213219183,-167.310283523902,148.418915294662));
#685=CARTESIAN_POINT('',(-10.5665173141284,-166.759522480345,149.568331706672));
#686=CARTESIAN_POINT('',(-8.85766353929701,-165.628200597757,148.418915165806));
#687=CARTESIAN_POINT('',(-9.79111862624867,-165.253573892015,149.56833159131));
#688=CARTESIAN_POINT('',(-8.34124566809313,-163.890816308538,148.418915032717));
#689=CARTESIAN_POINT('',(-9.32877592480562,-163.698114659261,149.568331472156));
#690=CARTESIAN_POINT('',(-8.16230324838815,-162.053744470084,148.418914891991));
#691=CARTESIAN_POINT('',(-9.16857093124835,-162.053406364099,149.568331346165));
#692=CARTESIAN_POINT('',(-8.34002332679719,-160.216563968182,148.418914751255));
#693=CARTESIAN_POINT('',(-9.32768157736299,-160.408600783861,149.568331220167));
#694=CARTESIAN_POINT('',(-8.85523811153015,-158.478816128836,148.418914618137));
#695=CARTESIAN_POINT('',(-9.78894716997873,-158.852816069057,149.568331100989));
#696=CARTESIAN_POINT('',(-9.72022974404771,-156.796166197169,148.418914489239));
#697=CARTESIAN_POINT('',(-10.5633637624402,-157.346359847512,149.568330985586));
#698=CARTESIAN_POINT('',(-10.9629172602896,-155.245858639515,148.41891437048));
#699=CARTESIAN_POINT('',(-11.6759269314303,-155.958388159767,149.568330879264));
#700=CARTESIAN_POINT('',(-12.5123913373451,-154.00210222199,148.418914275204));
#701=CARTESIAN_POINT('',(-13.0631524140304,-154.844868016329,149.568330793963));
#702=CARTESIAN_POINT('',(-14.1944744932467,-153.136018575015,148.418914208858));
#703=CARTESIAN_POINT('',(-14.5691012080575,-154.069473756474,149.568330734566));
#704=CARTESIAN_POINT('',(-15.9318564863866,-152.61960917027,148.418914169301));
#705=CARTESIAN_POINT('',(-16.1245583851638,-153.607138634947,149.568330699149));
#706=CARTESIAN_POINT('',(-17.7689326864116,-152.440649842946,148.418914155592));
#707=CARTESIAN_POINT('',(-17.7692705851883,-153.446918504201,149.568330686877));
#708=CARTESIAN_POINT('',(-19.6061095107057,-152.61838292709,148.418914169205));
#709=CARTESIAN_POINT('',(-19.4140728729004,-153.606040794193,149.568330699065));
#710=CARTESIAN_POINT('',(-21.3438571613411,-153.133592311329,148.41891420867));
#711=CARTESIAN_POINT('',(-20.9698574187629,-154.067301551811,149.568330734398));
#712=CARTESIAN_POINT('',(-23.0264949349517,-153.998610181059,148.418914274935));
#713=CARTESIAN_POINT('',(-22.4763027553423,-154.841741634135,149.568330793724));
#714=CARTESIAN_POINT('',(-24.0306507420833,-154.803400055117,148.418914336586));
#715=CARTESIAN_POINT('',(-23.3753113575409,-155.562260317191,149.568330848919));
#716=CARTESIAN_POINT('',(-24.5227792760275,-155.295352517231,148.418914374272));
#717=CARTESIAN_POINT('',(-23.8159081078234,-156.002699432488,149.568330882658));
#718=CARTESIAN_POINT('',(-8.92215031276841,-162.050524002711,109.46554695302));
#719=CARTESIAN_POINT('',(-8.92215031276841,-162.050524002711,121.624115020334));
#720=CARTESIAN_POINT('',(-8.92215031276841,-153.200524002711,109.46554695302));
#721=CARTESIAN_POINT('',(-8.92215031276841,-153.200524002711,121.624115020334));
#722=CARTESIAN_POINT('',(-17.7721503127684,-153.200524002711,109.46554695302));
#723=CARTESIAN_POINT('',(-17.7721503127684,-153.200524002711,121.624115020334));
#724=CARTESIAN_POINT('',(-26.6221503127684,-153.200524002711,109.46554695302));
#725=CARTESIAN_POINT('',(-26.6221503127684,-153.200524002711,121.624115020334));
#726=CARTESIAN_POINT('',(-26.6221503127684,-162.050524002711,109.46554695302));
#727=CARTESIAN_POINT('',(-26.6221503127684,-162.050524002711,121.624115020334));
#728=CARTESIAN_POINT('',(-28.8346503127684,-173.113024002711,109.46554695302));
#729=CARTESIAN_POINT('',(-6.70965031276841,-173.113024002711,109.46554695302));
#730=CARTESIAN_POINT('',(-28.8346503127684,-150.988024002711,109.46554695302));
#731=CARTESIAN_POINT('',(-6.70965031276841,-150.988024002711,109.46554695302));
#732=CARTESIAN_POINT('',(-9.92215031276841,-162.050524002711,109.46554695302));
#733=CARTESIAN_POINT('',(-9.92179151083358,-163.03681517486,109.46554695302));
#734=CARTESIAN_POINT('',(-10.3137357808847,-165.091848107089,109.465546953021));
#735=CARTESIAN_POINT('',(-12.0644507503542,-167.758154686497,109.46554695302));
#736=CARTESIAN_POINT('',(-14.7308787668359,-169.509060297798,109.46554695302));
#737=CARTESIAN_POINT('',(-17.772126262001,-170.088670162598,109.46554695302));
#738=CARTESIAN_POINT('',(-20.8134824132025,-169.509057788029,109.46554695302));
#739=CARTESIAN_POINT('',(-23.4797492269716,-167.7581610916,109.46554695302));
#740=CARTESIAN_POINT('',(-25.2307548007266,-165.091834212863,109.46554695302));
#741=CARTESIAN_POINT('',(-25.6223173565713,-163.036830304633,109.46554695302));
#742=CARTESIAN_POINT('',(-25.6223113291146,-162.05052089683,109.46554695302));
#743=CARTESIAN_POINT('',(-8.92215031276842,-162.050524002711,110.46554695302));
#744=CARTESIAN_POINT('',(-8.92174580358075,-163.162457362395,110.46554695302));
#745=CARTESIAN_POINT('',(-9.36361928000783,-165.479277929302,110.465546953021));
#746=CARTESIAN_POINT('',(-11.3373552646964,-168.485241397807,110.46554695302));
#747=CARTESIAN_POINT('',(-14.3434556399655,-170.459192309911,110.46554695302));
#748=CARTESIAN_POINT('',(-17.772123198209,-171.112637826277,110.46554695302));
#749=CARTESIAN_POINT('',(-21.2009132540222,-170.459189480425,110.46554695302));
#750=CARTESIAN_POINT('',(-24.2068318912014,-168.485248618847,110.46554695302));
#751=CARTESIAN_POINT('',(-26.1808954998295,-165.479262265111,110.46554695302));
#752=CARTESIAN_POINT('',(-26.6223386360366,-163.162474419527,110.46554695302));
#753=CARTESIAN_POINT('',(-26.622331840751,-162.050520501177,110.46554695302));
#754=CARTESIAN_POINT('',(-26.6221503127684,-162.050524002711,109.46554695302));
#755=CARTESIAN_POINT('',(-26.6221503127684,-162.050524002711,121.624115020334));
#756=CARTESIAN_POINT('',(-26.6221503127684,-170.900524002711,109.46554695302));
#757=CARTESIAN_POINT('',(-26.6221503127684,-170.900524002711,121.624115020334));
#758=CARTESIAN_POINT('',(-17.7721503127684,-170.900524002711,109.46554695302));
#759=CARTESIAN_POINT('',(-17.7721503127684,-170.900524002711,121.624115020334));
#760=CARTESIAN_POINT('',(-8.92215031276842,-170.900524002711,109.46554695302));
#761=CARTESIAN_POINT('',(-8.92215031276842,-170.900524002711,121.624115020334));
#762=CARTESIAN_POINT('',(-8.92215031276841,-162.050524002711,109.46554695302));
#763=CARTESIAN_POINT('',(-8.92215031276841,-162.050524002711,121.624115020334));
#764=CARTESIAN_POINT('',(-25.6223113291146,-162.05052089683,109.46554695302));
#765=CARTESIAN_POINT('',(-25.6223053016578,-161.064211489027,109.46554695302));
#766=CARTESIAN_POINT('',(-25.2307176292799,-159.009244296822,109.46554695302));
#767=CARTESIAN_POINT('',(-23.4797532158943,-156.342831763589,109.46554695302));
#768=CARTESIAN_POINT('',(-20.8134825199054,-154.592023981523,109.46554695302));
#769=CARTESIAN_POINT('',(-17.7721259501328,-154.012359777595,109.46554695302));
#770=CARTESIAN_POINT('',(-14.7308789796043,-154.591998165186,109.46554695302));
#771=CARTESIAN_POINT('',(-12.06445061443,-156.342886855347,109.46554695302));
#772=CARTESIAN_POINT('',(-10.313735879704,-159.009204562531,109.46554695302));
#773=CARTESIAN_POINT('',(-9.92179146280679,-161.064230570163,109.46554695302));
#774=CARTESIAN_POINT('',(-9.92215031276841,-162.050524002711,109.46554695302));
#775=CARTESIAN_POINT('',(-26.622331840751,-162.050520501177,110.46554695302));
#776=CARTESIAN_POINT('',(-26.6223250454654,-160.938566582826,110.46554695302));
#777=CARTESIAN_POINT('',(-26.1808535931667,-158.621820130466,110.46554695302));
#778=CARTESIAN_POINT('',(-24.206836388267,-155.615737210835,110.46554695302));
#779=CARTESIAN_POINT('',(-21.2009133743178,-153.641896590289,110.46554695302));
#780=CARTESIAN_POINT('',(-17.7721228466123,-152.988389812612,110.46554695302));
#781=CARTESIAN_POINT('',(-14.3434558798382,-153.641867485247,110.46554695302));
#782=CARTESIAN_POINT('',(-11.337355111457,-155.615799320651,110.46554695302));
#783=CARTESIAN_POINT('',(-9.36361939141561,-158.621775334483,110.46554695302));
#784=CARTESIAN_POINT('',(-8.92174574943587,-160.938588094679,110.46554695302));
#785=CARTESIAN_POINT('',(-8.92215031276842,-162.050524002711,110.46554695302));
#786=CARTESIAN_POINT('',(-17.7721503127678,-171.05056086497,121.624113910049));
#787=CARTESIAN_POINT('',(-26.772113084502,-162.050560865046,121.62388920237));
#788=CARTESIAN_POINT('',(-17.772150312768,-153.050560865124,121.623890311959));
#789=CARTESIAN_POINT('',(-26.7721130845024,-162.050560865047,125.988722462756));
#790=CARTESIAN_POINT('',(-8.77211308450213,-162.050560865047,125.988722462756));
#791=CARTESIAN_POINT('',(-8.77211308450213,-162.050560865047,121.624115020334));
#792=CARTESIAN_POINT('',(-11.0215399633658,-168.805675482476,125.988721786109));
#793=CARTESIAN_POINT('',(-11.0215068204854,-168.805711674521,148.418915409216));
#794=CARTESIAN_POINT('',(-24.5227792760275,-155.295352517231,148.418914374272));
#795=CARTESIAN_POINT('',(-24.5227792760275,-155.295350942433,125.988720751167));
#796=CARTESIAN_POINT('',(-23.8159081078234,-156.002699432488,149.568330882658));
#797=CARTESIAN_POINT('',(-11.7283815520009,-168.098361388614,149.568331809232));
#798=CARTESIAN_POINT('',(-17.772150312768,-153.200524002711,121.169070092283));
#799=CARTESIAN_POINT('',(-17.7721503127679,-170.900524002711,121.169070092283));
#800=CARTESIAN_POINT('',(-8.92215031276842,-162.050524002711,121.169070092282));
#801=CARTESIAN_POINT('',(-8.92215031276842,-162.050524002711,110.46554695302));
#802=CARTESIAN_POINT('',(-9.92215031276842,-162.050524002711,109.46554695302));
#803=CARTESIAN_POINT('',(-26.6223318407717,-162.050524001675,110.46554695302));
#804=CARTESIAN_POINT('',(-26.6221503127684,-162.050524002712,121.169070092283));
#805=CARTESIAN_POINT('',(-25.6223113291145,-162.05052089683,109.46554695302));
#806=CARTESIAN_POINT('',(-17.772150312768,-153.200524002711,121.169070092283));
#807=CARTESIAN_POINT('',(-26.6221503127685,-153.200524002711,121.169070092283));
#808=CARTESIAN_POINT('',(-26.6221503127684,-162.050524002712,121.169070092283));
#809=CARTESIAN_POINT('',(-4.77662904254464E-13,16.3699795943612));
#810=CARTESIAN_POINT('',(18.7596297571458,16.3699795943613));
#811=CARTESIAN_POINT('',(-26.6221503127684,-162.050524002712,121.169070092283));
#812=CARTESIAN_POINT('',(-26.6221503127684,-170.900524002712,121.169070092283));
#813=CARTESIAN_POINT('',(-17.7721503127679,-170.900524002711,121.169070092283));
#814=CARTESIAN_POINT('',(18.7596297571458,16.3699795943613));
#815=CARTESIAN_POINT('',(37.5192595142936,16.3699795943615));
#816=CARTESIAN_POINT('',(-17.7721503127679,-170.900524002711,121.169070092283));
#817=CARTESIAN_POINT('',(-17.7721503127678,-171.05056086497,121.624113910049));
#818=CARTESIAN_POINT('',(37.5192595142936,16.3699795943615));
#819=CARTESIAN_POINT('',(37.5192595142936,16.9684539289024));
#820=CARTESIAN_POINT('',(-17.7721503127678,-171.05056086497,121.624113910049));
#821=CARTESIAN_POINT('',(-20.1590858209984,-171.050550991473,121.624083964917));
#822=CARTESIAN_POINT('',(-22.4482558311938,-170.102340179712,121.624043467616));
#823=CARTESIAN_POINT('',(-24.1360741151803,-168.414521895725,121.624001326703));
#824=CARTESIAN_POINT('',(-24.1360864636138,-168.414509547292,121.624001326702));
#825=CARTESIAN_POINT('',(-24.1360988120116,-168.414497198823,121.624001326703));
#826=CARTESIAN_POINT('',(-24.136111160427,-168.414484850371,121.624001326472));
#827=CARTESIAN_POINT('',(-25.8239159043149,-166.726660456584,121.623959185885));
#828=CARTESIAN_POINT('',(-26.7721130845018,-164.437491119307,121.623918853445));
#829=CARTESIAN_POINT('',(-26.772113084502,-162.050560865046,121.62388920237));
#830=CARTESIAN_POINT('',(37.5192595142936,16.9684539289024));
#831=CARTESIAN_POINT('',(18.7596840885611,16.968158393044));
#832=CARTESIAN_POINT('',(-26.772113084502,-162.050560865046,121.62388920237));
#833=CARTESIAN_POINT('',(-26.7721130845022,-162.050548577604,121.62388920237));
#834=CARTESIAN_POINT('',(-26.7721130844772,-162.05053629016,121.62388920237));
#835=CARTESIAN_POINT('',(-26.7721130844269,-162.050524002711,121.623889202141));
#836=CARTESIAN_POINT('',(-26.7721033079803,-159.663588461244,121.623859551351));
#837=CARTESIAN_POINT('',(-25.8238925245058,-157.374418243693,121.623843218748));
#838=CARTESIAN_POINT('',(-24.1360742066635,-155.68659992585,121.623843218749));
#839=CARTESIAN_POINT('',(-22.4482558665605,-153.998781585747,121.623843218748));
#840=CARTESIAN_POINT('',(-20.1590859141353,-153.050570738621,121.623860366825));
#841=CARTESIAN_POINT('',(-17.772150312768,-153.050560865124,121.623890311959));
#842=CARTESIAN_POINT('',(18.7596840885611,16.968158393044));
#843=CARTESIAN_POINT('',(-5.00932628710871E-13,16.9681598523479));
#844=CARTESIAN_POINT('',(-17.772150312768,-153.050560865124,121.623890311959));
#845=CARTESIAN_POINT('',(-17.772150312768,-153.200524002711,121.169070092283));
#846=CARTESIAN_POINT('',(-5.00932628710871E-13,16.9681598523479));
#847=CARTESIAN_POINT('',(-4.77662904254464E-13,16.3699795943612));
#848=CARTESIAN_POINT('',(-26.772113084502,-162.050560865046,121.62388920237));
#849=CARTESIAN_POINT('',(-26.7721130845024,-162.050560865047,125.988722462756));
#850=CARTESIAN_POINT('',(4.71238898038469,0.556533908022828));
#851=CARTESIAN_POINT('',(4.71238898038469,4.92136716840884));
#852=CARTESIAN_POINT('',(-26.7721130845024,-162.050560865047,125.988722462756));
#853=CARTESIAN_POINT('',(-26.7721130845021,-153.050560865047,125.988722462756));
#854=CARTESIAN_POINT('',(-17.7721130845023,-153.050560865047,125.988722462756));
#855=CARTESIAN_POINT('',(-8.77211308450247,-153.050560865047,125.988722462756));
#856=CARTESIAN_POINT('',(-8.77211308450213,-162.050560865047,125.988722462756));
#857=CARTESIAN_POINT('',(4.71238898038469,4.92136716840884));
#858=CARTESIAN_POINT('',(1.5707963267949,4.92136716840884));
#859=CARTESIAN_POINT('',(-8.77211308450213,-162.050560865047,125.988722462756));
#860=CARTESIAN_POINT('',(-8.77211308450213,-162.050560865047,121.624115020334));
#861=CARTESIAN_POINT('',(1.5707963267949,4.92136716840884));
#862=CARTESIAN_POINT('',(1.5707963267949,0.556759725986836));
#863=CARTESIAN_POINT('',(-8.77211308450213,-162.050560865047,121.624115020334));
#864=CARTESIAN_POINT('',(-8.77211308450185,-162.050548577605,121.624115020105));
#865=CARTESIAN_POINT('',(-8.77211308452752,-162.05053629016,121.624115020105));
#866=CARTESIAN_POINT('',(-8.77211308457799,-162.050524002711,121.624115020105));
#867=CARTESIAN_POINT('',(-8.77212286102487,-159.663588367674,121.624085369084));
#868=CARTESIAN_POINT('',(-9.72033368017314,-157.374418208018,121.624045037145));
#869=CARTESIAN_POINT('',(-11.4081520538234,-155.686599834368,121.624002896463));
#870=CARTESIAN_POINT('',(-11.4081644022572,-155.686587485934,121.624002896232));
#871=CARTESIAN_POINT('',(-11.4081767507267,-155.686575137537,121.624002896232));
#872=CARTESIAN_POINT('',(-11.4081890992316,-155.686562789175,121.624002896232));
#873=CARTESIAN_POINT('',(-13.0960134929652,-153.998758045233,121.623960755414));
#874=CARTESIAN_POINT('',(-15.3851828302443,-153.050560865046,121.623920257615));
#875=CARTESIAN_POINT('',(-17.7721130845025,-153.050560865046,121.623890312426));
#876=CARTESIAN_POINT('',(-17.7721254939208,-153.050560865046,121.623890312193));
#877=CARTESIAN_POINT('',(-17.7721379033425,-153.050560865072,121.623890312193));
#878=CARTESIAN_POINT('',(-17.772150312768,-153.050560865124,121.623890311959));
#879=CARTESIAN_POINT('',(1.5707963267949,0.556759725986836));
#880=CARTESIAN_POINT('',(3.14159724805325,0.556535017611836));
#881=CARTESIAN_POINT('',(4.71238898038469,0.556533908022828));
#882=CARTESIAN_POINT('',(3.14159724805325,0.556535017611836));
#883=CARTESIAN_POINT('',(-11.0215399633658,-168.805675482476,125.988721786109));
#884=CARTESIAN_POINT('',(-11.0215068204854,-168.805711674521,148.418915409216));
#885=CARTESIAN_POINT('',(3.92667205151177,2.36302120413789));
#886=CARTESIAN_POINT('',(3.92667173309049,24.7932148272421));
#887=CARTESIAN_POINT('',(-11.0215068204854,-168.805711674521,148.418915409216));
#888=CARTESIAN_POINT('',(-11.0215070970623,-168.805711950912,148.418915409216));
#889=CARTESIAN_POINT('',(-11.5137026666123,-169.297575947423,148.418915446895));
#890=CARTESIAN_POINT('',(-12.5178060563378,-170.102454857918,148.418915508552));
#891=CARTESIAN_POINT('',(-14.2004707388847,-170.967422832137,148.41891557481));
#892=CARTESIAN_POINT('',(-15.93820689523,-171.482653666194,148.418915614283));
#893=CARTESIAN_POINT('',(-17.7753905631505,-171.660375457819,148.418915627894));
#894=CARTESIAN_POINT('',(-19.6124625658519,-171.481420369337,148.418915614188));
#895=CARTESIAN_POINT('',(-21.3498440125684,-170.965016678164,148.418915574628));
#896=CARTESIAN_POINT('',(-23.0319305322644,-170.098922838189,148.418915508281));
#897=CARTESIAN_POINT('',(-24.5813932229485,-168.855161754362,148.418915413006));
#898=CARTESIAN_POINT('',(-25.8241044081361,-167.304883874611,148.418915294247));
#899=CARTESIAN_POINT('',(-26.6890634837343,-165.622195490216,148.418915165347));
#900=CARTESIAN_POINT('',(-27.2043013914708,-163.884476239117,148.418915032231));
#901=CARTESIAN_POINT('',(-27.3820209650954,-162.047278223336,148.418914891494));
#902=CARTESIAN_POINT('',(-27.203058243518,-160.210219659908,148.418914750772));
#903=CARTESIAN_POINT('',(-26.6866759479701,-158.472820238618,148.418914617675));
#904=CARTESIAN_POINT('',(-25.8205290586973,-156.790763819571,148.418914488826));
#905=CARTESIAN_POINT('',(-25.0150619823143,-155.787150239402,148.418914411943));
#906=CARTESIAN_POINT('',(-24.5227792760275,-155.295352517231,148.418914374272));
#907=CARTESIAN_POINT('',(3.92667173309049,24.7932148272421));
#908=CARTESIAN_POINT('',(0.78507940825315,24.793214827242));
#909=CARTESIAN_POINT('',(-24.5227792760275,-155.295352517231,148.418914374272));
#910=CARTESIAN_POINT('',(-24.5227792760275,-155.295350942433,125.988720751167));
#911=CARTESIAN_POINT('',(0.78507940825315,24.793214827242));
#912=CARTESIAN_POINT('',(0.785079177170407,2.36302120413722));
#913=CARTESIAN_POINT('',(-24.5227792760275,-155.295350942433,125.988720751167));
#914=CARTESIAN_POINT('',(-31.2779415460486,-162.045970598764,125.98872126829));
#915=CARTESIAN_POINT('',(-24.527321889718,-168.801132868785,125.988721785761));
#916=CARTESIAN_POINT('',(-17.7767022333873,-175.556295138806,125.988722303232));
#917=CARTESIAN_POINT('',(-11.0215399633658,-168.805675482476,125.988721786109));
#918=CARTESIAN_POINT('',(0.785079177170407,2.36302120413722));
#919=CARTESIAN_POINT('',(3.92667205151177,2.36302120413789));
#920=CARTESIAN_POINT('',(-23.8159081078234,-156.002699432488,149.568330882658));
#921=CARTESIAN_POINT('',(-24.2566428867545,-156.443000010979,149.568330916384));
#922=CARTESIAN_POINT('',(-24.9777678561173,-157.341523159127,149.568330985217));
#923=CARTESIAN_POINT('',(-25.7532187163839,-158.847447996327,149.568331100573));
#924=CARTESIAN_POINT('',(-26.2155295379749,-160.402920747263,149.568331219733));
#925=CARTESIAN_POINT('',(-26.3757526676369,-162.047617117563,149.56833134572));
#926=CARTESIAN_POINT('',(-26.2166424249522,-163.6924383293,149.568331471721));
#927=CARTESIAN_POINT('',(-25.755356076365,-165.248197395206,149.568331590898));
#928=CARTESIAN_POINT('',(-24.9809685704045,-166.754687981745,149.568331706302));
#929=CARTESIAN_POINT('',(-23.8683841436874,-168.142633032054,149.568331812623));
#930=CARTESIAN_POINT('',(-22.4811687879524,-169.25615728601,149.568331897923));
#931=CARTESIAN_POINT('',(-20.975216921052,-170.031560610266,149.568331957322));
#932=CARTESIAN_POINT('',(-19.4197601789316,-170.493890562313,149.568331992741));
#933=CARTESIAN_POINT('',(-17.775051688223,-170.654106849609,149.568332005011));
#934=CARTESIAN_POINT('',(-16.1302432335711,-170.494994629786,149.568331992826));
#935=CARTESIAN_POINT('',(-14.5744689490153,-170.033714639021,149.568331957486));
#936=CARTESIAN_POINT('',(-13.0679995015294,-169.259319207906,149.568331898167));
#937=CARTESIAN_POINT('',(-12.1690380980077,-168.538721027086,149.568331842965));
#938=CARTESIAN_POINT('',(-11.7283815520009,-168.098361388614,149.568331809232));
#939=CARTESIAN_POINT('',(16.4921262608541,16.4880553502139));
#940=CARTESIAN_POINT('',(16.051825682363,16.928790129145));
#941=CARTESIAN_POINT('',(15.5630617526014,17.3210558983703));
#942=CARTESIAN_POINT('',(15.0376183947567,17.6557360293143));
#943=CARTESIAN_POINT('',(14.5971086793165,17.9363178409302));
#944=CARTESIAN_POINT('',(14.1308190344043,18.176425910967));
#945=CARTESIAN_POINT('',(13.6465534247904,18.3720336672916));
#946=CARTESIAN_POINT('',(13.1444749066037,18.5748365310333));
#947=CARTESIAN_POINT('',(12.6230736697844,18.7298051307901));
#948=CARTESIAN_POINT('',(12.0917312494562,18.8341381826526));
#949=CARTESIAN_POINT('',(11.5504351125732,18.9404257210869));
#950=CARTESIAN_POINT('',(10.9988218441759,18.9941628155572));
#951=CARTESIAN_POINT('',(10.4471876405488,18.9943494406492));
#952=CARTESIAN_POINT('',(9.89555343692202,18.9945360657412));
#953=CARTESIAN_POINT('',(9.34389829806537,18.941172221455));
#954=CARTESIAN_POINT('',(8.80253208061971,18.8352461199578));
#955=CARTESIAN_POINT('',(8.27112086841694,18.7312678586873));
#956=CARTESIAN_POINT('',(7.7496236575734,18.5766426667406));
#957=CARTESIAN_POINT('',(7.24740556882634,18.3741821707538));
#958=CARTESIAN_POINT('',(6.76300534038277,18.1789046355469));
#959=CARTESIAN_POINT('',(6.29654051869411,17.9391258190621));
#960=CARTESIAN_POINT('',(5.85584688574499,17.6588317181828));
#961=CARTESIAN_POINT('',(5.33018414968902,17.324494770806));
#962=CARTESIAN_POINT('',(4.84118840548839,16.9325130784419));
#963=CARTESIAN_POINT('',(4.40053412895138,16.4921529018266));
#964=CARTESIAN_POINT('',(3.95987985241455,16.0517927252115));
#965=CARTESIAN_POINT('',(3.56756704354129,15.5630540643453));
#966=CARTESIAN_POINT('',(3.23287501107461,15.0376167996083));
#967=CARTESIAN_POINT('',(2.95228322172017,14.5971121923744));
#968=CARTESIAN_POINT('',(2.71218987057827,14.130814178074));
#969=CARTESIAN_POINT('',(2.51658656990761,13.6465468493759));
#970=CARTESIAN_POINT('',(2.31378832571376,13.1444665488712));
#971=CARTESIAN_POINT('',(2.15881331334481,12.6230706782766));
#972=CARTESIAN_POINT('',(2.05447814129875,12.0917289893223));
#973=CARTESIAN_POINT('',(1.94818844296323,11.5504335975142));
#974=CARTESIAN_POINT('',(1.89445364334809,10.9988162640638));
#975=CARTESIAN_POINT('',(1.89426849723897,10.4471821672039));
#976=CARTESIAN_POINT('',(1.89408335112985,9.89554807034406));
#977=CARTESIAN_POINT('',(1.94744785852674,9.34389721007474));
#978=CARTESIAN_POINT('',(2.05337319288259,8.80253048949681));
#979=CARTESIAN_POINT('',(2.15735070111828,8.27111878341416));
#980=CARTESIAN_POINT('',(2.31197376189517,7.74961647121316));
#981=CARTESIAN_POINT('',(2.51443450660559,7.24739933222419));
#982=CARTESIAN_POINT('',(2.70971228171178,6.76300001984274));
#983=CARTESIAN_POINT('',(2.94949355211551,6.29654174358139));
#984=CARTESIAN_POINT('',(3.22978804084309,5.85584915521804));
#985=CARTESIAN_POINT('',(3.56412545084828,5.33018766515185));
#986=CARTESIAN_POINT('',(3.95610466625595,4.84118534039821));
#987=CARTESIAN_POINT('',(4.39646430472801,4.40052879439141));
#988=CARTESIAN_POINT('',(-11.7283815520009,-168.098361388614,149.568331809232));
#989=CARTESIAN_POINT('',(-11.2877250059943,-167.658001750143,149.568331775498));
#990=CARTESIAN_POINT('',(-10.5665173141284,-166.759522480345,149.568331706672));
#991=CARTESIAN_POINT('',(-9.79111862624867,-165.253573892015,149.56833159131));
#992=CARTESIAN_POINT('',(-9.32877592480562,-163.698114659261,149.568331472156));
#993=CARTESIAN_POINT('',(-9.16857093124835,-162.053406364099,149.568331346165));
#994=CARTESIAN_POINT('',(-9.32768157736299,-160.408600783861,149.568331220167));
#995=CARTESIAN_POINT('',(-9.78894716997873,-158.852816069057,149.568331100989));
#996=CARTESIAN_POINT('',(-10.5633637624402,-157.346359847512,149.568330985586));
#997=CARTESIAN_POINT('',(-11.6759269314303,-155.958388159767,149.568330879264));
#998=CARTESIAN_POINT('',(-13.0631524140304,-154.844868016329,149.568330793963));
#999=CARTESIAN_POINT('',(-14.5691012080575,-154.069473756474,149.568330734566));
#1000=CARTESIAN_POINT('',(-16.1245583851638,-153.607138634947,149.568330699149));
#1001=CARTESIAN_POINT('',(-17.7692705851883,-153.446918504201,149.568330686877));
#1002=CARTESIAN_POINT('',(-19.4140728729004,-153.606040794193,149.568330699065));
#1003=CARTESIAN_POINT('',(-20.9698574187629,-154.067301551811,149.568330734398));
#1004=CARTESIAN_POINT('',(-22.4763027553423,-154.841741634135,149.568330793724));
#1005=CARTESIAN_POINT('',(-23.3753113575409,-155.562260317191,149.568330848919));
#1006=CARTESIAN_POINT('',(-23.8159081078234,-156.002699432488,149.568330882658));
#1007=CARTESIAN_POINT('',(4.39646430472801,4.40052879439141));
#1008=CARTESIAN_POINT('',(4.83682394319899,3.95987224838481));
#1009=CARTESIAN_POINT('',(5.3255640047332,3.567561481125));
#1010=CARTESIAN_POINT('',(5.85100124954144,3.23287131118377));
#1011=CARTESIAN_POINT('',(6.29150584006797,2.95228108329268));
#1012=CARTESIAN_POINT('',(6.75780283920265,2.71218916774313));
#1013=CARTESIAN_POINT('',(7.24207004650577,2.51658457403718));
#1014=CARTESIAN_POINT('',(7.74415022114987,2.31378498924597));
#1015=CARTESIAN_POINT('',(8.26554692661553,2.158805703224));
#1016=CARTESIAN_POINT('',(8.79688900498859,2.05447021634314));
#1017=CARTESIAN_POINT('',(9.33818479351071,1.94818019727494));
#1018=CARTESIAN_POINT('',(9.889802061377,1.89444918545688));
#1019=CARTESIAN_POINT('',(10.4414356434213,1.89426566934399));
#1020=CARTESIAN_POINT('',(10.9930692254653,1.89408215323109));
#1021=CARTESIAN_POINT('',(11.5447191216873,1.94744613282329));
#1022=CARTESIAN_POINT('',(12.0860871621208,2.05336872454563));
#1023=CARTESIAN_POINT('',(12.6175001637889,2.15734354058124));
#1024=CARTESIAN_POINT('',(13.1390059722546,2.31196177503586));
#1025=CARTESIAN_POINT('',(13.6412226665295,2.51442360818142));
#1026=CARTESIAN_POINT('',(14.1256215499745,2.70970243310688));
#1027=CARTESIAN_POINT('',(14.5920757309988,2.94949025584078));
#1028=CARTESIAN_POINT('',(15.0327671638285,3.22978639241428));
#1029=CARTESIAN_POINT('',(15.5584272755651,3.56412576798256));
#1030=CARTESIAN_POINT('',(16.0474324045701,3.95609997090171));
#1031=CARTESIAN_POINT('',(16.4880906494079,4.39645818672457));
#1032=CARTESIAN_POINT('',(16.9287488942457,4.83681640254738));
#1033=CARTESIAN_POINT('',(17.3210602549162,5.3255586312739));
#1034=CARTESIAN_POINT('',(17.6557498058579,5.8509969057264));
#1035=CARTESIAN_POINT('',(17.9363395148056,6.29150235946346));
#1036=CARTESIAN_POINT('',(18.176430059276,6.75779942228942));
#1037=CARTESIAN_POINT('',(18.3720327518525,7.24206633570694));
#1038=CARTESIAN_POINT('',(18.5748303655844,7.74414620565553));
#1039=CARTESIAN_POINT('',(18.7298071107856,8.26554222205925));
#1040=CARTESIAN_POINT('',(18.8341437840905,8.79688458952228));
#1041=CARTESIAN_POINT('',(18.9404350118081,9.33818067254978));
#1042=CARTESIAN_POINT('',(18.9941711004746,9.88979925006436));
#1043=CARTESIAN_POINT('',(18.9943552023968,10.4414329347941));
#1044=CARTESIAN_POINT('',(18.994539304319,10.9930666195237));
#1045=CARTESIAN_POINT('',(18.941171419497,11.5447154114685));
#1046=CARTESIAN_POINT('',(18.8352477264767,12.086082875774));
#1047=CARTESIAN_POINT('',(18.7312718293946,12.6174953119082));
#1048=CARTESIAN_POINT('',(18.5766552156522,13.1390010637439));
#1049=CARTESIAN_POINT('',(18.3741903397053,13.6412159514823));
#1050=CARTESIAN_POINT('',(18.1789085799319,14.1256130924837));
#1051=CARTESIAN_POINT('',(17.9391134838738,14.5920639031227));
#1052=CARTESIAN_POINT('',(17.6588280075756,15.0327622463278));
#1053=CARTESIAN_POINT('',(17.324501347665,15.5584306008133));
#1054=CARTESIAN_POINT('',(16.932565376151,16.0474585999314));
#1055=CARTESIAN_POINT('',(16.4921262608541,16.4880553502139));
#1056=CARTESIAN_POINT('',(26.8606084550409,0.));
#1057=CARTESIAN_POINT('',(0.,0.));
#1058=CARTESIAN_POINT('',(-11.0215068204854,-168.805711674521,148.418915409216));
#1059=CARTESIAN_POINT('',(-11.7283815520009,-168.098361388614,149.568331809232));
#1060=CARTESIAN_POINT('',(26.8606084550409,0.));
#1061=CARTESIAN_POINT('',(26.8606084550409,1.));
#1062=CARTESIAN_POINT('',(0.,1.));
#1063=CARTESIAN_POINT('',(26.8606084550409,1.));
#1064=CARTESIAN_POINT('',(-23.8159081078234,-156.002699432488,149.568330882658));
#1065=CARTESIAN_POINT('',(-24.5227792760275,-155.295352517231,148.418914374272));
#1066=CARTESIAN_POINT('',(0.,1.));
#1067=CARTESIAN_POINT('',(0.,0.));
#1068=CARTESIAN_POINT('',(-24.5227792760275,-155.295350942433,125.988720751167));
#1069=CARTESIAN_POINT('',(-17.767617006006,-148.544731286103,125.988720234044));
#1070=CARTESIAN_POINT('',(-11.0169973496753,-155.299893556124,125.988720751515));
#1071=CARTESIAN_POINT('',(-4.26637769334461,-162.055055826145,125.988721268986));
#1072=CARTESIAN_POINT('',(-11.0215399633658,-168.805675482476,125.988721786109));
#1073=CARTESIAN_POINT('',(9.57177605079303,23.0775579679532));
#1074=CARTESIAN_POINT('',(2.82115639446256,16.3223956979316));
#1075=CARTESIAN_POINT('',(9.57631866448386,9.57177604160096));
#1076=CARTESIAN_POINT('',(16.3314809345053,2.82115638527027));
#1077=CARTESIAN_POINT('',(23.0821005908361,9.57631865529146));
#1078=CARTESIAN_POINT('',(9.57177605079303,23.0775579679532));
#1079=CARTESIAN_POINT('',(16.3223957071239,29.8327202379742));
#1080=CARTESIAN_POINT('',(23.0775579771452,23.0821005816436));
#1081=CARTESIAN_POINT('',(29.8327202471665,16.331480925313));
#1082=CARTESIAN_POINT('',(23.0821005908361,9.57631865529146));
#1083=CARTESIAN_POINT('',(-26.7721130845024,-162.050560865047,125.988722462756));
#1084=CARTESIAN_POINT('',(-26.7721130845024,-171.050560865047,125.988722462756));
#1085=CARTESIAN_POINT('',(-17.7721130845023,-171.050560865047,125.988722462756));
#1086=CARTESIAN_POINT('',(-8.77211308450213,-171.050560865047,125.988722462756));
#1087=CARTESIAN_POINT('',(-8.77211308450213,-162.050560865047,125.988722462756));
#1088=CARTESIAN_POINT('',(16.3269859734071,25.3268917764281));
#1089=CARTESIAN_POINT('',(25.3269859734072,25.326891776428));
#1090=CARTESIAN_POINT('',(25.3269859734073,16.3268917764279));
#1091=CARTESIAN_POINT('',(25.3269859734072,7.32689177642778));
#1092=CARTESIAN_POINT('',(16.3269859734071,7.32689177642778));
#1093=CARTESIAN_POINT('',(16.3269859734071,25.3268917764281));
#1094=CARTESIAN_POINT('',(7.3269859734074,25.3268917764277));
#1095=CARTESIAN_POINT('',(7.32698597340735,16.3268917764279));
#1096=CARTESIAN_POINT('',(7.32698597340737,7.32689177642812));
#1097=CARTESIAN_POINT('',(16.3269859734071,7.32689177642778));
#1098=CARTESIAN_POINT('',(-17.7721503127679,-170.900524002711,121.169070092283));
#1099=CARTESIAN_POINT('',(-8.9221503127685,-170.900524002711,121.169070092282));
#1100=CARTESIAN_POINT('',(-8.92215031276842,-162.050524002711,121.169070092282));
#1101=CARTESIAN_POINT('',(37.5192595142936,16.3699795943615));
#1102=CARTESIAN_POINT('',(56.2788892714401,16.3699795943601));
#1103=CARTESIAN_POINT('',(-8.92215031276842,-162.050524002711,121.169070092282));
#1104=CARTESIAN_POINT('',(-8.92215031276876,-153.200524002712,121.169070092282));
#1105=CARTESIAN_POINT('',(-17.772150312768,-153.200524002711,121.169070092283));
#1106=CARTESIAN_POINT('',(56.2788892714401,16.3699795943601));
#1107=CARTESIAN_POINT('',(75.0385190285854,16.3699795943612));
#1108=CARTESIAN_POINT('',(75.0385190285853,16.9681598523479));
#1109=CARTESIAN_POINT('',(75.0385190285854,16.3699795943612));
#1110=CARTESIAN_POINT('',(56.2788349404726,16.9684553891511));
#1111=CARTESIAN_POINT('',(75.0385190285853,16.9681598523479));
#1112=CARTESIAN_POINT('',(-8.77211308450213,-162.050560865047,121.624115020334));
#1113=CARTESIAN_POINT('',(-8.77211308450188,-164.437509366859,121.624144671161));
#1114=CARTESIAN_POINT('',(-9.72032468323003,-166.726694525132,121.624161003723));
#1115=CARTESIAN_POINT('',(-11.4081521453057,-168.414521987208,121.624161003724));
#1116=CARTESIAN_POINT('',(-13.0959794954492,-170.102349337352,121.624161003725));
#1117=CARTESIAN_POINT('',(-15.385164769419,-171.050560865046,121.624143855685));
#1118=CARTESIAN_POINT('',(-17.772113084502,-171.050560865046,121.624113910282));
#1119=CARTESIAN_POINT('',(-17.7721254939203,-171.050560865046,121.624113910282));
#1120=CARTESIAN_POINT('',(-17.7721379033428,-171.050560865021,121.624113910282));
#1121=CARTESIAN_POINT('',(-17.7721503127678,-171.05056086497,121.624113910049));
#1122=CARTESIAN_POINT('',(56.2788349404726,16.9684553891511));
#1123=CARTESIAN_POINT('',(37.5192595142936,16.9684539289024));
#1124=CARTESIAN_POINT('',(37.5192595142936,16.3699795943615));
#1125=CARTESIAN_POINT('',(37.5192595142936,16.9684539289024));
#1126=CARTESIAN_POINT('',(3.14158805912636,0.556708033717641));
#1127=CARTESIAN_POINT('',(1.5707963267949,0.556483326038631));
#1128=CARTESIAN_POINT('',(4.71238898038469,0.556709144002639));
#1129=CARTESIAN_POINT('',(3.14158805912636,0.556708033717641));
#1130=CARTESIAN_POINT('',(4.71238898038469,4.92131658642464));
#1131=CARTESIAN_POINT('',(4.71238898038469,0.556709144002639));
#1132=CARTESIAN_POINT('',(1.5707963267949,4.92131658642464));
#1133=CARTESIAN_POINT('',(4.71238898038469,4.92131658642464));
#1134=CARTESIAN_POINT('',(1.5707963267949,0.556483326038631));
#1135=CARTESIAN_POINT('',(1.5707963267949,4.92131658642464));
#1136=CARTESIAN_POINT('',(3.92667183076057,2.36302123398382));
#1137=CARTESIAN_POINT('',(0.785079397920978,2.36302123398462));
#1138=CARTESIAN_POINT('',(3.92667206184274,24.7932148570886));
#1139=CARTESIAN_POINT('',(3.92667183076057,2.36302123398382));
#1140=CARTESIAN_POINT('',(-24.5227792760275,-155.295352517231,148.418914374272));
#1141=CARTESIAN_POINT('',(-24.0306507420791,-154.803400055113,148.418914336586));
#1142=CARTESIAN_POINT('',(-23.0264949402897,-153.998610186393,148.418914274935));
#1143=CARTESIAN_POINT('',(-21.343857188632,-153.133592338601,148.41891420867));
#1144=CARTESIAN_POINT('',(-19.6061095708354,-152.618382987179,148.418914169205));
#1145=CARTESIAN_POINT('',(-17.7689327911253,-152.440649947589,148.418914155592));
#1146=CARTESIAN_POINT('',(-15.931856645272,-152.619609329049,148.418914169301));
#1147=CARTESIAN_POINT('',(-14.1944747126981,-153.136018794318,148.418914208858));
#1148=CARTESIAN_POINT('',(-12.5123916252783,-154.002102509729,148.418914275204));
#1149=CARTESIAN_POINT('',(-10.9629176232961,-155.245859002277,148.41891437048));
#1150=CARTESIAN_POINT('',(-9.72023018212668,-156.796166634953,148.418914489239));
#1151=CARTESIAN_POINT('',(-8.85523861809162,-158.478816635056,148.418914618137));
#1152=CARTESIAN_POINT('',(-8.34002389392448,-160.216564534927,148.418914751255));
#1153=CARTESIAN_POINT('',(-8.16230386968662,-162.053745090964,148.418914891991));
#1154=CARTESIAN_POINT('',(-8.34124633397677,-163.890816973973,148.418915032717));
#1155=CARTESIAN_POINT('',(-8.85766423801797,-165.628201296007,148.418915165806));
#1156=CARTESIAN_POINT('',(-9.72375267312014,-167.310283894994,148.418915294662));
#1157=CARTESIAN_POINT('',(-10.5293118344334,-168.313848200426,148.418915371537));
#1158=CARTESIAN_POINT('',(-11.0215068204854,-168.805711674521,148.418915409216));
#1159=CARTESIAN_POINT('',(3.92667206184274,24.7932148570886));
#1160=CARTESIAN_POINT('',(0.785079079501457,24.7932148570888));
#1161=CARTESIAN_POINT('',(0.785079397920978,2.36302123398462));
#1162=CARTESIAN_POINT('',(0.785079079501457,24.7932148570888));
#1163=CARTESIAN_POINT('',(53.7212169100818,0.));
#1164=CARTESIAN_POINT('',(26.8606084550409,0.));
#1165=CARTESIAN_POINT('',(53.7212169100818,1.));
#1166=CARTESIAN_POINT('',(53.7212169100818,0.));
#1167=CARTESIAN_POINT('',(26.8606084550409,1.));
#1168=CARTESIAN_POINT('',(53.7212169100818,1.));
#1169=CARTESIAN_POINT('',(26.8606084550409,0.));
#1170=CARTESIAN_POINT('',(26.8606084550409,1.));
#1171=CARTESIAN_POINT('',(-26.6221503127684,-162.050524002711,110.46554695302));
#1172=CARTESIAN_POINT('',(-26.6221503127684,-162.050524002711,121.169070092282));
#1173=CARTESIAN_POINT('',(27.8030949842697,10.0031610915842));
#1174=CARTESIAN_POINT('',(27.8030949842697,117.072227301122));
#1175=CARTESIAN_POINT('',(13.9015474921345,117.07222730112));
#1176=CARTESIAN_POINT('',(27.8030949842697,117.072227301122));
#1177=CARTESIAN_POINT('',(0.,117.07222730112));
#1178=CARTESIAN_POINT('',(13.9015474921345,117.07222730112));
#1179=CARTESIAN_POINT('',(-8.92215031276842,-162.050524002711,121.169070092282));
#1180=CARTESIAN_POINT('',(-8.92215031276842,-162.050524002711,110.46554695302));
#1181=CARTESIAN_POINT('',(0.,117.07222730112));
#1182=CARTESIAN_POINT('',(0.,10.0031610915842));
#1183=CARTESIAN_POINT('',(-8.92215031276842,-162.050524002711,110.46554695302));
#1184=CARTESIAN_POINT('',(-8.92174574943587,-160.938588094679,110.46554695302));
#1185=CARTESIAN_POINT('',(-9.36361939141561,-158.621775334483,110.46554695302));
#1186=CARTESIAN_POINT('',(-11.337355111457,-155.615799320651,110.46554695302));
#1187=CARTESIAN_POINT('',(-14.3434558798382,-153.641867485247,110.46554695302));
#1188=CARTESIAN_POINT('',(-17.7721228466123,-152.988389812612,110.46554695302));
#1189=CARTESIAN_POINT('',(-21.2009133743178,-153.641896590289,110.46554695302));
#1190=CARTESIAN_POINT('',(-24.206836388267,-155.615737210835,110.46554695302));
#1191=CARTESIAN_POINT('',(-26.1808535931667,-158.621820130466,110.46554695302));
#1192=CARTESIAN_POINT('',(-26.6223252678111,-160.938567749648,110.46554695302));
#1193=CARTESIAN_POINT('',(-26.622331840765,-162.050522834842,110.46554695302));
#1194=CARTESIAN_POINT('',(-26.6223318407717,-162.050524001675,110.46554695302));
#1195=CARTESIAN_POINT('',(0.,10.0031610915842));
#1196=CARTESIAN_POINT('',(9.2676983280899,10.0031610915842));
#1197=CARTESIAN_POINT('',(18.5353966561798,10.0031610915842));
#1198=CARTESIAN_POINT('',(27.8030949842697,10.0031610915842));
#1199=CARTESIAN_POINT('',(-9.92215031276841,-162.050524002711,109.46554695302));
#1200=CARTESIAN_POINT('',(-9.92179151083358,-163.03681517486,109.46554695302));
#1201=CARTESIAN_POINT('',(-10.3137357808847,-165.091848107089,109.465546953021));
#1202=CARTESIAN_POINT('',(-12.0644507503542,-167.758154686497,109.46554695302));
#1203=CARTESIAN_POINT('',(-14.7308787668359,-169.509060297798,109.46554695302));
#1204=CARTESIAN_POINT('',(-17.772126262001,-170.088670162598,109.46554695302));
#1205=CARTESIAN_POINT('',(-20.8134824132025,-169.509057788029,109.46554695302));
#1206=CARTESIAN_POINT('',(-23.4797492269716,-167.7581610916,109.46554695302));
#1207=CARTESIAN_POINT('',(-25.2307548007266,-165.091834212863,109.46554695302));
#1208=CARTESIAN_POINT('',(-25.6223173565713,-163.036830304633,109.46554695302));
#1209=CARTESIAN_POINT('',(-25.6223113291145,-162.05052089683,109.46554695302));
#1210=CARTESIAN_POINT('',(0.,7.85));
#1211=CARTESIAN_POINT('',(-0.986291172149618,7.85035880193477));
#1212=CARTESIAN_POINT('',(-1.97262332138759,7.66224150794957));
#1213=CARTESIAN_POINT('',(-2.88963276386881,7.29909344121936));
#1214=CARTESIAN_POINT('',(-3.88322169833137,6.90561886619392));
#1215=CARTESIAN_POINT('',(-4.79542619105856,6.30665921430404));
#1216=CARTESIAN_POINT('',(-5.55104087483349,5.55105636879494));
#1217=CARTESIAN_POINT('',(-6.3066555586084,4.79545352328585));
#1218=CARTESIAN_POINT('',(-6.90568043343107,3.88320748415756));
#1219=CARTESIAN_POINT('',(-7.29910377094551,2.88962009640334));
#1220=CARTESIAN_POINT('',(-7.66220454922498,1.97261208142004));
#1221=CARTESIAN_POINT('',(-7.85017535455579,0.986318066093706));
#1222=CARTESIAN_POINT('',(-7.85017494758952,6.4318793034368E-6));
#1223=CARTESIAN_POINT('',(-7.85017454062325,-0.986305202335096));
#1224=CARTESIAN_POINT('',(-7.66220292135989,-1.97263445543757));
#1225=CARTESIAN_POINT('',(-7.29910307084391,-2.88963636536026));
#1226=CARTESIAN_POINT('',(-6.90568073857051,-3.88321713822004));
#1227=CARTESIAN_POINT('',(-6.30665891372955,-4.79540802621164));
#1228=CARTESIAN_POINT('',(-5.55104228251322,-5.55103300734027));
#1229=CARTESIAN_POINT('',(-4.7954256512969,-6.30665798846889));
#1230=CARTESIAN_POINT('',(-3.88321421370522,-6.90571706273454));
#1231=CARTESIAN_POINT('',(-2.889629795308,-7.2991361247702));
#1232=CARTESIAN_POINT('',(-1.97262452082256,-7.66223295709753));
#1233=CARTESIAN_POINT('',(-0.986306301921421,-7.8501670438029));
#1234=CARTESIAN_POINT('',(3.1058813204534E-6,-7.85016101634614));
#1235=CARTESIAN_POINT('',(-25.6223113291145,-162.05052089683,109.46554695302));
#1236=CARTESIAN_POINT('',(-25.6223053016578,-161.064211489027,109.46554695302));
#1237=CARTESIAN_POINT('',(-25.2307176292799,-159.009244296822,109.46554695302));
#1238=CARTESIAN_POINT('',(-23.4797532158943,-156.342831763589,109.46554695302));
#1239=CARTESIAN_POINT('',(-20.8134825199054,-154.592023981523,109.46554695302));
#1240=CARTESIAN_POINT('',(-17.7721259501328,-154.012359777595,109.46554695302));
#1241=CARTESIAN_POINT('',(-14.7308789796043,-154.591998165186,109.46554695302));
#1242=CARTESIAN_POINT('',(-12.06445061443,-156.342886855347,109.46554695302));
#1243=CARTESIAN_POINT('',(-10.313735879704,-159.009204562531,109.46554695302));
#1244=CARTESIAN_POINT('',(-9.92179146280679,-161.064230570163,109.46554695302));
#1245=CARTESIAN_POINT('',(-9.92215031276841,-162.050524002711,109.46554695302));
#1246=CARTESIAN_POINT('',(3.1058813204534E-6,-7.85016101634614));
#1247=CARTESIAN_POINT('',(0.986312513683961,-7.85015498888938));
#1248=CARTESIAN_POINT('',(1.97261311038821,-7.66220884727053));
#1249=CARTESIAN_POINT('',(2.88962220148229,-7.29911198371766));
#1250=CARTESIAN_POINT('',(3.88321075521338,-6.90569288784877));
#1251=CARTESIAN_POINT('',(4.79545149716795,-6.30664789548732));
#1252=CARTESIAN_POINT('',(5.55106757074668,-5.55102929121268));
#1253=CARTESIAN_POINT('',(6.30668364432543,-4.79541068693803));
#1254=CARTESIAN_POINT('',(6.90567504952833,-3.88321847075018));
#1255=CARTESIAN_POINT('',(7.2990922527209,-2.88963698392214));
#1256=CARTESIAN_POINT('',(7.66218736947287,-1.9726344150593));
#1257=CARTESIAN_POINT('',(7.85017579729461,-0.986305026211838));
#1258=CARTESIAN_POINT('',(7.85017998348773,6.59080371495646E-6));
#1259=CARTESIAN_POINT('',(7.85018416968085,0.986318207819266));
#1260=CARTESIAN_POINT('',(7.66220411424534,1.97261205300291));
#1261=CARTESIAN_POINT('',(7.29910108991968,2.88962003234917));
#1262=CARTESIAN_POINT('',(6.90567531879164,3.88320738149032));
#1263=CARTESIAN_POINT('',(6.30665623307802,4.79545353991436));
#1264=CARTESIAN_POINT('',(5.55104254032444,5.55105640491573));
#1265=CARTESIAN_POINT('',(4.79542884757086,6.3066592699171));
#1266=CARTESIAN_POINT('',(3.88322054777732,6.90561884149581));
#1267=CARTESIAN_POINT('',(2.88963165878153,7.29909341768859));
#1268=CARTESIAN_POINT('',(1.97262225826273,7.6622414854962));
#1269=CARTESIAN_POINT('',(0.986293432548336,7.85035884996162));
#1270=CARTESIAN_POINT('',(0.,7.85));
#1271=CARTESIAN_POINT('',(0.,0.));
#1272=CARTESIAN_POINT('',(0.,24.6614026392996));
#1273=CARTESIAN_POINT('',(-9.92215031276842,-162.050524002711,109.46554695302));
#1274=CARTESIAN_POINT('',(-8.92215031276842,-162.050524002711,110.46554695302));
#1275=CARTESIAN_POINT('',(0.,0.));
#1276=CARTESIAN_POINT('',(1.,0.));
#1277=CARTESIAN_POINT('',(-8.92215031276842,-162.050524002711,110.46554695302));
#1278=CARTESIAN_POINT('',(-8.92174580358075,-163.162457362395,110.46554695302));
#1279=CARTESIAN_POINT('',(-9.36361928000783,-165.479277929302,110.465546953021));
#1280=CARTESIAN_POINT('',(-11.3373552646964,-168.485241397807,110.46554695302));
#1281=CARTESIAN_POINT('',(-14.3434556399655,-170.459192309911,110.46554695302));
#1282=CARTESIAN_POINT('',(-17.772123198209,-171.112637826277,110.46554695302));
#1283=CARTESIAN_POINT('',(-21.2009132540222,-170.459189480425,110.46554695302));
#1284=CARTESIAN_POINT('',(-24.2068318912014,-168.485248618847,110.46554695302));
#1285=CARTESIAN_POINT('',(-26.1808948457477,-165.479263261108,110.46554695302));
#1286=CARTESIAN_POINT('',(-26.6223381913734,-163.162476753214,110.46554695302));
#1287=CARTESIAN_POINT('',(-26.6223318407717,-162.050524001675,110.46554695302));
#1288=CARTESIAN_POINT('',(1.,0.));
#1289=CARTESIAN_POINT('',(1.,24.6614026392996));
#1290=CARTESIAN_POINT('',(-26.622331840751,-162.050520501177,110.46554695302));
#1291=CARTESIAN_POINT('',(-25.6223113291145,-162.05052089683,109.46554695302));
#1292=CARTESIAN_POINT('',(1.,24.6614026392996));
#1293=CARTESIAN_POINT('',(0.,24.6614026392996));
#1294=CARTESIAN_POINT('',(55.6061899685393,10.0031610915842));
#1295=CARTESIAN_POINT('',(46.3384916404495,10.0031610915842));
#1296=CARTESIAN_POINT('',(37.0707933123596,10.0031610915842));
#1297=CARTESIAN_POINT('',(27.8030949842697,10.0031610915842));
#1298=CARTESIAN_POINT('',(55.6061899685393,117.07222730112));
#1299=CARTESIAN_POINT('',(55.6061899685393,10.0031610915842));
#1300=CARTESIAN_POINT('',(41.704642476405,117.072227301124));
#1301=CARTESIAN_POINT('',(55.6061899685393,117.07222730112));
#1302=CARTESIAN_POINT('',(27.8030949842697,117.072227301122));
#1303=CARTESIAN_POINT('',(41.704642476405,117.072227301124));
#1304=CARTESIAN_POINT('',(27.8030949842697,10.0031610915842));
#1305=CARTESIAN_POINT('',(27.8030949842697,117.072227301122));
#1306=CARTESIAN_POINT('',(1.,24.6614026392996));
#1307=CARTESIAN_POINT('',(0.,24.6614026392996));
#1308=CARTESIAN_POINT('',(1.,49.3228052785992));
#1309=CARTESIAN_POINT('',(1.,24.6614026392996));
#1310=CARTESIAN_POINT('',(0.,49.3228052785992));
#1311=CARTESIAN_POINT('',(1.,49.3228052785992));
#1312=CARTESIAN_POINT('',(0.,24.6614026392996));
#1313=CARTESIAN_POINT('',(0.,49.3228052785992));
#1314=CARTESIAN_POINT('',(0.,0.,0.));
#1315=(
GEOMETRIC_REPRESENTATION_CONTEXT(2)
PARAMETRIC_REPRESENTATION_CONTEXT()
REPRESENTATION_CONTEXT('pspace','')
);
ENDSEC;
END-ISO-10303-21;
